v 0.797466 0.022552 -0.001074
v 0.798368 0.022552 -0.00109
v 0.797953 0.022552 -0.001107
v 0.797466 0.022552 -0.001074
v 0.798779 0.022552 -0.001041
v 0.798368 0.022552 -0.00109
v 0.796977 0.022551 -0.000977
v 0.798779 0.022552 -0.001041
v 0.797466 0.022552 -0.001074
v 0.796977 0.022551 -0.000977
v 0.799189 0.022551 -0.000958
v 0.798779 0.022552 -0.001041
v 0.796485 0.022551 -0.000811
v 0.799189 0.022551 -0.000958
v 0.796977 0.022551 -0.000977
v 0.796485 0.022551 -0.000811
v 0.799597 0.022551 -0.000843
v 0.799189 0.022551 -0.000958
v 0.796485 0.022551 -0.000811
v 0.800005 0.02255 -0.000693
v 0.799597 0.022551 -0.000843
v 0.795991 0.02255 -0.000575
v 0.800005 0.02255 -0.000693
v 0.796485 0.022551 -0.000811
v 0.795991 0.02255 -0.000575
v 0.800412 0.022549 -0.000511
v 0.800005 0.02255 -0.000693
v 0.787721 0.022437 0.020097
v 0.791842 0.02255 -0.00069
v 0.787721 0.02255 -0.00069
v 0.787721 0.022437 0.020097
v 0.791842 0.022524 0.004078
v 0.791842 0.02255 -0.00069
v 0.795495 0.022548 -0.000267
v 0.800412 0.022549 -0.000511
v 0.795991 0.02255 -0.000575
v 0.795495 0.022548 -0.000267
v 0.800821 0.022548 -0.000294
v 0.800412 0.022549 -0.000511
v 0.795495 0.022548 -0.000267
v 0.801231 0.022546 -4.4e-05
v 0.800821 0.022548 -0.000294
v 0.794996 0.022545 0.000114
v 0.801231 0.022546 -4.4e-05
v 0.795495 0.022548 -0.000267
v 0.794996 0.022545 0.000114
v 0.801644 0.022545 0.000241
v 0.801231 0.022546 -4.4e-05
v 0.794494 0.022543 0.000572
v 0.801644 0.022545 0.000241
v 0.794996 0.022545 0.000114
v 0.794494 0.022543 0.000572
v 0.80206 0.022543 0.00056
v 0.801644 0.022545 0.000241
v 0.794494 0.022543 0.000572
v 0.802481 0.022542 0.000913
v 0.80206 0.022543 0.00056
v 0.793988 0.02254 0.001109
v 0.802481 0.022542 0.000913
v 0.794494 0.022543 0.000572
v 0.793988 0.02254 0.001109
v 0.802906 0.022539 0.001301
v 0.802481 0.022542 0.000913
v 0.79348 0.022537 0.001725
v 0.802906 0.022539 0.001301
v 0.793988 0.02254 0.001109
v 0.79348 0.022537 0.001725
v 0.797723 0.02253 0.002977
v 0.802906 0.022539 0.001301
v 0.797723 0.02253 0.002977
v 0.798038 0.022529 0.003089
v 0.802906 0.022539 0.001301
v 0.798038 0.022529 0.003089
v 0.798367 0.022528 0.003229
v 0.802906 0.022539 0.001301
v 0.798367 0.022528 0.003229
v 0.798705 0.022527 0.003396
v 0.802906 0.022539 0.001301
v 0.798705 0.022527 0.003396
v 0.799049 0.022527 0.003587
v 0.802906 0.022539 0.001301
v 0.799049 0.022527 0.003587
v 0.799395 0.022526 0.003802
v 0.802906 0.022539 0.001301
v 0.799395 0.022526 0.003802
v 0.799739 0.022524 0.004039
v 0.802906 0.022539 0.001301
v 0.799739 0.022524 0.004039
v 0.800079 0.022523 0.004297
v 0.802906 0.022539 0.001301
v 0.800079 0.022523 0.004297
v 0.800411 0.022521 0.004572
v 0.802906 0.022539 0.001301
v 0.800411 0.022521 0.004572
v 0.800731 0.02252 0.004865
v 0.802906 0.022539 0.001301
v 0.792968 0.022533 0.002424
v 0.797144 0.02253 0.002846
v 0.79348 0.022537 0.001725
v 0.797144 0.02253 0.002846
v 0.797423 0.02253 0.002896
v 0.79348 0.022537 0.001725
v 0.797423 0.02253 0.002896
v 0.797723 0.02253 0.002977
v 0.79348 0.022537 0.001725
v 0.792453 0.022529 0.003208
v 0.796195 0.02253 0.002886
v 0.792968 0.022533 0.002424
v 0.796195 0.02253 0.002886
v 0.796888 0.022531 0.002828
v 0.792968 0.022533 0.002424
v 0.796888 0.022531 0.002828
v 0.797144 0.02253 0.002846
v 0.792968 0.022533 0.002424
v 0.792453 0.022529 0.003208
v 0.795534 0.022529 0.003054
v 0.796195 0.02253 0.002886
v 0.792453 0.022529 0.003208
v 0.794908 0.022528 0.003325
v 0.795534 0.022529 0.003054
v 0.791934 0.022524 0.004078
v 0.794908 0.022528 0.003325
v 0.792453 0.022529 0.003208
v 0.791934 0.022524 0.004078
v 0.794324 0.022526 0.003693
v 0.794908 0.022528 0.003325
v 0.791934 0.022524 0.004078
v 0.793788 0.022524 0.004149
v 0.794324 0.022526 0.003693
v 0.787721 0.022437 0.020097
v 0.791934 0.022524 0.004078
v 0.791842 0.022524 0.004078
v 0.787721 0.022437 0.020097
v 0.792233 0.02251 0.006715
v 0.791934 0.022524 0.004078
v 0.792233 0.02251 0.006715
v 0.792522 0.022513 0.005977
v 0.791934 0.022524 0.004078
v 0.792522 0.022513 0.005977
v 0.792882 0.022518 0.005298
v 0.791934 0.022524 0.004078
v 0.792882 0.022518 0.005298
v 0.793306 0.02252 0.004686
v 0.791934 0.022524 0.004078
v 0.793306 0.02252 0.004686
v 0.793788 0.022524 0.004149
v 0.791934 0.022524 0.004078
v 0.787721 0.022437 0.020097
v 0.792019 0.022505 0.007506
v 0.792233 0.02251 0.006715
v 0.787721 0.022437 0.020097
v 0.791887 0.022501 0.008343
v 0.792019 0.022505 0.007506
v 0.787721 0.022437 0.020097
v 0.791842 0.022496 0.009217
v 0.791887 0.022501 0.008343
v 0.787721 0.022437 0.020097
v 0.791842 0.022437 0.020097
v 0.791842 0.022496 0.009217
v 0.772574 0.022552 -0.001019
v 0.775306 0.022552 -0.001028
v 0.773971 0.022552 -0.001107
v 0.772574 0.022552 -0.001019
v 0.776553 0.022551 -0.000793
v 0.775306 0.022552 -0.001028
v 0.771258 0.022551 -0.000762
v 0.776553 0.022551 -0.000793
v 0.772574 0.022552 -0.001019
v 0.771258 0.022551 -0.000762
v 0.777706 0.022549 -0.000401
v 0.776553 0.022551 -0.000793
v 0.77003 0.022548 -0.000343
v 0.777706 0.022549 -0.000401
v 0.771258 0.022551 -0.000762
v 0.77003 0.022548 -0.000343
v 0.77876 0.022545 0.00015
v 0.777706 0.022549 -0.000401
v 0.768899 0.022545 0.000231
v 0.77876 0.022545 0.00015
v 0.77003 0.022548 -0.000343
v 0.768899 0.022545 0.000231
v 0.779711 0.022542 0.00086
v 0.77876 0.022545 0.00015
v 0.767873 0.022541 0.000951
v 0.779711 0.022542 0.00086
v 0.768899 0.022545 0.000231
v 0.767873 0.022541 0.000951
v 0.780551 0.022537 0.001729
v 0.779711 0.022542 0.00086
v 0.766958 0.022536 0.00181
v 0.780551 0.022537 0.001729
v 0.767873 0.022541 0.000951
v 0.766958 0.022536 0.00181
v 0.781277 0.022531 0.002758
v 0.780551 0.022537 0.001729
v 0.766162 0.022531 0.0028
v 0.774064 0.022533 0.002458
v 0.766958 0.022536 0.00181
v 0.774064 0.022533 0.002458
v 0.781277 0.022531 0.002758
v 0.766958 0.022536 0.00181
v 0.766162 0.022531 0.0028
v 0.773303 0.022533 0.002496
v 0.774064 0.022533 0.002458
v 0.77477 0.022533 0.002499
v 0.781277 0.022531 0.002758
v 0.774064 0.022533 0.002458
v 0.766162 0.022531 0.0028
v 0.772595 0.022532 0.00261
v 0.773303 0.022533 0.002496
v 0.775427 0.022532 0.00262
v 0.781277 0.022531 0.002758
v 0.77477 0.022533 0.002499
v 0.766162 0.022531 0.0028
v 0.771939 0.022531 0.002799
v 0.772595 0.022532 0.00261
v 0.776034 0.022531 0.002818
v 0.781277 0.022531 0.002758
v 0.775427 0.022532 0.00262
v 0.776034 0.022531 0.002818
v 0.781883 0.022525 0.003948
v 0.781277 0.022531 0.002758
v 0.766162 0.022531 0.0028
v 0.771336 0.022529 0.00306
v 0.771939 0.022531 0.002799
v 0.765494 0.022525 0.003914
v 0.771336 0.022529 0.00306
v 0.766162 0.022531 0.0028
v 0.77659 0.022529 0.003091
v 0.781883 0.022525 0.003948
v 0.776034 0.022531 0.002818
v 0.765494 0.022525 0.003914
v 0.770787 0.022528 0.003392
v 0.771336 0.022529 0.00306
v 0.777091 0.022527 0.003435
v 0.781883 0.022525 0.003948
v 0.77659 0.022529 0.003091
v 0.765494 0.022525 0.003914
v 0.770291 0.022526 0.003795
v 0.770787 0.022528 0.003392
v 0.777536 0.022525 0.003847
v 0.781883 0.022525 0.003948
v 0.777091 0.022527 0.003435
v 0.765494 0.022525 0.003914
v 0.769849 0.022523 0.004266
v 0.770291 0.022526 0.003795
v 0.777924 0.022522 0.004325
v 0.781883 0.022525 0.003948
v 0.777536 0.022525 0.003847
v 0.764961 0.022518 0.005143
v 0.769849 0.022523 0.004266
v 0.765494 0.022525 0.003914
v 0.777924 0.022522 0.004325
v 0.782363 0.022518 0.005299
v 0.781883 0.022525 0.003948
v 0.764961 0.022518 0.005143
v 0.769462 0.02252 0.004804
v 0.769849 0.022523 0.004266
v 0.778251 0.02252 0.004865
v 0.782363 0.022518 0.005299
v 0.777924 0.022522 0.004325
v 0.764961 0.022518 0.005143
v 0.769129 0.022517 0.005407
v 0.769462 0.02252 0.004804
v 0.778517 0.022517 0.005466
v 0.782363 0.022518 0.005299
v 0.778251 0.02252 0.004865
v 0.764571 0.022511 0.006481
v 0.769129 0.022517 0.005407
v 0.764961 0.022518 0.005143
v 0.778517 0.022517 0.005466
v 0.782713 0.022509 0.006813
v 0.782363 0.022518 0.005299
v 0.764571 0.022511 0.006481
v 0.768851 0.022513 0.006075
v 0.769129 0.022517 0.005407
v 0.778719 0.022513 0.006123
v 0.782713 0.022509 0.006813
v 0.778517 0.022517 0.005466
v 0.764571 0.022511 0.006481
v 0.768629 0.022509 0.006805
v 0.768851 0.022513 0.006075
v 0.778856 0.022509 0.006834
v 0.782713 0.022509 0.006813
v 0.778719 0.022513 0.006123
v 0.764331 0.022503 0.007918
v 0.768629 0.022509 0.006805
v 0.764571 0.022511 0.006481
v 0.764331 0.022503 0.007918
v 0.768462 0.022505 0.007597
v 0.768629 0.022509 0.006805
v 0.778856 0.022509 0.006834
v 0.782927 0.0225 0.008489
v 0.782713 0.022509 0.006813
v 0.778925 0.022505 0.007597
v 0.782927 0.0225 0.008489
v 0.778856 0.022509 0.006834
v 0.764331 0.022503 0.007918
v 0.778925 0.022505 0.007597
v 0.768462 0.022505 0.007597
v 0.764331 0.022503 0.007918
v 0.782927 0.0225 0.008489
v 0.778925 0.022505 0.007597
v 0.764249 0.022495 0.009449
v 0.782927 0.0225 0.008489
v 0.764331 0.022503 0.007918
v 0.764249 0.022495 0.009449
v 0.782999 0.02249 0.010328
v 0.782927 0.0225 0.008489
v 0.764324 0.022487 0.010872
v 0.76837 0.02249 0.010328
v 0.764249 0.022495 0.009449
v 0.76837 0.02249 0.010328
v 0.782999 0.02249 0.010328
v 0.764249 0.022495 0.009449
v 0.764324 0.022487 0.010872
v 0.768567 0.022484 0.011317
v 0.76837 0.02249 0.010328
v 0.764547 0.02248 0.012262
v 0.768567 0.022484 0.011317
v 0.764324 0.022487 0.010872
v 0.764547 0.02248 0.012262
v 0.768836 0.02248 0.012222
v 0.768567 0.022484 0.011317
v 0.764547 0.02248 0.012262
v 0.769175 0.022475 0.013043
v 0.768836 0.02248 0.012222
v 0.764915 0.022472 0.013599
v 0.769175 0.022475 0.013043
v 0.764547 0.02248 0.012262
v 0.764915 0.022472 0.013599
v 0.769585 0.022471 0.01378
v 0.769175 0.022475 0.013043
v 0.765426 0.022466 0.014869
v 0.769585 0.022471 0.01378
v 0.764915 0.022472 0.013599
v 0.765426 0.022466 0.014869
v 0.770065 0.022468 0.014432
v 0.769585 0.022471 0.01378
v 0.782028 0.022468 0.014458
v 0.782629 0.022448 0.01806
v 0.782629 0.02247 0.014078
v 0.765426 0.022466 0.014869
v 0.770615 0.022465 0.014998
v 0.770065 0.022468 0.014432
v 0.781428 0.022466 0.01481
v 0.782629 0.022448 0.01806
v 0.782028 0.022468 0.014458
v 0.780829 0.022464 0.015133
v 0.782629 0.022448 0.01806
v 0.781428 0.022466 0.01481
v 0.766077 0.022459 0.016052
v 0.770615 0.022465 0.014998
v 0.765426 0.022466 0.014869
v 0.766077 0.022459 0.016052
v 0.771234 0.022462 0.015479
v 0.770615 0.022465 0.014998
v 0.78023 0.022462 0.015426
v 0.782629 0.022448 0.01806
v 0.780829 0.022464 0.015133
v 0.77963 0.022461 0.015688
v 0.782629 0.022448 0.01806
v 0.78023 0.022462 0.015426
v 0.766077 0.022459 0.016052
v 0.771922 0.02246 0.015873
v 0.771234 0.022462 0.015479
v 0.779029 0.02246 0.015918
v 0.782629 0.022448 0.01806
v 0.77963 0.022461 0.015688
v 0.766077 0.022459 0.016052
v 0.772679 0.022458 0.016181
v 0.771922 0.02246 0.015873
v 0.778426 0.022459 0.016116
v 0.782629 0.022448 0.01806
v 0.779029 0.02246 0.015918
v 0.766865 0.022453 0.017134
v 0.772679 0.022458 0.016181
v 0.766077 0.022459 0.016052
v 0.777821 0.022458 0.01628
v 0.782629 0.022448 0.01806
v 0.778426 0.022459 0.016116
v 0.766865 0.022453 0.017134
v 0.773505 0.022457 0.016401
v 0.772679 0.022458 0.016181
v 0.777212 0.022457 0.016409
v 0.782629 0.022448 0.01806
v 0.777821 0.022458 0.01628
v 0.766865 0.022453 0.017134
v 0.774399 0.022456 0.016534
v 0.773505 0.022457 0.016401
v 0.7766 0.022457 0.016502
v 0.782629 0.022448 0.01806
v 0.777212 0.022457 0.016409
v 0.775982 0.022456 0.016559
v 0.782629 0.022448 0.01806
v 0.7766 0.022457 0.016502
v 0.766865 0.022453 0.017134
v 0.77536 0.022456 0.016578
v 0.774399 0.022456 0.016534
v 0.77536 0.022456 0.016578
v 0.782629 0.022448 0.01806
v 0.775982 0.022456 0.016559
v 0.766865 0.022453 0.017134
v 0.782629 0.022448 0.01806
v 0.77536 0.022456 0.016578
v 0.767788 0.022448 0.018095
v 0.782629 0.022448 0.01806
v 0.766865 0.022453 0.017134
v 0.767788 0.022448 0.018095
v 0.782008 0.022446 0.018458
v 0.782629 0.022448 0.01806
v 0.768845 0.022443 0.01892
v 0.782008 0.022446 0.018458
v 0.767788 0.022448 0.018095
v 0.768845 0.022443 0.01892
v 0.781391 0.022444 0.01882
v 0.782008 0.022446 0.018458
v 0.768845 0.022443 0.01892
v 0.780774 0.022442 0.019146
v 0.781391 0.022444 0.01882
v 0.77003 0.02244 0.019592
v 0.780774 0.022442 0.019146
v 0.768845 0.022443 0.01892
v 0.77003 0.02244 0.019592
v 0.780151 0.022441 0.019436
v 0.780774 0.022442 0.019146
v 0.77003 0.02244 0.019592
v 0.779517 0.022439 0.019691
v 0.780151 0.022441 0.019436
v 0.771344 0.022437 0.020092
v 0.779517 0.022439 0.019691
v 0.77003 0.02244 0.019592
v 0.771344 0.022437 0.020092
v 0.778867 0.022438 0.019911
v 0.779517 0.022439 0.019691
v 0.771344 0.022437 0.020092
v 0.778196 0.022437 0.020097
v 0.778867 0.022438 0.019911
v 0.772782 0.022435 0.020405
v 0.778196 0.022437 0.020097
v 0.771344 0.022437 0.020092
v 0.772782 0.022435 0.020405
v 0.777498 0.022436 0.020247
v 0.778196 0.022437 0.020097
v 0.772782 0.022435 0.020405
v 0.776769 0.022436 0.020364
v 0.777498 0.022436 0.020247
v 0.772782 0.022435 0.020405
v 0.776004 0.022435 0.020447
v 0.776769 0.022436 0.020364
v 0.774342 0.022435 0.020513
v 0.776004 0.022435 0.020447
v 0.772782 0.022435 0.020405
v 0.774342 0.022435 0.020513
v 0.775196 0.022435 0.020497
v 0.776004 0.022435 0.020447
v 0.746935 0.022533 0.002551
v 0.754666 0.02255 -0.00069
v 0.754666 0.022574 -0.004995
v 0.746935 0.022533 0.002551
v 0.76124 0.02255 -0.00069
v 0.754666 0.02255 -0.00069
v 0.746935 0.022533 0.002551
v 0.76124 0.02253 0.003014
v 0.76124 0.02255 -0.00069
v 0.746935 0.02253 0.003014
v 0.76124 0.02253 0.003014
v 0.746935 0.022533 0.002551
v 0.750546 0.02253 0.003014
v 0.76124 0.02253 0.003014
v 0.746935 0.02253 0.003014
v 0.750546 0.02247 0.013986
v 0.754666 0.02253 0.003014
v 0.750546 0.02253 0.003014
v 0.754666 0.02253 0.003014
v 0.76124 0.02253 0.003014
v 0.750546 0.02253 0.003014
v 0.750546 0.02247 0.013986
v 0.754666 0.022472 0.013662
v 0.754666 0.02253 0.003014
v 0.750546 0.02247 0.013986
v 0.754701 0.022469 0.014239
v 0.754666 0.022472 0.013662
v 0.750593 0.022465 0.014902
v 0.754701 0.022469 0.014239
v 0.750546 0.02247 0.013986
v 0.750593 0.022465 0.014902
v 0.754802 0.022466 0.014747
v 0.754701 0.022469 0.014239
v 0.750593 0.022465 0.014902
v 0.75496 0.022464 0.015189
v 0.754802 0.022466 0.014747
v 0.750735 0.022461 0.015771
v 0.75496 0.022464 0.015189
v 0.750593 0.022465 0.014902
v 0.750735 0.022461 0.015771
v 0.755167 0.022462 0.015568
v 0.75496 0.022464 0.015189
v 0.761891 0.022462 0.015526
v 0.762305 0.022442 0.019124
v 0.762305 0.022463 0.015282
v 0.761483 0.022461 0.015749
v 0.762305 0.022442 0.019124
v 0.761891 0.022462 0.015526
v 0.750735 0.022461 0.015771
v 0.755415 0.02246 0.015889
v 0.755167 0.022462 0.015568
v 0.761079 0.02246 0.01595
v 0.762305 0.022442 0.019124
v 0.761483 0.022461 0.015749
v 0.75097 0.022456 0.016588
v 0.755415 0.02246 0.015889
v 0.750735 0.022461 0.015771
v 0.75097 0.022456 0.016588
v 0.755696 0.022458 0.016156
v 0.755415 0.02246 0.015889
v 0.760681 0.022459 0.016131
v 0.762305 0.022442 0.019124
v 0.761079 0.02246 0.01595
v 0.760287 0.022458 0.01629
v 0.762305 0.022442 0.019124
v 0.760681 0.022459 0.016131
v 0.75097 0.022456 0.016588
v 0.756002 0.022457 0.016371
v 0.755696 0.022458 0.016156
v 0.759897 0.022457 0.016428
v 0.762305 0.022442 0.019124
v 0.760287 0.022458 0.01629
v 0.75097 0.022456 0.016588
v 0.756326 0.022456 0.016539
v 0.756002 0.022457 0.016371
v 0.759512 0.022456 0.016544
v 0.762305 0.022442 0.019124
v 0.759897 0.022457 0.016428
v 0.75097 0.022456 0.016588
v 0.756658 0.022456 0.016663
v 0.756326 0.022456 0.016539
v 0.759129 0.022456 0.01664
v 0.762305 0.022442 0.019124
v 0.759512 0.022456 0.016544
v 0.7513 0.022452 0.017345
v 0.756658 0.022456 0.016663
v 0.75097 0.022456 0.016588
v 0.75875 0.022455 0.016714
v 0.762305 0.022442 0.019124
v 0.759129 0.022456 0.01664
v 0.7513 0.022452 0.017345
v 0.756991 0.022455 0.016747
v 0.756658 0.022456 0.016663
v 0.758374 0.022455 0.016767
v 0.762305 0.022442 0.019124
v 0.75875 0.022455 0.016714
v 0.7513 0.022452 0.017345
v 0.757318 0.022455 0.016795
v 0.756991 0.022455 0.016747
v 0.758 0.022455 0.016799
v 0.762305 0.022442 0.019124
v 0.758374 0.022455 0.016767
v 0.7513 0.022452 0.017345
v 0.757629 0.022455 0.01681
v 0.757318 0.022455 0.016795
v 0.757629 0.022455 0.01681
v 0.762305 0.022442 0.019124
v 0.758 0.022455 0.016799
v 0.7513 0.022452 0.017345
v 0.762305 0.022442 0.019124
v 0.757629 0.022455 0.01681
v 0.751724 0.022448 0.018036
v 0.762305 0.022442 0.019124
v 0.7513 0.022452 0.017345
v 0.752241 0.022445 0.018656
v 0.762305 0.022442 0.019124
v 0.751724 0.022448 0.018036
v 0.752852 0.022442 0.019197
v 0.762305 0.022442 0.019124
v 0.752241 0.022445 0.018656
v 0.752852 0.022442 0.019197
v 0.761931 0.022441 0.019317
v 0.762305 0.022442 0.019124
v 0.753557 0.022439 0.019654
v 0.761931 0.022441 0.019317
v 0.752852 0.022442 0.019197
v 0.753557 0.022439 0.019654
v 0.761529 0.02244 0.019501
v 0.761931 0.022441 0.019317
v 0.753557 0.022439 0.019654
v 0.761107 0.022439 0.019673
v 0.761529 0.02244 0.019501
v 0.754354 0.022437 0.020021
v 0.761107 0.022439 0.019673
v 0.753557 0.022439 0.019654
v 0.754354 0.022437 0.020021
v 0.760669 0.022438 0.019834
v 0.761107 0.022439 0.019673
v 0.754354 0.022437 0.020021
v 0.760221 0.022438 0.019982
v 0.760669 0.022438 0.019834
v 0.754354 0.022437 0.020021
v 0.75977 0.022437 0.020114
v 0.760221 0.022438 0.019982
v 0.755245 0.022436 0.02029
v 0.75977 0.022437 0.020114
v 0.754354 0.022437 0.020021
v 0.755245 0.022436 0.02029
v 0.759321 0.022436 0.02023
v 0.75977 0.022437 0.020114
v 0.755245 0.022436 0.02029
v 0.758879 0.022436 0.020328
v 0.759321 0.022436 0.02023
v 0.756229 0.022435 0.020456
v 0.758879 0.022436 0.020328
v 0.755245 0.022436 0.02029
v 0.756229 0.022435 0.020456
v 0.758451 0.022435 0.020407
v 0.758879 0.022436 0.020328
v 0.756229 0.022435 0.020456
v 0.758042 0.022435 0.020465
v 0.758451 0.022435 0.020407
v 0.757305 0.022435 0.020513
v 0.758042 0.022435 0.020465
v 0.756229 0.022435 0.020456
v 0.757305 0.022435 0.020513
v 0.757658 0.022435 0.020501
v 0.758042 0.022435 0.020465
v 0.736449 0.022552 -0.001083
v 0.737993 0.022552 -0.001051
v 0.737027 0.022552 -0.001107
v 0.735873 0.022552 -0.001012
v 0.737993 0.022552 -0.001051
v 0.736449 0.022552 -0.001083
v 0.735873 0.022552 -0.001012
v 0.738918 0.022551 -0.000881
v 0.737993 0.022552 -0.001051
v 0.735303 0.022551 -0.000895
v 0.738918 0.022551 -0.000881
v 0.735873 0.022552 -0.001012
v 0.73474 0.02255 -0.000733
v 0.738918 0.022551 -0.000881
v 0.735303 0.022551 -0.000895
v 0.73474 0.02255 -0.000733
v 0.739794 0.02255 -0.000598
v 0.738918 0.022551 -0.000881
v 0.734187 0.022549 -0.000527
v 0.739794 0.02255 -0.000598
v 0.73474 0.02255 -0.000733
v 0.726611 0.022437 0.020097
v 0.730731 0.02255 -0.00069
v 0.726611 0.02255 -0.00069
v 0.726611 0.022437 0.020097
v 0.730731 0.022535 0.002041
v 0.730731 0.02255 -0.00069
v 0.734187 0.022549 -0.000527
v 0.740613 0.022548 -0.0002
v 0.739794 0.02255 -0.000598
v 0.733648 0.022548 -0.000279
v 0.740613 0.022548 -0.0002
v 0.734187 0.022549 -0.000527
v 0.733123 0.022546 1e-05
v 0.740613 0.022548 -0.0002
v 0.733648 0.022548 -0.000279
v 0.733123 0.022546 1e-05
v 0.741365 0.022544 0.000315
v 0.740613 0.022548 -0.0002
v 0.732617 0.022544 0.00034
v 0.741365 0.022544 0.000315
v 0.733123 0.022546 1e-05
v 0.732617 0.022544 0.00034
v 0.742045 0.022541 0.000948
v 0.741365 0.022544 0.000315
v 0.732131 0.022543 0.00071
v 0.742045 0.022541 0.000948
v 0.732617 0.022544 0.00034
v 0.731669 0.02254 0.001117
v 0.742045 0.022541 0.000948
v 0.732131 0.022543 0.00071
v 0.731669 0.02254 0.001117
v 0.742642 0.022537 0.001699
v 0.742045 0.022541 0.000948
v 0.731232 0.022537 0.001561
v 0.742642 0.022537 0.001699
v 0.731669 0.02254 0.001117
v 0.730823 0.022535 0.002041
v 0.742642 0.022537 0.001699
v 0.731232 0.022537 0.001561
v 0.730823 0.022535 0.002041
v 0.735916 0.022535 0.00218
v 0.742642 0.022537 0.001699
v 0.735916 0.022535 0.00218
v 0.743149 0.022532 0.00257
v 0.742642 0.022537 0.001699
v 0.726611 0.022437 0.020097
v 0.730823 0.022535 0.002041
v 0.730731 0.022535 0.002041
v 0.726611 0.022437 0.020097
v 0.730731 0.022518 0.005189
v 0.730823 0.022535 0.002041
v 0.730731 0.022518 0.005189
v 0.731207 0.02252 0.004673
v 0.730823 0.022535 0.002041
v 0.731207 0.02252 0.004673
v 0.731665 0.022524 0.004211
v 0.730823 0.022535 0.002041
v 0.731665 0.022524 0.004211
v 0.732108 0.022526 0.003801
v 0.730823 0.022535 0.002041
v 0.732108 0.022526 0.003801
v 0.732538 0.022527 0.003442
v 0.730823 0.022535 0.002041
v 0.732538 0.022527 0.003442
v 0.73296 0.022529 0.003132
v 0.730823 0.022535 0.002041
v 0.73296 0.022529 0.003132
v 0.733376 0.02253 0.002869
v 0.730823 0.022535 0.002041
v 0.733376 0.02253 0.002869
v 0.733788 0.022532 0.002651
v 0.730823 0.022535 0.002041
v 0.733788 0.022532 0.002651
v 0.734201 0.022533 0.002477
v 0.730823 0.022535 0.002041
v 0.734201 0.022533 0.002477
v 0.734618 0.022534 0.002344
v 0.730823 0.022535 0.002041
v 0.734618 0.022534 0.002344
v 0.73504 0.022534 0.002252
v 0.730823 0.022535 0.002041
v 0.73504 0.022534 0.002252
v 0.735472 0.022534 0.002198
v 0.730823 0.022535 0.002041
v 0.735472 0.022534 0.002198
v 0.735916 0.022535 0.00218
v 0.730823 0.022535 0.002041
v 0.736521 0.022534 0.002221
v 0.743149 0.022532 0.00257
v 0.735916 0.022535 0.00218
v 0.737086 0.022534 0.002342
v 0.743149 0.022532 0.00257
v 0.736521 0.022534 0.002221
v 0.737607 0.022533 0.002539
v 0.743149 0.022532 0.00257
v 0.737086 0.022534 0.002342
v 0.738083 0.022531 0.00281
v 0.743149 0.022532 0.00257
v 0.737607 0.022533 0.002539
v 0.738083 0.022531 0.00281
v 0.743557 0.022527 0.003561
v 0.743149 0.022532 0.00257
v 0.738512 0.022529 0.00315
v 0.743557 0.022527 0.003561
v 0.738083 0.022531 0.00281
v 0.738891 0.022527 0.003558
v 0.743557 0.022527 0.003561
v 0.738512 0.022529 0.00315
v 0.739217 0.022525 0.004029
v 0.743557 0.022527 0.003561
v 0.738891 0.022527 0.003558
v 0.739217 0.022525 0.004029
v 0.743859 0.02252 0.004675
v 0.743557 0.022527 0.003561
v 0.73949 0.022521 0.00456
v 0.743859 0.02252 0.004675
v 0.739217 0.022525 0.004029
v 0.739705 0.022518 0.005149
v 0.743859 0.02252 0.004675
v 0.73949 0.022521 0.00456
v 0.739705 0.022518 0.005149
v 0.744046 0.022514 0.005912
v 0.743859 0.02252 0.004675
v 0.739862 0.022514 0.005792
v 0.744046 0.022514 0.005912
v 0.739705 0.022518 0.005149
v 0.726611 0.022437 0.020097
v 0.730731 0.022437 0.020097
v 0.730731 0.022518 0.005189
v 0.739958 0.022511 0.006485
v 0.744046 0.022514 0.005912
v 0.739862 0.022514 0.005792
v 0.739958 0.022511 0.006485
v 0.744111 0.022506 0.007273
v 0.744046 0.022514 0.005912
v 0.73999 0.022507 0.007226
v 0.744111 0.022506 0.007273
v 0.739958 0.022511 0.006485
v 0.73999 0.022437 0.020097
v 0.744111 0.022506 0.007273
v 0.73999 0.022507 0.007226
v 0.73999 0.022437 0.020097
v 0.744111 0.022437 0.020097
v 0.744111 0.022506 0.007273
v 0.711834 0.022552 -0.001019
v 0.714566 0.022552 -0.001028
v 0.713231 0.022552 -0.001107
v 0.711834 0.022552 -0.001019
v 0.715813 0.022551 -0.000793
v 0.714566 0.022552 -0.001028
v 0.710518 0.022551 -0.000762
v 0.715813 0.022551 -0.000793
v 0.711834 0.022552 -0.001019
v 0.710518 0.022551 -0.000762
v 0.716966 0.022549 -0.000401
v 0.715813 0.022551 -0.000793
v 0.70929 0.022548 -0.000343
v 0.716966 0.022549 -0.000401
v 0.710518 0.022551 -0.000762
v 0.70929 0.022548 -0.000343
v 0.71802 0.022545 0.00015
v 0.716966 0.022549 -0.000401
v 0.708159 0.022545 0.000231
v 0.71802 0.022545 0.00015
v 0.70929 0.022548 -0.000343
v 0.708159 0.022545 0.000231
v 0.71897 0.022542 0.00086
v 0.71802 0.022545 0.00015
v 0.707132 0.022541 0.000951
v 0.71897 0.022542 0.00086
v 0.708159 0.022545 0.000231
v 0.707132 0.022541 0.000951
v 0.719811 0.022537 0.001729
v 0.71897 0.022542 0.00086
v 0.706217 0.022536 0.00181
v 0.719811 0.022537 0.001729
v 0.707132 0.022541 0.000951
v 0.706217 0.022536 0.00181
v 0.720537 0.022531 0.002758
v 0.719811 0.022537 0.001729
v 0.705422 0.022531 0.0028
v 0.713324 0.022533 0.002458
v 0.706217 0.022536 0.00181
v 0.713324 0.022533 0.002458
v 0.720537 0.022531 0.002758
v 0.706217 0.022536 0.00181
v 0.705422 0.022531 0.0028
v 0.712563 0.022533 0.002496
v 0.713324 0.022533 0.002458
v 0.714029 0.022533 0.002499
v 0.720537 0.022531 0.002758
v 0.713324 0.022533 0.002458
v 0.705422 0.022531 0.0028
v 0.711854 0.022532 0.00261
v 0.712563 0.022533 0.002496
v 0.714687 0.022532 0.00262
v 0.720537 0.022531 0.002758
v 0.714029 0.022533 0.002499
v 0.705422 0.022531 0.0028
v 0.711198 0.022531 0.002799
v 0.711854 0.022532 0.00261
v 0.715294 0.022531 0.002818
v 0.720537 0.022531 0.002758
v 0.714687 0.022532 0.00262
v 0.715294 0.022531 0.002818
v 0.721143 0.022525 0.003948
v 0.720537 0.022531 0.002758
v 0.705422 0.022531 0.0028
v 0.710596 0.022529 0.00306
v 0.711198 0.022531 0.002799
v 0.704754 0.022525 0.003914
v 0.710596 0.022529 0.00306
v 0.705422 0.022531 0.0028
v 0.715849 0.022529 0.003091
v 0.721143 0.022525 0.003948
v 0.715294 0.022531 0.002818
v 0.704754 0.022525 0.003914
v 0.710046 0.022528 0.003392
v 0.710596 0.022529 0.00306
v 0.716351 0.022527 0.003435
v 0.721143 0.022525 0.003948
v 0.715849 0.022529 0.003091
v 0.704754 0.022525 0.003914
v 0.709551 0.022526 0.003795
v 0.710046 0.022528 0.003392
v 0.716796 0.022525 0.003847
v 0.721143 0.022525 0.003948
v 0.716351 0.022527 0.003435
v 0.704754 0.022525 0.003914
v 0.709109 0.022523 0.004266
v 0.709551 0.022526 0.003795
v 0.717183 0.022522 0.004325
v 0.721143 0.022525 0.003948
v 0.716796 0.022525 0.003847
v 0.704221 0.022518 0.005143
v 0.709109 0.022523 0.004266
v 0.704754 0.022525 0.003914
v 0.717183 0.022522 0.004325
v 0.721623 0.022518 0.005299
v 0.721143 0.022525 0.003948
v 0.704221 0.022518 0.005143
v 0.708722 0.02252 0.004804
v 0.709109 0.022523 0.004266
v 0.717511 0.02252 0.004865
v 0.721623 0.022518 0.005299
v 0.717183 0.022522 0.004325
v 0.704221 0.022518 0.005143
v 0.708389 0.022517 0.005407
v 0.708722 0.02252 0.004804
v 0.717777 0.022517 0.005466
v 0.721623 0.022518 0.005299
v 0.717511 0.02252 0.004865
v 0.70383 0.022511 0.006481
v 0.708389 0.022517 0.005407
v 0.704221 0.022518 0.005143
v 0.717777 0.022517 0.005466
v 0.721973 0.022509 0.006813
v 0.721623 0.022518 0.005299
v 0.70383 0.022511 0.006481
v 0.708111 0.022513 0.006075
v 0.708389 0.022517 0.005407
v 0.717979 0.022513 0.006123
v 0.721973 0.022509 0.006813
v 0.717777 0.022517 0.005466
v 0.70383 0.022511 0.006481
v 0.707889 0.022509 0.006805
v 0.708111 0.022513 0.006075
v 0.718116 0.022509 0.006834
v 0.721973 0.022509 0.006813
v 0.717979 0.022513 0.006123
v 0.703591 0.022503 0.007918
v 0.707889 0.022509 0.006805
v 0.70383 0.022511 0.006481
v 0.703591 0.022503 0.007918
v 0.707722 0.022505 0.007597
v 0.707889 0.022509 0.006805
v 0.718116 0.022509 0.006834
v 0.722186 0.0225 0.008489
v 0.721973 0.022509 0.006813
v 0.718185 0.022505 0.007597
v 0.722186 0.0225 0.008489
v 0.718116 0.022509 0.006834
v 0.703591 0.022503 0.007918
v 0.718185 0.022505 0.007597
v 0.707722 0.022505 0.007597
v 0.703591 0.022503 0.007918
v 0.722186 0.0225 0.008489
v 0.718185 0.022505 0.007597
v 0.703509 0.022495 0.009449
v 0.722186 0.0225 0.008489
v 0.703591 0.022503 0.007918
v 0.703509 0.022495 0.009449
v 0.722259 0.02249 0.010328
v 0.722186 0.0225 0.008489
v 0.703584 0.022487 0.010872
v 0.707629 0.02249 0.010328
v 0.703509 0.022495 0.009449
v 0.707629 0.02249 0.010328
v 0.722259 0.02249 0.010328
v 0.703509 0.022495 0.009449
v 0.703584 0.022487 0.010872
v 0.707827 0.022484 0.011317
v 0.707629 0.02249 0.010328
v 0.703806 0.02248 0.012262
v 0.707827 0.022484 0.011317
v 0.703584 0.022487 0.010872
v 0.703806 0.02248 0.012262
v 0.708096 0.02248 0.012222
v 0.707827 0.022484 0.011317
v 0.703806 0.02248 0.012262
v 0.708435 0.022475 0.013043
v 0.708096 0.02248 0.012222
v 0.704174 0.022472 0.013599
v 0.708435 0.022475 0.013043
v 0.703806 0.02248 0.012262
v 0.704174 0.022472 0.013599
v 0.708845 0.022471 0.01378
v 0.708435 0.022475 0.013043
v 0.704685 0.022466 0.014869
v 0.708845 0.022471 0.01378
v 0.704174 0.022472 0.013599
v 0.704685 0.022466 0.014869
v 0.709325 0.022468 0.014432
v 0.708845 0.022471 0.01378
v 0.721287 0.022468 0.014458
v 0.721888 0.022448 0.01806
v 0.721888 0.02247 0.014078
v 0.704685 0.022466 0.014869
v 0.709875 0.022465 0.014998
v 0.709325 0.022468 0.014432
v 0.720688 0.022466 0.01481
v 0.721888 0.022448 0.01806
v 0.721287 0.022468 0.014458
v 0.720089 0.022464 0.015133
v 0.721888 0.022448 0.01806
v 0.720688 0.022466 0.01481
v 0.705336 0.022459 0.016052
v 0.709875 0.022465 0.014998
v 0.704685 0.022466 0.014869
v 0.705336 0.022459 0.016052
v 0.710494 0.022462 0.015479
v 0.709875 0.022465 0.014998
v 0.71949 0.022462 0.015426
v 0.721888 0.022448 0.01806
v 0.720089 0.022464 0.015133
v 0.71889 0.022461 0.015688
v 0.721888 0.022448 0.01806
v 0.71949 0.022462 0.015426
v 0.705336 0.022459 0.016052
v 0.711182 0.02246 0.015873
v 0.710494 0.022462 0.015479
v 0.718289 0.02246 0.015918
v 0.721888 0.022448 0.01806
v 0.71889 0.022461 0.015688
v 0.705336 0.022459 0.016052
v 0.711939 0.022458 0.016181
v 0.711182 0.02246 0.015873
v 0.717686 0.022459 0.016116
v 0.721888 0.022448 0.01806
v 0.718289 0.02246 0.015918
v 0.706125 0.022453 0.017134
v 0.711939 0.022458 0.016181
v 0.705336 0.022459 0.016052
v 0.717081 0.022458 0.01628
v 0.721888 0.022448 0.01806
v 0.717686 0.022459 0.016116
v 0.706125 0.022453 0.017134
v 0.712765 0.022457 0.016401
v 0.711939 0.022458 0.016181
v 0.716472 0.022457 0.016409
v 0.721888 0.022448 0.01806
v 0.717081 0.022458 0.01628
v 0.706125 0.022453 0.017134
v 0.713658 0.022456 0.016534
v 0.712765 0.022457 0.016401
v 0.715859 0.022457 0.016502
v 0.721888 0.022448 0.01806
v 0.716472 0.022457 0.016409
v 0.715242 0.022456 0.016559
v 0.721888 0.022448 0.01806
v 0.715859 0.022457 0.016502
v 0.706125 0.022453 0.017134
v 0.71462 0.022456 0.016578
v 0.713658 0.022456 0.016534
v 0.71462 0.022456 0.016578
v 0.721888 0.022448 0.01806
v 0.715242 0.022456 0.016559
v 0.706125 0.022453 0.017134
v 0.721888 0.022448 0.01806
v 0.71462 0.022456 0.016578
v 0.707048 0.022448 0.018095
v 0.721888 0.022448 0.01806
v 0.706125 0.022453 0.017134
v 0.707048 0.022448 0.018095
v 0.721267 0.022446 0.018458
v 0.721888 0.022448 0.01806
v 0.708104 0.022443 0.01892
v 0.721267 0.022446 0.018458
v 0.707048 0.022448 0.018095
v 0.708104 0.022443 0.01892
v 0.720651 0.022444 0.01882
v 0.721267 0.022446 0.018458
v 0.708104 0.022443 0.01892
v 0.720034 0.022442 0.019146
v 0.720651 0.022444 0.01882
v 0.70929 0.02244 0.019592
v 0.720034 0.022442 0.019146
v 0.708104 0.022443 0.01892
v 0.70929 0.02244 0.019592
v 0.719411 0.022441 0.019436
v 0.720034 0.022442 0.019146
v 0.70929 0.02244 0.019592
v 0.718777 0.022439 0.019691
v 0.719411 0.022441 0.019436
v 0.710603 0.022437 0.020092
v 0.718777 0.022439 0.019691
v 0.70929 0.02244 0.019592
v 0.710603 0.022437 0.020092
v 0.718127 0.022438 0.019911
v 0.718777 0.022439 0.019691
v 0.710603 0.022437 0.020092
v 0.717456 0.022437 0.020097
v 0.718127 0.022438 0.019911
v 0.712041 0.022435 0.020405
v 0.717456 0.022437 0.020097
v 0.710603 0.022437 0.020092
v 0.712041 0.022435 0.020405
v 0.716758 0.022436 0.020247
v 0.717456 0.022437 0.020097
v 0.712041 0.022435 0.020405
v 0.716029 0.022436 0.020364
v 0.716758 0.022436 0.020247
v 0.712041 0.022435 0.020405
v 0.715263 0.022435 0.020447
v 0.716029 0.022436 0.020364
v 0.713602 0.022435 0.020513
v 0.715263 0.022435 0.020447
v 0.712041 0.022435 0.020405
v 0.713602 0.022435 0.020513
v 0.714456 0.022435 0.020497
v 0.715263 0.022435 0.020447
v 0.798368 0.019775 -0.001105
v 0.797466 0.019775 -0.00109
v 0.797953 0.019775 -0.001122
v 0.798779 0.019774 -0.001056
v 0.797466 0.019775 -0.00109
v 0.798368 0.019775 -0.001105
v 0.798779 0.019774 -0.001056
v 0.796977 0.019774 -0.000992
v 0.797466 0.019775 -0.00109
v 0.799189 0.019774 -0.000974
v 0.796977 0.019774 -0.000992
v 0.798779 0.019774 -0.001056
v 0.799189 0.019774 -0.000974
v 0.796485 0.019773 -0.000826
v 0.796977 0.019774 -0.000992
v 0.799597 0.019773 -0.000858
v 0.796485 0.019773 -0.000826
v 0.799189 0.019774 -0.000974
v 0.800005 0.019772 -0.000709
v 0.796485 0.019773 -0.000826
v 0.799597 0.019773 -0.000858
v 0.800005 0.019772 -0.000709
v 0.795991 0.019771 -0.00059
v 0.796485 0.019773 -0.000826
v 0.800412 0.019771 -0.000526
v 0.795991 0.019771 -0.00059
v 0.800005 0.019772 -0.000709
v 0.791842 0.019772 -0.000705
v 0.787721 0.019659 0.020081
v 0.787721 0.019772 -0.000705
v 0.791842 0.019746 0.004063
v 0.787721 0.019659 0.020081
v 0.791842 0.019772 -0.000705
v 0.800412 0.019771 -0.000526
v 0.795495 0.01977 -0.000283
v 0.795991 0.019771 -0.00059
v 0.800821 0.01977 -0.000309
v 0.795495 0.01977 -0.000283
v 0.800412 0.019771 -0.000526
v 0.801231 0.019769 -5.9e-05
v 0.795495 0.01977 -0.000283
v 0.800821 0.01977 -0.000309
v 0.801231 0.019769 -5.9e-05
v 0.794996 0.019768 9.9e-05
v 0.795495 0.01977 -0.000283
v 0.801644 0.019767 0.000226
v 0.794996 0.019768 9.9e-05
v 0.801231 0.019769 -5.9e-05
v 0.801644 0.019767 0.000226
v 0.794494 0.019765 0.000557
v 0.794996 0.019768 9.9e-05
v 0.80206 0.019765 0.000545
v 0.794494 0.019765 0.000557
v 0.801644 0.019767 0.000226
v 0.802481 0.019763 0.000898
v 0.794494 0.019765 0.000557
v 0.80206 0.019765 0.000545
v 0.802481 0.019763 0.000898
v 0.793988 0.019762 0.001094
v 0.794494 0.019765 0.000557
v 0.802906 0.019762 0.001286
v 0.793988 0.019762 0.001094
v 0.802481 0.019763 0.000898
v 0.802906 0.019762 0.001286
v 0.79348 0.019759 0.00171
v 0.793988 0.019762 0.001094
v 0.797723 0.019753 0.002962
v 0.79348 0.019759 0.00171
v 0.802906 0.019762 0.001286
v 0.798038 0.019752 0.003074
v 0.797723 0.019753 0.002962
v 0.802906 0.019762 0.001286
v 0.798367 0.019751 0.003214
v 0.798038 0.019752 0.003074
v 0.802906 0.019762 0.001286
v 0.798705 0.01975 0.00338
v 0.798367 0.019751 0.003214
v 0.802906 0.019762 0.001286
v 0.799049 0.019749 0.003572
v 0.798705 0.01975 0.00338
v 0.802906 0.019762 0.001286
v 0.799395 0.019748 0.003787
v 0.799049 0.019749 0.003572
v 0.802906 0.019762 0.001286
v 0.799739 0.019746 0.004024
v 0.799395 0.019748 0.003787
v 0.802906 0.019762 0.001286
v 0.800079 0.019745 0.004281
v 0.799739 0.019746 0.004024
v 0.802906 0.019762 0.001286
v 0.800411 0.019744 0.004557
v 0.800079 0.019745 0.004281
v 0.802906 0.019762 0.001286
v 0.800731 0.019742 0.00485
v 0.800411 0.019744 0.004557
v 0.802906 0.019762 0.001286
v 0.797144 0.019753 0.00283
v 0.792968 0.019755 0.002409
v 0.79348 0.019759 0.00171
v 0.797423 0.019753 0.002881
v 0.797144 0.019753 0.00283
v 0.79348 0.019759 0.00171
v 0.797723 0.019753 0.002962
v 0.797423 0.019753 0.002881
v 0.79348 0.019759 0.00171
v 0.796195 0.019753 0.002871
v 0.792453 0.019751 0.003193
v 0.792968 0.019755 0.002409
v 0.796888 0.019753 0.002813
v 0.796195 0.019753 0.002871
v 0.792968 0.019755 0.002409
v 0.797144 0.019753 0.00283
v 0.796888 0.019753 0.002813
v 0.792968 0.019755 0.002409
v 0.795534 0.019752 0.003039
v 0.792453 0.019751 0.003193
v 0.796195 0.019753 0.002871
v 0.794908 0.019751 0.00331
v 0.792453 0.019751 0.003193
v 0.795534 0.019752 0.003039
v 0.794908 0.019751 0.00331
v 0.791934 0.019746 0.004063
v 0.792453 0.019751 0.003193
v 0.794324 0.019748 0.003677
v 0.791934 0.019746 0.004063
v 0.794908 0.019751 0.00331
v 0.793788 0.019746 0.004133
v 0.791934 0.019746 0.004063
v 0.794324 0.019748 0.003677
v 0.791934 0.019746 0.004063
v 0.787721 0.019659 0.020081
v 0.791842 0.019746 0.004063
v 0.792233 0.019732 0.0067
v 0.787721 0.019659 0.020081
v 0.791934 0.019746 0.004063
v 0.792522 0.019736 0.005961
v 0.792233 0.019732 0.0067
v 0.791934 0.019746 0.004063
v 0.792882 0.019739 0.005283
v 0.792522 0.019736 0.005961
v 0.791934 0.019746 0.004063
v 0.793306 0.019743 0.004671
v 0.792882 0.019739 0.005283
v 0.791934 0.019746 0.004063
v 0.793788 0.019746 0.004133
v 0.793306 0.019743 0.004671
v 0.791934 0.019746 0.004063
v 0.792019 0.019728 0.007491
v 0.787721 0.019659 0.020081
v 0.792233 0.019732 0.0067
v 0.791887 0.019723 0.008327
v 0.787721 0.019659 0.020081
v 0.792019 0.019728 0.007491
v 0.791842 0.019718 0.009202
v 0.787721 0.019659 0.020081
v 0.791887 0.019723 0.008327
v 0.791842 0.019659 0.020081
v 0.787721 0.019659 0.020081
v 0.791842 0.019718 0.009202
v 0.775306 0.019774 -0.001044
v 0.772574 0.019774 -0.001034
v 0.773971 0.019775 -0.001122
v 0.776553 0.019773 -0.000808
v 0.772574 0.019774 -0.001034
v 0.775306 0.019774 -0.001044
v 0.776553 0.019773 -0.000808
v 0.771258 0.019772 -0.000777
v 0.772574 0.019774 -0.001034
v 0.777706 0.01977 -0.000416
v 0.771258 0.019772 -0.000777
v 0.776553 0.019773 -0.000808
v 0.777706 0.01977 -0.000416
v 0.77003 0.01977 -0.000358
v 0.771258 0.019772 -0.000777
v 0.77876 0.019768 0.000135
v 0.77003 0.01977 -0.000358
v 0.777706 0.01977 -0.000416
v 0.77876 0.019768 0.000135
v 0.768899 0.019768 0.000216
v 0.77003 0.01977 -0.000358
v 0.779711 0.019764 0.000845
v 0.768899 0.019768 0.000216
v 0.77876 0.019768 0.000135
v 0.779711 0.019764 0.000845
v 0.767873 0.019763 0.000936
v 0.768899 0.019768 0.000216
v 0.780551 0.019759 0.001714
v 0.767873 0.019763 0.000936
v 0.779711 0.019764 0.000845
v 0.780551 0.019759 0.001714
v 0.766958 0.019759 0.001795
v 0.767873 0.019763 0.000936
v 0.781277 0.019754 0.002743
v 0.766958 0.019759 0.001795
v 0.780551 0.019759 0.001714
v 0.774064 0.019755 0.002443
v 0.766162 0.019754 0.002785
v 0.766958 0.019759 0.001795
v 0.781277 0.019754 0.002743
v 0.774064 0.019755 0.002443
v 0.766958 0.019759 0.001795
v 0.773303 0.019755 0.002481
v 0.766162 0.019754 0.002785
v 0.774064 0.019755 0.002443
v 0.781277 0.019754 0.002743
v 0.77477 0.019755 0.002484
v 0.774064 0.019755 0.002443
v 0.772595 0.019754 0.002595
v 0.766162 0.019754 0.002785
v 0.773303 0.019755 0.002481
v 0.781277 0.019754 0.002743
v 0.775427 0.019754 0.002605
v 0.77477 0.019755 0.002484
v 0.771939 0.019754 0.002784
v 0.766162 0.019754 0.002785
v 0.772595 0.019754 0.002595
v 0.781277 0.019754 0.002743
v 0.776034 0.019753 0.002803
v 0.775427 0.019754 0.002605
v 0.781883 0.019747 0.003933
v 0.776034 0.019753 0.002803
v 0.781277 0.019754 0.002743
v 0.771336 0.019752 0.003045
v 0.766162 0.019754 0.002785
v 0.771939 0.019754 0.002784
v 0.771336 0.019752 0.003045
v 0.765494 0.019747 0.003899
v 0.766162 0.019754 0.002785
v 0.781883 0.019747 0.003933
v 0.77659 0.019752 0.003076
v 0.776034 0.019753 0.002803
v 0.770787 0.01975 0.003377
v 0.765494 0.019747 0.003899
v 0.771336 0.019752 0.003045
v 0.781883 0.019747 0.003933
v 0.777091 0.01975 0.003419
v 0.77659 0.019752 0.003076
v 0.770291 0.019748 0.00378
v 0.765494 0.019747 0.003899
v 0.770787 0.01975 0.003377
v 0.781883 0.019747 0.003933
v 0.777536 0.019747 0.003832
v 0.777091 0.01975 0.003419
v 0.769849 0.019746 0.004251
v 0.765494 0.019747 0.003899
v 0.770291 0.019748 0.00378
v 0.781883 0.019747 0.003933
v 0.777924 0.019745 0.00431
v 0.777536 0.019747 0.003832
v 0.769849 0.019746 0.004251
v 0.764961 0.01974 0.005128
v 0.765494 0.019747 0.003899
v 0.782363 0.019739 0.005284
v 0.777924 0.019745 0.00431
v 0.781883 0.019747 0.003933
v 0.769462 0.019743 0.004789
v 0.764961 0.01974 0.005128
v 0.769849 0.019746 0.004251
v 0.782363 0.019739 0.005284
v 0.778251 0.019742 0.00485
v 0.777924 0.019745 0.00431
v 0.769129 0.019739 0.005392
v 0.764961 0.01974 0.005128
v 0.769462 0.019743 0.004789
v 0.782363 0.019739 0.005284
v 0.778517 0.019739 0.005451
v 0.778251 0.019742 0.00485
v 0.769129 0.019739 0.005392
v 0.764571 0.019733 0.006465
v 0.764961 0.01974 0.005128
v 0.782713 0.019731 0.006798
v 0.778517 0.019739 0.005451
v 0.782363 0.019739 0.005284
v 0.768851 0.019736 0.00606
v 0.764571 0.019733 0.006465
v 0.769129 0.019739 0.005392
v 0.782713 0.019731 0.006798
v 0.778719 0.019735 0.006108
v 0.778517 0.019739 0.005451
v 0.768629 0.019731 0.00679
v 0.764571 0.019733 0.006465
v 0.768851 0.019736 0.00606
v 0.782713 0.019731 0.006798
v 0.778856 0.019731 0.006819
v 0.778719 0.019735 0.006108
v 0.768629 0.019731 0.00679
v 0.764331 0.019725 0.007903
v 0.764571 0.019733 0.006465
v 0.768462 0.019727 0.007582
v 0.764331 0.019725 0.007903
v 0.768629 0.019731 0.00679
v 0.782927 0.019723 0.008474
v 0.778856 0.019731 0.006819
v 0.782713 0.019731 0.006798
v 0.782927 0.019723 0.008474
v 0.778925 0.019727 0.007582
v 0.778856 0.019731 0.006819
v 0.778925 0.019727 0.007582
v 0.764331 0.019725 0.007903
v 0.768462 0.019727 0.007582
v 0.782927 0.019723 0.008474
v 0.764331 0.019725 0.007903
v 0.778925 0.019727 0.007582
v 0.782927 0.019723 0.008474
v 0.764249 0.019717 0.009434
v 0.764331 0.019725 0.007903
v 0.782999 0.019713 0.010313
v 0.764249 0.019717 0.009434
v 0.782927 0.019723 0.008474
v 0.76837 0.019713 0.010313
v 0.764324 0.019709 0.010857
v 0.764249 0.019717 0.009434
v 0.782999 0.019713 0.010313
v 0.76837 0.019713 0.010313
v 0.764249 0.019717 0.009434
v 0.768567 0.019707 0.011302
v 0.764324 0.019709 0.010857
v 0.76837 0.019713 0.010313
v 0.768567 0.019707 0.011302
v 0.764547 0.019701 0.012246
v 0.764324 0.019709 0.010857
v 0.768836 0.019702 0.012207
v 0.764547 0.019701 0.012246
v 0.768567 0.019707 0.011302
v 0.769175 0.019698 0.013028
v 0.764547 0.019701 0.012246
v 0.768836 0.019702 0.012207
v 0.769175 0.019698 0.013028
v 0.764915 0.019695 0.013584
v 0.764547 0.019701 0.012246
v 0.769585 0.019694 0.013765
v 0.764915 0.019695 0.013584
v 0.769175 0.019698 0.013028
v 0.769585 0.019694 0.013765
v 0.765426 0.019688 0.014854
v 0.764915 0.019695 0.013584
v 0.770065 0.01969 0.014417
v 0.765426 0.019688 0.014854
v 0.769585 0.019694 0.013765
v 0.782629 0.01967 0.018044
v 0.782028 0.01969 0.014443
v 0.782629 0.019692 0.014063
v 0.770615 0.019687 0.014983
v 0.765426 0.019688 0.014854
v 0.770065 0.01969 0.014417
v 0.782629 0.01967 0.018044
v 0.781428 0.019688 0.014795
v 0.782028 0.01969 0.014443
v 0.782629 0.01967 0.018044
v 0.780829 0.019686 0.015118
v 0.781428 0.019688 0.014795
v 0.770615 0.019687 0.014983
v 0.766077 0.019681 0.016037
v 0.765426 0.019688 0.014854
v 0.771234 0.019684 0.015464
v 0.766077 0.019681 0.016037
v 0.770615 0.019687 0.014983
v 0.782629 0.01967 0.018044
v 0.78023 0.019685 0.015411
v 0.780829 0.019686 0.015118
v 0.782629 0.01967 0.018044
v 0.77963 0.019683 0.015673
v 0.78023 0.019685 0.015411
v 0.771922 0.019682 0.015858
v 0.766077 0.019681 0.016037
v 0.771234 0.019684 0.015464
v 0.782629 0.01967 0.018044
v 0.779029 0.019682 0.015903
v 0.77963 0.019683 0.015673
v 0.772679 0.019681 0.016166
v 0.766077 0.019681 0.016037
v 0.771922 0.019682 0.015858
v 0.782629 0.01967 0.018044
v 0.778426 0.019681 0.016101
v 0.779029 0.019682 0.015903
v 0.772679 0.019681 0.016166
v 0.766865 0.019675 0.017119
v 0.766077 0.019681 0.016037
v 0.782629 0.01967 0.018044
v 0.777821 0.01968 0.016265
v 0.778426 0.019681 0.016101
v 0.773505 0.019679 0.016386
v 0.766865 0.019675 0.017119
v 0.772679 0.019681 0.016166
v 0.782629 0.01967 0.018044
v 0.777212 0.019679 0.016394
v 0.777821 0.01968 0.016265
v 0.774399 0.019679 0.016519
v 0.766865 0.019675 0.017119
v 0.773505 0.019679 0.016386
v 0.782629 0.01967 0.018044
v 0.7766 0.019679 0.016487
v 0.777212 0.019679 0.016394
v 0.782629 0.01967 0.018044
v 0.775982 0.019679 0.016544
v 0.7766 0.019679 0.016487
v 0.77536 0.019678 0.016563
v 0.766865 0.019675 0.017119
v 0.774399 0.019679 0.016519
v 0.782629 0.01967 0.018044
v 0.77536 0.019678 0.016563
v 0.775982 0.019679 0.016544
v 0.782629 0.01967 0.018044
v 0.766865 0.019675 0.017119
v 0.77536 0.019678 0.016563
v 0.782629 0.01967 0.018044
v 0.767788 0.01967 0.01808
v 0.766865 0.019675 0.017119
v 0.782008 0.019668 0.018443
v 0.767788 0.01967 0.01808
v 0.782629 0.01967 0.018044
v 0.782008 0.019668 0.018443
v 0.768845 0.019666 0.018905
v 0.767788 0.01967 0.01808
v 0.781391 0.019666 0.018805
v 0.768845 0.019666 0.018905
v 0.782008 0.019668 0.018443
v 0.780774 0.019664 0.019131
v 0.768845 0.019666 0.018905
v 0.781391 0.019666 0.018805
v 0.780774 0.019664 0.019131
v 0.77003 0.019662 0.019577
v 0.768845 0.019666 0.018905
v 0.780151 0.019663 0.019421
v 0.77003 0.019662 0.019577
v 0.780774 0.019664 0.019131
v 0.779517 0.019662 0.019676
v 0.77003 0.019662 0.019577
v 0.780151 0.019663 0.019421
v 0.779517 0.019662 0.019676
v 0.771344 0.019659 0.020077
v 0.77003 0.019662 0.019577
v 0.778867 0.01966 0.019896
v 0.771344 0.019659 0.020077
v 0.779517 0.019662 0.019676
v 0.778196 0.019659 0.020081
v 0.771344 0.019659 0.020077
v 0.778867 0.01966 0.019896
v 0.778196 0.019659 0.020081
v 0.772782 0.019658 0.02039
v 0.771344 0.019659 0.020077
v 0.777498 0.019658 0.020232
v 0.772782 0.019658 0.02039
v 0.778196 0.019659 0.020081
v 0.776769 0.019658 0.020349
v 0.772782 0.019658 0.02039
v 0.777498 0.019658 0.020232
v 0.776004 0.019657 0.020432
v 0.772782 0.019658 0.02039
v 0.776769 0.019658 0.020349
v 0.776004 0.019657 0.020432
v 0.774342 0.019657 0.020498
v 0.772782 0.019658 0.02039
v 0.775196 0.019657 0.020482
v 0.774342 0.019657 0.020498
v 0.776004 0.019657 0.020432
v 0.754666 0.019772 -0.000705
v 0.746935 0.019754 0.002536
v 0.754666 0.019795 -0.005011
v 0.76124 0.019772 -0.000705
v 0.746935 0.019754 0.002536
v 0.754666 0.019772 -0.000705
v 0.76124 0.019752 0.002998
v 0.746935 0.019754 0.002536
v 0.76124 0.019772 -0.000705
v 0.76124 0.019752 0.002998
v 0.746935 0.019752 0.002998
v 0.746935 0.019754 0.002536
v 0.76124 0.019752 0.002998
v 0.750546 0.019752 0.002998
v 0.746935 0.019752 0.002998
v 0.754666 0.019752 0.002998
v 0.750546 0.019693 0.01397
v 0.750546 0.019752 0.002998
v 0.76124 0.019752 0.002998
v 0.754666 0.019752 0.002998
v 0.750546 0.019752 0.002998
v 0.754666 0.019694 0.013646
v 0.750546 0.019693 0.01397
v 0.754666 0.019752 0.002998
v 0.754701 0.019691 0.014224
v 0.750546 0.019693 0.01397
v 0.754666 0.019694 0.013646
v 0.754701 0.019691 0.014224
v 0.750593 0.019688 0.014887
v 0.750546 0.019693 0.01397
v 0.754802 0.019688 0.014732
v 0.750593 0.019688 0.014887
v 0.754701 0.019691 0.014224
v 0.75496 0.019686 0.015173
v 0.750593 0.019688 0.014887
v 0.754802 0.019688 0.014732
v 0.75496 0.019686 0.015173
v 0.750735 0.019683 0.015756
v 0.750593 0.019688 0.014887
v 0.755167 0.019684 0.015553
v 0.750735 0.019683 0.015756
v 0.75496 0.019686 0.015173
v 0.762305 0.019665 0.019109
v 0.761891 0.019684 0.015511
v 0.762305 0.019686 0.015267
v 0.762305 0.019665 0.019109
v 0.761483 0.019683 0.015734
v 0.761891 0.019684 0.015511
v 0.755415 0.019682 0.015874
v 0.750735 0.019683 0.015756
v 0.755167 0.019684 0.015553
v 0.762305 0.019665 0.019109
v 0.761079 0.019682 0.015935
v 0.761483 0.019683 0.015734
v 0.755415 0.019682 0.015874
v 0.75097 0.019678 0.016572
v 0.750735 0.019683 0.015756
v 0.755696 0.019681 0.016141
v 0.75097 0.019678 0.016572
v 0.755415 0.019682 0.015874
v 0.762305 0.019665 0.019109
v 0.760681 0.019681 0.016115
v 0.761079 0.019682 0.015935
v 0.762305 0.019665 0.019109
v 0.760287 0.01968 0.016275
v 0.760681 0.019681 0.016115
v 0.756002 0.01968 0.016356
v 0.75097 0.019678 0.016572
v 0.755696 0.019681 0.016141
v 0.762305 0.019665 0.019109
v 0.759897 0.019679 0.016413
v 0.760287 0.01968 0.016275
v 0.756326 0.019679 0.016524
v 0.75097 0.019678 0.016572
v 0.756002 0.01968 0.016356
v 0.762305 0.019665 0.019109
v 0.759512 0.019679 0.016529
v 0.759897 0.019679 0.016413
v 0.756658 0.019678 0.016648
v 0.75097 0.019678 0.016572
v 0.756326 0.019679 0.016524
v 0.762305 0.019665 0.019109
v 0.759129 0.019678 0.016625
v 0.759512 0.019679 0.016529
v 0.756658 0.019678 0.016648
v 0.7513 0.019674 0.017329
v 0.75097 0.019678 0.016572
v 0.762305 0.019665 0.019109
v 0.75875 0.019678 0.016699
v 0.759129 0.019678 0.016625
v 0.756991 0.019678 0.016732
v 0.7513 0.019674 0.017329
v 0.756658 0.019678 0.016648
v 0.762305 0.019665 0.019109
v 0.758374 0.019677 0.016752
v 0.75875 0.019678 0.016699
v 0.757318 0.019677 0.016779
v 0.7513 0.019674 0.017329
v 0.756991 0.019678 0.016732
v 0.762305 0.019665 0.019109
v 0.758 0.019677 0.016784
v 0.758374 0.019677 0.016752
v 0.757629 0.019677 0.016794
v 0.7513 0.019674 0.017329
v 0.757318 0.019677 0.016779
v 0.762305 0.019665 0.019109
v 0.757629 0.019677 0.016794
v 0.758 0.019677 0.016784
v 0.762305 0.019665 0.019109
v 0.7513 0.019674 0.017329
v 0.757629 0.019677 0.016794
v 0.762305 0.019665 0.019109
v 0.751724 0.019671 0.018021
v 0.7513 0.019674 0.017329
v 0.762305 0.019665 0.019109
v 0.752241 0.019667 0.01864
v 0.751724 0.019671 0.018021
v 0.762305 0.019665 0.019109
v 0.752852 0.019664 0.019182
v 0.752241 0.019667 0.01864
v 0.761931 0.019664 0.019302
v 0.752852 0.019664 0.019182
v 0.762305 0.019665 0.019109
v 0.761931 0.019664 0.019302
v 0.753557 0.019662 0.019639
v 0.752852 0.019664 0.019182
v 0.761529 0.019663 0.019485
v 0.753557 0.019662 0.019639
v 0.761931 0.019664 0.019302
v 0.761107 0.019662 0.019658
v 0.753557 0.019662 0.019639
v 0.761529 0.019663 0.019485
v 0.761107 0.019662 0.019658
v 0.754354 0.01966 0.020005
v 0.753557 0.019662 0.019639
v 0.760669 0.019661 0.019819
v 0.754354 0.01966 0.020005
v 0.761107 0.019662 0.019658
v 0.760221 0.01966 0.019966
v 0.754354 0.01966 0.020005
v 0.760669 0.019661 0.019819
v 0.75977 0.019659 0.020099
v 0.754354 0.01966 0.020005
v 0.760221 0.01966 0.019966
v 0.75977 0.019659 0.020099
v 0.755245 0.019658 0.020275
v 0.754354 0.01966 0.020005
v 0.759321 0.019659 0.020215
v 0.755245 0.019658 0.020275
v 0.75977 0.019659 0.020099
v 0.758879 0.019658 0.020313
v 0.755245 0.019658 0.020275
v 0.759321 0.019659 0.020215
v 0.758879 0.019658 0.020313
v 0.756229 0.019657 0.020441
v 0.755245 0.019658 0.020275
v 0.758451 0.019658 0.020392
v 0.756229 0.019657 0.020441
v 0.758879 0.019658 0.020313
v 0.758042 0.019657 0.02045
v 0.756229 0.019657 0.020441
v 0.758451 0.019658 0.020392
v 0.758042 0.019657 0.02045
v 0.757305 0.019657 0.020498
v 0.756229 0.019657 0.020441
v 0.757658 0.019657 0.020486
v 0.757305 0.019657 0.020498
v 0.758042 0.019657 0.02045
v 0.737993 0.019775 -0.001066
v 0.736449 0.019775 -0.001098
v 0.737027 0.019775 -0.001122
v 0.737993 0.019775 -0.001066
v 0.735873 0.019774 -0.001027
v 0.736449 0.019775 -0.001098
v 0.738918 0.019774 -0.000897
v 0.735873 0.019774 -0.001027
v 0.737993 0.019775 -0.001066
v 0.738918 0.019774 -0.000897
v 0.735303 0.019774 -0.00091
v 0.735873 0.019774 -0.001027
v 0.738918 0.019774 -0.000897
v 0.73474 0.019772 -0.000748
v 0.735303 0.019774 -0.00091
v 0.739794 0.019772 -0.000613
v 0.73474 0.019772 -0.000748
v 0.738918 0.019774 -0.000897
v 0.739794 0.019772 -0.000613
v 0.734187 0.019771 -0.000542
v 0.73474 0.019772 -0.000748
v 0.730731 0.019772 -0.000705
v 0.726611 0.019659 0.020081
v 0.726611 0.019772 -0.000705
v 0.730731 0.019757 0.002026
v 0.726611 0.019659 0.020081
v 0.730731 0.019772 -0.000705
v 0.740613 0.019769 -0.000215
v 0.734187 0.019771 -0.000542
v 0.739794 0.019772 -0.000613
v 0.740613 0.019769 -0.000215
v 0.733648 0.01977 -0.000294
v 0.734187 0.019771 -0.000542
v 0.740613 0.019769 -0.000215
v 0.733123 0.019769 -5e-06
v 0.733648 0.01977 -0.000294
v 0.741365 0.019767 0.0003
v 0.733123 0.019769 -5e-06
v 0.740613 0.019769 -0.000215
v 0.741365 0.019767 0.0003
v 0.732617 0.019767 0.000325
v 0.733123 0.019769 -5e-06
v 0.742045 0.019763 0.000933
v 0.732617 0.019767 0.000325
v 0.741365 0.019767 0.0003
v 0.742045 0.019763 0.000933
v 0.732131 0.019764 0.000695
v 0.732617 0.019767 0.000325
v 0.742045 0.019763 0.000933
v 0.731669 0.019762 0.001102
v 0.732131 0.019764 0.000695
v 0.742642 0.01976 0.001684
v 0.731669 0.019762 0.001102
v 0.742045 0.019763 0.000933
v 0.742642 0.01976 0.001684
v 0.731232 0.01976 0.001546
v 0.731669 0.019762 0.001102
v 0.742642 0.01976 0.001684
v 0.730823 0.019757 0.002026
v 0.731232 0.01976 0.001546
v 0.735916 0.019756 0.002165
v 0.730823 0.019757 0.002026
v 0.742642 0.01976 0.001684
v 0.743149 0.019754 0.002554
v 0.735916 0.019756 0.002165
v 0.742642 0.01976 0.001684
v 0.730823 0.019757 0.002026
v 0.726611 0.019659 0.020081
v 0.730731 0.019757 0.002026
v 0.730731 0.01974 0.005174
v 0.726611 0.019659 0.020081
v 0.730823 0.019757 0.002026
v 0.731207 0.019743 0.004658
v 0.730731 0.01974 0.005174
v 0.730823 0.019757 0.002026
v 0.731665 0.019746 0.004196
v 0.731207 0.019743 0.004658
v 0.730823 0.019757 0.002026
v 0.732108 0.019748 0.003786
v 0.731665 0.019746 0.004196
v 0.730823 0.019757 0.002026
v 0.732538 0.01975 0.003427
v 0.732108 0.019748 0.003786
v 0.730823 0.019757 0.002026
v 0.73296 0.019752 0.003117
v 0.732538 0.01975 0.003427
v 0.730823 0.019757 0.002026
v 0.733376 0.019753 0.002854
v 0.73296 0.019752 0.003117
v 0.730823 0.019757 0.002026
v 0.733788 0.019754 0.002636
v 0.733376 0.019753 0.002854
v 0.730823 0.019757 0.002026
v 0.734201 0.019755 0.002462
v 0.733788 0.019754 0.002636
v 0.730823 0.019757 0.002026
v 0.734618 0.019755 0.002329
v 0.734201 0.019755 0.002462
v 0.730823 0.019757 0.002026
v 0.73504 0.019756 0.002237
v 0.734618 0.019755 0.002329
v 0.730823 0.019757 0.002026
v 0.735472 0.019756 0.002183
v 0.73504 0.019756 0.002237
v 0.730823 0.019757 0.002026
v 0.735916 0.019756 0.002165
v 0.735472 0.019756 0.002183
v 0.730823 0.019757 0.002026
v 0.743149 0.019754 0.002554
v 0.736521 0.019756 0.002206
v 0.735916 0.019756 0.002165
v 0.743149 0.019754 0.002554
v 0.737086 0.019755 0.002327
v 0.736521 0.019756 0.002206
v 0.743149 0.019754 0.002554
v 0.737607 0.019754 0.002524
v 0.737086 0.019755 0.002327
v 0.743149 0.019754 0.002554
v 0.738083 0.019753 0.002794
v 0.737607 0.019754 0.002524
v 0.743557 0.019749 0.003546
v 0.738083 0.019753 0.002794
v 0.743149 0.019754 0.002554
v 0.743557 0.019749 0.003546
v 0.738512 0.019752 0.003135
v 0.738083 0.019753 0.002794
v 0.743557 0.019749 0.003546
v 0.738891 0.019749 0.003542
v 0.738512 0.019752 0.003135
v 0.743557 0.019749 0.003546
v 0.739217 0.019746 0.004014
v 0.738891 0.019749 0.003542
v 0.743859 0.019743 0.00466
v 0.739217 0.019746 0.004014
v 0.743557 0.019749 0.003546
v 0.743859 0.019743 0.00466
v 0.73949 0.019744 0.004545
v 0.739217 0.019746 0.004014
v 0.743859 0.019743 0.00466
v 0.739705 0.01974 0.005134
v 0.73949 0.019744 0.004545
v 0.744046 0.019737 0.005897
v 0.739705 0.01974 0.005134
v 0.743859 0.019743 0.00466
v 0.744046 0.019737 0.005897
v 0.739862 0.019737 0.005777
v 0.739705 0.01974 0.005134
v 0.730731 0.019659 0.020081
v 0.726611 0.019659 0.020081
v 0.730731 0.01974 0.005174
v 0.744046 0.019737 0.005897
v 0.739958 0.019733 0.00647
v 0.739862 0.019737 0.005777
v 0.744111 0.019729 0.007258
v 0.739958 0.019733 0.00647
v 0.744046 0.019737 0.005897
v 0.744111 0.019729 0.007258
v 0.73999 0.019729 0.007211
v 0.739958 0.019733 0.00647
v 0.744111 0.019729 0.007258
v 0.73999 0.019659 0.020081
v 0.73999 0.019729 0.007211
v 0.744111 0.019659 0.020081
v 0.73999 0.019659 0.020081
v 0.744111 0.019729 0.007258
v 0.714566 0.019774 -0.001044
v 0.711834 0.019774 -0.001034
v 0.713231 0.019775 -0.001122
v 0.715813 0.019773 -0.000808
v 0.711834 0.019774 -0.001034
v 0.714566 0.019774 -0.001044
v 0.715813 0.019773 -0.000808
v 0.710518 0.019772 -0.000777
v 0.711834 0.019774 -0.001034
v 0.716966 0.01977 -0.000416
v 0.710518 0.019772 -0.000777
v 0.715813 0.019773 -0.000808
v 0.716966 0.01977 -0.000416
v 0.70929 0.01977 -0.000358
v 0.710518 0.019772 -0.000777
v 0.71802 0.019768 0.000135
v 0.70929 0.01977 -0.000358
v 0.716966 0.01977 -0.000416
v 0.71802 0.019768 0.000135
v 0.708159 0.019768 0.000216
v 0.70929 0.01977 -0.000358
v 0.71897 0.019764 0.000845
v 0.708159 0.019768 0.000216
v 0.71802 0.019768 0.000135
v 0.71897 0.019764 0.000845
v 0.707132 0.019763 0.000936
v 0.708159 0.019768 0.000216
v 0.719811 0.019759 0.001714
v 0.707132 0.019763 0.000936
v 0.71897 0.019764 0.000845
v 0.719811 0.019759 0.001714
v 0.706217 0.019759 0.001795
v 0.707132 0.019763 0.000936
v 0.720537 0.019754 0.002743
v 0.706217 0.019759 0.001795
v 0.719811 0.019759 0.001714
v 0.713324 0.019755 0.002443
v 0.705422 0.019754 0.002785
v 0.706217 0.019759 0.001795
v 0.720537 0.019754 0.002743
v 0.713324 0.019755 0.002443
v 0.706217 0.019759 0.001795
v 0.712563 0.019755 0.002481
v 0.705422 0.019754 0.002785
v 0.713324 0.019755 0.002443
v 0.720537 0.019754 0.002743
v 0.714029 0.019755 0.002484
v 0.713324 0.019755 0.002443
v 0.711854 0.019754 0.002595
v 0.705422 0.019754 0.002785
v 0.712563 0.019755 0.002481
v 0.720537 0.019754 0.002743
v 0.714687 0.019754 0.002605
v 0.714029 0.019755 0.002484
v 0.711198 0.019754 0.002784
v 0.705422 0.019754 0.002785
v 0.711854 0.019754 0.002595
v 0.720537 0.019754 0.002743
v 0.715294 0.019753 0.002803
v 0.714687 0.019754 0.002605
v 0.721143 0.019747 0.003933
v 0.715294 0.019753 0.002803
v 0.720537 0.019754 0.002743
v 0.710596 0.019752 0.003045
v 0.705422 0.019754 0.002785
v 0.711198 0.019754 0.002784
v 0.710596 0.019752 0.003045
v 0.704754 0.019747 0.003899
v 0.705422 0.019754 0.002785
v 0.721143 0.019747 0.003933
v 0.715849 0.019752 0.003076
v 0.715294 0.019753 0.002803
v 0.710046 0.01975 0.003377
v 0.704754 0.019747 0.003899
v 0.710596 0.019752 0.003045
v 0.721143 0.019747 0.003933
v 0.716351 0.01975 0.003419
v 0.715849 0.019752 0.003076
v 0.709551 0.019748 0.00378
v 0.704754 0.019747 0.003899
v 0.710046 0.01975 0.003377
v 0.721143 0.019747 0.003933
v 0.716796 0.019747 0.003832
v 0.716351 0.01975 0.003419
v 0.709109 0.019746 0.004251
v 0.704754 0.019747 0.003899
v 0.709551 0.019748 0.00378
v 0.721143 0.019747 0.003933
v 0.717183 0.019745 0.00431
v 0.716796 0.019747 0.003832
v 0.709109 0.019746 0.004251
v 0.704221 0.01974 0.005128
v 0.704754 0.019747 0.003899
v 0.721623 0.019739 0.005284
v 0.717183 0.019745 0.00431
v 0.721143 0.019747 0.003933
v 0.708722 0.019743 0.004789
v 0.704221 0.01974 0.005128
v 0.709109 0.019746 0.004251
v 0.721623 0.019739 0.005284
v 0.717511 0.019742 0.00485
v 0.717183 0.019745 0.00431
v 0.708389 0.019739 0.005392
v 0.704221 0.01974 0.005128
v 0.708722 0.019743 0.004789
v 0.721623 0.019739 0.005284
v 0.717777 0.019739 0.005451
v 0.717511 0.019742 0.00485
v 0.708389 0.019739 0.005392
v 0.70383 0.019733 0.006465
v 0.704221 0.01974 0.005128
v 0.721973 0.019731 0.006798
v 0.717777 0.019739 0.005451
v 0.721623 0.019739 0.005284
v 0.708111 0.019736 0.00606
v 0.70383 0.019733 0.006465
v 0.708389 0.019739 0.005392
v 0.721973 0.019731 0.006798
v 0.717979 0.019735 0.006108
v 0.717777 0.019739 0.005451
v 0.707889 0.019731 0.00679
v 0.70383 0.019733 0.006465
v 0.708111 0.019736 0.00606
v 0.721973 0.019731 0.006798
v 0.718116 0.019731 0.006819
v 0.717979 0.019735 0.006108
v 0.707889 0.019731 0.00679
v 0.703591 0.019725 0.007903
v 0.70383 0.019733 0.006465
v 0.707722 0.019727 0.007582
v 0.703591 0.019725 0.007903
v 0.707889 0.019731 0.00679
v 0.722186 0.019723 0.008474
v 0.718116 0.019731 0.006819
v 0.721973 0.019731 0.006798
v 0.722186 0.019723 0.008474
v 0.718185 0.019727 0.007582
v 0.718116 0.019731 0.006819
v 0.718185 0.019727 0.007582
v 0.703591 0.019725 0.007903
v 0.707722 0.019727 0.007582
v 0.722186 0.019723 0.008474
v 0.703591 0.019725 0.007903
v 0.718185 0.019727 0.007582
v 0.722186 0.019723 0.008474
v 0.703509 0.019717 0.009434
v 0.703591 0.019725 0.007903
v 0.722259 0.019713 0.010313
v 0.703509 0.019717 0.009434
v 0.722186 0.019723 0.008474
v 0.707629 0.019713 0.010313
v 0.703584 0.019709 0.010857
v 0.703509 0.019717 0.009434
v 0.722259 0.019713 0.010313
v 0.707629 0.019713 0.010313
v 0.703509 0.019717 0.009434
v 0.707827 0.019707 0.011302
v 0.703584 0.019709 0.010857
v 0.707629 0.019713 0.010313
v 0.707827 0.019707 0.011302
v 0.703806 0.019701 0.012246
v 0.703584 0.019709 0.010857
v 0.708096 0.019702 0.012207
v 0.703806 0.019701 0.012246
v 0.707827 0.019707 0.011302
v 0.708435 0.019698 0.013028
v 0.703806 0.019701 0.012246
v 0.708096 0.019702 0.012207
v 0.708435 0.019698 0.013028
v 0.704174 0.019695 0.013584
v 0.703806 0.019701 0.012246
v 0.708845 0.019694 0.013765
v 0.704174 0.019695 0.013584
v 0.708435 0.019698 0.013028
v 0.708845 0.019694 0.013765
v 0.704685 0.019688 0.014854
v 0.704174 0.019695 0.013584
v 0.709325 0.01969 0.014417
v 0.704685 0.019688 0.014854
v 0.708845 0.019694 0.013765
v 0.721888 0.01967 0.018044
v 0.721287 0.01969 0.014443
v 0.721888 0.019692 0.014063
v 0.709875 0.019687 0.014983
v 0.704685 0.019688 0.014854
v 0.709325 0.01969 0.014417
v 0.721888 0.01967 0.018044
v 0.720688 0.019688 0.014795
v 0.721287 0.01969 0.014443
v 0.721888 0.01967 0.018044
v 0.720089 0.019686 0.015118
v 0.720688 0.019688 0.014795
v 0.709875 0.019687 0.014983
v 0.705336 0.019681 0.016037
v 0.704685 0.019688 0.014854
v 0.710494 0.019684 0.015464
v 0.705336 0.019681 0.016037
v 0.709875 0.019687 0.014983
v 0.721888 0.01967 0.018044
v 0.71949 0.019685 0.015411
v 0.720089 0.019686 0.015118
v 0.721888 0.01967 0.018044
v 0.71889 0.019683 0.015673
v 0.71949 0.019685 0.015411
v 0.711182 0.019682 0.015858
v 0.705336 0.019681 0.016037
v 0.710494 0.019684 0.015464
v 0.721888 0.01967 0.018044
v 0.718289 0.019682 0.015903
v 0.71889 0.019683 0.015673
v 0.711939 0.019681 0.016166
v 0.705336 0.019681 0.016037
v 0.711182 0.019682 0.015858
v 0.721888 0.01967 0.018044
v 0.717686 0.019681 0.016101
v 0.718289 0.019682 0.015903
v 0.711939 0.019681 0.016166
v 0.706125 0.019675 0.017119
v 0.705336 0.019681 0.016037
v 0.721888 0.01967 0.018044
v 0.717081 0.01968 0.016265
v 0.717686 0.019681 0.016101
v 0.712765 0.019679 0.016386
v 0.706125 0.019675 0.017119
v 0.711939 0.019681 0.016166
v 0.721888 0.01967 0.018044
v 0.716472 0.019679 0.016394
v 0.717081 0.01968 0.016265
v 0.713658 0.019679 0.016519
v 0.706125 0.019675 0.017119
v 0.712765 0.019679 0.016386
v 0.721888 0.01967 0.018044
v 0.715859 0.019679 0.016487
v 0.716472 0.019679 0.016394
v 0.721888 0.01967 0.018044
v 0.715242 0.019679 0.016544
v 0.715859 0.019679 0.016487
v 0.71462 0.019678 0.016563
v 0.706125 0.019675 0.017119
v 0.713658 0.019679 0.016519
v 0.721888 0.01967 0.018044
v 0.71462 0.019678 0.016563
v 0.715242 0.019679 0.016544
v 0.721888 0.01967 0.018044
v 0.706125 0.019675 0.017119
v 0.71462 0.019678 0.016563
v 0.721888 0.01967 0.018044
v 0.707048 0.01967 0.01808
v 0.706125 0.019675 0.017119
v 0.721267 0.019668 0.018443
v 0.707048 0.01967 0.01808
v 0.721888 0.01967 0.018044
v 0.721267 0.019668 0.018443
v 0.708104 0.019666 0.018905
v 0.707048 0.01967 0.01808
v 0.720651 0.019666 0.018805
v 0.708104 0.019666 0.018905
v 0.721267 0.019668 0.018443
v 0.720034 0.019664 0.019131
v 0.708104 0.019666 0.018905
v 0.720651 0.019666 0.018805
v 0.720034 0.019664 0.019131
v 0.70929 0.019662 0.019577
v 0.708104 0.019666 0.018905
v 0.719411 0.019663 0.019421
v 0.70929 0.019662 0.019577
v 0.720034 0.019664 0.019131
v 0.718777 0.019662 0.019676
v 0.70929 0.019662 0.019577
v 0.719411 0.019663 0.019421
v 0.718777 0.019662 0.019676
v 0.710603 0.019659 0.020077
v 0.70929 0.019662 0.019577
v 0.718127 0.01966 0.019896
v 0.710603 0.019659 0.020077
v 0.718777 0.019662 0.019676
v 0.717456 0.019659 0.020081
v 0.710603 0.019659 0.020077
v 0.718127 0.01966 0.019896
v 0.717456 0.019659 0.020081
v 0.712041 0.019658 0.02039
v 0.710603 0.019659 0.020077
v 0.716758 0.019658 0.020232
v 0.712041 0.019658 0.02039
v 0.717456 0.019659 0.020081
v 0.716029 0.019658 0.020349
v 0.712041 0.019658 0.02039
v 0.716758 0.019658 0.020232
v 0.715263 0.019657 0.020432
v 0.712041 0.019658 0.02039
v 0.716029 0.019658 0.020349
v 0.715263 0.019657 0.020432
v 0.713602 0.019657 0.020498
v 0.712041 0.019658 0.02039
v 0.714456 0.019657 0.020482
v 0.713602 0.019657 0.020498
v 0.715263 0.019657 0.020432
v 0.721267 0.022446 0.018458
v 0.720651 0.022444 0.01882
v 0.720651 0.019666 0.018805
v 0.721267 0.019668 0.018443
v 0.720651 0.022444 0.01882
v 0.720034 0.022442 0.019146
v 0.720034 0.019664 0.019131
v 0.720651 0.019666 0.018805
v 0.720034 0.022442 0.019146
v 0.719411 0.022441 0.019436
v 0.719411 0.019663 0.019421
v 0.720034 0.019664 0.019131
v 0.719411 0.022441 0.019436
v 0.718777 0.022439 0.019691
v 0.718777 0.019662 0.019676
v 0.719411 0.019663 0.019421
v 0.718777 0.022439 0.019691
v 0.718127 0.022438 0.019911
v 0.718127 0.01966 0.019896
v 0.718777 0.019662 0.019676
v 0.718127 0.022438 0.019911
v 0.717456 0.022437 0.020097
v 0.717456 0.019659 0.020081
v 0.718127 0.01966 0.019896
v 0.717456 0.022437 0.020097
v 0.716758 0.022436 0.020247
v 0.716758 0.019658 0.020232
v 0.717456 0.019659 0.020081
v 0.716758 0.022436 0.020247
v 0.716029 0.022436 0.020364
v 0.716029 0.019658 0.020349
v 0.716758 0.019658 0.020232
v 0.716029 0.022436 0.020364
v 0.715263 0.022435 0.020447
v 0.715263 0.019657 0.020432
v 0.716029 0.019658 0.020349
v 0.715263 0.022435 0.020447
v 0.714456 0.022435 0.020497
v 0.714456 0.019657 0.020482
v 0.715263 0.019657 0.020432
v 0.714456 0.022435 0.020497
v 0.713602 0.022435 0.020513
v 0.713602 0.019657 0.020498
v 0.714456 0.019657 0.020482
v 0.713602 0.022435 0.020513
v 0.712041 0.022435 0.020405
v 0.712041 0.019658 0.02039
v 0.713602 0.019657 0.020498
v 0.712041 0.022435 0.020405
v 0.710603 0.022437 0.020092
v 0.710603 0.019659 0.020077
v 0.712041 0.019658 0.02039
v 0.710603 0.022437 0.020092
v 0.70929 0.02244 0.019592
v 0.70929 0.019662 0.019577
v 0.710603 0.019659 0.020077
v 0.70929 0.02244 0.019592
v 0.708104 0.022443 0.01892
v 0.708104 0.019666 0.018905
v 0.70929 0.019662 0.019577
v 0.708104 0.022443 0.01892
v 0.707048 0.022448 0.018095
v 0.707048 0.01967 0.01808
v 0.708104 0.019666 0.018905
v 0.707048 0.022448 0.018095
v 0.706125 0.022453 0.017134
v 0.706125 0.019675 0.017119
v 0.707048 0.01967 0.01808
v 0.706125 0.022453 0.017134
v 0.705336 0.022459 0.016052
v 0.705336 0.019681 0.016037
v 0.706125 0.019675 0.017119
v 0.705336 0.022459 0.016052
v 0.704685 0.022466 0.014869
v 0.704685 0.019688 0.014854
v 0.705336 0.019681 0.016037
v 0.704685 0.022466 0.014869
v 0.704174 0.022472 0.013599
v 0.704174 0.019695 0.013584
v 0.704685 0.019688 0.014854
v 0.704174 0.022472 0.013599
v 0.703806 0.02248 0.012262
v 0.703806 0.019701 0.012246
v 0.704174 0.019695 0.013584
v 0.703806 0.02248 0.012262
v 0.703584 0.022487 0.010872
v 0.703584 0.019709 0.010857
v 0.703806 0.019701 0.012246
v 0.703584 0.022487 0.010872
v 0.703509 0.022495 0.009449
v 0.703509 0.019717 0.009434
v 0.703584 0.019709 0.010857
v 0.703509 0.022495 0.009449
v 0.703591 0.022503 0.007918
v 0.703591 0.019725 0.007903
v 0.703509 0.019717 0.009434
v 0.703591 0.022503 0.007918
v 0.70383 0.022511 0.006481
v 0.70383 0.019733 0.006465
v 0.703591 0.019725 0.007903
v 0.70383 0.022511 0.006481
v 0.704221 0.022518 0.005143
v 0.704221 0.01974 0.005128
v 0.70383 0.019733 0.006465
v 0.704221 0.022518 0.005143
v 0.704754 0.022525 0.003914
v 0.704754 0.019747 0.003899
v 0.704221 0.01974 0.005128
v 0.704754 0.022525 0.003914
v 0.705422 0.022531 0.0028
v 0.705422 0.019754 0.002785
v 0.704754 0.019747 0.003899
v 0.705422 0.022531 0.0028
v 0.706217 0.022536 0.00181
v 0.706217 0.019759 0.001795
v 0.705422 0.019754 0.002785
v 0.706217 0.022536 0.00181
v 0.707132 0.022541 0.000951
v 0.707132 0.019763 0.000936
v 0.706217 0.019759 0.001795
v 0.707132 0.022541 0.000951
v 0.708159 0.022545 0.000231
v 0.708159 0.019768 0.000216
v 0.707132 0.019763 0.000936
v 0.708159 0.022545 0.000231
v 0.70929 0.022548 -0.000343
v 0.70929 0.01977 -0.000358
v 0.708159 0.019768 0.000216
v 0.70929 0.022548 -0.000343
v 0.710518 0.022551 -0.000762
v 0.710518 0.019772 -0.000777
v 0.70929 0.01977 -0.000358
v 0.710518 0.022551 -0.000762
v 0.711834 0.022552 -0.001019
v 0.711834 0.019774 -0.001034
v 0.710518 0.019772 -0.000777
v 0.711834 0.022552 -0.001019
v 0.713231 0.022552 -0.001107
v 0.713231 0.019775 -0.001122
v 0.711834 0.019774 -0.001034
v 0.713231 0.022552 -0.001107
v 0.714566 0.022552 -0.001028
v 0.714566 0.019774 -0.001044
v 0.713231 0.019775 -0.001122
v 0.714566 0.022552 -0.001028
v 0.715813 0.022551 -0.000793
v 0.715813 0.019773 -0.000808
v 0.714566 0.019774 -0.001044
v 0.715813 0.022551 -0.000793
v 0.716966 0.022549 -0.000401
v 0.716966 0.01977 -0.000416
v 0.715813 0.019773 -0.000808
v 0.716966 0.022549 -0.000401
v 0.71802 0.022545 0.00015
v 0.71802 0.019768 0.000135
v 0.716966 0.01977 -0.000416
v 0.71802 0.022545 0.00015
v 0.71897 0.022542 0.00086
v 0.71897 0.019764 0.000845
v 0.71802 0.019768 0.000135
v 0.71897 0.022542 0.00086
v 0.719811 0.022537 0.001729
v 0.719811 0.019759 0.001714
v 0.71897 0.019764 0.000845
v 0.719811 0.022537 0.001729
v 0.720537 0.022531 0.002758
v 0.720537 0.019754 0.002743
v 0.719811 0.019759 0.001714
v 0.720537 0.022531 0.002758
v 0.721143 0.022525 0.003948
v 0.721143 0.019747 0.003933
v 0.720537 0.019754 0.002743
v 0.721143 0.022525 0.003948
v 0.721623 0.022518 0.005299
v 0.721623 0.019739 0.005284
v 0.721143 0.019747 0.003933
v 0.721623 0.022518 0.005299
v 0.721973 0.022509 0.006813
v 0.721973 0.019731 0.006798
v 0.721623 0.019739 0.005284
v 0.721973 0.022509 0.006813
v 0.722186 0.0225 0.008489
v 0.722186 0.019723 0.008474
v 0.721973 0.019731 0.006798
v 0.722186 0.0225 0.008489
v 0.722259 0.02249 0.010328
v 0.722259 0.019713 0.010313
v 0.722186 0.019723 0.008474
v 0.722259 0.02249 0.010328
v 0.707629 0.02249 0.010328
v 0.707629 0.019713 0.010313
v 0.722259 0.019713 0.010313
v 0.707629 0.02249 0.010328
v 0.707827 0.022484 0.011317
v 0.707827 0.019707 0.011302
v 0.707629 0.019713 0.010313
v 0.707827 0.022484 0.011317
v 0.708096 0.02248 0.012222
v 0.708096 0.019702 0.012207
v 0.707827 0.019707 0.011302
v 0.708096 0.02248 0.012222
v 0.708435 0.022475 0.013043
v 0.708435 0.019698 0.013028
v 0.708096 0.019702 0.012207
v 0.708435 0.022475 0.013043
v 0.708845 0.022471 0.01378
v 0.708845 0.019694 0.013765
v 0.708435 0.019698 0.013028
v 0.708845 0.022471 0.01378
v 0.709325 0.022468 0.014432
v 0.709325 0.01969 0.014417
v 0.708845 0.019694 0.013765
v 0.709325 0.022468 0.014432
v 0.709875 0.022465 0.014998
v 0.709875 0.019687 0.014983
v 0.709325 0.01969 0.014417
v 0.709875 0.022465 0.014998
v 0.710494 0.022462 0.015479
v 0.710494 0.019684 0.015464
v 0.709875 0.019687 0.014983
v 0.710494 0.022462 0.015479
v 0.711182 0.02246 0.015873
v 0.711182 0.019682 0.015858
v 0.710494 0.019684 0.015464
v 0.711182 0.02246 0.015873
v 0.711939 0.022458 0.016181
v 0.711939 0.019681 0.016166
v 0.711182 0.019682 0.015858
v 0.711939 0.022458 0.016181
v 0.712765 0.022457 0.016401
v 0.712765 0.019679 0.016386
v 0.711939 0.019681 0.016166
v 0.712765 0.022457 0.016401
v 0.713658 0.022456 0.016534
v 0.713658 0.019679 0.016519
v 0.712765 0.019679 0.016386
v 0.713658 0.022456 0.016534
v 0.71462 0.022456 0.016578
v 0.71462 0.019678 0.016563
v 0.713658 0.019679 0.016519
v 0.71462 0.022456 0.016578
v 0.715242 0.022456 0.016559
v 0.715242 0.019679 0.016544
v 0.71462 0.019678 0.016563
v 0.715242 0.022456 0.016559
v 0.715859 0.022457 0.016502
v 0.715859 0.019679 0.016487
v 0.715242 0.019679 0.016544
v 0.715859 0.022457 0.016502
v 0.716472 0.022457 0.016409
v 0.716472 0.019679 0.016394
v 0.715859 0.019679 0.016487
v 0.716472 0.022457 0.016409
v 0.717081 0.022458 0.01628
v 0.717081 0.01968 0.016265
v 0.716472 0.019679 0.016394
v 0.717081 0.022458 0.01628
v 0.717686 0.022459 0.016116
v 0.717686 0.019681 0.016101
v 0.717081 0.01968 0.016265
v 0.717686 0.022459 0.016116
v 0.718289 0.02246 0.015918
v 0.718289 0.019682 0.015903
v 0.717686 0.019681 0.016101
v 0.718289 0.02246 0.015918
v 0.71889 0.022461 0.015688
v 0.71889 0.019683 0.015673
v 0.718289 0.019682 0.015903
v 0.71889 0.022461 0.015688
v 0.71949 0.022462 0.015426
v 0.71949 0.019685 0.015411
v 0.71889 0.019683 0.015673
v 0.71949 0.022462 0.015426
v 0.720089 0.022464 0.015133
v 0.720089 0.019686 0.015118
v 0.71949 0.019685 0.015411
v 0.720089 0.022464 0.015133
v 0.720688 0.022466 0.01481
v 0.720688 0.019688 0.014795
v 0.720089 0.019686 0.015118
v 0.720688 0.022466 0.01481
v 0.721287 0.022468 0.014458
v 0.721287 0.01969 0.014443
v 0.720688 0.019688 0.014795
v 0.721287 0.022468 0.014458
v 0.721888 0.02247 0.014078
v 0.721888 0.019692 0.014063
v 0.721287 0.01969 0.014443
v 0.721888 0.02247 0.014078
v 0.721888 0.022448 0.01806
v 0.721888 0.01967 0.018044
v 0.721888 0.019692 0.014063
v 0.721888 0.022448 0.01806
v 0.721267 0.022446 0.018458
v 0.721267 0.019668 0.018443
v 0.721888 0.01967 0.018044
v 0.718116 0.022509 0.006834
v 0.717979 0.022513 0.006123
v 0.717979 0.019735 0.006108
v 0.718116 0.019731 0.006819
v 0.717979 0.022513 0.006123
v 0.717777 0.022517 0.005466
v 0.717777 0.019739 0.005451
v 0.717979 0.019735 0.006108
v 0.717777 0.022517 0.005466
v 0.717511 0.02252 0.004865
v 0.717511 0.019742 0.00485
v 0.717777 0.019739 0.005451
v 0.717511 0.02252 0.004865
v 0.717183 0.022522 0.004325
v 0.717183 0.019745 0.00431
v 0.717511 0.019742 0.00485
v 0.717183 0.022522 0.004325
v 0.716796 0.022525 0.003847
v 0.716796 0.019747 0.003832
v 0.717183 0.019745 0.00431
v 0.716796 0.022525 0.003847
v 0.716351 0.022527 0.003435
v 0.716351 0.01975 0.003419
v 0.716796 0.019747 0.003832
v 0.716351 0.022527 0.003435
v 0.715849 0.022529 0.003091
v 0.715849 0.019752 0.003076
v 0.716351 0.01975 0.003419
v 0.715849 0.022529 0.003091
v 0.715294 0.022531 0.002818
v 0.715294 0.019753 0.002803
v 0.715849 0.019752 0.003076
v 0.715294 0.022531 0.002818
v 0.714687 0.022532 0.00262
v 0.714687 0.019754 0.002605
v 0.715294 0.019753 0.002803
v 0.714687 0.022532 0.00262
v 0.714029 0.022533 0.002499
v 0.714029 0.019755 0.002484
v 0.714687 0.019754 0.002605
v 0.714029 0.022533 0.002499
v 0.713324 0.022533 0.002458
v 0.713324 0.019755 0.002443
v 0.714029 0.019755 0.002484
v 0.713324 0.022533 0.002458
v 0.712563 0.022533 0.002496
v 0.712563 0.019755 0.002481
v 0.713324 0.019755 0.002443
v 0.712563 0.022533 0.002496
v 0.711854 0.022532 0.00261
v 0.711854 0.019754 0.002595
v 0.712563 0.019755 0.002481
v 0.711854 0.022532 0.00261
v 0.711198 0.022531 0.002799
v 0.711198 0.019754 0.002784
v 0.711854 0.019754 0.002595
v 0.711198 0.022531 0.002799
v 0.710596 0.022529 0.00306
v 0.710596 0.019752 0.003045
v 0.711198 0.019754 0.002784
v 0.710596 0.022529 0.00306
v 0.710046 0.022528 0.003392
v 0.710046 0.01975 0.003377
v 0.710596 0.019752 0.003045
v 0.710046 0.022528 0.003392
v 0.709551 0.022526 0.003795
v 0.709551 0.019748 0.00378
v 0.710046 0.01975 0.003377
v 0.709551 0.022526 0.003795
v 0.709109 0.022523 0.004266
v 0.709109 0.019746 0.004251
v 0.709551 0.019748 0.00378
v 0.709109 0.022523 0.004266
v 0.708722 0.02252 0.004804
v 0.708722 0.019743 0.004789
v 0.709109 0.019746 0.004251
v 0.708722 0.02252 0.004804
v 0.708389 0.022517 0.005407
v 0.708389 0.019739 0.005392
v 0.708722 0.019743 0.004789
v 0.708389 0.022517 0.005407
v 0.708111 0.022513 0.006075
v 0.708111 0.019736 0.00606
v 0.708389 0.019739 0.005392
v 0.708111 0.022513 0.006075
v 0.707889 0.022509 0.006805
v 0.707889 0.019731 0.00679
v 0.708111 0.019736 0.00606
v 0.707889 0.022509 0.006805
v 0.707722 0.022505 0.007597
v 0.707722 0.019727 0.007582
v 0.707889 0.019731 0.00679
v 0.707722 0.022505 0.007597
v 0.718185 0.022505 0.007597
v 0.718185 0.019727 0.007582
v 0.707722 0.019727 0.007582
v 0.718185 0.022505 0.007597
v 0.718116 0.022509 0.006834
v 0.718116 0.019731 0.006819
v 0.718185 0.019727 0.007582
v 0.730823 0.022535 0.002041
v 0.731232 0.022537 0.001561
v 0.731232 0.01976 0.001546
v 0.730823 0.019757 0.002026
v 0.731232 0.022537 0.001561
v 0.731669 0.02254 0.001117
v 0.731669 0.019762 0.001102
v 0.731232 0.01976 0.001546
v 0.731669 0.02254 0.001117
v 0.732131 0.022543 0.00071
v 0.732131 0.019764 0.000695
v 0.731669 0.019762 0.001102
v 0.732131 0.022543 0.00071
v 0.732617 0.022544 0.00034
v 0.732617 0.019767 0.000325
v 0.732131 0.019764 0.000695
v 0.732617 0.022544 0.00034
v 0.733123 0.022546 1e-05
v 0.733123 0.019769 -5e-06
v 0.732617 0.019767 0.000325
v 0.733123 0.022546 1e-05
v 0.733648 0.022548 -0.000279
v 0.733648 0.01977 -0.000294
v 0.733123 0.019769 -5e-06
v 0.733648 0.022548 -0.000279
v 0.734187 0.022549 -0.000527
v 0.734187 0.019771 -0.000542
v 0.733648 0.01977 -0.000294
v 0.734187 0.022549 -0.000527
v 0.73474 0.02255 -0.000733
v 0.73474 0.019772 -0.000748
v 0.734187 0.019771 -0.000542
v 0.73474 0.02255 -0.000733
v 0.735303 0.022551 -0.000895
v 0.735303 0.019774 -0.00091
v 0.73474 0.019772 -0.000748
v 0.735303 0.022551 -0.000895
v 0.735873 0.022552 -0.001012
v 0.735873 0.019774 -0.001027
v 0.735303 0.019774 -0.00091
v 0.735873 0.022552 -0.001012
v 0.736449 0.022552 -0.001083
v 0.736449 0.019775 -0.001098
v 0.735873 0.019774 -0.001027
v 0.736449 0.022552 -0.001083
v 0.737027 0.022552 -0.001107
v 0.737027 0.019775 -0.001122
v 0.736449 0.019775 -0.001098
v 0.737027 0.022552 -0.001107
v 0.737993 0.022552 -0.001051
v 0.737993 0.019775 -0.001066
v 0.737027 0.019775 -0.001122
v 0.737993 0.022552 -0.001051
v 0.738918 0.022551 -0.000881
v 0.738918 0.019774 -0.000897
v 0.737993 0.019775 -0.001066
v 0.738918 0.022551 -0.000881
v 0.739794 0.02255 -0.000598
v 0.739794 0.019772 -0.000613
v 0.738918 0.019774 -0.000897
v 0.739794 0.02255 -0.000598
v 0.740613 0.022548 -0.0002
v 0.740613 0.019769 -0.000215
v 0.739794 0.019772 -0.000613
v 0.740613 0.022548 -0.0002
v 0.741365 0.022544 0.000315
v 0.741365 0.019767 0.0003
v 0.740613 0.019769 -0.000215
v 0.741365 0.022544 0.000315
v 0.742045 0.022541 0.000948
v 0.742045 0.019763 0.000933
v 0.741365 0.019767 0.0003
v 0.742045 0.022541 0.000948
v 0.742642 0.022537 0.001699
v 0.742642 0.01976 0.001684
v 0.742045 0.019763 0.000933
v 0.742642 0.022537 0.001699
v 0.743149 0.022532 0.00257
v 0.743149 0.019754 0.002554
v 0.742642 0.01976 0.001684
v 0.743149 0.022532 0.00257
v 0.743557 0.022527 0.003561
v 0.743557 0.019749 0.003546
v 0.743149 0.019754 0.002554
v 0.743557 0.022527 0.003561
v 0.743859 0.02252 0.004675
v 0.743859 0.019743 0.00466
v 0.743557 0.019749 0.003546
v 0.743859 0.02252 0.004675
v 0.744046 0.022514 0.005912
v 0.744046 0.019737 0.005897
v 0.743859 0.019743 0.00466
v 0.744046 0.022514 0.005912
v 0.744111 0.022506 0.007273
v 0.744111 0.019729 0.007258
v 0.744046 0.019737 0.005897
v 0.744111 0.022506 0.007273
v 0.744111 0.022437 0.020097
v 0.744111 0.019659 0.020081
v 0.744111 0.019729 0.007258
v 0.744111 0.022437 0.020097
v 0.73999 0.022437 0.020097
v 0.73999 0.019659 0.020081
v 0.744111 0.019659 0.020081
v 0.73999 0.022437 0.020097
v 0.73999 0.022507 0.007226
v 0.73999 0.019729 0.007211
v 0.73999 0.019659 0.020081
v 0.73999 0.022507 0.007226
v 0.739958 0.022511 0.006485
v 0.739958 0.019733 0.00647
v 0.73999 0.019729 0.007211
v 0.739958 0.022511 0.006485
v 0.739862 0.022514 0.005792
v 0.739862 0.019737 0.005777
v 0.739958 0.019733 0.00647
v 0.739862 0.022514 0.005792
v 0.739705 0.022518 0.005149
v 0.739705 0.01974 0.005134
v 0.739862 0.019737 0.005777
v 0.739705 0.022518 0.005149
v 0.73949 0.022521 0.00456
v 0.73949 0.019744 0.004545
v 0.739705 0.01974 0.005134
v 0.73949 0.022521 0.00456
v 0.739217 0.022525 0.004029
v 0.739217 0.019746 0.004014
v 0.73949 0.019744 0.004545
v 0.739217 0.022525 0.004029
v 0.738891 0.022527 0.003558
v 0.738891 0.019749 0.003542
v 0.739217 0.019746 0.004014
v 0.738891 0.022527 0.003558
v 0.738512 0.022529 0.00315
v 0.738512 0.019752 0.003135
v 0.738891 0.019749 0.003542
v 0.738512 0.022529 0.00315
v 0.738083 0.022531 0.00281
v 0.738083 0.019753 0.002794
v 0.738512 0.019752 0.003135
v 0.738083 0.022531 0.00281
v 0.737607 0.022533 0.002539
v 0.737607 0.019754 0.002524
v 0.738083 0.019753 0.002794
v 0.737607 0.022533 0.002539
v 0.737086 0.022534 0.002342
v 0.737086 0.019755 0.002327
v 0.737607 0.019754 0.002524
v 0.737086 0.022534 0.002342
v 0.736521 0.022534 0.002221
v 0.736521 0.019756 0.002206
v 0.737086 0.019755 0.002327
v 0.736521 0.022534 0.002221
v 0.735916 0.022535 0.00218
v 0.735916 0.019756 0.002165
v 0.736521 0.019756 0.002206
v 0.735916 0.022535 0.00218
v 0.735472 0.022534 0.002198
v 0.735472 0.019756 0.002183
v 0.735916 0.019756 0.002165
v 0.735472 0.022534 0.002198
v 0.73504 0.022534 0.002252
v 0.73504 0.019756 0.002237
v 0.735472 0.019756 0.002183
v 0.73504 0.022534 0.002252
v 0.734618 0.022534 0.002344
v 0.734618 0.019755 0.002329
v 0.73504 0.019756 0.002237
v 0.734618 0.022534 0.002344
v 0.734201 0.022533 0.002477
v 0.734201 0.019755 0.002462
v 0.734618 0.019755 0.002329
v 0.734201 0.022533 0.002477
v 0.733788 0.022532 0.002651
v 0.733788 0.019754 0.002636
v 0.734201 0.019755 0.002462
v 0.733788 0.022532 0.002651
v 0.733376 0.02253 0.002869
v 0.733376 0.019753 0.002854
v 0.733788 0.019754 0.002636
v 0.733376 0.02253 0.002869
v 0.73296 0.022529 0.003132
v 0.73296 0.019752 0.003117
v 0.733376 0.019753 0.002854
v 0.73296 0.022529 0.003132
v 0.732538 0.022527 0.003442
v 0.732538 0.01975 0.003427
v 0.73296 0.019752 0.003117
v 0.732538 0.022527 0.003442
v 0.732108 0.022526 0.003801
v 0.732108 0.019748 0.003786
v 0.732538 0.01975 0.003427
v 0.732108 0.022526 0.003801
v 0.731665 0.022524 0.004211
v 0.731665 0.019746 0.004196
v 0.732108 0.019748 0.003786
v 0.731665 0.022524 0.004211
v 0.731207 0.02252 0.004673
v 0.731207 0.019743 0.004658
v 0.731665 0.019746 0.004196
v 0.731207 0.02252 0.004673
v 0.730731 0.022518 0.005189
v 0.730731 0.01974 0.005174
v 0.731207 0.019743 0.004658
v 0.730731 0.022518 0.005189
v 0.730731 0.022437 0.020097
v 0.730731 0.019659 0.020081
v 0.730731 0.01974 0.005174
v 0.730731 0.022437 0.020097
v 0.726611 0.022437 0.020097
v 0.726611 0.019659 0.020081
v 0.730731 0.019659 0.020081
v 0.726611 0.022437 0.020097
v 0.726611 0.02255 -0.00069
v 0.726611 0.019772 -0.000705
v 0.726611 0.019659 0.020081
v 0.726611 0.02255 -0.00069
v 0.730731 0.02255 -0.00069
v 0.730731 0.019772 -0.000705
v 0.726611 0.019772 -0.000705
v 0.730731 0.02255 -0.00069
v 0.730731 0.022535 0.002041
v 0.730731 0.019757 0.002026
v 0.730731 0.019772 -0.000705
v 0.730731 0.022535 0.002041
v 0.730823 0.022535 0.002041
v 0.730823 0.019757 0.002026
v 0.730731 0.019757 0.002026
v 0.76124 0.02255 -0.00069
v 0.76124 0.02253 0.003014
v 0.76124 0.019752 0.002998
v 0.76124 0.019772 -0.000705
v 0.76124 0.02253 0.003014
v 0.754666 0.02253 0.003014
v 0.754666 0.019752 0.002998
v 0.76124 0.019752 0.002998
v 0.754666 0.02253 0.003014
v 0.754666 0.022472 0.013662
v 0.754666 0.019694 0.013646
v 0.754666 0.019752 0.002998
v 0.754666 0.022472 0.013662
v 0.754701 0.022469 0.014239
v 0.754701 0.019691 0.014224
v 0.754666 0.019694 0.013646
v 0.754701 0.022469 0.014239
v 0.754802 0.022466 0.014747
v 0.754802 0.019688 0.014732
v 0.754701 0.019691 0.014224
v 0.754802 0.022466 0.014747
v 0.75496 0.022464 0.015189
v 0.75496 0.019686 0.015173
v 0.754802 0.019688 0.014732
v 0.75496 0.022464 0.015189
v 0.755167 0.022462 0.015568
v 0.755167 0.019684 0.015553
v 0.75496 0.019686 0.015173
v 0.755167 0.022462 0.015568
v 0.755415 0.02246 0.015889
v 0.755415 0.019682 0.015874
v 0.755167 0.019684 0.015553
v 0.755415 0.02246 0.015889
v 0.755696 0.022458 0.016156
v 0.755696 0.019681 0.016141
v 0.755415 0.019682 0.015874
v 0.755696 0.022458 0.016156
v 0.756002 0.022457 0.016371
v 0.756002 0.01968 0.016356
v 0.755696 0.019681 0.016141
v 0.756002 0.022457 0.016371
v 0.756326 0.022456 0.016539
v 0.756326 0.019679 0.016524
v 0.756002 0.01968 0.016356
v 0.756326 0.022456 0.016539
v 0.756658 0.022456 0.016663
v 0.756658 0.019678 0.016648
v 0.756326 0.019679 0.016524
v 0.756658 0.022456 0.016663
v 0.756991 0.022455 0.016747
v 0.756991 0.019678 0.016732
v 0.756658 0.019678 0.016648
v 0.756991 0.022455 0.016747
v 0.757318 0.022455 0.016795
v 0.757318 0.019677 0.016779
v 0.756991 0.019678 0.016732
v 0.757318 0.022455 0.016795
v 0.757629 0.022455 0.01681
v 0.757629 0.019677 0.016794
v 0.757318 0.019677 0.016779
v 0.757629 0.022455 0.01681
v 0.758 0.022455 0.016799
v 0.758 0.019677 0.016784
v 0.757629 0.019677 0.016794
v 0.758 0.022455 0.016799
v 0.758374 0.022455 0.016767
v 0.758374 0.019677 0.016752
v 0.758 0.019677 0.016784
v 0.758374 0.022455 0.016767
v 0.75875 0.022455 0.016714
v 0.75875 0.019678 0.016699
v 0.758374 0.019677 0.016752
v 0.75875 0.022455 0.016714
v 0.759129 0.022456 0.01664
v 0.759129 0.019678 0.016625
v 0.75875 0.019678 0.016699
v 0.759129 0.022456 0.01664
v 0.759512 0.022456 0.016544
v 0.759512 0.019679 0.016529
v 0.759129 0.019678 0.016625
v 0.759512 0.022456 0.016544
v 0.759897 0.022457 0.016428
v 0.759897 0.019679 0.016413
v 0.759512 0.019679 0.016529
v 0.759897 0.022457 0.016428
v 0.760287 0.022458 0.01629
v 0.760287 0.01968 0.016275
v 0.759897 0.019679 0.016413
v 0.760287 0.022458 0.01629
v 0.760681 0.022459 0.016131
v 0.760681 0.019681 0.016115
v 0.760287 0.01968 0.016275
v 0.760681 0.022459 0.016131
v 0.761079 0.02246 0.01595
v 0.761079 0.019682 0.015935
v 0.760681 0.019681 0.016115
v 0.761079 0.02246 0.01595
v 0.761483 0.022461 0.015749
v 0.761483 0.019683 0.015734
v 0.761079 0.019682 0.015935
v 0.761483 0.022461 0.015749
v 0.761891 0.022462 0.015526
v 0.761891 0.019684 0.015511
v 0.761483 0.019683 0.015734
v 0.761891 0.022462 0.015526
v 0.762305 0.022463 0.015282
v 0.762305 0.019686 0.015267
v 0.761891 0.019684 0.015511
v 0.762305 0.022463 0.015282
v 0.762305 0.022442 0.019124
v 0.762305 0.019665 0.019109
v 0.762305 0.019686 0.015267
v 0.762305 0.022442 0.019124
v 0.761931 0.022441 0.019317
v 0.761931 0.019664 0.019302
v 0.762305 0.019665 0.019109
v 0.761931 0.022441 0.019317
v 0.761529 0.02244 0.019501
v 0.761529 0.019663 0.019485
v 0.761931 0.019664 0.019302
v 0.761529 0.02244 0.019501
v 0.761107 0.022439 0.019673
v 0.761107 0.019662 0.019658
v 0.761529 0.019663 0.019485
v 0.761107 0.022439 0.019673
v 0.760669 0.022438 0.019834
v 0.760669 0.019661 0.019819
v 0.761107 0.019662 0.019658
v 0.760669 0.022438 0.019834
v 0.760221 0.022438 0.019982
v 0.760221 0.01966 0.019966
v 0.760669 0.019661 0.019819
v 0.760221 0.022438 0.019982
v 0.75977 0.022437 0.020114
v 0.75977 0.019659 0.020099
v 0.760221 0.01966 0.019966
v 0.75977 0.022437 0.020114
v 0.759321 0.022436 0.02023
v 0.759321 0.019659 0.020215
v 0.75977 0.019659 0.020099
v 0.759321 0.022436 0.02023
v 0.758879 0.022436 0.020328
v 0.758879 0.019658 0.020313
v 0.759321 0.019659 0.020215
v 0.758879 0.022436 0.020328
v 0.758451 0.022435 0.020407
v 0.758451 0.019658 0.020392
v 0.758879 0.019658 0.020313
v 0.758451 0.022435 0.020407
v 0.758042 0.022435 0.020465
v 0.758042 0.019657 0.02045
v 0.758451 0.019658 0.020392
v 0.758042 0.022435 0.020465
v 0.757658 0.022435 0.020501
v 0.757658 0.019657 0.020486
v 0.758042 0.019657 0.02045
v 0.757658 0.022435 0.020501
v 0.757305 0.022435 0.020513
v 0.757305 0.019657 0.020498
v 0.757658 0.019657 0.020486
v 0.757305 0.022435 0.020513
v 0.756229 0.022435 0.020456
v 0.756229 0.019657 0.020441
v 0.757305 0.019657 0.020498
v 0.756229 0.022435 0.020456
v 0.755245 0.022436 0.02029
v 0.755245 0.019658 0.020275
v 0.756229 0.019657 0.020441
v 0.755245 0.022436 0.02029
v 0.754354 0.022437 0.020021
v 0.754354 0.01966 0.020005
v 0.755245 0.019658 0.020275
v 0.754354 0.022437 0.020021
v 0.753557 0.022439 0.019654
v 0.753557 0.019662 0.019639
v 0.754354 0.01966 0.020005
v 0.753557 0.022439 0.019654
v 0.752852 0.022442 0.019197
v 0.752852 0.019664 0.019182
v 0.753557 0.019662 0.019639
v 0.752852 0.022442 0.019197
v 0.752241 0.022445 0.018656
v 0.752241 0.019667 0.01864
v 0.752852 0.019664 0.019182
v 0.752241 0.022445 0.018656
v 0.751724 0.022448 0.018036
v 0.751724 0.019671 0.018021
v 0.752241 0.019667 0.01864
v 0.751724 0.022448 0.018036
v 0.7513 0.022452 0.017345
v 0.7513 0.019674 0.017329
v 0.751724 0.019671 0.018021
v 0.7513 0.022452 0.017345
v 0.75097 0.022456 0.016588
v 0.75097 0.019678 0.016572
v 0.7513 0.019674 0.017329
v 0.75097 0.022456 0.016588
v 0.750735 0.022461 0.015771
v 0.750735 0.019683 0.015756
v 0.75097 0.019678 0.016572
v 0.750735 0.022461 0.015771
v 0.750593 0.022465 0.014902
v 0.750593 0.019688 0.014887
v 0.750735 0.019683 0.015756
v 0.750593 0.022465 0.014902
v 0.750546 0.02247 0.013986
v 0.750546 0.019693 0.01397
v 0.750593 0.019688 0.014887
v 0.750546 0.02247 0.013986
v 0.750546 0.02253 0.003014
v 0.750546 0.019752 0.002998
v 0.750546 0.019693 0.01397
v 0.750546 0.02253 0.003014
v 0.746935 0.02253 0.003014
v 0.746935 0.019752 0.002998
v 0.750546 0.019752 0.002998
v 0.746935 0.02253 0.003014
v 0.746935 0.022533 0.002551
v 0.746935 0.019754 0.002536
v 0.746935 0.019752 0.002998
v 0.746935 0.022533 0.002551
v 0.754666 0.022574 -0.004995
v 0.754666 0.019795 -0.005011
v 0.746935 0.019754 0.002536
v 0.754666 0.022574 -0.004995
v 0.754666 0.02255 -0.00069
v 0.754666 0.019772 -0.000705
v 0.754666 0.019795 -0.005011
v 0.754666 0.02255 -0.00069
v 0.76124 0.02255 -0.00069
v 0.76124 0.019772 -0.000705
v 0.754666 0.019772 -0.000705
v 0.782008 0.022446 0.018458
v 0.781391 0.022444 0.01882
v 0.781391 0.019666 0.018805
v 0.782008 0.019668 0.018443
v 0.781391 0.022444 0.01882
v 0.780774 0.022442 0.019146
v 0.780774 0.019664 0.019131
v 0.781391 0.019666 0.018805
v 0.780774 0.022442 0.019146
v 0.780151 0.022441 0.019436
v 0.780151 0.019663 0.019421
v 0.780774 0.019664 0.019131
v 0.780151 0.022441 0.019436
v 0.779517 0.022439 0.019691
v 0.779517 0.019662 0.019676
v 0.780151 0.019663 0.019421
v 0.779517 0.022439 0.019691
v 0.778867 0.022438 0.019911
v 0.778867 0.01966 0.019896
v 0.779517 0.019662 0.019676
v 0.778867 0.022438 0.019911
v 0.778196 0.022437 0.020097
v 0.778196 0.019659 0.020081
v 0.778867 0.01966 0.019896
v 0.778196 0.022437 0.020097
v 0.777498 0.022436 0.020247
v 0.777498 0.019658 0.020232
v 0.778196 0.019659 0.020081
v 0.777498 0.022436 0.020247
v 0.776769 0.022436 0.020364
v 0.776769 0.019658 0.020349
v 0.777498 0.019658 0.020232
v 0.776769 0.022436 0.020364
v 0.776004 0.022435 0.020447
v 0.776004 0.019657 0.020432
v 0.776769 0.019658 0.020349
v 0.776004 0.022435 0.020447
v 0.775196 0.022435 0.020497
v 0.775196 0.019657 0.020482
v 0.776004 0.019657 0.020432
v 0.775196 0.022435 0.020497
v 0.774342 0.022435 0.020513
v 0.774342 0.019657 0.020498
v 0.775196 0.019657 0.020482
v 0.774342 0.022435 0.020513
v 0.772782 0.022435 0.020405
v 0.772782 0.019658 0.02039
v 0.774342 0.019657 0.020498
v 0.772782 0.022435 0.020405
v 0.771344 0.022437 0.020092
v 0.771344 0.019659 0.020077
v 0.772782 0.019658 0.02039
v 0.771344 0.022437 0.020092
v 0.77003 0.02244 0.019592
v 0.77003 0.019662 0.019577
v 0.771344 0.019659 0.020077
v 0.77003 0.02244 0.019592
v 0.768845 0.022443 0.01892
v 0.768845 0.019666 0.018905
v 0.77003 0.019662 0.019577
v 0.768845 0.022443 0.01892
v 0.767788 0.022448 0.018095
v 0.767788 0.01967 0.01808
v 0.768845 0.019666 0.018905
v 0.767788 0.022448 0.018095
v 0.766865 0.022453 0.017134
v 0.766865 0.019675 0.017119
v 0.767788 0.01967 0.01808
v 0.766865 0.022453 0.017134
v 0.766077 0.022459 0.016052
v 0.766077 0.019681 0.016037
v 0.766865 0.019675 0.017119
v 0.766077 0.022459 0.016052
v 0.765426 0.022466 0.014869
v 0.765426 0.019688 0.014854
v 0.766077 0.019681 0.016037
v 0.765426 0.022466 0.014869
v 0.764915 0.022472 0.013599
v 0.764915 0.019695 0.013584
v 0.765426 0.019688 0.014854
v 0.764915 0.022472 0.013599
v 0.764547 0.02248 0.012262
v 0.764547 0.019701 0.012246
v 0.764915 0.019695 0.013584
v 0.764547 0.02248 0.012262
v 0.764324 0.022487 0.010872
v 0.764324 0.019709 0.010857
v 0.764547 0.019701 0.012246
v 0.764324 0.022487 0.010872
v 0.764249 0.022495 0.009449
v 0.764249 0.019717 0.009434
v 0.764324 0.019709 0.010857
v 0.764249 0.022495 0.009449
v 0.764331 0.022503 0.007918
v 0.764331 0.019725 0.007903
v 0.764249 0.019717 0.009434
v 0.764331 0.022503 0.007918
v 0.764571 0.022511 0.006481
v 0.764571 0.019733 0.006465
v 0.764331 0.019725 0.007903
v 0.764571 0.022511 0.006481
v 0.764961 0.022518 0.005143
v 0.764961 0.01974 0.005128
v 0.764571 0.019733 0.006465
v 0.764961 0.022518 0.005143
v 0.765494 0.022525 0.003914
v 0.765494 0.019747 0.003899
v 0.764961 0.01974 0.005128
v 0.765494 0.022525 0.003914
v 0.766162 0.022531 0.0028
v 0.766162 0.019754 0.002785
v 0.765494 0.019747 0.003899
v 0.766162 0.022531 0.0028
v 0.766958 0.022536 0.00181
v 0.766958 0.019759 0.001795
v 0.766162 0.019754 0.002785
v 0.766958 0.022536 0.00181
v 0.767873 0.022541 0.000951
v 0.767873 0.019763 0.000936
v 0.766958 0.019759 0.001795
v 0.767873 0.022541 0.000951
v 0.768899 0.022545 0.000231
v 0.768899 0.019768 0.000216
v 0.767873 0.019763 0.000936
v 0.768899 0.022545 0.000231
v 0.77003 0.022548 -0.000343
v 0.77003 0.01977 -0.000358
v 0.768899 0.019768 0.000216
v 0.77003 0.022548 -0.000343
v 0.771258 0.022551 -0.000762
v 0.771258 0.019772 -0.000777
v 0.77003 0.01977 -0.000358
v 0.771258 0.022551 -0.000762
v 0.772574 0.022552 -0.001019
v 0.772574 0.019774 -0.001034
v 0.771258 0.019772 -0.000777
v 0.772574 0.022552 -0.001019
v 0.773971 0.022552 -0.001107
v 0.773971 0.019775 -0.001122
v 0.772574 0.019774 -0.001034
v 0.773971 0.022552 -0.001107
v 0.775306 0.022552 -0.001028
v 0.775306 0.019774 -0.001044
v 0.773971 0.019775 -0.001122
v 0.775306 0.022552 -0.001028
v 0.776553 0.022551 -0.000793
v 0.776553 0.019773 -0.000808
v 0.775306 0.019774 -0.001044
v 0.776553 0.022551 -0.000793
v 0.777706 0.022549 -0.000401
v 0.777706 0.01977 -0.000416
v 0.776553 0.019773 -0.000808
v 0.777706 0.022549 -0.000401
v 0.77876 0.022545 0.00015
v 0.77876 0.019768 0.000135
v 0.777706 0.01977 -0.000416
v 0.77876 0.022545 0.00015
v 0.779711 0.022542 0.00086
v 0.779711 0.019764 0.000845
v 0.77876 0.019768 0.000135
v 0.779711 0.022542 0.00086
v 0.780551 0.022537 0.001729
v 0.780551 0.019759 0.001714
v 0.779711 0.019764 0.000845
v 0.780551 0.022537 0.001729
v 0.781277 0.022531 0.002758
v 0.781277 0.019754 0.002743
v 0.780551 0.019759 0.001714
v 0.781277 0.022531 0.002758
v 0.781883 0.022525 0.003948
v 0.781883 0.019747 0.003933
v 0.781277 0.019754 0.002743
v 0.781883 0.022525 0.003948
v 0.782363 0.022518 0.005299
v 0.782363 0.019739 0.005284
v 0.781883 0.019747 0.003933
v 0.782363 0.022518 0.005299
v 0.782713 0.022509 0.006813
v 0.782713 0.019731 0.006798
v 0.782363 0.019739 0.005284
v 0.782713 0.022509 0.006813
v 0.782927 0.0225 0.008489
v 0.782927 0.019723 0.008474
v 0.782713 0.019731 0.006798
v 0.782927 0.0225 0.008489
v 0.782999 0.02249 0.010328
v 0.782999 0.019713 0.010313
v 0.782927 0.019723 0.008474
v 0.782999 0.02249 0.010328
v 0.76837 0.02249 0.010328
v 0.76837 0.019713 0.010313
v 0.782999 0.019713 0.010313
v 0.76837 0.02249 0.010328
v 0.768567 0.022484 0.011317
v 0.768567 0.019707 0.011302
v 0.76837 0.019713 0.010313
v 0.768567 0.022484 0.011317
v 0.768836 0.02248 0.012222
v 0.768836 0.019702 0.012207
v 0.768567 0.019707 0.011302
v 0.768836 0.02248 0.012222
v 0.769175 0.022475 0.013043
v 0.769175 0.019698 0.013028
v 0.768836 0.019702 0.012207
v 0.769175 0.022475 0.013043
v 0.769585 0.022471 0.01378
v 0.769585 0.019694 0.013765
v 0.769175 0.019698 0.013028
v 0.769585 0.022471 0.01378
v 0.770065 0.022468 0.014432
v 0.770065 0.01969 0.014417
v 0.769585 0.019694 0.013765
v 0.770065 0.022468 0.014432
v 0.770615 0.022465 0.014998
v 0.770615 0.019687 0.014983
v 0.770065 0.01969 0.014417
v 0.770615 0.022465 0.014998
v 0.771234 0.022462 0.015479
v 0.771234 0.019684 0.015464
v 0.770615 0.019687 0.014983
v 0.771234 0.022462 0.015479
v 0.771922 0.02246 0.015873
v 0.771922 0.019682 0.015858
v 0.771234 0.019684 0.015464
v 0.771922 0.02246 0.015873
v 0.772679 0.022458 0.016181
v 0.772679 0.019681 0.016166
v 0.771922 0.019682 0.015858
v 0.772679 0.022458 0.016181
v 0.773505 0.022457 0.016401
v 0.773505 0.019679 0.016386
v 0.772679 0.019681 0.016166
v 0.773505 0.022457 0.016401
v 0.774399 0.022456 0.016534
v 0.774399 0.019679 0.016519
v 0.773505 0.019679 0.016386
v 0.774399 0.022456 0.016534
v 0.77536 0.022456 0.016578
v 0.77536 0.019678 0.016563
v 0.774399 0.019679 0.016519
v 0.77536 0.022456 0.016578
v 0.775982 0.022456 0.016559
v 0.775982 0.019679 0.016544
v 0.77536 0.019678 0.016563
v 0.775982 0.022456 0.016559
v 0.7766 0.022457 0.016502
v 0.7766 0.019679 0.016487
v 0.775982 0.019679 0.016544
v 0.7766 0.022457 0.016502
v 0.777212 0.022457 0.016409
v 0.777212 0.019679 0.016394
v 0.7766 0.019679 0.016487
v 0.777212 0.022457 0.016409
v 0.777821 0.022458 0.01628
v 0.777821 0.01968 0.016265
v 0.777212 0.019679 0.016394
v 0.777821 0.022458 0.01628
v 0.778426 0.022459 0.016116
v 0.778426 0.019681 0.016101
v 0.777821 0.01968 0.016265
v 0.778426 0.022459 0.016116
v 0.779029 0.02246 0.015918
v 0.779029 0.019682 0.015903
v 0.778426 0.019681 0.016101
v 0.779029 0.02246 0.015918
v 0.77963 0.022461 0.015688
v 0.77963 0.019683 0.015673
v 0.779029 0.019682 0.015903
v 0.77963 0.022461 0.015688
v 0.78023 0.022462 0.015426
v 0.78023 0.019685 0.015411
v 0.77963 0.019683 0.015673
v 0.78023 0.022462 0.015426
v 0.780829 0.022464 0.015133
v 0.780829 0.019686 0.015118
v 0.78023 0.019685 0.015411
v 0.780829 0.022464 0.015133
v 0.781428 0.022466 0.01481
v 0.781428 0.019688 0.014795
v 0.780829 0.019686 0.015118
v 0.781428 0.022466 0.01481
v 0.782028 0.022468 0.014458
v 0.782028 0.01969 0.014443
v 0.781428 0.019688 0.014795
v 0.782028 0.022468 0.014458
v 0.782629 0.02247 0.014078
v 0.782629 0.019692 0.014063
v 0.782028 0.01969 0.014443
v 0.782629 0.02247 0.014078
v 0.782629 0.022448 0.01806
v 0.782629 0.01967 0.018044
v 0.782629 0.019692 0.014063
v 0.782629 0.022448 0.01806
v 0.782008 0.022446 0.018458
v 0.782008 0.019668 0.018443
v 0.782629 0.01967 0.018044
v 0.778856 0.022509 0.006834
v 0.778719 0.022513 0.006123
v 0.778719 0.019735 0.006108
v 0.778856 0.019731 0.006819
v 0.778719 0.022513 0.006123
v 0.778517 0.022517 0.005466
v 0.778517 0.019739 0.005451
v 0.778719 0.019735 0.006108
v 0.778517 0.022517 0.005466
v 0.778251 0.02252 0.004865
v 0.778251 0.019742 0.00485
v 0.778517 0.019739 0.005451
v 0.778251 0.02252 0.004865
v 0.777924 0.022522 0.004325
v 0.777924 0.019745 0.00431
v 0.778251 0.019742 0.00485
v 0.777924 0.022522 0.004325
v 0.777536 0.022525 0.003847
v 0.777536 0.019747 0.003832
v 0.777924 0.019745 0.00431
v 0.777536 0.022525 0.003847
v 0.777091 0.022527 0.003435
v 0.777091 0.01975 0.003419
v 0.777536 0.019747 0.003832
v 0.777091 0.022527 0.003435
v 0.77659 0.022529 0.003091
v 0.77659 0.019752 0.003076
v 0.777091 0.01975 0.003419
v 0.77659 0.022529 0.003091
v 0.776034 0.022531 0.002818
v 0.776034 0.019753 0.002803
v 0.77659 0.019752 0.003076
v 0.776034 0.022531 0.002818
v 0.775427 0.022532 0.00262
v 0.775427 0.019754 0.002605
v 0.776034 0.019753 0.002803
v 0.775427 0.022532 0.00262
v 0.77477 0.022533 0.002499
v 0.77477 0.019755 0.002484
v 0.775427 0.019754 0.002605
v 0.77477 0.022533 0.002499
v 0.774064 0.022533 0.002458
v 0.774064 0.019755 0.002443
v 0.77477 0.019755 0.002484
v 0.774064 0.022533 0.002458
v 0.773303 0.022533 0.002496
v 0.773303 0.019755 0.002481
v 0.774064 0.019755 0.002443
v 0.773303 0.022533 0.002496
v 0.772595 0.022532 0.00261
v 0.772595 0.019754 0.002595
v 0.773303 0.019755 0.002481
v 0.772595 0.022532 0.00261
v 0.771939 0.022531 0.002799
v 0.771939 0.019754 0.002784
v 0.772595 0.019754 0.002595
v 0.771939 0.022531 0.002799
v 0.771336 0.022529 0.00306
v 0.771336 0.019752 0.003045
v 0.771939 0.019754 0.002784
v 0.771336 0.022529 0.00306
v 0.770787 0.022528 0.003392
v 0.770787 0.01975 0.003377
v 0.771336 0.019752 0.003045
v 0.770787 0.022528 0.003392
v 0.770291 0.022526 0.003795
v 0.770291 0.019748 0.00378
v 0.770787 0.01975 0.003377
v 0.770291 0.022526 0.003795
v 0.769849 0.022523 0.004266
v 0.769849 0.019746 0.004251
v 0.770291 0.019748 0.00378
v 0.769849 0.022523 0.004266
v 0.769462 0.02252 0.004804
v 0.769462 0.019743 0.004789
v 0.769849 0.019746 0.004251
v 0.769462 0.02252 0.004804
v 0.769129 0.022517 0.005407
v 0.769129 0.019739 0.005392
v 0.769462 0.019743 0.004789
v 0.769129 0.022517 0.005407
v 0.768851 0.022513 0.006075
v 0.768851 0.019736 0.00606
v 0.769129 0.019739 0.005392
v 0.768851 0.022513 0.006075
v 0.768629 0.022509 0.006805
v 0.768629 0.019731 0.00679
v 0.768851 0.019736 0.00606
v 0.768629 0.022509 0.006805
v 0.768462 0.022505 0.007597
v 0.768462 0.019727 0.007582
v 0.768629 0.019731 0.00679
v 0.768462 0.022505 0.007597
v 0.778925 0.022505 0.007597
v 0.778925 0.019727 0.007582
v 0.768462 0.019727 0.007582
v 0.778925 0.022505 0.007597
v 0.778856 0.022509 0.006834
v 0.778856 0.019731 0.006819
v 0.778925 0.019727 0.007582
v 0.791842 0.022524 0.004078
v 0.791934 0.022524 0.004078
v 0.791934 0.019746 0.004063
v 0.791842 0.019746 0.004063
v 0.791934 0.022524 0.004078
v 0.792453 0.022529 0.003208
v 0.792453 0.019751 0.003193
v 0.791934 0.019746 0.004063
v 0.792453 0.022529 0.003208
v 0.792968 0.022533 0.002424
v 0.792968 0.019755 0.002409
v 0.792453 0.019751 0.003193
v 0.792968 0.022533 0.002424
v 0.79348 0.022537 0.001725
v 0.79348 0.019759 0.00171
v 0.792968 0.019755 0.002409
v 0.79348 0.022537 0.001725
v 0.793988 0.02254 0.001109
v 0.793988 0.019762 0.001094
v 0.79348 0.019759 0.00171
v 0.793988 0.02254 0.001109
v 0.794494 0.022543 0.000572
v 0.794494 0.019765 0.000557
v 0.793988 0.019762 0.001094
v 0.794494 0.022543 0.000572
v 0.794996 0.022545 0.000114
v 0.794996 0.019768 9.9e-05
v 0.794494 0.019765 0.000557
v 0.794996 0.022545 0.000114
v 0.795495 0.022548 -0.000267
v 0.795495 0.01977 -0.000283
v 0.794996 0.019768 9.9e-05
v 0.795495 0.022548 -0.000267
v 0.795991 0.02255 -0.000575
v 0.795991 0.019771 -0.00059
v 0.795495 0.01977 -0.000283
v 0.795991 0.02255 -0.000575
v 0.796485 0.022551 -0.000811
v 0.796485 0.019773 -0.000826
v 0.795991 0.019771 -0.00059
v 0.796485 0.022551 -0.000811
v 0.796977 0.022551 -0.000977
v 0.796977 0.019774 -0.000992
v 0.796485 0.019773 -0.000826
v 0.796977 0.022551 -0.000977
v 0.797466 0.022552 -0.001074
v 0.797466 0.019775 -0.00109
v 0.796977 0.019774 -0.000992
v 0.797466 0.022552 -0.001074
v 0.797953 0.022552 -0.001107
v 0.797953 0.019775 -0.001122
v 0.797466 0.019775 -0.00109
v 0.797953 0.022552 -0.001107
v 0.798368 0.022552 -0.00109
v 0.798368 0.019775 -0.001105
v 0.797953 0.019775 -0.001122
v 0.798368 0.022552 -0.00109
v 0.798779 0.022552 -0.001041
v 0.798779 0.019774 -0.001056
v 0.798368 0.019775 -0.001105
v 0.798779 0.022552 -0.001041
v 0.799189 0.022551 -0.000958
v 0.799189 0.019774 -0.000974
v 0.798779 0.019774 -0.001056
v 0.799189 0.022551 -0.000958
v 0.799597 0.022551 -0.000843
v 0.799597 0.019773 -0.000858
v 0.799189 0.019774 -0.000974
v 0.799597 0.022551 -0.000843
v 0.800005 0.02255 -0.000693
v 0.800005 0.019772 -0.000709
v 0.799597 0.019773 -0.000858
v 0.800005 0.02255 -0.000693
v 0.800412 0.022549 -0.000511
v 0.800412 0.019771 -0.000526
v 0.800005 0.019772 -0.000709
v 0.800412 0.022549 -0.000511
v 0.800821 0.022548 -0.000294
v 0.800821 0.01977 -0.000309
v 0.800412 0.019771 -0.000526
v 0.800821 0.022548 -0.000294
v 0.801231 0.022546 -4.4e-05
v 0.801231 0.019769 -5.9e-05
v 0.800821 0.01977 -0.000309
v 0.801231 0.022546 -4.4e-05
v 0.801644 0.022545 0.000241
v 0.801644 0.019767 0.000226
v 0.801231 0.019769 -5.9e-05
v 0.801644 0.022545 0.000241
v 0.80206 0.022543 0.00056
v 0.80206 0.019765 0.000545
v 0.801644 0.019767 0.000226
v 0.80206 0.022543 0.00056
v 0.802481 0.022542 0.000913
v 0.802481 0.019763 0.000898
v 0.80206 0.019765 0.000545
v 0.802481 0.022542 0.000913
v 0.802906 0.022539 0.001301
v 0.802906 0.019762 0.001286
v 0.802481 0.019763 0.000898
v 0.802906 0.022539 0.001301
v 0.800731 0.02252 0.004865
v 0.800731 0.019742 0.00485
v 0.802906 0.019762 0.001286
v 0.800731 0.02252 0.004865
v 0.800411 0.022521 0.004572
v 0.800411 0.019744 0.004557
v 0.800731 0.019742 0.00485
v 0.800411 0.022521 0.004572
v 0.800079 0.022523 0.004297
v 0.800079 0.019745 0.004281
v 0.800411 0.019744 0.004557
v 0.800079 0.022523 0.004297
v 0.799739 0.022524 0.004039
v 0.799739 0.019746 0.004024
v 0.800079 0.019745 0.004281
v 0.799739 0.022524 0.004039
v 0.799395 0.022526 0.003802
v 0.799395 0.019748 0.003787
v 0.799739 0.019746 0.004024
v 0.799395 0.022526 0.003802
v 0.799049 0.022527 0.003587
v 0.799049 0.019749 0.003572
v 0.799395 0.019748 0.003787
v 0.799049 0.022527 0.003587
v 0.798705 0.022527 0.003396
v 0.798705 0.01975 0.00338
v 0.799049 0.019749 0.003572
v 0.798705 0.022527 0.003396
v 0.798367 0.022528 0.003229
v 0.798367 0.019751 0.003214
v 0.798705 0.01975 0.00338
v 0.798367 0.022528 0.003229
v 0.798038 0.022529 0.003089
v 0.798038 0.019752 0.003074
v 0.798367 0.019751 0.003214
v 0.798038 0.022529 0.003089
v 0.797723 0.02253 0.002977
v 0.797723 0.019753 0.002962
v 0.798038 0.019752 0.003074
v 0.797723 0.02253 0.002977
v 0.797423 0.02253 0.002896
v 0.797423 0.019753 0.002881
v 0.797723 0.019753 0.002962
v 0.797423 0.02253 0.002896
v 0.797144 0.02253 0.002846
v 0.797144 0.019753 0.00283
v 0.797423 0.019753 0.002881
v 0.797144 0.02253 0.002846
v 0.796888 0.022531 0.002828
v 0.796888 0.019753 0.002813
v 0.797144 0.019753 0.00283
v 0.796888 0.022531 0.002828
v 0.796195 0.02253 0.002886
v 0.796195 0.019753 0.002871
v 0.796888 0.019753 0.002813
v 0.796195 0.02253 0.002886
v 0.795534 0.022529 0.003054
v 0.795534 0.019752 0.003039
v 0.796195 0.019753 0.002871
v 0.795534 0.022529 0.003054
v 0.794908 0.022528 0.003325
v 0.794908 0.019751 0.00331
v 0.795534 0.019752 0.003039
v 0.794908 0.022528 0.003325
v 0.794324 0.022526 0.003693
v 0.794324 0.019748 0.003677
v 0.794908 0.019751 0.00331
v 0.794324 0.022526 0.003693
v 0.793788 0.022524 0.004149
v 0.793788 0.019746 0.004133
v 0.794324 0.019748 0.003677
v 0.793788 0.022524 0.004149
v 0.793306 0.02252 0.004686
v 0.793306 0.019743 0.004671
v 0.793788 0.019746 0.004133
v 0.793306 0.02252 0.004686
v 0.792882 0.022518 0.005298
v 0.792882 0.019739 0.005283
v 0.793306 0.019743 0.004671
v 0.792882 0.022518 0.005298
v 0.792522 0.022513 0.005977
v 0.792522 0.019736 0.005961
v 0.792882 0.019739 0.005283
v 0.792522 0.022513 0.005977
v 0.792233 0.02251 0.006715
v 0.792233 0.019732 0.0067
v 0.792522 0.019736 0.005961
v 0.792233 0.02251 0.006715
v 0.792019 0.022505 0.007506
v 0.792019 0.019728 0.007491
v 0.792233 0.019732 0.0067
v 0.792019 0.022505 0.007506
v 0.791887 0.022501 0.008343
v 0.791887 0.019723 0.008327
v 0.792019 0.019728 0.007491
v 0.791887 0.022501 0.008343
v 0.791842 0.022496 0.009217
v 0.791842 0.019718 0.009202
v 0.791887 0.019723 0.008327
v 0.791842 0.022496 0.009217
v 0.791842 0.022437 0.020097
v 0.791842 0.019659 0.020081
v 0.791842 0.019718 0.009202
v 0.791842 0.022437 0.020097
v 0.787721 0.022437 0.020097
v 0.787721 0.019659 0.020081
v 0.791842 0.019659 0.020081
v 0.787721 0.022437 0.020097
v 0.787721 0.02255 -0.00069
v 0.787721 0.019772 -0.000705
v 0.787721 0.019659 0.020081
v 0.787721 0.02255 -0.00069
v 0.791842 0.02255 -0.00069
v 0.791842 0.019772 -0.000705
v 0.787721 0.019772 -0.000705
v 0.791842 0.02255 -0.00069
v 0.791842 0.022524 0.004078
v 0.791842 0.019746 0.004063
v 0.791842 0.019772 -0.000705
vn -0 1 0.0053
vn -0 1 0.0052
vn -0 1 0.0057
vn -0 1 0.0053
vn -0 1 0.0055
vn -0 1 0.0052
vn -0.0001 1 0.0058
vn -0 1 0.0055
vn -0 1 0.0053
vn -0.0001 1 0.0058
vn -0 1 0.0054
vn -0 1 0.0055
vn -0 1 0.0054
vn -0 1 0.0054
vn -0.0001 1 0.0058
vn -0 1 0.0054
vn -0 1 0.0053
vn -0 1 0.0054
vn -0 1 0.0054
vn 0.0001 1 0.0053
vn -0 1 0.0053
vn -0 1 0.0054
vn 0.0001 1 0.0053
vn -0 1 0.0054
vn -0 1 0.0054
vn -0 1 0.0055
vn 0.0001 1 0.0053
vn -0 1 0.0054
vn -0 1 0.0054
vn -0 1 0.0054
vn -0 1 0.0054
vn 0.0001 1 0.0054
vn -0 1 0.0054
vn -0 1 0.0054
vn -0 1 0.0055
vn -0 1 0.0054
vn -0 1 0.0054
vn -0 1 0.0054
vn -0 1 0.0055
vn -0 1 0.0054
vn -0 1 0.0055
vn -0 1 0.0054
vn -0 1 0.0053
vn -0 1 0.0055
vn -0 1 0.0054
vn -0 1 0.0053
vn -0 1 0.0057
vn -0 1 0.0055
vn -0 1 0.0055
vn -0 1 0.0057
vn -0 1 0.0053
vn -0 1 0.0055
vn -0 1 0.0051
vn -0 1 0.0057
vn -0 1 0.0055
vn -0 1 0.0057
vn -0 1 0.0051
vn -0 1 0.0051
vn -0 1 0.0057
vn -0 1 0.0055
vn -0 1 0.0051
vn -0.0001 1 0.0064
vn -0 1 0.0057
vn 0.0001 1 0.0056
vn -0.0001 1 0.0064
vn -0 1 0.0051
vn 0.0001 1 0.0056
vn -0 1 0.0054
vn -0.0001 1 0.0064
vn -0 1 0.0054
vn -0 1 0.0052
vn -0.0001 1 0.0064
vn -0 1 0.0052
vn -0 1 0.0056
vn -0.0001 1 0.0064
vn -0 1 0.0056
vn 0.0001 1 0.0056
vn -0.0001 1 0.0064
vn 0.0001 1 0.0056
vn -0.0001 1 0.0052
vn -0.0001 1 0.0064
vn -0.0001 1 0.0052
vn 0.0003 1 0.0056
vn -0.0001 1 0.0064
vn 0.0003 1 0.0056
vn -0 1 0.0055
vn -0.0001 1 0.0064
vn -0 1 0.0055
vn -0.0002 1 0.0051
vn -0.0001 1 0.0064
vn -0.0002 1 0.0051
vn -0.0002 1 0.0054
vn -0.0001 1 0.0064
vn -0.0002 1 0.0054
vn -0 1 0.0055
vn -0.0001 1 0.0064
vn 0.0002 1 0.0054
vn -0.0001 1 0.0057
vn 0.0001 1 0.0056
vn -0.0001 1 0.0057
vn -0 1 0.0056
vn 0.0001 1 0.0056
vn -0 1 0.0056
vn -0 1 0.0054
vn 0.0001 1 0.0056
vn 0.0002 1 0.0056
vn -0 1 0.0054
vn 0.0002 1 0.0054
vn -0 1 0.0054
vn -0 1 0.0053
vn 0.0002 1 0.0054
vn -0 1 0.0053
vn -0.0001 1 0.0057
vn 0.0002 1 0.0054
vn 0.0002 1 0.0056
vn -0 1 0.0053
vn -0 1 0.0054
vn 0.0002 1 0.0056
vn 0.0001 1 0.0058
vn -0 1 0.0053
vn -0 1 0.0055
vn 0.0001 1 0.0058
vn 0.0002 1 0.0056
vn -0 1 0.0055
vn -0 1 0.0053
vn 0.0001 1 0.0058
vn -0 1 0.0055
vn -0 1 0.0053
vn -0 1 0.0053
vn -0 1 0.0054
vn -0 1 0.0055
vn 0.0001 1 0.0054
vn -0 1 0.0054
vn 0.0003 1 0.0054
vn -0 1 0.0055
vn 0.0003 1 0.0054
vn -0 1 0.0055
vn -0 1 0.0055
vn -0 1 0.0055
vn -0.0002 1 0.0054
vn -0 1 0.0055
vn -0.0002 1 0.0054
vn 0.0002 1 0.0055
vn -0 1 0.0055
vn 0.0002 1 0.0055
vn -0 1 0.0053
vn -0 1 0.0055
vn -0 1 0.0054
vn -0.0002 1 0.0054
vn 0.0003 1 0.0054
vn -0 1 0.0054
vn 0.0001 1 0.0054
vn -0.0002 1 0.0054
vn -0 1 0.0054
vn 0.0001 1 0.0055
vn 0.0001 1 0.0054
vn -0 1 0.0054
vn -0 1 0.0054
vn 0.0001 1 0.0055
vn -0 1 0.0055
vn -0 1 0.0055
vn -0 1 0.0057
vn -0 1 0.0055
vn -0 1 0.0054
vn -0 1 0.0055
vn -0 1 0.0055
vn -0 1 0.0054
vn -0 1 0.0055
vn -0 1 0.0055
vn -0 1 0.0055
vn -0 1 0.0054
vn -0 1 0.0055
vn -0 1 0.0055
vn -0 1 0.0055
vn -0 1 0.0055
vn -0 1 0.0054
vn -0 1 0.0055
vn -0 1 0.0054
vn -0 1 0.0054
vn -0 1 0.0055
vn -0 1 0.0054
vn -0 1 0.0055
vn -0 1 0.0054
vn -0 1 0.0057
vn -0 1 0.0055
vn -0 1 0.0054
vn -0 1 0.0057
vn 0.0001 1 0.0055
vn -0 1 0.0055
vn -0 1 0.0052
vn 0.0001 1 0.0055
vn -0 1 0.0057
vn -0 1 0.0052
vn -0 1 0.0053
vn 0.0001 1 0.0055
vn 0.0001 1 0.0054
vn -0 1 0.0053
vn -0 1 0.0052
vn -0 1 0.0053
vn -0 1 0.0053
vn -0 1 0.0052
vn 0.0001 1 0.0054
vn -0 1 0.0055
vn -0 1 0.0053
vn -0 1 0.0054
vn -0 1 0.0053
vn -0 1 0.0053
vn 0.0001 1 0.0054
vn -0 1 0.0052
vn -0 1 0.0055
vn -0 1 0.0053
vn -0 1 0.0053
vn -0 1 0.0054
vn 0.0001 1 0.0054
vn -0 1 0.0052
vn -0 1 0.0052
vn -0 1 0.0052
vn -0 1 0.0053
vn -0 1 0.0053
vn -0 1 0.0052
vn -0.0002 1 0.0053
vn -0 1 0.0053
vn 0.0001 1 0.0054
vn -0 1 0.0056
vn -0 1 0.0052
vn -0 1 0.0056
vn -0 1 0.0056
vn 0.0001 1 0.0054
vn 0.0001 1 0.0054
vn -0.0002 1 0.0053
vn -0 1 0.0052
vn -0 1 0.0056
vn -0 1 0.0053
vn -0 1 0.0056
vn 0.0001 1 0.0059
vn -0.0002 1 0.0053
vn 0.0001 1 0.0054
vn -0 1 0.0056
vn -0.0001 1 0.0052
vn -0 1 0.0053
vn -0.0001 1 0.0053
vn -0.0002 1 0.0053
vn 0.0001 1 0.0059
vn -0 1 0.0056
vn -0 1 0.0054
vn -0.0001 1 0.0052
vn -0.0001 1 0.0056
vn -0.0002 1 0.0053
vn -0.0001 1 0.0053
vn -0.0001 1 0.0054
vn -0 1 0.0054
vn -0 1 0.0056
vn -0.0001 1 0.0056
vn -0.0001 1 0.0056
vn -0.0002 1 0.0053
vn -0.0001 1 0.0054
vn -0 1 0.0054
vn -0 1 0.0054
vn -0.0001 1 0.0054
vn -0.0001 1 0.0056
vn -0.0001 1 0.0056
vn -0.0001 1 0.0054
vn -0 1 0.0053
vn -0 1 0.0054
vn -0 1 0.0054
vn -0.0001 1 0.0056
vn -0.0001 1 0.0054
vn -0 1 0.0055
vn -0 1 0.0053
vn -0.0001 1 0.0054
vn -0 1 0.0054
vn -0 1 0.0056
vn -0.0001 1 0.0056
vn -0 1 0.0055
vn -0 1 0.0055
vn -0 1 0.0053
vn 0.0001 1 0.0055
vn -0 1 0.0056
vn -0 1 0.0054
vn -0 1 0.0055
vn -0 1 0.0053
vn -0 1 0.0055
vn -0 1 0.0055
vn -0 1 0.0056
vn 0.0001 1 0.0055
vn -0 1 0.0054
vn -0 1 0.0053
vn -0 1 0.0055
vn -0 1 0.0054
vn -0 1 0.0054
vn -0 1 0.0053
vn -0 1 0.0055
vn -0 1 0.0054
vn -0 1 0.0056
vn -0 1 0.0055
vn -0 1 0.0054
vn -0 1 0.0055
vn -0 1 0.0054
vn -0 1 0.0055
vn -0 1 0.0054
vn -0 1 0.0054
vn -0 1 0.0054
vn -0 1 0.0055
vn -0 1 0.0054
vn -0 1 0.0054
vn -0 1 0.0054
vn -0 1 0.0054
vn -0 1 0.0054
vn -0 1 0.0054
vn 0.0001 1 0.0054
vn -0 1 0.0058
vn -0 1 0.0054
vn -0 1 0.0058
vn -0 1 0.0054
vn -0 1 0.0054
vn 0.0001 1 0.0054
vn 0.0001 1 0.0051
vn -0 1 0.0058
vn 0.0001 1 0.0054
vn 0.0001 1 0.0051
vn 0.0001 1 0.0054
vn 0.0001 1 0.0054
vn 0.0001 1 0.0054
vn 0.0001 1 0.0051
vn 0.0001 1 0.0054
vn -0 1 0.0057
vn 0.0001 1 0.0054
vn 0.0001 1 0.0055
vn -0 1 0.0057
vn 0.0001 1 0.0054
vn 0.0001 1 0.0055
vn -0 1 0.0049
vn -0 1 0.0057
vn -0 1 0.0055
vn -0 1 0.0049
vn 0.0001 1 0.0055
vn -0 1 0.0055
vn 0.0001 1 0.0054
vn -0 1 0.0049
vn 0.0001 1 0.0055
vn -0 1 0.0054
vn 0.0002 1 0.0055
vn -0 1 0.0055
vn -0 1 0.0053
vn 0.0001 1 0.0054
vn -0.0002 1 0.0056
vn -0 1 0.0054
vn 0.0001 1 0.0055
vn 0.0001 1 0.0053
vn -0 1 0.0054
vn -0.0002 1 0.0056
vn -0 1 0.0058
vn -0 1 0.0053
vn -0 1 0.0055
vn -0 1 0.0058
vn -0 1 0.005
vn -0 1 0.0053
vn 0.0001 1 0.0052
vn -0 1 0.0054
vn 0.0001 1 0.0053
vn 0.0001 1 0.0053
vn -0 1 0.0054
vn 0.0001 1 0.0052
vn -0 1 0.0058
vn -0 1 0.0056
vn -0 1 0.005
vn 0.0002 1 0.0053
vn -0 1 0.0054
vn 0.0001 1 0.0053
vn -0 1 0.0058
vn -0.0001 1 0.005
vn -0 1 0.0056
vn 0.0001 1 0.0053
vn -0 1 0.0054
vn 0.0002 1 0.0053
vn -0 1 0.0054
vn -0.0001 1 0.005
vn -0 1 0.0058
vn 0.0001 1 0.0053
vn -0 1 0.0054
vn 0.0001 1 0.0053
vn -0 1 0.0054
vn -0 1 0.0057
vn -0.0001 1 0.005
vn -0 1 0.0053
vn -0 1 0.0054
vn 0.0001 1 0.0053
vn -0 1 0.0054
vn -0 1 0.0055
vn -0 1 0.0057
vn -0 1 0.0054
vn -0 1 0.0054
vn -0 1 0.0053
vn -0.0001 1 0.0056
vn -0 1 0.0054
vn -0 1 0.0054
vn -0 1 0.0054
vn -0 1 0.0053
vn -0 1 0.0055
vn -0 1 0.0053
vn -0 1 0.0054
vn -0.0001 1 0.0056
vn -0 1 0.0054
vn -0 1 0.0054
vn -0 1 0.0053
vn -0 1 0.0057
vn -0 1 0.0054
vn -0 1 0.0054
vn -0 1 0.0057
vn -0 1 0.0051
vn -0 1 0.0054
vn -0 1 0.0058
vn -0 1 0.0051
vn -0 1 0.0057
vn -0 1 0.0058
vn -0 1 0.0056
vn -0 1 0.0051
vn -0 1 0.0058
vn -0 1 0.0054
vn -0 1 0.0056
vn -0 1 0.0051
vn -0 1 0.0054
vn -0 1 0.0058
vn -0 1 0.0051
vn -0 1 0.0052
vn -0 1 0.0054
vn -0 1 0.0051
vn -0 1 0.0057
vn -0 1 0.0052
vn -0 1 0.0056
vn -0 1 0.0057
vn -0 1 0.0051
vn -0 1 0.0056
vn -0 1 0.0054
vn -0 1 0.0057
vn -0 1 0.0056
vn -0 1 0.0055
vn -0 1 0.0054
vn -0 1 0.0055
vn -0 1 0.0055
vn -0 1 0.0056
vn -0 1 0.0055
vn -0 1 0.0053
vn -0 1 0.0055
vn -0 1 0.0055
vn -0 1 0.0056
vn -0 1 0.0053
vn -0 1 0.0055
vn -0.0001 1 0.0054
vn -0 1 0.0056
vn -0.0001 1 0.0058
vn -0.0001 1 0.0054
vn -0 1 0.0055
vn -0.0001 1 0.0058
vn -0 1 0.0052
vn -0.0001 1 0.0054
vn -0 1 0.0055
vn 0.0001 1 0.0054
vn 0.0001 1 0.0056
vn -0 1 0.0055
vn -0 1 0.0054
vn 0.0001 1 0.0054
vn -0 1 0.0055
vn -0 1 0.0054
vn -0 1 0.0054
vn -0 1 0.0054
vn -0 1 0.0054
vn -0 1 0.0055
vn -0 -0 1
vn -0 -0 1
vn -0 -0 1
vn -0.0001 1 0.0054
vn -0 1 0.0055
vn -0 1 0.0055
vn -0 -0 1
vn -0 -0 1
vn -0 -0 1
vn -0.0001 1 0.0054
vn -0.0001 1 0.0053
vn -0 1 0.0055
vn -0.0001 1 0.0054
vn -0 1 0.0056
vn -0.0001 1 0.0053
vn -0.0001 1 0.0051
vn -0 1 0.0056
vn -0.0001 1 0.0054
vn -0.0001 1 0.0051
vn -0 1 0.0051
vn -0 1 0.0056
vn -0.0001 1 0.0051
vn -0 1 0.005
vn -0 1 0.0051
vn -0 1 0.0056
vn -0 1 0.005
vn -0.0001 1 0.0051
vn -0 1 0.0056
vn -0 1 0.0055
vn -0 1 0.005
vn -0.0001 1 0.0054
vn 0.0001 1 0.0055
vn -0.0001 1 0.0055
vn 0.0004 1 0.0055
vn 0.0001 1 0.0055
vn -0.0001 1 0.0054
vn -0 1 0.0056
vn 0.0001 1 0.0057
vn -0 1 0.0055
vn 0.0002 1 0.0056
vn 0.0001 1 0.0055
vn 0.0004 1 0.0055
vn -0 1 0.0058
vn 0.0001 1 0.0057
vn -0 1 0.0056
vn -0 1 0.0058
vn 0.0001 1 0.0053
vn 0.0001 1 0.0057
vn -0.0001 1 0.0057
vn 0.0001 1 0.0055
vn 0.0002 1 0.0056
vn 0.0001 1 0.0054
vn 0.0001 1 0.0055
vn -0.0001 1 0.0057
vn -0 1 0.0058
vn -0 1 0.0056
vn 0.0001 1 0.0053
vn -0.0001 1 0.0056
vn 0.0001 1 0.0055
vn 0.0001 1 0.0054
vn -0 1 0.0058
vn -0 1 0.0056
vn -0 1 0.0056
vn -0.0002 1 0.0057
vn 0.0001 1 0.0055
vn -0.0001 1 0.0056
vn -0 1 0.0058
vn 0.0001 1 0.0055
vn -0 1 0.0056
vn -0.0001 1 0.0056
vn 0.0001 1 0.0055
vn -0.0002 1 0.0057
vn -0 1 0.0055
vn 0.0001 1 0.0055
vn -0 1 0.0058
vn 0.0002 1 0.0051
vn 0.0001 1 0.0055
vn -0.0001 1 0.0056
vn -0 1 0.0055
vn -0 1 0.0053
vn 0.0001 1 0.0055
vn -0 1 0.0055
vn 0.0001 1 0.0055
vn 0.0002 1 0.0051
vn -0 1 0.0055
vn -0 1 0.0058
vn -0 1 0.0053
vn 0.0002 1 0.0052
vn 0.0001 1 0.0055
vn -0 1 0.0055
vn -0 1 0.0055
vn -0 1 0.0055
vn -0 1 0.0058
vn -0 1 0.0055
vn 0.0001 1 0.0055
vn 0.0002 1 0.0052
vn -0 1 0.0055
vn 0.0001 1 0.0055
vn -0 1 0.0055
vn -0 1 0.0059
vn 0.0001 1 0.0055
vn -0 1 0.0055
vn -0 1 0.0055
vn 0.0001 1 0.0055
vn -0 1 0.0059
vn -0 1 0.0057
vn 0.0001 1 0.0055
vn -0 1 0.0055
vn -0 1 0.0057
vn -0 1 0.0053
vn 0.0001 1 0.0055
vn -0 1 0.0056
vn -0 1 0.0053
vn -0 1 0.0057
vn -0 1 0.0056
vn -0 1 0.0054
vn -0 1 0.0053
vn -0 1 0.0056
vn -0 1 0.0058
vn -0 1 0.0054
vn -0 1 0.0053
vn -0 1 0.0058
vn -0 1 0.0056
vn -0 1 0.0053
vn -0 1 0.0056
vn -0 1 0.0058
vn -0 1 0.0053
vn -0 1 0.0054
vn -0 1 0.0056
vn -0 1 0.0053
vn -0 1 0.0058
vn -0 1 0.0054
vn -0 1 0.0053
vn -0 1 0.0058
vn -0 1 0.0053
vn -0 1 0.0053
vn -0 1 0.0052
vn -0 1 0.0058
vn -0 1 0.0053
vn -0 1 0.0054
vn -0 1 0.0052
vn -0 1 0.0055
vn -0 1 0.0054
vn -0 1 0.0053
vn -0 1 0.0055
vn -0 1 0.0058
vn -0 1 0.0054
vn -0 1 0.0055
vn -0 1 0.0053
vn -0 1 0.0058
vn -0 1 0.0052
vn -0 1 0.0053
vn -0 1 0.0055
vn -0 1 0.0052
vn -0 1 0.0054
vn -0 1 0.0053
vn -0 1 0.0053
vn 0.0001 1 0.0052
vn -0 1 0.0057
vn -0 1 0.0057
vn 0.0001 1 0.0052
vn -0 1 0.0053
vn -0 1 0.0057
vn -0 1 0.0052
vn 0.0001 1 0.0052
vn -0 1 0.0059
vn -0 1 0.0052
vn -0 1 0.0057
vn -0 1 0.0053
vn -0 1 0.0052
vn -0 1 0.0059
vn -0 1 0.0053
vn -0.0001 1 0.0051
vn -0 1 0.0052
vn -0 1 0.0054
vn -0.0001 1 0.0051
vn -0 1 0.0053
vn -0 1 0.0054
vn -0 1 0.0054
vn -0 1 0.0054
vn -0 1 0.0054
vn 0.0002 1 0.0055
vn -0 1 0.0054
vn -0 1 0.0054
vn -0 1 0.0058
vn -0.0001 1 0.0051
vn -0.0001 1 0.0052
vn -0 1 0.0058
vn -0 1 0.0054
vn -0 1 0.0054
vn -0 1 0.0058
vn -0.0001 1 0.0052
vn -0 1 0.0054
vn -0 1 0.0053
vn -0 1 0.0058
vn -0 1 0.0052
vn -0 1 0.0053
vn -0 1 0.0054
vn -0 1 0.0052
vn -0 1 0.0057
vn -0 1 0.0053
vn -0 1 0.0055
vn -0 1 0.0057
vn -0 1 0.0052
vn -0 1 0.0057
vn -0 1 0.0057
vn -0 1 0.0055
vn -0 1 0.0057
vn 0.0001 1 0.0055
vn -0 1 0.0057
vn -0 1 0.0053
vn 0.0001 1 0.0055
vn -0 1 0.0057
vn -0 1 0.0051
vn 0.0001 1 0.0055
vn -0 1 0.0053
vn -0 1 0.0051
vn -0 1 0.0052
vn 0.0001 1 0.0055
vn -0 1 0.0052
vn 0.0001 1 0.0053
vn 0.0001 1 0.0055
vn -0 1 0.0054
vn -0 1 0.0051
vn 0.0002 1 0.0055
vn -0 1 0.0054
vn 0.0002 1 0.0054
vn -0 1 0.0051
vn 0.0002 1 0.0054
vn 0.0005 1 0.0056
vn -0 1 0.0051
vn 0.0005 1 0.0056
vn -0.0005 1 0.0055
vn -0 1 0.0051
vn -0.0005 1 0.0055
vn 0.0002 1 0.0052
vn -0 1 0.0051
vn 0.0002 1 0.0052
vn 0.0004 1 0.0053
vn -0 1 0.0051
vn 0.0004 1 0.0053
vn -0.0001 1 0.0055
vn -0 1 0.0051
vn -0.0001 1 0.0055
vn -0 1 0.0056
vn -0 1 0.0051
vn -0 1 0.0056
vn -0.0002 1 0.0057
vn -0 1 0.0051
vn -0.0002 1 0.0057
vn -0 1 0.0053
vn -0 1 0.0051
vn -0 1 0.0053
vn -0 1 0.0051
vn -0 1 0.0051
vn -0 1 0.0051
vn -0 1 0.0054
vn -0 1 0.0051
vn -0 1 0.0054
vn -0 1 0.0056
vn -0 1 0.0051
vn -0 1 0.0056
vn -0 1 0.0052
vn -0 1 0.0051
vn -0 1 0.0058
vn 0.0001 1 0.0053
vn -0 1 0.0052
vn -0 1 0.0054
vn 0.0001 1 0.0053
vn -0 1 0.0058
vn 0.0002 1 0.005
vn 0.0001 1 0.0053
vn -0 1 0.0054
vn -0 1 0.0055
vn 0.0001 1 0.0053
vn 0.0002 1 0.005
vn -0 1 0.0055
vn 0.0001 1 0.0057
vn 0.0001 1 0.0053
vn -0.0001 1 0.0058
vn 0.0001 1 0.0057
vn -0 1 0.0055
vn -0 1 0.0047
vn 0.0001 1 0.0057
vn -0.0001 1 0.0058
vn -0 1 0.0053
vn 0.0001 1 0.0057
vn -0 1 0.0047
vn -0 1 0.0053
vn 0.0001 1 0.0055
vn 0.0001 1 0.0057
vn 0.0001 1 0.0057
vn 0.0001 1 0.0055
vn -0 1 0.0053
vn -0 1 0.0055
vn 0.0001 1 0.0055
vn 0.0001 1 0.0057
vn -0 1 0.0055
vn 0.0001 1 0.0054
vn 0.0001 1 0.0055
vn -0.0002 1 0.0054
vn 0.0001 1 0.0054
vn -0 1 0.0055
vn -0 1 0.0054
vn -0 1 0.0054
vn 0.0002 1 0.0054
vn -0 1 0.0049
vn 0.0001 1 0.0054
vn -0.0002 1 0.0054
vn -0 1 0.0049
vn 0.0001 1 0.0056
vn 0.0001 1 0.0054
vn 0.0002 1 0.0054
vn 0.0001 1 0.0056
vn -0 1 0.0049
vn -0 1 0.0054
vn 0.0001 1 0.0056
vn 0.0002 1 0.0054
vn -0 1 0.0054
vn -0 1 0.0054
vn 0.0001 1 0.0056
vn -0 1 0.0056
vn -0 1 0.0055
vn -0 1 0.0057
vn -0 1 0.0056
vn -0 1 0.0054
vn -0 1 0.0055
vn -0 1 0.0057
vn -0 1 0.0054
vn -0 1 0.0056
vn -0 1 0.0057
vn -0 1 0.0055
vn -0 1 0.0054
vn -0 1 0.0055
vn -0 1 0.0055
vn -0 1 0.0057
vn -0 1 0.0055
vn -0 1 0.0054
vn -0 1 0.0055
vn -0 1 0.0054
vn -0 1 0.0054
vn -0 1 0.0055
vn -0 1 0.0054
vn -0 1 0.0055
vn -0 1 0.0054
vn -0 1 0.0057
vn -0 1 0.0055
vn -0 1 0.0054
vn -0 1 0.0057
vn -0 1 0.0058
vn -0 1 0.0055
vn -0 1 0.0052
vn -0 1 0.0058
vn -0 1 0.0057
vn -0 1 0.0052
vn -0 1 0.0053
vn -0 1 0.0058
vn 0.0001 1 0.0054
vn -0 1 0.0052
vn -0 1 0.0052
vn -0 1 0.0052
vn -0 1 0.0053
vn -0 1 0.0052
vn 0.0001 1 0.0054
vn -0 1 0.0054
vn -0 1 0.0052
vn -0 1 0.0054
vn -0 1 0.0053
vn -0 1 0.0052
vn 0.0001 1 0.0054
vn -0 1 0.0051
vn -0 1 0.0054
vn -0 1 0.0054
vn -0 1 0.0053
vn -0 1 0.0054
vn 0.0001 1 0.0054
vn -0 1 0.0056
vn -0 1 0.0051
vn -0 1 0.0052
vn -0 1 0.0053
vn -0 1 0.0054
vn -0 1 0.0052
vn -0.0002 1 0.0053
vn -0 1 0.0053
vn 0.0001 1 0.0054
vn -0 1 0.0057
vn -0 1 0.0056
vn -0 1 0.0056
vn -0 1 0.0057
vn 0.0001 1 0.0054
vn 0.0001 1 0.0054
vn -0.0002 1 0.0053
vn -0 1 0.0052
vn -0 1 0.0056
vn -0 1 0.0053
vn -0 1 0.0057
vn -0 1 0.0055
vn -0.0002 1 0.0053
vn 0.0001 1 0.0054
vn -0 1 0.0056
vn -0.0001 1 0.0052
vn -0 1 0.0053
vn -0.0001 1 0.0054
vn -0.0002 1 0.0053
vn -0 1 0.0055
vn -0 1 0.0056
vn -0 1 0.0054
vn -0.0001 1 0.0052
vn -0.0001 1 0.0056
vn -0.0002 1 0.0053
vn -0.0001 1 0.0054
vn -0.0001 1 0.0054
vn -0 1 0.0054
vn -0 1 0.0056
vn -0.0001 1 0.0056
vn -0.0001 1 0.0056
vn -0.0002 1 0.0053
vn -0.0001 1 0.0054
vn -0 1 0.0054
vn -0 1 0.0054
vn -0.0001 1 0.0053
vn -0.0001 1 0.0056
vn -0.0001 1 0.0056
vn -0.0001 1 0.0054
vn -0 1 0.0053
vn -0 1 0.0054
vn -0 1 0.0054
vn -0.0001 1 0.0056
vn -0.0001 1 0.0053
vn -0 1 0.0055
vn -0 1 0.0053
vn -0.0001 1 0.0054
vn -0 1 0.0054
vn -0 1 0.0056
vn -0.0001 1 0.0056
vn -0 1 0.0055
vn -0 1 0.0054
vn -0 1 0.0053
vn 0.0001 1 0.0055
vn -0 1 0.0056
vn -0 1 0.0054
vn -0 1 0.0055
vn -0 1 0.0053
vn -0 1 0.0054
vn -0 1 0.0055
vn -0 1 0.0056
vn 0.0001 1 0.0055
vn -0 1 0.0054
vn -0 1 0.0053
vn -0 1 0.0055
vn -0 1 0.0054
vn -0 1 0.0054
vn -0 1 0.0053
vn -0 1 0.0055
vn -0 1 0.0054
vn -0 1 0.0056
vn -0 1 0.0055
vn -0 1 0.0054
vn -0 1 0.0055
vn -0 1 0.0054
vn -0 1 0.0055
vn -0 1 0.0054
vn -0 1 0.0054
vn -0 1 0.0054
vn -0 1 0.0055
vn -0 1 0.0054
vn -0 1 0.0054
vn -0 1 0.0054
vn -0 1 0.0054
vn -0 1 0.0054
vn -0 1 0.0054
vn 0.0001 1 0.0054
vn -0 1 0.0058
vn -0 1 0.0054
vn -0 1 0.0058
vn -0 1 0.0054
vn -0 1 0.0054
vn 0.0001 1 0.0054
vn 0.0001 1 0.0051
vn -0 1 0.0058
vn 0.0001 1 0.0054
vn 0.0001 1 0.0051
vn 0.0001 1 0.0054
vn 0.0001 1 0.0054
vn 0.0001 1 0.0054
vn 0.0001 1 0.0051
vn 0.0001 1 0.0054
vn -0 1 0.0057
vn 0.0001 1 0.0054
vn 0.0001 1 0.0055
vn -0 1 0.0057
vn 0.0001 1 0.0054
vn 0.0001 1 0.0055
vn -0 1 0.0049
vn -0 1 0.0057
vn -0 1 0.0055
vn -0 1 0.0049
vn 0.0001 1 0.0055
vn -0 1 0.0055
vn -0 1 0.005
vn -0 1 0.0049
vn 0.0001 1 0.0055
vn -0 1 0.0054
vn 0.0002 1 0.0055
vn -0 1 0.0055
vn -0 1 0.0052
vn -0 1 0.005
vn -0.0002 1 0.0056
vn -0 1 0.0054
vn 0.0001 1 0.0055
vn -0 1 0.0054
vn -0 1 0.0054
vn -0.0002 1 0.0056
vn -0 1 0.0058
vn -0 1 0.0052
vn -0 1 0.0055
vn -0 1 0.0058
vn -0 1 0.0053
vn -0 1 0.0052
vn 0.0001 1 0.0052
vn -0 1 0.0054
vn -0 1 0.0054
vn 0.0001 1 0.0053
vn -0 1 0.0054
vn 0.0001 1 0.0052
vn -0 1 0.0058
vn -0 1 0.0053
vn -0 1 0.0053
vn 0.0002 1 0.0053
vn -0 1 0.0054
vn 0.0001 1 0.0053
vn -0 1 0.0058
vn -0.0001 1 0.005
vn -0 1 0.0053
vn -0 1 0.0057
vn -0 1 0.0054
vn 0.0002 1 0.0053
vn -0 1 0.0054
vn -0.0001 1 0.005
vn -0 1 0.0058
vn 0.0001 1 0.005
vn -0 1 0.0054
vn -0 1 0.0057
vn -0 1 0.0054
vn -0 1 0.0058
vn -0.0001 1 0.005
vn -0 1 0.0053
vn -0 1 0.0054
vn 0.0001 1 0.005
vn -0 1 0.0054
vn -0 1 0.0054
vn -0 1 0.0058
vn -0 1 0.0055
vn -0 1 0.0054
vn -0 1 0.0053
vn -0 1 0.0054
vn -0 1 0.0054
vn -0 1 0.0055
vn -0 1 0.0054
vn -0 1 0.0053
vn -0 1 0.0054
vn -0 1 0.0053
vn -0 1 0.0054
vn -0 1 0.0054
vn -0 1 0.0054
vn -0 1 0.0054
vn -0 1 0.0053
vn -0 1 0.0057
vn -0 1 0.0054
vn -0 1 0.0054
vn -0 1 0.0057
vn -0 1 0.0051
vn -0 1 0.0054
vn -0 1 0.0058
vn -0 1 0.0051
vn -0 1 0.0057
vn -0 1 0.0058
vn -0 1 0.0056
vn -0 1 0.0051
vn -0 1 0.0058
vn -0 1 0.0057
vn -0 1 0.0056
vn -0 1 0.0054
vn -0 1 0.0057
vn -0 1 0.0058
vn -0 1 0.0054
vn -0 1 0.0052
vn -0 1 0.0057
vn -0 1 0.0054
vn -0 1 0.0057
vn -0 1 0.0052
vn -0 1 0.0051
vn -0 1 0.0057
vn -0 1 0.0054
vn -0 1 0.0051
vn -0 1 0.0054
vn -0 1 0.0057
vn -0 1 0.0051
vn -0 1 0.0055
vn -0 1 0.0054
vn -0 1 0.0055
vn -0 1 0.0055
vn -0 1 0.0051
vn -0 1 0.0055
vn -0 1 0.0057
vn -0 1 0.0055
vn -0 1 0.0055
vn -0 1 0.0056
vn -0 1 0.0057
vn -0 1 0.0055
vn -0.0001 1 0.0054
vn -0 1 0.0056
vn -0.0001 1 0.0058
vn -0.0001 1 0.0054
vn -0 1 0.0055
vn -0.0001 1 0.0058
vn -0 1 0.0053
vn -0.0001 1 0.0054
vn -0 -1 -0.0057
vn -0.0001 -1 -0.0059
vn -0 -1 -0.0056
vn -0.0002 -1 -0.0053
vn -0.0001 -1 -0.0059
vn -0 -1 -0.0057
vn -0.0002 -1 -0.0053
vn -0 -1 -0.0055
vn -0.0001 -1 -0.0059
vn -0 -1 -0.0051
vn -0 -1 -0.0055
vn -0.0002 -1 -0.0053
vn -0 -1 -0.0051
vn -0 -1 -0.0054
vn -0 -1 -0.0055
vn -0 -1 -0.0053
vn -0 -1 -0.0054
vn -0 -1 -0.0051
vn 0.0001 -1 -0.0058
vn -0 -1 -0.0054
vn -0 -1 -0.0053
vn 0.0001 -1 -0.0058
vn -0 -1 -0.0053
vn -0 -1 -0.0054
vn -0 -1 -0.0054
vn -0 -1 -0.0053
vn 0.0001 -1 -0.0058
vn -0 -1 -0.0054
vn -0 -1 -0.0054
vn -0 -1 -0.0054
vn -0.0001 -1 -0.0054
vn -0 -1 -0.0054
vn -0 -1 -0.0054
vn -0 -1 -0.0054
vn -0 -1 -0.0048
vn -0 -1 -0.0053
vn -0 -1 -0.0053
vn -0 -1 -0.0048
vn -0 -1 -0.0054
vn -0 -1 -0.0054
vn -0 -1 -0.0048
vn -0 -1 -0.0053
vn -0 -1 -0.0054
vn -0 -1 -0.0055
vn -0 -1 -0.0048
vn -0 -1 -0.0055
vn -0 -1 -0.0055
vn -0 -1 -0.0054
vn -0 -1 -0.0055
vn -0 -1 -0.0055
vn -0 -1 -0.0055
vn -0 -1 -0.0058
vn -0 -1 -0.0055
vn -0 -1 -0.0055
vn -0 -1 -0.0056
vn -0 -1 -0.0055
vn -0 -1 -0.0058
vn -0 -1 -0.0056
vn 0.0001 -1 -0.005
vn -0 -1 -0.0055
vn -0 -1 -0.0054
vn 0.0001 -1 -0.005
vn -0 -1 -0.0056
vn -0 -1 -0.0054
vn 0.0001 -1 -0.0054
vn 0.0001 -1 -0.005
vn 0.0001 -1 -0.0059
vn 0.0001 -1 -0.0054
vn -0 -1 -0.0054
vn -0 -1 -0.0055
vn 0.0001 -1 -0.0059
vn -0 -1 -0.0054
vn 0.0001 -1 -0.0054
vn -0 -1 -0.0055
vn -0 -1 -0.0054
vn -0 -1 -0.0057
vn 0.0001 -1 -0.0054
vn -0 -1 -0.0054
vn 0.0002 -1 -0.0054
vn -0 -1 -0.0057
vn -0 -1 -0.0054
vn -0.0002 -1 -0.0059
vn 0.0002 -1 -0.0054
vn -0 -1 -0.0054
vn -0.0002 -1 -0.0058
vn -0.0002 -1 -0.0059
vn -0 -1 -0.0054
vn -0 -1 -0.0055
vn -0.0002 -1 -0.0058
vn -0 -1 -0.0054
vn 0.0001 -1 -0.0054
vn -0 -1 -0.0055
vn -0 -1 -0.0054
vn 0.0002 -1 -0.0053
vn 0.0001 -1 -0.0054
vn -0 -1 -0.0054
vn -0 -1 -0.0054
vn 0.0001 -1 -0.0052
vn 0.0001 -1 -0.0054
vn -0 -1 -0.0056
vn -0 -1 -0.0054
vn 0.0001 -1 -0.0054
vn 0.0001 -1 -0.0059
vn -0 -1 -0.0056
vn 0.0001 -1 -0.0054
vn -0 -1 -0.0054
vn 0.0002 -1 -0.0054
vn 0.0001 -1 -0.0052
vn -0.0001 -1 -0.0051
vn -0 -1 -0.0054
vn 0.0001 -1 -0.0052
vn -0 -1 -0.0054
vn -0.0001 -1 -0.0051
vn 0.0001 -1 -0.0052
vn -0 -1 -0.0059
vn 0.0002 -1 -0.0054
vn -0 -1 -0.0054
vn -0 -1 -0.0053
vn 0.0002 -1 -0.0054
vn -0 -1 -0.0059
vn -0 -1 -0.0053
vn 0.0001 -1 -0.0055
vn 0.0002 -1 -0.0054
vn -0.0001 -1 -0.0055
vn 0.0001 -1 -0.0055
vn -0 -1 -0.0053
vn -0.0001 -1 -0.0056
vn 0.0001 -1 -0.0055
vn -0.0001 -1 -0.0055
vn 0.0001 -1 -0.0055
vn -0 -1 -0.0054
vn -0.0001 -1 -0.0054
vn -0 -1 -0.0055
vn -0 -1 -0.0054
vn 0.0001 -1 -0.0055
vn -0.0001 -1 -0.0052
vn -0 -1 -0.0055
vn 0.0001 -1 -0.0055
vn -0.0004 -1 -0.0054
vn -0.0001 -1 -0.0052
vn 0.0001 -1 -0.0055
vn -0 -1 -0.0053
vn -0.0004 -1 -0.0054
vn 0.0001 -1 -0.0055
vn -0.0001 -1 -0.0056
vn -0 -1 -0.0053
vn 0.0001 -1 -0.0055
vn -0 -1 -0.0054
vn -0 -1 -0.0054
vn -0 -1 -0.0055
vn 0.0001 -1 -0.0054
vn -0 -1 -0.0054
vn -0 -1 -0.0054
vn -0 -1 -0.0054
vn -0 -1 -0.0054
vn 0.0001 -1 -0.0054
vn -0 -1 -0.0054
vn -0 -1 -0.0054
vn -0 -1 -0.0054
vn -0 -1 -0.0053
vn 0.0001 -1 -0.0056
vn -0 -1 -0.0056
vn -0 -1 -0.0055
vn 0.0001 -1 -0.0056
vn -0 -1 -0.0053
vn -0 -1 -0.0055
vn -0 -1 -0.0051
vn 0.0001 -1 -0.0056
vn -0 -1 -0.0055
vn -0 -1 -0.0051
vn -0 -1 -0.0055
vn -0 -1 -0.0055
vn -0 -1 -0.0052
vn -0 -1 -0.0051
vn -0 -1 -0.0052
vn -0 -1 -0.0052
vn -0 -1 -0.0055
vn -0 -1 -0.0052
vn -0 -1 -0.0057
vn -0 -1 -0.0052
vn -0 -1 -0.0053
vn -0 -1 -0.0057
vn -0 -1 -0.0052
vn -0 -1 -0.0053
vn -0 -1 -0.0055
vn -0 -1 -0.0057
vn -0 -1 -0.0056
vn -0 -1 -0.0055
vn -0 -1 -0.0053
vn -0 -1 -0.0056
vn -0.0001 -1 -0.005
vn -0 -1 -0.0055
vn 0.0001 -1 -0.0056
vn -0.0001 -1 -0.005
vn -0 -1 -0.0056
vn -0 -1 -0.0056
vn -0.0001 -1 -0.006
vn -0.0001 -1 -0.005
vn 0.0001 -1 -0.0056
vn -0 -1 -0.0056
vn -0.0001 -1 -0.005
vn -0 -1 -0.0055
vn -0.0001 -1 -0.006
vn -0 -1 -0.0056
vn 0.0001 -1 -0.0056
vn -0 -1 -0.0053
vn -0 -1 -0.0056
vn -0 -1 -0.0052
vn -0.0001 -1 -0.006
vn -0 -1 -0.0055
vn 0.0001 -1 -0.0056
vn -0 -1 -0.0053
vn -0 -1 -0.0053
vn -0 -1 -0.0054
vn -0.0001 -1 -0.006
vn -0 -1 -0.0052
vn 0.0001 -1 -0.0056
vn 0.0001 -1 -0.0052
vn -0 -1 -0.0053
vn -0 -1 -0.0059
vn 0.0001 -1 -0.0052
vn 0.0001 -1 -0.0056
vn -0 -1 -0.0058
vn -0.0001 -1 -0.006
vn -0 -1 -0.0054
vn -0 -1 -0.0058
vn 0.0001 -1 -0.0058
vn -0.0001 -1 -0.006
vn -0 -1 -0.0059
vn -0 -1 -0.0054
vn 0.0001 -1 -0.0052
vn -0 -1 -0.0055
vn 0.0001 -1 -0.0058
vn -0 -1 -0.0058
vn -0 -1 -0.0059
vn -0 -1 -0.0054
vn -0 -1 -0.0054
vn -0 -1 -0.0052
vn 0.0001 -1 -0.0058
vn -0 -1 -0.0055
vn -0 -1 -0.0059
vn -0 -1 -0.0054
vn -0 -1 -0.0054
vn 0.0001 -1 -0.0052
vn 0.0001 -1 -0.0058
vn -0 -1 -0.0052
vn -0 -1 -0.0059
vn -0 -1 -0.0052
vn -0 -1 -0.0054
vn 0.0001 -1 -0.0052
vn 0.0001 -1 -0.0054
vn 0.0001 -1 -0.0058
vn -0.0002 -1 -0.0054
vn -0 -1 -0.0052
vn -0 -1 -0.0059
vn 0.0002 -1 -0.0057
vn 0.0001 -1 -0.0054
vn 0.0001 -1 -0.0052
vn -0.0002 -1 -0.0054
vn -0.0002 -1 -0.0053
vn -0 -1 -0.0052
vn 0.0002 -1 -0.0058
vn 0.0001 -1 -0.0054
vn 0.0002 -1 -0.0057
vn -0.0002 -1 -0.0054
vn -0.0001 -1 -0.0053
vn -0.0002 -1 -0.0053
vn 0.0002 -1 -0.0058
vn -0 -1 -0.0055
vn 0.0001 -1 -0.0054
vn -0.0001 -1 -0.005
vn -0.0001 -1 -0.0053
vn -0.0002 -1 -0.0054
vn 0.0002 -1 -0.0053
vn -0 -1 -0.0055
vn 0.0002 -1 -0.0058
vn -0.0001 -1 -0.005
vn -0 -1 -0.0059
vn -0.0001 -1 -0.0053
vn -0 -1 -0.0055
vn -0 -1 -0.0055
vn 0.0002 -1 -0.0053
vn -0.0001 -1 -0.005
vn -0 -1 -0.0054
vn -0 -1 -0.0059
vn -0 -1 -0.0055
vn -0 -1 -0.0054
vn -0 -1 -0.0055
vn -0 -1 -0.0058
vn -0 -1 -0.0054
vn -0 -1 -0.0055
vn -0 -1 -0.0051
vn -0 -1 -0.0054
vn -0.0001 -1 -0.005
vn -0 -1 -0.0051
vn 0.0001 -1 -0.0052
vn -0 -1 -0.0054
vn 0.0001 -1 -0.0052
vn -0 -1 -0.0054
vn -0 -1 -0.0058
vn -0 -1 -0.0051
vn -0 -1 -0.0054
vn 0.0001 -1 -0.0052
vn -0 -1 -0.0051
vn 0.0001 -1 -0.0054
vn -0 -1 -0.0054
vn -0 -1 -0.0054
vn 0.0001 -1 -0.0054
vn -0 -1 -0.0051
vn 0.0001 -1 -0.0051
vn -0 -1 -0.0055
vn 0.0001 -1 -0.0054
vn -0 -1 -0.0054
vn 0.0001 -1 -0.0051
vn 0.0001 -1 -0.0054
vn 0.0002 -1 -0.0058
vn -0 -1 -0.0055
vn 0.0001 -1 -0.0051
vn 0.0002 -1 -0.0058
vn 0.0001 -1 -0.0052
vn -0 -1 -0.0055
vn 0.0001 -1 -0.0055
vn 0.0001 -1 -0.0052
vn 0.0002 -1 -0.0058
vn 0.0001 -1 -0.0052
vn 0.0001 -1 -0.0052
vn 0.0001 -1 -0.0055
vn 0.0001 -1 -0.0052
vn -0 -1 -0.0053
vn 0.0001 -1 -0.0052
vn -0.0001 -1 -0.0058
vn -0 -1 -0.0053
vn 0.0001 -1 -0.0052
vn -0.0001 -1 -0.0058
vn -0 -1 -0.0057
vn -0 -1 -0.0053
vn -0.0001 -1 -0.0055
vn -0 -1 -0.0057
vn -0.0001 -1 -0.0058
vn -0 -1 -0.0054
vn -0.0001 -1 -0.0055
vn -0.0002 -1 -0.0055
vn -0.0001 -1 -0.0059
vn -0 -1 -0.0057
vn -0.0001 -1 -0.0055
vn -0 -1 -0.0054
vn 0.0002 -1 -0.0056
vn -0.0001 -1 -0.0055
vn -0 -1 -0.0054
vn 0.0002 -1 -0.0055
vn 0.0002 -1 -0.0056
vn -0.0001 -1 -0.0059
vn -0 -1 -0.0054
vn -0 -1 -0.0057
vn -0 -1 -0.0053
vn -0 -1 -0.0054
vn -0.0001 -1 -0.0059
vn -0 -1 -0.0054
vn -0 -1 -0.0057
vn 0.0002 -1 -0.0055
vn -0 -1 -0.0054
vn -0 -1 -0.0055
vn -0 -1 -0.0057
vn -0 -1 -0.0054
vn -0 -1 -0.0054
vn -0 -1 -0.0053
vn -0 -1 -0.0054
vn -0.0002 -1 -0.0053
vn -0 -1 -0.0055
vn -0 -1 -0.0054
vn -0 -1 -0.0054
vn -0 -1 -0.0054
vn -0 -1 -0.0054
vn -0 -1 -0.0057
vn -0.0002 -1 -0.0053
vn -0 -1 -0.0054
vn 0.0001 -1 -0.0055
vn -0 -1 -0.0054
vn -0 -1 -0.0054
vn -0 -1 -0.0057
vn -0 -1 -0.0057
vn -0 -1 -0.0053
vn 0.0001 -1 -0.0055
vn -0 -1 -0.0054
vn -0 -1 -0.0054
vn -0 -1 -0.0056
vn -0 -1 -0.0057
vn -0 -1 -0.0056
vn 0.0001 -1 -0.0055
vn -0 -1 -0.0053
vn -0 -1 -0.0054
vn -0 -1 -0.0054
vn -0 -1 -0.0056
vn -0 -1 -0.0054
vn -0 -1 -0.0054
vn -0 -1 -0.0054
vn -0 -1 -0.0054
vn 0.0001 -1 -0.0055
vn -0 -1 -0.0056
vn -0 -1 -0.0054
vn -0 -1 -0.0054
vn -0 -1 -0.0054
vn -0 -1 -0.0054
vn 0.0001 -1 -0.0055
vn -0 -1 -0.0054
vn -0 -1 -0.0054
vn -0 -1 -0.0051
vn 0.0001 -1 -0.0055
vn -0 -1 -0.0051
vn -0 -1 -0.0051
vn -0 -1 -0.0054
vn -0 -1 -0.0051
vn -0 -1 -0.005
vn -0 -1 -0.0051
vn -0 -1 -0.0057
vn -0 -1 -0.005
vn -0 -1 -0.0051
vn -0 -1 -0.0059
vn -0 -1 -0.005
vn -0 -1 -0.0057
vn -0 -1 -0.0059
vn -0 -1 -0.0055
vn -0 -1 -0.005
vn -0 -1 -0.0051
vn -0 -1 -0.0055
vn -0 -1 -0.0059
vn -0 -1 -0.0054
vn -0 -1 -0.0055
vn -0 -1 -0.0051
vn -0 -1 -0.0054
vn 0.0001 -1 -0.006
vn -0 -1 -0.0055
vn -0 -1 -0.0056
vn 0.0001 -1 -0.006
vn -0 -1 -0.0054
vn -0 -1 -0.0055
vn 0.0001 -1 -0.006
vn -0 -1 -0.0056
vn -0 -1 -0.0055
vn -0 -1 -0.0055
vn 0.0001 -1 -0.006
vn -0 -1 -0.0056
vn -0 -1 -0.0055
vn -0 -1 -0.0055
vn -0 -1 -0.0049
vn -0 -1 -0.0055
vn -0 -1 -0.0056
vn -0 -1 -0.0054
vn -0 -1 -0.0055
vn -0 -1 -0.0049
vn -0 -1 -0.0054
vn -0.0002 -1 -0.0059
vn -0 -1 -0.0055
vn -0 -1 -0.0056
vn -0.0002 -1 -0.0059
vn -0 -1 -0.0054
vn -0 -1 -0.0055
vn -0 -1 -0.0054
vn 0.0001 -1 -0.0053
vn -0 -1 -0.0054
vn -0 -1 -0.0054
vn -0 -1 -0.0055
vn -0 -1 -0.0054
vn -0 -1 -0.0054
vn -0 -1 -0.0054
vn -0 -1 -0.0054
vn -0 -1 -0.0052
vn -0 -1 -0.0054
vn -0 -0 -1
vn -0 -0 -1
vn -0 -0 -1
vn -0 -1 -0.0054
vn -0.0001 -1 -0.0054
vn -0 -1 -0.0054
vn -0 -0 1
vn -0 -0 1
vn -0 -0 1
vn -0.0002 -1 -0.0053
vn -0.0001 -1 -0.0054
vn -0 -1 -0.0054
vn -0.0002 -1 -0.0055
vn -0.0001 -1 -0.0054
vn -0.0002 -1 -0.0053
vn -0.0002 -1 -0.0055
vn -0.0001 -1 -0.0056
vn -0.0001 -1 -0.0054
vn -0.0002 -1 -0.0051
vn -0.0001 -1 -0.0056
vn -0.0002 -1 -0.0055
vn -0.0001 -1 -0.0058
vn -0.0001 -1 -0.0056
vn -0.0002 -1 -0.0051
vn -0.0001 -1 -0.0058
vn -0.0001 -1 -0.0059
vn -0.0001 -1 -0.0056
vn -0 -1 -0.0053
vn -0.0001 -1 -0.0059
vn -0.0001 -1 -0.0058
vn -0.0004 -1 -0.0054
vn 0.0002 -1 -0.0054
vn -0.0001 -1 -0.0054
vn -0.0004 -1 -0.0054
vn -0.0003 -1 -0.0053
vn 0.0002 -1 -0.0054
vn -0 -1 -0.0053
vn -0.0001 -1 -0.0059
vn -0 -1 -0.0053
vn -0.0004 -1 -0.0054
vn -0 -1 -0.0053
vn -0.0003 -1 -0.0053
vn -0 -1 -0.0053
vn -0 -1 -0.0058
vn -0.0001 -1 -0.0059
vn -0 -1 -0.0052
vn -0 -1 -0.0058
vn -0 -1 -0.0053
vn -0.0004 -1 -0.0054
vn 0.0002 -1 -0.0054
vn -0 -1 -0.0053
vn -0.0004 -1 -0.0054
vn 0.0004 -1 -0.0056
vn 0.0002 -1 -0.0054
vn -0.0001 -1 -0.0057
vn -0 -1 -0.0058
vn -0 -1 -0.0052
vn -0.0004 -1 -0.0054
vn -0 -1 -0.0054
vn 0.0004 -1 -0.0056
vn -0 -1 -0.0053
vn -0 -1 -0.0058
vn -0.0001 -1 -0.0057
vn -0.0004 -1 -0.0054
vn -0 -1 -0.0055
vn -0 -1 -0.0054
vn -0 -1 -0.0057
vn -0 -1 -0.0058
vn -0 -1 -0.0053
vn -0.0004 -1 -0.0054
vn 0.0001 -1 -0.0056
vn -0 -1 -0.0055
vn -0 -1 -0.0057
vn -0 -1 -0.005
vn -0 -1 -0.0058
vn -0.0004 -1 -0.0054
vn -0.0001 -1 -0.0053
vn 0.0001 -1 -0.0056
vn -0 -1 -0.0053
vn -0 -1 -0.005
vn -0 -1 -0.0057
vn -0.0004 -1 -0.0054
vn -0 -1 -0.0051
vn -0.0001 -1 -0.0053
vn -0 -1 -0.0055
vn -0 -1 -0.005
vn -0 -1 -0.0053
vn -0.0004 -1 -0.0054
vn -0.0002 -1 -0.0048
vn -0 -1 -0.0051
vn -0 -1 -0.0051
vn -0 -1 -0.005
vn -0 -1 -0.0055
vn -0.0004 -1 -0.0054
vn -0 -1 -0.0051
vn -0.0002 -1 -0.0048
vn -0.0004 -1 -0.0054
vn -0 -1 -0.005
vn -0 -1 -0.0051
vn -0.0004 -1 -0.0054
vn -0 -1 -0.0052
vn -0 -1 -0.005
vn -0.0004 -1 -0.0054
vn -0 -1 -0.0057
vn -0 -1 -0.0052
vn -0.0004 -1 -0.0054
vn 0.0001 -1 -0.0054
vn -0 -1 -0.0057
vn -0 -1 -0.0054
vn 0.0001 -1 -0.0054
vn -0.0004 -1 -0.0054
vn -0 -1 -0.0054
vn -0 -1 -0.0055
vn 0.0001 -1 -0.0054
vn -0 -1 -0.0055
vn -0 -1 -0.0055
vn -0 -1 -0.0054
vn -0 -1 -0.0058
vn -0 -1 -0.0055
vn -0 -1 -0.0055
vn -0 -1 -0.0058
vn -0 -1 -0.0057
vn -0 -1 -0.0055
vn -0 -1 -0.0059
vn -0 -1 -0.0057
vn -0 -1 -0.0058
vn -0 -1 -0.0055
vn -0 -1 -0.0057
vn -0 -1 -0.0059
vn -0 -1 -0.0052
vn -0 -1 -0.0057
vn -0 -1 -0.0055
vn -0 -1 -0.0052
vn -0 -1 -0.0057
vn -0 -1 -0.0057
vn -0 -1 -0.0056
vn -0 -1 -0.0057
vn -0 -1 -0.0052
vn 0.0001 -1 -0.0049
vn -0 -1 -0.0057
vn -0 -1 -0.0056
vn 0.0001 -1 -0.0049
vn -0 -1 -0.0055
vn -0 -1 -0.0057
vn 0.0001 -1 -0.0059
vn -0 -1 -0.0055
vn 0.0001 -1 -0.0049
vn -0 -1 -0.0053
vn -0 -1 -0.0055
vn 0.0001 -1 -0.0059
vn -0 -1 -0.0053
vn -0 -1 -0.0055
vn -0 -1 -0.0055
vn -0 -1 -0.0055
vn -0 -1 -0.0055
vn -0 -1 -0.0053
vn -0 -1 -0.0059
vn 0.0001 -1 -0.0059
vn -0 -1 -0.0058
vn -0 -1 -0.0059
vn -0 -1 -0.0052
vn 0.0001 -1 -0.0059
vn -0 -1 -0.0055
vn -0 -1 -0.0052
vn -0 -1 -0.0059
vn -0 -1 -0.0055
vn -0 -1 -0.0057
vn -0 -1 -0.0052
vn -0 -1 -0.0055
vn 0.0001 -1 -0.0052
vn -0 -1 -0.0057
vn -0 -1 -0.0054
vn 0.0001 -1 -0.0052
vn -0 -1 -0.0055
vn -0 -1 -0.0054
vn -0 -1 -0.0055
vn 0.0001 -1 -0.0052
vn -0 -1 -0.0054
vn -0 -1 -0.0054
vn -0 -1 -0.0054
vn -0.0002 -1 -0.0055
vn -0 -1 -0.0054
vn -0 -1 -0.0054
vn -0 -1 -0.0049
vn -0 -1 -0.0055
vn -0 -1 -0.0054
vn -0 -1 -0.0049
vn -0 -1 -0.0053
vn -0 -1 -0.0055
vn -0 -1 -0.0049
vn -0 -1 -0.0057
vn -0 -1 -0.0053
vn -0 -1 -0.0055
vn -0 -1 -0.0057
vn -0 -1 -0.0049
vn -0 -1 -0.0055
vn -0 -1 -0.0055
vn -0 -1 -0.0057
vn -0 -1 -0.0054
vn -0 -1 -0.0055
vn -0 -1 -0.0055
vn -0 -1 -0.0054
vn -0 -1 -0.0056
vn -0 -1 -0.0055
vn -0 -1 -0.0054
vn -0 -1 -0.0053
vn -0 -1 -0.0056
vn -0 -1 -0.0058
vn -0 -1 -0.0053
vn -0 -1 -0.0054
vn -0 -1 -0.0058
vn -0 -1 -0.0054
vn -0 -1 -0.0053
vn -0 -1 -0.0058
vn 0.0001 -1 -0.0055
vn -0 -1 -0.0054
vn -0 -1 -0.0054
vn 0.0001 -1 -0.0055
vn -0 -1 -0.0058
vn -0 -1 -0.0056
vn -0 -1 -0.0054
vn -0 -1 -0.0058
vn 0.0001 -1 -0.0055
vn -0 -1 -0.0054
vn -0.0002 -1 -0.0055
vn 0.0002 -1 -0.0054
vn -0 -1 -0.0054
vn 0.0001 -1 -0.0055
vn 0.0001 -1 -0.0054
vn 0.0002 -1 -0.0054
vn 0.0001 -1 -0.0055
vn 0.0002 -1 -0.0055
vn 0.0001 -1 -0.0054
vn 0.0001 -1 -0.0055
vn -0 -1 -0.0051
vn 0.0002 -1 -0.0055
vn 0.0001 -1 -0.0055
vn -0 -1 -0.0053
vn -0 -1 -0.0051
vn 0.0001 -1 -0.0055
vn -0 -1 -0.0054
vn -0 -1 -0.0053
vn 0.0001 -1 -0.0055
vn -0 -1 -0.0054
vn -0 -1 -0.0054
vn 0.0001 -1 -0.0055
vn 0.0001 -1 -0.0053
vn -0 -1 -0.0054
vn 0.0001 -1 -0.0055
vn -0 -1 -0.0055
vn 0.0001 -1 -0.0053
vn 0.0001 -1 -0.0055
vn -0 -1 -0.0054
vn -0 -1 -0.0055
vn 0.0001 -1 -0.0055
vn -0 -1 -0.0055
vn -0 -1 -0.0054
vn 0.0001 -1 -0.0055
vn -0 -1 -0.0054
vn -0 -1 -0.0055
vn 0.0001 -1 -0.0055
vn -0 -1 -0.0054
vn -0 -1 -0.0054
vn 0.0001 -1 -0.0055
vn -0 -1 -0.0056
vn -0 -1 -0.0055
vn -0 -1 -0.0054
vn -0 -1 -0.0056
vn -0 -1 -0.0054
vn -0 -1 -0.0055
vn -0 -1 -0.0056
vn -0 -1 -0.0055
vn -0 -1 -0.0054
vn -0 -1 -0.0056
vn -0 -1 -0.0054
vn -0 -1 -0.0055
vn -0 -1 -0.0053
vn -0 -1 -0.0054
vn -0 -1 -0.0056
vn -0 -1 -0.0053
vn -0 -1 -0.0053
vn -0 -1 -0.0054
vn -0 -1 -0.0053
vn -0 -1 -0.0056
vn -0 -1 -0.0053
vn -0 -1 -0.0053
vn -0 -1 -0.0055
vn -0 -1 -0.0056
vn 0.0001 -1 -0.0051
vn -0 -1 -0.0055
vn -0 -1 -0.0053
vn 0.0001 -1 -0.0051
vn -0 -1 -0.0054
vn -0 -1 -0.0055
vn 0.0001 -1 -0.0051
vn -0 -1 -0.0054
vn -0 -1 -0.0054
vn 0.0002 -1 -0.0054
vn -0 -1 -0.0054
vn 0.0001 -1 -0.0051
vn 0.0002 -1 -0.0054
vn 0.0001 -1 -0.0052
vn -0 -1 -0.0054
vn -0 -1 -0.0054
vn -0 -1 -0.0054
vn 0.0002 -1 -0.0054
vn 0.0002 -1 -0.0054
vn 0.0001 -1 -0.0056
vn 0.0001 -1 -0.0052
vn 0.0001 -1 -0.0056
vn 0.0001 -1 -0.0056
vn 0.0002 -1 -0.0054
vn 0.0001 -1 -0.0056
vn 0.0001 -1 -0.0054
vn 0.0001 -1 -0.0056
vn 0.0001 -1 -0.0056
vn -0 -1 -0.0055
vn 0.0001 -1 -0.0054
vn -0 -1 -0.0055
vn -0 -1 -0.0055
vn 0.0001 -1 -0.0056
vn -0 -1 -0.0054
vn 0.0001 -1 -0.0055
vn -0 -1 -0.0054
vn -0 -1 -0.0054
vn 0.0001 -1 -0.0055
vn -0 -1 -0.0054
vn -0 -1 -0.0054
vn -0 -1 -0.0054
vn 0.0001 -1 -0.0055
vn -0 -1 -0.0055
vn -0 -1 -0.0054
vn -0 -1 -0.0054
vn -0 -1 -0.0055
vn -0 -1 -0.0053
vn -0 -1 -0.0054
vn -0 -1 -0.0056
vn -0 -1 -0.0053
vn -0 -1 -0.0055
vn -0 -1 -0.0056
vn -0 -1 -0.0055
vn -0 -1 -0.0053
vn -0 -1 -0.0058
vn -0 -1 -0.0055
vn -0 -1 -0.0056
vn -0 -1 -0.0058
vn -0 -1 -0.0052
vn -0 -1 -0.0055
vn -0 -1 -0.0054
vn -0 -1 -0.0052
vn -0 -1 -0.0058
vn -0 -1 -0.0054
vn -0.0001 -1 -0.005
vn -0 -1 -0.0052
vn 0.0001 -1 -0.0056
vn -0.0001 -1 -0.005
vn -0 -1 -0.0054
vn -0 -1 -0.0056
vn -0.0001 -1 -0.006
vn -0.0001 -1 -0.005
vn 0.0001 -1 -0.0056
vn -0 -1 -0.0056
vn -0.0001 -1 -0.005
vn -0 -1 -0.0055
vn -0.0001 -1 -0.006
vn -0 -1 -0.0056
vn 0.0001 -1 -0.0056
vn -0 -1 -0.0053
vn -0 -1 -0.0056
vn -0 -1 -0.0053
vn -0.0001 -1 -0.006
vn -0 -1 -0.0055
vn 0.0001 -1 -0.0056
vn -0 -1 -0.0054
vn -0 -1 -0.0053
vn -0 -1 -0.0054
vn -0.0001 -1 -0.006
vn -0 -1 -0.0053
vn 0.0001 -1 -0.0056
vn 0.0001 -1 -0.0052
vn -0 -1 -0.0054
vn -0 -1 -0.0059
vn 0.0001 -1 -0.0052
vn 0.0001 -1 -0.0056
vn -0 -1 -0.0055
vn -0.0001 -1 -0.006
vn -0 -1 -0.0054
vn -0 -1 -0.0055
vn 0.0001 -1 -0.0058
vn -0.0001 -1 -0.006
vn -0 -1 -0.0059
vn -0 -1 -0.0054
vn 0.0001 -1 -0.0052
vn -0 -1 -0.0055
vn 0.0001 -1 -0.0058
vn -0 -1 -0.0055
vn -0 -1 -0.0059
vn -0 -1 -0.0056
vn -0 -1 -0.0054
vn -0 -1 -0.0052
vn 0.0001 -1 -0.0058
vn -0 -1 -0.0055
vn -0 -1 -0.0059
vn -0 -1 -0.0054
vn -0 -1 -0.0056
vn 0.0001 -1 -0.0052
vn 0.0001 -1 -0.0058
vn -0 -1 -0.0052
vn -0 -1 -0.0059
vn -0 -1 -0.0051
vn -0 -1 -0.0054
vn 0.0001 -1 -0.0052
vn 0.0001 -1 -0.0054
vn 0.0001 -1 -0.0058
vn -0.0002 -1 -0.0054
vn -0 -1 -0.0051
vn -0 -1 -0.0059
vn 0.0002 -1 -0.0057
vn 0.0001 -1 -0.0054
vn 0.0001 -1 -0.0052
vn -0.0002 -1 -0.0054
vn -0.0002 -1 -0.0053
vn -0 -1 -0.0051
vn 0.0002 -1 -0.0058
vn 0.0001 -1 -0.0054
vn 0.0002 -1 -0.0057
vn -0.0002 -1 -0.0054
vn -0.0001 -1 -0.0053
vn -0.0002 -1 -0.0053
vn 0.0002 -1 -0.0058
vn -0 -1 -0.0055
vn 0.0001 -1 -0.0054
vn -0.0001 -1 -0.005
vn -0.0001 -1 -0.0053
vn -0.0002 -1 -0.0054
vn 0.0002 -1 -0.0053
vn -0 -1 -0.0055
vn 0.0002 -1 -0.0058
vn -0.0001 -1 -0.005
vn -0 -1 -0.0059
vn -0.0001 -1 -0.0053
vn -0 -1 -0.0055
vn -0 -1 -0.0055
vn 0.0002 -1 -0.0053
vn -0.0001 -1 -0.005
vn -0 -1 -0.0054
vn -0 -1 -0.0059
vn -0 -1 -0.0055
vn -0 -1 -0.0054
vn -0 -1 -0.0055
vn -0 -1 -0.0058
vn -0 -1 -0.0054
vn -0 -1 -0.0055
vn -0 -1 -0.0051
vn -0 -1 -0.0054
vn -0.0001 -1 -0.005
vn -0 -1 -0.0051
vn 0.0001 -1 -0.0052
vn -0 -1 -0.0054
vn 0.0001 -1 -0.0052
vn -0 -1 -0.0054
vn -0 -1 -0.0058
vn -0 -1 -0.0051
vn -0 -1 -0.0054
vn 0.0001 -1 -0.0052
vn -0 -1 -0.0051
vn 0.0001 -1 -0.0054
vn -0 -1 -0.0054
vn -0 -1 -0.0054
vn 0.0001 -1 -0.0054
vn -0 -1 -0.0051
vn 0.0001 -1 -0.0051
vn -0 -1 -0.0055
vn 0.0001 -1 -0.0054
vn -0 -1 -0.0054
vn 0.0001 -1 -0.0051
vn 0.0001 -1 -0.0054
vn 0.0002 -1 -0.0058
vn -0 -1 -0.0055
vn 0.0001 -1 -0.0051
vn 0.0002 -1 -0.0058
vn 0.0001 -1 -0.0052
vn -0 -1 -0.0055
vn 0.0002 -1 -0.0052
vn 0.0001 -1 -0.0052
vn 0.0002 -1 -0.0058
vn 0.0001 -1 -0.0052
vn 0.0001 -1 -0.0052
vn 0.0002 -1 -0.0052
vn 0.0001 -1 -0.0052
vn -0 -1 -0.0053
vn 0.0001 -1 -0.0052
vn -0 -1 -0.0053
vn -0 -1 -0.0053
vn 0.0001 -1 -0.0052
vn -0 -1 -0.0053
vn -0 -1 -0.0057
vn -0 -1 -0.0053
vn -0.0001 -1 -0.0055
vn -0 -1 -0.0057
vn -0 -1 -0.0053
vn -0 -1 -0.0054
vn -0.0001 -1 -0.0055
vn -0.0002 -1 -0.0055
vn -0.0001 -1 -0.0059
vn -0 -1 -0.0057
vn -0.0001 -1 -0.0055
vn -0 -1 -0.0054
vn 0.0002 -1 -0.0056
vn -0.0001 -1 -0.0055
vn -0 -1 -0.0054
vn -0.0003 -1 -0.0053
vn 0.0002 -1 -0.0056
vn -0.0001 -1 -0.0059
vn -0 -1 -0.0058
vn -0 -1 -0.0057
vn -0 -1 -0.0053
vn -0 -1 -0.0058
vn -0.0001 -1 -0.0059
vn -0 -1 -0.0054
vn -0 -1 -0.0057
vn -0.0003 -1 -0.0053
vn -0 -1 -0.0054
vn -0 -1 -0.0055
vn -0 -1 -0.0057
vn -0 -1 -0.0054
vn -0 -1 -0.0058
vn -0 -1 -0.0053
vn -0 -1 -0.0054
vn -0.0002 -1 -0.0053
vn -0 -1 -0.0055
vn -0 -1 -0.0055
vn -0 -1 -0.0058
vn -0 -1 -0.0054
vn -0 -1 -0.0054
vn -0 -1 -0.0057
vn -0.0002 -1 -0.0053
vn -0 -1 -0.0055
vn 0.0001 -1 -0.0055
vn -0 -1 -0.0058
vn -0 -1 -0.0054
vn -0 -1 -0.0057
vn -0 -1 -0.0057
vn -0 -1 -0.0053
vn 0.0001 -1 -0.0055
vn -0 -1 -0.0055
vn -0 -1 -0.0054
vn -0 -1 -0.0056
vn -0 -1 -0.0057
vn -0 -1 -0.0055
vn 0.0001 -1 -0.0055
vn -0 -1 -0.0053
vn -0 -1 -0.0054
vn -0 -1 -0.0054
vn -0 -1 -0.0056
vn -0 -1 -0.0054
vn -0 -1 -0.0054
vn -0 -1 -0.0054
vn -0 -1 -0.0056
vn 0.0001 -1 -0.0055
vn -0 -1 -0.0055
vn -0 -1 -0.0054
vn -0 -1 -0.0056
vn -0 -1 -0.0054
vn -0 -1 -0.0054
vn 0.0001 -1 -0.0055
vn -0 -1 -0.0056
vn -0 -1 -0.0054
vn -0 -1 -0.0051
vn 0.0001 -1 -0.0055
vn -0 -1 -0.0055
vn -0 -1 -0.0051
vn -0 -1 -0.0054
vn -0 -1 -0.0055
vn -0 -1 -0.0054
vn -0 -1 -0.0051
vn -0 -1 -0.0057
vn -0 -1 -0.0054
vn -0 -1 -0.0055
vn -0 -1 -0.0059
vn -0 -1 -0.0054
vn -0 -1 -0.0057
vn -0 -1 -0.0059
vn -0 -1 -0.0053
vn -0 -1 -0.0054
vn -0 -1 -0.0054
vn -0 -1 -0.0053
vn -0 -1 -0.0059
vn -0 -1 -0.0054
vn -0 -1 -0.0053
vn -0 -1 -0.0054
vn -0 -1 -0.0054
vn 0.0001 -1 -0.006
vn -0 -1 -0.0053
vn -0 -1 -0.0055
vn 0.0001 -1 -0.006
vn -0 -1 -0.0054
vn -0 -1 -0.0055
vn 0.0001 -1 -0.006
vn -0 -1 -0.0055
vn -0 -1 -0.0055
vn -0 -1 -0.0055
vn 0.0001 -1 -0.006
vn -0 -1 -0.0057
vn -0 -1 -0.0055
vn -0 -1 -0.0055
vn -0 -1 -0.0051
vn -0 -1 -0.0055
vn -0 -1 -0.0057
vn -0 -1 -0.0054
vn -0 -1 -0.0055
vn -0 -1 -0.0051
vn -0 -1 -0.0054
vn -0 -1 -0.0057
vn -0 -1 -0.0055
vn -0 -1 -0.0054
vn -0 -1 -0.0057
vn -0 -1 -0.0054
vn 0.5235 -0.0047 0.852
vn 0.487 -0.0047 0.8734
vn 0.487 -0.0047 0.8734
vn 0.5235 -0.0047 0.852
vn 0.487 -0.0047 0.8734
vn 0.4447 -0.0048 0.8956
vn 0.4447 -0.0048 0.8956
vn 0.487 -0.0047 0.8734
vn 0.4447 -0.0048 0.8956
vn 0.3977 -0.005 0.9175
vn 0.3977 -0.005 0.9175
vn 0.4447 -0.0048 0.8956
vn 0.3977 -0.005 0.9175
vn 0.347 -0.0051 0.9378
vn 0.347 -0.0051 0.9378
vn 0.3977 -0.005 0.9175
vn 0.347 -0.0051 0.9378
vn 0.2936 -0.0053 0.9559
vn 0.2936 -0.0053 0.9559
vn 0.347 -0.0051 0.9378
vn 0.2936 -0.0053 0.9559
vn 0.2387 -0.0054 0.9711
vn 0.2387 -0.0054 0.9711
vn 0.2936 -0.0053 0.9559
vn 0.2387 -0.0054 0.9711
vn 0.185 -0.0053 0.9827
vn 0.1847 -0.0054 0.9828
vn 0.2387 -0.0054 0.9711
vn 0.185 -0.0053 0.9827
vn 0.1331 -0.0054 0.9911
vn 0.1331 -0.0054 0.9911
vn 0.1847 -0.0054 0.9828
vn 0.1331 -0.0054 0.9911
vn 0.0848 -0.0054 0.9964
vn 0.0843 -0.0054 0.9964
vn 0.1331 -0.0054 0.9911
vn 0.0848 -0.0054 0.9964
vn 0.0403 -0.0054 0.9992
vn 0.0403 -0.0054 0.9992
vn 0.0843 -0.0054 0.9964
vn 0.0403 -0.0054 0.9992
vn -0.0252 -0.0054 0.9997
vn -0.0252 -0.0054 0.9997
vn 0.0403 -0.0054 0.9992
vn -0.0252 -0.0054 0.9997
vn -0.1412 -0.0053 0.99
vn -0.1412 -0.0053 0.99
vn -0.0252 -0.0054 0.9997
vn -0.1412 -0.0053 0.99
vn -0.2851 -0.0052 0.9585
vn -0.2851 -0.0052 0.9585
vn -0.1412 -0.0053 0.99
vn -0.2851 -0.0052 0.9585
vn -0.4257 -0.0049 0.9049
vn -0.4256 -0.0049 0.9049
vn -0.2851 -0.0052 0.9585
vn -0.4257 -0.0049 0.9049
vn -0.5558 -0.0045 0.8313
vn -0.5558 -0.0045 0.8313
vn -0.4256 -0.0049 0.9049
vn -0.5558 -0.0045 0.8313
vn -0.6701 -0.004 0.7422
vn -0.6701 -0.004 0.7422
vn -0.5558 -0.0045 0.8313
vn -0.6701 -0.004 0.7422
vn -0.7664 -0.0035 0.6424
vn -0.7664 -0.0035 0.6424
vn -0.6701 -0.004 0.7422
vn -0.7664 -0.0035 0.6424
vn -0.8438 -0.0029 0.5367
vn -0.8437 -0.0029 0.5367
vn -0.7664 -0.0035 0.6424
vn -0.8438 -0.0029 0.5367
vn -0.9036 -0.0023 0.4285
vn -0.9038 -0.0023 0.4279
vn -0.8437 -0.0029 0.5367
vn -0.9036 -0.0023 0.4285
vn -0.9475 -0.0018 0.3198
vn -0.9475 -0.0018 0.3198
vn -0.9038 -0.0023 0.4279
vn -0.9475 -0.0018 0.3198
vn -0.9773 -0.0012 0.2118
vn -0.9772 -0.0013 0.2124
vn -0.9475 -0.0018 0.3198
vn -0.9773 -0.0012 0.2118
vn -0.9944 -0.0006 0.1054
vn -0.9944 -0.0006 0.1054
vn -0.9772 -0.0013 0.2124
vn -0.9944 -0.0006 0.1054
vn -1 -0 -0.0004
vn -1 -0 -0.0004
vn -0.9944 -0.0006 0.1054
vn -1 -0 -0.0004
vn -0.994 0.0006 -0.1093
vn -0.994 0.0006 -0.1093
vn -1 -0 -0.0004
vn -0.994 0.0006 -0.1093
vn -0.9749 0.0012 -0.2227
vn -0.9749 0.0012 -0.2227
vn -0.994 0.0006 -0.1093
vn -0.9749 0.0012 -0.2227
vn -0.9406 0.0018 -0.3396
vn -0.9405 0.0019 -0.3399
vn -0.9749 0.0012 -0.2227
vn -0.9406 0.0018 -0.3396
vn -0.8894 0.0025 -0.457
vn -0.8895 0.0025 -0.457
vn -0.9405 0.0019 -0.3399
vn -0.8894 0.0025 -0.457
vn -0.8206 0.0031 -0.5715
vn -0.8206 0.0031 -0.5715
vn -0.8895 0.0025 -0.457
vn -0.8206 0.0031 -0.5715
vn -0.7339 0.0037 -0.6793
vn -0.7339 0.0037 -0.6793
vn -0.8206 0.0031 -0.5715
vn -0.7339 0.0037 -0.6793
vn -0.6308 0.0042 -0.7759
vn -0.6309 0.0042 -0.7759
vn -0.7339 0.0037 -0.6793
vn -0.6308 0.0042 -0.7759
vn -0.5146 0.0046 -0.8574
vn -0.5146 0.0046 -0.8574
vn -0.6309 0.0042 -0.7759
vn -0.5146 0.0046 -0.8574
vn -0.3887 0.005 -0.9213
vn -0.3887 0.005 -0.9214
vn -0.5146 0.0046 -0.8574
vn -0.3887 0.005 -0.9213
vn -0.2579 0.0052 -0.9662
vn -0.2582 0.0052 -0.9661
vn -0.3887 0.005 -0.9214
vn -0.2579 0.0052 -0.9662
vn -0.1276 0.0054 -0.9918
vn -0.1276 0.0054 -0.9918
vn -0.2582 0.0052 -0.9661
vn -0.1276 0.0054 -0.9918
vn -0.0021 0.0055 -1
vn -0.0021 0.0055 -1
vn -0.1276 0.0054 -0.9918
vn -0.0021 0.0055 -1
vn 0.1221 0.0055 -0.9925
vn 0.1224 0.0055 -0.9925
vn -0.0021 0.0055 -1
vn 0.1221 0.0055 -0.9925
vn 0.2547 0.0053 -0.967
vn 0.2547 0.0053 -0.967
vn 0.1224 0.0055 -0.9925
vn 0.2547 0.0053 -0.967
vn 0.3937 0.005 -0.9192
vn 0.3937 0.005 -0.9192
vn 0.2547 0.0053 -0.967
vn 0.3937 0.005 -0.9192
vn 0.5324 0.0046 -0.8465
vn 0.5327 0.0046 -0.8463
vn 0.3937 0.005 -0.9192
vn 0.5324 0.0046 -0.8465
vn 0.6607 0.0041 -0.7506
vn 0.6607 0.0041 -0.7506
vn 0.5327 0.0046 -0.8463
vn 0.6607 0.0041 -0.7506
vn 0.7701 0.0034 -0.6379
vn 0.7701 0.0034 -0.6379
vn 0.6607 0.0041 -0.7506
vn 0.7701 0.0034 -0.6379
vn 0.8563 0.0028 -0.5165
vn 0.8564 0.0031 -0.5163
vn 0.7701 0.0034 -0.6379
vn 0.8563 0.0028 -0.5165
vn 0.9186 0.0021 -0.3951
vn 0.9186 0.0021 -0.3951
vn 0.8564 0.0031 -0.5163
vn 0.9186 0.0021 -0.3951
vn 0.9599 0.0015 -0.2805
vn 0.9599 0.0015 -0.2805
vn 0.9186 0.0021 -0.3951
vn 0.9599 0.0015 -0.2805
vn 0.9844 0.0009 -0.1762
vn 0.9844 0.0009 -0.1759
vn 0.9599 0.0015 -0.2805
vn 0.9844 0.0009 -0.1762
vn 0.9966 0.0004 -0.0829
vn 0.9966 0.0004 -0.0829
vn 0.9844 0.0009 -0.1759
vn 0.9966 0.0004 -0.0829
vn 0.721 -0.0037 0.6929
vn 0.721 -0.0037 0.6929
vn 0.9966 0.0004 -0.0829
vn 0.721 -0.0037 0.6929
vn 0.7732 -0.0034 0.6341
vn 0.7733 -0.0035 0.634
vn 0.721 -0.0037 0.6929
vn 0.7732 -0.0034 0.6341
vn 0.9706 0.0013 -0.2405
vn 0.9706 0.0013 -0.2409
vn 0.7733 -0.0035 0.634
vn 0.9706 0.0013 -0.2405
vn 0.9427 0.0018 -0.3337
vn 0.9427 0.0018 -0.3337
vn 0.9706 0.0013 -0.2409
vn 0.9427 0.0018 -0.3337
vn 0.9004 0.0024 -0.435
vn 0.9006 0.0023 -0.4346
vn 0.9427 0.0018 -0.3337
vn 0.9004 0.0024 -0.435
vn 0.8413 0.0029 -0.5406
vn 0.8413 0.0029 -0.5406
vn 0.9006 0.0023 -0.4346
vn 0.8413 0.0029 -0.5406
vn 0.763 0.0035 -0.6464
vn 0.7633 0.0035 -0.646
vn 0.8413 0.0029 -0.5406
vn 0.763 0.0035 -0.6464
vn 0.667 0.004 -0.745
vn 0.667 0.004 -0.745
vn 0.7633 0.0035 -0.646
vn 0.667 0.004 -0.745
vn 0.5567 0.0045 -0.8307
vn 0.5566 0.0045 -0.8307
vn 0.667 0.004 -0.745
vn 0.5567 0.0045 -0.8307
vn 0.4379 0.0049 -0.899
vn 0.4379 0.0049 -0.899
vn 0.5566 0.0045 -0.8307
vn 0.4379 0.0049 -0.899
vn 0.3178 0.0051 -0.9482
vn 0.3178 0.0051 -0.9482
vn 0.4379 0.0049 -0.899
vn 0.3178 0.0051 -0.9482
vn 0.2027 0.0053 -0.9792
vn 0.2027 0.0053 -0.9792
vn 0.3178 0.0051 -0.9482
vn 0.2027 0.0053 -0.9792
vn 0.0966 0.0054 -0.9953
vn 0.0966 0.0054 -0.9953
vn 0.2027 0.0053 -0.9792
vn 0.0966 0.0054 -0.9953
vn 0.0076 0.0054 -1
vn 0.0076 0.0054 -1
vn 0.0966 0.0054 -0.9953
vn 0.0076 0.0054 -1
vn -0.0613 0.0054 -0.9981
vn -0.0613 0.0054 -0.9981
vn 0.0076 0.0054 -1
vn -0.0613 0.0054 -0.9981
vn -0.121 0.0054 -0.9926
vn -0.1211 0.0054 -0.9926
vn -0.0613 0.0054 -0.9981
vn -0.121 0.0054 -0.9926
vn -0.179 0.0053 -0.9838
vn -0.179 0.0053 -0.9838
vn -0.1211 0.0054 -0.9926
vn -0.179 0.0053 -0.9838
vn -0.2342 0.0051 -0.9722
vn -0.2345 0.0052 -0.9721
vn -0.179 0.0053 -0.9838
vn -0.2342 0.0051 -0.9722
vn -0.2865 0.0052 -0.9581
vn -0.2869 0.0052 -0.9579
vn -0.2345 0.0052 -0.9721
vn -0.2865 0.0052 -0.9581
vn -0.3348 0.0051 -0.9423
vn -0.3348 0.0051 -0.9423
vn -0.2869 0.0052 -0.9579
vn -0.3348 0.0051 -0.9423
vn -0.3793 0.0051 -0.9253
vn -0.3792 0.0051 -0.9253
vn -0.3348 0.0051 -0.9423
vn -0.3793 0.0051 -0.9253
vn -0.4199 0.0049 -0.9076
vn -0.4199 0.0049 -0.9076
vn -0.3792 0.0051 -0.9253
vn -0.4199 0.0049 -0.9076
vn -0.4571 0.0048 -0.8894
vn -0.4571 0.0048 -0.8894
vn -0.4199 0.0049 -0.9076
vn -0.4571 0.0048 -0.8894
vn -0.4907 0.0047 -0.8713
vn -0.4907 0.0047 -0.8713
vn -0.4571 0.0048 -0.8894
vn -0.4907 0.0047 -0.8713
vn -0.5202 0.0047 -0.854
vn -0.5201 0.0047 -0.8541
vn -0.4907 0.0047 -0.8713
vn -0.5202 0.0047 -0.854
vn 0.4824 0.0047 -0.876
vn 0.4826 0.0047 -0.8758
vn -0.5201 0.0047 -0.8541
vn 0.4824 0.0047 -0.876
vn 0.8775 -0.0027 0.4796
vn 0.8776 -0.0027 0.4794
vn 0.4826 0.0047 -0.8758
vn 0.8775 -0.0027 0.4796
vn 0.5235 -0.0047 0.852
vn 0.5235 -0.0047 0.852
vn 0.8776 -0.0027 0.4794
vn -0.9902 -0.0008 0.1398
vn -0.9703 -0.0013 0.2419
vn -0.9703 -0.0013 0.2419
vn -0.9902 -0.0008 0.1398
vn -0.9703 -0.0013 0.2419
vn -0.9368 -0.0019 0.3499
vn -0.9367 -0.0019 0.3502
vn -0.9703 -0.0013 0.2419
vn -0.9368 -0.0019 0.3499
vn -0.8866 -0.0025 0.4625
vn -0.8866 -0.0025 0.4625
vn -0.9367 -0.0019 0.3502
vn -0.8866 -0.0025 0.4625
vn -0.8178 -0.0031 0.5755
vn -0.8178 -0.0031 0.5755
vn -0.8866 -0.0025 0.4625
vn -0.8178 -0.0031 0.5755
vn -0.73 -0.0037 0.6835
vn -0.7301 -0.0037 0.6834
vn -0.8178 -0.0031 0.5755
vn -0.73 -0.0037 0.6835
vn -0.624 -0.0044 0.7814
vn -0.624 -0.0044 0.7814
vn -0.7301 -0.0037 0.6834
vn -0.624 -0.0044 0.7814
vn -0.5043 -0.0047 0.8635
vn -0.5043 -0.0047 0.8635
vn -0.624 -0.0044 0.7814
vn -0.5043 -0.0047 0.8635
vn -0.3761 -0.0049 0.9266
vn -0.3767 -0.005 0.9263
vn -0.5043 -0.0047 0.8635
vn -0.3761 -0.0049 0.9266
vn -0.246 -0.0052 0.9692
vn -0.246 -0.0052 0.9692
vn -0.3767 -0.005 0.9263
vn -0.246 -0.0052 0.9692
vn -0.1197 -0.0054 0.9928
vn -0.1197 -0.0054 0.9928
vn -0.246 -0.0052 0.9692
vn -0.1197 -0.0054 0.9928
vn -0.0041 -0.0054 1
vn -0.0041 -0.0054 1
vn -0.1197 -0.0054 0.9928
vn -0.0041 -0.0054 1
vn 0.1045 -0.0054 0.9945
vn 0.1048 -0.0054 0.9945
vn -0.0041 -0.0054 1
vn 0.1045 -0.0054 0.9945
vn 0.2182 -0.0053 0.9759
vn 0.2182 -0.0053 0.9759
vn 0.1048 -0.0054 0.9945
vn 0.2182 -0.0053 0.9759
vn 0.3376 -0.0051 0.9413
vn 0.3376 -0.0051 0.9413
vn 0.2182 -0.0053 0.9759
vn 0.3376 -0.0051 0.9413
vn 0.4583 -0.0048 0.8888
vn 0.4588 -0.0051 0.8885
vn 0.3376 -0.0051 0.9413
vn 0.4583 -0.0048 0.8888
vn 0.5755 -0.0044 0.8178
vn 0.5755 -0.0044 0.8178
vn 0.4588 -0.0051 0.8885
vn 0.5755 -0.0044 0.8178
vn 0.6814 -0.0039 0.7319
vn 0.6814 -0.0039 0.7319
vn 0.5755 -0.0044 0.8178
vn 0.6814 -0.0039 0.7319
vn 0.7721 -0.0034 0.6355
vn 0.7721 -0.0034 0.6355
vn 0.6814 -0.0039 0.7319
vn 0.7721 -0.0034 0.6355
vn 0.8451 -0.0029 0.5346
vn 0.8453 -0.0029 0.5343
vn 0.7721 -0.0034 0.6355
vn 0.8451 -0.0029 0.5346
vn 0.9007 -0.0023 0.4345
vn 0.9009 -0.0024 0.4341
vn 0.8453 -0.0029 0.5343
vn 0.9007 -0.0023 0.4345
vn 0.9412 -0.0018 0.338
vn 0.9412 -0.0018 0.338
vn 0.9009 -0.0024 0.4341
vn 0.9412 -0.0018 0.338
vn 0.9685 -0.0014 0.2492
vn 0.9685 -0.0014 0.2492
vn 0.9412 -0.0018 0.338
vn 0.9685 -0.0014 0.2492
vn 0.7766 0.0034 -0.63
vn 0.7767 0.0034 -0.6298
vn 0.9685 -0.0014 0.2492
vn 0.7766 0.0034 -0.63
vn -0.7382 0.0037 -0.6745
vn -0.7383 0.0037 -0.6745
vn 0.7767 0.0034 -0.6298
vn -0.7382 0.0037 -0.6745
vn -0.9902 -0.0008 0.1398
vn -0.9902 -0.0008 0.1398
vn -0.7383 0.0037 -0.6745
vn -0.4191 0.0049 -0.9079
vn -0.7379 0.0038 -0.6748
vn -0.7374 0.0037 -0.6754
vn -0.4191 0.0049 -0.9079
vn -0.7379 0.0038 -0.6748
vn -0.6873 0.0039 -0.7264
vn -0.6873 0.0039 -0.7264
vn -0.7374 0.0037 -0.6754
vn -0.6873 0.0039 -0.7264
vn -0.6338 0.0042 -0.7735
vn -0.6338 0.0042 -0.7735
vn -0.6873 0.0039 -0.7264
vn -0.6338 0.0042 -0.7735
vn -0.5761 0.0044 -0.8173
vn -0.576 0.0044 -0.8174
vn -0.6338 0.0042 -0.7735
vn -0.5761 0.0044 -0.8173
vn -0.515 0.0046 -0.8572
vn -0.515 0.0046 -0.8572
vn -0.576 0.0044 -0.8174
vn -0.515 0.0046 -0.8572
vn -0.4504 0.0048 -0.8928
vn -0.451 0.0049 -0.8925
vn -0.515 0.0046 -0.8572
vn -0.4504 0.0048 -0.8928
vn -0.3835 0.005 -0.9235
vn -0.3833 0.005 -0.9236
vn -0.451 0.0049 -0.8925
vn -0.3835 0.005 -0.9235
vn -0.313 0.0051 -0.9497
vn -0.3131 0.0051 -0.9497
vn -0.3833 0.005 -0.9236
vn -0.313 0.0051 -0.9497
vn -0.2387 0.0053 -0.9711
vn -0.239 0.0052 -0.971
vn -0.3131 0.0051 -0.9497
vn -0.2387 0.0053 -0.9711
vn -0.1618 0.0053 -0.9868
vn -0.1618 0.0053 -0.9868
vn -0.239 0.0052 -0.971
vn -0.1618 0.0053 -0.9868
vn -0.082 0.0054 -0.9966
vn -0.082 0.0054 -0.9966
vn -0.1618 0.0053 -0.9868
vn -0.082 0.0054 -0.9966
vn 0.0082 0.0054 -1
vn 0.0082 0.0054 -1
vn -0.082 0.0054 -0.9966
vn 0.0082 0.0054 -1
vn 0.1193 0.0055 -0.9928
vn 0.1193 0.0055 -0.9928
vn 0.0082 0.0054 -1
vn 0.1193 0.0055 -0.9928
vn 0.2446 0.0054 -0.9696
vn 0.2443 0.0053 -0.9697
vn 0.1193 0.0055 -0.9928
vn 0.2446 0.0054 -0.9696
vn 0.3734 0.0051 -0.9276
vn 0.3734 0.0051 -0.9276
vn 0.2443 0.0053 -0.9697
vn 0.3734 0.0051 -0.9276
vn 0.5024 0.0047 -0.8646
vn 0.5024 0.0047 -0.8646
vn 0.3734 0.0051 -0.9276
vn 0.5024 0.0047 -0.8646
vn 0.6249 0.0042 -0.7807
vn 0.6249 0.0042 -0.7807
vn 0.5024 0.0047 -0.8646
vn 0.6249 0.0042 -0.7807
vn 0.7341 0.0037 -0.679
vn 0.7341 0.0037 -0.679
vn 0.6249 0.0042 -0.7807
vn 0.7341 0.0037 -0.679
vn 0.8256 0.0031 -0.5642
vn 0.8256 0.0031 -0.5642
vn 0.7341 0.0037 -0.679
vn 0.8256 0.0031 -0.5642
vn 0.8966 0.0025 -0.4429
vn 0.8966 0.0025 -0.4429
vn 0.8256 0.0031 -0.5642
vn 0.8966 0.0025 -0.4429
vn 0.9468 0.0018 -0.3217
vn 0.9468 0.0018 -0.3217
vn 0.8966 0.0025 -0.4429
vn 0.9468 0.0018 -0.3217
vn 0.9786 0.0011 -0.2059
vn 0.9786 0.0011 -0.2059
vn 0.9468 0.0018 -0.3217
vn 0.9786 0.0011 -0.2059
vn 0.9951 0.0005 -0.0984
vn 0.9951 0.0005 -0.0984
vn 0.9786 0.0011 -0.2059
vn 0.9951 0.0005 -0.0984
vn 0.9997 0.0001 -0.0235
vn 0.9997 0.0001 -0.0239
vn 0.9951 0.0005 -0.0984
vn 0.9997 0.0001 -0.0235
vn 0.707 -0.0041 0.7072
vn 0.7072 -0.0041 0.707
vn 0.9997 0.0001 -0.0239
vn 0.707 -0.0041 0.7072
vn -0.707 -0.0041 0.7072
vn -0.7072 -0.0041 0.707
vn 0.7072 -0.0041 0.707
vn -0.707 -0.0041 0.7072
vn -0.9998 -0.0001 0.0216
vn -0.9998 -0.0001 0.0216
vn -0.7072 -0.0041 0.707
vn -0.9998 -0.0001 0.0216
vn -0.9959 -0.0005 0.0902
vn -0.9959 -0.0005 0.0903
vn -0.9998 -0.0001 0.0216
vn -0.9959 -0.0005 0.0902
vn -0.9823 -0.001 0.1874
vn -0.9824 -0.001 0.187
vn -0.9959 -0.0005 0.0903
vn -0.9823 -0.001 0.1874
vn -0.9569 -0.0016 0.2905
vn -0.9567 -0.0016 0.291
vn -0.9824 -0.001 0.187
vn -0.9569 -0.0016 0.2905
vn -0.9163 -0.0023 0.4005
vn -0.9161 -0.0022 0.4009
vn -0.9567 -0.0016 0.291
vn -0.9163 -0.0023 0.4005
vn -0.8578 -0.0028 0.514
vn -0.8578 -0.0028 0.514
vn -0.9161 -0.0022 0.4009
vn -0.8578 -0.0028 0.514
vn -0.7791 -0.0034 0.6269
vn -0.7791 -0.0034 0.6269
vn -0.8578 -0.0028 0.514
vn -0.7791 -0.0034 0.6269
vn -0.6794 -0.004 0.7338
vn -0.6794 -0.004 0.7338
vn -0.7791 -0.0034 0.6269
vn -0.6794 -0.004 0.7338
vn -0.56 -0.0046 0.8285
vn -0.5599 -0.0046 0.8285
vn -0.6794 -0.004 0.7338
vn -0.56 -0.0046 0.8285
vn -0.4251 -0.005 0.9051
vn -0.4251 -0.005 0.9051
vn -0.5599 -0.0046 0.8285
vn -0.4251 -0.005 0.9051
vn -0.2824 -0.0052 0.9593
vn -0.2824 -0.0052 0.9593
vn -0.4251 -0.005 0.9051
vn -0.2824 -0.0052 0.9593
vn -0.1386 -0.0054 0.9903
vn -0.1389 -0.0053 0.9903
vn -0.2824 -0.0052 0.9593
vn -0.1386 -0.0054 0.9903
vn -0.0142 -0.0054 0.9999
vn -0.0142 -0.0054 0.9999
vn -0.1389 -0.0053 0.9903
vn -0.0142 -0.0054 0.9999
vn 0.0823 -0.0054 0.9966
vn 0.0823 -0.0054 0.9966
vn -0.0142 -0.0054 0.9999
vn 0.0823 -0.0054 0.9966
vn 0.169 -0.0054 0.9856
vn 0.1687 -0.0053 0.9857
vn 0.0823 -0.0054 0.9966
vn 0.169 -0.0054 0.9856
vn 0.2584 -0.0053 0.966
vn 0.2587 -0.0052 0.9659
vn 0.1687 -0.0053 0.9857
vn 0.2584 -0.0053 0.966
vn 0.3464 -0.0051 0.9381
vn 0.3464 -0.0051 0.9381
vn 0.2587 -0.0052 0.9659
vn 0.3464 -0.0051 0.9381
vn 0.4284 -0.0049 0.9036
vn 0.4284 -0.0049 0.9036
vn 0.3464 -0.0051 0.9381
vn 0.4284 -0.0049 0.9036
vn 0.5011 -0.0047 0.8654
vn 0.5014 -0.0047 0.8652
vn 0.4284 -0.0049 0.9036
vn 0.5011 -0.0047 0.8654
vn 0.564 -0.0045 0.8257
vn 0.5641 -0.0045 0.8257
vn 0.5014 -0.0047 0.8652
vn 0.564 -0.0045 0.8257
vn 0.6168 -0.0042 0.7871
vn 0.6168 -0.0042 0.7871
vn 0.5641 -0.0045 0.8257
vn 0.6168 -0.0042 0.7871
vn 0.66 -0.0041 0.7513
vn 0.66 -0.0041 0.7512
vn 0.6168 -0.0042 0.7871
vn 0.66 -0.0041 0.7513
vn 0.6949 -0.0039 0.7191
vn 0.6949 -0.0039 0.7191
vn 0.66 -0.0041 0.7512
vn 0.6949 -0.0039 0.7191
vn 0.7227 -0.0037 0.6911
vn 0.7227 -0.0037 0.6911
vn 0.6949 -0.0039 0.7191
vn 0.7227 -0.0037 0.6911
vn 0.9315 -0.002 0.3639
vn 0.9314 -0.002 0.3639
vn 0.7227 -0.0037 0.6911
vn 0.9315 -0.002 0.3639
vn 0.707 -0.0041 0.7072
vn 0.707 -0.0036 0.7072
vn 0.9314 -0.002 0.3639
vn 0.707 -0.0041 0.7072
vn -0.7072 -0.0036 0.707
vn -0.707 -0.0036 0.7072
vn 0.707 -0.0036 0.7072
vn -0.7072 -0.0036 0.707
vn -0.7071 0.0038 -0.7071
vn -0.7071 0.0038 -0.7071
vn -0.707 -0.0036 0.7072
vn -0.7071 0.0038 -0.7071
vn 0.7071 0.0038 -0.7071
vn 0.7071 0.0038 -0.7071
vn -0.7071 0.0038 -0.7071
vn 0.7071 0.0038 -0.7071
vn 0.7071 0.0038 -0.7071
vn 0.7072 0.0044 -0.707
vn 0.7071 0.0038 -0.7071
vn 0.7071 0.0038 -0.7071
vn -0.4191 0.0049 -0.9079
vn -0.4191 0.0049 -0.9079
vn 0.7072 0.0044 -0.707
vn 0.7071 0.0038 -0.7071
vn 0.707 -0.0041 0.7072
vn 0.707 -0.0037 0.7072
vn 0.7071 0.0038 -0.7071
vn 0.707 -0.0041 0.7072
vn 0.7072 -0.0041 0.707
vn 0.707 -0.0041 0.7072
vn 0.707 -0.0037 0.7072
vn 0.7072 -0.0041 0.707
vn 0.9995 0.0002 -0.0303
vn 0.9995 0.0002 -0.0306
vn 0.707 -0.0041 0.7072
vn 0.9995 0.0002 -0.0303
vn 0.9918 0.0007 -0.1277
vn 0.9918 0.0007 -0.1277
vn 0.9995 0.0002 -0.0306
vn 0.9918 0.0007 -0.1277
vn 0.9639 0.0014 -0.2662
vn 0.9639 0.0014 -0.2664
vn 0.9918 0.0007 -0.1277
vn 0.9639 0.0014 -0.2662
vn 0.9125 0.0023 -0.4092
vn 0.9125 0.0023 -0.4091
vn 0.9639 0.0014 -0.2664
vn 0.9125 0.0023 -0.4092
vn 0.8372 0.003 -0.5468
vn 0.8372 0.003 -0.5468
vn 0.9125 0.0023 -0.4091
vn 0.8372 0.003 -0.5468
vn 0.7416 0.0036 -0.6708
vn 0.7416 0.0036 -0.6708
vn 0.8372 0.003 -0.5468
vn 0.7416 0.0036 -0.6708
vn 0.633 0.0042 -0.7742
vn 0.633 0.0042 -0.7742
vn 0.7416 0.0036 -0.6708
vn 0.633 0.0042 -0.7742
vn 0.5188 0.0046 -0.8549
vn 0.5188 0.0046 -0.8549
vn 0.633 0.0042 -0.7742
vn 0.5188 0.0046 -0.8549
vn 0.4058 0.0049 -0.9139
vn 0.4058 0.0049 -0.9139
vn 0.5188 0.0046 -0.8549
vn 0.4058 0.0049 -0.9139
vn 0.2977 0.0052 -0.9547
vn 0.2977 0.0052 -0.9546
vn 0.4058 0.0049 -0.9139
vn 0.2977 0.0052 -0.9547
vn 0.1949 0.0053 -0.9808
vn 0.1949 0.0053 -0.9808
vn 0.2977 0.0052 -0.9546
vn 0.1949 0.0053 -0.9808
vn 0.0967 0.0055 -0.9953
vn 0.0966 0.0054 -0.9953
vn 0.1949 0.0053 -0.9808
vn 0.0967 0.0055 -0.9953
vn 0.01 0.0057 -0.9999
vn 0.0097 0.0055 -0.9999
vn 0.0966 0.0054 -0.9953
vn 0.01 0.0057 -0.9999
vn -0.0568 0.0055 -0.9984
vn -0.0565 0.0054 -0.9984
vn 0.0097 0.0055 -0.9999
vn -0.0568 0.0055 -0.9984
vn -0.1121 0.0054 -0.9937
vn -0.1124 0.0054 -0.9936
vn -0.0565 0.0054 -0.9984
vn -0.1121 0.0054 -0.9937
vn -0.1663 0.0054 -0.9861
vn -0.1663 0.0054 -0.9861
vn -0.1124 0.0054 -0.9936
vn -0.1663 0.0054 -0.9861
vn -0.2175 0.0053 -0.9761
vn -0.2175 0.0053 -0.9761
vn -0.1663 0.0054 -0.9861
vn -0.2175 0.0053 -0.9761
vn -0.2659 0.0052 -0.964
vn -0.2659 0.0052 -0.964
vn -0.2175 0.0053 -0.9761
vn -0.2659 0.0052 -0.964
vn -0.3115 0.0051 -0.9502
vn -0.3115 0.0051 -0.9502
vn -0.2659 0.0052 -0.964
vn -0.3115 0.0051 -0.9502
vn -0.3545 0.0051 -0.935
vn -0.3545 0.0051 -0.935
vn -0.3115 0.0051 -0.9502
vn -0.3545 0.0051 -0.935
vn -0.3936 0.0051 -0.9192
vn -0.3938 0.0051 -0.9192
vn -0.3545 0.0051 -0.935
vn -0.3936 0.0051 -0.9192
vn -0.4296 0.0049 -0.903
vn -0.4293 0.005 -0.9032
vn -0.3938 0.0051 -0.9192
vn -0.4296 0.0049 -0.903
vn -0.4633 0.0048 -0.8862
vn -0.4633 0.0048 -0.8862
vn -0.4293 0.005 -0.9032
vn -0.4633 0.0048 -0.8862
vn -0.4937 0.0047 -0.8696
vn -0.4937 0.0047 -0.8696
vn -0.4633 0.0048 -0.8862
vn -0.4937 0.0047 -0.8696
vn 0.4963 0.0047 -0.8681
vn 0.4959 0.0047 -0.8684
vn -0.4937 0.0047 -0.8696
vn 0.4963 0.0047 -0.8681
vn 0.8536 -0.0028 0.5209
vn 0.854 -0.0028 0.5203
vn 0.4959 0.0047 -0.8684
vn 0.8536 -0.0028 0.5209
vn 0.4367 -0.0047 0.8996
vn 0.4371 -0.0049 0.8994
vn 0.854 -0.0028 0.5203
vn 0.4367 -0.0047 0.8996
vn 0.3974 -0.0051 0.9177
vn 0.3969 -0.0051 0.9178
vn 0.4371 -0.0049 0.8994
vn 0.3974 -0.0051 0.9177
vn 0.3617 -0.0051 0.9323
vn 0.3617 -0.0051 0.9323
vn 0.3969 -0.0051 0.9178
vn 0.3617 -0.0051 0.9323
vn 0.3289 -0.0052 0.9443
vn 0.3289 -0.0052 0.9443
vn 0.3617 -0.0051 0.9323
vn 0.3289 -0.0052 0.9443
vn 0.2973 -0.0053 0.9548
vn 0.297 -0.0053 0.9549
vn 0.3289 -0.0052 0.9443
vn 0.2973 -0.0053 0.9548
vn 0.2657 -0.0052 0.964
vn 0.266 -0.0053 0.9639
vn 0.297 -0.0053 0.9549
vn 0.2657 -0.0052 0.964
vn 0.2333 -0.0053 0.9724
vn 0.2333 -0.0053 0.9724
vn 0.266 -0.0053 0.9639
vn 0.2333 -0.0053 0.9724
vn 0.199 -0.0053 0.98
vn 0.199 -0.0053 0.98
vn 0.2333 -0.0053 0.9724
vn 0.199 -0.0053 0.98
vn 0.161 -0.0053 0.9869
vn 0.161 -0.0053 0.9869
vn 0.199 -0.0053 0.98
vn 0.161 -0.0053 0.9869
vn 0.1169 -0.0057 0.9931
vn 0.1169 -0.0054 0.9931
vn 0.161 -0.0053 0.9869
vn 0.1169 -0.0057 0.9931
vn 0.0637 -0.0054 0.998
vn 0.064 -0.0054 0.9979
vn 0.1169 -0.0054 0.9931
vn 0.0637 -0.0054 0.998
vn -0.0095 -0.0054 0.9999
vn -0.009 -0.0054 0.9999
vn 0.064 -0.0054 0.9979
vn -0.0095 -0.0054 0.9999
vn -0.1098 -0.0054 0.9939
vn -0.1098 -0.0054 0.9939
vn -0.009 -0.0054 0.9999
vn -0.1098 -0.0054 0.9939
vn -0.2284 -0.0053 0.9736
vn -0.2284 -0.0053 0.9736
vn -0.1098 -0.0054 0.9939
vn -0.2284 -0.0053 0.9736
vn -0.354 -0.0052 0.9352
vn -0.3545 -0.0052 0.935
vn -0.2284 -0.0053 0.9736
vn -0.354 -0.0052 0.9352
vn -0.4821 -0.0048 0.8761
vn -0.4821 -0.0048 0.8761
vn -0.3545 -0.0052 0.935
vn -0.4821 -0.0048 0.8761
vn -0.6053 -0.0044 0.796
vn -0.6053 -0.0044 0.796
vn -0.4821 -0.0048 0.8761
vn -0.6053 -0.0044 0.796
vn -0.7175 -0.0039 0.6965
vn -0.7175 -0.0039 0.6965
vn -0.6053 -0.0044 0.796
vn -0.7175 -0.0039 0.6965
vn -0.8123 -0.0033 0.5833
vn -0.8123 -0.0033 0.5833
vn -0.7175 -0.0039 0.6965
vn -0.8123 -0.0033 0.5833
vn -0.8867 -0.0026 0.4623
vn -0.8868 -0.0026 0.4622
vn -0.8123 -0.0033 0.5833
vn -0.8867 -0.0026 0.4623
vn -0.9409 -0.0019 0.3388
vn -0.9407 -0.0019 0.3391
vn -0.8868 -0.0026 0.4622
vn -0.9409 -0.0019 0.3388
vn -0.9757 -0.0012 0.2193
vn -0.9757 -0.0012 0.2193
vn -0.9407 -0.0019 0.3391
vn -0.9757 -0.0012 0.2193
vn -0.9943 -0.0006 0.1064
vn -0.9943 -0.0006 0.1064
vn -0.9757 -0.0012 0.2193
vn -0.9943 -0.0006 0.1064
vn -0.9997 -0.0001 0.0256
vn -0.9997 -0.0001 0.0256
vn -0.9943 -0.0006 0.1064
vn -0.9997 -0.0001 0.0256
vn -0.7072 -0.0041 0.707
vn -0.707 -0.0041 0.7072
vn -0.9997 -0.0001 0.0256
vn -0.7072 -0.0041 0.707
vn -0.707 -0.0038 0.7072
vn -0.7071 -0.0039 0.7071
vn -0.707 -0.0041 0.7072
vn -0.707 -0.0038 0.7072
vn -0.9215 0.0021 -0.3884
vn -0.9215 0.0021 -0.3884
vn -0.7071 -0.0039 0.7071
vn -0.9215 0.0021 -0.3884
vn 0.3885 0.0047 -0.9214
vn 0.3881 0.0051 -0.9216
vn -0.9215 0.0021 -0.3884
vn 0.3885 0.0047 -0.9214
vn 0.7071 0.0038 -0.7071
vn 0.7071 0.0038 -0.7071
vn 0.3881 0.0051 -0.9216
vn 0.7071 0.0038 -0.7071
vn 0.7071 0.0038 -0.7071
vn 0.7071 0.0038 -0.7071
vn 0.7071 0.0038 -0.7071
vn 0.5235 -0.0047 0.852
vn 0.487 -0.0048 0.8734
vn 0.487 -0.0048 0.8734
vn 0.5232 -0.0047 0.8522
vn 0.487 -0.0048 0.8734
vn 0.4447 -0.0048 0.8957
vn 0.4447 -0.0048 0.8957
vn 0.487 -0.0048 0.8734
vn 0.4447 -0.0048 0.8957
vn 0.3977 -0.005 0.9175
vn 0.3977 -0.005 0.9175
vn 0.4447 -0.0048 0.8957
vn 0.3977 -0.005 0.9175
vn 0.347 -0.0051 0.9378
vn 0.347 -0.0051 0.9378
vn 0.3977 -0.005 0.9175
vn 0.347 -0.0051 0.9378
vn 0.2936 -0.0053 0.9559
vn 0.2933 -0.0051 0.956
vn 0.347 -0.0051 0.9378
vn 0.2936 -0.0053 0.9559
vn 0.2387 -0.0054 0.9711
vn 0.2387 -0.0054 0.9711
vn 0.2933 -0.0051 0.956
vn 0.2387 -0.0054 0.9711
vn 0.1847 -0.0054 0.9828
vn 0.185 -0.0054 0.9827
vn 0.2387 -0.0054 0.9711
vn 0.1847 -0.0054 0.9828
vn 0.1332 -0.0054 0.9911
vn 0.1332 -0.0054 0.9911
vn 0.185 -0.0054 0.9827
vn 0.1332 -0.0054 0.9911
vn 0.0848 -0.0054 0.9964
vn 0.0848 -0.0054 0.9964
vn 0.1332 -0.0054 0.9911
vn 0.0848 -0.0054 0.9964
vn 0.0403 -0.0054 0.9992
vn 0.0403 -0.0054 0.9992
vn 0.0848 -0.0054 0.9964
vn 0.0403 -0.0054 0.9992
vn -0.0252 -0.0054 0.9997
vn -0.0252 -0.0054 0.9997
vn 0.0403 -0.0054 0.9992
vn -0.0252 -0.0054 0.9997
vn -0.1412 -0.0053 0.99
vn -0.1413 -0.0053 0.99
vn -0.0252 -0.0054 0.9997
vn -0.1412 -0.0053 0.99
vn -0.2854 -0.0052 0.9584
vn -0.2853 -0.0052 0.9584
vn -0.1413 -0.0053 0.99
vn -0.2854 -0.0052 0.9584
vn -0.4257 -0.0049 0.9049
vn -0.4257 -0.0049 0.9049
vn -0.2853 -0.0052 0.9584
vn -0.4257 -0.0049 0.9049
vn -0.5558 -0.0045 0.8313
vn -0.5558 -0.0045 0.8313
vn -0.4257 -0.0049 0.9049
vn -0.5558 -0.0045 0.8313
vn -0.67 -0.004 0.7424
vn -0.67 -0.004 0.7424
vn -0.5558 -0.0045 0.8313
vn -0.67 -0.004 0.7424
vn -0.7666 -0.0035 0.6422
vn -0.7663 -0.0035 0.6424
vn -0.67 -0.004 0.7424
vn -0.7666 -0.0035 0.6422
vn -0.8439 -0.0029 0.5365
vn -0.8439 -0.0029 0.5365
vn -0.7663 -0.0035 0.6424
vn -0.8439 -0.0029 0.5365
vn -0.9036 -0.0023 0.4285
vn -0.9038 -0.0023 0.4279
vn -0.8439 -0.0029 0.5365
vn -0.9036 -0.0023 0.4285
vn -0.9475 -0.0017 0.3198
vn -0.9475 -0.0017 0.3198
vn -0.9038 -0.0023 0.4279
vn -0.9475 -0.0017 0.3198
vn -0.9772 -0.0012 0.2122
vn -0.9772 -0.0012 0.2122
vn -0.9475 -0.0017 0.3198
vn -0.9772 -0.0012 0.2122
vn -0.9944 -0.0006 0.1057
vn -0.9944 -0.0006 0.1057
vn -0.9772 -0.0012 0.2122
vn -0.9944 -0.0006 0.1057
vn -1 -0 -0.0004
vn -1 -0 -0.0004
vn -0.9944 -0.0006 0.1057
vn -1 -0 -0.0004
vn -0.994 0.0006 -0.1092
vn -0.9941 0.0006 -0.1089
vn -1 -0 -0.0004
vn -0.994 0.0006 -0.1092
vn -0.9749 0.0012 -0.2227
vn -0.9748 0.0011 -0.2232
vn -0.9941 0.0006 -0.1089
vn -0.9749 0.0012 -0.2227
vn -0.9405 0.0017 -0.3399
vn -0.9404 0.0017 -0.34
vn -0.9748 0.0011 -0.2232
vn -0.9405 0.0017 -0.3399
vn -0.8894 0.0025 -0.457
vn -0.8895 0.0025 -0.457
vn -0.9404 0.0017 -0.34
vn -0.8894 0.0025 -0.457
vn -0.8204 0.0031 -0.5718
vn -0.8204 0.0031 -0.5718
vn -0.8895 0.0025 -0.457
vn -0.8204 0.0031 -0.5718
vn -0.7337 0.0037 -0.6795
vn -0.7337 0.0037 -0.6795
vn -0.8204 0.0031 -0.5718
vn -0.7337 0.0037 -0.6795
vn -0.631 0.0042 -0.7758
vn -0.631 0.0042 -0.7757
vn -0.7337 0.0037 -0.6795
vn -0.631 0.0042 -0.7758
vn -0.5148 0.0046 -0.8573
vn -0.5148 0.0046 -0.8573
vn -0.631 0.0042 -0.7757
vn -0.5148 0.0046 -0.8573
vn -0.3887 0.005 -0.9213
vn -0.3887 0.005 -0.9214
vn -0.5148 0.0046 -0.8573
vn -0.3887 0.005 -0.9213
vn -0.2582 0.0052 -0.9661
vn -0.2582 0.0052 -0.9661
vn -0.3887 0.005 -0.9214
vn -0.2582 0.0052 -0.9661
vn -0.1276 0.0054 -0.9918
vn -0.1276 0.0054 -0.9918
vn -0.2582 0.0052 -0.9661
vn -0.1276 0.0054 -0.9918
vn -0.0021 0.0055 -1
vn -0.0021 0.0055 -1
vn -0.1276 0.0054 -0.9918
vn -0.0021 0.0055 -1
vn 0.1224 0.0055 -0.9925
vn 0.1224 0.0055 -0.9925
vn -0.0021 0.0055 -1
vn 0.1224 0.0055 -0.9925
vn 0.2544 0.0053 -0.9671
vn 0.2544 0.0053 -0.9671
vn 0.1224 0.0055 -0.9925
vn 0.2544 0.0053 -0.9671
vn 0.3937 0.005 -0.9192
vn 0.3938 0.005 -0.9192
vn 0.2544 0.0053 -0.9671
vn 0.3937 0.005 -0.9192
vn 0.5325 0.0046 -0.8464
vn 0.5325 0.0046 -0.8464
vn 0.3938 0.005 -0.9192
vn 0.5325 0.0046 -0.8464
vn 0.6608 0.0041 -0.7506
vn 0.6604 0.0039 -0.7509
vn 0.5325 0.0046 -0.8464
vn 0.6608 0.0041 -0.7506
vn 0.7703 0.0034 -0.6376
vn 0.7703 0.0034 -0.6376
vn 0.6604 0.0039 -0.7509
vn 0.7703 0.0034 -0.6376
vn 0.8563 0.0028 -0.5165
vn 0.8563 0.0028 -0.5165
vn 0.7703 0.0034 -0.6376
vn 0.8563 0.0028 -0.5165
vn 0.9186 0.0021 -0.3951
vn 0.9186 0.0021 -0.3951
vn 0.8563 0.0028 -0.5165
vn 0.9186 0.0021 -0.3951
vn 0.9599 0.0015 -0.2805
vn 0.9598 0.0015 -0.2808
vn 0.9186 0.0021 -0.3951
vn 0.9599 0.0015 -0.2805
vn 0.9844 0.001 -0.1762
vn 0.9844 0.001 -0.1762
vn 0.9598 0.0015 -0.2808
vn 0.9844 0.001 -0.1762
vn 0.9966 0.0004 -0.083
vn 0.9966 0.0004 -0.083
vn 0.9844 0.001 -0.1762
vn 0.9966 0.0004 -0.083
vn 0.7208 -0.0038 0.6931
vn 0.721 -0.0038 0.6929
vn 0.9966 0.0004 -0.083
vn 0.7208 -0.0038 0.6931
vn 0.773 -0.0034 0.6345
vn 0.7733 -0.0034 0.6341
vn 0.721 -0.0038 0.6929
vn 0.773 -0.0034 0.6345
vn 0.9707 0.0013 -0.2404
vn 0.9707 0.0013 -0.2404
vn 0.7733 -0.0034 0.6341
vn 0.9707 0.0013 -0.2404
vn 0.9427 0.0018 -0.3337
vn 0.9427 0.0018 -0.3337
vn 0.9707 0.0013 -0.2404
vn 0.9427 0.0018 -0.3337
vn 0.9004 0.0024 -0.435
vn 0.9005 0.0024 -0.4349
vn 0.9427 0.0018 -0.3337
vn 0.9004 0.0024 -0.435
vn 0.8413 0.0029 -0.5406
vn 0.8413 0.0029 -0.5406
vn 0.9005 0.0024 -0.4349
vn 0.8413 0.0029 -0.5406
vn 0.7633 0.0035 -0.646
vn 0.7633 0.0035 -0.646
vn 0.8413 0.0029 -0.5406
vn 0.7633 0.0035 -0.646
vn 0.667 0.004 -0.745
vn 0.667 0.004 -0.745
vn 0.7633 0.0035 -0.646
vn 0.667 0.004 -0.745
vn 0.5567 0.0045 -0.8307
vn 0.5566 0.0045 -0.8307
vn 0.667 0.004 -0.745
vn 0.5567 0.0045 -0.8307
vn 0.4379 0.0049 -0.899
vn 0.4379 0.0049 -0.899
vn 0.5566 0.0045 -0.8307
vn 0.4379 0.0049 -0.899
vn 0.3178 0.0051 -0.9482
vn 0.3178 0.0051 -0.9482
vn 0.4379 0.0049 -0.899
vn 0.3178 0.0051 -0.9482
vn 0.2026 0.0053 -0.9793
vn 0.2026 0.0053 -0.9793
vn 0.3178 0.0051 -0.9482
vn 0.2026 0.0053 -0.9793
vn 0.0966 0.0054 -0.9953
vn 0.0966 0.0054 -0.9953
vn 0.2026 0.0053 -0.9793
vn 0.0966 0.0054 -0.9953
vn 0.0076 0.0054 -1
vn 0.0076 0.0054 -1
vn 0.0966 0.0054 -0.9953
vn 0.0076 0.0054 -1
vn -0.0612 0.0054 -0.9981
vn -0.0612 0.0054 -0.9981
vn 0.0076 0.0054 -1
vn -0.0612 0.0054 -0.9981
vn -0.1211 0.0054 -0.9926
vn -0.1211 0.0054 -0.9926
vn -0.0612 0.0054 -0.9981
vn -0.1211 0.0054 -0.9926
vn -0.1793 0.0053 -0.9838
vn -0.1791 0.0053 -0.9838
vn -0.1211 0.0054 -0.9926
vn -0.1793 0.0053 -0.9838
vn -0.2345 0.0053 -0.9721
vn -0.2345 0.0053 -0.9721
vn -0.1791 0.0053 -0.9838
vn -0.2345 0.0053 -0.9721
vn -0.2865 0.0052 -0.9581
vn -0.2869 0.0052 -0.9579
vn -0.2345 0.0053 -0.9721
vn -0.2865 0.0052 -0.9581
vn -0.3348 0.0051 -0.9423
vn -0.3348 0.0051 -0.9423
vn -0.2869 0.0052 -0.9579
vn -0.3348 0.0051 -0.9423
vn -0.3795 0.0051 -0.9252
vn -0.3793 0.0051 -0.9252
vn -0.3348 0.0051 -0.9423
vn -0.3795 0.0051 -0.9252
vn -0.4199 0.0049 -0.9076
vn -0.4199 0.0049 -0.9076
vn -0.3793 0.0051 -0.9252
vn -0.4199 0.0049 -0.9076
vn -0.4571 0.0048 -0.8894
vn -0.4568 0.0048 -0.8895
vn -0.4199 0.0049 -0.9076
vn -0.4571 0.0048 -0.8894
vn -0.4904 0.0047 -0.8715
vn -0.4904 0.0047 -0.8715
vn -0.4568 0.0048 -0.8895
vn -0.4904 0.0047 -0.8715
vn -0.5203 0.0046 -0.854
vn -0.5203 0.0046 -0.854
vn -0.4904 0.0047 -0.8715
vn -0.5203 0.0046 -0.854
vn 0.4827 0.0048 -0.8758
vn 0.4826 0.0047 -0.8758
vn -0.5203 0.0046 -0.854
vn 0.4827 0.0048 -0.8758
vn 0.8775 -0.0027 0.4796
vn 0.8776 -0.0027 0.4794
vn 0.4826 0.0047 -0.8758
vn 0.8775 -0.0027 0.4796
vn 0.5235 -0.0047 0.852
vn 0.5232 -0.0047 0.8522
vn 0.8776 -0.0027 0.4794
vn -0.9902 -0.0008 0.1398
vn -0.9704 -0.0013 0.2416
vn -0.9703 -0.0013 0.2419
vn -0.9902 -0.0008 0.1398
vn -0.9704 -0.0013 0.2416
vn -0.9368 -0.0019 0.3499
vn -0.9367 -0.0019 0.3502
vn -0.9703 -0.0013 0.2419
vn -0.9368 -0.0019 0.3499
vn -0.8866 -0.0025 0.4625
vn -0.8866 -0.0025 0.4626
vn -0.9367 -0.0019 0.3502
vn -0.8866 -0.0025 0.4625
vn -0.8178 -0.0031 0.5754
vn -0.8178 -0.0031 0.5755
vn -0.8866 -0.0025 0.4626
vn -0.8178 -0.0031 0.5754
vn -0.7299 -0.0038 0.6835
vn -0.73 -0.0038 0.6835
vn -0.8178 -0.0031 0.5755
vn -0.7299 -0.0038 0.6835
vn -0.6244 -0.0044 0.7811
vn -0.6241 -0.0043 0.7813
vn -0.73 -0.0038 0.6835
vn -0.6244 -0.0044 0.7811
vn -0.5044 -0.0047 0.8635
vn -0.5044 -0.0047 0.8634
vn -0.6241 -0.0043 0.7813
vn -0.5044 -0.0047 0.8635
vn -0.3764 -0.005 0.9265
vn -0.3764 -0.005 0.9265
vn -0.5044 -0.0047 0.8634
vn -0.3764 -0.005 0.9265
vn -0.2462 -0.0052 0.9692
vn -0.2462 -0.0052 0.9692
vn -0.3764 -0.005 0.9265
vn -0.2462 -0.0052 0.9692
vn -0.1198 -0.0054 0.9928
vn -0.1198 -0.0054 0.9928
vn -0.2462 -0.0052 0.9692
vn -0.1198 -0.0054 0.9928
vn -0.0041 -0.0054 1
vn -0.0041 -0.0054 1
vn -0.1198 -0.0054 0.9928
vn -0.0041 -0.0054 1
vn 0.105 -0.0055 0.9945
vn 0.1049 -0.0055 0.9945
vn -0.0041 -0.0054 1
vn 0.105 -0.0055 0.9945
vn 0.218 -0.0053 0.9759
vn 0.2183 -0.0053 0.9759
vn 0.1049 -0.0055 0.9945
vn 0.218 -0.0053 0.9759
vn 0.3377 -0.0051 0.9412
vn 0.3374 -0.0051 0.9413
vn 0.2183 -0.0053 0.9759
vn 0.3377 -0.0051 0.9412
vn 0.4584 -0.0048 0.8887
vn 0.4588 -0.0051 0.8885
vn 0.3374 -0.0051 0.9413
vn 0.4584 -0.0048 0.8887
vn 0.5752 -0.0044 0.818
vn 0.5754 -0.0044 0.8179
vn 0.4588 -0.0051 0.8885
vn 0.5752 -0.0044 0.818
vn 0.6814 -0.0039 0.7319
vn 0.6814 -0.0039 0.7319
vn 0.5754 -0.0044 0.8179
vn 0.6814 -0.0039 0.7319
vn 0.7721 -0.0034 0.6355
vn 0.7721 -0.0034 0.6355
vn 0.6814 -0.0039 0.7319
vn 0.7721 -0.0034 0.6355
vn 0.8451 -0.0029 0.5346
vn 0.8453 -0.0029 0.5343
vn 0.7721 -0.0034 0.6355
vn 0.8451 -0.0029 0.5346
vn 0.9008 -0.0023 0.4342
vn 0.9009 -0.0023 0.4341
vn 0.8453 -0.0029 0.5343
vn 0.9008 -0.0023 0.4342
vn 0.9412 -0.0018 0.338
vn 0.9412 -0.0018 0.338
vn 0.9009 -0.0023 0.4341
vn 0.9412 -0.0018 0.338
vn 0.9685 -0.0013 0.2492
vn 0.9685 -0.0013 0.2492
vn 0.9412 -0.0018 0.338
vn 0.9685 -0.0013 0.2492
vn 0.7766 0.0034 -0.63
vn 0.7767 0.0034 -0.6298
vn 0.9685 -0.0013 0.2492
vn 0.7766 0.0034 -0.63
vn -0.7386 0.0037 -0.6742
vn -0.7383 0.0036 -0.6745
vn 0.7767 0.0034 -0.6298
vn -0.7386 0.0037 -0.6742
vn -0.9902 -0.0008 0.1398
vn -0.9902 -0.0008 0.1398
vn -0.7383 0.0036 -0.6745
vn 0.7071 0.0038 -0.7071
vn -0.4939 0.0047 -0.8695
vn -0.4938 0.0047 -0.8696
vn 0.7071 0.0038 -0.7071
vn -0.4939 0.0047 -0.8695
vn -0.8475 0.0029 -0.5308
vn -0.8475 0.0029 -0.5308
vn -0.4938 0.0047 -0.8696
vn -0.8475 0.0029 -0.5308
vn -0.8215 0.0031 -0.5701
vn -0.8215 0.0031 -0.5701
vn -0.8475 0.0029 -0.5308
vn -0.8215 0.0031 -0.5701
vn -0.7894 0.0033 -0.6138
vn -0.7894 0.0033 -0.6138
vn -0.8215 0.0031 -0.5701
vn -0.7894 0.0033 -0.6138
vn -0.7501 0.0036 -0.6614
vn -0.7501 0.0036 -0.6614
vn -0.7894 0.0033 -0.6138
vn -0.7501 0.0036 -0.6614
vn -0.7014 0.0039 -0.7128
vn -0.7014 0.0039 -0.7128
vn -0.7501 0.0036 -0.6614
vn -0.7014 0.0039 -0.7128
vn -0.6415 0.0042 -0.7671
vn -0.6416 0.0042 -0.7671
vn -0.7014 0.0039 -0.7128
vn -0.6415 0.0042 -0.7671
vn -0.5678 0.0046 -0.8231
vn -0.5678 0.0046 -0.8231
vn -0.6416 0.0042 -0.7671
vn -0.5678 0.0046 -0.8231
vn -0.4797 0.0048 -0.8774
vn -0.4797 0.0048 -0.8774
vn -0.5678 0.0046 -0.8231
vn -0.4797 0.0048 -0.8774
vn -0.3761 0.005 -0.9266
vn -0.3758 0.005 -0.9267
vn -0.4797 0.0048 -0.8774
vn -0.3761 0.005 -0.9266
vn -0.2585 0.0053 -0.966
vn -0.2585 0.0053 -0.966
vn -0.3758 0.005 -0.9267
vn -0.2585 0.0053 -0.966
vn -0.1313 0.0055 -0.9913
vn -0.1314 0.0055 -0.9913
vn -0.2585 0.0053 -0.966
vn -0.1313 0.0055 -0.9913
vn -0.0133 0.0054 -0.9999
vn -0.0132 0.0054 -0.9999
vn -0.1314 0.0055 -0.9913
vn -0.0133 0.0054 -0.9999
vn 0.0794 0.0054 -0.9968
vn 0.0792 0.0054 -0.9968
vn -0.0132 0.0054 -0.9999
vn 0.0794 0.0054 -0.9968
vn 0.1584 0.0054 -0.9874
vn 0.158 0.0054 -0.9874
vn 0.0792 0.0054 -0.9968
vn 0.1584 0.0054 -0.9874
vn 0.2353 0.0054 -0.9719
vn 0.235 0.0054 -0.972
vn 0.158 0.0054 -0.9874
vn 0.2353 0.0054 -0.9719
vn 0.3087 0.0051 -0.9511
vn 0.3088 0.005 -0.9511
vn 0.235 0.0054 -0.972
vn 0.3087 0.0051 -0.9511
vn 0.3768 0.0052 -0.9263
vn 0.3769 0.0052 -0.9263
vn 0.3088 0.005 -0.9511
vn 0.3768 0.0052 -0.9263
vn 0.4392 0.0049 -0.8984
vn 0.4392 0.0049 -0.8984
vn 0.3769 0.0052 -0.9263
vn 0.4392 0.0049 -0.8984
vn 0.4948 0.0047 -0.869
vn 0.4948 0.0047 -0.869
vn 0.4392 0.0049 -0.8984
vn 0.4948 0.0047 -0.869
vn 0.5445 0.0045 -0.8387
vn 0.5445 0.0045 -0.8387
vn 0.4948 0.0047 -0.869
vn 0.5445 0.0045 -0.8387
vn 0.5882 0.0044 -0.8087
vn 0.5881 0.0044 -0.8088
vn 0.5445 0.0045 -0.8387
vn 0.5882 0.0044 -0.8087
vn 0.6257 0.0042 -0.7801
vn 0.6257 0.0042 -0.7801
vn 0.5881 0.0044 -0.8088
vn 0.6257 0.0042 -0.7801
vn 0.6585 0.0041 -0.7525
vn 0.6585 0.0041 -0.7525
vn 0.6257 0.0042 -0.7801
vn 0.6585 0.0041 -0.7525
vn 0.99 0.0008 -0.1414
vn 0.9899 0.0008 -0.1414
vn 0.6585 0.0041 -0.7525
vn 0.99 0.0008 -0.1414
vn 0.1401 -0.0054 0.9901
vn 0.1403 -0.0054 0.9901
vn 0.9899 0.0008 -0.1414
vn 0.1401 -0.0054 0.9901
vn -0.6578 -0.0041 0.7532
vn -0.6575 -0.0041 0.7534
vn 0.1403 -0.0054 0.9901
vn -0.6578 -0.0041 0.7532
vn -0.6217 -0.0043 0.7832
vn -0.6217 -0.0043 0.7833
vn -0.6575 -0.0041 0.7534
vn -0.6217 -0.0043 0.7832
vn -0.5851 -0.0044 0.8109
vn -0.5851 -0.0044 0.8109
vn -0.6217 -0.0043 0.7833
vn -0.5851 -0.0044 0.8109
vn -0.5477 -0.0045 0.8366
vn -0.5477 -0.0045 0.8366
vn -0.5851 -0.0044 0.8109
vn -0.5477 -0.0045 0.8366
vn -0.5076 -0.0047 0.8616
vn -0.5077 -0.0047 0.8615
vn -0.5477 -0.0045 0.8366
vn -0.5076 -0.0047 0.8616
vn -0.4647 -0.0048 0.8854
vn -0.465 -0.0049 0.8853
vn -0.5077 -0.0047 0.8615
vn -0.4647 -0.0048 0.8854
vn -0.4166 -0.005 0.9091
vn -0.4169 -0.005 0.9089
vn -0.465 -0.0049 0.8853
vn -0.4166 -0.005 0.9091
vn -0.3627 -0.0051 0.9319
vn -0.3626 -0.0051 0.9319
vn -0.4169 -0.005 0.9089
vn -0.3627 -0.0051 0.9319
vn -0.2985 -0.0052 0.9544
vn -0.2984 -0.0052 0.9544
vn -0.3626 -0.0051 0.9319
vn -0.2985 -0.0052 0.9544
vn -0.2196 -0.0054 0.9756
vn -0.22 -0.0053 0.9755
vn -0.2984 -0.0052 0.9544
vn -0.2196 -0.0054 0.9756
vn -0.1223 -0.0055 0.9925
vn -0.1223 -0.0055 0.9925
vn -0.22 -0.0053 0.9755
vn -0.1223 -0.0055 0.9925
vn 0.008 -0.0055 1
vn 0.0081 -0.0055 1
vn -0.1223 -0.0055 0.9925
vn 0.008 -0.0055 1
vn 0.1654 -0.0053 0.9862
vn 0.1654 -0.0053 0.9862
vn 0.0081 -0.0055 1
vn 0.1654 -0.0053 0.9862
vn 0.3228 -0.0051 0.9464
vn 0.3228 -0.0051 0.9464
vn 0.1654 -0.0053 0.9862
vn 0.3228 -0.0051 0.9464
vn 0.4663 -0.0049 0.8846
vn 0.4663 -0.0049 0.8846
vn 0.3228 -0.0051 0.9464
vn 0.4663 -0.0049 0.8846
vn 0.5918 -0.0046 0.806
vn 0.5918 -0.0046 0.806
vn 0.4663 -0.0049 0.8846
vn 0.5918 -0.0046 0.806
vn 0.6978 -0.0041 0.7163
vn 0.6976 -0.004 0.7165
vn 0.5918 -0.0046 0.806
vn 0.6978 -0.0041 0.7163
vn 0.7848 -0.0034 0.6197
vn 0.7848 -0.0034 0.6197
vn 0.6976 -0.004 0.7165
vn 0.7848 -0.0034 0.6197
vn 0.8542 -0.0029 0.52
vn 0.8543 -0.0028 0.5197
vn 0.7848 -0.0034 0.6197
vn 0.8542 -0.0029 0.52
vn 0.9088 -0.0023 0.4173
vn 0.909 -0.0023 0.4169
vn 0.8543 -0.0028 0.5197
vn 0.9088 -0.0023 0.4173
vn 0.9497 -0.0017 0.3132
vn 0.9497 -0.0017 0.3133
vn 0.909 -0.0023 0.4169
vn 0.9497 -0.0017 0.3132
vn 0.978 -0.0012 0.2088
vn 0.978 -0.0012 0.2088
vn 0.9497 -0.0017 0.3133
vn 0.978 -0.0012 0.2088
vn 0.9946 -0.0006 0.1038
vn 0.9946 -0.0006 0.1038
vn 0.978 -0.0012 0.2088
vn 0.9946 -0.0006 0.1038
vn 0.9997 -0.0001 0.0257
vn 0.9997 -0.0001 0.0257
vn 0.9946 -0.0006 0.1038
vn 0.9997 -0.0001 0.0257
vn 0.707 -0.0041 0.7072
vn 0.7072 -0.0041 0.707
vn 0.9997 -0.0001 0.0257
vn 0.707 -0.0041 0.7072
vn -0.7071 -0.0038 0.7071
vn -0.7071 -0.0038 0.7071
vn 0.7072 -0.0041 0.707
vn -0.7071 -0.0038 0.7071
vn -0.7071 0.0038 -0.7071
vn -0.7071 0.0038 -0.7071
vn -0.7071 -0.0038 0.7071
vn -0.7071 0.0038 -0.7071
vn 0.7071 0.0038 -0.7071
vn 0.7071 0.0038 -0.7071
vn -0.7071 0.0038 -0.7071
vn 0.7071 0.0038 -0.7071
vn 0.7071 0.0038 -0.7071
vn 0.7071 0.0038 -0.7071
vn 0.7071 0.0038 -0.7071
vt 0.222222 1
vt 0.259259 1
vt 0.240741 1
vt 0.222222 1
vt 0.277778 1
vt 0.259259 1
vt 0.203704 1
vt 0.277778 1
vt 0.222222 1
vt 0.203704 1
vt 0.296296 1
vt 0.277778 1
vt 0.185185 1
vt 0.296296 1
vt 0.203704 1
vt 0.185185 1
vt 0.314815 1
vt 0.296296 1
vt 0.185185 1
vt 0.333333 1
vt 0.314815 1
vt 0.166667 1
vt 0.333333 1
vt 0.185185 1
vt 0.166667 1
vt 0.351852 1
vt 0.333333 1
vt 0.962963 1
vt 1 1
vt 0.981481 1
vt 0.962963 1
vt 0 1
vt 1 1
vt 0.148148 1
vt 0.351852 1
vt 0.166667 1
vt 0.148148 1
vt 0.37037 1
vt 0.351852 1
vt 0.148148 1
vt 0.388889 1
vt 0.37037 1
vt 0.12963 1
vt 0.388889 1
vt 0.148148 1
vt 0.12963 1
vt 0.407407 1
vt 0.388889 1
vt 0.111111 1
vt 0.407407 1
vt 0.12963 1
vt 0.111111 1
vt 0.425926 1
vt 0.407407 1
vt 0.111111 1
vt 0.444444 1
vt 0.425926 1
vt 0.092593 1
vt 0.444444 1
vt 0.111111 1
vt 0.092593 1
vt 0.462963 1
vt 0.444444 1
vt 0.074074 1
vt 0.462963 1
vt 0.092593 1
vt 0.074074 1
vt 0.648148 1
vt 0.462963 1
vt 0.648148 1
vt 0.62963 1
vt 0.462963 1
vt 0.62963 1
vt 0.611111 1
vt 0.462963 1
vt 0.611111 1
vt 0.592593 1
vt 0.462963 1
vt 0.592593 1
vt 0.574074 1
vt 0.462963 1
vt 0.574074 1
vt 0.555556 1
vt 0.462963 1
vt 0.555556 1
vt 0.537037 1
vt 0.462963 1
vt 0.537037 1
vt 0.518519 1
vt 0.462963 1
vt 0.518519 1
vt 0.5 1
vt 0.462963 1
vt 0.5 1
vt 0.481481 1
vt 0.462963 1
vt 0.055556 1
vt 0.685185 1
vt 0.074074 1
vt 0.685185 1
vt 0.666667 1
vt 0.074074 1
vt 0.666667 1
vt 0.648148 1
vt 0.074074 1
vt 0.037037 1
vt 0.722222 1
vt 0.055556 1
vt 0.722222 1
vt 0.703704 1
vt 0.055556 1
vt 0.703704 1
vt 0.685185 1
vt 0.055556 1
vt 0.037037 1
vt 0.740741 1
vt 0.722222 1
vt 0.037037 1
vt 0.759259 1
vt 0.740741 1
vt 0.018519 1
vt 0.759259 1
vt 0.037037 1
vt 0.018519 1
vt 0.777778 1
vt 0.759259 1
vt 0.018519 1
vt 0.796296 1
vt 0.777778 1
vt 0.962963 1
vt 0.018519 1
vt 0 1
vt 0.962963 1
vt 0.87037 1
vt 0.018519 1
vt 0.87037 1
vt 0.851852 1
vt 0.018519 1
vt 0.851852 1
vt 0.833333 1
vt 0.018519 1
vt 0.833333 1
vt 0.814815 1
vt 0.018519 1
vt 0.814815 1
vt 0.796296 1
vt 0.018519 1
vt 0.962963 1
vt 0.888889 1
vt 0.87037 1
vt 0.962963 1
vt 0.907407 1
vt 0.888889 1
vt 0.962963 1
vt 0.925926 1
vt 0.907407 1
vt 0.962963 1
vt 0.944444 1
vt 0.925926 1
vt 0.346939 1
vt 0.367347 1
vt 0.357143 1
vt 0.346939 1
vt 0.377551 1
vt 0.367347 1
vt 0.336735 1
vt 0.377551 1
vt 0.346939 1
vt 0.336735 1
vt 0.387755 1
vt 0.377551 1
vt 0.326531 1
vt 0.387755 1
vt 0.336735 1
vt 0.326531 1
vt 0.397959 1
vt 0.387755 1
vt 0.316327 1
vt 0.397959 1
vt 0.326531 1
vt 0.316327 1
vt 0.408163 1
vt 0.397959 1
vt 0.306122 1
vt 0.408163 1
vt 0.316327 1
vt 0.306122 1
vt 0.418367 1
vt 0.408163 1
vt 0.295918 1
vt 0.418367 1
vt 0.306122 1
vt 0.295918 1
vt 0.428571 1
vt 0.418367 1
vt 0.285714 1
vt 0.867347 1
vt 0.295918 1
vt 0.867347 1
vt 0.428571 1
vt 0.295918 1
vt 0.285714 1
vt 0.877551 1
vt 0.867347 1
vt 0.857143 1
vt 0.428571 1
vt 0.867347 1
vt 0.285714 1
vt 0.887755 1
vt 0.877551 1
vt 0.846939 1
vt 0.428571 1
vt 0.857143 1
vt 0.285714 1
vt 0.897959 1
vt 0.887755 1
vt 0.836735 1
vt 0.428571 1
vt 0.846939 1
vt 0.836735 1
vt 0.438776 1
vt 0.428571 1
vt 0.285714 1
vt 0.908163 1
vt 0.897959 1
vt 0.27551 1
vt 0.908163 1
vt 0.285714 1
vt 0.826531 1
vt 0.438776 1
vt 0.836735 1
vt 0.27551 1
vt 0.918367 1
vt 0.908163 1
vt 0.816327 1
vt 0.438776 1
vt 0.826531 1
vt 0.27551 1
vt 0.928571 1
vt 0.918367 1
vt 0.806122 1
vt 0.438776 1
vt 0.816327 1
vt 0.27551 1
vt 0.938776 1
vt 0.928571 1
vt 0.795918 1
vt 0.438776 1
vt 0.806122 1
vt 0.265306 1
vt 0.938776 1
vt 0.27551 1
vt 0.795918 1
vt 0.44898 1
vt 0.438776 1
vt 0.265306 1
vt 0.94898 1
vt 0.938776 1
vt 0.785714 1
vt 0.44898 1
vt 0.795918 1
vt 0.265306 1
vt 0.959184 1
vt 0.94898 1
vt 0.77551 1
vt 0.44898 1
vt 0.785714 1
vt 0.255102 1
vt 0.959184 1
vt 0.265306 1
vt 0.77551 1
vt 0.459184 1
vt 0.44898 1
vt 0.255102 1
vt 0.969388 1
vt 0.959184 1
vt 0.765306 1
vt 0.459184 1
vt 0.77551 1
vt 0.255102 1
vt 0.979592 1
vt 0.969388 1
vt 0.755102 1
vt 0.459184 1
vt 0.765306 1
vt 0.244898 1
vt 0.979592 1
vt 0.255102 1
vt 0.244898 1
vt 0.989796 1
vt 0.979592 1
vt 0.755102 1
vt 0.469388 1
vt 0.459184 1
vt 1 1
vt 0.469388 1
vt 0.755102 1
vt 0.244898 1
vt 1 1
vt 0.989796 1
vt 0.244898 1
vt 0.469388 1
vt 1 1
vt 0.234694 1
vt 0.469388 1
vt 0.244898 1
vt 0.234694 1
vt 0.479592 1
vt 0.469388 1
vt 0.22449 1
vt 0.489796 1
vt 0.234694 1
vt 0.489796 1
vt 0.479592 1
vt 0.234694 1
vt 0.22449 1
vt 0.5 1
vt 0.489796 1
vt 0.214286 1
vt 0.5 1
vt 0.22449 1
vt 0.214286 1
vt 0.510204 1
vt 0.5 1
vt 0.214286 1
vt 0.520408 1
vt 0.510204 1
vt 0.204082 1
vt 0.520408 1
vt 0.214286 1
vt 0.204082 1
vt 0.530612 1
vt 0.520408 1
vt 0.193878 1
vt 0.530612 1
vt 0.204082 1
vt 0.193878 1
vt 0.540816 1
vt 0.530612 1
vt 0.72449 1
vt 0.744898 1
vt 0.734694 1
vt 0.193878 1
vt 0.55102 1
vt 0.540816 1
vt 0.714286 1
vt 0.744898 1
vt 0.72449 1
vt 0.704082 1
vt 0.744898 1
vt 0.714286 1
vt 0.183673 1
vt 0.55102 1
vt 0.193878 1
vt 0.183673 1
vt 0.561224 1
vt 0.55102 1
vt 0.693878 1
vt 0.744898 1
vt 0.704082 1
vt 0.683673 1
vt 0.744898 1
vt 0.693878 1
vt 0.183673 1
vt 0.571429 1
vt 0.561224 1
vt 0.673469 1
vt 0.744898 1
vt 0.683673 1
vt 0.183673 1
vt 0.581633 1
vt 0.571429 1
vt 0.663265 1
vt 0.744898 1
vt 0.673469 1
vt 0.173469 1
vt 0.581633 1
vt 0.183673 1
vt 0.653061 1
vt 0.744898 1
vt 0.663265 1
vt 0.173469 1
vt 0.591837 1
vt 0.581633 1
vt 0.642857 1
vt 0.744898 1
vt 0.653061 1
vt 0.173469 1
vt 0.602041 1
vt 0.591837 1
vt 0.632653 1
vt 0.744898 1
vt 0.642857 1
vt 0.622449 1
vt 0.744898 1
vt 0.632653 1
vt 0.173469 1
vt 0.612245 1
vt 0.602041 1
vt 0.612245 1
vt 0.744898 1
vt 0.622449 1
vt 0.173469 1
vt 0.744898 1
vt 0.612245 1
vt 0.163265 1
vt 0.744898 1
vt 0.173469 1
vt 0.163265 1
vt 0 1
vt 0.744898 1
vt 0.153061 1
vt 0 1
vt 0.163265 1
vt 0.153061 1
vt 0.010204 1
vt 0 1
vt 0.153061 1
vt 0.020408 1
vt 0.010204 1
vt 0.142857 1
vt 0.020408 1
vt 0.153061 1
vt 0.142857 1
vt 0.030612 1
vt 0.020408 1
vt 0.142857 1
vt 0.040816 1
vt 0.030612 1
vt 0.132653 1
vt 0.040816 1
vt 0.142857 1
vt 0.132653 1
vt 0.05102 1
vt 0.040816 1
vt 0.132653 1
vt 0.061224 1
vt 0.05102 1
vt 0.122449 1
vt 0.061224 1
vt 0.132653 1
vt 0.122449 1
vt 0.071429 1
vt 0.061224 1
vt 0.122449 1
vt 0.081633 1
vt 0.071429 1
vt 0.122449 1
vt 0.091837 1
vt 0.081633 1
vt 0.112245 1
vt 0.091837 1
vt 0.122449 1
vt 0.112245 1
vt 0.102041 1
vt 0.091837 1
vt 0.964912 1
vt 1 1
vt 0.982456 1
vt 0.964912 1
vt 0 1
vt 1 1
vt 0.964912 1
vt 0.017544 1
vt 0 1
vt 0.947368 1
vt 0.017544 1
vt 0.964912 1
vt 0.929825 1
vt 0.017544 1
vt 0.947368 1
vt 0.912281 1
vt 0.035088 1
vt 0.929825 1
vt 0.035088 1
vt 0.017544 1
vt 0.929825 1
vt 0.912281 1
vt 0.052632 1
vt 0.035088 1
vt 0.912281 1
vt 0.070175 1
vt 0.052632 1
vt 0.894737 1
vt 0.070175 1
vt 0.912281 1
vt 0.894737 1
vt 0.087719 1
vt 0.070175 1
vt 0.894737 1
vt 0.105263 1
vt 0.087719 1
vt 0.877193 1
vt 0.105263 1
vt 0.894737 1
vt 0.877193 1
vt 0.122807 1
vt 0.105263 1
vt 0.45614 1
vt 0.491228 1
vt 0.473684 1
vt 0.438596 1
vt 0.491228 1
vt 0.45614 1
vt 0.877193 1
vt 0.140351 1
vt 0.122807 1
vt 0.421053 1
vt 0.491228 1
vt 0.438596 1
vt 0.859649 1
vt 0.140351 1
vt 0.877193 1
vt 0.859649 1
vt 0.157895 1
vt 0.140351 1
vt 0.403509 1
vt 0.491228 1
vt 0.421053 1
vt 0.385965 1
vt 0.491228 1
vt 0.403509 1
vt 0.859649 1
vt 0.175439 1
vt 0.157895 1
vt 0.368421 1
vt 0.491228 1
vt 0.385965 1
vt 0.859649 1
vt 0.192982 1
vt 0.175439 1
vt 0.350877 1
vt 0.491228 1
vt 0.368421 1
vt 0.859649 1
vt 0.210526 1
vt 0.192982 1
vt 0.333333 1
vt 0.491228 1
vt 0.350877 1
vt 0.842105 1
vt 0.210526 1
vt 0.859649 1
vt 0.315789 1
vt 0.491228 1
vt 0.333333 1
vt 0.842105 1
vt 0.22807 1
vt 0.210526 1
vt 0.298246 1
vt 0.491228 1
vt 0.315789 1
vt 0.842105 1
vt 0.245614 1
vt 0.22807 1
vt 0.280702 1
vt 0.491228 1
vt 0.298246 1
vt 0.842105 1
vt 0.263158 1
vt 0.245614 1
vt 0.263158 1
vt 0.491228 1
vt 0.280702 1
vt 0.842105 1
vt 0.491228 1
vt 0.263158 1
vt 0.824561 1
vt 0.491228 1
vt 0.842105 1
vt 0.807018 1
vt 0.491228 1
vt 0.824561 1
vt 0.789474 1
vt 0.491228 1
vt 0.807018 1
vt 0.789474 1
vt 0.508772 1
vt 0.491228 1
vt 0.77193 1
vt 0.508772 1
vt 0.789474 1
vt 0.77193 1
vt 0.526316 1
vt 0.508772 1
vt 0.77193 1
vt 0.54386 1
vt 0.526316 1
vt 0.754386 1
vt 0.54386 1
vt 0.77193 1
vt 0.754386 1
vt 0.561404 1
vt 0.54386 1
vt 0.754386 1
vt 0.578947 1
vt 0.561404 1
vt 0.754386 1
vt 0.596491 1
vt 0.578947 1
vt 0.736842 1
vt 0.596491 1
vt 0.754386 1
vt 0.736842 1
vt 0.614035 1
vt 0.596491 1
vt 0.736842 1
vt 0.631579 1
vt 0.614035 1
vt 0.719298 1
vt 0.631579 1
vt 0.736842 1
vt 0.719298 1
vt 0.649123 1
vt 0.631579 1
vt 0.719298 1
vt 0.666667 1
vt 0.649123 1
vt 0.701754 1
vt 0.666667 1
vt 0.719298 1
vt 0.701754 1
vt 0.684211 1
vt 0.666667 1
vt 0.196429 1
vt 0.232143 1
vt 0.214286 1
vt 0.178571 1
vt 0.232143 1
vt 0.196429 1
vt 0.178571 1
vt 0.25 1
vt 0.232143 1
vt 0.160714 1
vt 0.25 1
vt 0.178571 1
vt 0.142857 1
vt 0.25 1
vt 0.160714 1
vt 0.142857 1
vt 0.267857 1
vt 0.25 1
vt 0.125 1
vt 0.267857 1
vt 0.142857 1
vt 0.946429 1
vt 0.982143 1
vt 0.964286 1
vt 0.946429 1
vt 1 1
vt 0.982143 1
vt 0.125 1
vt 0.285714 1
vt 0.267857 1
vt 0.107143 1
vt 0.285714 1
vt 0.125 1
vt 0.089286 1
vt 0.285714 1
vt 0.107143 1
vt 0.089286 1
vt 0.303571 1
vt 0.285714 1
vt 0.071429 1
vt 0.303571 1
vt 0.089286 1
vt 0.071429 1
vt 0.321429 1
vt 0.303571 1
vt 0.053571 1
vt 0.321429 1
vt 0.071429 1
vt 0.035714 1
vt 0.321429 1
vt 0.053571 1
vt 0.035714 1
vt 0.339286 1
vt 0.321429 1
vt 0.017857 1
vt 0.339286 1
vt 0.035714 1
vt 0 1
vt 0.339286 1
vt 0.017857 1
vt 0 1
vt 0.696429 1
vt 0.339286 1
vt 0.696429 1
vt 0.357143 1
vt 0.339286 1
vt 0.946429 1
vt 0 1
vt 1 1
vt 0.946429 1
vt 0.910714 1
vt 0 1
vt 0.910714 1
vt 0.892857 1
vt 0 1
vt 0.892857 1
vt 0.875 1
vt 0 1
vt 0.875 1
vt 0.857143 1
vt 0 1
vt 0.857143 1
vt 0.839286 1
vt 0 1
vt 0.839286 1
vt 0.821429 1
vt 0 1
vt 0.821429 1
vt 0.803571 1
vt 0 1
vt 0.803571 1
vt 0.785714 1
vt 0 1
vt 0.785714 1
vt 0.767857 1
vt 0 1
vt 0.767857 1
vt 0.75 1
vt 0 1
vt 0.75 1
vt 0.732143 1
vt 0 1
vt 0.732143 1
vt 0.714286 1
vt 0 1
vt 0.714286 1
vt 0.696429 1
vt 0 1
vt 0.678571 1
vt 0.357143 1
vt 0.696429 1
vt 0.660714 1
vt 0.357143 1
vt 0.678571 1
vt 0.642857 1
vt 0.357143 1
vt 0.660714 1
vt 0.625 1
vt 0.357143 1
vt 0.642857 1
vt 0.625 1
vt 0.375 1
vt 0.357143 1
vt 0.607143 1
vt 0.375 1
vt 0.625 1
vt 0.589286 1
vt 0.375 1
vt 0.607143 1
vt 0.571429 1
vt 0.375 1
vt 0.589286 1
vt 0.571429 1
vt 0.392857 1
vt 0.375 1
vt 0.553571 1
vt 0.392857 1
vt 0.571429 1
vt 0.535714 1
vt 0.392857 1
vt 0.553571 1
vt 0.535714 1
vt 0.410714 1
vt 0.392857 1
vt 0.517857 1
vt 0.410714 1
vt 0.535714 1
vt 0.946429 1
vt 0.928571 1
vt 0.910714 1
vt 0.5 1
vt 0.410714 1
vt 0.517857 1
vt 0.5 1
vt 0.428571 1
vt 0.410714 1
vt 0.482143 1
vt 0.428571 1
vt 0.5 1
vt 0.464286 1
vt 0.428571 1
vt 0.482143 1
vt 0.464286 1
vt 0.446429 1
vt 0.428571 1
vt 0.346939 1
vt 0.367347 1
vt 0.357143 1
vt 0.346939 1
vt 0.377551 1
vt 0.367347 1
vt 0.336735 1
vt 0.377551 1
vt 0.346939 1
vt 0.336735 1
vt 0.387755 1
vt 0.377551 1
vt 0.326531 1
vt 0.387755 1
vt 0.336735 1
vt 0.326531 1
vt 0.397959 1
vt 0.387755 1
vt 0.316327 1
vt 0.397959 1
vt 0.326531 1
vt 0.316327 1
vt 0.408163 1
vt 0.397959 1
vt 0.306122 1
vt 0.408163 1
vt 0.316327 1
vt 0.306122 1
vt 0.418367 1
vt 0.408163 1
vt 0.295918 1
vt 0.418367 1
vt 0.306122 1
vt 0.295918 1
vt 0.428571 1
vt 0.418367 1
vt 0.285714 1
vt 0.867347 1
vt 0.295918 1
vt 0.867347 1
vt 0.428571 1
vt 0.295918 1
vt 0.285714 1
vt 0.877551 1
vt 0.867347 1
vt 0.857143 1
vt 0.428571 1
vt 0.867347 1
vt 0.285714 1
vt 0.887755 1
vt 0.877551 1
vt 0.846939 1
vt 0.428571 1
vt 0.857143 1
vt 0.285714 1
vt 0.897959 1
vt 0.887755 1
vt 0.836735 1
vt 0.428571 1
vt 0.846939 1
vt 0.836735 1
vt 0.438776 1
vt 0.428571 1
vt 0.285714 1
vt 0.908163 1
vt 0.897959 1
vt 0.27551 1
vt 0.908163 1
vt 0.285714 1
vt 0.826531 1
vt 0.438776 1
vt 0.836735 1
vt 0.27551 1
vt 0.918367 1
vt 0.908163 1
vt 0.816327 1
vt 0.438776 1
vt 0.826531 1
vt 0.27551 1
vt 0.928571 1
vt 0.918367 1
vt 0.806122 1
vt 0.438776 1
vt 0.816327 1
vt 0.27551 1
vt 0.938776 1
vt 0.928571 1
vt 0.795918 1
vt 0.438776 1
vt 0.806122 1
vt 0.265306 1
vt 0.938776 1
vt 0.27551 1
vt 0.795918 1
vt 0.44898 1
vt 0.438776 1
vt 0.265306 1
vt 0.94898 1
vt 0.938776 1
vt 0.785714 1
vt 0.44898 1
vt 0.795918 1
vt 0.265306 1
vt 0.959184 1
vt 0.94898 1
vt 0.77551 1
vt 0.44898 1
vt 0.785714 1
vt 0.255102 1
vt 0.959184 1
vt 0.265306 1
vt 0.77551 1
vt 0.459184 1
vt 0.44898 1
vt 0.255102 1
vt 0.969388 1
vt 0.959184 1
vt 0.765306 1
vt 0.459184 1
vt 0.77551 1
vt 0.255102 1
vt 0.979592 1
vt 0.969388 1
vt 0.755102 1
vt 0.459184 1
vt 0.765306 1
vt 0.244898 1
vt 0.979592 1
vt 0.255102 1
vt 0.244898 1
vt 0.989796 1
vt 0.979592 1
vt 0.755102 1
vt 0.469388 1
vt 0.459184 1
vt 1 1
vt 0.469388 1
vt 0.755102 1
vt 0.244898 1
vt 1 1
vt 0.989796 1
vt 0.244898 1
vt 0.469388 1
vt 1 1
vt 0.234694 1
vt 0.469388 1
vt 0.244898 1
vt 0.234694 1
vt 0.479592 1
vt 0.469388 1
vt 0.22449 1
vt 0.489796 1
vt 0.234694 1
vt 0.489796 1
vt 0.479592 1
vt 0.234694 1
vt 0.22449 1
vt 0.5 1
vt 0.489796 1
vt 0.214286 1
vt 0.5 1
vt 0.22449 1
vt 0.214286 1
vt 0.510204 1
vt 0.5 1
vt 0.214286 1
vt 0.520408 1
vt 0.510204 1
vt 0.204082 1
vt 0.520408 1
vt 0.214286 1
vt 0.204082 1
vt 0.530612 1
vt 0.520408 1
vt 0.193878 1
vt 0.530612 1
vt 0.204082 1
vt 0.193878 1
vt 0.540816 1
vt 0.530612 1
vt 0.72449 1
vt 0.744898 1
vt 0.734694 1
vt 0.193878 1
vt 0.55102 1
vt 0.540816 1
vt 0.714286 1
vt 0.744898 1
vt 0.72449 1
vt 0.704082 1
vt 0.744898 1
vt 0.714286 1
vt 0.183673 1
vt 0.55102 1
vt 0.193878 1
vt 0.183673 1
vt 0.561224 1
vt 0.55102 1
vt 0.693878 1
vt 0.744898 1
vt 0.704082 1
vt 0.683673 1
vt 0.744898 1
vt 0.693878 1
vt 0.183673 1
vt 0.571429 1
vt 0.561224 1
vt 0.673469 1
vt 0.744898 1
vt 0.683673 1
vt 0.183673 1
vt 0.581633 1
vt 0.571429 1
vt 0.663265 1
vt 0.744898 1
vt 0.673469 1
vt 0.173469 1
vt 0.581633 1
vt 0.183673 1
vt 0.653061 1
vt 0.744898 1
vt 0.663265 1
vt 0.173469 1
vt 0.591837 1
vt 0.581633 1
vt 0.642857 1
vt 0.744898 1
vt 0.653061 1
vt 0.173469 1
vt 0.602041 1
vt 0.591837 1
vt 0.632653 1
vt 0.744898 1
vt 0.642857 1
vt 0.622449 1
vt 0.744898 1
vt 0.632653 1
vt 0.173469 1
vt 0.612245 1
vt 0.602041 1
vt 0.612245 1
vt 0.744898 1
vt 0.622449 1
vt 0.173469 1
vt 0.744898 1
vt 0.612245 1
vt 0.163265 1
vt 0.744898 1
vt 0.173469 1
vt 0.163265 1
vt 0 1
vt 0.744898 1
vt 0.153061 1
vt 0 1
vt 0.163265 1
vt 0.153061 1
vt 0.010204 1
vt 0 1
vt 0.153061 1
vt 0.020408 1
vt 0.010204 1
vt 0.142857 1
vt 0.020408 1
vt 0.153061 1
vt 0.142857 1
vt 0.030612 1
vt 0.020408 1
vt 0.142857 1
vt 0.040816 1
vt 0.030612 1
vt 0.132653 1
vt 0.040816 1
vt 0.142857 1
vt 0.132653 1
vt 0.05102 1
vt 0.040816 1
vt 0.132653 1
vt 0.061224 1
vt 0.05102 1
vt 0.122449 1
vt 0.061224 1
vt 0.132653 1
vt 0.122449 1
vt 0.071429 1
vt 0.061224 1
vt 0.122449 1
vt 0.081633 1
vt 0.071429 1
vt 0.122449 1
vt 0.091837 1
vt 0.081633 1
vt 0.112245 1
vt 0.091837 1
vt 0.122449 1
vt 0.112245 1
vt 0.102041 1
vt 0.091837 1
vt 0.259259 1
vt 0.222222 1
vt 0.240741 1
vt 0.277778 1
vt 0.222222 1
vt 0.259259 1
vt 0.277778 1
vt 0.203704 1
vt 0.222222 1
vt 0.296296 1
vt 0.203704 1
vt 0.277778 1
vt 0.296296 1
vt 0.185185 1
vt 0.203704 1
vt 0.314815 1
vt 0.185185 1
vt 0.296296 1
vt 0.333333 1
vt 0.185185 1
vt 0.314815 1
vt 0.333333 1
vt 0.166667 1
vt 0.185185 1
vt 0.351852 1
vt 0.166667 1
vt 0.333333 1
vt 1 1
vt 0.962963 1
vt 0.981481 1
vt 0 1
vt 0.962963 1
vt 1 1
vt 0.351852 1
vt 0.148148 1
vt 0.166667 1
vt 0.37037 1
vt 0.148148 1
vt 0.351852 1
vt 0.388889 1
vt 0.148148 1
vt 0.37037 1
vt 0.388889 1
vt 0.12963 1
vt 0.148148 1
vt 0.407407 1
vt 0.12963 1
vt 0.388889 1
vt 0.407407 1
vt 0.111111 1
vt 0.12963 1
vt 0.425926 1
vt 0.111111 1
vt 0.407407 1
vt 0.444444 1
vt 0.111111 1
vt 0.425926 1
vt 0.444444 1
vt 0.092593 1
vt 0.111111 1
vt 0.462963 1
vt 0.092593 1
vt 0.444444 1
vt 0.462963 1
vt 0.074074 1
vt 0.092593 1
vt 0.648148 1
vt 0.074074 1
vt 0.462963 1
vt 0.62963 1
vt 0.648148 1
vt 0.462963 1
vt 0.611111 1
vt 0.62963 1
vt 0.462963 1
vt 0.592593 1
vt 0.611111 1
vt 0.462963 1
vt 0.574074 1
vt 0.592593 1
vt 0.462963 1
vt 0.555556 1
vt 0.574074 1
vt 0.462963 1
vt 0.537037 1
vt 0.555556 1
vt 0.462963 1
vt 0.518519 1
vt 0.537037 1
vt 0.462963 1
vt 0.5 1
vt 0.518519 1
vt 0.462963 1
vt 0.481481 1
vt 0.5 1
vt 0.462963 1
vt 0.685185 1
vt 0.055556 1
vt 0.074074 1
vt 0.666667 1
vt 0.685185 1
vt 0.074074 1
vt 0.648148 1
vt 0.666667 1
vt 0.074074 1
vt 0.722222 1
vt 0.037037 1
vt 0.055556 1
vt 0.703704 1
vt 0.722222 1
vt 0.055556 1
vt 0.685185 1
vt 0.703704 1
vt 0.055556 1
vt 0.740741 1
vt 0.037037 1
vt 0.722222 1
vt 0.759259 1
vt 0.037037 1
vt 0.740741 1
vt 0.759259 1
vt 0.018519 1
vt 0.037037 1
vt 0.777778 1
vt 0.018519 1
vt 0.759259 1
vt 0.796296 1
vt 0.018519 1
vt 0.777778 1
vt 0.018519 1
vt 0.962963 1
vt 0 1
vt 0.87037 1
vt 0.962963 1
vt 0.018519 1
vt 0.851852 1
vt 0.87037 1
vt 0.018519 1
vt 0.833333 1
vt 0.851852 1
vt 0.018519 1
vt 0.814815 1
vt 0.833333 1
vt 0.018519 1
vt 0.796296 1
vt 0.814815 1
vt 0.018519 1
vt 0.888889 1
vt 0.962963 1
vt 0.87037 1
vt 0.907407 1
vt 0.962963 1
vt 0.888889 1
vt 0.925926 1
vt 0.962963 1
vt 0.907407 1
vt 0.944444 1
vt 0.962963 1
vt 0.925926 1
vt 0.367347 1
vt 0.346939 1
vt 0.357143 1
vt 0.377551 1
vt 0.346939 1
vt 0.367347 1
vt 0.377551 1
vt 0.336735 1
vt 0.346939 1
vt 0.387755 1
vt 0.336735 1
vt 0.377551 1
vt 0.387755 1
vt 0.326531 1
vt 0.336735 1
vt 0.397959 1
vt 0.326531 1
vt 0.387755 1
vt 0.397959 1
vt 0.316327 1
vt 0.326531 1
vt 0.408163 1
vt 0.316327 1
vt 0.397959 1
vt 0.408163 1
vt 0.306122 1
vt 0.316327 1
vt 0.418367 1
vt 0.306122 1
vt 0.408163 1
vt 0.418367 1
vt 0.295918 1
vt 0.306122 1
vt 0.428571 1
vt 0.295918 1
vt 0.418367 1
vt 0.867347 1
vt 0.285714 1
vt 0.295918 1
vt 0.428571 1
vt 0.867347 1
vt 0.295918 1
vt 0.877551 1
vt 0.285714 1
vt 0.867347 1
vt 0.428571 1
vt 0.857143 1
vt 0.867347 1
vt 0.887755 1
vt 0.285714 1
vt 0.877551 1
vt 0.428571 1
vt 0.846939 1
vt 0.857143 1
vt 0.897959 1
vt 0.285714 1
vt 0.887755 1
vt 0.428571 1
vt 0.836735 1
vt 0.846939 1
vt 0.438776 1
vt 0.836735 1
vt 0.428571 1
vt 0.908163 1
vt 0.285714 1
vt 0.897959 1
vt 0.908163 1
vt 0.27551 1
vt 0.285714 1
vt 0.438776 1
vt 0.826531 1
vt 0.836735 1
vt 0.918367 1
vt 0.27551 1
vt 0.908163 1
vt 0.438776 1
vt 0.816327 1
vt 0.826531 1
vt 0.928571 1
vt 0.27551 1
vt 0.918367 1
vt 0.438776 1
vt 0.806122 1
vt 0.816327 1
vt 0.938776 1
vt 0.27551 1
vt 0.928571 1
vt 0.438776 1
vt 0.795918 1
vt 0.806122 1
vt 0.938776 1
vt 0.265306 1
vt 0.27551 1
vt 0.44898 1
vt 0.795918 1
vt 0.438776 1
vt 0.94898 1
vt 0.265306 1
vt 0.938776 1
vt 0.44898 1
vt 0.785714 1
vt 0.795918 1
vt 0.959184 1
vt 0.265306 1
vt 0.94898 1
vt 0.44898 1
vt 0.77551 1
vt 0.785714 1
vt 0.959184 1
vt 0.255102 1
vt 0.265306 1
vt 0.459184 1
vt 0.77551 1
vt 0.44898 1
vt 0.969388 1
vt 0.255102 1
vt 0.959184 1
vt 0.459184 1
vt 0.765306 1
vt 0.77551 1
vt 0.979592 1
vt 0.255102 1
vt 0.969388 1
vt 0.459184 1
vt 0.755102 1
vt 0.765306 1
vt 0.979592 1
vt 0.244898 1
vt 0.255102 1
vt 0.989796 1
vt 0.244898 1
vt 0.979592 1
vt 0.469388 1
vt 0.755102 1
vt 0.459184 1
vt 0.469388 1
vt 1 1
vt 0.755102 1
vt 1 1
vt 0.244898 1
vt 0.989796 1
vt 0.469388 1
vt 0.244898 1
vt 1 1
vt 0.469388 1
vt 0.234694 1
vt 0.244898 1
vt 0.479592 1
vt 0.234694 1
vt 0.469388 1
vt 0.489796 1
vt 0.22449 1
vt 0.234694 1
vt 0.479592 1
vt 0.489796 1
vt 0.234694 1
vt 0.5 1
vt 0.22449 1
vt 0.489796 1
vt 0.5 1
vt 0.214286 1
vt 0.22449 1
vt 0.510204 1
vt 0.214286 1
vt 0.5 1
vt 0.520408 1
vt 0.214286 1
vt 0.510204 1
vt 0.520408 1
vt 0.204082 1
vt 0.214286 1
vt 0.530612 1
vt 0.204082 1
vt 0.520408 1
vt 0.530612 1
vt 0.193878 1
vt 0.204082 1
vt 0.540816 1
vt 0.193878 1
vt 0.530612 1
vt 0.744898 1
vt 0.72449 1
vt 0.734694 1
vt 0.55102 1
vt 0.193878 1
vt 0.540816 1
vt 0.744898 1
vt 0.714286 1
vt 0.72449 1
vt 0.744898 1
vt 0.704082 1
vt 0.714286 1
vt 0.55102 1
vt 0.183673 1
vt 0.193878 1
vt 0.561224 1
vt 0.183673 1
vt 0.55102 1
vt 0.744898 1
vt 0.693878 1
vt 0.704082 1
vt 0.744898 1
vt 0.683673 1
vt 0.693878 1
vt 0.571429 1
vt 0.183673 1
vt 0.561224 1
vt 0.744898 1
vt 0.673469 1
vt 0.683673 1
vt 0.581633 1
vt 0.183673 1
vt 0.571429 1
vt 0.744898 1
vt 0.663265 1
vt 0.673469 1
vt 0.581633 1
vt 0.173469 1
vt 0.183673 1
vt 0.744898 1
vt 0.653061 1
vt 0.663265 1
vt 0.591837 1
vt 0.173469 1
vt 0.581633 1
vt 0.744898 1
vt 0.642857 1
vt 0.653061 1
vt 0.602041 1
vt 0.173469 1
vt 0.591837 1
vt 0.744898 1
vt 0.632653 1
vt 0.642857 1
vt 0.744898 1
vt 0.622449 1
vt 0.632653 1
vt 0.612245 1
vt 0.173469 1
vt 0.602041 1
vt 0.744898 1
vt 0.612245 1
vt 0.622449 1
vt 0.744898 1
vt 0.173469 1
vt 0.612245 1
vt 0.744898 1
vt 0.163265 1
vt 0.173469 1
vt 0 1
vt 0.163265 1
vt 0.744898 1
vt 0 1
vt 0.153061 1
vt 0.163265 1
vt 0.010204 1
vt 0.153061 1
vt 0 1
vt 0.020408 1
vt 0.153061 1
vt 0.010204 1
vt 0.020408 1
vt 0.142857 1
vt 0.153061 1
vt 0.030612 1
vt 0.142857 1
vt 0.020408 1
vt 0.040816 1
vt 0.142857 1
vt 0.030612 1
vt 0.040816 1
vt 0.132653 1
vt 0.142857 1
vt 0.05102 1
vt 0.132653 1
vt 0.040816 1
vt 0.061224 1
vt 0.132653 1
vt 0.05102 1
vt 0.061224 1
vt 0.122449 1
vt 0.132653 1
vt 0.071429 1
vt 0.122449 1
vt 0.061224 1
vt 0.081633 1
vt 0.122449 1
vt 0.071429 1
vt 0.091837 1
vt 0.122449 1
vt 0.081633 1
vt 0.091837 1
vt 0.112245 1
vt 0.122449 1
vt 0.102041 1
vt 0.112245 1
vt 0.091837 1
vt 1 1
vt 0.964912 1
vt 0.982456 1
vt 0 1
vt 0.964912 1
vt 1 1
vt 0.017544 1
vt 0.964912 1
vt 0 1
vt 0.017544 1
vt 0.947368 1
vt 0.964912 1
vt 0.017544 1
vt 0.929825 1
vt 0.947368 1
vt 0.035088 1
vt 0.912281 1
vt 0.929825 1
vt 0.017544 1
vt 0.035088 1
vt 0.929825 1
vt 0.052632 1
vt 0.912281 1
vt 0.035088 1
vt 0.070175 1
vt 0.912281 1
vt 0.052632 1
vt 0.070175 1
vt 0.894737 1
vt 0.912281 1
vt 0.087719 1
vt 0.894737 1
vt 0.070175 1
vt 0.105263 1
vt 0.894737 1
vt 0.087719 1
vt 0.105263 1
vt 0.877193 1
vt 0.894737 1
vt 0.122807 1
vt 0.877193 1
vt 0.105263 1
vt 0.491228 1
vt 0.45614 1
vt 0.473684 1
vt 0.491228 1
vt 0.438596 1
vt 0.45614 1
vt 0.140351 1
vt 0.877193 1
vt 0.122807 1
vt 0.491228 1
vt 0.421053 1
vt 0.438596 1
vt 0.140351 1
vt 0.859649 1
vt 0.877193 1
vt 0.157895 1
vt 0.859649 1
vt 0.140351 1
vt 0.491228 1
vt 0.403509 1
vt 0.421053 1
vt 0.491228 1
vt 0.385965 1
vt 0.403509 1
vt 0.175439 1
vt 0.859649 1
vt 0.157895 1
vt 0.491228 1
vt 0.368421 1
vt 0.385965 1
vt 0.192982 1
vt 0.859649 1
vt 0.175439 1
vt 0.491228 1
vt 0.350877 1
vt 0.368421 1
vt 0.210526 1
vt 0.859649 1
vt 0.192982 1
vt 0.491228 1
vt 0.333333 1
vt 0.350877 1
vt 0.210526 1
vt 0.842105 1
vt 0.859649 1
vt 0.491228 1
vt 0.315789 1
vt 0.333333 1
vt 0.22807 1
vt 0.842105 1
vt 0.210526 1
vt 0.491228 1
vt 0.298246 1
vt 0.315789 1
vt 0.245614 1
vt 0.842105 1
vt 0.22807 1
vt 0.491228 1
vt 0.280702 1
vt 0.298246 1
vt 0.263158 1
vt 0.842105 1
vt 0.245614 1
vt 0.491228 1
vt 0.263158 1
vt 0.280702 1
vt 0.491228 1
vt 0.842105 1
vt 0.263158 1
vt 0.491228 1
vt 0.824561 1
vt 0.842105 1
vt 0.491228 1
vt 0.807018 1
vt 0.824561 1
vt 0.491228 1
vt 0.789474 1
vt 0.807018 1
vt 0.508772 1
vt 0.789474 1
vt 0.491228 1
vt 0.508772 1
vt 0.77193 1
vt 0.789474 1
vt 0.526316 1
vt 0.77193 1
vt 0.508772 1
vt 0.54386 1
vt 0.77193 1
vt 0.526316 1
vt 0.54386 1
vt 0.754386 1
vt 0.77193 1
vt 0.561404 1
vt 0.754386 1
vt 0.54386 1
vt 0.578947 1
vt 0.754386 1
vt 0.561404 1
vt 0.596491 1
vt 0.754386 1
vt 0.578947 1
vt 0.596491 1
vt 0.736842 1
vt 0.754386 1
vt 0.614035 1
vt 0.736842 1
vt 0.596491 1
vt 0.631579 1
vt 0.736842 1
vt 0.614035 1
vt 0.631579 1
vt 0.719298 1
vt 0.736842 1
vt 0.649123 1
vt 0.719298 1
vt 0.631579 1
vt 0.666667 1
vt 0.719298 1
vt 0.649123 1
vt 0.666667 1
vt 0.701754 1
vt 0.719298 1
vt 0.684211 1
vt 0.701754 1
vt 0.666667 1
vt 0.232143 1
vt 0.196429 1
vt 0.214286 1
vt 0.232143 1
vt 0.178571 1
vt 0.196429 1
vt 0.25 1
vt 0.178571 1
vt 0.232143 1
vt 0.25 1
vt 0.160714 1
vt 0.178571 1
vt 0.25 1
vt 0.142857 1
vt 0.160714 1
vt 0.267857 1
vt 0.142857 1
vt 0.25 1
vt 0.267857 1
vt 0.125 1
vt 0.142857 1
vt 0.982143 1
vt 0.946429 1
vt 0.964286 1
vt 1 1
vt 0.946429 1
vt 0.982143 1
vt 0.285714 1
vt 0.125 1
vt 0.267857 1
vt 0.285714 1
vt 0.107143 1
vt 0.125 1
vt 0.285714 1
vt 0.089286 1
vt 0.107143 1
vt 0.303571 1
vt 0.089286 1
vt 0.285714 1
vt 0.303571 1
vt 0.071429 1
vt 0.089286 1
vt 0.321429 1
vt 0.071429 1
vt 0.303571 1
vt 0.321429 1
vt 0.053571 1
vt 0.071429 1
vt 0.321429 1
vt 0.035714 1
vt 0.053571 1
vt 0.339286 1
vt 0.035714 1
vt 0.321429 1
vt 0.339286 1
vt 0.017857 1
vt 0.035714 1
vt 0.339286 1
vt 0 1
vt 0.017857 1
vt 0.696429 1
vt 0 1
vt 0.339286 1
vt 0.357143 1
vt 0.696429 1
vt 0.339286 1
vt 0 1
vt 0.946429 1
vt 1 1
vt 0.910714 1
vt 0.946429 1
vt 0 1
vt 0.892857 1
vt 0.910714 1
vt 0 1
vt 0.875 1
vt 0.892857 1
vt 0 1
vt 0.857143 1
vt 0.875 1
vt 0 1
vt 0.839286 1
vt 0.857143 1
vt 0 1
vt 0.821429 1
vt 0.839286 1
vt 0 1
vt 0.803571 1
vt 0.821429 1
vt 0 1
vt 0.785714 1
vt 0.803571 1
vt 0 1
vt 0.767857 1
vt 0.785714 1
vt 0 1
vt 0.75 1
vt 0.767857 1
vt 0 1
vt 0.732143 1
vt 0.75 1
vt 0 1
vt 0.714286 1
vt 0.732143 1
vt 0 1
vt 0.696429 1
vt 0.714286 1
vt 0 1
vt 0.357143 1
vt 0.678571 1
vt 0.696429 1
vt 0.357143 1
vt 0.660714 1
vt 0.678571 1
vt 0.357143 1
vt 0.642857 1
vt 0.660714 1
vt 0.357143 1
vt 0.625 1
vt 0.642857 1
vt 0.375 1
vt 0.625 1
vt 0.357143 1
vt 0.375 1
vt 0.607143 1
vt 0.625 1
vt 0.375 1
vt 0.589286 1
vt 0.607143 1
vt 0.375 1
vt 0.571429 1
vt 0.589286 1
vt 0.392857 1
vt 0.571429 1
vt 0.375 1
vt 0.392857 1
vt 0.553571 1
vt 0.571429 1
vt 0.392857 1
vt 0.535714 1
vt 0.553571 1
vt 0.410714 1
vt 0.535714 1
vt 0.392857 1
vt 0.410714 1
vt 0.517857 1
vt 0.535714 1
vt 0.928571 1
vt 0.946429 1
vt 0.910714 1
vt 0.410714 1
vt 0.5 1
vt 0.517857 1
vt 0.428571 1
vt 0.5 1
vt 0.410714 1
vt 0.428571 1
vt 0.482143 1
vt 0.5 1
vt 0.428571 1
vt 0.464286 1
vt 0.482143 1
vt 0.446429 1
vt 0.464286 1
vt 0.428571 1
vt 0.367347 1
vt 0.346939 1
vt 0.357143 1
vt 0.377551 1
vt 0.346939 1
vt 0.367347 1
vt 0.377551 1
vt 0.336735 1
vt 0.346939 1
vt 0.387755 1
vt 0.336735 1
vt 0.377551 1
vt 0.387755 1
vt 0.326531 1
vt 0.336735 1
vt 0.397959 1
vt 0.326531 1
vt 0.387755 1
vt 0.397959 1
vt 0.316327 1
vt 0.326531 1
vt 0.408163 1
vt 0.316327 1
vt 0.397959 1
vt 0.408163 1
vt 0.306122 1
vt 0.316327 1
vt 0.418367 1
vt 0.306122 1
vt 0.408163 1
vt 0.418367 1
vt 0.295918 1
vt 0.306122 1
vt 0.428571 1
vt 0.295918 1
vt 0.418367 1
vt 0.867347 1
vt 0.285714 1
vt 0.295918 1
vt 0.428571 1
vt 0.867347 1
vt 0.295918 1
vt 0.877551 1
vt 0.285714 1
vt 0.867347 1
vt 0.428571 1
vt 0.857143 1
vt 0.867347 1
vt 0.887755 1
vt 0.285714 1
vt 0.877551 1
vt 0.428571 1
vt 0.846939 1
vt 0.857143 1
vt 0.897959 1
vt 0.285714 1
vt 0.887755 1
vt 0.428571 1
vt 0.836735 1
vt 0.846939 1
vt 0.438776 1
vt 0.836735 1
vt 0.428571 1
vt 0.908163 1
vt 0.285714 1
vt 0.897959 1
vt 0.908163 1
vt 0.27551 1
vt 0.285714 1
vt 0.438776 1
vt 0.826531 1
vt 0.836735 1
vt 0.918367 1
vt 0.27551 1
vt 0.908163 1
vt 0.438776 1
vt 0.816327 1
vt 0.826531 1
vt 0.928571 1
vt 0.27551 1
vt 0.918367 1
vt 0.438776 1
vt 0.806122 1
vt 0.816327 1
vt 0.938776 1
vt 0.27551 1
vt 0.928571 1
vt 0.438776 1
vt 0.795918 1
vt 0.806122 1
vt 0.938776 1
vt 0.265306 1
vt 0.27551 1
vt 0.44898 1
vt 0.795918 1
vt 0.438776 1
vt 0.94898 1
vt 0.265306 1
vt 0.938776 1
vt 0.44898 1
vt 0.785714 1
vt 0.795918 1
vt 0.959184 1
vt 0.265306 1
vt 0.94898 1
vt 0.44898 1
vt 0.77551 1
vt 0.785714 1
vt 0.959184 1
vt 0.255102 1
vt 0.265306 1
vt 0.459184 1
vt 0.77551 1
vt 0.44898 1
vt 0.969388 1
vt 0.255102 1
vt 0.959184 1
vt 0.459184 1
vt 0.765306 1
vt 0.77551 1
vt 0.979592 1
vt 0.255102 1
vt 0.969388 1
vt 0.459184 1
vt 0.755102 1
vt 0.765306 1
vt 0.979592 1
vt 0.244898 1
vt 0.255102 1
vt 0.989796 1
vt 0.244898 1
vt 0.979592 1
vt 0.469388 1
vt 0.755102 1
vt 0.459184 1
vt 0.469388 1
vt 1 1
vt 0.755102 1
vt 1 1
vt 0.244898 1
vt 0.989796 1
vt 0.469388 1
vt 0.244898 1
vt 1 1
vt 0.469388 1
vt 0.234694 1
vt 0.244898 1
vt 0.479592 1
vt 0.234694 1
vt 0.469388 1
vt 0.489796 1
vt 0.22449 1
vt 0.234694 1
vt 0.479592 1
vt 0.489796 1
vt 0.234694 1
vt 0.5 1
vt 0.22449 1
vt 0.489796 1
vt 0.5 1
vt 0.214286 1
vt 0.22449 1
vt 0.510204 1
vt 0.214286 1
vt 0.5 1
vt 0.520408 1
vt 0.214286 1
vt 0.510204 1
vt 0.520408 1
vt 0.204082 1
vt 0.214286 1
vt 0.530612 1
vt 0.204082 1
vt 0.520408 1
vt 0.530612 1
vt 0.193878 1
vt 0.204082 1
vt 0.540816 1
vt 0.193878 1
vt 0.530612 1
vt 0.744898 1
vt 0.72449 1
vt 0.734694 1
vt 0.55102 1
vt 0.193878 1
vt 0.540816 1
vt 0.744898 1
vt 0.714286 1
vt 0.72449 1
vt 0.744898 1
vt 0.704082 1
vt 0.714286 1
vt 0.55102 1
vt 0.183673 1
vt 0.193878 1
vt 0.561224 1
vt 0.183673 1
vt 0.55102 1
vt 0.744898 1
vt 0.693878 1
vt 0.704082 1
vt 0.744898 1
vt 0.683673 1
vt 0.693878 1
vt 0.571429 1
vt 0.183673 1
vt 0.561224 1
vt 0.744898 1
vt 0.673469 1
vt 0.683673 1
vt 0.581633 1
vt 0.183673 1
vt 0.571429 1
vt 0.744898 1
vt 0.663265 1
vt 0.673469 1
vt 0.581633 1
vt 0.173469 1
vt 0.183673 1
vt 0.744898 1
vt 0.653061 1
vt 0.663265 1
vt 0.591837 1
vt 0.173469 1
vt 0.581633 1
vt 0.744898 1
vt 0.642857 1
vt 0.653061 1
vt 0.602041 1
vt 0.173469 1
vt 0.591837 1
vt 0.744898 1
vt 0.632653 1
vt 0.642857 1
vt 0.744898 1
vt 0.622449 1
vt 0.632653 1
vt 0.612245 1
vt 0.173469 1
vt 0.602041 1
vt 0.744898 1
vt 0.612245 1
vt 0.622449 1
vt 0.744898 1
vt 0.173469 1
vt 0.612245 1
vt 0.744898 1
vt 0.163265 1
vt 0.173469 1
vt 0 1
vt 0.163265 1
vt 0.744898 1
vt 0 1
vt 0.153061 1
vt 0.163265 1
vt 0.010204 1
vt 0.153061 1
vt 0 1
vt 0.020408 1
vt 0.153061 1
vt 0.010204 1
vt 0.020408 1
vt 0.142857 1
vt 0.153061 1
vt 0.030612 1
vt 0.142857 1
vt 0.020408 1
vt 0.040816 1
vt 0.142857 1
vt 0.030612 1
vt 0.040816 1
vt 0.132653 1
vt 0.142857 1
vt 0.05102 1
vt 0.132653 1
vt 0.040816 1
vt 0.061224 1
vt 0.132653 1
vt 0.05102 1
vt 0.061224 1
vt 0.122449 1
vt 0.132653 1
vt 0.071429 1
vt 0.122449 1
vt 0.061224 1
vt 0.081633 1
vt 0.122449 1
vt 0.071429 1
vt 0.091837 1
vt 0.122449 1
vt 0.081633 1
vt 0.091837 1
vt 0.112245 1
vt 0.122449 1
vt 0.102041 1
vt 0.112245 1
vt 0.091837 1
vt 0 0
vt 0.013514 0
vt 0.013514 1
vt 0 1
vt 0.013514 0
vt 0.027027 0
vt 0.027027 1
vt 0.013514 1
vt 0.027027 0
vt 0.040541 0
vt 0.040541 1
vt 0.027027 1
vt 0.040541 0
vt 0.054054 0
vt 0.054054 1
vt 0.040541 1
vt 0.054054 0
vt 0.067568 0
vt 0.067568 1
vt 0.054054 1
vt 0.067568 0
vt 0.081081 0
vt 0.081081 1
vt 0.067568 1
vt 0.081081 0
vt 0.094595 0
vt 0.094595 1
vt 0.081081 1
vt 0.094595 0
vt 0.108108 0
vt 0.108108 1
vt 0.094595 1
vt 0.108108 0
vt 0.121622 0
vt 0.121622 1
vt 0.108108 1
vt 0.121622 0
vt 0.135135 0
vt 0.135135 1
vt 0.121622 1
vt 0.135135 0
vt 0.148649 0
vt 0.148649 1
vt 0.135135 1
vt 0.148649 0
vt 0.162162 0
vt 0.162162 1
vt 0.148649 1
vt 0.162162 0
vt 0.175676 0
vt 0.175676 1
vt 0.162162 1
vt 0.175676 0
vt 0.189189 0
vt 0.189189 1
vt 0.175676 1
vt 0.189189 0
vt 0.202703 0
vt 0.202703 1
vt 0.189189 1
vt 0.202703 0
vt 0.216216 0
vt 0.216216 1
vt 0.202703 1
vt 0.216216 0
vt 0.22973 0
vt 0.22973 1
vt 0.216216 1
vt 0.22973 0
vt 0.243243 0
vt 0.243243 1
vt 0.22973 1
vt 0.243243 0
vt 0.256757 0
vt 0.256757 1
vt 0.243243 1
vt 0.256757 0
vt 0.27027 0
vt 0.27027 1
vt 0.256757 1
vt 0.27027 0
vt 0.283784 0
vt 0.283784 1
vt 0.27027 1
vt 0.283784 0
vt 0.297297 0
vt 0.297297 1
vt 0.283784 1
vt 0.297297 0
vt 0.310811 0
vt 0.310811 1
vt 0.297297 1
vt 0.310811 0
vt 0.324324 0
vt 0.324324 1
vt 0.310811 1
vt 0.324324 0
vt 0.337838 0
vt 0.337838 1
vt 0.324324 1
vt 0.337838 0
vt 0.351351 0
vt 0.351351 1
vt 0.337838 1
vt 0.351351 0
vt 0.364865 0
vt 0.364865 1
vt 0.351351 1
vt 0.364865 0
vt 0.378378 0
vt 0.378378 1
vt 0.364865 1
vt 0.378378 0
vt 0.391892 0
vt 0.391892 1
vt 0.378378 1
vt 0.391892 0
vt 0.405405 0
vt 0.405405 1
vt 0.391892 1
vt 0.405405 0
vt 0.418919 0
vt 0.418919 1
vt 0.405405 1
vt 0.418919 0
vt 0.432432 0
vt 0.432432 1
vt 0.418919 1
vt 0.432432 0
vt 0.445946 0
vt 0.445946 1
vt 0.432432 1
vt 0.445946 0
vt 0.459459 0
vt 0.459459 1
vt 0.445946 1
vt 0.459459 0
vt 0.472973 0
vt 0.472973 1
vt 0.459459 1
vt 0.472973 0
vt 0.486486 0
vt 0.486486 1
vt 0.472973 1
vt 0.486486 0
vt 0.5 0
vt 0.5 1
vt 0.486486 1
vt 0.5 0
vt 0.513514 0
vt 0.513514 1
vt 0.5 1
vt 0.513514 0
vt 0.527027 0
vt 0.527027 1
vt 0.513514 1
vt 0.527027 0
vt 0.540541 0
vt 0.540541 1
vt 0.527027 1
vt 0.540541 0
vt 0.554054 0
vt 0.554054 1
vt 0.540541 1
vt 0.554054 0
vt 0.567568 0
vt 0.567568 1
vt 0.554054 1
vt 0.567568 0
vt 0.581081 0
vt 0.581081 1
vt 0.567568 1
vt 0.581081 0
vt 0.594595 0
vt 0.594595 1
vt 0.581081 1
vt 0.594595 0
vt 0.608108 0
vt 0.608108 1
vt 0.594595 1
vt 0.608108 0
vt 0.621622 0
vt 0.621622 1
vt 0.608108 1
vt 0.621622 0
vt 0.635135 0
vt 0.635135 1
vt 0.621622 1
vt 0.635135 0
vt 0.648649 0
vt 0.648649 1
vt 0.635135 1
vt 0.648649 0
vt 0.662162 0
vt 0.662162 1
vt 0.648649 1
vt 0.662162 0
vt 0.675676 0
vt 0.675676 1
vt 0.662162 1
vt 0.675676 0
vt 0.689189 0
vt 0.689189 1
vt 0.675676 1
vt 0.689189 0
vt 0.702703 0
vt 0.702703 1
vt 0.689189 1
vt 0.702703 0
vt 0.716216 0
vt 0.716216 1
vt 0.702703 1
vt 0.716216 0
vt 0.72973 0
vt 0.72973 1
vt 0.716216 1
vt 0.72973 0
vt 0.743243 0
vt 0.743243 1
vt 0.72973 1
vt 0.743243 0
vt 0.756757 0
vt 0.756757 1
vt 0.743243 1
vt 0.756757 0
vt 0.77027 0
vt 0.77027 1
vt 0.756757 1
vt 0.77027 0
vt 0.783784 0
vt 0.783784 1
vt 0.77027 1
vt 0.783784 0
vt 0.797297 0
vt 0.797297 1
vt 0.783784 1
vt 0.797297 0
vt 0.810811 0
vt 0.810811 1
vt 0.797297 1
vt 0.810811 0
vt 0.824324 0
vt 0.824324 1
vt 0.810811 1
vt 0.824324 0
vt 0.837838 0
vt 0.837838 1
vt 0.824324 1
vt 0.837838 0
vt 0.851351 0
vt 0.851351 1
vt 0.837838 1
vt 0.851351 0
vt 0.864865 0
vt 0.864865 1
vt 0.851351 1
vt 0.864865 0
vt 0.878378 0
vt 0.878378 1
vt 0.864865 1
vt 0.878378 0
vt 0.891892 0
vt 0.891892 1
vt 0.878378 1
vt 0.891892 0
vt 0.905405 0
vt 0.905405 1
vt 0.891892 1
vt 0.905405 0
vt 0.918919 0
vt 0.918919 1
vt 0.905405 1
vt 0.918919 0
vt 0.932432 0
vt 0.932432 1
vt 0.918919 1
vt 0.932432 0
vt 0.945946 0
vt 0.945946 1
vt 0.932432 1
vt 0.945946 0
vt 0.959459 0
vt 0.959459 1
vt 0.945946 1
vt 0.959459 0
vt 0.972973 0
vt 0.972973 1
vt 0.959459 1
vt 0.972973 0
vt 0.986486 0
vt 0.986486 1
vt 0.972973 1
vt 0.986486 0
vt 1 0
vt 1 1
vt 0.986486 1
vt 0 0
vt 0.04 0
vt 0.04 1
vt 0 1
vt 0.04 0
vt 0.08 0
vt 0.08 1
vt 0.04 1
vt 0.08 0
vt 0.12 0
vt 0.12 1
vt 0.08 1
vt 0.12 0
vt 0.16 0
vt 0.16 1
vt 0.12 1
vt 0.16 0
vt 0.2 0
vt 0.2 1
vt 0.16 1
vt 0.2 0
vt 0.24 0
vt 0.24 1
vt 0.2 1
vt 0.24 0
vt 0.28 0
vt 0.28 1
vt 0.24 1
vt 0.28 0
vt 0.32 0
vt 0.32 1
vt 0.28 1
vt 0.32 0
vt 0.36 0
vt 0.36 1
vt 0.32 1
vt 0.36 0
vt 0.4 0
vt 0.4 1
vt 0.36 1
vt 0.4 0
vt 0.44 0
vt 0.44 1
vt 0.4 1
vt 0.44 0
vt 0.48 0
vt 0.48 1
vt 0.44 1
vt 0.48 0
vt 0.52 0
vt 0.52 1
vt 0.48 1
vt 0.52 0
vt 0.56 0
vt 0.56 1
vt 0.52 1
vt 0.56 0
vt 0.6 0
vt 0.6 1
vt 0.56 1
vt 0.6 0
vt 0.64 0
vt 0.64 1
vt 0.6 1
vt 0.64 0
vt 0.68 0
vt 0.68 1
vt 0.64 1
vt 0.68 0
vt 0.72 0
vt 0.72 1
vt 0.68 1
vt 0.72 0
vt 0.76 0
vt 0.76 1
vt 0.72 1
vt 0.76 0
vt 0.8 0
vt 0.8 1
vt 0.76 1
vt 0.8 0
vt 0.84 0
vt 0.84 1
vt 0.8 1
vt 0.84 0
vt 0.88 0
vt 0.88 1
vt 0.84 1
vt 0.88 0
vt 0.92 0
vt 0.92 1
vt 0.88 1
vt 0.92 0
vt 0.96 0
vt 0.96 1
vt 0.92 1
vt 0.96 0
vt 1 0
vt 1 1
vt 0.96 1
vt 0 0
vt 0.017544 0
vt 0.017544 1
vt 0 1
vt 0.017544 0
vt 0.035088 0
vt 0.035088 1
vt 0.017544 1
vt 0.035088 0
vt 0.052632 0
vt 0.052632 1
vt 0.035088 1
vt 0.052632 0
vt 0.070175 0
vt 0.070175 1
vt 0.052632 1
vt 0.070175 0
vt 0.087719 0
vt 0.087719 1
vt 0.070175 1
vt 0.087719 0
vt 0.105263 0
vt 0.105263 1
vt 0.087719 1
vt 0.105263 0
vt 0.122807 0
vt 0.122807 1
vt 0.105263 1
vt 0.122807 0
vt 0.140351 0
vt 0.140351 1
vt 0.122807 1
vt 0.140351 0
vt 0.157895 0
vt 0.157895 1
vt 0.140351 1
vt 0.157895 0
vt 0.175439 0
vt 0.175439 1
vt 0.157895 1
vt 0.175439 0
vt 0.192982 0
vt 0.192982 1
vt 0.175439 1
vt 0.192982 0
vt 0.210526 0
vt 0.210526 1
vt 0.192982 1
vt 0.210526 0
vt 0.22807 0
vt 0.22807 1
vt 0.210526 1
vt 0.22807 0
vt 0.245614 0
vt 0.245614 1
vt 0.22807 1
vt 0.245614 0
vt 0.263158 0
vt 0.263158 1
vt 0.245614 1
vt 0.263158 0
vt 0.280702 0
vt 0.280702 1
vt 0.263158 1
vt 0.280702 0
vt 0.298246 0
vt 0.298246 1
vt 0.280702 1
vt 0.298246 0
vt 0.315789 0
vt 0.315789 1
vt 0.298246 1
vt 0.315789 0
vt 0.333333 0
vt 0.333333 1
vt 0.315789 1
vt 0.333333 0
vt 0.350877 0
vt 0.350877 1
vt 0.333333 1
vt 0.350877 0
vt 0.368421 0
vt 0.368421 1
vt 0.350877 1
vt 0.368421 0
vt 0.385965 0
vt 0.385965 1
vt 0.368421 1
vt 0.385965 0
vt 0.403509 0
vt 0.403509 1
vt 0.385965 1
vt 0.403509 0
vt 0.421053 0
vt 0.421053 1
vt 0.403509 1
vt 0.421053 0
vt 0.438596 0
vt 0.438596 1
vt 0.421053 1
vt 0.438596 0
vt 0.45614 0
vt 0.45614 1
vt 0.438596 1
vt 0.45614 0
vt 0.473684 0
vt 0.473684 1
vt 0.45614 1
vt 0.473684 0
vt 0.491228 0
vt 0.491228 1
vt 0.473684 1
vt 0.491228 0
vt 0.508772 0
vt 0.508772 1
vt 0.491228 1
vt 0.508772 0
vt 0.526316 0
vt 0.526316 1
vt 0.508772 1
vt 0.526316 0
vt 0.54386 0
vt 0.54386 1
vt 0.526316 1
vt 0.54386 0
vt 0.561404 0
vt 0.561404 1
vt 0.54386 1
vt 0.561404 0
vt 0.578947 0
vt 0.578947 1
vt 0.561404 1
vt 0.578947 0
vt 0.596491 0
vt 0.596491 1
vt 0.578947 1
vt 0.596491 0
vt 0.614035 0
vt 0.614035 1
vt 0.596491 1
vt 0.614035 0
vt 0.631579 0
vt 0.631579 1
vt 0.614035 1
vt 0.631579 0
vt 0.649123 0
vt 0.649123 1
vt 0.631579 1
vt 0.649123 0
vt 0.666667 0
vt 0.666667 1
vt 0.649123 1
vt 0.666667 0
vt 0.684211 0
vt 0.684211 1
vt 0.666667 1
vt 0.684211 0
vt 0.701754 0
vt 0.701754 1
vt 0.684211 1
vt 0.701754 0
vt 0.719298 0
vt 0.719298 1
vt 0.701754 1
vt 0.719298 0
vt 0.736842 0
vt 0.736842 1
vt 0.719298 1
vt 0.736842 0
vt 0.754386 0
vt 0.754386 1
vt 0.736842 1
vt 0.754386 0
vt 0.77193 0
vt 0.77193 1
vt 0.754386 1
vt 0.77193 0
vt 0.789474 0
vt 0.789474 1
vt 0.77193 1
vt 0.789474 0
vt 0.807018 0
vt 0.807018 1
vt 0.789474 1
vt 0.807018 0
vt 0.824561 0
vt 0.824561 1
vt 0.807018 1
vt 0.824561 0
vt 0.842105 0
vt 0.842105 1
vt 0.824561 1
vt 0.842105 0
vt 0.859649 0
vt 0.859649 1
vt 0.842105 1
vt 0.859649 0
vt 0.877193 0
vt 0.877193 1
vt 0.859649 1
vt 0.877193 0
vt 0.894737 0
vt 0.894737 1
vt 0.877193 1
vt 0.894737 0
vt 0.912281 0
vt 0.912281 1
vt 0.894737 1
vt 0.912281 0
vt 0.929825 0
vt 0.929825 1
vt 0.912281 1
vt 0.929825 0
vt 0.947368 0
vt 0.947368 1
vt 0.929825 1
vt 0.947368 0
vt 0.964912 0
vt 0.964912 1
vt 0.947368 1
vt 0.964912 0
vt 0.982456 0
vt 0.982456 1
vt 0.964912 1
vt 0.982456 0
vt 1 0
vt 1 1
vt 0.982456 1
vt 0 0
vt 0.017241 0
vt 0.017241 1
vt 0 1
vt 0.017241 0
vt 0.034483 0
vt 0.034483 1
vt 0.017241 1
vt 0.034483 0
vt 0.051724 0
vt 0.051724 1
vt 0.034483 1
vt 0.051724 0
vt 0.068966 0
vt 0.068966 1
vt 0.051724 1
vt 0.068966 0
vt 0.086207 0
vt 0.086207 1
vt 0.068966 1
vt 0.086207 0
vt 0.103448 0
vt 0.103448 1
vt 0.086207 1
vt 0.103448 0
vt 0.12069 0
vt 0.12069 1
vt 0.103448 1
vt 0.12069 0
vt 0.137931 0
vt 0.137931 1
vt 0.12069 1
vt 0.137931 0
vt 0.155172 0
vt 0.155172 1
vt 0.137931 1
vt 0.155172 0
vt 0.172414 0
vt 0.172414 1
vt 0.155172 1
vt 0.172414 0
vt 0.189655 0
vt 0.189655 1
vt 0.172414 1
vt 0.189655 0
vt 0.206897 0
vt 0.206897 1
vt 0.189655 1
vt 0.206897 0
vt 0.224138 0
vt 0.224138 1
vt 0.206897 1
vt 0.224138 0
vt 0.241379 0
vt 0.241379 1
vt 0.224138 1
vt 0.241379 0
vt 0.258621 0
vt 0.258621 1
vt 0.241379 1
vt 0.258621 0
vt 0.275862 0
vt 0.275862 1
vt 0.258621 1
vt 0.275862 0
vt 0.293103 0
vt 0.293103 1
vt 0.275862 1
vt 0.293103 0
vt 0.310345 0
vt 0.310345 1
vt 0.293103 1
vt 0.310345 0
vt 0.327586 0
vt 0.327586 1
vt 0.310345 1
vt 0.327586 0
vt 0.344828 0
vt 0.344828 1
vt 0.327586 1
vt 0.344828 0
vt 0.362069 0
vt 0.362069 1
vt 0.344828 1
vt 0.362069 0
vt 0.37931 0
vt 0.37931 1
vt 0.362069 1
vt 0.37931 0
vt 0.396552 0
vt 0.396552 1
vt 0.37931 1
vt 0.396552 0
vt 0.413793 0
vt 0.413793 1
vt 0.396552 1
vt 0.413793 0
vt 0.431034 0
vt 0.431034 1
vt 0.413793 1
vt 0.431034 0
vt 0.448276 0
vt 0.448276 1
vt 0.431034 1
vt 0.448276 0
vt 0.465517 0
vt 0.465517 1
vt 0.448276 1
vt 0.465517 0
vt 0.482759 0
vt 0.482759 1
vt 0.465517 1
vt 0.482759 0
vt 0.5 0
vt 0.5 1
vt 0.482759 1
vt 0.5 0
vt 0.517241 0
vt 0.517241 1
vt 0.5 1
vt 0.517241 0
vt 0.534483 0
vt 0.534483 1
vt 0.517241 1
vt 0.534483 0
vt 0.551724 0
vt 0.551724 1
vt 0.534483 1
vt 0.551724 0
vt 0.568965 0
vt 0.568965 1
vt 0.551724 1
vt 0.568965 0
vt 0.586207 0
vt 0.586207 1
vt 0.568965 1
vt 0.586207 0
vt 0.603448 0
vt 0.603448 1
vt 0.586207 1
vt 0.603448 0
vt 0.62069 0
vt 0.62069 1
vt 0.603448 1
vt 0.62069 0
vt 0.637931 0
vt 0.637931 1
vt 0.62069 1
vt 0.637931 0
vt 0.655172 0
vt 0.655172 1
vt 0.637931 1
vt 0.655172 0
vt 0.672414 0
vt 0.672414 1
vt 0.655172 1
vt 0.672414 0
vt 0.689655 0
vt 0.689655 1
vt 0.672414 1
vt 0.689655 0
vt 0.706897 0
vt 0.706897 1
vt 0.689655 1
vt 0.706897 0
vt 0.724138 0
vt 0.724138 1
vt 0.706897 1
vt 0.724138 0
vt 0.741379 0
vt 0.741379 1
vt 0.724138 1
vt 0.741379 0
vt 0.758621 0
vt 0.758621 1
vt 0.741379 1
vt 0.758621 0
vt 0.775862 0
vt 0.775862 1
vt 0.758621 1
vt 0.775862 0
vt 0.793103 0
vt 0.793103 1
vt 0.775862 1
vt 0.793103 0
vt 0.810345 0
vt 0.810345 1
vt 0.793103 1
vt 0.810345 0
vt 0.827586 0
vt 0.827586 1
vt 0.810345 1
vt 0.827586 0
vt 0.844828 0
vt 0.844828 1
vt 0.827586 1
vt 0.844828 0
vt 0.862069 0
vt 0.862069 1
vt 0.844828 1
vt 0.862069 0
vt 0.87931 0
vt 0.87931 1
vt 0.862069 1
vt 0.87931 0
vt 0.896552 0
vt 0.896552 1
vt 0.87931 1
vt 0.896552 0
vt 0.913793 0
vt 0.913793 1
vt 0.896552 1
vt 0.913793 0
vt 0.931035 0
vt 0.931035 1
vt 0.913793 1
vt 0.931035 0
vt 0.948276 0
vt 0.948276 1
vt 0.931035 1
vt 0.948276 0
vt 0.965517 0
vt 0.965517 1
vt 0.948276 1
vt 0.965517 0
vt 0.982759 0
vt 0.982759 1
vt 0.965517 1
vt 0.982759 0
vt 1 0
vt 1 1
vt 0.982759 1
vt 0 0
vt 0.013514 0
vt 0.013514 1
vt 0 1
vt 0.013514 0
vt 0.027027 0
vt 0.027027 1
vt 0.013514 1
vt 0.027027 0
vt 0.040541 0
vt 0.040541 1
vt 0.027027 1
vt 0.040541 0
vt 0.054054 0
vt 0.054054 1
vt 0.040541 1
vt 0.054054 0
vt 0.067568 0
vt 0.067568 1
vt 0.054054 1
vt 0.067568 0
vt 0.081081 0
vt 0.081081 1
vt 0.067568 1
vt 0.081081 0
vt 0.094595 0
vt 0.094595 1
vt 0.081081 1
vt 0.094595 0
vt 0.108108 0
vt 0.108108 1
vt 0.094595 1
vt 0.108108 0
vt 0.121622 0
vt 0.121622 1
vt 0.108108 1
vt 0.121622 0
vt 0.135135 0
vt 0.135135 1
vt 0.121622 1
vt 0.135135 0
vt 0.148649 0
vt 0.148649 1
vt 0.135135 1
vt 0.148649 0
vt 0.162162 0
vt 0.162162 1
vt 0.148649 1
vt 0.162162 0
vt 0.175676 0
vt 0.175676 1
vt 0.162162 1
vt 0.175676 0
vt 0.189189 0
vt 0.189189 1
vt 0.175676 1
vt 0.189189 0
vt 0.202703 0
vt 0.202703 1
vt 0.189189 1
vt 0.202703 0
vt 0.216216 0
vt 0.216216 1
vt 0.202703 1
vt 0.216216 0
vt 0.22973 0
vt 0.22973 1
vt 0.216216 1
vt 0.22973 0
vt 0.243243 0
vt 0.243243 1
vt 0.22973 1
vt 0.243243 0
vt 0.256757 0
vt 0.256757 1
vt 0.243243 1
vt 0.256757 0
vt 0.27027 0
vt 0.27027 1
vt 0.256757 1
vt 0.27027 0
vt 0.283784 0
vt 0.283784 1
vt 0.27027 1
vt 0.283784 0
vt 0.297297 0
vt 0.297297 1
vt 0.283784 1
vt 0.297297 0
vt 0.310811 0
vt 0.310811 1
vt 0.297297 1
vt 0.310811 0
vt 0.324324 0
vt 0.324324 1
vt 0.310811 1
vt 0.324324 0
vt 0.337838 0
vt 0.337838 1
vt 0.324324 1
vt 0.337838 0
vt 0.351351 0
vt 0.351351 1
vt 0.337838 1
vt 0.351351 0
vt 0.364865 0
vt 0.364865 1
vt 0.351351 1
vt 0.364865 0
vt 0.378378 0
vt 0.378378 1
vt 0.364865 1
vt 0.378378 0
vt 0.391892 0
vt 0.391892 1
vt 0.378378 1
vt 0.391892 0
vt 0.405405 0
vt 0.405405 1
vt 0.391892 1
vt 0.405405 0
vt 0.418919 0
vt 0.418919 1
vt 0.405405 1
vt 0.418919 0
vt 0.432432 0
vt 0.432432 1
vt 0.418919 1
vt 0.432432 0
vt 0.445946 0
vt 0.445946 1
vt 0.432432 1
vt 0.445946 0
vt 0.459459 0
vt 0.459459 1
vt 0.445946 1
vt 0.459459 0
vt 0.472973 0
vt 0.472973 1
vt 0.459459 1
vt 0.472973 0
vt 0.486486 0
vt 0.486486 1
vt 0.472973 1
vt 0.486486 0
vt 0.5 0
vt 0.5 1
vt 0.486486 1
vt 0.5 0
vt 0.513514 0
vt 0.513514 1
vt 0.5 1
vt 0.513514 0
vt 0.527027 0
vt 0.527027 1
vt 0.513514 1
vt 0.527027 0
vt 0.540541 0
vt 0.540541 1
vt 0.527027 1
vt 0.540541 0
vt 0.554054 0
vt 0.554054 1
vt 0.540541 1
vt 0.554054 0
vt 0.567568 0
vt 0.567568 1
vt 0.554054 1
vt 0.567568 0
vt 0.581081 0
vt 0.581081 1
vt 0.567568 1
vt 0.581081 0
vt 0.594595 0
vt 0.594595 1
vt 0.581081 1
vt 0.594595 0
vt 0.608108 0
vt 0.608108 1
vt 0.594595 1
vt 0.608108 0
vt 0.621622 0
vt 0.621622 1
vt 0.608108 1
vt 0.621622 0
vt 0.635135 0
vt 0.635135 1
vt 0.621622 1
vt 0.635135 0
vt 0.648649 0
vt 0.648649 1
vt 0.635135 1
vt 0.648649 0
vt 0.662162 0
vt 0.662162 1
vt 0.648649 1
vt 0.662162 0
vt 0.675676 0
vt 0.675676 1
vt 0.662162 1
vt 0.675676 0
vt 0.689189 0
vt 0.689189 1
vt 0.675676 1
vt 0.689189 0
vt 0.702703 0
vt 0.702703 1
vt 0.689189 1
vt 0.702703 0
vt 0.716216 0
vt 0.716216 1
vt 0.702703 1
vt 0.716216 0
vt 0.72973 0
vt 0.72973 1
vt 0.716216 1
vt 0.72973 0
vt 0.743243 0
vt 0.743243 1
vt 0.72973 1
vt 0.743243 0
vt 0.756757 0
vt 0.756757 1
vt 0.743243 1
vt 0.756757 0
vt 0.77027 0
vt 0.77027 1
vt 0.756757 1
vt 0.77027 0
vt 0.783784 0
vt 0.783784 1
vt 0.77027 1
vt 0.783784 0
vt 0.797297 0
vt 0.797297 1
vt 0.783784 1
vt 0.797297 0
vt 0.810811 0
vt 0.810811 1
vt 0.797297 1
vt 0.810811 0
vt 0.824324 0
vt 0.824324 1
vt 0.810811 1
vt 0.824324 0
vt 0.837838 0
vt 0.837838 1
vt 0.824324 1
vt 0.837838 0
vt 0.851351 0
vt 0.851351 1
vt 0.837838 1
vt 0.851351 0
vt 0.864865 0
vt 0.864865 1
vt 0.851351 1
vt 0.864865 0
vt 0.878378 0
vt 0.878378 1
vt 0.864865 1
vt 0.878378 0
vt 0.891892 0
vt 0.891892 1
vt 0.878378 1
vt 0.891892 0
vt 0.905405 0
vt 0.905405 1
vt 0.891892 1
vt 0.905405 0
vt 0.918919 0
vt 0.918919 1
vt 0.905405 1
vt 0.918919 0
vt 0.932432 0
vt 0.932432 1
vt 0.918919 1
vt 0.932432 0
vt 0.945946 0
vt 0.945946 1
vt 0.932432 1
vt 0.945946 0
vt 0.959459 0
vt 0.959459 1
vt 0.945946 1
vt 0.959459 0
vt 0.972973 0
vt 0.972973 1
vt 0.959459 1
vt 0.972973 0
vt 0.986486 0
vt 0.986486 1
vt 0.972973 1
vt 0.986486 0
vt 1 0
vt 1 1
vt 0.986486 1
vt 0 0
vt 0.04 0
vt 0.04 1
vt 0 1
vt 0.04 0
vt 0.08 0
vt 0.08 1
vt 0.04 1
vt 0.08 0
vt 0.12 0
vt 0.12 1
vt 0.08 1
vt 0.12 0
vt 0.16 0
vt 0.16 1
vt 0.12 1
vt 0.16 0
vt 0.2 0
vt 0.2 1
vt 0.16 1
vt 0.2 0
vt 0.24 0
vt 0.24 1
vt 0.2 1
vt 0.24 0
vt 0.28 0
vt 0.28 1
vt 0.24 1
vt 0.28 0
vt 0.32 0
vt 0.32 1
vt 0.28 1
vt 0.32 0
vt 0.36 0
vt 0.36 1
vt 0.32 1
vt 0.36 0
vt 0.4 0
vt 0.4 1
vt 0.36 1
vt 0.4 0
vt 0.44 0
vt 0.44 1
vt 0.4 1
vt 0.44 0
vt 0.48 0
vt 0.48 1
vt 0.44 1
vt 0.48 0
vt 0.52 0
vt 0.52 1
vt 0.48 1
vt 0.52 0
vt 0.56 0
vt 0.56 1
vt 0.52 1
vt 0.56 0
vt 0.6 0
vt 0.6 1
vt 0.56 1
vt 0.6 0
vt 0.64 0
vt 0.64 1
vt 0.6 1
vt 0.64 0
vt 0.68 0
vt 0.68 1
vt 0.64 1
vt 0.68 0
vt 0.72 0
vt 0.72 1
vt 0.68 1
vt 0.72 0
vt 0.76 0
vt 0.76 1
vt 0.72 1
vt 0.76 0
vt 0.8 0
vt 0.8 1
vt 0.76 1
vt 0.8 0
vt 0.84 0
vt 0.84 1
vt 0.8 1
vt 0.84 0
vt 0.88 0
vt 0.88 1
vt 0.84 1
vt 0.88 0
vt 0.92 0
vt 0.92 1
vt 0.88 1
vt 0.92 0
vt 0.96 0
vt 0.96 1
vt 0.92 1
vt 0.96 0
vt 1 0
vt 1 1
vt 0.96 1
vt 0 0
vt 0.018182 0
vt 0.018182 1
vt 0 1
vt 0.018182 0
vt 0.036364 0
vt 0.036364 1
vt 0.018182 1
vt 0.036364 0
vt 0.054545 0
vt 0.054545 1
vt 0.036364 1
vt 0.054545 0
vt 0.072727 0
vt 0.072727 1
vt 0.054545 1
vt 0.072727 0
vt 0.090909 0
vt 0.090909 1
vt 0.072727 1
vt 0.090909 0
vt 0.109091 0
vt 0.109091 1
vt 0.090909 1
vt 0.109091 0
vt 0.127273 0
vt 0.127273 1
vt 0.109091 1
vt 0.127273 0
vt 0.145455 0
vt 0.145455 1
vt 0.127273 1
vt 0.145455 0
vt 0.163636 0
vt 0.163636 1
vt 0.145455 1
vt 0.163636 0
vt 0.181818 0
vt 0.181818 1
vt 0.163636 1
vt 0.181818 0
vt 0.2 0
vt 0.2 1
vt 0.181818 1
vt 0.2 0
vt 0.218182 0
vt 0.218182 1
vt 0.2 1
vt 0.218182 0
vt 0.236364 0
vt 0.236364 1
vt 0.218182 1
vt 0.236364 0
vt 0.254545 0
vt 0.254545 1
vt 0.236364 1
vt 0.254545 0
vt 0.272727 0
vt 0.272727 1
vt 0.254545 1
vt 0.272727 0
vt 0.290909 0
vt 0.290909 1
vt 0.272727 1
vt 0.290909 0
vt 0.309091 0
vt 0.309091 1
vt 0.290909 1
vt 0.309091 0
vt 0.327273 0
vt 0.327273 1
vt 0.309091 1
vt 0.327273 0
vt 0.345455 0
vt 0.345455 1
vt 0.327273 1
vt 0.345455 0
vt 0.363636 0
vt 0.363636 1
vt 0.345455 1
vt 0.363636 0
vt 0.381818 0
vt 0.381818 1
vt 0.363636 1
vt 0.381818 0
vt 0.4 0
vt 0.4 1
vt 0.381818 1
vt 0.4 0
vt 0.418182 0
vt 0.418182 1
vt 0.4 1
vt 0.418182 0
vt 0.436364 0
vt 0.436364 1
vt 0.418182 1
vt 0.436364 0
vt 0.454545 0
vt 0.454545 1
vt 0.436364 1
vt 0.454545 0
vt 0.472727 0
vt 0.472727 1
vt 0.454545 1
vt 0.472727 0
vt 0.490909 0
vt 0.490909 1
vt 0.472727 1
vt 0.490909 0
vt 0.509091 0
vt 0.509091 1
vt 0.490909 1
vt 0.509091 0
vt 0.527273 0
vt 0.527273 1
vt 0.509091 1
vt 0.527273 0
vt 0.545455 0
vt 0.545455 1
vt 0.527273 1
vt 0.545455 0
vt 0.563636 0
vt 0.563636 1
vt 0.545455 1
vt 0.563636 0
vt 0.581818 0
vt 0.581818 1
vt 0.563636 1
vt 0.581818 0
vt 0.6 0
vt 0.6 1
vt 0.581818 1
vt 0.6 0
vt 0.618182 0
vt 0.618182 1
vt 0.6 1
vt 0.618182 0
vt 0.636364 0
vt 0.636364 1
vt 0.618182 1
vt 0.636364 0
vt 0.654545 0
vt 0.654545 1
vt 0.636364 1
vt 0.654545 0
vt 0.672727 0
vt 0.672727 1
vt 0.654545 1
vt 0.672727 0
vt 0.690909 0
vt 0.690909 1
vt 0.672727 1
vt 0.690909 0
vt 0.709091 0
vt 0.709091 1
vt 0.690909 1
vt 0.709091 0
vt 0.727273 0
vt 0.727273 1
vt 0.709091 1
vt 0.727273 0
vt 0.745455 0
vt 0.745455 1
vt 0.727273 1
vt 0.745455 0
vt 0.763636 0
vt 0.763636 1
vt 0.745455 1
vt 0.763636 0
vt 0.781818 0
vt 0.781818 1
vt 0.763636 1
vt 0.781818 0
vt 0.8 0
vt 0.8 1
vt 0.781818 1
vt 0.8 0
vt 0.818182 0
vt 0.818182 1
vt 0.8 1
vt 0.818182 0
vt 0.836364 0
vt 0.836364 1
vt 0.818182 1
vt 0.836364 0
vt 0.854545 0
vt 0.854545 1
vt 0.836364 1
vt 0.854545 0
vt 0.872727 0
vt 0.872727 1
vt 0.854545 1
vt 0.872727 0
vt 0.890909 0
vt 0.890909 1
vt 0.872727 1
vt 0.890909 0
vt 0.909091 0
vt 0.909091 1
vt 0.890909 1
vt 0.909091 0
vt 0.927273 0
vt 0.927273 1
vt 0.909091 1
vt 0.927273 0
vt 0.945455 0
vt 0.945455 1
vt 0.927273 1
vt 0.945455 0
vt 0.963636 0
vt 0.963636 1
vt 0.945455 1
vt 0.963636 0
vt 0.981818 0
vt 0.981818 1
vt 0.963636 1
vt 0.981818 0
vt 1 0
vt 1 1
vt 0.981818 1
s off
f 1/1/1 2/2/2 3/3/3
f 4/4/4 5/5/5 6/6/6
f 7/7/7 8/8/8 9/9/9
f 10/10/10 11/11/11 12/12/12
f 13/13/13 14/14/14 15/15/15
f 16/16/16 17/17/17 18/18/18
f 19/19/19 20/20/20 21/21/21
f 22/22/22 23/23/23 24/24/24
f 25/25/25 26/26/26 27/27/27
f 28/28/28 29/29/29 30/30/30
f 31/31/31 32/32/32 33/33/33
f 34/34/34 35/35/35 36/36/36
f 37/37/37 38/38/38 39/39/39
f 40/40/40 41/41/41 42/42/42
f 43/43/43 44/44/44 45/45/45
f 46/46/46 47/47/47 48/48/48
f 49/49/49 50/50/50 51/51/51
f 52/52/52 53/53/53 54/54/54
f 55/55/55 56/56/56 57/57/57
f 58/58/58 59/59/59 60/60/60
f 61/61/61 62/62/62 63/63/63
f 64/64/64 65/65/65 66/66/66
f 67/67/67 68/68/68 69/69/69
f 70/70/70 71/71/71 72/72/72
f 73/73/73 74/74/74 75/75/75
f 76/76/76 77/77/77 78/78/78
f 79/79/79 80/80/80 81/81/81
f 82/82/82 83/83/83 84/84/84
f 85/85/85 86/86/86 87/87/87
f 88/88/88 89/89/89 90/90/90
f 91/91/91 92/92/92 93/93/93
f 94/94/94 95/95/95 96/96/96
f 97/97/97 98/98/98 99/99/99
f 100/100/100 101/101/101 102/102/102
f 103/103/103 104/104/104 105/105/105
f 106/106/106 107/107/107 108/108/108
f 109/109/109 110/110/110 111/111/111
f 112/112/112 113/113/113 114/114/114
f 115/115/115 116/116/116 117/117/117
f 118/118/118 119/119/119 120/120/120
f 121/121/121 122/122/122 123/123/123
f 124/124/124 125/125/125 126/126/126
f 127/127/127 128/128/128 129/129/129
f 130/130/130 131/131/131 132/132/132
f 133/133/133 134/134/134 135/135/135
f 136/136/136 137/137/137 138/138/138
f 139/139/139 140/140/140 141/141/141
f 142/142/142 143/143/143 144/144/144
f 145/145/145 146/146/146 147/147/147
f 148/148/148 149/149/149 150/150/150
f 151/151/151 152/152/152 153/153/153
f 154/154/154 155/155/155 156/156/156
f 157/157/157 158/158/158 159/159/159
f 160/160/160 161/161/161 162/162/162
f 163/163/163 164/164/164 165/165/165
f 166/166/166 167/167/167 168/168/168
f 169/169/169 170/170/170 171/171/171
f 172/172/172 173/173/173 174/174/174
f 175/175/175 176/176/176 177/177/177
f 178/178/178 179/179/179 180/180/180
f 181/181/181 182/182/182 183/183/183
f 184/184/184 185/185/185 186/186/186
f 187/187/187 188/188/188 189/189/189
f 190/190/190 191/191/191 192/192/192
f 193/193/193 194/194/194 195/195/195
f 196/196/196 197/197/197 198/198/198
f 199/199/199 200/200/200 201/201/201
f 202/202/202 203/203/203 204/204/204
f 205/205/205 206/206/206 207/207/207
f 208/208/208 209/209/209 210/210/210
f 211/211/211 212/212/212 213/213/213
f 214/214/214 215/215/215 216/216/216
f 217/217/217 218/218/218 219/219/219
f 220/220/220 221/221/221 222/222/222
f 223/223/223 224/224/224 225/225/225
f 226/226/226 227/227/227 228/228/228
f 229/229/229 230/230/230 231/231/231
f 232/232/232 233/233/233 234/234/234
f 235/235/235 236/236/236 237/237/237
f 238/238/238 239/239/239 240/240/240
f 241/241/241 242/242/242 243/243/243
f 244/244/244 245/245/245 246/246/246
f 247/247/247 248/248/248 249/249/249
f 250/250/250 251/251/251 252/252/252
f 253/253/253 254/254/254 255/255/255
f 256/256/256 257/257/257 258/258/258
f 259/259/259 260/260/260 261/261/261
f 262/262/262 263/263/263 264/264/264
f 265/265/265 266/266/266 267/267/267
f 268/268/268 269/269/269 270/270/270
f 271/271/271 272/272/272 273/273/273
f 274/274/274 275/275/275 276/276/276
f 277/277/277 278/278/278 279/279/279
f 280/280/280 281/281/281 282/282/282
f 283/283/283 284/284/284 285/285/285
f 286/286/286 287/287/287 288/288/288
f 289/289/289 290/290/290 291/291/291
f 292/292/292 293/293/293 294/294/294
f 295/295/295 296/296/296 297/297/297
f 298/298/298 299/299/299 300/300/300
f 301/301/301 302/302/302 303/303/303
f 304/304/304 305/305/305 306/306/306
f 307/307/307 308/308/308 309/309/309
f 310/310/310 311/311/311 312/312/312
f 313/313/313 314/314/314 315/315/315
f 316/316/316 317/317/317 318/318/318
f 319/319/319 320/320/320 321/321/321
f 322/322/322 323/323/323 324/324/324
f 325/325/325 326/326/326 327/327/327
f 328/328/328 329/329/329 330/330/330
f 331/331/331 332/332/332 333/333/333
f 334/334/334 335/335/335 336/336/336
f 337/337/337 338/338/338 339/339/339
f 340/340/340 341/341/341 342/342/342
f 343/343/343 344/344/344 345/345/345
f 346/346/346 347/347/347 348/348/348
f 349/349/349 350/350/350 351/351/351
f 352/352/352 353/353/353 354/354/354
f 355/355/355 356/356/356 357/357/357
f 358/358/358 359/359/359 360/360/360
f 361/361/361 362/362/362 363/363/363
f 364/364/364 365/365/365 366/366/366
f 367/367/367 368/368/368 369/369/369
f 370/370/370 371/371/371 372/372/372
f 373/373/373 374/374/374 375/375/375
f 376/376/376 377/377/377 378/378/378
f 379/379/379 380/380/380 381/381/381
f 382/382/382 383/383/383 384/384/384
f 385/385/385 386/386/386 387/387/387
f 388/388/388 389/389/389 390/390/390
f 391/391/391 392/392/392 393/393/393
f 394/394/394 395/395/395 396/396/396
f 397/397/397 398/398/398 399/399/399
f 400/400/400 401/401/401 402/402/402
f 403/403/403 404/404/404 405/405/405
f 406/406/406 407/407/407 408/408/408
f 409/409/409 410/410/410 411/411/411
f 412/412/412 413/413/413 414/414/414
f 415/415/415 416/416/416 417/417/417
f 418/418/418 419/419/419 420/420/420
f 421/421/421 422/422/422 423/423/423
f 424/424/424 425/425/425 426/426/426
f 427/427/427 428/428/428 429/429/429
f 430/430/430 431/431/431 432/432/432
f 433/433/433 434/434/434 435/435/435
f 436/436/436 437/437/437 438/438/438
f 439/439/439 440/440/440 441/441/441
f 442/442/442 443/443/443 444/444/444
f 445/445/445 446/446/446 447/447/447
f 448/448/448 449/449/449 450/450/450
f 451/451/451 452/452/452 453/453/453
f 454/454/454 455/455/455 456/456/456
f 457/457/457 458/458/458 459/459/459
f 460/460/460 461/461/461 462/462/462
f 463/463/463 464/464/464 465/465/465
f 466/466/466 467/467/467 468/468/468
f 469/469/469 470/470/470 471/471/471
f 472/472/472 473/473/473 474/474/474
f 475/475/475 476/476/476 477/477/477
f 478/478/478 479/479/479 480/480/480
f 481/481/481 482/482/482 483/483/483
f 484/484/484 485/485/485 486/486/486
f 487/487/487 488/488/488 489/489/489
f 490/490/490 491/491/491 492/492/492
f 493/493/493 494/494/494 495/495/495
f 496/496/496 497/497/497 498/498/498
f 499/499/499 500/500/500 501/501/501
f 502/502/502 503/503/503 504/504/504
f 505/505/505 506/506/506 507/507/507
f 508/508/508 509/509/509 510/510/510
f 511/511/511 512/512/512 513/513/513
f 514/514/514 515/515/515 516/516/516
f 517/517/517 518/518/518 519/519/519
f 520/520/520 521/521/521 522/522/522
f 523/523/523 524/524/524 525/525/525
f 526/526/526 527/527/527 528/528/528
f 529/529/529 530/530/530 531/531/531
f 532/532/532 533/533/533 534/534/534
f 535/535/535 536/536/536 537/537/537
f 538/538/538 539/539/539 540/540/540
f 541/541/541 542/542/542 543/543/543
f 544/544/544 545/545/545 546/546/546
f 547/547/547 548/548/548 549/549/549
f 550/550/550 551/551/551 552/552/552
f 553/553/553 554/554/554 555/555/555
f 556/556/556 557/557/557 558/558/558
f 559/559/559 560/560/560 561/561/561
f 562/562/562 563/563/563 564/564/564
f 565/565/565 566/566/566 567/567/567
f 568/568/568 569/569/569 570/570/570
f 571/571/571 572/572/572 573/573/573
f 574/574/574 575/575/575 576/576/576
f 577/577/577 578/578/578 579/579/579
f 580/580/580 581/581/581 582/582/582
f 583/583/583 584/584/584 585/585/585
f 586/586/586 587/587/587 588/588/588
f 589/589/589 590/590/590 591/591/591
f 592/592/592 593/593/593 594/594/594
f 595/595/595 596/596/596 597/597/597
f 598/598/598 599/599/599 600/600/600
f 601/601/601 602/602/602 603/603/603
f 604/604/604 605/605/605 606/606/606
f 607/607/607 608/608/608 609/609/609
f 610/610/610 611/611/611 612/612/612
f 613/613/613 614/614/614 615/615/615
f 616/616/616 617/617/617 618/618/618
f 619/619/619 620/620/620 621/621/621
f 622/622/622 623/623/623 624/624/624
f 625/625/625 626/626/626 627/627/627
f 628/628/628 629/629/629 630/630/630
f 631/631/631 632/632/632 633/633/633
f 634/634/634 635/635/635 636/636/636
f 637/637/637 638/638/638 639/639/639
f 640/640/640 641/641/641 642/642/642
f 643/643/643 644/644/644 645/645/645
f 646/646/646 647/647/647 648/648/648
f 649/649/649 650/650/650 651/651/651
f 652/652/652 653/653/653 654/654/654
f 655/655/655 656/656/656 657/657/657
f 658/658/658 659/659/659 660/660/660
f 661/661/661 662/662/662 663/663/663
f 664/664/664 665/665/665 666/666/666
f 667/667/667 668/668/668 669/669/669
f 670/670/670 671/671/671 672/672/672
f 673/673/673 674/674/674 675/675/675
f 676/676/676 677/677/677 678/678/678
f 679/679/679 680/680/680 681/681/681
f 682/682/682 683/683/683 684/684/684
f 685/685/685 686/686/686 687/687/687
f 688/688/688 689/689/689 690/690/690
f 691/691/691 692/692/692 693/693/693
f 694/694/694 695/695/695 696/696/696
f 697/697/697 698/698/698 699/699/699
f 700/700/700 701/701/701 702/702/702
f 703/703/703 704/704/704 705/705/705
f 706/706/706 707/707/707 708/708/708
f 709/709/709 710/710/710 711/711/711
f 712/712/712 713/713/713 714/714/714
f 715/715/715 716/716/716 717/717/717
f 718/718/718 719/719/719 720/720/720
f 721/721/721 722/722/722 723/723/723
f 724/724/724 725/725/725 726/726/726
f 727/727/727 728/728/728 729/729/729
f 730/730/730 731/731/731 732/732/732
f 733/733/733 734/734/734 735/735/735
f 736/736/736 737/737/737 738/738/738
f 739/739/739 740/740/740 741/741/741
f 742/742/742 743/743/743 744/744/744
f 745/745/745 746/746/746 747/747/747
f 748/748/748 749/749/749 750/750/750
f 751/751/751 752/752/752 753/753/753
f 754/754/754 755/755/755 756/756/756
f 757/757/757 758/758/758 759/759/759
f 760/760/760 761/761/761 762/762/762
f 763/763/763 764/764/764 765/765/765
f 766/766/766 767/767/767 768/768/768
f 769/769/769 770/770/770 771/771/771
f 772/772/772 773/773/773 774/774/774
f 775/775/775 776/776/776 777/777/777
f 778/778/778 779/779/779 780/780/780
f 781/781/781 782/782/782 783/783/783
f 784/784/784 785/785/785 786/786/786
f 787/787/787 788/788/788 789/789/789
f 790/790/790 791/791/791 792/792/792
f 793/793/793 794/794/794 795/795/795
f 796/796/796 797/797/797 798/798/798
f 799/799/799 800/800/800 801/801/801
f 802/802/802 803/803/803 804/804/804
f 805/805/805 806/806/806 807/807/807
f 808/808/808 809/809/809 810/810/810
f 811/811/811 812/812/812 813/813/813
f 814/814/814 815/815/815 816/816/816
f 817/817/817 818/818/818 819/819/819
f 820/820/820 821/821/821 822/822/822
f 823/823/823 824/824/824 825/825/825
f 826/826/826 827/827/827 828/828/828
f 829/829/829 830/830/830 831/831/831
f 832/832/832 833/833/833 834/834/834
f 835/835/835 836/836/836 837/837/837
f 838/838/838 839/839/839 840/840/840
f 841/841/841 842/842/842 843/843/843
f 844/844/844 845/845/845 846/846/846
f 847/847/847 848/848/848 849/849/849
f 850/850/850 851/851/851 852/852/852
f 853/853/853 854/854/854 855/855/855
f 856/856/856 857/857/857 858/858/858
f 859/859/859 860/860/860 861/861/861
f 862/862/862 863/863/863 864/864/864
f 865/865/865 866/866/866 867/867/867
f 868/868/868 869/869/869 870/870/870
f 871/871/871 872/872/872 873/873/873
f 874/874/874 875/875/875 876/876/876
f 877/877/877 878/878/878 879/879/879
f 880/880/880 881/881/881 882/882/882
f 883/883/883 884/884/884 885/885/885
f 886/886/886 887/887/887 888/888/888
f 889/889/889 890/890/890 891/891/891
f 892/892/892 893/893/893 894/894/894
f 895/895/895 896/896/896 897/897/897
f 898/898/898 899/899/899 900/900/900
f 901/901/901 902/902/902 903/903/903
f 904/904/904 905/905/905 906/906/906
f 907/907/907 908/908/908 909/909/909
f 910/910/910 911/911/911 912/912/912
f 913/913/913 914/914/914 915/915/915
f 916/916/916 917/917/917 918/918/918
f 919/919/919 920/920/920 921/921/921
f 922/922/922 923/923/923 924/924/924
f 925/925/925 926/926/926 927/927/927
f 928/928/928 929/929/929 930/930/930
f 931/931/931 932/932/932 933/933/933
f 934/934/934 935/935/935 936/936/936
f 937/937/937 938/938/938 939/939/939
f 940/940/940 941/941/941 942/942/942
f 943/943/943 944/944/944 945/945/945
f 946/946/946 947/947/947 948/948/948
f 949/949/949 950/950/950 951/951/951
f 952/952/952 953/953/953 954/954/954
f 955/955/955 956/956/956 957/957/957
f 958/958/958 959/959/959 960/960/960
f 961/961/961 962/962/962 963/963/963
f 964/964/964 965/965/965 966/966/966
f 967/967/967 968/968/968 969/969/969
f 970/970/970 971/971/971 972/972/972
f 973/973/973 974/974/974 975/975/975
f 976/976/976 977/977/977 978/978/978
f 979/979/979 980/980/980 981/981/981
f 982/982/982 983/983/983 984/984/984
f 985/985/985 986/986/986 987/987/987
f 988/988/988 989/989/989 990/990/990
f 991/991/991 992/992/992 993/993/993
f 994/994/994 995/995/995 996/996/996
f 997/997/997 998/998/998 999/999/999
f 1000/1000/1000 1001/1001/1001 1002/1002/1002
f 1003/1003/1003 1004/1004/1004 1005/1005/1005
f 1006/1006/1006 1007/1007/1007 1008/1008/1008
f 1009/1009/1009 1010/1010/1010 1011/1011/1011
f 1012/1012/1012 1013/1013/1013 1014/1014/1014
f 1015/1015/1015 1016/1016/1016 1017/1017/1017
f 1018/1018/1018 1019/1019/1019 1020/1020/1020
f 1021/1021/1021 1022/1022/1022 1023/1023/1023
f 1024/1024/1024 1025/1025/1025 1026/1026/1026
f 1027/1027/1027 1028/1028/1028 1029/1029/1029
f 1030/1030/1030 1031/1031/1031 1032/1032/1032
f 1033/1033/1033 1034/1034/1034 1035/1035/1035
f 1036/1036/1036 1037/1037/1037 1038/1038/1038
f 1039/1039/1039 1040/1040/1040 1041/1041/1041
f 1042/1042/1042 1043/1043/1043 1044/1044/1044
f 1045/1045/1045 1046/1046/1046 1047/1047/1047
f 1048/1048/1048 1049/1049/1049 1050/1050/1050
f 1051/1051/1051 1052/1052/1052 1053/1053/1053
f 1054/1054/1054 1055/1055/1055 1056/1056/1056
f 1057/1057/1057 1058/1058/1058 1059/1059/1059
f 1060/1060/1060 1061/1061/1061 1062/1062/1062
f 1063/1063/1063 1064/1064/1064 1065/1065/1065
f 1066/1066/1066 1067/1067/1067 1068/1068/1068
f 1069/1069/1069 1070/1070/1070 1071/1071/1071
f 1072/1072/1072 1073/1073/1073 1074/1074/1074
f 1075/1075/1075 1076/1076/1076 1077/1077/1077
f 1078/1078/1078 1079/1079/1079 1080/1080/1080
f 1081/1081/1081 1082/1082/1082 1083/1083/1083
f 1084/1084/1084 1085/1085/1085 1086/1086/1086
f 1087/1087/1087 1088/1088/1088 1089/1089/1089
f 1090/1090/1090 1091/1091/1091 1092/1092/1092
f 1093/1093/1093 1094/1094/1094 1095/1095/1095
f 1096/1096/1096 1097/1097/1097 1098/1098/1098
f 1099/1099/1099 1100/1100/1100 1101/1101/1101
f 1102/1102/1102 1103/1103/1103 1104/1104/1104
f 1105/1105/1105 1106/1106/1106 1107/1107/1107
f 1108/1108/1108 1109/1109/1109 1110/1110/1110
f 1111/1111/1111 1112/1112/1112 1113/1113/1113
f 1114/1114/1114 1115/1115/1115 1116/1116/1116
f 1117/1117/1117 1118/1118/1118 1119/1119/1119
f 1120/1120/1120 1121/1121/1121 1122/1122/1122
f 1123/1123/1123 1124/1124/1124 1125/1125/1125
f 1126/1126/1126 1127/1127/1127 1128/1128/1128
f 1129/1129/1129 1130/1130/1130 1131/1131/1131
f 1132/1132/1132 1133/1133/1133 1134/1134/1134
f 1135/1135/1135 1136/1136/1136 1137/1137/1137
f 1138/1138/1138 1139/1139/1139 1140/1140/1140
f 1141/1141/1141 1142/1142/1142 1143/1143/1143
f 1144/1144/1144 1145/1145/1145 1146/1146/1146
f 1147/1147/1147 1148/1148/1148 1149/1149/1149
f 1150/1150/1150 1151/1151/1151 1152/1152/1152
f 1153/1153/1153 1154/1154/1154 1155/1155/1155
f 1156/1156/1156 1157/1157/1157 1158/1158/1158
f 1159/1159/1159 1160/1160/1160 1161/1161/1161
f 1162/1162/1162 1163/1163/1163 1164/1164/1164
f 1165/1165/1165 1166/1166/1166 1167/1167/1167
f 1168/1168/1168 1169/1169/1169 1170/1170/1170
f 1171/1171/1171 1172/1172/1172 1173/1173/1173
f 1174/1174/1174 1175/1175/1175 1176/1176/1176
f 1177/1177/1177 1178/1178/1178 1179/1179/1179
f 1180/1180/1180 1181/1181/1181 1182/1182/1182
f 1183/1183/1183 1184/1184/1184 1185/1185/1185
f 1186/1186/1186 1187/1187/1187 1188/1188/1188
f 1189/1189/1189 1190/1190/1190 1191/1191/1191
f 1192/1192/1192 1193/1193/1193 1194/1194/1194
f 1195/1195/1195 1196/1196/1196 1197/1197/1197
f 1198/1198/1198 1199/1199/1199 1200/1200/1200
f 1201/1201/1201 1202/1202/1202 1203/1203/1203
f 1204/1204/1204 1205/1205/1205 1206/1206/1206
f 1207/1207/1207 1208/1208/1208 1209/1209/1209
f 1210/1210/1210 1211/1211/1211 1212/1212/1212
f 1213/1213/1213 1214/1214/1214 1215/1215/1215
f 1216/1216/1216 1217/1217/1217 1218/1218/1218
f 1219/1219/1219 1220/1220/1220 1221/1221/1221
f 1222/1222/1222 1223/1223/1223 1224/1224/1224
f 1225/1225/1225 1226/1226/1226 1227/1227/1227
f 1228/1228/1228 1229/1229/1229 1230/1230/1230
f 1231/1231/1231 1232/1232/1232 1233/1233/1233
f 1234/1234/1234 1235/1235/1235 1236/1236/1236
f 1237/1237/1237 1238/1238/1238 1239/1239/1239
f 1240/1240/1240 1241/1241/1241 1242/1242/1242
f 1243/1243/1243 1244/1244/1244 1245/1245/1245
f 1246/1246/1246 1247/1247/1247 1248/1248/1248
f 1249/1249/1249 1250/1250/1250 1251/1251/1251
f 1252/1252/1252 1253/1253/1253 1254/1254/1254
f 1255/1255/1255 1256/1256/1256 1257/1257/1257
f 1258/1258/1258 1259/1259/1259 1260/1260/1260
f 1261/1261/1261 1262/1262/1262 1263/1263/1263
f 1264/1264/1264 1265/1265/1265 1266/1266/1266
f 1267/1267/1267 1268/1268/1268 1269/1269/1269
f 1270/1270/1270 1271/1271/1271 1272/1272/1272
f 1273/1273/1273 1274/1274/1274 1275/1275/1275
f 1276/1276/1276 1277/1277/1277 1278/1278/1278
f 1279/1279/1279 1280/1280/1280 1281/1281/1281
f 1282/1282/1282 1283/1283/1283 1284/1284/1284
f 1285/1285/1285 1286/1286/1286 1287/1287/1287
f 1288/1288/1288 1289/1289/1289 1290/1290/1290
f 1291/1291/1291 1292/1292/1292 1293/1293/1293
f 1294/1294/1294 1295/1295/1295 1296/1296/1296
f 1297/1297/1297 1298/1298/1298 1299/1299/1299
f 1300/1300/1300 1301/1301/1301 1302/1302/1302
f 1303/1303/1303 1304/1304/1304 1305/1305/1305
f 1306/1306/1306 1307/1307/1307 1308/1308/1308
f 1309/1309/1309 1310/1310/1310 1311/1311/1311
f 1312/1312/1312 1313/1313/1313 1314/1314/1314
f 1315/1315/1315 1316/1316/1316 1317/1317/1317
f 1318/1318/1318 1319/1319/1319 1320/1320/1320
f 1321/1321/1321 1322/1322/1322 1323/1323/1323
f 1324/1324/1324 1325/1325/1325 1326/1326/1326
f 1327/1327/1327 1328/1328/1328 1329/1329/1329
f 1330/1330/1330 1331/1331/1331 1332/1332/1332
f 1333/1333/1333 1334/1334/1334 1335/1335/1335
f 1336/1336/1336 1337/1337/1337 1338/1338/1338
f 1339/1339/1339 1340/1340/1340 1341/1341/1341
f 1342/1342/1342 1343/1343/1343 1344/1344/1344
f 1345/1345/1345 1346/1346/1346 1347/1347/1347
f 1348/1348/1348 1349/1349/1349 1350/1350/1350
f 1351/1351/1351 1352/1352/1352 1353/1353/1353
f 1354/1354/1354 1355/1355/1355 1356/1356/1356
f 1357/1357/1357 1358/1358/1358 1359/1359/1359
f 1360/1360/1360 1361/1361/1361 1362/1362/1362
f 1363/1363/1363 1364/1364/1364 1365/1365/1365
f 1366/1366/1366 1367/1367/1367 1368/1368/1368
f 1369/1369/1369 1370/1370/1370 1371/1371/1371
f 1372/1372/1372 1373/1373/1373 1374/1374/1374
f 1375/1375/1375 1376/1376/1376 1377/1377/1377
f 1378/1378/1378 1379/1379/1379 1380/1380/1380
f 1381/1381/1381 1382/1382/1382 1383/1383/1383
f 1384/1384/1384 1385/1385/1385 1386/1386/1386
f 1387/1387/1387 1388/1388/1388 1389/1389/1389
f 1390/1390/1390 1391/1391/1391 1392/1392/1392
f 1393/1393/1393 1394/1394/1394 1395/1395/1395
f 1396/1396/1396 1397/1397/1397 1398/1398/1398
f 1399/1399/1399 1400/1400/1400 1401/1401/1401
f 1402/1402/1402 1403/1403/1403 1404/1404/1404
f 1405/1405/1405 1406/1406/1406 1407/1407/1407
f 1408/1408/1408 1409/1409/1409 1410/1410/1410
f 1411/1411/1411 1412/1412/1412 1413/1413/1413
f 1414/1414/1414 1415/1415/1415 1416/1416/1416
f 1417/1417/1417 1418/1418/1418 1419/1419/1419
f 1420/1420/1420 1421/1421/1421 1422/1422/1422
f 1423/1423/1423 1424/1424/1424 1425/1425/1425
f 1426/1426/1426 1427/1427/1427 1428/1428/1428
f 1429/1429/1429 1430/1430/1430 1431/1431/1431
f 1432/1432/1432 1433/1433/1433 1434/1434/1434
f 1435/1435/1435 1436/1436/1436 1437/1437/1437
f 1438/1438/1438 1439/1439/1439 1440/1440/1440
f 1441/1441/1441 1442/1442/1442 1443/1443/1443
f 1444/1444/1444 1445/1445/1445 1446/1446/1446
f 1447/1447/1447 1448/1448/1448 1449/1449/1449
f 1450/1450/1450 1451/1451/1451 1452/1452/1452
f 1453/1453/1453 1454/1454/1454 1455/1455/1455
f 1456/1456/1456 1457/1457/1457 1458/1458/1458
f 1459/1459/1459 1460/1460/1460 1461/1461/1461
f 1462/1462/1462 1463/1463/1463 1464/1464/1464
f 1465/1465/1465 1466/1466/1466 1467/1467/1467
f 1468/1468/1468 1469/1469/1469 1470/1470/1470
f 1471/1471/1471 1472/1472/1472 1473/1473/1473
f 1474/1474/1474 1475/1475/1475 1476/1476/1476
f 1477/1477/1477 1478/1478/1478 1479/1479/1479
f 1480/1480/1480 1481/1481/1481 1482/1482/1482
f 1483/1483/1483 1484/1484/1484 1485/1485/1485
f 1486/1486/1486 1487/1487/1487 1488/1488/1488
f 1489/1489/1489 1490/1490/1490 1491/1491/1491
f 1492/1492/1492 1493/1493/1493 1494/1494/1494
f 1495/1495/1495 1496/1496/1496 1497/1497/1497
f 1498/1498/1498 1499/1499/1499 1500/1500/1500
f 1501/1501/1501 1502/1502/1502 1503/1503/1503
f 1504/1504/1504 1505/1505/1505 1506/1506/1506
f 1507/1507/1507 1508/1508/1508 1509/1509/1509
f 1510/1510/1510 1511/1511/1511 1512/1512/1512
f 1513/1513/1513 1514/1514/1514 1515/1515/1515
f 1516/1516/1516 1517/1517/1517 1518/1518/1518
f 1519/1519/1519 1520/1520/1520 1521/1521/1521
f 1522/1522/1522 1523/1523/1523 1524/1524/1524
f 1525/1525/1525 1526/1526/1526 1527/1527/1527
f 1528/1528/1528 1529/1529/1529 1530/1530/1530
f 1531/1531/1531 1532/1532/1532 1533/1533/1533
f 1534/1534/1534 1535/1535/1535 1536/1536/1536
f 1537/1537/1537 1538/1538/1538 1539/1539/1539
f 1540/1540/1540 1541/1541/1541 1542/1542/1542
f 1543/1543/1543 1544/1544/1544 1545/1545/1545
f 1546/1546/1546 1547/1547/1547 1548/1548/1548
f 1549/1549/1549 1550/1550/1550 1551/1551/1551
f 1552/1552/1552 1553/1553/1553 1554/1554/1554
f 1555/1555/1555 1556/1556/1556 1557/1557/1557
f 1558/1558/1558 1559/1559/1559 1560/1560/1560
f 1561/1561/1561 1562/1562/1562 1563/1563/1563
f 1564/1564/1564 1565/1565/1565 1566/1566/1566
f 1567/1567/1567 1568/1568/1568 1569/1569/1569
f 1570/1570/1570 1571/1571/1571 1572/1572/1572
f 1573/1573/1573 1574/1574/1574 1575/1575/1575
f 1576/1576/1576 1577/1577/1577 1578/1578/1578
f 1579/1579/1579 1580/1580/1580 1581/1581/1581
f 1582/1582/1582 1583/1583/1583 1584/1584/1584
f 1585/1585/1585 1586/1586/1586 1587/1587/1587
f 1588/1588/1588 1589/1589/1589 1590/1590/1590
f 1591/1591/1591 1592/1592/1592 1593/1593/1593
f 1594/1594/1594 1595/1595/1595 1596/1596/1596
f 1597/1597/1597 1598/1598/1598 1599/1599/1599
f 1600/1600/1600 1601/1601/1601 1602/1602/1602
f 1603/1603/1603 1604/1604/1604 1605/1605/1605
f 1606/1606/1606 1607/1607/1607 1608/1608/1608
f 1609/1609/1609 1610/1610/1610 1611/1611/1611
f 1612/1612/1612 1613/1613/1613 1614/1614/1614
f 1615/1615/1615 1616/1616/1616 1617/1617/1617
f 1618/1618/1618 1619/1619/1619 1620/1620/1620
f 1621/1621/1621 1622/1622/1622 1623/1623/1623
f 1624/1624/1624 1625/1625/1625 1626/1626/1626
f 1627/1627/1627 1628/1628/1628 1629/1629/1629
f 1630/1630/1630 1631/1631/1631 1632/1632/1632
f 1633/1633/1633 1634/1634/1634 1635/1635/1635
f 1636/1636/1636 1637/1637/1637 1638/1638/1638
f 1639/1639/1639 1640/1640/1640 1641/1641/1641
f 1642/1642/1642 1643/1643/1643 1644/1644/1644
f 1645/1645/1645 1646/1646/1646 1647/1647/1647
f 1648/1648/1648 1649/1649/1649 1650/1650/1650
f 1651/1651/1651 1652/1652/1652 1653/1653/1653
f 1654/1654/1654 1655/1655/1655 1656/1656/1656
f 1657/1657/1657 1658/1658/1658 1659/1659/1659
f 1660/1660/1660 1661/1661/1661 1662/1662/1662
f 1663/1663/1663 1664/1664/1664 1665/1665/1665
f 1666/1666/1666 1667/1667/1667 1668/1668/1668
f 1669/1669/1669 1670/1670/1670 1671/1671/1671
f 1672/1672/1672 1673/1673/1673 1674/1674/1674
f 1675/1675/1675 1676/1676/1676 1677/1677/1677
f 1678/1678/1678 1679/1679/1679 1680/1680/1680
f 1681/1681/1681 1682/1682/1682 1683/1683/1683
f 1684/1684/1684 1685/1685/1685 1686/1686/1686
f 1687/1687/1687 1688/1688/1688 1689/1689/1689
f 1690/1690/1690 1691/1691/1691 1692/1692/1692
f 1693/1693/1693 1694/1694/1694 1695/1695/1695
f 1696/1696/1696 1697/1697/1697 1698/1698/1698
f 1699/1699/1699 1700/1700/1700 1701/1701/1701
f 1702/1702/1702 1703/1703/1703 1704/1704/1704
f 1705/1705/1705 1706/1706/1706 1707/1707/1707
f 1708/1708/1708 1709/1709/1709 1710/1710/1710
f 1711/1711/1711 1712/1712/1712 1713/1713/1713
f 1714/1714/1714 1715/1715/1715 1716/1716/1716
f 1717/1717/1717 1718/1718/1718 1719/1719/1719
f 1720/1720/1720 1721/1721/1721 1722/1722/1722
f 1723/1723/1723 1724/1724/1724 1725/1725/1725
f 1726/1726/1726 1727/1727/1727 1728/1728/1728
f 1729/1729/1729 1730/1730/1730 1731/1731/1731
f 1732/1732/1732 1733/1733/1733 1734/1734/1734
f 1735/1735/1735 1736/1736/1736 1737/1737/1737
f 1738/1738/1738 1739/1739/1739 1740/1740/1740
f 1741/1741/1741 1742/1742/1742 1743/1743/1743
f 1744/1744/1744 1745/1745/1745 1746/1746/1746
f 1747/1747/1747 1748/1748/1748 1749/1749/1749
f 1750/1750/1750 1751/1751/1751 1752/1752/1752
f 1753/1753/1753 1754/1754/1754 1755/1755/1755
f 1756/1756/1756 1757/1757/1757 1758/1758/1758
f 1759/1759/1759 1760/1760/1760 1761/1761/1761
f 1762/1762/1762 1763/1763/1763 1764/1764/1764
f 1765/1765/1765 1766/1766/1766 1767/1767/1767
f 1768/1768/1768 1769/1769/1769 1770/1770/1770
f 1771/1771/1771 1772/1772/1772 1773/1773/1773
f 1774/1774/1774 1775/1775/1775 1776/1776/1776
f 1777/1777/1777 1778/1778/1778 1779/1779/1779
f 1780/1780/1780 1781/1781/1781 1782/1782/1782
f 1783/1783/1783 1784/1784/1784 1785/1785/1785
f 1786/1786/1786 1787/1787/1787 1788/1788/1788
f 1789/1789/1789 1790/1790/1790 1791/1791/1791
f 1792/1792/1792 1793/1793/1793 1794/1794/1794
f 1795/1795/1795 1796/1796/1796 1797/1797/1797
f 1798/1798/1798 1799/1799/1799 1800/1800/1800
f 1801/1801/1801 1802/1802/1802 1803/1803/1803
f 1804/1804/1804 1805/1805/1805 1806/1806/1806
f 1807/1807/1807 1808/1808/1808 1809/1809/1809
f 1810/1810/1810 1811/1811/1811 1812/1812/1812
f 1813/1813/1813 1814/1814/1814 1815/1815/1815
f 1816/1816/1816 1817/1817/1817 1818/1818/1818
f 1819/1819/1819 1820/1820/1820 1821/1821/1821
f 1822/1822/1822 1823/1823/1823 1824/1824/1824
f 1825/1825/1825 1826/1826/1826 1827/1827/1827
f 1828/1828/1828 1829/1829/1829 1830/1830/1830
f 1831/1831/1831 1832/1832/1832 1833/1833/1833
f 1834/1834/1834 1835/1835/1835 1836/1836/1836
f 1837/1837/1837 1838/1838/1838 1839/1839/1839
f 1840/1840/1840 1841/1841/1841 1842/1842/1842
f 1843/1843/1843 1844/1844/1844 1845/1845/1845
f 1846/1846/1846 1847/1847/1847 1848/1848/1848
f 1849/1849/1849 1850/1850/1850 1851/1851/1851
f 1852/1852/1852 1853/1853/1853 1854/1854/1854
f 1855/1855/1855 1856/1856/1856 1857/1857/1857
f 1858/1858/1858 1859/1859/1859 1860/1860/1860
f 1861/1861/1861 1862/1862/1862 1863/1863/1863
f 1864/1864/1864 1865/1865/1865 1866/1866/1866
f 1867/1867/1867 1868/1868/1868 1869/1869/1869
f 1870/1870/1870 1871/1871/1871 1872/1872/1872
f 1873/1873/1873 1874/1874/1874 1875/1875/1875
f 1876/1876/1876 1877/1877/1877 1878/1878/1878
f 1879/1879/1879 1880/1880/1880 1881/1881/1881
f 1882/1882/1882 1883/1883/1883 1884/1884/1884
f 1885/1885/1885 1886/1886/1886 1887/1887/1887
f 1888/1888/1888 1889/1889/1889 1890/1890/1890
f 1891/1891/1891 1892/1892/1892 1893/1893/1893
f 1894/1894/1894 1895/1895/1895 1896/1896/1896
f 1897/1897/1897 1898/1898/1898 1899/1899/1899
f 1900/1900/1900 1901/1901/1901 1902/1902/1902
f 1903/1903/1903 1904/1904/1904 1905/1905/1905
f 1906/1906/1906 1907/1907/1907 1908/1908/1908
f 1909/1909/1909 1910/1910/1910 1911/1911/1911
f 1912/1912/1912 1913/1913/1913 1914/1914/1914
f 1915/1915/1915 1916/1916/1916 1917/1917/1917
f 1918/1918/1918 1919/1919/1919 1920/1920/1920
f 1921/1921/1921 1922/1922/1922 1923/1923/1923
f 1924/1924/1924 1925/1925/1925 1926/1926/1926
f 1927/1927/1927 1928/1928/1928 1929/1929/1929
f 1930/1930/1930 1931/1931/1931 1932/1932/1932
f 1933/1933/1933 1934/1934/1934 1935/1935/1935
f 1936/1936/1936 1937/1937/1937 1938/1938/1938
f 1939/1939/1939 1940/1940/1940 1941/1941/1941
f 1942/1942/1942 1943/1943/1943 1944/1944/1944
f 1945/1945/1945 1946/1946/1946 1947/1947/1947
f 1948/1948/1948 1949/1949/1949 1950/1950/1950
f 1951/1951/1951 1952/1952/1952 1953/1953/1953
f 1954/1954/1954 1955/1955/1955 1956/1956/1956
f 1957/1957/1957 1958/1958/1958 1959/1959/1959
f 1960/1960/1960 1961/1961/1961 1962/1962/1962
f 1963/1963/1963 1964/1964/1964 1965/1965/1965
f 1966/1966/1966 1967/1967/1967 1968/1968/1968
f 1969/1969/1969 1970/1970/1970 1971/1971/1971
f 1972/1972/1972 1973/1973/1973 1974/1974/1974
f 1975/1975/1975 1976/1976/1976 1977/1977/1977
f 1978/1978/1978 1979/1979/1979 1980/1980/1980
f 1981/1981/1981 1982/1982/1982 1983/1983/1983
f 1984/1984/1984 1985/1985/1985 1986/1986/1986
f 1987/1987/1987 1988/1988/1988 1989/1989/1989
f 1990/1990/1990 1991/1991/1991 1992/1992/1992
f 1993/1993/1993 1994/1994/1994 1995/1995/1995
f 1996/1996/1996 1997/1997/1997 1998/1998/1998
f 1999/1999/1999 2000/2000/2000 2001/2001/2001
f 2002/2002/2002 2003/2003/2003 2004/2004/2004
f 2005/2005/2005 2006/2006/2006 2007/2007/2007
f 2008/2008/2008 2009/2009/2009 2010/2010/2010
f 2011/2011/2011 2012/2012/2012 2013/2013/2013
f 2014/2014/2014 2015/2015/2015 2016/2016/2016
f 2017/2017/2017 2018/2018/2018 2019/2019/2019
f 2020/2020/2020 2021/2021/2021 2022/2022/2022
f 2023/2023/2023 2024/2024/2024 2025/2025/2025
f 2026/2026/2026 2027/2027/2027 2028/2028/2028
f 2029/2029/2029 2030/2030/2030 2031/2031/2031
f 2032/2032/2032 2033/2033/2033 2034/2034/2034
f 2035/2035/2035 2036/2036/2036 2037/2037/2037
f 2038/2038/2038 2039/2039/2039 2040/2040/2040
f 2041/2041/2041 2042/2042/2042 2043/2043/2043
f 2044/2044/2044 2045/2045/2045 2046/2046/2046
f 2047/2047/2047 2048/2048/2048 2049/2049/2049
f 2050/2050/2050 2051/2051/2051 2052/2052/2052
f 2053/2053/2053 2054/2054/2054 2055/2055/2055
f 2056/2056/2056 2057/2057/2057 2058/2058/2058
f 2059/2059/2059 2060/2060/2060 2061/2061/2061
f 2062/2062/2062 2063/2063/2063 2064/2064/2064
f 2065/2065/2065 2066/2066/2066 2067/2067/2067
f 2068/2068/2068 2069/2069/2069 2070/2070/2070
f 2071/2071/2071 2072/2072/2072 2073/2073/2073
f 2074/2074/2074 2075/2075/2075 2076/2076/2076
f 2077/2077/2077 2078/2078/2078 2079/2079/2079
f 2080/2080/2080 2081/2081/2081 2082/2082/2082
f 2083/2083/2083 2084/2084/2084 2085/2085/2085
f 2086/2086/2086 2087/2087/2087 2088/2088/2088
f 2089/2089/2089 2090/2090/2090 2091/2091/2091
f 2092/2092/2092 2093/2093/2093 2094/2094/2094
f 2095/2095/2095 2096/2096/2096 2097/2097/2097
f 2098/2098/2098 2099/2099/2099 2100/2100/2100
f 2101/2101/2101 2102/2102/2102 2103/2103/2103
f 2104/2104/2104 2105/2105/2105 2106/2106/2106
f 2107/2107/2107 2108/2108/2108 2109/2109/2109
f 2110/2110/2110 2111/2111/2111 2112/2112/2112
f 2113/2113/2113 2114/2114/2114 2115/2115/2115
f 2116/2116/2116 2117/2117/2117 2118/2118/2118
f 2119/2119/2119 2120/2120/2120 2121/2121/2121
f 2122/2122/2122 2123/2123/2123 2124/2124/2124
f 2125/2125/2125 2126/2126/2126 2127/2127/2127
f 2128/2128/2128 2129/2129/2129 2130/2130/2130
f 2131/2131/2131 2132/2132/2132 2133/2133/2133
f 2134/2134/2134 2135/2135/2135 2136/2136/2136
f 2137/2137/2137 2138/2138/2138 2139/2139/2139
f 2140/2140/2140 2141/2141/2141 2142/2142/2142
f 2143/2143/2143 2144/2144/2144 2145/2145/2145
f 2146/2146/2146 2147/2147/2147 2148/2148/2148
f 2149/2149/2149 2150/2150/2150 2151/2151/2151
f 2152/2152/2152 2153/2153/2153 2154/2154/2154
f 2155/2155/2155 2156/2156/2156 2157/2157/2157
f 2158/2158/2158 2159/2159/2159 2160/2160/2160
f 2161/2161/2161 2162/2162/2162 2163/2163/2163
f 2164/2164/2164 2165/2165/2165 2166/2166/2166
f 2167/2167/2167 2168/2168/2168 2169/2169/2169
f 2170/2170/2170 2171/2171/2171 2172/2172/2172
f 2173/2173/2173 2174/2174/2174 2175/2175/2175
f 2173/2173/2173 2175/2175/2175 2176/2176/2176
f 2177/2177/2177 2178/2178/2178 2179/2179/2179
f 2177/2177/2177 2179/2179/2179 2180/2180/2180
f 2181/2181/2181 2182/2182/2182 2183/2183/2183
f 2181/2181/2181 2183/2183/2183 2184/2184/2184
f 2185/2185/2185 2186/2186/2186 2187/2187/2187
f 2185/2185/2185 2187/2187/2187 2188/2188/2188
f 2189/2189/2189 2190/2190/2190 2191/2191/2191
f 2189/2189/2189 2191/2191/2191 2192/2192/2192
f 2193/2193/2193 2194/2194/2194 2195/2195/2195
f 2193/2193/2193 2195/2195/2195 2196/2196/2196
f 2197/2197/2197 2198/2198/2198 2199/2199/2199
f 2197/2197/2197 2199/2199/2199 2200/2200/2200
f 2201/2201/2201 2202/2202/2202 2203/2203/2203
f 2201/2201/2201 2203/2203/2203 2204/2204/2204
f 2205/2205/2205 2206/2206/2206 2207/2207/2207
f 2205/2205/2205 2207/2207/2207 2208/2208/2208
f 2209/2209/2209 2210/2210/2210 2211/2211/2211
f 2209/2209/2209 2211/2211/2211 2212/2212/2212
f 2213/2213/2213 2214/2214/2214 2215/2215/2215
f 2213/2213/2213 2215/2215/2215 2216/2216/2216
f 2217/2217/2217 2218/2218/2218 2219/2219/2219
f 2217/2217/2217 2219/2219/2219 2220/2220/2220
f 2221/2221/2221 2222/2222/2222 2223/2223/2223
f 2221/2221/2221 2223/2223/2223 2224/2224/2224
f 2225/2225/2225 2226/2226/2226 2227/2227/2227
f 2225/2225/2225 2227/2227/2227 2228/2228/2228
f 2229/2229/2229 2230/2230/2230 2231/2231/2231
f 2229/2229/2229 2231/2231/2231 2232/2232/2232
f 2233/2233/2233 2234/2234/2234 2235/2235/2235
f 2233/2233/2233 2235/2235/2235 2236/2236/2236
f 2237/2237/2237 2238/2238/2238 2239/2239/2239
f 2237/2237/2237 2239/2239/2239 2240/2240/2240
f 2241/2241/2241 2242/2242/2242 2243/2243/2243
f 2241/2241/2241 2243/2243/2243 2244/2244/2244
f 2245/2245/2245 2246/2246/2246 2247/2247/2247
f 2245/2245/2245 2247/2247/2247 2248/2248/2248
f 2249/2249/2249 2250/2250/2250 2251/2251/2251
f 2249/2249/2249 2251/2251/2251 2252/2252/2252
f 2253/2253/2253 2254/2254/2254 2255/2255/2255
f 2253/2253/2253 2255/2255/2255 2256/2256/2256
f 2257/2257/2257 2258/2258/2258 2259/2259/2259
f 2257/2257/2257 2259/2259/2259 2260/2260/2260
f 2261/2261/2261 2262/2262/2262 2263/2263/2263
f 2261/2261/2261 2263/2263/2263 2264/2264/2264
f 2265/2265/2265 2266/2266/2266 2267/2267/2267
f 2265/2265/2265 2267/2267/2267 2268/2268/2268
f 2269/2269/2269 2270/2270/2270 2271/2271/2271
f 2269/2269/2269 2271/2271/2271 2272/2272/2272
f 2273/2273/2273 2274/2274/2274 2275/2275/2275
f 2273/2273/2273 2275/2275/2275 2276/2276/2276
f 2277/2277/2277 2278/2278/2278 2279/2279/2279
f 2277/2277/2277 2279/2279/2279 2280/2280/2280
f 2281/2281/2281 2282/2282/2282 2283/2283/2283
f 2281/2281/2281 2283/2283/2283 2284/2284/2284
f 2285/2285/2285 2286/2286/2286 2287/2287/2287
f 2285/2285/2285 2287/2287/2287 2288/2288/2288
f 2289/2289/2289 2290/2290/2290 2291/2291/2291
f 2289/2289/2289 2291/2291/2291 2292/2292/2292
f 2293/2293/2293 2294/2294/2294 2295/2295/2295
f 2293/2293/2293 2295/2295/2295 2296/2296/2296
f 2297/2297/2297 2298/2298/2298 2299/2299/2299
f 2297/2297/2297 2299/2299/2299 2300/2300/2300
f 2301/2301/2301 2302/2302/2302 2303/2303/2303
f 2301/2301/2301 2303/2303/2303 2304/2304/2304
f 2305/2305/2305 2306/2306/2306 2307/2307/2307
f 2305/2305/2305 2307/2307/2307 2308/2308/2308
f 2309/2309/2309 2310/2310/2310 2311/2311/2311
f 2309/2309/2309 2311/2311/2311 2312/2312/2312
f 2313/2313/2313 2314/2314/2314 2315/2315/2315
f 2313/2313/2313 2315/2315/2315 2316/2316/2316
f 2317/2317/2317 2318/2318/2318 2319/2319/2319
f 2317/2317/2317 2319/2319/2319 2320/2320/2320
f 2321/2321/2321 2322/2322/2322 2323/2323/2323
f 2321/2321/2321 2323/2323/2323 2324/2324/2324
f 2325/2325/2325 2326/2326/2326 2327/2327/2327
f 2325/2325/2325 2327/2327/2327 2328/2328/2328
f 2329/2329/2329 2330/2330/2330 2331/2331/2331
f 2329/2329/2329 2331/2331/2331 2332/2332/2332
f 2333/2333/2333 2334/2334/2334 2335/2335/2335
f 2333/2333/2333 2335/2335/2335 2336/2336/2336
f 2337/2337/2337 2338/2338/2338 2339/2339/2339
f 2337/2337/2337 2339/2339/2339 2340/2340/2340
f 2341/2341/2341 2342/2342/2342 2343/2343/2343
f 2341/2341/2341 2343/2343/2343 2344/2344/2344
f 2345/2345/2345 2346/2346/2346 2347/2347/2347
f 2345/2345/2345 2347/2347/2347 2348/2348/2348
f 2349/2349/2349 2350/2350/2350 2351/2351/2351
f 2349/2349/2349 2351/2351/2351 2352/2352/2352
f 2353/2353/2353 2354/2354/2354 2355/2355/2355
f 2353/2353/2353 2355/2355/2355 2356/2356/2356
f 2357/2357/2357 2358/2358/2358 2359/2359/2359
f 2357/2357/2357 2359/2359/2359 2360/2360/2360
f 2361/2361/2361 2362/2362/2362 2363/2363/2363
f 2361/2361/2361 2363/2363/2363 2364/2364/2364
f 2365/2365/2365 2366/2366/2366 2367/2367/2367
f 2365/2365/2365 2367/2367/2367 2368/2368/2368
f 2369/2369/2369 2370/2370/2370 2371/2371/2371
f 2369/2369/2369 2371/2371/2371 2372/2372/2372
f 2373/2373/2373 2374/2374/2374 2375/2375/2375
f 2373/2373/2373 2375/2375/2375 2376/2376/2376
f 2377/2377/2377 2378/2378/2378 2379/2379/2379
f 2377/2377/2377 2379/2379/2379 2380/2380/2380
f 2381/2381/2381 2382/2382/2382 2383/2383/2383
f 2381/2381/2381 2383/2383/2383 2384/2384/2384
f 2385/2385/2385 2386/2386/2386 2387/2387/2387
f 2385/2385/2385 2387/2387/2387 2388/2388/2388
f 2389/2389/2389 2390/2390/2390 2391/2391/2391
f 2389/2389/2389 2391/2391/2391 2392/2392/2392
f 2393/2393/2393 2394/2394/2394 2395/2395/2395
f 2393/2393/2393 2395/2395/2395 2396/2396/2396
f 2397/2397/2397 2398/2398/2398 2399/2399/2399
f 2397/2397/2397 2399/2399/2399 2400/2400/2400
f 2401/2401/2401 2402/2402/2402 2403/2403/2403
f 2401/2401/2401 2403/2403/2403 2404/2404/2404
f 2405/2405/2405 2406/2406/2406 2407/2407/2407
f 2405/2405/2405 2407/2407/2407 2408/2408/2408
f 2409/2409/2409 2410/2410/2410 2411/2411/2411
f 2409/2409/2409 2411/2411/2411 2412/2412/2412
f 2413/2413/2413 2414/2414/2414 2415/2415/2415
f 2413/2413/2413 2415/2415/2415 2416/2416/2416
f 2417/2417/2417 2418/2418/2418 2419/2419/2419
f 2417/2417/2417 2419/2419/2419 2420/2420/2420
f 2421/2421/2421 2422/2422/2422 2423/2423/2423
f 2421/2421/2421 2423/2423/2423 2424/2424/2424
f 2425/2425/2425 2426/2426/2426 2427/2427/2427
f 2425/2425/2425 2427/2427/2427 2428/2428/2428
f 2429/2429/2429 2430/2430/2430 2431/2431/2431
f 2429/2429/2429 2431/2431/2431 2432/2432/2432
f 2433/2433/2433 2434/2434/2434 2435/2435/2435
f 2433/2433/2433 2435/2435/2435 2436/2436/2436
f 2437/2437/2437 2438/2438/2438 2439/2439/2439
f 2437/2437/2437 2439/2439/2439 2440/2440/2440
f 2441/2441/2441 2442/2442/2442 2443/2443/2443
f 2441/2441/2441 2443/2443/2443 2444/2444/2444
f 2445/2445/2445 2446/2446/2446 2447/2447/2447
f 2445/2445/2445 2447/2447/2447 2448/2448/2448
f 2449/2449/2449 2450/2450/2450 2451/2451/2451
f 2449/2449/2449 2451/2451/2451 2452/2452/2452
f 2453/2453/2453 2454/2454/2454 2455/2455/2455
f 2453/2453/2453 2455/2455/2455 2456/2456/2456
f 2457/2457/2457 2458/2458/2458 2459/2459/2459
f 2457/2457/2457 2459/2459/2459 2460/2460/2460
f 2461/2461/2461 2462/2462/2462 2463/2463/2463
f 2461/2461/2461 2463/2463/2463 2464/2464/2464
f 2465/2465/2465 2466/2466/2466 2467/2467/2467
f 2465/2465/2465 2467/2467/2467 2468/2468/2468
f 2469/2469/2469 2470/2470/2470 2471/2471/2471
f 2469/2469/2469 2471/2471/2471 2472/2472/2472
f 2473/2473/2473 2474/2474/2474 2475/2475/2475
f 2473/2473/2473 2475/2475/2475 2476/2476/2476
f 2477/2477/2477 2478/2478/2478 2479/2479/2479
f 2477/2477/2477 2479/2479/2479 2480/2480/2480
f 2481/2481/2481 2482/2482/2482 2483/2483/2483
f 2481/2481/2481 2483/2483/2483 2484/2484/2484
f 2485/2485/2485 2486/2486/2486 2487/2487/2487
f 2485/2485/2485 2487/2487/2487 2488/2488/2488
f 2489/2489/2489 2490/2490/2490 2491/2491/2491
f 2489/2489/2489 2491/2491/2491 2492/2492/2492
f 2493/2493/2493 2494/2494/2494 2495/2495/2495
f 2493/2493/2493 2495/2495/2495 2496/2496/2496
f 2497/2497/2497 2498/2498/2498 2499/2499/2499
f 2497/2497/2497 2499/2499/2499 2500/2500/2500
f 2501/2501/2501 2502/2502/2502 2503/2503/2503
f 2501/2501/2501 2503/2503/2503 2504/2504/2504
f 2505/2505/2505 2506/2506/2506 2507/2507/2507
f 2505/2505/2505 2507/2507/2507 2508/2508/2508
f 2509/2509/2509 2510/2510/2510 2511/2511/2511
f 2509/2509/2509 2511/2511/2511 2512/2512/2512
f 2513/2513/2513 2514/2514/2514 2515/2515/2515
f 2513/2513/2513 2515/2515/2515 2516/2516/2516
f 2517/2517/2517 2518/2518/2518 2519/2519/2519
f 2517/2517/2517 2519/2519/2519 2520/2520/2520
f 2521/2521/2521 2522/2522/2522 2523/2523/2523
f 2521/2521/2521 2523/2523/2523 2524/2524/2524
f 2525/2525/2525 2526/2526/2526 2527/2527/2527
f 2525/2525/2525 2527/2527/2527 2528/2528/2528
f 2529/2529/2529 2530/2530/2530 2531/2531/2531
f 2529/2529/2529 2531/2531/2531 2532/2532/2532
f 2533/2533/2533 2534/2534/2534 2535/2535/2535
f 2533/2533/2533 2535/2535/2535 2536/2536/2536
f 2537/2537/2537 2538/2538/2538 2539/2539/2539
f 2537/2537/2537 2539/2539/2539 2540/2540/2540
f 2541/2541/2541 2542/2542/2542 2543/2543/2543
f 2541/2541/2541 2543/2543/2543 2544/2544/2544
f 2545/2545/2545 2546/2546/2546 2547/2547/2547
f 2545/2545/2545 2547/2547/2547 2548/2548/2548
f 2549/2549/2549 2550/2550/2550 2551/2551/2551
f 2549/2549/2549 2551/2551/2551 2552/2552/2552
f 2553/2553/2553 2554/2554/2554 2555/2555/2555
f 2553/2553/2553 2555/2555/2555 2556/2556/2556
f 2557/2557/2557 2558/2558/2558 2559/2559/2559
f 2557/2557/2557 2559/2559/2559 2560/2560/2560
f 2561/2561/2561 2562/2562/2562 2563/2563/2563
f 2561/2561/2561 2563/2563/2563 2564/2564/2564
f 2565/2565/2565 2566/2566/2566 2567/2567/2567
f 2565/2565/2565 2567/2567/2567 2568/2568/2568
f 2569/2569/2569 2570/2570/2570 2571/2571/2571
f 2569/2569/2569 2571/2571/2571 2572/2572/2572
f 2573/2573/2573 2574/2574/2574 2575/2575/2575
f 2573/2573/2573 2575/2575/2575 2576/2576/2576
f 2577/2577/2577 2578/2578/2578 2579/2579/2579
f 2577/2577/2577 2579/2579/2579 2580/2580/2580
f 2581/2581/2581 2582/2582/2582 2583/2583/2583
f 2581/2581/2581 2583/2583/2583 2584/2584/2584
f 2585/2585/2585 2586/2586/2586 2587/2587/2587
f 2585/2585/2585 2587/2587/2587 2588/2588/2588
f 2589/2589/2589 2590/2590/2590 2591/2591/2591
f 2589/2589/2589 2591/2591/2591 2592/2592/2592
f 2593/2593/2593 2594/2594/2594 2595/2595/2595
f 2593/2593/2593 2595/2595/2595 2596/2596/2596
f 2597/2597/2597 2598/2598/2598 2599/2599/2599
f 2597/2597/2597 2599/2599/2599 2600/2600/2600
f 2601/2601/2601 2602/2602/2602 2603/2603/2603
f 2601/2601/2601 2603/2603/2603 2604/2604/2604
f 2605/2605/2605 2606/2606/2606 2607/2607/2607
f 2605/2605/2605 2607/2607/2607 2608/2608/2608
f 2609/2609/2609 2610/2610/2610 2611/2611/2611
f 2609/2609/2609 2611/2611/2611 2612/2612/2612
f 2613/2613/2613 2614/2614/2614 2615/2615/2615
f 2613/2613/2613 2615/2615/2615 2616/2616/2616
f 2617/2617/2617 2618/2618/2618 2619/2619/2619
f 2617/2617/2617 2619/2619/2619 2620/2620/2620
f 2621/2621/2621 2622/2622/2622 2623/2623/2623
f 2621/2621/2621 2623/2623/2623 2624/2624/2624
f 2625/2625/2625 2626/2626/2626 2627/2627/2627
f 2625/2625/2625 2627/2627/2627 2628/2628/2628
f 2629/2629/2629 2630/2630/2630 2631/2631/2631
f 2629/2629/2629 2631/2631/2631 2632/2632/2632
f 2633/2633/2633 2634/2634/2634 2635/2635/2635
f 2633/2633/2633 2635/2635/2635 2636/2636/2636
f 2637/2637/2637 2638/2638/2638 2639/2639/2639
f 2637/2637/2637 2639/2639/2639 2640/2640/2640
f 2641/2641/2641 2642/2642/2642 2643/2643/2643
f 2641/2641/2641 2643/2643/2643 2644/2644/2644
f 2645/2645/2645 2646/2646/2646 2647/2647/2647
f 2645/2645/2645 2647/2647/2647 2648/2648/2648
f 2649/2649/2649 2650/2650/2650 2651/2651/2651
f 2649/2649/2649 2651/2651/2651 2652/2652/2652
f 2653/2653/2653 2654/2654/2654 2655/2655/2655
f 2653/2653/2653 2655/2655/2655 2656/2656/2656
f 2657/2657/2657 2658/2658/2658 2659/2659/2659
f 2657/2657/2657 2659/2659/2659 2660/2660/2660
f 2661/2661/2661 2662/2662/2662 2663/2663/2663
f 2661/2661/2661 2663/2663/2663 2664/2664/2664
f 2665/2665/2665 2666/2666/2666 2667/2667/2667
f 2665/2665/2665 2667/2667/2667 2668/2668/2668
f 2669/2669/2669 2670/2670/2670 2671/2671/2671
f 2669/2669/2669 2671/2671/2671 2672/2672/2672
f 2673/2673/2673 2674/2674/2674 2675/2675/2675
f 2673/2673/2673 2675/2675/2675 2676/2676/2676
f 2677/2677/2677 2678/2678/2678 2679/2679/2679
f 2677/2677/2677 2679/2679/2679 2680/2680/2680
f 2681/2681/2681 2682/2682/2682 2683/2683/2683
f 2681/2681/2681 2683/2683/2683 2684/2684/2684
f 2685/2685/2685 2686/2686/2686 2687/2687/2687
f 2685/2685/2685 2687/2687/2687 2688/2688/2688
f 2689/2689/2689 2690/2690/2690 2691/2691/2691
f 2689/2689/2689 2691/2691/2691 2692/2692/2692
f 2693/2693/2693 2694/2694/2694 2695/2695/2695
f 2693/2693/2693 2695/2695/2695 2696/2696/2696
f 2697/2697/2697 2698/2698/2698 2699/2699/2699
f 2697/2697/2697 2699/2699/2699 2700/2700/2700
f 2701/2701/2701 2702/2702/2702 2703/2703/2703
f 2701/2701/2701 2703/2703/2703 2704/2704/2704
f 2705/2705/2705 2706/2706/2706 2707/2707/2707
f 2705/2705/2705 2707/2707/2707 2708/2708/2708
f 2709/2709/2709 2710/2710/2710 2711/2711/2711
f 2709/2709/2709 2711/2711/2711 2712/2712/2712
f 2713/2713/2713 2714/2714/2714 2715/2715/2715
f 2713/2713/2713 2715/2715/2715 2716/2716/2716
f 2717/2717/2717 2718/2718/2718 2719/2719/2719
f 2717/2717/2717 2719/2719/2719 2720/2720/2720
f 2721/2721/2721 2722/2722/2722 2723/2723/2723
f 2721/2721/2721 2723/2723/2723 2724/2724/2724
f 2725/2725/2725 2726/2726/2726 2727/2727/2727
f 2725/2725/2725 2727/2727/2727 2728/2728/2728
f 2729/2729/2729 2730/2730/2730 2731/2731/2731
f 2729/2729/2729 2731/2731/2731 2732/2732/2732
f 2733/2733/2733 2734/2734/2734 2735/2735/2735
f 2733/2733/2733 2735/2735/2735 2736/2736/2736
f 2737/2737/2737 2738/2738/2738 2739/2739/2739
f 2737/2737/2737 2739/2739/2739 2740/2740/2740
f 2741/2741/2741 2742/2742/2742 2743/2743/2743
f 2741/2741/2741 2743/2743/2743 2744/2744/2744
f 2745/2745/2745 2746/2746/2746 2747/2747/2747
f 2745/2745/2745 2747/2747/2747 2748/2748/2748
f 2749/2749/2749 2750/2750/2750 2751/2751/2751
f 2749/2749/2749 2751/2751/2751 2752/2752/2752
f 2753/2753/2753 2754/2754/2754 2755/2755/2755
f 2753/2753/2753 2755/2755/2755 2756/2756/2756
f 2757/2757/2757 2758/2758/2758 2759/2759/2759
f 2757/2757/2757 2759/2759/2759 2760/2760/2760
f 2761/2761/2761 2762/2762/2762 2763/2763/2763
f 2761/2761/2761 2763/2763/2763 2764/2764/2764
f 2765/2765/2765 2766/2766/2766 2767/2767/2767
f 2765/2765/2765 2767/2767/2767 2768/2768/2768
f 2769/2769/2769 2770/2770/2770 2771/2771/2771
f 2769/2769/2769 2771/2771/2771 2772/2772/2772
f 2773/2773/2773 2774/2774/2774 2775/2775/2775
f 2773/2773/2773 2775/2775/2775 2776/2776/2776
f 2777/2777/2777 2778/2778/2778 2779/2779/2779
f 2777/2777/2777 2779/2779/2779 2780/2780/2780
f 2781/2781/2781 2782/2782/2782 2783/2783/2783
f 2781/2781/2781 2783/2783/2783 2784/2784/2784
f 2785/2785/2785 2786/2786/2786 2787/2787/2787
f 2785/2785/2785 2787/2787/2787 2788/2788/2788
f 2789/2789/2789 2790/2790/2790 2791/2791/2791
f 2789/2789/2789 2791/2791/2791 2792/2792/2792
f 2793/2793/2793 2794/2794/2794 2795/2795/2795
f 2793/2793/2793 2795/2795/2795 2796/2796/2796
f 2797/2797/2797 2798/2798/2798 2799/2799/2799
f 2797/2797/2797 2799/2799/2799 2800/2800/2800
f 2801/2801/2801 2802/2802/2802 2803/2803/2803
f 2801/2801/2801 2803/2803/2803 2804/2804/2804
f 2805/2805/2805 2806/2806/2806 2807/2807/2807
f 2805/2805/2805 2807/2807/2807 2808/2808/2808
f 2809/2809/2809 2810/2810/2810 2811/2811/2811
f 2809/2809/2809 2811/2811/2811 2812/2812/2812
f 2813/2813/2813 2814/2814/2814 2815/2815/2815
f 2813/2813/2813 2815/2815/2815 2816/2816/2816
f 2817/2817/2817 2818/2818/2818 2819/2819/2819
f 2817/2817/2817 2819/2819/2819 2820/2820/2820
f 2821/2821/2821 2822/2822/2822 2823/2823/2823
f 2821/2821/2821 2823/2823/2823 2824/2824/2824
f 2825/2825/2825 2826/2826/2826 2827/2827/2827
f 2825/2825/2825 2827/2827/2827 2828/2828/2828
f 2829/2829/2829 2830/2830/2830 2831/2831/2831
f 2829/2829/2829 2831/2831/2831 2832/2832/2832
f 2833/2833/2833 2834/2834/2834 2835/2835/2835
f 2833/2833/2833 2835/2835/2835 2836/2836/2836
f 2837/2837/2837 2838/2838/2838 2839/2839/2839
f 2837/2837/2837 2839/2839/2839 2840/2840/2840
f 2841/2841/2841 2842/2842/2842 2843/2843/2843
f 2841/2841/2841 2843/2843/2843 2844/2844/2844
f 2845/2845/2845 2846/2846/2846 2847/2847/2847
f 2845/2845/2845 2847/2847/2847 2848/2848/2848
f 2849/2849/2849 2850/2850/2850 2851/2851/2851
f 2849/2849/2849 2851/2851/2851 2852/2852/2852
f 2853/2853/2853 2854/2854/2854 2855/2855/2855
f 2853/2853/2853 2855/2855/2855 2856/2856/2856
f 2857/2857/2857 2858/2858/2858 2859/2859/2859
f 2857/2857/2857 2859/2859/2859 2860/2860/2860
f 2861/2861/2861 2862/2862/2862 2863/2863/2863
f 2861/2861/2861 2863/2863/2863 2864/2864/2864
f 2865/2865/2865 2866/2866/2866 2867/2867/2867
f 2865/2865/2865 2867/2867/2867 2868/2868/2868
f 2869/2869/2869 2870/2870/2870 2871/2871/2871
f 2869/2869/2869 2871/2871/2871 2872/2872/2872
f 2873/2873/2873 2874/2874/2874 2875/2875/2875
f 2873/2873/2873 2875/2875/2875 2876/2876/2876
f 2877/2877/2877 2878/2878/2878 2879/2879/2879
f 2877/2877/2877 2879/2879/2879 2880/2880/2880
f 2881/2881/2881 2882/2882/2882 2883/2883/2883
f 2881/2881/2881 2883/2883/2883 2884/2884/2884
f 2885/2885/2885 2886/2886/2886 2887/2887/2887
f 2885/2885/2885 2887/2887/2887 2888/2888/2888
f 2889/2889/2889 2890/2890/2890 2891/2891/2891
f 2889/2889/2889 2891/2891/2891 2892/2892/2892
f 2893/2893/2893 2894/2894/2894 2895/2895/2895
f 2893/2893/2893 2895/2895/2895 2896/2896/2896
f 2897/2897/2897 2898/2898/2898 2899/2899/2899
f 2897/2897/2897 2899/2899/2899 2900/2900/2900
f 2901/2901/2901 2902/2902/2902 2903/2903/2903
f 2901/2901/2901 2903/2903/2903 2904/2904/2904
f 2905/2905/2905 2906/2906/2906 2907/2907/2907
f 2905/2905/2905 2907/2907/2907 2908/2908/2908
f 2909/2909/2909 2910/2910/2910 2911/2911/2911
f 2909/2909/2909 2911/2911/2911 2912/2912/2912
f 2913/2913/2913 2914/2914/2914 2915/2915/2915
f 2913/2913/2913 2915/2915/2915 2916/2916/2916
f 2917/2917/2917 2918/2918/2918 2919/2919/2919
f 2917/2917/2917 2919/2919/2919 2920/2920/2920
f 2921/2921/2921 2922/2922/2922 2923/2923/2923
f 2921/2921/2921 2923/2923/2923 2924/2924/2924
f 2925/2925/2925 2926/2926/2926 2927/2927/2927
f 2925/2925/2925 2927/2927/2927 2928/2928/2928
f 2929/2929/2929 2930/2930/2930 2931/2931/2931
f 2929/2929/2929 2931/2931/2931 2932/2932/2932
f 2933/2933/2933 2934/2934/2934 2935/2935/2935
f 2933/2933/2933 2935/2935/2935 2936/2936/2936
f 2937/2937/2937 2938/2938/2938 2939/2939/2939
f 2937/2937/2937 2939/2939/2939 2940/2940/2940
f 2941/2941/2941 2942/2942/2942 2943/2943/2943
f 2941/2941/2941 2943/2943/2943 2944/2944/2944
f 2945/2945/2945 2946/2946/2946 2947/2947/2947
f 2945/2945/2945 2947/2947/2947 2948/2948/2948
f 2949/2949/2949 2950/2950/2950 2951/2951/2951
f 2949/2949/2949 2951/2951/2951 2952/2952/2952
f 2953/2953/2953 2954/2954/2954 2955/2955/2955
f 2953/2953/2953 2955/2955/2955 2956/2956/2956
f 2957/2957/2957 2958/2958/2958 2959/2959/2959
f 2957/2957/2957 2959/2959/2959 2960/2960/2960
f 2961/2961/2961 2962/2962/2962 2963/2963/2963
f 2961/2961/2961 2963/2963/2963 2964/2964/2964
f 2965/2965/2965 2966/2966/2966 2967/2967/2967
f 2965/2965/2965 2967/2967/2967 2968/2968/2968
f 2969/2969/2969 2970/2970/2970 2971/2971/2971
f 2969/2969/2969 2971/2971/2971 2972/2972/2972
f 2973/2973/2973 2974/2974/2974 2975/2975/2975
f 2973/2973/2973 2975/2975/2975 2976/2976/2976
f 2977/2977/2977 2978/2978/2978 2979/2979/2979
f 2977/2977/2977 2979/2979/2979 2980/2980/2980
f 2981/2981/2981 2982/2982/2982 2983/2983/2983
f 2981/2981/2981 2983/2983/2983 2984/2984/2984
f 2985/2985/2985 2986/2986/2986 2987/2987/2987
f 2985/2985/2985 2987/2987/2987 2988/2988/2988
f 2989/2989/2989 2990/2990/2990 2991/2991/2991
f 2989/2989/2989 2991/2991/2991 2992/2992/2992
f 2993/2993/2993 2994/2994/2994 2995/2995/2995
f 2993/2993/2993 2995/2995/2995 2996/2996/2996
f 2997/2997/2997 2998/2998/2998 2999/2999/2999
f 2997/2997/2997 2999/2999/2999 3000/3000/3000
f 3001/3001/3001 3002/3002/3002 3003/3003/3003
f 3001/3001/3001 3003/3003/3003 3004/3004/3004
f 3005/3005/3005 3006/3006/3006 3007/3007/3007
f 3005/3005/3005 3007/3007/3007 3008/3008/3008
f 3009/3009/3009 3010/3010/3010 3011/3011/3011
f 3009/3009/3009 3011/3011/3011 3012/3012/3012
f 3013/3013/3013 3014/3014/3014 3015/3015/3015
f 3013/3013/3013 3015/3015/3015 3016/3016/3016
f 3017/3017/3017 3018/3018/3018 3019/3019/3019
f 3017/3017/3017 3019/3019/3019 3020/3020/3020
f 3021/3021/3021 3022/3022/3022 3023/3023/3023
f 3021/3021/3021 3023/3023/3023 3024/3024/3024
f 3025/3025/3025 3026/3026/3026 3027/3027/3027
f 3025/3025/3025 3027/3027/3027 3028/3028/3028
f 3029/3029/3029 3030/3030/3030 3031/3031/3031
f 3029/3029/3029 3031/3031/3031 3032/3032/3032
f 3033/3033/3033 3034/3034/3034 3035/3035/3035
f 3033/3033/3033 3035/3035/3035 3036/3036/3036
f 3037/3037/3037 3038/3038/3038 3039/3039/3039
f 3037/3037/3037 3039/3039/3039 3040/3040/3040
f 3041/3041/3041 3042/3042/3042 3043/3043/3043
f 3041/3041/3041 3043/3043/3043 3044/3044/3044
f 3045/3045/3045 3046/3046/3046 3047/3047/3047
f 3045/3045/3045 3047/3047/3047 3048/3048/3048
f 3049/3049/3049 3050/3050/3050 3051/3051/3051
f 3049/3049/3049 3051/3051/3051 3052/3052/3052
f 3053/3053/3053 3054/3054/3054 3055/3055/3055
f 3053/3053/3053 3055/3055/3055 3056/3056/3056
f 3057/3057/3057 3058/3058/3058 3059/3059/3059
f 3057/3057/3057 3059/3059/3059 3060/3060/3060
f 3061/3061/3061 3062/3062/3062 3063/3063/3063
f 3061/3061/3061 3063/3063/3063 3064/3064/3064
f 3065/3065/3065 3066/3066/3066 3067/3067/3067
f 3065/3065/3065 3067/3067/3067 3068/3068/3068
f 3069/3069/3069 3070/3070/3070 3071/3071/3071
f 3069/3069/3069 3071/3071/3071 3072/3072/3072
f 3073/3073/3073 3074/3074/3074 3075/3075/3075
f 3073/3073/3073 3075/3075/3075 3076/3076/3076
f 3077/3077/3077 3078/3078/3078 3079/3079/3079
f 3077/3077/3077 3079/3079/3079 3080/3080/3080
f 3081/3081/3081 3082/3082/3082 3083/3083/3083
f 3081/3081/3081 3083/3083/3083 3084/3084/3084
f 3085/3085/3085 3086/3086/3086 3087/3087/3087
f 3085/3085/3085 3087/3087/3087 3088/3088/3088
f 3089/3089/3089 3090/3090/3090 3091/3091/3091
f 3089/3089/3089 3091/3091/3091 3092/3092/3092
f 3093/3093/3093 3094/3094/3094 3095/3095/3095
f 3093/3093/3093 3095/3095/3095 3096/3096/3096
f 3097/3097/3097 3098/3098/3098 3099/3099/3099
f 3097/3097/3097 3099/3099/3099 3100/3100/3100
f 3101/3101/3101 3102/3102/3102 3103/3103/3103
f 3101/3101/3101 3103/3103/3103 3104/3104/3104
f 3105/3105/3105 3106/3106/3106 3107/3107/3107
f 3105/3105/3105 3107/3107/3107 3108/3108/3108
f 3109/3109/3109 3110/3110/3110 3111/3111/3111
f 3109/3109/3109 3111/3111/3111 3112/3112/3112
f 3113/3113/3113 3114/3114/3114 3115/3115/3115
f 3113/3113/3113 3115/3115/3115 3116/3116/3116
f 3117/3117/3117 3118/3118/3118 3119/3119/3119
f 3117/3117/3117 3119/3119/3119 3120/3120/3120
f 3121/3121/3121 3122/3122/3122 3123/3123/3123
f 3121/3121/3121 3123/3123/3123 3124/3124/3124
f 3125/3125/3125 3126/3126/3126 3127/3127/3127
f 3125/3125/3125 3127/3127/3127 3128/3128/3128
f 3129/3129/3129 3130/3130/3130 3131/3131/3131
f 3129/3129/3129 3131/3131/3131 3132/3132/3132
f 3133/3133/3133 3134/3134/3134 3135/3135/3135
f 3133/3133/3133 3135/3135/3135 3136/3136/3136
f 3137/3137/3137 3138/3138/3138 3139/3139/3139
f 3137/3137/3137 3139/3139/3139 3140/3140/3140
f 3141/3141/3141 3142/3142/3142 3143/3143/3143
f 3141/3141/3141 3143/3143/3143 3144/3144/3144
f 3145/3145/3145 3146/3146/3146 3147/3147/3147
f 3145/3145/3145 3147/3147/3147 3148/3148/3148
f 3149/3149/3149 3150/3150/3150 3151/3151/3151
f 3149/3149/3149 3151/3151/3151 3152/3152/3152
f 3153/3153/3153 3154/3154/3154 3155/3155/3155
f 3153/3153/3153 3155/3155/3155 3156/3156/3156
f 3157/3157/3157 3158/3158/3158 3159/3159/3159
f 3157/3157/3157 3159/3159/3159 3160/3160/3160
f 3161/3161/3161 3162/3162/3162 3163/3163/3163
f 3161/3161/3161 3163/3163/3163 3164/3164/3164
f 3165/3165/3165 3166/3166/3166 3167/3167/3167
f 3165/3165/3165 3167/3167/3167 3168/3168/3168
f 3169/3169/3169 3170/3170/3170 3171/3171/3171
f 3169/3169/3169 3171/3171/3171 3172/3172/3172
f 3173/3173/3173 3174/3174/3174 3175/3175/3175
f 3173/3173/3173 3175/3175/3175 3176/3176/3176
f 3177/3177/3177 3178/3178/3178 3179/3179/3179
f 3177/3177/3177 3179/3179/3179 3180/3180/3180
f 3181/3181/3181 3182/3182/3182 3183/3183/3183
f 3181/3181/3181 3183/3183/3183 3184/3184/3184
f 3185/3185/3185 3186/3186/3186 3187/3187/3187
f 3185/3185/3185 3187/3187/3187 3188/3188/3188
f 3189/3189/3189 3190/3190/3190 3191/3191/3191
f 3189/3189/3189 3191/3191/3191 3192/3192/3192
f 3193/3193/3193 3194/3194/3194 3195/3195/3195
f 3193/3193/3193 3195/3195/3195 3196/3196/3196
f 3197/3197/3197 3198/3198/3198 3199/3199/3199
f 3197/3197/3197 3199/3199/3199 3200/3200/3200
f 3201/3201/3201 3202/3202/3202 3203/3203/3203
f 3201/3201/3201 3203/3203/3203 3204/3204/3204
f 3205/3205/3205 3206/3206/3206 3207/3207/3207
f 3205/3205/3205 3207/3207/3207 3208/3208/3208
f 3209/3209/3209 3210/3210/3210 3211/3211/3211
f 3209/3209/3209 3211/3211/3211 3212/3212/3212
f 3213/3213/3213 3214/3214/3214 3215/3215/3215
f 3213/3213/3213 3215/3215/3215 3216/3216/3216
f 3217/3217/3217 3218/3218/3218 3219/3219/3219
f 3217/3217/3217 3219/3219/3219 3220/3220/3220
f 3221/3221/3221 3222/3222/3222 3223/3223/3223
f 3221/3221/3221 3223/3223/3223 3224/3224/3224
f 3225/3225/3225 3226/3226/3226 3227/3227/3227
f 3225/3225/3225 3227/3227/3227 3228/3228/3228
f 3229/3229/3229 3230/3230/3230 3231/3231/3231
f 3229/3229/3229 3231/3231/3231 3232/3232/3232
f 3233/3233/3233 3234/3234/3234 3235/3235/3235
f 3233/3233/3233 3235/3235/3235 3236/3236/3236
f 3237/3237/3237 3238/3238/3238 3239/3239/3239
f 3237/3237/3237 3239/3239/3239 3240/3240/3240
f 3241/3241/3241 3242/3242/3242 3243/3243/3243
f 3241/3241/3241 3243/3243/3243 3244/3244/3244
f 3245/3245/3245 3246/3246/3246 3247/3247/3247
f 3245/3245/3245 3247/3247/3247 3248/3248/3248
f 3249/3249/3249 3250/3250/3250 3251/3251/3251
f 3249/3249/3249 3251/3251/3251 3252/3252/3252
f 3253/3253/3253 3254/3254/3254 3255/3255/3255
f 3253/3253/3253 3255/3255/3255 3256/3256/3256
f 3257/3257/3257 3258/3258/3258 3259/3259/3259
f 3257/3257/3257 3259/3259/3259 3260/3260/3260
f 3261/3261/3261 3262/3262/3262 3263/3263/3263
f 3261/3261/3261 3263/3263/3263 3264/3264/3264
f 3265/3265/3265 3266/3266/3266 3267/3267/3267
f 3265/3265/3265 3267/3267/3267 3268/3268/3268
f 3269/3269/3269 3270/3270/3270 3271/3271/3271
f 3269/3269/3269 3271/3271/3271 3272/3272/3272
f 3273/3273/3273 3274/3274/3274 3275/3275/3275
f 3273/3273/3273 3275/3275/3275 3276/3276/3276
f 3277/3277/3277 3278/3278/3278 3279/3279/3279
f 3277/3277/3277 3279/3279/3279 3280/3280/3280
f 3281/3281/3281 3282/3282/3282 3283/3283/3283
f 3281/3281/3281 3283/3283/3283 3284/3284/3284
f 3285/3285/3285 3286/3286/3286 3287/3287/3287
f 3285/3285/3285 3287/3287/3287 3288/3288/3288
f 3289/3289/3289 3290/3290/3290 3291/3291/3291
f 3289/3289/3289 3291/3291/3291 3292/3292/3292
f 3293/3293/3293 3294/3294/3294 3295/3295/3295
f 3293/3293/3293 3295/3295/3295 3296/3296/3296
f 3297/3297/3297 3298/3298/3298 3299/3299/3299
f 3297/3297/3297 3299/3299/3299 3300/3300/3300
f 3301/3301/3301 3302/3302/3302 3303/3303/3303
f 3301/3301/3301 3303/3303/3303 3304/3304/3304
f 3305/3305/3305 3306/3306/3306 3307/3307/3307
f 3305/3305/3305 3307/3307/3307 3308/3308/3308
f 3309/3309/3309 3310/3310/3310 3311/3311/3311
f 3309/3309/3309 3311/3311/3311 3312/3312/3312
f 3313/3313/3313 3314/3314/3314 3315/3315/3315
f 3313/3313/3313 3315/3315/3315 3316/3316/3316
f 3317/3317/3317 3318/3318/3318 3319/3319/3319
f 3317/3317/3317 3319/3319/3319 3320/3320/3320
f 3321/3321/3321 3322/3322/3322 3323/3323/3323
f 3321/3321/3321 3323/3323/3323 3324/3324/3324
f 3325/3325/3325 3326/3326/3326 3327/3327/3327
f 3325/3325/3325 3327/3327/3327 3328/3328/3328
f 3329/3329/3329 3330/3330/3330 3331/3331/3331
f 3329/3329/3329 3331/3331/3331 3332/3332/3332
f 3333/3333/3333 3334/3334/3334 3335/3335/3335
f 3333/3333/3333 3335/3335/3335 3336/3336/3336
f 3337/3337/3337 3338/3338/3338 3339/3339/3339
f 3337/3337/3337 3339/3339/3339 3340/3340/3340
f 3341/3341/3341 3342/3342/3342 3343/3343/3343
f 3341/3341/3341 3343/3343/3343 3344/3344/3344
f 3345/3345/3345 3346/3346/3346 3347/3347/3347
f 3345/3345/3345 3347/3347/3347 3348/3348/3348
f 3349/3349/3349 3350/3350/3350 3351/3351/3351
f 3349/3349/3349 3351/3351/3351 3352/3352/3352
f 3353/3353/3353 3354/3354/3354 3355/3355/3355
f 3353/3353/3353 3355/3355/3355 3356/3356/3356
f 3357/3357/3357 3358/3358/3358 3359/3359/3359
f 3357/3357/3357 3359/3359/3359 3360/3360/3360
f 3361/3361/3361 3362/3362/3362 3363/3363/3363
f 3361/3361/3361 3363/3363/3363 3364/3364/3364
f 3365/3365/3365 3366/3366/3366 3367/3367/3367
f 3365/3365/3365 3367/3367/3367 3368/3368/3368
f 3369/3369/3369 3370/3370/3370 3371/3371/3371
f 3369/3369/3369 3371/3371/3371 3372/3372/3372
f 3373/3373/3373 3374/3374/3374 3375/3375/3375
f 3373/3373/3373 3375/3375/3375 3376/3376/3376
f 3377/3377/3377 3378/3378/3378 3379/3379/3379
f 3377/3377/3377 3379/3379/3379 3380/3380/3380
f 3381/3381/3381 3382/3382/3382 3383/3383/3383
f 3381/3381/3381 3383/3383/3383 3384/3384/3384
f 3385/3385/3385 3386/3386/3386 3387/3387/3387
f 3385/3385/3385 3387/3387/3387 3388/3388/3388
f 3389/3389/3389 3390/3390/3390 3391/3391/3391
f 3389/3389/3389 3391/3391/3391 3392/3392/3392
f 3393/3393/3393 3394/3394/3394 3395/3395/3395
f 3393/3393/3393 3395/3395/3395 3396/3396/3396
f 3397/3397/3397 3398/3398/3398 3399/3399/3399
f 3397/3397/3397 3399/3399/3399 3400/3400/3400
f 3401/3401/3401 3402/3402/3402 3403/3403/3403
f 3401/3401/3401 3403/3403/3403 3404/3404/3404
f 3405/3405/3405 3406/3406/3406 3407/3407/3407
f 3405/3405/3405 3407/3407/3407 3408/3408/3408
f 3409/3409/3409 3410/3410/3410 3411/3411/3411
f 3409/3409/3409 3411/3411/3411 3412/3412/3412
f 3413/3413/3413 3414/3414/3414 3415/3415/3415
f 3413/3413/3413 3415/3415/3415 3416/3416/3416
f 3417/3417/3417 3418/3418/3418 3419/3419/3419
f 3417/3417/3417 3419/3419/3419 3420/3420/3420
f 3421/3421/3421 3422/3422/3422 3423/3423/3423
f 3421/3421/3421 3423/3423/3423 3424/3424/3424
f 3425/3425/3425 3426/3426/3426 3427/3427/3427
f 3425/3425/3425 3427/3427/3427 3428/3428/3428
f 3429/3429/3429 3430/3430/3430 3431/3431/3431
f 3429/3429/3429 3431/3431/3431 3432/3432/3432
f 3433/3433/3433 3434/3434/3434 3435/3435/3435
f 3433/3433/3433 3435/3435/3435 3436/3436/3436
f 3437/3437/3437 3438/3438/3438 3439/3439/3439
f 3437/3437/3437 3439/3439/3439 3440/3440/3440
f 3441/3441/3441 3442/3442/3442 3443/3443/3443
f 3441/3441/3441 3443/3443/3443 3444/3444/3444
f 3445/3445/3445 3446/3446/3446 3447/3447/3447
f 3445/3445/3445 3447/3447/3447 3448/3448/3448
f 3449/3449/3449 3450/3450/3450 3451/3451/3451
f 3449/3449/3449 3451/3451/3451 3452/3452/3452
f 3453/3453/3453 3454/3454/3454 3455/3455/3455
f 3453/3453/3453 3455/3455/3455 3456/3456/3456
f 3457/3457/3457 3458/3458/3458 3459/3459/3459
f 3457/3457/3457 3459/3459/3459 3460/3460/3460
f 3461/3461/3461 3462/3462/3462 3463/3463/3463
f 3461/3461/3461 3463/3463/3463 3464/3464/3464
f 3465/3465/3465 3466/3466/3466 3467/3467/3467
f 3465/3465/3465 3467/3467/3467 3468/3468/3468
f 3469/3469/3469 3470/3470/3470 3471/3471/3471
f 3469/3469/3469 3471/3471/3471 3472/3472/3472
f 3473/3473/3473 3474/3474/3474 3475/3475/3475
f 3473/3473/3473 3475/3475/3475 3476/3476/3476
f 3477/3477/3477 3478/3478/3478 3479/3479/3479
f 3477/3477/3477 3479/3479/3479 3480/3480/3480
f 3481/3481/3481 3482/3482/3482 3483/3483/3483
f 3481/3481/3481 3483/3483/3483 3484/3484/3484
f 3485/3485/3485 3486/3486/3486 3487/3487/3487
f 3485/3485/3485 3487/3487/3487 3488/3488/3488
f 3489/3489/3489 3490/3490/3490 3491/3491/3491
f 3489/3489/3489 3491/3491/3491 3492/3492/3492
f 3493/3493/3493 3494/3494/3494 3495/3495/3495
f 3493/3493/3493 3495/3495/3495 3496/3496/3496
f 3497/3497/3497 3498/3498/3498 3499/3499/3499
f 3497/3497/3497 3499/3499/3499 3500/3500/3500
f 3501/3501/3501 3502/3502/3502 3503/3503/3503
f 3501/3501/3501 3503/3503/3503 3504/3504/3504
f 3505/3505/3505 3506/3506/3506 3507/3507/3507
f 3505/3505/3505 3507/3507/3507 3508/3508/3508
f 3509/3509/3509 3510/3510/3510 3511/3511/3511
f 3509/3509/3509 3511/3511/3511 3512/3512/3512
f 3513/3513/3513 3514/3514/3514 3515/3515/3515
f 3513/3513/3513 3515/3515/3515 3516/3516/3516
f 3517/3517/3517 3518/3518/3518 3519/3519/3519
f 3517/3517/3517 3519/3519/3519 3520/3520/3520
f 3521/3521/3521 3522/3522/3522 3523/3523/3523
f 3521/3521/3521 3523/3523/3523 3524/3524/3524
f 3525/3525/3525 3526/3526/3526 3527/3527/3527
f 3525/3525/3525 3527/3527/3527 3528/3528/3528
f 3529/3529/3529 3530/3530/3530 3531/3531/3531
f 3529/3529/3529 3531/3531/3531 3532/3532/3532
f 3533/3533/3533 3534/3534/3534 3535/3535/3535
f 3533/3533/3533 3535/3535/3535 3536/3536/3536
f 3537/3537/3537 3538/3538/3538 3539/3539/3539
f 3537/3537/3537 3539/3539/3539 3540/3540/3540
f 3541/3541/3541 3542/3542/3542 3543/3543/3543
f 3541/3541/3541 3543/3543/3543 3544/3544/3544
f 3545/3545/3545 3546/3546/3546 3547/3547/3547
f 3545/3545/3545 3547/3547/3547 3548/3548/3548
f 3549/3549/3549 3550/3550/3550 3551/3551/3551
f 3549/3549/3549 3551/3551/3551 3552/3552/3552
f 3553/3553/3553 3554/3554/3554 3555/3555/3555
f 3553/3553/3553 3555/3555/3555 3556/3556/3556
f 3557/3557/3557 3558/3558/3558 3559/3559/3559
f 3557/3557/3557 3559/3559/3559 3560/3560/3560
f 3561/3561/3561 3562/3562/3562 3563/3563/3563
f 3561/3561/3561 3563/3563/3563 3564/3564/3564
f 3565/3565/3565 3566/3566/3566 3567/3567/3567
f 3565/3565/3565 3567/3567/3567 3568/3568/3568
f 3569/3569/3569 3570/3570/3570 3571/3571/3571
f 3569/3569/3569 3571/3571/3571 3572/3572/3572
f 3573/3573/3573 3574/3574/3574 3575/3575/3575
f 3573/3573/3573 3575/3575/3575 3576/3576/3576
f 3577/3577/3577 3578/3578/3578 3579/3579/3579
f 3577/3577/3577 3579/3579/3579 3580/3580/3580
f 3581/3581/3581 3582/3582/3582 3583/3583/3583
f 3581/3581/3581 3583/3583/3583 3584/3584/3584
f 3585/3585/3585 3586/3586/3586 3587/3587/3587
f 3585/3585/3585 3587/3587/3587 3588/3588/3588
f 3589/3589/3589 3590/3590/3590 3591/3591/3591
f 3589/3589/3589 3591/3591/3591 3592/3592/3592
f 3593/3593/3593 3594/3594/3594 3595/3595/3595
f 3593/3593/3593 3595/3595/3595 3596/3596/3596
f 3597/3597/3597 3598/3598/3598 3599/3599/3599
f 3597/3597/3597 3599/3599/3599 3600/3600/3600
f 3601/3601/3601 3602/3602/3602 3603/3603/3603
f 3601/3601/3601 3603/3603/3603 3604/3604/3604
f 3605/3605/3605 3606/3606/3606 3607/3607/3607
f 3605/3605/3605 3607/3607/3607 3608/3608/3608
f 3609/3609/3609 3610/3610/3610 3611/3611/3611
f 3609/3609/3609 3611/3611/3611 3612/3612/3612
f 3613/3613/3613 3614/3614/3614 3615/3615/3615
f 3613/3613/3613 3615/3615/3615 3616/3616/3616
f 3617/3617/3617 3618/3618/3618 3619/3619/3619
f 3617/3617/3617 3619/3619/3619 3620/3620/3620
f 3621/3621/3621 3622/3622/3622 3623/3623/3623
f 3621/3621/3621 3623/3623/3623 3624/3624/3624
f 3625/3625/3625 3626/3626/3626 3627/3627/3627
f 3625/3625/3625 3627/3627/3627 3628/3628/3628
f 3629/3629/3629 3630/3630/3630 3631/3631/3631
f 3629/3629/3629 3631/3631/3631 3632/3632/3632
f 3633/3633/3633 3634/3634/3634 3635/3635/3635
f 3633/3633/3633 3635/3635/3635 3636/3636/3636
f 3637/3637/3637 3638/3638/3638 3639/3639/3639
f 3637/3637/3637 3639/3639/3639 3640/3640/3640
f 3641/3641/3641 3642/3642/3642 3643/3643/3643
f 3641/3641/3641 3643/3643/3643 3644/3644/3644
