v -0.355476 0.489858 0.077695
v -0.362321 0.48397 0.037794
v -0.368702 0.476946 -0.006182
v -0.373877 0.469263 -0.052217
v -0.361853 0.483993 0.037704
v -0.355011 0.489855 0.077598
v -0.348648 0.494586 0.112531
v -0.298054 0.354169 -0.70761
v -0.30625 0.357742 -0.699623
v -0.313105 0.360391 -0.693698
v -0.306433 0.35785 -0.700181
v -0.271039 0.579033 0.178168
v -0.198724 0.601726 0.141549
v -0.198866 0.60214 0.141427
v -0.218395 0.597012 0.151606
v -0.271235 0.579422 0.178071
v -0.277691 0.576804 0.18097
v -0.277487 0.57642 0.181065
v -0.358054 0.342253 -0.604908
v -0.35876 0.34429 -0.595367
v -0.359832 0.346326 -0.584532
v -0.357203 0.338709 -0.620531
v -0.356935 0.338895 -0.620958
v -0.357124 0.339532 -0.617864
v -0.381607 0.343039 -0.598104
v -0.381461 0.342937 -0.598929
v -0.380704 0.342682 -0.599621
v -0.380827 0.342778 -0.598763
v -0.009176 0.580122 -0.090318
v -0.009184 0.589041 -0.039996
v -0.009416 0.591658 -0.019254
v -0.009389 0.579718 -0.090167
v -0.009358 0.541084 -0.248747
v -0.009359 0.520272 -0.319008
v -0.009376 0.445294 -0.522258
v -0.009374 0.412161 -0.598611
v -0.009599 0.297912 -0.831683
v -0.010864 0.275934 -0.871157
v -0.012839 0.266454 -0.887199
v -0.012652 0.266802 -0.887438
v -0.011518 0.271329 -0.879896
v -0.009641 0.28939 -0.848085
v -0.009181 0.343261 -0.74573
v -0.00917 0.412567 -0.598794
v -0.00917 0.445708 -0.522441
v -0.009163 0.520688 -0.319158
v -0.009163 0.541497 -0.248892
v -0.342893 0.388474 -0.610361
v -0.34369 0.383938 -0.619287
v -0.338593 0.366232 -0.663737
v -0.335633 0.366258 -0.667479
v -0.406892 0.460696 -0.140034
v -0.391941 0.486799 -0.004142
v -0.377891 0.50136 0.080619
v -0.377909 0.501857 0.080553
v -0.398037 0.478732 -0.050684
v -0.406976 0.461301 -0.140142
v -0.409368 0.452739 -0.179009
v -0.376886 0.341917 -0.603248
v -0.373402 0.341358 -0.60713
v -0.365444 0.33981 -0.614843
v -0.369508 0.340533 -0.610283
v -0.341098 0.365319 -0.661551
v -0.343409 0.36442 -0.657849
v -0.343507 0.364372 -0.658439
v -0.34118 0.365277 -0.662177
v -0.383937 0.424951 -0.28538
v -0.383663 0.425892 -0.285678
v -0.38464 0.433809 -0.249671
v -0.380606 0.454255 -0.255708
v -0.380053 0.44605 -0.292286
v -0.378692 0.451951 -0.294458
v -0.377455 0.442288 -0.33389
v -0.37601 0.447784 -0.336294
v -0.377408 0.465852 -0.259793
v -0.378559 0.4674 -0.222281
v -0.380201 0.46141 -0.220451
v -0.378692 0.468013 -0.184425
v -0.380257 0.462144 -0.182895
v -0.377654 0.468834 -0.144123
v -0.381551 0.456822 -0.181583
v -0.379082 0.46365 -0.142914
v -0.382541 0.452518 -0.180557
v -0.380922 0.456598 -0.141329
v -0.383216 0.449571 -0.179858
v -0.381413 0.45487 -0.140939
v -0.383664 0.447793 -0.179435
v -0.38177 0.453967 -0.140727
v -0.384 0.44686 -0.179205
v -0.149468 0.613527 0.113227
v -0.199262 0.602469 0.140385
v -0.199008 0.602365 0.141142
v -0.14927 0.613419 0.114016
v -0.135025 0.615972 0.106119
v -0.12056 0.618187 0.0981
v -0.120716 0.618295 0.097302
v -0.362372 0.512179 -0.320442
v -0.359159 0.53099 -0.244638
v -0.355817 0.531981 -0.245306
v -0.359369 0.512908 -0.320981
v -0.360244 0.501075 -0.361506
v -0.36314 0.500397 -0.361125
v -0.308753 0.528165 0.19378
v -0.299727 0.534972 0.190609
v -0.299655 0.535098 0.191194
v -0.308702 0.528283 0.194344
v -0.021398 0.273061 -0.926318
v -0.019337 0.276373 -0.921078
v -0.016943 0.280039 -0.914979
v -0.018811 0.276069 -0.921266
v -0.02093 0.272712 -0.926565
v -0.023293 0.270124 -0.930665
v -0.023704 0.270511 -0.930366
v -0.020098 0.251758 -0.913086
v -0.020458 0.271212 -0.926034
v -0.018275 0.274602 -0.920693
v -0.017809 0.254971 -0.908006
v -0.129406 0.339802 -0.782126
v -0.11356 0.348259 -0.763364
v -0.086893 0.32406 -0.822905
v -0.099473 0.321084 -0.827913
v -0.087359 0.312382 -0.848279
v -0.106387 0.307557 -0.8573
v -0.120761 0.314716 -0.841263
v -0.11362 0.305305 -0.861618
v -0.128642 0.312001 -0.847107
v -0.118793 0.303336 -0.86513
v -0.150359 0.316503 -0.837359
v -0.137807 0.308019 -0.854751
v -0.200078 0.333996 -0.801249
v -0.187519 0.326391 -0.816917
v -0.216844 0.339319 -0.790815
v -0.20341 0.331959 -0.805631
v -0.233413 0.345634 -0.778322
v -0.218914 0.338064 -0.793443
v -0.250519 0.352866 -0.764106
v -0.234757 0.344832 -0.780002
v -0.29729 0.375205 -0.720414
v -0.308249 0.381313 -0.708245
v -0.267022 0.360807 -0.748407
v -0.281879 0.368859 -0.732101
v -0.266167 0.361204 -0.747302
v -0.280558 0.369381 -0.730359
v -0.248413 0.35395 -0.761358
v -0.262978 0.362673 -0.742776
v -0.230214 0.347437 -0.773774
v -0.243719 0.35643 -0.753723
v -0.181784 0.329592 -0.809699
v -0.191639 0.338584 -0.788939
v -0.160627 0.325836 -0.816884
v -0.218379 0.439915 -0.508742
v -0.238235 0.429468 -0.538689
v -0.236787 0.465727 -0.441318
v -0.257596 0.454159 -0.475673
v -0.255425 0.505752 -0.330773
v -0.277928 0.494574 -0.366428
v -0.296302 0.520195 -0.289514
v -0.254159 0.517828 -0.293942
v -0.273442 0.529838 -0.254811
v -0.252394 0.529227 -0.257126
v -0.270532 0.540089 -0.217515
v -0.229779 0.540189 -0.222363
v -0.246699 0.550143 -0.181775
v -0.207755 0.551677 -0.187436
v -0.19086 0.54162 -0.227727
v -0.171926 0.54287 -0.230673
v -0.17355 0.530928 -0.26721
v -0.174925 0.518483 -0.303482
v -0.193954 0.517564 -0.300879
v -0.199534 0.439447 -0.510305
v -0.179921 0.452166 -0.480125
v -0.185092 0.404605 -0.603314
v -0.16628 0.403252 -0.609819
v -0.358054 0.342253 -0.604908
v -0.357124 0.339532 -0.617864
v -0.356935 0.338895 -0.620958
v -0.356914 0.338602 -0.622472
v -0.356704 0.33903 -0.623072
v -0.054494 0.268107 -0.930962
v -0.048944 0.266542 -0.934112
v -0.048932 0.266097 -0.933984
v -0.054496 0.267661 -0.930831
v -0.318296 0.385503 -0.700583
v -0.331855 0.391971 -0.686793
v -0.331856 0.39247 -0.685632
v -0.325634 0.389604 -0.692153
v -0.29729 0.375205 -0.720414
v -0.283558 0.367984 -0.734388
v -0.297551 0.374958 -0.720878
v -0.02054 0.271953 -0.926454
v -0.01837 0.275343 -0.921113
v -0.018275 0.274602 -0.920693
v -0.020458 0.271212 -0.926034
v -0.347746 0.519988 0.206836
v -0.348104 0.519335 0.20697
v -0.347789 0.519109 0.206997
v -0.34739 0.519758 0.206865
v -0.343442 0.5226 -0.119076
v -0.349106 0.516647 -0.161961
v -0.353213 0.510071 -0.201332
v -0.350128 0.512145 -0.202386
v -0.345874 0.518843 -0.163073
v -0.332801 0.53025 -0.075573
v -0.316101 0.536694 0.056574
v -0.328913 0.530268 0.019296
v -0.31274 0.536031 0.09417
v -0.325204 0.530077 0.061725
v -0.345698 0.39505 -0.671598
v -0.349784 0.39475 -0.666345
v -0.349946 0.395179 -0.665838
v -0.345839 0.395491 -0.671061
v -0.327606 0.504997 0.202734
v -0.327794 0.504758 0.202729
v -0.32752 0.504642 0.202618
v -0.327314 0.504798 0.202581
v -0.284151 0.574372 0.18264
v -0.283902 0.574314 0.183261
v -0.271403 0.579622 0.177835
v -0.271663 0.579687 0.177201
v -0.366776 0.439665 -0.424316
v -0.369974 0.46176 -0.343508
v -0.372322 0.457551 -0.341136
v -0.362138 0.419127 -0.492995
v -0.359236 0.49992 -0.236736
v -0.355931 0.502672 -0.238287
v -0.353213 0.510071 -0.201332
v -0.349106 0.516647 -0.161961
v -0.35263 0.513608 -0.160415
v -0.271663 0.579687 0.177201
v -0.271403 0.579622 0.177835
v -0.218548 0.597232 0.151333
v -0.199008 0.602365 0.141142
v -0.199262 0.602469 0.140385
v -0.009425 0.610137 -0.067629
v -0.009435 0.624459 0.037632
v -0.009224 0.624025 0.037531
v -0.009199 0.555592 -0.290526
v -0.009451 0.544869 -0.326897
v -0.009443 0.555989 -0.290627
v -0.009433 0.575158 -0.221885
v -0.362638 0.353787 -0.553673
v -0.359832 0.346326 -0.584532
v -0.35876 0.34429 -0.595367
v -0.383937 0.424951 -0.28538
v -0.384243 0.424524 -0.285245
v -0.318296 0.385503 -0.700583
v -0.297551 0.374958 -0.720878
v -0.28364 0.367689 -0.73458
v -0.297614 0.374652 -0.721121
v -0.309097 0.380469 -0.709997
v -0.327212 0.504659 0.202371
v -0.327314 0.504798 0.202581
v -0.32752 0.504642 0.202618
v -0.327212 0.504659 0.202371
v -0.32752 0.504642 0.202618
v -0.32752 0.504519 0.202465
v -0.023075 0.269779 -0.930723
v -0.025727 0.267882 -0.933725
v -0.025915 0.268242 -0.933647
v -0.023293 0.270124 -0.930665
v -0.362347 0.390073 -0.648011
v -0.362129 0.3897 -0.648474
v -0.369064 0.382885 -0.636057
v -0.369307 0.383209 -0.635598
v -0.36605 0.386982 -0.641763
v -0.376888 0.473956 -0.186105
v -0.374866 0.47959 -0.187881
v -0.372587 0.484885 -0.189743
v -0.364619 0.497505 -0.107267
v -0.37175 0.485929 -0.148772
v -0.35516 0.504805 -0.013731
v -0.36426 0.493656 -0.058179
v -0.351008 0.505462 0.03187
v -0.360462 0.494866 -0.010686
v -0.348936 0.501168 0.074533
v -0.350942 0.497274 0.075589
v -0.345607 0.498583 0.111244
v -0.352478 0.494148 0.076402
v -0.346679 0.49657 0.111786
v -0.353523 0.492012 0.076951
v -0.347364 0.495369 0.11212
v -0.367448 0.478044 -0.006569
v -0.361484 0.484257 0.037591
v -0.367866 0.477292 -0.006374
v -0.378226 0.461655 -0.097895
v -0.38177 0.453967 -0.140727
v -0.383664 0.447793 -0.179435
v -0.381413 0.45487 -0.140939
v -0.373118 0.470401 -0.05252
v -0.37731 0.464167 -0.098465
v -0.366831 0.479506 -0.006915
v -0.371652 0.474561 -0.053454
v -0.364481 0.485509 -0.008318
v -0.375291 0.470923 -0.099956
v -0.368648 0.483072 -0.05541
v -0.373727 0.475897 -0.101097
v -0.366602 0.488304 -0.056715
v -0.375932 0.474561 -0.145541
v -0.369682 0.487023 -0.103937
v -0.327273 0.504546 0.20185
v -0.34155 0.498369 0.141363
v -0.347364 0.495369 0.11212
v -0.326846 0.505054 0.201667
v -0.341758 0.395608 -0.674897
v -0.36314 0.500397 -0.361125
v -0.360244 0.501075 -0.361506
v -0.339619 0.399294 -0.665942
v -0.337135 0.39445 -0.680003
v -0.009994 0.366267 -0.757194
v -0.010793 0.320935 -0.844133
v -0.011969 0.312063 -0.860532
v -0.010819 0.436009 -0.609095
v -0.009946 0.452466 -0.571758
v -0.009934 0.43597 -0.609099
v -0.347704 0.360879 -0.65034
v -0.345656 0.362919 -0.654525
v -0.345545 0.362971 -0.653964
v -0.347584 0.360936 -0.6498
v -0.010696 0.59734 0.038226
v -0.010532 0.584434 -0.063098
v -0.010494 0.579429 -0.089715
v -0.009768 0.579508 -0.089991
v -0.009788 0.584499 -0.063413
v -0.009824 0.591471 -0.019035
v -0.009928 0.597561 0.038656
v -0.035356 0.598481 0.051427
v -0.103083 0.593988 0.090009
v -0.10317 0.593857 0.089259
v -0.076726 0.596557 0.074212
v -0.03536 0.598346 0.050638
v -0.010649 0.59214 -0.155546
v -0.010714 0.556269 -0.290606
v -0.036957 0.605362 -0.086517
v -0.036224 0.61566 -0.032286
v -0.028307 0.615753 -0.035496
v -0.012064 0.592209 -0.155253
v -0.028666 0.266569 -0.935762
v -0.031916 0.265719 -0.936993
v -0.032042 0.266092 -0.936896
v -0.028823 0.266938 -0.935672
v -0.327615 0.504399 0.201966
v -0.32752 0.504519 0.202465
v -0.327894 0.504601 0.202579
v -0.328034 0.504483 0.202083
v -0.352948 0.504592 -0.239357
v -0.350243 0.505805 -0.240029
v -0.342877 0.520319 -0.163833
v -0.345874 0.518843 -0.163073
v -0.350128 0.512145 -0.202386
v -0.377909 0.501857 0.080553
v -0.384911 0.496107 0.040042
v -0.391734 0.488323 -0.004412
v -0.398037 0.478732 -0.050684
v -0.031498 0.245728 -0.92256
v -0.031796 0.264538 -0.936438
v -0.028523 0.265389 -0.93521
v -0.028334 0.246457 -0.921503
v -0.362896 0.52933 -0.243723
v -0.356008 0.543099 -0.165353
v -0.351866 0.545095 -0.16646
v -0.359159 0.53099 -0.244638
v -0.362372 0.512179 -0.320442
v -0.365824 0.510796 -0.319592
v -0.394684 0.482971 -0.305628
v -0.390428 0.489507 -0.308589
v -0.385282 0.443986 -0.470349
v -0.388691 0.438441 -0.466899
v -0.391008 0.449472 -0.428994
v -0.367448 0.478044 -0.006569
v -0.347364 0.495369 0.11212
v -0.34155 0.498369 0.141363
v -0.35464 0.490089 0.077484
v -0.361484 0.484257 0.037591
v -0.009347 0.598113 0.038386
v -0.009549 0.597738 0.038461
v -0.009473 0.597605 0.037638
v -0.009242 0.598014 0.037533
v -0.134926 0.615744 0.106423
v -0.16292 0.610417 0.121924
v -0.198866 0.60214 0.141427
v -0.198724 0.601726 0.141549
v -0.078308 0.622113 0.075343
v -0.010569 0.624191 0.039568
v -0.010574 0.624603 0.039414
v -0.065564 0.623415 0.068235
v -0.091933 0.621343 0.082635
v -0.014099 0.262365 -0.894656
v -0.012652 0.266802 -0.887438
v -0.012839 0.266454 -0.887199
v -0.016012 0.257805 -0.901167
v -0.018023 0.253992 -0.907215
v -0.017873 0.254294 -0.907514
v -0.010834 0.502648 -0.448077
v -0.010856 0.469326 -0.532082
v -0.036527 0.320148 -0.842907
v -0.048574 0.329301 -0.821783
v -0.045247 0.319278 -0.842498
v -0.11356 0.348259 -0.763364
v -0.129406 0.339802 -0.782126
v -0.16628 0.403252 -0.609819
v -0.185092 0.404605 -0.603314
v -0.179921 0.452166 -0.480125
v -0.199534 0.439447 -0.510305
v -0.193954 0.517564 -0.300879
v -0.174925 0.518483 -0.303482
v -0.17355 0.530928 -0.26721
v -0.136364 0.534435 -0.2732
v -0.137699 0.521851 -0.309321
v -0.119506 0.524333 -0.31233
v -0.125812 0.427464 -0.562152
v -0.106429 0.442399 -0.535583
v -0.054181 0.351999 -0.773975
v -0.023585 0.531204 -0.364061
v -0.012298 0.532422 -0.365118
v -0.012409 0.502522 -0.447945
v -0.316061 0.521067 0.196611
v -0.308753 0.528165 0.19378
v -0.308702 0.528283 0.194344
v -0.312584 0.524792 0.195793
v -0.316025 0.521181 0.197163
v -0.031583 0.244851 -0.921623
v -0.028456 0.245569 -0.92058
v -0.028607 0.245541 -0.920232
v -0.0317 0.244831 -0.921264
v -0.358312 0.338464 -0.620939
v -0.358237 0.33844 -0.621782
v -0.357487 0.338364 -0.622412
v -0.357535 0.338391 -0.621656
v -0.327212 0.504659 0.202371
v -0.327273 0.504546 0.20185
v -0.326846 0.505054 0.201667
v -0.326803 0.505158 0.202206
v -0.009428 0.595387 0.011058
v -0.009473 0.597605 0.037638
v -0.009549 0.597738 0.038461
v -0.009928 0.597561 0.038656
v -0.009824 0.591471 -0.019035
v -0.009788 0.584499 -0.063413
v -0.009389 0.579718 -0.090167
v -0.009416 0.591658 -0.019254
v -0.332801 0.53025 -0.075573
v -0.315982 0.538797 0.012438
v -0.273567 0.550032 0.179623
v -0.278781 0.5475 0.181807
v -0.278421 0.547638 0.183118
v -0.299727 0.534972 0.190609
v -0.31504 0.531202 0.128344
v -0.304698 0.53601 0.148957
v -0.325204 0.530077 0.061725
v -0.31274 0.536031 0.09417
v -0.328913 0.530268 0.019296
v -0.316101 0.536694 0.056574
v -0.374989 0.44208 -0.510212
v -0.377048 0.452952 -0.476502
v -0.372766 0.456301 -0.478902
v -0.35431 0.394642 -0.65924
v -0.358505 0.392914 -0.653313
v -0.401114 0.477922 -0.262215
v -0.398017 0.485239 -0.264926
v -0.394 0.443092 -0.425601
v -0.396451 0.436347 -0.422175
v -0.40027 0.45841 -0.34002
v -0.402494 0.451099 -0.33705
v -0.403679 0.470424 -0.259643
v -0.394346 0.500827 -0.191453
v -0.390671 0.507784 -0.151568
v -0.386546 0.514471 -0.153776
v -0.392902 0.500403 -0.23112
v -0.388391 0.506994 -0.233705
v -0.390428 0.489507 -0.308589
v -0.394684 0.482971 -0.305628
v -0.394306 0.492259 -0.267708
v -0.398017 0.485239 -0.264926
v -0.336769 0.392899 -0.682133
v -0.308993 0.379986 -0.710159
v -0.283595 0.367243 -0.734637
v -0.205193 0.330018 -0.807543
v -0.365459 0.386169 -0.642618
v -0.357817 0.391549 -0.655017
v -0.345472 0.394471 -0.671913
v -0.018811 0.276069 -0.921266
v -0.016943 0.280039 -0.914979
v -0.015004 0.284148 -0.907932
v -0.016633 0.279757 -0.914952
v -0.020683 0.272383 -0.9266
v -0.02093 0.272712 -0.926565
v -0.381596 0.344338 -0.599903
v -0.381677 0.343519 -0.599322
v -0.381911 0.343615 -0.598818
v -0.381857 0.34447 -0.599363
v -0.361126 0.348576 -0.573807
v -0.357623 0.338653 -0.620067
v -0.357203 0.338709 -0.620531
v -0.359832 0.346326 -0.584532
v -0.362638 0.353787 -0.553673
v -0.384243 0.424524 -0.285245
v -0.385328 0.439569 -0.214599
v -0.384801 0.446298 -0.179033
v -0.385793 0.439401 -0.214539
v -0.384703 0.424338 -0.285185
v -0.320188 0.55191 0.195231
v -0.325263 0.547436 0.197074
v -0.325023 0.547381 0.197611
v -0.314438 0.556216 0.193867
v -0.314673 0.556276 0.193306
v -0.009224 0.624025 0.037531
v -0.00932 0.624075 0.03843
v -0.009224 0.623236 0.038407
v -0.009115 0.623158 0.037485
v -0.362708 0.49644 -0.234809
v -0.366148 0.492402 -0.232659
v -0.36742 0.484683 -0.268748
v -0.364507 0.442909 -0.42636
v -0.360238 0.421975 -0.49497
v -0.35822 0.424135 -0.496535
v -0.363433 0.457179 -0.388521
v -0.009122 0.598867 0.037486
v -0.009115 0.623158 0.037485
v -0.009224 0.623236 0.038407
v -0.009241 0.598943 0.038364
v -0.278421 0.547638 0.183118
v -0.267824 0.552514 0.178512
v -0.267668 0.552675 0.179152
v -0.278294 0.547792 0.18375
v -0.372269 0.523131 -0.240711
v -0.367229 0.526769 -0.242441
v -0.37042 0.496938 -0.359183
v -0.368776 0.458866 -0.480633
v -0.372766 0.456301 -0.478902
v -0.031498 0.245728 -0.92256
v -0.028334 0.246457 -0.921503
v -0.028372 0.245821 -0.920948
v -0.031522 0.2451 -0.921996
v -0.273442 0.529838 -0.254811
v -0.32722 0.532326 -0.249059
v -0.340786 0.523392 -0.284837
v -0.347624 0.523743 -0.284057
v -0.353687 0.513358 -0.321678
v -0.349328 0.532861 -0.246372
v -0.310174 0.556669 -0.131433
v -0.303121 0.549284 -0.174603
v -0.29641 0.557295 -0.133766
v -0.279857 0.557994 -0.136458
v -0.272753 0.565939 -0.095342
v -0.246699 0.550143 -0.181775
v -0.229779 0.540189 -0.222363
v -0.270532 0.540089 -0.217515
v -0.252394 0.529227 -0.257126
v -0.013661 0.28872 -0.900503
v -0.012614 0.293367 -0.892764
v -0.010741 0.311734 -0.860417
v -0.010492 0.311356 -0.86022
v -0.010967 0.304032 -0.873362
v -0.013448 0.288331 -0.900308
v -0.358208 0.515458 0.167763
v -0.384911 0.496107 0.040042
v -0.377909 0.501857 0.080553
v -0.348933 0.519288 0.205225
v -0.348593 0.52001 0.205056
v -0.350078 0.519489 0.199779
v -0.323435 0.522852 -0.166758
v -0.315907 0.530026 -0.125691
v -0.313715 0.523029 -0.167889
v -0.297265 0.537573 -0.085368
v -0.293036 0.531161 -0.129219
v -0.284553 0.538607 -0.088035
v -0.276812 0.53188 -0.131559
v -0.269185 0.539795 -0.091125
v -0.258665 0.532725 -0.134187
v -0.220568 0.534855 -0.140003
v -0.23402 0.542539 -0.098094
v -0.179367 0.5474 -0.109448
v -0.160979 0.549237 -0.113558
v -0.139595 0.560257 -0.082815
v -0.034943 0.565047 -0.143583
v -0.034867 0.572606 -0.111653
v -0.026885 0.573224 -0.113883
v -0.035133 0.592744 -0.0069
v -0.027707 0.592691 -0.010467
v -0.027892 0.595102 0.007132
v -0.03524 0.595246 0.010929
v -0.035345 0.597705 0.034522
v -0.077855 0.595933 0.058438
v -0.078533 0.594934 0.048229
v -0.135943 0.58809 0.078661
v -0.138536 0.586104 0.063444
v -0.153434 0.583656 0.07084
v -0.213503 0.563758 0.011586
v -0.20634 0.568778 0.042702
v -0.25121 0.553515 -0.01292
v -0.241544 0.559134 0.022413
v -0.274945 0.54544 -0.047264
v -0.276023 0.549796 -0.004236
v -0.287028 0.544014 -0.043838
v -0.285182 0.548207 -0.000723
v -0.306713 0.536694 -0.083208
v -0.303271 0.541675 -0.038657
v -0.322486 0.529531 -0.12449
v -0.318628 0.362236 -0.687372
v -0.296522 0.354565 -0.703701
v -0.312059 0.362167 -0.686516
v -0.243271 0.329385 -0.749855
v -0.259283 0.33616 -0.73836
v -0.229918 0.321399 -0.767235
v -0.214053 0.315631 -0.77765
v -0.228496 0.322245 -0.764237
v -0.211394 0.317281 -0.772773
v -0.232028 0.361807 -0.651452
v -0.213628 0.357615 -0.659615
v -0.240091 0.394762 -0.555738
v -0.259082 0.397003 -0.554438
v -0.257515 0.429031 -0.465873
v -0.277723 0.41931 -0.498102
v -0.277015 0.456033 -0.395384
v -0.296957 0.44502 -0.431885
v -0.296164 0.470728 -0.356894
v -0.314219 0.459706 -0.394485
v -0.313792 0.472501 -0.355827
v -0.328124 0.461274 -0.394211
v -0.337373 0.475038 -0.354417
v -0.337568 0.462354 -0.394016
v -0.34324 0.475624 -0.354051
v -0.342973 0.450291 -0.432663
v -0.346743 0.463284 -0.393737
v -0.331628 0.388117 -0.617018
v -0.310479 0.362953 -0.68345
v -0.319246 0.365959 -0.676704
v -0.318623 0.362653 -0.685818
v -0.323729 0.364173 -0.680555
v -0.323658 0.363681 -0.682226
v -0.009868 0.56619 -0.255836
v -0.00988 0.556194 -0.290652
v -0.010714 0.556269 -0.290606
v -0.010649 0.59214 -0.155546
v -0.010638 0.610577 -0.067247
v -0.009842 0.610399 -0.067515
v -0.333428 0.517675 0.105078
v -0.34065 0.514349 0.070195
v -0.329912 0.521652 0.10329
v -0.344806 0.514488 0.028491
v -0.352091 0.509469 -0.015479
v -0.341258 0.518718 0.026512
v -0.348729 0.513933 -0.017412
v -0.337401 0.522772 0.024301
v -0.321902 0.529164 0.099108
v -0.333546 0.522546 0.066411
v -0.313853 0.529185 0.15321
v -0.323291 0.523975 0.132426
v -0.308753 0.528165 0.19378
v -0.316061 0.521067 0.196611
v -0.33017 0.51623 0.135798
v -0.321582 0.521952 0.156835
v -0.348104 0.519335 0.20697
v -0.34819 0.519044 0.206982
v -0.347971 0.518803 0.206989
v -0.347789 0.519109 0.206997
v -0.02288 0.2686 -0.930165
v -0.020458 0.271212 -0.926034
v -0.020098 0.251758 -0.913086
v -0.022624 0.249331 -0.916947
v -0.406976 0.461301 -0.140142
v -0.398037 0.478732 -0.050684
v -0.391734 0.488323 -0.004412
v -0.402908 0.470986 -0.096998
v -0.397218 0.481669 -0.05127
v -0.406303 0.464533 -0.140807
v -0.401395 0.476271 -0.098076
v -0.405416 0.467952 -0.141522
v -0.399951 0.481069 -0.099069
v -0.404088 0.472951 -0.142578
v -0.402311 0.479203 -0.143946
v -0.405255 0.471562 -0.183234
v -0.403209 0.478734 -0.184994
v -0.40507 0.471078 -0.221519
v -0.402778 0.478624 -0.223688
v -0.403679 0.470424 -0.259643
v -0.407471 0.455785 -0.255182
v -0.406934 0.463885 -0.219602
v -0.410567 0.446842 -0.215406
v -0.409323 0.454509 -0.179381
v -0.40947 0.453345 -0.17913
v -0.325641 0.547398 0.195919
v -0.325263 0.547436 0.197074
v -0.320188 0.55191 0.195231
v -0.320562 0.551872 0.194055
v -0.336989 0.547257 0.133216
v -0.325613 0.553537 0.15384
v -0.355187 0.54264 0.026076
v -0.368029 0.53256 -0.016337
v -0.360257 0.537416 0.028245
v -0.34421 0.544726 0.10384
v -0.356939 0.536283 0.070708
v -0.331938 0.542548 0.192315
v -0.33029 0.542867 0.197683
v -0.028823 0.266938 -0.935672
v -0.032042 0.266092 -0.936896
v -0.035605 0.265614 -0.93743
v -0.035773 0.266065 -0.937044
v -0.032278 0.266539 -0.936513
v -0.029122 0.267372 -0.935306
v -0.377048 0.452952 -0.476502
v -0.377731 0.518514 -0.238607
v -0.372269 0.523131 -0.240711
v -0.372766 0.456301 -0.478902
v -0.302319 0.564384 0.189853
v -0.302134 0.5642 0.190065
v -0.2897 0.571186 0.185779
v -0.283729 0.574119 0.18349
v -0.283902 0.574314 0.183261
v -0.357191 0.338391 -0.62258
v -0.357487 0.338364 -0.622412
v -0.357386 0.338496 -0.622979
v -0.35705 0.338511 -0.622991
v -0.348648 0.494586 0.112531
v -0.355011 0.489855 0.077598
v -0.348188 0.494559 0.112429
v -0.327615 0.504399 0.201966
v -0.328034 0.504483 0.202083
v -0.010638 0.610577 -0.067247
v -0.010649 0.59214 -0.155546
v -0.012064 0.592209 -0.155253
v -0.028307 0.615753 -0.035496
v -0.036224 0.61566 -0.032286
v -0.035897 0.619246 -0.009906
v -0.045518 0.618978 -0.005549
v -0.045016 0.621669 0.013218
v -0.056083 0.62121 0.018669
v -0.055441 0.62297 0.033235
v -0.035291 0.623478 0.022809
v -0.035019 0.624387 0.033259
v -0.027578 0.624292 0.029353
v -0.027412 0.624759 0.036721
v -0.021534 0.624879 0.0387
v -0.021473 0.625031 0.041875
v -0.017142 0.624954 0.039673
v -0.02144 0.625075 0.043681
v -0.010556 0.624843 0.038206
v -0.348578 0.519388 0.206332
v -0.348593 0.518949 0.206382
v -0.348353 0.519012 0.206862
v -0.34833 0.519408 0.206824
v -0.360238 0.421975 -0.49497
v -0.364507 0.442909 -0.42636
v -0.366776 0.439665 -0.424316
v -0.362138 0.419127 -0.492995
v -0.347639 0.361383 -0.648438
v -0.347584 0.360936 -0.6498
v -0.345545 0.362971 -0.653964
v -0.345605 0.363432 -0.652587
v -0.343475 0.364893 -0.656444
v -0.29729 0.375205 -0.720414
v -0.234757 0.344832 -0.780002
v -0.219702 0.337428 -0.794379
v -0.267818 0.360264 -0.749466
v -0.283558 0.367984 -0.734388
v -0.093325 0.292573 -0.887609
v -0.086291 0.286927 -0.898025
v -0.096227 0.291054 -0.889632
v -0.088075 0.285565 -0.899724
v -0.110135 0.2946 -0.881483
v -0.099356 0.288618 -0.892785
v -0.125557 0.299319 -0.871266
v -0.11219 0.292809 -0.88386
v -0.158335 0.311775 -0.845853
v -0.14254 0.30459 -0.859929
v -0.174883 0.318091 -0.832983
v -0.204719 0.33106 -0.807228
v -0.234757 0.344832 -0.780002
v -0.250519 0.352866 -0.764106
v -0.218914 0.338064 -0.793443
v -0.233413 0.345634 -0.778322
v -0.20341 0.331959 -0.805631
v -0.216844 0.339319 -0.790815
v -0.187519 0.326391 -0.816917
v -0.200078 0.333996 -0.801249
v -0.137807 0.308019 -0.854751
v -0.150359 0.316503 -0.837359
v -0.118793 0.303336 -0.86513
v -0.128642 0.312001 -0.847107
v -0.11362 0.305305 -0.861618
v -0.120761 0.314716 -0.841263
v -0.106387 0.307557 -0.8573
v -0.087359 0.312382 -0.848279
v -0.099473 0.321084 -0.827913
v -0.086893 0.32406 -0.822905
v -0.11356 0.348259 -0.763364
v -0.045247 0.319278 -0.842498
v -0.048574 0.329301 -0.821783
v -0.036527 0.320148 -0.842907
v -0.010856 0.469326 -0.532082
v -0.010819 0.436009 -0.609095
v -0.011969 0.312063 -0.860532
v -0.016414 0.298966 -0.884028
v -0.019468 0.299064 -0.883883
v -0.041425 0.275406 -0.92406
v -0.046543 0.274888 -0.924216
v -0.062261 0.284467 -0.906449
v -0.059959 0.280482 -0.913299
v -0.072323 0.286338 -0.901611
v -0.068507 0.281821 -0.909498
v -0.011438 0.272052 -0.880328
v -0.011518 0.271329 -0.879896
v -0.012652 0.266802 -0.887438
v -0.014099 0.262365 -0.894656
v -0.014026 0.263068 -0.895113
v -0.283558 0.367984 -0.734388
v -0.267818 0.360264 -0.749466
v -0.251429 0.351994 -0.765243
v -0.28364 0.367689 -0.73458
v -0.297551 0.374958 -0.720878
v -0.348136 0.518654 0.206851
v -0.348353 0.519012 0.206862
v -0.348593 0.518949 0.206382
v -0.348362 0.518547 0.206362
v -0.009433 0.575158 -0.221885
v -0.009868 0.56619 -0.255836
v -0.009842 0.610399 -0.067515
v -0.009425 0.610137 -0.067629
v -0.358007 0.339045 -0.62306
v -0.361822 0.339867 -0.619421
v -0.364967 0.341751 -0.617135
v -0.356152 0.346555 -0.630221
v -0.35431 0.394642 -0.65924
v -0.354137 0.394171 -0.660194
v -0.358324 0.392469 -0.654203
v -0.358505 0.392914 -0.653313
v -0.009376 0.445294 -0.522258
v -0.009359 0.520272 -0.319008
v -0.009707 0.520024 -0.318899
v -0.009742 0.428308 -0.561444
v -0.009374 0.412161 -0.598611
v -0.357623 0.338653 -0.620067
v -0.361126 0.348576 -0.573807
v -0.35843 0.338728 -0.619299
v -0.358312 0.338464 -0.620939
v -0.357535 0.338391 -0.621656
v -0.302949 0.56439 0.188008
v -0.302556 0.564444 0.189264
v -0.290121 0.571437 0.184941
v -0.343646 0.554222 -0.07548
v -0.348632 0.551274 -0.07361
v -0.332855 0.559722 0.016744
v -0.338441 0.556162 0.019144
v -0.329973 0.559383 0.059277
v -0.335748 0.555442 0.061732
v -0.327529 0.558115 0.096841
v -0.333332 0.553943 0.099268
v -0.309128 0.560429 0.19009
v -0.009241 0.598943 0.038364
v -0.009224 0.623236 0.038407
v -0.009437 0.623267 0.038844
v -0.009472 0.598986 0.038784
v -0.025522 0.246706 -0.918795
v -0.022796 0.248406 -0.91608
v -0.023014 0.248353 -0.91577
v -0.025708 0.246669 -0.918462
v -0.010585 0.277024 -0.871802
v -0.011438 0.272052 -0.880328
v -0.01225 0.292248 -0.892145
v -0.01082 0.303291 -0.872952
v -0.009074 0.543687 -0.326543
v -0.009115 0.623158 0.037485
v -0.009122 0.598867 0.037486
v -0.009073 0.597609 0.020728
v -0.009068 0.585921 -0.063933
v -0.009065 0.574848 -0.11948
v -0.009062 0.542309 -0.249137
v -0.009062 0.521495 -0.319427
v -0.009065 0.463237 -0.48156
v -0.009065 0.413344 -0.599139
v -0.009073 0.34402 -0.746108
v -0.074473 0.275182 -0.916188
v -0.082193 0.278809 -0.910095
v -0.060605 0.270204 -0.926852
v -0.054494 0.268107 -0.930962
v -0.054496 0.267661 -0.930831
v -0.06062 0.26976 -0.926721
v -0.380827 0.342778 -0.598763
v -0.380704 0.342682 -0.599621
v -0.376886 0.341917 -0.603248
v -0.369508 0.340533 -0.610283
v -0.358312 0.338464 -0.620939
v -0.35843 0.338728 -0.619299
v -0.359159 0.53099 -0.244638
v -0.351866 0.545095 -0.16646
v -0.347996 0.546474 -0.1674
v -0.341834 0.552693 -0.124119
v -0.337673 0.553859 -0.125339
v -0.344219 0.547421 -0.168264
v -0.355817 0.531981 -0.245306
v -0.010569 0.624191 0.039568
v -0.078308 0.622113 0.075343
v -0.26351 0.580961 0.17476
v -0.270149 0.576825 0.178114
v -0.26277 0.557848 0.17694
v -0.278831 0.549167 0.184272
v -0.27848 0.548409 0.184153
v -0.267806 0.553312 0.179557
v -0.247509 0.560785 0.169309
v -0.211719 0.572101 0.150372
v -0.1031 0.594643 0.090447
v -0.076687 0.597342 0.075408
v -0.064697 0.599025 0.068581
v -0.028147 0.599923 0.048138
v -0.009884 0.599016 0.039129
v -0.009852 0.624129 0.039139
v -0.027077 0.505018 -0.354651
v -0.061045 0.532731 -0.240932
v -0.061754 0.521638 -0.276056
v -0.07694 0.529572 -0.23844
v -0.077935 0.518167 -0.273719
v -0.095348 0.514791 -0.271073
v -0.06899 0.351334 -0.704141
v -0.052298 0.339849 -0.737093
v -0.052373 0.352177 -0.710451
v -0.038875 0.340798 -0.740885
v -0.038431 0.36582 -0.687797
v -0.028691 0.353647 -0.718212
v -0.027983 0.39462 -0.629769
v -0.016733 0.367074 -0.693755
v -0.016621 0.427408 -0.560702
v -0.01363 0.411402 -0.5982
v -0.013645 0.427732 -0.561038
v -0.009989 0.297705 -0.831555
v -0.009742 0.428308 -0.561444
v -0.009707 0.520024 -0.318899
v -0.009706 0.531 -0.283031
v -0.010372 0.540723 -0.248501
v -0.010369 0.530855 -0.282914
v -0.010385 0.507416 -0.356715
v -0.011549 0.51974 -0.318645
v -0.01157 0.507264 -0.356577
v -0.03536 0.598346 0.050638
v -0.076726 0.596557 0.074212
v -0.077855 0.595933 0.058438
v -0.035345 0.597705 0.034522
v -0.388136 0.439717 -0.214527
v -0.389522 0.447273 -0.178971
v -0.390547 0.44023 -0.214563
v -0.392945 0.448122 -0.178958
v -0.393997 0.440974 -0.214616
v -0.396953 0.449115 -0.178943
v -0.398037 0.441846 -0.214677
v -0.400963 0.450109 -0.178928
v -0.40208 0.442717 -0.214739
v -0.404387 0.450958 -0.178914
v -0.405531 0.443461 -0.214791
v -0.406778 0.451558 -0.178907
v -0.407942 0.443989 -0.214829
v -0.408243 0.451981 -0.178913
v -0.40942 0.444367 -0.214866
v -0.386359 0.354315 -0.5568
v -0.383644 0.351612 -0.565764
v -0.38129 0.351523 -0.565529
v -0.38252 0.354138 -0.556203
v -0.377921 0.351409 -0.565199
v -0.38664 0.439446 -0.214518
v -0.385644 0.44637 -0.179
v -0.384891 0.453916 -0.140462
v -0.37667 0.520747 -0.012347
v -0.39428 0.500793 -0.149436
v -0.385683 0.514504 -0.107556
v -0.390671 0.507784 -0.151568
v -0.394346 0.500827 -0.191453
v -0.397784 0.493644 -0.189156
v -0.400724 0.486231 -0.186986
v -0.392774 0.500854 -0.103632
v -0.400083 0.486234 -0.145578
v -0.390026 0.501291 -0.055551
v -0.398027 0.487071 -0.100356
v -0.386189 0.502411 -0.007494
v -0.394634 0.489274 -0.052854
v -0.381372 0.504287 0.038197
v -0.390005 0.492951 -0.005397
v -0.383093 0.500397 0.039084
v -0.391104 0.490081 -0.004782
v -0.384248 0.497737 0.039684
v -0.391734 0.488323 -0.004412
v -0.384911 0.496107 0.040042
v -0.358208 0.515458 0.167763
v -0.368416 0.511876 0.114655
v -0.359807 0.519162 0.143173
v -0.373941 0.510342 0.078562
v -0.364125 0.519573 0.112662
v -0.379094 0.509166 0.037038
v -0.368657 0.520054 0.076036
v -0.3835 0.508348 -0.008919
v -0.372965 0.520491 0.034032
v -0.387001 0.507941 -0.057222
v -0.00932 0.624075 0.03843
v -0.009506 0.624081 0.038827
v -0.009437 0.623267 0.038844
v -0.009224 0.623236 0.038407
v -0.031522 0.2451 -0.921996
v -0.028372 0.245821 -0.920948
v -0.028456 0.245569 -0.92058
v -0.031583 0.244851 -0.921623
v -0.022624 0.249331 -0.916947
v -0.020098 0.251758 -0.913086
v -0.020158 0.251092 -0.912576
v -0.022678 0.248677 -0.916421
v -0.009472 0.598986 0.038784
v -0.009549 0.598175 0.038767
v -0.009347 0.598113 0.038386
v -0.009241 0.598943 0.038364
v -0.351355 0.35547 -0.641709
v -0.347704 0.360879 -0.65034
v -0.347584 0.360936 -0.6498
v -0.351221 0.355539 -0.64119
v -0.338792 0.366006 -0.666183
v -0.338576 0.365701 -0.665891
v -0.34118 0.365277 -0.662177
v -0.343507 0.364372 -0.658439
v -0.343774 0.364641 -0.658637
v -0.344192 0.397818 -0.58604
v -0.355483 0.462291 -0.392379
v -0.358388 0.473217 -0.351216
v -0.344489 0.392656 -0.598397
v -0.160979 0.549237 -0.113558
v -0.179367 0.5474 -0.109448
v -0.163896 0.539338 -0.150033
v -0.182737 0.537659 -0.146478
v -0.166432 0.528688 -0.186726
v -0.113451 0.511809 -0.268173
v -0.11201 0.52365 -0.232577
v -0.0941 0.526458 -0.235635
v -0.095348 0.514791 -0.271073
v -0.077935 0.518167 -0.273719
v -0.07694 0.529572 -0.23844
v -0.061754 0.521638 -0.276056
v -0.061045 0.532731 -0.240932
v -0.027077 0.505018 -0.354651
v -0.01157 0.507264 -0.356577
v -0.011549 0.51974 -0.318645
v -0.010385 0.507416 -0.356715
v -0.010369 0.530855 -0.282914
v -0.011545 0.540657 -0.248316
v -0.01154 0.53076 -0.282755
v -0.013409 0.53067 -0.282521
v -0.020756 0.566232 -0.147
v -0.026764 0.565862 -0.145535
v -0.026885 0.573224 -0.113883
v -0.034867 0.572606 -0.111653
v -0.034943 0.565047 -0.143583
v -0.139595 0.560257 -0.082815
v -0.294533 0.538485 0.189487
v -0.278294 0.547792 0.18375
v -0.267668 0.552675 0.179152
v -0.238878 0.563004 0.164383
v -0.229835 0.566167 0.159867
v -0.26768 0.55291 0.179412
v -0.278327 0.548021 0.184008
v -0.294599 0.538693 0.189736
v -0.106429 0.442399 -0.535583
v -0.125812 0.427464 -0.562152
v -0.119506 0.524333 -0.31233
v -0.137699 0.521851 -0.309321
v -0.136364 0.534435 -0.2732
v -0.133015 0.557957 -0.200786
v -0.080533 0.565663 -0.210677
v -0.078975 0.575929 -0.175509
v -0.064747 0.568516 -0.21339
v -0.063554 0.578422 -0.178553
v -0.050644 0.571107 -0.215718
v -0.038782 0.573158 -0.217611
v -0.03928 0.563305 -0.252203
v -0.02986 0.564855 -0.253452
v -0.030193 0.554418 -0.288575
v -0.023095 0.555432 -0.289371
v -0.023585 0.531204 -0.364061
v -0.054181 0.351999 -0.773975
v -0.290121 0.571437 0.184941
v -0.302556 0.564444 0.189264
v -0.302319 0.564384 0.189853
v -0.283902 0.574314 0.183261
v -0.284151 0.574372 0.18264
v -0.356267 0.490137 0.077818
v -0.369515 0.477154 -0.006087
v -0.374348 0.469185 -0.05214
v -0.368702 0.476946 -0.006182
v -0.362321 0.48397 0.037794
v -0.355476 0.489858 0.077695
v -0.348648 0.494586 0.112531
v -0.343143 0.498562 0.141732
v -0.40947 0.453345 -0.17913
v -0.4099 0.429259 -0.286706
v -0.408073 0.419128 -0.325617
v -0.409756 0.428691 -0.286535
v -0.410567 0.445086 -0.214994
v -0.409368 0.452739 -0.179009
v -0.406976 0.461301 -0.140142
v -0.031796 0.264538 -0.936438
v -0.031498 0.245728 -0.92256
v -0.034874 0.245322 -0.922995
v -0.03541 0.264058 -0.936972
v -0.198724 0.601726 0.141549
v -0.271039 0.579033 0.178168
v -0.270711 0.578249 0.17818
v -0.26351 0.580961 0.17476
v -0.078308 0.622113 0.075343
v -0.009852 0.624129 0.039139
v -0.009884 0.599016 0.039129
v -0.009926 0.59818 0.039076
v -0.009549 0.598175 0.038767
v -0.009472 0.598986 0.038784
v -0.009437 0.623267 0.038844
v -0.009506 0.624081 0.038827
v -0.34736 0.518307 0.206904
v -0.347971 0.518803 0.206989
v -0.348136 0.518654 0.206851
v -0.347526 0.518124 0.206752
v -0.065258 0.251229 -0.907559
v -0.052642 0.24703 -0.915947
v -0.052574 0.246997 -0.915623
v -0.065143 0.251179 -0.907257
v -0.111485 0.269041 -0.871584
v -0.126002 0.274833 -0.860424
v -0.039826 0.266653 -0.936054
v -0.039662 0.265993 -0.936827
v -0.044012 0.266397 -0.935744
v -0.054349 0.2689 -0.930555
v -0.060383 0.270981 -0.926469
v -0.06661 0.274074 -0.920942
v -0.331796 0.391548 -0.687347
v -0.318311 0.385149 -0.700979
v -0.308993 0.379986 -0.710159
v -0.336769 0.392899 -0.682133
v -0.336962 0.393478 -0.68181
v -0.369331 0.340846 -0.61155
v -0.365444 0.33981 -0.614843
v -0.373402 0.341358 -0.60713
v -0.376705 0.342348 -0.604358
v -0.034874 0.245322 -0.922995
v -0.038567 0.245269 -0.922749
v -0.039422 0.263988 -0.936743
v -0.03541 0.264058 -0.936972
v -0.014804 0.28375 -0.907748
v -0.013448 0.288331 -0.900308
v -0.010967 0.304032 -0.873362
v -0.01082 0.303291 -0.872952
v -0.01225 0.292248 -0.892145
v -0.014686 0.283012 -0.907325
v -0.388391 0.506994 -0.233705
v -0.368029 0.53256 -0.016337
v -0.355187 0.54264 0.026076
v -0.365942 0.537838 -0.116085
v -0.377731 0.518514 -0.238607
v -0.383231 0.513081 -0.236234
v -0.40947 0.453345 -0.17913
v -0.409323 0.454509 -0.179381
v -0.410567 0.446842 -0.215406
v -0.410687 0.438961 -0.250581
v -0.409838 0.430374 -0.287043
v -0.408229 0.41968 -0.325811
v -0.4099 0.429259 -0.286706
v -0.174374 0.294817 -0.821673
v -0.275915 0.343626 -0.730151
v -0.298489 0.354699 -0.708366
v -0.313334 0.360745 -0.694062
v -0.323954 0.363999 -0.683403
v -0.332345 0.365712 -0.67421
v -0.338792 0.366006 -0.666183
v -0.343774 0.364641 -0.658637
v -0.348016 0.361102 -0.650462
v -0.353195 0.352518 -0.637683
v -0.354422 0.349317 -0.633965
v -0.356152 0.346555 -0.630221
v -0.353934 0.352983 -0.637254
v -0.348691 0.36175 -0.650172
v -0.34436 0.365391 -0.658491
v -0.339274 0.366841 -0.666203
v -0.324382 0.364893 -0.683574
v -0.29887 0.355522 -0.708558
v -0.14209 0.283527 -0.849237
v -0.158573 0.292386 -0.837144
v -0.142201 0.285693 -0.850439
v -0.158714 0.295504 -0.838827
v -0.142355 0.288796 -0.852155
v -0.158879 0.299158 -0.840798
v -0.142537 0.292431 -0.854166
v -0.159044 0.302812 -0.842769
v -0.142718 0.296067 -0.856176
v -0.159184 0.305932 -0.844452
v -0.142873 0.299172 -0.857894
v -0.15928 0.308115 -0.845627
v -0.101032 0.284079 -0.893424
v -0.113168 0.290386 -0.884307
v -0.090952 0.281208 -0.90249
v -0.101125 0.286179 -0.89456
v -0.074473 0.275182 -0.916188
v -0.06062 0.26976 -0.926721
v -0.060581 0.269017 -0.926298
v -0.060473 0.267747 -0.925451
v -0.142009 0.282201 -0.848481
v -0.1261 0.275137 -0.860721
v -0.025561 0.266701 -0.933171
v -0.02288 0.2686 -0.930165
v -0.022624 0.249331 -0.916947
v -0.025373 0.247611 -0.919692
v -0.30625 0.357742 -0.699623
v -0.312953 0.360336 -0.693036
v -0.318745 0.362244 -0.688115
v -0.313105 0.360391 -0.693698
v -0.382106 0.343789 -0.598007
v -0.381962 0.343336 -0.597899
v -0.397762 0.380754 -0.470358
v -0.408073 0.419128 -0.325617
v -0.4099 0.429259 -0.286706
v -0.408229 0.41968 -0.325811
v -0.39793 0.38125 -0.470676
v -0.009955 0.597784 0.038956
v -0.009926 0.59818 0.039076
v -0.03533 0.599148 0.051879
v -0.035346 0.598722 0.051732
v -0.302319 0.564384 0.189853
v -0.314438 0.556216 0.193867
v -0.31424 0.556042 0.194065
v -0.302134 0.5642 0.190065
v -0.01837 0.275343 -0.921113
v -0.016451 0.279348 -0.91478
v -0.014804 0.28375 -0.907748
v -0.014686 0.283012 -0.907325
v -0.018275 0.274602 -0.920693
v -0.188968 0.300823 -0.808281
v -0.203477 0.307086 -0.796517
v -0.174155 0.294378 -0.82112
v -0.157847 0.287827 -0.833865
v -0.302949 0.56439 0.188008
v -0.309128 0.560429 0.19009
v -0.320562 0.551872 0.194055
v -0.320188 0.55191 0.195231
v -0.314673 0.556276 0.193306
v -0.302556 0.564444 0.189264
v -0.344249 0.41073 -0.551412
v -0.350471 0.450696 -0.432318
v -0.353176 0.462955 -0.392981
v -0.352559 0.450453 -0.431985
v -0.346177 0.410578 -0.550827
v -0.328244 0.365248 -0.67581
v -0.323729 0.364173 -0.680555
v -0.34739 0.519758 0.206865
v -0.347789 0.519109 0.206997
v -0.347142 0.518629 0.206911
v -0.34671 0.51928 0.206775
v -0.35431 0.394642 -0.65924
v -0.372766 0.456301 -0.478902
v -0.368776 0.458866 -0.480633
v -0.350111 0.395673 -0.664806
v -0.219702 0.337428 -0.794379
v -0.234757 0.344832 -0.780002
v -0.204719 0.33106 -0.807228
v -0.174883 0.318091 -0.832983
v -0.159112 0.311017 -0.84672
v -0.175162 0.317776 -0.833271
v -0.34819 0.519044 0.206982
v -0.348104 0.519335 0.20697
v -0.34833 0.519408 0.206824
v -0.34819 0.519044 0.206982
v -0.34833 0.519408 0.206824
v -0.348353 0.519012 0.206862
v -0.366148 0.492402 -0.232659
v -0.363725 0.499252 -0.195873
v -0.367049 0.494679 -0.193748
v -0.370493 0.480472 -0.266439
v -0.36742 0.484683 -0.268748
v -0.373877 0.469263 -0.052217
v -0.382112 0.453577 -0.140621
v -0.384 0.44686 -0.179205
v -0.38177 0.453967 -0.140727
v -0.378226 0.461655 -0.097895
v -0.356267 0.490137 0.077818
v -0.343143 0.498562 0.141732
v -0.339255 0.50197 0.164541
v -0.350768 0.495579 0.112875
v -0.346577 0.500509 0.142314
v -0.352917 0.49674 0.1132
v -0.349601 0.502266 0.142822
v -0.355991 0.498406 0.113665
v -0.353141 0.504324 0.143415
v -0.359591 0.500359 0.114208
v -0.356684 0.506382 0.144009
v -0.363191 0.502314 0.114753
v -0.359708 0.50814 0.144517
v -0.366266 0.503982 0.115216
v -0.361818 0.509373 0.14487
v -0.368412 0.505152 0.11554
v -0.363102 0.510168 0.14508
v -0.39092 0.485947 -0.004166
v -0.395526 0.476758 -0.050679
v -0.389538 0.485326 -0.004283
v -0.393224 0.475908 -0.050834
v -0.387273 0.48439 -0.004484
v -0.389927 0.4747 -0.051056
v -0.38403 0.483058 -0.004775
v -0.386066 0.473289 -0.051317
v -0.380232 0.4815 -0.005117
v -0.382205 0.471876 -0.051578
v -0.376435 0.479941 -0.005457
v -0.378909 0.47067 -0.0518
v -0.373193 0.478611 -0.005748
v -0.376605 0.469834 -0.051957
v -0.364512 0.484803 0.038065
v -0.369515 0.477154 -0.006087
v -0.009842 0.610399 -0.067515
v -0.010638 0.610577 -0.067247
v -0.010556 0.624843 0.038206
v -0.009815 0.624703 0.037827
v -0.009476 0.452295 -0.571704
v -0.009467 0.51804 -0.405918
v -0.009458 0.532286 -0.365228
v -0.009451 0.544869 -0.326897
v -0.009199 0.555592 -0.290526
v -0.009209 0.517665 -0.405798
v -0.010492 0.311356 -0.86022
v -0.010741 0.311734 -0.860417
v -0.010049 0.331095 -0.824864
v -0.353954 0.393757 -0.66068
v -0.349784 0.39475 -0.666345
v -0.345698 0.39505 -0.671598
v -0.345472 0.394471 -0.671913
v -0.357817 0.391549 -0.655017
v -0.362129 0.3897 -0.648474
v -0.336962 0.393478 -0.68181
v -0.34151 0.394636 -0.676656
v -0.341627 0.39508 -0.676092
v -0.337052 0.393918 -0.681234
v -0.341173 0.365802 -0.66011
v -0.343475 0.364893 -0.656444
v -0.343409 0.36442 -0.657849
v -0.341098 0.365319 -0.661551
v -0.271403 0.579622 0.177835
v -0.271235 0.579422 0.178071
v -0.218395 0.597012 0.151606
v -0.218548 0.597232 0.151333
v -0.370398 0.506412 0.115816
v -0.348362 0.518547 0.206362
v -0.348593 0.518949 0.206382
v -0.348947 0.518835 0.205278
v -0.370664 0.506814 0.115822
v -0.377891 0.50136 0.080619
v -0.391941 0.486799 -0.004142
v -0.406892 0.460696 -0.140034
v -0.409025 0.452338 -0.178944
v -0.391645 0.486393 -0.004124
v -0.0527 0.247288 -0.916299
v -0.065345 0.2515 -0.90789
v -0.1261 0.275137 -0.860721
v -0.142009 0.282201 -0.848481
v -0.060473 0.267747 -0.925451
v -0.060581 0.269017 -0.926298
v -0.054452 0.266925 -0.930402
v -0.381962 0.343336 -0.597899
v -0.381607 0.343039 -0.598104
v -0.387151 0.354465 -0.557027
v -0.394844 0.373149 -0.495099
v -0.407693 0.418788 -0.325493
v -0.409756 0.428691 -0.286535
v -0.408073 0.419128 -0.325617
v -0.397762 0.380754 -0.470358
v -0.012787 0.270723 -0.879422
v -0.014045 0.27075 -0.879324
v -0.013261 0.275661 -0.87086
v -0.022108 0.275793 -0.870621
v -0.022586 0.271059 -0.878939
v -0.026761 0.270969 -0.879008
v -0.02755 0.26329 -0.892304
v -0.031181 0.266736 -0.886239
v -0.034316 0.254631 -0.907007
v -0.042875 0.252724 -0.909548
v -0.045259 0.252562 -0.909492
v -0.040144 0.248973 -0.915209
v -0.037495 0.249073 -0.915296
v -0.035152 0.24466 -0.921201
v -0.052574 0.246997 -0.915623
v -0.047272 0.245604 -0.918513
v -0.047224 0.245815 -0.918063
v -0.05839 0.249067 -0.911424
v -0.12559 0.274863 -0.85979
v -0.141697 0.281086 -0.847464
v -0.111485 0.269041 -0.871584
v -0.065143 0.251179 -0.907257
v -0.299727 0.534972 0.190609
v -0.278421 0.547638 0.183118
v -0.278294 0.547792 0.18375
v -0.294533 0.538485 0.189487
v -0.299655 0.535098 0.191194
v -0.289395 0.542382 0.188083
v -0.30905 0.528789 0.194742
v -0.316421 0.521643 0.197563
v -0.316145 0.521352 0.197403
v -0.312695 0.524969 0.196033
v -0.294599 0.538693 0.189736
v -0.278327 0.548021 0.184008
v -0.26768 0.55291 0.179412
v -0.267806 0.553312 0.179557
v -0.27848 0.548409 0.184153
v -0.331938 0.542548 0.192315
v -0.336158 0.538002 0.194008
v -0.334135 0.53838 0.200454
v -0.325263 0.547436 0.197074
v -0.325641 0.547398 0.195919
v -0.33029 0.542867 0.197683
v -0.103083 0.593988 0.090009
v -0.035356 0.598481 0.051427
v -0.035346 0.598722 0.051732
v -0.10307 0.594223 0.090301
v -0.211653 0.571679 0.150217
v -0.229835 0.566167 0.159867
v -0.238878 0.563004 0.164383
v -0.211682 0.571438 0.149932
v -0.009926 0.518215 -0.405957
v -0.00988 0.556194 -0.290652
v -0.009868 0.56619 -0.255836
v -0.009433 0.575158 -0.221885
v -0.009443 0.555989 -0.290627
v -0.009451 0.544869 -0.326897
v -0.009458 0.532286 -0.365228
v -0.362762 0.391104 -0.645662
v -0.385282 0.443986 -0.470349
v -0.38132 0.448839 -0.473598
v -0.379045 0.438258 -0.507137
v -0.017809 0.254971 -0.908006
v -0.018275 0.274602 -0.920693
v -0.014686 0.283012 -0.907325
v -0.014026 0.263068 -0.895113
v -0.32752 0.504519 0.202465
v -0.327615 0.504399 0.201966
v -0.327273 0.504546 0.20185
v -0.327212 0.504659 0.202371
v -0.345313 0.506864 -0.240707
v -0.347312 0.497896 -0.277043
v -0.349604 0.497614 -0.27677
v -0.350471 0.450696 -0.432318
v -0.344249 0.41073 -0.551412
v -0.323729 0.364173 -0.680555
v -0.318623 0.362653 -0.685818
v -0.319246 0.365959 -0.676704
v -0.338162 0.398014 -0.588842
v -0.344345 0.418785 -0.528167
v -0.348418 0.487606 -0.314346
v -0.346679 0.475876 -0.353807
v -0.342721 0.507047 -0.240971
v -0.357623 0.338653 -0.620067
v -0.357535 0.338391 -0.621656
v -0.357154 0.33844 -0.622049
v -0.357203 0.338709 -0.620531
v -0.356863 0.338922 -0.623619
v -0.355027 0.346156 -0.630683
v -0.35407 0.349201 -0.633918
v -0.353926 0.349285 -0.633395
v -0.356704 0.33903 -0.623072
v -0.367049 0.494679 -0.193748
v -0.369998 0.489895 -0.191697
v -0.372322 0.457551 -0.341136
v -0.369974 0.46176 -0.343508
v -0.370493 0.480472 -0.266439
v -0.035513 0.265237 -0.937529
v -0.035455 0.26479 -0.937409
v -0.039466 0.264718 -0.937181
v -0.039509 0.265165 -0.937304
v -0.348691 0.36175 -0.650172
v -0.353934 0.352983 -0.637254
v -0.356152 0.346555 -0.630221
v -0.364967 0.341751 -0.617135
v -0.361822 0.339867 -0.619421
v -0.365212 0.340615 -0.616116
v -0.380374 0.343981 -0.60131
v -0.380527 0.343156 -0.600611
v -0.381302 0.343375 -0.599805
v -0.365459 0.386169 -0.642618
v -0.205193 0.330018 -0.807543
v -0.101125 0.286179 -0.89456
v -0.090952 0.281208 -0.90249
v -0.113168 0.290386 -0.884307
v -0.101032 0.284079 -0.893424
v -0.15928 0.308115 -0.845627
v -0.142873 0.299172 -0.857894
v -0.159184 0.305932 -0.844452
v -0.142718 0.296067 -0.856176
v -0.159044 0.302812 -0.842769
v -0.142537 0.292431 -0.854166
v -0.158879 0.299158 -0.840798
v -0.142355 0.288796 -0.852155
v -0.158714 0.295504 -0.838827
v -0.142201 0.285693 -0.850439
v -0.158573 0.292386 -0.837144
v -0.14209 0.283527 -0.849237
v -0.29887 0.355522 -0.708558
v -0.324382 0.364893 -0.683574
v -0.339274 0.366841 -0.666203
v -0.34436 0.365391 -0.658491
v -0.338506 0.365739 -0.665228
v -0.341098 0.365319 -0.661551
v -0.34118 0.365277 -0.662177
v -0.338576 0.365701 -0.665891
v -0.328034 0.504483 0.202083
v -0.327894 0.504601 0.202579
v -0.328581 0.504987 0.202753
v -0.328749 0.504873 0.202252
v -0.010574 0.624603 0.039414
v -0.009878 0.624507 0.039013
v -0.009851 0.624682 0.038697
v -0.010566 0.624807 0.039081
v -0.314438 0.556216 0.193867
v -0.325023 0.547381 0.197611
v -0.333889 0.538336 0.200976
v -0.333663 0.538195 0.20115
v -0.31424 0.556042 0.194065
v -0.216445 0.314118 -0.782126
v -0.23075 0.320949 -0.768977
v -0.246101 0.328144 -0.756075
v -0.231284 0.320674 -0.77009
v -0.407471 0.455785 -0.255182
v -0.403679 0.470424 -0.259643
v -0.402494 0.451099 -0.33705
v -0.40027 0.45841 -0.34002
v -0.396451 0.436347 -0.422175
v -0.385835 0.40113 -0.542667
v -0.387776 0.395068 -0.5379
v -0.404273 0.443817 -0.334268
v -0.405659 0.436935 -0.331767
v -0.406999 0.446875 -0.292103
v -0.409544 0.432418 -0.287661
v -0.410346 0.441048 -0.251142
v -0.410687 0.438961 -0.250581
v -0.410567 0.446842 -0.215406
v -0.406934 0.463885 -0.219602
v -0.025373 0.247611 -0.919692
v -0.022624 0.249331 -0.916947
v -0.022678 0.248677 -0.916421
v -0.02542 0.246967 -0.919151
v -0.149468 0.613527 0.113227
v -0.120716 0.618295 0.097302
v -0.092104 0.621681 0.081514
v -0.02144 0.625075 0.043681
v -0.017142 0.624954 0.039673
v -0.021473 0.625031 0.041875
v -0.021534 0.624879 0.0387
v -0.027412 0.624759 0.036721
v -0.027578 0.624292 0.029353
v -0.035019 0.624387 0.033259
v -0.035291 0.623478 0.022809
v -0.055441 0.62297 0.033235
v -0.110094 0.618502 0.061671
v -0.107654 0.620025 0.07992
v -0.151538 0.613397 0.103951
v -0.337052 0.393918 -0.681234
v -0.341627 0.39508 -0.676092
v -0.341758 0.395608 -0.674897
v -0.337135 0.39445 -0.680003
v -0.211719 0.572101 0.150372
v -0.247509 0.560785 0.169309
v -0.267806 0.553312 0.179557
v -0.26768 0.55291 0.179412
v -0.229835 0.566167 0.159867
v -0.211653 0.571679 0.150217
v -0.10307 0.594223 0.090301
v -0.035346 0.598722 0.051732
v -0.03533 0.599148 0.051879
v -0.076687 0.597342 0.075408
v -0.1031 0.594643 0.090447
v -0.388691 0.438441 -0.466899
v -0.385282 0.443986 -0.470349
v -0.362762 0.391104 -0.645662
v -0.362535 0.390492 -0.647174
v -0.366247 0.387372 -0.64097
v -0.369508 0.383572 -0.634838
v -0.308702 0.528283 0.194344
v -0.299655 0.535098 0.191194
v -0.294533 0.538485 0.189487
v -0.294599 0.538693 0.189736
v -0.312695 0.524969 0.196033
v -0.312584 0.524792 0.195793
v -0.022796 0.248406 -0.91608
v -0.020291 0.250807 -0.912255
v -0.02054 0.250734 -0.911973
v -0.023014 0.248353 -0.91577
v -0.385282 0.443986 -0.470349
v -0.390428 0.489507 -0.308589
v -0.388391 0.506994 -0.233705
v -0.383231 0.513081 -0.236234
v -0.38132 0.448839 -0.473598
v -0.353195 0.352518 -0.637683
v -0.348016 0.361102 -0.650462
v -0.347704 0.360879 -0.65034
v -0.351355 0.35547 -0.641709
v -0.35285 0.352372 -0.637625
v -0.26277 0.557848 0.17694
v -0.270149 0.576825 0.178114
v -0.26351 0.580961 0.17476
v -0.270711 0.578249 0.17818
v -0.271039 0.579033 0.178168
v -0.277487 0.57642 0.181065
v -0.289476 0.570815 0.185868
v -0.34739 0.519758 0.206865
v -0.34671 0.51928 0.206775
v -0.347142 0.518629 0.206911
v -0.327606 0.504997 0.202734
v -0.316421 0.521643 0.197563
v -0.30905 0.528789 0.194742
v -0.289395 0.542382 0.188083
v -0.27848 0.548409 0.184153
v -0.278831 0.549167 0.184272
v -0.188581 0.301065 -0.807702
v -0.203269 0.30712 -0.79613
v -0.188968 0.300823 -0.808281
v -0.157847 0.287827 -0.833865
v -0.141436 0.28119 -0.847107
v -0.125131 0.275218 -0.859236
v -0.157409 0.288129 -0.833316
v -0.042875 0.252724 -0.909548
v -0.034316 0.254631 -0.907007
v -0.031181 0.266736 -0.886239
v -0.02755 0.26329 -0.892304
v -0.026761 0.270969 -0.879008
v -0.022586 0.271059 -0.878939
v -0.022108 0.275793 -0.870621
v -0.013261 0.275661 -0.87086
v -0.014045 0.27075 -0.879324
v -0.012787 0.270723 -0.879422
v -0.035152 0.24466 -0.921201
v -0.047224 0.245815 -0.918063
v -0.047272 0.245604 -0.918513
v -0.042649 0.244747 -0.92043
v -0.0386 0.24438 -0.921453
v -0.034994 0.244431 -0.921693
v -0.0317 0.244831 -0.921264
v -0.028607 0.245541 -0.920232
v -0.025708 0.246669 -0.918462
v -0.023014 0.248353 -0.91577
v -0.02054 0.250734 -0.911973
v -0.016318 0.257682 -0.900951
v -0.012077 0.27079 -0.879527
v -0.009989 0.297705 -0.831555
v -0.013645 0.427732 -0.561038
v -0.01363 0.411402 -0.5982
v -0.016621 0.427408 -0.560702
v -0.016733 0.367074 -0.693755
v -0.027983 0.39462 -0.629769
v -0.028691 0.353647 -0.718212
v -0.038431 0.36582 -0.687797
v -0.038875 0.340798 -0.740885
v -0.052373 0.352177 -0.710451
v -0.052298 0.339849 -0.737093
v -0.06899 0.351334 -0.704141
v -0.087913 0.35082 -0.696533
v -0.068944 0.338802 -0.732179
v -0.088412 0.337989 -0.726281
v -0.067276 0.326626 -0.759191
v -0.086459 0.325249 -0.755733
v -0.111694 0.323823 -0.752732
v -0.074771 0.290247 -0.833094
v -0.097939 0.296665 -0.816455
v -0.067555 0.274522 -0.866528
v -0.08456 0.278802 -0.856214
v -0.075202 0.273159 -0.868545
v -0.20291 0.30733 -0.795518
v -0.384703 0.424338 -0.285185
v -0.385793 0.439401 -0.214539
v -0.384801 0.446298 -0.179033
v -0.382583 0.453447 -0.140555
v -0.379878 0.461322 -0.097658
v -0.385644 0.44637 -0.179
v -0.38664 0.439446 -0.214518
v -0.377921 0.351409 -0.565199
v -0.38252 0.354138 -0.556203
v -0.38129 0.351523 -0.565529
v -0.383644 0.351612 -0.565764
v -0.386359 0.354315 -0.5568
v -0.385091 0.351706 -0.565946
v -0.380827 0.342778 -0.598763
v -0.35843 0.338728 -0.619299
v -0.361126 0.348576 -0.573807
v -0.0527 0.247288 -0.916299
v -0.047347 0.245883 -0.919211
v -0.047308 0.245631 -0.918849
v -0.052642 0.24703 -0.915947
v -0.022951 0.269341 -0.930588
v -0.02054 0.271953 -0.926454
v -0.020458 0.271212 -0.926034
v -0.02288 0.2686 -0.930165
v -0.039565 0.265542 -0.937208
v -0.035605 0.265614 -0.93743
v -0.035513 0.265237 -0.937529
v -0.039509 0.265165 -0.937304
v -0.372113 0.378837 -0.629606
v -0.381857 0.34447 -0.599363
v -0.382063 0.344679 -0.598545
v -0.376703 0.368959 -0.617735
v -0.374708 0.374268 -0.623139
v -0.372319 0.379171 -0.628868
v -0.352016 0.497022 -0.276347
v -0.353176 0.462955 -0.392981
v -0.350471 0.450696 -0.432318
v -0.349604 0.497614 -0.27677
v -0.326803 0.505158 0.202206
v -0.326846 0.505054 0.201667
v -0.321572 0.513736 0.19906
v -0.319049 0.51735 0.197899
v -0.319016 0.517461 0.198447
v -0.3322 0.365932 -0.671477
v -0.344192 0.397818 -0.58604
v -0.344489 0.392656 -0.598397
v -0.342893 0.388474 -0.610361
v -0.335633 0.366258 -0.667479
v -0.397784 0.493644 -0.189156
v -0.394346 0.500827 -0.191453
v -0.398017 0.485239 -0.264926
v -0.401114 0.477922 -0.262215
v -0.043939 0.265131 -0.936077
v -0.043892 0.264399 -0.935639
v -0.048887 0.265363 -0.933548
v -0.048932 0.266097 -0.933984
v -0.349604 0.497614 -0.27677
v -0.33044 0.528391 -0.122777
v -0.325766 0.533292 -0.077871
v -0.34001 0.521267 -0.164373
v -0.342877 0.520319 -0.163833
v -0.350243 0.505805 -0.240029
v -0.352016 0.497022 -0.276347
v -0.043966 0.265576 -0.936203
v -0.043939 0.265131 -0.936077
v -0.048932 0.266097 -0.933984
v -0.048944 0.266542 -0.934112
v -0.39793 0.38125 -0.470676
v -0.408229 0.41968 -0.325811
v -0.409838 0.430374 -0.287043
v -0.382063 0.344679 -0.598545
v -0.382106 0.343789 -0.598007
v -0.207749 0.515076 -0.21776
v -0.1686 0.517412 -0.223143
v -0.185632 0.527172 -0.183614
v -0.166432 0.528688 -0.186726
v -0.182737 0.537659 -0.146478
v -0.163896 0.539338 -0.150033
v -0.179367 0.5474 -0.109448
v -0.23402 0.542539 -0.098094
v -0.220568 0.534855 -0.140003
v -0.258665 0.532725 -0.134187
v -0.269185 0.539795 -0.091125
v -0.276812 0.53188 -0.131559
v -0.284553 0.538607 -0.088035
v -0.293036 0.531161 -0.129219
v -0.297265 0.537573 -0.085368
v -0.313715 0.523029 -0.167889
v -0.315907 0.530026 -0.125691
v -0.323435 0.522852 -0.166758
v -0.322486 0.529531 -0.12449
v -0.335276 0.515201 -0.204581
v -0.334094 0.522307 -0.165312
v -0.342721 0.507047 -0.240971
v -0.332768 0.506835 -0.241938
v -0.328976 0.515193 -0.205229
v -0.268376 0.514171 -0.211059
v -0.250735 0.503487 -0.249884
v -0.190074 0.504393 -0.25664
v -0.031916 0.265719 -0.936993
v -0.031843 0.265272 -0.936872
v -0.035455 0.26479 -0.937409
v -0.035513 0.265237 -0.937529
v -0.381461 0.342937 -0.598929
v -0.381362 0.343041 -0.599403
v -0.380614 0.342802 -0.600138
v -0.380704 0.342682 -0.599621
v -0.012614 0.293367 -0.892764
v -0.013 0.293595 -0.892856
v -0.010793 0.320935 -0.844133
v -0.010049 0.331095 -0.824864
v -0.010741 0.311734 -0.860417
v -0.03533 0.599148 0.051879
v -0.009926 0.59818 0.039076
v -0.009884 0.599016 0.039129
v -0.028147 0.599923 0.048138
v -0.064697 0.599025 0.068581
v -0.076687 0.597342 0.075408
v -0.349946 0.395179 -0.665838
v -0.349784 0.39475 -0.666345
v -0.353954 0.393757 -0.66068
v -0.354137 0.394171 -0.660194
v -0.351008 0.505462 0.03187
v -0.36426 0.493656 -0.058179
v -0.35516 0.504805 -0.013731
v -0.34065 0.514349 0.070195
v -0.333428 0.517675 0.105078
v -0.343739 0.509992 0.071808
v -0.321572 0.513736 0.19906
v -0.326846 0.505054 0.201667
v -0.347364 0.495369 0.11212
v -0.353523 0.492012 0.076951
v -0.346679 0.49657 0.111786
v -0.352478 0.494148 0.076402
v -0.345607 0.498583 0.111244
v -0.350942 0.497274 0.075589
v -0.348936 0.501168 0.074533
v -0.360462 0.494866 -0.010686
v -0.219702 0.337428 -0.794379
v -0.175162 0.317776 -0.833271
v -0.15925 0.310693 -0.846786
v -0.219835 0.337122 -0.794477
v -0.251429 0.351994 -0.765243
v -0.267818 0.360264 -0.749466
v -0.30625 0.357742 -0.699623
v -0.231623 0.320539 -0.770802
v -0.21698 0.31378 -0.783147
v -0.231284 0.320674 -0.77009
v -0.246101 0.328144 -0.756075
v -0.23075 0.320949 -0.768977
v -0.245531 0.328345 -0.754853
v -0.229918 0.321399 -0.767235
v -0.259283 0.33616 -0.73836
v -0.243271 0.329385 -0.749855
v -0.312059 0.362167 -0.686516
v -0.296522 0.354565 -0.703701
v -0.318628 0.362236 -0.687372
v -0.312953 0.360336 -0.693036
v -0.38132 0.448839 -0.473598
v -0.383231 0.513081 -0.236234
v -0.377731 0.518514 -0.238607
v -0.377048 0.452952 -0.476502
v -0.374989 0.44208 -0.510212
v -0.379045 0.438258 -0.507137
v -0.054452 0.268471 -0.930888
v -0.060538 0.270565 -0.926784
v -0.159112 0.311017 -0.84672
v -0.174883 0.318091 -0.832983
v -0.14254 0.30459 -0.859929
v -0.060383 0.270981 -0.926469
v -0.054349 0.2689 -0.930555
v -0.197798 0.575704 0.123679
v -0.253772 0.55911 0.06405
v -0.262838 0.556839 0.068559
v -0.273806 0.552903 0.036078
v -0.27079 0.554639 0.072666
v -0.292408 0.546751 0.002247
v -0.287755 0.549313 0.042765
v -0.308579 0.540614 -0.036725
v -0.303128 0.543955 0.006924
v -0.33044 0.528391 -0.122777
v -0.334094 0.522307 -0.165312
v -0.318339 0.535137 -0.080091
v -0.322486 0.529531 -0.12449
v -0.303271 0.541675 -0.038657
v -0.306713 0.536694 -0.083208
v -0.285182 0.548207 -0.000723
v -0.287028 0.544014 -0.043838
v -0.276023 0.549796 -0.004236
v -0.274945 0.54544 -0.047264
v -0.241544 0.559134 0.022413
v -0.25121 0.553515 -0.01292
v -0.20634 0.568778 0.042702
v -0.213503 0.563758 0.011586
v -0.153434 0.583656 0.07084
v -0.138536 0.586104 0.063444
v -0.135943 0.58809 0.078661
v -0.078533 0.594934 0.048229
v -0.077855 0.595933 0.058438
v -0.076726 0.596557 0.074212
v -0.10317 0.593857 0.089259
v -0.103083 0.593988 0.090009
v -0.211682 0.571438 0.149932
v -0.211884 0.571297 0.149223
v -0.21462 0.570939 0.140943
v -0.205412 0.573547 0.135939
v -0.207666 0.573105 0.129024
v -0.009955 0.597784 0.038956
v -0.009645 0.597857 0.038749
v -0.009549 0.598175 0.038767
v -0.009926 0.59818 0.039076
v -0.009241 0.598943 0.038364
v -0.009347 0.598113 0.038386
v -0.009242 0.598014 0.037533
v -0.009122 0.598867 0.037486
v -0.339619 0.399294 -0.665942
v -0.353687 0.513358 -0.321678
v -0.347624 0.523743 -0.284057
v -0.340786 0.523392 -0.284837
v -0.32722 0.532326 -0.249059
v -0.273442 0.529838 -0.254811
v -0.254159 0.517828 -0.293942
v -0.296302 0.520195 -0.289514
v -0.277928 0.494574 -0.366428
v -0.255425 0.505752 -0.330773
v -0.257596 0.454159 -0.475673
v -0.236787 0.465727 -0.441318
v -0.238235 0.429468 -0.538689
v -0.218379 0.439915 -0.508742
v -0.160627 0.325836 -0.816884
v -0.191639 0.338584 -0.788939
v -0.181784 0.329592 -0.809699
v -0.243719 0.35643 -0.753723
v -0.230214 0.347437 -0.773774
v -0.262978 0.362673 -0.742776
v -0.248413 0.35395 -0.761358
v -0.280558 0.369381 -0.730359
v -0.266167 0.361204 -0.747302
v -0.281879 0.368859 -0.732101
v -0.267022 0.360807 -0.748407
v -0.308249 0.381313 -0.708245
v -0.29729 0.375205 -0.720414
v -0.325634 0.389604 -0.692153
v -0.331856 0.39247 -0.685632
v -0.337135 0.39445 -0.680003
v -0.332152 0.365386 -0.673839
v -0.323747 0.363661 -0.683003
v -0.323658 0.363681 -0.682226
v -0.328139 0.364735 -0.677481
v -0.33209 0.365419 -0.673097
v -0.328581 0.504987 0.202753
v -0.328449 0.50515 0.202909
v -0.34736 0.518307 0.206904
v -0.347526 0.518124 0.206752
v -0.283595 0.367243 -0.734637
v -0.297614 0.374652 -0.721121
v -0.28364 0.367689 -0.73458
v -0.251429 0.351994 -0.765243
v -0.219835 0.337122 -0.794477
v -0.15925 0.310693 -0.846786
v -0.082193 0.278809 -0.910095
v -0.074473 0.275182 -0.916188
v -0.101125 0.286179 -0.89456
v -0.205193 0.330018 -0.807543
v -0.398017 0.485239 -0.264926
v -0.394306 0.492259 -0.267708
v -0.394684 0.482971 -0.305628
v -0.391008 0.449472 -0.428994
v -0.394 0.443092 -0.425601
v -0.362708 0.49644 -0.234809
v -0.359236 0.49992 -0.236736
v -0.35263 0.513608 -0.160415
v -0.337401 0.522772 0.024301
v -0.348729 0.513933 -0.017412
v -0.361663 0.502382 -0.109121
v -0.352157 0.51291 -0.065439
v -0.359968 0.50557 -0.15648
v -0.363725 0.499252 -0.195873
v -0.366148 0.492402 -0.232659
v -0.33017 0.51623 0.135798
v -0.316061 0.521067 0.196611
v -0.319049 0.51735 0.197899
v -0.321572 0.513736 0.19906
v -0.343739 0.509992 0.071808
v -0.333428 0.517675 0.105078
v -0.321582 0.521952 0.156835
v -0.009358 0.541084 -0.248747
v -0.009389 0.579718 -0.090167
v -0.009788 0.584499 -0.063413
v -0.009768 0.579508 -0.089991
v -0.009706 0.531 -0.283031
v -0.009707 0.520024 -0.318899
v -0.009359 0.520272 -0.319008
v -0.028334 0.246457 -0.921503
v -0.028523 0.265389 -0.93521
v -0.025561 0.266701 -0.933171
v -0.025373 0.247611 -0.919692
v -0.385328 0.439569 -0.214599
v -0.384243 0.424524 -0.285245
v -0.383937 0.424951 -0.28538
v -0.384 0.44686 -0.179205
v -0.382112 0.453577 -0.140621
v -0.35705 0.338511 -0.622991
v -0.356863 0.338922 -0.623619
v -0.356704 0.33903 -0.623072
v -0.356914 0.338602 -0.622472
v -0.347142 0.518629 0.206911
v -0.347789 0.519109 0.206997
v -0.347971 0.518803 0.206989
v -0.34736 0.518307 0.206904
v -0.328449 0.50515 0.202909
v -0.327794 0.504758 0.202729
v -0.327606 0.504997 0.202734
v -0.020098 0.251758 -0.913086
v -0.017809 0.254971 -0.908006
v -0.017873 0.254294 -0.907514
v -0.020158 0.251092 -0.912576
v -0.33209 0.365419 -0.673097
v -0.328139 0.364735 -0.677481
v -0.328244 0.365248 -0.67581
v -0.3322 0.365932 -0.671477
v -0.32693 0.505302 0.202441
v -0.326803 0.505158 0.202206
v -0.319016 0.517461 0.198447
v -0.319142 0.517624 0.198687
v -0.031916 0.265719 -0.936993
v -0.028666 0.266569 -0.935762
v -0.028576 0.266124 -0.93564
v -0.031843 0.265272 -0.936872
v -0.199008 0.602365 0.141142
v -0.218548 0.597232 0.151333
v -0.218395 0.597012 0.151606
v -0.198866 0.60214 0.141427
v -0.16292 0.610417 0.121924
v -0.134926 0.615744 0.106423
v -0.135025 0.615972 0.106119
v -0.14927 0.613419 0.114016
v -0.016943 0.280039 -0.914979
v -0.019337 0.276373 -0.921078
v -0.013726 0.293743 -0.892863
v -0.011969 0.312063 -0.860532
v -0.010793 0.320935 -0.844133
v -0.013 0.293595 -0.892856
v -0.03488 0.244695 -0.92243
v -0.034916 0.24445 -0.922052
v -0.038561 0.244398 -0.921809
v -0.038551 0.244644 -0.922184
v -0.341258 0.518718 0.026512
v -0.352091 0.509469 -0.015479
v -0.358792 0.503706 -0.06149
v -0.348729 0.513933 -0.017412
v -0.332345 0.365712 -0.67421
v -0.323954 0.363999 -0.683403
v -0.313334 0.360745 -0.694062
v -0.313105 0.360391 -0.693698
v -0.318745 0.362244 -0.688115
v -0.323747 0.363661 -0.683003
v -0.332152 0.365386 -0.673839
v -0.335596 0.365719 -0.669735
v -0.338576 0.365701 -0.665891
v -0.338792 0.366006 -0.666183
v -0.039509 0.265165 -0.937304
v -0.039466 0.264718 -0.937181
v -0.043939 0.265131 -0.936077
v -0.043966 0.265576 -0.936203
v -0.323291 0.523975 0.132426
v -0.313853 0.529185 0.15321
v -0.333546 0.522546 0.066411
v -0.321902 0.529164 0.099108
v -0.337401 0.522772 0.024301
v -0.325204 0.530077 0.061725
v -0.304698 0.53601 0.148957
v -0.31504 0.531202 0.128344
v -0.299727 0.534972 0.190609
v -0.308753 0.528165 0.19378
v -0.020683 0.272383 -0.9266
v -0.016633 0.279757 -0.914952
v -0.016451 0.279348 -0.91478
v -0.01837 0.275343 -0.921113
v -0.02054 0.271953 -0.926454
v -0.369064 0.382885 -0.636057
v -0.381596 0.344338 -0.599903
v -0.381857 0.34447 -0.599363
v -0.372113 0.378837 -0.629606
v -0.369307 0.383209 -0.635598
v -0.360664 0.459462 -0.390165
v -0.361289 0.471246 -0.349746
v -0.363433 0.457179 -0.388521
v -0.35822 0.424135 -0.496535
v -0.347119 0.386892 -0.606183
v -0.346519 0.391968 -0.596711
v -0.380704 0.342682 -0.599621
v -0.380614 0.342802 -0.600138
v -0.373402 0.341358 -0.60713
v -0.376886 0.341917 -0.603248
v -0.347738 0.517994 0.206251
v -0.348362 0.518547 0.206362
v -0.370398 0.506412 0.115816
v -0.391645 0.486393 -0.004124
v -0.409025 0.452338 -0.178944
v -0.40942 0.444367 -0.214866
v -0.408243 0.451981 -0.178913
v -0.39092 0.485947 -0.004166
v -0.363102 0.510168 0.14508
v -0.368412 0.505152 0.11554
v -0.361818 0.509373 0.14487
v -0.366266 0.503982 0.115216
v -0.359708 0.50814 0.144517
v -0.363191 0.502314 0.114753
v -0.356684 0.506382 0.144009
v -0.359591 0.500359 0.114208
v -0.353141 0.504324 0.143415
v -0.355991 0.498406 0.113665
v -0.349601 0.502266 0.142822
v -0.352917 0.49674 0.1132
v -0.346577 0.500509 0.142314
v -0.350768 0.495579 0.112875
v -0.339255 0.50197 0.164541
v -0.343143 0.498562 0.141732
v -0.328749 0.504873 0.202252
v -0.323747 0.363661 -0.683003
v -0.318745 0.362244 -0.688115
v -0.312953 0.360336 -0.693036
v -0.318628 0.362236 -0.687372
v -0.323658 0.363681 -0.682226
v -0.009506 0.624081 0.038827
v -0.00932 0.624075 0.03843
v -0.009506 0.624468 0.038505
v -0.009506 0.624081 0.038827
v -0.009506 0.624468 0.038505
v -0.009593 0.624397 0.038806
v -0.356117 0.343495 -0.628028
v -0.355027 0.346156 -0.630683
v -0.356863 0.338922 -0.623619
v -0.357227 0.338919 -0.623633
v -0.387776 0.395068 -0.5379
v -0.376703 0.368959 -0.617735
v -0.382063 0.344679 -0.598545
v -0.409838 0.430374 -0.287043
v -0.410687 0.438961 -0.250581
v -0.410346 0.441048 -0.251142
v -0.409544 0.432418 -0.287661
v -0.406999 0.446875 -0.292103
v -0.405659 0.436935 -0.331767
v -0.404273 0.443817 -0.334268
v -0.327314 0.504798 0.202581
v -0.327212 0.504659 0.202371
v -0.326803 0.505158 0.202206
v -0.32693 0.505302 0.202441
v -0.367229 0.526769 -0.242441
v -0.355232 0.546071 -0.119876
v -0.348632 0.551274 -0.07361
v -0.343646 0.554222 -0.07548
v -0.356008 0.543099 -0.165353
v -0.362896 0.52933 -0.243723
v -0.343475 0.364893 -0.656444
v -0.345605 0.363432 -0.652587
v -0.345545 0.362971 -0.653964
v -0.343409 0.36442 -0.657849
v -0.36605 0.386982 -0.641763
v -0.369307 0.383209 -0.635598
v -0.372113 0.378837 -0.629606
v -0.372319 0.379171 -0.628868
v -0.369508 0.383572 -0.634838
v -0.366247 0.387372 -0.64097
v -0.010574 0.624603 0.039414
v -0.010566 0.624807 0.039081
v -0.065598 0.623646 0.067915
v -0.091993 0.621573 0.082321
v -0.12056 0.618187 0.0981
v -0.135025 0.615972 0.106119
v -0.134926 0.615744 0.106423
v -0.091933 0.621343 0.082635
v -0.065564 0.623415 0.068235
v -0.348353 0.519012 0.206862
v -0.348136 0.518654 0.206851
v -0.347971 0.518803 0.206989
v -0.348353 0.519012 0.206862
v -0.347971 0.518803 0.206989
v -0.34819 0.519044 0.206982
v -0.356917 0.384852 -0.56996
v -0.370505 0.431253 -0.419454
v -0.37199 0.426295 -0.416781
v -0.37601 0.447784 -0.336294
v -0.377455 0.442288 -0.33389
v -0.378692 0.451951 -0.294458
v -0.380053 0.44605 -0.292286
v -0.380606 0.454255 -0.255708
v -0.38464 0.433809 -0.249671
v -0.383663 0.425892 -0.285678
v -0.383937 0.424951 -0.28538
v -0.35876 0.34429 -0.595367
v -0.358054 0.342253 -0.604908
v -0.356704 0.33903 -0.623072
v -0.353926 0.349285 -0.633395
v -0.353966 0.349665 -0.631983
v -0.352759 0.352843 -0.635726
v -0.354227 0.357388 -0.621498
v -0.352025 0.358438 -0.632553
v -0.358412 0.380863 -0.56592
v -0.382583 0.453447 -0.140555
v -0.384801 0.446298 -0.179033
v -0.385328 0.439569 -0.214599
v -0.382112 0.453577 -0.140621
v -0.379047 0.461185 -0.097719
v -0.288103 0.349503 -0.717891
v -0.298489 0.354699 -0.708366
v -0.275915 0.343626 -0.730151
v -0.261694 0.335971 -0.743448
v -0.341627 0.39508 -0.676092
v -0.345839 0.395491 -0.671061
v -0.345994 0.396003 -0.669944
v -0.341758 0.395608 -0.674897
v -0.331855 0.391971 -0.686793
v -0.337052 0.393918 -0.681234
v -0.337135 0.39445 -0.680003
v -0.331856 0.39247 -0.685632
v -0.02542 0.246967 -0.919151
v -0.022678 0.248677 -0.916421
v -0.022796 0.248406 -0.91608
v -0.025522 0.246706 -0.918795
v -0.362762 0.391104 -0.645662
v -0.379045 0.438258 -0.507137
v -0.374989 0.44208 -0.510212
v -0.358505 0.392914 -0.653313
v -0.362535 0.390492 -0.647174
v -0.348239 0.520098 0.206169
v -0.348578 0.519388 0.206332
v -0.34833 0.519408 0.206824
v -0.347989 0.520092 0.206676
v -0.348933 0.519288 0.205225
v -0.348947 0.518835 0.205278
v -0.348593 0.518949 0.206382
v -0.348578 0.519388 0.206332
v -0.009428 0.595387 0.011058
v -0.009416 0.591658 -0.019254
v -0.009184 0.589041 -0.039996
v -0.009192 0.595787 0.010914
v -0.009242 0.598014 0.037533
v -0.009473 0.597605 0.037638
v -0.010566 0.624807 0.039081
v -0.009851 0.624682 0.038697
v -0.009815 0.624703 0.037827
v -0.010556 0.624843 0.038206
v -0.302556 0.564444 0.189264
v -0.314673 0.556276 0.193306
v -0.314438 0.556216 0.193867
v -0.302319 0.564384 0.189853
v -0.036064 0.266725 -0.936261
v -0.032692 0.267187 -0.935739
v -0.032278 0.266539 -0.936513
v -0.035773 0.266065 -0.937044
v -0.039662 0.265993 -0.936827
v -0.039826 0.266653 -0.936054
v -0.357487 0.338364 -0.622412
v -0.358237 0.33844 -0.621782
v -0.358147 0.338593 -0.622394
v -0.357386 0.338496 -0.622979
v -0.338593 0.366232 -0.663737
v -0.341173 0.365802 -0.66011
v -0.341098 0.365319 -0.661551
v -0.338506 0.365739 -0.665228
v -0.357526 0.494205 -0.274541
v -0.354631 0.495943 -0.275648
v -0.352948 0.504592 -0.239357
v -0.350128 0.512145 -0.202386
v -0.353213 0.510071 -0.201332
v -0.355931 0.502672 -0.238287
v -0.348016 0.361102 -0.650462
v -0.343774 0.364641 -0.658637
v -0.343507 0.364372 -0.658439
v -0.345656 0.362919 -0.654525
v -0.347704 0.360879 -0.65034
v -0.365942 0.537838 -0.116085
v -0.355232 0.546071 -0.119876
v -0.367229 0.526769 -0.242441
v -0.372269 0.523131 -0.240711
v -0.377731 0.518514 -0.238607
v -0.373877 0.469263 -0.052217
v -0.368702 0.476946 -0.006182
v -0.374348 0.469185 -0.05214
v -0.379047 0.461185 -0.097719
v -0.382112 0.453577 -0.140621
v -0.043892 0.264399 -0.935639
v -0.042664 0.245016 -0.921149
v -0.047347 0.245883 -0.919211
v -0.048887 0.265363 -0.933548
v -0.381362 0.343041 -0.599403
v -0.381461 0.342937 -0.598929
v -0.38179 0.343207 -0.598706
v -0.381362 0.343041 -0.599403
v -0.38179 0.343207 -0.598706
v -0.381652 0.34321 -0.599111
v -0.009842 0.610399 -0.067515
v -0.009815 0.624703 0.037827
v -0.009435 0.624459 0.037632
v -0.009425 0.610137 -0.067629
v -0.023293 0.270124 -0.930665
v -0.025915 0.268242 -0.933647
v -0.028823 0.266938 -0.935672
v -0.029122 0.267372 -0.935306
v -0.023704 0.270511 -0.930366
v -0.111694 0.323823 -0.752732
v -0.086459 0.325249 -0.755733
v -0.108235 0.351171 -0.687416
v -0.132218 0.34135 -0.705482
v -0.126752 0.364606 -0.647105
v -0.149957 0.355318 -0.665547
v -0.144868 0.377506 -0.607904
v -0.164846 0.37858 -0.600078
v -0.162844 0.389958 -0.570447
v -0.182504 0.390645 -0.564894
v -0.174717 0.467185 -0.366648
v -0.19566 0.453132 -0.39977
v -0.190074 0.504393 -0.25664
v -0.250735 0.503487 -0.249884
v -0.268376 0.514171 -0.211059
v -0.328976 0.515193 -0.205229
v -0.332768 0.506835 -0.241938
v -0.342721 0.507047 -0.240971
v -0.346679 0.475876 -0.353807
v -0.348418 0.487606 -0.314346
v -0.344345 0.418785 -0.528167
v -0.338162 0.398014 -0.588842
v -0.319246 0.365959 -0.676704
v -0.310479 0.362953 -0.68345
v -0.331628 0.388117 -0.617018
v -0.346743 0.463284 -0.393737
v -0.342973 0.450291 -0.432663
v -0.34324 0.475624 -0.354051
v -0.337568 0.462354 -0.394016
v -0.337373 0.475038 -0.354417
v -0.328124 0.461274 -0.394211
v -0.313792 0.472501 -0.355827
v -0.314219 0.459706 -0.394485
v -0.296164 0.470728 -0.356894
v -0.296957 0.44502 -0.431885
v -0.277015 0.456033 -0.395384
v -0.277723 0.41931 -0.498102
v -0.257515 0.429031 -0.465873
v -0.259082 0.397003 -0.554438
v -0.240091 0.394762 -0.555738
v -0.213628 0.357615 -0.659615
v -0.232028 0.361807 -0.651452
v -0.211394 0.317281 -0.772773
v -0.228496 0.322245 -0.764237
v -0.214053 0.315631 -0.77765
v -0.229918 0.321399 -0.767235
v -0.215593 0.314664 -0.780512
v -0.23075 0.320949 -0.768977
v -0.216445 0.314118 -0.782126
v -0.231284 0.320674 -0.77009
v -0.21698 0.31378 -0.783147
v -0.20291 0.30733 -0.795518
v -0.075202 0.273159 -0.868545
v -0.08456 0.278802 -0.856214
v -0.067555 0.274522 -0.866528
v -0.097939 0.296665 -0.816455
v -0.074771 0.290247 -0.833094
v -0.034916 0.24445 -0.922052
v -0.034994 0.244431 -0.921693
v -0.0386 0.24438 -0.921453
v -0.038561 0.244398 -0.921809
v -0.335534 0.365754 -0.66903
v -0.338506 0.365739 -0.665228
v -0.338576 0.365701 -0.665891
v -0.335596 0.365719 -0.669735
v -0.369331 0.340846 -0.61155
v -0.365354 0.340035 -0.615431
v -0.362047 0.33915 -0.618134
v -0.365444 0.33981 -0.614843
v -0.34065 0.514349 0.070195
v -0.35516 0.504805 -0.013731
v -0.344806 0.514488 0.028491
v -0.329912 0.521652 0.10329
v -0.038551 0.244644 -0.922184
v -0.038561 0.244398 -0.921809
v -0.042649 0.244768 -0.920778
v -0.042664 0.245016 -0.921149
v -0.028666 0.266569 -0.935762
v -0.025727 0.267882 -0.933725
v -0.025621 0.267439 -0.933597
v -0.028576 0.266124 -0.93564
v -0.369508 0.383572 -0.634838
v -0.372319 0.379171 -0.628868
v -0.374708 0.374268 -0.623139
v -0.385835 0.40113 -0.542667
v -0.396451 0.436347 -0.422175
v -0.394 0.443092 -0.425601
v -0.391008 0.449472 -0.428994
v -0.388691 0.438441 -0.466899
v -0.358147 0.338593 -0.622394
v -0.36196 0.339343 -0.618741
v -0.365212 0.340615 -0.616116
v -0.361822 0.339867 -0.619421
v -0.358007 0.339045 -0.62306
v -0.381677 0.343519 -0.599322
v -0.381652 0.34321 -0.599111
v -0.38179 0.343207 -0.598706
v -0.381911 0.343615 -0.598818
v -0.343409 0.36442 -0.657849
v -0.345545 0.362971 -0.653964
v -0.345656 0.362919 -0.654525
v -0.343507 0.364372 -0.658439
v -0.384248 0.497737 0.039684
v -0.391104 0.490081 -0.004782
v -0.383093 0.500397 0.039084
v -0.390005 0.492951 -0.005397
v -0.381372 0.504287 0.038197
v -0.394634 0.489274 -0.052854
v -0.386189 0.502411 -0.007494
v -0.398027 0.487071 -0.100356
v -0.390026 0.501291 -0.055551
v -0.400083 0.486234 -0.145578
v -0.392774 0.500854 -0.103632
v -0.400724 0.486231 -0.186986
v -0.397784 0.493644 -0.189156
v -0.401114 0.477922 -0.262215
v -0.403679 0.470424 -0.259643
v -0.402778 0.478624 -0.223688
v -0.40507 0.471078 -0.221519
v -0.403209 0.478734 -0.184994
v -0.405255 0.471562 -0.183234
v -0.402311 0.479203 -0.143946
v -0.404088 0.472951 -0.142578
v -0.399951 0.481069 -0.099069
v -0.405416 0.467952 -0.141522
v -0.401395 0.476271 -0.098076
v -0.406303 0.464533 -0.140807
v -0.397218 0.481669 -0.05127
v -0.402908 0.470986 -0.096998
v -0.391734 0.488323 -0.004412
v -0.358007 0.339045 -0.62306
v -0.356152 0.346555 -0.630221
v -0.354422 0.349317 -0.633965
v -0.356117 0.343495 -0.628028
v -0.357227 0.338919 -0.623633
v -0.380527 0.343156 -0.600611
v -0.376705 0.342348 -0.604358
v -0.373402 0.341358 -0.60713
v -0.380614 0.342802 -0.600138
v -0.028334 0.246457 -0.921503
v -0.025373 0.247611 -0.919692
v -0.02542 0.246967 -0.919151
v -0.028372 0.245821 -0.920948
v -0.345698 0.39505 -0.671598
v -0.34151 0.394636 -0.676656
v -0.336962 0.393478 -0.68181
v -0.336769 0.392899 -0.682133
v -0.345472 0.394471 -0.671913
v -0.023075 0.269779 -0.930723
v -0.020683 0.272383 -0.9266
v -0.02054 0.271953 -0.926454
v -0.022951 0.269341 -0.930588
v -0.113451 0.511809 -0.268173
v -0.166432 0.528688 -0.186726
v -0.185632 0.527172 -0.183614
v -0.1686 0.517412 -0.223143
v -0.207749 0.515076 -0.21776
v -0.190074 0.504393 -0.25664
v -0.19566 0.453132 -0.39977
v -0.174717 0.467185 -0.366648
v -0.182504 0.390645 -0.564894
v -0.162844 0.389958 -0.570447
v -0.164846 0.37858 -0.600078
v -0.144868 0.377506 -0.607904
v -0.149957 0.355318 -0.665547
v -0.126752 0.364606 -0.647105
v -0.132218 0.34135 -0.705482
v -0.108235 0.351171 -0.687416
v -0.086459 0.325249 -0.755733
v -0.067276 0.326626 -0.759191
v -0.088412 0.337989 -0.726281
v -0.068944 0.338802 -0.732179
v -0.087913 0.35082 -0.696533
v -0.06899 0.351334 -0.704141
v -0.095348 0.514791 -0.271073
v -0.0941 0.526458 -0.235635
v -0.11201 0.52365 -0.232577
v -0.357386 0.338496 -0.622979
v -0.358147 0.338593 -0.622394
v -0.358007 0.339045 -0.62306
v -0.357227 0.338919 -0.623633
v -0.325263 0.547436 0.197074
v -0.334135 0.53838 0.200454
v -0.333889 0.538336 0.200976
v -0.325023 0.547381 0.197611
v -0.044012 0.266397 -0.935744
v -0.039662 0.265993 -0.936827
v -0.035773 0.266065 -0.937044
v -0.035605 0.265614 -0.93743
v -0.039565 0.265542 -0.937208
v -0.043988 0.26595 -0.936113
v -0.34369 0.383938 -0.619287
v -0.346519 0.391968 -0.596711
v -0.347119 0.386892 -0.606183
v -0.341173 0.365802 -0.66011
v -0.338593 0.366232 -0.663737
v -0.048934 0.266911 -0.934029
v -0.054452 0.268471 -0.930888
v -0.054349 0.2689 -0.930555
v -0.044012 0.266397 -0.935744
v -0.043988 0.26595 -0.936113
v -0.355483 0.462291 -0.392379
v -0.354631 0.495943 -0.275648
v -0.357526 0.494205 -0.274541
v -0.358388 0.473217 -0.351216
v -0.052642 0.24703 -0.915947
v -0.047308 0.245631 -0.918849
v -0.042649 0.244768 -0.920778
v -0.042649 0.244747 -0.92043
v -0.047272 0.245604 -0.918513
v -0.052574 0.246997 -0.915623
v -0.012839 0.266454 -0.887199
v -0.010864 0.275934 -0.871157
v -0.009599 0.297912 -0.831683
v -0.009374 0.412161 -0.598611
v -0.009742 0.428308 -0.561444
v -0.009989 0.297705 -0.831555
v -0.012077 0.27079 -0.879527
v -0.016318 0.257682 -0.900951
v -0.016012 0.257805 -0.901167
v -0.352016 0.497022 -0.276347
v -0.350243 0.505805 -0.240029
v -0.352948 0.504592 -0.239357
v -0.354631 0.495943 -0.275648
v -0.355483 0.462291 -0.392379
v -0.352559 0.450453 -0.431985
v -0.353176 0.462955 -0.392981
v -0.01225 0.292248 -0.892145
v -0.011438 0.272052 -0.880328
v -0.014026 0.263068 -0.895113
v -0.014686 0.283012 -0.907325
v -0.35705 0.338511 -0.622991
v -0.357386 0.338496 -0.622979
v -0.357227 0.338919 -0.623633
v -0.356863 0.338922 -0.623619
v -0.010585 0.277024 -0.871802
v -0.009073 0.34402 -0.746108
v -0.009065 0.413344 -0.599139
v -0.009065 0.463237 -0.48156
v -0.009062 0.521495 -0.319427
v -0.009062 0.542309 -0.249137
v -0.009065 0.574848 -0.11948
v -0.009068 0.585921 -0.063933
v -0.009073 0.597609 0.020728
v -0.009122 0.598867 0.037486
v -0.009242 0.598014 0.037533
v -0.009192 0.595787 0.010914
v -0.009184 0.589041 -0.039996
v -0.009176 0.580122 -0.090318
v -0.009163 0.541497 -0.248892
v -0.009163 0.520688 -0.319158
v -0.00917 0.445708 -0.522441
v -0.00917 0.412567 -0.598794
v -0.009181 0.343261 -0.74573
v -0.009641 0.28939 -0.848085
v -0.011518 0.271329 -0.879896
v -0.011438 0.272052 -0.880328
v -0.009435 0.624459 0.037632
v -0.009506 0.624468 0.038505
v -0.00932 0.624075 0.03843
v -0.009224 0.624025 0.037531
v -0.012614 0.293367 -0.892764
v -0.013661 0.28872 -0.900503
v -0.015004 0.284148 -0.907932
v -0.016943 0.280039 -0.914979
v -0.013 0.293595 -0.892856
v -0.335534 0.365754 -0.66903
v -0.33209 0.365419 -0.673097
v -0.3322 0.365932 -0.671477
v -0.335633 0.366258 -0.667479
v -0.031583 0.244851 -0.921623
v -0.0317 0.244831 -0.921264
v -0.034994 0.244431 -0.921693
v -0.034916 0.24445 -0.922052
v -0.349154 0.54039 -0.2081
v -0.344219 0.547421 -0.168264
v -0.337673 0.553859 -0.125339
v -0.26025 0.585117 0.063231
v -0.270755 0.580885 0.030583
v -0.211788 0.59908 0.096586
v -0.199887 0.601748 0.090463
v -0.195803 0.603558 0.106834
v -0.183225 0.606354 0.100158
v -0.180568 0.607351 0.111451
v -0.153081 0.61296 0.096552
v -0.151538 0.613397 0.103951
v -0.107654 0.620025 0.07992
v -0.110094 0.618502 0.061671
v -0.114419 0.613269 0.025749
v -0.130442 0.611343 0.033099
v -0.150338 0.604716 0.014428
v -0.16651 0.602403 0.021231
v -0.209012 0.585907 -0.0318
v -0.197231 0.597461 0.034374
v -0.248556 0.574902 -0.059247
v -0.255989 0.579672 -0.015725
v -0.264721 0.573196 -0.054674
v -0.269663 0.577708 -0.010779
v -0.288413 0.564758 -0.091884
v -0.291926 0.570117 -0.046602
v -0.381362 0.343041 -0.599403
v -0.381652 0.34321 -0.599111
v -0.381677 0.343519 -0.599322
v -0.381302 0.343375 -0.599805
v -0.376703 0.368959 -0.617735
v -0.387776 0.395068 -0.5379
v -0.385835 0.40113 -0.542667
v -0.374708 0.374268 -0.623139
v -0.374348 0.469185 -0.05214
v -0.369515 0.477154 -0.006087
v -0.375171 0.469356 -0.052062
v -0.379878 0.461322 -0.097658
v -0.382583 0.453447 -0.140555
v -0.379047 0.461185 -0.097719
v -0.029122 0.267372 -0.935306
v -0.032278 0.266539 -0.936513
v -0.032692 0.267187 -0.935739
v -0.036064 0.266725 -0.936261
v -0.041425 0.275406 -0.92406
v -0.019468 0.299064 -0.883883
v -0.016414 0.298966 -0.884028
v -0.011969 0.312063 -0.860532
v -0.013726 0.293743 -0.892863
v -0.019337 0.276373 -0.921078
v -0.021398 0.273061 -0.926318
v -0.023704 0.270511 -0.930366
v -0.357191 0.338391 -0.62258
v -0.35705 0.338511 -0.622991
v -0.356914 0.338602 -0.622472
v -0.357154 0.33844 -0.622049
v -0.054494 0.268107 -0.930962
v -0.060605 0.270204 -0.926852
v -0.060538 0.270565 -0.926784
v -0.054452 0.268471 -0.930888
v -0.048934 0.266911 -0.934029
v -0.048944 0.266542 -0.934112
v -0.357191 0.338391 -0.62258
v -0.357154 0.33844 -0.622049
v -0.357535 0.338391 -0.621656
v -0.357191 0.338391 -0.62258
v -0.357535 0.338391 -0.621656
v -0.357487 0.338364 -0.622412
v -0.010566 0.624807 0.039081
v -0.010556 0.624843 0.038206
v -0.02144 0.625075 0.043681
v -0.092104 0.621681 0.081514
v -0.120716 0.618295 0.097302
v -0.12056 0.618187 0.0981
v -0.091993 0.621573 0.082321
v -0.065598 0.623646 0.067915
v -0.141697 0.281086 -0.847464
v -0.174155 0.294378 -0.82112
v -0.189315 0.300895 -0.808922
v -0.158239 0.287847 -0.834491
v -0.126002 0.274833 -0.860424
v -0.111485 0.269041 -0.871584
v -0.017809 0.254971 -0.908006
v -0.014026 0.263068 -0.895113
v -0.014099 0.262365 -0.894656
v -0.017873 0.254294 -0.907514
v -0.35263 0.513608 -0.160415
v -0.349106 0.516647 -0.161961
v -0.343442 0.5226 -0.119076
v -0.325204 0.530077 0.061725
v -0.337401 0.522772 0.024301
v -0.334094 0.522307 -0.165312
v -0.335276 0.515201 -0.204581
v -0.322486 0.529531 -0.12449
v -0.318339 0.535137 -0.080091
v -0.048934 0.266911 -0.934029
v -0.043988 0.26595 -0.936113
v -0.043966 0.265576 -0.936203
v -0.048944 0.266542 -0.934112
v -0.042664 0.245016 -0.921149
v -0.043892 0.264399 -0.935639
v -0.039422 0.263988 -0.936743
v -0.038567 0.245269 -0.922749
v -0.038551 0.244644 -0.922184
v -0.060538 0.270565 -0.926784
v -0.060605 0.270204 -0.926852
v -0.082193 0.278809 -0.910095
v -0.15925 0.310693 -0.846786
v -0.175162 0.317776 -0.833271
v -0.159112 0.311017 -0.84672
v -0.158239 0.287847 -0.834491
v -0.174374 0.294817 -0.821673
v -0.1261 0.275137 -0.860721
v -0.065345 0.2515 -0.90789
v -0.065258 0.251229 -0.907559
v -0.126002 0.274833 -0.860424
v -0.327794 0.504758 0.202729
v -0.327894 0.504601 0.202579
v -0.32752 0.504519 0.202465
v -0.327794 0.504758 0.202729
v -0.32752 0.504519 0.202465
v -0.32752 0.504642 0.202618
v -0.275525 0.343051 -0.729561
v -0.298054 0.354169 -0.70761
v -0.306433 0.35785 -0.700181
v -0.288103 0.349503 -0.717891
v -0.313334 0.360745 -0.694062
v -0.298489 0.354699 -0.708366
v -0.288103 0.349503 -0.717891
v -0.306433 0.35785 -0.700181
v -0.313105 0.360391 -0.693698
v -0.348188 0.494559 0.112429
v -0.35464 0.490089 0.077484
v -0.34155 0.498369 0.141363
v -0.327273 0.504546 0.20185
v -0.327615 0.504399 0.201966
v -0.333332 0.553943 0.099268
v -0.327529 0.558115 0.096841
v -0.335748 0.555442 0.061732
v -0.329973 0.559383 0.059277
v -0.338441 0.556162 0.019144
v -0.332855 0.559722 0.016744
v -0.348632 0.551274 -0.07361
v -0.355232 0.546071 -0.119876
v -0.365942 0.537838 -0.116085
v -0.355187 0.54264 0.026076
v -0.325613 0.553537 0.15384
v -0.336989 0.547257 0.133216
v -0.320562 0.551872 0.194055
v -0.309128 0.560429 0.19009
v -0.380614 0.342802 -0.600138
v -0.381362 0.343041 -0.599403
v -0.381302 0.343375 -0.599805
v -0.380527 0.343156 -0.600611
v -0.341173 0.365802 -0.66011
v -0.347119 0.386892 -0.606183
v -0.35822 0.424135 -0.496535
v -0.360238 0.421975 -0.49497
v -0.343475 0.364893 -0.656444
v -0.347989 0.520092 0.206676
v -0.34833 0.519408 0.206824
v -0.348104 0.519335 0.20697
v -0.347746 0.519988 0.206836
v -0.261991 0.554824 0.175669
v -0.311839 0.540779 0.010611
v -0.342877 0.520319 -0.163833
v -0.34001 0.521267 -0.164373
v -0.325766 0.533292 -0.077871
v -0.33044 0.528391 -0.122777
v -0.303128 0.543955 0.006924
v -0.308579 0.540614 -0.036725
v -0.287755 0.549313 0.042765
v -0.292408 0.546751 0.002247
v -0.27079 0.554639 0.072666
v -0.273806 0.552903 0.036078
v -0.262838 0.556839 0.068559
v -0.253772 0.55911 0.06405
v -0.197798 0.575704 0.123679
v -0.207666 0.573105 0.129024
v -0.205412 0.573547 0.135939
v -0.21462 0.570939 0.140943
v -0.211884 0.571297 0.149223
v -0.157847 0.287827 -0.833865
v -0.174155 0.294378 -0.82112
v -0.141697 0.281086 -0.847464
v -0.12559 0.274863 -0.85979
v -0.141436 0.28119 -0.847107
v -0.381857 0.34447 -0.599363
v -0.381911 0.343615 -0.598818
v -0.382106 0.343789 -0.598007
v -0.382063 0.344679 -0.598545
v -0.364619 0.497505 -0.107267
v -0.372587 0.484885 -0.189743
v -0.369998 0.489895 -0.191697
v -0.367049 0.494679 -0.193748
v -0.363725 0.499252 -0.195873
v -0.359968 0.50557 -0.15648
v -0.352157 0.51291 -0.065439
v -0.361663 0.502382 -0.109121
v -0.348729 0.513933 -0.017412
v -0.358792 0.503706 -0.06149
v -0.352091 0.509469 -0.015479
v -0.344806 0.514488 0.028491
v -0.35516 0.504805 -0.013731
v -0.37175 0.485929 -0.148772
v -0.039466 0.264718 -0.937181
v -0.039422 0.263988 -0.936743
v -0.043892 0.264399 -0.935639
v -0.043939 0.265131 -0.936077
v -0.009549 0.597738 0.038461
v -0.009347 0.598113 0.038386
v -0.009549 0.598175 0.038767
v -0.009549 0.597738 0.038461
v -0.009549 0.598175 0.038767
v -0.009645 0.597857 0.038749
v -0.010696 0.59734 0.038226
v -0.03536 0.598346 0.050638
v -0.035345 0.597705 0.034522
v -0.03524 0.595246 0.010929
v -0.027892 0.595102 0.007132
v -0.027707 0.592691 -0.010467
v -0.027486 0.589341 -0.031847
v -0.02163 0.5892 -0.0344
v -0.021389 0.584994 -0.058794
v -0.017036 0.584832 -0.060501
v -0.016844 0.579691 -0.087486
v -0.011774 0.579453 -0.089259
v -0.011845 0.584486 -0.062568
v -0.010532 0.584434 -0.063098
v -0.042664 0.245016 -0.921149
v -0.042649 0.244768 -0.920778
v -0.047308 0.245631 -0.918849
v -0.047347 0.245883 -0.919211
v -0.038561 0.244398 -0.921809
v -0.0386 0.24438 -0.921453
v -0.042649 0.244747 -0.92043
v -0.042649 0.244768 -0.920778
v -0.261694 0.335971 -0.743448
v -0.21764 0.313737 -0.784493
v -0.189315 0.300895 -0.808922
v -0.174155 0.294378 -0.82112
v -0.203477 0.307086 -0.796517
v -0.231829 0.32055 -0.771239
v -0.275525 0.343051 -0.729561
v -0.288103 0.349503 -0.717891
v -0.275525 0.343051 -0.729561
v -0.231829 0.32055 -0.771239
v -0.217319 0.313603 -0.783804
v -0.231623 0.320539 -0.770802
v -0.30625 0.357742 -0.699623
v -0.298054 0.354169 -0.70761
v -0.315982 0.538797 0.012438
v -0.311839 0.540779 0.010611
v -0.261991 0.554824 0.175669
v -0.267824 0.552514 0.178512
v -0.278421 0.547638 0.183118
v -0.278781 0.5475 0.181807
v -0.273567 0.550032 0.179623
v -0.010049 0.331095 -0.824864
v -0.010793 0.320935 -0.844133
v -0.009994 0.366267 -0.757194
v -0.009934 0.43597 -0.609099
v -0.009476 0.452295 -0.571704
v -0.347738 0.517994 0.206251
v -0.328749 0.504873 0.202252
v -0.328581 0.504987 0.202753
v -0.347526 0.518124 0.206752
v -0.016633 0.279757 -0.914952
v -0.015004 0.284148 -0.907932
v -0.013661 0.28872 -0.900503
v -0.013448 0.288331 -0.900308
v -0.014804 0.28375 -0.907748
v -0.016451 0.279348 -0.91478
v -0.035605 0.265614 -0.93743
v -0.032042 0.266092 -0.936896
v -0.031916 0.265719 -0.936993
v -0.035513 0.265237 -0.937529
v -0.372587 0.484885 -0.189743
v -0.374866 0.47959 -0.187881
v -0.377408 0.465852 -0.259793
v -0.375446 0.471076 -0.261945
v -0.374317 0.452883 -0.338721
v -0.372322 0.457551 -0.341136
v -0.369998 0.489895 -0.191697
v -0.347438 0.521322 0.205825
v -0.348239 0.520098 0.206169
v -0.347989 0.520092 0.206676
v -0.333889 0.538336 0.200976
v -0.334135 0.53838 0.200454
v -0.331855 0.391971 -0.686793
v -0.318296 0.385503 -0.700583
v -0.309097 0.380469 -0.709997
v -0.318311 0.385149 -0.700979
v -0.331796 0.391548 -0.687347
v -0.341834 0.552693 -0.124119
v -0.347996 0.546474 -0.1674
v -0.351866 0.545095 -0.16646
v -0.356008 0.543099 -0.165353
v -0.343646 0.554222 -0.07548
v -0.290121 0.571437 0.184941
v -0.284151 0.574372 0.18264
v -0.271663 0.579687 0.177201
v -0.288413 0.564758 -0.091884
v -0.269663 0.577708 -0.010779
v -0.264721 0.573196 -0.054674
v -0.255989 0.579672 -0.015725
v -0.248556 0.574902 -0.059247
v -0.197231 0.597461 0.034374
v -0.209012 0.585907 -0.0318
v -0.16651 0.602403 0.021231
v -0.150338 0.604716 0.014428
v -0.130442 0.611343 0.033099
v -0.114419 0.613269 0.025749
v -0.110094 0.618502 0.061671
v -0.055441 0.62297 0.033235
v -0.056083 0.62121 0.018669
v -0.045016 0.621669 0.013218
v -0.045518 0.618978 -0.005549
v -0.035897 0.619246 -0.009906
v -0.036224 0.61566 -0.032286
v -0.036957 0.605362 -0.086517
v -0.010714 0.556269 -0.290606
v -0.010834 0.502648 -0.448077
v -0.012409 0.502522 -0.447945
v -0.012298 0.532422 -0.365118
v -0.023585 0.531204 -0.364061
v -0.023095 0.555432 -0.289371
v -0.030193 0.554418 -0.288575
v -0.02986 0.564855 -0.253452
v -0.03928 0.563305 -0.252203
v -0.038782 0.573158 -0.217611
v -0.050644 0.571107 -0.215718
v -0.063554 0.578422 -0.178553
v -0.064747 0.568516 -0.21339
v -0.078975 0.575929 -0.175509
v -0.080533 0.565663 -0.210677
v -0.133015 0.557957 -0.200786
v -0.136364 0.534435 -0.2732
v -0.17355 0.530928 -0.26721
v -0.171926 0.54287 -0.230673
v -0.19086 0.54162 -0.227727
v -0.207755 0.551677 -0.187436
v -0.246699 0.550143 -0.181775
v -0.272753 0.565939 -0.095342
v -0.279857 0.557994 -0.136458
v -0.29641 0.557295 -0.133766
v -0.303121 0.549284 -0.174603
v -0.310174 0.556669 -0.131433
v -0.349328 0.532861 -0.246372
v -0.357575 0.501372 -0.361703
v -0.359369 0.512908 -0.320981
v -0.355817 0.531981 -0.245306
v -0.344219 0.547421 -0.168264
v -0.349154 0.54039 -0.2081
v -0.291926 0.570117 -0.046602
v -0.346519 0.391968 -0.596711
v -0.34369 0.383938 -0.619287
v -0.342893 0.388474 -0.610361
v -0.344489 0.392656 -0.598397
v -0.358388 0.473217 -0.351216
v -0.360664 0.459462 -0.390165
v -0.350111 0.395673 -0.664806
v -0.368776 0.458866 -0.480633
v -0.37042 0.496938 -0.359183
v -0.366466 0.499098 -0.360404
v -0.345994 0.396003 -0.669944
v -0.283595 0.367243 -0.734637
v -0.308993 0.379986 -0.710159
v -0.318311 0.385149 -0.700979
v -0.309097 0.380469 -0.709997
v -0.297614 0.374652 -0.721121
v -0.333663 0.538195 0.20115
v -0.347746 0.519988 0.206836
v -0.34739 0.519758 0.206865
v -0.289476 0.570815 0.185868
v -0.2897 0.571186 0.185779
v -0.302134 0.5642 0.190065
v -0.31424 0.556042 0.194065
v -0.376605 0.469834 -0.051957
v -0.373193 0.478611 -0.005748
v -0.378909 0.47067 -0.0518
v -0.376435 0.479941 -0.005457
v -0.382205 0.471876 -0.051578
v -0.380232 0.4815 -0.005117
v -0.386066 0.473289 -0.051317
v -0.38403 0.483058 -0.004775
v -0.389927 0.4747 -0.051056
v -0.387273 0.48439 -0.004484
v -0.393224 0.475908 -0.050834
v -0.389538 0.485326 -0.004283
v -0.395526 0.476758 -0.050679
v -0.39092 0.485947 -0.004166
v -0.408243 0.451981 -0.178913
v -0.407942 0.443989 -0.214829
v -0.406778 0.451558 -0.178907
v -0.405531 0.443461 -0.214791
v -0.404387 0.450958 -0.178914
v -0.40208 0.442717 -0.214739
v -0.400963 0.450109 -0.178928
v -0.398037 0.441846 -0.214677
v -0.396953 0.449115 -0.178943
v -0.393997 0.440974 -0.214616
v -0.392945 0.448122 -0.178958
v -0.390547 0.44023 -0.214563
v -0.389522 0.447273 -0.178971
v -0.388136 0.439717 -0.214527
v -0.384891 0.453916 -0.140462
v -0.385644 0.44637 -0.179
v -0.379878 0.461322 -0.097658
v -0.375171 0.469356 -0.052062
v -0.369515 0.477154 -0.006087
v -0.364512 0.484803 0.038065
v -0.370664 0.506814 0.115822
v -0.348947 0.518835 0.205278
v -0.348933 0.519288 0.205225
v -0.377909 0.501857 0.080553
v -0.377891 0.50136 0.080619
v -0.34151 0.394636 -0.676656
v -0.345698 0.39505 -0.671598
v -0.345839 0.395491 -0.671061
v -0.341627 0.39508 -0.676092
v -0.378226 0.461655 -0.097895
v -0.367866 0.477292 -0.006374
v -0.361853 0.483993 0.037704
v -0.373877 0.469263 -0.052217
v -0.350078 0.519489 0.199779
v -0.348593 0.52001 0.205056
v -0.348239 0.520098 0.206169
v -0.347438 0.521322 0.205825
v -0.347793 0.52124 0.204708
v -0.344325 0.526098 0.203269
v -0.345874 0.525649 0.197997
v -0.343188 0.529327 0.196881
v -0.344859 0.528772 0.190923
v -0.34163 0.533018 0.189571
v -0.354223 0.527862 0.140676
v -0.34484 0.535088 0.161907
v -0.365225 0.525495 0.074439
v -0.353574 0.534724 0.107905
v -0.37667 0.520747 -0.012347
v -0.387001 0.507941 -0.057222
v -0.372965 0.520491 0.034032
v -0.3835 0.508348 -0.008919
v -0.368657 0.520054 0.076036
v -0.379094 0.509166 0.037038
v -0.364125 0.519573 0.112662
v -0.373941 0.510342 0.078562
v -0.359807 0.519162 0.143173
v -0.368416 0.511876 0.114655
v -0.358208 0.515458 0.167763
v -0.028576 0.266124 -0.93564
v -0.025621 0.267439 -0.933597
v -0.025561 0.266701 -0.933171
v -0.028523 0.265389 -0.93521
v -0.36742 0.484683 -0.268748
v -0.370493 0.480472 -0.266439
v -0.369974 0.46176 -0.343508
v -0.366776 0.439665 -0.424316
v -0.364507 0.442909 -0.42636
v -0.009645 0.597857 0.038749
v -0.009955 0.597784 0.038956
v -0.009928 0.597561 0.038656
v -0.009645 0.597857 0.038749
v -0.009928 0.597561 0.038656
v -0.009549 0.597738 0.038461
v -0.06062 0.26976 -0.926721
v -0.054496 0.267661 -0.930831
v -0.048932 0.266097 -0.933984
v -0.048887 0.265363 -0.933548
v -0.054452 0.266925 -0.930402
v -0.060581 0.269017 -0.926298
v -0.328139 0.364735 -0.677481
v -0.323658 0.363681 -0.682226
v -0.323729 0.364173 -0.680555
v -0.328244 0.365248 -0.67581
v -0.351221 0.355539 -0.64119
v -0.347584 0.360936 -0.6498
v -0.347639 0.361383 -0.648438
v -0.351272 0.355953 -0.639827
v -0.020683 0.272383 -0.9266
v -0.023075 0.269779 -0.930723
v -0.023293 0.270124 -0.930665
v -0.02093 0.272712 -0.926565
v -0.009506 0.624468 0.038505
v -0.009851 0.624682 0.038697
v -0.009878 0.624507 0.039013
v -0.009506 0.624468 0.038505
v -0.009878 0.624507 0.039013
v -0.009593 0.624397 0.038806
v -0.054452 0.266925 -0.930402
v -0.048887 0.265363 -0.933548
v -0.047347 0.245883 -0.919211
v -0.0527 0.247288 -0.916299
v -0.229918 0.321399 -0.767235
v -0.245531 0.328345 -0.754853
v -0.23075 0.320949 -0.768977
v -0.215593 0.314664 -0.780512
v -0.347438 0.521322 0.205825
v -0.334135 0.53838 0.200454
v -0.336158 0.538002 0.194008
v -0.331938 0.542548 0.192315
v -0.356939 0.536283 0.070708
v -0.34421 0.544726 0.10384
v -0.360257 0.537416 0.028245
v -0.372568 0.526764 -0.014286
v -0.364926 0.531942 0.03031
v -0.37667 0.520747 -0.012347
v -0.353574 0.534724 0.107905
v -0.365225 0.525495 0.074439
v -0.34484 0.535088 0.161907
v -0.354223 0.527862 0.140676
v -0.34163 0.533018 0.189571
v -0.344859 0.528772 0.190923
v -0.343188 0.529327 0.196881
v -0.345874 0.525649 0.197997
v -0.344325 0.526098 0.203269
v -0.347793 0.52124 0.204708
v -0.350111 0.395673 -0.664806
v -0.349946 0.395179 -0.665838
v -0.354137 0.394171 -0.660194
v -0.35431 0.394642 -0.65924
v -0.328034 0.504483 0.202083
v -0.328749 0.504873 0.202252
v -0.343143 0.498562 0.141732
v -0.348648 0.494586 0.112531
v -0.010569 0.624191 0.039568
v -0.009852 0.624129 0.039139
v -0.009878 0.624507 0.039013
v -0.010574 0.624603 0.039414
v -0.332801 0.53025 -0.075573
v -0.345874 0.518843 -0.163073
v -0.342877 0.520319 -0.163833
v -0.311839 0.540779 0.010611
v -0.315982 0.538797 0.012438
v -0.327894 0.504601 0.202579
v -0.327794 0.504758 0.202729
v -0.328449 0.50515 0.202909
v -0.328581 0.504987 0.202753
v -0.365459 0.386169 -0.642618
v -0.381302 0.343375 -0.599805
v -0.381677 0.343519 -0.599322
v -0.381596 0.344338 -0.599903
v -0.369064 0.382885 -0.636057
v -0.362129 0.3897 -0.648474
v -0.357817 0.391549 -0.655017
v -0.362535 0.390492 -0.647174
v -0.362347 0.390073 -0.648011
v -0.36605 0.386982 -0.641763
v -0.366247 0.387372 -0.64097
v -0.380827 0.342778 -0.598763
v -0.385091 0.351706 -0.565946
v -0.387151 0.354465 -0.557027
v -0.381607 0.343039 -0.598104
v -0.009934 0.43597 -0.609099
v -0.009946 0.452466 -0.571758
v -0.009926 0.518215 -0.405957
v -0.009458 0.532286 -0.365228
v -0.009467 0.51804 -0.405918
v -0.009476 0.452295 -0.571704
v -0.358237 0.33844 -0.621782
v -0.362047 0.33915 -0.618134
v -0.365354 0.340035 -0.615431
v -0.36196 0.339343 -0.618741
v -0.358147 0.338593 -0.622394
v -0.35285 0.352372 -0.637625
v -0.351355 0.35547 -0.641709
v -0.351221 0.355539 -0.64119
v -0.353926 0.349285 -0.633395
v -0.35407 0.349201 -0.633918
v -0.283902 0.574314 0.183261
v -0.283729 0.574119 0.18349
v -0.277691 0.576804 0.18097
v -0.271235 0.579422 0.178071
v -0.271403 0.579622 0.177835
v -0.025621 0.267439 -0.933597
v -0.022951 0.269341 -0.930588
v -0.02288 0.2686 -0.930165
v -0.025561 0.266701 -0.933171
v -0.025727 0.267882 -0.933725
v -0.028666 0.266569 -0.935762
v -0.028823 0.266938 -0.935672
v -0.025915 0.268242 -0.933647
v -0.031522 0.2451 -0.921996
v -0.031583 0.244851 -0.921623
v -0.034916 0.24445 -0.922052
v -0.03488 0.244695 -0.92243
v -0.031498 0.245728 -0.92256
v -0.031522 0.2451 -0.921996
v -0.03488 0.244695 -0.92243
v -0.034874 0.245322 -0.922995
v -0.028372 0.245821 -0.920948
v -0.02542 0.246967 -0.919151
v -0.025522 0.246706 -0.918795
v -0.028456 0.245569 -0.92058
v -0.335596 0.365719 -0.669735
v -0.332152 0.365386 -0.673839
v -0.33209 0.365419 -0.673097
v -0.335534 0.365754 -0.66903
v -0.028456 0.245569 -0.92058
v -0.025522 0.246706 -0.918795
v -0.025708 0.246669 -0.918462
v -0.028607 0.245541 -0.920232
v -0.022678 0.248677 -0.916421
v -0.020158 0.251092 -0.912576
v -0.020291 0.250807 -0.912255
v -0.022796 0.248406 -0.91608
v -0.366466 0.499098 -0.360404
v -0.365824 0.510796 -0.319592
v -0.362372 0.512179 -0.320442
v -0.36314 0.500397 -0.361125
v -0.341758 0.395608 -0.674897
v -0.345994 0.396003 -0.669944
v -0.357154 0.33844 -0.622049
v -0.356914 0.338602 -0.622472
v -0.356935 0.338895 -0.620958
v -0.357203 0.338709 -0.620531
v -0.339619 0.399294 -0.665942
v -0.360244 0.501075 -0.361506
v -0.359369 0.512908 -0.320981
v -0.357575 0.501372 -0.361703
v -0.349328 0.532861 -0.246372
v -0.353687 0.513358 -0.321678
v -0.348593 0.52001 0.205056
v -0.348933 0.519288 0.205225
v -0.348578 0.519388 0.206332
v -0.348239 0.520098 0.206169
v -0.367866 0.477292 -0.006374
v -0.361484 0.484257 0.037591
v -0.35464 0.490089 0.077484
v -0.348188 0.494559 0.112429
v -0.355011 0.489855 0.077598
v -0.361853 0.483993 0.037704
v -0.394844 0.373149 -0.495099
v -0.387151 0.354465 -0.557027
v -0.385091 0.351706 -0.565946
v -0.386359 0.354315 -0.5568
v -0.40942 0.444367 -0.214866
v -0.409025 0.452338 -0.178944
v -0.410277 0.436864 -0.250031
v -0.407693 0.418788 -0.325493
v -0.347526 0.518124 0.206752
v -0.348136 0.518654 0.206851
v -0.348362 0.518547 0.206362
v -0.347738 0.517994 0.206251
v -0.009199 0.555592 -0.290526
v -0.009224 0.624025 0.037531
v -0.009115 0.623158 0.037485
v -0.009074 0.543687 -0.326543
v -0.01082 0.303291 -0.872952
v -0.010967 0.304032 -0.873362
v -0.010492 0.311356 -0.86022
v -0.009209 0.517665 -0.405798
v -0.020158 0.251092 -0.912576
v -0.017873 0.254294 -0.907514
v -0.018023 0.253992 -0.907215
v -0.020291 0.250807 -0.912255
v -0.354137 0.394171 -0.660194
v -0.353954 0.393757 -0.66068
v -0.362129 0.3897 -0.648474
v -0.362347 0.390073 -0.648011
v -0.358324 0.392469 -0.654203
v -0.009852 0.624129 0.039139
v -0.009506 0.624081 0.038827
v -0.009593 0.624397 0.038806
v -0.009878 0.624507 0.039013
v -0.362708 0.49644 -0.234809
v -0.363433 0.457179 -0.388521
v -0.361289 0.471246 -0.349746
v -0.359236 0.49992 -0.236736
v -0.331796 0.391548 -0.687347
v -0.336962 0.393478 -0.68181
v -0.337052 0.393918 -0.681234
v -0.331855 0.391971 -0.686793
v -0.344192 0.397818 -0.58604
v -0.3322 0.365932 -0.671477
v -0.328244 0.365248 -0.67581
v -0.346177 0.410578 -0.550827
v -0.352559 0.450453 -0.431985
v -0.355483 0.462291 -0.392379
v -0.009706 0.531 -0.283031
v -0.009768 0.579508 -0.089991
v -0.010494 0.579429 -0.089715
v -0.010372 0.540723 -0.248501
v -0.027486 0.589341 -0.031847
v -0.027707 0.592691 -0.010467
v -0.035133 0.592744 -0.0069
v -0.026885 0.573224 -0.113883
v -0.026764 0.565862 -0.145535
v -0.020756 0.566232 -0.147
v -0.013409 0.53067 -0.282521
v -0.01154 0.53076 -0.282755
v -0.011545 0.540657 -0.248316
v -0.010369 0.530855 -0.282914
v -0.010372 0.540723 -0.248501
v -0.010494 0.579429 -0.089715
v -0.010532 0.584434 -0.063098
v -0.011845 0.584486 -0.062568
v -0.011774 0.579453 -0.089259
v -0.016844 0.579691 -0.087486
v -0.017036 0.584832 -0.060501
v -0.021389 0.584994 -0.058794
v -0.02163 0.5892 -0.0344
v -0.065345 0.2515 -0.90789
v -0.0527 0.247288 -0.916299
v -0.052642 0.24703 -0.915947
v -0.065258 0.251229 -0.907559
v -0.009851 0.624682 0.038697
v -0.009506 0.624468 0.038505
v -0.009435 0.624459 0.037632
v -0.009815 0.624703 0.037827
v -0.358312 0.338464 -0.620939
v -0.369508 0.340533 -0.610283
v -0.365444 0.33981 -0.614843
v -0.362047 0.33915 -0.618134
v -0.358237 0.33844 -0.621782
v -0.031843 0.265272 -0.936872
v -0.028576 0.266124 -0.93564
v -0.028523 0.265389 -0.93521
v -0.031796 0.264538 -0.936438
v -0.381911 0.343615 -0.598818
v -0.38179 0.343207 -0.598706
v -0.381962 0.343336 -0.597899
v -0.382106 0.343789 -0.598007
v -0.036064 0.266725 -0.936261
v -0.039826 0.266653 -0.936054
v -0.06661 0.274074 -0.920942
v -0.060383 0.270981 -0.926469
v -0.14254 0.30459 -0.859929
v -0.158335 0.311775 -0.845853
v -0.11219 0.292809 -0.88386
v -0.125557 0.299319 -0.871266
v -0.099356 0.288618 -0.892785
v -0.110135 0.2946 -0.881483
v -0.088075 0.285565 -0.899724
v -0.096227 0.291054 -0.889632
v -0.086291 0.286927 -0.898025
v -0.093325 0.292573 -0.887609
v -0.068507 0.281821 -0.909498
v -0.072323 0.286338 -0.901611
v -0.059959 0.280482 -0.913299
v -0.062261 0.284467 -0.906449
v -0.046543 0.274888 -0.924216
v -0.041425 0.275406 -0.92406
v -0.174374 0.294817 -0.821673
v -0.158239 0.287847 -0.834491
v -0.189315 0.300895 -0.808922
v -0.21764 0.313737 -0.784493
v -0.261694 0.335971 -0.743448
v -0.275915 0.343626 -0.730151
v -0.380922 0.456598 -0.141329
v -0.382541 0.452518 -0.180557
v -0.379082 0.46365 -0.142914
v -0.381551 0.456822 -0.181583
v -0.377654 0.468834 -0.144123
v -0.380257 0.462144 -0.182895
v -0.378692 0.468013 -0.184425
v -0.380201 0.46141 -0.220451
v -0.378559 0.4674 -0.222281
v -0.377408 0.465852 -0.259793
v -0.374866 0.47959 -0.187881
v -0.376888 0.473956 -0.186105
v -0.369682 0.487023 -0.103937
v -0.375932 0.474561 -0.145541
v -0.366602 0.488304 -0.056715
v -0.373727 0.475897 -0.101097
v -0.368648 0.483072 -0.05541
v -0.375291 0.470923 -0.099956
v -0.364481 0.485509 -0.008318
v -0.371652 0.474561 -0.053454
v -0.366831 0.479506 -0.006915
v -0.37731 0.464167 -0.098465
v -0.373118 0.470401 -0.05252
v -0.381413 0.45487 -0.140939
v -0.383216 0.449571 -0.179858
v -0.341834 0.552693 -0.124119
v -0.271663 0.579687 0.177201
v -0.199262 0.602469 0.140385
v -0.149468 0.613527 0.113227
v -0.151538 0.613397 0.103951
v -0.153081 0.61296 0.096552
v -0.180568 0.607351 0.111451
v -0.183225 0.606354 0.100158
v -0.195803 0.603558 0.106834
v -0.199887 0.601748 0.090463
v -0.211788 0.59908 0.096586
v -0.270755 0.580885 0.030583
v -0.26025 0.585117 0.063231
v -0.337673 0.553859 -0.125339
v -0.261991 0.554824 0.175669
v -0.211884 0.571297 0.149223
v -0.211682 0.571438 0.149932
v -0.238878 0.563004 0.164383
v -0.267668 0.552675 0.179152
v -0.267824 0.552514 0.178512
v -0.358505 0.392914 -0.653313
v -0.358324 0.392469 -0.654203
v -0.362347 0.390073 -0.648011
v -0.362535 0.390492 -0.647174
v -0.381962 0.343336 -0.597899
v -0.38179 0.343207 -0.598706
v -0.381461 0.342937 -0.598929
v -0.381607 0.343039 -0.598104
v -0.21698 0.31378 -0.783147
v -0.231623 0.320539 -0.770802
v -0.217319 0.313603 -0.783804
v -0.203269 0.30712 -0.79613
v -0.188581 0.301065 -0.807702
v -0.20291 0.30733 -0.795518
v -0.283729 0.574119 0.18349
v -0.2897 0.571186 0.185779
v -0.289476 0.570815 0.185868
v -0.277487 0.57642 0.181065
v -0.277691 0.576804 0.18097
v -0.217319 0.313603 -0.783804
v -0.231829 0.32055 -0.771239
v -0.203477 0.307086 -0.796517
v -0.188968 0.300823 -0.808281
v -0.203269 0.30712 -0.79613
v -0.385683 0.514504 -0.107556
v -0.39428 0.500793 -0.149436
v -0.37667 0.520747 -0.012347
v -0.364926 0.531942 0.03031
v -0.372568 0.526764 -0.014286
v -0.360257 0.537416 0.028245
v -0.368029 0.53256 -0.016337
v -0.388391 0.506994 -0.233705
v -0.392902 0.500403 -0.23112
v -0.386546 0.514471 -0.153776
v -0.390671 0.507784 -0.151568
v -0.043988 0.26595 -0.936113
v -0.039565 0.265542 -0.937208
v -0.039509 0.265165 -0.937304
v -0.043966 0.265576 -0.936203
v -0.345313 0.506864 -0.240707
v -0.342721 0.507047 -0.240971
v -0.334094 0.522307 -0.165312
v -0.33044 0.528391 -0.122777
v -0.349604 0.497614 -0.27677
v -0.347312 0.497896 -0.277043
v -0.009946 0.452466 -0.571758
v -0.010819 0.436009 -0.609095
v -0.010856 0.469326 -0.532082
v -0.010834 0.502648 -0.448077
v -0.010714 0.556269 -0.290606
v -0.00988 0.556194 -0.290652
v -0.009926 0.518215 -0.405957
v -0.361289 0.471246 -0.349746
v -0.360664 0.459462 -0.390165
v -0.358388 0.473217 -0.351216
v -0.357526 0.494205 -0.274541
v -0.355931 0.502672 -0.238287
v -0.359236 0.49992 -0.236736
v -0.316025 0.521181 0.197163
v -0.312584 0.524792 0.195793
v -0.312695 0.524969 0.196033
v -0.316145 0.521352 0.197403
v -0.319142 0.517624 0.198687
v -0.319016 0.517461 0.198447
v -0.345839 0.395491 -0.671061
v -0.349946 0.395179 -0.665838
v -0.350111 0.395673 -0.664806
v -0.345994 0.396003 -0.669944
v -0.047224 0.245815 -0.918063
v -0.035152 0.24466 -0.921201
v -0.037495 0.249073 -0.915296
v -0.040144 0.248973 -0.915209
v -0.045259 0.252562 -0.909492
v -0.042875 0.252724 -0.909548
v -0.157409 0.288129 -0.833316
v -0.125131 0.275218 -0.859236
v -0.141436 0.28119 -0.847107
v -0.12559 0.274863 -0.85979
v -0.05839 0.249067 -0.911424
v -0.347989 0.520092 0.206676
v -0.347746 0.519988 0.206836
v -0.333663 0.538195 0.20115
v -0.333889 0.538336 0.200976
v -0.32693 0.505302 0.202441
v -0.319142 0.517624 0.198687
v -0.316145 0.521352 0.197403
v -0.316421 0.521643 0.197563
v -0.327606 0.504997 0.202734
v -0.327314 0.504798 0.202581
v -0.319049 0.51735 0.197899
v -0.316061 0.521067 0.196611
v -0.316025 0.521181 0.197163
v -0.319016 0.517461 0.198447
v -0.366466 0.499098 -0.360404
v -0.37042 0.496938 -0.359183
v -0.367229 0.526769 -0.242441
v -0.362896 0.52933 -0.243723
v -0.365824 0.510796 -0.319592
v -0.025727 0.267882 -0.933725
v -0.023075 0.269779 -0.930723
v -0.022951 0.269341 -0.930588
v -0.025621 0.267439 -0.933597
v -0.410277 0.436864 -0.250031
v -0.409025 0.452338 -0.178944
v -0.406892 0.460696 -0.140034
v -0.409368 0.452739 -0.179009
v -0.410567 0.445086 -0.214994
v -0.409756 0.428691 -0.286535
v -0.407693 0.418788 -0.325493
v -0.354422 0.349317 -0.633965
v -0.353195 0.352518 -0.637683
v -0.35285 0.352372 -0.637625
v -0.35407 0.349201 -0.633918
v -0.355027 0.346156 -0.630683
v -0.356117 0.343495 -0.628028
v -0.020291 0.250807 -0.912255
v -0.018023 0.253992 -0.907215
v -0.016012 0.257805 -0.901167
v -0.016318 0.257682 -0.900951
v -0.02054 0.250734 -0.911973
v -0.009955 0.597784 0.038956
v -0.035346 0.598722 0.051732
v -0.035356 0.598481 0.051427
v -0.009928 0.597561 0.038656
v -0.031843 0.265272 -0.936872
v -0.031796 0.264538 -0.936438
v -0.03541 0.264058 -0.936972
v -0.035455 0.26479 -0.937409
v -0.034874 0.245322 -0.922995
v -0.03488 0.244695 -0.92243
v -0.038551 0.244644 -0.922184
v -0.038567 0.245269 -0.922749
v -0.353926 0.349285 -0.633395
v -0.351221 0.355539 -0.64119
v -0.351272 0.355953 -0.639827
v -0.347639 0.361383 -0.648438
v -0.362138 0.419127 -0.492995
v -0.372322 0.457551 -0.341136
v -0.374317 0.452883 -0.338721
v -0.375446 0.471076 -0.261945
v -0.377408 0.465852 -0.259793
v -0.37601 0.447784 -0.336294
v -0.37199 0.426295 -0.416781
v -0.370505 0.431253 -0.419454
v -0.356917 0.384852 -0.56996
v -0.358412 0.380863 -0.56592
v -0.352025 0.358438 -0.632553
v -0.354227 0.357388 -0.621498
v -0.352759 0.352843 -0.635726
v -0.353966 0.349665 -0.631983
v -0.035455 0.26479 -0.937409
v -0.03541 0.264058 -0.936972
v -0.039422 0.263988 -0.936743
v -0.039466 0.264718 -0.937181
v -0.335633 0.366258 -0.667479
v -0.338593 0.366232 -0.663737
v -0.338506 0.365739 -0.665228
v -0.335534 0.365754 -0.66903
v -0.365212 0.340615 -0.616116
v -0.36196 0.339343 -0.618741
v -0.365354 0.340035 -0.615431
v -0.369331 0.340846 -0.61155
v -0.376705 0.342348 -0.604358
v -0.380527 0.343156 -0.600611
v -0.380374 0.343981 -0.60131
vn 0.0732 -0.9884 0.1333
vn 0.1274 -0.9821 0.1384
vn 0.1283 -0.9813 0.1437
vn 0.1291 -0.9804 0.1491
vn 0.0232 -0.9897 0.1414
vn 0.021 -0.9912 0.1305
vn 0.0209 -0.9912 0.1304
vn -0.4276 -0.9033 -0.0346
vn -0.3958 -0.9171 -0.0477
vn -0.3958 -0.9171 -0.0477
vn -0.4276 -0.9033 -0.0346
vn 0.2849 0.3608 0.8881
vn 0.3626 0.3785 0.8516
vn 0.3548 0.3738 0.857
vn 0.3369 0.3704 0.8656
vn 0.2582 0.3573 0.8976
vn 0.258 0.3579 0.8974
vn 0.2586 0.3568 0.8977
vn 0.7894 -0.5859 0.1835
vn 0.7909 -0.5827 0.187
vn 0.7913 -0.5819 0.1876
vn 0.7395 -0.6491 0.1785
vn 0.7369 -0.6517 0.1793
vn 0.7468 -0.6383 0.1868
vn -0.2628 -0.9623 0.0702
vn -0.2567 -0.9637 0.0739
vn -0.2576 -0.9634 0.0735
vn -0.2629 -0.9623 0.07
vn 0.8882 -0.4516 0.0848
vn 0.8806 -0.4688 0.0697
vn 0.8807 -0.4686 0.069
vn 0.8998 -0.4269 0.0902
vn 0.9136 -0.391 0.1116
vn 0.9152 -0.3833 0.1246
vn 0.9099 -0.3817 0.1622
vn 0.9078 -0.3818 0.1735
vn 0.899 -0.3894 0.2007
vn 0.904 -0.4024 0.1443
vn 0.9048 -0.4111 0.1112
vn 0.9025 -0.4153 0.1138
vn 0.9027 -0.4048 0.1457
vn 0.8979 -0.3921 0.2003
vn 0.8981 -0.3946 0.1941
vn 0.9098 -0.3795 0.1683
vn 0.912 -0.3798 0.1552
vn 0.9138 -0.3883 0.1188
vn 0.9114 -0.397 0.1082
vn 0.5087 -0.785 0.3535
vn 0.5124 -0.7804 0.3583
vn 0.4682 -0.8048 0.3649
vn 0.4683 -0.8047 0.3649
vn -0.9894 -0.0981 0.1073
vn -0.9871 -0.0331 0.1567
vn -0.9837 -0.0118 0.1793
vn -0.9837 -0.0118 0.1793
vn -0.9874 -0.0947 0.1268
vn -0.9887 -0.1218 0.0877
vn -0.9887 -0.1218 0.0877
vn -0.3242 -0.9329 -0.1565
vn -0.3261 -0.9323 -0.1568
vn -0.286 -0.9526 -0.1038
vn -0.2842 -0.9531 -0.1035
vn 0.3794 -0.9251 0.0123
vn 0.3794 -0.9251 0.0123
vn 0.3794 -0.9251 0.0123
vn 0.3794 -0.9251 0.0123
vn 0.9634 -0.2549 0.0826
vn 0.959 -0.2703 0.0854
vn 0.9811 -0.1892 0.0403
vn 0.973 -0.2218 0.0645
vn 0.9772 -0.2043 0.0571
vn 0.9676 -0.2364 0.0883
vn 0.9721 -0.2199 0.0815
vn 0.9721 -0.2199 0.0814
vn 0.9616 -0.2651 0.0707
vn 0.9667 -0.2528 0.0402
vn 0.9727 -0.232 0.0018
vn 0.9669 -0.2549 0.0107
vn 0.9701 -0.2417 -0.0234
vn 0.9701 -0.2417 -0.0234
vn 0.9732 -0.229 -0.0217
vn 0.9732 -0.229 -0.0217
vn 0.9738 -0.2269 -0.0166
vn 0.9738 -0.2269 -0.0165
vn 0.9689 -0.2472 -0.0112
vn 0.9689 -0.2472 -0.0112
vn 0.9414 -0.3371 0.0077
vn 0.9414 -0.3371 0.0077
vn 0.9516 -0.3057 0.0322
vn -0.1069 0.9807 0.1636
vn -0.1508 0.9716 0.1823
vn -0.1398 0.9737 0.1796
vn -0.0903 0.9838 0.1551
vn -0.0692 0.9866 0.1478
vn -0.0696 0.9867 0.1471
vn -0.0685 0.9865 0.1489
vn -0.2919 0.9271 -0.2353
vn -0.315 0.9281 -0.1986
vn -0.2881 0.9355 -0.2044
vn -0.272 0.9253 -0.2643
vn -0.2527 0.9306 -0.2647
vn -0.2527 0.9306 -0.2647
vn 0.6398 -0.7626 0.0954
vn 0.6019 -0.7927 0.0966
vn 0.6023 -0.7918 0.1011
vn 0.6403 -0.7614 0.102
vn 0.2402 0.7751 -0.5844
vn 0.2504 0.7833 -0.5691
vn 0.2504 0.7833 -0.5691
vn 0.26 0.7653 -0.5888
vn 0.2538 0.7452 -0.6166
vn 0.2538 0.7452 -0.6166
vn 0.2397 0.7541 -0.6115
vn 0.9344 -0.2029 -0.2927
vn 0.9446 -0.1448 -0.2947
vn 0.9446 -0.1425 -0.2955
vn 0.9346 -0.2009 -0.2934
vn -0.023 0.922 -0.3864
vn -0.0531 0.9194 -0.3898
vn -0.0546 0.9126 -0.4051
vn -0.0394 0.9102 -0.4123
vn -0.0394 0.9102 -0.4123
vn -0.0063 0.911 -0.4124
vn -0.0018 0.9078 -0.4195
vn -0.0012 0.9075 -0.42
vn -0.0095 0.8993 -0.4372
vn -0.0092 0.8992 -0.4374
vn -0.0065 0.8971 -0.4418
vn -0.0061 0.897 -0.4419
vn 0.0252 0.9073 -0.4198
vn 0.0254 0.9072 -0.42
vn 0.0159 0.9012 -0.433
vn 0.016 0.9011 -0.4332
vn 0.025 0.9037 -0.4274
vn 0.0255 0.9035 -0.4278
vn 0.0175 0.8994 -0.4368
vn 0.0177 0.8993 -0.437
vn 0.1032 0.9232 -0.3702
vn 0.1032 0.9231 -0.3704
vn 0.0735 0.919 -0.3873
vn 0.0732 0.9191 -0.3871
vn 0.0802 0.9226 -0.3773
vn 0.0802 0.9227 -0.3771
vn 0.0787 0.9246 -0.3728
vn 0.0786 0.9247 -0.3724
vn 0.0815 0.9286 -0.3621
vn 0.0811 0.9287 -0.3619
vn 0.0346 0.9226 -0.3842
vn 0.0338 0.9228 -0.3837
vn 0.0192 0.9239 -0.3823
vn 0.0394 0.9353 -0.3515
vn 0.0344 0.9361 -0.3501
vn 0.0535 0.9361 -0.3476
vn 0.0489 0.9372 -0.3455
vn 0.0309 0.948 -0.3167
vn 0.0309 0.948 -0.3167
vn 0.0286 0.9525 -0.3031
vn -0.0049 0.9553 -0.2955
vn -0.0048 0.9553 -0.2955
vn -0.0258 0.9608 -0.2759
vn -0.0269 0.9608 -0.2758
vn -0.0671 0.962 -0.2646
vn -0.0685 0.9619 -0.2645
vn -0.084 0.958 -0.2742
vn -0.1058 0.9478 -0.3008
vn -0.1098 0.9462 -0.3044
vn -0.0994 0.9423 -0.3196
vn -0.0976 0.9427 -0.319
vn -0.0608 0.942 -0.33
vn -0.0534 0.9322 -0.3579
vn -0.05 0.9316 -0.3601
vn -0.0516 0.9375 -0.3442
vn -0.0412 0.9345 -0.3536
vn 0.9536 -0.2731 0.1263
vn 0.9466 -0.2995 0.1195
vn 0.9322 -0.3528 0.0811
vn 0.9325 -0.3521 0.0805
vn 0.9338 -0.3492 0.0779
vn -0.5297 -0.2438 -0.8124
vn -0.53 -0.2463 -0.8114
vn -0.5291 -0.2397 -0.814
vn -0.5286 -0.237 -0.8151
vn 0.0528 0.9153 -0.3993
vn 0.0091 0.9186 -0.3952
vn 0.0091 0.9185 -0.3952
vn 0.0359 0.9106 -0.4118
vn -0.0097 0.8843 -0.4668
vn -0.0099 0.8844 -0.4667
vn 0.0288 0.8981 -0.4388
vn 0.9393 -0.0742 -0.3351
vn 0.939 -0.071 -0.3365
vn 0.9397 -0.0799 -0.3327
vn 0.9399 -0.0831 -0.3313
vn 0.0415 0.1775 0.9832
vn 0.0425 0.1775 0.9832
vn 0.0375 0.1777 0.9834
vn 0.0366 0.1778 0.9834
vn 0.5683 -0.8219 0.0388
vn 0.578 -0.8126 0.0754
vn 0.5769 -0.8133 0.0757
vn 0.5742 -0.8151 0.0767
vn 0.5645 -0.8245 0.0392
vn 0.5325 -0.8464 -0.0062
vn 0.5759 -0.8155 -0.0574
vn 0.6173 -0.7842 -0.0632
vn 0.5791 -0.812 -0.0734
vn 0.5888 -0.8068 -0.0494
vn -0.7415 0.3765 -0.5553
vn -0.7415 0.3765 -0.5553
vn -0.7222 0.4294 -0.5423
vn -0.7222 0.4294 -0.5423
vn 0.2778 -0.2346 0.9316
vn 0.2779 -0.2346 0.9315
vn 0.3326 -0.2171 0.9177
vn 0.3326 -0.2171 0.9177
vn -0.3211 0.9223 0.2153
vn -0.3193 0.9221 0.2186
vn -0.2842 0.9352 0.2114
vn -0.2858 0.9353 0.2088
vn 0.9137 -0.3783 0.1484
vn 0.8965 -0.419 0.1437
vn 0.8965 -0.419 0.1437
vn 0.9274 -0.332 0.1722
vn 0.664 -0.7411 0.0995
vn 0.664 -0.7411 0.0995
vn 0.6661 -0.7438 0.0548
vn 0.6659 -0.7441 0.0549
vn 0.6658 -0.7441 0.0549
vn -0.2645 0.9426 0.204
vn -0.2589 0.9439 0.2051
vn -0.1666 0.9683 0.1862
vn -0.1398 0.9737 0.1796
vn -0.1508 0.9716 0.1823
vn 0.8797 0.4689 -0.0787
vn 0.8963 0.4428 -0.0239
vn 0.8953 0.4449 -0.0234
vn 0.8579 0.4925 -0.1463
vn 0.8578 0.4913 -0.1508
vn 0.8617 0.4872 -0.1416
vn 0.8691 0.4788 -0.1244
vn 0.8272 -0.5184 0.2169
vn 0.8075 -0.5597 0.1864
vn 0.8069 -0.5609 0.1852
vn 0.826 -0.5396 0.1631
vn 0.8289 -0.5354 0.1622
vn -0.31 0.6786 -0.6659
vn -0.3579 0.6247 -0.694
vn -0.3573 0.6248 -0.6942
vn -0.3031 0.6795 -0.6681
vn -0.3089 0.6786 -0.6664
vn 0.5387 -0.5573 0.6318
vn 0.5385 -0.5573 0.6321
vn 0.5387 -0.5573 0.6318
vn 0.4795 -0.6841 0.5496
vn 0.4794 -0.684 0.5498
vn 0.4795 -0.6841 0.5496
vn 0.523 0.4316 -0.735
vn 0.5231 0.4315 -0.735
vn 0.5126 0.4472 -0.733
vn 0.5126 0.4472 -0.733
vn -0.8754 0.0815 -0.4765
vn -0.8754 0.0816 -0.4765
vn -0.8843 -0.0018 -0.4669
vn -0.8879 0.0151 -0.4598
vn -0.8716 0.061 -0.4865
vn 0.9391 -0.3431 -0.0192
vn 0.9168 -0.3991 -0.0131
vn 0.9168 -0.3991 -0.0132
vn 0.9002 -0.4341 -0.0336
vn 0.9245 -0.3792 -0.0388
vn 0.8826 -0.4657 -0.0639
vn 0.9071 -0.4154 -0.0678
vn 0.883 -0.4623 -0.0811
vn 0.9021 -0.4235 -0.0831
vn 0.8775 -0.47 -0.0952
vn 0.8795 -0.4619 -0.1146
vn 0.8795 -0.4619 -0.1146
vn 0.8807 -0.46 -0.1128
vn 0.8807 -0.4601 -0.1128
vn 0.8687 -0.4839 -0.1059
vn 0.8687 -0.4839 -0.1059
vn 0.8674 -0.4954 -0.0474
vn 0.8674 -0.4953 -0.0475
vn 0.8919 -0.451 -0.0342
vn 0.9291 -0.3698 -0.0105
vn 0.9309 -0.3651 0.0127
vn 0.9309 -0.3651 0.0126
vn 0.9144 -0.4047 -0.004
vn 0.9347 -0.3533 -0.0374
vn 0.9348 -0.3533 -0.0374
vn 0.9256 -0.3742 -0.0561
vn 0.9256 -0.3743 -0.056
vn 0.9183 -0.3919 -0.0562
vn 0.9363 -0.3483 -0.0447
vn 0.9266 -0.3734 -0.0444
vn 0.9266 -0.3734 -0.0444
vn 0.911 -0.4102 -0.0425
vn 0.9302 -0.3657 -0.0302
vn 0.9099 -0.414 -0.0264
vn 0.7361 -0.6673 -0.1133
vn 0.7613 -0.6428 -0.0854
vn 0.7613 -0.6428 -0.0854
vn 0.7406 -0.6626 -0.1113
vn -0.1535 0.9246 -0.3487
vn -0.2538 0.9246 -0.2841
vn -0.2538 0.9246 -0.284
vn -0.1611 0.9245 -0.3454
vn -0.1515 0.9254 -0.3475
vn 0.0911 0.8943 -0.4381
vn 0.1228 0.8708 -0.4761
vn 0.1226 0.8692 -0.479
vn 0.0382 0.9119 -0.4086
vn 0.0383 0.9141 -0.4037
vn 0.0624 0.9083 -0.4135
vn 0.6434 -0.7633 -0.0576
vn 0.6447 -0.7624 -0.0561
vn 0.6412 -0.765 -0.0598
vn 0.6398 -0.7661 -0.0612
vn 0.1144 -0.9898 0.0853
vn 0.1713 -0.9682 0.1822
vn 0.1752 -0.9675 0.1822
vn 0.1653 -0.9693 0.1822
vn 0.1368 -0.9772 0.1624
vn 0.1013 -0.9866 0.1281
vn 0.1655 -0.9658 0.1994
vn 0.1019 -0.981 0.1654
vn 0.1922 -0.9704 0.1465
vn 0.1935 -0.9696 0.1496
vn 0.1594 -0.9746 0.1572
vn 0.0804 -0.9816 0.1731
vn -0.0038 0.9714 -0.2374
vn -0.0441 0.9601 -0.276
vn -0.1025 0.976 -0.1923
vn -0.0825 0.9811 -0.175
vn -0.0902 0.9809 -0.1722
vn -0.0018 0.9714 -0.2375
vn 0.259 0.3269 -0.9089
vn 0.2594 0.3251 -0.9094
vn 0.2583 0.3297 -0.908
vn 0.2579 0.3314 -0.9075
vn -0.133 -0.9576 0.2556
vn -0.133 -0.9576 0.2556
vn -0.1189 -0.9577 0.262
vn -0.1189 -0.9577 0.262
vn 0.4351 -0.8878 0.15
vn 0.4351 -0.8878 0.15
vn 0.4511 -0.8865 0.1031
vn 0.46 -0.8822 0.1005
vn 0.4534 -0.8794 0.1451
vn -0.9458 0.3014 0.1207
vn -0.9594 0.2634 0.1012
vn -0.9626 0.2595 0.0773
vn -0.9626 0.2595 0.0774
vn 0.3758 -0.5629 -0.7361
vn 0.4148 -0.5131 -0.7515
vn 0.4153 -0.512 -0.752
vn 0.3763 -0.562 -0.7366
vn -0.4463 0.8843 -0.1373
vn -0.4529 0.8864 -0.0959
vn -0.444 0.8906 -0.0986
vn -0.4197 0.8888 -0.184
vn -0.4091 0.8854 -0.2205
vn -0.424 0.8794 -0.2167
vn -0.8576 0.4949 -0.1401
vn -0.8625 0.4874 -0.1362
vn -0.8838 0.4326 -0.1782
vn -0.8808 0.4377 -0.1808
vn -0.8746 0.4549 -0.1677
vn 0.8426 -0.5372 -0.0382
vn 0.7819 -0.6166 -0.0922
vn 0.7819 -0.6166 -0.0922
vn 0.8381 -0.5417 -0.0646
vn 0.8426 -0.5372 -0.0382
vn 0.8775 -0.4523 0.1595
vn 0.882 -0.4454 0.1541
vn 0.8811 -0.4468 0.1552
vn 0.8767 -0.4535 0.1605
vn 0.3964 0.3789 0.8362
vn 0.3804 0.379 0.8436
vn 0.3548 0.3738 0.857
vn 0.3626 0.3785 0.8516
vn 0.4324 0.3361 0.8367
vn 0.443 0.3185 0.838
vn 0.4434 0.3186 0.8378
vn 0.4286 0.3496 0.8331
vn 0.4203 0.3645 0.831
vn 0.9012 -0.4256 0.0811
vn 0.8999 -0.4281 0.0827
vn 0.9032 -0.4218 0.0787
vn 0.8898 -0.4563 -0.0085
vn 0.8911 -0.4536 -0.0104
vn 0.8877 -0.4605 -0.0056
vn -0.1067 0.9271 -0.3594
vn -0.105 0.9156 -0.3881
vn -0.1295 0.8808 -0.4555
vn -0.1299 0.8842 -0.4487
vn -0.1299 0.8842 -0.4487
vn -0.0562 0.9271 -0.3705
vn -0.0562 0.9271 -0.3705
vn -0.057 0.9318 -0.3585
vn -0.0654 0.9338 -0.3518
vn -0.05 0.9316 -0.3601
vn -0.0534 0.9322 -0.3579
vn -0.0831 0.9405 -0.3295
vn -0.1263 0.9397 -0.3177
vn -0.1285 0.9435 -0.3053
vn -0.1517 0.9355 -0.3192
vn -0.1792 0.9312 -0.3174
vn -0.1811 0.9265 -0.3298
vn -0.2013 0.9097 -0.3632
vn -0.1985 0.9089 -0.3666
vn -0.1611 0.8912 -0.4241
vn -0.1535 0.9314 -0.3302
vn -0.1149 0.9372 -0.3292
vn -0.1043 0.9272 -0.3596
vn 0.7377 -0.6696 0.0866
vn 0.6852 -0.7228 0.0899
vn 0.6857 -0.7214 0.0973
vn 0.7377 -0.6693 0.0888
vn 0.7378 -0.669 0.09
vn 0.2188 -0.9756 0.0161
vn 0.219 -0.9756 0.0154
vn 0.2181 -0.9758 0.0175
vn 0.2178 -0.9758 0.0183
vn -0.0838 -0.9963 0.0208
vn -0.0838 -0.9963 0.0208
vn -0.0653 -0.9974 0.0315
vn -0.0653 -0.9974 0.0315
vn 0.7727 -0.6331 0.0456
vn 0.7727 -0.6331 0.0456
vn 0.7812 -0.6217 0.0564
vn 0.7812 -0.6218 0.0564
vn 0.4414 -0.893 0.0883
vn 0.5043 -0.8438 0.1836
vn 0.5029 -0.8444 0.1846
vn 0.4952 -0.8476 0.1906
vn 0.488 -0.8635 0.1271
vn 0.5148 -0.8426 0.1582
vn 0.5148 -0.8426 0.1582
vn 0.4575 -0.8818 0.1146
vn 0.5122 -0.8588 -0.0038
vn 0.4659 -0.8842 -0.0344
vn 0.4189 -0.9066 -0.0519
vn 0.4591 -0.8878 -0.0326
vn 0.4591 -0.8878 -0.032
vn 0.5385 -0.8409 -0.0536
vn 0.5504 -0.8309 -0.0823
vn 0.5103 -0.8564 -0.0789
vn 0.5566 -0.8284 -0.0618
vn 0.5211 -0.8516 -0.0575
vn 0.5498 -0.8341 -0.0452
vn 0.5103 -0.8591 -0.0401
vn -0.6816 0.6832 -0.2619
vn -0.6814 0.6834 -0.2621
vn -0.6821 0.6828 -0.2617
vn -0.7204 0.6086 -0.3326
vn -0.7213 0.6063 -0.3348
vn -0.9286 0.3607 -0.0873
vn -0.9354 0.3447 -0.0791
vn -0.9512 0.2818 -0.1258
vn -0.9487 0.2887 -0.1291
vn -0.9623 0.2575 -0.0872
vn -0.9575 0.2724 -0.0944
vn -0.9511 0.2991 -0.0766
vn -0.8529 0.522 -0.0125
vn -0.8529 0.522 -0.0125
vn -0.8653 0.5013 -0.0024
vn -0.8378 0.5389 -0.0878
vn -0.8432 0.5311 -0.0834
vn -0.8552 0.5059 -0.1125
vn -0.8502 0.5133 -0.1166
vn -0.8926 0.4461 -0.065
vn -0.8843 0.4611 -0.073
vn -0.7499 -0.1885 -0.6341
vn -0.7354 -0.2528 -0.6288
vn -0.731 -0.2556 -0.6327
vn -0.6973 -0.2625 -0.667
vn -0.7719 -0.2586 -0.5807
vn -0.7705 -0.2274 -0.5955
vn -0.7648 -0.1966 -0.6135
vn 0.5872 0.5941 -0.5497
vn 0.5985 0.6094 -0.52
vn 0.5985 0.6094 -0.52
vn 0.6156 0.5692 -0.545
vn 0.618 0.5268 -0.5835
vn 0.5943 0.5504 -0.5863
vn -0.904 -0.1845 -0.3857
vn -0.9045 -0.1835 -0.385
vn -0.9017 -0.1899 -0.3885
vn -0.9013 -0.1907 -0.3889
vn 0.3919 -0.8898 0.2338
vn 0.3483 -0.9144 0.2062
vn 0.3538 -0.9122 0.2068
vn 0.381 -0.8963 0.227
vn 0.3936 -0.8742 0.2844
vn 0.3768 -0.9025 0.2088
vn 0.3542 -0.9198 0.1688
vn 0.3541 -0.9198 0.1688
vn 0.376 -0.9073 0.1881
vn 0.3956 -0.8904 0.2251
vn -0.5566 0.7648 0.3243
vn -0.556 0.7648 0.3255
vn -0.5575 0.765 0.3225
vn -0.5239 0.7953 0.3049
vn -0.5224 0.7952 0.3077
vn 0.9888 0.1105 0.1001
vn 0.9889 0.1106 0.0996
vn 0.9872 0.1177 0.1079
vn 0.9871 0.1189 0.1071
vn 0.7791 -0.6179 0.1059
vn 0.7837 -0.6125 0.1034
vn 0.7831 -0.6063 0.1385
vn 0.7791 -0.5876 0.2183
vn 0.7851 -0.5733 0.2343
vn 0.789 -0.5687 0.2324
vn 0.7752 -0.6035 0.187
vn 0.9903 -0.0257 0.1367
vn 0.9926 0.0239 0.1189
vn 0.993 0.0222 0.116
vn 0.9904 -0.0252 0.1359
vn 0.4711 -0.8745 0.1153
vn 0.4411 -0.89 0.1156
vn 0.4424 -0.8886 0.1215
vn 0.4716 -0.8738 0.1185
vn -0.6114 0.7778 -0.1455
vn -0.6081 0.7801 -0.1468
vn -0.6053 0.7622 -0.2296
vn -0.5999 0.7556 -0.2631
vn -0.6027 0.7537 -0.2621
vn 0.3729 -0.6237 -0.6869
vn 0.3734 -0.6224 -0.6879
vn 0.3719 -0.6266 -0.6848
vn 0.3715 -0.628 -0.6839
vn 0.0129 0.9674 -0.2529
vn 0.0144 0.9688 -0.2474
vn 0.0161 0.9688 -0.2475
vn -0.024 0.9647 -0.2624
vn -0.024 0.9647 -0.2624
vn -0.049 0.9769 -0.2079
vn -0.0441 0.9841 -0.1722
vn -0.0332 0.9818 -0.1871
vn -0.0732 0.9778 -0.1963
vn -0.0715 0.9815 -0.1773
vn -0.0715 0.9816 -0.1773
vn -0.0436 0.9663 -0.2539
vn -0.041 0.9663 -0.2541
vn -0.0039 0.9643 -0.2647
vn -0.0012 0.9643 -0.2649
vn 0.8783 0.348 -0.3278
vn 0.8738 0.3809 -0.3023
vn 0.8606 0.436 -0.2632
vn 0.8657 0.4249 -0.2645
vn 0.8757 0.396 -0.2762
vn 0.8894 0.3277 -0.3187
vn -0.8949 0.4153 0.1632
vn -0.9358 0.3335 0.1144
vn -0.9311 0.3371 0.1393
vn -0.8671 0.4543 0.2041
vn -0.8658 0.4566 0.2046
vn -0.8753 0.4483 0.1815
vn 0.1019 -0.9829 0.153
vn 0.0808 -0.9826 0.1671
vn 0.0808 -0.9826 0.1671
vn 0.1122 -0.9816 0.1544
vn 0.1122 -0.9816 0.1544
vn 0.1101 -0.9791 0.1709
vn 0.11 -0.9791 0.1709
vn 0.1121 -0.9758 0.1876
vn 0.0795 -0.9779 0.1935
vn 0.0909 -0.974 0.2077
vn 0.1189 -0.9756 0.1846
vn 0.1456 -0.9646 0.2201
vn 0.1677 -0.9594 0.2266
vn 0.1765 -0.9609 0.2132
vn 0.1637 -0.9601 0.2269
vn 0.1428 -0.9637 0.2257
vn 0.1277 -0.9691 0.2112
vn 0.0596 -0.9885 0.1391
vn 0.0524 -0.9892 0.1366
vn 0.051 -0.9894 0.1361
vn 0.073 -0.9906 0.1157
vn 0.0537 -0.9947 0.0876
vn 0.1195 -0.9889 0.0888
vn 0.1507 -0.9816 0.1174
vn 0.1952 -0.9776 0.078
vn 0.2055 -0.9737 0.0985
vn 0.2141 -0.9712 0.1045
vn 0.2005 -0.973 0.1145
vn 0.1995 -0.9736 0.1111
vn 0.1784 -0.9781 0.1068
vn 0.1784 -0.9781 0.1068
vn 0.1454 -0.984 0.1033
vn 0.1454 -0.984 0.1033
vn 0.1578 -0.9835 0.0889
vn 0.1578 -0.9835 0.0889
vn 0.14 -0.9852 0.0993
vn 0.14 -0.9852 0.0993
vn 0.1019 -0.9829 0.153
vn -0.075 -0.9631 0.2587
vn -0.1857 -0.9472 0.2612
vn -0.1319 -0.9417 0.3094
vn -0.175 -0.9411 0.2892
vn -0.1862 -0.9377 0.2934
vn -0.1275 -0.9371 0.3248
vn -0.1275 -0.9371 0.3248
vn -0.1058 -0.937 0.3329
vn -0.1058 -0.937 0.3329
vn -0.0887 -0.9466 0.3099
vn -0.0791 -0.9479 0.3086
vn -0.0964 -0.9386 0.3313
vn -0.1266 -0.938 0.3227
vn -0.0983 -0.934 0.3434
vn -0.1215 -0.9372 0.3269
vn -0.0936 -0.9379 0.3341
vn -0.1078 -0.9403 0.3228
vn -0.0923 -0.9427 0.3207
vn -0.1002 -0.9441 0.3141
vn -0.1003 -0.9442 0.3136
vn -0.101 -0.9462 0.3074
vn -0.1021 -0.9472 0.3039
vn -0.0964 -0.9485 0.3018
vn -0.0961 -0.9486 0.3014
vn -0.0918 -0.9471 0.3075
vn -0.0913 -0.9472 0.3073
vn -0.0929 -0.9432 0.319
vn -0.0991 -0.9504 0.2947
vn -0.0232 -0.9381 0.3455
vn 0.0059 -0.9592 0.2827
vn 0.0059 -0.9592 0.2827
vn -0.0122 -0.9657 0.2592
vn 0.0708 0.9588 -0.2753
vn 0.0708 0.9587 -0.2753
vn 0.0879 0.9573 -0.2752
vn 0.1229 0.9675 -0.221
vn 0.1549 0.9713 -0.1807
vn 0.1462 0.9726 -0.1807
vn 0.727 -0.6813 -0.0855
vn 0.727 -0.6813 -0.0855
vn 0.6831 -0.7261 -0.0788
vn 0.7536 -0.6554 -0.0501
vn 0.7536 -0.6554 -0.0501
vn 0.7116 -0.7012 -0.0447
vn 0.7116 -0.7012 -0.0447
vn 0.702 -0.7083 -0.0743
vn 0.6639 -0.7429 -0.0861
vn 0.708 -0.7001 -0.0928
vn 0.6487 -0.7537 -0.1057
vn 0.694 -0.711 -0.1134
vn 0.6536 -0.7536 -0.0694
vn 0.7065 -0.7032 -0.0801
vn 0.7245 -0.6804 -0.1107
vn 0.675 -0.7295 -0.1107
vn 0.0081 0.0387 0.9992
vn 0.0081 0.0387 0.9992
vn -0.0724 0.0184 0.9972
vn -0.0724 0.0184 0.9972
vn 0.8954 -0.2186 -0.3879
vn 0.8957 -0.2162 -0.3886
vn 0.8747 -0.2816 -0.3944
vn 0.8744 -0.2837 -0.3937
vn -0.9807 0.1891 0.05
vn -0.9701 0.2273 0.085
vn -0.9701 0.2272 0.085
vn -0.9602 0.2736 0.0555
vn -0.9602 0.2736 0.0555
vn -0.9652 0.2586 0.0398
vn -0.9652 0.2586 0.0398
vn -0.9634 0.2647 0.0422
vn -0.9634 0.2647 0.0422
vn -0.961 0.2762 0.0137
vn -0.9675 0.2516 0.0236
vn -0.9624 0.2714 -0.0129
vn -0.9682 0.2501 -0.0031
vn -0.9594 0.2786 -0.0444
vn -0.9651 0.2596 -0.035
vn -0.9651 0.2596 -0.035
vn -0.9698 0.2407 -0.0402
vn -0.9749 0.2224 -0.002
vn -0.979 0.2037 -0.0096
vn -0.9904 0.133 0.0369
vn -0.9873 0.1561 0.0313
vn -0.6137 0.7698 0.1758
vn -0.6151 0.7693 0.1727
vn -0.6156 0.7691 0.1717
vn -0.6242 0.7681 0.1429
vn -0.6184 0.7789 0.1039
vn -0.6184 0.779 0.1039
vn -0.7071 0.7055 0.0465
vn -0.7072 0.7055 0.0464
vn -0.6766 0.7337 0.0622
vn -0.6899 0.7193 0.0817
vn -0.6898 0.7193 0.0817
vn -0.657 0.7378 0.155
vn -0.657 0.7367 0.1603
vn 0.0991 0.6777 -0.7287
vn 0.0253 0.6553 -0.7549
vn 0.0254 0.6546 -0.7555
vn 0.0252 0.6568 -0.7536
vn 0.0985 0.6796 -0.727
vn 0.0982 0.6806 -0.726
vn -0.6787 0.6923 -0.2449
vn -0.6691 0.7313 -0.1322
vn -0.668 0.7322 -0.1327
vn -0.6787 0.6923 -0.2449
vn -0.1522 0.6747 0.7222
vn -0.1559 0.6781 0.7182
vn -0.0922 0.7225 0.6852
vn -0.0927 0.723 0.6846
vn -0.0913 0.7217 0.6861
vn -0.0442 -0.9712 -0.234
vn -0.0442 -0.9712 -0.234
vn 0.0333 -0.9624 -0.2696
vn 0.0333 -0.9624 -0.2696
vn -0.0283 -0.9905 0.1347
vn -0.0273 -0.9899 0.139
vn -0.0654 -0.9884 0.1374
vn -0.1607 -0.9787 0.1277
vn -0.1563 -0.9793 0.1282
vn 0.0287 0.9827 -0.183
vn 0.0015 0.9749 -0.2226
vn 0.0047 0.9749 -0.2227
vn -0.0738 0.9854 -0.1536
vn -0.0677 0.9854 -0.1562
vn -0.0893 0.9866 -0.1365
vn -0.0861 0.9866 -0.1387
vn -0.0943 0.9891 -0.1134
vn -0.0977 0.9885 -0.1151
vn -0.0975 0.9886 -0.115
vn -0.0323 0.9957 -0.0863
vn -0.0324 0.9958 -0.0858
vn -0.006 0.998 -0.0631
vn -0.0021 0.9984 -0.0557
vn 0.0002 0.9984 -0.0557
vn -0.0153 0.9978 -0.0648
vn -0.0108 0.9991 -0.0419
vn -0.0108 0.9991 -0.0419
vn 0.0183 0.9971 -0.0738
vn -0.8956 0.08 0.4375
vn -0.8956 0.08 0.4375
vn -0.891 0.0927 0.4445
vn -0.891 0.0927 0.4445
vn 0.8734 -0.4438 0.2004
vn 0.8569 -0.4786 0.1917
vn 0.8569 -0.4786 0.1917
vn 0.8749 -0.4324 0.2181
vn 0.8615 -0.4711 0.1897
vn 0.8623 -0.4682 0.1928
vn 0.8626 -0.4673 0.1939
vn 0.8281 -0.4908 0.2709
vn 0.828 -0.4906 0.2715
vn -0.0477 0.8675 -0.4951
vn -0.1383 0.8143 -0.5638
vn -0.1376 0.8145 -0.5636
vn -0.0484 0.8677 -0.4948
vn -0.0476 0.8676 -0.495
vn -0.0872 0.8526 -0.5152
vn -0.0843 0.8511 -0.5182
vn -0.0995 0.8383 -0.536
vn -0.0992 0.8383 -0.5361
vn -0.0995 0.8372 -0.5377
vn -0.0993 0.8372 -0.5378
vn -0.0947 0.8405 -0.5335
vn -0.0939 0.8403 -0.5339
vn -0.0967 0.8389 -0.5356
vn -0.0961 0.8387 -0.536
vn -0.0636 0.8597 -0.5068
vn -0.0272 0.8796 -0.4749
vn -0.0074 0.8892 -0.4575
vn -0.0078 0.8893 -0.4572
vn 0.0035 0.8951 -0.4458
vn 0.0029 0.8953 -0.4454
vn -0.0045 0.8938 -0.4484
vn -0.0045 0.8939 -0.4482
vn 0.0044 0.9008 -0.4342
vn 0.0043 0.901 -0.4339
vn -0.0303 0.8895 -0.456
vn -0.0306 0.8895 -0.456
vn -0.0354 0.8929 -0.4488
vn -0.0354 0.893 -0.4487
vn -0.0257 0.9038 -0.4271
vn -0.0264 0.9038 -0.4271
vn -0.021 0.9037 -0.4277
vn -0.0504 0.9078 -0.4164
vn -0.0488 0.9077 -0.4168
vn -0.0852 0.9003 -0.4269
vn -0.0971 0.9088 -0.4057
vn -0.1096 0.8877 -0.4471
vn -0.1096 0.8877 -0.4471
vn -0.11 0.8836 -0.4552
vn -0.0896 0.9168 -0.3893
vn -0.0472 0.9093 -0.4135
vn 0.0263 0.8739 -0.4854
vn 0.0006 0.8675 -0.4974
vn 0.0023 0.8695 -0.4939
vn -0.0566 0.8386 -0.5419
vn -0.0794 0.8304 -0.5515
vn -0.0918 0.8504 -0.5181
vn -0.0889 0.8477 -0.523
vn -0.0947 0.8437 -0.5284
vn -0.0955 0.8432 -0.5291
vn 0.9875 -0.1453 -0.0614
vn 0.9876 -0.1447 -0.0617
vn 0.9817 -0.1646 -0.0956
vn 0.9817 -0.1647 -0.0956
vn 0.9817 -0.1647 -0.0956
vn -0.4335 0.5339 -0.7259
vn -0.4313 0.5339 -0.7273
vn -0.431 0.5338 -0.7275
vn -0.4013 0.575 -0.713
vn -0.4014 0.5752 -0.7127
vn -0.7609 -0.4744 0.4427
vn -0.7609 -0.4744 0.4427
vn -0.763 -0.4605 0.4536
vn -0.763 -0.4605 0.4536
vn 0.457 0.8612 -0.2224
vn 0.4555 0.8593 -0.2328
vn 0.4945 0.8546 -0.1585
vn 0.488 0.8582 -0.1592
vn -0.6569 -0.4473 -0.607
vn -0.6786 -0.4188 -0.6034
vn -0.6843 -0.4144 -0.6
vn -0.6808 -0.4087 -0.6078
vn -0.7663 0.5102 -0.3905
vn -0.7663 0.5103 -0.3905
vn -0.7721 0.4909 -0.4035
vn -0.7721 0.4909 -0.4035
vn 0.625 -0.723 0.2944
vn 0.612 -0.7516 0.2463
vn 0.615 -0.7493 0.2455
vn 0.611 -0.724 0.3201
vn 0.6125 -0.7228 0.3201
vn 0.1012 -0.9742 0.2015
vn 0.0877 -0.97 0.2269
vn 0.0579 -0.9849 0.1633
vn 0.057 -0.985 0.1627
vn 0.0658 -0.9839 0.1662
vn -0.4739 0.8736 0.1108
vn -0.4747 0.8733 0.1094
vn -0.4443 0.8905 0.098
vn -0.5019 0.8649 -0.0024
vn -0.5094 0.8605 -0.0019
vn -0.5229 0.8512 0.0451
vn -0.5095 0.8596 0.0385
vn -0.5426 0.8373 0.0676
vn -0.5272 0.8477 0.0589
vn -0.5582 0.8254 0.0843
vn -0.5433 0.8362 0.0745
vn -0.5151 0.8522 0.0919
vn 0.8761 -0.0214 0.4816
vn 0.8967 0.018 0.4422
vn 0.899 0.0164 0.4376
vn 0.875 -0.0221 0.4836
vn 0.42 -0.8967 0.14
vn 0.4186 -0.8971 0.1415
vn 0.4226 -0.8958 0.1374
vn 0.4241 -0.8954 0.136
vn 0.9962 -0.0356 -0.0789
vn 0.9962 -0.036 -0.0787
vn 0.9948 0.014 -0.1014
vn 0.9975 0.0398 -0.0584
vn 0.9996 0.0285 -0.009
vn 0.9995 0.0254 0.0192
vn 0.9993 -0.0273 0.0266
vn 0.9996 -0.0289 0.0025
vn 0.9996 -0.0267 0.0049
vn 0.9997 -0.025 0.0055
vn 0.9997 -0.0227 0.0063
vn 0.9997 -0.0229 0.0074
vn 0.9997 -0.0238 0.0094
vn 0.9997 -0.0233 0.0105
vn 0.9998 -0.02 0.0097
vn -0.6562 -0.1582 -0.7378
vn -0.6565 -0.1587 -0.7374
vn -0.5957 -0.224 -0.7714
vn -0.5957 -0.224 -0.7713
vn -0.5932 -0.2084 -0.7776
vn -0.6287 -0.1836 -0.7557
vn -0.1206 -0.9879 0.0972
vn -0.1279 -0.9875 0.0922
vn -0.0794 -0.9906 0.1112
vn -0.0549 -0.9894 0.1348
vn -0.0203 -0.9877 0.1548
vn -0.0146 -0.9873 0.1579
vn -0.3375 0.9282 -0.1565
vn -0.3579 0.9268 -0.1142
vn -0.2634 0.9594 -0.1004
vn -0.2949 0.9505 -0.0976
vn -0.2949 0.9505 -0.0976
vn -0.2692 0.954 -0.1317
vn -0.3104 0.9365 -0.1632
vn 0.4599 0.0808 0.8843
vn 0.4686 0.126 0.8744
vn 0.3925 0.1104 0.9131
vn 0.3996 0.1039 0.9108
vn 0.3976 0.0878 0.9133
vn 0.3684 0.0253 0.9293
vn 0.3703 0.022 0.9286
vn 0.4256 0.0296 0.9044
vn 0.4542 0.0263 0.8905
vn 0.4714 -0.012 0.8818
vn 0.496 -0.034 0.8677
vn 0.4996 -0.0527 0.8647
vn 0.5015 -0.0311 0.8646
vn 0.453 -0.032 0.8909
vn 0.4912 -0.0187 0.8708
vn 0.5177 0.0764 0.8521
vn 0.2347 -0.9214 0.3098
vn 0.2472 -0.9254 0.2873
vn 0.2409 -0.9252 0.2933
vn 0.2408 -0.9255 0.2924
vn 0.221 -0.9292 0.2961
vn 0.2305 -0.9229 0.3085
vn 0.2015 -0.8887 0.4118
vn 0.2015 -0.8887 0.4118
vn 0.2026 -0.8844 0.4205
vn 0.2025 -0.8844 0.4205
vn 0.1982 -0.8865 0.4182
vn 0.1981 -0.8865 0.4182
vn 0.1924 -0.8929 0.4071
vn 0.1238 -0.8983 0.4215
vn 0.1436 -0.906 0.3982
vn 0.1437 -0.906 0.3982
vn 0.1355 -0.9065 0.3998
vn 0.1867 -0.8644 0.4668
vn 0.3059 -0.8761 0.3727
vn 0.2529 -0.9251 0.2831
vn 0.2512 -0.9304 0.2669
vn 0.2512 -0.9304 0.2669
vn 0.2704 -0.9205 0.282
vn 0.1559 -0.9383 0.3085
vn 0.1559 -0.9383 0.3085
vn 0.1241 -0.9364 0.3283
vn 0.0328 -0.9986 0.0419
vn 0.0905 -0.9953 0.0347
vn 0.0992 -0.9937 0.052
vn 0.035 -0.9979 0.0549
vn -0.2069 -0.9583 0.1972
vn -0.2069 -0.9586 0.1957
vn -0.2095 -0.9573 0.1992
vn -0.2095 -0.9575 0.1981
vn -0.2094 -0.9568 0.2018
vn -0.2094 -0.9569 0.201
vn -0.2093 -0.9562 0.2046
vn -0.2093 -0.9564 0.2039
vn -0.2091 -0.9557 0.2072
vn -0.2092 -0.9558 0.2064
vn -0.2123 -0.9546 0.2091
vn -0.2124 -0.9548 0.2081
vn -0.2474 -0.9461 0.2091
vn -0.2474 -0.9462 0.2085
vn -0.2231 -0.9515 0.2121
vn -0.0987 -0.9603 0.261
vn -0.086 -0.9626 0.2571
vn -0.0682 -0.963 0.2608
vn -0.0624 -0.9633 0.2609
vn -0.0649 -0.9637 0.2589
vn -0.2032 -0.9599 0.1929
vn -0.2033 -0.96 0.1924
vn -0.2033 -0.9601 0.192
vn -0.8741 0.4815 0.0638
vn -0.8846 0.4655 0.0292
vn -0.8846 0.4655 0.0292
vn -0.9011 0.4336 0.0074
vn -0.9011 0.4336 0.0074
vn -0.928 0.3724 0.0148
vn -0.9174 0.3979 0.0032
vn -0.9237 0.382 0.0278
vn -0.9237 0.382 0.0278
vn -0.9238 0.3804 0.0443
vn -0.9238 0.3804 0.0443
vn -0.9179 0.3927 0.0572
vn -0.9179 0.3927 0.0572
vn -0.9061 0.417 0.071
vn -0.9061 0.417 0.071
vn -0.9092 0.4105 0.0695
vn -0.9092 0.4105 0.0695
vn -0.9182 0.3894 0.0728
vn -0.9182 0.3894 0.0728
vn -0.9137 0.3937 0.1006
vn -0.8565 0.4972 0.1389
vn -0.8574 0.4976 0.1317
vn -0.8573 0.4976 0.1317
vn -0.8682 0.4816 0.1196
vn -0.8682 0.4815 0.1195
vn -0.8755 0.4722 0.1025
vn -0.8755 0.4722 0.1025
vn -0.8785 0.4705 0.0824
vn -0.8785 0.4706 0.0824
vn -0.8741 0.4815 0.0638
vn 0.8983 0.0903 0.4301
vn 0.903 0.085 0.4212
vn 0.9021 0.0861 0.4228
vn 0.8974 0.0912 0.4316
vn 0.3442 -0.8084 -0.4774
vn 0.3439 -0.8092 -0.4763
vn 0.3451 -0.8069 -0.4795
vn 0.3454 -0.8061 -0.4805
vn 0.8694 -0.3484 -0.3502
vn 0.8698 -0.347 -0.3508
vn 0.869 -0.3507 -0.349
vn 0.8688 -0.3521 -0.3483
vn 0.872 -0.0943 0.4803
vn 0.8728 -0.0936 0.479
vn 0.8683 -0.0975 0.4863
vn 0.8677 -0.0982 0.4873
vn 0.7681 -0.6303 -0.1129
vn 0.7168 -0.6919 -0.0861
vn 0.7138 -0.6946 -0.0897
vn 0.7674 -0.631 -0.1135
vn -0.488 -0.7595 -0.4302
vn -0.4835 -0.7643 -0.4267
vn -0.439 -0.7716 -0.4603
vn -0.4371 -0.7733 -0.4592
vn -0.4422 -0.7688 -0.462
vn 0.4162 -0.8435 0.3395
vn 0.4765 -0.8408 0.2568
vn 0.4765 -0.8408 0.2568
vn 0.4172 -0.8421 0.3418
vn 0.1583 -0.956 0.2469
vn 0.151 -0.957 0.2476
vn 0.1483 -0.9524 0.2663
vn 0.1356 -0.954 0.2675
vn 0.1433 -0.9536 0.2646
vn 0.1767 -0.9361 0.3042
vn 0.193 -0.9382 0.2874
vn 0.2251 -0.9278 0.2975
vn 0.2305 -0.9229 0.3085
vn 0.221 -0.9292 0.2961
vn 0.2301 -0.9296 0.288
vn 0.23 -0.9293 0.2889
vn 0.2341 -0.9302 0.2827
vn 0.2105 -0.9268 0.3111
vn 0.1044 -0.9448 0.3107
vn 0.1364 -0.9413 0.3089
vn 0.1364 -0.9413 0.3089
vn 0.1143 -0.9548 0.2744
vn 0.1143 -0.9548 0.2744
vn 0.0826 -0.9527 0.2925
vn 0.0893 -0.9566 0.2773
vn 0.0963 -0.9683 0.2306
vn 0.1282 -0.9655 0.2268
vn 0.1277 -0.9691 0.2112
vn 0.1428 -0.9637 0.2257
vn 0.1772 -0.9566 0.2313
vn 0.1563 -0.9593 0.2352
vn 0.5535 -0.566 0.611
vn 0.5362 -0.602 0.5917
vn 0.5281 -0.6211 0.5791
vn 0.5101 -0.6576 0.5543
vn 0.5077 -0.6586 0.5554
vn 0.5306 -0.6108 0.5877
vn 0.5377 -0.5886 0.6037
vn 0.552 -0.5615 0.6164
vn -0.1985 0.9089 -0.3666
vn -0.2013 0.9097 -0.3632
vn -0.1811 0.9265 -0.3298
vn -0.1792 0.9312 -0.3174
vn -0.1773 0.936 -0.3041
vn -0.1758 0.941 -0.2891
vn -0.2154 0.9399 -0.2648
vn -0.2069 0.9418 -0.2649
vn -0.212 0.9407 -0.265
vn -0.209 0.9427 -0.2602
vn -0.2038 0.9446 -0.2573
vn -0.2042 0.9446 -0.2569
vn -0.192 0.9401 -0.2816
vn -0.206 0.9385 -0.277
vn -0.1676 0.9402 -0.2964
vn -0.1777 0.9392 -0.294
vn -0.2013 0.9232 -0.3274
vn -0.1814 0.8876 -0.4235
vn -0.3917 0.8878 0.2418
vn -0.4219 0.8691 0.2582
vn -0.4234 0.8693 0.2549
vn -0.3572 0.9056 0.2286
vn -0.3573 0.9056 0.2286
vn -0.2632 -0.9467 0.1857
vn -0.2235 -0.9565 0.1875
vn -0.2233 -0.9563 0.1889
vn -0.2625 -0.9462 0.1892
vn -0.3004 -0.9348 0.1895
vn -0.3333 -0.9233 0.1907
vn -0.3336 -0.9234 0.1897
vn -0.3338 -0.9236 0.1887
vn -0.9819 -0.1759 0.0705
vn -0.9704 -0.2407 0.0172
vn -0.9704 -0.2407 0.0171
vn -0.9765 -0.214 0.0264
vn -0.9861 -0.1529 0.0653
vn -0.9847 -0.1471 0.093
vn -0.9847 -0.1471 0.093
vn 0.1932 -0.5653 -0.8019
vn 0.1728 -0.5992 -0.7817
vn 0.1731 -0.5998 -0.7812
vn 0.1936 -0.5659 -0.8014
vn 0.4289 0.1516 0.8905
vn 0.3695 0.1682 0.9139
vn 0.3715 0.1648 0.9137
vn 0.3857 0.1687 0.9071
vn 0.4686 0.1259 0.8744
vn 0.6729 0.0744 0.736
vn 0.636 -0.0802 0.7675
vn 0.6355 -0.0798 0.768
vn 0.6318 -0.0764 0.7714
vn 0.6406 -0.0186 0.7676
vn 0.6758 0.0721 0.7335
vn 0.6754 0.0723 0.7339
vn -0.269 -0.4753 0.8377
vn -0.269 -0.4753 0.8377
vn -0.2635 -0.4614 0.8471
vn -0.2635 -0.4614 0.8471
vn -0.3433 -0.9389 -0.0235
vn -0.3182 -0.9475 -0.0303
vn -0.3188 -0.9473 -0.0318
vn -0.3586 -0.9333 -0.0202
vn -0.3996 -0.9155 -0.0466
vn -0.4004 -0.9152 -0.046
vn -0.0955 0.7468 -0.6582
vn -0.0941 0.749 -0.6559
vn -0.1283 0.7502 -0.6486
vn -0.1616 0.7626 -0.6263
vn -0.1654 0.7694 -0.617
vn -0.1687 0.7673 -0.6187
vn -0.6634 0.1819 -0.7258
vn -0.6481 0.1559 -0.7455
vn -0.6481 0.1559 -0.7455
vn -0.6939 0.1591 -0.7022
vn -0.6917 0.166 -0.7029
vn -0.5566 -0.715 -0.4232
vn -0.5509 -0.7189 -0.424
vn -0.5831 -0.665 -0.4666
vn -0.5887 -0.6609 -0.4654
vn -0.0438 -0.6141 -0.788
vn -0.0435 -0.6145 -0.7877
vn -0.0362 -0.5826 -0.8119
vn -0.0363 -0.5824 -0.8121
vn 0.9767 0.0492 -0.2087
vn 0.9804 0.0778 -0.1813
vn 0.9839 0.1243 -0.1282
vn 0.9844 0.1218 -0.127
vn 0.981 0.074 -0.1796
vn 0.9781 0.0399 -0.2044
vn -0.7703 0.6341 -0.0673
vn -0.7304 0.6805 0.0594
vn -0.6845 0.7275 0.0465
vn -0.6871 0.7264 -0.0148
vn -0.7177 0.6918 -0.0796
vn -0.7743 0.6295 -0.0647
vn -0.9919 0.1266 0.0065
vn -0.9946 0.1034 0.0123
vn -0.9972 0.0739 -0.0131
vn -0.9984 0.0448 -0.0338
vn -0.9979 0.0392 -0.0522
vn -0.9979 0.0392 -0.0522
vn -0.997 0.0667 -0.0397
vn -0.6779 -0.4209 -0.6027
vn -0.7279 -0.4482 -0.519
vn -0.7105 -0.457 -0.5351
vn -0.6977 -0.4527 -0.5552
vn -0.7028 -0.436 -0.5621
vn -0.7123 -0.4226 -0.5603
vn -0.7148 -0.4303 -0.5512
vn -0.6973 -0.4555 -0.5534
vn -0.6735 -0.468 -0.5722
vn -0.6285 -0.4747 -0.6161
vn -0.628 -0.4589 -0.6286
vn -0.628 -0.4588 -0.6286
vn -0.6581 -0.4596 -0.5964
vn -0.6938 -0.4493 -0.5629
vn -0.7127 -0.4325 -0.5522
vn -0.7157 -0.4235 -0.5553
vn -0.6988 -0.4475 -0.5581
vn -0.7206 -0.4498 -0.5277
vn -0.6693 -0.3863 -0.6347
vn -0.6734 -0.3759 -0.6366
vn -0.6688 -0.3917 -0.6319
vn -0.6736 -0.3799 -0.634
vn -0.6712 -0.3841 -0.634
vn -0.6767 -0.3735 -0.6346
vn -0.6725 -0.384 -0.6327
vn -0.678 -0.3728 -0.6335
vn -0.674 -0.3833 -0.6315
vn -0.6815 -0.3644 -0.6346
vn -0.6754 -0.3818 -0.6309
vn -0.6784 -0.3768 -0.6307
vn -0.6738 -0.3903 -0.6275
vn -0.6742 -0.392 -0.626
vn -0.6752 -0.3375 -0.6559
vn -0.676 -0.3393 -0.6542
vn -0.6586 -0.388 -0.6447
vn -0.6382 -0.4061 -0.654
vn -0.633 -0.4661 -0.6181
vn -0.6324 -0.4585 -0.6244
vn -0.6614 -0.4598 -0.5926
vn -0.6602 -0.4581 -0.5952
vn 0.798 -0.3163 -0.513
vn 0.7985 -0.3139 -0.5137
vn 0.762 -0.384 -0.5214
vn 0.7615 -0.3861 -0.5207
vn -0.3577 -0.9338 0.0036
vn -0.3181 -0.948 -0.0067
vn -0.3181 -0.948 -0.0067
vn -0.3578 -0.9338 0.0036
vn -0.9458 -0.319 -0.0609
vn -0.947 -0.3155 -0.0607
vn -0.9491 -0.3149 0.003
vn -0.9636 -0.2669 0.0135
vn -0.9642 -0.2643 0.0235
vn -0.9583 -0.2852 0.0184
vn -0.9472 -0.3206 -0.0026
vn 0.4576 -0.2878 0.8413
vn 0.4595 -0.2939 0.8381
vn 0.4453 -0.3083 0.8406
vn 0.4455 -0.3074 0.8409
vn -0.1766 0.6534 0.7361
vn -0.1967 0.6302 0.7511
vn -0.1998 0.6331 0.7478
vn -0.1806 0.6571 0.7319
vn 0.9601 -0.0188 -0.2789
vn 0.9712 0.0159 -0.2378
vn 0.9708 0.0188 -0.2392
vn 0.9718 0.0113 -0.2357
vn 0.9615 -0.0321 -0.2729
vn -0.1939 -0.9482 0.2515
vn -0.2012 -0.9457 0.2553
vn -0.1569 -0.9443 0.2894
vn -0.1545 -0.9451 0.288
vn -0.5057 0.8537 0.1243
vn -0.5403 0.8298 0.1396
vn -0.5776 0.8008 0.1586
vn -0.5793 0.8002 0.1552
vn -0.541 0.8296 0.1381
vn -0.5068 0.8534 0.1219
vn 0.1558 -0.9306 0.3312
vn 0.1582 -0.9394 0.3041
vn 0.1578 -0.9396 0.3037
vn 0.1402 -0.9394 0.3129
vn 0.1798 -0.9243 0.3366
vn 0.1521 -0.9222 0.3555
vn 0.1515 -0.9231 0.3534
vn 0.1885 0.0817 0.9787
vn 0.1903 0.0821 0.9783
vn 0.1885 0.0817 0.9787
vn 0.1868 0.0813 0.979
vn -0.6289 0.696 -0.3465
vn -0.602 0.7483 -0.2788
vn -0.6005 0.7493 -0.2793
vn -0.6278 0.6981 -0.3443
vn -0.1604 0.7988 -0.5798
vn -0.1608 0.7988 -0.5797
vn -0.196 0.7669 -0.6111
vn -0.2072 0.7537 -0.6237
vn -0.2061 0.7533 -0.6245
vn -0.1934 0.7662 -0.6128
vn -0.49 0.1791 0.8531
vn -0.49 0.1791 0.8531
vn -0.49 0.1791 0.8531
vn -0.6016 0.109 0.7913
vn -0.6016 0.109 0.7913
vn -0.6016 0.109 0.7913
vn 0.8213 -0.5682 0.0517
vn 0.8207 -0.569 0.052
vn 0.8193 -0.5709 0.0529
vn 0.8275 -0.5543 0.0893
vn 0.8272 -0.5547 0.0895
vn 0.7262 -0.686 0.0451
vn 0.7599 -0.6457 0.0752
vn 0.7599 -0.6457 0.0752
vn 0.728 -0.6828 0.0623
vn 0.7262 -0.686 0.0452
vn -0.4197 -0.8846 0.2032
vn -0.4433 -0.8724 0.2059
vn -0.4433 -0.8724 0.2059
vn -0.4403 -0.8735 0.2079
vn -0.4401 -0.8733 0.2089
vn -0.4412 -0.8724 0.2105
vn -0.4408 -0.8722 0.2121
vn -0.4407 -0.8718 0.2137
vn -0.4403 -0.8716 0.2156
vn -0.4402 -0.8713 0.217
vn -0.4398 -0.871 0.2189
vn -0.4393 -0.871 0.22
vn -0.4389 -0.8707 0.2218
vn -0.4404 -0.8697 0.2227
vn -0.4401 -0.8695 0.2241
vn -0.4642 -0.8561 0.2274
vn -0.4639 -0.8559 0.2287
vn -0.385 -0.8972 0.2164
vn -0.3851 -0.8974 0.2154
vn -0.3569 -0.9095 0.2133
vn -0.357 -0.9096 0.2123
vn -0.3551 -0.9107 0.2111
vn -0.3553 -0.9109 0.2098
vn -0.3552 -0.9113 0.2084
vn -0.3554 -0.9115 0.2069
vn -0.3557 -0.9117 0.2055
vn -0.3559 -0.912 0.204
vn -0.3562 -0.9121 0.2027
vn -0.3564 -0.9123 0.2016
vn -0.3543 -0.9134 0.2004
vn -0.3545 -0.9135 0.1997
vn -0.3623 -0.9106 0.1987
vn -0.3623 -0.9106 0.1988
vn 0.1624 0.9736 -0.1601
vn 0.1772 0.971 -0.1602
vn 0.1555 0.9851 -0.0736
vn 0.1464 0.9862 -0.0767
vn 0.8287 0.5146 -0.2202
vn 0.8447 0.5051 -0.177
vn 0.8506 0.4995 -0.1641
vn 0.8507 0.501 -0.159
vn 0.8508 0.5024 -0.1541
vn 0.8329 0.5196 -0.1905
vn 0.8657 0.4249 -0.2645
vn 0.8606 0.436 -0.2632
vn 0.8522 0.4578 -0.2533
vn -0.8031 -0.0255 -0.5953
vn -0.7898 0.0244 -0.6129
vn -0.7898 0.0244 -0.6129
vn -0.7908 -0.0106 -0.612
vn -0.817 -0.1026 -0.5675
vn -0.817 -0.1026 -0.5675
vn -0.5153 0.6182 -0.5936
vn -0.5153 0.6182 -0.5936
vn -0.482 0.6587 -0.5778
vn -0.482 0.6587 -0.5778
vn 0.6846 -0.6804 0.2616
vn 0.6844 -0.6808 0.261
vn 0.685 -0.6795 0.2626
vn 0.6854 -0.679 0.2632
vn 0.0158 0.7661 0.6425
vn 0.0153 0.7667 0.6418
vn 0.0759 0.7961 0.6004
vn 0.0777 0.7941 0.6028
vn -0.8117 -0.5233 0.2593
vn -0.8173 -0.4841 0.3124
vn -0.8171 -0.4847 0.312
vn -0.8261 -0.4873 0.283
vn -0.7999 -0.5462 0.2488
vn -0.7958 -0.5577 0.2358
vn -0.788 -0.5787 0.21
vn -0.7746 -0.6083 0.1731
vn -0.7746 -0.6083 0.1731
vn -0.7985 -0.5599 0.2211
vn -0.561 -0.5691 -0.6011
vn -0.6191 -0.5306 -0.5789
vn -0.6602 -0.4581 -0.5952
vn -0.6614 -0.4598 -0.5926
vn -0.5939 -0.4808 -0.6451
vn -0.5944 -0.4857 -0.6409
vn -0.5946 -0.4874 -0.6395
vn -0.599 -0.7931 0.1103
vn -0.6 -0.7924 0.1099
vn -0.6298 -0.7645 0.1372
vn -0.6427 -0.7504 0.1545
vn -0.6865 -0.7129 0.1431
vn -0.6867 -0.7124 0.1447
vn -0.6719 -0.7261 0.1457
vn -0.6421 -0.7508 0.1548
vn 0.1102 -0.8604 0.4976
vn 0.0029 -0.8614 0.508
vn -0.0027 -0.8648 0.502
vn -0.0044 -0.869 0.4949
vn 0.0103 -0.8645 0.5026
vn -0.0027 -0.8674 0.4977
vn 0.0015 -0.8691 0.4947
vn 0.0015 -0.8691 0.4947
vn 0.0059 -0.8426 0.5385
vn 0.0691 -0.825 0.5609
vn 0.0738 -0.8219 0.5649
vn 0.0499 -0.8101 0.5842
vn 0.0162 -0.8025 0.5965
vn 0.023 -0.8143 0.58
vn -0.0067 -0.9044 0.4266
vn -0.0057 -0.9048 0.4258
vn -0.0067 -0.9057 0.4239
vn -0.0237 -0.9074 0.4196
vn -0.0792 -0.9281 0.3638
vn -0.0798 -0.9279 0.3642
vn -0.0527 -0.9186 0.3918
vn -0.024 -0.9066 0.4213
vn 0.5721 -0.8141 0.0998
vn 0.4981 -0.8601 0.1099
vn 0.4984 -0.8596 0.1129
vn 0.5724 -0.8135 0.1028
vn 0.5725 -0.8132 0.1046
vn 0.4004 -0.1594 0.9024
vn 0.4267 -0.1034 0.8984
vn 0.4375 -0.0791 0.8957
vn 0.4412 -0.0827 0.8936
vn 0.4286 -0.1055 0.8973
vn 0.4014 -0.1606 0.9017
vn 0.4422 -0.1651 0.8816
vn 0.4655 -0.1685 0.8688
vn 0.4629 -0.1613 0.8716
vn 0.4189 -0.1616 0.8935
vn -0.6909 0.7035 0.1664
vn -0.6911 0.7033 0.1662
vn -0.6788 0.7061 0.2015
vn -0.6484 0.7377 0.1882
vn -0.6475 0.738 0.19
vn -0.6878 0.7046 0.1745
vn 0.4042 -0.7179 0.5668
vn 0.3307 -0.7444 0.5801
vn 0.3306 -0.7442 0.5804
vn 0.4085 -0.7241 0.5557
vn 0.4868 -0.6875 0.5389
vn 0.4998 -0.6708 0.5479
vn 0.5059 -0.6692 0.5442
vn 0.477 -0.7031 0.5274
vn 0.3816 0.8723 -0.3057
vn 0.4389 0.8636 -0.2481
vn 0.4406 0.8629 -0.2475
vn 0.44 0.8668 -0.2346
vn 0.4041 0.8745 -0.2682
vn 0.3824 0.8779 -0.2883
vn 0.3816 0.8723 -0.3057
vn -0.8479 0.4481 -0.2834
vn -0.8229 0.5231 -0.222
vn -0.8252 0.5201 -0.2204
vn -0.8299 0.5054 -0.2364
vn 0.9624 -0.1491 -0.2269
vn 0.9673 -0.0959 -0.2348
vn 0.9792 -0.058 -0.1945
vn 0.977 -0.112 -0.1812
vn 0.4288 -0.8937 0.1323
vn 0.4288 -0.8937 0.1323
vn 0.4443 -0.8851 0.1389
vn 0.4442 -0.8851 0.1389
vn 0.0647 -0.9697 0.2357
vn 0.1482 -0.9548 0.2576
vn 0.1482 -0.9548 0.2576
vn 0.0391 -0.9488 0.3133
vn 0.0878 -0.9391 0.3321
vn 0.0601 -0.942 0.3303
vn 0.0601 -0.942 0.3303
vn 0.0909 -0.9216 0.3774
vn 0.0821 -0.9379 0.337
vn 0.0399 -0.946 0.3218
vn 0.0446 -0.957 0.2865
vn 0.0446 -0.957 0.2865
vn 0.0923 -0.9675 0.2356
vn 0.2991 -0.9386 0.1718
vn 0.2991 -0.9386 0.1718
vn 0.3165 -0.9323 0.1752
vn 0.3165 -0.9323 0.1752
vn 0.8861 -0.429 -0.1757
vn 0.875 -0.4538 -0.1685
vn 0.8752 -0.4536 -0.168
vn 0.8747 -0.4542 -0.169
vn 0.8869 -0.4284 -0.1731
vn 0.863 -0.5038 0.0385
vn 0.8584 -0.5113 0.0416
vn 0.8946 -0.4294 0.1234
vn 0.8946 -0.4294 0.1234
vn 0.8748 -0.479 0.0721
vn -0.0496 -0.2682 -0.9621
vn -0.05 -0.2652 -0.9629
vn -0.0498 -0.2663 -0.9626
vn -0.0493 -0.2691 -0.9618
vn -0.7325 -0.3919 -0.5567
vn -0.7017 -0.4059 -0.5856
vn -0.6915 -0.3943 -0.6053
vn -0.687 -0.3976 -0.6083
vn -0.6835 -0.4003 -0.6104
vn -0.6866 -0.3834 -0.6177
vn -0.7212 -0.365 -0.5888
vn -0.7185 -0.3633 -0.5931
vn -0.7187 -0.3627 -0.5932
vn -0.7672 -0.2725 -0.5806
vn -0.6976 -0.2706 -0.6634
vn -0.676 -0.3393 -0.6542
vn -0.6752 -0.3375 -0.6559
vn -0.6742 -0.392 -0.626
vn -0.6738 -0.3903 -0.6275
vn -0.6784 -0.3768 -0.6307
vn -0.6754 -0.3818 -0.6309
vn -0.6815 -0.3644 -0.6346
vn -0.674 -0.3833 -0.6315
vn -0.678 -0.3728 -0.6335
vn -0.6725 -0.384 -0.6327
vn -0.6767 -0.3735 -0.6346
vn -0.6712 -0.3841 -0.634
vn -0.6736 -0.3799 -0.634
vn -0.6688 -0.3917 -0.6319
vn -0.6734 -0.3759 -0.6366
vn -0.671 -0.3765 -0.6388
vn -0.722 -0.3578 -0.5922
vn -0.7275 -0.3206 -0.6066
vn -0.7517 -0.3383 -0.5661
vn -0.7467 -0.371 -0.552
vn 0.2104 -0.9769 0.0364
vn 0.2117 -0.9766 0.0377
vn 0.2081 -0.9775 0.0346
vn 0.2069 -0.9778 0.0333
vn -0.3923 -0.8602 0.3257
vn -0.4013 -0.8591 0.3177
vn -0.4002 -0.8592 0.3187
vn -0.3915 -0.8602 0.3269
vn 0.3813 0.7943 0.4729
vn 0.3813 0.7943 0.4729
vn 0.3964 0.7789 0.486
vn 0.3964 0.7789 0.486
vn -0.217 0.6081 0.7636
vn -0.2565 0.5645 0.7846
vn -0.2746 0.542 0.7943
vn -0.2757 0.5426 0.7935
vn -0.2216 0.6117 0.7594
vn -0.163 -0.9369 0.3093
vn -0.1641 -0.9366 0.3097
vn -0.1739 -0.9335 0.3137
vn -0.1728 -0.9338 0.3132
vn -0.9752 0.212 -0.0636
vn -0.9708 0.232 -0.0603
vn -0.9625 0.2495 -0.1067
vn -0.9663 0.2371 -0.1008
vn -0.9699 0.2089 -0.1248
vn -0.9687 0.1745 -0.1766
vn -0.9703 0.1782 -0.1636
vn -0.9825 0.1714 -0.0729
vn -0.9792 0.1866 -0.0798
vn -0.9843 0.168 -0.0532
vn -0.9846 0.164 -0.0604
vn -0.9877 0.1532 -0.0296
vn -0.9841 0.1738 -0.0356
vn -0.9842 0.1735 -0.0355
vn -0.9805 0.1943 -0.0294
vn 0.7561 -0.4486 -0.4766
vn 0.7564 -0.447 -0.4775
vn 0.7553 -0.4517 -0.4749
vn 0.7548 -0.4534 -0.4741
vn -0.1523 0.9874 0.0438
vn -0.112 0.9933 0.0289
vn -0.0756 0.9969 0.0214
vn 0.0049 0.9997 -0.025
vn 0.005 0.9997 -0.025
vn -0.0199 0.9987 -0.0473
vn -0.0071 0.9992 -0.0397
vn -0.0236 0.9982 -0.0548
vn -0.0203 0.9978 -0.0627
vn -0.0578 0.9947 -0.085
vn -0.057 0.9948 -0.0845
vn -0.098 0.9916 -0.0842
vn -0.1453 0.9863 -0.0786
vn -0.1282 0.9917 -0.0034
vn -0.1666 0.986 0.0124
vn -0.2423 0.8775 -0.4139
vn -0.2423 0.8775 -0.4139
vn -0.2184 0.8903 -0.3996
vn -0.2184 0.8903 -0.3996
vn 0.5061 -0.215 0.8353
vn 0.5063 -0.1896 0.8412
vn 0.4808 -0.1612 0.8619
vn 0.4833 -0.1693 0.8589
vn 0.5081 -0.2063 0.8362
vn 0.5065 -0.2299 0.831
vn 0.4993 -0.2525 0.8288
vn 0.4654 -0.3047 0.831
vn 0.466 -0.3 0.8324
vn 0.4964 -0.2566 0.8293
vn 0.5008 -0.2492 0.8289
vn -0.8851 0.4219 -0.1965
vn -0.8868 0.4191 -0.195
vn -0.8564 0.4174 -0.3039
vn -0.8555 0.4226 -0.2992
vn -0.9037 0.3232 -0.2807
vn -0.9041 0.3215 -0.2816
vn 0.61 -0.4908 0.6221
vn 0.567 -0.5484 0.6146
vn 0.568 -0.5508 0.6116
vn 0.5658 -0.5446 0.6191
vn 0.6372 -0.4493 0.6261
vn 0.6392 -0.4527 0.6217
vn 0.4911 -0.8455 0.2094
vn 0.489 -0.8463 0.2111
vn 0.4943 -0.8443 0.2069
vn 0.4966 -0.8434 0.2053
vn -0.8174 0.5382 -0.2055
vn -0.7891 0.599 -0.1359
vn -0.7796 0.6175 -0.1044
vn -0.7828 0.6138 -0.1022
vn -0.8207 0.5339 -0.2033
vn -0.2393 -0.7276 -0.6429
vn -0.3135 -0.7524 -0.5793
vn -0.2991 -0.7606 -0.5762
vn -0.2049 -0.7423 -0.6379
vn -0.2049 -0.7423 -0.638
vn 0.3975 0.0878 0.9134
vn 0.3996 0.1039 0.9108
vn 0.3925 0.1104 0.9131
vn 0.3506 0.1602 0.9227
vn 0.3477 0.1658 0.9228
vn 0.3187 0.1608 0.9341
vn 0.2617 0.1418 0.9547
vn 0.2143 0.1223 0.9691
vn 0.2265 0.0531 0.9726
vn 0.2269 0.0533 0.9725
vn 0.2918 0.022 0.9562
vn 0.3295 0.0417 0.9432
vn 0.3174 0.0225 0.948
vn 0.3223 0.0098 0.9466
vn 0.3436 0.0124 0.939
vn 0.346 0.0756 0.9352
vn -0.0442 -0.9111 0.4099
vn -0.0498 -0.9095 0.4127
vn -0.0117 -0.8961 0.4436
vn 0.0422 -0.8713 0.489
vn 0.043 -0.8715 0.4885
vn 0.0437 -0.8718 0.488
vn 0.0577 -0.8631 0.5018
vn 0.0507 -0.8518 0.5215
vn 0.0176 -0.8569 0.5152
vn 0.0179 -0.8651 0.5012
vn 0.0177 -0.8648 0.5019
vn 0.0107 -0.872 0.4893
vn 0.0204 -0.8699 0.4928
vn 0.0056 -0.8677 0.4971
vn 0.0221 -0.8661 0.4994
vn 0.0029 -0.8614 0.508
vn 0.1102 -0.8604 0.4976
vn 0.0521 -0.8988 0.4353
vn 0.0092 -0.9047 0.426
vn 0.0083 -0.9054 0.4245
vn 0.0258 -0.904 0.4268
vn 0.0414 -0.9017 0.4303
vn 0.0425 -0.901 0.4317
vn 0.0534 -0.8969 0.439
vn 0.0739 -0.8914 0.4473
vn 0.0924 -0.8832 0.4599
vn 0.111 -0.873 0.475
vn 0.1274 -0.8635 0.488
vn 0.1412 -0.8562 0.497
vn 0.1566 -0.8598 0.486
vn 0.1866 -0.8644 0.4669
vn 0.1095 -0.91 0.3999
vn 0.1188 -0.9096 0.3981
vn 0.1187 -0.9097 0.3978
vn 0.1098 -0.9004 0.421
vn 0.1727 -0.8973 0.4063
vn 0.1781 -0.8926 0.4143
vn 0.1781 -0.8926 0.4143
vn 0.1799 -0.8925 0.4135
vn 0.1799 -0.8925 0.4135
vn 0.1752 -0.8987 0.402
vn 0.1775 -0.8984 0.4018
vn 0.1857 -0.897 0.4013
vn 0.1595 -0.8963 0.4138
vn 0.1628 -0.8957 0.4138
vn 0.145 -0.8925 0.427
vn 0.1004 -0.9047 0.4141
vn 0.0952 -0.9073 0.4095
vn 0.0499 -0.9065 0.4193
vn 0.0513 -0.9059 0.4204
vn 0.043 -0.8957 0.4425
vn 0.043 -0.8957 0.4425
vn 0.0436 -0.8907 0.4525
vn -0.008 -0.8931 0.4498
vn -0.0229 -0.9765 0.2141
vn -0.076 -0.9784 0.1922
vn -0.1083 -0.9762 0.1876
vn -0.1084 -0.9764 0.1869
vn -0.1085 -0.9765 0.1861
vn -0.0473 -0.9802 0.1924
vn -0.0234 -0.979 0.2025
vn -0.0649 -0.9637 0.2589
vn -0.0624 -0.9633 0.2609
vn -0.0682 -0.963 0.2608
vn -0.086 -0.9626 0.2571
vn -0.0987 -0.9603 0.261
vn -0.0799 -0.963 0.2575
vn 0.0036 -0.973 0.2308
vn 0.022 -0.9802 0.197
vn 0.0742 -0.968 0.2397
vn -0.4561 -0.7524 -0.4753
vn -0.4561 -0.7524 -0.4753
vn -0.4561 -0.7524 -0.4753
vn -0.4561 -0.7524 -0.4753
vn 0.8917 -0.1439 -0.4291
vn 0.8917 -0.1439 -0.4291
vn 0.892 -0.1571 -0.4238
vn 0.892 -0.1571 -0.4238
vn -0.0587 0.2401 -0.969
vn -0.0587 0.2407 -0.9688
vn -0.0588 0.2393 -0.9692
vn -0.0589 0.2387 -0.9693
vn -0.9455 0.0976 -0.3105
vn -0.9708 -0.0188 -0.2393
vn -0.9701 -0.0225 -0.2417
vn -0.9533 0.0561 -0.2967
vn -0.9457 0.0991 -0.3095
vn -0.9458 0.1002 -0.3088
vn 0.2716 -0.9305 0.2459
vn 0.189 -0.934 0.3032
vn 0.1886 -0.9338 0.304
vn 0.2716 -0.9305 0.2459
vn 0.8527 -0.5212 0.0361
vn 0.8511 -0.5241 0.032
vn 0.8277 -0.5577 0.0623
vn 0.8277 -0.5576 0.063
vn 0.8277 -0.5579 0.061
vn 0.3498 -0.8604 0.3706
vn 0.3994 -0.8493 0.3452
vn 0.4015 -0.8468 0.3488
vn 0.3862 -0.8497 0.3591
vn 0.3499 -0.8601 0.3712
vn -0.9054 0.4233 -0.0313
vn -0.915 0.4029 -0.021
vn -0.9264 0.373 -0.0518
vn -0.9184 0.3908 -0.061
vn -0.416 -0.4843 -0.7696
vn -0.4157 -0.4862 -0.7687
vn -0.4158 -0.4854 -0.7691
vn -0.4162 -0.4838 -0.7699
vn 0.2684 -0.9389 0.2157
vn 0.2573 -0.9632 0.0783
vn 0.2573 -0.9632 0.0783
vn 0.3327 -0.9347 0.1252
vn 0.3327 -0.9347 0.1252
vn 0.2918 -0.9328 0.2113
vn 0.2684 -0.9389 0.2157
vn -0.4164 -0.2634 -0.8702
vn -0.4161 -0.2708 -0.8681
vn -0.4162 -0.2679 -0.8689
vn -0.4164 -0.2605 -0.8711
vn -0.9963 -0.0284 -0.0813
vn -0.998 0.018 -0.0603
vn -0.9986 0.0222 -0.0476
vn -0.9888 -0.0424 -0.1433
vn -0.9892 -0.0375 -0.1419
vn 0.085 -0.9578 0.2744
vn 0.1067 -0.9536 0.2814
vn 0.1209 -0.9578 0.2609
vn 0.118 -0.958 0.2613
vn 0.1396 -0.9607 0.24
vn 0.1312 -0.9616 0.241
vn 0.1334 -0.9614 0.2407
vn 0.1249 -0.968 0.2176
vn 0.0845 -0.9664 0.2426
vn 0.0715 -0.9813 0.1786
vn 0.0715 -0.9813 0.1786
vn 0.0673 -0.9841 0.1641
vn 0.0673 -0.9841 0.1641
vn 0.0677 -0.9863 0.1507
vn 0.0677 -0.9862 0.1508
vn 0.0372 -0.9855 0.1654
vn 0.0372 -0.9855 0.1654
vn 0.0551 -0.9864 0.1547
vn 0.0551 -0.9864 0.1547
vn 0.0544 -0.9828 0.1763
vn 0.0544 -0.9828 0.1763
vn 0.0219 -0.9773 0.2106
vn 0.0215 -0.9753 0.2198
vn 0.0029 -0.9808 0.1949
vn 0.0273 -0.9606 0.2767
vn 0.0263 -0.9606 0.2768
vn 0.0707 -0.9532 0.2941
vn 0.1735 -0.2336 -0.9567
vn 0.1732 -0.2318 -0.9572
vn 0.1732 -0.2324 -0.9571
vn 0.1738 -0.2342 -0.9565
vn -0.5337 -0.7961 -0.2852
vn -0.5337 -0.7961 -0.2852
vn -0.5246 -0.8047 -0.2779
vn -0.5246 -0.8047 -0.2779
vn 0.53 0.7104 -0.4631
vn 0.5064 0.7245 -0.4677
vn 0.4588 0.7765 -0.4319
vn 0.4589 0.7785 -0.4282
vn 0.4935 0.7521 -0.4367
vn 0.468 -0.0925 0.8789
vn 0.4837 -0.0791 0.8716
vn 0.4852 -0.081 0.8706
vn 0.4676 -0.0949 0.8788
vn 0.5015 -0.0311 0.8646
vn 0.4996 -0.0527 0.8647
vn -0.7886 0.3217 -0.524
vn -0.7886 0.3217 -0.524
vn -0.7938 0.2818 -0.539
vn -0.7938 0.2818 -0.539
vn 0.8305 -0.5536 -0.0613
vn 0.8604 -0.5073 -0.0489
vn 0.8548 -0.5132 -0.0766
vn 0.7921 -0.6011 -0.1067
vn 0.7921 -0.6011 -0.1067
vn 0.829 -0.5488 -0.1075
vn 0.8222 -0.5554 -0.1243
vn 0.8191 -0.5571 -0.1364
vn 0.852 -0.514 -0.1002
vn 0.852 -0.5139 -0.1001
vn 0.865 -0.49 -0.1082
vn 0.865 -0.49 -0.1082
vn 0.8636 -0.4917 -0.1112
vn 0.8703 -0.4792 -0.114
vn 0.858 -0.5051 -0.0929
vn 0.862 -0.5026 -0.0664
vn -0.4863 0.4292 -0.7611
vn -0.4912 0.3868 -0.7804
vn -0.4912 0.3862 -0.7807
vn -0.4638 0.4745 -0.7482
vn -0.4564 0.4995 -0.7363
vn -0.4571 0.4988 -0.7364
vn -0.255 -0.9518 0.1706
vn -0.2116 -0.9369 0.2782
vn -0.2025 -0.94 0.2745
vn -0.2584 -0.9389 0.2273
vn -0.23 -0.9374 0.2614
vn -0.2232 -0.9398 0.2586
vn -0.2163 -0.9383 0.2698
vn -0.2075 -0.9413 0.2664
vn -0.2217 -0.9397 0.2604
vn -0.2139 -0.9423 0.2574
vn -0.1703 -0.9517 0.2555
vn -0.2209 -0.9512 0.2153
vn -0.1089 -0.9702 0.2165
vn -0.2133 -0.9634 0.1623
vn -0.7486 0.6231 -0.2267
vn -0.7232 0.6803 -0.119
vn -0.7241 0.6794 -0.1184
vn -0.7556 0.6085 -0.2426
vn -0.7563 0.6077 -0.2422
vn -0.7542 0.6099 -0.2433
vn -0.2637 0.643 -0.719
vn -0.2741 0.6537 -0.7054
vn -0.2208 0.7394 -0.636
vn -0.2217 0.7396 -0.6354
vn -0.2425 0.7168 -0.6537
vn -0.2745 0.6302 -0.7263
vn -0.2745 0.6302 -0.7263
vn 0.2463 -0.9691 0.0134
vn 0.2611 -0.9645 0.0392
vn 0.2265 -0.9731 0.0414
vn 0.2465 -0.9688 0.0256
vn 0.2465 -0.9688 0.0257
vn 0.2464 -0.9686 0.033
vn 0.2464 -0.9686 0.0329
vn 0.2602 -0.9647 0.0414
vn 0.2602 -0.9647 0.0414
vn 0.202 -0.9718 0.1216
vn 0.202 -0.9718 0.1216
vn 0.1849 -0.977 0.1061
vn 0.1849 -0.977 0.1061
vn 0.1873 -0.9777 0.0948
vn 0.1873 -0.9777 0.0948
vn 0.2024 -0.9755 0.0862
vn 0.2024 -0.9755 0.0862
vn 0.1885 -0.9766 0.1036
vn 0.189 -0.9765 0.1036
vn 0.2027 -0.9744 0.0977
vn 0.2032 -0.9741 0.0993
vn 0.2154 -0.9712 0.1019
vn 0.2176 -0.9702 0.1064
vn 0.2058 -0.9743 0.0921
vn 0.2055 -0.9737 0.0985
vn 0.1952 -0.9776 0.078
vn 0.1361 -0.9868 0.0875
vn 0.1174 -0.9918 0.0506
vn 0.1088 -0.9936 0.0313
vn 0.2102 -0.967 0.1439
vn 0.2086 -0.9679 0.1403
vn 0.3235 -0.941 0.0992
vn 0.2947 -0.9555 0.012
vn 0.249 -0.9674 -0.0454
vn 0.2468 -0.9689 -0.0184
vn 0.2464 -0.969 -0.0164
vn 0.5775 -0.2189 0.7865
vn 0.5775 -0.2189 0.7865
vn 0.6083 -0.2699 0.7464
vn 0.6083 -0.2699 0.7464
vn 0.9821 -0.1265 0.1395
vn 0.9832 -0.1226 0.1352
vn 0.9832 -0.123 0.1351
vn 0.981 -0.1301 0.1436
vn 0.0167 0.9473 -0.32
vn 0.0021 0.9639 -0.2664
vn 0.019 0.9635 -0.2671
vn 0.0389 0.9659 -0.2559
vn 0.0201 0.9643 -0.2639
vn 0.0155 0.9582 -0.2856
vn 0.017 0.9582 -0.2857
vn 0.0462 0.9547 -0.294
vn 0.0458 0.9443 -0.326
vn 0.0459 0.9446 -0.3251
vn 0.0489 0.9372 -0.3455
vn 0.0535 0.9361 -0.3476
vn 0.0344 0.9361 -0.3501
vn 0.0394 0.9353 -0.3515
vn 0.0437 0.9264 -0.374
vn 0.0578 0.9261 -0.3728
vn 0.0587 0.9259 -0.3732
vn 0.1009 0.9315 -0.3495
vn 0.1012 0.9314 -0.3496
vn 0.0992 0.9285 -0.3579
vn 0.0995 0.9285 -0.3579
vn 0.105 0.9279 -0.3578
vn 0.1055 0.9277 -0.3581
vn 0.1007 0.9254 -0.3653
vn 0.1006 0.9255 -0.3652
vn 0.1286 0.9281 -0.3494
vn 0.1288 0.9279 -0.3498
vn 0.0885 0.94 -0.3294
vn -0.0038 0.9421 -0.3353
vn -0.0052 0.9418 -0.3361
vn -0.1153 -0.9921 0.0502
vn -0.1816 -0.9823 0.0454
vn -0.1764 -0.983 0.0515
vn -0.1136 -0.9922 0.0521
vn -0.1125 -0.9922 0.0535
vn -0.2089 -0.575 0.791
vn -0.2136 -0.5786 0.7872
vn -0.2013 -0.5094 0.8367
vn -0.2007 -0.5084 0.8374
vn -0.687 0.0237 -0.7262
vn -0.6874 0.0234 -0.7259
vn -0.6903 0.0037 -0.7235
vn -0.6856 -0.0107 -0.7279
vn -0.6751 -0.0361 -0.7368
vn -0.6559 -0.08 -0.7506
vn -0.6537 -0.1406 -0.7436
vn -0.6535 -0.1418 -0.7436
vn -0.6563 -0.1059 -0.747
vn -0.6724 -0.0251 -0.7398
vn -0.8955 0.4334 -0.101
vn -0.9029 0.4196 -0.0938
vn -0.9112 0.3956 -0.1149
vn -0.9232 0.3569 -0.1428
vn -0.9198 0.3641 -0.1463
vn 0.7325 -0.6761 0.079
vn 0.7277 -0.681 0.0814
vn 0.7255 -0.6871 0.0396
vn 0.7431 -0.6664 -0.0606
vn 0.751 -0.6595 -0.0333
vn 0.7872 -0.6163 -0.0227
vn 0.7756 -0.6307 -0.0251
vn 0.767 -0.641 0.0296
vn 0.7793 -0.6233 0.0647
vn 0.7786 -0.6241 0.0651
vn 0.7668 -0.6296 -0.1248
vn 0.7592 -0.6437 -0.0964
vn 0.7976 -0.5929 -0.1111
vn 0.7975 -0.5928 -0.112
vn 0.77 -0.6312 -0.0929
vn 0.7634 -0.6353 -0.1167
vn 0.7391 -0.6626 -0.1214
vn 0.5813 -0.7855 0.2123
vn 0.5327 -0.8317 0.1566
vn 0.5327 -0.8317 0.1566
vn 0.5447 -0.8206 0.173
vn 0.6083 -0.759 0.2322
vn 0.6111 -0.7569 0.2316
vn 0.6044 -0.7619 0.233
vn 0.5857 -0.4886 -0.6467
vn 0.6327 -0.4247 -0.6476
vn 0.6333 -0.4228 -0.6482
vn 0.5864 -0.4869 -0.6474
vn 0.8166 -0.5649 0.1182
vn 0.8256 -0.5458 0.1429
vn 0.8174 -0.5575 0.1451
vn 0.7855 -0.615 0.0687
vn 0.7855 -0.6151 0.0686
vn 0.8161 -0.5643 -0.1244
vn 0.8159 -0.5643 -0.1256
vn 0.8175 -0.564 -0.1169
vn 0.8177 -0.5639 -0.1157
vn 0.0763 -0.0745 0.9943
vn 0.077 -0.0741 0.9943
vn 0.0805 -0.0722 0.9941
vn 0.1199 -0.1038 0.9873
vn 0.1687 -0.1631 0.9721
vn 0.1707 -0.1622 0.9719
vn 0.1777 -0.1571 0.9715
vn 0.9302 -0.2703 -0.2484
vn 0.9303 -0.2692 -0.2489
vn 0.9299 -0.2719 -0.2475
vn 0.9298 -0.2729 -0.247
vn 0.1709 -0.9381 0.3013
vn 0.1691 -0.9392 0.299
vn 0.1739 -0.9361 0.3056
vn 0.1757 -0.935 0.308
vn 0.7517 -0.2891 0.5927
vn 0.7538 -0.2938 0.5877
vn 0.7327 -0.3183 0.6016
vn 0.7318 -0.3173 0.6032
vn 0.3877 -0.1723 -0.9055
vn 0.3876 -0.1689 -0.9062
vn 0.388 -0.1783 -0.9043
vn 0.388 -0.1818 -0.9035
vn 0.1043 0.8031 0.5866
vn 0.091 0.7993 0.594
vn 0.0903 0.7998 0.5935
vn 0.1144 0.8065 0.5801
vn 0.1466 0.8137 0.5624
vn 0.1627 0.8145 0.5568
vn 0.1627 0.8145 0.5569
vn 0.1467 0.8138 0.5624
vn 0.2265 0.793 -0.5655
vn 0.2265 0.793 -0.5655
vn 0.1681 0.8454 -0.5069
vn 0.1387 0.8652 -0.4819
vn 0.1389 0.8668 -0.4789
vn 0.1935 0.8297 -0.5236
vn -0.025 -0.8363 -0.5477
vn -0.0243 -0.8383 -0.5446
vn -0.0245 -0.8376 -0.5458
vn -0.0252 -0.8356 -0.5488
vn 0.7833 -0.6181 -0.0659
vn 0.7902 -0.6117 -0.0385
vn 0.7902 -0.6117 -0.0384
vn 0.7832 -0.6183 -0.0659
vn -0.5426 -0.7556 -0.367
vn -0.5635 -0.7514 -0.3433
vn -0.583 -0.7346 -0.347
vn -0.5753 -0.7469 -0.3334
vn -0.5634 -0.7517 -0.3429
vn -0.5532 -0.7542 -0.3537
vn -0.5351 -0.7505 -0.3879
vn -0.5171 -0.7544 -0.4043
vn -0.5167 -0.7548 -0.4041
vn -0.5173 -0.7541 -0.4045
vn -0.2544 -0.2781 -0.9263
vn -0.2543 -0.2795 -0.9259
vn -0.2544 -0.2786 -0.9261
vn -0.2545 -0.2775 -0.9264
vn 0.6325 -0.7688 -0.0945
vn 0.5872 -0.8037 -0.0964
vn 0.6386 -0.7661 -0.0724
vn 0.5955 -0.8006 -0.0666
vn 0.6294 -0.7752 -0.0538
vn 0.6197 -0.7808 -0.0794
vn 0.5635 -0.8211 -0.0912
vn 0.6045 -0.7906 -0.0982
vn 0.569 -0.8203 -0.0578
vn 0.6075 -0.792 -0.061
vn 0.8737 0.1654 -0.4575
vn 0.8864 0.2216 -0.4065
vn 0.8966 0.1972 -0.3964
vn 0.8828 0.1408 -0.4481
vn 0.8828 0.1408 -0.4481
vn -0.8914 -0.0465 -0.4507
vn -0.9044 -0.1426 -0.4022
vn -0.9032 -0.145 -0.4041
vn -0.893 -0.0413 -0.4481
vn -0.894 -0.0381 -0.4465
vn 0.6934 -0.6888 0.2116
vn 0.6934 -0.6888 0.2116
vn 0.6959 -0.6819 0.2252
vn 0.6785 -0.6793 0.2795
vn 0.6826 -0.6612 0.3111
vn 0.682 -0.6626 0.3096
vn -0.4538 -0.8475 -0.2755
vn -0.4538 -0.8475 -0.2755
vn -0.3796 -0.9008 -0.2109
vn -0.3779 -0.9015 -0.211
vn -0.6098 -0.7427 0.2767
vn -0.6096 -0.7429 0.2765
vn -0.5382 -0.8092 0.2357
vn -0.4795 -0.8494 0.2203
vn -0.4136 -0.8873 0.2043
vn -0.4137 -0.8878 0.2016
vn -0.4367 -0.8757 0.2057
vn -0.5198 -0.8241 0.225
vn -0.4845 -0.8436 0.2314
vn -0.4846 -0.8438 0.2304
vn -0.4629 -0.857 0.2265
vn -0.4632 -0.8572 0.2253
vn -0.4615 -0.8585 0.2237
vn -0.4619 -0.8587 0.2221
vn -0.462 -0.859 0.2205
vn -0.4624 -0.8592 0.2188
vn -0.4632 -0.8593 0.217
vn -0.4636 -0.8595 0.2154
vn -0.4636 -0.8599 0.2136
vn -0.4639 -0.8601 0.2124
vn -0.4628 -0.8611 0.2108
vn -0.4629 -0.8611 0.2101
vn -0.464 -0.8615 0.206
vn -0.4636 -0.8614 0.2077
vn -0.5058 -0.8363 0.2115
vn -0.2452 -0.969 0.0288
vn -0.2855 -0.9577 0.0353
vn -0.2855 -0.9577 0.0353
vn -0.2277 -0.9724 0.0503
vn -0.2277 -0.9724 0.0503
vn 0.8569 0.33 0.396
vn 0.8569 0.33 0.396
vn 0.8569 0.33 0.396
vn 0.9062 0.2707 0.3249
vn 0.9062 0.2707 0.3249
vn 0.9062 0.2707 0.3249
vn -0.0386 -0.6978 -0.7152
vn -0.0386 -0.6978 -0.7152
vn 0.0236 -0.7265 -0.6868
vn 0.0314 -0.7258 -0.6872
vn -0.9788 0.1253 -0.1621
vn -0.9726 0.0941 -0.2126
vn -0.9859 0.0339 -0.1641
vn -0.9877 0.1457 -0.0573
vn -0.9877 0.1457 -0.0573
vn -0.9906 0.1268 -0.0518
vn -0.9874 0.1392 -0.0749
vn -0.987 0.1449 -0.0697
vn -0.9821 0.1648 -0.0907
vn -0.9847 0.152 -0.085
vn 0.7059 -0.3818 0.5966
vn 0.7059 -0.3817 0.5966
vn 0.7042 -0.3687 0.6068
vn 0.7042 -0.3687 0.6067
vn -0.537 0.835 -0.1203
vn -0.5224 0.8524 -0.0214
vn -0.5204 0.8536 -0.0215
vn -0.5149 0.857 -0.0219
vn -0.5339 0.8418 -0.0804
vn -0.5317 0.8381 -0.1221
vn 0.7937 -0.5654 0.2245
vn 0.7935 -0.566 0.2238
vn 0.7942 -0.5641 0.2259
vn 0.7945 -0.5634 0.2266
vn -0.9116 0.2241 -0.3447
vn -0.933 0.1521 -0.3262
vn -0.9329 0.1498 -0.3276
vn -0.9331 0.1563 -0.3238
vn -0.9112 0.2298 -0.3418
vn -0.9111 0.233 -0.3401
vn 0.2932 0.8123 0.5041
vn 0.2975 0.8078 0.5089
vn 0.2422 0.8013 0.547
vn 0.2132 0.8109 0.545
vn 0.1807 0.8148 0.5509
vn 0.1808 0.8146 0.5511
vn 0.1804 0.815 0.5507
vn 0.2288 0.804 0.5489
vn 0.255 0.7943 0.5514
vn -0.4423 -0.2932 0.8476
vn -0.4423 -0.2932 0.8476
vn -0.4423 -0.2932 0.8476
vn -0.4837 -0.4171 0.7694
vn -0.4838 -0.4172 0.7693
vn -0.4837 -0.4171 0.7694
vn 0.9668 -0.1948 0.1655
vn 0.9689 -0.2128 0.1265
vn 0.9783 -0.1793 0.1043
vn 0.9722 -0.2118 0.1
vn 0.9809 -0.1797 0.0748
vn 0.9774 -0.1954 0.0814
vn 0.983 -0.1755 0.0543
vn 0.9794 -0.1926 0.0613
vn 0.9844 -0.1643 0.0628
vn 0.9632 -0.2489 0.1013
vn 0.9667 -0.2361 0.0988
vn 0.9613 -0.2462 0.1238
vn 0.9613 -0.2464 0.1237
vn 0.9747 -0.2177 0.0511
vn 0.9733 -0.2132 0.0853
vn 0.9701 -0.1917 0.1489
vn 0.9699 -0.1913 0.1505
vn 0.9645 -0.2004 0.1717
vn 0.9647 -0.1985 0.1733
vn 0.9684 -0.19 0.1616
vn 0.3217 -0.9341 0.155
vn 0.3228 -0.9308 0.1713
vn 0.3228 -0.9308 0.1713
vn 0.2837 -0.9466 0.1534
vn 0.2832 -0.9476 0.1478
vn -0.6673 -0.6423 -0.3772
vn -0.6673 -0.6423 -0.3772
vn -0.6911 -0.6088 -0.3895
vn -0.6916 -0.6084 -0.3894
vn -0.4289 0.7975 -0.4243
vn -0.4289 0.7975 -0.4243
vn -0.3988 0.822 -0.4065
vn -0.3988 0.822 -0.4066
vn -0.084 0.9132 -0.3988
vn -0.0864 0.9123 -0.4003
vn -0.0792 0.915 -0.3956
vn -0.0768 0.9158 -0.3941
vn 0.6951 -0.6601 -0.2847
vn 0.695 -0.6604 -0.2844
vn 0.6951 -0.6601 -0.2847
vn 0.6953 -0.6599 -0.2849
vn -0.784 0.541 -0.3044
vn -0.7592 0.5967 -0.2597
vn -0.7611 0.5948 -0.2587
vn -0.7947 0.5173 -0.3176
vn -0.7953 0.515 -0.3196
vn -0.7966 0.4686 0.382
vn -0.7966 0.4686 0.382
vn -0.7852 0.478 0.3936
vn -0.7853 0.478 0.3935
vn -0.9518 0.0656 0.2995
vn -0.9522 0.0631 0.2988
vn -0.9521 0.0638 0.2991
vn -0.9517 0.0663 0.2996
vn 0.8678 -0.4944 0.0488
vn 0.8755 -0.4782 0.0693
vn 0.8752 -0.4787 0.0702
vn 0.8695 -0.4907 0.0562
vn 0.8734 -0.4836 0.0568
vn 0.8756 -0.4799 0.0552
vn 0.1879 0.9817 0.0314
vn 0.1879 0.9817 0.0314
vn 0.2059 0.9776 0.0428
vn 0.2059 0.9776 0.0428
vn -0.4538 0.8484 0.2726
vn -0.4856 0.824 0.2919
vn -0.4878 0.8243 0.2875
vn -0.4553 0.8486 0.2695
vn -0.0052 0.7649 -0.6441
vn -0.0052 0.7654 -0.6436
vn -0.0053 0.764 -0.6452
vn -0.0505 0.7542 -0.6547
vn -0.0506 0.754 -0.6549
vn -0.0505 0.7541 -0.6548
vn -0.3228 -0.9063 -0.273
vn -0.3226 -0.906 -0.274
vn -0.3229 -0.9072 -0.2696
vn -0.323 -0.9075 -0.2686
vn 0.5422 -0.7878 0.2923
vn 0.5422 -0.7878 0.2923
vn 0.5422 -0.7878 0.2923
vn 0.5422 -0.7878 0.2923
vn 0.554 -0.8152 0.1686
vn 0.5541 -0.8152 0.1686
vn 0.5678 -0.8139 0.123
vn 0.5816 -0.8048 0.1183
vn 0.5816 -0.8048 0.1183
vn 0.5744 -0.8023 0.1621
vn -0.3477 -0.764 -0.5434
vn -0.397 -0.7668 -0.5044
vn -0.3856 -0.7755 -0.4999
vn -0.3433 -0.7671 -0.542
vn -0.341 -0.7695 -0.54
vn -0.6461 0.7628 -0.024
vn -0.5887 0.8076 -0.0341
vn -0.6057 0.7886 -0.1063
vn -0.6634 0.7424 -0.093
vn -0.6634 0.7424 -0.0929
vn 0.1889 -0.9713 0.1446
vn 0.184 -0.9727 0.1417
vn 0.238 -0.9605 0.144
vn 0.2385 -0.9597 0.1484
vn 0.239 -0.9589 0.153
vn -0.411 -0.5446 -0.7311
vn -0.3944 -0.6255 -0.6732
vn -0.3943 -0.6256 -0.6731
vn -0.4112 -0.5441 -0.7313
vn -0.7174 -0.6342 -0.2883
vn -0.7174 -0.6342 -0.2883
vn -0.7174 -0.6342 -0.2883
vn -0.6532 -0.7221 -0.2279
vn -0.6532 -0.7221 -0.2279
vn -0.6532 -0.7221 -0.2279
vn 0.5072 0.8504 -0.1398
vn 0.5205 0.8515 -0.0636
vn 0.5168 0.8537 -0.0648
vn 0.4997 0.8547 -0.1404
vn 0.221 0.7255 -0.6518
vn 0.1674 0.702 -0.6922
vn 0.1683 0.701 -0.693
vn 0.1663 0.7038 -0.6907
vn 0.2161 0.7298 -0.6486
vn 0.0974 -0.919 0.382
vn 0.0974 -0.919 0.382
vn 0.0923 -0.9211 0.3781
vn 0.0557 -0.9297 0.364
vn 0.0825 -0.928 0.3634
vn 0.0469 -0.9347 0.3523
vn 0.084 -0.9356 0.3429
vn 0.0533 -0.9334 0.3548
vn 0.0648 -0.9363 0.3452
vn 0.0287 -0.934 0.3562
vn 0.1002 -0.9325 0.3469
vn 0.0416 -0.9318 0.3607
vn 0.0732 -0.9457 0.3167
vn 0.0019 -0.9639 0.2661
vn 0.0044 -0.9639 0.2661
vn -0.0257 -0.9741 0.2245
vn -0.0099 -0.9683 0.2495
vn -0.0045 -0.9703 0.242
vn 0.0175 -0.9582 0.2856
vn 0.0175 -0.9582 0.2856
vn -0.0193 -0.947 0.3206
vn -0.0049 -0.9446 0.3283
vn -0.0427 -0.9362 0.349
vn -0.0474 -0.9338 0.3545
vn -0.0043 -0.9429 0.3331
vn -0.0713 -0.9483 0.3093
vn -0.071 -0.9482 0.3096
vn -0.0759 -0.9495 0.3045
vn -0.0759 -0.9495 0.3045
vn -0.0835 -0.9476 0.3084
vn -0.0835 -0.9476 0.3084
vn -0.0767 -0.9473 0.3111
vn -0.0762 -0.9463 0.3141
vn -0.0637 -0.9452 0.3202
vn -0.0789 -0.9417 0.3272
vn -0.0591 -0.9403 0.3351
vn -0.0858 -0.9377 0.3367
vn -0.0467 -0.9369 0.3464
vn -0.0787 -0.9385 0.3361
vn -0.0525 -0.9423 0.3307
vn -0.0668 -0.9459 0.3176
vn -0.0738 -0.9449 0.3189
vn -0.0885 -0.9279 0.3622
vn -0.0885 -0.9279 0.3622
vn -0.0854 -0.929 0.36
vn -0.0969 -0.9259 0.3651
vn -0.0931 -0.9272 0.3629
vn -0.1036 -0.9243 0.3674
vn -0.1033 -0.927 0.3605
vn -0.1127 -0.9244 0.3645
vn -0.0543 -0.9094 0.4123
vn -0.0539 -0.9096 0.4119
vn 0.0283 -0.9007 0.4336
vn 0.0363 -0.9008 0.4328
vn 0.0361 -0.9006 0.4331
vn 0.0513 -0.9059 0.4204
vn 0.0499 -0.9065 0.4193
vn 0.011 -0.9987 -0.0502
vn 0.0107 -0.9986 -0.0519
vn 0.0108 -0.9986 -0.0513
vn 0.0111 -0.9987 -0.0494
vn 0.0662 -0.9967 0.0475
vn 0.0679 -0.9965 0.0491
vn 0.0636 -0.997 0.045
vn 0.062 -0.9971 0.0434
vn -0.5211 -0.7674 -0.3735
vn -0.5195 -0.7685 -0.3736
vn -0.5126 -0.7727 -0.3742
vn -0.5142 -0.7718 -0.374
vn 0.7592 -0.6469 -0.0715
vn 0.7935 -0.6061 -0.0556
vn 0.7856 -0.6127 -0.0865
vn 0.7512 -0.6525 -0.0998
vn -0.2094 -0.8164 -0.5382
vn -0.2101 -0.8148 -0.5404
vn -0.2097 -0.8154 -0.5395
vn -0.2088 -0.817 -0.5375
vn 0.5941 -0.0902 -0.7993
vn 0.5937 -0.0875 -0.7999
vn 0.5946 -0.0947 -0.7984
vn 0.595 -0.0973 -0.7978
vn -0.9342 0.2446 -0.2599
vn -0.9531 0.1823 -0.2415
vn -0.9531 0.182 -0.2418
vn -0.9548 0.2363 -0.1803
vn -0.9513 0.2739 -0.1415
vn -0.9237 0.3483 -0.1594
vn -0.9259 0.3436 -0.157
vn -0.9282 0.3299 -0.1724
vn -0.6119 -0.5796 -0.5382
vn -0.6412 -0.5394 -0.5458
vn -0.6475 -0.5345 -0.5432
vn -0.637 -0.5603 -0.5294
vn -0.6119 -0.5892 -0.5276
vn -0.9059 -0.2876 -0.3109
vn -0.9059 -0.2876 -0.3109
vn -0.8725 -0.353 -0.3379
vn -0.8725 -0.353 -0.3379
vn 0.5311 -0.847 -0.0236
vn 0.5293 -0.848 -0.0253
vn 0.5335 -0.8455 -0.0214
vn 0.5352 -0.8445 -0.0197
vn -0.9324 0.3517 0.0832
vn -0.9247 0.3718 0.0814
vn -0.9247 0.3718 0.0815
vn -0.9219 0.3781 0.0842
vn -0.9219 0.3781 0.0842
vn -0.9323 0.3548 0.0708
vn -0.9322 0.3548 0.0708
vn -0.9366 0.3456 0.0575
vn -0.9366 0.3456 0.0575
vn -0.9353 0.3516 0.0405
vn -0.9353 0.3515 0.0405
vn -0.9316 0.3627 -0.023
vn -0.94 0.341 -0.0123
vn -0.9497 0.3105 -0.0418
vn -0.9427 0.3296 -0.0515
vn -0.9573 0.2889 -0.0063
vn -0.9504 0.3107 -0.0167
vn -0.9599 0.2795 0.023
vn -0.9524 0.3046 0.0122
vn -0.9584 0.282 0.0433
vn -0.9497 0.3114 0.0322
vn -0.9553 0.2939 0.0321
vn -0.9553 0.2939 0.0321
vn -0.9571 0.2882 0.0308
vn -0.9571 0.2881 0.0308
vn -0.9506 0.307 0.0465
vn -0.9506 0.307 0.0466
vn -0.9324 0.3517 0.0832
vn -0.5582 -0.5216 -0.6452
vn -0.6103 -0.4761 -0.6331
vn -0.6103 -0.4761 -0.6331
vn -0.5801 -0.4799 -0.6582
vn -0.5614 -0.5222 -0.642
vn -0.6375 -0.57 -0.5183
vn -0.6123 -0.6127 -0.4997
vn -0.606 -0.6174 -0.5015
vn -0.6396 -0.5541 -0.5328
vn 0.5807 -0.5499 -0.6003
vn 0.5812 -0.5481 -0.6014
vn 0.5796 -0.5534 -0.5982
vn 0.579 -0.5552 -0.5971
vn -0.7647 0.078 -0.6396
vn -0.7286 0.1309 -0.6723
vn -0.7286 0.1309 -0.6723
vn -0.735 0.1053 -0.6698
vn -0.7693 0.0457 -0.6373
vn 0.8347 0.0927 -0.5429
vn 0.8347 0.0927 -0.5428
vn 0.8406 0.0737 -0.5367
vn 0.8406 0.0736 -0.5366
vn 0.1783 -0.9312 0.3178
vn 0.1216 -0.9502 0.287
vn 0.1216 -0.9502 0.287
vn 0.1096 -0.9462 0.3046
vn 0.0869 -0.9498 0.3005
vn 0.0907 -0.9443 0.3162
vn 0.0416 -0.9318 0.3607
vn 0.1002 -0.9325 0.3469
vn 0.0775 -0.9321 0.3538
vn 0.1032 -0.9309 0.3505
vn 0.0913 -0.9283 0.3606
vn 0.1214 -0.9285 0.3508
vn 0.0982 -0.9329 0.3464
vn 0.1367 -0.9238 0.3575
vn 0.1108 -0.9275 0.3571
vn 0.1247 -0.9185 0.3751
vn 0.1354 -0.9061 0.4009
vn 0.1373 -0.9058 0.4009
vn 0.158 -0.9077 0.3888
vn 0.1558 -0.908 0.389
vn 0.1797 -0.9066 0.3818
vn 0.1782 -0.9068 0.382
vn 0.2016 -0.9324 0.2999
vn 0.201 -0.9324 0.3003
vn 0.1978 -0.9325 0.3022
vn -0.5099 -0.6589 -0.5531
vn -0.5101 -0.6586 -0.5533
vn -0.511 -0.6597 -0.5511
vn -0.5112 -0.6596 -0.551
vn -0.589 0.7343 0.3375
vn -0.6184 0.7035 0.3501
vn -0.6189 0.7035 0.3493
vn -0.5891 0.7343 0.3372
vn -0.1339 0.6233 -0.7705
vn -0.0548 0.6366 -0.7693
vn -0.0548 0.6368 -0.7691
vn -0.0548 0.6366 -0.7692
vn -0.1327 0.6255 -0.7689
vn -0.1322 0.6269 -0.7678
vn 0.6542 -0.6806 0.3297
vn 0.667 -0.6735 0.3187
vn 0.6684 -0.671 0.321
vn 0.6047 -0.718 0.3446
vn 0.6047 -0.7179 0.3449
vn -0.2414 0.6311 -0.7372
vn -0.2414 0.6311 -0.7372
vn -0.2504 0.6184 -0.7449
vn -0.2013 0.6173 -0.7606
vn -0.1986 0.6217 -0.7577
vn 0.5116 -0.8208 0.254
vn 0.5595 -0.8043 0.2001
vn 0.5595 -0.8043 0.2001
vn 0.5116 -0.8208 0.254
vn -0.2768 -0.9599 -0.0454
vn -0.2044 -0.9773 -0.0566
vn -0.2046 -0.9772 -0.0573
vn -0.2054 -0.9769 -0.0589
vn -0.2755 -0.9604 -0.0426
vn -0.2746 -0.9607 -0.0407
vn 0.5264 -0.7615 0.3781
vn 0.524 -0.7534 0.3971
vn 0.531 -0.7468 0.4005
vn 0.5981 -0.7309 0.3286
vn 0.5981 -0.7329 0.3243
vn 0.5273 -0.7483 0.4026
vn 0.5341 -0.7576 0.3752
vn 0.5472 -0.7654 0.3387
vn 0.5399 -0.7691 0.342
vn 0.418 -0.8874 0.1942
vn 0.4403 -0.8778 0.1888
vn 0.4403 -0.8778 0.1888
vn 0.4224 -0.8779 0.2257
vn 0.3343 -0.8959 0.2925
vn 0.3343 -0.8959 0.2925
vn 0.3692 -0.8875 0.2758
vn 0.9912 -0.0074 -0.1323
vn 0.9918 -0.0593 -0.1134
vn 0.9857 -0.0845 -0.1457
vn 0.9864 -0.033 -0.1613
vn 0.0254 -0.8406 -0.5411
vn 0.0182 -0.8416 -0.5399
vn 0.0199 -0.8414 -0.5401
vn 0.027 -0.8403 -0.5415
vn 0.994 -0.1092 0.0032
vn 0.992 -0.1135 0.0556
vn 0.9925 -0.1118 0.0497
vn 0.9925 -0.1137 0.0441
vn 0.993 -0.1126 0.0345
vn 0.993 -0.1138 0.031
vn 0.9918 -0.1249 0.0268
vn 0.9908 -0.1332 0.0226
vn 0.9897 -0.1426 0.0141
vn 0.9898 -0.1386 0.0341
vn 0.99 -0.1374 0.0334
vn 0.9898 -0.1418 0.0144
vn 0.991 -0.1323 0.0215
vn 0.9919 -0.1242 0.0257
vn 0.993 -0.1132 0.0323
vn 0.9931 -0.1116 0.0365
vn 0.9925 -0.1125 0.0479
vn 0.9925 -0.1115 0.0509
vn 0.9921 -0.1121 0.0559
vn 0.9948 -0.0989 0.0238
vn 0.9918 -0.1249 -0.0265
vn 0.9919 -0.1243 -0.0267
vn 0.9061 0.4173 0.0697
vn 0.9068 0.416 0.069
vn 0.9036 0.4222 0.0725
vn 0.9029 0.4235 0.0731
vn 0.5497 0.6813 -0.4835
vn 0.5762 0.6455 -0.5013
vn 0.5698 0.632 -0.5253
vn 0.5698 0.632 -0.5253
vn 0.5272 0.6959 -0.4877
vn 0.2752 -0.9105 0.3087
vn 0.2741 -0.9114 0.3071
vn 0.2771 -0.909 0.3114
vn 0.2782 -0.9082 0.3128
vn 0.1227 -0.9922 -0.0236
vn 0.1225 -0.9924 -0.014
vn 0.1225 -0.9923 -0.0176
vn 0.1227 -0.9921 -0.0272
vn -0.1959 0.9696 -0.1468
vn -0.2283 0.9673 -0.1103
vn -0.2556 0.9634 -0.0806
vn -0.2421 0.9696 -0.0358
vn -0.2251 0.9725 -0.0601
vn -0.241 0.9689 -0.0558
vn -0.231 0.9717 -0.0498
vn -0.2445 0.9681 -0.0552
vn -0.2204 0.9748 -0.0342
vn -0.2283 0.9728 -0.039
vn -0.1805 0.9834 -0.0203
vn -0.1854 0.9824 -0.0239
vn -0.1472 0.9883 -0.0393
vn -0.1774 0.9784 -0.1064
vn -0.1666 0.9768 -0.1346
vn -0.1957 0.9712 -0.136
vn -0.1912 0.9714 -0.1407
vn -0.2009 0.9697 -0.1391
vn -0.1977 0.9697 -0.1438
vn -0.2226 0.9697 -0.1007
vn -0.1812 0.9738 -0.1377
vn -0.1838 0.9755 -0.1209
vn -0.1838 0.9755 -0.121
vn -0.187 0.9781 -0.0914
vn -0.1541 0.9797 -0.1279
vn -0.1642 0.9814 -0.0992
vn -0.7557 -0.4112 -0.5097
vn -0.7557 -0.4112 -0.5097
vn -0.7712 -0.428 -0.4712
vn -0.7712 -0.428 -0.4712
vn -0.9652 0.1338 -0.2249
vn -0.9703 0.1782 -0.1636
vn -0.9687 0.1745 -0.1766
vn -0.9652 0.1334 -0.2251
vn -0.1826 -0.9652 0.1872
vn -0.1828 -0.9654 0.1862
vn -0.1459 -0.9716 0.1863
vn -0.1458 -0.9715 0.1869
vn -0.1457 -0.9714 0.1875
vn -0.1825 -0.965 0.1882
vn 0.0363 0.7762 -0.6294
vn 0.0364 0.7758 -0.63
vn -0.0124 0.788 -0.6156
vn -0.0125 0.7877 -0.6159
vn -0.0266 0.8303 -0.5567
vn 0.0023 0.8695 -0.4939
vn 0.0006 0.8675 -0.4974
vn 0.0263 0.8739 -0.4854
vn 0.0596 0.853 -0.5186
vn 0.1067 0.821 -0.5609
vn 0.1081 0.8123 -0.5732
vn 0.0957 0.8026 -0.5888
vn 0.6112 -0.7912 -0.0213
vn 0.6112 -0.7912 -0.0213
vn 0.5977 -0.801 0.0324
vn 0.5977 -0.801 0.0325
vn -0.481 0.2469 -0.8412
vn -0.481 0.247 -0.8412
vn -0.4899 0.2262 -0.8419
vn -0.4388 0.208 -0.8742
vn -0.4388 0.208 -0.8742
vn -0.4319 0.2258 -0.8732
vn 0.2057 -0.9756 0.0764
vn 0.2057 -0.9756 0.0764
vn 0.2057 -0.9756 0.0764
vn 0.1149 -0.9925 0.0427
vn 0.1149 -0.9925 0.0427
vn 0.1149 -0.9925 0.0427
vn 0.0703 0.9966 0.0419
vn 0.0796 0.9956 0.0499
vn 0.0543 0.9928 0.1071
vn -0.0307 0.99 0.1376
vn -0.0483 0.9885 0.1431
vn -0.0494 0.9887 0.1417
vn -0.0139 0.991 0.1333
vn 0.0204 0.9909 0.1333
vn -0.4522 -0.8844 -0.1158
vn -0.4731 -0.8701 -0.1385
vn -0.4804 -0.8667 -0.134
vn -0.4367 -0.8951 -0.0903
vn -0.4167 -0.9064 -0.0691
vn -0.4156 -0.9068 -0.0702
vn 0.9585 -0.2203 -0.1808
vn 0.9731 -0.1881 -0.1329
vn 0.9731 -0.1881 -0.1329
vn 0.9583 -0.2217 -0.18
vn 0.658 -0.7528 0.0198
vn 0.6435 -0.7652 0.0212
vn 0.6369 -0.7709 -0.0036
vn 0.6589 -0.7491 -0.0685
vn 0.7039 -0.7086 -0.0494
vn 0.0985 -0.9797 0.1743
vn 0.0985 -0.9798 0.1743
vn 0.1371 -0.9843 0.1115
vn 0.1371 -0.9843 0.1115
vn -0.3472 0.1996 -0.9163
vn -0.3472 0.1996 -0.9163
vn -0.3425 0.2144 -0.9147
vn -0.3425 0.2145 -0.9147
vn -0.2396 -0.6545 -0.7171
vn -0.2458 -0.5724 -0.7823
vn -0.246 -0.572 -0.7825
vn -0.2396 -0.6546 -0.717
vn -0.2396 -0.6545 -0.7171
vn -0.5141 0.2493 -0.8207
vn -0.5047 0.2696 -0.8201
vn -0.5126 0.3247 -0.7949
vn -0.4974 0.3714 -0.784
vn -0.4992 0.3719 -0.7826
vn -0.4991 0.3662 -0.7854
vn -0.6351 -0.6105 -0.4733
vn -0.6376 -0.6094 -0.4713
vn -0.6138 -0.6524 -0.4446
vn -0.5703 -0.7025 -0.4258
vn -0.5718 -0.6983 -0.4306
vn -0.6244 -0.6274 -0.4653
vn 0.0569 -0.7109 0.701
vn 0.0569 -0.7109 0.701
vn 0.0569 -0.7109 0.701
vn -0.0744 -0.777 0.6251
vn -0.0744 -0.777 0.6251
vn -0.0744 -0.7769 0.6252
vn -0.531 -0.8405 -0.1077
vn -0.4634 -0.882 -0.0856
vn -0.4634 -0.882 -0.0856
vn -0.531 -0.8405 -0.1077
vn -0.6113 -0.708 -0.3538
vn -0.6549 -0.6708 -0.3482
vn -0.6549 -0.6708 -0.3482
vn -0.5991 -0.7291 -0.3308
vn -0.5992 -0.7291 -0.3308
vn 0.4936 -0.8694 0.0201
vn 0.4937 -0.8694 0.02
vn 0.4221 -0.9065 0.0075
vn 0.3913 -0.9202 -0.0116
vn 0.3876 -0.9218 -0.012
vn -0.5648 0.8228 0.0642
vn -0.5828 0.8091 0.0748
vn -0.55 0.834 0.0449
vn -0.5671 0.8219 0.0537
vn -0.5298 0.8478 0.0243
vn -0.5298 0.8478 0.0243
vn -0.5714 0.8206 -0.0108
vn -0.5836 0.812 -0.0102
vn -0.6667 0.7453 0.0062
vn -0.6325 0.7725 0.0563
vn -0.6059 0.79 0.0936
vn -0.6059 0.79 0.0936
vn -0.5876 0.7994 0.1257
vn -0.5502 0.8282 0.1066
vn -0.6797 -0.5107 -0.5265
vn -0.6797 -0.5108 -0.5264
vn -0.6817 -0.5198 -0.5149
vn -0.6817 -0.5198 -0.5149
vn 0.7331 -0.6052 0.3103
vn 0.7847 -0.5507 0.2847
vn 0.7969 -0.5512 0.2472
vn 0.7913 -0.558 0.25
vn 0.7332 -0.6052 0.31
vn -0.4077 0.3837 0.8286
vn -0.4077 0.3837 0.8286
vn -0.3892 0.3842 0.8372
vn -0.3892 0.3842 0.8372
vn 0.3409 -0.9401 -0.0088
vn 0.366 -0.9305 0.0106
vn 0.3279 -0.9405 0.0893
vn 0.3502 -0.9327 0.0867
vn 0.2901 -0.9541 0.0739
vn 0.2901 -0.9541 0.0739
vn 0.2897 -0.9564 0.037
vn 0.2896 -0.9564 0.037
vn 0.2786 -0.96 0.0287
vn 0.2786 -0.96 0.0287
vn 0.2775 -0.9604 0.0227
vn 0.2775 -0.9605 0.0227
vn 0.2525 -0.9674 0.0204
vn 0.2626 -0.9646 0.0264
vn 0.2567 -0.9665 0.004
vn 0.26 -0.9653 -0.023
vn 0.2601 -0.9653 -0.0241
vn 0.264 -0.9633 -0.0482
vn 0.273 -0.9618 -0.0223
vn -0.1246 -0.9402 0.317
vn -0.1278 -0.9391 0.3191
vn -0.1009 -0.9336 0.3438
vn -0.0985 -0.9342 0.3429
vn -0.1245 -0.9402 0.317
vn -0.973 -0.0777 -0.2174
vn -0.9731 -0.0769 -0.2174
vn -0.9713 -0.0867 -0.2213
vn -0.9712 -0.0869 -0.222
vn 0.8524 -0.5227 -0.0155
vn 0.8876 -0.4606 -0.005
vn 0.8522 -0.5232 0.005
vn 0.8067 -0.5906 0.0193
vn 0.8124 -0.5829 0.016
vn 0.7987 -0.6017 -0.008
vn 0.8118 -0.5828 -0.0362
vn 0.8472 -0.5296 -0.0421
vn 0.818 -0.5727 -0.0538
vn 0.8525 -0.5194 -0.0591
vn 0.8208 -0.5668 -0.0713
vn 0.8207 -0.5668 -0.0713
vn 0.827 -0.5606 -0.0437
vn 0.8835 -0.468 -0.0213
vn -0.2502 -0.5088 -0.8237
vn -0.2502 -0.5088 -0.8237
vn -0.2502 -0.5088 -0.8237
vn -0.2502 -0.5088 -0.8237
vn 0.8069 -0.3391 0.4837
vn 0.8069 -0.3391 0.4837
vn 0.8069 -0.3391 0.4837
vn 0.8681 -0.285 0.4065
vn 0.8681 -0.285 0.4065
vn 0.8681 -0.285 0.4065
vn -0.005 -0.9964 0.085
vn 0.0114 -0.9989 0.0452
vn 0.0227 -0.9959 0.0876
vn 0.0403 -0.9925 0.1157
vn 0.0216 -0.9905 0.1356
vn 0.0411 -0.9871 0.1545
vn 0.0438 -0.9869 0.1551
vn 0.03 -0.985 0.1701
vn 0.03 -0.985 0.1701
vn 0.018 -0.9822 0.1869
vn 0.021 -0.9821 0.1872
vn 0.0092 -0.9826 0.1855
vn 0.0282 -0.9859 0.1649
vn 0.0187 -0.9862 0.1645
vn -0.3557 -0.784 -0.5087
vn -0.3559 -0.7836 -0.5092
vn -0.3558 -0.7837 -0.5091
vn -0.3555 -0.7844 -0.5082
vn -0.1054 -0.9926 -0.0605
vn -0.1057 -0.9925 -0.0617
vn -0.1054 -0.9926 -0.0608
vn -0.1051 -0.9927 -0.0598
vn -0.5838 -0.7911 -0.1825
vn -0.535 -0.827 -0.1728
vn -0.5078 -0.847 -0.1571
vn -0.4977 -0.8518 -0.1634
vn -0.5466 -0.8148 -0.1932
vn -0.5784 -0.7939 -0.1874
vn -0.5583 -0.8169 -0.1445
vn -0.5558 -0.8183 -0.1467
vn -0.3902 -0.9164 0.089
vn -0.3412 -0.9298 0.1379
vn -0.3315 -0.9339 0.1336
vn -0.3691 -0.9234 0.1049
vn -0.2967 -0.9475 0.1194
vn -0.3547 -0.9305 0.0918
vn 0.423 -0.9058 -0.0232
vn 0.366 -0.9306 -0.0086
vn 0.3634 -0.9315 -0.012
vn 0.394 -0.919 -0.0167
vn 0.4282 -0.9034 -0.0225
vn 0.4278 -0.9035 -0.0258
vn 0.3844 -0.9222 -0.0428
vn 0.4469 0.7869 -0.4255
vn 0.443 0.7859 -0.4314
vn 0.4268 0.8073 -0.4076
vn 0.379 0.8444 -0.3786
vn 0.3792 0.8463 -0.3741
vn -0.4819 -0.7764 0.4061
vn -0.4632 -0.815 0.3482
vn -0.4675 -0.8151 0.3422
vn -0.4819 -0.7766 0.4057
vn 0.8865 0.2708 -0.3751
vn 0.8843 0.3091 -0.35
vn 0.8843 0.3092 -0.35
vn 0.894 0.2901 -0.3416
vn 0.8987 0.245 -0.3638
vn 0.8987 0.245 -0.3638
vn 0.1048 0.2823 -0.9536
vn 0.1047 0.2843 -0.953
vn 0.105 0.2787 -0.9546
vn 0.1052 0.2766 -0.9552
vn 0.9212 -0.3883 0.0233
vn 0.9212 -0.3883 0.0233
vn 0.9412 -0.3348 0.0454
vn 0.9168 -0.3887 0.0916
vn 0.9329 -0.3443 0.1053
vn 0.9329 -0.3443 0.1053
vn 0.8929 -0.4491 0.0317
vn -0.7271 0.5798 0.3675
vn -0.728 0.5793 0.3666
vn -0.7248 0.5807 0.3707
vn -0.6465 0.6736 0.3581
vn -0.6456 0.6733 0.3604
vn -0.2935 0.7372 -0.6085
vn -0.257 0.7253 -0.6386
vn -0.257 0.7253 -0.6386
vn -0.2448 0.7489 -0.6158
vn -0.2799 0.7483 -0.6015
vn -0.3716 0.9249 -0.08
vn -0.352 0.9324 -0.0816
vn -0.4517 0.89 -0.0622
vn -0.4469 0.8924 -0.0626
vn -0.4428 0.8965 -0.0152
vn -0.4116 0.907 0.0897
vn -0.3776 0.9224 0.0814
vn -0.3454 0.9353 0.0768
vn -0.1051 0.9846 -0.1394
vn -0.1415 0.983 -0.117
vn -0.1408 0.9813 -0.1316
vn -0.1408 0.9813 -0.1316
vn -0.1428 0.9789 -0.1462
vn -0.1975 0.9724 -0.1239
vn -0.1761 0.9712 -0.1606
vn -0.2009 0.9697 -0.1391
vn -0.1912 0.9714 -0.1407
vn -0.1863 0.9716 -0.1459
vn -0.1666 0.9768 -0.1346
vn -0.1616 0.9805 -0.1114
vn -0.1135 0.9869 -0.1143
vn -0.1101 0.9839 -0.1407
vn -0.1126 0.984 -0.1385
vn -0.0996 0.9822 -0.1593
vn -0.1045 0.9821 -0.1565
vn -0.1207 0.9772 -0.1746
vn -0.1173 0.9704 -0.2113
vn -0.0619 0.9541 -0.293
vn -0.1036 0.9329 -0.345
vn -0.0966 0.9334 -0.3455
vn -0.105 0.9445 -0.3111
vn -0.1426 0.939 -0.3129
vn -0.1662 0.9465 -0.2767
vn -0.1518 0.9479 -0.2802
vn -0.1904 0.9459 -0.2626
vn -0.1762 0.9474 -0.2673
vn -0.2042 0.9446 -0.2569
vn -0.2038 0.9446 -0.2573
vn -0.209 0.9427 -0.2602
vn -0.212 0.9407 -0.265
vn -0.2069 0.9418 -0.2649
vn -0.1999 0.9428 -0.2669
vn -0.1543 0.9443 -0.2907
vn -0.1517 0.9355 -0.3192
vn -0.1285 0.9435 -0.3053
vn -0.1067 0.9537 -0.2812
vn -0.1042 0.9539 -0.2814
vn -0.0812 0.9668 -0.2425
vn -0.0846 0.97 -0.2278
vn -0.1114 0.9791 -0.17
vn -0.068 0.9844 -0.1624
vn -0.0751 0.9808 -0.1801
vn -0.0751 0.9808 -0.1801
vn -0.0848 0.9844 -0.1542
vn -0.1284 0.9661 -0.2242
vn -0.1493 0.9496 -0.2756
vn -0.1758 0.9526 -0.2482
vn -0.2387 0.9555 -0.1732
vn -0.234 0.962 -0.1408
vn -0.1573 0.975 -0.1568
vn -0.1087 0.9862 -0.1252
vn 0.5408 -0.771 0.3363
vn 0.526 -0.7763 0.3475
vn 0.5232 -0.78 0.3434
vn 0.5395 -0.7729 0.3339
vn 0.5974 -0.7665 0.2358
vn 0.5995 -0.7611 0.2474
vn -0.5123 0.7794 -0.3606
vn -0.4998 0.8193 -0.2809
vn -0.5161 0.82 -0.2474
vn -0.5222 0.8163 -0.247
vn -0.5124 0.7794 -0.3606
vn -0.6771 0.0573 -0.7337
vn -0.667 0.1041 -0.7377
vn -0.6682 0.104 -0.7367
vn -0.6799 0.0562 -0.7312
vn -0.6776 0.0573 -0.7332
vn 0.0906 0.2539 0.963
vn 0.0672 0.2234 0.9724
vn 0.0672 0.2233 0.9724
vn 0.1591 0.318 0.9346
vn 0.1599 0.3173 0.9348
vn 0.125 0.2914 0.9484
vn 0.1128 0.2749 0.9548
vn -0.3221 -0.9257 0.1985
vn -0.3219 -0.9255 0.1996
vn -0.3247 -0.9243 0.2007
vn -0.3245 -0.924 0.2022
vn -0.3243 -0.9238 0.2034
vn -0.3241 -0.9235 0.2051
vn -0.3236 -0.9234 0.2062
vn -0.3234 -0.9231 0.2079
vn -0.3239 -0.9227 0.2089
vn -0.3237 -0.9225 0.2104
vn -0.3262 -0.9214 0.2111
vn -0.326 -0.9212 0.2122
vn -0.3559 -0.9097 0.2138
vn -0.3557 -0.9095 0.2149
vn -0.2721 -0.9396 0.2076
vn -0.2721 -0.9398 0.2068
vn -0.2376 -0.9492 0.2065
vn -0.2376 -0.9493 0.2059
vn -0.2348 -0.9503 0.2044
vn -0.2348 -0.9505 0.2035
vn -0.2351 -0.9508 0.2017
vn -0.2352 -0.951 0.2006
vn -0.235 -0.9515 0.1988
vn -0.2351 -0.9517 0.1977
vn -0.2354 -0.9519 0.196
vn -0.2354 -0.9521 0.1952
vn -0.2322 -0.9532 0.1939
vn -0.2322 -0.9532 0.1935
vn -0.2323 -0.9534 0.1923
vn -0.2324 -0.9536 0.1913
vn -0.2976 -0.9345 0.1954
vn -0.3295 -0.9234 0.1972
vn -0.3295 -0.9233 0.1972
vn -0.3295 -0.9233 0.1973
vn -0.9757 0.0099 0.2191
vn -0.9615 0.0581 0.2687
vn -0.9613 0.0599 0.2688
vn -0.9793 -0.0085 0.2024
vn -0.9793 -0.0085 0.2023
vn -0.6485 0.4958 -0.5775
vn -0.6485 0.4958 -0.5775
vn -0.6173 0.5508 -0.5618
vn -0.6173 0.5508 -0.5618
vn 0.6868 -0.7248 0.0553
vn 0.6369 -0.7704 0.0302
vn 0.6369 -0.7703 0.0302
vn 0.6868 -0.7248 0.0553
vn -0.81 0.5617 0.1689
vn -0.7927 0.5736 0.2065
vn -0.7905 0.5758 0.2085
vn -0.7904 0.5759 0.2089
vn -0.7806 0.6002 0.1744
vn -0.7742 0.6088 0.1731
vn -0.7759 0.6124 0.1517
vn -0.7796 0.6051 0.1616
vn -0.7665 0.6272 0.1385
vn -0.7729 0.6168 0.1491
vn -0.7766 0.6157 0.1337
vn -0.7766 0.6156 0.1337
vn -0.7898 0.6037 0.1084
vn -0.7898 0.6037 0.1084
vn -0.8537 0.5185 0.0486
vn -0.8537 0.5185 0.0486
vn -0.8583 0.5087 0.0667
vn -0.8583 0.5087 0.0667
vn -0.8569 0.5079 0.0876
vn -0.857 0.5079 0.0875
vn -0.8516 0.5134 0.1062
vn -0.8516 0.5134 0.1062
vn -0.8425 0.5252 0.1201
vn -0.8462 0.5188 0.1219
vn -0.8429 0.5202 0.1378
vn 0.6326 -0.3502 -0.6908
vn 0.633 -0.3477 -0.6917
vn 0.632 -0.3552 -0.6887
vn 0.6317 -0.3577 -0.6877
vn 0.8324 -0.5405 0.1224
vn 0.8324 -0.5405 0.1224
vn 0.8415 -0.5145 0.165
vn 0.8503 -0.4954 0.1778
vn 0.8551 -0.488 0.1749
vn 0.5169 -0.6639 0.5404
vn 0.5169 -0.6639 0.5404
vn 0.5169 -0.6639 0.5404
vn 0.5611 -0.6828 0.468
vn 0.5611 -0.6828 0.468
vn 0.5611 -0.6828 0.468
vn -0.6 -0.4263 -0.677
vn -0.5322 -0.4548 -0.7141
vn -0.5324 -0.4568 -0.7127
vn -0.5319 -0.4513 -0.7165
vn -0.5998 -0.4222 -0.6797
vn -0.5996 -0.4198 -0.6814
vn 0.0765 -0.9556 0.2846
vn 0.0765 -0.9556 0.2846
vn 0.0859 -0.9509 0.2973
vn 0.0859 -0.9509 0.2973
vn 0.9284 -0.3425 0.1439
vn 0.9025 -0.397 0.1671
vn 0.9019 -0.3996 0.1642
vn 0.9278 -0.3459 0.1397
vn 0.5908 0.4819 -0.6471
vn 0.5908 0.4819 -0.6471
vn 0.5747 0.5008 -0.6473
vn 0.5746 0.5008 -0.6473
vn 0.6358 0.6508 0.4151
vn 0.6356 0.6508 0.4154
vn 0.6356 0.6508 0.4154
vn 0.5406 0.7711 0.3363
vn 0.5406 0.7711 0.3363
vn 0.5406 0.7711 0.3363
vn -0.5266 -0.5133 -0.6776
vn -0.5268 -0.5144 -0.6766
vn -0.4991 -0.5951 -0.6299
vn -0.499 -0.5945 -0.6305
vn -0.151 -0.9372 0.3144
vn -0.1625 -0.9337 0.319
vn -0.1613 -0.9341 0.3185
vn -0.1499 -0.9376 0.3139
vn -0.769 0.6051 0.2063
vn -0.7078 0.6749 0.2084
vn -0.698 0.7007 0.1481
vn -0.6965 0.7019 0.1492
vn -0.7116 0.696 0.096
vn -0.7116 0.696 0.096
vn -0.75 0.6594 0.052
vn -0.75 0.6594 0.0519
vn -0.7894 0.6113 0.0569
vn -0.7894 0.6113 0.0569
vn -0.7691 0.6323 0.0934
vn -0.7691 0.6323 0.0934
vn -0.7632 0.6347 0.1213
vn -0.7632 0.6347 0.1213
vn -0.7595 0.6297 0.163
vn -0.7563 0.636 0.1533
vn -0.7676 0.6151 0.1801
vn -0.7675 0.6155 0.1791
vn -0.762 0.6122 0.211
vn -0.7724 0.6024 0.2013
vn -0.6855 0.6081 -0.4004
vn -0.6855 0.6081 -0.4004
vn -0.6948 0.587 -0.4154
vn -0.6949 0.587 -0.4154
vn -0.4344 -0.8801 0.1917
vn -0.429 -0.8822 0.1942
vn -0.3622 -0.9122 0.1914
vn -0.362 -0.9121 0.1924
vn 0.5079 0.3038 0.806
vn 0.5083 0.303 0.8061
vn 0.5064 0.3067 0.806
vn 0.5061 0.3073 0.8058
vn 0.4522 -0.8913 0.0342
vn 0.4537 -0.8889 0.0632
vn 0.4573 -0.8871 0.0628
vn 0.4294 -0.9031 -0.0055
vn 0.4331 -0.9013 -0.006
vn -0.1658 -0.6258 0.7622
vn -0.1658 -0.6258 0.7622
vn -0.1503 -0.6162 0.7732
vn -0.1503 -0.6162 0.7732
vn -0.8164 -0.192 -0.5446
vn -0.7976 -0.2966 -0.5252
vn -0.7952 -0.2963 -0.529
vn -0.8025 -0.2566 -0.5386
vn -0.8227 -0.1765 -0.5403
vn -0.8118 -0.1252 -0.5704
vn -0.8118 -0.1252 -0.5704
vn -0.8756 0.323 -0.3592
vn -0.8756 0.323 -0.3592
vn -0.8766 0.309 -0.3689
vn -0.8766 0.309 -0.3689
vn -0.1526 -0.9658 0.2097
vn -0.2412 -0.9418 0.2342
vn -0.2386 -0.9416 0.2377
vn -0.1422 -0.9663 0.2146
vn 0.3549 0.8552 -0.3777
vn 0.3424 0.8647 -0.3674
vn 0.3625 0.8796 -0.308
vn 0.3625 0.8796 -0.308
vn 0.3483 0.8792 -0.325
vn 0.3606 0.8569 -0.3683
vn -0.4287 -0.8537 -0.2958
vn -0.4765 -0.8157 -0.3279
vn -0.4848 -0.8109 -0.3277
vn -0.457 -0.8389 -0.2957
vn -0.4219 -0.863 -0.2779
vn 0.8121 -0.5681 -0.1336
vn 0.8121 -0.5681 -0.1335
vn 0.812 -0.5681 -0.1339
vn 0.8494 -0.5051 -0.1527
vn 0.8494 -0.5052 -0.1526
vn -0.0509 0.7417 0.6688
vn -0.0497 0.7404 0.6703
vn -0.0123 0.7558 0.6547
vn -0.0128 0.7562 0.6542
vn -0.0118 0.7552 0.6554
vn 0.7964 -0.2438 -0.5535
vn 0.7965 -0.2408 -0.5546
vn 0.7961 -0.2498 -0.5512
vn 0.7959 -0.2527 -0.5501
vn 0.4065 0.3805 -0.8306
vn 0.408 0.3772 -0.8315
vn 0.404 0.3858 -0.8295
vn 0.4025 0.3892 -0.8286
vn 0.1682 -0.8344 -0.5249
vn 0.168 -0.8328 -0.5274
vn 0.1681 -0.8334 -0.5266
vn 0.1683 -0.835 -0.5239
vn 0.1736 -0.6606 -0.7304
vn 0.1739 -0.6614 -0.7296
vn 0.1738 -0.6613 -0.7297
vn 0.1736 -0.6605 -0.7304
vn 0.5314 -0.749 -0.3957
vn 0.5319 -0.7482 -0.3966
vn 0.5308 -0.75 -0.3945
vn 0.5305 -0.7507 -0.3937
vn -0.0383 -0.9981 0.0489
vn -0.0396 -0.9981 0.0477
vn -0.0368 -0.998 0.0507
vn -0.0356 -0.998 0.0519
vn 0.3229 -0.9438 0.0708
vn 0.3214 -0.9441 0.0731
vn 0.3254 -0.9432 0.0673
vn 0.327 -0.9428 0.0651
vn 0.8052 -0.5679 -0.171
vn 0.8048 -0.5686 -0.1703
vn 0.8053 -0.5676 -0.1712
vn 0.8059 -0.5667 -0.1715
vn -0.3986 0.8833 -0.2469
vn -0.4121 0.8772 -0.2463
vn -0.4122 0.8772 -0.2463
vn -0.4003 0.8766 -0.2671
vn -0.3405 0.8684 -0.3604
vn -0.3405 0.8684 -0.3604
vn 0.7103 -0.6889 0.1445
vn 0.7139 -0.6856 0.1424
vn 0.7126 -0.6868 0.1431
vn 0.7092 -0.6899 0.1451
vn -0.0212 0.9453 -0.3255
vn -0.1263 0.953 -0.2755
vn -0.1263 0.953 -0.2755
vn -0.0717 0.9574 -0.2798
vn -0.0949 0.9685 -0.23
vn -0.0483 0.9581 -0.2823
vn -0.8552 0.4621 0.2348
vn -0.857 0.4593 0.2335
vn -0.8568 0.4597 0.2337
vn -0.8549 0.4625 0.2351
vn 0.5894 -0.8068 0.0421
vn 0.539 -0.8418 0.0306
vn 0.5343 -0.8453 0.0094
vn 0.5343 -0.8452 0.0094
vn 0.5855 -0.8105 0.0187
vn 0.5894 -0.8068 0.0421
vn -0.2662 -0.9308 0.2506
vn -0.2386 -0.9416 0.2377
vn -0.2412 -0.9418 0.2342
vn -0.2509 -0.9378 0.2399
vn -0.3889 -0.8988 0.2021
vn -0.3888 -0.8985 0.2036
vn -0.3416 -0.9169 0.2065
vn -0.3065 -0.9268 0.2168
vn -0.558 -0.7183 0.4156
vn -0.5576 -0.7189 0.4149
vn -0.5585 -0.7147 0.4211
vn -0.5585 -0.7143 0.4218
vn 0.9892 0.141 -0.041
vn 0.9921 0.1248 0.0084
vn 0.992 0.126 0.009
vn 0.988 0.1467 -0.0477
vn 0.9848 0.1342 -0.1106
vn 0.9845 0.1356 -0.1113
vn 0.9849 0.1408 -0.1007
vn 0.9876 0.1481 -0.0524
vn 0.8636 -0.4988 -0.074
vn 0.8625 -0.5008 -0.0725
vn 0.8651 -0.4957 -0.0764
vn 0.8662 -0.4936 -0.0779
vn -0.8284 0.2321 -0.5097
vn -0.8284 0.2321 -0.5097
vn -0.8536 0.1291 -0.5047
vn -0.8536 0.1291 -0.5046
vn -0.829 0.1988 -0.5228
vn 0.6685 0.2307 0.707
vn 0.6685 0.2307 0.707
vn 0.6324 0.283 0.7211
vn 0.6324 0.283 0.7211
vn 0.735 -0.6675 0.119
vn 0.7079 -0.6756 0.206
vn 0.7049 -0.6835 0.1898
vn 0.7351 -0.6675 0.1189
vn -0.3769 0.7071 -0.5983
vn -0.3769 0.7071 -0.5983
vn -0.3605 0.7223 -0.5901
vn -0.3605 0.7223 -0.5901
vn 0.2955 -0.8916 0.3432
vn 0.2458 -0.8971 0.367
vn 0.2456 -0.8977 0.3658
vn 0.2791 -0.9007 0.3328
vn 0.2991 -0.9077 0.2943
vn 0.299 -0.908 0.2935
vn 0.2336 -0.9348 0.2677
vn 0.1824 -0.9621 0.2027
vn 0.1881 -0.961 0.2026
vn 0.2336 -0.9348 0.2677
vn 0.0696 -0.9853 0.1557
vn 0.0673 -0.9856 0.1551
vn 0.0769 -0.9845 0.1579
vn 0.1147 -0.9675 0.2255
vn 0.1282 -0.9655 0.2268
vn 0.0963 -0.9683 0.2306
vn 0.0743 -0.9582 0.2763
vn 0.0639 -0.9591 0.2756
vn 0.097 -0.9567 0.2744
vn 0.097 -0.9567 0.2743
vn 0.0831 -0.962 0.2603
vn 0.0395 -0.982 0.1849
vn 0.0364 -0.9821 0.1848
vn 0.0445 -0.9817 0.1851
vn 0.0236 -0.9782 0.2063
vn 0.04 -0.9814 0.1877
vn 0.0369 -0.9816 0.1873
vn 0.0505 -0.9841 0.1702
vn 0.0505 -0.9841 0.1702
vn -0.5496 -0.7143 -0.4334
vn -0.5151 -0.7301 -0.449
vn -0.5153 -0.7296 -0.4496
vn -0.5508 -0.7108 -0.4376
vn 0.5417 0.8398 0.0348
vn 0.5417 0.8398 0.0348
vn 0.5564 0.8298 0.043
vn 0.5564 0.8298 0.043
vn -0.1529 -0.9881 0.0145
vn -0.2339 -0.9707 -0.0545
vn -0.2355 -0.9703 -0.0547
vn -0.2051 -0.9785 -0.0213
vn -0.1529 -0.9881 0.0145
vn 0.4146 -0.4391 -0.7971
vn 0.4148 -0.4376 -0.7977
vn 0.414 -0.4422 -0.7957
vn 0.4137 -0.4437 -0.795
vn -0.9315 -0.3304 -0.1518
vn -0.9357 -0.3197 -0.149
vn -0.9349 -0.3218 -0.1495
vn -0.9308 -0.3322 -0.1525
vn -0.0494 0.7812 -0.6224
vn -0.0839 0.7786 -0.6219
vn -0.1687 0.7673 -0.6187
vn -0.1654 0.7694 -0.617
vn -0.1105 0.8289 -0.5483
vn -0.1112 0.8291 -0.5479
vn -0.1076 0.8319 -0.5444
vn -0.1076 0.832 -0.5442
vn -0.1129 0.8295 -0.547
vn -0.113 0.8296 -0.5469
vn -0.1149 0.8305 -0.545
vn -0.1152 0.8306 -0.5448
vn -0.104 0.8432 -0.5275
vn -0.1042 0.8432 -0.5274
vn -0.1113 0.838 -0.5341
vn -0.1113 0.8382 -0.5339
vn -0.0979 0.8421 -0.5304
vn -0.1012 0.8448 -0.5255
vn -0.079 0.8154 -0.5735
vn -0.0524 0.8232 -0.5653
vn -0.6453 -0.5934 -0.4811
vn -0.6416 -0.595 -0.4841
vn -0.6644 -0.5679 -0.4859
vn -0.6912 -0.5524 -0.466
vn -0.7001 -0.5811 -0.4149
vn -0.7004 -0.5808 -0.4148
vn 0.9668 -0.2551 -0.0134
vn 0.9668 -0.2553 -0.0133
vn 0.9631 -0.2686 -0.0141
vn 0.9631 -0.2686 -0.0141
vn 0.9566 -0.2911 -0.014
vn 0.9644 -0.2633 -0.0241
vn 0.9578 -0.2873 0.0125
vn 0.9646 -0.2636 0.0032
vn 0.9536 -0.2976 0.0454
vn 0.9601 -0.2771 0.0371
vn 0.9428 -0.333 0.0168
vn 0.9548 -0.2964 -0.023
vn 0.9425 -0.3315 -0.0423
vn 0.9537 -0.2975 -0.0433
vn 0.9402 -0.3358 -0.0571
vn 0.9486 -0.3114 -0.0566
vn 0.9486 -0.3114 -0.0565
vn 0.9531 -0.2975 -0.0547
vn 0.9389 -0.3375 -0.0673
vn 0.94 -0.3356 -0.0617
vn 0.94 -0.3356 -0.0617
vn 0.9475 -0.3166 -0.0435
vn 0.9476 -0.3166 -0.0435
vn 0.9615 -0.2746 -0.0072
vn 0.9615 -0.2746 -0.0072
vn -0.2882 0.9549 -0.0708
vn -0.3223 0.9438 0.0731
vn -0.201 0.9773 0.067
vn -0.1697 0.9842 0.0513
vn -0.2026 0.9791 -0.0155
vn -0.1982 0.9801 -0.0117
vn -0.2378 0.9709 -0.0298
vn -0.2302 0.9728 -0.0254
vn -0.2513 0.9669 -0.0442
vn -0.238 0.9705 -0.0397
vn -0.2527 0.9666 -0.0417
vn -0.2251 0.9725 -0.0601
vn -0.2421 0.9696 -0.0358
vn -0.2882 0.9549 -0.0708
vn 0.3937 -0.912 0.115
vn 0.2947 -0.9555 0.012
vn 0.3235 -0.941 0.0992
vn 0.3705 -0.9217 0.1147
vn 0.4163 -0.9007 0.1243
vn 0.4149 -0.9021 0.1189
vn -0.8278 0.4155 -0.3771
vn -0.8278 0.4155 -0.3771
vn -0.8306 0.3999 -0.3875
vn -0.8306 0.3999 -0.3875
vn -0.6416 -0.7669 -0.0151
vn -0.6407 -0.7676 -0.0143
vn -0.6472 -0.7621 -0.0197
vn -0.6479 -0.7615 -0.0201
vn -0.1431 -0.9345 0.3261
vn -0.1522 -0.9318 0.3296
vn -0.0978 -0.9225 0.3734
vn -0.0973 -0.9226 0.3732
vn -0.0898 -0.9247 0.3699
vn -0.1425 -0.9348 0.3254
vn 0.1907 0.3329 0.9235
vn 0.19 0.3338 0.9233
vn 0.1916 0.3315 0.9238
vn 0.227 0.3447 0.9108
vn 0.2264 0.3458 0.9106
vn -0.2856 -0.9428 0.1719
vn -0.2961 -0.9386 0.1769
vn -0.2465 -0.9446 0.2168
vn -0.2371 -0.948 0.2122
vn -0.2847 -0.9431 0.1715
vn -0.8691 0.4943 0.0166
vn -0.8692 0.4943 0.0166
vn -0.813 0.5777 0.0722
vn -0.8131 0.5777 0.0722
vn -0.774 0.6297 0.0663
vn -0.774 0.6296 0.0664
vn -0.8024 0.5945 0.052
vn -0.8329 0.5514 -0.0475
vn -0.8243 0.5635 -0.054
vn -0.8478 0.5299 0.0209
vn -0.8319 0.5548 0.0096
vn -0.2162 0.2126 -0.9529
vn -0.2165 0.2111 -0.9532
vn -0.2157 0.2148 -0.9525
vn -0.2153 0.2163 -0.9523
vn 0.0893 -0.9755 0.2011
vn 0.1244 -0.9719 0.1997
vn 0.1575 -0.9794 0.1265
vn 0.1574 -0.9794 0.1266
vn 0.1457 -0.9623 0.2295
vn 0.1457 -0.9624 0.2295
vn 0.015 0.9202 -0.3912
vn 0.0161 0.9148 -0.4036
vn -0.0016 0.9266 -0.376
vn 0.0112 0.9379 -0.3468
vn 0.0694 0.9536 -0.293
vn 0.0517 0.9547 -0.293
vn 0.0061 0.9379 -0.3468
vn 0.6236 -0.7479 0.2277
vn 0.6235 -0.7479 0.2277
vn 0.6206 -0.7548 0.2126
vn 0.6548 -0.7419 0.1445
vn 0.6713 -0.7282 0.1379
vn 0.6713 -0.7282 0.1379
vn 0.6733 -0.4081 0.6166
vn 0.6745 -0.4098 0.6141
vn 0.6715 -0.4054 0.6203
vn 0.7059 -0.3567 0.6119
vn 0.7054 -0.356 0.6129
vn 0.7069 -0.3578 0.6102
vn -0.5903 0.6874 -0.4231
vn -0.5903 0.6874 -0.4231
vn -0.565 0.7179 -0.4067
vn -0.565 0.7179 -0.4067
vn 0.1047 -0.806 0.5826
vn 0.0507 -0.8083 0.5865
vn 0.05 -0.7939 0.606
vn 0.0799 -0.8023 0.5916
vn 0.0697 -0.8422 0.5347
vn 0.0644 -0.8464 0.5286
vn 0.0779 -0.85 0.5209
vn 0.0599 -0.8617 0.5039
vn 0.0595 -0.8616 0.5042
vn 0.0725 -0.8535 0.5161
vn 0.1095 -0.8127 0.5723
vn -0.3466 0.4568 0.8193
vn -0.3436 0.456 0.821
vn -0.2949 0.5218 0.8005
vn -0.2935 0.5209 0.8016
vn 0.463 -0.0256 0.886
vn 0.4512 -0.056 0.8907
vn 0.452 -0.0569 0.8902
vn 0.4542 -0.0596 0.8889
vn 0.4211 -0.0759 0.9038
vn 0.4266 -0.0765 0.9012
vn 0.7897 -0.6089 0.075
vn 0.7897 -0.609 0.0743
vn 0.7897 -0.6089 0.075
vn 0.7897 -0.6088 0.0756
vn -0.5262 0.8197 -0.2264
vn -0.52 0.8236 -0.2267
vn -0.5372 0.828 -0.161
vn -0.531 0.8315 -0.1631
vn -0.5284 0.8183 -0.2262
vn 0.747 0.0075 -0.6648
vn 0.747 0.0075 -0.6648
vn 0.7509 -0.0096 -0.6603
vn 0.7509 -0.0096 -0.6603
vn -0.743 -0.653 0.1471
vn -0.761 -0.6244 0.1758
vn -0.761 -0.6244 0.1758
vn -0.7427 -0.6495 0.1629
vn -0.7246 -0.6722 0.1518
vn -0.7054 -0.6943 0.1425
vn -0.7052 -0.6951 0.1394
vn -0.1863 -0.7134 -0.6756
vn -0.1863 -0.7134 -0.6756
vn -0.1491 -0.7266 -0.6707
vn -0.0907 -0.7117 -0.6966
vn -0.0823 -0.6868 -0.7222
vn -0.0823 -0.6868 -0.7222
vn 0.5251 -0.806 0.273
vn 0.5399 -0.7813 0.3132
vn 0.5368 -0.7827 0.3149
vn 0.5447 -0.779 0.3106
vn 0.537 -0.8007 0.2654
vn 0.3381 -0.7292 0.595
vn 0.3046 -0.7507 0.5863
vn 0.305 -0.75 0.5869
vn 0.3404 -0.739 0.5814
vn 0.1917 -0.4931 -0.8486
vn 0.1908 -0.4905 -0.8503
vn 0.1911 -0.4915 -0.8497
vn 0.1919 -0.4939 -0.8481
vn -0.04 -0.6702 -0.7411
vn -0.0404 -0.669 -0.7422
vn -0.0403 -0.6694 -0.7418
vn -0.0398 -0.6707 -0.7407
vn 0.9631 -0.2493 0.1017
vn 0.948 -0.2929 0.1244
vn 0.9414 -0.2789 0.1895
vn 0.9195 -0.3313 0.2117
vn 0.9303 -0.3159 0.1862
vn 0.9341 -0.3343 0.1254
vn 0.9573 -0.2744 0.0915
vn 0.9436 -0.3215 0.0798
vn 0.9436 -0.3215 0.0798
vn 0.9578 -0.2653 0.111
vn 0.9669 -0.2278 0.1147
vn 0.9481 -0.2831 0.1448
vn 0.9642 -0.2099 0.1619
vn 0.9664 -0.2042 0.1562
vn 0.9614 -0.2159 0.1705
vn 0.9613 -0.2159 0.171
vn 0.9628 -0.2518 0.0977
vn 0.9627 -0.2531 0.0957
vn -0.0396 -0.5149 -0.8564
vn -0.04 -0.5135 -0.8572
vn -0.0398 -0.5142 -0.8568
vn -0.0394 -0.5154 -0.856
vn 0.3978 -0.8641 0.3084
vn 0.3983 -0.8636 0.3091
vn 0.3971 -0.8649 0.3072
vn 0.3966 -0.8653 0.3065
vn -0.6573 -0.5021 -0.562
vn -0.6529 -0.5057 -0.5639
vn -0.6627 -0.4736 -0.5801
vn -0.6707 -0.4423 -0.5954
vn -0.68 -0.4056 -0.6109
vn -0.689 -0.3898 -0.611
vn -0.6909 -0.3957 -0.6051
vt 0 0
vt 0 0
vt 0 0
vt 0 0
vt 0 0
vt 0 0
vt 0 0
vt 0 0
vt 0 0
vt 0 0
vt 0 0
vt 0 0
vt 0 0
vt 0 0
vt 0 0
vt 0 0
vt 0 0
vt 0 0
vt 0 0
vt 0 0
vt 0 0
vt 0 0
vt 0 0
vt 0 0
vt 0 0
vt 0 0
vt 0 0
vt 0 0
vt 0 0
vt 0 0
vt 0 0
vt 0 0
vt 0 0
vt 0 0
vt 0 0
vt 0 0
vt 0 0
vt 0 0
vt 0 0
vt 0 0
vt 0 0
vt 0 0
vt 0 0
vt 0 0
vt 0 0
vt 0 0
vt 0 0
vt 0 0
vt 0 0
vt 0 0
vt 0 0
vt 0 0
vt 0 0
vt 0 0
vt 0 0
vt 0 0
vt 0 0
vt 0 0
vt 0 0
vt 0 0
vt 0 0
vt 0 0
vt 0 0
vt 0 0
vt 0 0
vt 0 0
vt 0 0
vt 0 0
vt 0 0
vt 0 0
vt 0 0
vt 0 0
vt 0 0
vt 0 0
vt 0 0
vt 0 0
vt 0 0
vt 0 0
vt 0 0
vt 0 0
vt 0 0
vt 0 0
vt 0 0
vt 0 0
vt 0 0
vt 0 0
vt 0 0
vt 0 0
vt 0 0
vt 0 0
vt 0 0
vt 0 0
vt 0 0
vt 0 0
vt 0 0
vt 0 0
vt 0 0
vt 0 0
vt 0 0
vt 0 0
vt 0 0
vt 0 0
vt 0 0
vt 0 0
vt 0 0
vt 0 0
vt 0 0
vt 0 0
vt 0 0
vt 0 0
vt 0 0
vt 0 0
vt 0 0
vt 0 0
vt 0 0
vt 0 0
vt 0 0
vt 0 0
vt 0 0
vt 0 0
vt 0 0
vt 0 0
vt 0 0
vt 0 0
vt 0 0
vt 0 0
vt 0 0
vt 0 0
vt 0 0
vt 0 0
vt 0 0
vt 0 0
vt 0 0
vt 0 0
vt 0 0
vt 0 0
vt 0 0
vt 0 0
vt 0 0
vt 0 0
vt 0 0
vt 0 0
vt 0 0
vt 0 0
vt 0 0
vt 0 0
vt 0 0
vt 0 0
vt 0 0
vt 0 0
vt 0 0
vt 0 0
vt 0 0
vt 0 0
vt 0 0
vt 0 0
vt 0 0
vt 0 0
vt 0 0
vt 0 0
vt 0 0
vt 0 0
vt 0 0
vt 0 0
vt 0 0
vt 0 0
vt 0 0
vt 0 0
vt 0 0
vt 0 0
vt 0 0
vt 0 0
vt 0 0
vt 0 0
vt 0 0
vt 0 0
vt 0 0
vt 0 0
vt 0 0
vt 0 0
vt 0 0
vt 0 0
vt 0 0
vt 0 0
vt 0 0
vt 0 0
vt 0 0
vt 0 0
vt 0 0
vt 0 0
vt 0 0
vt 0 0
vt 0 0
vt 0 0
vt 0 0
vt 0 0
vt 0 0
vt 0 0
vt 0 0
vt 0 0
vt 0 0
vt 0 0
vt 0 0
vt 0 0
vt 0 0
vt 0 0
vt 0 0
vt 0 0
vt 0 0
vt 0 0
vt 0 0
vt 0 0
vt 0 0
vt 0 0
vt 0 0
vt 0 0
vt 0 0
vt 0 0
vt 0 0
vt 0 0
vt 0 0
vt 0 0
vt 0 0
vt 0 0
vt 0 0
vt 0 0
vt 0 0
vt 0 0
vt 0 0
vt 0 0
vt 0 0
vt 0 0
vt 0 0
vt 0 0
vt 0 0
vt 0 0
vt 0 0
vt 0 0
vt 0 0
vt 0 0
vt 0 0
vt 0 0
vt 0 0
vt 0 0
vt 0 0
vt 0 0
vt 0 0
vt 0 0
vt 0 0
vt 0 0
vt 0 0
vt 0 0
vt 0 0
vt 0 0
vt 0 0
vt 0 0
vt 0 0
vt 0 0
vt 0 0
vt 0 0
vt 0 0
vt 0 0
vt 0 0
vt 0 0
vt 0 0
vt 0 0
vt 0 0
vt 0 0
vt 0 0
vt 0 0
vt 0 0
vt 0 0
vt 0 0
vt 0 0
vt 0 0
vt 0 0
vt 0 0
vt 0 0
vt 0 0
vt 0 0
vt 0 0
vt 0 0
vt 0 0
vt 0 0
vt 0 0
vt 0 0
vt 0 0
vt 0 0
vt 0 0
vt 0 0
vt 0 0
vt 0 0
vt 0 0
vt 0 0
vt 0 0
vt 0 0
vt 0 0
vt 0 0
vt 0 0
vt 0 0
vt 0 0
vt 0 0
vt 0 0
vt 0 0
vt 0 0
vt 0 0
vt 0 0
vt 0 0
vt 0 0
vt 0 0
vt 0 0
vt 0 0
vt 0 0
vt 0 0
vt 0 0
vt 0 0
vt 0 0
vt 0 0
vt 0 0
vt 0 0
vt 0 0
vt 0 0
vt 0 0
vt 0 0
vt 0 0
vt 0 0
vt 0 0
vt 0 0
vt 0 0
vt 0 0
vt 0 0
vt 0 0
vt 0 0
vt 0 0
vt 0 0
vt 0 0
vt 0 0
vt 0 0
vt 0 0
vt 0 0
vt 0 0
vt 0 0
vt 0 0
vt 0 0
vt 0 0
vt 0 0
vt 0 0
vt 0 0
vt 0 0
vt 0 0
vt 0 0
vt 0 0
vt 0 0
vt 0 0
vt 0 0
vt 0 0
vt 0 0
vt 0 0
vt 0 0
vt 0 0
vt 0 0
vt 0 0
vt 0 0
vt 0 0
vt 0 0
vt 0 0
vt 0 0
vt 0 0
vt 0 0
vt 0 0
vt 0 0
vt 0 0
vt 0 0
vt 0 0
vt 0 0
vt 0 0
vt 0 0
vt 0 0
vt 0 0
vt 0 0
vt 0 0
vt 0 0
vt 0 0
vt 0 0
vt 0 0
vt 0 0
vt 0 0
vt 0 0
vt 0 0
vt 0 0
vt 0 0
vt 0 0
vt 0 0
vt 0 0
vt 0 0
vt 0 0
vt 0 0
vt 0 0
vt 0 0
vt 0 0
vt 0 0
vt 0 0
vt 0 0
vt 0 0
vt 0 0
vt 0 0
vt 0 0
vt 0 0
vt 0 0
vt 0 0
vt 0 0
vt 0 0
vt 0 0
vt 0 0
vt 0 0
vt 0 0
vt 0 0
vt 0 0
vt 0 0
vt 0 0
vt 0 0
vt 0 0
vt 0 0
vt 0 0
vt 0 0
vt 0 0
vt 0 0
vt 0 0
vt 0 0
vt 0 0
vt 0 0
vt 0 0
vt 0 0
vt 0 0
vt 0 0
vt 0 0
vt 0 0
vt 0 0
vt 0 0
vt 0 0
vt 0 0
vt 0 0
vt 0 0
vt 0 0
vt 0 0
vt 0 0
vt 0 0
vt 0 0
vt 0 0
vt 0 0
vt 0 0
vt 0 0
vt 0 0
vt 0 0
vt 0 0
vt 0 0
vt 0 0
vt 0 0
vt 0 0
vt 0 0
vt 0 0
vt 0 0
vt 0 0
vt 0 0
vt 0 0
vt 0 0
vt 0 0
vt 0 0
vt 0 0
vt 0 0
vt 0 0
vt 0 0
vt 0 0
vt 0 0
vt 0 0
vt 0 0
vt 0 0
vt 0 0
vt 0 0
vt 0 0
vt 0 0
vt 0 0
vt 0 0
vt 0 0
vt 0 0
vt 0 0
vt 0 0
vt 0 0
vt 0 0
vt 0 0
vt 0 0
vt 0 0
vt 0 0
vt 0 0
vt 0 0
vt 0 0
vt 0 0
vt 0 0
vt 0 0
vt 0 0
vt 0 0
vt 0 0
vt 0 0
vt 0 0
vt 0 0
vt 0 0
vt 0 0
vt 0 0
vt 0 0
vt 0 0
vt 0 0
vt 0 0
vt 0 0
vt 0 0
vt 0 0
vt 0 0
vt 0 0
vt 0 0
vt 0 0
vt 0 0
vt 0 0
vt 0 0
vt 0 0
vt 0 0
vt 0 0
vt 0 0
vt 0 0
vt 0 0
vt 0 0
vt 0 0
vt 0 0
vt 0 0
vt 0 0
vt 0 0
vt 0 0
vt 0 0
vt 0 0
vt 0 0
vt 0 0
vt 0 0
vt 0 0
vt 0 0
vt 0 0
vt 0 0
vt 0 0
vt 0 0
vt 0 0
vt 0 0
vt 0 0
vt 0 0
vt 0 0
vt 0 0
vt 0 0
vt 0 0
vt 0 0
vt 0 0
vt 0 0
vt 0 0
vt 0 0
vt 0 0
vt 0 0
vt 0 0
vt 0 0
vt 0 0
vt 0 0
vt 0 0
vt 0 0
vt 0 0
vt 0 0
vt 0 0
vt 0 0
vt 0 0
vt 0 0
vt 0 0
vt 0 0
vt 0 0
vt 0 0
vt 0 0
vt 0 0
vt 0 0
vt 0 0
vt 0 0
vt 0 0
vt 0 0
vt 0 0
vt 0 0
vt 0 0
vt 0 0
vt 0 0
vt 0 0
vt 0 0
vt 0 0
vt 0 0
vt 0 0
vt 0 0
vt 0 0
vt 0 0
vt 0 0
vt 0 0
vt 0 0
vt 0 0
vt 0 0
vt 0 0
vt 0 0
vt 0 0
vt 0 0
vt 0 0
vt 0 0
vt 0 0
vt 0 0
vt 0 0
vt 0 0
vt 0 0
vt 0 0
vt 0 0
vt 0 0
vt 0 0
vt 0 0
vt 0 0
vt 0 0
vt 0 0
vt 0 0
vt 0 0
vt 0 0
vt 0 0
vt 0 0
vt 0 0
vt 0 0
vt 0 0
vt 0 0
vt 0 0
vt 0 0
vt 0 0
vt 0 0
vt 0 0
vt 0 0
vt 0 0
vt 0 0
vt 0 0
vt 0 0
vt 0 0
vt 0 0
vt 0 0
vt 0 0
vt 0 0
vt 0 0
vt 0 0
vt 0 0
vt 0 0
vt 0 0
vt 0 0
vt 0 0
vt 0 0
vt 0 0
vt 0 0
vt 0 0
vt 0 0
vt 0 0
vt 0 0
vt 0 0
vt 0 0
vt 0 0
vt 0 0
vt 0 0
vt 0 0
vt 0 0
vt 0 0
vt 0 0
vt 0 0
vt 0 0
vt 0 0
vt 0 0
vt 0 0
vt 0 0
vt 0 0
vt 0 0
vt 0 0
vt 0 0
vt 0 0
vt 0 0
vt 0 0
vt 0 0
vt 0 0
vt 0 0
vt 0 0
vt 0 0
vt 0 0
vt 0 0
vt 0 0
vt 0 0
vt 0 0
vt 0 0
vt 0 0
vt 0 0
vt 0 0
vt 0 0
vt 0 0
vt 0 0
vt 0 0
vt 0 0
vt 0 0
vt 0 0
vt 0 0
vt 0 0
vt 0 0
vt 0 0
vt 0 0
vt 0 0
vt 0 0
vt 0 0
vt 0 0
vt 0 0
vt 0 0
vt 0 0
vt 0 0
vt 0 0
vt 0 0
vt 0 0
vt 0 0
vt 0 0
vt 0 0
vt 0 0
vt 0 0
vt 0 0
vt 0 0
vt 0 0
vt 0 0
vt 0 0
vt 0 0
vt 0 0
vt 0 0
vt 0 0
vt 0 0
vt 0 0
vt 0 0
vt 0 0
vt 0 0
vt 0 0
vt 0 0
vt 0 0
vt 0 0
vt 0 0
vt 0 0
vt 0 0
vt 0 0
vt 0 0
vt 0 0
vt 0 0
vt 0 0
vt 0 0
vt 0 0
vt 0 0
vt 0 0
vt 0 0
vt 0 0
vt 0 0
vt 0 0
vt 0 0
vt 0 0
vt 0 0
vt 0 0
vt 0 0
vt 0 0
vt 0 0
vt 0 0
vt 0 0
vt 0 0
vt 0 0
vt 0 0
vt 0 0
vt 0 0
vt 0 0
vt 0 0
vt 0 0
vt 0 0
vt 0 0
vt 0 0
vt 0 0
vt 0 0
vt 0 0
vt 0 0
vt 0 0
vt 0 0
vt 0 0
vt 0 0
vt 0 0
vt 0 0
vt 0 0
vt 0 0
vt 0 0
vt 0 0
vt 0 0
vt 0 0
vt 0 0
vt 0 0
vt 0 0
vt 0 0
vt 0 0
vt 0 0
vt 0 0
vt 0 0
vt 0 0
vt 0 0
vt 0 0
vt 0 0
vt 0 0
vt 0 0
vt 0 0
vt 0 0
vt 0 0
vt 0 0
vt 0 0
vt 0 0
vt 0 0
vt 0 0
vt 0 0
vt 0 0
vt 0 0
vt 0 0
vt 0 0
vt 0 0
vt 0 0
vt 0 0
vt 0 0
vt 0 0
vt 0 0
vt 0 0
vt 0 0
vt 0 0
vt 0 0
vt 0 0
vt 0 0
vt 0 0
vt 0 0
vt 0 0
vt 0 0
vt 0 0
vt 0 0
vt 0 0
vt 0 0
vt 0 0
vt 0 0
vt 0 0
vt 0 0
vt 0 0
vt 0 0
vt 0 0
vt 0 0
vt 0 0
vt 0 0
vt 0 0
vt 0 0
vt 0 0
vt 0 0
vt 0 0
vt 0 0
vt 0 0
vt 0 0
vt 0 0
vt 0 0
vt 0 0
vt 0 0
vt 0 0
vt 0 0
vt 0 0
vt 0 0
vt 0 0
vt 0 0
vt 0 0
vt 0 0
vt 0 0
vt 0 0
vt 0 0
vt 0 0
vt 0 0
vt 0 0
vt 0 0
vt 0 0
vt 0 0
vt 0 0
vt 0 0
vt 0 0
vt 0 0
vt 0 0
vt 0 0
vt 0 0
vt 0 0
vt 0 0
vt 0 0
vt 0 0
vt 0 0
vt 0 0
vt 0 0
vt 0 0
vt 0 0
vt 0 0
vt 0 0
vt 0 0
vt 0 0
vt 0 0
vt 0 0
vt 0 0
vt 0 0
vt 0 0
vt 0 0
vt 0 0
vt 0 0
vt 0 0
vt 0 0
vt 0 0
vt 0 0
vt 0 0
vt 0 0
vt 0 0
vt 0 0
vt 0 0
vt 0 0
vt 0 0
vt 0 0
vt 0 0
vt 0 0
vt 0 0
vt 0 0
vt 0 0
vt 0 0
vt 0 0
vt 0 0
vt 0 0
vt 0 0
vt 0 0
vt 0 0
vt 0 0
vt 0 0
vt 0 0
vt 0 0
vt 0 0
vt 0 0
vt 0 0
vt 0 0
vt 0 0
vt 0 0
vt 0 0
vt 0 0
vt 0 0
vt 0 0
vt 0 0
vt 0 0
vt 0 0
vt 0 0
vt 0 0
vt 0 0
vt 0 0
vt 0 0
vt 0 0
vt 0 0
vt 0 0
vt 0 0
vt 0 0
vt 0 0
vt 0 0
vt 0 0
vt 0 0
vt 0 0
vt 0 0
vt 0 0
vt 0 0
vt 0 0
vt 0 0
vt 0 0
vt 0 0
vt 0 0
vt 0 0
vt 0 0
vt 0 0
vt 0 0
vt 0 0
vt 0 0
vt 0 0
vt 0 0
vt 0 0
vt 0 0
vt 0 0
vt 0 0
vt 0 0
vt 0 0
vt 0 0
vt 0 0
vt 0 0
vt 0 0
vt 0 0
vt 0 0
vt 0 0
vt 0 0
vt 0 0
vt 0 0
vt 0 0
vt 0 0
vt 0 0
vt 0 0
vt 0 0
vt 0 0
vt 0 0
vt 0 0
vt 0 0
vt 0 0
vt 0 0
vt 0 0
vt 0 0
vt 0 0
vt 0 0
vt 0 0
vt 0 0
vt 0 0
vt 0 0
vt 0 0
vt 0 0
vt 0 0
vt 0 0
vt 0 0
vt 0 0
vt 0 0
vt 0 0
vt 0 0
vt 0 0
vt 0 0
vt 0 0
vt 0 0
vt 0 0
vt 0 0
vt 0 0
vt 0 0
vt 0 0
vt 0 0
vt 0 0
vt 0 0
vt 0 0
vt 0 0
vt 0 0
vt 0 0
vt 0 0
vt 0 0
vt 0 0
vt 0 0
vt 0 0
vt 0 0
vt 0 0
vt 0 0
vt 0 0
vt 0 0
vt 0 0
vt 0 0
vt 0 0
vt 0 0
vt 0 0
vt 0 0
vt 0 0
vt 0 0
vt 0 0
vt 0 0
vt 0 0
vt 0 0
vt 0 0
vt 0 0
vt 0 0
vt 0 0
vt 0 0
vt 0 0
vt 0 0
vt 0 0
vt 0 0
vt 0 0
vt 0 0
vt 0 0
vt 0 0
vt 0 0
vt 0 0
vt 0 0
vt 0 0
vt 0 0
vt 0 0
vt 0 0
vt 0 0
vt 0 0
vt 0 0
vt 0 0
vt 0 0
vt 0 0
vt 0 0
vt 0 0
vt 0 0
vt 0 0
vt 0 0
vt 0 0
vt 0 0
vt 0 0
vt 0 0
vt 0 0
vt 0 0
vt 0 0
vt 0 0
vt 0 0
vt 0 0
vt 0 0
vt 0 0
vt 0 0
vt 0 0
vt 0 0
vt 0 0
vt 0 0
vt 0 0
vt 0 0
vt 0 0
vt 0 0
vt 0 0
vt 0 0
vt 0 0
vt 0 0
vt 0 0
vt 0 0
vt 0 0
vt 0 0
vt 0 0
vt 0 0
vt 0 0
vt 0 0
vt 0 0
vt 0 0
vt 0 0
vt 0 0
vt 0 0
vt 0 0
vt 0 0
vt 0 0
vt 0 0
vt 0 0
vt 0 0
vt 0 0
vt 0 0
vt 0 0
vt 0 0
vt 0 0
vt 0 0
vt 0 0
vt 0 0
vt 0 0
vt 0 0
vt 0 0
vt 0 0
vt 0 0
vt 0 0
vt 0 0
vt 0 0
vt 0 0
vt 0 0
vt 0 0
vt 0 0
vt 0 0
vt 0 0
vt 0 0
vt 0 0
vt 0 0
vt 0 0
vt 0 0
vt 0 0
vt 0 0
vt 0 0
vt 0 0
vt 0 0
vt 0 0
vt 0 0
vt 0 0
vt 0 0
vt 0 0
vt 0 0
vt 0 0
vt 0 0
vt 0 0
vt 0 0
vt 0 0
vt 0 0
vt 0 0
vt 0 0
vt 0 0
vt 0 0
vt 0 0
vt 0 0
vt 0 0
vt 0 0
vt 0 0
vt 0 0
vt 0 0
vt 0 0
vt 0 0
vt 0 0
vt 0 0
vt 0 0
vt 0 0
vt 0 0
vt 0 0
vt 0 0
vt 0 0
vt 0 0
vt 0 0
vt 0 0
vt 0 0
vt 0 0
vt 0 0
vt 0 0
vt 0 0
vt 0 0
vt 0 0
vt 0 0
vt 0 0
vt 0 0
vt 0 0
vt 0 0
vt 0 0
vt 0 0
vt 0 0
vt 0 0
vt 0 0
vt 0 0
vt 0 0
vt 0 0
vt 0 0
vt 0 0
vt 0 0
vt 0 0
vt 0 0
vt 0 0
vt 0 0
vt 0 0
vt 0 0
vt 0 0
vt 0 0
vt 0 0
vt 0 0
vt 0 0
vt 0 0
vt 0 0
vt 0 0
vt 0 0
vt 0 0
vt 0 0
vt 0 0
vt 0 0
vt 0 0
vt 0 0
vt 0 0
vt 0 0
vt 0 0
vt 0 0
vt 0 0
vt 0 0
vt 0 0
vt 0 0
vt 0 0
vt 0 0
vt 0 0
vt 0 0
vt 0 0
vt 0 0
vt 0 0
vt 0 0
vt 0 0
vt 0 0
vt 0 0
vt 0 0
vt 0 0
vt 0 0
vt 0 0
vt 0 0
vt 0 0
vt 0 0
vt 0 0
vt 0 0
vt 0 0
vt 0 0
vt 0 0
vt 0 0
vt 0 0
vt 0 0
vt 0 0
vt 0 0
vt 0 0
vt 0 0
vt 0 0
vt 0 0
vt 0 0
vt 0 0
vt 0 0
vt 0 0
vt 0 0
vt 0 0
vt 0 0
vt 0 0
vt 0 0
vt 0 0
vt 0 0
vt 0 0
vt 0 0
vt 0 0
vt 0 0
vt 0 0
vt 0 0
vt 0 0
vt 0 0
vt 0 0
vt 0 0
vt 0 0
vt 0 0
vt 0 0
vt 0 0
vt 0 0
vt 0 0
vt 0 0
vt 0 0
vt 0 0
vt 0 0
vt 0 0
vt 0 0
vt 0 0
vt 0 0
vt 0 0
vt 0 0
vt 0 0
vt 0 0
vt 0 0
vt 0 0
vt 0 0
vt 0 0
vt 0 0
vt 0 0
vt 0 0
vt 0 0
vt 0 0
vt 0 0
vt 0 0
vt 0 0
vt 0 0
vt 0 0
vt 0 0
vt 0 0
vt 0 0
vt 0 0
vt 0 0
vt 0 0
vt 0 0
vt 0 0
vt 0 0
vt 0 0
vt 0 0
vt 0 0
vt 0 0
vt 0 0
vt 0 0
vt 0 0
vt 0 0
vt 0 0
vt 0 0
vt 0 0
vt 0 0
vt 0 0
vt 0 0
vt 0 0
vt 0 0
vt 0 0
vt 0 0
vt 0 0
vt 0 0
vt 0 0
vt 0 0
vt 0 0
vt 0 0
vt 0 0
vt 0 0
vt 0 0
vt 0 0
vt 0 0
vt 0 0
vt 0 0
vt 0 0
vt 0 0
vt 0 0
vt 0 0
vt 0 0
vt 0 0
vt 0 0
vt 0 0
vt 0 0
vt 0 0
vt 0 0
vt 0 0
vt 0 0
vt 0 0
vt 0 0
vt 0 0
vt 0 0
vt 0 0
vt 0 0
vt 0 0
vt 0 0
vt 0 0
vt 0 0
vt 0 0
vt 0 0
vt 0 0
vt 0 0
vt 0 0
vt 0 0
vt 0 0
vt 0 0
vt 0 0
vt 0 0
vt 0 0
vt 0 0
vt 0 0
vt 0 0
vt 0 0
vt 0 0
vt 0 0
vt 0 0
vt 0 0
vt 0 0
vt 0 0
vt 0 0
vt 0 0
vt 0 0
vt 0 0
vt 0 0
vt 0 0
vt 0 0
vt 0 0
vt 0 0
vt 0 0
vt 0 0
vt 0 0
vt 0 0
vt 0 0
vt 0 0
vt 0 0
vt 0 0
vt 0 0
vt 0 0
vt 0 0
vt 0 0
vt 0 0
vt 0 0
vt 0 0
vt 0 0
vt 0 0
vt 0 0
vt 0 0
vt 0 0
vt 0 0
vt 0 0
vt 0 0
vt 0 0
vt 0 0
vt 0 0
vt 0 0
vt 0 0
vt 0 0
vt 0 0
vt 0 0
vt 0 0
vt 0 0
vt 0 0
vt 0 0
vt 0 0
vt 0 0
vt 0 0
vt 0 0
vt 0 0
vt 0 0
vt 0 0
vt 0 0
vt 0 0
vt 0 0
vt 0 0
vt 0 0
vt 0 0
vt 0 0
vt 0 0
vt 0 0
vt 0 0
vt 0 0
vt 0 0
vt 0 0
vt 0 0
vt 0 0
vt 0 0
vt 0 0
vt 0 0
vt 0 0
vt 0 0
vt 0 0
vt 0 0
vt 0 0
vt 0 0
vt 0 0
vt 0 0
vt 0 0
vt 0 0
vt 0 0
vt 0 0
vt 0 0
vt 0 0
vt 0 0
vt 0 0
vt 0 0
vt 0 0
vt 0 0
vt 0 0
vt 0 0
vt 0 0
vt 0 0
vt 0 0
vt 0 0
vt 0 0
vt 0 0
vt 0 0
vt 0 0
vt 0 0
vt 0 0
vt 0 0
vt 0 0
vt 0 0
vt 0 0
vt 0 0
vt 0 0
vt 0 0
vt 0 0
vt 0 0
vt 0 0
vt 0 0
vt 0 0
vt 0 0
vt 0 0
vt 0 0
vt 0 0
vt 0 0
vt 0 0
vt 0 0
vt 0 0
vt 0 0
vt 0 0
vt 0 0
vt 0 0
vt 0 0
vt 0 0
vt 0 0
vt 0 0
vt 0 0
vt 0 0
vt 0 0
vt 0 0
vt 0 0
vt 0 0
vt 0 0
vt 0 0
vt 0 0
vt 0 0
vt 0 0
vt 0 0
vt 0 0
vt 0 0
vt 0 0
vt 0 0
vt 0 0
vt 0 0
vt 0 0
vt 0 0
vt 0 0
vt 0 0
vt 0 0
vt 0 0
vt 0 0
vt 0 0
vt 0 0
vt 0 0
vt 0 0
vt 0 0
vt 0 0
vt 0 0
vt 0 0
vt 0 0
vt 0 0
vt 0 0
vt 0 0
vt 0 0
vt 0 0
vt 0 0
vt 0 0
vt 0 0
vt 0 0
vt 0 0
vt 0 0
vt 0 0
vt 0 0
vt 0 0
vt 0 0
vt 0 0
vt 0 0
vt 0 0
vt 0 0
vt 0 0
vt 0 0
vt 0 0
vt 0 0
vt 0 0
vt 0 0
vt 0 0
vt 0 0
vt 0 0
vt 0 0
vt 0 0
vt 0 0
vt 0 0
vt 0 0
vt 0 0
vt 0 0
vt 0 0
vt 0 0
vt 0 0
vt 0 0
vt 0 0
vt 0 0
vt 0 0
vt 0 0
vt 0 0
vt 0 0
vt 0 0
vt 0 0
vt 0 0
vt 0 0
vt 0 0
vt 0 0
vt 0 0
vt 0 0
vt 0 0
vt 0 0
vt 0 0
vt 0 0
vt 0 0
vt 0 0
vt 0 0
vt 0 0
vt 0 0
vt 0 0
vt 0 0
vt 0 0
vt 0 0
vt 0 0
vt 0 0
vt 0 0
vt 0 0
vt 0 0
vt 0 0
vt 0 0
vt 0 0
vt 0 0
vt 0 0
vt 0 0
vt 0 0
vt 0 0
vt 0 0
vt 0 0
vt 0 0
vt 0 0
vt 0 0
vt 0 0
vt 0 0
vt 0 0
vt 0 0
vt 0 0
vt 0 0
vt 0 0
vt 0 0
vt 0 0
vt 0 0
vt 0 0
vt 0 0
vt 0 0
vt 0 0
vt 0 0
vt 0 0
vt 0 0
vt 0 0
vt 0 0
vt 0 0
vt 0 0
vt 0 0
vt 0 0
vt 0 0
vt 0 0
vt 0 0
vt 0 0
vt 0 0
vt 0 0
vt 0 0
vt 0 0
vt 0 0
vt 0 0
vt 0 0
vt 0 0
vt 0 0
vt 0 0
vt 0 0
vt 0 0
vt 0 0
vt 0 0
vt 0 0
vt 0 0
vt 0 0
vt 0 0
vt 0 0
vt 0 0
vt 0 0
vt 0 0
vt 0 0
vt 0 0
vt 0 0
vt 0 0
vt 0 0
vt 0 0
vt 0 0
vt 0 0
vt 0 0
vt 0 0
vt 0 0
vt 0 0
vt 0 0
vt 0 0
vt 0 0
vt 0 0
vt 0 0
vt 0 0
vt 0 0
vt 0 0
vt 0 0
vt 0 0
vt 0 0
vt 0 0
vt 0 0
vt 0 0
vt 0 0
vt 0 0
vt 0 0
vt 0 0
vt 0 0
vt 0 0
vt 0 0
vt 0 0
vt 0 0
vt 0 0
vt 0 0
vt 0 0
vt 0 0
vt 0 0
vt 0 0
vt 0 0
vt 0 0
vt 0 0
vt 0 0
vt 0 0
vt 0 0
vt 0 0
vt 0 0
vt 0 0
vt 0 0
vt 0 0
vt 0 0
vt 0 0
vt 0 0
vt 0 0
vt 0 0
vt 0 0
vt 0 0
vt 0 0
vt 0 0
vt 0 0
vt 0 0
vt 0 0
vt 0 0
vt 0 0
vt 0 0
vt 0 0
vt 0 0
vt 0 0
vt 0 0
vt 0 0
vt 0 0
vt 0 0
vt 0 0
vt 0 0
vt 0 0
vt 0 0
vt 0 0
vt 0 0
vt 0 0
vt 0 0
vt 0 0
vt 0 0
vt 0 0
vt 0 0
vt 0 0
vt 0 0
vt 0 0
vt 0 0
vt 0 0
vt 0 0
vt 0 0
vt 0 0
vt 0 0
vt 0 0
vt 0 0
vt 0 0
vt 0 0
vt 0 0
vt 0 0
vt 0 0
vt 0 0
vt 0 0
vt 0 0
vt 0 0
vt 0 0
vt 0 0
vt 0 0
vt 0 0
vt 0 0
vt 0 0
vt 0 0
vt 0 0
vt 0 0
vt 0 0
vt 0 0
vt 0 0
vt 0 0
vt 0 0
vt 0 0
vt 0 0
vt 0 0
vt 0 0
vt 0 0
vt 0 0
vt 0 0
vt 0 0
vt 0 0
vt 0 0
vt 0 0
vt 0 0
vt 0 0
vt 0 0
vt 0 0
vt 0 0
vt 0 0
vt 0 0
vt 0 0
vt 0 0
vt 0 0
vt 0 0
vt 0 0
vt 0 0
vt 0 0
vt 0 0
vt 0 0
vt 0 0
vt 0 0
vt 0 0
vt 0 0
vt 0 0
vt 0 0
vt 0 0
vt 0 0
vt 0 0
vt 0 0
vt 0 0
vt 0 0
vt 0 0
vt 0 0
vt 0 0
vt 0 0
vt 0 0
vt 0 0
vt 0 0
vt 0 0
vt 0 0
vt 0 0
vt 0 0
vt 0 0
vt 0 0
vt 0 0
vt 0 0
vt 0 0
vt 0 0
vt 0 0
vt 0 0
vt 0 0
vt 0 0
vt 0 0
vt 0 0
vt 0 0
vt 0 0
vt 0 0
vt 0 0
vt 0 0
vt 0 0
vt 0 0
vt 0 0
vt 0 0
vt 0 0
vt 0 0
vt 0 0
vt 0 0
vt 0 0
vt 0 0
vt 0 0
vt 0 0
vt 0 0
vt 0 0
vt 0 0
vt 0 0
vt 0 0
vt 0 0
vt 0 0
vt 0 0
vt 0 0
vt 0 0
vt 0 0
vt 0 0
vt 0 0
vt 0 0
vt 0 0
vt 0 0
vt 0 0
vt 0 0
vt 0 0
vt 0 0
vt 0 0
vt 0 0
vt 0 0
vt 0 0
vt 0 0
vt 0 0
vt 0 0
vt 0 0
vt 0 0
vt 0 0
vt 0 0
vt 0 0
vt 0 0
vt 0 0
vt 0 0
vt 0 0
vt 0 0
vt 0 0
vt 0 0
vt 0 0
vt 0 0
vt 0 0
vt 0 0
vt 0 0
vt 0 0
vt 0 0
vt 0 0
vt 0 0
vt 0 0
vt 0 0
vt 0 0
vt 0 0
vt 0 0
vt 0 0
vt 0 0
vt 0 0
vt 0 0
vt 0 0
vt 0 0
vt 0 0
vt 0 0
vt 0 0
vt 0 0
vt 0 0
vt 0 0
vt 0 0
vt 0 0
vt 0 0
vt 0 0
vt 0 0
vt 0 0
vt 0 0
vt 0 0
vt 0 0
vt 0 0
vt 0 0
vt 0 0
vt 0 0
vt 0 0
vt 0 0
vt 0 0
vt 0 0
vt 0 0
vt 0 0
vt 0 0
vt 0 0
vt 0 0
vt 0 0
vt 0 0
vt 0 0
vt 0 0
vt 0 0
vt 0 0
vt 0 0
vt 0 0
vt 0 0
vt 0 0
vt 0 0
vt 0 0
vt 0 0
vt 0 0
vt 0 0
vt 0 0
vt 0 0
vt 0 0
vt 0 0
vt 0 0
vt 0 0
vt 0 0
vt 0 0
vt 0 0
vt 0 0
vt 0 0
vt 0 0
vt 0 0
vt 0 0
vt 0 0
vt 0 0
vt 0 0
vt 0 0
vt 0 0
vt 0 0
vt 0 0
vt 0 0
vt 0 0
vt 0 0
vt 0 0
vt 0 0
vt 0 0
vt 0 0
vt 0 0
vt 0 0
vt 0 0
vt 0 0
vt 0 0
vt 0 0
vt 0 0
vt 0 0
vt 0 0
vt 0 0
vt 0 0
vt 0 0
vt 0 0
vt 0 0
vt 0 0
vt 0 0
vt 0 0
vt 0 0
vt 0 0
vt 0 0
vt 0 0
vt 0 0
vt 0 0
vt 0 0
vt 0 0
vt 0 0
vt 0 0
vt 0 0
vt 0 0
vt 0 0
vt 0 0
vt 0 0
vt 0 0
vt 0 0
vt 0 0
vt 0 0
vt 0 0
vt 0 0
vt 0 0
vt 0 0
vt 0 0
vt 0 0
vt 0 0
vt 0 0
vt 0 0
vt 0 0
vt 0 0
vt 0 0
vt 0 0
vt 0 0
vt 0 0
vt 0 0
vt 0 0
vt 0 0
vt 0 0
vt 0 0
vt 0 0
vt 0 0
vt 0 0
vt 0 0
vt 0 0
vt 0 0
vt 0 0
vt 0 0
vt 0 0
vt 0 0
vt 0 0
vt 0 0
vt 0 0
vt 0 0
vt 0 0
vt 0 0
vt 0 0
vt 0 0
vt 0 0
vt 0 0
vt 0 0
vt 0 0
vt 0 0
vt 0 0
vt 0 0
vt 0 0
vt 0 0
vt 0 0
vt 0 0
vt 0 0
vt 0 0
vt 0 0
vt 0 0
vt 0 0
vt 0 0
vt 0 0
vt 0 0
vt 0 0
vt 0 0
vt 0 0
vt 0 0
vt 0 0
vt 0 0
vt 0 0
vt 0 0
vt 0 0
vt 0 0
vt 0 0
vt 0 0
vt 0 0
vt 0 0
vt 0 0
vt 0 0
vt 0 0
vt 0 0
vt 0 0
vt 0 0
vt 0 0
vt 0 0
vt 0 0
vt 0 0
vt 0 0
vt 0 0
vt 0 0
vt 0 0
vt 0 0
vt 0 0
vt 0 0
vt 0 0
vt 0 0
vt 0 0
vt 0 0
vt 0 0
vt 0 0
vt 0 0
vt 0 0
vt 0 0
vt 0 0
vt 0 0
vt 0 0
vt 0 0
vt 0 0
vt 0 0
vt 0 0
vt 0 0
vt 0 0
vt 0 0
vt 0 0
vt 0 0
vt 0 0
vt 0 0
vt 0 0
vt 0 0
vt 0 0
vt 0 0
vt 0 0
vt 0 0
vt 0 0
vt 0 0
vt 0 0
vt 0 0
vt 0 0
vt 0 0
vt 0 0
vt 0 0
vt 0 0
vt 0 0
vt 0 0
vt 0 0
vt 0 0
vt 0 0
vt 0 0
vt 0 0
vt 0 0
vt 0 0
vt 0 0
vt 0 0
vt 0 0
vt 0 0
vt 0 0
vt 0 0
vt 0 0
vt 0 0
vt 0 0
vt 0 0
vt 0 0
vt 0 0
vt 0 0
vt 0 0
vt 0 0
vt 0 0
vt 0 0
vt 0 0
vt 0 0
vt 0 0
vt 0 0
vt 0 0
vt 0 0
vt 0 0
vt 0 0
vt 0 0
vt 0 0
vt 0 0
vt 0 0
vt 0 0
vt 0 0
vt 0 0
vt 0 0
vt 0 0
vt 0 0
vt 0 0
vt 0 0
vt 0 0
vt 0 0
vt 0 0
vt 0 0
vt 0 0
vt 0 0
vt 0 0
vt 0 0
vt 0 0
vt 0 0
vt 0 0
vt 0 0
vt 0 0
vt 0 0
vt 0 0
vt 0 0
vt 0 0
vt 0 0
vt 0 0
vt 0 0
vt 0 0
vt 0 0
vt 0 0
vt 0 0
vt 0 0
vt 0 0
vt 0 0
vt 0 0
vt 0 0
vt 0 0
vt 0 0
vt 0 0
vt 0 0
vt 0 0
vt 0 0
vt 0 0
vt 0 0
vt 0 0
vt 0 0
vt 0 0
vt 0 0
vt 0 0
vt 0 0
vt 0 0
vt 0 0
vt 0 0
vt 0 0
vt 0 0
vt 0 0
vt 0 0
vt 0 0
vt 0 0
vt 0 0
vt 0 0
vt 0 0
vt 0 0
vt 0 0
vt 0 0
vt 0 0
vt 0 0
vt 0 0
vt 0 0
vt 0 0
vt 0 0
vt 0 0
vt 0 0
vt 0 0
vt 0 0
vt 0 0
vt 0 0
vt 0 0
vt 0 0
vt 0 0
vt 0 0
vt 0 0
vt 0 0
vt 0 0
vt 0 0
vt 0 0
vt 0 0
vt 0 0
vt 0 0
vt 0 0
vt 0 0
vt 0 0
vt 0 0
vt 0 0
vt 0 0
vt 0 0
vt 0 0
vt 0 0
vt 0 0
vt 0 0
vt 0 0
vt 0 0
vt 0 0
vt 0 0
vt 0 0
vt 0 0
vt 0 0
vt 0 0
vt 0 0
vt 0 0
vt 0 0
vt 0 0
vt 0 0
vt 0 0
vt 0 0
vt 0 0
vt 0 0
vt 0 0
vt 0 0
vt 0 0
vt 0 0
vt 0 0
vt 0 0
vt 0 0
vt 0 0
vt 0 0
vt 0 0
vt 0 0
vt 0 0
vt 0 0
vt 0 0
vt 0 0
vt 0 0
vt 0 0
vt 0 0
vt 0 0
vt 0 0
vt 0 0
vt 0 0
vt 0 0
vt 0 0
vt 0 0
vt 0 0
vt 0 0
vt 0 0
vt 0 0
vt 0 0
vt 0 0
vt 0 0
vt 0 0
vt 0 0
vt 0 0
vt 0 0
vt 0 0
vt 0 0
vt 0 0
vt 0 0
vt 0 0
vt 0 0
vt 0 0
vt 0 0
vt 0 0
vt 0 0
vt 0 0
vt 0 0
vt 0 0
vt 0 0
vt 0 0
vt 0 0
vt 0 0
vt 0 0
vt 0 0
vt 0 0
vt 0 0
vt 0 0
vt 0 0
vt 0 0
vt 0 0
vt 0 0
vt 0 0
vt 0 0
vt 0 0
vt 0 0
vt 0 0
vt 0 0
vt 0 0
vt 0 0
vt 0 0
vt 0 0
vt 0 0
vt 0 0
vt 0 0
vt 0 0
vt 0 0
vt 0 0
vt 0 0
vt 0 0
vt 0 0
vt 0 0
vt 0 0
vt 0 0
vt 0 0
vt 0 0
vt 0 0
vt 0 0
vt 0 0
vt 0 0
vt 0 0
vt 0 0
vt 0 0
vt 0 0
vt 0 0
vt 0 0
vt 0 0
vt 0 0
vt 0 0
vt 0 0
vt 0 0
vt 0 0
vt 0 0
vt 0 0
vt 0 0
vt 0 0
vt 0 0
vt 0 0
vt 0 0
vt 0 0
vt 0 0
vt 0 0
vt 0 0
vt 0 0
vt 0 0
vt 0 0
vt 0 0
vt 0 0
vt 0 0
vt 0 0
vt 0 0
vt 0 0
vt 0 0
vt 0 0
vt 0 0
vt 0 0
vt 0 0
vt 0 0
vt 0 0
vt 0 0
vt 0 0
vt 0 0
vt 0 0
vt 0 0
vt 0 0
vt 0 0
vt 0 0
vt 0 0
vt 0 0
vt 0 0
vt 0 0
vt 0 0
vt 0 0
vt 0 0
vt 0 0
vt 0 0
vt 0 0
vt 0 0
vt 0 0
vt 0 0
vt 0 0
vt 0 0
vt 0 0
vt 0 0
vt 0 0
vt 0 0
vt 0 0
vt 0 0
vt 0 0
vt 0 0
vt 0 0
vt 0 0
vt 0 0
vt 0 0
vt 0 0
vt 0 0
vt 0 0
vt 0 0
vt 0 0
vt 0 0
vt 0 0
vt 0 0
vt 0 0
vt 0 0
vt 0 0
vt 0 0
vt 0 0
vt 0 0
vt 0 0
vt 0 0
vt 0 0
vt 0 0
vt 0 0
vt 0 0
vt 0 0
vt 0 0
vt 0 0
vt 0 0
vt 0 0
vt 0 0
vt 0 0
vt 0 0
vt 0 0
vt 0 0
vt 0 0
vt 0 0
vt 0 0
vt 0 0
vt 0 0
vt 0 0
vt 0 0
vt 0 0
vt 0 0
vt 0 0
vt 0 0
vt 0 0
vt 0 0
vt 0 0
vt 0 0
vt 0 0
vt 0 0
vt 0 0
vt 0 0
vt 0 0
vt 0 0
vt 0 0
vt 0 0
vt 0 0
vt 0 0
vt 0 0
vt 0 0
vt 0 0
vt 0 0
vt 0 0
vt 0 0
vt 0 0
vt 0 0
vt 0 0
vt 0 0
vt 0 0
vt 0 0
vt 0 0
vt 0 0
vt 0 0
vt 0 0
vt 0 0
vt 0 0
vt 0 0
vt 0 0
vt 0 0
vt 0 0
vt 0 0
vt 0 0
vt 0 0
vt 0 0
vt 0 0
vt 0 0
vt 0 0
vt 0 0
vt 0 0
vt 0 0
vt 0 0
vt 0 0
vt 0 0
vt 0 0
vt 0 0
vt 0 0
vt 0 0
vt 0 0
vt 0 0
vt 0 0
vt 0 0
vt 0 0
vt 0 0
vt 0 0
vt 0 0
vt 0 0
vt 0 0
vt 0 0
vt 0 0
vt 0 0
vt 0 0
vt 0 0
vt 0 0
vt 0 0
vt 0 0
vt 0 0
vt 0 0
vt 0 0
vt 0 0
vt 0 0
vt 0 0
vt 0 0
vt 0 0
vt 0 0
vt 0 0
vt 0 0
vt 0 0
vt 0 0
vt 0 0
vt 0 0
vt 0 0
vt 0 0
vt 0 0
vt 0 0
vt 0 0
vt 0 0
vt 0 0
vt 0 0
vt 0 0
vt 0 0
vt 0 0
vt 0 0
vt 0 0
vt 0 0
vt 0 0
vt 0 0
vt 0 0
vt 0 0
vt 0 0
vt 0 0
vt 0 0
vt 0 0
vt 0 0
vt 0 0
vt 0 0
vt 0 0
vt 0 0
vt 0 0
vt 0 0
vt 0 0
vt 0 0
vt 0 0
vt 0 0
vt 0 0
vt 0 0
vt 0 0
vt 0 0
vt 0 0
vt 0 0
vt 0 0
vt 0 0
vt 0 0
vt 0 0
vt 0 0
vt 0 0
vt 0 0
vt 0 0
vt 0 0
vt 0 0
vt 0 0
vt 0 0
vt 0 0
vt 0 0
vt 0 0
vt 0 0
vt 0 0
vt 0 0
vt 0 0
vt 0 0
vt 0 0
vt 0 0
vt 0 0
vt 0 0
vt 0 0
vt 0 0
vt 0 0
vt 0 0
vt 0 0
vt 0 0
vt 0 0
vt 0 0
vt 0 0
vt 0 0
vt 0 0
vt 0 0
vt 0 0
vt 0 0
vt 0 0
vt 0 0
vt 0 0
vt 0 0
vt 0 0
vt 0 0
vt 0 0
vt 0 0
vt 0 0
vt 0 0
vt 0 0
vt 0 0
vt 0 0
vt 0 0
vt 0 0
vt 0 0
vt 0 0
vt 0 0
vt 0 0
vt 0 0
vt 0 0
vt 0 0
vt 0 0
vt 0 0
vt 0 0
vt 0 0
vt 0 0
vt 0 0
vt 0 0
vt 0 0
vt 0 0
vt 0 0
vt 0 0
vt 0 0
vt 0 0
vt 0 0
vt 0 0
vt 0 0
vt 0 0
vt 0 0
vt 0 0
vt 0 0
vt 0 0
vt 0 0
vt 0 0
vt 0 0
vt 0 0
vt 0 0
vt 0 0
vt 0 0
vt 0 0
vt 0 0
vt 0 0
vt 0 0
vt 0 0
vt 0 0
vt 0 0
vt 0 0
vt 0 0
vt 0 0
vt 0 0
vt 0 0
vt 0 0
vt 0 0
vt 0 0
vt 0 0
vt 0 0
vt 0 0
vt 0 0
vt 0 0
vt 0 0
vt 0 0
vt 0 0
vt 0 0
vt 0 0
vt 0 0
vt 0 0
vt 0 0
vt 0 0
vt 0 0
vt 0 0
vt 0 0
vt 0 0
vt 0 0
vt 0 0
vt 0 0
vt 0 0
vt 0 0
vt 0 0
vt 0 0
vt 0 0
vt 0 0
vt 0 0
vt 0 0
vt 0 0
vt 0 0
vt 0 0
vt 0 0
vt 0 0
vt 0 0
vt 0 0
vt 0 0
vt 0 0
vt 0 0
vt 0 0
vt 0 0
vt 0 0
vt 0 0
vt 0 0
vt 0 0
vt 0 0
vt 0 0
vt 0 0
vt 0 0
vt 0 0
vt 0 0
vt 0 0
vt 0 0
vt 0 0
vt 0 0
vt 0 0
vt 0 0
vt 0 0
vt 0 0
vt 0 0
vt 0 0
vt 0 0
vt 0 0
vt 0 0
vt 0 0
vt 0 0
vt 0 0
vt 0 0
vt 0 0
vt 0 0
vt 0 0
vt 0 0
vt 0 0
vt 0 0
vt 0 0
vt 0 0
vt 0 0
vt 0 0
vt 0 0
vt 0 0
vt 0 0
vt 0 0
vt 0 0
vt 0 0
vt 0 0
vt 0 0
vt 0 0
vt 0 0
vt 0 0
vt 0 0
vt 0 0
vt 0 0
vt 0 0
vt 0 0
vt 0 0
vt 0 0
vt 0 0
vt 0 0
vt 0 0
vt 0 0
vt 0 0
vt 0 0
vt 0 0
vt 0 0
vt 0 0
vt 0 0
vt 0 0
vt 0 0
vt 0 0
vt 0 0
vt 0 0
vt 0 0
vt 0 0
vt 0 0
vt 0 0
vt 0 0
vt 0 0
vt 0 0
vt 0 0
vt 0 0
vt 0 0
vt 0 0
vt 0 0
vt 0 0
vt 0 0
vt 0 0
vt 0 0
vt 0 0
vt 0 0
vt 0 0
vt 0 0
vt 0 0
vt 0 0
vt 0 0
vt 0 0
vt 0 0
vt 0 0
vt 0 0
vt 0 0
vt 0 0
vt 0 0
vt 0 0
vt 0 0
vt 0 0
vt 0 0
vt 0 0
vt 0 0
vt 0 0
vt 0 0
vt 0 0
vt 0 0
vt 0 0
vt 0 0
vt 0 0
vt 0 0
vt 0 0
vt 0 0
vt 0 0
vt 0 0
vt 0 0
vt 0 0
vt 0 0
vt 0 0
vt 0 0
vt 0 0
vt 0 0
vt 0 0
vt 0 0
vt 0 0
vt 0 0
vt 0 0
vt 0 0
vt 0 0
vt 0 0
vt 0 0
vt 0 0
vt 0 0
vt 0 0
vt 0 0
vt 0 0
vt 0 0
vt 0 0
vt 0 0
vt 0 0
vt 0 0
vt 0 0
vt 0 0
vt 0 0
vt 0 0
vt 0 0
vt 0 0
vt 0 0
vt 0 0
vt 0 0
vt 0 0
vt 0 0
vt 0 0
vt 0 0
vt 0 0
vt 0 0
vt 0 0
vt 0 0
vt 0 0
vt 0 0
vt 0 0
vt 0 0
vt 0 0
vt 0 0
vt 0 0
vt 0 0
vt 0 0
vt 0 0
vt 0 0
vt 0 0
vt 0 0
vt 0 0
vt 0 0
vt 0 0
vt 0 0
vt 0 0
vt 0 0
vt 0 0
vt 0 0
vt 0 0
vt 0 0
vt 0 0
vt 0 0
vt 0 0
vt 0 0
vt 0 0
vt 0 0
vt 0 0
vt 0 0
vt 0 0
vt 0 0
vt 0 0
vt 0 0
vt 0 0
vt 0 0
vt 0 0
vt 0 0
vt 0 0
vt 0 0
vt 0 0
vt 0 0
vt 0 0
vt 0 0
vt 0 0
vt 0 0
vt 0 0
vt 0 0
vt 0 0
vt 0 0
vt 0 0
vt 0 0
vt 0 0
vt 0 0
vt 0 0
vt 0 0
vt 0 0
vt 0 0
vt 0 0
vt 0 0
vt 0 0
vt 0 0
vt 0 0
vt 0 0
vt 0 0
vt 0 0
vt 0 0
vt 0 0
vt 0 0
vt 0 0
vt 0 0
vt 0 0
vt 0 0
vt 0 0
vt 0 0
vt 0 0
vt 0 0
vt 0 0
vt 0 0
vt 0 0
vt 0 0
vt 0 0
vt 0 0
vt 0 0
vt 0 0
vt 0 0
vt 0 0
vt 0 0
vt 0 0
vt 0 0
vt 0 0
vt 0 0
vt 0 0
vt 0 0
vt 0 0
vt 0 0
vt 0 0
vt 0 0
vt 0 0
vt 0 0
vt 0 0
vt 0 0
vt 0 0
vt 0 0
vt 0 0
vt 0 0
vt 0 0
vt 0 0
vt 0 0
vt 0 0
vt 0 0
vt 0 0
vt 0 0
vt 0 0
vt 0 0
vt 0 0
vt 0 0
vt 0 0
vt 0 0
vt 0 0
vt 0 0
vt 0 0
vt 0 0
vt 0 0
vt 0 0
vt 0 0
vt 0 0
vt 0 0
vt 0 0
vt 0 0
vt 0 0
vt 0 0
vt 0 0
vt 0 0
vt 0 0
vt 0 0
vt 0 0
vt 0 0
vt 0 0
vt 0 0
vt 0 0
vt 0 0
vt 0 0
vt 0 0
vt 0 0
vt 0 0
vt 0 0
vt 0 0
vt 0 0
vt 0 0
vt 0 0
vt 0 0
vt 0 0
vt 0 0
vt 0 0
vt 0 0
vt 0 0
vt 0 0
vt 0 0
vt 0 0
vt 0 0
vt 0 0
vt 0 0
vt 0 0
vt 0 0
vt 0 0
vt 0 0
vt 0 0
vt 0 0
vt 0 0
vt 0 0
vt 0 0
vt 0 0
vt 0 0
vt 0 0
vt 0 0
vt 0 0
vt 0 0
vt 0 0
vt 0 0
vt 0 0
vt 0 0
vt 0 0
vt 0 0
vt 0 0
vt 0 0
vt 0 0
vt 0 0
vt 0 0
vt 0 0
vt 0 0
vt 0 0
vt 0 0
vt 0 0
vt 0 0
vt 0 0
vt 0 0
vt 0 0
vt 0 0
vt 0 0
vt 0 0
vt 0 0
vt 0 0
vt 0 0
vt 0 0
vt 0 0
vt 0 0
vt 0 0
vt 0 0
vt 0 0
vt 0 0
vt 0 0
vt 0 0
vt 0 0
vt 0 0
vt 0 0
vt 0 0
vt 0 0
vt 0 0
vt 0 0
vt 0 0
vt 0 0
vt 0 0
vt 0 0
vt 0 0
vt 0 0
vt 0 0
vt 0 0
vt 0 0
vt 0 0
vt 0 0
vt 0 0
vt 0 0
vt 0 0
vt 0 0
vt 0 0
vt 0 0
vt 0 0
vt 0 0
vt 0 0
vt 0 0
vt 0 0
vt 0 0
vt 0 0
vt 0 0
vt 0 0
vt 0 0
vt 0 0
vt 0 0
vt 0 0
vt 0 0
vt 0 0
vt 0 0
vt 0 0
vt 0 0
vt 0 0
vt 0 0
vt 0 0
vt 0 0
vt 0 0
vt 0 0
vt 0 0
vt 0 0
vt 0 0
vt 0 0
vt 0 0
vt 0 0
vt 0 0
vt 0 0
vt 0 0
vt 0 0
vt 0 0
vt 0 0
vt 0 0
vt 0 0
vt 0 0
vt 0 0
vt 0 0
vt 0 0
vt 0 0
vt 0 0
vt 0 0
vt 0 0
vt 0 0
vt 0 0
vt 0 0
vt 0 0
vt 0 0
vt 0 0
vt 0 0
vt 0 0
vt 0 0
vt 0 0
vt 0 0
vt 0 0
vt 0 0
vt 0 0
vt 0 0
vt 0 0
vt 0 0
vt 0 0
vt 0 0
vt 0 0
vt 0 0
vt 0 0
vt 0 0
vt 0 0
vt 0 0
vt 0 0
vt 0 0
vt 0 0
vt 0 0
vt 0 0
vt 0 0
vt 0 0
vt 0 0
vt 0 0
vt 0 0
vt 0 0
vt 0 0
vt 0 0
vt 0 0
vt 0 0
vt 0 0
vt 0 0
vt 0 0
vt 0 0
vt 0 0
vt 0 0
vt 0 0
vt 0 0
vt 0 0
vt 0 0
vt 0 0
vt 0 0
vt 0 0
vt 0 0
vt 0 0
vt 0 0
vt 0 0
vt 0 0
vt 0 0
vt 0 0
vt 0 0
vt 0 0
vt 0 0
vt 0 0
vt 0 0
vt 0 0
vt 0 0
vt 0 0
vt 0 0
vt 0 0
vt 0 0
vt 0 0
vt 0 0
vt 0 0
vt 0 0
vt 0 0
vt 0 0
vt 0 0
vt 0 0
vt 0 0
vt 0 0
vt 0 0
vt 0 0
vt 0 0
vt 0 0
vt 0 0
vt 0 0
vt 0 0
vt 0 0
vt 0 0
vt 0 0
vt 0 0
vt 0 0
vt 0 0
vt 0 0
vt 0 0
vt 0 0
vt 0 0
vt 0 0
vt 0 0
vt 0 0
vt 0 0
vt 0 0
vt 0 0
vt 0 0
vt 0 0
vt 0 0
vt 0 0
vt 0 0
vt 0 0
vt 0 0
vt 0 0
vt 0 0
vt 0 0
vt 0 0
vt 0 0
vt 0 0
vt 0 0
vt 0 0
vt 0 0
vt 0 0
vt 0 0
vt 0 0
vt 0 0
vt 0 0
vt 0 0
vt 0 0
vt 0 0
vt 0 0
vt 0 0
vt 0 0
vt 0 0
vt 0 0
vt 0 0
vt 0 0
vt 0 0
vt 0 0
vt 0 0
vt 0 0
vt 0 0
vt 0 0
vt 0 0
vt 0 0
vt 0 0
vt 0 0
vt 0 0
vt 0 0
vt 0 0
vt 0 0
vt 0 0
vt 0 0
vt 0 0
vt 0 0
vt 0 0
vt 0 0
vt 0 0
vt 0 0
vt 0 0
vt 0 0
vt 0 0
vt 0 0
vt 0 0
vt 0 0
vt 0 0
vt 0 0
vt 0 0
vt 0 0
vt 0 0
vt 0 0
vt 0 0
vt 0 0
vt 0 0
vt 0 0
vt 0 0
vt 0 0
vt 0 0
vt 0 0
vt 0 0
vt 0 0
vt 0 0
vt 0 0
vt 0 0
vt 0 0
vt 0 0
vt 0 0
vt 0 0
vt 0 0
vt 0 0
vt 0 0
vt 0 0
vt 0 0
vt 0 0
vt 0 0
vt 0 0
vt 0 0
vt 0 0
vt 0 0
vt 0 0
vt 0 0
vt 0 0
vt 0 0
vt 0 0
vt 0 0
vt 0 0
vt 0 0
vt 0 0
s off
f 6/6/6 7/7/7 1/1/1
f 2/2/2 3/3/3 4/4/4
f 5/5/5 6/6/6 1/1/1
f 2/2/2 4/4/4 5/5/5
f 5/5/5 1/1/1 2/2/2
f 8/8/8 9/9/9 10/10/10
f 8/8/8 10/10/10 11/11/11
f 17/17/17 18/18/18 12/12/12
f 12/12/12 13/13/13 14/14/14
f 14/14/14 15/15/15 16/16/16
f 16/16/16 17/17/17 12/12/12
f 12/12/12 14/14/14 16/16/16
f 23/23/23 24/24/24 19/19/19
f 19/19/19 20/20/20 21/21/21
f 21/21/21 22/22/22 23/23/23
f 23/23/23 19/19/19 21/21/21
f 25/25/25 26/26/26 27/27/27
f 25/25/25 27/27/27 28/28/28
f 29/29/29 30/30/30 31/31/31
f 38/38/38 39/39/39 40/40/40
f 40/40/40 41/41/41 42/42/42
f 29/29/29 31/31/31 32/32/32
f 38/38/38 40/40/40 42/42/42
f 47/47/47 29/29/29 32/32/32
f 37/37/37 38/38/38 42/42/42
f 47/47/47 32/32/32 33/33/33
f 37/37/37 42/42/42 43/43/43
f 46/46/46 47/47/47 33/33/33
f 36/36/36 37/37/37 43/43/43
f 46/46/46 33/33/33 34/34/34
f 36/36/36 43/43/43 44/44/44
f 45/45/45 46/46/46 34/34/34
f 35/35/35 36/36/36 44/44/44
f 45/45/45 34/34/34 35/35/35
f 35/35/35 44/44/44 45/45/45
f 48/48/48 49/49/49 50/50/50
f 48/48/48 50/50/50 51/51/51
f 57/57/57 58/58/58 52/52/52
f 53/53/53 54/54/54 55/55/55
f 56/56/56 57/57/57 52/52/52
f 53/53/53 55/55/55 56/56/56
f 56/56/56 52/52/52 53/53/53
f 59/59/59 60/60/60 61/61/61
f 59/59/59 61/61/61 62/62/62
f 63/63/63 64/64/64 65/65/65
f 63/63/63 65/65/65 66/66/66
f 89/89/89 67/67/67 68/68/68
f 70/70/70 71/71/71 72/72/72
f 72/72/72 73/73/73 74/74/74
f 74/74/74 75/75/75 76/76/76
f 77/77/77 78/78/78 79/79/79
f 79/79/79 80/80/80 81/81/81
f 81/81/81 82/82/82 83/83/83
f 83/83/83 84/84/84 85/85/85
f 85/85/85 86/86/86 87/87/87
f 87/87/87 88/88/88 89/89/89
f 89/89/89 68/68/68 69/69/69
f 72/72/72 74/74/74 76/76/76
f 77/77/77 79/79/79 81/81/81
f 81/81/81 83/83/83 85/85/85
f 87/87/87 89/89/89 69/69/69
f 70/70/70 72/72/72 76/76/76
f 77/77/77 81/81/81 85/85/85
f 85/85/85 87/87/87 69/69/69
f 69/69/69 70/70/70 76/76/76
f 77/77/77 85/85/85 69/69/69
f 69/69/69 76/76/76 77/77/77
f 95/95/95 96/96/96 90/90/90
f 90/90/90 91/91/91 92/92/92
f 92/92/92 93/93/93 94/94/94
f 94/94/94 95/95/95 90/90/90
f 90/90/90 92/92/92 94/94/94
f 101/101/101 102/102/102 97/97/97
f 97/97/97 98/98/98 99/99/99
f 100/100/100 101/101/101 97/97/97
f 97/97/97 99/99/99 100/100/100
f 103/103/103 104/104/104 105/105/105
f 103/103/103 105/105/105 106/106/106
f 112/112/112 113/113/113 107/107/107
f 108/108/108 109/109/109 110/110/110
f 110/110/110 111/111/111 112/112/112
f 107/107/107 108/108/108 110/110/110
f 110/110/110 112/112/112 107/107/107
f 114/114/114 115/115/115 116/116/116
f 114/114/114 116/116/116 117/117/117
f 172/172/172 173/173/173 118/118/118
f 118/118/118 119/119/119 120/120/120
f 121/121/121 122/122/122 123/123/123
f 124/124/124 125/125/125 126/126/126
f 126/126/126 127/127/127 128/128/128
f 128/128/128 129/129/129 130/130/130
f 130/130/130 131/131/131 132/132/132
f 132/132/132 133/133/133 134/134/134
f 134/134/134 135/135/135 136/136/136
f 136/136/136 137/137/137 138/138/138
f 138/138/138 139/139/139 140/140/140
f 140/140/140 141/141/141 142/142/142
f 142/142/142 143/143/143 144/144/144
f 144/144/144 145/145/145 146/146/146
f 146/146/146 147/147/147 148/148/148
f 148/148/148 149/149/149 150/150/150
f 151/151/151 152/152/152 153/153/153
f 153/153/153 154/154/154 155/155/155
f 155/155/155 156/156/156 157/157/157
f 158/158/158 159/159/159 160/160/160
f 160/160/160 161/161/161 162/162/162
f 162/162/162 163/163/163 164/164/164
f 165/165/165 166/166/166 167/167/167
f 167/167/167 168/168/168 169/169/169
f 170/170/170 171/171/171 172/172/172
f 118/118/118 120/120/120 121/121/121
f 121/121/121 123/123/123 124/124/124
f 124/124/124 126/126/126 128/128/128
f 130/130/130 132/132/132 134/134/134
f 136/136/136 138/138/138 140/140/140
f 140/140/140 142/142/142 144/144/144
f 144/144/144 146/146/146 148/148/148
f 151/151/151 153/153/153 155/155/155
f 155/155/155 157/157/157 158/158/158
f 158/158/158 160/160/160 162/162/162
f 162/162/162 164/164/164 165/165/165
f 165/165/165 167/167/167 169/169/169
f 118/118/118 121/121/121 124/124/124
f 124/124/124 128/128/128 130/130/130
f 130/130/130 134/134/134 136/136/136
f 136/136/136 140/140/140 144/144/144
f 151/151/151 155/155/155 158/158/158
f 158/158/158 162/162/162 165/165/165
f 172/172/172 118/118/118 124/124/124
f 130/130/130 136/136/136 144/144/144
f 150/150/150 151/151/151 158/158/158
f 158/158/158 165/165/165 169/169/169
f 130/130/130 144/144/144 148/148/148
f 158/158/158 169/169/169 170/170/170
f 124/124/124 130/130/130 148/148/148
f 150/150/150 158/158/158 170/170/170
f 124/124/124 148/148/148 150/150/150
f 150/150/150 170/170/170 172/172/172
f 172/172/172 124/124/124 150/150/150
f 177/177/177 178/178/178 174/174/174
f 174/174/174 175/175/175 176/176/176
f 176/176/176 177/177/177 174/174/174
f 179/179/179 180/180/180 181/181/181
f 179/179/179 181/181/181 182/182/182
f 188/188/188 189/189/189 183/183/183
f 183/183/183 184/184/184 185/185/185
f 186/186/186 187/187/187 188/188/188
f 183/183/183 185/185/185 186/186/186
f 186/186/186 188/188/188 183/183/183
f 190/190/190 191/191/191 192/192/192
f 190/190/190 192/192/192 193/193/193
f 194/194/194 195/195/195 196/196/196
f 194/194/194 196/196/196 197/197/197
f 198/198/198 199/199/199 200/200/200
f 200/200/200 201/201/201 202/202/202
f 202/202/202 203/203/203 204/204/204
f 205/205/205 206/206/206 207/207/207
f 198/198/198 200/200/200 202/202/202
f 202/202/202 204/204/204 205/205/205
f 205/205/205 207/207/207 198/198/198
f 198/198/198 202/202/202 205/205/205
f 208/208/208 209/209/209 210/210/210
f 208/208/208 210/210/210 211/211/211
f 212/212/212 213/213/213 214/214/214
f 212/212/212 214/214/214 215/215/215
f 216/216/216 217/217/217 218/218/218
f 216/216/216 218/218/218 219/219/219
f 220/220/220 221/221/221 222/222/222
f 220/220/220 222/222/222 223/223/223
f 227/227/227 228/228/228 224/224/224
f 224/224/224 225/225/225 226/226/226
f 226/226/226 227/227/227 224/224/224
f 232/232/232 233/233/233 229/229/229
f 229/229/229 230/230/230 231/231/231
f 231/231/231 232/232/232 229/229/229
f 239/239/239 240/240/240 234/234/234
f 234/234/234 235/235/235 236/236/236
f 237/237/237 238/238/238 239/239/239
f 239/239/239 234/234/234 236/236/236
f 236/236/236 237/237/237 239/239/239
f 244/244/244 245/245/245 241/241/241
f 241/241/241 242/242/242 243/243/243
f 243/243/243 244/244/244 241/241/241
f 249/249/249 250/250/250 246/246/246
f 246/246/246 247/247/247 248/248/248
f 248/248/248 249/249/249 246/246/246
f 251/251/251 252/252/252 253/253/253
f 254/254/254 255/255/255 256/256/256
f 257/257/257 258/258/258 259/259/259
f 257/257/257 259/259/259 260/260/260
f 264/264/264 265/265/265 261/261/261
f 261/261/261 262/262/262 263/263/263
f 263/263/263 264/264/264 261/261/261
f 299/299/299 266/266/266 267/267/267
f 267/267/267 268/268/268 269/269/269
f 270/270/270 271/271/271 272/272/272
f 272/272/272 273/273/273 274/274/274
f 274/274/274 275/275/275 276/276/276
f 276/276/276 277/277/277 278/278/278
f 278/278/278 279/279/279 280/280/280
f 280/280/280 281/281/281 282/282/282
f 282/282/282 283/283/283 284/284/284
f 285/285/285 286/286/286 287/287/287
f 287/287/287 288/288/288 289/289/289
f 289/289/289 290/290/290 291/291/291
f 291/291/291 292/292/292 293/293/293
f 293/293/293 294/294/294 295/295/295
f 295/295/295 296/296/296 297/297/297
f 297/297/297 298/298/298 299/299/299
f 267/267/267 269/269/269 270/270/270
f 270/270/270 272/272/272 274/274/274
f 274/274/274 276/276/276 278/278/278
f 278/278/278 280/280/280 282/282/282
f 282/282/282 284/284/284 285/285/285
f 285/285/285 287/287/287 289/289/289
f 293/293/293 295/295/295 297/297/297
f 299/299/299 267/267/267 270/270/270
f 270/270/270 274/274/274 278/278/278
f 278/278/278 282/282/282 285/285/285
f 297/297/297 299/299/299 270/270/270
f 278/278/278 285/285/285 289/289/289
f 297/297/297 270/270/270 278/278/278
f 278/278/278 289/289/289 291/291/291
f 293/293/293 297/297/297 278/278/278
f 278/278/278 291/291/291 293/293/293
f 300/300/300 301/301/301 302/302/302
f 300/300/300 302/302/302 303/303/303
f 307/307/307 308/308/308 304/304/304
f 304/304/304 305/305/305 306/306/306
f 306/306/306 307/307/307 304/304/304
f 313/313/313 314/314/314 309/309/309
f 309/309/309 310/310/310 311/311/311
f 313/313/313 309/309/309 311/311/311
f 315/315/315 316/316/316 317/317/317
f 315/315/315 317/317/317 318/318/318
f 320/320/320 321/321/321 322/322/322
f 322/322/322 323/323/323 324/324/324
f 326/326/326 327/327/327 328/328/328
f 319/319/319 320/320/320 322/322/322
f 322/322/322 324/324/324 325/325/325
f 326/326/326 328/328/328 329/329/329
f 319/319/319 322/322/322 325/325/325
f 326/326/326 329/329/329 330/330/330
f 330/330/330 319/319/319 325/325/325
f 325/325/325 326/326/326 330/330/330
f 336/336/336 331/331/331 332/332/332
f 332/332/332 333/333/333 334/334/334
f 334/334/334 335/335/335 336/336/336
f 336/336/336 332/332/332 334/334/334
f 337/337/337 338/338/338 339/339/339
f 337/337/337 339/339/339 340/340/340
f 341/341/341 342/342/342 343/343/343
f 341/341/341 343/343/343 344/344/344
f 348/348/348 349/349/349 345/345/345
f 345/345/345 346/346/346 347/347/347
f 347/347/347 348/348/348 345/345/345
f 350/350/350 351/351/351 352/352/352
f 350/350/350 352/352/352 353/353/353
f 354/354/354 355/355/355 356/356/356
f 354/354/354 356/356/356 357/357/357
f 362/362/362 363/363/363 358/358/358
f 358/358/358 359/359/359 360/360/360
f 361/361/361 362/362/362 358/358/358
f 358/358/358 360/360/360 361/361/361
f 368/368/368 364/364/364 365/365/365
f 365/365/365 366/366/366 367/367/367
f 367/367/367 368/368/368 365/365/365
f 372/372/372 373/373/373 369/369/369
f 370/370/370 371/371/371 372/372/372
f 372/372/372 369/369/369 370/370/370
f 374/374/374 375/375/375 376/376/376
f 374/374/374 376/376/376 377/377/377
f 386/386/386 378/378/378 379/379/379
f 379/379/379 380/380/380 381/381/381
f 382/382/382 383/383/383 384/384/384
f 386/386/386 379/379/379 381/381/381
f 382/382/382 384/384/384 385/385/385
f 386/386/386 381/381/381 382/382/382
f 382/382/382 385/385/385 386/386/386
f 391/391/391 392/392/392 387/387/387
f 387/387/387 388/388/388 389/389/389
f 390/390/390 391/391/391 387/387/387
f 387/387/387 389/389/389 390/390/390
f 415/415/415 393/393/393 394/394/394
f 394/394/394 395/395/395 396/396/396
f 396/396/396 397/397/397 398/398/398
f 398/398/398 399/399/399 400/400/400
f 400/400/400 401/401/401 402/402/402
f 402/402/402 403/403/403 404/404/404
f 405/405/405 406/406/406 407/407/407
f 408/408/408 409/409/409 410/410/410
f 410/410/410 411/411/411 412/412/412
f 412/412/412 413/413/413 414/414/414
f 415/415/415 394/394/394 396/396/396
f 396/396/396 398/398/398 400/400/400
f 400/400/400 402/402/402 404/404/404
f 405/405/405 407/407/407 408/408/408
f 412/412/412 414/414/414 415/415/415
f 400/400/400 404/404/404 405/405/405
f 405/405/405 408/408/408 410/410/410
f 412/412/412 415/415/415 396/396/396
f 400/400/400 405/405/405 410/410/410
f 410/410/410 412/412/412 396/396/396
f 396/396/396 400/400/400 410/410/410
f 419/419/419 420/420/420 416/416/416
f 416/416/416 417/417/417 418/418/418
f 418/418/418 419/419/419 416/416/416
f 421/421/421 422/422/422 423/423/423
f 421/421/421 423/423/423 424/424/424
f 425/425/425 426/426/426 427/427/427
f 425/425/425 427/427/427 428/428/428
f 429/429/429 430/430/430 431/431/431
f 429/429/429 431/431/431 432/432/432
f 439/439/439 440/440/440 433/433/433
f 433/433/433 434/434/434 435/435/435
f 435/435/435 436/436/436 437/437/437
f 437/437/437 438/438/438 439/439/439
f 439/439/439 433/433/433 435/435/435
f 435/435/435 437/437/437 439/439/439
f 452/452/452 441/441/441 442/442/442
f 442/442/442 443/443/443 444/444/444
f 444/444/444 445/445/445 446/446/446
f 446/446/446 447/447/447 448/448/448
f 448/448/448 449/449/449 450/450/450
f 450/450/450 451/451/451 452/452/452
f 452/452/452 442/442/442 444/444/444
f 444/444/444 446/446/446 448/448/448
f 448/448/448 450/450/450 452/452/452
f 452/452/452 444/444/444 448/448/448
f 456/456/456 457/457/457 453/453/453
f 453/453/453 454/454/454 455/455/455
f 455/455/455 456/456/456 453/453/453
f 463/463/463 464/464/464 458/458/458
f 458/458/458 459/459/459 460/460/460
f 460/460/460 461/461/461 462/462/462
f 462/462/462 463/463/463 458/458/458
f 458/458/458 460/460/460 462/462/462
f 472/472/472 473/473/473 465/465/465
f 465/465/465 466/466/466 467/467/467
f 468/468/468 469/469/469 470/470/470
f 470/470/470 471/471/471 472/472/472
f 472/472/472 465/465/465 467/467/467
f 468/468/468 470/470/470 472/472/472
f 472/472/472 467/467/467 468/468/468
f 479/479/479 480/480/480 474/474/474
f 474/474/474 475/475/475 476/476/476
f 476/476/476 477/477/477 478/478/478
f 478/478/478 479/479/479 474/474/474
f 474/474/474 476/476/476 478/478/478
f 485/485/485 486/486/486 481/481/481
f 481/481/481 482/482/482 483/483/483
f 484/484/484 485/485/485 481/481/481
f 481/481/481 483/483/483 484/484/484
f 487/487/487 488/488/488 489/489/489
f 487/487/487 489/489/489 490/490/490
f 491/491/491 492/492/492 493/493/493
f 493/493/493 494/494/494 495/495/495
f 497/497/497 498/498/498 499/499/499
f 500/500/500 491/491/491 493/493/493
f 496/496/496 497/497/497 499/499/499
f 500/500/500 493/493/493 495/495/495
f 496/496/496 499/499/499 500/500/500
f 500/500/500 495/495/495 496/496/496
f 504/504/504 505/505/505 501/501/501
f 501/501/501 502/502/502 503/503/503
f 503/503/503 504/504/504 501/501/501
f 506/506/506 507/507/507 508/508/508
f 506/506/506 508/508/508 509/509/509
f 515/515/515 516/516/516 510/510/510
f 510/510/510 511/511/511 512/512/512
f 513/513/513 514/514/514 515/515/515
f 510/510/510 512/512/512 513/513/513
f 513/513/513 515/515/515 510/510/510
f 517/517/517 518/518/518 519/519/519
f 517/517/517 519/519/519 520/520/520
f 521/521/521 522/522/522 523/523/523
f 521/521/521 523/523/523 524/524/524
f 528/528/528 529/529/529 525/525/525
f 525/525/525 526/526/526 527/527/527
f 527/527/527 528/528/528 525/525/525
f 530/530/530 531/531/531 532/532/532
f 530/530/530 532/532/532 533/533/533
f 547/547/547 548/548/548 534/534/534
f 535/535/535 536/536/536 537/537/537
f 537/537/537 538/538/538 539/539/539
f 539/539/539 540/540/540 541/541/541
f 541/541/541 542/542/542 543/543/543
f 543/543/543 544/544/544 545/545/545
f 545/545/545 546/546/546 547/547/547
f 547/547/547 534/534/534 535/535/535
f 535/535/535 537/537/537 539/539/539
f 541/541/541 543/543/543 545/545/545
f 545/545/545 547/547/547 535/535/535
f 535/535/535 539/539/539 541/541/541
f 541/541/541 545/545/545 535/535/535
f 553/553/553 554/554/554 549/549/549
f 549/549/549 550/550/550 551/551/551
f 551/551/551 552/552/552 553/553/553
f 553/553/553 549/549/549 551/551/551
f 559/559/559 560/560/560 555/555/555
f 555/555/555 556/556/556 557/557/557
f 557/557/557 558/558/558 559/559/559
f 559/559/559 555/555/555 557/557/557
f 597/597/597 598/598/598 561/561/561
f 562/562/562 563/563/563 564/564/564
f 564/564/564 565/565/565 566/566/566
f 566/566/566 567/567/567 568/568/568
f 568/568/568 569/569/569 570/570/570
f 572/572/572 573/573/573 574/574/574
f 574/574/574 575/575/575 576/576/576
f 576/576/576 577/577/577 578/578/578
f 578/578/578 579/579/579 580/580/580
f 581/581/581 582/582/582 583/583/583
f 584/584/584 585/585/585 586/586/586
f 586/586/586 587/587/587 588/588/588
f 588/588/588 589/589/589 590/590/590
f 590/590/590 591/591/591 592/592/592
f 592/592/592 593/593/593 594/594/594
f 594/594/594 595/595/595 596/596/596
f 597/597/597 561/561/561 562/562/562
f 564/564/564 566/566/566 568/568/568
f 568/568/568 570/570/570 571/571/571
f 571/571/571 572/572/572 574/574/574
f 574/574/574 576/576/576 578/578/578
f 578/578/578 580/580/580 581/581/581
f 581/581/581 583/583/583 584/584/584
f 584/584/584 586/586/586 588/588/588
f 588/588/588 590/590/590 592/592/592
f 592/592/592 594/594/594 596/596/596
f 596/596/596 597/597/597 562/562/562
f 564/564/564 568/568/568 571/571/571
f 571/571/571 574/574/574 578/578/578
f 578/578/578 581/581/581 584/584/584
f 584/584/584 588/588/588 592/592/592
f 596/596/596 562/562/562 564/564/564
f 564/564/564 571/571/571 578/578/578
f 578/578/578 584/584/584 592/592/592
f 592/592/592 596/596/596 564/564/564
f 564/564/564 578/578/578 592/592/592
f 629/629/629 630/630/630 599/599/599
f 599/599/599 600/600/600 601/601/601
f 602/602/602 603/603/603 604/604/604
f 604/604/604 605/605/605 606/606/606
f 606/606/606 607/607/607 608/608/608
f 608/608/608 609/609/609 610/610/610
f 611/611/611 612/612/612 613/613/613
f 613/613/613 614/614/614 615/615/615
f 615/615/615 616/616/616 617/617/617
f 617/617/617 618/618/618 619/619/619
f 619/619/619 620/620/620 621/621/621
f 621/621/621 622/622/622 623/623/623
f 623/623/623 624/624/624 625/625/625
f 626/626/626 627/627/627 628/628/628
f 628/628/628 629/629/629 599/599/599
f 602/602/602 604/604/604 606/606/606
f 606/606/606 608/608/608 610/610/610
f 613/613/613 615/615/615 617/617/617
f 619/619/619 621/621/621 623/623/623
f 623/623/623 625/625/625 626/626/626
f 626/626/626 628/628/628 599/599/599
f 602/602/602 606/606/606 610/610/610
f 611/611/611 613/613/613 617/617/617
f 617/617/617 619/619/619 623/623/623
f 626/626/626 599/599/599 601/601/601
f 601/601/601 602/602/602 610/610/610
f 611/611/611 617/617/617 623/623/623
f 626/626/626 601/601/601 610/610/610
f 611/611/611 623/623/623 626/626/626
f 626/626/626 610/610/610 611/611/611
f 635/635/635 636/636/636 631/631/631
f 631/631/631 632/632/632 633/633/633
f 633/633/633 634/634/634 635/635/635
f 652/652/652 637/637/637 638/638/638
f 639/639/639 640/640/640 641/641/641
f 642/642/642 643/643/643 644/644/644
f 644/644/644 645/645/645 646/646/646
f 646/646/646 647/647/647 648/648/648
f 648/648/648 649/649/649 650/650/650
f 650/650/650 651/651/651 652/652/652
f 652/652/652 638/638/638 639/639/639
f 639/639/639 641/641/641 642/642/642
f 642/642/642 644/644/644 646/646/646
f 646/646/646 648/648/648 650/650/650
f 652/652/652 639/639/639 642/642/642
f 646/646/646 650/650/650 652/652/652
f 652/652/652 642/642/642 646/646/646
f 653/653/653 654/654/654 655/655/655
f 653/653/653 655/655/655 656/656/656
f 657/657/657 658/658/658 659/659/659
f 657/657/657 659/659/659 660/660/660
f 680/680/680 681/681/681 661/661/661
f 661/661/661 662/662/662 663/663/663
f 664/664/664 665/665/665 666/666/666
f 666/666/666 667/667/667 668/668/668
f 668/668/668 669/669/669 670/670/670
f 670/670/670 671/671/671 672/672/672
f 672/672/672 673/673/673 674/674/674
f 674/674/674 675/675/675 676/676/676
f 676/676/676 677/677/677 678/678/678
f 678/678/678 679/679/679 680/680/680
f 680/680/680 661/661/661 663/663/663
f 666/666/666 668/668/668 670/670/670
f 672/672/672 674/674/674 676/676/676
f 680/680/680 663/663/663 664/664/664
f 666/666/666 670/670/670 672/672/672
f 672/672/672 676/676/676 678/678/678
f 680/680/680 664/664/664 666/666/666
f 666/666/666 672/672/672 678/678/678
f 678/678/678 680/680/680 666/666/666
f 693/693/693 694/694/694 682/682/682
f 682/682/682 683/683/683 684/684/684
f 686/686/686 687/687/687 688/688/688
f 688/688/688 689/689/689 690/690/690
f 691/691/691 692/692/692 693/693/693
f 693/693/693 682/682/682 684/684/684
f 686/686/686 688/688/688 690/690/690
f 693/693/693 684/684/684 685/685/685
f 686/686/686 690/690/690 691/691/691
f 693/693/693 685/685/685 686/686/686
f 686/686/686 691/691/691 693/693/693
f 699/699/699 700/700/700 695/695/695
f 695/695/695 696/696/696 697/697/697
f 697/697/697 698/698/698 699/699/699
f 699/699/699 695/695/695 697/697/697
f 701/701/701 702/702/702 703/703/703
f 701/701/701 703/703/703 704/704/704
f 708/708/708 709/709/709 705/705/705
f 705/705/705 706/706/706 707/707/707
f 707/707/707 708/708/708 705/705/705
f 710/710/710 711/711/711 712/712/712
f 710/710/710 712/712/712 713/713/713
f 717/717/717 718/718/718 714/714/714
f 714/714/714 715/715/715 716/716/716
f 716/716/716 717/717/717 714/714/714
f 719/719/719 720/720/720 721/721/721
f 722/722/722 723/723/723 724/724/724
f 724/724/724 725/725/725 726/726/726
f 726/726/726 727/727/727 728/728/728
f 729/729/729 730/730/730 731/731/731
f 731/731/731 732/732/732 733/733/733
f 733/733/733 734/734/734 735/735/735
f 735/735/735 736/736/736 737/737/737
f 737/737/737 719/719/719 721/721/721
f 726/726/726 728/728/728 729/729/729
f 731/731/731 733/733/733 735/735/735
f 735/735/735 737/737/737 721/721/721
f 724/724/724 726/726/726 729/729/729
f 731/731/731 735/735/735 721/721/721
f 722/722/722 724/724/724 729/729/729
f 729/729/729 731/731/731 721/721/721
f 721/721/721 722/722/722 729/729/729
f 738/738/738 739/739/739 740/740/740
f 738/738/738 740/740/740 741/741/741
f 749/749/749 750/750/750 742/742/742
f 742/742/742 743/743/743 744/744/744
f 745/745/745 746/746/746 747/747/747
f 747/747/747 748/748/748 749/749/749
f 742/742/742 744/744/744 745/745/745
f 745/745/745 747/747/747 749/749/749
f 749/749/749 742/742/742 745/745/745
f 754/754/754 755/755/755 751/751/751
f 751/751/751 752/752/752 753/753/753
f 753/753/753 754/754/754 751/751/751
f 799/799/799 800/800/800 756/756/756
f 756/756/756 757/757/757 758/758/758
f 758/758/758 759/759/759 760/760/760
f 760/760/760 761/761/761 762/762/762
f 762/762/762 763/763/763 764/764/764
f 764/764/764 765/765/765 766/766/766
f 766/766/766 767/767/767 768/768/768
f 768/768/768 769/769/769 770/770/770
f 770/770/770 771/771/771 772/772/772
f 772/772/772 773/773/773 774/774/774
f 774/774/774 775/775/775 776/776/776
f 776/776/776 777/777/777 778/778/778
f 778/778/778 779/779/779 780/780/780
f 780/780/780 781/781/781 782/782/782
f 783/783/783 784/784/784 785/785/785
f 785/785/785 786/786/786 787/787/787
f 787/787/787 788/788/788 789/789/789
f 789/789/789 790/790/790 791/791/791
f 791/791/791 792/792/792 793/793/793
f 794/794/794 795/795/795 796/796/796
f 797/797/797 798/798/798 799/799/799
f 756/756/756 758/758/758 760/760/760
f 760/760/760 762/762/762 764/764/764
f 764/764/764 766/766/766 768/768/768
f 772/772/772 774/774/774 776/776/776
f 778/778/778 780/780/780 782/782/782
f 783/783/783 785/785/785 787/787/787
f 789/789/789 791/791/791 793/793/793
f 794/794/794 796/796/796 797/797/797
f 797/797/797 799/799/799 756/756/756
f 756/756/756 760/760/760 764/764/764
f 764/764/764 768/768/768 770/770/770
f 778/778/778 782/782/782 783/783/783
f 783/783/783 787/787/787 789/789/789
f 789/789/789 793/793/793 794/794/794
f 794/794/794 797/797/797 756/756/756
f 764/764/764 770/770/770 772/772/772
f 778/778/778 783/783/783 789/789/789
f 789/789/789 794/794/794 756/756/756
f 764/764/764 772/772/772 776/776/776
f 778/778/778 789/789/789 756/756/756
f 756/756/756 764/764/764 776/776/776
f 776/776/776 778/778/778 756/756/756
f 804/804/804 805/805/805 801/801/801
f 801/801/801 802/802/802 803/803/803
f 803/803/803 804/804/804 801/801/801
f 809/809/809 810/810/810 806/806/806
f 806/806/806 807/807/807 808/808/808
f 808/808/808 809/809/809 806/806/806
f 811/811/811 812/812/812 813/813/813
f 811/811/811 813/813/813 814/814/814
f 815/815/815 816/816/816 817/817/817
f 815/815/815 817/817/817 818/818/818
f 819/819/819 820/820/820 821/821/821
f 819/819/819 821/821/821 822/822/822
f 823/823/823 824/824/824 825/825/825
f 823/823/823 825/825/825 826/826/826
f 831/831/831 827/827/827 828/828/828
f 828/828/828 829/829/829 830/830/830
f 835/835/835 836/836/836 832/832/832
f 832/832/832 833/833/833 834/834/834
f 834/834/834 835/835/835 832/832/832
f 847/847/847 848/848/848 837/837/837
f 837/837/837 838/838/838 839/839/839
f 839/839/839 840/840/840 841/841/841
f 842/842/842 843/843/843 844/844/844
f 844/844/844 845/845/845 846/846/846
f 846/846/846 847/847/847 837/837/837
f 837/837/837 839/839/839 841/841/841
f 844/844/844 846/846/846 837/837/837
f 837/837/837 841/841/841 842/842/842
f 842/842/842 844/844/844 837/837/837
f 849/849/849 850/850/850 851/851/851
f 849/849/849 851/851/851 852/852/852
f 853/853/853 854/854/854 855/855/855
f 853/853/853 855/855/855 856/856/856
f 857/857/857 858/858/858 859/859/859
f 859/859/859 860/860/860 861/861/861
f 862/862/862 863/863/863 864/864/864
f 871/871/871 857/857/857 859/859/859
f 862/862/862 864/864/864 865/865/865
f 870/870/870 871/871/871 859/859/859
f 861/861/861 862/862/862 865/865/865
f 869/869/869 870/870/870 859/859/859
f 861/861/861 865/865/865 866/866/866
f 869/869/869 859/859/859 861/861/861
f 861/861/861 866/866/866 867/867/867
f 868/868/868 869/869/869 861/861/861
f 861/861/861 867/867/867 868/868/868
f 876/876/876 877/877/877 872/872/872
f 872/872/872 873/873/873 874/874/874
f 874/874/874 875/875/875 876/876/876
f 876/876/876 872/872/872 874/874/874
f 882/882/882 883/883/883 878/878/878
f 878/878/878 879/879/879 880/880/880
f 880/880/880 881/881/881 882/882/882
f 882/882/882 878/878/878 880/880/880
f 889/889/889 890/890/890 884/884/884
f 884/884/884 885/885/885 886/886/886
f 886/886/886 887/887/887 888/888/888
f 888/888/888 889/889/889 884/884/884
f 884/884/884 886/886/886 888/888/888
f 905/905/905 906/906/906 891/891/891
f 891/891/891 892/892/892 893/893/893
f 893/893/893 894/894/894 895/895/895
f 895/895/895 896/896/896 897/897/897
f 901/901/901 902/902/902 903/903/903
f 904/904/904 905/905/905 891/891/891
f 895/895/895 897/897/897 898/898/898
f 903/903/903 904/904/904 891/891/891
f 895/895/895 898/898/898 899/899/899
f 901/901/901 903/903/903 891/891/891
f 893/893/893 895/895/895 899/899/899
f 900/900/900 901/901/901 891/891/891
f 893/893/893 899/899/899 900/900/900
f 900/900/900 891/891/891 893/893/893
f 907/907/907 908/908/908 909/909/909
f 909/909/909 910/910/910 911/911/911
f 911/911/911 912/912/912 913/913/913
f 913/913/913 914/914/914 915/915/915
f 915/915/915 916/916/916 917/917/917
f 917/917/917 918/918/918 919/919/919
f 919/919/919 920/920/920 921/921/921
f 921/921/921 922/922/922 923/923/923
f 923/923/923 924/924/924 925/925/925
f 925/925/925 926/926/926 927/927/927
f 927/927/927 928/928/928 929/929/929
f 930/930/930 931/931/931 932/932/932
f 907/907/907 909/909/909 911/911/911
f 911/911/911 913/913/913 915/915/915
f 915/915/915 917/917/917 919/919/919
f 921/921/921 923/923/923 925/925/925
f 925/925/925 927/927/927 929/929/929
f 907/907/907 911/911/911 915/915/915
f 915/915/915 919/919/919 921/921/921
f 925/925/925 929/929/929 930/930/930
f 932/932/932 907/907/907 915/915/915
f 921/921/921 925/925/925 930/930/930
f 930/930/930 932/932/932 915/915/915
f 915/915/915 921/921/921 930/930/930
f 933/933/933 934/934/934 935/935/935
f 933/933/933 935/935/935 936/936/936
f 958/958/958 959/959/959 937/937/937
f 937/937/937 938/938/938 939/939/939
f 939/939/939 940/940/940 941/941/941
f 941/941/941 942/942/942 943/943/943
f 943/943/943 944/944/944 945/945/945
f 945/945/945 946/946/946 947/947/947
f 947/947/947 948/948/948 949/949/949
f 949/949/949 950/950/950 951/951/951
f 951/951/951 952/952/952 953/953/953
f 953/953/953 954/954/954 955/955/955
f 955/955/955 956/956/956 957/957/957
f 957/957/957 958/958/958 937/937/937
f 937/937/937 939/939/939 941/941/941
f 941/941/941 943/943/943 945/945/945
f 945/945/945 947/947/947 949/949/949
f 949/949/949 951/951/951 953/953/953
f 953/953/953 955/955/955 957/957/957
f 957/957/957 937/937/937 941/941/941
f 941/941/941 945/945/945 949/949/949
f 949/949/949 953/953/953 957/957/957
f 957/957/957 941/941/941 949/949/949
f 989/989/989 960/960/960 961/961/961
f 961/961/961 962/962/962 963/963/963
f 963/963/963 964/964/964 965/965/965
f 965/965/965 966/966/966 967/967/967
f 967/967/967 968/968/968 969/969/969
f 969/969/969 970/970/970 971/971/971
f 971/971/971 972/972/972 973/973/973
f 973/973/973 974/974/974 975/975/975
f 975/975/975 976/976/976 977/977/977
f 977/977/977 978/978/978 979/979/979
f 979/979/979 980/980/980 981/981/981
f 981/981/981 982/982/982 983/983/983
f 983/983/983 984/984/984 985/985/985
f 985/985/985 986/986/986 987/987/987
f 987/987/987 988/988/988 989/989/989
f 961/961/961 963/963/963 965/965/965
f 967/967/967 969/969/969 971/971/971
f 977/977/977 979/979/979 981/981/981
f 987/987/987 989/989/989 961/961/961
f 961/961/961 965/965/965 967/967/967
f 967/967/967 971/971/971 973/973/973
f 975/975/975 977/977/977 981/981/981
f 985/985/985 987/987/987 961/961/961
f 961/961/961 967/967/967 973/973/973
f 973/973/973 975/975/975 981/981/981
f 983/983/983 985/985/985 961/961/961
f 973/973/973 981/981/981 983/983/983
f 983/983/983 961/961/961 973/973/973
f 990/990/990 991/991/991 992/992/992
f 990/990/990 992/992/992 993/993/993
f 994/994/994 995/995/995 996/996/996
f 994/994/994 996/996/996 997/997/997
f 998/998/998 999/999/999 1000/1000/1000
f 998/998/998 1000/1000/1000 1001/1001/1001
f 1002/1002/1002 1003/1003/1003 1004/1004/1004
f 1002/1002/1002 1004/1004/1004 1005/1005/1005
f 1006/1006/1006 1007/1007/1007 1008/1008/1008
f 1006/1006/1006 1008/1008/1008 1009/1009/1009
f 1013/1013/1013 1014/1014/1014 1010/1010/1010
f 1010/1010/1010 1011/1011/1011 1012/1012/1012
f 1012/1012/1012 1013/1013/1013 1010/1010/1010
f 1015/1015/1015 1016/1016/1016 1017/1017/1017
f 1015/1015/1015 1017/1017/1017 1018/1018/1018
f 1044/1044/1044 1045/1045/1045 1019/1019/1019
f 1019/1019/1019 1020/1020/1020 1021/1021/1021
f 1021/1021/1021 1022/1022/1022 1023/1023/1023
f 1023/1023/1023 1024/1024/1024 1025/1025/1025
f 1026/1026/1026 1027/1027/1027 1028/1028/1028
f 1029/1029/1029 1030/1030/1030 1031/1031/1031
f 1031/1031/1031 1032/1032/1032 1033/1033/1033
f 1034/1034/1034 1035/1035/1035 1036/1036/1036
f 1036/1036/1036 1037/1037/1037 1038/1038/1038
f 1039/1039/1039 1040/1040/1040 1041/1041/1041
f 1041/1041/1041 1042/1042/1042 1043/1043/1043
f 1044/1044/1044 1019/1019/1019 1021/1021/1021
f 1021/1021/1021 1023/1023/1023 1025/1025/1025
f 1026/1026/1026 1028/1028/1028 1029/1029/1029
f 1031/1031/1031 1033/1033/1033 1034/1034/1034
f 1034/1034/1034 1036/1036/1036 1038/1038/1038
f 1039/1039/1039 1041/1041/1041 1043/1043/1043
f 1044/1044/1044 1021/1021/1021 1025/1025/1025
f 1025/1025/1025 1026/1026/1026 1029/1029/1029
f 1034/1034/1034 1038/1038/1038 1039/1039/1039
f 1039/1039/1039 1043/1043/1043 1044/1044/1044
f 1044/1044/1044 1025/1025/1025 1029/1029/1029
f 1031/1031/1031 1034/1034/1034 1039/1039/1039
f 1044/1044/1044 1029/1029/1029 1031/1031/1031
f 1031/1031/1031 1039/1039/1039 1044/1044/1044
f 1052/1052/1052 1053/1053/1053 1046/1046/1046
f 1048/1048/1048 1049/1049/1049 1050/1050/1050
f 1052/1052/1052 1046/1046/1046 1047/1047/1047
f 1048/1048/1048 1050/1050/1050 1051/1051/1051
f 1051/1051/1051 1052/1052/1052 1047/1047/1047
f 1047/1047/1047 1048/1048/1048 1051/1051/1051
f 1070/1070/1070 1071/1071/1071 1054/1054/1054
f 1054/1054/1054 1055/1055/1055 1056/1056/1056
f 1056/1056/1056 1057/1057/1057 1058/1058/1058
f 1058/1058/1058 1059/1059/1059 1060/1060/1060
f 1060/1060/1060 1061/1061/1061 1062/1062/1062
f 1062/1062/1062 1063/1063/1063 1064/1064/1064
f 1064/1064/1064 1065/1065/1065 1066/1066/1066
f 1066/1066/1066 1067/1067/1067 1068/1068/1068
f 1068/1068/1068 1069/1069/1069 1070/1070/1070
f 1070/1070/1070 1054/1054/1054 1056/1056/1056
f 1056/1056/1056 1058/1058/1058 1060/1060/1060
f 1062/1062/1062 1064/1064/1064 1066/1066/1066
f 1066/1066/1066 1068/1068/1068 1070/1070/1070
f 1070/1070/1070 1056/1056/1056 1060/1060/1060
f 1060/1060/1060 1062/1062/1062 1066/1066/1066
f 1066/1066/1066 1070/1070/1070 1060/1060/1060
f 1075/1075/1075 1076/1076/1076 1072/1072/1072
f 1072/1072/1072 1073/1073/1073 1074/1074/1074
f 1074/1074/1074 1075/1075/1075 1072/1072/1072
f 1083/1083/1083 1084/1084/1084 1077/1077/1077
f 1078/1078/1078 1079/1079/1079 1080/1080/1080
f 1082/1082/1082 1083/1083/1083 1077/1077/1077
f 1078/1078/1078 1080/1080/1080 1081/1081/1081
f 1081/1081/1081 1082/1082/1082 1077/1077/1077
f 1077/1077/1077 1078/1078/1078 1081/1081/1081
f 1090/1090/1090 1091/1091/1091 1085/1085/1085
f 1086/1086/1086 1087/1087/1087 1088/1088/1088
f 1089/1089/1089 1090/1090/1090 1085/1085/1085
f 1085/1085/1085 1086/1086/1086 1088/1088/1088
f 1088/1088/1088 1089/1089/1089 1085/1085/1085
f 1092/1092/1092 1093/1093/1093 1094/1094/1094
f 1092/1092/1092 1094/1094/1094 1095/1095/1095
f 1099/1099/1099 1100/1100/1100 1096/1096/1096
f 1097/1097/1097 1098/1098/1098 1099/1099/1099
f 1099/1099/1099 1096/1096/1096 1097/1097/1097
f 1106/1106/1106 1107/1107/1107 1101/1101/1101
f 1102/1102/1102 1103/1103/1103 1104/1104/1104
f 1104/1104/1104 1105/1105/1105 1106/1106/1106
f 1106/1106/1106 1101/1101/1101 1102/1102/1102
f 1102/1102/1102 1104/1104/1104 1106/1106/1106
f 1108/1108/1108 1109/1109/1109 1110/1110/1110
f 1108/1108/1108 1110/1110/1110 1111/1111/1111
f 1116/1116/1116 1117/1117/1117 1112/1112/1112
f 1112/1112/1112 1113/1113/1113 1114/1114/1114
f 1115/1115/1115 1116/1116/1116 1112/1112/1112
f 1112/1112/1112 1114/1114/1114 1115/1115/1115
f 1122/1122/1122 1123/1123/1123 1118/1118/1118
f 1118/1118/1118 1119/1119/1119 1120/1120/1120
f 1120/1120/1120 1121/1121/1121 1122/1122/1122
f 1122/1122/1122 1118/1118/1118 1120/1120/1120
f 1127/1127/1127 1128/1128/1128 1124/1124/1124
f 1124/1124/1124 1125/1125/1125 1126/1126/1126
f 1126/1126/1126 1127/1127/1127 1124/1124/1124
f 1129/1129/1129 1130/1130/1130 1131/1131/1131
f 1129/1129/1129 1131/1131/1131 1132/1132/1132
f 1133/1133/1133 1134/1134/1134 1135/1135/1135
f 1133/1133/1133 1135/1135/1135 1136/1136/1136
f 1141/1141/1141 1142/1142/1142 1137/1137/1137
f 1137/1137/1137 1138/1138/1138 1139/1139/1139
f 1139/1139/1139 1140/1140/1140 1141/1141/1141
f 1141/1141/1141 1137/1137/1137 1139/1139/1139
f 1148/1148/1148 1143/1143/1143 1144/1144/1144
f 1144/1144/1144 1145/1145/1145 1146/1146/1146
f 1146/1146/1146 1147/1147/1147 1148/1148/1148
f 1148/1148/1148 1144/1144/1144 1146/1146/1146
f 1155/1155/1155 1149/1149/1149 1150/1150/1150
f 1150/1150/1150 1151/1151/1151 1152/1152/1152
f 1152/1152/1152 1153/1153/1153 1154/1154/1154
f 1155/1155/1155 1150/1150/1150 1152/1152/1152
f 1152/1152/1152 1154/1154/1154 1155/1155/1155
f 1194/1194/1194 1195/1195/1195 1156/1156/1156
f 1156/1156/1156 1157/1157/1157 1158/1158/1158
f 1165/1165/1165 1166/1166/1166 1167/1167/1167
f 1167/1167/1167 1168/1168/1168 1169/1169/1169
f 1174/1174/1174 1175/1175/1175 1176/1176/1176
f 1176/1176/1176 1177/1177/1177 1178/1178/1178
f 1178/1178/1178 1179/1179/1179 1180/1180/1180
f 1180/1180/1180 1181/1181/1181 1182/1182/1182
f 1182/1182/1182 1183/1183/1183 1184/1184/1184
f 1184/1184/1184 1185/1185/1185 1186/1186/1186
f 1186/1186/1186 1187/1187/1187 1188/1188/1188
f 1188/1188/1188 1189/1189/1189 1190/1190/1190
f 1190/1190/1190 1191/1191/1191 1192/1192/1192
f 1192/1192/1192 1193/1193/1193 1194/1194/1194
f 1194/1194/1194 1156/1156/1156 1158/1158/1158
f 1165/1165/1165 1167/1167/1167 1169/1169/1169
f 1174/1174/1174 1176/1176/1176 1178/1178/1178
f 1178/1178/1178 1180/1180/1180 1182/1182/1182
f 1182/1182/1182 1184/1184/1184 1186/1186/1186
f 1186/1186/1186 1188/1188/1188 1190/1190/1190
f 1190/1190/1190 1192/1192/1192 1194/1194/1194
f 1164/1164/1164 1165/1165/1165 1169/1169/1169
f 1174/1174/1174 1178/1178/1178 1182/1182/1182
f 1182/1182/1182 1186/1186/1186 1190/1190/1190
f 1163/1163/1163 1164/1164/1164 1169/1169/1169
f 1174/1174/1174 1182/1182/1182 1190/1190/1190
f 1163/1163/1163 1169/1169/1169 1170/1170/1170
f 1174/1174/1174 1190/1190/1190 1194/1194/1194
f 1162/1162/1162 1163/1163/1163 1170/1170/1170
f 1173/1173/1173 1174/1174/1174 1194/1194/1194
f 1162/1162/1162 1170/1170/1170 1171/1171/1171
f 1173/1173/1173 1194/1194/1194 1158/1158/1158
f 1161/1161/1161 1162/1162/1162 1171/1171/1171
f 1173/1173/1173 1158/1158/1158 1159/1159/1159
f 1161/1161/1161 1171/1171/1171 1172/1172/1172
f 1172/1172/1172 1173/1173/1173 1159/1159/1159
f 1160/1160/1160 1161/1161/1161 1172/1172/1172
f 1172/1172/1172 1159/1159/1159 1160/1160/1160
f 1196/1196/1196 1197/1197/1197 1198/1198/1198
f 1196/1196/1196 1198/1198/1198 1199/1199/1199
f 1200/1200/1200 1201/1201/1201 1202/1202/1202
f 1200/1200/1200 1202/1202/1202 1203/1203/1203
f 1210/1210/1210 1204/1204/1204 1205/1205/1205
f 1207/1207/1207 1208/1208/1208 1209/1209/1209
f 1210/1210/1210 1205/1205/1205 1206/1206/1206
f 1206/1206/1206 1207/1207/1207 1209/1209/1209
f 1209/1209/1209 1210/1210/1210 1206/1206/1206
f 1211/1211/1211 1212/1212/1212 1213/1213/1213
f 1211/1211/1211 1213/1213/1213 1214/1214/1214
f 1215/1215/1215 1216/1216/1216 1217/1217/1217
f 1215/1215/1215 1217/1217/1217 1218/1218/1218
f 1222/1222/1222 1223/1223/1223 1219/1219/1219
f 1219/1219/1219 1220/1220/1220 1221/1221/1221
f 1221/1221/1221 1222/1222/1222 1219/1219/1219
f 1224/1224/1224 1225/1225/1225 1226/1226/1226
f 1224/1224/1224 1226/1226/1226 1227/1227/1227
f 1232/1232/1232 1233/1233/1233 1228/1228/1228
f 1228/1228/1228 1229/1229/1229 1230/1230/1230
f 1230/1230/1230 1231/1231/1231 1232/1232/1232
f 1232/1232/1232 1228/1228/1228 1230/1230/1230
f 1239/1239/1239 1240/1240/1240 1234/1234/1234
f 1234/1234/1234 1235/1235/1235 1236/1236/1236
f 1236/1236/1236 1237/1237/1237 1238/1238/1238
f 1238/1238/1238 1239/1239/1239 1234/1234/1234
f 1234/1234/1234 1236/1236/1236 1238/1238/1238
f 1241/1241/1241 1242/1242/1242 1243/1243/1243
f 1241/1241/1241 1243/1243/1243 1244/1244/1244
f 1245/1245/1245 1246/1246/1246 1247/1247/1247
f 1245/1245/1245 1247/1247/1247 1248/1248/1248
f 1253/1253/1253 1254/1254/1254 1249/1249/1249
f 1249/1249/1249 1250/1250/1250 1251/1251/1251
f 1251/1251/1251 1252/1252/1252 1253/1253/1253
f 1253/1253/1253 1249/1249/1249 1251/1251/1251
f 1255/1255/1255 1256/1256/1256 1257/1257/1257
f 1258/1258/1258 1259/1259/1259 1260/1260/1260
f 1264/1264/1264 1265/1265/1265 1261/1261/1261
f 1261/1261/1261 1262/1262/1262 1263/1263/1263
f 1263/1263/1263 1264/1264/1264 1261/1261/1261
f 1269/1269/1269 1270/1270/1270 1266/1266/1266
f 1266/1266/1266 1267/1267/1267 1268/1268/1268
f 1268/1268/1268 1269/1269/1269 1266/1266/1266
f 1302/1302/1302 1303/1303/1303 1271/1271/1271
f 1271/1271/1271 1272/1272/1272 1273/1273/1273
f 1274/1274/1274 1275/1275/1275 1276/1276/1276
f 1276/1276/1276 1277/1277/1277 1278/1278/1278
f 1278/1278/1278 1279/1279/1279 1280/1280/1280
f 1280/1280/1280 1281/1281/1281 1282/1282/1282
f 1282/1282/1282 1283/1283/1283 1284/1284/1284
f 1284/1284/1284 1285/1285/1285 1286/1286/1286
f 1286/1286/1286 1287/1287/1287 1288/1288/1288
f 1288/1288/1288 1289/1289/1289 1290/1290/1290
f 1290/1290/1290 1291/1291/1291 1292/1292/1292
f 1292/1292/1292 1293/1293/1293 1294/1294/1294
f 1294/1294/1294 1295/1295/1295 1296/1296/1296
f 1296/1296/1296 1297/1297/1297 1298/1298/1298
f 1298/1298/1298 1299/1299/1299 1300/1300/1300
f 1300/1300/1300 1301/1301/1301 1302/1302/1302
f 1302/1302/1302 1271/1271/1271 1273/1273/1273
f 1276/1276/1276 1278/1278/1278 1280/1280/1280
f 1280/1280/1280 1282/1282/1282 1284/1284/1284
f 1284/1284/1284 1286/1286/1286 1288/1288/1288
f 1294/1294/1294 1296/1296/1296 1298/1298/1298
f 1298/1298/1298 1300/1300/1300 1302/1302/1302
f 1302/1302/1302 1273/1273/1273 1274/1274/1274
f 1274/1274/1274 1276/1276/1276 1280/1280/1280
f 1280/1280/1280 1284/1284/1284 1288/1288/1288
f 1294/1294/1294 1298/1298/1298 1302/1302/1302
f 1302/1302/1302 1274/1274/1274 1280/1280/1280
f 1280/1280/1280 1288/1288/1288 1290/1290/1290
f 1292/1292/1292 1294/1294/1294 1302/1302/1302
f 1302/1302/1302 1280/1280/1280 1290/1290/1290
f 1290/1290/1290 1292/1292/1292 1302/1302/1302
f 1304/1304/1304 1305/1305/1305 1306/1306/1306
f 1304/1304/1304 1306/1306/1306 1307/1307/1307
f 1315/1315/1315 1316/1316/1316 1308/1308/1308
f 1309/1309/1309 1310/1310/1310 1311/1311/1311
f 1311/1311/1311 1312/1312/1312 1313/1313/1313
f 1313/1313/1313 1314/1314/1314 1315/1315/1315
f 1315/1315/1315 1308/1308/1308 1309/1309/1309
f 1309/1309/1309 1311/1311/1311 1313/1313/1313
f 1313/1313/1313 1315/1315/1315 1309/1309/1309
f 1321/1321/1321 1322/1322/1322 1317/1317/1317
f 1317/1317/1317 1318/1318/1318 1319/1319/1319
f 1319/1319/1319 1320/1320/1320 1321/1321/1321
f 1321/1321/1321 1317/1317/1317 1319/1319/1319
f 1323/1323/1323 1324/1324/1324 1325/1325/1325
f 1323/1323/1323 1325/1325/1325 1326/1326/1326
f 1327/1327/1327 1328/1328/1328 1329/1329/1329
f 1327/1327/1327 1329/1329/1329 1330/1330/1330
f 1331/1331/1331 1332/1332/1332 1333/1333/1333
f 1331/1331/1331 1333/1333/1333 1334/1334/1334
f 1335/1335/1335 1336/1336/1336 1337/1337/1337
f 1337/1337/1337 1338/1338/1338 1339/1339/1339
f 1339/1339/1339 1340/1340/1340 1341/1341/1341
f 1341/1341/1341 1342/1342/1342 1343/1343/1343
f 1335/1335/1335 1337/1337/1337 1339/1339/1339
f 1341/1341/1341 1343/1343/1343 1344/1344/1344
f 1344/1344/1344 1335/1335/1335 1339/1339/1339
f 1339/1339/1339 1341/1341/1341 1344/1344/1344
f 1350/1350/1350 1351/1351/1351 1345/1345/1345
f 1345/1345/1345 1346/1346/1346 1347/1347/1347
f 1347/1347/1347 1348/1348/1348 1349/1349/1349
f 1349/1349/1349 1350/1350/1350 1345/1345/1345
f 1345/1345/1345 1347/1347/1347 1349/1349/1349
f 1359/1359/1359 1352/1352/1352 1353/1353/1353
f 1353/1353/1353 1354/1354/1354 1355/1355/1355
f 1356/1356/1356 1357/1357/1357 1358/1358/1358
f 1359/1359/1359 1353/1353/1353 1355/1355/1355
f 1355/1355/1355 1356/1356/1356 1358/1358/1358
f 1358/1358/1358 1359/1359/1359 1355/1355/1355
f 1372/1372/1372 1373/1373/1373 1360/1360/1360
f 1361/1361/1361 1362/1362/1362 1363/1363/1363
f 1364/1364/1364 1365/1365/1365 1366/1366/1366
f 1366/1366/1366 1367/1367/1367 1368/1368/1368
f 1369/1369/1369 1370/1370/1370 1371/1371/1371
f 1371/1371/1371 1372/1372/1372 1360/1360/1360
f 1361/1361/1361 1363/1363/1363 1364/1364/1364
f 1368/1368/1368 1369/1369/1369 1371/1371/1371
f 1371/1371/1371 1360/1360/1360 1361/1361/1361
f 1361/1361/1361 1364/1364/1364 1366/1366/1366
f 1368/1368/1368 1371/1371/1371 1361/1361/1361
f 1361/1361/1361 1366/1366/1366 1368/1368/1368
f 1381/1381/1381 1374/1374/1374 1375/1375/1375
f 1375/1375/1375 1376/1376/1376 1377/1377/1377
f 1377/1377/1377 1378/1378/1378 1379/1379/1379
f 1379/1379/1379 1380/1380/1380 1381/1381/1381
f 1381/1381/1381 1375/1375/1375 1377/1377/1377
f 1377/1377/1377 1379/1379/1379 1381/1381/1381
f 1385/1385/1385 1386/1386/1386 1382/1382/1382
f 1382/1382/1382 1383/1383/1383 1384/1384/1384
f 1384/1384/1384 1385/1385/1385 1382/1382/1382
f 1389/1389/1389 1390/1390/1390 1391/1391/1391
f 1393/1393/1393 1394/1394/1394 1395/1395/1395
f 1388/1388/1388 1389/1389/1389 1391/1391/1391
f 1393/1393/1393 1395/1395/1395 1396/1396/1396
f 1388/1388/1388 1391/1391/1391 1392/1392/1392
f 1392/1392/1392 1393/1393/1393 1396/1396/1396
f 1387/1387/1387 1388/1388/1388 1392/1392/1392
f 1392/1392/1392 1396/1396/1396 1387/1387/1387
f 1402/1402/1402 1397/1397/1397 1398/1398/1398
f 1399/1399/1399 1400/1400/1400 1401/1401/1401
f 1402/1402/1402 1398/1398/1398 1399/1399/1399
f 1399/1399/1399 1401/1401/1401 1402/1402/1402
f 1403/1403/1403 1404/1404/1404 1405/1405/1405
f 1407/1407/1407 1408/1408/1408 1409/1409/1409
f 1403/1403/1403 1405/1405/1405 1406/1406/1406
f 1407/1407/1407 1409/1409/1409 1410/1410/1410
f 1410/1410/1410 1403/1403/1403 1406/1406/1406
f 1406/1406/1406 1407/1407/1407 1410/1410/1410
f 1416/1416/1416 1417/1417/1417 1411/1411/1411
f 1412/1412/1412 1413/1413/1413 1414/1414/1414
f 1414/1414/1414 1415/1415/1415 1416/1416/1416
f 1416/1416/1416 1411/1411/1411 1412/1412/1412
f 1412/1412/1412 1414/1414/1414 1416/1416/1416
f 1421/1421/1421 1418/1418/1418 1419/1419/1419
f 1421/1421/1421 1419/1419/1419 1420/1420/1420
f 1422/1422/1422 1423/1423/1423 1424/1424/1424
f 1422/1422/1422 1424/1424/1424 1425/1425/1425
f 1426/1426/1426 1427/1427/1427 1428/1428/1428
f 1426/1426/1426 1428/1428/1428 1429/1429/1429
f 1441/1441/1441 1442/1442/1442 1430/1430/1430
f 1432/1432/1432 1433/1433/1433 1434/1434/1434
f 1435/1435/1435 1436/1436/1436 1437/1437/1437
f 1440/1440/1440 1441/1441/1441 1430/1430/1430
f 1435/1435/1435 1437/1437/1437 1438/1438/1438
f 1440/1440/1440 1430/1430/1430 1431/1431/1431
f 1434/1434/1434 1435/1435/1435 1438/1438/1438
f 1440/1440/1440 1431/1431/1431 1432/1432/1432
f 1434/1434/1434 1438/1438/1438 1439/1439/1439
f 1439/1439/1439 1440/1440/1440 1432/1432/1432
f 1432/1432/1432 1434/1434/1434 1439/1439/1439
f 1443/1443/1443 1444/1444/1444 1445/1445/1445
f 1443/1443/1443 1445/1445/1445 1446/1446/1446
f 1450/1450/1450 1451/1451/1451 1447/1447/1447
f 1448/1448/1448 1449/1449/1449 1450/1450/1450
f 1450/1450/1450 1447/1447/1447 1448/1448/1448
f 1455/1455/1455 1456/1456/1456 1452/1452/1452
f 1452/1452/1452 1453/1453/1453 1454/1454/1454
f 1454/1454/1454 1455/1455/1455 1452/1452/1452
f 1457/1457/1457 1458/1458/1458 1459/1459/1459
f 1457/1457/1457 1459/1459/1459 1460/1460/1460
f 1462/1462/1462 1463/1463/1463 1464/1464/1464
f 1464/1464/1464 1465/1465/1465 1466/1466/1466
f 1467/1467/1467 1468/1468/1468 1469/1469/1469
f 1471/1471/1471 1472/1472/1472 1473/1473/1473
f 1474/1474/1474 1475/1475/1475 1476/1476/1476
f 1476/1476/1476 1477/1477/1477 1478/1478/1478
f 1478/1478/1478 1479/1479/1479 1480/1480/1480
f 1480/1480/1480 1481/1481/1481 1482/1482/1482
f 1482/1482/1482 1483/1483/1483 1484/1484/1484
f 1484/1484/1484 1485/1485/1485 1486/1486/1486
f 1486/1486/1486 1487/1487/1487 1488/1488/1488
f 1461/1461/1461 1462/1462/1462 1464/1464/1464
f 1464/1464/1464 1466/1466/1466 1467/1467/1467
f 1467/1467/1467 1469/1469/1469 1470/1470/1470
f 1471/1471/1471 1473/1473/1473 1474/1474/1474
f 1476/1476/1476 1478/1478/1478 1480/1480/1480
f 1482/1482/1482 1484/1484/1484 1486/1486/1486
f 1461/1461/1461 1464/1464/1464 1467/1467/1467
f 1471/1471/1471 1474/1474/1474 1476/1476/1476
f 1476/1476/1476 1480/1480/1480 1482/1482/1482
f 1482/1482/1482 1486/1486/1486 1488/1488/1488
f 1491/1491/1491 1461/1461/1461 1467/1467/1467
f 1470/1470/1470 1471/1471/1471 1476/1476/1476
f 1476/1476/1476 1482/1482/1482 1488/1488/1488
f 1491/1491/1491 1467/1467/1467 1470/1470/1470
f 1470/1470/1470 1476/1476/1476 1488/1488/1488
f 1490/1490/1490 1491/1491/1491 1470/1470/1470
f 1470/1470/1470 1488/1488/1488 1489/1489/1489
f 1489/1489/1489 1490/1490/1490 1470/1470/1470
f 1492/1492/1492 1493/1493/1493 1494/1494/1494
f 1492/1492/1492 1494/1494/1494 1495/1495/1495
f 1496/1496/1496 1497/1497/1497 1498/1498/1498
f 1496/1496/1496 1498/1498/1498 1499/1499/1499
f 1500/1500/1500 1501/1501/1501 1502/1502/1502
f 1500/1500/1500 1502/1502/1502 1503/1503/1503
f 1507/1507/1507 1508/1508/1508 1504/1504/1504
f 1504/1504/1504 1505/1505/1505 1506/1506/1506
f 1506/1506/1506 1507/1507/1507 1504/1504/1504
f 1509/1509/1509 1510/1510/1510 1511/1511/1511
f 1509/1509/1509 1511/1511/1511 1512/1512/1512
f 1526/1526/1526 1527/1527/1527 1513/1513/1513
f 1513/1513/1513 1514/1514/1514 1515/1515/1515
f 1515/1515/1515 1516/1516/1516 1517/1517/1517
f 1517/1517/1517 1518/1518/1518 1519/1519/1519
f 1520/1520/1520 1521/1521/1521 1522/1522/1522
f 1522/1522/1522 1523/1523/1523 1524/1524/1524
f 1524/1524/1524 1525/1525/1525 1526/1526/1526
f 1526/1526/1526 1513/1513/1513 1515/1515/1515
f 1515/1515/1515 1517/1517/1517 1519/1519/1519
f 1522/1522/1522 1524/1524/1524 1526/1526/1526
f 1515/1515/1515 1519/1519/1519 1520/1520/1520
f 1522/1522/1522 1526/1526/1526 1515/1515/1515
f 1515/1515/1515 1520/1520/1520 1522/1522/1522
f 1528/1528/1528 1529/1529/1529 1530/1530/1530
f 1528/1528/1528 1530/1530/1530 1531/1531/1531
f 1545/1545/1545 1546/1546/1546 1532/1532/1532
f 1534/1534/1534 1535/1535/1535 1536/1536/1536
f 1537/1537/1537 1538/1538/1538 1539/1539/1539
f 1539/1539/1539 1540/1540/1540 1541/1541/1541
f 1541/1541/1541 1542/1542/1542 1543/1543/1543
f 1543/1543/1543 1544/1544/1544 1545/1545/1545
f 1545/1545/1545 1532/1532/1532 1533/1533/1533
f 1533/1533/1533 1534/1534/1534 1536/1536/1536
f 1537/1537/1537 1539/1539/1539 1541/1541/1541
f 1541/1541/1541 1543/1543/1543 1545/1545/1545
f 1533/1533/1533 1536/1536/1536 1537/1537/1537
f 1537/1537/1537 1541/1541/1541 1545/1545/1545
f 1545/1545/1545 1533/1533/1533 1537/1537/1537
f 1547/1547/1547 1548/1548/1548 1549/1549/1549
f 1547/1547/1547 1549/1549/1549 1550/1550/1550
f 1552/1552/1552 1553/1553/1553 1554/1554/1554
f 1557/1557/1557 1558/1558/1558 1559/1559/1559
f 1559/1559/1559 1560/1560/1560 1561/1561/1561
f 1552/1552/1552 1554/1554/1554 1555/1555/1555
f 1557/1557/1557 1559/1559/1559 1561/1561/1561
f 1551/1551/1551 1552/1552/1552 1555/1555/1555
f 1556/1556/1556 1557/1557/1557 1561/1561/1561
f 1551/1551/1551 1555/1555/1555 1556/1556/1556
f 1556/1556/1556 1561/1561/1561 1551/1551/1551
f 1566/1566/1566 1567/1567/1567 1562/1562/1562
f 1562/1562/1562 1563/1563/1563 1564/1564/1564
f 1564/1564/1564 1565/1565/1565 1566/1566/1566
f 1566/1566/1566 1562/1562/1562 1564/1564/1564
f 1572/1572/1572 1573/1573/1573 1568/1568/1568
f 1568/1568/1568 1569/1569/1569 1570/1570/1570
f 1570/1570/1570 1571/1571/1571 1572/1572/1572
f 1572/1572/1572 1568/1568/1568 1570/1570/1570
f 1574/1574/1574 1575/1575/1575 1576/1576/1576
f 1574/1574/1574 1576/1576/1576 1577/1577/1577
f 1581/1581/1581 1582/1582/1582 1578/1578/1578
f 1578/1578/1578 1579/1579/1579 1580/1580/1580
f 1580/1580/1580 1581/1581/1581 1578/1578/1578
f 1586/1586/1586 1587/1587/1587 1583/1583/1583
f 1583/1583/1583 1584/1584/1584 1585/1585/1585
f 1585/1585/1585 1586/1586/1586 1583/1583/1583
f 1603/1603/1603 1588/1588/1588 1589/1589/1589
f 1589/1589/1589 1590/1590/1590 1591/1591/1591
f 1591/1591/1591 1592/1592/1592 1593/1593/1593
f 1593/1593/1593 1594/1594/1594 1595/1595/1595
f 1596/1596/1596 1597/1597/1597 1598/1598/1598
f 1601/1601/1601 1602/1602/1602 1603/1603/1603
f 1603/1603/1603 1589/1589/1589 1591/1591/1591
f 1591/1591/1591 1593/1593/1593 1595/1595/1595
f 1596/1596/1596 1598/1598/1598 1599/1599/1599
f 1601/1601/1601 1603/1603/1603 1591/1591/1591
f 1591/1591/1591 1595/1595/1595 1596/1596/1596
f 1596/1596/1596 1599/1599/1599 1600/1600/1600
f 1600/1600/1600 1601/1601/1601 1591/1591/1591
f 1591/1591/1591 1596/1596/1596 1600/1600/1600
f 1656/1656/1656 1657/1657/1657 1604/1604/1604
f 1604/1604/1604 1605/1605/1605 1606/1606/1606
f 1606/1606/1606 1607/1607/1607 1608/1608/1608
f 1608/1608/1608 1609/1609/1609 1610/1610/1610
f 1610/1610/1610 1611/1611/1611 1612/1612/1612
f 1613/1613/1613 1614/1614/1614 1615/1615/1615
f 1615/1615/1615 1616/1616/1616 1617/1617/1617
f 1618/1618/1618 1619/1619/1619 1620/1620/1620
f 1621/1621/1621 1622/1622/1622 1623/1623/1623
f 1623/1623/1623 1624/1624/1624 1625/1625/1625
f 1625/1625/1625 1626/1626/1626 1627/1627/1627
f 1627/1627/1627 1628/1628/1628 1629/1629/1629
f 1629/1629/1629 1630/1630/1630 1631/1631/1631
f 1631/1631/1631 1632/1632/1632 1633/1633/1633
f 1633/1633/1633 1634/1634/1634 1635/1635/1635
f 1636/1636/1636 1637/1637/1637 1638/1638/1638
f 1638/1638/1638 1639/1639/1639 1640/1640/1640
f 1640/1640/1640 1641/1641/1641 1642/1642/1642
f 1642/1642/1642 1643/1643/1643 1644/1644/1644
f 1644/1644/1644 1645/1645/1645 1646/1646/1646
f 1647/1647/1647 1648/1648/1648 1649/1649/1649
f 1649/1649/1649 1650/1650/1650 1651/1651/1651
f 1652/1652/1652 1653/1653/1653 1654/1654/1654
f 1654/1654/1654 1655/1655/1655 1656/1656/1656
f 1656/1656/1656 1604/1604/1604 1606/1606/1606
f 1606/1606/1606 1608/1608/1608 1610/1610/1610
f 1613/1613/1613 1615/1615/1615 1617/1617/1617
f 1621/1621/1621 1623/1623/1623 1625/1625/1625
f 1627/1627/1627 1629/1629/1629 1631/1631/1631
f 1633/1633/1633 1635/1635/1635 1636/1636/1636
f 1638/1638/1638 1640/1640/1640 1642/1642/1642
f 1644/1644/1644 1646/1646/1646 1647/1647/1647
f 1649/1649/1649 1651/1651/1651 1652/1652/1652
f 1656/1656/1656 1606/1606/1606 1610/1610/1610
f 1621/1621/1621 1625/1625/1625 1627/1627/1627
f 1627/1627/1627 1631/1631/1631 1633/1633/1633
f 1633/1633/1633 1636/1636/1636 1638/1638/1638
f 1644/1644/1644 1647/1647/1647 1649/1649/1649
f 1649/1649/1649 1652/1652/1652 1654/1654/1654
f 1656/1656/1656 1610/1610/1610 1612/1612/1612
f 1620/1620/1620 1621/1621/1621 1627/1627/1627
f 1642/1642/1642 1644/1644/1644 1649/1649/1649
f 1654/1654/1654 1656/1656/1656 1612/1612/1612
f 1620/1620/1620 1627/1627/1627 1633/1633/1633
f 1642/1642/1642 1649/1649/1649 1654/1654/1654
f 1654/1654/1654 1612/1612/1612 1613/1613/1613
f 1618/1618/1618 1620/1620/1620 1633/1633/1633
f 1638/1638/1638 1642/1642/1642 1654/1654/1654
f 1654/1654/1654 1613/1613/1613 1617/1617/1617
f 1618/1618/1618 1633/1633/1633 1638/1638/1638
f 1638/1638/1638 1654/1654/1654 1617/1617/1617
f 1617/1617/1617 1618/1618/1618 1638/1638/1638
f 1672/1672/1672 1673/1673/1673 1658/1658/1658
f 1661/1661/1661 1662/1662/1662 1663/1663/1663
f 1665/1665/1665 1666/1666/1666 1667/1667/1667
f 1668/1668/1668 1669/1669/1669 1670/1670/1670
f 1670/1670/1670 1671/1671/1671 1672/1672/1672
f 1660/1660/1660 1661/1661/1661 1663/1663/1663
f 1665/1665/1665 1667/1667/1667 1668/1668/1668
f 1668/1668/1668 1670/1670/1670 1672/1672/1672
f 1659/1659/1659 1660/1660/1660 1663/1663/1663
f 1665/1665/1665 1668/1668/1668 1672/1672/1672
f 1659/1659/1659 1663/1663/1663 1664/1664/1664
f 1665/1665/1665 1672/1672/1672 1658/1658/1658
f 1658/1658/1658 1659/1659/1659 1664/1664/1664
f 1664/1664/1664 1665/1665/1665 1658/1658/1658
f 1674/1674/1674 1675/1675/1675 1676/1676/1676
f 1674/1674/1674 1676/1676/1676 1677/1677/1677
f 1678/1678/1678 1679/1679/1679 1680/1680/1680
f 1678/1678/1678 1680/1680/1680 1681/1681/1681
f 1682/1682/1682 1683/1683/1683 1684/1684/1684
f 1682/1682/1682 1684/1684/1684 1685/1685/1685
f 1690/1690/1690 1691/1691/1691 1686/1686/1686
f 1686/1686/1686 1687/1687/1687 1688/1688/1688
f 1688/1688/1688 1689/1689/1689 1690/1690/1690
f 1690/1690/1690 1686/1686/1686 1688/1688/1688
f 1692/1692/1692 1693/1693/1693 1694/1694/1694
f 1692/1692/1692 1694/1694/1694 1695/1695/1695
f 1699/1699/1699 1700/1700/1700 1696/1696/1696
f 1696/1696/1696 1697/1697/1697 1698/1698/1698
f 1698/1698/1698 1699/1699/1699 1696/1696/1696
f 1704/1704/1704 1705/1705/1705 1701/1701/1701
f 1701/1701/1701 1702/1702/1702 1703/1703/1703
f 1703/1703/1703 1704/1704/1704 1701/1701/1701
f 1706/1706/1706 1707/1707/1707 1708/1708/1708
f 1706/1706/1706 1708/1708/1708 1709/1709/1709
f 1710/1710/1710 1711/1711/1711 1712/1712/1712
f 1710/1710/1710 1712/1712/1712 1713/1713/1713
f 1719/1719/1719 1720/1720/1720 1714/1714/1714
f 1714/1714/1714 1715/1715/1715 1716/1716/1716
f 1717/1717/1717 1718/1718/1718 1719/1719/1719
f 1719/1719/1719 1714/1714/1714 1716/1716/1716
f 1716/1716/1716 1717/1717/1717 1719/1719/1719
f 1721/1721/1721 1722/1722/1722 1723/1723/1723
f 1721/1721/1721 1723/1723/1723 1724/1724/1724
f 1729/1729/1729 1725/1725/1725 1726/1726/1726
f 1726/1726/1726 1727/1727/1727 1728/1728/1728
f 1755/1755/1755 1756/1756/1756 1730/1730/1730
f 1730/1730/1730 1731/1731/1731 1732/1732/1732
f 1732/1732/1732 1733/1733/1733 1734/1734/1734
f 1734/1734/1734 1735/1735/1735 1736/1736/1736
f 1736/1736/1736 1737/1737/1737 1738/1738/1738
f 1739/1739/1739 1740/1740/1740 1741/1741/1741
f 1741/1741/1741 1742/1742/1742 1743/1743/1743
f 1743/1743/1743 1744/1744/1744 1745/1745/1745
f 1745/1745/1745 1746/1746/1746 1747/1747/1747
f 1747/1747/1747 1748/1748/1748 1749/1749/1749
f 1749/1749/1749 1750/1750/1750 1751/1751/1751
f 1751/1751/1751 1752/1752/1752 1753/1753/1753
f 1754/1754/1754 1755/1755/1755 1730/1730/1730
f 1730/1730/1730 1732/1732/1732 1734/1734/1734
f 1734/1734/1734 1736/1736/1736 1738/1738/1738
f 1738/1738/1738 1739/1739/1739 1741/1741/1741
f 1741/1741/1741 1743/1743/1743 1745/1745/1745
f 1745/1745/1745 1747/1747/1747 1749/1749/1749
f 1749/1749/1749 1751/1751/1751 1753/1753/1753
f 1754/1754/1754 1730/1730/1730 1734/1734/1734
f 1734/1734/1734 1738/1738/1738 1741/1741/1741
f 1741/1741/1741 1745/1745/1745 1749/1749/1749
f 1749/1749/1749 1753/1753/1753 1754/1754/1754
f 1754/1754/1754 1734/1734/1734 1741/1741/1741
f 1741/1741/1741 1749/1749/1749 1754/1754/1754
f 1757/1757/1757 1758/1758/1758 1759/1759/1759
f 1757/1757/1757 1759/1759/1759 1760/1760/1760
f 1761/1761/1761 1762/1762/1762 1763/1763/1763
f 1761/1761/1761 1763/1763/1763 1764/1764/1764
f 1768/1768/1768 1769/1769/1769 1765/1765/1765
f 1765/1765/1765 1766/1766/1766 1767/1767/1767
f 1767/1767/1767 1768/1768/1768 1765/1765/1765
f 1774/1774/1774 1775/1775/1775 1770/1770/1770
f 1770/1770/1770 1771/1771/1771 1772/1772/1772
f 1773/1773/1773 1774/1774/1774 1770/1770/1770
f 1770/1770/1770 1772/1772/1772 1773/1773/1773
f 1776/1776/1776 1777/1777/1777 1778/1778/1778
f 1776/1776/1776 1778/1778/1778 1779/1779/1779
f 1794/1794/1794 1795/1795/1795 1780/1780/1780
f 1780/1780/1780 1781/1781/1781 1782/1782/1782
f 1782/1782/1782 1783/1783/1783 1784/1784/1784
f 1785/1785/1785 1786/1786/1786 1787/1787/1787
f 1787/1787/1787 1788/1788/1788 1789/1789/1789
f 1790/1790/1790 1791/1791/1791 1792/1792/1792
f 1792/1792/1792 1793/1793/1793 1794/1794/1794
f 1780/1780/1780 1782/1782/1782 1784/1784/1784
f 1787/1787/1787 1789/1789/1789 1790/1790/1790
f 1792/1792/1792 1794/1794/1794 1780/1780/1780
f 1780/1780/1780 1784/1784/1784 1785/1785/1785
f 1787/1787/1787 1790/1790/1790 1792/1792/1792
f 1792/1792/1792 1780/1780/1780 1785/1785/1785
f 1785/1785/1785 1787/1787/1787 1792/1792/1792
f 1800/1800/1800 1801/1801/1801 1796/1796/1796
f 1796/1796/1796 1797/1797/1797 1798/1798/1798
f 1799/1799/1799 1800/1800/1800 1796/1796/1796
f 1796/1796/1796 1798/1798/1798 1799/1799/1799
f 1814/1814/1814 1815/1815/1815 1802/1802/1802
f 1803/1803/1803 1804/1804/1804 1805/1805/1805
f 1806/1806/1806 1807/1807/1807 1808/1808/1808
f 1808/1808/1808 1809/1809/1809 1810/1810/1810
f 1810/1810/1810 1811/1811/1811 1812/1812/1812
f 1813/1813/1813 1814/1814/1814 1802/1802/1802
f 1802/1802/1802 1803/1803/1803 1805/1805/1805
f 1806/1806/1806 1808/1808/1808 1810/1810/1810
f 1810/1810/1810 1812/1812/1812 1813/1813/1813
f 1802/1802/1802 1805/1805/1805 1806/1806/1806
f 1806/1806/1806 1810/1810/1810 1813/1813/1813
f 1813/1813/1813 1802/1802/1802 1806/1806/1806
f 1820/1820/1820 1821/1821/1821 1816/1816/1816
f 1816/1816/1816 1817/1817/1817 1818/1818/1818
f 1818/1818/1818 1819/1819/1819 1820/1820/1820
f 1820/1820/1820 1816/1816/1816 1818/1818/1818
f 1827/1827/1827 1828/1828/1828 1822/1822/1822
f 1822/1822/1822 1823/1823/1823 1824/1824/1824
f 1824/1824/1824 1825/1825/1825 1826/1826/1826
f 1826/1826/1826 1827/1827/1827 1822/1822/1822
f 1822/1822/1822 1824/1824/1824 1826/1826/1826
f 1863/1863/1863 1864/1864/1864 1829/1829/1829
f 1830/1830/1830 1831/1831/1831 1832/1832/1832
f 1832/1832/1832 1833/1833/1833 1834/1834/1834
f 1834/1834/1834 1835/1835/1835 1836/1836/1836
f 1836/1836/1836 1837/1837/1837 1838/1838/1838
f 1838/1838/1838 1839/1839/1839 1840/1840/1840
f 1840/1840/1840 1841/1841/1841 1842/1842/1842
f 1842/1842/1842 1843/1843/1843 1844/1844/1844
f 1844/1844/1844 1845/1845/1845 1846/1846/1846
f 1846/1846/1846 1847/1847/1847 1848/1848/1848
f 1848/1848/1848 1849/1849/1849 1850/1850/1850
f 1850/1850/1850 1851/1851/1851 1852/1852/1852
f 1852/1852/1852 1853/1853/1853 1854/1854/1854
f 1854/1854/1854 1855/1855/1855 1856/1856/1856
f 1856/1856/1856 1857/1857/1857 1858/1858/1858
f 1858/1858/1858 1859/1859/1859 1860/1860/1860
f 1861/1861/1861 1862/1862/1862 1863/1863/1863
f 1829/1829/1829 1830/1830/1830 1832/1832/1832
f 1832/1832/1832 1834/1834/1834 1836/1836/1836
f 1836/1836/1836 1838/1838/1838 1840/1840/1840
f 1844/1844/1844 1846/1846/1846 1848/1848/1848
f 1854/1854/1854 1856/1856/1856 1858/1858/1858
f 1858/1858/1858 1860/1860/1860 1861/1861/1861
f 1861/1861/1861 1863/1863/1863 1829/1829/1829
f 1836/1836/1836 1840/1840/1840 1842/1842/1842
f 1844/1844/1844 1848/1848/1848 1850/1850/1850
f 1854/1854/1854 1858/1858/1858 1861/1861/1861
f 1832/1832/1832 1836/1836/1836 1842/1842/1842
f 1852/1852/1852 1854/1854/1854 1861/1861/1861
f 1832/1832/1832 1842/1842/1842 1844/1844/1844
f 1852/1852/1852 1861/1861/1861 1829/1829/1829
f 1829/1829/1829 1832/1832/1832 1844/1844/1844
f 1850/1850/1850 1852/1852/1852 1829/1829/1829
f 1829/1829/1829 1844/1844/1844 1850/1850/1850
f 1865/1865/1865 1866/1866/1866 1867/1867/1867
f 1865/1865/1865 1867/1867/1867 1868/1868/1868
f 1869/1869/1869 1870/1870/1870 1871/1871/1871
f 1869/1869/1869 1871/1871/1871 1872/1872/1872
f 1901/1901/1901 1902/1902/1902 1873/1873/1873
f 1873/1873/1873 1874/1874/1874 1875/1875/1875
f 1876/1876/1876 1877/1877/1877 1878/1878/1878
f 1878/1878/1878 1879/1879/1879 1880/1880/1880
f 1881/1881/1881 1882/1882/1882 1883/1883/1883
f 1883/1883/1883 1884/1884/1884 1885/1885/1885
f 1885/1885/1885 1886/1886/1886 1887/1887/1887
f 1888/1888/1888 1889/1889/1889 1890/1890/1890
f 1890/1890/1890 1891/1891/1891 1892/1892/1892
f 1892/1892/1892 1893/1893/1893 1894/1894/1894
f 1894/1894/1894 1895/1895/1895 1896/1896/1896
f 1896/1896/1896 1897/1897/1897 1898/1898/1898
f 1898/1898/1898 1899/1899/1899 1900/1900/1900
f 1900/1900/1900 1901/1901/1901 1873/1873/1873
f 1873/1873/1873 1875/1875/1875 1876/1876/1876
f 1876/1876/1876 1878/1878/1878 1880/1880/1880
f 1880/1880/1880 1881/1881/1881 1883/1883/1883
f 1883/1883/1883 1885/1885/1885 1887/1887/1887
f 1890/1890/1890 1892/1892/1892 1894/1894/1894
f 1894/1894/1894 1896/1896/1896 1898/1898/1898
f 1898/1898/1898 1900/1900/1900 1873/1873/1873
f 1873/1873/1873 1876/1876/1876 1880/1880/1880
f 1883/1883/1883 1887/1887/1887 1888/1888/1888
f 1890/1890/1890 1894/1894/1894 1898/1898/1898
f 1898/1898/1898 1873/1873/1873 1880/1880/1880
f 1883/1883/1883 1888/1888/1888 1890/1890/1890
f 1890/1890/1890 1898/1898/1898 1880/1880/1880
f 1880/1880/1880 1883/1883/1883 1890/1890/1890
f 1906/1906/1906 1907/1907/1907 1903/1903/1903
f 1903/1903/1903 1904/1904/1904 1905/1905/1905
f 1905/1905/1905 1906/1906/1906 1903/1903/1903
f 1908/1908/1908 1909/1909/1909 1910/1910/1910
f 1908/1908/1908 1910/1910/1910 1911/1911/1911
f 1920/1920/1920 1921/1921/1921 1912/1912/1912
f 1912/1912/1912 1913/1913/1913 1914/1914/1914
f 1917/1917/1917 1918/1918/1918 1919/1919/1919
f 1912/1912/1912 1914/1914/1914 1915/1915/1915
f 1916/1916/1916 1917/1917/1917 1919/1919/1919
f 1920/1920/1920 1912/1912/1912 1915/1915/1915
f 1915/1915/1915 1916/1916/1916 1919/1919/1919
f 1919/1919/1919 1920/1920/1920 1915/1915/1915
f 1925/1925/1925 1926/1926/1926 1922/1922/1922
f 1922/1922/1922 1923/1923/1923 1924/1924/1924
f 1924/1924/1924 1925/1925/1925 1922/1922/1922
f 1935/1935/1935 1936/1936/1936 1927/1927/1927
f 1927/1927/1927 1928/1928/1928 1929/1929/1929
f 1929/1929/1929 1930/1930/1930 1931/1931/1931
f 1931/1931/1931 1932/1932/1932 1933/1933/1933
f 1934/1934/1934 1935/1935/1935 1927/1927/1927
f 1927/1927/1927 1929/1929/1929 1931/1931/1931
f 1933/1933/1933 1934/1934/1934 1927/1927/1927
f 1927/1927/1927 1931/1931/1931 1933/1933/1933
f 1942/1942/1942 1943/1943/1943 1937/1937/1937
f 1937/1937/1937 1938/1938/1938 1939/1939/1939
f 1939/1939/1939 1940/1940/1940 1941/1941/1941
f 1941/1941/1941 1942/1942/1942 1937/1937/1937
f 1937/1937/1937 1939/1939/1939 1941/1941/1941
f 1949/1949/1949 1950/1950/1950 1944/1944/1944
f 1945/1945/1945 1946/1946/1946 1947/1947/1947
f 1949/1949/1949 1944/1944/1944 1945/1945/1945
f 1945/1945/1945 1947/1947/1947 1948/1948/1948
f 1951/1951/1951 1952/1952/1952 1953/1953/1953
f 1951/1951/1951 1953/1953/1953 1954/1954/1954
f 1959/1959/1959 1955/1955/1955 1956/1956/1956
f 1956/1956/1956 1957/1957/1957 1958/1958/1958
f 1960/1960/1960 1961/1961/1961 1962/1962/1962
f 1960/1960/1960 1962/1962/1962 1963/1963/1963
f 1969/1969/1969 1970/1970/1970 1964/1964/1964
f 1964/1964/1964 1965/1965/1965 1966/1966/1966
f 1966/1966/1966 1967/1967/1967 1968/1968/1968
f 1968/1968/1968 1969/1969/1969 1964/1964/1964
f 1964/1964/1964 1966/1966/1966 1968/1968/1968
f 1971/1971/1971 1972/1972/1972 1973/1973/1973
f 1971/1971/1971 1973/1973/1973 1974/1974/1974
f 1975/1975/1975 1976/1976/1976 1977/1977/1977
f 1975/1975/1975 1977/1977/1977 1978/1978/1978
f 1979/1979/1979 1980/1980/1980 1981/1981/1981
f 1979/1979/1979 1981/1981/1981 1982/1982/1982
f 1983/1983/1983 1984/1984/1984 1985/1985/1985
f 1983/1983/1983 1985/1985/1985 1986/1986/1986
f 1987/1987/1987 1988/1988/1988 1989/1989/1989
f 1989/1989/1989 1990/1990/1990 1991/1991/1991
f 1991/1991/1991 1992/1992/1992 1993/1993/1993
f 1987/1987/1987 1989/1989/1989 1991/1991/1991
f 1991/1991/1991 1993/1993/1993 1994/1994/1994
f 1994/1994/1994 1987/1987/1987 1991/1991/1991
f 2000/2000/2000 1995/1995/1995 1996/1996/1996
f 1997/1997/1997 1998/1998/1998 1999/1999/1999
f 2000/2000/2000 1996/1996/1996 1997/1997/1997
f 1997/1997/1997 1999/1999/1999 2000/2000/2000
f 2001/2001/2001 2002/2002/2002 2003/2003/2003
f 2001/2001/2001 2003/2003/2003 2004/2004/2004
f 2005/2005/2005 2006/2006/2006 2007/2007/2007
f 2005/2005/2005 2007/2007/2007 2008/2008/2008
f 2017/2017/2017 2018/2018/2018 2009/2009/2009
f 2009/2009/2009 2010/2010/2010 2011/2011/2011
f 2011/2011/2011 2012/2012/2012 2013/2013/2013
f 2016/2016/2016 2017/2017/2017 2009/2009/2009
f 2011/2011/2011 2013/2013/2013 2014/2014/2014
f 2015/2015/2015 2016/2016/2016 2009/2009/2009
f 2009/2009/2009 2011/2011/2011 2014/2014/2014
f 2014/2014/2014 2015/2015/2015 2009/2009/2009
f 2019/2019/2019 2020/2020/2020 2021/2021/2021
f 2019/2019/2019 2021/2021/2021 2022/2022/2022
f 2031/2031/2031 2032/2032/2032 2023/2023/2023
f 2024/2024/2024 2025/2025/2025 2026/2026/2026
f 2026/2026/2026 2027/2027/2027 2028/2028/2028
f 2028/2028/2028 2029/2029/2029 2030/2030/2030
f 2031/2031/2031 2023/2023/2023 2024/2024/2024
f 2024/2024/2024 2026/2026/2026 2028/2028/2028
f 2030/2030/2030 2031/2031/2031 2024/2024/2024
f 2024/2024/2024 2028/2028/2028 2030/2030/2030
f 2036/2036/2036 2037/2037/2037 2033/2033/2033
f 2033/2033/2033 2034/2034/2034 2035/2035/2035
f 2035/2035/2035 2036/2036/2036 2033/2033/2033
f 2041/2041/2041 2042/2042/2042 2038/2038/2038
f 2038/2038/2038 2039/2039/2039 2040/2040/2040
f 2040/2040/2040 2041/2041/2041 2038/2038/2038
f 2047/2047/2047 2048/2048/2048 2043/2043/2043
f 2043/2043/2043 2044/2044/2044 2045/2045/2045
f 2045/2045/2045 2046/2046/2046 2047/2047/2047
f 2047/2047/2047 2043/2043/2043 2045/2045/2045
f 2049/2049/2049 2050/2050/2050 2051/2051/2051
f 2049/2049/2049 2051/2051/2051 2052/2052/2052
f 2077/2077/2077 2053/2053/2053 2054/2054/2054
f 2057/2057/2057 2058/2058/2058 2059/2059/2059
f 2061/2061/2061 2062/2062/2062 2063/2063/2063
f 2063/2063/2063 2064/2064/2064 2065/2065/2065
f 2065/2065/2065 2066/2066/2066 2067/2067/2067
f 2067/2067/2067 2068/2068/2068 2069/2069/2069
f 2069/2069/2069 2070/2070/2070 2071/2071/2071
f 2071/2071/2071 2072/2072/2072 2073/2073/2073
f 2073/2073/2073 2074/2074/2074 2075/2075/2075
f 2075/2075/2075 2076/2076/2076 2077/2077/2077
f 2056/2056/2056 2057/2057/2057 2059/2059/2059
f 2065/2065/2065 2067/2067/2067 2069/2069/2069
f 2071/2071/2071 2073/2073/2073 2075/2075/2075
f 2075/2075/2075 2077/2077/2077 2054/2054/2054
f 2056/2056/2056 2059/2059/2059 2060/2060/2060
f 2065/2065/2065 2069/2069/2069 2071/2071/2071
f 2071/2071/2071 2075/2075/2075 2054/2054/2054
f 2055/2055/2055 2056/2056/2056 2060/2060/2060
f 2065/2065/2065 2071/2071/2071 2054/2054/2054
f 2055/2055/2055 2060/2060/2060 2061/2061/2061
f 2063/2063/2063 2065/2065/2065 2054/2054/2054
f 2054/2054/2054 2055/2055/2055 2061/2061/2061
f 2061/2061/2061 2063/2063/2063 2054/2054/2054
f 2081/2081/2081 2082/2082/2082 2078/2078/2078
f 2078/2078/2078 2079/2079/2079 2080/2080/2080
f 2080/2080/2080 2081/2081/2081 2078/2078/2078
f 2083/2083/2083 2084/2084/2084 2085/2085/2085
f 2086/2086/2086 2087/2087/2087 2088/2088/2088
f 2089/2089/2089 2090/2090/2090 2091/2091/2091
f 2089/2089/2089 2091/2091/2091 2092/2092/2092
f 2101/2101/2101 2102/2102/2102 2093/2093/2093
f 2093/2093/2093 2094/2094/2094 2095/2095/2095
f 2096/2096/2096 2097/2097/2097 2098/2098/2098
f 2099/2099/2099 2100/2100/2100 2101/2101/2101
f 2101/2101/2101 2093/2093/2093 2095/2095/2095
f 2095/2095/2095 2096/2096/2096 2098/2098/2098
f 2099/2099/2099 2101/2101/2101 2095/2095/2095
f 2095/2095/2095 2098/2098/2098 2099/2099/2099
f 2103/2103/2103 2104/2104/2104 2105/2105/2105
f 2103/2103/2103 2105/2105/2105 2106/2106/2106
f 2111/2111/2111 2112/2112/2112 2107/2107/2107
f 2107/2107/2107 2108/2108/2108 2109/2109/2109
f 2109/2109/2109 2110/2110/2110 2111/2111/2111
f 2111/2111/2111 2107/2107/2107 2109/2109/2109
f 2113/2113/2113 2114/2114/2114 2115/2115/2115
f 2113/2113/2113 2115/2115/2115 2116/2116/2116
f 2121/2121/2121 2122/2122/2122 2117/2117/2117
f 2118/2118/2118 2119/2119/2119 2120/2120/2120
f 2120/2120/2120 2121/2121/2121 2117/2117/2117
f 2117/2117/2117 2118/2118/2118 2120/2120/2120
f 2131/2131/2131 2123/2123/2123 2124/2124/2124
f 2125/2125/2125 2126/2126/2126 2127/2127/2127
f 2127/2127/2127 2128/2128/2128 2129/2129/2129
f 2131/2131/2131 2124/2124/2124 2125/2125/2125
f 2125/2125/2125 2127/2127/2127 2129/2129/2129
f 2130/2130/2130 2131/2131/2131 2125/2125/2125
f 2125/2125/2125 2129/2129/2129 2130/2130/2130
f 2132/2132/2132 2133/2133/2133 2134/2134/2134
f 2135/2135/2135 2136/2136/2136 2137/2137/2137
f 2157/2157/2157 2138/2138/2138 2139/2139/2139
f 2140/2140/2140 2141/2141/2141 2142/2142/2142
f 2142/2142/2142 2143/2143/2143 2144/2144/2144
f 2144/2144/2144 2145/2145/2145 2146/2146/2146
f 2147/2147/2147 2148/2148/2148 2149/2149/2149
f 2149/2149/2149 2150/2150/2150 2151/2151/2151
f 2151/2151/2151 2152/2152/2152 2153/2153/2153
f 2153/2153/2153 2154/2154/2154 2155/2155/2155
f 2155/2155/2155 2156/2156/2156 2157/2157/2157
f 2157/2157/2157 2139/2139/2139 2140/2140/2140
f 2140/2140/2140 2142/2142/2142 2144/2144/2144
f 2144/2144/2144 2146/2146/2146 2147/2147/2147
f 2147/2147/2147 2149/2149/2149 2151/2151/2151
f 2151/2151/2151 2153/2153/2153 2155/2155/2155
f 2155/2155/2155 2157/2157/2157 2140/2140/2140
f 2140/2140/2140 2144/2144/2144 2147/2147/2147
f 2147/2147/2147 2151/2151/2151 2155/2155/2155
f 2155/2155/2155 2140/2140/2140 2147/2147/2147
f 2161/2161/2161 2162/2162/2162 2158/2158/2158
f 2158/2158/2158 2159/2159/2159 2160/2160/2160
f 2160/2160/2160 2161/2161/2161 2158/2158/2158
f 2163/2163/2163 2164/2164/2164 2165/2165/2165
f 2163/2163/2163 2165/2165/2165 2166/2166/2166
f 2167/2167/2167 2168/2168/2168 2169/2169/2169
f 2167/2167/2167 2169/2169/2169 2170/2170/2170
f 2171/2171/2171 2172/2172/2172 2173/2173/2173
f 2171/2171/2171 2173/2173/2173 2174/2174/2174
f 2175/2175/2175 2176/2176/2176 2177/2177/2177
f 2175/2175/2175 2177/2177/2177 2178/2178/2178
f 2182/2182/2182 2183/2183/2183 2179/2179/2179
f 2179/2179/2179 2180/2180/2180 2181/2181/2181
f 2181/2181/2181 2182/2182/2182 2179/2179/2179
f 2184/2184/2184 2185/2185/2185 2186/2186/2186
f 2184/2184/2184 2186/2186/2186 2187/2187/2187
f 2188/2188/2188 2189/2189/2189 2190/2190/2190
f 2188/2188/2188 2190/2190/2190 2191/2191/2191
f 2196/2196/2196 2197/2197/2197 2192/2192/2192
f 2193/2193/2193 2194/2194/2194 2195/2195/2195
f 2195/2195/2195 2196/2196/2196 2192/2192/2192
f 2192/2192/2192 2193/2193/2193 2195/2195/2195
f 2198/2198/2198 2199/2199/2199 2200/2200/2200
f 2198/2198/2198 2200/2200/2200 2201/2201/2201
f 2202/2202/2202 2203/2203/2203 2204/2204/2204
f 2202/2202/2202 2204/2204/2204 2205/2205/2205
f 2210/2210/2210 2211/2211/2211 2206/2206/2206
f 2206/2206/2206 2207/2207/2207 2208/2208/2208
f 2208/2208/2208 2209/2209/2209 2210/2210/2210
f 2210/2210/2210 2206/2206/2206 2208/2208/2208
f 2212/2212/2212 2213/2213/2213 2214/2214/2214
f 2212/2212/2212 2214/2214/2214 2215/2215/2215
f 2216/2216/2216 2217/2217/2217 2218/2218/2218
f 2216/2216/2216 2218/2218/2218 2219/2219/2219
f 2224/2224/2224 2225/2225/2225 2220/2220/2220
f 2220/2220/2220 2221/2221/2221 2222/2222/2222
f 2222/2222/2222 2223/2223/2223 2224/2224/2224
f 2224/2224/2224 2220/2220/2220 2222/2222/2222
f 2229/2229/2229 2230/2230/2230 2226/2226/2226
f 2226/2226/2226 2227/2227/2227 2228/2228/2228
f 2228/2228/2228 2229/2229/2229 2226/2226/2226
f 2234/2234/2234 2235/2235/2235 2231/2231/2231
f 2231/2231/2231 2232/2232/2232 2233/2233/2233
f 2233/2233/2233 2234/2234/2234 2231/2231/2231
f 2239/2239/2239 2240/2240/2240 2236/2236/2236
f 2236/2236/2236 2237/2237/2237 2238/2238/2238
f 2238/2238/2238 2239/2239/2239 2236/2236/2236
f 2241/2241/2241 2242/2242/2242 2243/2243/2243
f 2241/2241/2241 2243/2243/2243 2244/2244/2244
f 2245/2245/2245 2246/2246/2246 2247/2247/2247
f 2248/2248/2248 2249/2249/2249 2250/2250/2250
f 2251/2251/2251 2252/2252/2252 2253/2253/2253
f 2251/2251/2251 2253/2253/2253 2254/2254/2254
f 2258/2258/2258 2259/2259/2259 2255/2255/2255
f 2255/2255/2255 2256/2256/2256 2257/2257/2257
f 2257/2257/2257 2258/2258/2258 2255/2255/2255
f 2315/2315/2315 2316/2316/2316 2260/2260/2260
f 2260/2260/2260 2261/2261/2261 2262/2262/2262
f 2263/2263/2263 2264/2264/2264 2265/2265/2265
f 2265/2265/2265 2266/2266/2266 2267/2267/2267
f 2267/2267/2267 2268/2268/2268 2269/2269/2269
f 2269/2269/2269 2270/2270/2270 2271/2271/2271
f 2271/2271/2271 2272/2272/2272 2273/2273/2273
f 2273/2273/2273 2274/2274/2274 2275/2275/2275
f 2276/2276/2276 2277/2277/2277 2278/2278/2278
f 2282/2282/2282 2283/2283/2283 2284/2284/2284
f 2285/2285/2285 2286/2286/2286 2287/2287/2287
f 2287/2287/2287 2288/2288/2288 2289/2289/2289
f 2289/2289/2289 2290/2290/2290 2291/2291/2291
f 2291/2291/2291 2292/2292/2292 2293/2293/2293
f 2293/2293/2293 2294/2294/2294 2295/2295/2295
f 2295/2295/2295 2296/2296/2296 2297/2297/2297
f 2297/2297/2297 2298/2298/2298 2299/2299/2299
f 2300/2300/2300 2301/2301/2301 2302/2302/2302
f 2302/2302/2302 2303/2303/2303 2304/2304/2304
f 2304/2304/2304 2305/2305/2305 2306/2306/2306
f 2306/2306/2306 2307/2307/2307 2308/2308/2308
f 2308/2308/2308 2309/2309/2309 2310/2310/2310
f 2310/2310/2310 2311/2311/2311 2312/2312/2312
f 2313/2313/2313 2314/2314/2314 2315/2315/2315
f 2260/2260/2260 2262/2262/2262 2263/2263/2263
f 2265/2265/2265 2267/2267/2267 2269/2269/2269
f 2269/2269/2269 2271/2271/2271 2273/2273/2273
f 2273/2273/2273 2275/2275/2275 2276/2276/2276
f 2281/2281/2281 2282/2282/2282 2284/2284/2284
f 2287/2287/2287 2289/2289/2289 2291/2291/2291
f 2297/2297/2297 2299/2299/2299 2300/2300/2300
f 2302/2302/2302 2304/2304/2304 2306/2306/2306
f 2306/2306/2306 2308/2308/2308 2310/2310/2310
f 2310/2310/2310 2312/2312/2312 2313/2313/2313
f 2315/2315/2315 2260/2260/2260 2263/2263/2263
f 2269/2269/2269 2273/2273/2273 2276/2276/2276
f 2280/2280/2280 2281/2281/2281 2284/2284/2284
f 2302/2302/2302 2306/2306/2306 2310/2310/2310
f 2310/2310/2310 2313/2313/2313 2315/2315/2315
f 2315/2315/2315 2263/2263/2263 2265/2265/2265
f 2265/2265/2265 2269/2269/2269 2276/2276/2276
f 2280/2280/2280 2284/2284/2284 2285/2285/2285
f 2302/2302/2302 2310/2310/2310 2315/2315/2315
f 2315/2315/2315 2265/2265/2265 2276/2276/2276
f 2279/2279/2279 2280/2280/2280 2285/2285/2285
f 2300/2300/2300 2302/2302/2302 2315/2315/2315
f 2278/2278/2278 2279/2279/2279 2285/2285/2285
f 2297/2297/2297 2300/2300/2300 2315/2315/2315
f 2278/2278/2278 2285/2285/2285 2287/2287/2287
f 2295/2295/2295 2297/2297/2297 2315/2315/2315
f 2276/2276/2276 2278/2278/2278 2287/2287/2287
f 2295/2295/2295 2315/2315/2315 2276/2276/2276
f 2276/2276/2276 2287/2287/2287 2291/2291/2291
f 2293/2293/2293 2295/2295/2295 2276/2276/2276
f 2276/2276/2276 2291/2291/2291 2293/2293/2293
f 2317/2317/2317 2318/2318/2318 2319/2319/2319
f 2317/2317/2317 2319/2319/2319 2320/2320/2320
f 2321/2321/2321 2322/2322/2322 2323/2323/2323
f 2321/2321/2321 2323/2323/2323 2324/2324/2324
f 2325/2325/2325 2326/2326/2326 2327/2327/2327
f 2325/2325/2325 2327/2327/2327 2328/2328/2328
f 2329/2329/2329 2330/2330/2330 2331/2331/2331
f 2329/2329/2329 2331/2331/2331 2332/2332/2332
f 2333/2333/2333 2334/2334/2334 2335/2335/2335
f 2333/2333/2333 2335/2335/2335 2336/2336/2336
f 2337/2337/2337 2338/2338/2338 2339/2339/2339
f 2337/2337/2337 2339/2339/2339 2340/2340/2340
f 2347/2347/2347 2348/2348/2348 2341/2341/2341
f 2342/2342/2342 2343/2343/2343 2344/2344/2344
f 2344/2344/2344 2345/2345/2345 2346/2346/2346
f 2346/2346/2346 2347/2347/2347 2341/2341/2341
f 2341/2341/2341 2342/2342/2342 2344/2344/2344
f 2344/2344/2344 2346/2346/2346 2341/2341/2341
f 2352/2352/2352 2353/2353/2353 2349/2349/2349
f 2349/2349/2349 2350/2350/2350 2351/2351/2351
f 2351/2351/2351 2352/2352/2352 2349/2349/2349
f 2354/2354/2354 2355/2355/2355 2356/2356/2356
f 2354/2354/2354 2356/2356/2356 2357/2357/2357
f 2358/2358/2358 2359/2359/2359 2360/2360/2360
f 2358/2358/2358 2360/2360/2360 2361/2361/2361
f 2388/2388/2388 2389/2389/2389 2362/2362/2362
f 2363/2363/2363 2364/2364/2364 2365/2365/2365
f 2365/2365/2365 2366/2366/2366 2367/2367/2367
f 2367/2367/2367 2368/2368/2368 2369/2369/2369
f 2369/2369/2369 2370/2370/2370 2371/2371/2371
f 2371/2371/2371 2372/2372/2372 2373/2373/2373
f 2373/2373/2373 2374/2374/2374 2375/2375/2375
f 2375/2375/2375 2376/2376/2376 2377/2377/2377
f 2377/2377/2377 2378/2378/2378 2379/2379/2379
f 2379/2379/2379 2380/2380/2380 2381/2381/2381
f 2381/2381/2381 2382/2382/2382 2383/2383/2383
f 2383/2383/2383 2384/2384/2384 2385/2385/2385
f 2385/2385/2385 2386/2386/2386 2387/2387/2387
f 2387/2387/2387 2388/2388/2388 2362/2362/2362
f 2363/2363/2363 2365/2365/2365 2367/2367/2367
f 2371/2371/2371 2373/2373/2373 2375/2375/2375
f 2377/2377/2377 2379/2379/2379 2381/2381/2381
f 2383/2383/2383 2385/2385/2385 2387/2387/2387
f 2387/2387/2387 2362/2362/2362 2363/2363/2363
f 2363/2363/2363 2367/2367/2367 2369/2369/2369
f 2369/2369/2369 2371/2371/2371 2375/2375/2375
f 2377/2377/2377 2381/2381/2381 2383/2383/2383
f 2383/2383/2383 2387/2387/2387 2363/2363/2363
f 2363/2363/2363 2369/2369/2369 2375/2375/2375
f 2375/2375/2375 2377/2377/2377 2383/2383/2383
f 2383/2383/2383 2363/2363/2363 2375/2375/2375
f 2393/2393/2393 2394/2394/2394 2390/2390/2390
f 2390/2390/2390 2391/2391/2391 2392/2392/2392
f 2392/2392/2392 2393/2393/2393 2390/2390/2390
f 2395/2395/2395 2396/2396/2396 2397/2397/2397
f 2395/2395/2395 2397/2397/2397 2398/2398/2398
f 2399/2399/2399 2400/2400/2400 2401/2401/2401
f 2399/2399/2399 2401/2401/2401 2402/2402/2402
f 2406/2406/2406 2407/2407/2407 2403/2403/2403
f 2403/2403/2403 2404/2404/2404 2405/2405/2405
f 2405/2405/2405 2406/2406/2406 2403/2403/2403
f 2408/2408/2408 2409/2409/2409 2410/2410/2410
f 2408/2408/2408 2410/2410/2410 2411/2411/2411
f 2435/2435/2435 2436/2436/2436 2412/2412/2412
f 2412/2412/2412 2413/2413/2413 2414/2414/2414
f 2415/2415/2415 2416/2416/2416 2417/2417/2417
f 2417/2417/2417 2418/2418/2418 2419/2419/2419
f 2419/2419/2419 2420/2420/2420 2421/2421/2421
f 2421/2421/2421 2422/2422/2422 2423/2423/2423
f 2423/2423/2423 2424/2424/2424 2425/2425/2425
f 2425/2425/2425 2426/2426/2426 2427/2427/2427
f 2428/2428/2428 2429/2429/2429 2430/2430/2430
f 2430/2430/2430 2431/2431/2431 2432/2432/2432
f 2432/2432/2432 2433/2433/2433 2434/2434/2434
f 2434/2434/2434 2435/2435/2435 2412/2412/2412
f 2412/2412/2412 2414/2414/2414 2415/2415/2415
f 2415/2415/2415 2417/2417/2417 2419/2419/2419
f 2419/2419/2419 2421/2421/2421 2423/2423/2423
f 2427/2427/2427 2428/2428/2428 2430/2430/2430
f 2430/2430/2430 2432/2432/2432 2434/2434/2434
f 2412/2412/2412 2415/2415/2415 2419/2419/2419
f 2419/2419/2419 2423/2423/2423 2425/2425/2425
f 2425/2425/2425 2427/2427/2427 2430/2430/2430
f 2430/2430/2430 2434/2434/2434 2412/2412/2412
f 2412/2412/2412 2419/2419/2419 2425/2425/2425
f 2425/2425/2425 2430/2430/2430 2412/2412/2412
f 2437/2437/2437 2438/2438/2438 2439/2439/2439
f 2437/2437/2437 2439/2439/2439 2440/2440/2440
f 2441/2441/2441 2442/2442/2442 2443/2443/2443
f 2441/2441/2441 2443/2443/2443 2444/2444/2444
f 2449/2449/2449 2450/2450/2450 2445/2445/2445
f 2446/2446/2446 2447/2447/2447 2448/2448/2448
f 2448/2448/2448 2449/2449/2449 2445/2445/2445
f 2445/2445/2445 2446/2446/2446 2448/2448/2448
f 2454/2454/2454 2455/2455/2455 2451/2451/2451
f 2451/2451/2451 2452/2452/2452 2453/2453/2453
f 2453/2453/2453 2454/2454/2454 2451/2451/2451
f 2459/2459/2459 2460/2460/2460 2456/2456/2456
f 2456/2456/2456 2457/2457/2457 2458/2458/2458
f 2458/2458/2458 2459/2459/2459 2456/2456/2456
f 2461/2461/2461 2462/2462/2462 2463/2463/2463
f 2461/2461/2461 2463/2463/2463 2464/2464/2464
f 2469/2469/2469 2470/2470/2470 2465/2465/2465
f 2465/2465/2465 2466/2466/2466 2467/2467/2467
f 2467/2467/2467 2468/2468/2468 2469/2469/2469
f 2469/2469/2469 2465/2465/2465 2467/2467/2467
f 2478/2478/2478 2479/2479/2479 2471/2471/2471
f 2471/2471/2471 2472/2472/2472 2473/2473/2473
f 2473/2473/2473 2474/2474/2474 2475/2475/2475
f 2477/2477/2477 2478/2478/2478 2471/2471/2471
f 2473/2473/2473 2475/2475/2475 2476/2476/2476
f 2477/2477/2477 2471/2471/2471 2473/2473/2473
f 2473/2473/2473 2476/2476/2476 2477/2477/2477
f 2480/2480/2480 2481/2481/2481 2482/2482/2482
f 2482/2482/2482 2483/2483/2483 2484/2484/2484
f 2484/2484/2484 2485/2485/2485 2486/2486/2486
f 2486/2486/2486 2480/2480/2480 2482/2482/2482
f 2482/2482/2482 2484/2484/2484 2486/2486/2486
f 2487/2487/2487 2488/2488/2488 2489/2489/2489
f 2487/2487/2487 2489/2489/2489 2490/2490/2490
f 2491/2491/2491 2492/2492/2492 2493/2493/2493
f 2491/2491/2491 2493/2493/2493 2494/2494/2494
f 2515/2515/2515 2516/2516/2516 2495/2495/2495
f 2503/2503/2503 2504/2504/2504 2505/2505/2505
f 2514/2514/2514 2515/2515/2515 2495/2495/2495
f 2503/2503/2503 2505/2505/2505 2506/2506/2506
f 2513/2513/2513 2514/2514/2514 2495/2495/2495
f 2502/2502/2502 2503/2503/2503 2506/2506/2506
f 2513/2513/2513 2495/2495/2495 2496/2496/2496
f 2502/2502/2502 2506/2506/2506 2507/2507/2507
f 2512/2512/2512 2513/2513/2513 2496/2496/2496
f 2502/2502/2502 2507/2507/2507 2508/2508/2508
f 2512/2512/2512 2496/2496/2496 2497/2497/2497
f 2501/2501/2501 2502/2502/2502 2508/2508/2508
f 2511/2511/2511 2512/2512/2512 2497/2497/2497
f 2500/2500/2500 2501/2501/2501 2508/2508/2508
f 2511/2511/2511 2497/2497/2497 2498/2498/2498
f 2500/2500/2500 2508/2508/2508 2509/2509/2509
f 2510/2510/2510 2511/2511/2511 2498/2498/2498
f 2499/2499/2499 2500/2500/2500 2509/2509/2509
f 2510/2510/2510 2498/2498/2498 2499/2499/2499
f 2499/2499/2499 2509/2509/2509 2510/2510/2510
f 2517/2517/2517 2518/2518/2518 2519/2519/2519
f 2517/2517/2517 2519/2519/2519 2520/2520/2520
f 2524/2524/2524 2525/2525/2525 2521/2521/2521
f 2521/2521/2521 2522/2522/2522 2523/2523/2523
f 2523/2523/2523 2524/2524/2524 2521/2521/2521
f 2526/2526/2526 2527/2527/2527 2528/2528/2528
f 2526/2526/2526 2528/2528/2528 2529/2529/2529
f 2530/2530/2530 2531/2531/2531 2532/2532/2532
f 2530/2530/2530 2532/2532/2532 2533/2533/2533
f 2559/2559/2559 2534/2534/2534 2535/2535/2535
f 2535/2535/2535 2536/2536/2536 2537/2537/2537
f 2538/2538/2538 2539/2539/2539 2540/2540/2540
f 2540/2540/2540 2541/2541/2541 2542/2542/2542
f 2542/2542/2542 2543/2543/2543 2544/2544/2544
f 2544/2544/2544 2545/2545/2545 2546/2546/2546
f 2547/2547/2547 2548/2548/2548 2549/2549/2549
f 2549/2549/2549 2550/2550/2550 2551/2551/2551
f 2551/2551/2551 2552/2552/2552 2553/2553/2553
f 2553/2553/2553 2554/2554/2554 2555/2555/2555
f 2555/2555/2555 2556/2556/2556 2557/2557/2557
f 2557/2557/2557 2558/2558/2558 2559/2559/2559
f 2535/2535/2535 2537/2537/2537 2538/2538/2538
f 2538/2538/2538 2540/2540/2540 2542/2542/2542
f 2542/2542/2542 2544/2544/2544 2546/2546/2546
f 2546/2546/2546 2547/2547/2547 2549/2549/2549
f 2549/2549/2549 2551/2551/2551 2553/2553/2553
f 2553/2553/2553 2555/2555/2555 2557/2557/2557
f 2559/2559/2559 2535/2535/2535 2538/2538/2538
f 2538/2538/2538 2542/2542/2542 2546/2546/2546
f 2546/2546/2546 2549/2549/2549 2553/2553/2553
f 2557/2557/2557 2559/2559/2559 2538/2538/2538
f 2538/2538/2538 2546/2546/2546 2553/2553/2553
f 2553/2553/2553 2557/2557/2557 2538/2538/2538
f 2560/2560/2560 2561/2561/2561 2562/2562/2562
f 2560/2560/2560 2562/2562/2562 2563/2563/2563
f 2564/2564/2564 2565/2565/2565 2566/2566/2566
f 2564/2564/2564 2566/2566/2566 2567/2567/2567
f 2568/2568/2568 2569/2569/2569 2570/2570/2570
f 2571/2571/2571 2572/2572/2572 2573/2573/2573
f 2573/2573/2573 2568/2568/2568 2570/2570/2570
f 2570/2570/2570 2571/2571/2571 2573/2573/2573
f 2584/2584/2584 2585/2585/2585 2574/2574/2574
f 2574/2574/2574 2575/2575/2575 2576/2576/2576
f 2576/2576/2576 2577/2577/2577 2578/2578/2578
f 2578/2578/2578 2579/2579/2579 2580/2580/2580
f 2580/2580/2580 2581/2581/2581 2582/2582/2582
f 2582/2582/2582 2583/2583/2583 2584/2584/2584
f 2584/2584/2584 2574/2574/2574 2576/2576/2576
f 2576/2576/2576 2578/2578/2578 2580/2580/2580
f 2580/2580/2580 2582/2582/2582 2584/2584/2584
f 2584/2584/2584 2576/2576/2576 2580/2580/2580
f 2586/2586/2586 2587/2587/2587 2588/2588/2588
f 2586/2586/2586 2588/2588/2588 2589/2589/2589
f 2594/2594/2594 2595/2595/2595 2590/2590/2590
f 2590/2590/2590 2591/2591/2591 2592/2592/2592
f 2593/2593/2593 2594/2594/2594 2590/2590/2590
f 2590/2590/2590 2592/2592/2592 2593/2593/2593
f 2596/2596/2596 2597/2597/2597 2598/2598/2598
f 2599/2599/2599 2600/2600/2600 2601/2601/2601
f 2609/2609/2609 2602/2602/2602 2603/2603/2603
f 2603/2603/2603 2604/2604/2604 2605/2605/2605
f 2605/2605/2605 2606/2606/2606 2607/2607/2607
f 2609/2609/2609 2603/2603/2603 2605/2605/2605
f 2605/2605/2605 2607/2607/2607 2608/2608/2608
f 2608/2608/2608 2609/2609/2609 2605/2605/2605
f 2614/2614/2614 2615/2615/2615 2610/2610/2610
f 2610/2610/2610 2611/2611/2611 2612/2612/2612
f 2612/2612/2612 2613/2613/2613 2614/2614/2614
f 2614/2614/2614 2610/2610/2610 2612/2612/2612
f 2616/2616/2616 2617/2617/2617 2618/2618/2618
f 2616/2616/2616 2618/2618/2618 2619/2619/2619
f 2623/2623/2623 2624/2624/2624 2620/2620/2620
f 2620/2620/2620 2621/2621/2621 2622/2622/2622
f 2622/2622/2622 2623/2623/2623 2620/2620/2620
f 2625/2625/2625 2626/2626/2626 2627/2627/2627
f 2625/2625/2625 2627/2627/2627 2628/2628/2628
f 2629/2629/2629 2630/2630/2630 2631/2631/2631
f 2629/2629/2629 2631/2631/2631 2632/2632/2632
f 2636/2636/2636 2637/2637/2637 2633/2633/2633
f 2633/2633/2633 2634/2634/2634 2635/2635/2635
f 2635/2635/2635 2636/2636/2636 2633/2633/2633
f 2643/2643/2643 2638/2638/2638 2639/2639/2639
f 2639/2639/2639 2640/2640/2640 2641/2641/2641
f 2641/2641/2641 2642/2642/2642 2643/2643/2643
f 2643/2643/2643 2639/2639/2639 2641/2641/2641
f 2648/2648/2648 2649/2649/2649 2644/2644/2644
f 2644/2644/2644 2645/2645/2645 2646/2646/2646
f 2646/2646/2646 2647/2647/2647 2648/2648/2648
f 2648/2648/2648 2644/2644/2644 2646/2646/2646
f 2650/2650/2650 2651/2651/2651 2652/2652/2652
f 2653/2653/2653 2654/2654/2654 2655/2655/2655
f 2656/2656/2656 2657/2657/2657 2658/2658/2658
f 2656/2656/2656 2658/2658/2658 2659/2659/2659
f 2663/2663/2663 2664/2664/2664 2660/2660/2660
f 2660/2660/2660 2661/2661/2661 2662/2662/2662
f 2662/2662/2662 2663/2663/2663 2660/2660/2660
f 2668/2668/2668 2669/2669/2669 2665/2665/2665
f 2665/2665/2665 2666/2666/2666 2667/2667/2667
f 2667/2667/2667 2668/2668/2668 2665/2665/2665
f 2670/2670/2670 2671/2671/2671 2672/2672/2672
f 2672/2672/2672 2673/2673/2673 2674/2674/2674
f 2674/2674/2674 2675/2675/2675 2676/2676/2676
f 2676/2676/2676 2677/2677/2677 2678/2678/2678
f 2678/2678/2678 2679/2679/2679 2680/2680/2680
f 2680/2680/2680 2681/2681/2681 2682/2682/2682
f 2672/2672/2672 2674/2674/2674 2676/2676/2676
f 2680/2680/2680 2682/2682/2682 2683/2683/2683
f 2670/2670/2670 2672/2672/2672 2676/2676/2676
f 2680/2680/2680 2683/2683/2683 2670/2670/2670
f 2670/2670/2670 2676/2676/2676 2678/2678/2678
f 2678/2678/2678 2680/2680/2680 2670/2670/2670
f 2684/2684/2684 2685/2685/2685 2686/2686/2686
f 2684/2684/2684 2686/2686/2686 2687/2687/2687
f 2691/2691/2691 2692/2692/2692 2688/2688/2688
f 2688/2688/2688 2689/2689/2689 2690/2690/2690
f 2690/2690/2690 2691/2691/2691 2688/2688/2688
f 2693/2693/2693 2694/2694/2694 2695/2695/2695
f 2693/2693/2693 2695/2695/2695 2696/2696/2696
f 2714/2714/2714 2715/2715/2715 2697/2697/2697
f 2698/2698/2698 2699/2699/2699 2700/2700/2700
f 2701/2701/2701 2702/2702/2702 2703/2703/2703
f 2703/2703/2703 2704/2704/2704 2705/2705/2705
f 2705/2705/2705 2706/2706/2706 2707/2707/2707
f 2707/2707/2707 2708/2708/2708 2709/2709/2709
f 2709/2709/2709 2710/2710/2710 2711/2711/2711
f 2712/2712/2712 2713/2713/2713 2714/2714/2714
f 2698/2698/2698 2700/2700/2700 2701/2701/2701
f 2707/2707/2707 2709/2709/2709 2711/2711/2711
f 2712/2712/2712 2714/2714/2714 2697/2697/2697
f 2697/2697/2697 2698/2698/2698 2701/2701/2701
f 2707/2707/2707 2711/2711/2711 2712/2712/2712
f 2697/2697/2697 2701/2701/2701 2703/2703/2703
f 2707/2707/2707 2712/2712/2712 2697/2697/2697
f 2697/2697/2697 2703/2703/2703 2705/2705/2705
f 2705/2705/2705 2707/2707/2707 2697/2697/2697
f 2720/2720/2720 2716/2716/2716 2717/2717/2717
f 2717/2717/2717 2718/2718/2718 2719/2719/2719
f 2719/2719/2719 2720/2720/2720 2717/2717/2717
f 2721/2721/2721 2722/2722/2722 2723/2723/2723
f 2721/2721/2721 2723/2723/2723 2724/2724/2724
f 2737/2737/2737 2738/2738/2738 2725/2725/2725
f 2725/2725/2725 2726/2726/2726 2727/2727/2727
f 2728/2728/2728 2729/2729/2729 2730/2730/2730
f 2730/2730/2730 2731/2731/2731 2732/2732/2732
f 2732/2732/2732 2733/2733/2733 2734/2734/2734
f 2734/2734/2734 2735/2735/2735 2736/2736/2736
f 2736/2736/2736 2737/2737/2737 2725/2725/2725
f 2725/2725/2725 2727/2727/2727 2728/2728/2728
f 2728/2728/2728 2730/2730/2730 2732/2732/2732
f 2734/2734/2734 2736/2736/2736 2725/2725/2725
f 2725/2725/2725 2728/2728/2728 2732/2732/2732
f 2732/2732/2732 2734/2734/2734 2725/2725/2725
f 2739/2739/2739 2740/2740/2740 2741/2741/2741
f 2739/2739/2739 2741/2741/2741 2742/2742/2742
f 2743/2743/2743 2744/2744/2744 2745/2745/2745
f 2746/2746/2746 2747/2747/2747 2748/2748/2748
f 2761/2761/2761 2762/2762/2762 2749/2749/2749
f 2749/2749/2749 2750/2750/2750 2751/2751/2751
f 2751/2751/2751 2752/2752/2752 2753/2753/2753
f 2754/2754/2754 2755/2755/2755 2756/2756/2756
f 2756/2756/2756 2757/2757/2757 2758/2758/2758
f 2758/2758/2758 2759/2759/2759 2760/2760/2760
f 2749/2749/2749 2751/2751/2751 2753/2753/2753
f 2753/2753/2753 2754/2754/2754 2756/2756/2756
f 2756/2756/2756 2758/2758/2758 2760/2760/2760
f 2761/2761/2761 2749/2749/2749 2753/2753/2753
f 2753/2753/2753 2756/2756/2756 2760/2760/2760
f 2760/2760/2760 2761/2761/2761 2753/2753/2753
f 2763/2763/2763 2764/2764/2764 2765/2765/2765
f 2763/2763/2763 2765/2765/2765 2766/2766/2766
f 2767/2767/2767 2768/2768/2768 2769/2769/2769
f 2767/2767/2767 2769/2769/2769 2770/2770/2770
f 2777/2777/2777 2778/2778/2778 2771/2771/2771
f 2773/2773/2773 2774/2774/2774 2775/2775/2775
f 2776/2776/2776 2777/2777/2777 2771/2771/2771
f 2772/2772/2772 2773/2773/2773 2775/2775/2775
f 2776/2776/2776 2771/2771/2771 2772/2772/2772
f 2772/2772/2772 2775/2775/2775 2776/2776/2776
f 2783/2783/2783 2784/2784/2784 2779/2779/2779
f 2779/2779/2779 2780/2780/2780 2781/2781/2781
f 2782/2782/2782 2783/2783/2783 2779/2779/2779
f 2779/2779/2779 2781/2781/2781 2782/2782/2782
f 2791/2791/2791 2785/2785/2785 2786/2786/2786
f 2786/2786/2786 2787/2787/2787 2788/2788/2788
f 2788/2788/2788 2789/2789/2789 2790/2790/2790
f 2791/2791/2791 2786/2786/2786 2788/2788/2788
f 2788/2788/2788 2790/2790/2790 2791/2791/2791
f 2795/2795/2795 2796/2796/2796 2792/2792/2792
f 2793/2793/2793 2794/2794/2794 2795/2795/2795
f 2797/2797/2797 2798/2798/2798 2799/2799/2799
f 2797/2797/2797 2799/2799/2799 2800/2800/2800
f 2805/2805/2805 2806/2806/2806 2801/2801/2801
f 2801/2801/2801 2802/2802/2802 2803/2803/2803
f 2803/2803/2803 2804/2804/2804 2805/2805/2805
f 2805/2805/2805 2801/2801/2801 2803/2803/2803
f 2807/2807/2807 2808/2808/2808 2809/2809/2809
f 2807/2807/2807 2809/2809/2809 2810/2810/2810
f 2816/2816/2816 2817/2817/2817 2811/2811/2811
f 2811/2811/2811 2812/2812/2812 2813/2813/2813
f 2814/2814/2814 2815/2815/2815 2816/2816/2816
f 2811/2811/2811 2813/2813/2813 2814/2814/2814
f 2814/2814/2814 2816/2816/2816 2811/2811/2811
f 2821/2821/2821 2822/2822/2822 2818/2818/2818
f 2818/2818/2818 2819/2819/2819 2820/2820/2820
f 2820/2820/2820 2821/2821/2821 2818/2818/2818
f 2826/2826/2826 2827/2827/2827 2823/2823/2823
f 2823/2823/2823 2824/2824/2824 2825/2825/2825
f 2825/2825/2825 2826/2826/2826 2823/2823/2823
f 2834/2834/2834 2835/2835/2835 2828/2828/2828
f 2828/2828/2828 2829/2829/2829 2830/2830/2830
f 2830/2830/2830 2831/2831/2831 2832/2832/2832
f 2832/2832/2832 2833/2833/2833 2834/2834/2834
f 2834/2834/2834 2828/2828/2828 2830/2830/2830
f 2830/2830/2830 2832/2832/2832 2834/2834/2834
f 2836/2836/2836 2837/2837/2837 2838/2838/2838
f 2838/2838/2838 2839/2839/2839 2840/2840/2840
f 2840/2840/2840 2841/2841/2841 2842/2842/2842
f 2842/2842/2842 2843/2843/2843 2844/2844/2844
f 2844/2844/2844 2845/2845/2845 2846/2846/2846
f 2846/2846/2846 2847/2847/2847 2848/2848/2848
f 2849/2849/2849 2850/2850/2850 2851/2851/2851
f 2851/2851/2851 2852/2852/2852 2853/2853/2853
f 2855/2855/2855 2856/2856/2856 2857/2857/2857
f 2858/2858/2858 2859/2859/2859 2860/2860/2860
f 2860/2860/2860 2861/2861/2861 2862/2862/2862
f 2862/2862/2862 2863/2863/2863 2864/2864/2864
f 2864/2864/2864 2865/2865/2865 2866/2866/2866
f 2866/2866/2866 2867/2867/2867 2868/2868/2868
f 2868/2868/2868 2869/2869/2869 2870/2870/2870
f 2870/2870/2870 2871/2871/2871 2872/2872/2872
f 2873/2873/2873 2874/2874/2874 2875/2875/2875
f 2875/2875/2875 2876/2876/2876 2877/2877/2877
f 2877/2877/2877 2878/2878/2878 2879/2879/2879
f 2879/2879/2879 2880/2880/2880 2881/2881/2881
f 2882/2882/2882 2883/2883/2883 2884/2884/2884
f 2885/2885/2885 2886/2886/2886 2887/2887/2887
f 2836/2836/2836 2838/2838/2838 2840/2840/2840
f 2842/2842/2842 2844/2844/2844 2846/2846/2846
f 2846/2846/2846 2848/2848/2848 2849/2849/2849
f 2849/2849/2849 2851/2851/2851 2853/2853/2853
f 2855/2855/2855 2857/2857/2857 2858/2858/2858
f 2870/2870/2870 2872/2872/2872 2873/2873/2873
f 2873/2873/2873 2875/2875/2875 2877/2877/2877
f 2877/2877/2877 2879/2879/2879 2881/2881/2881
f 2882/2882/2882 2884/2884/2884 2885/2885/2885
f 2885/2885/2885 2887/2887/2887 2888/2888/2888
f 2836/2836/2836 2840/2840/2840 2842/2842/2842
f 2842/2842/2842 2846/2846/2846 2849/2849/2849
f 2849/2849/2849 2853/2853/2853 2854/2854/2854
f 2854/2854/2854 2855/2855/2855 2858/2858/2858
f 2870/2870/2870 2873/2873/2873 2877/2877/2877
f 2881/2881/2881 2882/2882/2882 2885/2885/2885
f 2836/2836/2836 2842/2842/2842 2849/2849/2849
f 2849/2849/2849 2854/2854/2854 2858/2858/2858
f 2868/2868/2868 2870/2870/2870 2877/2877/2877
f 2881/2881/2881 2885/2885/2885 2888/2888/2888
f 2849/2849/2849 2858/2858/2858 2860/2860/2860
f 2866/2866/2866 2868/2868/2868 2877/2877/2877
f 2881/2881/2881 2888/2888/2888 2836/2836/2836
f 2849/2849/2849 2860/2860/2860 2862/2862/2862
f 2877/2877/2877 2881/2881/2881 2836/2836/2836
f 2849/2849/2849 2862/2862/2862 2864/2864/2864
f 2877/2877/2877 2836/2836/2836 2849/2849/2849
f 2849/2849/2849 2864/2864/2864 2866/2866/2866
f 2866/2866/2866 2877/2877/2877 2849/2849/2849
f 2893/2893/2893 2894/2894/2894 2889/2889/2889
f 2889/2889/2889 2890/2890/2890 2891/2891/2891
f 2892/2892/2892 2893/2893/2893 2889/2889/2889
f 2889/2889/2889 2891/2891/2891 2892/2892/2892
f 2898/2898/2898 2899/2899/2899 2895/2895/2895
f 2895/2895/2895 2896/2896/2896 2897/2897/2897
f 2897/2897/2897 2898/2898/2898 2895/2895/2895
f 2903/2903/2903 2904/2904/2904 2900/2900/2900
f 2900/2900/2900 2901/2901/2901 2902/2902/2902
f 2902/2902/2902 2903/2903/2903 2900/2900/2900
f 2910/2910/2910 2911/2911/2911 2905/2905/2905
f 2905/2905/2905 2906/2906/2906 2907/2907/2907
f 2907/2907/2907 2908/2908/2908 2909/2909/2909
f 2909/2909/2909 2910/2910/2910 2905/2905/2905
f 2905/2905/2905 2907/2907/2907 2909/2909/2909
f 2944/2944/2944 2945/2945/2945 2912/2912/2912
f 2912/2912/2912 2913/2913/2913 2914/2914/2914
f 2914/2914/2914 2915/2915/2915 2916/2916/2916
f 2916/2916/2916 2917/2917/2917 2918/2918/2918
f 2918/2918/2918 2919/2919/2919 2920/2920/2920
f 2920/2920/2920 2921/2921/2921 2922/2922/2922
f 2922/2922/2922 2923/2923/2923 2924/2924/2924
f 2924/2924/2924 2925/2925/2925 2926/2926/2926
f 2926/2926/2926 2927/2927/2927 2928/2928/2928
f 2928/2928/2928 2929/2929/2929 2930/2930/2930
f 2930/2930/2930 2931/2931/2931 2932/2932/2932
f 2932/2932/2932 2933/2933/2933 2934/2934/2934
f 2934/2934/2934 2935/2935/2935 2936/2936/2936
f 2936/2936/2936 2937/2937/2937 2938/2938/2938
f 2938/2938/2938 2939/2939/2939 2940/2940/2940
f 2940/2940/2940 2941/2941/2941 2942/2942/2942
f 2943/2943/2943 2944/2944/2944 2912/2912/2912
f 2912/2912/2912 2914/2914/2914 2916/2916/2916
f 2916/2916/2916 2918/2918/2918 2920/2920/2920
f 2920/2920/2920 2922/2922/2922 2924/2924/2924
f 2924/2924/2924 2926/2926/2926 2928/2928/2928
f 2930/2930/2930 2932/2932/2932 2934/2934/2934
f 2936/2936/2936 2938/2938/2938 2940/2940/2940
f 2940/2940/2940 2942/2942/2942 2943/2943/2943
f 2943/2943/2943 2912/2912/2912 2916/2916/2916
f 2916/2916/2916 2920/2920/2920 2924/2924/2924
f 2924/2924/2924 2928/2928/2928 2930/2930/2930
f 2930/2930/2930 2934/2934/2934 2936/2936/2936
f 2936/2936/2936 2940/2940/2940 2943/2943/2943
f 2943/2943/2943 2916/2916/2916 2924/2924/2924
f 2924/2924/2924 2930/2930/2930 2936/2936/2936
f 2936/2936/2936 2943/2943/2943 2924/2924/2924
f 2950/2950/2950 2946/2946/2946 2947/2947/2947
f 2947/2947/2947 2948/2948/2948 2949/2949/2949
f 2951/2951/2951 2952/2952/2952 2953/2953/2953
f 2951/2951/2951 2953/2953/2953 2954/2954/2954
f 2955/2955/2955 2956/2956/2956 2957/2957/2957
f 2955/2955/2955 2957/2957/2957 2958/2958/2958
f 2982/2982/2982 2983/2983/2983 2959/2959/2959
f 2960/2960/2960 2961/2961/2961 2962/2962/2962
f 2963/2963/2963 2964/2964/2964 2965/2965/2965
f 2965/2965/2965 2966/2966/2966 2967/2967/2967
f 2967/2967/2967 2968/2968/2968 2969/2969/2969
f 2969/2969/2969 2970/2970/2970 2971/2971/2971
f 2971/2971/2971 2972/2972/2972 2973/2973/2973
f 2973/2973/2973 2974/2974/2974 2975/2975/2975
f 2975/2975/2975 2976/2976/2976 2977/2977/2977
f 2977/2977/2977 2978/2978/2978 2979/2979/2979
f 2979/2979/2979 2980/2980/2980 2981/2981/2981
f 2981/2981/2981 2982/2982/2982 2959/2959/2959
f 2959/2959/2959 2960/2960/2960 2962/2962/2962
f 2963/2963/2963 2965/2965/2965 2967/2967/2967
f 2967/2967/2967 2969/2969/2969 2971/2971/2971
f 2971/2971/2971 2973/2973/2973 2975/2975/2975
f 2979/2979/2979 2981/2981/2981 2959/2959/2959
f 2959/2959/2959 2962/2962/2962 2963/2963/2963
f 2963/2963/2963 2967/2967/2967 2971/2971/2971
f 2971/2971/2971 2975/2975/2975 2977/2977/2977
f 2977/2977/2977 2979/2979/2979 2959/2959/2959
f 2959/2959/2959 2963/2963/2963 2971/2971/2971
f 2971/2971/2971 2977/2977/2977 2959/2959/2959
f 2984/2984/2984 2985/2985/2985 2986/2986/2986
f 2984/2984/2984 2986/2986/2986 2987/2987/2987
f 2991/2991/2991 2992/2992/2992 2988/2988/2988
f 2988/2988/2988 2989/2989/2989 2990/2990/2990
f 2990/2990/2990 2991/2991/2991 2988/2988/2988
f 2993/2993/2993 2994/2994/2994 2995/2995/2995
f 2996/2996/2996 2997/2997/2997 2998/2998/2998
f 3003/3003/3003 3004/3004/3004 2999/2999/2999
f 3000/3000/3000 3001/3001/3001 3002/3002/3002
f 3002/3002/3002 3003/3003/3003 2999/2999/2999
f 2999/2999/2999 3000/3000/3000 3002/3002/3002
f 3005/3005/3005 3006/3006/3006 3007/3007/3007
f 3005/3005/3005 3007/3007/3007 3008/3008/3008
f 3009/3009/3009 3010/3010/3010 3011/3011/3011
f 3009/3009/3009 3011/3011/3011 3012/3012/3012
f 3013/3013/3013 3014/3014/3014 3015/3015/3015
f 3013/3013/3013 3015/3015/3015 3016/3016/3016
f 3017/3017/3017 3018/3018/3018 3019/3019/3019
f 3020/3020/3020 3021/3021/3021 3022/3022/3022
f 3023/3023/3023 3024/3024/3024 3025/3025/3025
f 3023/3023/3023 3025/3025/3025 3026/3026/3026
f 3027/3027/3027 3028/3028/3028 3029/3029/3029
f 3027/3027/3027 3029/3029/3029 3030/3030/3030
f 3049/3049/3049 3050/3050/3050 3031/3031/3031
f 3033/3033/3033 3034/3034/3034 3035/3035/3035
f 3035/3035/3035 3036/3036/3036 3037/3037/3037
f 3037/3037/3037 3038/3038/3038 3039/3039/3039
f 3039/3039/3039 3040/3040/3040 3041/3041/3041
f 3041/3041/3041 3042/3042/3042 3043/3043/3043
f 3043/3043/3043 3044/3044/3044 3045/3045/3045
f 3045/3045/3045 3046/3046/3046 3047/3047/3047
f 3047/3047/3047 3048/3048/3048 3049/3049/3049
f 3049/3049/3049 3031/3031/3031 3032/3032/3032
f 3035/3035/3035 3037/3037/3037 3039/3039/3039
f 3047/3047/3047 3049/3049/3049 3032/3032/3032
f 3033/3033/3033 3035/3035/3035 3039/3039/3039
f 3045/3045/3045 3047/3047/3047 3032/3032/3032
f 3033/3033/3033 3039/3039/3039 3041/3041/3041
f 3043/3043/3043 3045/3045/3045 3032/3032/3032
f 3033/3033/3033 3041/3041/3041 3043/3043/3043
f 3043/3043/3043 3032/3032/3032 3033/3033/3033
f 3051/3051/3051 3052/3052/3052 3053/3053/3053
f 3051/3051/3051 3053/3053/3053 3054/3054/3054
f 3055/3055/3055 3056/3056/3056 3057/3057/3057
f 3055/3055/3055 3057/3057/3057 3058/3058/3058
f 3059/3059/3059 3060/3060/3060 3061/3061/3061
f 3059/3059/3059 3061/3061/3061 3062/3062/3062
f 3066/3066/3066 3067/3067/3067 3063/3063/3063
f 3063/3063/3063 3064/3064/3064 3065/3065/3065
f 3065/3065/3065 3066/3066/3066 3063/3063/3063
f 3068/3068/3068 3069/3069/3069 3070/3070/3070
f 3068/3068/3068 3070/3070/3070 3071/3071/3071
f 3077/3077/3077 3078/3078/3078 3072/3072/3072
f 3072/3072/3072 3073/3073/3073 3074/3074/3074
f 3074/3074/3074 3075/3075/3075 3076/3076/3076
f 3076/3076/3076 3077/3077/3077 3072/3072/3072
f 3072/3072/3072 3074/3074/3074 3076/3076/3076
f 3079/3079/3079 3080/3080/3080 3081/3081/3081
f 3079/3079/3079 3081/3081/3081 3082/3082/3082
f 3083/3083/3083 3084/3084/3084 3085/3085/3085
f 3083/3083/3083 3085/3085/3085 3086/3086/3086
f 3091/3091/3091 3092/3092/3092 3087/3087/3087
f 3087/3087/3087 3088/3088/3088 3089/3089/3089
f 3089/3089/3089 3090/3090/3090 3091/3091/3091
f 3091/3091/3091 3087/3087/3087 3089/3089/3089
f 3096/3096/3096 3097/3097/3097 3093/3093/3093
f 3093/3093/3093 3094/3094/3094 3095/3095/3095
f 3095/3095/3095 3096/3096/3096 3093/3093/3093
f 3101/3101/3101 3102/3102/3102 3098/3098/3098
f 3098/3098/3098 3099/3099/3099 3100/3100/3100
f 3100/3100/3100 3101/3101/3101 3098/3098/3098
f 3106/3106/3106 3107/3107/3107 3103/3103/3103
f 3103/3103/3103 3104/3104/3104 3105/3105/3105
f 3105/3105/3105 3106/3106/3106 3103/3103/3103
f 3108/3108/3108 3109/3109/3109 3110/3110/3110
f 3108/3108/3108 3110/3110/3110 3111/3111/3111
f 3112/3112/3112 3113/3113/3113 3114/3114/3114
f 3112/3112/3112 3114/3114/3114 3115/3115/3115
f 3116/3116/3116 3117/3117/3117 3118/3118/3118
f 3116/3116/3116 3118/3118/3118 3119/3119/3119
f 3120/3120/3120 3121/3121/3121 3122/3122/3122
f 3120/3120/3120 3122/3122/3122 3123/3123/3123
f 3124/3124/3124 3125/3125/3125 3126/3126/3126
f 3124/3124/3124 3126/3126/3126 3127/3127/3127
f 3128/3128/3128 3129/3129/3129 3130/3130/3130
f 3128/3128/3128 3130/3130/3130 3131/3131/3131
f 3132/3132/3132 3133/3133/3133 3134/3134/3134
f 3132/3132/3132 3134/3134/3134 3135/3135/3135
f 3136/3136/3136 3137/3137/3137 3138/3138/3138
f 3136/3136/3136 3138/3138/3138 3139/3139/3139
f 3144/3144/3144 3145/3145/3145 3140/3140/3140
f 3140/3140/3140 3141/3141/3141 3142/3142/3142
f 3143/3143/3143 3144/3144/3144 3140/3140/3140
f 3140/3140/3140 3142/3142/3142 3143/3143/3143
f 3146/3146/3146 3147/3147/3147 3148/3148/3148
f 3146/3146/3146 3148/3148/3148 3149/3149/3149
f 3151/3151/3151 3152/3152/3152 3153/3153/3153
f 3153/3153/3153 3154/3154/3154 3155/3155/3155
f 3150/3150/3150 3151/3151/3151 3153/3153/3153
f 3153/3153/3153 3155/3155/3155 3150/3150/3150
f 3156/3156/3156 3157/3157/3157 3158/3158/3158
f 3156/3156/3156 3158/3158/3158 3159/3159/3159
f 3165/3165/3165 3160/3160/3160 3161/3161/3161
f 3162/3162/3162 3163/3163/3163 3164/3164/3164
f 3164/3164/3164 3165/3165/3165 3161/3161/3161
f 3161/3161/3161 3162/3162/3162 3164/3164/3164
f 3172/3172/3172 3173/3173/3173 3166/3166/3166
f 3167/3167/3167 3168/3168/3168 3169/3169/3169
f 3170/3170/3170 3171/3171/3171 3172/3172/3172
f 3172/3172/3172 3166/3166/3166 3167/3167/3167
f 3167/3167/3167 3169/3169/3169 3170/3170/3170
f 3170/3170/3170 3172/3172/3172 3167/3167/3167
f 3174/3174/3174 3175/3175/3175 3176/3176/3176
f 3174/3174/3174 3176/3176/3176 3177/3177/3177
f 3178/3178/3178 3179/3179/3179 3180/3180/3180
f 3181/3181/3181 3182/3182/3182 3183/3183/3183
f 3183/3183/3183 3184/3184/3184 3185/3185/3185
f 3178/3178/3178 3180/3180/3180 3181/3181/3181
f 3181/3181/3181 3183/3183/3183 3185/3185/3185
f 3185/3185/3185 3178/3178/3178 3181/3181/3181
f 3186/3186/3186 3187/3187/3187 3188/3188/3188
f 3186/3186/3186 3188/3188/3188 3189/3189/3189
f 3193/3193/3193 3194/3194/3194 3190/3190/3190
f 3190/3190/3190 3191/3191/3191 3192/3192/3192
f 3192/3192/3192 3193/3193/3193 3190/3190/3190
f 3195/3195/3195 3196/3196/3196 3197/3197/3197
f 3195/3195/3195 3197/3197/3197 3198/3198/3198
f 3199/3199/3199 3200/3200/3200 3201/3201/3201
f 3199/3199/3199 3201/3201/3201 3202/3202/3202
f 3203/3203/3203 3204/3204/3204 3205/3205/3205
f 3203/3203/3203 3205/3205/3205 3206/3206/3206
f 3207/3207/3207 3208/3208/3208 3209/3209/3209
f 3210/3210/3210 3211/3211/3211 3212/3212/3212
f 3207/3207/3207 3209/3209/3209 3210/3210/3210
f 3210/3210/3210 3212/3212/3212 3207/3207/3207
f 3213/3213/3213 3214/3214/3214 3215/3215/3215
f 3213/3213/3213 3215/3215/3215 3216/3216/3216
f 3234/3234/3234 3235/3235/3235 3217/3217/3217
f 3217/3217/3217 3218/3218/3218 3219/3219/3219
f 3220/3220/3220 3221/3221/3221 3222/3222/3222
f 3222/3222/3222 3223/3223/3223 3224/3224/3224
f 3225/3225/3225 3226/3226/3226 3227/3227/3227
f 3227/3227/3227 3228/3228/3228 3229/3229/3229
f 3229/3229/3229 3230/3230/3230 3231/3231/3231
f 3232/3232/3232 3233/3233/3233 3234/3234/3234
f 3234/3234/3234 3217/3217/3217 3219/3219/3219
f 3219/3219/3219 3220/3220/3220 3222/3222/3222
f 3222/3222/3222 3224/3224/3224 3225/3225/3225
f 3225/3225/3225 3227/3227/3227 3229/3229/3229
f 3232/3232/3232 3234/3234/3234 3219/3219/3219
f 3225/3225/3225 3229/3229/3229 3231/3231/3231
f 3232/3232/3232 3219/3219/3219 3222/3222/3222
f 3222/3222/3222 3225/3225/3225 3231/3231/3231
f 3231/3231/3231 3232/3232/3232 3222/3222/3222
f 3236/3236/3236 3237/3237/3237 3238/3238/3238
f 3236/3236/3236 3238/3238/3238 3239/3239/3239
f 3240/3240/3240 3241/3241/3241 3242/3242/3242
f 3240/3240/3240 3242/3242/3242 3243/3243/3243
f 3247/3247/3247 3248/3248/3248 3244/3244/3244
f 3244/3244/3244 3245/3245/3245 3246/3246/3246
f 3246/3246/3246 3247/3247/3247 3244/3244/3244
f 3249/3249/3249 3250/3250/3250 3251/3251/3251
f 3249/3249/3249 3251/3251/3251 3252/3252/3252
f 3253/3253/3253 3254/3254/3254 3255/3255/3255
f 3253/3253/3253 3255/3255/3255 3256/3256/3256
f 3275/3275/3275 3276/3276/3276 3257/3257/3257
f 3257/3257/3257 3258/3258/3258 3259/3259/3259
f 3259/3259/3259 3260/3260/3260 3261/3261/3261
f 3261/3261/3261 3262/3262/3262 3263/3263/3263
f 3263/3263/3263 3264/3264/3264 3265/3265/3265
f 3265/3265/3265 3266/3266/3266 3267/3267/3267
f 3267/3267/3267 3268/3268/3268 3269/3269/3269
f 3269/3269/3269 3270/3270/3270 3271/3271/3271
f 3271/3271/3271 3272/3272/3272 3273/3273/3273
f 3273/3273/3273 3274/3274/3274 3275/3275/3275
f 3275/3275/3275 3257/3257/3257 3259/3259/3259
f 3259/3259/3259 3261/3261/3261 3263/3263/3263
f 3267/3267/3267 3269/3269/3269 3271/3271/3271
f 3271/3271/3271 3273/3273/3273 3275/3275/3275
f 3259/3259/3259 3263/3263/3263 3265/3265/3265
f 3267/3267/3267 3271/3271/3271 3275/3275/3275
f 3259/3259/3259 3265/3265/3265 3267/3267/3267
f 3267/3267/3267 3275/3275/3275 3259/3259/3259
f 3281/3281/3281 3282/3282/3282 3277/3277/3277
f 3277/3277/3277 3278/3278/3278 3279/3279/3279
f 3279/3279/3279 3280/3280/3280 3281/3281/3281
f 3281/3281/3281 3277/3277/3277 3279/3279/3279
f 3306/3306/3306 3307/3307/3307 3283/3283/3283
f 3283/3283/3283 3284/3284/3284 3285/3285/3285
f 3285/3285/3285 3286/3286/3286 3287/3287/3287
f 3287/3287/3287 3288/3288/3288 3289/3289/3289
f 3289/3289/3289 3290/3290/3290 3291/3291/3291
f 3291/3291/3291 3292/3292/3292 3293/3293/3293
f 3294/3294/3294 3295/3295/3295 3296/3296/3296
f 3296/3296/3296 3297/3297/3297 3298/3298/3298
f 3298/3298/3298 3299/3299/3299 3300/3300/3300
f 3300/3300/3300 3301/3301/3301 3302/3302/3302
f 3302/3302/3302 3303/3303/3303 3304/3304/3304
f 3304/3304/3304 3305/3305/3305 3306/3306/3306
f 3306/3306/3306 3283/3283/3283 3285/3285/3285
f 3287/3287/3287 3289/3289/3289 3291/3291/3291
f 3291/3291/3291 3293/3293/3293 3294/3294/3294
f 3296/3296/3296 3298/3298/3298 3300/3300/3300
f 3300/3300/3300 3302/3302/3302 3304/3304/3304
f 3304/3304/3304 3306/3306/3306 3285/3285/3285
f 3287/3287/3287 3291/3291/3291 3294/3294/3294
f 3294/3294/3294 3296/3296/3296 3300/3300/3300
f 3300/3300/3300 3304/3304/3304 3285/3285/3285
f 3287/3287/3287 3294/3294/3294 3300/3300/3300
f 3300/3300/3300 3285/3285/3285 3287/3287/3287
f 3320/3320/3320 3321/3321/3321 3308/3308/3308
f 3309/3309/3309 3310/3310/3310 3311/3311/3311
f 3312/3312/3312 3313/3313/3313 3314/3314/3314
f 3314/3314/3314 3315/3315/3315 3316/3316/3316
f 3316/3316/3316 3317/3317/3317 3318/3318/3318
f 3318/3318/3318 3319/3319/3319 3320/3320/3320
f 3320/3320/3320 3308/3308/3308 3309/3309/3309
f 3309/3309/3309 3311/3311/3311 3312/3312/3312
f 3318/3318/3318 3320/3320/3320 3309/3309/3309
f 3309/3309/3309 3312/3312/3312 3314/3314/3314
f 3316/3316/3316 3318/3318/3318 3309/3309/3309
f 3309/3309/3309 3314/3314/3314 3316/3316/3316
f 3326/3326/3326 3327/3327/3327 3322/3322/3322
f 3322/3322/3322 3323/3323/3323 3324/3324/3324
f 3324/3324/3324 3325/3325/3325 3326/3326/3326
f 3326/3326/3326 3322/3322/3322 3324/3324/3324
f 3328/3328/3328 3329/3329/3329 3330/3330/3330
f 3328/3328/3328 3330/3330/3330 3331/3331/3331
f 3332/3332/3332 3333/3333/3333 3334/3334/3334
f 3332/3332/3332 3334/3334/3334 3335/3335/3335
f 3341/3341/3341 3336/3336/3336 3337/3337/3337
f 3337/3337/3337 3338/3338/3338 3339/3339/3339
f 3339/3339/3339 3340/3340/3340 3341/3341/3341
f 3341/3341/3341 3337/3337/3337 3339/3339/3339
f 3345/3345/3345 3346/3346/3346 3342/3342/3342
f 3342/3342/3342 3343/3343/3343 3344/3344/3344
f 3344/3344/3344 3345/3345/3345 3342/3342/3342
f 3351/3351/3351 3347/3347/3347 3348/3348/3348
f 3349/3349/3349 3350/3350/3350 3351/3351/3351
f 3351/3351/3351 3348/3348/3348 3349/3349/3349
f 3361/3361/3361 3362/3362/3362 3352/3352/3352
f 3352/3352/3352 3353/3353/3353 3354/3354/3354
f 3354/3354/3354 3355/3355/3355 3356/3356/3356
f 3356/3356/3356 3357/3357/3357 3358/3358/3358
f 3359/3359/3359 3360/3360/3360 3361/3361/3361
f 3361/3361/3361 3352/3352/3352 3354/3354/3354
f 3354/3354/3354 3356/3356/3356 3358/3358/3358
f 3358/3358/3358 3359/3359/3359 3361/3361/3361
f 3361/3361/3361 3354/3354/3354 3358/3358/3358
f 3363/3363/3363 3364/3364/3364 3365/3365/3365
f 3363/3363/3363 3365/3365/3365 3366/3366/3366
f 3371/3371/3371 3372/3372/3372 3367/3367/3367
f 3367/3367/3367 3368/3368/3368 3369/3369/3369
f 3369/3369/3369 3370/3370/3370 3371/3371/3371
f 3371/3371/3371 3367/3367/3367 3369/3369/3369
f 3379/3379/3379 3373/3373/3373 3374/3374/3374
f 3374/3374/3374 3375/3375/3375 3376/3376/3376
f 3376/3376/3376 3377/3377/3377 3378/3378/3378
f 3378/3378/3378 3379/3379/3379 3374/3374/3374
f 3374/3374/3374 3376/3376/3376 3378/3378/3378
f 3384/3384/3384 3385/3385/3385 3380/3380/3380
f 3380/3380/3380 3381/3381/3381 3382/3382/3382
f 3382/3382/3382 3383/3383/3383 3384/3384/3384
f 3384/3384/3384 3380/3380/3380 3382/3382/3382
f 3390/3390/3390 3391/3391/3391 3386/3386/3386
f 3386/3386/3386 3387/3387/3387 3388/3388/3388
f 3388/3388/3388 3389/3389/3389 3390/3390/3390
f 3390/3390/3390 3386/3386/3386 3388/3388/3388
f 3392/3392/3392 3393/3393/3393 3394/3394/3394
f 3392/3392/3392 3394/3394/3394 3395/3395/3395
f 3405/3405/3405 3406/3406/3406 3396/3396/3396
f 3396/3396/3396 3397/3397/3397 3398/3398/3398
f 3400/3400/3400 3401/3401/3401 3402/3402/3402
f 3403/3403/3403 3404/3404/3404 3405/3405/3405
f 3396/3396/3396 3398/3398/3398 3399/3399/3399
f 3399/3399/3399 3400/3400/3400 3402/3402/3402
f 3403/3403/3403 3405/3405/3405 3396/3396/3396
f 3396/3396/3396 3399/3399/3399 3402/3402/3402
f 3402/3402/3402 3403/3403/3403 3396/3396/3396
f 3407/3407/3407 3408/3408/3408 3409/3409/3409
f 3407/3407/3407 3409/3409/3409 3410/3410/3410
f 3415/3415/3415 3416/3416/3416 3411/3411/3411
f 3412/3412/3412 3413/3413/3413 3414/3414/3414
f 3414/3414/3414 3415/3415/3415 3411/3411/3411
f 3417/3417/3417 3418/3418/3418 3419/3419/3419
f 3417/3417/3417 3419/3419/3419 3420/3420/3420
f 3425/3425/3425 3421/3421/3421 3422/3422/3422
f 3422/3422/3422 3423/3423/3423 3424/3424/3424
f 3424/3424/3424 3425/3425/3425 3422/3422/3422
f 3426/3426/3426 3427/3427/3427 3428/3428/3428
f 3426/3426/3426 3428/3428/3428 3429/3429/3429
f 3435/3435/3435 3436/3436/3436 3430/3430/3430
f 3431/3431/3431 3432/3432/3432 3433/3433/3433
f 3433/3433/3433 3434/3434/3434 3435/3435/3435
f 3430/3430/3430 3431/3431/3431 3433/3433/3433
f 3441/3441/3441 3442/3442/3442 3437/3437/3437
f 3437/3437/3437 3438/3438/3438 3439/3439/3439
f 3440/3440/3440 3441/3441/3441 3437/3437/3437
f 3437/3437/3437 3439/3439/3439 3440/3440/3440
f 3446/3446/3446 3447/3447/3447 3443/3443/3443
f 3443/3443/3443 3444/3444/3444 3445/3445/3445
f 3445/3445/3445 3446/3446/3446 3443/3443/3443
f 3448/3448/3448 3449/3449/3449 3450/3450/3450
f 3448/3448/3448 3450/3450/3450 3451/3451/3451
f 3452/3452/3452 3453/3453/3453 3454/3454/3454
f 3452/3452/3452 3454/3454/3454 3455/3455/3455
f 3456/3456/3456 3457/3457/3457 3458/3458/3458
f 3456/3456/3456 3458/3458/3458 3459/3459/3459
f 3476/3476/3476 3477/3477/3477 3460/3460/3460
f 3460/3460/3460 3461/3461/3461 3462/3462/3462
f 3462/3462/3462 3463/3463/3463 3464/3464/3464
f 3464/3464/3464 3465/3465/3465 3466/3466/3466
f 3466/3466/3466 3467/3467/3467 3468/3468/3468
f 3469/3469/3469 3470/3470/3470 3471/3471/3471
f 3472/3472/3472 3473/3473/3473 3474/3474/3474
f 3474/3474/3474 3475/3475/3475 3476/3476/3476
f 3476/3476/3476 3460/3460/3460 3462/3462/3462
f 3464/3464/3464 3466/3466/3466 3468/3468/3468
f 3468/3468/3468 3469/3469/3469 3471/3471/3471
f 3474/3474/3474 3476/3476/3476 3462/3462/3462
f 3464/3464/3464 3468/3468/3468 3471/3471/3471
f 3472/3472/3472 3474/3474/3474 3462/3462/3462
f 3464/3464/3464 3471/3471/3471 3472/3472/3472
f 3472/3472/3472 3462/3462/3462 3464/3464/3464
f 3478/3478/3478 3479/3479/3479 3480/3480/3480
f 3478/3478/3478 3480/3480/3480 3481/3481/3481
f 3482/3482/3482 3483/3483/3483 3484/3484/3484
f 3482/3482/3482 3484/3484/3484 3485/3485/3485
f 3491/3491/3491 3492/3492/3492 3486/3486/3486
f 3486/3486/3486 3487/3487/3487 3488/3488/3488
f 3489/3489/3489 3490/3490/3490 3491/3491/3491
f 3491/3491/3491 3486/3486/3486 3488/3488/3488
f 3488/3488/3488 3489/3489/3489 3491/3491/3491
