v 0.156764 0.206146 -0.980766
v 0.152686 0.207501 -0.982335
v 0.152816 0.207718 -0.982226
v 0.156872 0.206373 -0.980666
v 0.136952 0.198166 -0.96951
v 0.136423 0.200335 -0.966746
v 0.136132 0.203043 -0.962988
v 0.135781 0.206494 -0.958496
v 0.136275 0.2004 -0.967053
v 0.515866 0.284914 -0.346187
v 0.515935 0.2848 -0.346391
v 0.516076 0.285046 -0.346206
v 0.515932 0.285127 -0.345996
v 0.432371 0.377659 -0.267182
v 0.417467 0.392347 -0.255896
v 0.432341 0.37745 -0.267615
v 0.445384 0.364014 -0.278132
v 0.456058 0.353 -0.286571
v 0.445408 0.364206 -0.277698
v 0.49186 0.309978 -0.444696
v 0.49675 0.329627 -0.37286
v 0.500147 0.324558 -0.375414
v 0.503322 0.319147 -0.377957
v 0.501883 0.312108 -0.404972
v 0.498475 0.300041 -0.447065
v 0.146385 0.581015 -0.064967
v 0.146227 0.580984 -0.065351
v 0.146302 0.580347 -0.065429
v 0.14644 0.580389 -0.065079
v 0.456165 0.150867 -0.747744
v 0.45305 0.150706 -0.747798
v 0.449299 0.15055 -0.74823
v 0.452978 0.150711 -0.748113
v 0.493549 0.287532 -0.350034
v 0.493459 0.288741 -0.346134
v 0.493465 0.290094 -0.344705
v 0.493587 0.288817 -0.348827
v 0.515657 0.284686 -0.346482
v 0.515935 0.2848 -0.346391
v 0.515866 0.284914 -0.346187
v 0.515635 0.28488 -0.346191
v 0.421876 0.159405 -0.773361
v 0.426235 0.158318 -0.769392
v 0.426166 0.158357 -0.769106
v 0.421808 0.159436 -0.773079
v 0.438079 0.150156 -0.749585
v 0.444426 0.163778 -0.71852
v 0.449221 0.173036 -0.693467
v 0.451882 0.17852 -0.678573
v 0.449059 0.173144 -0.693519
v 0.444243 0.163869 -0.718601
v 0.440911 0.157152 -0.735375
v 0.437915 0.150189 -0.749735
v 0.459868 0.236787 -0.658982
v 0.486689 0.309853 -0.458268
v 0.490439 0.305506 -0.459288
v 0.459485 0.226158 -0.676704
v 0.137867 0.452756 -0.489782
v 0.138815 0.476848 -0.429401
v 0.140042 0.499377 -0.367902
v 0.141502 0.519975 -0.3056
v 0.143068 0.538477 -0.242519
v 0.144534 0.554878 -0.178728
v 0.145671 0.568083 -0.121701
v 0.146242 0.580199 -0.066147
v 0.146302 0.580347 -0.065429
v 0.146227 0.580984 -0.065351
v 0.146156 0.58085 -0.066104
v 0.143776 0.547584 -0.210743
v 0.142242 0.530104 -0.274335
v 0.139985 0.499994 -0.368099
v 0.138733 0.477474 -0.429618
v 0.137767 0.453384 -0.490025
v 0.136279 0.342117 -0.725867
v 0.135677 0.277714 -0.843534
v 0.135577 0.220068 -0.939989
v 0.135668 0.206706 -0.958751
v 0.135632 0.219555 -0.939653
v 0.135739 0.26424 -0.865545
v 0.135955 0.307708 -0.788604
v 0.450208 0.170822 -0.769422
v 0.173612 0.202075 -0.970682
v 0.173741 0.202366 -0.970761
v 0.434222 0.176781 -0.784266
v 0.447382 0.173043 -0.772784
v 0.450505 0.171081 -0.769365
v 0.452522 0.168977 -0.766592
v 0.45418 0.166701 -0.763904
v 0.45531 0.164139 -0.761331
v 0.444739 0.151854 -0.751722
v 0.441607 0.151353 -0.751916
v 0.444358 0.152637 -0.752942
v 0.451732 0.154191 -0.752673
v 0.448442 0.152448 -0.751493
v 0.452152 0.153042 -0.751262
v 0.448723 0.151695 -0.750468
v 0.455987 0.151293 -0.748463
v 0.459467 0.15155 -0.748068
v 0.460142 0.151621 -0.747954
v 0.460215 0.151297 -0.747558
v 0.459563 0.151222 -0.747653
v 0.452905 0.150822 -0.748419
v 0.441854 0.150875 -0.751041
v 0.137825 0.196378 -0.971319
v 0.136952 0.198166 -0.96951
v 0.136838 0.19822 -0.969816
v 0.137749 0.196425 -0.971618
v 0.141344 0.214713 -0.980445
v 0.143596 0.212518 -0.982139
v 0.143434 0.212256 -0.982103
v 0.141185 0.214452 -0.980406
v 0.515932 0.285127 -0.345996
v 0.516076 0.285046 -0.346206
v 0.516156 0.285507 -0.345887
v 0.515989 0.285582 -0.345662
v 0.434312 0.177047 -0.784146
v 0.161677 0.205096 -0.978218
v 0.156872 0.206373 -0.980666
v 0.156985 0.206664 -0.980339
v 0.422675 0.179292 -0.793071
v 0.434284 0.177411 -0.783842
v 0.458353 0.20376 -0.711048
v 0.46471 0.206631 -0.693407
v 0.450737 0.171619 -0.768869
v 0.447563 0.173621 -0.772307
v 0.454826 0.196989 -0.726917
v 0.446662 0.19487 -0.742673
v 0.450863 0.201248 -0.727437
v 0.458903 0.215028 -0.69429
v 0.465614 0.217942 -0.676527
v 0.146071 0.234897 -0.947844
v 0.14308 0.23175 -0.954867
v 0.143575 0.240112 -0.941226
v 0.141104 0.240801 -0.941711
v 0.141266 0.245863 -0.933303
v 0.139285 0.246375 -0.933669
v 0.139358 0.252555 -0.923351
v 0.137929 0.246699 -0.93393
v 0.138007 0.281343 -0.875583
v 0.137041 0.27034 -0.894899
v 0.137062 0.294606 -0.853248
v 0.137986 0.39136 -0.672741
v 0.139165 0.390988 -0.672516
v 0.139289 0.405489 -0.643254
v 0.141232 0.404838 -0.642888
v 0.141342 0.418641 -0.614262
v 0.144338 0.417576 -0.613755
v 0.1439 0.373836 -0.701894
v 0.144763 0.258381 -0.909822
v 0.150052 0.265561 -0.893073
v 0.493648 0.340456 -0.3443
v 0.486689 0.309853 -0.458268
v 0.481879 0.314298 -0.4571
v 0.483317 0.318982 -0.441965
v 0.476557 0.324264 -0.440187
v 0.413569 0.416065 -0.283004
v 0.431275 0.401211 -0.29354
v 0.414429 0.419481 -0.271164
v 0.414932 0.421884 -0.26258
v 0.397132 0.4392 -0.244694
v 0.397256 0.440257 -0.240906
v 0.378756 0.456661 -0.226061
v 0.397273 0.441327 -0.236841
v 0.432071 0.40933 -0.260606
v 0.415135 0.424944 -0.250629
v 0.49342 0.286678 -0.347835
v 0.493379 0.286956 -0.347519
v 0.493315 0.286856 -0.347861
v 0.493362 0.286573 -0.34817
v 0.485986 0.298353 -0.389229
v 0.485276 0.29478 -0.4023
v 0.487011 0.290395 -0.40433
v 0.488656 0.307685 -0.340359
v 0.486428 0.313724 -0.331061
v 0.486672 0.312332 -0.336786
v 0.48438 0.316868 -0.333234
v 0.483945 0.302634 -0.386873
v 0.492703 0.224523 -0.58041
v 0.458245 0.16003 -0.755712
v 0.455963 0.164733 -0.760691
v 0.509201 0.271852 -0.45077
v 0.510136 0.26718 -0.451014
v 0.510679 0.263415 -0.451103
v 0.508018 0.255663 -0.476151
v 0.490219 0.214847 -0.597696
v 0.14714 0.190687 -0.970112
v 0.143711 0.19209 -0.97188
v 0.143956 0.192508 -0.972239
v 0.147409 0.191106 -0.970472
v 0.41503 0.425577 -0.247748
v 0.397255 0.441609 -0.235664
v 0.414956 0.425691 -0.246951
v 0.431887 0.409624 -0.258606
v 0.447516 0.394208 -0.269502
v 0.431984 0.409537 -0.259407
v 0.488003 0.260436 -0.448067
v 0.493468 0.290674 -0.347148
v 0.493102 0.293269 -0.344883
v 0.493154 0.29232 -0.3482
v 0.487741 0.262956 -0.447611
v 0.436935 0.151584 -0.752168
v 0.435715 0.152811 -0.755025
v 0.435692 0.152547 -0.755577
v 0.436404 0.151855 -0.753996
v 0.436908 0.151317 -0.752706
v 0.493301 0.286701 -0.348374
v 0.493228 0.283485 -0.358913
v 0.48885 0.259188 -0.436863
v 0.48392 0.243887 -0.48512
v 0.482418 0.239727 -0.497787
v 0.485386 0.247507 -0.472791
v 0.488885 0.258921 -0.43691
v 0.491386 0.269856 -0.402177
v 0.493362 0.286573 -0.34817
v 0.493315 0.286856 -0.347861
v 0.473561 0.175515 -0.681588
v 0.515692 0.28452 -0.346877
v 0.515026 0.284494 -0.346968
v 0.47291 0.17553 -0.681456
v 0.461895 0.155226 -0.735879
v 0.459793 0.151093 -0.746624
v 0.460445 0.151181 -0.74661
v 0.460588 0.151416 -0.745925
v 0.422675 0.179292 -0.793071
v 0.156985 0.206664 -0.980339
v 0.149584 0.209439 -0.982592
v 0.146657 0.211062 -0.982515
v 0.144091 0.212919 -0.981677
v 0.14657 0.214314 -0.978209
v 0.146917 0.222354 -0.966593
v 0.201572 0.205306 -0.942575
v 0.422452 0.179884 -0.7925
v 0.138493 0.471928 -0.497889
v 0.137348 0.391504 -0.672836
v 0.136696 0.325425 -0.798395
v 0.136298 0.309294 -0.82745
v 0.137038 0.391474 -0.67283
v 0.137879 0.459217 -0.527715
v 0.146385 0.581015 -0.064967
v 0.146458 0.600794 -0.065712
v 0.146248 0.600773 -0.066173
v 0.146227 0.580984 -0.065351
v 0.49311 0.346377 -0.312378
v 0.492205 0.346945 -0.303648
v 0.496006 0.341917 -0.30738
v 0.502824 0.331289 -0.315176
v 0.503641 0.330676 -0.32352
v 0.496882 0.341359 -0.316016
v 0.512095 0.308104 -0.330233
v 0.51019 0.313833 -0.326184
v 0.498287 0.336183 -0.309581
v 0.488226 0.344259 -0.302064
v 0.491923 0.339402 -0.30585
v 0.485683 0.342393 -0.302205
v 0.489305 0.33765 -0.306018
v 0.482688 0.340194 -0.302373
v 0.486223 0.335589 -0.306215
v 0.479695 0.337999 -0.30254
v 0.483145 0.33353 -0.306411
v 0.471266 0.339757 -0.298416
v 0.470293 0.338966 -0.298505
v 0.48916 0.318025 -0.318572
v 0.486526 0.32276 -0.314483
v 0.491976 0.319341 -0.318401
v 0.489274 0.324229 -0.314307
v 0.501184 0.317061 -0.322184
v 0.49864 0.322453 -0.317999
v 0.504079 0.318215 -0.322016
v 0.50147 0.323776 -0.317826
v 0.513586 0.302785 -0.333954
v 0.501184 0.317061 -0.322184
v 0.489274 0.324229 -0.314307
v 0.491976 0.319341 -0.318401
v 0.486526 0.32276 -0.314483
v 0.48916 0.318025 -0.318572
v 0.470293 0.338966 -0.298505
v 0.464138 0.344779 -0.293258
v 0.473951 0.333731 -0.303045
v 0.48023 0.325261 -0.310886
v 0.485568 0.316306 -0.318956
v 0.487811 0.311696 -0.32312
v 0.494281 0.299002 -0.33501
v 0.493062 0.30315 -0.331206
v 0.496343 0.299411 -0.334875
v 0.495094 0.303683 -0.331079
v 0.499374 0.300009 -0.334685
v 0.49808 0.304466 -0.330899
v 0.502955 0.300717 -0.33446
v 0.501613 0.305389 -0.330687
v 0.506543 0.301425 -0.334233
v 0.50515 0.306315 -0.330474
v 0.50959 0.302027 -0.334041
v 0.506312 0.312582 -0.326225
v 0.513986 0.298071 -0.337104
v 0.514628 0.29434 -0.339684
v 0.514651 0.298142 -0.337167
v 0.513586 0.302785 -0.333954
v 0.50147 0.323776 -0.317826
v 0.504079 0.318215 -0.322016
v 0.49864 0.322453 -0.317999
v 0.137249 0.223908 -0.969423
v 0.138142 0.220345 -0.974157
v 0.137987 0.220087 -0.974102
v 0.137095 0.223657 -0.969359
v 0.460485 0.151218 -0.747272
v 0.460261 0.151143 -0.747284
v 0.460215 0.151297 -0.747558
v 0.460503 0.151359 -0.747461
v 0.486428 0.313724 -0.331061
v 0.486143 0.314623 -0.327035
v 0.483748 0.31918 -0.323216
v 0.481096 0.323603 -0.319442
v 0.481475 0.322695 -0.323684
v 0.48438 0.316868 -0.333234
v 0.486672 0.312332 -0.336786
v 0.135668 0.206706 -0.958751
v 0.135859 0.203319 -0.963552
v 0.136275 0.2004 -0.967053
v 0.135781 0.206494 -0.958496
v 0.135766 0.219304 -0.939464
v 0.135896 0.252726 -0.88442
v 0.135961 0.291394 -0.817317
v 0.138073 0.452364 -0.489659
v 0.139534 0.487973 -0.398685
v 0.140042 0.499377 -0.367902
v 0.138815 0.476848 -0.429401
v 0.137867 0.452756 -0.489782
v 0.135955 0.307708 -0.788604
v 0.135739 0.26424 -0.865545
v 0.135632 0.219555 -0.939653
v 0.437869 0.150139 -0.750216
v 0.438116 0.150087 -0.750317
v 0.438217 0.150031 -0.750032
v 0.437988 0.150081 -0.749954
v 0.475543 0.331101 -0.316335
v 0.478655 0.326935 -0.320039
v 0.481475 0.322695 -0.323684
v 0.481096 0.323603 -0.319442
v 0.478231 0.327851 -0.315707
v 0.473806 0.33324 -0.304412
v 0.469699 0.338032 -0.30003
v 0.469887 0.337866 -0.301062
v 0.464228 0.344055 -0.295682
v 0.506988 0.323141 -0.338231
v 0.50403 0.328896 -0.33467
v 0.503641 0.330676 -0.32352
v 0.509278 0.319016 -0.331227
v 0.509591 0.317162 -0.341744
v 0.137996 0.196442 -0.970857
v 0.137825 0.196378 -0.971319
v 0.13915 0.194814 -0.972218
v 0.141035 0.193339 -0.972239
v 0.14113 0.193432 -0.971792
v 0.477688 0.269802 -0.483843
v 0.459361 0.223118 -0.613895
v 0.460834 0.219944 -0.613553
v 0.48251 0.274566 -0.457304
v 0.487011 0.290395 -0.40433
v 0.485276 0.29478 -0.4023
v 0.143305 0.537893 -0.242517
v 0.14392 0.546624 -0.21059
v 0.142365 0.529161 -0.274122
v 0.140155 0.499034 -0.367826
v 0.139766 0.487658 -0.398652
v 0.140347 0.498742 -0.367803
v 0.41503 0.425577 -0.247748
v 0.397273 0.441327 -0.236841
v 0.359752 0.47268 -0.211644
v 0.37882 0.457443 -0.223235
v 0.397255 0.441609 -0.235664
v 0.508193 0.319797 -0.322238
v 0.502472 0.331241 -0.313955
v 0.502171 0.33111 -0.313691
v 0.505194 0.325491 -0.317804
v 0.507883 0.319705 -0.321989
v 0.510505 0.313902 -0.32642
v 0.138917 0.451563 -0.489491
v 0.140143 0.487287 -0.39866
v 0.140347 0.498742 -0.367803
v 0.139766 0.487658 -0.398652
v 0.138413 0.451992 -0.489569
v 0.13613 0.276598 -0.842856
v 0.136451 0.263464 -0.865068
v 0.38437 0.423534 -0.230559
v 0.40132 0.40793 -0.243419
v 0.417506 0.392577 -0.255464
v 0.401371 0.408175 -0.24299
v 0.384433 0.423793 -0.230133
v 0.366753 0.438972 -0.217434
v 0.45706 0.162114 -0.758505
v 0.455819 0.164499 -0.76107
v 0.455963 0.164733 -0.760691
v 0.458245 0.16003 -0.755712
v 0.458081 0.15984 -0.756105
v 0.146657 0.211062 -0.982515
v 0.149584 0.209439 -0.982592
v 0.149371 0.209187 -0.982946
v 0.146396 0.210831 -0.982869
v 0.378568 0.457428 -0.221579
v 0.319927 0.502549 -0.181959
v 0.299615 0.516888 -0.168251
v 0.147699 0.600442 -0.066
v 0.147338 0.580655 -0.065163
v 0.209862 0.548684 -0.107088
v 0.270956 0.512434 -0.148592
v 0.310948 0.484808 -0.17631
v 0.350765 0.458202 -0.204246
v 0.331854 0.473172 -0.190802
v 0.352322 0.460818 -0.205013
v 0.333313 0.475836 -0.191628
v 0.354164 0.463911 -0.205919
v 0.335038 0.478986 -0.192605
v 0.356008 0.467009 -0.206825
v 0.336764 0.482141 -0.193583
v 0.357574 0.469638 -0.207594
v 0.338231 0.484818 -0.194414
v 0.396561 0.44107 -0.233739
v 0.414241 0.425014 -0.245847
v 0.431542 0.409419 -0.257765
v 0.39694 0.441568 -0.234012
v 0.511225 0.294059 -0.339876
v 0.510611 0.297614 -0.337281
v 0.504712 0.291033 -0.342353
v 0.508396 0.291178 -0.342093
v 0.504769 0.289215 -0.343859
v 0.501031 0.288007 -0.345225
v 0.515654 0.285159 -0.345911
v 0.515686 0.28563 -0.345548
v 0.515722 0.289203 -0.343191
v 0.515047 0.287602 -0.344234
v 0.514628 0.29434 -0.339684
v 0.513986 0.298071 -0.337104
v 0.513357 0.29424 -0.339735
v 0.512724 0.297904 -0.337148
v 0.143434 0.212256 -0.982103
v 0.146062 0.210369 -0.982952
v 0.145816 0.209874 -0.982694
v 0.143218 0.211755 -0.981843
v 0.386852 0.427382 -0.230472
v 0.369115 0.442917 -0.217484
v 0.388626 0.429887 -0.231059
v 0.370779 0.445479 -0.218166
v 0.390724 0.432847 -0.231752
v 0.372746 0.448509 -0.218975
v 0.392825 0.435814 -0.232445
v 0.374716 0.451544 -0.219785
v 0.394609 0.438331 -0.233033
v 0.376388 0.45412 -0.220473
v 0.414241 0.425014 -0.245847
v 0.396561 0.44107 -0.233739
v 0.338231 0.484818 -0.194414
v 0.357574 0.469638 -0.207594
v 0.336764 0.482141 -0.193583
v 0.356008 0.467009 -0.206825
v 0.335038 0.478986 -0.192605
v 0.354164 0.463911 -0.205919
v 0.333313 0.475836 -0.191628
v 0.352322 0.460818 -0.205013
v 0.331854 0.473172 -0.190802
v 0.350765 0.458202 -0.204246
v 0.310948 0.484808 -0.17631
v 0.146995 0.19053 -0.969624
v 0.156688 0.187809 -0.963416
v 0.163003 0.186474 -0.959078
v 0.162911 0.186658 -0.958755
v 0.151309 0.189318 -0.966585
v 0.143665 0.19203 -0.970949
v 0.143606 0.191916 -0.971378
v 0.462682 0.222126 -0.676796
v 0.45544 0.219322 -0.693836
v 0.459485 0.226158 -0.676704
v 0.490439 0.305506 -0.459288
v 0.49186 0.309978 -0.444696
v 0.498475 0.300041 -0.447065
v 0.465614 0.217942 -0.676527
v 0.458903 0.215028 -0.69429
v 0.146385 0.581015 -0.064967
v 0.14644 0.580389 -0.065079
v 0.146716 0.580296 -0.065012
v 0.146691 0.580929 -0.06488
v 0.137986 0.39136 -0.672741
v 0.139474 0.48415 -0.467699
v 0.141754 0.529675 -0.343997
v 0.147224 0.527265 -0.345461
v 0.149479 0.46759 -0.497604
v 0.149035 0.415615 -0.613017
v 0.144338 0.417576 -0.613755
v 0.141342 0.418641 -0.614262
v 0.141232 0.404838 -0.642888
v 0.139289 0.405489 -0.643254
v 0.139165 0.390988 -0.672516
v 0.493374 0.28605 -0.35148
v 0.493549 0.287532 -0.350034
v 0.486647 0.252004 -0.460659
v 0.489837 0.263353 -0.424931
v 0.48885 0.259188 -0.436863
v 0.493228 0.283485 -0.358913
v 0.493301 0.286701 -0.348374
v 0.493318 0.287143 -0.347889
v 0.146914 0.601533 -0.066719
v 0.146934 0.601488 -0.06618
v 0.147739 0.601264 -0.066597
v 0.147739 0.601311 -0.067208
v 0.417506 0.392577 -0.255464
v 0.432371 0.377659 -0.267182
v 0.445408 0.364206 -0.277698
v 0.456214 0.353236 -0.286316
v 0.417655 0.392861 -0.25523
v 0.401371 0.408175 -0.24299
v 0.397114 0.441739 -0.234359
v 0.378797 0.457594 -0.222447
v 0.340295 0.488411 -0.196608
v 0.320348 0.503235 -0.183222
v 0.320317 0.503251 -0.182678
v 0.340255 0.488424 -0.19608
v 0.378724 0.457597 -0.221931
v 0.489448 0.306497 -0.32934
v 0.487597 0.311114 -0.325211
v 0.488231 0.309967 -0.330902
v 0.489973 0.305286 -0.334788
v 0.490159 0.304368 -0.338547
v 0.4915 0.299848 -0.34215
v 0.493154 0.29232 -0.3482
v 0.493102 0.293269 -0.344883
v 0.492871 0.294624 -0.340242
v 0.493301 0.292006 -0.342776
v 0.493294 0.292215 -0.342108
v 0.489374 0.306685 -0.32849
v 0.516076 0.285046 -0.346206
v 0.516159 0.284922 -0.346575
v 0.516249 0.285397 -0.346266
v 0.516156 0.285507 -0.345887
v 0.141344 0.214713 -0.980445
v 0.139513 0.217296 -0.977816
v 0.139733 0.21747 -0.977714
v 0.141551 0.214897 -0.980334
v 0.415025 0.160686 -0.778815
v 0.421808 0.159436 -0.773079
v 0.426166 0.158357 -0.769106
v 0.426241 0.158586 -0.768551
v 0.421879 0.159659 -0.772542
v 0.41507 0.160902 -0.778305
v 0.366753 0.438972 -0.217434
v 0.384433 0.423793 -0.230133
v 0.366829 0.43924 -0.217011
v 0.290737 0.497937 -0.162716
v 0.29063 0.497648 -0.163182
v 0.493531 0.286518 -0.348005
v 0.493774 0.28642 -0.348065
v 0.493795 0.286555 -0.34779
v 0.493589 0.286596 -0.347811
v 0.146857 0.600714 -0.065622
v 0.146902 0.60129 -0.065837
v 0.146535 0.601353 -0.065904
v 0.146458 0.600794 -0.065712
v 0.432071 0.40933 -0.260606
v 0.397273 0.441327 -0.236841
v 0.41503 0.425577 -0.247748
v 0.431984 0.409537 -0.259407
v 0.447634 0.394148 -0.270305
v 0.14734 0.57945 -0.066068
v 0.14734 0.579217 -0.066864
v 0.209304 0.547159 -0.108797
v 0.229246 0.536323 -0.121295
v 0.378568 0.457428 -0.221579
v 0.39694 0.441568 -0.234012
v 0.414844 0.425676 -0.246437
v 0.397114 0.441739 -0.234359
v 0.378724 0.457597 -0.221931
v 0.359608 0.473012 -0.208809
v 0.137986 0.39136 -0.672741
v 0.137062 0.294606 -0.853248
v 0.137041 0.27034 -0.894899
v 0.136562 0.260931 -0.910863
v 0.13651 0.281712 -0.875775
v 0.136696 0.325425 -0.798395
v 0.137348 0.391504 -0.672836
v 0.138493 0.471928 -0.497889
v 0.13888 0.4843 -0.467658
v 0.139474 0.48415 -0.467699
v 0.147724 0.601043 -0.066221
v 0.161953 0.595545 -0.075627
v 0.161988 0.595773 -0.076031
v 0.147739 0.601264 -0.066597
v 0.498877 0.33652 -0.30969
v 0.502171 0.33111 -0.313691
v 0.502472 0.331241 -0.313955
v 0.495657 0.341838 -0.306119
v 0.495367 0.34168 -0.305844
v 0.493549 0.287532 -0.350034
v 0.493374 0.28605 -0.35148
v 0.493318 0.287143 -0.347889
v 0.493459 0.288741 -0.346134
v 0.515801 0.294306 -0.340221
v 0.515921 0.294203 -0.340733
v 0.514229 0.302695 -0.33512
v 0.514096 0.302778 -0.334523
v 0.515158 0.298099 -0.337692
v 0.438971 0.216231 -0.665931
v 0.455588 0.258141 -0.561053
v 0.450352 0.261338 -0.561548
v 0.43126 0.214779 -0.67761
v 0.434708 0.210555 -0.680735
v 0.149219 0.208978 -0.983061
v 0.146225 0.210631 -0.982988
v 0.146396 0.210831 -0.982869
v 0.149371 0.209187 -0.982946
v 0.146147 0.600646 -0.067083
v 0.146248 0.600773 -0.066173
v 0.14635 0.601344 -0.066327
v 0.14626 0.601239 -0.067209
v 0.476996 0.329192 -0.307655
v 0.482749 0.320543 -0.315531
v 0.482815 0.320673 -0.315129
v 0.480031 0.325081 -0.311142
v 0.477043 0.329333 -0.307233
v 0.44237 0.175181 -0.77739
v 0.442378 0.175533 -0.777071
v 0.447563 0.173621 -0.772307
v 0.44752 0.173286 -0.77264
v 0.147032 0.19054 -0.969876
v 0.143621 0.191937 -0.97164
v 0.143711 0.19209 -0.97188
v 0.14714 0.190687 -0.970112
v 0.445406 0.150392 -0.749277
v 0.449152 0.150608 -0.748848
v 0.452978 0.150711 -0.748113
v 0.449226 0.150528 -0.74855
v 0.465614 0.217942 -0.676527
v 0.498475 0.300041 -0.447065
v 0.501883 0.312108 -0.404972
v 0.504766 0.306471 -0.406865
v 0.501385 0.294565 -0.448115
v 0.503947 0.288841 -0.44903
v 0.499469 0.275925 -0.489903
v 0.452798 0.169473 -0.766074
v 0.450737 0.171619 -0.768869
v 0.46471 0.206631 -0.693407
v 0.458353 0.20376 -0.711048
v 0.145279 0.561675 -0.148481
v 0.144832 0.554276 -0.178821
v 0.145496 0.5614 -0.148608
v 0.145804 0.567739 -0.121746
v 0.432071 0.40933 -0.260606
v 0.447634 0.394148 -0.270305
v 0.46141 0.380184 -0.280044
v 0.472745 0.368426 -0.288227
v 0.461548 0.380067 -0.281253
v 0.147341 0.579686 -0.065582
v 0.146737 0.579991 -0.065271
v 0.146723 0.579789 -0.0657
v 0.14734 0.57945 -0.066068
v 0.229246 0.536323 -0.121295
v 0.29063 0.497648 -0.163182
v 0.290737 0.497937 -0.162716
v 0.270553 0.511474 -0.148812
v 0.209516 0.547714 -0.107373
v 0.460804 0.151887 -0.74727
v 0.459668 0.156113 -0.751638
v 0.462452 0.15871 -0.739004
v 0.461102 0.158628 -0.744974
v 0.508308 0.252842 -0.475926
v 0.510922 0.260501 -0.451077
v 0.51097 0.258306 -0.450986
v 0.508393 0.249176 -0.475493
v 0.50833 0.247352 -0.475241
v 0.161971 0.595719 -0.077652
v 0.237087 0.556867 -0.128163
v 0.236992 0.556531 -0.129552
v 0.216474 0.567459 -0.117866
v 0.215877 0.565469 -0.125822
v 0.197376 0.575534 -0.11355
v 0.21524 0.563265 -0.134282
v 0.196754 0.573424 -0.122274
v 0.194387 0.565095 -0.15566
v 0.180322 0.578318 -0.126312
v 0.147224 0.527265 -0.345461
v 0.141754 0.529675 -0.343997
v 0.14486 0.567313 -0.216872
v 0.147735 0.601218 -0.068195
v 0.447382 0.173043 -0.772784
v 0.44752 0.173286 -0.77264
v 0.450661 0.171307 -0.769212
v 0.450505 0.171081 -0.769365
v 0.146405 0.579857 -0.066257
v 0.146447 0.580031 -0.065552
v 0.146302 0.580347 -0.065429
v 0.146242 0.580199 -0.066147
v 0.137095 0.223657 -0.969359
v 0.137987 0.220087 -0.974102
v 0.137858 0.219562 -0.973827
v 0.136984 0.223132 -0.969077
v 0.434312 0.177047 -0.784146
v 0.434284 0.177411 -0.783842
v 0.442378 0.175533 -0.777071
v 0.44237 0.175181 -0.77739
v 0.141895 0.215083 -0.980007
v 0.138782 0.220638 -0.973802
v 0.137923 0.224152 -0.969123
v 0.137041 0.27034 -0.894899
v 0.138007 0.281343 -0.875583
v 0.137929 0.246699 -0.93393
v 0.139358 0.252555 -0.923351
v 0.139285 0.246375 -0.933669
v 0.141266 0.245863 -0.933303
v 0.141104 0.240801 -0.941711
v 0.143575 0.240112 -0.941226
v 0.14308 0.23175 -0.954867
v 0.146071 0.234897 -0.947844
v 0.145324 0.227581 -0.959837
v 0.148475 0.229927 -0.953825
v 0.146917 0.222354 -0.966593
v 0.14657 0.214314 -0.978209
v 0.144091 0.212919 -0.981677
v 0.162911 0.186658 -0.958755
v 0.163003 0.186474 -0.959078
v 0.415025 0.160686 -0.778815
v 0.41507 0.160902 -0.778305
v 0.447634 0.394148 -0.270305
v 0.431984 0.409537 -0.259407
v 0.447516 0.394208 -0.269502
v 0.461273 0.380217 -0.279242
v 0.472597 0.368436 -0.287424
v 0.46141 0.380184 -0.280044
v 0.141551 0.214897 -0.980334
v 0.139733 0.21747 -0.977714
v 0.138376 0.220506 -0.97407
v 0.138782 0.220638 -0.973802
v 0.141895 0.215083 -0.980007
v 0.436498 0.196161 -0.700689
v 0.442792 0.199933 -0.685146
v 0.449608 0.214629 -0.650289
v 0.444239 0.210125 -0.667589
v 0.450305 0.16759 -0.766532
v 0.449831 0.164349 -0.763725
v 0.448204 0.16637 -0.76632
v 0.446752 0.162746 -0.763476
v 0.445139 0.164592 -0.766008
v 0.443123 0.160857 -0.763182
v 0.441527 0.162498 -0.765641
v 0.437828 0.156091 -0.760338
v 0.4409 0.1575 -0.760527
v 0.439021 0.154853 -0.758154
v 0.436925 0.154028 -0.758066
v 0.434353 0.156292 -0.762467
v 0.434513 0.154585 -0.760104
v 0.433132 0.155668 -0.762338
v 0.429766 0.157773 -0.766901
v 0.430981 0.156423 -0.764457
v 0.426463 0.158429 -0.769577
v 0.422096 0.159526 -0.773552
v 0.405556 0.162265 -0.787194
v 0.16325 0.1866 -0.95951
v 0.173303 0.201564 -0.970379
v 0.450208 0.170822 -0.769422
v 0.45531 0.164139 -0.761331
v 0.455872 0.161513 -0.758808
v 0.453205 0.166116 -0.763977
v 0.453377 0.163223 -0.761286
v 0.442792 0.199933 -0.685146
v 0.435347 0.185501 -0.717992
v 0.441259 0.18981 -0.702042
v 0.448041 0.20454 -0.667937
v 0.49333 0.287302 -0.347361
v 0.493465 0.288924 -0.345549
v 0.493459 0.288741 -0.346134
v 0.493318 0.287143 -0.347889
v 0.378797 0.457594 -0.222447
v 0.397114 0.441739 -0.234359
v 0.414844 0.425676 -0.246437
v 0.431755 0.409596 -0.258093
v 0.414956 0.425691 -0.246951
v 0.143776 0.567279 -0.216182
v 0.140765 0.529608 -0.343562
v 0.13946 0.507707 -0.406025
v 0.13843 0.484057 -0.467484
v 0.1361 0.29446 -0.853172
v 0.136107 0.28146 -0.875622
v 0.136348 0.232008 -0.95723
v 0.136252 0.23149 -0.956936
v 0.140003 0.518331 -0.374669
v 0.146147 0.600646 -0.067083
v 0.14626 0.601239 -0.067209
v 0.504766 0.306471 -0.406865
v 0.501883 0.312108 -0.404972
v 0.503322 0.319147 -0.377957
v 0.500147 0.324558 -0.375414
v 0.500787 0.334389 -0.331118
v 0.50403 0.328896 -0.33467
v 0.506988 0.323141 -0.338231
v 0.146535 0.601353 -0.065904
v 0.14635 0.601344 -0.066327
v 0.146248 0.600773 -0.066173
v 0.146458 0.600794 -0.065712
v 0.438828 0.15003 -0.750009
v 0.438217 0.150031 -0.750032
v 0.438116 0.150087 -0.750317
v 0.438739 0.150094 -0.750312
v 0.434835 0.153315 -0.757728
v 0.435788 0.152455 -0.755849
v 0.436501 0.151757 -0.754262
v 0.436404 0.151855 -0.753996
v 0.435692 0.152547 -0.755577
v 0.434738 0.153399 -0.757452
v 0.473806 0.33324 -0.304412
v 0.477055 0.329053 -0.308321
v 0.476996 0.329192 -0.307655
v 0.469621 0.33818 -0.299346
v 0.469699 0.338032 -0.30003
v 0.428935 0.157321 -0.766568
v 0.430741 0.156339 -0.764282
v 0.43066 0.156396 -0.763995
v 0.428861 0.157369 -0.766281
v 0.449059 0.173144 -0.693519
v 0.451882 0.17852 -0.678573
v 0.454901 0.184266 -0.662421
v 0.457993 0.190473 -0.645429
v 0.451793 0.17869 -0.678671
v 0.146934 0.601488 -0.06618
v 0.146914 0.601533 -0.066719
v 0.146542 0.60153 -0.06651
v 0.146629 0.601512 -0.066123
v 0.161992 0.595818 -0.076664
v 0.147739 0.601311 -0.067208
v 0.147739 0.601264 -0.066597
v 0.161988 0.595773 -0.076031
v 0.505851 0.325628 -0.31925
v 0.502824 0.331289 -0.315176
v 0.502667 0.33129 -0.31442
v 0.508391 0.31982 -0.322674
v 0.508543 0.319792 -0.323384
v 0.426463 0.158429 -0.769577
v 0.430981 0.156423 -0.764457
v 0.432524 0.155383 -0.762212
v 0.433654 0.154289 -0.759825
v 0.430741 0.156339 -0.764282
v 0.428935 0.157321 -0.766568
v 0.426235 0.158318 -0.769392
v 0.42205 0.180822 -0.791549
v 0.440153 0.200525 -0.742137
v 0.450863 0.201248 -0.727437
v 0.446662 0.19487 -0.742673
v 0.442378 0.175533 -0.777071
v 0.434284 0.177411 -0.783842
v 0.422675 0.179292 -0.793071
v 0.422452 0.179884 -0.7925
v 0.512411 0.30815 -0.330453
v 0.510505 0.313902 -0.32642
v 0.507883 0.319705 -0.321989
v 0.51019 0.313833 -0.326184
v 0.512095 0.308104 -0.330233
v 0.513904 0.302808 -0.334158
v 0.488458 0.351873 -0.30837
v 0.49311 0.346377 -0.312378
v 0.493582 0.344561 -0.324188
v 0.146405 0.579857 -0.066257
v 0.145804 0.567739 -0.121746
v 0.145496 0.5614 -0.148608
v 0.146447 0.572174 -0.100611
v 0.146776 0.578381 -0.072096
v 0.146707 0.579581 -0.066449
v 0.141001 0.21394 -0.980144
v 0.138919 0.206359 -0.975306
v 0.139202 0.216516 -0.977502
v 0.435715 0.152811 -0.755025
v 0.433597 0.154619 -0.758981
v 0.433562 0.154363 -0.759543
v 0.434738 0.153399 -0.757452
v 0.435692 0.152547 -0.755577
v 0.378724 0.457597 -0.221931
v 0.340255 0.488424 -0.19608
v 0.320317 0.503251 -0.182678
v 0.29998 0.517601 -0.16899
v 0.279185 0.531224 -0.154638
v 0.299878 0.517426 -0.168596
v 0.340132 0.488253 -0.19571
v 0.359608 0.473012 -0.208809
v 0.460817 0.151525 -0.746901
v 0.466076 0.161386 -0.720912
v 0.464116 0.157796 -0.729636
v 0.460864 0.15155 -0.746024
v 0.460716 0.151313 -0.7467
v 0.446366 0.168377 -0.707096
v 0.451793 0.17869 -0.678671
v 0.454799 0.184719 -0.662658
v 0.451741 0.17895 -0.678839
v 0.454794 0.185121 -0.662889
v 0.451702 0.179334 -0.679095
v 0.458008 0.192633 -0.646463
v 0.488065 0.258608 -0.448356
v 0.488003 0.260436 -0.448067
v 0.487741 0.262956 -0.447611
v 0.485108 0.255 -0.472487
v 0.454228 0.189264 -0.664713
v 0.443785 0.164502 -0.719393
v 0.446122 0.168926 -0.707655
v 0.443959 0.164205 -0.719009
v 0.448871 0.173545 -0.693827
v 0.141895 0.215083 -0.980007
v 0.144091 0.212919 -0.981677
v 0.146657 0.211062 -0.982515
v 0.146396 0.210831 -0.982869
v 0.143786 0.21271 -0.982022
v 0.141551 0.214897 -0.980334
v 0.13625 0.29466 -0.853286
v 0.136298 0.309294 -0.82745
v 0.136696 0.325425 -0.798395
v 0.13651 0.281712 -0.875775
v 0.136562 0.260931 -0.910863
v 0.136993 0.228036 -0.963701
v 0.136742 0.227908 -0.96375
v 0.136348 0.246855 -0.934113
v 0.447382 0.173043 -0.772784
v 0.434222 0.176781 -0.784266
v 0.434312 0.177047 -0.784146
v 0.44237 0.175181 -0.77739
v 0.44752 0.173286 -0.77264
v 0.515686 0.28563 -0.345548
v 0.515654 0.285159 -0.345911
v 0.515932 0.285127 -0.345996
v 0.515989 0.285582 -0.345662
v 0.450208 0.170822 -0.769422
v 0.173303 0.201564 -0.970379
v 0.173612 0.202075 -0.970682
v 0.460804 0.151887 -0.74727
v 0.460653 0.151754 -0.747642
v 0.458081 0.15984 -0.756105
v 0.458245 0.16003 -0.755712
v 0.459668 0.156113 -0.751638
v 0.485792 0.24726 -0.472835
v 0.444721 0.163701 -0.718491
v 0.440323 0.154692 -0.740418
v 0.442039 0.156945 -0.735195
v 0.451933 0.156071 -0.735516
v 0.447338 0.154276 -0.740322
v 0.461895 0.155226 -0.735879
v 0.47291 0.17553 -0.681456
v 0.515026 0.284494 -0.346968
v 0.515692 0.28452 -0.346877
v 0.515657 0.284686 -0.346482
v 0.493774 0.28642 -0.348065
v 0.495657 0.341838 -0.306119
v 0.487192 0.352404 -0.298283
v 0.486916 0.352227 -0.297996
v 0.495367 0.34168 -0.305844
v 0.515047 0.287602 -0.344234
v 0.515722 0.289203 -0.343191
v 0.515618 0.291435 -0.341714
v 0.514651 0.298142 -0.337167
v 0.514628 0.29434 -0.339684
v 0.435085 0.153348 -0.757887
v 0.435788 0.152455 -0.755849
v 0.434835 0.153315 -0.757728
v 0.433654 0.154289 -0.759825
v 0.432524 0.155383 -0.762212
v 0.433901 0.154338 -0.75999
v 0.452978 0.150711 -0.748113
v 0.449299 0.15055 -0.74823
v 0.445554 0.150395 -0.748661
v 0.442387 0.150262 -0.749027
v 0.445478 0.150345 -0.748986
v 0.449226 0.150528 -0.74855
v 0.50403 0.328896 -0.33467
v 0.500787 0.334389 -0.331118
v 0.500611 0.335514 -0.324494
v 0.496882 0.341359 -0.316016
v 0.503641 0.330676 -0.32352
v 0.437988 0.150081 -0.749954
v 0.437915 0.150189 -0.749735
v 0.437782 0.150258 -0.749982
v 0.437869 0.150139 -0.750216
v 0.48938 0.306828 -0.327924
v 0.491022 0.302526 -0.331667
v 0.487582 0.311551 -0.323354
v 0.482815 0.320673 -0.315129
v 0.482749 0.320543 -0.315531
v 0.487495 0.311428 -0.323729
v 0.447886 0.393728 -0.273228
v 0.488458 0.351873 -0.30837
v 0.493582 0.344561 -0.324188
v 0.493648 0.340456 -0.3443
v 0.415135 0.424944 -0.250629
v 0.432071 0.40933 -0.260606
v 0.461548 0.380067 -0.281253
v 0.320318 0.503053 -0.184046
v 0.237087 0.556867 -0.128163
v 0.237128 0.557033 -0.127226
v 0.320348 0.503235 -0.183222
v 0.340295 0.488411 -0.196608
v 0.340277 0.488237 -0.197408
v 0.493787 0.286737 -0.347522
v 0.508387 0.285384 -0.346709
v 0.511554 0.285136 -0.346476
v 0.515635 0.28488 -0.346191
v 0.515654 0.285159 -0.345911
v 0.501031 0.288007 -0.345225
v 0.504769 0.289215 -0.343859
v 0.49795 0.289205 -0.344351
v 0.501032 0.290886 -0.342612
v 0.495807 0.290677 -0.342986
v 0.495127 0.295473 -0.338309
v 0.494371 0.292608 -0.341067
v 0.49307 0.298753 -0.335123
v 0.491271 0.302644 -0.331454
v 0.493283 0.295182 -0.338555
v 0.493932 0.290569 -0.343226
v 0.4597 0.151011 -0.747048
v 0.459793 0.151093 -0.746624
v 0.456327 0.150949 -0.746979
v 0.453149 0.150843 -0.747327
v 0.456233 0.15084 -0.747432
v 0.477055 0.329053 -0.308321
v 0.482783 0.320408 -0.316167
v 0.482749 0.320543 -0.315531
v 0.476996 0.329192 -0.307655
v 0.228583 0.242224 -0.800807
v 0.211672 0.233098 -0.834411
v 0.244971 0.22302 -0.820349
v 0.197852 0.211878 -0.885237
v 0.222883 0.205626 -0.872276
v 0.195532 0.201705 -0.904883
v 0.217135 0.195907 -0.894596
v 0.2035 0.19537 -0.908106
v 0.245719 0.183802 -0.889665
v 0.24049 0.189087 -0.885305
v 0.423239 0.217888 -0.680321
v 0.425783 0.211754 -0.688406
v 0.43126 0.214779 -0.67761
v 0.450352 0.261338 -0.561548
v 0.382183 0.407066 -0.281192
v 0.400321 0.39291 -0.291804
v 0.366701 0.438293 -0.219242
v 0.40132 0.40793 -0.243419
v 0.38437 0.423534 -0.230559
v 0.366753 0.438972 -0.217434
v 0.29063 0.497648 -0.163182
v 0.229246 0.536323 -0.121295
v 0.209304 0.547159 -0.108797
v 0.266133 0.496439 -0.195711
v 0.246991 0.51478 -0.166563
v 0.241537 0.495293 -0.229089
v 0.222787 0.515662 -0.193665
v 0.220703 0.508125 -0.218814
v 0.200807 0.520134 -0.208854
v 0.218596 0.499881 -0.24552
v 0.177601 0.505324 -0.286865
v 0.179248 0.514258 -0.257687
v 0.16375 0.514065 -0.281945
v 0.154351 0.520149 -0.278567
v 0.162445 0.50469 -0.311916
v 0.153185 0.510762 -0.30909
v 0.161342 0.494815 -0.341849
v 0.152212 0.500847 -0.339552
v 0.160436 0.484452 -0.37169
v 0.15143 0.490411 -0.369911
v 0.159706 0.473628 -0.401381
v 0.150815 0.47949 -0.400104
v 0.188894 0.443409 -0.433572
v 0.172963 0.465066 -0.403287
v 0.229181 0.429894 -0.411123
v 0.247078 0.299915 -0.668891
v 0.225752 0.323139 -0.646295
v 0.226835 0.293884 -0.703568
v 0.20606 0.303463 -0.709119
v 0.194116 0.244683 -0.832377
v 0.491386 0.269856 -0.402177
v 0.488885 0.258921 -0.43691
v 0.485386 0.247507 -0.472791
v 0.484108 0.243498 -0.485124
v 0.4868 0.251184 -0.460724
v 0.491506 0.269692 -0.402236
v 0.493488 0.286402 -0.348342
v 0.493362 0.286573 -0.34817
v 0.438739 0.150094 -0.750312
v 0.438116 0.150087 -0.750317
v 0.437602 0.150763 -0.752061
v 0.43788 0.151289 -0.753149
v 0.438226 0.150826 -0.752096
v 0.439475 0.151014 -0.752045
v 0.439714 0.150621 -0.751217
v 0.449152 0.150608 -0.748848
v 0.445406 0.150392 -0.749277
v 0.142365 0.529161 -0.274122
v 0.14392 0.546624 -0.21059
v 0.145279 0.561675 -0.148481
v 0.145671 0.568083 -0.121701
v 0.144534 0.554878 -0.178728
v 0.143068 0.538477 -0.242519
v 0.141502 0.519975 -0.3056
v 0.140042 0.499377 -0.367902
v 0.139534 0.487973 -0.398685
v 0.140155 0.499034 -0.367826
v 0.458903 0.215028 -0.69429
v 0.450863 0.201248 -0.727437
v 0.440153 0.200525 -0.742137
v 0.4516 0.223762 -0.692591
v 0.456007 0.230045 -0.67622
v 0.459868 0.236787 -0.658982
v 0.459485 0.226158 -0.676704
v 0.45544 0.219322 -0.693836
v 0.462682 0.222126 -0.676796
v 0.510922 0.260501 -0.451077
v 0.516569 0.289106 -0.351431
v 0.516531 0.289959 -0.348075
v 0.516565 0.28774 -0.349155
v 0.516392 0.288831 -0.344717
v 0.516298 0.285244 -0.34685
v 0.510822 0.254811 -0.450737
v 0.50833 0.247352 -0.475241
v 0.508393 0.249176 -0.475493
v 0.51097 0.258306 -0.450986
v 0.149219 0.208978 -0.983061
v 0.152686 0.207501 -0.982335
v 0.152527 0.207229 -0.98229
v 0.149056 0.208711 -0.983021
v 0.438295 0.150044 -0.749793
v 0.438088 0.150075 -0.749795
v 0.437988 0.150081 -0.749954
v 0.438217 0.150031 -0.750032
v 0.515935 0.2848 -0.346391
v 0.515657 0.284686 -0.346482
v 0.515692 0.28452 -0.346877
v 0.515997 0.284656 -0.346761
v 0.137996 0.196442 -0.970857
v 0.135983 0.206397 -0.958227
v 0.136132 0.203043 -0.962988
v 0.136423 0.200335 -0.966746
v 0.136952 0.198166 -0.96951
v 0.137825 0.196378 -0.971319
v 0.136742 0.227908 -0.96375
v 0.137249 0.223908 -0.969423
v 0.137095 0.223657 -0.969359
v 0.136348 0.232008 -0.95723
v 0.136107 0.28146 -0.875622
v 0.1361 0.29446 -0.853172
v 0.136298 0.309294 -0.82745
v 0.13625 0.29466 -0.853286
v 0.136348 0.246855 -0.934113
v 0.495847 0.341907 -0.3066
v 0.487379 0.352482 -0.298775
v 0.487192 0.352404 -0.298283
v 0.495657 0.341838 -0.306119
v 0.438347 0.150132 -0.749505
v 0.438295 0.150044 -0.749793
v 0.442309 0.150191 -0.749354
v 0.445478 0.150345 -0.748986
v 0.442387 0.150262 -0.749027
v 0.433562 0.154363 -0.759543
v 0.43066 0.156396 -0.763995
v 0.430741 0.156339 -0.764282
v 0.433654 0.154289 -0.759825
v 0.434835 0.153315 -0.757728
v 0.434738 0.153399 -0.757452
v 0.460142 0.151621 -0.747954
v 0.460461 0.151682 -0.747834
v 0.460503 0.151359 -0.747461
v 0.460215 0.151297 -0.747558
v 0.152239 0.206736 -0.982023
v 0.148787 0.208219 -0.982761
v 0.149056 0.208711 -0.983021
v 0.152527 0.207229 -0.98229
v 0.141185 0.214452 -0.980406
v 0.143434 0.212256 -0.982103
v 0.143218 0.211755 -0.981843
v 0.141001 0.21394 -0.980144
v 0.516037 0.287516 -0.344397
v 0.515936 0.291407 -0.34187
v 0.515615 0.294362 -0.339909
v 0.515618 0.291435 -0.341714
v 0.515722 0.289203 -0.343191
v 0.515686 0.28563 -0.345548
v 0.515989 0.285582 -0.345662
v 0.488458 0.351873 -0.30837
v 0.447886 0.393728 -0.273228
v 0.461548 0.380067 -0.281253
v 0.498877 0.33652 -0.30969
v 0.495367 0.34168 -0.305844
v 0.486916 0.352227 -0.297996
v 0.480157 0.358686 -0.292874
v 0.151507 0.189307 -0.967437
v 0.161134 0.204076 -0.97796
v 0.161441 0.204579 -0.978245
v 0.173612 0.202075 -0.970682
v 0.173303 0.201564 -0.970379
v 0.16325 0.1866 -0.95951
v 0.515834 0.294654 -0.353376
v 0.510136 0.26718 -0.451014
v 0.509201 0.271852 -0.45077
v 0.5104 0.275708 -0.438024
v 0.509079 0.281128 -0.437385
v 0.511123 0.288637 -0.411567
v 0.513564 0.305049 -0.34829
v 0.366701 0.438293 -0.219242
v 0.400321 0.39291 -0.291804
v 0.382183 0.407066 -0.281192
v 0.450352 0.261338 -0.561548
v 0.455588 0.258141 -0.561053
v 0.471887 0.314977 -0.391092
v 0.433861 0.371865 -0.28895
v 0.447055 0.360921 -0.29169
v 0.418423 0.388339 -0.270164
v 0.433418 0.375255 -0.27644
v 0.401823 0.405159 -0.252522
v 0.418048 0.390797 -0.261447
v 0.401701 0.406211 -0.249011
v 0.417807 0.391383 -0.259241
v 0.384455 0.422391 -0.233928
v 0.432341 0.37745 -0.267615
v 0.417467 0.392347 -0.255896
v 0.40132 0.40793 -0.243419
v 0.459563 0.151222 -0.747653
v 0.459631 0.151059 -0.747345
v 0.456165 0.150867 -0.747744
v 0.452905 0.150822 -0.748419
v 0.447516 0.394208 -0.269502
v 0.431887 0.409624 -0.258606
v 0.447365 0.394163 -0.268992
v 0.46111 0.380159 -0.278735
v 0.472423 0.368365 -0.286923
v 0.461273 0.380217 -0.279242
v 0.320318 0.503053 -0.184046
v 0.320233 0.502696 -0.185262
v 0.299875 0.517032 -0.171671
v 0.294272 0.496356 -0.234125
v 0.275354 0.516611 -0.202673
v 0.202745 0.504915 -0.32994
v 0.204123 0.514495 -0.301619
v 0.15748 0.499516 -0.408648
v 0.150472 0.503326 -0.407712
v 0.149479 0.46759 -0.497604
v 0.147224 0.527265 -0.345461
v 0.180322 0.578318 -0.126312
v 0.194387 0.565095 -0.15566
v 0.196754 0.573424 -0.122274
v 0.21524 0.563265 -0.134282
v 0.197376 0.575534 -0.11355
v 0.215877 0.565469 -0.125822
v 0.216474 0.567459 -0.117866
v 0.236992 0.556531 -0.129552
v 0.237087 0.556867 -0.128163
v 0.47086 0.215184 -0.573642
v 0.454901 0.184266 -0.662421
v 0.451882 0.17852 -0.678573
v 0.449221 0.173036 -0.693467
v 0.476524 0.226268 -0.540128
v 0.484108 0.243498 -0.485124
v 0.485386 0.247507 -0.472791
v 0.482418 0.239727 -0.497787
v 0.476386 0.226397 -0.54014
v 0.487495 0.311428 -0.323729
v 0.482749 0.320543 -0.315531
v 0.482783 0.320408 -0.316167
v 0.487504 0.311291 -0.324321
v 0.488458 0.351873 -0.30837
v 0.461548 0.380067 -0.281253
v 0.472745 0.368426 -0.288227
v 0.487537 0.352493 -0.29957
v 0.492205 0.346945 -0.303648
v 0.49311 0.346377 -0.312378
v 0.481096 0.323603 -0.319442
v 0.483748 0.31918 -0.323216
v 0.480168 0.32465 -0.31319
v 0.482912 0.320244 -0.317124
v 0.482783 0.320408 -0.316167
v 0.477055 0.329053 -0.308321
v 0.473806 0.33324 -0.304412
v 0.478231 0.327851 -0.315707
v 0.452905 0.150822 -0.748419
v 0.456165 0.150867 -0.747744
v 0.452978 0.150711 -0.748113
v 0.449152 0.150608 -0.748848
v 0.143956 0.192508 -0.972239
v 0.141305 0.193951 -0.973115
v 0.148787 0.208219 -0.982761
v 0.152239 0.206736 -0.982023
v 0.453149 0.150843 -0.747327
v 0.442507 0.150485 -0.748491
v 0.445554 0.150395 -0.748661
v 0.449299 0.15055 -0.74823
v 0.45305 0.150706 -0.747798
v 0.456233 0.15084 -0.747432
v 0.146225 0.210631 -0.982988
v 0.143596 0.212518 -0.982139
v 0.143786 0.21271 -0.982022
v 0.146396 0.210831 -0.982869
v 0.14392 0.546624 -0.21059
v 0.143305 0.537893 -0.242517
v 0.144091 0.546361 -0.21065
v 0.144832 0.554276 -0.178821
v 0.145279 0.561675 -0.148481
v 0.515615 0.294362 -0.339909
v 0.514969 0.298143 -0.337355
v 0.513586 0.302785 -0.333954
v 0.514651 0.298142 -0.337167
v 0.515618 0.291435 -0.341714
v 0.417655 0.392861 -0.25523
v 0.401518 0.408474 -0.242763
v 0.384582 0.424102 -0.229917
v 0.366829 0.43924 -0.217011
v 0.384433 0.423793 -0.230133
v 0.401371 0.408175 -0.24299
v 0.143665 0.19203 -0.970949
v 0.14113 0.193432 -0.971792
v 0.141035 0.193339 -0.972239
v 0.143606 0.191916 -0.971378
v 0.140765 0.529608 -0.343562
v 0.143776 0.567279 -0.216182
v 0.144646 0.57557 -0.184182
v 0.143938 0.567493 -0.216342
v 0.141649 0.540018 -0.312183
v 0.140233 0.519108 -0.375027
v 0.139063 0.49629 -0.437018
v 0.13843 0.484057 -0.467484
v 0.13946 0.507707 -0.406025
v 0.141091 0.193528 -0.972758
v 0.139147 0.195016 -0.972756
v 0.139324 0.195447 -0.973116
v 0.141305 0.193951 -0.973115
v 0.454799 0.184719 -0.662658
v 0.451793 0.17869 -0.678671
v 0.457993 0.190473 -0.645429
v 0.470804 0.21538 -0.573699
v 0.48392 0.243887 -0.48512
v 0.48885 0.259188 -0.436863
v 0.489837 0.263353 -0.424931
v 0.486647 0.252004 -0.460659
v 0.493549 0.287532 -0.350034
v 0.493587 0.288817 -0.348827
v 0.488065 0.258608 -0.448356
v 0.458008 0.192633 -0.646463
v 0.451702 0.179334 -0.679095
v 0.454794 0.185121 -0.662889
v 0.451741 0.17895 -0.678839
v 0.493294 0.292215 -0.342108
v 0.493345 0.292357 -0.341661
v 0.48938 0.306828 -0.327924
v 0.487495 0.311428 -0.323729
v 0.487504 0.311291 -0.324321
v 0.489374 0.306685 -0.32849
v 0.418048 0.390797 -0.261447
v 0.401823 0.405159 -0.252522
v 0.433418 0.375255 -0.27644
v 0.446261 0.362839 -0.283562
v 0.433091 0.376089 -0.27311
v 0.445901 0.363281 -0.281417
v 0.432783 0.376601 -0.270933
v 0.44563 0.363587 -0.279897
v 0.432548 0.376959 -0.269396
v 0.445457 0.363819 -0.278834
v 0.469699 0.338032 -0.30003
v 0.469621 0.33818 -0.299346
v 0.445384 0.364014 -0.278132
v 0.432341 0.37745 -0.267615
v 0.384455 0.422391 -0.233928
v 0.417807 0.391383 -0.259241
v 0.401701 0.406211 -0.249011
v 0.258254 0.544587 -0.140871
v 0.216752 0.568386 -0.112877
v 0.161988 0.595773 -0.076031
v 0.161953 0.595545 -0.075627
v 0.279185 0.531224 -0.154638
v 0.29998 0.517601 -0.16899
v 0.491506 0.269692 -0.402236
v 0.4868 0.251184 -0.460724
v 0.484108 0.243498 -0.485124
v 0.476524 0.226268 -0.540128
v 0.449221 0.173036 -0.693467
v 0.444426 0.163778 -0.71852
v 0.444721 0.163701 -0.718491
v 0.485792 0.24726 -0.472835
v 0.493774 0.28642 -0.348065
v 0.493531 0.286518 -0.348005
v 0.493488 0.286402 -0.348342
v 0.138751 0.199458 -0.973854
v 0.138199 0.197929 -0.972854
v 0.137551 0.201334 -0.972083
v 0.138919 0.206359 -0.975306
v 0.139564 0.201703 -0.975318
v 0.151507 0.189307 -0.967437
v 0.16325 0.1866 -0.95951
v 0.1631 0.186463 -0.959291
v 0.156766 0.187803 -0.963642
v 0.147032 0.19054 -0.969876
v 0.14714 0.190687 -0.970112
v 0.162886 0.298728 -0.82193
v 0.266368 0.256824 -0.79058
v 0.254774 0.241249 -0.830717
v 0.236752 0.238099 -0.853341
v 0.259799 0.214902 -0.874013
v 0.242726 0.214377 -0.890277
v 0.273406 0.200337 -0.887586
v 0.434152 0.236465 -0.690183
v 0.4414 0.240815 -0.674933
v 0.447334 0.237606 -0.674456
v 0.443167 0.232987 -0.68735
v 0.440153 0.200525 -0.742137
v 0.42205 0.180822 -0.791549
v 0.422452 0.179884 -0.7925
v 0.201572 0.205306 -0.942575
v 0.146917 0.222354 -0.966593
v 0.148475 0.229927 -0.953825
v 0.145324 0.227581 -0.959837
v 0.146071 0.234897 -0.947844
v 0.150052 0.265561 -0.893073
v 0.144763 0.258381 -0.909822
v 0.1439 0.373836 -0.701894
v 0.148588 0.371925 -0.700974
v 0.146807 0.305925 -0.825399
v 0.153344 0.303145 -0.824001
v 0.154193 0.318841 -0.794669
v 0.164255 0.314113 -0.792486
v 0.137755 0.196594 -0.971879
v 0.139147 0.195016 -0.972756
v 0.139108 0.194853 -0.972504
v 0.137885 0.197035 -0.972243
v 0.139147 0.195016 -0.972756
v 0.137755 0.196594 -0.971879
v 0.136892 0.198852 -0.970455
v 0.137755 0.196594 -0.971879
v 0.136808 0.198399 -0.970085
v 0.136808 0.198399 -0.970085
v 0.137755 0.196594 -0.971879
v 0.137749 0.196425 -0.971618
v 0.137755 0.196594 -0.971879
v 0.139108 0.194853 -0.972504
v 0.137749 0.196425 -0.971618
v 0.140525 0.204358 -0.977049
v 0.139564 0.201703 -0.975318
v 0.138919 0.206359 -0.975306
v 0.141001 0.21394 -0.980144
v 0.143218 0.211755 -0.981843
v 0.142868 0.210823 -0.981263
v 0.13621 0.200586 -0.967326
v 0.136808 0.198399 -0.970085
v 0.136838 0.19822 -0.969816
v 0.136808 0.198399 -0.970085
v 0.137749 0.196425 -0.971618
v 0.136838 0.19822 -0.969816
v 0.14455 0.447616 -0.489122
v 0.141868 0.449419 -0.489231
v 0.142844 0.485058 -0.398976
v 0.141539 0.486106 -0.398807
v 0.141149 0.47455 -0.429305
v 0.140297 0.47523 -0.429261
v 0.139613 0.451036 -0.489414
v 0.138917 0.451563 -0.489491
v 0.136451 0.263464 -0.865068
v 0.136439 0.235213 -0.912858
v 0.136241 0.210225 -0.952313
v 0.136664 0.206403 -0.957423
v 0.136644 0.210189 -0.951965
v 0.137147 0.20649 -0.956798
v 0.137876 0.218305 -0.938702
v 0.138754 0.217765 -0.938571
v 0.151844 0.23317 -0.898625
v 0.147139 0.221332 -0.923208
v 0.155101 0.222325 -0.912462
v 0.149485 0.213964 -0.931901
v 0.157519 0.213498 -0.923744
v 0.211672 0.233098 -0.834411
v 0.228583 0.242224 -0.800807
v 0.194116 0.244683 -0.832377
v 0.20606 0.303463 -0.709119
v 0.226835 0.293884 -0.703568
v 0.225752 0.323139 -0.646295
v 0.247078 0.299915 -0.668891
v 0.229181 0.429894 -0.411123
v 0.172963 0.465066 -0.403287
v 0.188894 0.443409 -0.433572
v 0.150815 0.47949 -0.400104
v 0.145565 0.483077 -0.399356
v 0.136952 0.198166 -0.96951
v 0.136275 0.2004 -0.967053
v 0.136838 0.19822 -0.969816
v 0.146147 0.600646 -0.067083
v 0.146156 0.58085 -0.066104
v 0.146227 0.580984 -0.065351
v 0.146248 0.600773 -0.066173
v 0.456058 0.353 -0.286571
v 0.469649 0.338334 -0.298916
v 0.477043 0.329333 -0.307233
v 0.480031 0.325081 -0.311142
v 0.48023 0.325261 -0.310886
v 0.473951 0.333731 -0.303045
v 0.464138 0.344779 -0.293258
v 0.456214 0.353236 -0.286316
v 0.445408 0.364206 -0.277698
v 0.4414 0.240815 -0.674933
v 0.434152 0.236465 -0.690183
v 0.433469 0.243046 -0.678557
v 0.423256 0.245051 -0.684062
v 0.425864 0.28698 -0.593679
v 0.409379 0.292796 -0.596591
v 0.396338 0.347997 -0.481263
v 0.375724 0.348675 -0.49985
v 0.358297 0.374193 -0.457415
v 0.357088 0.365655 -0.478208
v 0.338384 0.383698 -0.455078
v 0.336271 0.365409 -0.498434
v 0.316403 0.374334 -0.49787
v 0.316411 0.310287 -0.636275
v 0.295801 0.328888 -0.616571
v 0.297701 0.304263 -0.666014
v 0.27646 0.324174 -0.64611
v 0.284141 0.268251 -0.751542
v 0.266368 0.256824 -0.79058
v 0.162886 0.298728 -0.82193
v 0.164255 0.314113 -0.792486
v 0.154193 0.318841 -0.794669
v 0.153344 0.303145 -0.824001
v 0.146807 0.305925 -0.825399
v 0.148588 0.371925 -0.700974
v 0.1439 0.373836 -0.701894
v 0.144338 0.417576 -0.613755
v 0.149035 0.415615 -0.613017
v 0.149479 0.46759 -0.497604
v 0.150472 0.503326 -0.407712
v 0.15748 0.499516 -0.408648
v 0.204123 0.514495 -0.301619
v 0.202745 0.504915 -0.32994
v 0.275354 0.516611 -0.202673
v 0.294272 0.496356 -0.234125
v 0.299875 0.517032 -0.171671
v 0.320233 0.502696 -0.185262
v 0.320318 0.503053 -0.184046
v 0.340277 0.488237 -0.197408
v 0.359801 0.473008 -0.210477
v 0.37882 0.457443 -0.223235
v 0.359752 0.47268 -0.211644
v 0.397273 0.441327 -0.236841
v 0.378756 0.456661 -0.226061
v 0.397256 0.440257 -0.240906
v 0.397132 0.4392 -0.244694
v 0.414932 0.421884 -0.26258
v 0.414429 0.419481 -0.271164
v 0.431275 0.401211 -0.29354
v 0.413569 0.416065 -0.283004
v 0.476557 0.324264 -0.440187
v 0.453601 0.250473 -0.642366
v 0.447334 0.237606 -0.674456
v 0.138199 0.197929 -0.972854
v 0.137885 0.197035 -0.972243
v 0.137755 0.196594 -0.971879
v 0.136892 0.198852 -0.970455
v 0.137551 0.201334 -0.972083
v 0.447509 0.192159 -0.684347
v 0.448634 0.189681 -0.6836
v 0.435398 0.163022 -0.746124
v 0.438238 0.165428 -0.736137
v 0.435388 0.15927 -0.749727
v 0.437582 0.160853 -0.742107
v 0.434926 0.154182 -0.755862
v 0.435869 0.153334 -0.754002
v 0.435715 0.152811 -0.755025
v 0.436935 0.151584 -0.752168
v 0.439289 0.155306 -0.741641
v 0.438355 0.151875 -0.746906
v 0.442213 0.160278 -0.728307
v 0.446366 0.168377 -0.707096
v 0.448871 0.173545 -0.693827
v 0.443959 0.164205 -0.719009
v 0.446122 0.168926 -0.707655
v 0.443785 0.164502 -0.719393
v 0.44185 0.160732 -0.729018
v 0.443542 0.164922 -0.719931
v 0.441568 0.161114 -0.729618
v 0.443207 0.165498 -0.720653
v 0.441184 0.161631 -0.730424
v 0.442753 0.166265 -0.72158
v 0.440676 0.162309 -0.731463
v 0.44629 0.181026 -0.698577
v 0.485096 0.266088 -0.458907
v 0.48251 0.274566 -0.457304
v 0.460834 0.219944 -0.613553
v 0.516217 0.289098 -0.343602
v 0.516325 0.288991 -0.344043
v 0.51623 0.291239 -0.342633
v 0.515921 0.294203 -0.340733
v 0.515801 0.294306 -0.340221
v 0.516118 0.291345 -0.342159
v 0.148787 0.208219 -0.982761
v 0.141305 0.193951 -0.973115
v 0.139324 0.195447 -0.973116
v 0.140383 0.19782 -0.974721
v 0.141373 0.20002 -0.976182
v 0.144712 0.207442 -0.98111
v 0.145816 0.209874 -0.982694
v 0.460337 0.1511 -0.747017
v 0.460445 0.151181 -0.74661
v 0.459793 0.151093 -0.746624
v 0.4597 0.151011 -0.747048
v 0.16325 0.1866 -0.95951
v 0.405556 0.162265 -0.787194
v 0.422096 0.159526 -0.773552
v 0.426463 0.158429 -0.769577
v 0.426235 0.158318 -0.769392
v 0.421876 0.159405 -0.773361
v 0.405352 0.162129 -0.786995
v 0.1631 0.186463 -0.959291
v 0.156764 0.206146 -0.980766
v 0.16159 0.204861 -0.978306
v 0.161441 0.204579 -0.978245
v 0.15661 0.20587 -0.980714
v 0.493531 0.286518 -0.348005
v 0.49342 0.286678 -0.347835
v 0.493362 0.286573 -0.34817
v 0.493488 0.286402 -0.348342
v 0.499138 0.225018 -0.543347
v 0.510718 0.25434 -0.450696
v 0.514907 0.2718 -0.392094
v 0.515197 0.274542 -0.381897
v 0.498977 0.224783 -0.543252
v 0.470908 0.17025 -0.696432
v 0.464116 0.157796 -0.729636
v 0.466076 0.161386 -0.720912
v 0.471056 0.170463 -0.696594
v 0.442237 0.15021 -0.749639
v 0.445478 0.150345 -0.748986
v 0.442309 0.150191 -0.749354
v 0.440083 0.150089 -0.749883
v 0.266133 0.496439 -0.195711
v 0.209304 0.547159 -0.108797
v 0.14734 0.579217 -0.066864
v 0.14734 0.57945 -0.066068
v 0.146723 0.579789 -0.0657
v 0.146707 0.579581 -0.066449
v 0.146776 0.578381 -0.072096
v 0.146447 0.572174 -0.100611
v 0.147157 0.552596 -0.180341
v 0.148127 0.559665 -0.150528
v 0.149108 0.551289 -0.181605
v 0.150307 0.558321 -0.152099
v 0.165257 0.522945 -0.251976
v 0.155704 0.529014 -0.248012
v 0.16375 0.514065 -0.281945
v 0.179248 0.514258 -0.257687
v 0.177601 0.505324 -0.286865
v 0.218596 0.499881 -0.24552
v 0.200807 0.520134 -0.208854
v 0.220703 0.508125 -0.218814
v 0.222787 0.515662 -0.193665
v 0.241537 0.495293 -0.229089
v 0.246991 0.51478 -0.166563
v 0.455819 0.164499 -0.76107
v 0.45706 0.162114 -0.758505
v 0.456863 0.161964 -0.75869
v 0.45418 0.166701 -0.763904
v 0.452522 0.168977 -0.766592
v 0.452693 0.169187 -0.76643
v 0.441259 0.18981 -0.702042
v 0.437906 0.182705 -0.717873
v 0.442876 0.187457 -0.701547
v 0.459361 0.223118 -0.613895
v 0.477688 0.269802 -0.483843
v 0.475655 0.273666 -0.483297
v 0.448041 0.20454 -0.667937
v 0.435085 0.153348 -0.757887
v 0.437259 0.151193 -0.753098
v 0.437348 0.150794 -0.751937
v 0.436501 0.151757 -0.754262
v 0.435788 0.152455 -0.755849
v 0.138919 0.206359 -0.975306
v 0.137551 0.201334 -0.972083
v 0.136892 0.198852 -0.970455
v 0.136808 0.198399 -0.970085
v 0.136249 0.201054 -0.967701
v 0.137696 0.208749 -0.972608
v 0.137191 0.214494 -0.97067
v 0.137858 0.219562 -0.973827
v 0.139202 0.216516 -0.977502
v 0.445384 0.364014 -0.278132
v 0.469621 0.33818 -0.299346
v 0.476996 0.329192 -0.307655
v 0.477043 0.329333 -0.307233
v 0.469649 0.338334 -0.298916
v 0.456058 0.353 -0.286571
v 0.426166 0.158357 -0.769106
v 0.428861 0.157369 -0.766281
v 0.428929 0.157605 -0.765719
v 0.426241 0.158586 -0.768551
v 0.515935 0.2848 -0.346391
v 0.515997 0.284656 -0.346761
v 0.516159 0.284922 -0.346575
v 0.516076 0.285046 -0.346206
v 0.447136 0.393981 -0.268673
v 0.431542 0.409419 -0.257765
v 0.414241 0.425014 -0.245847
v 0.458686 0.157651 -0.754124
v 0.456863 0.161964 -0.75869
v 0.45706 0.162114 -0.758505
v 0.458081 0.15984 -0.756105
v 0.460653 0.151754 -0.747642
v 0.460461 0.151682 -0.747834
v 0.143711 0.19209 -0.97188
v 0.141091 0.193528 -0.972758
v 0.141305 0.193951 -0.973115
v 0.143956 0.192508 -0.972239
v 0.512607 0.308137 -0.330845
v 0.508391 0.31982 -0.322674
v 0.508193 0.319797 -0.322238
v 0.510505 0.313902 -0.32642
v 0.512411 0.30815 -0.330453
v 0.147724 0.601043 -0.066221
v 0.147739 0.601264 -0.066597
v 0.146934 0.601488 -0.06618
v 0.146902 0.60129 -0.065837
v 0.209516 0.547714 -0.107373
v 0.270553 0.511474 -0.148812
v 0.290737 0.497937 -0.162716
v 0.366829 0.43924 -0.217011
v 0.384582 0.424102 -0.229917
v 0.366979 0.43956 -0.216803
v 0.348757 0.454776 -0.203463
v 0.310657 0.484208 -0.176283
v 0.270692 0.511819 -0.148577
v 0.20964 0.548055 -0.107105
v 0.147338 0.580011 -0.065295
v 0.147341 0.579686 -0.065582
v 0.513904 0.302808 -0.334158
v 0.512095 0.308104 -0.330233
v 0.513586 0.302785 -0.333954
v 0.514969 0.298143 -0.337355
v 0.146385 0.581015 -0.064967
v 0.146691 0.580929 -0.06488
v 0.146857 0.600714 -0.065622
v 0.146458 0.600794 -0.065712
v 0.137996 0.196442 -0.970857
v 0.14113 0.193432 -0.971792
v 0.143665 0.19203 -0.970949
v 0.151309 0.189318 -0.966585
v 0.156581 0.188374 -0.962469
v 0.151328 0.189681 -0.965936
v 0.151378 0.190309 -0.964889
v 0.147528 0.192382 -0.965736
v 0.151472 0.191218 -0.963366
v 0.146069 0.197473 -0.959271
v 0.159119 0.206607 -0.932738
v 0.151166 0.207879 -0.939125
v 0.157519 0.213498 -0.923744
v 0.149485 0.213964 -0.931901
v 0.155101 0.222325 -0.912462
v 0.147139 0.221332 -0.923208
v 0.151844 0.23317 -0.898625
v 0.138754 0.217765 -0.938571
v 0.137876 0.218305 -0.938702
v 0.137147 0.20649 -0.956798
v 0.136644 0.210189 -0.951965
v 0.136664 0.206403 -0.957423
v 0.136241 0.210225 -0.952313
v 0.136439 0.235213 -0.912858
v 0.136133 0.243072 -0.900143
v 0.135931 0.210295 -0.952589
v 0.135983 0.206397 -0.958227
v 0.139513 0.217296 -0.977816
v 0.141344 0.214713 -0.980445
v 0.141185 0.214452 -0.980406
v 0.139355 0.217035 -0.977769
v 0.516325 0.288991 -0.344043
v 0.516249 0.285397 -0.346266
v 0.516298 0.285244 -0.34685
v 0.516392 0.288831 -0.344717
v 0.51623 0.291239 -0.342633
v 0.386852 0.427382 -0.230472
v 0.310948 0.484808 -0.17631
v 0.270956 0.512434 -0.148592
v 0.209862 0.548684 -0.107088
v 0.147338 0.580655 -0.065163
v 0.147338 0.580011 -0.065295
v 0.20964 0.548055 -0.107105
v 0.270692 0.511819 -0.148577
v 0.310657 0.484208 -0.176283
v 0.348757 0.454776 -0.203463
v 0.366979 0.43956 -0.216803
v 0.384937 0.424656 -0.229898
v 0.435187 0.380929 -0.267062
v 0.420193 0.395963 -0.255498
v 0.437286 0.383231 -0.267308
v 0.422186 0.398335 -0.25586
v 0.439766 0.385951 -0.267597
v 0.424544 0.401143 -0.256286
v 0.442252 0.388677 -0.267888
v 0.426905 0.403955 -0.256713
v 0.444361 0.39099 -0.268134
v 0.42891 0.406339 -0.257076
v 0.460379 0.379515 -0.278244
v 0.480157 0.358686 -0.292874
v 0.486916 0.352227 -0.297996
v 0.447136 0.393981 -0.268673
v 0.414241 0.425014 -0.245847
v 0.376388 0.45412 -0.220473
v 0.394609 0.438331 -0.233033
v 0.374716 0.451544 -0.219785
v 0.392825 0.435814 -0.232445
v 0.372746 0.448509 -0.218975
v 0.390724 0.432847 -0.231752
v 0.370779 0.445479 -0.218166
v 0.388626 0.429887 -0.231059
v 0.369115 0.442917 -0.217484
v 0.135859 0.203319 -0.963552
v 0.13621 0.200586 -0.967326
v 0.136838 0.19822 -0.969816
v 0.136275 0.2004 -0.967053
v 0.438079 0.150156 -0.749585
v 0.438347 0.150132 -0.749505
v 0.440323 0.154692 -0.740418
v 0.444721 0.163701 -0.718491
v 0.444426 0.163778 -0.71852
v 0.45917 0.247141 -0.641507
v 0.481879 0.314298 -0.4571
v 0.486689 0.309853 -0.458268
v 0.459868 0.236787 -0.658982
v 0.456007 0.230045 -0.67622
v 0.452047 0.233864 -0.675374
v 0.41507 0.160902 -0.778305
v 0.421879 0.159659 -0.772542
v 0.427582 0.17278 -0.746778
v 0.431287 0.178785 -0.733296
v 0.435347 0.185501 -0.717992
v 0.426331 0.183272 -0.732338
v 0.434708 0.210555 -0.680735
v 0.43126 0.214779 -0.67761
v 0.425783 0.211754 -0.688406
v 0.423239 0.217888 -0.680321
v 0.24049 0.189087 -0.885305
v 0.245719 0.183802 -0.889665
v 0.2035 0.19537 -0.908106
v 0.217135 0.195907 -0.894596
v 0.195532 0.201705 -0.904883
v 0.222883 0.205626 -0.872276
v 0.197852 0.211878 -0.885237
v 0.244971 0.22302 -0.820349
v 0.211672 0.233098 -0.834411
v 0.157519 0.213498 -0.923744
v 0.151166 0.207879 -0.939125
v 0.159119 0.206607 -0.932738
v 0.146069 0.197473 -0.959271
v 0.151472 0.191218 -0.963366
v 0.147528 0.192382 -0.965736
v 0.151378 0.190309 -0.964889
v 0.151328 0.189681 -0.965936
v 0.156581 0.188374 -0.962469
v 0.151309 0.189318 -0.966585
v 0.162911 0.186658 -0.958755
v 0.146479 0.601444 -0.067382
v 0.146542 0.60153 -0.06651
v 0.146914 0.601533 -0.066719
v 0.146885 0.601449 -0.067647
v 0.426235 0.158318 -0.769392
v 0.428935 0.157321 -0.766568
v 0.428861 0.157369 -0.766281
v 0.426166 0.158357 -0.769106
v 0.493657 0.290509 -0.343398
v 0.493018 0.295092 -0.338747
v 0.491022 0.302526 -0.331667
v 0.48938 0.306828 -0.327924
v 0.493345 0.292357 -0.341661
v 0.493522 0.290424 -0.343665
v 0.493379 0.286956 -0.347519
v 0.493516 0.287012 -0.3473
v 0.48757 0.274081 -0.43337
v 0.4915 0.299848 -0.34215
v 0.490159 0.304368 -0.338547
v 0.490292 0.302994 -0.343923
v 0.488656 0.307685 -0.340359
v 0.487011 0.290395 -0.40433
v 0.48251 0.274566 -0.457304
v 0.485096 0.266088 -0.458907
v 0.143596 0.212518 -0.982139
v 0.146225 0.210631 -0.982988
v 0.146062 0.210369 -0.982952
v 0.143434 0.212256 -0.982103
v 0.143596 0.212518 -0.982139
v 0.141344 0.214713 -0.980445
v 0.141551 0.214897 -0.980334
v 0.143786 0.21271 -0.982022
v 0.493774 0.28642 -0.348065
v 0.515657 0.284686 -0.346482
v 0.515635 0.28488 -0.346191
v 0.511554 0.285136 -0.346476
v 0.508387 0.285384 -0.346709
v 0.49564 0.286384 -0.347649
v 0.493795 0.286555 -0.34779
v 0.516202 0.284763 -0.347145
v 0.516033 0.284492 -0.347327
v 0.515197 0.274542 -0.381897
v 0.514907 0.2718 -0.392094
v 0.1631 0.186463 -0.959291
v 0.405352 0.162129 -0.786995
v 0.421876 0.159405 -0.773361
v 0.421808 0.159436 -0.773079
v 0.415025 0.160686 -0.778815
v 0.163003 0.186474 -0.959078
v 0.156688 0.187809 -0.963416
v 0.156766 0.187803 -0.963642
v 0.495847 0.341907 -0.3066
v 0.495657 0.341838 -0.306119
v 0.502472 0.331241 -0.313955
v 0.502667 0.33129 -0.31442
v 0.482783 0.320408 -0.316167
v 0.482912 0.320244 -0.317124
v 0.480168 0.32465 -0.31319
v 0.483748 0.31918 -0.323216
v 0.486143 0.314623 -0.327035
v 0.488231 0.309967 -0.330902
v 0.487597 0.311114 -0.325211
v 0.489448 0.306497 -0.32934
v 0.489374 0.306685 -0.32849
v 0.487504 0.311291 -0.324321
v 0.144712 0.207442 -0.98111
v 0.141373 0.20002 -0.976182
v 0.140525 0.204358 -0.977049
v 0.142868 0.210823 -0.981263
v 0.143218 0.211755 -0.981843
v 0.145816 0.209874 -0.982694
v 0.493589 0.286596 -0.347811
v 0.49354 0.286736 -0.347631
v 0.49342 0.286678 -0.347835
v 0.493531 0.286518 -0.348005
v 0.136984 0.223132 -0.969077
v 0.136486 0.227145 -0.963386
v 0.136252 0.23149 -0.956936
v 0.136348 0.232008 -0.95723
v 0.137095 0.223657 -0.969359
v 0.49354 0.286736 -0.347631
v 0.493589 0.286596 -0.347811
v 0.493795 0.286555 -0.34779
v 0.493787 0.286737 -0.347522
v 0.508193 0.319797 -0.322238
v 0.508391 0.31982 -0.322674
v 0.502667 0.33129 -0.31442
v 0.502472 0.331241 -0.313955
v 0.437906 0.182705 -0.717873
v 0.426241 0.158586 -0.768551
v 0.428929 0.157605 -0.765719
v 0.442876 0.187457 -0.701547
v 0.384937 0.424656 -0.229898
v 0.366979 0.43956 -0.216803
v 0.384582 0.424102 -0.229917
v 0.401518 0.408474 -0.242763
v 0.459119 0.35602 -0.286178
v 0.448348 0.367355 -0.277434
v 0.461408 0.358162 -0.286218
v 0.450545 0.369577 -0.277571
v 0.464117 0.360694 -0.286265
v 0.453143 0.372207 -0.277731
v 0.46683 0.363231 -0.286313
v 0.455747 0.374841 -0.277893
v 0.469132 0.365384 -0.286352
v 0.457956 0.377076 -0.27803
v 0.480157 0.358686 -0.292874
v 0.460379 0.379515 -0.278244
v 0.42891 0.406339 -0.257076
v 0.444361 0.39099 -0.268134
v 0.426905 0.403955 -0.256713
v 0.442252 0.388677 -0.267888
v 0.424544 0.401143 -0.256286
v 0.439766 0.385951 -0.267597
v 0.422186 0.398335 -0.25586
v 0.437286 0.383231 -0.267308
v 0.420193 0.395963 -0.255498
v 0.435187 0.380929 -0.267062
v 0.140383 0.19782 -0.974721
v 0.139324 0.195447 -0.973116
v 0.138199 0.197929 -0.972854
v 0.138751 0.199458 -0.973854
v 0.139564 0.201703 -0.975318
v 0.140525 0.204358 -0.977049
v 0.141373 0.20002 -0.976182
v 0.138413 0.451992 -0.489569
v 0.139766 0.487658 -0.398652
v 0.140155 0.499034 -0.367826
v 0.139534 0.487973 -0.398685
v 0.138073 0.452364 -0.489659
v 0.135961 0.291394 -0.817317
v 0.135896 0.252726 -0.88442
v 0.136133 0.243072 -0.900143
v 0.13613 0.276598 -0.842856
v 0.470804 0.21538 -0.573699
v 0.457993 0.190473 -0.645429
v 0.454901 0.184266 -0.662421
v 0.47086 0.215184 -0.573642
v 0.476386 0.226397 -0.54014
v 0.482418 0.239727 -0.497787
v 0.48392 0.243887 -0.48512
v 0.144239 0.567511 -0.216537
v 0.14486 0.567313 -0.216872
v 0.141754 0.529675 -0.343997
v 0.139474 0.48415 -0.467699
v 0.13888 0.4843 -0.467658
v 0.14119 0.529848 -0.34382
v 0.145671 0.568083 -0.121701
v 0.145279 0.561675 -0.148481
v 0.145804 0.567739 -0.121746
v 0.146405 0.579857 -0.066257
v 0.146242 0.580199 -0.066147
v 0.460503 0.151359 -0.747461
v 0.460675 0.151412 -0.747276
v 0.460588 0.151221 -0.747084
v 0.515731 0.296757 -0.344481
v 0.512747 0.308073 -0.331482
v 0.514229 0.302695 -0.33512
v 0.515921 0.294203 -0.340733
v 0.516352 0.292066 -0.35006
v 0.515818 0.295919 -0.348155
v 0.514229 0.302695 -0.33512
v 0.512747 0.308073 -0.331482
v 0.510849 0.313863 -0.327512
v 0.508543 0.319792 -0.323384
v 0.508391 0.31982 -0.322674
v 0.512607 0.308137 -0.330845
v 0.514096 0.302778 -0.334523
v 0.460503 0.151359 -0.747461
v 0.460588 0.151221 -0.747084
v 0.460485 0.151218 -0.747272
v 0.447365 0.394163 -0.268992
v 0.431887 0.409624 -0.258606
v 0.414956 0.425691 -0.246951
v 0.431755 0.409596 -0.258093
v 0.147409 0.191106 -0.970472
v 0.143956 0.192508 -0.972239
v 0.152239 0.206736 -0.982023
v 0.156308 0.205372 -0.980438
v 0.237087 0.556867 -0.128163
v 0.161971 0.595719 -0.077652
v 0.161992 0.595818 -0.076664
v 0.237128 0.557033 -0.127226
v 0.493315 0.286856 -0.347861
v 0.49333 0.287302 -0.347361
v 0.493318 0.287143 -0.347889
v 0.493301 0.286701 -0.348374
v 0.478655 0.326935 -0.320039
v 0.475543 0.331101 -0.316335
v 0.475994 0.329631 -0.322599
v 0.475718 0.310783 -0.39362
v 0.473851 0.302593 -0.42258
v 0.476602 0.299001 -0.424328
v 0.479151 0.310722 -0.382043
v 0.510822 0.254811 -0.450737
v 0.516298 0.285244 -0.34685
v 0.516202 0.284763 -0.347145
v 0.514907 0.2718 -0.392094
v 0.510718 0.25434 -0.450696
v 0.146691 0.580929 -0.06488
v 0.146716 0.580296 -0.065012
v 0.147338 0.580011 -0.065295
v 0.147338 0.580655 -0.065163
v 0.146225 0.210631 -0.982988
v 0.149219 0.208978 -0.983061
v 0.149056 0.208711 -0.983021
v 0.146062 0.210369 -0.982952
v 0.13915 0.194814 -0.972218
v 0.137825 0.196378 -0.971319
v 0.137749 0.196425 -0.971618
v 0.139108 0.194853 -0.972504
v 0.29998 0.517601 -0.16899
v 0.320317 0.503251 -0.182678
v 0.320348 0.503235 -0.183222
v 0.237128 0.557033 -0.127226
v 0.161992 0.595818 -0.076664
v 0.161988 0.595773 -0.076031
v 0.216752 0.568386 -0.112877
v 0.258254 0.544587 -0.140871
v 0.147338 0.580655 -0.065163
v 0.147699 0.600442 -0.066
v 0.146857 0.600714 -0.065622
v 0.146691 0.580929 -0.06488
v 0.508543 0.319792 -0.323384
v 0.510849 0.313863 -0.327512
v 0.511523 0.312961 -0.335006
v 0.509278 0.319016 -0.331227
v 0.505851 0.325628 -0.31925
v 0.16159 0.204861 -0.978306
v 0.173741 0.202366 -0.970761
v 0.173612 0.202075 -0.970682
v 0.161441 0.204579 -0.978245
v 0.156872 0.206373 -0.980666
v 0.152816 0.207718 -0.982226
v 0.149371 0.209187 -0.982946
v 0.149584 0.209439 -0.982592
v 0.156985 0.206664 -0.980339
v 0.146995 0.19053 -0.969624
v 0.143606 0.191916 -0.971378
v 0.143621 0.191937 -0.97164
v 0.147032 0.19054 -0.969876
v 0.504766 0.306471 -0.406865
v 0.506988 0.323141 -0.338231
v 0.509591 0.317162 -0.341744
v 0.510865 0.301405 -0.384974
v 0.509417 0.294556 -0.410202
v 0.501676 0.27031 -0.489891
v 0.499469 0.275925 -0.489903
v 0.503947 0.288841 -0.44903
v 0.501385 0.294565 -0.448115
v 0.505851 0.325628 -0.31925
v 0.509278 0.319016 -0.331227
v 0.503641 0.330676 -0.32352
v 0.502824 0.331289 -0.315176
v 0.460588 0.151221 -0.747084
v 0.460716 0.151313 -0.7467
v 0.460445 0.151181 -0.74661
v 0.460337 0.1511 -0.747017
v 0.445451 0.220018 -0.649967
v 0.473851 0.302593 -0.42258
v 0.475718 0.310783 -0.39362
v 0.471887 0.314977 -0.391092
v 0.455588 0.258141 -0.561053
v 0.438971 0.216231 -0.665931
v 0.441889 0.213088 -0.666917
v 0.15661 0.20587 -0.980714
v 0.161441 0.204579 -0.978245
v 0.161134 0.204076 -0.97796
v 0.156308 0.205372 -0.980438
v 0.516352 0.292066 -0.35006
v 0.516569 0.289106 -0.351431
v 0.510922 0.260501 -0.451077
v 0.508308 0.252842 -0.475926
v 0.508018 0.255663 -0.476151
v 0.510679 0.263415 -0.451103
v 0.510136 0.26718 -0.451014
v 0.515834 0.294654 -0.353376
v 0.515818 0.295919 -0.348155
v 0.13586 0.203799 -0.963929
v 0.13621 0.200586 -0.967326
v 0.135859 0.203319 -0.963552
v 0.135668 0.206706 -0.958751
v 0.135577 0.220068 -0.939989
v 0.135677 0.277714 -0.843534
v 0.136279 0.342117 -0.725867
v 0.137767 0.453384 -0.490025
v 0.138733 0.477474 -0.429618
v 0.139985 0.499994 -0.368099
v 0.142242 0.530104 -0.274335
v 0.143776 0.547584 -0.210743
v 0.146156 0.58085 -0.066104
v 0.146147 0.600646 -0.067083
v 0.140003 0.518331 -0.374669
v 0.136252 0.23149 -0.956936
v 0.136486 0.227145 -0.963386
v 0.135985 0.219112 -0.958398
v 0.13604 0.212256 -0.962306
v 0.135835 0.209823 -0.960788
v 0.135959 0.204759 -0.964557
v 0.442237 0.15021 -0.749639
v 0.440083 0.150089 -0.749883
v 0.438828 0.15003 -0.750009
v 0.438739 0.150094 -0.750312
v 0.445406 0.150392 -0.749277
v 0.14626 0.601239 -0.067209
v 0.14635 0.601344 -0.066327
v 0.146542 0.60153 -0.06651
v 0.146479 0.601444 -0.067382
v 0.136993 0.228036 -0.963701
v 0.136562 0.260931 -0.910863
v 0.137041 0.27034 -0.894899
v 0.137923 0.224152 -0.969123
v 0.138782 0.220638 -0.973802
v 0.138376 0.220506 -0.97407
v 0.452798 0.169473 -0.766074
v 0.499469 0.275925 -0.489903
v 0.501676 0.27031 -0.489891
v 0.509417 0.294556 -0.410202
v 0.511123 0.288637 -0.411567
v 0.509079 0.281128 -0.437385
v 0.5104 0.275708 -0.438024
v 0.509201 0.271852 -0.45077
v 0.455963 0.164733 -0.760691
v 0.486916 0.352227 -0.297996
v 0.487192 0.352404 -0.298283
v 0.472423 0.368365 -0.286923
v 0.46111 0.380159 -0.278735
v 0.447136 0.393981 -0.268673
v 0.460716 0.151313 -0.7467
v 0.460588 0.151221 -0.747084
v 0.460675 0.151412 -0.747276
v 0.460817 0.151525 -0.746901
v 0.487379 0.352482 -0.298775
v 0.495847 0.341907 -0.3066
v 0.496006 0.341917 -0.30738
v 0.492205 0.346945 -0.303648
v 0.487537 0.352493 -0.29957
v 0.460261 0.151143 -0.747284
v 0.460337 0.1511 -0.747017
v 0.4597 0.151011 -0.747048
v 0.459631 0.151059 -0.747345
v 0.449386 0.158945 -0.75857
v 0.442099 0.156067 -0.758277
v 0.439021 0.154853 -0.758154
v 0.4409 0.1575 -0.760527
v 0.437828 0.156091 -0.760338
v 0.441527 0.162498 -0.765641
v 0.443123 0.160857 -0.763182
v 0.445139 0.164592 -0.766008
v 0.446752 0.162746 -0.763476
v 0.448204 0.16637 -0.76632
v 0.449831 0.164349 -0.763725
v 0.450305 0.16759 -0.766532
v 0.453377 0.163223 -0.761286
v 0.453205 0.166116 -0.763977
v 0.455872 0.161513 -0.758808
v 0.45531 0.164139 -0.761331
v 0.458974 0.15574 -0.752334
v 0.460142 0.151621 -0.747954
v 0.459467 0.15155 -0.748068
v 0.458296 0.15558 -0.752411
v 0.45746 0.153893 -0.75093
v 0.451153 0.155569 -0.754374
v 0.453484 0.15819 -0.756401
v 0.446725 0.155955 -0.756287
v 0.440717 0.152769 -0.754472
v 0.438608 0.152205 -0.754488
v 0.437888 0.153034 -0.756134
v 0.436657 0.15264 -0.756086
v 0.434513 0.154585 -0.760104
v 0.434353 0.156292 -0.762467
v 0.436925 0.154028 -0.758066
v 0.439021 0.154853 -0.758154
v 0.442099 0.156067 -0.758277
v 0.439988 0.153728 -0.756173
v 0.443075 0.154748 -0.756225
v 0.493294 0.292215 -0.342108
v 0.493301 0.292006 -0.342776
v 0.493468 0.290674 -0.347148
v 0.488003 0.260436 -0.448067
v 0.488065 0.258608 -0.448356
v 0.493587 0.288817 -0.348827
v 0.493465 0.290094 -0.344705
v 0.493459 0.288741 -0.346134
v 0.493465 0.288924 -0.345549
v 0.493465 0.29029 -0.344082
v 0.137987 0.220087 -0.974102
v 0.139355 0.217035 -0.977769
v 0.139202 0.216516 -0.977502
v 0.137858 0.219562 -0.973827
v 0.513904 0.302808 -0.334158
v 0.514969 0.298143 -0.337355
v 0.515158 0.298099 -0.337692
v 0.514096 0.302778 -0.334523
v 0.512607 0.308137 -0.330845
v 0.512411 0.30815 -0.330453
v 0.478655 0.326935 -0.320039
v 0.479151 0.310722 -0.382043
v 0.476602 0.299001 -0.424328
v 0.474048 0.290241 -0.452991
v 0.476476 0.28665 -0.454169
v 0.479045 0.295251 -0.426012
v 0.4813 0.291277 -0.42765
v 0.483945 0.302634 -0.386873
v 0.48438 0.316868 -0.333234
v 0.481475 0.322695 -0.323684
v 0.500787 0.334389 -0.331118
v 0.500147 0.324558 -0.375414
v 0.49675 0.329627 -0.37286
v 0.493648 0.340456 -0.3443
v 0.493582 0.344561 -0.324188
v 0.49311 0.346377 -0.312378
v 0.496882 0.341359 -0.316016
v 0.500611 0.335514 -0.324494
v 0.15661 0.20587 -0.980714
v 0.152527 0.207229 -0.98229
v 0.152686 0.207501 -0.982335
v 0.156764 0.206146 -0.980766
v 0.516159 0.284922 -0.346575
v 0.516202 0.284763 -0.347145
v 0.516298 0.285244 -0.34685
v 0.516249 0.285397 -0.346266
v 0.139513 0.217296 -0.977816
v 0.138142 0.220345 -0.974157
v 0.138376 0.220506 -0.97407
v 0.139733 0.21747 -0.977714
v 0.486428 0.313724 -0.331061
v 0.488656 0.307685 -0.340359
v 0.490292 0.302994 -0.343923
v 0.490159 0.304368 -0.338547
v 0.489973 0.305286 -0.334788
v 0.488231 0.309967 -0.330902
v 0.486143 0.314623 -0.327035
v 0.493787 0.286737 -0.347522
v 0.493795 0.286555 -0.34779
v 0.49564 0.286384 -0.347649
v 0.508387 0.285384 -0.346709
v 0.438295 0.150044 -0.749793
v 0.438347 0.150132 -0.749505
v 0.438079 0.150156 -0.749585
v 0.438088 0.150075 -0.749795
v 0.136439 0.235213 -0.912858
v 0.136451 0.263464 -0.865068
v 0.13613 0.276598 -0.842856
v 0.136133 0.243072 -0.900143
v 0.460716 0.151313 -0.7467
v 0.460864 0.15155 -0.746024
v 0.460588 0.151416 -0.745925
v 0.460445 0.151181 -0.74661
v 0.475994 0.329631 -0.322599
v 0.475543 0.331101 -0.316335
v 0.464228 0.344055 -0.295682
v 0.469887 0.337866 -0.301062
v 0.469699 0.338032 -0.30003
v 0.445457 0.363819 -0.278834
v 0.432548 0.376959 -0.269396
v 0.44563 0.363587 -0.279897
v 0.432783 0.376601 -0.270933
v 0.445901 0.363281 -0.281417
v 0.433091 0.376089 -0.27311
v 0.446261 0.362839 -0.283562
v 0.433418 0.375255 -0.27644
v 0.146447 0.580031 -0.065552
v 0.146723 0.579789 -0.0657
v 0.146737 0.579991 -0.065271
v 0.146509 0.580131 -0.06524
v 0.430715 0.156639 -0.76343
v 0.428929 0.157605 -0.765719
v 0.428861 0.157369 -0.766281
v 0.43066 0.156396 -0.763995
v 0.436908 0.151317 -0.752706
v 0.437782 0.150258 -0.749982
v 0.437822 0.150524 -0.749469
v 0.436935 0.151584 -0.752168
v 0.148787 0.208219 -0.982761
v 0.145816 0.209874 -0.982694
v 0.146062 0.210369 -0.982952
v 0.149056 0.208711 -0.983021
v 0.443075 0.154748 -0.756225
v 0.439988 0.153728 -0.756173
v 0.442099 0.156067 -0.758277
v 0.449386 0.158945 -0.75857
v 0.446725 0.155955 -0.756287
v 0.453484 0.15819 -0.756401
v 0.451153 0.155569 -0.754374
v 0.45746 0.153893 -0.75093
v 0.458296 0.15558 -0.752411
v 0.459467 0.15155 -0.748068
v 0.455987 0.151293 -0.748463
v 0.448723 0.151695 -0.750468
v 0.452152 0.153042 -0.751262
v 0.448442 0.152448 -0.751493
v 0.451732 0.154191 -0.752673
v 0.444358 0.152637 -0.752942
v 0.441242 0.151982 -0.753056
v 0.443817 0.153601 -0.754443
v 0.440717 0.152769 -0.754472
v 0.417506 0.392577 -0.255464
v 0.40132 0.40793 -0.243419
v 0.417467 0.392347 -0.255896
v 0.432371 0.377659 -0.267182
v 0.442237 0.15021 -0.749639
v 0.445406 0.150392 -0.749277
v 0.449226 0.150528 -0.74855
v 0.445478 0.150345 -0.748986
v 0.144646 0.57557 -0.184182
v 0.143776 0.567279 -0.216182
v 0.14626 0.601239 -0.067209
v 0.146479 0.601444 -0.067382
v 0.152527 0.207229 -0.98229
v 0.15661 0.20587 -0.980714
v 0.156308 0.205372 -0.980438
v 0.152239 0.206736 -0.982023
v 0.444239 0.210125 -0.667589
v 0.474048 0.290241 -0.452991
v 0.476602 0.299001 -0.424328
v 0.473851 0.302593 -0.42258
v 0.445451 0.220018 -0.649967
v 0.141025 0.193371 -0.972513
v 0.139108 0.194853 -0.972504
v 0.139147 0.195016 -0.972756
v 0.141091 0.193528 -0.972758
v 0.144832 0.554276 -0.178821
v 0.144091 0.546361 -0.21065
v 0.143305 0.537893 -0.242517
v 0.140143 0.487287 -0.39866
v 0.138917 0.451563 -0.489491
v 0.139613 0.451036 -0.489414
v 0.140297 0.47523 -0.429261
v 0.141149 0.47455 -0.429305
v 0.141539 0.486106 -0.398807
v 0.142844 0.485058 -0.398976
v 0.515158 0.298099 -0.337692
v 0.514969 0.298143 -0.337355
v 0.515615 0.294362 -0.339909
v 0.515936 0.291407 -0.34187
v 0.516118 0.291345 -0.342159
v 0.515801 0.294306 -0.340221
v 0.502667 0.33129 -0.31442
v 0.502824 0.331289 -0.315176
v 0.496006 0.341917 -0.30738
v 0.495847 0.341907 -0.3066
v 0.450661 0.171307 -0.769212
v 0.450737 0.171619 -0.768869
v 0.452798 0.169473 -0.766074
v 0.452693 0.169187 -0.76643
v 0.146629 0.601512 -0.066123
v 0.14635 0.601344 -0.066327
v 0.146535 0.601353 -0.065904
v 0.146902 0.60129 -0.065837
v 0.146629 0.601512 -0.066123
v 0.146535 0.601353 -0.065904
v 0.146902 0.60129 -0.065837
v 0.146934 0.601488 -0.06618
v 0.146629 0.601512 -0.066123
v 0.452693 0.169187 -0.76643
v 0.452798 0.169473 -0.766074
v 0.455963 0.164733 -0.760691
v 0.455819 0.164499 -0.76107
v 0.460653 0.151754 -0.747642
v 0.460804 0.151887 -0.74727
v 0.460817 0.151525 -0.746901
v 0.460675 0.151412 -0.747276
v 0.437822 0.150524 -0.749469
v 0.438355 0.151875 -0.746906
v 0.439289 0.155306 -0.741641
v 0.436935 0.151584 -0.752168
v 0.149371 0.209187 -0.982946
v 0.152816 0.207718 -0.982226
v 0.152686 0.207501 -0.982335
v 0.149219 0.208978 -0.983061
v 0.14644 0.580389 -0.065079
v 0.146302 0.580347 -0.065429
v 0.146447 0.580031 -0.065552
v 0.14644 0.580389 -0.065079
v 0.146447 0.580031 -0.065552
v 0.146509 0.580131 -0.06524
v 0.146737 0.579991 -0.065271
v 0.14644 0.580389 -0.065079
v 0.146509 0.580131 -0.06524
v 0.146737 0.579991 -0.065271
v 0.146716 0.580296 -0.065012
v 0.14644 0.580389 -0.065079
v 0.442213 0.160278 -0.728307
v 0.438355 0.151875 -0.746906
v 0.437822 0.150524 -0.749469
v 0.437782 0.150258 -0.749982
v 0.437915 0.150189 -0.749735
v 0.440911 0.157152 -0.735375
v 0.444243 0.163869 -0.718601
v 0.446366 0.168377 -0.707096
v 0.458974 0.15574 -0.752334
v 0.45531 0.164139 -0.761331
v 0.45418 0.166701 -0.763904
v 0.456863 0.161964 -0.75869
v 0.458686 0.157651 -0.754124
v 0.397255 0.441609 -0.235664
v 0.37882 0.457443 -0.223235
v 0.359801 0.473008 -0.210477
v 0.378797 0.457594 -0.222447
v 0.414956 0.425691 -0.246951
v 0.447509 0.192159 -0.684347
v 0.460834 0.219944 -0.613553
v 0.459361 0.223118 -0.613895
v 0.442876 0.187457 -0.701547
v 0.428929 0.157605 -0.765719
v 0.430927 0.157154 -0.762393
v 0.430715 0.156639 -0.76343
v 0.433597 0.154619 -0.758981
v 0.435715 0.152811 -0.755025
v 0.435869 0.153334 -0.754002
v 0.434926 0.154182 -0.755862
v 0.437582 0.160853 -0.742107
v 0.435388 0.15927 -0.749727
v 0.438238 0.165428 -0.736137
v 0.435398 0.163022 -0.746124
v 0.448634 0.189681 -0.6836
v 0.515997 0.284656 -0.346761
v 0.516033 0.284492 -0.347327
v 0.516202 0.284763 -0.347145
v 0.516159 0.284922 -0.346575
v 0.145496 0.5614 -0.148608
v 0.144832 0.554276 -0.178821
v 0.142844 0.485058 -0.398976
v 0.141868 0.449419 -0.489231
v 0.14455 0.447616 -0.489122
v 0.145565 0.483077 -0.399356
v 0.150815 0.47949 -0.400104
v 0.159706 0.473628 -0.401381
v 0.15143 0.490411 -0.369911
v 0.160436 0.484452 -0.37169
v 0.152212 0.500847 -0.339552
v 0.161342 0.494815 -0.341849
v 0.153185 0.510762 -0.30909
v 0.162445 0.50469 -0.311916
v 0.154351 0.520149 -0.278567
v 0.16375 0.514065 -0.281945
v 0.155704 0.529014 -0.248012
v 0.165257 0.522945 -0.251976
v 0.150307 0.558321 -0.152099
v 0.149108 0.551289 -0.181605
v 0.148127 0.559665 -0.150528
v 0.147157 0.552596 -0.180341
v 0.146447 0.572174 -0.100611
v 0.475994 0.329631 -0.322599
v 0.433418 0.375255 -0.27644
v 0.418423 0.388339 -0.270164
v 0.447055 0.360921 -0.29169
v 0.433861 0.371865 -0.28895
v 0.471887 0.314977 -0.391092
v 0.475718 0.310783 -0.39362
v 0.516531 0.289959 -0.348075
v 0.516569 0.289106 -0.351431
v 0.516352 0.292066 -0.35006
v 0.515921 0.294203 -0.340733
v 0.51623 0.291239 -0.342633
v 0.516392 0.288831 -0.344717
v 0.516565 0.28774 -0.349155
v 0.426331 0.183272 -0.732338
v 0.435347 0.185501 -0.717992
v 0.442792 0.199933 -0.685146
v 0.436498 0.196161 -0.700689
v 0.444239 0.210125 -0.667589
v 0.445451 0.220018 -0.649967
v 0.441889 0.213088 -0.666917
v 0.438971 0.216231 -0.665931
v 0.434708 0.210555 -0.680735
v 0.143621 0.191937 -0.97164
v 0.141025 0.193371 -0.972513
v 0.141091 0.193528 -0.972758
v 0.143711 0.19209 -0.97188
v 0.452047 0.233864 -0.675374
v 0.456007 0.230045 -0.67622
v 0.4516 0.223762 -0.692591
v 0.440153 0.200525 -0.742137
v 0.443167 0.232987 -0.68735
v 0.447334 0.237606 -0.674456
v 0.453601 0.250473 -0.642366
v 0.45917 0.247141 -0.641507
v 0.147341 0.579686 -0.065582
v 0.147338 0.580011 -0.065295
v 0.146716 0.580296 -0.065012
v 0.146737 0.579991 -0.065271
v 0.147739 0.601311 -0.067208
v 0.147735 0.601218 -0.068195
v 0.146885 0.601449 -0.067647
v 0.146914 0.601533 -0.066719
v 0.146405 0.579857 -0.066257
v 0.146707 0.579581 -0.066449
v 0.146723 0.579789 -0.0657
v 0.146447 0.580031 -0.065552
v 0.4813 0.291277 -0.42765
v 0.475655 0.273666 -0.483297
v 0.477688 0.269802 -0.483843
v 0.485276 0.29478 -0.4023
v 0.485986 0.298353 -0.389229
v 0.483945 0.302634 -0.386873
v 0.146629 0.601512 -0.066123
v 0.146542 0.60153 -0.06651
v 0.14635 0.601344 -0.066327
v 0.444239 0.210125 -0.667589
v 0.449608 0.214629 -0.650289
v 0.442792 0.199933 -0.685146
v 0.448041 0.20454 -0.667937
v 0.475655 0.273666 -0.483297
v 0.4813 0.291277 -0.42765
v 0.479045 0.295251 -0.426012
v 0.476476 0.28665 -0.454169
v 0.474048 0.290241 -0.452991
v 0.511523 0.312961 -0.335006
v 0.513564 0.305049 -0.34829
v 0.511123 0.288637 -0.411567
v 0.509417 0.294556 -0.410202
v 0.510865 0.301405 -0.384974
v 0.509591 0.317162 -0.341744
v 0.509278 0.319016 -0.331227
v 0.43788 0.151289 -0.753149
v 0.437602 0.150763 -0.752061
v 0.437259 0.151193 -0.753098
v 0.435085 0.153348 -0.757887
v 0.433901 0.154338 -0.75999
v 0.433132 0.155668 -0.762338
v 0.434513 0.154585 -0.760104
v 0.436657 0.15264 -0.756086
v 0.437888 0.153034 -0.756134
v 0.438608 0.152205 -0.754488
v 0.440717 0.152769 -0.754472
v 0.443817 0.153601 -0.754443
v 0.441242 0.151982 -0.753056
v 0.444358 0.152637 -0.752942
v 0.441607 0.151353 -0.751916
v 0.444739 0.151854 -0.751722
v 0.441854 0.150875 -0.751041
v 0.452905 0.150822 -0.748419
v 0.449152 0.150608 -0.748848
v 0.439714 0.150621 -0.751217
v 0.439475 0.151014 -0.752045
v 0.438226 0.150826 -0.752096
v 0.50833 0.247352 -0.475241
v 0.510822 0.254811 -0.450737
v 0.510718 0.25434 -0.450696
v 0.499138 0.225018 -0.543347
v 0.471056 0.170463 -0.696594
v 0.466076 0.161386 -0.720912
v 0.460817 0.151525 -0.746901
v 0.460804 0.151887 -0.74727
v 0.141649 0.540018 -0.312183
v 0.143938 0.567493 -0.216342
v 0.144239 0.567511 -0.216537
v 0.14119 0.529848 -0.34382
v 0.13888 0.4843 -0.467658
v 0.138493 0.471928 -0.497889
v 0.137879 0.459217 -0.527715
v 0.13859 0.484268 -0.467595
v 0.139063 0.49629 -0.437018
v 0.140233 0.519108 -0.375027
v 0.139324 0.195447 -0.973116
v 0.139147 0.195016 -0.972756
v 0.137885 0.197035 -0.972243
v 0.138199 0.197929 -0.972854
v 0.460461 0.151682 -0.747834
v 0.460653 0.151754 -0.747642
v 0.460675 0.151412 -0.747276
v 0.460503 0.151359 -0.747461
v 0.460485 0.151218 -0.747272
v 0.460588 0.151221 -0.747084
v 0.460337 0.1511 -0.747017
v 0.460261 0.151143 -0.747284
v 0.493283 0.295182 -0.338555
v 0.491271 0.302644 -0.331454
v 0.487811 0.311696 -0.32312
v 0.485568 0.316306 -0.318956
v 0.48023 0.325261 -0.310886
v 0.480031 0.325081 -0.311142
v 0.482815 0.320673 -0.315129
v 0.487582 0.311551 -0.323354
v 0.491022 0.302526 -0.331667
v 0.493018 0.295092 -0.338747
v 0.493657 0.290509 -0.343398
v 0.493516 0.287012 -0.3473
v 0.49354 0.286736 -0.347631
v 0.493787 0.286737 -0.347522
v 0.493932 0.290569 -0.343226
v 0.493648 0.340456 -0.3443
v 0.49675 0.329627 -0.37286
v 0.49186 0.309978 -0.444696
v 0.490439 0.305506 -0.459288
v 0.486689 0.309853 -0.458268
v 0.460461 0.151682 -0.747834
v 0.460142 0.151621 -0.747954
v 0.458974 0.15574 -0.752334
v 0.458686 0.157651 -0.754124
v 0.493465 0.29029 -0.344082
v 0.493522 0.290424 -0.343665
v 0.493345 0.292357 -0.341661
v 0.493294 0.292215 -0.342108
v 0.137696 0.208749 -0.972608
v 0.136249 0.201054 -0.967701
v 0.136808 0.198399 -0.970085
v 0.13621 0.200586 -0.967326
v 0.13586 0.203799 -0.963929
v 0.135959 0.204759 -0.964557
v 0.135835 0.209823 -0.960788
v 0.13604 0.212256 -0.962306
v 0.135985 0.219112 -0.958398
v 0.136486 0.227145 -0.963386
v 0.136984 0.223132 -0.969077
v 0.137858 0.219562 -0.973827
v 0.137191 0.214494 -0.97067
v 0.137038 0.391474 -0.67283
v 0.136298 0.309294 -0.82745
v 0.1361 0.29446 -0.853172
v 0.13843 0.484057 -0.467484
v 0.139063 0.49629 -0.437018
v 0.13859 0.484268 -0.467595
v 0.137879 0.459217 -0.527715
v 0.460261 0.151143 -0.747284
v 0.459631 0.151059 -0.747345
v 0.459563 0.151222 -0.747653
v 0.460215 0.151297 -0.747558
v 0.451793 0.17869 -0.678671
v 0.446366 0.168377 -0.707096
v 0.444243 0.163869 -0.718601
v 0.449059 0.173144 -0.693519
v 0.438828 0.15003 -0.750009
v 0.440083 0.150089 -0.749883
v 0.442309 0.150191 -0.749354
v 0.438295 0.150044 -0.749793
v 0.438217 0.150031 -0.750032
v 0.45917 0.247141 -0.641507
v 0.453601 0.250473 -0.642366
v 0.476557 0.324264 -0.440187
v 0.483317 0.318982 -0.441965
v 0.481879 0.314298 -0.4571
v 0.146885 0.601449 -0.067647
v 0.144239 0.567511 -0.216537
v 0.143938 0.567493 -0.216342
v 0.144646 0.57557 -0.184182
v 0.146479 0.601444 -0.067382
v 0.4915 0.299848 -0.34215
v 0.48757 0.274081 -0.43337
v 0.484534 0.258175 -0.472208
v 0.485108 0.255 -0.472487
v 0.487741 0.262956 -0.447611
v 0.493154 0.29232 -0.3482
v 0.434312 0.177047 -0.784146
v 0.434222 0.176781 -0.784266
v 0.173741 0.202366 -0.970761
v 0.16159 0.204861 -0.978306
v 0.161677 0.205096 -0.978218
v 0.515866 0.284914 -0.346187
v 0.515932 0.285127 -0.345996
v 0.515654 0.285159 -0.345911
v 0.515635 0.28488 -0.346191
v 0.146902 0.60129 -0.065837
v 0.146857 0.600714 -0.065622
v 0.147699 0.600442 -0.066
v 0.147724 0.601043 -0.066221
v 0.14486 0.567313 -0.216872
v 0.144239 0.567511 -0.216537
v 0.146885 0.601449 -0.067647
v 0.147735 0.601218 -0.068195
v 0.447365 0.394163 -0.268992
v 0.431755 0.409596 -0.258093
v 0.414844 0.425676 -0.246437
v 0.39694 0.441568 -0.234012
v 0.431542 0.409419 -0.257765
v 0.447136 0.393981 -0.268673
v 0.46111 0.380159 -0.278735
v 0.143305 0.537893 -0.242517
v 0.140347 0.498742 -0.367803
v 0.140143 0.487287 -0.39866
v 0.493102 0.293269 -0.344883
v 0.493468 0.290674 -0.347148
v 0.493301 0.292006 -0.342776
v 0.492871 0.294624 -0.340242
v 0.141001 0.21394 -0.980144
v 0.139202 0.216516 -0.977502
v 0.139355 0.217035 -0.977769
v 0.141185 0.214452 -0.980406
v 0.470908 0.17025 -0.696432
v 0.498977 0.224783 -0.543252
v 0.515197 0.274542 -0.381897
v 0.516033 0.284492 -0.347327
v 0.515997 0.284656 -0.346761
v 0.515692 0.28452 -0.346877
v 0.473561 0.175515 -0.681588
v 0.460588 0.151416 -0.745925
v 0.460864 0.15155 -0.746024
v 0.464116 0.157796 -0.729636
v 0.147699 0.600442 -0.066
v 0.299615 0.516888 -0.168251
v 0.319927 0.502549 -0.181959
v 0.340132 0.488253 -0.19571
v 0.299878 0.517426 -0.168596
v 0.279185 0.531224 -0.154638
v 0.161953 0.595545 -0.075627
v 0.147724 0.601043 -0.066221
v 0.441259 0.18981 -0.702042
v 0.435347 0.185501 -0.717992
v 0.431287 0.178785 -0.733296
v 0.437906 0.182705 -0.717873
v 0.44752 0.173286 -0.77264
v 0.447563 0.173621 -0.772307
v 0.450737 0.171619 -0.768869
v 0.450661 0.171307 -0.769212
v 0.135896 0.252726 -0.88442
v 0.135766 0.219304 -0.939464
v 0.135781 0.206494 -0.958496
v 0.136132 0.203043 -0.962988
v 0.135983 0.206397 -0.958227
v 0.135931 0.210295 -0.952589
v 0.136133 0.243072 -0.900143
v 0.437348 0.150794 -0.751937
v 0.437259 0.151193 -0.753098
v 0.437602 0.150763 -0.752061
v 0.438116 0.150087 -0.750317
v 0.437869 0.150139 -0.750216
v 0.151507 0.189307 -0.967437
v 0.14714 0.190687 -0.970112
v 0.147409 0.191106 -0.970472
v 0.156308 0.205372 -0.980438
v 0.161134 0.204076 -0.97796
v 0.516037 0.287516 -0.344397
v 0.516217 0.289098 -0.343602
v 0.516118 0.291345 -0.342159
v 0.515936 0.291407 -0.34187
v 0.141035 0.193339 -0.972239
v 0.13915 0.194814 -0.972218
v 0.139108 0.194853 -0.972504
v 0.141025 0.193371 -0.972513
v 0.511523 0.312961 -0.335006
v 0.510849 0.313863 -0.327512
v 0.512747 0.308073 -0.331482
v 0.515731 0.296757 -0.344481
v 0.515818 0.295919 -0.348155
v 0.515834 0.294654 -0.353376
v 0.513564 0.305049 -0.34829
v 0.487379 0.352482 -0.298775
v 0.487537 0.352493 -0.29957
v 0.472745 0.368426 -0.288227
v 0.46141 0.380184 -0.280044
v 0.472597 0.368436 -0.287424
v 0.340132 0.488253 -0.19571
v 0.319927 0.502549 -0.181959
v 0.378568 0.457428 -0.221579
v 0.359608 0.473012 -0.208809
v 0.516156 0.285507 -0.345887
v 0.516249 0.285397 -0.346266
v 0.516325 0.288991 -0.344043
v 0.516217 0.289098 -0.343602
v 0.147735 0.601218 -0.068195
v 0.147739 0.601311 -0.067208
v 0.161992 0.595818 -0.076664
v 0.161971 0.595719 -0.077652
v 0.516156 0.285507 -0.345887
v 0.516217 0.289098 -0.343602
v 0.516037 0.287516 -0.344397
v 0.515989 0.285582 -0.345662
v 0.49795 0.289205 -0.344351
v 0.504769 0.289215 -0.343859
v 0.508396 0.291178 -0.342093
v 0.504712 0.291033 -0.342353
v 0.510611 0.297614 -0.337281
v 0.511225 0.294059 -0.339876
v 0.512724 0.297904 -0.337148
v 0.513357 0.29424 -0.339735
v 0.513986 0.298071 -0.337104
v 0.506312 0.312582 -0.326225
v 0.50959 0.302027 -0.334041
v 0.50515 0.306315 -0.330474
v 0.506543 0.301425 -0.334233
v 0.501613 0.305389 -0.330687
v 0.502955 0.300717 -0.33446
v 0.49808 0.304466 -0.330899
v 0.499374 0.300009 -0.334685
v 0.495094 0.303683 -0.331079
v 0.496343 0.299411 -0.334875
v 0.493062 0.30315 -0.331206
v 0.494281 0.299002 -0.33501
v 0.487811 0.311696 -0.32312
v 0.491271 0.302644 -0.331454
v 0.49307 0.298753 -0.335123
v 0.494371 0.292608 -0.341067
v 0.495127 0.295473 -0.338309
v 0.495807 0.290677 -0.342986
v 0.501032 0.290886 -0.342612
v 0.43066 0.156396 -0.763995
v 0.433562 0.154363 -0.759543
v 0.433597 0.154619 -0.758981
v 0.430715 0.156639 -0.76343
v 0.421879 0.159659 -0.772542
v 0.426241 0.158586 -0.768551
v 0.437906 0.182705 -0.717873
v 0.431287 0.178785 -0.733296
v 0.427582 0.17278 -0.746778
v 0.493522 0.290424 -0.343665
v 0.493465 0.29029 -0.344082
v 0.493465 0.288924 -0.345549
v 0.49333 0.287302 -0.347361
v 0.493315 0.286856 -0.347861
v 0.493379 0.286956 -0.347519
v 0.340277 0.488237 -0.197408
v 0.340295 0.488411 -0.196608
v 0.378797 0.457594 -0.222447
v 0.359801 0.473008 -0.210477
v 0.456233 0.15084 -0.747432
v 0.45305 0.150706 -0.747798
v 0.456165 0.150867 -0.747744
v 0.459631 0.151059 -0.747345
v 0.4597 0.151011 -0.747048
v 0.472597 0.368436 -0.287424
v 0.461273 0.380217 -0.279242
v 0.472423 0.368365 -0.286923
v 0.487192 0.352404 -0.298283
v 0.487379 0.352482 -0.298775
v 0.450505 0.171081 -0.769365
v 0.450661 0.171307 -0.769212
v 0.452693 0.169187 -0.76643
v 0.452522 0.168977 -0.766592
v 0.498287 0.336183 -0.309581
v 0.51019 0.313833 -0.326184
v 0.507883 0.319705 -0.321989
v 0.505194 0.325491 -0.317804
v 0.502171 0.33111 -0.313691
v 0.498877 0.33652 -0.30969
v 0.480157 0.358686 -0.292874
v 0.457956 0.377076 -0.27803
v 0.469132 0.365384 -0.286352
v 0.455747 0.374841 -0.277893
v 0.46683 0.363231 -0.286313
v 0.453143 0.372207 -0.277731
v 0.464117 0.360694 -0.286265
v 0.450545 0.369577 -0.277571
v 0.461408 0.358162 -0.286218
v 0.448348 0.367355 -0.277434
v 0.459119 0.35602 -0.286178
v 0.401518 0.408474 -0.242763
v 0.417655 0.392861 -0.25523
v 0.456214 0.353236 -0.286316
v 0.464138 0.344779 -0.293258
v 0.470293 0.338966 -0.298505
v 0.471266 0.339757 -0.298416
v 0.483145 0.33353 -0.306411
v 0.479695 0.337999 -0.30254
v 0.486223 0.335589 -0.306215
v 0.482688 0.340194 -0.302373
v 0.489305 0.33765 -0.306018
v 0.485683 0.342393 -0.302205
v 0.491923 0.339402 -0.30585
v 0.488226 0.344259 -0.302064
v 0.436501 0.151757 -0.754262
v 0.437348 0.150794 -0.751937
v 0.437869 0.150139 -0.750216
v 0.437782 0.150258 -0.749982
v 0.436908 0.151317 -0.752706
v 0.436404 0.151855 -0.753996
v 0.461102 0.158628 -0.744974
v 0.462452 0.15871 -0.739004
v 0.459668 0.156113 -0.751638
v 0.458245 0.16003 -0.755712
v 0.492703 0.224523 -0.58041
v 0.490219 0.214847 -0.597696
v 0.508018 0.255663 -0.476151
v 0.508308 0.252842 -0.475926
v 0.137249 0.223908 -0.969423
v 0.136742 0.227908 -0.96375
v 0.136993 0.228036 -0.963701
v 0.138376 0.220506 -0.97407
v 0.138142 0.220345 -0.974157
v 0.428929 0.157605 -0.765719
v 0.430715 0.156639 -0.76343
v 0.430927 0.157154 -0.762393
v 0.433132 0.155668 -0.762338
v 0.433901 0.154338 -0.75999
v 0.432524 0.155383 -0.762212
v 0.430981 0.156423 -0.764457
v 0.429766 0.157773 -0.766901
v 0.156688 0.187809 -0.963416
v 0.146995 0.19053 -0.969624
v 0.147032 0.19054 -0.969876
v 0.156766 0.187803 -0.963642
v 0.139355 0.217035 -0.977769
v 0.137987 0.220087 -0.974102
v 0.138142 0.220345 -0.974157
v 0.139513 0.217296 -0.977816
v 0.143606 0.191916 -0.971378
v 0.141035 0.193339 -0.972239
v 0.141025 0.193371 -0.972513
v 0.143621 0.191937 -0.97164
v 0.49354 0.286736 -0.347631
v 0.493516 0.287012 -0.3473
v 0.493379 0.286956 -0.347519
v 0.49342 0.286678 -0.347835
v 0.442378 0.175533 -0.777071
v 0.446662 0.19487 -0.742673
v 0.454826 0.196989 -0.726917
v 0.447563 0.173621 -0.772307
v 0.156872 0.206373 -0.980666
v 0.161677 0.205096 -0.978218
v 0.16159 0.204861 -0.978306
v 0.156764 0.206146 -0.980766
v 0.454228 0.189264 -0.664713
v 0.485108 0.255 -0.472487
v 0.484534 0.258175 -0.472208
v 0.48757 0.274081 -0.43337
v 0.485096 0.266088 -0.458907
v 0.44629 0.181026 -0.698577
v 0.440676 0.162309 -0.731463
v 0.442753 0.166265 -0.72158
v 0.441184 0.161631 -0.730424
v 0.443207 0.165498 -0.720653
v 0.441568 0.161114 -0.729618
v 0.443542 0.164922 -0.719931
v 0.44185 0.160732 -0.729018
v 0.443785 0.164502 -0.719393
v 0.338384 0.383698 -0.455078
v 0.357088 0.365655 -0.478208
v 0.358297 0.374193 -0.457415
v 0.375724 0.348675 -0.49985
v 0.396338 0.347997 -0.481263
v 0.409379 0.292796 -0.596591
v 0.425864 0.28698 -0.593679
v 0.423256 0.245051 -0.684062
v 0.433469 0.243046 -0.678557
v 0.434152 0.236465 -0.690183
v 0.273406 0.200337 -0.887586
v 0.242726 0.214377 -0.890277
v 0.259799 0.214902 -0.874013
v 0.236752 0.238099 -0.853341
v 0.254774 0.241249 -0.830717
v 0.266368 0.256824 -0.79058
v 0.284141 0.268251 -0.751542
v 0.27646 0.324174 -0.64611
v 0.297701 0.304263 -0.666014
v 0.295801 0.328888 -0.616571
v 0.316411 0.310287 -0.636275
v 0.316403 0.374334 -0.49787
v 0.336271 0.365409 -0.498434
v 0.438088 0.150075 -0.749795
v 0.438079 0.150156 -0.749585
v 0.437915 0.150189 -0.749735
v 0.437988 0.150081 -0.749954
v 0.461895 0.155226 -0.735879
v 0.447338 0.154276 -0.740322
v 0.451933 0.156071 -0.735516
v 0.442039 0.156945 -0.735195
v 0.440323 0.154692 -0.740418
v 0.438347 0.150132 -0.749505
v 0.442387 0.150262 -0.749027
v 0.445554 0.150395 -0.748661
v 0.442507 0.150485 -0.748491
v 0.453149 0.150843 -0.747327
v 0.456327 0.150949 -0.746979
v 0.459793 0.151093 -0.746624
vn 0.4091 0.2023 -0.8898
vn 0.4095 0.2018 -0.8897
vn 0.409 0.2005 -0.8902
vn 0.4087 0.201 -0.8903
vn -0.7965 -0.5403 0.2713
vn -0.7762 -0.5385 0.3279
vn -0.7846 -0.5198 0.338
vn -0.7846 -0.5198 0.338
vn -0.7965 -0.5403 0.2713
vn 0.4815 -0.6857 0.5458
vn 0.4815 -0.6858 0.5458
vn 0.4716 -0.6645 0.5796
vn 0.4716 -0.6645 0.5796
vn -0.4713 -0.7805 0.4107
vn -0.4618 -0.7854 0.4123
vn -0.5024 -0.7799 0.3733
vn -0.5034 -0.7793 0.3732
vn -0.5075 -0.7771 0.3723
vn -0.4734 -0.7795 0.4103
vn 0.754 0.604 -0.2582
vn 0.772 0.6075 -0.187
vn 0.8128 0.5548 -0.1775
vn 0.8089 0.5595 -0.1807
vn 0.8039 0.5563 -0.2106
vn 0.8005 0.5507 -0.2363
vn -0.9129 -0.15 0.3795
vn -0.9098 -0.1542 0.3853
vn -0.9103 -0.1538 0.3844
vn -0.9134 -0.1492 0.3786
vn 0.0519 -0.9983 -0.0261
vn 0.045 -0.9987 -0.0244
vn 0.0443 -0.9987 -0.0241
vn 0.0513 -0.9983 -0.0259
vn -0.9986 0.0456 -0.0276
vn -0.9971 0.0576 -0.0504
vn -0.9954 0.0735 -0.0617
vn -0.9969 0.0669 -0.0402
vn 0.17 -0.8346 0.524
vn 0.17 -0.8345 0.524
vn 0.1118 -0.8236 0.556
vn 0.1118 -0.8236 0.556
vn -0.2923 -0.9545 0.0595
vn -0.2923 -0.9545 0.0595
vn -0.2756 -0.9604 0.0412
vn -0.2756 -0.9604 0.0412
vn -0.5266 -0.7365 0.4246
vn -0.5668 -0.7297 0.3825
vn -0.5939 -0.713 0.3726
vn -0.5954 -0.7136 0.3692
vn -0.5662 -0.7332 0.3766
vn -0.5255 -0.7528 0.3964
vn -0.5271 -0.7297 0.4356
vn -0.5338 -0.7338 0.4203
vn 0.679 0.6294 -0.3778
vn 0.6933 0.6635 -0.2814
vn 0.6959 0.6647 -0.2719
vn 0.6753 0.626 -0.39
vn -0.9897 -0.1268 0.0659
vn -0.9943 -0.0926 0.0536
vn -0.9965 -0.0695 0.0463
vn -0.9974 -0.0584 0.0427
vn -0.9968 -0.0678 0.0421
vn -0.9952 -0.0887 0.0418
vn -0.9932 -0.1091 0.0416
vn -0.9855 -0.1295 0.1096
vn -0.9856 -0.1293 0.1091
vn -0.9837 -0.1363 0.1169
vn -0.9907 -0.1323 0.0314
vn -0.997 -0.0663 0.0406
vn -0.9974 -0.0585 0.0425
vn -0.9942 -0.0924 0.0542
vn -0.9911 -0.1175 0.063
vn -0.9884 -0.1351 0.0691
vn -0.9918 -0.1104 0.0646
vn -0.9949 -0.0875 0.051
vn -0.9964 -0.0687 0.0501
vn -0.9976 -0.0626 0.0296
vn -0.9959 -0.0727 0.0536
vn -0.9948 -0.088 0.051
vn -0.9927 -0.1031 0.0622
vn 0.5324 -0.4279 -0.7304
vn 0.4598 -0.4175 -0.7838
vn 0.4588 -0.4199 -0.7831
vn 0.5334 -0.3996 -0.7455
vn 0.5236 -0.4389 -0.7302
vn 0.5121 -0.4628 -0.7236
vn 0.504 -0.4805 -0.7176
vn 0.5046 -0.4805 -0.7173
vn 0.5076 -0.4887 -0.7096
vn 0.1641 -0.806 -0.5688
vn 0.1641 -0.806 -0.5688
vn 0.1891 -0.7984 -0.5717
vn 0.1836 -0.7648 -0.6175
vn 0.162 -0.7735 -0.6128
vn 0.162 -0.7735 -0.6128
vn 0.1306 -0.7839 -0.607
vn 0.123 -0.777 -0.6174
vn 0.1877 -0.7432 -0.6422
vn 0.1877 -0.7432 -0.6422
vn 0.1786 -0.7527 -0.6336
vn 0.1273 -0.776 -0.6177
vn 0.1174 -0.8249 -0.5529
vn 0.1443 -0.8174 -0.5578
vn -0.7911 -0.5807 0.1922
vn -0.7911 -0.5807 0.1922
vn -0.8276 -0.5469 0.1269
vn -0.8276 -0.5469 0.1269
vn -0.4789 0.1734 -0.8606
vn -0.4766 0.1758 -0.8614
vn -0.4825 0.1696 -0.8593
vn -0.4847 0.1669 -0.8586
vn 0.5918 -0.5248 0.6118
vn 0.5936 -0.5255 0.6095
vn 0.5931 -0.5253 0.6102
vn 0.5911 -0.5249 0.6124
vn 0.5668 0.5689 -0.5959
vn 0.4893 0.5615 -0.6674
vn 0.4893 0.5612 -0.6676
vn 0.4893 0.5621 -0.6668
vn 0.572 0.5518 -0.6069
vn 0.572 0.5518 -0.6069
vn 0.7951 0.4841 -0.3653
vn 0.7951 0.4841 -0.3653
vn 0.7612 0.5018 -0.4107
vn 0.7549 0.5207 -0.3988
vn 0.6854 0.5848 -0.4338
vn 0.6854 0.5848 -0.4338
vn 0.7208 0.5555 -0.4146
vn 0.7559 0.5374 -0.3738
vn 0.7559 0.5374 -0.3738
vn 0.3504 0.7905 -0.5023
vn 0.3504 0.7899 -0.5032
vn 0.3161 0.8062 -0.5001
vn 0.3278 0.8067 -0.4917
vn 0.2971 0.8156 -0.4965
vn 0.3061 0.8156 -0.491
vn 0.2982 0.8187 -0.4908
vn 0.2982 0.8175 -0.4928
vn 0.2966 0.8241 -0.4827
vn 0.2994 0.822 -0.4844
vn 0.3235 0.8226 -0.4676
vn 0.3469 0.8353 -0.4266
vn 0.355 0.8329 -0.4246
vn 0.3538 0.8363 -0.4188
vn 0.362 0.8386 -0.407
vn 0.3561 0.8458 -0.3974
vn 0.3842 0.8314 -0.4015
vn 0.3776 0.8204 -0.4295
vn 0.3984 0.7902 -0.4657
vn 0.395 0.7931 -0.4636
vn 0.6783 0.7142 -0.1725
vn 0.6127 0.7366 -0.2865
vn 0.6077 0.7369 -0.2961
vn 0.5478 0.7871 -0.2834
vn 0.5418 0.79 -0.2869
vn 0.5131 0.8152 -0.2688
vn 0.5329 0.8067 -0.2554
vn 0.5415 0.8029 -0.2492
vn 0.5454 0.8043 -0.2359
vn 0.5443 0.8045 -0.2377
vn 0.543 0.8107 -0.2191
vn 0.5477 0.8097 -0.2106
vn 0.5729 0.7934 -0.2058
vn 0.6181 0.7704 -0.1564
vn 0.6051 0.7778 -0.1699
vn -0.8402 -0.4566 0.2924
vn -0.8403 -0.4565 0.2926
vn -0.8406 -0.457 0.2906
vn -0.8407 -0.4571 0.2903
vn -0.8886 -0.4279 0.1652
vn -0.8886 -0.4279 0.1652
vn -0.8819 -0.4391 0.1715
vn -0.8933 -0.4425 0.0794
vn -0.8918 -0.4469 0.0708
vn -0.8536 -0.5088 0.1119
vn -0.851 -0.5141 0.1074
vn -0.852 -0.4969 0.1646
vn 0.9694 0.1328 -0.2065
vn 0.9498 0.1263 -0.2861
vn 0.9394 0.1741 -0.2952
vn 0.968 0.2003 -0.151
vn 0.9751 0.1637 -0.1498
vn 0.9804 0.1431 -0.1354
vn 0.9766 0.1488 -0.1553
vn 0.9785 0.0715 -0.1935
vn 0.0961 -0.6804 -0.7265
vn 0.097 -0.6795 -0.7272
vn 0.0943 -0.6822 -0.725
vn 0.0933 -0.683 -0.7245
vn 0.6506 0.7579 -0.0481
vn 0.6506 0.7579 -0.0481
vn 0.6716 0.7396 -0.0439
vn 0.7054 0.7088 0.0089
vn 0.7054 0.7088 0.0089
vn 0.6891 0.7246 0.0052
vn -0.9852 -0.1158 0.1261
vn -0.9831 -0.1775 0.0445
vn -0.9879 -0.1527 0.0281
vn -0.9874 -0.1519 0.0437
vn -0.9819 -0.1284 0.1394
vn -0.912 -0.3506 0.2127
vn -0.8882 -0.3994 0.2272
vn -0.8907 -0.3923 0.2295
vn -0.9145 -0.3431 0.2146
vn -0.9151 -0.3412 0.2151
vn -0.9774 -0.2071 0.0419
vn -0.9779 -0.1905 0.086
vn -0.9757 -0.1683 0.1404
vn -0.962 -0.2046 0.1808
vn -0.9619 -0.2046 0.1813
vn -0.9699 -0.1828 0.161
vn -0.9795 -0.1553 0.1279
vn -0.9834 -0.15 0.1023
vn -0.9553 -0.2752 0.1083
vn -0.9549 -0.2765 0.1084
vn 0.045 -0.9436 0.328
vn -0.0018 -0.9573 0.2891
vn -0.0032 -0.9569 0.2904
vn 0.042 -0.9418 0.3335
vn 0.0527 -0.9361 0.3477
vn 0.1197 -0.9448 0.3049
vn 0.115 -0.9466 0.3013
vn 0.105 -0.9351 0.3386
vn 0.4867 0.7058 -0.5148
vn 0.4485 0.6857 -0.5733
vn 0.3844 0.7194 -0.5786
vn 0.347 0.7393 -0.5771
vn 0.3454 0.7387 -0.5788
vn 0.375 0.7515 -0.5428
vn 0.3843 0.7615 -0.5219
vn 0.4492 0.7339 -0.5095
vn 0.4927 0.6932 -0.526
vn -0.1508 0.9105 -0.385
vn -0.0994 0.8913 -0.4423
vn -0.1421 0.8668 -0.4779
vn -0.1447 0.8659 -0.4787
vn -0.0969 0.8873 -0.4508
vn -0.1503 0.9059 -0.396
vn -0.9245 -0.0181 0.3807
vn -0.9095 0.0647 0.4106
vn -0.9091 0.0644 0.4116
vn -0.9235 -0.019 0.3831
vn 0.8032 0.5956 0.0115
vn 0.8265 0.5551 0.0939
vn 0.856 0.5075 0.0987
vn 0.8815 0.4616 0.0998
vn 0.8644 0.5024 0.02
vn 0.8031 0.5958 0.0112
vn 0.2678 -0.4951 0.8265
vn 0.2674 -0.4923 0.8284
vn 0.2638 -0.465 0.8451
vn 0.2592 -0.4633 0.8475
vn 0.2633 -0.4741 0.8402
vn 0.2634 -0.4742 0.8401
vn 0.2712 -0.4846 0.8316
vn 0.2714 -0.4851 0.8313
vn 0.279 -0.4958 0.8224
vn 0.2795 -0.4962 0.822
vn 0.2862 -0.5056 0.8139
vn 0.3041 -0.4774 0.8244
vn 0.287 -0.4961 0.8194
vn 0.2429 -0.5532 0.7969
vn 0.239 -0.5428 0.8052
vn 0.2388 -0.5425 0.8054
vn 0.2325 -0.5316 0.8145
vn 0.2024 -0.539 0.8176
vn 0.1974 -0.5294 0.8251
vn 0.1971 -0.5292 0.8253
vn 0.1968 -0.5222 0.8298
vn 0.2254 -0.5153 0.8268
vn 0.1779 -0.5639 0.8065
vn 0.2113 -0.5562 0.8037
vn 0.2163 -0.5662 0.7954
vn 0.2163 -0.5665 0.7952
vn 0.2191 -0.5748 0.7884
vn 0.2047 -0.5274 0.8246
vn 0.2047 -0.5275 0.8246
vn 0.1842 -0.5902 0.786
vn 0.1374 -0.6149 0.7766
vn 0.0927 -0.6421 0.761
vn 0.0928 -0.6423 0.7608
vn 0.1092 -0.6543 0.7483
vn 0.1199 -0.6399 0.7591
vn 0.12 -0.6396 0.7593
vn 0.1171 -0.6238 0.7728
vn 0.1168 -0.6231 0.7734
vn 0.111 -0.6048 0.7886
vn 0.111 -0.6048 0.7886
vn 0.1053 -0.587 0.8027
vn 0.1053 -0.587 0.8027
vn 0.101 -0.5723 0.8138
vn 0.101 -0.5723 0.8138
vn 0.136 -0.5509 0.8234
vn 0.1364 -0.5472 0.8258
vn 0.1364 -0.5475 0.8256
vn 0.1807 -0.5312 0.8277
vn 0.1805 -0.5332 0.8265
vn 0.1702 -0.5407 0.8238
vn 0.1724 -0.5514 0.8162
vn 0.1725 -0.5518 0.8159
vn -0.8081 0.3874 -0.4437
vn -0.8076 0.3879 -0.4442
vn -0.8091 0.3861 -0.443
vn -0.8097 0.3855 -0.4425
vn 0.2987 -0.8092 -0.5059
vn 0.2987 -0.8092 -0.5059
vn 0.3465 -0.7675 -0.5394
vn 0.3465 -0.7675 -0.5394
vn -0.8719 -0.4874 0.0473
vn -0.8719 -0.4882 0.0378
vn -0.8415 -0.5386 0.0415
vn -0.8415 -0.5388 0.04
vn -0.8417 -0.5379 0.0476
vn -0.8607 -0.5019 0.0852
vn -0.8607 -0.5019 0.0854
vn -0.9558 -0.2567 0.1432
vn -0.9513 -0.2826 0.1227
vn -0.9514 -0.2826 0.1227
vn -0.9309 -0.3054 0.2003
vn -0.9205 -0.3242 0.218
vn -0.9296 -0.3179 0.1866
vn -0.9256 -0.329 0.1872
vn -0.903 -0.3934 0.1729
vn -0.9352 -0.3265 0.1369
vn -0.9351 -0.327 0.1366
vn -0.9032 -0.3944 0.1695
vn -0.8904 -0.4158 0.1854
vn -0.9263 -0.328 0.1855
vn -0.9293 -0.3188 0.1864
vn -0.9217 -0.3233 0.2144
vn -0.2432 -0.9643 -0.1045
vn -0.2456 -0.9641 -0.1012
vn -0.2442 -0.9644 -0.1011
vn -0.2431 -0.9643 -0.1048
vn -0.7787 -0.6255 0.0491
vn -0.8102 -0.5839 0.0512
vn -0.8102 -0.5838 0.0524
vn -0.8099 -0.5848 0.0454
vn -0.795 -0.6066 0.0003
vn -0.7758 -0.6299 -0.038
vn -0.7763 -0.6291 -0.0395
vn -0.7591 -0.6488 -0.0524
vn -0.7588 -0.6494 -0.0509
vn 0.871 0.4872 -0.063
vn 0.8712 0.4868 -0.0631
vn 0.8781 0.4777 -0.029
vn 0.9064 0.4216 -0.0269
vn 0.9026 0.4268 -0.0566
vn -0.6247 -0.7087 0.3278
vn -0.635 -0.711 0.3021
vn -0.5891 -0.7572 0.2822
vn -0.5891 -0.7572 0.2822
vn -0.5886 -0.7524 0.2956
vn -0.877 -0.4135 0.2446
vn -0.878 -0.3756 0.2967
vn -0.8781 -0.3811 0.2895
vn -0.88 -0.4208 0.2204
vn -0.8821 -0.4338 0.1835
vn -0.8867 -0.4261 0.1792
vn -0.8403 -0.5183 0.1591
vn -0.8403 -0.5186 0.158
vn -0.8577 -0.4859 0.1679
vn -0.8246 -0.5274 0.2047
vn -0.8242 -0.5278 0.2052
vn -0.8437 -0.5024 0.1892
vn 0.5886 0.7882 -0.1798
vn 0.5646 0.8046 -0.1841
vn 0.5211 0.8233 -0.225
vn 0.5452 0.8086 -0.2215
vn 0.5886 0.7882 -0.1798
vn 0.6714 -0.202 0.7131
vn 0.6872 -0.1488 0.711
vn 0.6686 -0.1702 0.7239
vn 0.6491 -0.2241 0.7269
vn 0.6496 -0.2537 0.7167
vn 0.6496 -0.2537 0.7167
vn -0.6472 -0.7026 0.2958
vn -0.6749 -0.6899 0.2617
vn -0.6745 -0.6906 0.2609
vn -0.6612 -0.6984 0.274
vn -0.6444 -0.7018 0.3036
vn -0.6538 -0.6566 0.3759
vn -0.654 -0.6553 0.378
vn -0.3532 -0.7929 0.4966
vn -0.3758 -0.7839 0.4942
vn -0.3758 -0.7839 0.4942
vn -0.3248 -0.7857 0.5266
vn -0.302 -0.7937 0.5281
vn -0.302 -0.7937 0.5281
vn 0.9169 0.0513 -0.3958
vn 0.9195 0.0635 -0.388
vn 0.9195 0.0635 -0.388
vn 0.9241 0.0137 -0.3819
vn 0.9222 0.0061 -0.3867
vn 0.3442 0.6532 -0.6744
vn 0.3451 0.6538 -0.6733
vn 0.3431 0.6519 -0.6763
vn 0.3425 0.651 -0.6775
vn 0.5909 0.0553 0.8049
vn 0.5761 0.0354 0.8166
vn 0.5784 0.0419 0.8147
vn 0.546 0.0737 0.8346
vn 0.524 -0.0133 0.8516
vn 0.552 -0.0199 0.8336
vn 0.5511 -0.0339 0.8338
vn 0.5461 -0.0546 0.836
vn 0.5531 -0.0482 0.8317
vn 0.5516 -0.0438 0.8329
vn 0.5517 -0.0439 0.8329
vn 0.5491 -0.0419 0.8347
vn 0.5486 -0.0415 0.8351
vn 0.5464 -0.0396 0.8366
vn 0.5455 -0.039 0.8372
vn 0.5438 -0.0377 0.8383
vn 0.5428 -0.037 0.8391
vn 0.5434 -0.0336 0.8388
vn 0.5482 -0.0267 0.8359
vn 0.5494 -0.0284 0.8351
vn 0.5496 -0.0284 0.835
vn 0.5915 0.0546 0.8044
vn -0.0049 -0.5901 0.8073
vn -0.0049 -0.5901 0.8073
vn -0.0317 -0.6101 0.7917
vn -0.0561 -0.6082 0.7918
vn -0.0742 -0.6377 0.7667
vn -0.0742 -0.6382 0.7663
vn -0.0353 -0.6139 0.7886
vn -0.0111 -0.5608 0.8279
vn 0.0055 -0.5475 0.8368
vn -0.0602 -0.5531 0.8309
vn 0.012 -0.5711 0.8208
vn 0.0118 -0.5674 0.8234
vn -0.0036 -0.5861 0.8103
vn -0.0049 -0.5774 0.8165
vn -0.4449 -0.2302 -0.8655
vn -0.4449 -0.2302 -0.8655
vn -0.4574 -0.2455 -0.8547
vn -0.4574 -0.2455 -0.8547
vn 0.5197 -0.1144 0.8466
vn 0.5181 -0.1104 0.8482
vn 0.5173 -0.1097 0.8488
vn 0.5145 -0.1071 0.8508
vn 0.5131 -0.106 0.8518
vn 0.5105 -0.1035 0.8536
vn 0.5089 -0.1021 0.8548
vn 0.5069 -0.1002 0.8561
vn 0.5053 -0.0989 0.8573
vn 0.5055 -0.0958 0.8575
vn 0.4948 -0.1056 0.8626
vn 0.5198 -0.0675 0.8516
vn 0.528 -0.0627 0.8469
vn 0.5277 -0.0664 0.8469
vn 0.529 -0.0675 0.8459
vn 0.5308 -0.0689 0.8447
vn 0.5322 -0.07 0.8437
vn 0.5344 -0.0715 0.8422
vn 0.5353 -0.0724 0.8415
vn 0.5378 -0.074 0.8398
vn 0.5381 -0.0742 0.8396
vn 0.5386 -0.079 0.8389
vn 0.5375 -0.0746 0.84
vn -0.4569 -0.831 0.3172
vn -0.4216 -0.8335 0.3572
vn -0.4216 -0.8335 0.3572
vn -0.4125 -0.8442 0.3424
vn -0.4471 -0.8432 0.2984
vn -0.4849 -0.8266 0.2858
vn -0.4873 -0.8232 0.2914
vn 0.7144 0.5754 -0.3982
vn 0.7144 0.5754 -0.3982
vn 0.7338 0.5645 -0.3779
vn 0.7521 0.6017 -0.2688
vn 0.754 0.604 -0.2582
vn 0.8005 0.5507 -0.2363
vn 0.7701 0.5157 -0.3756
vn 0.7701 0.5157 -0.3756
vn -0.2943 -0.1944 0.9357
vn -0.2943 -0.1944 0.9357
vn -0.3204 -0.2057 0.9247
vn -0.3204 -0.2057 0.9247
vn 0.3469 0.8353 -0.4266
vn 0.3019 0.8811 -0.3641
vn 0.2912 0.9031 -0.3155
vn 0.3289 0.8909 -0.3133
vn 0.3933 0.8445 -0.3636
vn 0.4272 0.8149 -0.3917
vn 0.3842 0.8314 -0.4015
vn 0.3561 0.8458 -0.3974
vn 0.362 0.8386 -0.407
vn 0.3538 0.8363 -0.4188
vn 0.355 0.8329 -0.4246
vn -0.9847 0.1681 -0.045
vn -0.9847 0.1677 -0.0479
vn -0.9908 0.1222 0.0583
vn -0.9951 0.0841 0.0518
vn -0.9951 0.084 0.053
vn -0.9957 0.0926 -0.006
vn -0.9939 0.0978 -0.0505
vn -0.9941 0.0947 -0.0523
vn 0.2991 0.9515 0.0718
vn 0.2994 0.9516 0.0692
vn 0.2995 0.9516 0.0694
vn 0.299 0.9515 0.0724
vn -0.0556 -0.6505 0.7575
vn -0.0948 -0.6685 0.7377
vn -0.0943 -0.6687 0.7375
vn -0.0919 -0.6696 0.737
vn -0.0198 -0.6302 0.7762
vn -0.0128 -0.6325 0.7744
vn 0.6856 0.7219 0.0934
vn 0.6672 0.7393 0.0907
vn 0.6076 0.7938 0.0263
vn 0.6013 0.799 0.0106
vn 0.6013 0.799 0.0106
vn 0.6275 0.7781 0.0283
vn 0.6856 0.7219 0.0935
vn -0.9441 -0.3238 -0.0612
vn -0.9442 -0.3238 -0.0611
vn -0.9416 -0.3363 -0.0168
vn -0.9522 -0.3042 0.0272
vn -0.9522 -0.3042 0.0272
vn -0.9652 -0.2598 0.031
vn -0.9685 -0.2429 0.0542
vn -0.9717 -0.2341 0.0304
vn -0.9813 -0.1902 0.0298
vn -0.9733 -0.2218 0.0584
vn -0.9733 -0.2218 0.0584
vn -0.949 -0.315 -0.012
vn 0.8705 -0.3733 0.3207
vn 0.8705 -0.3731 0.321
vn 0.8705 -0.3731 0.321
vn 0.8705 -0.3731 0.321
vn -0.1654 0.6434 -0.7474
vn -0.1635 0.6447 -0.7468
vn -0.1687 0.6424 -0.7475
vn -0.1706 0.6413 -0.7481
vn -0.4743 -0.7898 0.3888
vn -0.5357 -0.7525 0.3831
vn -0.536 -0.7521 0.3834
vn -0.5351 -0.7534 0.3823
vn -0.4671 -0.7986 0.3795
vn -0.4671 -0.7986 0.3795
vn -0.2803 -0.7867 0.55
vn -0.2803 -0.7867 0.55
vn -0.2446 -0.7883 0.5645
vn -0.1956 -0.8126 0.5489
vn -0.1844 -0.8075 0.5603
vn -0.2373 -0.8645 0.4431
vn -0.2373 -0.8645 0.4431
vn -0.2164 -0.8809 0.421
vn -0.2164 -0.8809 0.421
vn -0.1099 0.3544 0.9286
vn -0.1099 0.3544 0.9286
vn -0.1424 0.3386 0.9301
vn -0.1424 0.3387 0.9301
vn 0.6525 0.7533 -0.0828
vn 0.6095 0.7811 -0.1357
vn 0.6323 0.7636 -0.131
vn 0.6706 0.7376 -0.0787
vn 0.6706 0.7376 -0.0787
vn -0.2691 -0.9245 0.2698
vn -0.2691 -0.9243 0.2708
vn -0.2867 -0.9015 0.3241
vn -0.2867 -0.9015 0.3241
vn 0.7248 0.3997 0.5612
vn 0.7325 0.388 0.5593
vn 0.7326 0.388 0.5593
vn 0.7301 0.431 0.5303
vn 0.7229 0.4409 0.5319
vn 0.7219 0.4423 0.5322
vn 0.2561 0.8656 -0.4304
vn 0.1966 0.8488 -0.4908
vn 0.1803 0.8464 -0.5011
vn 0.1802 0.845 -0.5034
vn 0.2136 0.8456 -0.4892
vn 0.2493 0.8502 -0.4637
vn 0.2622 0.8598 -0.4381
vn 0.2032 0.9053 -0.3731
vn 0.2036 0.9054 -0.3725
vn 0.2064 0.9068 -0.3675
vn 0.5333 0.7192 0.4453
vn 0.5758 0.6897 0.4389
vn 0.5752 0.6914 0.4372
vn 0.5332 0.7206 0.4432
vn 0.6826 -0.1176 0.7212
vn 0.6826 -0.1176 0.7212
vn 0.7003 -0.0946 0.7076
vn 0.7017 -0.0512 0.7107
vn 0.6937 -0.0629 0.7175
vn -0.9819 0.177 -0.0677
vn -0.9806 0.1855 -0.0633
vn -0.9783 0.1889 -0.0854
vn -0.9792 0.1822 -0.0887
vn 0.9752 0.0188 0.2207
vn 0.9742 0.016 0.2252
vn 0.975 0.0814 0.2068
vn 0.9749 0.0808 0.2073
vn 0.9757 0.0196 0.2181
vn -0.5258 -0.7424 0.4151
vn -0.5119 -0.7784 0.3634
vn -0.5095 -0.7831 0.3565
vn -0.5135 -0.7403 0.4339
vn -0.5187 -0.7375 0.4324
vn 0.1859 0.3763 -0.9077
vn 0.1868 0.3787 -0.9065
vn 0.1835 0.3738 -0.9092
vn 0.1821 0.3714 -0.9104
vn -0.9772 0.1967 0.0799
vn -0.9772 0.1963 0.0807
vn -0.9767 0.2008 0.0761
vn -0.9766 0.2016 0.0757
vn -0.6106 -0.7237 0.3216
vn -0.6344 -0.6986 0.331
vn -0.6461 -0.6945 0.3167
vn -0.6203 -0.7207 0.3096
vn -0.6203 -0.7207 0.3096
vn 0.6824 0.4829 -0.5488
vn 0.6824 0.483 -0.5488
vn 0.6865 0.4662 -0.5581
vn 0.6864 0.4662 -0.5581
vn -0.0566 -0.8328 -0.5507
vn -0.0554 -0.8325 -0.5512
vn -0.0578 -0.8341 -0.5486
vn -0.0588 -0.8345 -0.5478
vn 0.0869 -0.9571 -0.2763
vn 0.0795 -0.9581 -0.2751
vn 0.0787 -0.9582 -0.275
vn 0.0859 -0.9572 -0.2764
vn 0.8269 0.4478 -0.3401
vn 0.84 0.4895 -0.2341
vn 0.8465 0.4947 -0.1969
vn 0.8436 0.4985 -0.1996
vn 0.8775 0.4263 -0.2198
vn 0.8787 0.4288 -0.21
vn 0.8749 0.4218 -0.2381
vn 0.8601 0.3735 -0.3474
vn 0.8554 0.3966 -0.3333
vn 0.8069 0.4634 -0.3662
vn 0.8069 0.4635 -0.3662
vn -0.7324 -0.6591 0.1707
vn -0.7318 -0.6596 0.1716
vn -0.7345 -0.6582 0.1649
vn -0.7347 -0.6583 0.1638
vn 0.6875 0.7254 -0.0325
vn 0.7012 0.7123 -0.0294
vn 0.7254 0.6881 0.0162
vn 0.7255 0.6881 0.0162
vn 0.7149 0.6991 0.0139
vn -0.2279 -0.8775 0.422
vn -0.2278 -0.8777 0.4216
vn -0.2285 -0.8761 0.4246
vn -0.1456 -0.8901 0.4319
vn -0.1564 -0.8473 0.5076
vn -0.1727 -0.8189 0.5473
vn -0.1888 -0.8264 0.5305
vn -0.1817 -0.8411 0.5094
vn -0.1646 -0.8754 0.4545
vn 0.9752 -0.0202 -0.2205
vn 0.9678 0.0265 -0.2502
vn 0.9745 0.0386 -0.221
vn 0.9747 0.0356 -0.2209
vn 0.9915 0.0328 -0.1257
vn 0.9942 0.0212 -0.1055
vn 0.996 -0.0006 -0.0888
vn 0.9944 -0.0383 -0.0984
vn 0.9936 -0.0643 -0.0924
vn 0.3115 0.9362 -0.1626
vn 0.3446 0.9068 -0.2428
vn 0.3446 0.9068 -0.2428
vn 0.3266 0.9132 -0.2438
vn 0.3383 0.9107 -0.237
vn 0.3407 0.908 -0.2438
vn 0.3407 0.908 -0.2438
vn 0.3204 0.9141 -0.2486
vn 0.3298 0.9098 -0.2519
vn 0.3349 0.9117 -0.2381
vn 0.3283 0.8958 -0.2997
vn 0.2903 0.9084 -0.301
vn 0.2674 0.933 -0.2408
vn 0.2364 0.96 -0.1502
vn 0.7333 -0.0136 -0.6798
vn 0.7333 -0.0136 -0.6798
vn 0.7271 -0.037 -0.6855
vn 0.7271 -0.037 -0.6855
vn -0.8693 -0.4653 0.1668
vn -0.8698 -0.4645 0.1664
vn -0.8674 -0.4681 0.1688
vn -0.8669 -0.4689 0.1691
vn -0.961 0.1016 -0.2573
vn -0.961 0.1016 -0.2573
vn -0.9685 0.0777 -0.2367
vn -0.9685 0.0777 -0.2367
vn 0.6117 0.5348 -0.5829
vn 0.6117 0.5348 -0.5829
vn 0.6157 0.5221 -0.5902
vn 0.6157 0.5221 -0.5902
vn 0.2832 0.7741 -0.5662
vn 0.2503 0.7957 -0.5516
vn 0.248 0.8022 -0.5431
vn 0.2994 0.822 -0.4844
vn 0.2966 0.8241 -0.4827
vn 0.2907 0.8198 -0.4934
vn 0.2908 0.8199 -0.4931
vn 0.3061 0.8156 -0.491
vn 0.2971 0.8156 -0.4965
vn 0.3278 0.8067 -0.4917
vn 0.3161 0.8062 -0.5001
vn 0.3392 0.7961 -0.5012
vn 0.3392 0.7961 -0.5012
vn 0.3697 0.7835 -0.4995
vn 0.3697 0.7835 -0.4995
vn 0.3612 0.7674 -0.5297
vn 0.3562 0.7572 -0.5476
vn 0.3123 0.7577 -0.573
vn -0.4063 -0.838 0.3642
vn -0.4093 -0.8345 0.3688
vn -0.4337 -0.8153 0.3836
vn -0.4263 -0.8238 0.3738
vn 0.7191 0.6927 0.0544
vn 0.7191 0.6927 0.0544
vn 0.7315 0.6795 0.0572
vn 0.7514 0.6521 0.1009
vn 0.7514 0.6521 0.1009
vn 0.742 0.6631 0.0989
vn 0.1759 0.7606 -0.625
vn 0.1426 0.7858 -0.6018
vn 0.1423 0.7859 -0.6018
vn 0.1433 0.7858 -0.6016
vn 0.181 0.761 -0.6229
vn -0.6861 -0.5928 0.4217
vn -0.6988 -0.5961 0.3955
vn -0.7327 -0.5677 0.3752
vn -0.7244 -0.5642 0.3962
vn 0.3067 -0.6486 -0.6966
vn 0.3065 -0.6483 -0.697
vn 0.3135 -0.6602 -0.6825
vn 0.3139 -0.6608 -0.6818
vn 0.3245 -0.6759 -0.6617
vn 0.3245 -0.6759 -0.6617
vn 0.3364 -0.6919 -0.6388
vn 0.306 -0.7466 -0.5907
vn 0.306 -0.7466 -0.5907
vn 0.2759 -0.7635 -0.5838
vn 0.3132 -0.7616 -0.5673
vn 0.3261 -0.7556 -0.5681
vn 0.3261 -0.7556 -0.5681
vn 0.3458 -0.7329 -0.5859
vn 0.3056 -0.7616 -0.5715
vn 0.3051 -0.7612 -0.5723
vn 0.3401 -0.7415 -0.5784
vn 0.348 -0.7379 -0.5783
vn 0.3625 -0.7291 -0.5805
vn 0.2879 -0.7425 -0.6048
vn 0.3315 -0.6766 -0.6576
vn 0.3592 -0.6014 -0.7136
vn 0.3195 -0.6181 -0.7182
vn 0.3203 -0.6197 -0.7165
vn 0.2927 -0.6416 -0.709
vn 0.2925 -0.6418 -0.7089
vn -0.7544 -0.5258 0.393
vn -0.718 -0.5575 0.4167
vn -0.7268 -0.5627 0.394
vn -0.7613 -0.5296 0.374
vn -0.9942 0.1068 -0.0128
vn -0.9938 0.1086 -0.0239
vn -0.9938 0.1086 -0.0239
vn -0.9944 0.1053 -0.0092
vn 0.6965 0.7054 0.132
vn 0.7142 0.6868 0.1351
vn 0.7403 0.6475 0.1808
vn 0.7403 0.6475 0.1808
vn 0.7239 0.6667 0.1777
vn -0.9913 0.1311 -0.012
vn -0.9917 0.1271 -0.0212
vn -0.9909 0.1312 -0.0309
vn -0.9894 0.1384 -0.0428
vn -0.99 0.1225 -0.0706
vn -0.9903 0.1188 -0.0716
vn -0.9871 0.1285 -0.0959
vn -0.9876 0.126 -0.0941
vn -0.9919 0.1254 -0.0217
vn -0.9829 0.1838 -0.0132
vn -0.9827 0.1844 -0.0168
vn 0.8459 0.5001 -0.1853
vn 0.8493 0.4955 -0.1822
vn 0.8159 0.5549 -0.1624
vn 0.8137 0.5587 -0.1607
vn 0.8263 0.5539 -0.1021
vn 0.8602 0.501 -0.0952
vn 0.8618 0.4976 -0.0987
vn -0.8845 0.2551 0.3906
vn -0.8868 0.2613 0.3813
vn -0.8868 0.2605 0.3819
vn -0.8841 0.2553 0.3915
vn 0.0047 -0.9812 -0.1927
vn 0.0047 -0.9812 -0.1927
vn 0.0133 -0.9772 -0.2119
vn 0.0133 -0.9772 -0.2119
vn -0.678 -0.735 0.008
vn -0.7058 -0.7084 0.0049
vn -0.7058 -0.7084 0.0049
vn -0.694 -0.7199 -0.0028
vn -0.663 -0.7486 -0.0028
vn -0.663 -0.7486 -0.0028
vn -0.7562 -0.6508 0.0684
vn -0.7562 -0.6508 0.0684
vn -0.7624 -0.6448 0.0549
vn -0.7281 -0.6825 0.0637
vn -0.7271 -0.6833 0.0659
vn -0.5054 -0.8624 0.0287
vn -0.5054 -0.8624 0.0287
vn -0.4943 -0.8691 0.0188
vn -0.4943 -0.8691 0.0188
vn -0.9081 -0.309 0.2827
vn -0.9281 -0.2604 0.2661
vn -0.9282 -0.2609 0.2652
vn -0.9283 -0.2613 0.2644
vn -0.9083 -0.31 0.281
vn 0.0379 0.9959 0.0818
vn 0.0379 0.9959 0.0818
vn 0.0833 0.9961 0.0277
vn 0.0833 0.9961 0.0277
vn 0.4168 0.9065 0.0674
vn 0.3689 0.9267 0.0711
vn 0.3688 0.9268 0.0706
vn 0.4176 0.906 0.0693
vn 0.9158 0.3561 0.1856
vn 0.9159 0.3556 0.1863
vn 0.9159 0.3545 0.1883
vn 0.9356 0.2973 0.1902
vn 0.9357 0.2983 0.1884
vn 0.0765 -0.9137 -0.399
vn -0.0296 -0.9147 -0.4031
vn -0.0301 -0.9143 -0.4038
vn -0.0309 -0.9139 -0.4047
vn 0.05 -0.9027 -0.4275
vn 0.1029 -0.9032 -0.4167
vn 0.1029 -0.9032 -0.4167
vn 0.4975 0.7207 -0.4828
vn 0.5657 0.6934 -0.4463
vn 0.5657 0.6934 -0.4463
vn 0.5218 0.7212 -0.4556
vn 0.5719 0.6471 -0.5042
vn 0.5171 0.6872 -0.5103
vn 0.5171 0.6872 -0.5103
vn 0.5033 0.7122 -0.4893
vn 0.612 -0.3079 0.7284
vn 0.6132 -0.2854 0.7366
vn 0.6132 -0.2854 0.7366
vn 0.5697 -0.3395 0.7484
vn 0.5677 -0.3562 0.7422
vn 0.5677 -0.3562 0.7422
vn 0.7443 0.6661 -0.0491
vn 0.7446 0.6657 -0.0487
vn 0.721 0.6861 -0.0971
vn -0.6047 -0.7783 0.1692
vn -0.6914 -0.7016 0.1725
vn -0.691 -0.7017 0.1735
vn -0.6368 -0.751 0.1747
vn -0.6222 -0.7677 0.153
vn -0.606 -0.7771 0.1698
vn -0.8549 -0.0697 -0.5141
vn -0.896 -0.0401 -0.4422
vn -0.8549 -0.0697 -0.5141
vn -0.8669 -0.435 0.2434
vn -0.8472 -0.4623 0.2616
vn -0.8451 -0.4677 0.259
vn -0.8669 -0.4351 0.2433
vn -0.8669 -0.4351 0.2434
vn 0.7249 0.4717 0.502
vn 0.7076 0.5447 0.45
vn 0.6958 0.5732 0.4329
vn 0.6839 0.5855 0.4352
vn 0.684 0.5855 0.4352
vn 0.6973 0.5562 0.4522
vn 0.7165 0.4825 0.5039
vn 0.7239 0.4729 0.5023
vn 0.8853 -0.4638 -0.0342
vn 0.8658 -0.5003 0.0114
vn 0.8668 -0.4986 0.0128
vn 0.8876 -0.4594 -0.0344
vn 0.8883 -0.4579 -0.0346
vn -0.9628 -0.1345 0.2342
vn -0.9762 -0.0631 0.2074
vn -0.9763 -0.0633 0.2071
vn -0.9834 0.0206 0.1805
vn -0.9834 0.0205 0.1803
vn -0.9827 0.0163 0.1844
vn -0.982 -0.0147 0.1885
vn -0.9931 -0.0481 0.1069
vn -0.9852 -0.1158 0.1261
vn -0.9819 -0.1284 0.1394
vn -0.9779 -0.1363 0.1583
vn -0.9663 -0.113 0.2314
vn -0.9608 -0.1348 0.2421
vn -0.9604 -0.1399 0.2409
vn -0.9604 -0.1397 0.2411
vn -0.9629 -0.1348 0.2338
vn 0.2281 0.7292 -0.6452
vn 0.2841 0.6924 -0.6632
vn 0.285 0.6929 -0.6623
vn 0.2824 0.6913 -0.6651
vn 0.2248 0.7286 -0.647
vn 0.2234 0.7278 -0.6484
vn -0.1688 0.8578 -0.4855
vn -0.1721 0.8617 -0.4774
vn -0.1691 0.8627 -0.4766
vn -0.253 0.8335 -0.4912
vn -0.2755 0.8246 -0.4941
vn -0.294 0.7881 -0.5408
vn -0.2777 0.7921 -0.5436
vn -0.2807 0.8211 -0.497
vn 0.6862 0.0403 -0.7263
vn 0.6539 0.1155 -0.7477
vn 0.6539 0.1156 -0.7477
vn 0.6889 0.0615 -0.7222
vn 0.6862 0.0403 -0.7263
vn 0.1695 -0.6084 0.7753
vn 0.1696 -0.6084 0.7753
vn 0.1979 -0.597 0.7774
vn 0.1979 -0.597 0.7774
vn 0.3837 -0.6062 -0.6966
vn 0.3617 -0.6271 -0.6899
vn 0.3608 -0.6283 -0.6892
vn 0.9331 -0.1423 -0.3303
vn 0.9335 -0.1406 -0.3297
vn 0.9269 -0.0314 -0.374
vn 0.9278 -0.0284 -0.372
vn 0.931 -0.0908 -0.3535
vn -0.0674 -0.9498 0.3054
vn -0.1244 -0.9165 0.3803
vn -0.0987 -0.9015 0.4213
vn -0.0825 -0.9153 0.3941
vn -0.0563 -0.9156 0.3982
vn -0.0639 -0.9145 0.3994
vn -0.0437 -0.9281 0.3697
vn -0.0521 -0.9372 0.3448
vn -0.0181 -0.9216 0.3876
vn -0.0179 -0.9217 0.3874
vn -0.0185 -0.9215 0.388
vn -0.1411 -0.9263 0.3493
vn 0.7042 0.0034 0.7099
vn 0.6991 0.0627 0.7123
vn 0.6903 0.0466 0.722
vn 0.6925 -0.0159 0.7212
vn 0.0303 -0.5545 0.8316
vn 0.0304 -0.5525 0.833
vn 0.0596 -0.5551 0.8297
vn 0.0947 -0.55 0.8298
vn 0.0947 -0.5519 0.8285
vn -0.1122 -0.9228 -0.3685
vn -0.1107 -0.9239 -0.3663
vn -0.0733 -0.9197 -0.3857
vn -0.0736 -0.9195 -0.3862
vn -0.0742 -0.9191 -0.387
vn -0.1134 -0.922 -0.3702
vn 0.0416 -0.9973 0.0607
vn 0.035 -0.9975 0.0622
vn 0.0251 -0.9892 0.1442
vn 0.0245 -0.9892 0.1448
vn 0.0309 -0.9893 0.1429
vn 0.0409 -0.9973 0.0608
vn 0.8388 0.5399 -0.0701
vn 0.8387 0.5401 -0.0695
vn 0.8197 0.5717 -0.0337
vn 0.8181 0.5739 -0.0359
vn 0.8482 0.5287 -0.0326
vn -0.6572 -0.739 0.1481
vn -0.6572 -0.7391 0.148
vn -0.6574 -0.742 0.1315
vn -0.6574 -0.742 0.1315
vn -0.6951 -0.6041 0.3896
vn -0.6951 -0.6041 0.3896
vn -0.6837 -0.6434 0.3443
vn -0.6684 -0.6682 0.3267
vn -0.6501 -0.6753 0.3482
vn -0.6692 -0.6315 0.3917
vn 0.6758 0.7337 -0.071
vn 0.7118 0.7 -0.0585
vn 0.7042 0.6984 -0.128
vn 0.6902 0.7074 -0.1521
vn 0.6384 0.762 -0.1087
vn 0.6575 0.7461 -0.1046
vn 0.6903 0.7215 -0.053
vn 0.4674 0.8596 -0.2065
vn 0.409 0.8954 -0.1759
vn 0.409 0.8954 -0.1759
vn 0.4918 0.8464 -0.2045
vn 0.4932 0.8462 -0.2017
vn 0.497 0.8455 -0.1952
vn -0.1387 -0.7692 0.6238
vn -0.1049 -0.7432 0.6608
vn -0.1046 -0.7278 0.6778
vn -0.0458 -0.712 0.7007
vn -0.0408 -0.707 0.7061
vn -0.0522 -0.6732 0.7376
vn -0.0522 -0.6732 0.7377
vn -0.0228 -0.6981 0.7156
vn -0.0228 -0.6981 0.7156
vn -0.0333 -0.7063 0.7072
vn -0.0026 -0.6932 0.7207
vn -0.0545 -0.7053 0.7068
vn 0.0072 -0.6889 0.7249
vn 0.0039 -0.6851 0.7284
vn -0.0223 -0.7071 0.7068
vn -0.0746 -0.7323 0.6769
vn 0.0369 -0.9804 0.1934
vn 0.0344 -0.9824 0.1834
vn 0.0075 -0.9725 0.2328
vn 0.007 -0.9723 0.2336
vn 0.0149 -0.9728 0.2314
vn -0.7858 -0.6144 0.0709
vn -0.811 -0.5797 0.079
vn -0.8196 -0.5699 0.0593
vn -0.7923 -0.6075 0.0564
vn -0.4228 -0.7979 0.4297
vn -0.4229 -0.7979 0.4295
vn -0.4071 -0.8034 0.4345
vn -0.4265 -0.7884 0.4433
vn -0.4096 -0.7918 0.4531
vn -0.425 -0.7856 0.4498
vn -0.414 -0.7843 0.4621
vn -0.4197 -0.7855 0.4548
vn -0.4105 -0.7803 0.4718
vn -0.4074 -0.7888 0.4603
vn -0.4446 -0.7754 0.4485
vn -0.458 -0.7681 0.4476
vn -0.4672 -0.772 0.4309
vn -0.4479 -0.8142 0.3693
vn -0.4632 -0.832 0.3053
vn -0.4688 -0.8291 0.3047
vn -0.4987 -0.8169 0.2897
vn -0.4898 -0.806 0.3324
vn -0.4433 -0.8178 0.3669
vn -0.4037 -0.8275 0.3902
vn -0.321 -0.8677 0.3795
vn -0.2732 -0.8986 0.3432
vn -0.2732 -0.8986 0.3432
vn -0.3791 -0.8748 0.3016
vn -0.3791 -0.8748 0.3016
vn -0.3921 -0.8717 0.2938
vn -0.3921 -0.8718 0.2938
vn -0.3783 -0.8757 0.3002
vn -0.3783 -0.8757 0.3002
vn -0.4098 -0.8594 0.3056
vn -0.4367 -0.853 0.2859
vn -0.4367 -0.853 0.2858
vn -0.4467 -0.8482 0.2848
vn -0.4467 -0.8482 0.2848
vn -0.46 -0.838 0.2934
vn -0.46 -0.838 0.2934
vn -0.474 -0.8272 0.3017
vn -0.4714 -0.8286 0.3021
vn -0.4833 -0.8186 0.3103
vn -0.4811 -0.8198 0.3107
vn -0.4911 -0.8106 0.3189
vn -0.5014 -0.8101 0.304
vn -0.4807 -0.8097 0.3365
vn -0.4709 -0.8226 0.3188
vn -0.4482 -0.8191 0.3581
vn -0.4485 -0.8024 0.3937
vn -0.4517 -0.7996 0.3957
vn -0.47 -0.7846 0.4044
vn -0.4795 -0.782 0.3982
vn -0.4507 -0.7816 0.4312
vn -0.7399 -0.6271 0.2435
vn -0.7307 -0.6294 0.2645
vn -0.7094 -0.6454 0.2831
vn -0.7092 -0.6456 0.2834
vn -0.7234 -0.634 0.2734
vn -0.7216 -0.6482 0.2432
vn -0.6513 -0.7214 0.2351
vn -0.653 -0.7197 0.2359
vn 0.0138 -0.9436 -0.3307
vn 0.0138 -0.9436 -0.3307
vn 0.0682 -0.9052 -0.4196
vn 0.0682 -0.9052 -0.4196
vn 0.1513 -0.8925 -0.425
vn 0.1241 -0.8821 -0.4544
vn 0.1206 -0.884 -0.4516
vn 0.0999 -0.9033 -0.4173
vn 0.1077 -0.9017 -0.4187
vn -0.9668 -0.2386 0.0918
vn -0.9483 -0.3024 0.0966
vn -0.9364 -0.3379 0.0949
vn -0.9365 -0.3377 0.0945
vn -0.9604 -0.2647 0.0871
vn -0.9705 -0.2247 0.0879
vn -0.9642 -0.2449 0.102
vn -0.9511 -0.2849 0.1197
vn -0.951 -0.2845 0.1211
vn -0.964 -0.2444 0.1044
vn 0.6567 0.6307 -0.4136
vn 0.5949 0.6552 -0.4656
vn 0.5949 0.6552 -0.4656
vn 0.6207 0.6569 -0.428
vn 0.6547 0.6367 -0.4074
vn 0.6586 0.639 -0.3975
vn 0.6582 0.6387 -0.3986
vn 0.6945 0.6019 -0.3942
vn 0.6945 0.6019 -0.3942
vn 0.9942 0.0212 -0.1055
vn 0.9999 0.0012 0.0113
vn 0.9999 0.0147 0.0017
vn 0.9978 -0.0541 0.0393
vn 0.9964 -0.0503 0.0677
vn 0.9927 -0.1026 0.0642
vn 0.9944 -0.078 -0.0713
vn 0.9936 -0.0643 -0.0924
vn 0.9944 -0.0383 -0.0984
vn 0.996 -0.0006 -0.0888
vn 0.1087 -0.2217 -0.969
vn 0.1075 -0.2235 -0.9688
vn 0.1107 -0.218 -0.9696
vn 0.112 -0.2159 -0.97
vn -0.1508 -0.9869 0.0579
vn -0.1508 -0.9869 0.0579
vn -0.1749 -0.9788 0.1064
vn -0.1748 -0.9788 0.1064
vn 0.2345 -0.8881 0.3952
vn 0.2345 -0.8881 0.3953
vn 0.2511 -0.8873 0.3868
vn 0.2512 -0.8873 0.3868
vn -0.642 -0.674 0.3656
vn -0.622 -0.6492 0.4379
vn -0.6502 -0.6394 0.4103
vn -0.6698 -0.6411 0.3747
vn -0.6654 -0.666 0.3371
vn -0.6655 -0.666 0.3371
vn -0.8308 0.4172 -0.3684
vn -0.8306 0.4175 -0.3686
vn -0.8306 0.4175 -0.3686
vn -0.8419 0.4476 -0.3014
vn -0.8373 0.473 -0.2741
vn -0.8373 0.4747 -0.2712
vn -0.8373 0.4763 -0.2683
vn -0.8493 0.4568 -0.2645
vn -0.848 0.4506 -0.279
vn 0.851 0.3571 0.385
vn 0.8265 0.4147 0.3807
vn 0.8265 0.4134 0.3821
vn 0.8508 0.355 0.3874
vn -0.0298 -0.9539 0.2985
vn -0.0298 -0.9539 0.2985
vn 0.0226 -0.9775 0.2095
vn 0.0233 -0.9775 0.2096
vn 0.0165 -0.9773 0.2111
vn -0.5993 -0.8005 0.0025
vn -0.5588 -0.8293 0.007
vn -0.5699 -0.8215 0.0164
vn -0.6452 -0.7639 0.0083
vn -0.6452 -0.7639 0.0083
vn -0.634 -0.7733 -0.0001
vn 0.3608 -0.6883 -0.6294
vn 0.3674 -0.683 -0.6313
vn 0.3665 -0.6836 -0.6311
vn 0.3601 -0.6889 -0.6291
vn -0.0107 -0.4643 -0.8856
vn -0.0093 -0.4626 -0.8865
vn -0.0131 -0.4673 -0.884
vn -0.0144 -0.4691 -0.883
vn -0.6601 -0.1009 -0.7444
vn -0.6601 -0.1008 -0.7444
vn -0.679 -0.1263 -0.7232
vn -0.6789 -0.1263 -0.7232
vn 0.2634 -0.5231 0.8105
vn 0.3475 -0.4919 0.7983
vn 0.3475 -0.4919 0.7983
vn 0.3424 -0.5072 0.7909
vn 0.2983 -0.5217 0.7993
vn 0.2157 -0.5518 0.8056
vn 0.2258 -0.5487 0.8049
vn 0.7286 0.6848 -0.0161
vn 0.7035 0.7106 -0.0118
vn 0.7151 0.699 -0.0094
vn 0.3974 -0.3591 0.8445
vn 0.4118 -0.3257 0.8511
vn 0.41 -0.2635 0.8732
vn 0.41 -0.2635 0.8732
vn 0.2432 -0.7246 -0.6449
vn 0.3042 -0.604 -0.7367
vn 0.3014 -0.6078 -0.7347
vn 0.3371 -0.6222 -0.7065
vn 0.3076 -0.671 -0.6747
vn 0.2704 -0.7359 -0.6208
vn 0.9736 0.218 -0.0673
vn 0.9751 0.1637 -0.1498
vn 0.968 0.2003 -0.151
vn 0.9535 0.2513 -0.1667
vn 0.9551 0.2533 -0.154
vn 0.9571 0.257 -0.1336
vn 0.9601 0.2696 -0.0738
vn -0.5175 -0.8153 0.2598
vn -0.4798 -0.8265 0.2944
vn -0.4747 -0.8293 0.2949
vn -0.5095 -0.7831 0.3565
vn -0.5119 -0.7784 0.3634
vn -0.5876 -0.7735 0.2374
vn -0.6005 -0.7742 0.2001
vn -0.6005 -0.7741 0.2002
vn -0.5928 -0.7784 0.2063
vn -0.5928 -0.7784 0.2063
vn -0.578 -0.787 0.2157
vn -0.578 -0.787 0.2157
vn -0.5998 -0.7786 0.1842
vn -0.5998 -0.7786 0.1843
vn -0.5579 -0.7981 0.2275
vn -0.5891 -0.7731 0.2351
vn -0.5414 -0.7905 0.2865
vn -0.5171 -0.8044 0.2923
vn 0.1179 -0.8658 -0.4863
vn 0.1089 -0.8802 -0.4619
vn 0.0993 -0.901 -0.4222
vn 0.0999 -0.9009 -0.4225
vn 0.7657 0.5808 0.2765
vn 0.7657 0.5807 0.2765
vn 0.7751 0.5673 0.2781
vn 0.7835 0.5359 0.3144
vn 0.7846 0.5342 0.3146
vn 0.7782 0.5441 0.3136
vn 0.4201 0.8629 -0.2808
vn 0.4189 0.8629 -0.2827
vn 0.3809 0.8736 -0.3028
vn 0.3832 0.8642 -0.326
vn 0.3708 0.8731 -0.3167
vn 0.4396 0.8424 -0.3115
vn 0.4287 0.8514 -0.3023
vn 0.4319 0.8424 -0.3221
vn 0.3922 0.8555 -0.3382
vn 0.3933 0.8445 -0.3635
vn 0.3593 0.8847 -0.2969
vn 0.3544 0.9044 -0.2376
vn 0.3609 0.8982 -0.2511
vn 0.3265 0.9073 -0.2651
vn 0.3218 0.91 -0.2612
vn 0.3218 0.9101 -0.2612
vn 0.3446 0.9035 -0.2548
vn 0.3326 0.9056 -0.2631
vn 0.3667 0.8982 -0.2422
vn 0.3667 0.8982 -0.2423
vn -0.672 -0.6573 0.3411
vn -0.6246 -0.6915 0.3628
vn -0.625 -0.6911 0.363
vn -0.6244 -0.6902 0.3657
vn -0.6638 -0.6767 0.3186
vn -0.6925 -0.6615 0.2877
vn -0.6936 -0.6608 0.2867
vn -0.6729 -0.6771 0.298
vn -0.6631 -0.6726 0.3287
vn -0.869 -0.4889 0.0757
vn -0.8446 -0.5312 0.0669
vn -0.8351 -0.5429 0.0888
vn -0.8563 -0.5057 0.1049
vn 0.7634 0.6459 0.0003
vn 0.734 0.6775 0.0475
vn 0.7492 0.6587 0.0694
vn 0.7932 0.6024 0.0888
vn 0.7935 0.6019 0.0895
vn 0.7638 0.6454 0.001
vn -0.8591 -0.5117 -0.0062
vn -0.8588 -0.5123 -0.0033
vn -0.8597 -0.51 -0.0287
vn -0.8597 -0.51 -0.0287
vn -0.8646 -0.5003 -0.0465
vn -0.8092 -0.5858 -0.0446
vn -0.8101 -0.5843 -0.0475
vn -0.8309 -0.5565 -0.006
vn 0.0878 -0.9296 -0.3581
vn 0.0869 -0.9296 -0.3581
vn 0.0934 -0.9286 -0.3592
vn 0.0941 -0.9286 -0.3591
vn -0.0361 -0.5658 -0.8238
vn -0.0354 -0.5653 -0.8241
vn -0.0459 -0.5291 -0.8473
vn -0.0467 -0.5299 -0.8468
vn 0.0024 -0.9606 0.2781
vn -0.0077 -0.934 0.3573
vn -0.0024 -0.9343 0.3566
vn 0.0021 -0.9477 0.319
vn 0.008 -0.9608 0.277
vn 0.0085 -0.9609 0.2767
vn 0.0577 0.476 -0.8775
vn 0.0585 0.4765 -0.8772
vn 0.0566 0.4748 -0.8783
vn 0.0561 0.4742 -0.8786
vn -0.8073 -0.5656 0.1685
vn -0.8073 -0.5651 0.17
vn -0.7732 -0.6109 0.1699
vn -0.7759 -0.6099 0.1613
vn -0.7763 -0.6097 0.1602
vn 0.4056 -0.463 0.7881
vn 0.4596 -0.4316 0.7762
vn 0.4596 -0.4316 0.7762
vn 0.4558 -0.447 0.7697
vn 0.4005 -0.4806 0.7802
vn 0.0205 -0.6108 0.7915
vn 0.0631 -0.592 0.8035
vn 0.0646 -0.5924 0.803
vn 0.0743 -0.5951 0.8002
vn 0.0322 -0.6142 0.7885
vn 0.0306 -0.6138 0.7889
vn -0.5348 -0.7971 0.2803
vn -0.5341 -0.798 0.279
vn -0.5353 -0.7959 0.2828
vn -0.5358 -0.7951 0.2842
vn -0.851 0.505 -0.1438
vn -0.8341 0.5375 -0.1243
vn -0.8328 0.5409 -0.1175
vn -0.8396 0.5292 -0.1224
vn -0.8521 0.5034 -0.1432
vn -0.8434 0.5112 -0.1653
vn -0.8358 0.5183 -0.1811
vn -0.8371 0.5134 -0.1889
vn -0.8462 0.5062 -0.1668
vn -0.3801 -0.4965 -0.7804
vn -0.3801 -0.4965 -0.7804
vn -0.3656 -0.4851 -0.7944
vn -0.3656 -0.4851 -0.7944
vn -0.9832 0.0038 0.1827
vn -0.983 0.0037 0.1835
vn -0.9853 0.0702 0.1558
vn -0.9875 0.0413 0.1521
vn -0.9939 0.0334 0.1048
vn -0.9959 0.0687 0.0596
vn -0.9959 0.0688 0.0584
vn -0.9919 0.1101 0.0639
vn -0.9993 0.0368 -0.0081
vn -0.9982 0.0566 -0.0185
vn -0.9955 0.026 0.0915
vn -0.9846 0.05 0.1675
vn -0.9841 0.0748 0.161
vn -0.9845 0.0761 0.1582
vn -0.9843 0.0766 0.1587
vn -0.8997 -0.3755 0.2224
vn -0.8997 -0.3755 0.2224
vn -0.8897 -0.4474 0.0908
vn -0.8897 -0.4474 0.0908
vn -0.8732 -0.4703 0.1277
vn -0.8829 -0.4438 0.1532
vn -0.5965 -0.7831 0.1757
vn -0.5965 -0.7831 0.1757
vn -0.6537 -0.7467 0.1228
vn -0.6537 -0.7467 0.1228
vn -0.6804 -0.729 0.0747
vn -0.6804 -0.729 0.0747
vn -0.6878 -0.7231 0.0639
vn -0.6878 -0.723 0.0639
vn -0.677 -0.7304 0.091
vn -0.6798 -0.7269 0.098
vn -0.705 -0.7056 0.0713
vn -0.7035 -0.7068 0.0746
vn -0.6305 -0.7545 0.1819
vn -0.617 -0.7646 0.1862
vn -0.5816 -0.7923 0.1843
vn -0.6226 -0.7705 0.1367
vn -0.6226 -0.7705 0.1367
vn 0.6532 0.6325 0.4163
vn 0.6316 0.6484 0.425
vn 0.5937 0.6778 0.4337
vn 0.5949 0.6744 0.4375
vn 0.6817 0.6008 0.4175
vn 0.6817 0.6008 0.4175
vn -0.3168 -0.8992 0.3017
vn -0.2867 -0.9042 0.3167
vn -0.2716 -0.9096 0.3146
vn -0.2725 -0.8995 0.3416
vn -0.2769 -0.8848 0.3747
vn -0.259 -0.8826 0.3922
vn -0.2725 -0.882 0.3845
vn -0.2879 -0.9038 0.3166
vn -0.2788 -0.8959 0.3458
vn -0.2756 -0.898 0.3429
vn -0.3024 -0.9088 0.2875
vn -0.8469 -0.0412 -0.5301
vn -0.8469 -0.0411 -0.5301
vn -0.8638 -0.0833 -0.4969
vn -0.8377 -0.1147 -0.5339
vn -0.8207 -0.0725 -0.5668
vn 0.0972 -0.8719 -0.48
vn 0.1294 -0.8789 -0.4591
vn 0.1305 -0.8782 -0.4601
vn 0.0988 -0.8705 -0.4822
vn 0.0446 -0.8568 -0.5137
vn 0.0416 -0.859 -0.5103
vn 0.4719 0.7727 -0.4247
vn 0.4081 0.8081 -0.4248
vn 0.4211 0.7901 -0.4455
vn 0.4136 0.7983 -0.4378
vn 0.4009 0.7976 -0.4506
vn 0.4011 0.7973 -0.4511
vn 0.3986 0.7871 -0.4707
vn 0.4344 0.7835 -0.4443
vn 0.4629 0.7781 -0.4245
vn 0.4564 0.7806 -0.4271
vn 0.4709 0.7581 -0.4512
vn 0.4853 0.7336 -0.4758
vn 0.4783 0.718 -0.5056
vn 0.4718 0.7313 -0.4926
vn 0.4492 0.7339 -0.5095
vn 0.3843 0.7615 -0.5219
vn 0.3815 0.7757 -0.5027
vn 0.3815 0.7757 -0.5027
vn 0.4004 0.7788 -0.4828
vn 0.395 0.7931 -0.4636
vn 0.3984 0.7902 -0.4657
vn 0.4081 0.8106 -0.42
vn 0.4121 0.8091 -0.419
vn 0.4294 0.7885 -0.4403
vn 0.4448 0.7821 -0.4364
vn 0.4497 0.7829 -0.4298
vn 0.459 0.7808 -0.4239
vn -0.7841 -0.4583 -0.4186
vn -0.7841 -0.4583 -0.4186
vn -0.7841 -0.4583 -0.4186
vn -0.7268 -0.2967 -0.6194
vn -0.7268 -0.2967 -0.6194
vn -0.7268 -0.2967 -0.6194
vn -0.9238 -0.1246 -0.3619
vn -0.9238 -0.1246 -0.3619
vn -0.9238 -0.1246 -0.3619
vn -0.9358 -0.2855 -0.2067
vn -0.9358 -0.2855 -0.2067
vn -0.9358 -0.2855 -0.2067
vn -0.7978 -0.4971 -0.3411
vn -0.7978 -0.4971 -0.3411
vn -0.7978 -0.4971 -0.3411
vn -0.7896 -0.1078 -0.604
vn -0.7896 -0.1078 -0.604
vn -0.8062 -0.1483 -0.5728
vn -0.6996 -0.17 -0.694
vn -0.6996 -0.17 -0.694
vn -0.7167 -0.178 -0.6743
vn -0.9749 -0.2195 -0.0372
vn -0.9749 -0.2195 -0.0372
vn -0.9749 -0.2196 -0.0372
vn -0.9299 -0.3455 -0.1258
vn -0.9299 -0.3455 -0.1258
vn -0.9299 -0.3455 -0.1258
vn -0.5391 -0.7736 0.3331
vn -0.5512 -0.7679 0.3263
vn -0.5772 -0.7649 0.2861
vn -0.5728 -0.7644 0.2958
vn -0.5894 -0.7527 0.2933
vn -0.5823 -0.7542 0.3035
vn -0.5952 -0.7411 0.3105
vn -0.5953 -0.7378 0.3183
vn -0.5116 -0.7415 0.4341
vn -0.4596 -0.7601 0.4595
vn -0.4893 -0.721 0.4907
vn -0.4925 -0.716 0.4947
vn -0.4772 -0.726 0.4952
vn -0.4842 -0.7185 0.4994
vn -0.5061 -0.7252 0.4668
vn -0.5155 -0.7159 0.4709
vn -0.5159 -0.7308 0.4469
vn -0.5313 -0.7148 0.4548
vn -0.5138 -0.7261 0.4569
vn -0.5241 -0.7137 0.4647
vn -0.5167 -0.7169 0.468
vn -0.4633 -0.7665 0.4448
vn -0.4584 -0.772 0.4403
vn -0.4793 -0.7639 0.4321
vn -0.4795 -0.782 0.3982
vn -0.47 -0.7846 0.4044
vn -0.4517 -0.7996 0.3957
vn -0.4485 -0.8024 0.3937
vn -0.4482 -0.8191 0.3581
vn -0.4712 -0.8157 0.3355
vn -0.4807 -0.8097 0.3365
vn -0.5014 -0.8101 0.304
vn -0.51 -0.8019 0.3112
vn -0.8369 -0.4998 0.2234
vn -0.8367 -0.5 0.2235
vn -0.8367 -0.5 0.2235
vn -0.9937 0.0412 0.104
vn -0.9947 -0.0242 0.0999
vn -0.995 -0.0227 0.0972
vn -0.9937 0.0411 0.1042
vn -0.1415 -0.7047 0.6953
vn -0.1461 -0.7327 0.6646
vn -0.1804 -0.7314 0.6577
vn -0.1832 -0.7321 0.6561
vn -0.176 -0.7301 0.6603
vn -0.1283 -0.726 0.6757
vn -0.114 -0.692 0.7128
vn -0.1156 -0.6914 0.7132
vn -0.1265 -0.6869 0.7157
vn 0.4166 0.8026 -0.427
vn 0.416 0.8029 -0.4269
vn 0.3866 0.8222 -0.4179
vn 0.3872 0.8218 -0.4181
vn 0.3684 0.8496 -0.3775
vn 0.3653 0.8476 -0.385
vn 0.3621 0.8571 -0.3664
vn 0.359 0.8592 -0.3645
vn 0.3619 0.8553 -0.3707
vn 0.3602 0.854 -0.3755
vn 0.3684 0.8516 -0.373
vn 0.3612 0.8521 -0.3787
vn 0.3805 0.844 -0.3779
vn 0.3545 0.8437 -0.4032
vn 0.3857 0.8287 -0.4056
vn 0.3779 0.8328 -0.4047
vn 0.4187 0.8155 -0.3995
vn 0.3882 0.8218 -0.417
vn 0.4081 0.8081 -0.4248
vn 0.4719 0.7727 -0.4247
vn 0.459 0.7808 -0.4239
vn 0.4497 0.7829 -0.4298
vn 0.4448 0.7821 -0.4364
vn 0.4294 0.7885 -0.4403
vn 0.4121 0.8091 -0.419
vn 0.4081 0.8106 -0.42
vn 0.3842 0.8314 -0.4015
vn 0.4272 0.8149 -0.3917
vn 0.428 0.8333 -0.35
vn 0.3922 0.8555 -0.3382
vn 0.4319 0.8424 -0.3221
vn 0.4287 0.8514 -0.3023
vn 0.4396 0.8424 -0.3115
vn 0.3982 0.8614 -0.3152
vn 0.4029 0.8526 -0.3327
vn 0.4062 0.8626 -0.3015
vn 0.4452 0.8514 -0.2774
vn 0.4437 0.851 -0.281
vn 0.4709 0.8387 -0.2737
vn 0.505 0.825 -0.2536
vn 0.505 0.825 -0.2537
vn 0.4894 0.827 -0.2769
vn 0.5288 0.8121 -0.2469
vn 0.5188 0.8159 -0.255
vn 0.5206 0.8157 -0.2522
vn 0.5215 0.8107 -0.2659
vn 0.5229 0.8106 -0.2637
vn 0.5186 0.8108 -0.2715
vn 0.5329 0.8067 -0.2554
vn 0.5131 0.8152 -0.2688
vn 0.4888 0.8181 -0.303
vn 0.4507 0.8027 -0.3905
vn 0.456 0.7885 -0.4126
vn -0.8702 -0.0307 -0.4918
vn -0.9037 -0.0801 -0.4206
vn -0.9037 -0.0801 -0.4206
vn -0.8982 -0.0626 -0.4352
vn -0.8824 -0.0623 -0.4664
vn -0.8773 -0.3535 0.3245
vn -0.9036 -0.2971 0.3086
vn -0.8987 -0.2932 0.3261
vn -0.9107 -0.2704 0.3123
vn -0.9036 -0.2853 0.3195
vn -0.9112 -0.275 0.3069
vn -0.8982 -0.3056 0.316
vn -0.9129 -0.2907 0.2866
vn -0.9134 -0.2889 0.2868
vn -0.9336 -0.2348 0.2705
vn -0.9322 -0.2079 0.2964
vn -0.9204 -0.227 0.3183
vn -0.9187 -0.2713 0.2871
vn -0.9411 -0.2128 0.2627
vn -0.9412 -0.2143 0.2611
vn -0.9414 -0.2058 0.2672
vn -0.9414 -0.2074 0.2659
vn -0.927 -0.2462 0.2828
vn -0.9285 -0.2365 0.2862
vn -0.9283 -0.2403 0.2837
vn -0.9249 -0.2453 0.2905
vn -0.9271 -0.2407 0.2872
vn -0.9244 -0.2448 0.2925
vn -0.9244 -0.245 0.2923
vn -0.9217 -0.249 0.2974
vn -0.919 -0.2616 0.295
vn -0.9377 -0.2865 0.1968
vn -0.9128 -0.3539 0.204
vn -0.9107 -0.3131 0.2694
vn 0.9584 -0.1225 0.2577
vn 0.9562 -0.1257 0.2645
vn 0.9687 -0.0543 0.2421
vn 0.969 -0.0536 0.2411
vn 0.9698 -0.0521 0.2381
vn 0.9593 -0.1214 0.2549
vn -0.2567 -0.4255 -0.8678
vn -0.3268 -0.4352 -0.839
vn -0.3284 -0.436 -0.8379
vn -0.3077 -0.4198 -0.8539
vn -0.2939 -0.426 -0.8557
vn -0.2767 -0.4368 -0.856
vn -0.2576 -0.4264 -0.8671
vn 0.1275 -0.9786 0.1617
vn 0.1275 -0.9786 0.1617
vn 0.1273 -0.9786 0.1615
vn 0.1275 -0.9786 0.1617
vn 0.1506 -0.8828 -0.445
vn 0.1871 -0.8981 -0.398
vn 0.1271 -0.9114 -0.3913
vn 0.1271 -0.9114 -0.3913
vn 0.1454 -0.9019 -0.4068
vn 0.1777 -0.8961 -0.4068
vn 0.2055 -0.8892 -0.4088
vn 0.1515 -0.8821 -0.446
vn 0.3438 -0.3661 -0.8648
vn 0.3421 -0.369 -0.8642
vn 0.3457 -0.3616 -0.8658
vn 0.347 -0.3591 -0.8664
vn -0.5692 -0.7524 0.3316
vn -0.5716 -0.7491 0.3349
vn -0.5709 -0.7498 0.3345
vn -0.5688 -0.753 0.3308
vn 0.8375 -0.5436 0.0559
vn 0.8365 -0.5407 0.089
vn 0.8149 -0.5664 0.1231
vn 0.8143 -0.5659 0.129
vn 0.8336 -0.5494 0.0575
vn 0.828 -0.5594 0.038
vn 0.8568 -0.5152 0.0196
vn 0.8564 -0.516 0.018
vn 0.8322 -0.5533 0.0353
vn 0.059 -0.9948 -0.0828
vn 0.0582 -0.9949 -0.0828
vn 0.0648 -0.9943 -0.0842
vn 0.0657 -0.9942 -0.0846
vn -0.3611 -0.8777 0.3152
vn -0.3255 -0.9123 0.2484
vn -0.3442 -0.9013 0.2631
vn -0.3432 -0.9022 0.2611
vn -0.3422 -0.9032 0.2591
vn -0.3861 -0.9008 0.1988
vn -0.4027 -0.8948 0.1928
vn -0.4314 -0.879 0.203
vn -0.3918 -0.8923 0.2244
vn -0.3863 -0.8936 0.2287
vn -0.3863 -0.8936 0.2287
vn -0.3831 -0.8935 0.2344
vn -0.4221 -0.8631 0.2773
vn -0.4311 -0.859 0.2762
vn -0.4299 -0.8596 0.2762
vn -0.4152 -0.8624 0.2896
vn -0.4162 -0.8626 0.2876
vn -0.4033 -0.8694 0.2854
vn -0.3901 -0.8776 0.2787
vn -0.3638 -0.8835 0.2949
vn -0.3684 -0.8767 0.3091
vn -0.3684 -0.8767 0.3091
vn -0.3611 -0.8777 0.3152
vn 0.7686 -0.2386 -0.5936
vn 0.7579 -0.2543 -0.6007
vn 0.7579 -0.2543 -0.6007
vn 0.7624 -0.1792 -0.6218
vn 0.774 -0.1574 -0.6134
vn 0.774 -0.1574 -0.6134
vn -0.7979 -0.4685 0.3792
vn -0.7979 -0.4685 0.3792
vn -0.8013 -0.4738 0.3652
vn -0.8415 -0.4443 0.3074
vn -0.8394 -0.4804 0.2543
vn -0.8399 -0.4762 0.2605
vn -0.8336 -0.4364 0.3385
vn -0.1558 -0.9235 -0.3506
vn -0.2199 -0.9274 -0.3025
vn -0.2195 -0.9277 -0.302
vn -0.15 -0.9279 -0.3413
vn -0.1546 -0.9237 -0.3505
vn -0.9144 -0.0108 -0.4046
vn -0.9443 0.0449 -0.326
vn -0.9744 -0.0034 -0.225
vn -0.9744 -0.0034 -0.225
vn -0.9719 0.0099 -0.2351
vn -0.9612 0.0085 -0.2758
vn -0.9688 -0.0318 -0.2459
vn -0.941 -0.0069 -0.3384
vn -0.941 -0.0069 -0.3384
vn -0.529 -0.7759 0.3436
vn -0.5525 -0.772 0.3143
vn -0.5834 -0.7487 0.3149
vn -0.587 -0.7476 0.3105
vn -0.548 -0.7715 0.3233
vn -0.5273 -0.777 0.3438
vn -0.6322 -0.6841 0.3638
vn -0.6311 -0.6857 0.3627
vn -0.6338 -0.6815 0.3659
vn -0.6348 -0.68 0.367
vn 0.6591 -0.6575 0.3651
vn 0.6588 -0.6578 0.3652
vn 0.6606 -0.6545 0.3676
vn 0.66 -0.6546 0.3687
vn 0.5235 -0.0712 0.849
vn 0.523 -0.0706 0.8494
vn 0.5225 -0.0699 0.8498
vn 0.7439 -0.325 -0.584
vn 0.7614 -0.2767 -0.5862
vn 0.7614 -0.2767 -0.5862
vn 0.7518 -0.3151 -0.5792
vn 0.7132 -0.4274 -0.5556
vn 0.7148 -0.4255 -0.555
vn -0.0789 -0.62 -0.7806
vn -0.0785 -0.6195 -0.7811
vn -0.0798 -0.6207 -0.78
vn -0.0802 -0.6212 -0.7796
vn 0.904 0.0014 0.4275
vn 0.9077 0.0626 0.415
vn 0.9027 0.0504 0.4273
vn 0.8948 -0.0163 0.4462
vn 0.8948 -0.0163 0.4462
vn 0.4505 0.7561 0.4747
vn 0.4522 0.7603 0.4664
vn 0.4521 0.7592 0.4682
vn 0.4499 0.7552 0.4767
vn 0.1577 -0.6326 0.7582
vn 0.1555 -0.5854 0.7957
vn 0.1544 -0.572 0.8056
vn 0.1077 -0.5783 0.8087
vn 0.099 -0.5762 0.8113
vn 0.1248 -0.5654 0.8153
vn 0.1356 -0.5631 0.8152
vn 0.143 -0.5829 0.7999
vn 0.1406 -0.617 0.7743
vn 0.1471 -0.6513 0.7445
vn 0.1628 -0.6527 0.7399
vn 0.1653 -0.6508 0.7411
vn 0.5167 -0.3905 0.7619
vn 0.5168 -0.3887 0.7628
vn 0.5151 -0.3999 0.7581
vn 0.5146 -0.4014 0.7577
vn -0.2768 -0.0127 0.9609
vn -0.2768 -0.0127 0.9608
vn -0.2 0.0998 0.9747
vn -0.2049 0.0983 0.9738
vn -0.581 -0.711 0.3962
vn -0.5412 -0.7414 0.3967
vn -0.5192 -0.7472 0.4149
vn -0.4789 -0.7601 0.4392
vn -0.4789 -0.7602 0.4392
vn -0.5074 -0.728 0.461
vn -0.4982 -0.7416 0.4493
vn -0.4924 -0.7417 0.4555
vn -0.4925 -0.7417 0.4554
vn -0.495 -0.7195 0.4871
vn -0.4944 -0.7225 0.4833
vn -0.5173 -0.7089 0.4794
vn -0.5167 -0.7169 0.468
vn -0.5241 -0.7137 0.4647
vn -0.5138 -0.7261 0.4569
vn -0.5313 -0.7148 0.4548
vn -0.5159 -0.7308 0.4469
vn -0.5155 -0.7159 0.4709
vn -0.5111 -0.7153 0.4766
vn -0.5098 -0.706 0.4917
vn -0.5068 -0.7092 0.49
vn -0.5174 -0.7045 0.4859
vn -0.5495 -0.6911 0.4695
vn -0.5567 -0.7114 0.429
vn -0.5569 -0.7125 0.4269
vn -0.5928 -0.665 0.4543
vn -0.5926 -0.6652 0.4542
vn -0.6364 0.2805 -0.7186
vn -0.6363 0.2805 -0.7186
vn -0.6503 0.266 -0.7116
vn -0.6503 0.266 -0.7116
vn 0.9899 -0.0783 0.1179
vn 0.9842 -0.1303 0.1203
vn 0.9844 -0.131 0.1178
vn 0.994 -0.0264 0.1059
vn 0.9934 -0.0283 0.1116
vn 0.495 -0.1548 0.855
vn 0.4702 -0.1848 0.863
vn 0.4739 -0.1823 0.8615
vn 0.4743 -0.1931 0.8589
vn 0.4588 -0.1833 0.8694
vn 0.463 -0.1781 0.8683
vn 0.4754 -0.1889 0.8593
vn 0.4722 -0.1826 0.8623
vn 0.4585 -0.204 0.865
vn 0.425 -0.253 0.8691
vn 0.4247 -0.2528 0.8693
vn 0.4513 -0.22 0.8649
vn 0.4336 -0.2363 0.8695
vn 0.4331 -0.2311 0.8712
vn 0.4316 -0.2297 0.8723
vn 0.4272 -0.2245 0.8758
vn 0.4264 -0.2251 0.8761
vn 0.421 -0.2211 0.8797
vn 0.4214 -0.2202 0.8797
vn 0.419 -0.2179 0.8814
vn 0.4171 -0.2161 0.8828
vn 0.4173 -0.2125 0.8836
vn 0.442 -0.1882 0.877
vn 0.4322 -0.2376 0.8699
vn 0.4322 -0.2377 0.8699
vn 0.4957 -0.1121 0.8612
vn 0.4674 -0.1453 0.872
vn 0.4812 -0.1339 0.8663
vn 0.4809 -0.1385 0.8658
vn 0.4827 -0.1401 0.8645
vn 0.485 -0.142 0.8629
vn 0.487 -0.1438 0.8615
vn 0.4895 -0.1457 0.8597
vn 0.4914 -0.1473 0.8584
vn 0.4939 -0.149 0.8567
vn 0.4952 -0.1501 0.8557
vn -0.971 -0.2274 0.0744
vn -0.9575 -0.2867 0.0308
vn -0.9575 -0.2867 0.0308
vn -0.971 -0.2274 0.0744
vn -0.2101 -0.8695 0.4471
vn -0.216 -0.8694 0.4443
vn -0.245 -0.8653 0.4374
vn -0.2725 -0.882 0.3845
vn -0.259 -0.8826 0.3922
vn 0.603 0.7032 -0.3768
vn 0.6077 0.7369 -0.2961
vn 0.6127 0.7366 -0.2865
vn 0.5955 0.694 -0.4048
vn 0.5936 0.6951 -0.4055
vn 0.5871 0.6992 -0.4079
vn -0.5299 -0.7027 0.4748
vn -0.5307 -0.7015 0.4757
vn -0.51 -0.7229 0.4663
vn -0.5482 -0.7025 0.4537
vn -0.5482 -0.7026 0.4537
vn -0.5258 -0.7109 0.4671
vn -0.4979 -0.7405 0.4515
vn -0.4818 -0.7492 0.4544
vn -0.4252 -0.7804 0.4584
vn -0.4247 -0.7806 0.4586
vn -0.4074 -0.7888 0.4603
vn -0.4105 -0.7803 0.4718
vn -0.433 -0.7771 0.4567
vn -0.4288 -0.7753 0.4636
vn -0.4431 -0.7726 0.4546
vn -0.4306 -0.7789 0.4559
vn -0.4511 -0.7707 0.4501
vn -0.427 -0.7854 0.4482
vn -0.4277 -0.7856 0.4472
vn -0.489 -0.7396 0.4625
vn -0.5173 -0.7089 0.4794
vn -0.4944 -0.7225 0.4833
vn -0.5064 -0.7226 0.4705
vn -0.496 -0.7315 0.4678
vn -0.4966 -0.7313 0.4675
vn -0.4919 -0.732 0.4715
vn -0.4968 -0.7227 0.4805
vn -0.4878 -0.7456 0.454
vn -0.4878 -0.7456 0.454
vn -0.4723 -0.7359 0.4852
vn -0.0619 0.9938 -0.0922
vn -0.0602 0.9938 -0.0932
vn -0.067 0.9938 -0.0889
vn -0.0683 0.9938 -0.0879
vn -0.3937 -0.9177 0.0527
vn -0.3937 -0.9177 0.0527
vn -0.3759 -0.926 0.0358
vn -0.3759 -0.926 0.0358
vn -0.6318 -0.5862 0.5072
vn -0.6685 -0.5927 0.4492
vn -0.661 -0.6199 0.4228
vn -0.661 -0.6199 0.4228
vn -0.6533 -0.5729 0.495
vn -0.6578 -0.5542 0.5101
vn -0.6149 -0.5829 0.5311
vn -0.6156 -0.5825 0.5308
vn -0.9428 -0.2854 0.1721
vn -0.9383 -0.3377 0.0745
vn -0.9479 -0.3134 0.0566
vn -0.9145 -0.3928 0.0971
vn -0.9237 -0.3738 0.084
vn -0.9172 -0.3659 0.1579
vn -0.9128 -0.3539 0.204
vn -0.9377 -0.2865 0.1968
vn -0.2795 0.0419 -0.9592
vn -0.2794 0.0421 -0.9593
vn -0.2796 0.0414 -0.9592
vn -0.2798 0.0411 -0.9592
vn -0.0655 0.5667 -0.8213
vn -0.0652 0.5669 -0.8212
vn -0.0655 0.5667 -0.8213
vn -0.0659 0.5665 -0.8214
vn -0.1369 -0.8814 0.452
vn -0.0388 -0.8334 0.5512
vn -0.0389 -0.8333 0.5514
vn -0.1044 -0.8483 0.5192
vn -0.1045 -0.8569 0.5047
vn -0.1086 -0.8835 0.4557
vn -0.133 -0.8853 0.4456
vn 0.7755 -0.6049 0.1807
vn 0.776 -0.6042 0.181
vn 0.8065 -0.5751 0.1372
vn 0.8072 -0.5754 0.1318
vn -0.1672 -0.9858 -0.0171
vn -0.1832 -0.9821 0.0434
vn -0.2262 -0.9726 0.0544
vn -0.2102 -0.977 0.0358
vn -0.1706 -0.9849 0.028
vn -0.1825 -0.9825 -0.0363
vn -0.1824 -0.9825 -0.0369
vn -0.183 -0.9825 -0.0359
vn 0.8698 0.3006 0.3913
vn 0.8705 0.3034 0.3877
vn 0.8849 0.2486 0.394
vn 0.8842 0.2463 0.3969
vn -0.8889 -0.4562 -0.0419
vn -0.8759 -0.4763 -0.0778
vn -0.8759 -0.4762 -0.0778
vn -0.8858 -0.4641 -0.0019
vn -0.9119 -0.4104 0.0017
vn -0.9119 -0.4104 0.0017
vn -0.9273 -0.3742 0.0031
vn -0.9273 -0.3742 0.0031
vn -0.9345 -0.3551 -0.0271
vn -0.9132 -0.4058 -0.0374
vn -0.5145 -0.3015 -0.8027
vn -0.5627 -0.2663 -0.7826
vn -0.5756 -0.2904 -0.7644
vn -0.5006 -0.3102 -0.8082
vn -0.4854 -0.2989 -0.8216
vn -0.4854 -0.2989 -0.8216
vn -0.439 -0.7647 0.4717
vn -0.439 -0.7647 0.4717
vn -0.4419 -0.7778 0.447
vn -0.4419 -0.7778 0.447
vn -0.9818 0.1039 -0.1591
vn -0.9859 0.1197 -0.1167
vn -0.9864 0.1176 -0.115
vn -0.9852 0.1232 -0.1194
vn -0.9787 0.1161 -0.1692
vn -0.2147 -0.7997 0.5607
vn -0.2148 -0.7997 0.5607
vn -0.2341 -0.8086 0.5398
vn -0.2341 -0.8086 0.5398
vn 0.9016 0.1207 0.4154
vn 0.9016 0.1207 0.4154
vn 0.8958 0.1886 0.4024
vn 0.8974 0.1929 0.3969
vn -0.7723 -0.4952 0.3979
vn -0.681 -0.5824 0.4439
vn -0.6798 -0.5847 0.4427
vn -0.7748 -0.5034 0.3824
vn 0.3973 -0.2859 0.872
vn 0.3979 -0.2863 0.8716
vn 0.3671 -0.3201 0.8734
vn 0.366 -0.3194 0.8741
vn 0.3725 -0.3184 0.8717
vn 0.3693 -0.3113 0.8756
vn 0.3695 -0.3116 0.8754
vn 0.3642 -0.3062 0.8795
vn 0.3637 -0.3056 0.88
vn 0.3589 -0.3004 0.8837
vn 0.3581 -0.2996 0.8843
vn 0.3537 -0.2952 0.8875
vn 0.353 -0.2946 0.888
vn 0.3519 -0.2892 0.8903
vn 0.3483 -0.3018 0.8875
vn 0.3728 -0.2625 0.89
vn 0.3847 -0.2524 0.8879
vn 0.3854 -0.2572 0.8862
vn 0.387 -0.2587 0.8851
vn 0.3922 -0.2631 0.8814
vn 0.3921 -0.2634 0.8814
vn 0.3953 -0.2669 0.8789
vn 0.3969 -0.2685 0.8777
vn 0.4003 -0.2715 0.8753
vn 0.4012 -0.2725 0.8745
vn 0.4018 -0.2775 0.8727
vn -0.6215 -0.2216 -0.7514
vn -0.6502 -0.2177 -0.7279
vn -0.6581 -0.2313 -0.7165
vn -0.6359 -0.2466 -0.7313
vn -0.6068 -0.2681 -0.7483
vn -0.6068 -0.2681 -0.7483
vn -0.5928 -0.2431 -0.7678
vn -0.7526 -0.6062 0.2572
vn -0.7961 -0.5642 0.2188
vn -0.796 -0.5646 0.2184
vn -0.7686 -0.5942 0.2371
vn -0.7395 -0.6174 0.2684
vn -0.7856 -0.5381 0.3055
vn -0.7591 -0.5606 0.3309
vn -0.7591 -0.5598 0.3322
vn -0.7871 -0.5356 0.306
vn -0.9548 -0.188 0.2301
vn -0.9417 -0.2239 0.2512
vn -0.9416 -0.2225 0.2526
vn -0.9476 -0.2183 0.2334
vn -0.9461 -0.2373 0.2203
vn -0.9567 -0.223 0.1872
vn -0.9568 -0.2229 0.1867
vn 0.1636 0.9517 -0.2597
vn 0.1637 0.9517 -0.2597
vn 0.1831 0.9289 -0.3218
vn 0.2064 0.9068 -0.3675
vn 0.2036 0.9054 -0.3725
vn 0.1892 0.9329 -0.3064
vn -0.9227 -0.3718 0.1021
vn -0.9226 -0.372 0.1025
vn -0.9098 -0.4015 0.105
vn -0.8851 -0.4548 0.0988
vn -0.8861 -0.453 0.098
vn 0.6236 -0.6776 -0.3898
vn 0.6236 -0.6776 -0.3898
vn 0.6236 -0.6776 -0.3898
vn 0.9817 0.1893 0.0199
vn 0.9738 0.2113 0.0844
vn 0.9829 0.1624 0.0871
vn 0.9901 0.104 0.0941
vn 0.9899 0.1416 -0.0089
vn 0.9899 0.1416 -0.0089
vn 0.9708 0.1318 0.2005
vn 0.9636 0.1812 0.1966
vn 0.9523 0.2357 0.1937
vn 0.9524 0.235 0.1944
vn 0.9524 0.2369 0.1919
vn 0.9709 0.1328 0.1995
vn 0.9709 0.1335 0.1987
vn 0.705 -0.5991 -0.3795
vn 0.705 -0.5991 -0.3795
vn 0.705 -0.5991 -0.3795
vn 0.7606 0.6073 0.2295
vn 0.7481 0.6236 0.2271
vn 0.7481 0.6236 0.2271
vn 0.7606 0.6073 0.2295
vn 0.1347 -0.6301 -0.7647
vn 0.1363 -0.6288 -0.7655
vn 0.1104 -0.5969 -0.7947
vn 0.1088 -0.5983 -0.7938
vn 0.3868 0.9051 -0.1766
vn 0.3465 0.9319 -0.1073
vn 0.3498 0.9314 -0.1008
vn 0.3868 0.9051 -0.1766
vn -0.9997 0.0129 0.0194
vn -0.9997 0.0126 0.019
vn -0.9997 0.0131 0.0219
vn -0.9997 0.0129 0.0224
vn -0.7495 -0.6536 0.1052
vn -0.7589 -0.644 0.0965
vn -0.7394 -0.6603 0.1319
vn -0.7169 -0.6598 0.225
vn -0.7106 -0.6612 0.2405
vn -0.7095 -0.6622 0.2411
vn -0.7261 -0.6587 0.1975
vn 0.9751 -0.2208 -0.0212
vn 0.9626 -0.2521 0.0988
vn 0.962 -0.2549 0.0974
vn 0.97 -0.2424 0.0204
vn 0.9771 -0.2109 -0.0289
vn 0.3392 -0.179 0.9235
vn 0.3392 -0.179 0.9235
vn 0.3248 -0.19 0.9265
vn 0.3248 -0.19 0.9265
vn -0.0784 -0.0985 -0.992
vn -0.0803 -0.1013 -0.9916
vn -0.0752 -0.0936 -0.9928
vn -0.0732 -0.0909 -0.9932
vn -0.7362 -0.6715 0.084
vn -0.7362 -0.6715 0.084
vn -0.7507 -0.6603 0.0202
vn -0.7507 -0.6603 0.0202
vn 0.5757 0.8176 -0.0017
vn 0.5771 0.8167 0.0013
vn 0.5802 0.8144 0.0089
vn 0.4917 0.8707 0.0087
vn 0.4419 0.8949 0.0617
vn 0.4443 0.8934 0.0667
vn 0.498 0.8669 0.0219
vn 0.5313 0.8472 -0.0001
vn 0.3935 -0.0118 0.9193
vn 0.4302 0.0815 0.8991
vn 0.4251 0.0783 0.9017
vn 0.3973 -0.0098 0.9176
vn 0.9484 0.3031 0.0937
vn 0.9479 0.3053 0.0909
vn 0.9426 0.3327 0.0271
vn 0.9426 0.3327 0.0271
vn 0.9289 0.3559 0.1027
vn 0.4023 -0.3956 -0.8256
vn 0.4369 -0.4127 -0.7992
vn 0.4382 -0.4099 -0.8
vn 0.4035 -0.393 -0.8263
vn 0.4529 0.5811 -0.6761
vn 0.4033 0.6131 -0.6793
vn 0.4033 0.6132 -0.6792
vn 0.4033 0.6132 -0.6792
vn 0.4531 0.5829 -0.6744
vn -0.3358 -0.9373 -0.0929
vn -0.3349 -0.9375 -0.0942
vn -0.3368 -0.9372 -0.0908
vn -0.3374 -0.9371 -0.0892
vn 0.886 0.4315 -0.1697
vn 0.8936 0.4404 -0.0872
vn 0.8949 0.4367 -0.0916
vn 0.9189 0.3669 -0.1447
vn 0.9174 0.3603 -0.1688
vn 0.9142 0.337 -0.225
vn 0.9071 0.3579 -0.2215
vn 0.8787 0.4288 -0.21
vn 0.8775 0.4263 -0.2198
vn 0.9057 0.4118 0.1005
vn 0.9187 0.3942 0.0246
vn 0.8926 0.4503 0.0237
vn 0.9059 0.411 0.1019
vn 0.454 -0.8889 0.0605
vn 0.4546 -0.8886 0.0609
vn 0.4491 -0.8916 0.0588
vn 0.4484 -0.8919 0.0587
vn -0.6139 -0.6856 0.3913
vn -0.6283 -0.7346 0.2561
vn -0.6405 -0.7295 0.2399
vn -0.6366 -0.7323 0.2419
vn -0.6051 -0.7177 0.3445
vn -0.6011 -0.6864 0.4093
vn -0.6076 -0.682 0.4071
vn 0.2404 -0.5838 -0.7755
vn 0.2392 -0.5858 -0.7744
vn 0.2426 -0.5807 -0.7771
vn 0.244 -0.5791 -0.7779
vn 0.9958 0.0866 -0.0289
vn 0.9958 0.0866 -0.029
vn 0.9901 0.0789 -0.116
vn 0.9868 0.0875 -0.1363
vn 0.9851 0.0925 -0.1448
vn 0.9804 0.1431 -0.1354
vn 0.9751 0.1637 -0.1498
vn 0.989 0.1447 -0.0319
vn 0.9867 0.1572 -0.0414
vn -0.9972 -0.0444 -0.0606
vn -0.9972 -0.0444 -0.0606
vn -0.9986 -0.0534 -0.002
vn -0.999 -0.0423 0.0127
vn -1 0.0093 0.0002
vn -1 -0.0061 0.0054
vn -0.9998 -0.0158 0.0141
vn -0.9997 -0.0157 0.0211
vn -0.9997 -0.012 0.0235
vn -0.9996 -0.0086 0.0257
vn -0.9996 -0.0095 0.0275
vn -0.9996 -0.014 0.0258
vn -0.9996 -0.0267 0.0103
vn -0.9994 0.0339 0.0094
vn -0.9995 0.0311 0.0092
vn -0.997 0.0424 -0.0642
vn -0.9968 0.0447 -0.0663
vn -0.9982 0.0238 -0.0559
vn -0.9968 0.0416 -0.0682
vn -0.9965 0.033 -0.0772
vn -0.9952 0.0461 -0.0864
vn 0.0847 -0.9592 -0.2697
vn 0.068 -0.9716 -0.2268
vn 0.068 -0.9716 -0.2268
vn 0.0816 -0.9596 -0.2693
vn 0.0921 -0.9371 -0.3367
vn -0.7024 0.7117 -0.0131
vn -0.7024 0.7117 -0.0131
vn -0.6929 0.7207 -0.0207
vn -0.6929 0.7207 -0.0207
vn 0.1219 0.8257 -0.5507
vn 0.1645 0.8469 -0.5057
vn 0.1646 0.8476 -0.5045
vn 0.1244 0.8041 -0.5813
vn 0.1229 0.8042 -0.5815
vn 0.1262 0.804 -0.5811
vn 0.9009 0.3073 -0.3065
vn 0.9071 0.3579 -0.2215
vn 0.9142 0.337 -0.225
vn 0.9393 0.3106 -0.1459
vn 0.9408 0.3011 -0.1559
vn 0.9551 0.2533 -0.154
vn 0.9535 0.2513 -0.1667
vn 0.9516 0.2515 -0.1767
vn 0.925 0.2224 -0.3082
vn 0.6854 0.0987 0.7214
vn 0.6965 0.1204 0.7074
vn 0.7047 0.2041 0.6795
vn 0.701 0.2114 0.6812
vn 0.7004 0.2126 0.6814
vn 0.833 -0.5326 -0.1497
vn 0.8335 -0.5317 -0.1501
vn 0.829 -0.5386 -0.1503
vn 0.8286 -0.5391 -0.151
vn 0.8127 0.5567 0.1722
vn 0.8442 0.5053 0.179
vn 0.8442 0.5053 0.179
vn 0.8121 0.5583 0.1698
vn 0.8117 0.5593 0.1683
vn 0.1474 -0.9701 -0.1927
vn 0.1444 -0.9693 -0.1992
vn 0.1452 -0.9695 -0.1976
vn 0.148 -0.9703 -0.1912
vn 0.248 -0.6966 -0.6732
vn 0.2681 -0.7416 -0.615
vn 0.2681 -0.7415 -0.615
vn 0.2933 -0.7236 -0.6248
vn 0.2933 -0.7236 -0.6249
vn 0.3051 -0.6887 -0.6577
vn 0.2951 -0.6727 -0.6785
vn 0.2951 -0.6727 -0.6785
vn 0.2875 -0.6599 -0.6941
vn 0.2875 -0.6599 -0.6941
vn 0.2831 -0.6517 -0.7037
vn 0.2829 -0.6511 -0.7043
vn 0.2681 -0.6477 -0.7132
vn 0.2678 -0.6476 -0.7134
vn 0.298 -0.6274 -0.7194
vn 0.2971 -0.6276 -0.7196
vn 0.2224 -0.676 -0.7025
vn 0.1968 -0.7007 -0.6858
vn 0.1905 -0.7063 -0.6818
vn 0.1853 -0.6978 -0.6919
vn 0.1857 -0.6984 -0.6912
vn 0.195 -0.7026 -0.6843
vn 0.2167 -0.6908 -0.6898
vn 0.2234 -0.7093 -0.6685
vn 0.22 -0.8065 -0.5487
vn 0.2584 -0.8124 -0.5226
vn 0.2387 -0.8102 -0.5354
vn 0.276 -0.8043 -0.5262
vn 0.2947 -0.765 -0.5727
vn 0.2947 -0.7649 -0.5727
vn 0.2865 -0.7865 -0.5471
vn 0.2807 -0.7693 -0.5739
vn 0.2807 -0.7693 -0.5739
vn 0.2525 -0.7927 -0.5549
vn 0.2525 -0.7927 -0.5549
vn -0.9939 -0.1078 0.0226
vn -0.9984 -0.0452 -0.035
vn -0.9981 -0.0615 0.0102
vn -0.9852 -0.1158 0.1261
vn -0.9931 -0.0481 0.1069
vn -0.9972 -0.0746 0.0031
vn -1 0.0066 -0.0021
vn -0.9997 -0.0164 0.0153
vn -0.9997 -0.0165 0.0153
vn -0.9906 -0.1301 0.0411
vn -0.9157 0.0659 -0.3964
vn -0.9157 0.0659 -0.3964
vn -0.9288 0.0353 -0.369
vn -0.9288 0.0353 -0.369
vn 0.8551 -0.1457 0.4976
vn 0.8551 -0.1457 0.4976
vn 0.8742 -0.1203 0.4704
vn 0.8929 -0.0583 0.4465
vn 0.8929 -0.0583 0.4465
vn 0.8792 -0.0802 0.4697
vn -0.7915 -0.6044 0.0909
vn -0.7718 -0.6039 0.1991
vn -0.761 -0.601 0.2443
vn -0.759 -0.5978 0.2578
vn -0.7558 -0.6011 0.2597
vn -0.8077 -0.548 0.2175
vn -0.8036 -0.5529 0.2203
vn -0.8077 -0.5615 0.1797
vn -0.8275 -0.5541 0.0913
vn -0.7924 -0.6027 0.0938
vn 0.7929 0.5992 -0.1109
vn 0.7766 0.6065 -0.1704
vn 0.7748 0.6091 -0.1693
vn 0.7436 0.6536 -0.1411
vn 0.7678 0.6352 -0.0839
vn 0.784 0.6194 -0.0416
vn 0.7838 0.6196 -0.0417
vn 0.8023 0.5916 -0.0792
vn 0.2527 -0.3055 -0.918
vn 0.2542 -0.3016 -0.9189
vn 0.2499 -0.3099 -0.9173
vn 0.2488 -0.3142 -0.9162
vn 0.9474 -0.2819 0.1515
vn 0.9477 -0.2814 0.1507
vn 0.9478 -0.2803 0.1521
vn 0.9479 -0.2792 0.1534
vn -0.2344 0.7017 -0.6728
vn -0.2318 0.7027 -0.6726
vn -0.2383 0.7006 -0.6726
vn -0.2406 0.6995 -0.6729
vn -0.9014 -0.4308 0.0433
vn -0.9274 -0.3692 0.06
vn -0.9166 -0.3922 0.0775
vn -0.9225 -0.383 0.0479
vn -0.9225 -0.3829 0.0479
vn -0.9016 -0.4312 0.0348
vn -0.9016 -0.4314 0.0326
vn -0.1334 -0.8217 0.554
vn -0.1347 -0.8228 0.5522
vn -0.1095 -0.8215 0.5597
vn -0.1069 -0.767 0.6327
vn -0.1775 -0.9312 0.3185
vn -0.1775 -0.9312 0.3185
vn -0.1434 -0.9254 0.3508
vn -0.1434 -0.9254 0.3508
vn -0.58 -0.6991 0.4181
vn -0.6314 -0.6703 0.3899
vn -0.6314 -0.6715 0.3879
vn -0.5811 -0.699 0.4167
vn 0.4824 -0.8544 0.1933
vn 0.4824 -0.8544 0.1933
vn 0.4824 -0.8544 0.1933
vn 0.4824 -0.8544 0.1933
vn -0.7099 -0.6956 0.1099
vn -0.7334 -0.677 0.0626
vn -0.7499 -0.661 -0.028
vn -0.7505 -0.6602 -0.0299
vn -0.7491 -0.662 -0.0252
vn -0.7049 -0.7082 0.0404
vn -0.6969 -0.7159 0.0435
vn -0.7058 -0.7082 0.0166
vn -0.7058 -0.7082 0.0165
vn -0.6968 -0.7166 0.0304
vn -0.6968 -0.7166 0.0304
vn -0.6686 -0.739 0.0826
vn -0.6686 -0.739 0.0826
vn -0.4805 -0.7872 0.3866
vn -0.4805 -0.7872 0.3866
vn -0.4526 -0.8189 0.3529
vn -0.4526 -0.8189 0.3529
vn -0.7403 -0.5849 0.3315
vn -0.7415 -0.5826 0.3328
vn -0.7375 -0.5902 0.3283
vn -0.7362 -0.5926 0.3269
vn -0.9361 -0.2893 0.2001
vn -0.9269 -0.2991 0.227
vn -0.9266 -0.299 0.228
vn -0.9319 -0.3042 0.1977
vn -0.2212 -0.3608 -0.906
vn -0.222 -0.3616 -0.9055
vn -0.2203 -0.3595 -0.9068
vn -0.2196 -0.3587 -0.9072
vn 0.2409 -0.7601 -0.6036
vn 0.2409 -0.7601 -0.6036
vn 0.2702 -0.7461 -0.6085
vn 0.2589 -0.7212 -0.6426
vn 0.2335 -0.7384 -0.6327
vn 0.2246 -0.7132 -0.664
vn 0.2011 -0.7265 -0.6571
vn 0.1685 -0.6963 -0.6977
vn 0.1683 -0.6959 -0.6982
vn 0.1371 -0.7281 -0.6717
vn 0.1311 -0.7447 -0.6544
vn 0.1433 -0.7493 -0.6465
vn 0.1594 -0.7419 -0.6513
vn 0.1594 -0.7419 -0.6513
vn 0.1785 -0.7338 -0.6554
vn 0.1882 -0.794 -0.578
vn 0.1882 -0.7941 -0.578
vn 0.2145 -0.7785 -0.5898
vn 0.2145 -0.7785 -0.5899
vn -0.4093 -0.7899 0.4566
vn -0.4093 -0.7899 0.4566
vn -0.4272 -0.7819 0.454
vn -0.4272 -0.7819 0.454
vn 0.0762 -0.9815 -0.1757
vn 0.0691 -0.9823 -0.1742
vn 0.0682 -0.9824 -0.1738
vn 0.0754 -0.9816 -0.1756
vn -0.8178 0.5634 -0.1177
vn -0.8189 0.5606 -0.123
vn -0.7221 0.6843 -0.1015
vn -0.7197 0.6866 -0.1028
vn 0.1405 -0.5409 -0.8293
vn 0.1389 -0.5432 -0.828
vn 0.1435 -0.537 -0.8313
vn 0.1451 -0.5349 -0.8324
vn -0.6934 -0.6069 0.3884
vn -0.6987 -0.6618 0.2718
vn -0.7025 -0.6634 0.2578
vn -0.7044 -0.6617 0.2568
vn -0.6937 -0.6073 0.3872
vn -0.5247 -0.6747 -0.5192
vn -0.5247 -0.6747 -0.5192
vn -0.5038 -0.658 -0.5597
vn -0.5038 -0.658 -0.5597
vn -0.6158 -0.7611 0.2036
vn -0.6551 -0.726 0.2091
vn -0.6496 -0.7266 0.2235
vn -0.6032 -0.7432 0.2895
vn -0.5953 -0.7378 0.3183
vn -0.5952 -0.7411 0.3105
vn -0.5823 -0.7542 0.3035
vn -0.5894 -0.7527 0.2933
vn -0.5728 -0.7644 0.2958
vn -0.5772 -0.7649 0.2861
vn 0.8455 -0.192 0.4982
vn 0.8455 -0.192 0.4982
vn 0.8075 -0.2627 0.5282
vn 0.7864 -0.2772 0.552
vn 0.7864 -0.2772 0.552
vn 0.8222 -0.2125 0.5281
vn 0.8943 0.4073 0.1854
vn 0.8942 0.4083 0.1837
vn 0.871 0.4562 0.1824
vn 0.8711 0.4554 0.1838
vn 0.862 0.2647 -0.4324
vn 0.862 0.2647 -0.4324
vn 0.8618 0.2393 -0.4472
vn 0.8618 0.2393 -0.4472
vn -0.6304 0.7317 0.2593
vn -0.6304 0.7317 0.2593
vn -0.6304 0.7317 0.2593
vn 0.0283 0.803 0.5953
vn 0.0283 0.803 0.5953
vn 0.0283 0.803 0.5953
vn 0.1613 0.8485 0.504
vn 0.1613 0.8485 0.504
vn 0.1613 0.8485 0.504
vn 0.8958 0.1776 -0.4075
vn 0.8958 0.1776 -0.4075
vn 0.9082 0.1004 -0.4064
vn 0.9082 0.1004 -0.4064
vn 0.9239 -0.2558 -0.2844
vn 0.9239 -0.2558 -0.2844
vn 0.9296 -0.2391 -0.2805
vn 0.9296 -0.2391 -0.2805
vn -0.9394 -0.1952 0.2818
vn -0.9327 -0.1942 0.3039
vn -0.9426 -0.1814 0.2804
vn -0.9504 -0.1788 0.2545
vn 0.3078 0.2762 -0.9105
vn 0.3075 0.2739 -0.9113
vn 0.3089 0.277 -0.9099
vn 0.3092 0.2793 -0.9091
vn -0.7818 -0.5027 0.369
vn -0.7818 -0.5027 0.369
vn -0.7818 -0.5027 0.369
vn -0.8564 -0.4177 0.3034
vn -0.8564 -0.4177 0.3034
vn -0.8564 -0.4177 0.3034
vn -0.231 -0.5578 0.7972
vn -0.231 -0.5578 0.7972
vn -0.231 -0.5578 0.7972
vn -0.3768 -0.6157 0.692
vn -0.3768 -0.6157 0.692
vn -0.3768 -0.6157 0.692
vn -0.7811 -0.505 0.3672
vn -0.8396 -0.3832 0.385
vn -0.8212 -0.4768 0.3134
vn -0.8228 -0.4757 0.3111
vn -0.8168 -0.4804 0.3195
vn -0.792 -0.4909 0.363
vn -0.8084 -0.4776 0.344
vn -0.8075 -0.4832 0.3384
vn 0.4414 -0.577 -0.6872
vn 0.4877 -0.5127 -0.7066
vn 0.4849 -0.504 -0.7148
vn 0.4547 -0.5441 -0.7051
vn 0.4414 -0.577 -0.6872
vn 0.6099 0.7865 -0.0972
vn 0.5694 0.8101 -0.1395
vn 0.5694 0.8101 -0.1396
vn 0.5922 0.7943 -0.1358
vn 0.6323 0.7691 -0.0929
vn -0.8773 -0.3535 0.3245
vn -0.8781 -0.3811 0.2895
vn -0.878 -0.3756 0.2967
vn -0.8586 -0.3797 0.3445
vn -0.7848 -0.4663 0.4082
vn -0.8335 -0.4029 0.378
vn -0.8249 -0.4299 0.367
vn -0.8744 -0.3629 0.322
vn -0.8934 -0.3307 0.3041
vn -0.8945 -0.3269 0.3049
vn -0.8805 -0.3367 0.3338
vn -0.8955 -0.3076 0.3218
vn -0.8803 -0.3337 0.3372
vn -0.8896 -0.3167 0.3292
vn -0.8693 -0.3524 0.3467
vn -0.9036 -0.2971 0.3086
vn 0.7496 -0.621 0.2292
vn 0.7496 -0.621 0.2289
vn 0.7506 -0.6195 0.23
vn 0.7508 -0.6192 0.23
vn -0.5637 -0.8011 0.2013
vn -0.5583 -0.8021 0.2117
vn -0.5344 -0.7883 0.3051
vn -0.5512 -0.7679 0.3263
vn -0.5391 -0.7736 0.3331
vn -0.51 -0.8019 0.3112
vn -0.5014 -0.8101 0.304
vn -0.4934 -0.8147 0.3047
vn -0.486 -0.8226 0.2953
vn -0.486 -0.8226 0.2953
vn -0.4799 -0.8296 0.2854
vn -0.4771 -0.8311 0.2858
vn -0.4667 -0.8402 0.2762
vn -0.4666 -0.8402 0.2762
vn -0.4509 -0.8517 0.2671
vn -0.4543 -0.85 0.2667
vn -0.4313 -0.8645 0.2579
vn -0.4399 -0.8604 0.2572
vn -0.4254 -0.8763 0.2261
vn -0.4398 -0.8705 0.2208
vn -0.4398 -0.8705 0.2208
vn -0.4477 -0.8674 0.2172
vn -0.4673 -0.8613 0.1994
vn -0.6919 -0.7072 0.1457
vn -0.6058 -0.7768 0.172
vn -0.6058 -0.7768 0.172
vn -0.6071 -0.7754 0.1736
vn -0.6071 -0.7754 0.1736
vn -0.6469 -0.7279 0.2273
vn -0.6503 -0.7255 0.2255
vn 0.9962 0.086 -0.0103
vn 0.9973 0.0735 -0.0004
vn 0.9973 0.0734 -0.0004
vn 0.9942 0.0392 0.1004
vn 0.9943 0.0398 0.0993
vn 0.9984 -0.0001 0.0559
vn 0.9994 -0.0006 0.0333
vn -0.5807 -0.6659 0.4684
vn -0.5988 -0.6704 0.4382
vn -0.6522 -0.6326 0.4176
vn -0.6265 -0.6495 0.4309
vn -0.6727 -0.6237 0.3981
vn -0.6733 -0.6239 0.3966
vn -0.593 -0.6838 0.4252
vn -0.5701 -0.6988 0.4321
vn -0.5591 -0.6986 0.4466
vn -0.2415 -0.7847 -0.5709
vn -0.2415 -0.7847 -0.5709
vn -0.232 -0.7784 -0.5833
vn -0.232 -0.7784 -0.5833
vn 0.5805 0.6957 -0.4232
vn 0.5805 0.6957 -0.4232
vn 0.5786 0.6838 -0.4446
vn 0.5307 0.7102 -0.4625
vn 0.5018 0.75 -0.4308
vn 0.5163 0.7511 -0.4114
vn 0.5183 0.7575 -0.397
vn 0.5139 0.7658 -0.3866
vn 0.0399 -0.6599 0.7503
vn 0.0399 -0.6599 0.7503
vn 0.0648 -0.6445 0.7618
vn 0.0648 -0.6446 0.7618
vn 0.2059 0.974 -0.0942
vn 0.2054 0.9743 -0.0929
vn 0.2057 0.9741 -0.0936
vn 0.2061 0.9739 -0.0945
vn -0.5692 -0.7895 0.2295
vn -0.5724 -0.7866 0.2317
vn -0.5716 -0.7872 0.2313
vn -0.5684 -0.7902 0.2289
vn -0.8449 -0.4871 0.221
vn -0.8399 -0.4762 0.2605
vn -0.8394 -0.4804 0.2543
vn -0.8455 -0.5018 0.1825
vn -0.8443 -0.5036 0.1835
vn -0.8498 -0.4957 0.179
vn -0.5968 0.784 0.1707
vn -0.5968 0.784 0.1707
vn -0.5968 0.784 0.1707
vn -0.7476 -0.5484 0.3748
vn -0.7928 -0.4945 0.3561
vn -0.7787 -0.5048 0.3726
vn -0.7839 -0.508 0.357
vn -0.7988 -0.5388 0.2677
vn -0.8002 -0.5513 0.236
vn -0.8038 -0.5471 0.2336
vn -0.7535 -0.5987 0.2718
vn -0.757 -0.5952 0.2697
vn 0.932 0.3615 -0.0255
vn 0.9437 0.3211 -0.0793
vn 0.9408 0.3011 -0.1559
vn 0.9393 0.3106 -0.1459
vn 0.9183 0.3734 -0.1314
vn 0.9307 0.3622 -0.0503
vn 0.932 0.3615 -0.0255
vn 0.1063 -0.9058 -0.4102
vn 0.1063 -0.9058 -0.4102
vn 0.1401 -0.8887 -0.4366
vn 0.2355 -0.8215 -0.5193
vn 0.2289 -0.8128 -0.5357
vn 0.2289 -0.8128 -0.5357
vn 0.1971 -0.8336 -0.5161
vn 0.2469 -0.8313 -0.498
vn 0.2086 -0.8336 -0.5115
vn 0.2277 -0.8368 -0.4979
vn 0.2236 -0.8142 -0.5358
vn 0.2236 -0.8142 -0.5357
vn 0.194 -0.8316 -0.5205
vn 0.194 -0.8315 -0.5205
vn 0.1665 -0.8444 -0.5091
vn 0.1665 -0.8444 -0.5091
vn 0.1268 -0.8579 -0.4979
vn 0.1057 -0.8639 -0.4925
vn 0.1137 -0.8622 -0.4936
vn 0.1665 -0.8713 -0.4615
vn 0.1498 -0.8709 -0.4681
vn 0.1818 -0.8771 -0.4446
vn 0.9773 -0.208 -0.0414
vn 0.9751 -0.2208 -0.0212
vn 0.9771 -0.2109 -0.0289
vn 0.9733 -0.2148 -0.0809
vn 0.9663 -0.2328 -0.1102
vn 0.9729 -0.1925 -0.1282
vn 0.9749 -0.1403 -0.1731
vn 0.9742 -0.1442 -0.1735
vn -0.229 0.9326 -0.2791
vn -0.2188 0.9437 -0.2482
vn -0.2165 0.9442 -0.2483
vn -0.2287 0.9226 -0.3106
vn -0.1687 0.913 -0.3714
vn -0.167 0.9129 -0.3724
vn -0.1701 0.9078 -0.3833
vn -0.1851 0.9107 -0.3693
vn -0.1956 0.9188 -0.3427
vn -0.2221 0.9241 -0.3111
vn -0.6985 -0.2678 -0.6636
vn -0.6985 -0.2678 -0.6636
vn -0.6807 -0.2351 -0.6938
vn -0.6807 -0.2351 -0.6938
vn 0.6989 -0.5006 -0.5108
vn 0.6989 -0.5006 -0.5108
vn 0.6989 -0.5006 -0.5108
vn 0.6989 -0.5006 -0.5108
vn 0.384 -0.902 -0.1973
vn 0.3841 -0.902 -0.1973
vn 0.3203 -0.9161 -0.241
vn 0.3204 -0.9161 -0.241
vn -0.2399 -0.7026 0.6699
vn -0.2368 -0.7033 0.6703
vn -0.2288 -0.7093 0.6668
vn -0.2145 -0.7167 0.6635
vn -0.1983 -0.7232 0.6616
vn -0.2016 -0.7239 0.6598
vn -0.2203 -0.7177 0.6606
vn -0.2306 -0.7081 0.6674
vn -0.2399 -0.703 0.6696
vn -0.2446 -0.703 0.6678
vn -0.2532 -0.7081 0.6592
vn -0.2633 -0.7505 0.6062
vn -0.2638 -0.7506 0.6058
vn -0.2617 -0.7499 0.6076
vn -0.2638 -0.7095 0.6535
vn 0.7358 0.658 -0.1604
vn 0.7215 0.6634 -0.1984
vn 0.6998 0.6655 -0.2596
vn 0.6959 0.6647 -0.2719
vn 0.6933 0.6635 -0.2814
vn 0.3831 -0.6326 -0.6731
vn 0.3742 -0.6393 -0.6718
vn 0.4247 -0.5935 -0.6836
vn 0.4242 -0.5841 -0.692
vn -0.9191 -0.3209 0.2286
vn -0.9191 -0.3209 0.2286
vn -0.9372 -0.2868 0.1984
vn -0.9372 -0.2868 0.1984
vn -0.9685 0.0282 -0.2473
vn -0.9839 -0.0544 -0.1703
vn -0.9839 -0.0544 -0.1703
vn -0.9947 0.0005 -0.1028
vn -0.9925 0.024 -0.1197
vn -0.9925 0.0563 -0.1084
vn -0.9956 0.0286 -0.0889
vn -0.9964 0.0357 -0.0768
vn -0.9977 0.0182 -0.0647
vn -0.9927 0.0391 -0.1145
vn -0.9796 0.0256 -0.1995
vn -0.9796 0.0256 -0.1995
vn -0.976 -0.0125 -0.2175
vn -0.7862 0.5526 -0.2766
vn -0.825 0.494 -0.2744
vn -0.825 0.4924 -0.2775
vn -0.828 0.523 -0.2021
vn -0.8263 0.5285 -0.195
vn -0.8186 0.5352 -0.2084
vn -0.8016 0.5499 -0.2346
vn 0.162 -0.8561 -0.4908
vn 0.162 -0.8561 -0.4908
vn 0.1707 -0.8461 -0.505
vn 0.1707 -0.8461 -0.505
vn -0.8779 -0.3728 0.3005
vn -0.8433 -0.4316 0.3202
vn -0.8434 -0.4289 0.3237
vn -0.878 -0.3707 0.3029
vn 0.0477 -0.9988 -0.0121
vn 0.0481 -0.9988 -0.0121
vn 0.0487 -0.9987 -0.0123
vn -0.0094 -0.9985 0.0533
vn -0.0048 -0.9991 0.0425
vn 0.5139 0.7658 -0.3866
vn 0.5183 0.7575 -0.397
vn 0.5338 0.7912 -0.2983
vn 0.5387 0.789 -0.2954
vn 0.536 0.7901 -0.2973
vn -0.1149 0.9814 -0.1538
vn -0.2045 0.9504 -0.2342
vn -0.208 0.9497 -0.234
vn -0.1957 0.9549 -0.2232
vn -0.112 0.9816 -0.1548
vn -0.9629 -0.2643 0.0546
vn -0.9577 -0.2429 0.1542
vn -0.9616 -0.2092 0.1779
vn -0.9653 -0.1938 0.1749
vn -0.9691 -0.1893 0.1581
vn -0.9681 -0.2411 0.069
vn 0.6305 0.1318 -0.7649
vn 0.631 0.1527 -0.7606
vn 0.5523 0.0969 -0.828
vn 0.5265 0.122 -0.8414
vn 0.5253 0.1131 -0.8434
vn 0.1427 -0.6842 0.7152
vn 0.1427 -0.6842 0.7152
vn 0.0922 -0.7091 0.6991
vn 0.0922 -0.7091 0.6991
vn 0.4666 0.2764 0.8402
vn 0.4666 0.2764 0.8402
vn 0.4746 0.2858 0.8325
vn 0.4746 0.2857 0.8326
vn 0.1731 0.9543 -0.2436
vn 0.1731 0.9543 -0.2436
vn 0.1665 0.9741 -0.1528
vn 0.1664 0.9742 -0.1527
vn 0.7239 0.2903 0.6258
vn 0.7299 0.3363 0.5951
vn 0.7237 0.3462 0.597
vn 0.723 0.3478 0.597
vn 0.7109 0.255 0.6554
vn 0.7146 0.2479 0.6541
vn 0.7152 0.247 0.6539
vn -0.6848 -0.6962 0.2152
vn -0.6875 -0.6796 0.256
vn -0.6873 -0.6794 0.2568
vn -0.9898 -0.1425 0.0032
vn -0.9846 -0.1727 0.0257
vn -0.9864 -0.1643 0.0022
vn -0.99 -0.1402 -0.0185
vn -0.84 -0.031 -0.5417
vn -0.84 -0.031 -0.5417
vn -0.8204 0.0025 -0.5718
vn -0.8204 0.0025 -0.5718
vn 0.3937 -0.8861 0.2447
vn 0.4185 -0.8776 0.234
vn 0.3681 -0.8958 0.249
vn 0.3055 -0.9087 0.2845
vn 0.3049 -0.9087 0.2851
vn 0.2987 -0.9099 0.2879
vn 0.3948 -0.8861 0.2429
vn 0.4893 -0.8415 0.2292
vn 0.4833 -0.8448 0.2297
vn 0.4168 -0.8748 0.247
vn 0.5762 0.2602 0.7748
vn 0.6254 0.1556 0.7646
vn 0.6266 0.1531 0.7642
vn 0.6279 0.1536 0.763
vn 0.6337 0.1924 0.7493
vn 0.633 0.2066 0.7461
vn 0.6064 0.2467 0.756
vn 0.577 0.2621 0.7735
vn -0.6797 -0.6045 0.4153
vn -0.6717 -0.5961 0.4398
vn -0.6717 -0.5961 0.4398
vn -0.6798 -0.6045 0.4153
vn 0.7788 0.3887 -0.4923
vn 0.7788 0.3887 -0.4923
vn 0.7817 0.365 -0.5057
vn 0.7817 0.365 -0.5057
vn -0.7401 -0.578 0.3438
vn -0.7087 -0.5887 0.3887
vn -0.7518 -0.5469 0.3684
vn -0.7498 -0.5517 0.3652
vn -0.7312 -0.5643 0.3833
vn -0.7125 -0.5806 0.394
vn -0.74 -0.5774 0.3448
vn -0.254 -0.9207 -0.2962
vn -0.2544 -0.9206 -0.2964
vn -0.2743 -0.9173 -0.2887
vn -0.2882 -0.9311 -0.2234
vn -0.2882 -0.9311 -0.2235
vn 0.1911 -0.7093 -0.6785
vn 0.1924 -0.708 -0.6795
vn 0.2271 -0.6619 -0.7144
vn 0.2106 -0.6363 -0.7421
vn 0.2092 -0.638 -0.7411
vn 0.7289 -0.3718 0.5749
vn 0.7441 -0.3375 0.5765
vn 0.7688 -0.3246 0.5509
vn 0.7688 -0.3246 0.5509
vn -0.6159 -0.7877 -0.0169
vn -0.6159 -0.7877 -0.0169
vn -0.6103 -0.7894 -0.0672
vn -0.6103 -0.7894 -0.0671
vn 0.9596 0.2801 0.0262
vn 0.9632 0.2529 0.0913
vn 0.9629 0.2549 0.0888
vn 0.9765 0.214 -0.0257
vn 0.9746 0.2182 -0.0497
vn 0.9779 0.2055 -0.0394
vn 0.9511 0.3056 -0.0458
vn 0.7867 0.5953 0.1635
vn 0.7855 0.5982 0.1585
vn 0.7591 0.6374 0.1321
vn 0.7579 0.6389 0.1319
vn 0.771 0.6179 0.1539
vn 0.618 0.1245 0.7762
vn 0.6172 0.1252 0.7768
vn 0.6078 0.0932 0.7886
vn 0.6187 0.1238 0.7758
vn 0.926 -0.2357 0.295
vn 0.926 -0.2357 0.2949
vn 0.9448 -0.1763 0.2761
vn 0.9457 -0.1754 0.2736
vn 0.274 0.9574 -0.0915
vn 0.274 0.9574 -0.0915
vn 0.3217 0.9418 -0.0973
vn 0.3201 0.942 -0.1012
vn 0.6481 -0.4355 0.6248
vn 0.7035 -0.381 0.5999
vn 0.6965 -0.3961 0.5983
vn 0.6481 -0.4355 0.6248
vn -0.0524 -0.6698 0.7407
vn -0.029 -0.6382 0.7693
vn -0.029 -0.6382 0.7693
vn 0.0013 -0.6351 0.7725
vn 0.0297 -0.5865 0.8094
vn 0.0296 -0.586 0.8098
vn 0.0471 -0.5717 0.8191
vn 0.047 -0.5707 0.8198
vn 0.0828 -0.5587 0.8252
vn 0.1025 -0.5706 0.8148
vn 0.0672 -0.596 0.8002
vn 0.0672 -0.596 0.8002
vn 0.0715 -0.6141 0.786
vn 0.0715 -0.6141 0.786
vn 0.0766 -0.6325 0.7707
vn 0.0766 -0.6325 0.7707
vn 0.0804 -0.648 0.7574
vn 0.0806 -0.6488 0.7566
vn 0.0817 -0.6602 0.7466
vn 0.0818 -0.6605 0.7464
vn 0.0695 -0.6713 0.7379
vn 0.0658 -0.6585 0.7497
vn 0.0347 -0.6751 0.7369
vn 0.0323 -0.6859 0.727
vn 0.0351 -0.698 0.7153
vn 0.0465 -0.688 0.7242
vn -0.0251 -0.6886 0.7247
vn -0.0523 -0.6698 0.7407
vn -0.7893 -0.5373 0.2972
vn -0.8203 -0.5003 0.2771
vn -0.8226 -0.4951 0.2796
vn -0.795 -0.5251 0.3037
vn -0.5897 -0.6588 0.4672
vn -0.5894 -0.6592 0.4669
vn -0.6297 -0.6443 0.434
vn -0.6272 -0.6327 0.4542
vn -0.5941 -0.6681 0.4481
vn -0.9564 -0.2138 0.1992
vn -0.9564 -0.2138 0.1992
vn -0.9696 -0.1449 0.1972
vn -0.9367 -0.247 0.2482
vn -0.9363 -0.2472 0.2494
vn -0.9375 -0.2461 0.2461
vn 0.5205 0.8318 -0.1927
vn 0.5205 0.8318 -0.1927
vn 0.5539 0.815 -0.1704
vn 0.5309 0.8295 -0.1734
vn 0.0536 -0.9938 -0.0978
vn 0.0529 -0.9938 -0.0976
vn 0.0607 -0.9932 -0.0994
vn 0.0769 -0.9813 -0.1764
vn 0.0769 -0.9813 -0.1765
vn 0.7849 0.5147 0.345
vn 0.7849 0.5147 0.345
vn 0.7926 0.4878 0.3658
vn 0.8054 0.4557 0.3791
vn 0.8054 0.4653 0.3671
vn 0.7662 -0.0988 -0.635
vn 0.7662 -0.0988 -0.635
vn 0.7568 -0.1211 -0.6423
vn 0.7568 -0.1211 -0.6423
vn 0.3572 -0.4074 0.8405
vn 0.3067 -0.4705 0.8273
vn 0.3363 -0.4443 0.8304
vn 0.3608 -0.4166 0.8344
vn 0.379 -0.3898 0.8393
vn 0.3747 -0.3803 0.8455
vn 0.3203 -0.3335 0.8867
vn 0.3231 -0.324 0.8892
vn 0.3264 -0.3331 0.8846
vn 0.3252 -0.3318 0.8855
vn 0.3315 -0.3373 0.8811
vn 0.3312 -0.3374 0.8812
vn 0.3366 -0.344 0.8766
vn 0.3365 -0.3439 0.8766
vn 0.3422 -0.3485 0.8726
vn 0.3417 -0.3486 0.8728
vn 0.3424 -0.3549 0.8699
vn 0.3326 -0.3541 0.8741
vn 0.2956 -0.3898 0.8722
vn 0.2152 -0.4912 0.8441
vn 0.2321 -0.5047 0.8315
vn 0.2942 -0.4556 0.8402
vn 0.3245 -0.4512 0.8314
vn 0.305 -0.4779 0.8237
vn 0.2962 -0.4667 0.8333
vn 0.2964 -0.4673 0.833
vn 0.2876 -0.4563 0.8421
vn 0.2881 -0.4566 0.8417
vn 0.2811 -0.4469 0.8492
vn 0.2814 -0.4475 0.8489
vn 0.2784 -0.4396 0.8539
vn -0.739 -0.6737 0.0027
vn -0.7898 -0.6133 -0.0079
vn -0.7633 -0.6452 0.0324
vn -0.7653 -0.6424 0.0408
vn -0.7217 -0.6921 -0.007
vn -0.7217 -0.6921 -0.007
vn 0.9747 0.0356 -0.2209
vn 0.9745 0.0386 -0.221
vn 0.9637 0.0518 -0.2619
vn 0.9577 0.0856 -0.2746
vn 0.9694 0.1328 -0.2065
vn 0.9785 0.0715 -0.1935
vn 0.9851 0.0925 -0.1448
vn 0.9868 0.0875 -0.1363
vn -0.2804 0.7725 -0.5698
vn -0.2804 0.7725 -0.5698
vn -0.2972 0.768 -0.5673
vn -0.2817 0.7407 -0.6099
vn -0.2736 0.7432 -0.6106
vn -0.7762 -0.4871 0.4002
vn -0.7762 -0.4871 0.4002
vn -0.7762 -0.4871 0.4002
vn 0.2634 -0.7997 -0.5396
vn 0.2634 -0.7997 -0.5396
vn 0.286 -0.7794 -0.5574
vn 0.2854 -0.7796 -0.5575
vn 0.2809 -0.7741 -0.5673
vn -0.2109 -0.976 -0.0547
vn -0.2567 -0.9633 -0.0781
vn -0.26 -0.9629 -0.0724
vn -0.215 -0.9754 -0.0482
vn -0.7582 0.3334 -0.5603
vn -0.7582 0.3334 -0.5603
vn -0.7449 0.3481 -0.5692
vn -0.7448 0.3481 -0.5692
vn -0.46 -0.8836 -0.0874
vn -0.4611 -0.8834 -0.0837
vn -0.4572 -0.8844 -0.0932
vn -0.4563 -0.8845 -0.0969
vn -0.5504 -0.661 0.51
vn -0.5502 -0.6608 0.5105
vn -0.551 -0.661 0.5094
vn -0.5514 -0.6609 0.5091
vn 0.6446 0.6111 -0.4593
vn 0.6529 0.6285 -0.4229
vn 0.6529 0.6285 -0.4229
vn 0.6511 0.5967 -0.4691
vn 0.4803 0.1496 -0.8643
vn 0.4799 0.148 -0.8647
vn 0.4807 0.1519 -0.8636
vn 0.481 0.1536 -0.8632
vn -0.9531 -0.1641 0.2544
vn -0.9653 -0.1938 0.1749
vn -0.9616 -0.2092 0.1779
vn -0.9577 -0.243 0.1543
vn -0.9556 -0.2394 0.1718
vn -0.9301 -0.2313 0.2854
vn -0.931 -0.2266 0.2864
vn -0.9354 -0.2156 0.2803
vn -0.9354 -0.2167 0.2795
vn -0.9401 -0.2049 0.2724
vn -0.9401 -0.2051 0.2722
vn -0.9421 -0.2018 0.2679
vn -0.9421 -0.2012 0.2682
vn -0.9421 -0.2014 0.2682
vn 0.3684 0.8516 -0.373
vn 0.3602 0.854 -0.3755
vn 0.3619 0.8553 -0.3707
vn 0.359 0.8592 -0.3645
vn 0.3621 0.8571 -0.3664
vn 0.3653 0.8476 -0.385
vn 0.3684 0.8496 -0.3775
vn 0.3934 0.8098 -0.4352
vn 0.3935 0.8098 -0.4352
vn 0.3937 0.8096 -0.4352
vn 0.3949 0.7927 -0.4643
vn 0.4011 0.7973 -0.4511
vn 0.4009 0.7976 -0.4506
vn 0.4045 0.8048 -0.4343
vn 0.394 0.8128 -0.4292
vn 0.4081 0.8081 -0.4248
vn 0.3882 0.8218 -0.417
vn 0.4187 0.8155 -0.3995
vn 0.3779 0.8328 -0.4047
vn 0.3857 0.8287 -0.4056
vn 0.3545 0.8437 -0.4032
vn 0.3805 0.844 -0.3779
vn 0.3612 0.8521 -0.3787
vn -0.4492 -0.8399 0.3045
vn -0.4492 -0.8399 0.3045
vn -0.4667 -0.8445 0.2628
vn -0.4667 -0.8445 0.2628
vn -0.0291 -0.9309 0.3641
vn -0.0639 -0.9145 0.3994
vn -0.0563 -0.9156 0.3982
vn -0.0738 -0.9055 0.4179
vn -0.0994 -0.8873 0.4504
vn -0.0565 -0.9015 0.429
vn -0.0063 -0.9232 0.3842
vn -0.0059 -0.9233 0.3841
vn -0.0205 -0.8934 0.4488
vn -0.011 -0.9244 0.3812
vn -0.0061 -0.9341 0.3569
vn 0.0173 -0.9424 0.3341
vt 0 0
vt 0 0
vt 0 0
vt 0 0
vt 0 0
vt 0 0
vt 0 0
vt 0 0
vt 0 0
vt 0 0
vt 0 0
vt 0 0
vt 0 0
vt 0 0
vt 0 0
vt 0 0
vt 0 0
vt 0 0
vt 0 0
vt 0 0
vt 0 0
vt 0 0
vt 0 0
vt 0 0
vt 0 0
vt 0 0
vt 0 0
vt 0 0
vt 0 0
vt 0 0
vt 0 0
vt 0 0
vt 0 0
vt 0 0
vt 0 0
vt 0 0
vt 0 0
vt 0 0
vt 0 0
vt 0 0
vt 0 0
vt 0 0
vt 0 0
vt 0 0
vt 0 0
vt 0 0
vt 0 0
vt 0 0
vt 0 0
vt 0 0
vt 0 0
vt 0 0
vt 0 0
vt 0 0
vt 0 0
vt 0 0
vt 0 0
vt 0 0
vt 0 0
vt 0 0
vt 0 0
vt 0 0
vt 0 0
vt 0 0
vt 0 0
vt 0 0
vt 0 0
vt 0 0
vt 0 0
vt 0 0
vt 0 0
vt 0 0
vt 0 0
vt 0 0
vt 0 0
vt 0 0
vt 0 0
vt 0 0
vt 0 0
vt 0 0
vt 0 0
vt 0 0
vt 0 0
vt 0 0
vt 0 0
vt 0 0
vt 0 0
vt 0 0
vt 0 0
vt 0 0
vt 0 0
vt 0 0
vt 0 0
vt 0 0
vt 0 0
vt 0 0
vt 0 0
vt 0 0
vt 0 0
vt 0 0
vt 0 0
vt 0 0
vt 0 0
vt 0 0
vt 0 0
vt 0 0
vt 0 0
vt 0 0
vt 0 0
vt 0 0
vt 0 0
vt 0 0
vt 0 0
vt 0 0
vt 0 0
vt 0 0
vt 0 0
vt 0 0
vt 0 0
vt 0 0
vt 0 0
vt 0 0
vt 0 0
vt 0 0
vt 0 0
vt 0 0
vt 0 0
vt 0 0
vt 0 0
vt 0 0
vt 0 0
vt 0 0
vt 0 0
vt 0 0
vt 0 0
vt 0 0
vt 0 0
vt 0 0
vt 0 0
vt 0 0
vt 0 0
vt 0 0
vt 0 0
vt 0 0
vt 0 0
vt 0 0
vt 0 0
vt 0 0
vt 0 0
vt 0 0
vt 0 0
vt 0 0
vt 0 0
vt 0 0
vt 0 0
vt 0 0
vt 0 0
vt 0 0
vt 0 0
vt 0 0
vt 0 0
vt 0 0
vt 0 0
vt 0 0
vt 0 0
vt 0 0
vt 0 0
vt 0 0
vt 0 0
vt 0 0
vt 0 0
vt 0 0
vt 0 0
vt 0 0
vt 0 0
vt 0 0
vt 0 0
vt 0 0
vt 0 0
vt 0 0
vt 0 0
vt 0 0
vt 0 0
vt 0 0
vt 0 0
vt 0 0
vt 0 0
vt 0 0
vt 0 0
vt 0 0
vt 0 0
vt 0 0
vt 0 0
vt 0 0
vt 0 0
vt 0 0
vt 0 0
vt 0 0
vt 0 0
vt 0 0
vt 0 0
vt 0 0
vt 0 0
vt 0 0
vt 0 0
vt 0 0
vt 0 0
vt 0 0
vt 0 0
vt 0 0
vt 0 0
vt 0 0
vt 0 0
vt 0 0
vt 0 0
vt 0 0
vt 0 0
vt 0 0
vt 0 0
vt 0 0
vt 0 0
vt 0 0
vt 0 0
vt 0 0
vt 0 0
vt 0 0
vt 0 0
vt 0 0
vt 0 0
vt 0 0
vt 0 0
vt 0 0
vt 0 0
vt 0 0
vt 0 0
vt 0 0
vt 0 0
vt 0 0
vt 0 0
vt 0 0
vt 0 0
vt 0 0
vt 0 0
vt 0 0
vt 0 0
vt 0 0
vt 0 0
vt 0 0
vt 0 0
vt 0 0
vt 0 0
vt 0 0
vt 0 0
vt 0 0
vt 0 0
vt 0 0
vt 0 0
vt 0 0
vt 0 0
vt 0 0
vt 0 0
vt 0 0
vt 0 0
vt 0 0
vt 0 0
vt 0 0
vt 0 0
vt 0 0
vt 0 0
vt 0 0
vt 0 0
vt 0 0
vt 0 0
vt 0 0
vt 0 0
vt 0 0
vt 0 0
vt 0 0
vt 0 0
vt 0 0
vt 0 0
vt 0 0
vt 0 0
vt 0 0
vt 0 0
vt 0 0
vt 0 0
vt 0 0
vt 0 0
vt 0 0
vt 0 0
vt 0 0
vt 0 0
vt 0 0
vt 0 0
vt 0 0
vt 0 0
vt 0 0
vt 0 0
vt 0 0
vt 0 0
vt 0 0
vt 0 0
vt 0 0
vt 0 0
vt 0 0
vt 0 0
vt 0 0
vt 0 0
vt 0 0
vt 0 0
vt 0 0
vt 0 0
vt 0 0
vt 0 0
vt 0 0
vt 0 0
vt 0 0
vt 0 0
vt 0 0
vt 0 0
vt 0 0
vt 0 0
vt 0 0
vt 0 0
vt 0 0
vt 0 0
vt 0 0
vt 0 0
vt 0 0
vt 0 0
vt 0 0
vt 0 0
vt 0 0
vt 0 0
vt 0 0
vt 0 0
vt 0 0
vt 0 0
vt 0 0
vt 0 0
vt 0 0
vt 0 0
vt 0 0
vt 0 0
vt 0 0
vt 0 0
vt 0 0
vt 0 0
vt 0 0
vt 0 0
vt 0 0
vt 0 0
vt 0 0
vt 0 0
vt 0 0
vt 0 0
vt 0 0
vt 0 0
vt 0 0
vt 0 0
vt 0 0
vt 0 0
vt 0 0
vt 0 0
vt 0 0
vt 0 0
vt 0 0
vt 0 0
vt 0 0
vt 0 0
vt 0 0
vt 0 0
vt 0 0
vt 0 0
vt 0 0
vt 0 0
vt 0 0
vt 0 0
vt 0 0
vt 0 0
vt 0 0
vt 0 0
vt 0 0
vt 0 0
vt 0 0
vt 0 0
vt 0 0
vt 0 0
vt 0 0
vt 0 0
vt 0 0
vt 0 0
vt 0 0
vt 0 0
vt 0 0
vt 0 0
vt 0 0
vt 0 0
vt 0 0
vt 0 0
vt 0 0
vt 0 0
vt 0 0
vt 0 0
vt 0 0
vt 0 0
vt 0 0
vt 0 0
vt 0 0
vt 0 0
vt 0 0
vt 0 0
vt 0 0
vt 0 0
vt 0 0
vt 0 0
vt 0 0
vt 0 0
vt 0 0
vt 0 0
vt 0 0
vt 0 0
vt 0 0
vt 0 0
vt 0 0
vt 0 0
vt 0 0
vt 0 0
vt 0 0
vt 0 0
vt 0 0
vt 0 0
vt 0 0
vt 0 0
vt 0 0
vt 0 0
vt 0 0
vt 0 0
vt 0 0
vt 0 0
vt 0 0
vt 0 0
vt 0 0
vt 0 0
vt 0 0
vt 0 0
vt 0 0
vt 0 0
vt 0 0
vt 0 0
vt 0 0
vt 0 0
vt 0 0
vt 0 0
vt 0 0
vt 0 0
vt 0 0
vt 0 0
vt 0 0
vt 0 0
vt 0 0
vt 0 0
vt 0 0
vt 0 0
vt 0 0
vt 0 0
vt 0 0
vt 0 0
vt 0 0
vt 0 0
vt 0 0
vt 0 0
vt 0 0
vt 0 0
vt 0 0
vt 0 0
vt 0 0
vt 0 0
vt 0 0
vt 0 0
vt 0 0
vt 0 0
vt 0 0
vt 0 0
vt 0 0
vt 0 0
vt 0 0
vt 0 0
vt 0 0
vt 0 0
vt 0 0
vt 0 0
vt 0 0
vt 0 0
vt 0 0
vt 0 0
vt 0 0
vt 0 0
vt 0 0
vt 0 0
vt 0 0
vt 0 0
vt 0 0
vt 0 0
vt 0 0
vt 0 0
vt 0 0
vt 0 0
vt 0 0
vt 0 0
vt 0 0
vt 0 0
vt 0 0
vt 0 0
vt 0 0
vt 0 0
vt 0 0
vt 0 0
vt 0 0
vt 0 0
vt 0 0
vt 0 0
vt 0 0
vt 0 0
vt 0 0
vt 0 0
vt 0 0
vt 0 0
vt 0 0
vt 0 0
vt 0 0
vt 0 0
vt 0 0
vt 0 0
vt 0 0
vt 0 0
vt 0 0
vt 0 0
vt 0 0
vt 0 0
vt 0 0
vt 0 0
vt 0 0
vt 0 0
vt 0 0
vt 0 0
vt 0 0
vt 0 0
vt 0 0
vt 0 0
vt 0 0
vt 0 0
vt 0 0
vt 0 0
vt 0 0
vt 0 0
vt 0 0
vt 0 0
vt 0 0
vt 0 0
vt 0 0
vt 0 0
vt 0 0
vt 0 0
vt 0 0
vt 0 0
vt 0 0
vt 0 0
vt 0 0
vt 0 0
vt 0 0
vt 0 0
vt 0 0
vt 0 0
vt 0 0
vt 0 0
vt 0 0
vt 0 0
vt 0 0
vt 0 0
vt 0 0
vt 0 0
vt 0 0
vt 0 0
vt 0 0
vt 0 0
vt 0 0
vt 0 0
vt 0 0
vt 0 0
vt 0 0
vt 0 0
vt 0 0
vt 0 0
vt 0 0
vt 0 0
vt 0 0
vt 0 0
vt 0 0
vt 0 0
vt 0 0
vt 0 0
vt 0 0
vt 0 0
vt 0 0
vt 0 0
vt 0 0
vt 0 0
vt 0 0
vt 0 0
vt 0 0
vt 0 0
vt 0 0
vt 0 0
vt 0 0
vt 0 0
vt 0 0
vt 0 0
vt 0 0
vt 0 0
vt 0 0
vt 0 0
vt 0 0
vt 0 0
vt 0 0
vt 0 0
vt 0 0
vt 0 0
vt 0 0
vt 0 0
vt 0 0
vt 0 0
vt 0 0
vt 0 0
vt 0 0
vt 0 0
vt 0 0
vt 0 0
vt 0 0
vt 0 0
vt 0 0
vt 0 0
vt 0 0
vt 0 0
vt 0 0
vt 0 0
vt 0 0
vt 0 0
vt 0 0
vt 0 0
vt 0 0
vt 0 0
vt 0 0
vt 0 0
vt 0 0
vt 0 0
vt 0 0
vt 0 0
vt 0 0
vt 0 0
vt 0 0
vt 0 0
vt 0 0
vt 0 0
vt 0 0
vt 0 0
vt 0 0
vt 0 0
vt 0 0
vt 0 0
vt 0 0
vt 0 0
vt 0 0
vt 0 0
vt 0 0
vt 0 0
vt 0 0
vt 0 0
vt 0 0
vt 0 0
vt 0 0
vt 0 0
vt 0 0
vt 0 0
vt 0 0
vt 0 0
vt 0 0
vt 0 0
vt 0 0
vt 0 0
vt 0 0
vt 0 0
vt 0 0
vt 0 0
vt 0 0
vt 0 0
vt 0 0
vt 0 0
vt 0 0
vt 0 0
vt 0 0
vt 0 0
vt 0 0
vt 0 0
vt 0 0
vt 0 0
vt 0 0
vt 0 0
vt 0 0
vt 0 0
vt 0 0
vt 0 0
vt 0 0
vt 0 0
vt 0 0
vt 0 0
vt 0 0
vt 0 0
vt 0 0
vt 0 0
vt 0 0
vt 0 0
vt 0 0
vt 0 0
vt 0 0
vt 0 0
vt 0 0
vt 0 0
vt 0 0
vt 0 0
vt 0 0
vt 0 0
vt 0 0
vt 0 0
vt 0 0
vt 0 0
vt 0 0
vt 0 0
vt 0 0
vt 0 0
vt 0 0
vt 0 0
vt 0 0
vt 0 0
vt 0 0
vt 0 0
vt 0 0
vt 0 0
vt 0 0
vt 0 0
vt 0 0
vt 0 0
vt 0 0
vt 0 0
vt 0 0
vt 0 0
vt 0 0
vt 0 0
vt 0 0
vt 0 0
vt 0 0
vt 0 0
vt 0 0
vt 0 0
vt 0 0
vt 0 0
vt 0 0
vt 0 0
vt 0 0
vt 0 0
vt 0 0
vt 0 0
vt 0 0
vt 0 0
vt 0 0
vt 0 0
vt 0 0
vt 0 0
vt 0 0
vt 0 0
vt 0 0
vt 0 0
vt 0 0
vt 0 0
vt 0 0
vt 0 0
vt 0 0
vt 0 0
vt 0 0
vt 0 0
vt 0 0
vt 0 0
vt 0 0
vt 0 0
vt 0 0
vt 0 0
vt 0 0
vt 0 0
vt 0 0
vt 0 0
vt 0 0
vt 0 0
vt 0 0
vt 0 0
vt 0 0
vt 0 0
vt 0 0
vt 0 0
vt 0 0
vt 0 0
vt 0 0
vt 0 0
vt 0 0
vt 0 0
vt 0 0
vt 0 0
vt 0 0
vt 0 0
vt 0 0
vt 0 0
vt 0 0
vt 0 0
vt 0 0
vt 0 0
vt 0 0
vt 0 0
vt 0 0
vt 0 0
vt 0 0
vt 0 0
vt 0 0
vt 0 0
vt 0 0
vt 0 0
vt 0 0
vt 0 0
vt 0 0
vt 0 0
vt 0 0
vt 0 0
vt 0 0
vt 0 0
vt 0 0
vt 0 0
vt 0 0
vt 0 0
vt 0 0
vt 0 0
vt 0 0
vt 0 0
vt 0 0
vt 0 0
vt 0 0
vt 0 0
vt 0 0
vt 0 0
vt 0 0
vt 0 0
vt 0 0
vt 0 0
vt 0 0
vt 0 0
vt 0 0
vt 0 0
vt 0 0
vt 0 0
vt 0 0
vt 0 0
vt 0 0
vt 0 0
vt 0 0
vt 0 0
vt 0 0
vt 0 0
vt 0 0
vt 0 0
vt 0 0
vt 0 0
vt 0 0
vt 0 0
vt 0 0
vt 0 0
vt 0 0
vt 0 0
vt 0 0
vt 0 0
vt 0 0
vt 0 0
vt 0 0
vt 0 0
vt 0 0
vt 0 0
vt 0 0
vt 0 0
vt 0 0
vt 0 0
vt 0 0
vt 0 0
vt 0 0
vt 0 0
vt 0 0
vt 0 0
vt 0 0
vt 0 0
vt 0 0
vt 0 0
vt 0 0
vt 0 0
vt 0 0
vt 0 0
vt 0 0
vt 0 0
vt 0 0
vt 0 0
vt 0 0
vt 0 0
vt 0 0
vt 0 0
vt 0 0
vt 0 0
vt 0 0
vt 0 0
vt 0 0
vt 0 0
vt 0 0
vt 0 0
vt 0 0
vt 0 0
vt 0 0
vt 0 0
vt 0 0
vt 0 0
vt 0 0
vt 0 0
vt 0 0
vt 0 0
vt 0 0
vt 0 0
vt 0 0
vt 0 0
vt 0 0
vt 0 0
vt 0 0
vt 0 0
vt 0 0
vt 0 0
vt 0 0
vt 0 0
vt 0 0
vt 0 0
vt 0 0
vt 0 0
vt 0 0
vt 0 0
vt 0 0
vt 0 0
vt 0 0
vt 0 0
vt 0 0
vt 0 0
vt 0 0
vt 0 0
vt 0 0
vt 0 0
vt 0 0
vt 0 0
vt 0 0
vt 0 0
vt 0 0
vt 0 0
vt 0 0
vt 0 0
vt 0 0
vt 0 0
vt 0 0
vt 0 0
vt 0 0
vt 0 0
vt 0 0
vt 0 0
vt 0 0
vt 0 0
vt 0 0
vt 0 0
vt 0 0
vt 0 0
vt 0 0
vt 0 0
vt 0 0
vt 0 0
vt 0 0
vt 0 0
vt 0 0
vt 0 0
vt 0 0
vt 0 0
vt 0 0
vt 0 0
vt 0 0
vt 0 0
vt 0 0
vt 0 0
vt 0 0
vt 0 0
vt 0 0
vt 0 0
vt 0 0
vt 0 0
vt 0 0
vt 0 0
vt 0 0
vt 0 0
vt 0 0
vt 0 0
vt 0 0
vt 0 0
vt 0 0
vt 0 0
vt 0 0
vt 0 0
vt 0 0
vt 0 0
vt 0 0
vt 0 0
vt 0 0
vt 0 0
vt 0 0
vt 0 0
vt 0 0
vt 0 0
vt 0 0
vt 0 0
vt 0 0
vt 0 0
vt 0 0
vt 0 0
vt 0 0
vt 0 0
vt 0 0
vt 0 0
vt 0 0
vt 0 0
vt 0 0
vt 0 0
vt 0 0
vt 0 0
vt 0 0
vt 0 0
vt 0 0
vt 0 0
vt 0 0
vt 0 0
vt 0 0
vt 0 0
vt 0 0
vt 0 0
vt 0 0
vt 0 0
vt 0 0
vt 0 0
vt 0 0
vt 0 0
vt 0 0
vt 0 0
vt 0 0
vt 0 0
vt 0 0
vt 0 0
vt 0 0
vt 0 0
vt 0 0
vt 0 0
vt 0 0
vt 0 0
vt 0 0
vt 0 0
vt 0 0
vt 0 0
vt 0 0
vt 0 0
vt 0 0
vt 0 0
vt 0 0
vt 0 0
vt 0 0
vt 0 0
vt 0 0
vt 0 0
vt 0 0
vt 0 0
vt 0 0
vt 0 0
vt 0 0
vt 0 0
vt 0 0
vt 0 0
vt 0 0
vt 0 0
vt 0 0
vt 0 0
vt 0 0
vt 0 0
vt 0 0
vt 0 0
vt 0 0
vt 0 0
vt 0 0
vt 0 0
vt 0 0
vt 0 0
vt 0 0
vt 0 0
vt 0 0
vt 0 0
vt 0 0
vt 0 0
vt 0 0
vt 0 0
vt 0 0
vt 0 0
vt 0 0
vt 0 0
vt 0 0
vt 0 0
vt 0 0
vt 0 0
vt 0 0
vt 0 0
vt 0 0
vt 0 0
vt 0 0
vt 0 0
vt 0 0
vt 0 0
vt 0 0
vt 0 0
vt 0 0
vt 0 0
vt 0 0
vt 0 0
vt 0 0
vt 0 0
vt 0 0
vt 0 0
vt 0 0
vt 0 0
vt 0 0
vt 0 0
vt 0 0
vt 0 0
vt 0 0
vt 0 0
vt 0 0
vt 0 0
vt 0 0
vt 0 0
vt 0 0
vt 0 0
vt 0 0
vt 0 0
vt 0 0
vt 0 0
vt 0 0
vt 0 0
vt 0 0
vt 0 0
vt 0 0
vt 0 0
vt 0 0
vt 0 0
vt 0 0
vt 0 0
vt 0 0
vt 0 0
vt 0 0
vt 0 0
vt 0 0
vt 0 0
vt 0 0
vt 0 0
vt 0 0
vt 0 0
vt 0 0
vt 0 0
vt 0 0
vt 0 0
vt 0 0
vt 0 0
vt 0 0
vt 0 0
vt 0 0
vt 0 0
vt 0 0
vt 0 0
vt 0 0
vt 0 0
vt 0 0
vt 0 0
vt 0 0
vt 0 0
vt 0 0
vt 0 0
vt 0 0
vt 0 0
vt 0 0
vt 0 0
vt 0 0
vt 0 0
vt 0 0
vt 0 0
vt 0 0
vt 0 0
vt 0 0
vt 0 0
vt 0 0
vt 0 0
vt 0 0
vt 0 0
vt 0 0
vt 0 0
vt 0 0
vt 0 0
vt 0 0
vt 0 0
vt 0 0
vt 0 0
vt 0 0
vt 0 0
vt 0 0
vt 0 0
vt 0 0
vt 0 0
vt 0 0
vt 0 0
vt 0 0
vt 0 0
vt 0 0
vt 0 0
vt 0 0
vt 0 0
vt 0 0
vt 0 0
vt 0 0
vt 0 0
vt 0 0
vt 0 0
vt 0 0
vt 0 0
vt 0 0
vt 0 0
vt 0 0
vt 0 0
vt 0 0
vt 0 0
vt 0 0
vt 0 0
vt 0 0
vt 0 0
vt 0 0
vt 0 0
vt 0 0
vt 0 0
vt 0 0
vt 0 0
vt 0 0
vt 0 0
vt 0 0
vt 0 0
vt 0 0
vt 0 0
vt 0 0
vt 0 0
vt 0 0
vt 0 0
vt 0 0
vt 0 0
vt 0 0
vt 0 0
vt 0 0
vt 0 0
vt 0 0
vt 0 0
vt 0 0
vt 0 0
vt 0 0
vt 0 0
vt 0 0
vt 0 0
vt 0 0
vt 0 0
vt 0 0
vt 0 0
vt 0 0
vt 0 0
vt 0 0
vt 0 0
vt 0 0
vt 0 0
vt 0 0
vt 0 0
vt 0 0
vt 0 0
vt 0 0
vt 0 0
vt 0 0
vt 0 0
vt 0 0
vt 0 0
vt 0 0
vt 0 0
vt 0 0
vt 0 0
vt 0 0
vt 0 0
vt 0 0
vt 0 0
vt 0 0
vt 0 0
vt 0 0
vt 0 0
vt 0 0
vt 0 0
vt 0 0
vt 0 0
vt 0 0
vt 0 0
vt 0 0
vt 0 0
vt 0 0
vt 0 0
vt 0 0
vt 0 0
vt 0 0
vt 0 0
vt 0 0
vt 0 0
vt 0 0
vt 0 0
vt 0 0
vt 0 0
vt 0 0
vt 0 0
vt 0 0
vt 0 0
vt 0 0
vt 0 0
vt 0 0
vt 0 0
vt 0 0
vt 0 0
vt 0 0
vt 0 0
vt 0 0
vt 0 0
vt 0 0
vt 0 0
vt 0 0
vt 0 0
vt 0 0
vt 0 0
vt 0 0
vt 0 0
vt 0 0
vt 0 0
vt 0 0
vt 0 0
vt 0 0
vt 0 0
vt 0 0
vt 0 0
vt 0 0
vt 0 0
vt 0 0
vt 0 0
vt 0 0
vt 0 0
vt 0 0
vt 0 0
vt 0 0
vt 0 0
vt 0 0
vt 0 0
vt 0 0
vt 0 0
vt 0 0
vt 0 0
vt 0 0
vt 0 0
vt 0 0
vt 0 0
vt 0 0
vt 0 0
vt 0 0
vt 0 0
vt 0 0
vt 0 0
vt 0 0
vt 0 0
vt 0 0
vt 0 0
vt 0 0
vt 0 0
vt 0 0
vt 0 0
vt 0 0
vt 0 0
vt 0 0
vt 0 0
vt 0 0
vt 0 0
vt 0 0
vt 0 0
vt 0 0
vt 0 0
vt 0 0
vt 0 0
vt 0 0
vt 0 0
vt 0 0
vt 0 0
vt 0 0
vt 0 0
vt 0 0
vt 0 0
vt 0 0
vt 0 0
vt 0 0
vt 0 0
vt 0 0
vt 0 0
vt 0 0
vt 0 0
vt 0 0
vt 0 0
vt 0 0
vt 0 0
vt 0 0
vt 0 0
vt 0 0
vt 0 0
vt 0 0
vt 0 0
vt 0 0
vt 0 0
vt 0 0
vt 0 0
vt 0 0
vt 0 0
vt 0 0
vt 0 0
vt 0 0
vt 0 0
vt 0 0
vt 0 0
vt 0 0
vt 0 0
vt 0 0
vt 0 0
vt 0 0
vt 0 0
vt 0 0
vt 0 0
vt 0 0
vt 0 0
vt 0 0
vt 0 0
vt 0 0
vt 0 0
vt 0 0
vt 0 0
vt 0 0
vt 0 0
vt 0 0
vt 0 0
vt 0 0
vt 0 0
vt 0 0
vt 0 0
vt 0 0
vt 0 0
vt 0 0
vt 0 0
vt 0 0
vt 0 0
vt 0 0
vt 0 0
vt 0 0
vt 0 0
vt 0 0
vt 0 0
vt 0 0
vt 0 0
vt 0 0
vt 0 0
vt 0 0
vt 0 0
vt 0 0
vt 0 0
vt 0 0
vt 0 0
vt 0 0
vt 0 0
vt 0 0
vt 0 0
vt 0 0
vt 0 0
vt 0 0
vt 0 0
vt 0 0
vt 0 0
vt 0 0
vt 0 0
vt 0 0
vt 0 0
vt 0 0
vt 0 0
vt 0 0
vt 0 0
vt 0 0
vt 0 0
vt 0 0
vt 0 0
vt 0 0
vt 0 0
vt 0 0
vt 0 0
vt 0 0
vt 0 0
vt 0 0
vt 0 0
vt 0 0
vt 0 0
vt 0 0
vt 0 0
vt 0 0
vt 0 0
vt 0 0
vt 0 0
vt 0 0
vt 0 0
vt 0 0
vt 0 0
vt 0 0
vt 0 0
vt 0 0
vt 0 0
vt 0 0
vt 0 0
vt 0 0
vt 0 0
vt 0 0
vt 0 0
vt 0 0
vt 0 0
vt 0 0
vt 0 0
vt 0 0
vt 0 0
vt 0 0
vt 0 0
vt 0 0
vt 0 0
vt 0 0
vt 0 0
vt 0 0
vt 0 0
vt 0 0
vt 0 0
vt 0 0
vt 0 0
vt 0 0
vt 0 0
vt 0 0
vt 0 0
vt 0 0
vt 0 0
vt 0 0
vt 0 0
vt 0 0
vt 0 0
vt 0 0
vt 0 0
vt 0 0
vt 0 0
vt 0 0
vt 0 0
vt 0 0
vt 0 0
vt 0 0
vt 0 0
vt 0 0
vt 0 0
vt 0 0
vt 0 0
vt 0 0
vt 0 0
vt 0 0
vt 0 0
vt 0 0
vt 0 0
vt 0 0
vt 0 0
vt 0 0
vt 0 0
vt 0 0
vt 0 0
vt 0 0
vt 0 0
vt 0 0
vt 0 0
vt 0 0
vt 0 0
vt 0 0
vt 0 0
vt 0 0
vt 0 0
vt 0 0
vt 0 0
vt 0 0
vt 0 0
vt 0 0
vt 0 0
vt 0 0
vt 0 0
vt 0 0
vt 0 0
vt 0 0
vt 0 0
vt 0 0
vt 0 0
vt 0 0
vt 0 0
vt 0 0
vt 0 0
vt 0 0
vt 0 0
vt 0 0
vt 0 0
vt 0 0
vt 0 0
vt 0 0
vt 0 0
vt 0 0
vt 0 0
vt 0 0
vt 0 0
vt 0 0
vt 0 0
vt 0 0
vt 0 0
vt 0 0
vt 0 0
vt 0 0
vt 0 0
vt 0 0
vt 0 0
vt 0 0
vt 0 0
vt 0 0
vt 0 0
vt 0 0
vt 0 0
vt 0 0
vt 0 0
vt 0 0
vt 0 0
vt 0 0
vt 0 0
vt 0 0
vt 0 0
vt 0 0
vt 0 0
vt 0 0
vt 0 0
vt 0 0
vt 0 0
vt 0 0
vt 0 0
vt 0 0
vt 0 0
vt 0 0
vt 0 0
vt 0 0
vt 0 0
vt 0 0
vt 0 0
vt 0 0
vt 0 0
vt 0 0
vt 0 0
vt 0 0
vt 0 0
vt 0 0
vt 0 0
vt 0 0
vt 0 0
vt 0 0
vt 0 0
vt 0 0
vt 0 0
vt 0 0
vt 0 0
vt 0 0
vt 0 0
vt 0 0
vt 0 0
vt 0 0
vt 0 0
vt 0 0
vt 0 0
vt 0 0
vt 0 0
vt 0 0
vt 0 0
vt 0 0
vt 0 0
vt 0 0
vt 0 0
vt 0 0
vt 0 0
vt 0 0
vt 0 0
vt 0 0
vt 0 0
vt 0 0
vt 0 0
vt 0 0
vt 0 0
vt 0 0
vt 0 0
vt 0 0
vt 0 0
vt 0 0
vt 0 0
vt 0 0
vt 0 0
vt 0 0
vt 0 0
vt 0 0
vt 0 0
vt 0 0
vt 0 0
vt 0 0
vt 0 0
vt 0 0
vt 0 0
vt 0 0
vt 0 0
vt 0 0
vt 0 0
vt 0 0
vt 0 0
vt 0 0
vt 0 0
vt 0 0
vt 0 0
vt 0 0
vt 0 0
vt 0 0
vt 0 0
vt 0 0
vt 0 0
vt 0 0
vt 0 0
vt 0 0
vt 0 0
vt 0 0
vt 0 0
vt 0 0
vt 0 0
vt 0 0
vt 0 0
vt 0 0
vt 0 0
vt 0 0
vt 0 0
vt 0 0
vt 0 0
vt 0 0
vt 0 0
vt 0 0
vt 0 0
vt 0 0
vt 0 0
vt 0 0
vt 0 0
vt 0 0
vt 0 0
vt 0 0
vt 0 0
vt 0 0
vt 0 0
vt 0 0
vt 0 0
vt 0 0
vt 0 0
vt 0 0
vt 0 0
vt 0 0
vt 0 0
vt 0 0
vt 0 0
vt 0 0
vt 0 0
vt 0 0
vt 0 0
vt 0 0
vt 0 0
vt 0 0
vt 0 0
vt 0 0
vt 0 0
vt 0 0
vt 0 0
vt 0 0
vt 0 0
vt 0 0
vt 0 0
vt 0 0
vt 0 0
vt 0 0
vt 0 0
vt 0 0
vt 0 0
vt 0 0
vt 0 0
vt 0 0
vt 0 0
vt 0 0
vt 0 0
vt 0 0
vt 0 0
vt 0 0
vt 0 0
vt 0 0
vt 0 0
vt 0 0
vt 0 0
vt 0 0
vt 0 0
vt 0 0
vt 0 0
vt 0 0
vt 0 0
vt 0 0
vt 0 0
vt 0 0
vt 0 0
vt 0 0
vt 0 0
vt 0 0
vt 0 0
vt 0 0
vt 0 0
vt 0 0
vt 0 0
vt 0 0
vt 0 0
vt 0 0
vt 0 0
vt 0 0
vt 0 0
vt 0 0
vt 0 0
vt 0 0
vt 0 0
vt 0 0
vt 0 0
vt 0 0
vt 0 0
vt 0 0
vt 0 0
vt 0 0
vt 0 0
vt 0 0
vt 0 0
vt 0 0
vt 0 0
vt 0 0
vt 0 0
vt 0 0
vt 0 0
vt 0 0
vt 0 0
vt 0 0
vt 0 0
vt 0 0
vt 0 0
vt 0 0
vt 0 0
vt 0 0
vt 0 0
vt 0 0
vt 0 0
vt 0 0
vt 0 0
vt 0 0
vt 0 0
vt 0 0
vt 0 0
vt 0 0
vt 0 0
vt 0 0
vt 0 0
vt 0 0
vt 0 0
vt 0 0
vt 0 0
vt 0 0
vt 0 0
vt 0 0
vt 0 0
vt 0 0
vt 0 0
vt 0 0
vt 0 0
vt 0 0
vt 0 0
vt 0 0
vt 0 0
vt 0 0
vt 0 0
vt 0 0
vt 0 0
vt 0 0
vt 0 0
vt 0 0
vt 0 0
vt 0 0
vt 0 0
vt 0 0
vt 0 0
vt 0 0
vt 0 0
vt 0 0
vt 0 0
vt 0 0
vt 0 0
vt 0 0
vt 0 0
vt 0 0
vt 0 0
vt 0 0
vt 0 0
vt 0 0
vt 0 0
vt 0 0
vt 0 0
vt 0 0
vt 0 0
vt 0 0
vt 0 0
vt 0 0
vt 0 0
vt 0 0
vt 0 0
vt 0 0
vt 0 0
vt 0 0
vt 0 0
vt 0 0
vt 0 0
vt 0 0
vt 0 0
vt 0 0
vt 0 0
vt 0 0
vt 0 0
vt 0 0
vt 0 0
vt 0 0
vt 0 0
vt 0 0
vt 0 0
vt 0 0
vt 0 0
vt 0 0
vt 0 0
vt 0 0
vt 0 0
vt 0 0
vt 0 0
vt 0 0
vt 0 0
vt 0 0
vt 0 0
vt 0 0
vt 0 0
vt 0 0
vt 0 0
vt 0 0
vt 0 0
vt 0 0
vt 0 0
vt 0 0
vt 0 0
vt 0 0
vt 0 0
vt 0 0
vt 0 0
vt 0 0
vt 0 0
vt 0 0
vt 0 0
vt 0 0
vt 0 0
vt 0 0
vt 0 0
vt 0 0
vt 0 0
vt 0 0
vt 0 0
vt 0 0
vt 0 0
vt 0 0
vt 0 0
vt 0 0
vt 0 0
vt 0 0
vt 0 0
vt 0 0
vt 0 0
vt 0 0
vt 0 0
vt 0 0
vt 0 0
vt 0 0
vt 0 0
vt 0 0
vt 0 0
vt 0 0
vt 0 0
vt 0 0
vt 0 0
vt 0 0
vt 0 0
vt 0 0
vt 0 0
vt 0 0
vt 0 0
vt 0 0
vt 0 0
vt 0 0
vt 0 0
vt 0 0
vt 0 0
vt 0 0
vt 0 0
vt 0 0
vt 0 0
vt 0 0
vt 0 0
vt 0 0
vt 0 0
vt 0 0
vt 0 0
vt 0 0
vt 0 0
vt 0 0
vt 0 0
vt 0 0
vt 0 0
vt 0 0
vt 0 0
vt 0 0
vt 0 0
vt 0 0
vt 0 0
vt 0 0
vt 0 0
vt 0 0
vt 0 0
vt 0 0
vt 0 0
vt 0 0
vt 0 0
vt 0 0
vt 0 0
vt 0 0
vt 0 0
vt 0 0
vt 0 0
vt 0 0
vt 0 0
vt 0 0
vt 0 0
vt 0 0
vt 0 0
vt 0 0
vt 0 0
vt 0 0
vt 0 0
vt 0 0
vt 0 0
vt 0 0
vt 0 0
vt 0 0
vt 0 0
vt 0 0
vt 0 0
vt 0 0
vt 0 0
vt 0 0
vt 0 0
vt 0 0
vt 0 0
vt 0 0
vt 0 0
vt 0 0
vt 0 0
vt 0 0
vt 0 0
vt 0 0
vt 0 0
vt 0 0
vt 0 0
vt 0 0
vt 0 0
vt 0 0
vt 0 0
vt 0 0
vt 0 0
vt 0 0
vt 0 0
vt 0 0
vt 0 0
vt 0 0
vt 0 0
vt 0 0
vt 0 0
vt 0 0
vt 0 0
vt 0 0
vt 0 0
vt 0 0
vt 0 0
vt 0 0
vt 0 0
vt 0 0
vt 0 0
vt 0 0
vt 0 0
vt 0 0
vt 0 0
vt 0 0
vt 0 0
vt 0 0
vt 0 0
vt 0 0
vt 0 0
vt 0 0
vt 0 0
vt 0 0
vt 0 0
vt 0 0
vt 0 0
vt 0 0
vt 0 0
vt 0 0
vt 0 0
vt 0 0
vt 0 0
vt 0 0
vt 0 0
vt 0 0
vt 0 0
vt 0 0
vt 0 0
vt 0 0
vt 0 0
vt 0 0
vt 0 0
vt 0 0
vt 0 0
vt 0 0
vt 0 0
vt 0 0
vt 0 0
vt 0 0
vt 0 0
vt 0 0
vt 0 0
vt 0 0
vt 0 0
vt 0 0
vt 0 0
vt 0 0
vt 0 0
vt 0 0
vt 0 0
vt 0 0
vt 0 0
vt 0 0
vt 0 0
vt 0 0
vt 0 0
vt 0 0
vt 0 0
vt 0 0
vt 0 0
vt 0 0
vt 0 0
vt 0 0
vt 0 0
vt 0 0
vt 0 0
vt 0 0
vt 0 0
vt 0 0
vt 0 0
vt 0 0
vt 0 0
vt 0 0
vt 0 0
vt 0 0
vt 0 0
vt 0 0
vt 0 0
vt 0 0
vt 0 0
vt 0 0
vt 0 0
vt 0 0
vt 0 0
vt 0 0
vt 0 0
vt 0 0
vt 0 0
vt 0 0
vt 0 0
vt 0 0
vt 0 0
vt 0 0
vt 0 0
vt 0 0
vt 0 0
vt 0 0
vt 0 0
vt 0 0
vt 0 0
vt 0 0
vt 0 0
vt 0 0
vt 0 0
vt 0 0
vt 0 0
vt 0 0
vt 0 0
vt 0 0
vt 0 0
vt 0 0
vt 0 0
vt 0 0
vt 0 0
vt 0 0
vt 0 0
vt 0 0
vt 0 0
vt 0 0
vt 0 0
vt 0 0
vt 0 0
vt 0 0
vt 0 0
vt 0 0
vt 0 0
vt 0 0
vt 0 0
vt 0 0
vt 0 0
vt 0 0
vt 0 0
vt 0 0
vt 0 0
vt 0 0
vt 0 0
vt 0 0
vt 0 0
vt 0 0
vt 0 0
vt 0 0
vt 0 0
vt 0 0
vt 0 0
vt 0 0
vt 0 0
vt 0 0
vt 0 0
vt 0 0
vt 0 0
vt 0 0
vt 0 0
vt 0 0
vt 0 0
vt 0 0
vt 0 0
vt 0 0
vt 0 0
vt 0 0
vt 0 0
vt 0 0
vt 0 0
vt 0 0
vt 0 0
vt 0 0
vt 0 0
vt 0 0
vt 0 0
vt 0 0
vt 0 0
vt 0 0
vt 0 0
vt 0 0
vt 0 0
vt 0 0
vt 0 0
vt 0 0
vt 0 0
vt 0 0
vt 0 0
vt 0 0
vt 0 0
vt 0 0
vt 0 0
vt 0 0
vt 0 0
vt 0 0
vt 0 0
vt 0 0
vt 0 0
vt 0 0
vt 0 0
vt 0 0
vt 0 0
vt 0 0
vt 0 0
vt 0 0
vt 0 0
vt 0 0
vt 0 0
vt 0 0
vt 0 0
vt 0 0
vt 0 0
vt 0 0
vt 0 0
vt 0 0
vt 0 0
vt 0 0
vt 0 0
vt 0 0
vt 0 0
vt 0 0
vt 0 0
vt 0 0
vt 0 0
vt 0 0
vt 0 0
vt 0 0
vt 0 0
vt 0 0
vt 0 0
vt 0 0
vt 0 0
vt 0 0
vt 0 0
vt 0 0
vt 0 0
vt 0 0
vt 0 0
vt 0 0
vt 0 0
vt 0 0
vt 0 0
vt 0 0
vt 0 0
vt 0 0
vt 0 0
vt 0 0
vt 0 0
vt 0 0
vt 0 0
vt 0 0
vt 0 0
vt 0 0
vt 0 0
vt 0 0
vt 0 0
vt 0 0
vt 0 0
vt 0 0
vt 0 0
vt 0 0
vt 0 0
vt 0 0
vt 0 0
vt 0 0
vt 0 0
vt 0 0
vt 0 0
vt 0 0
vt 0 0
vt 0 0
vt 0 0
vt 0 0
vt 0 0
vt 0 0
vt 0 0
vt 0 0
vt 0 0
vt 0 0
vt 0 0
vt 0 0
vt 0 0
vt 0 0
vt 0 0
vt 0 0
vt 0 0
vt 0 0
vt 0 0
vt 0 0
vt 0 0
vt 0 0
vt 0 0
vt 0 0
vt 0 0
vt 0 0
vt 0 0
vt 0 0
vt 0 0
vt 0 0
vt 0 0
vt 0 0
vt 0 0
vt 0 0
vt 0 0
vt 0 0
vt 0 0
vt 0 0
vt 0 0
vt 0 0
vt 0 0
vt 0 0
vt 0 0
vt 0 0
vt 0 0
vt 0 0
vt 0 0
vt 0 0
vt 0 0
vt 0 0
vt 0 0
vt 0 0
vt 0 0
vt 0 0
vt 0 0
vt 0 0
vt 0 0
vt 0 0
vt 0 0
vt 0 0
vt 0 0
vt 0 0
vt 0 0
vt 0 0
vt 0 0
vt 0 0
vt 0 0
vt 0 0
vt 0 0
vt 0 0
vt 0 0
vt 0 0
vt 0 0
vt 0 0
vt 0 0
vt 0 0
vt 0 0
vt 0 0
vt 0 0
vt 0 0
vt 0 0
vt 0 0
vt 0 0
vt 0 0
vt 0 0
vt 0 0
vt 0 0
vt 0 0
vt 0 0
vt 0 0
vt 0 0
vt 0 0
vt 0 0
vt 0 0
vt 0 0
vt 0 0
vt 0 0
vt 0 0
vt 0 0
vt 0 0
vt 0 0
vt 0 0
vt 0 0
vt 0 0
vt 0 0
vt 0 0
vt 0 0
vt 0 0
vt 0 0
vt 0 0
vt 0 0
vt 0 0
vt 0 0
vt 0 0
vt 0 0
vt 0 0
vt 0 0
vt 0 0
vt 0 0
vt 0 0
vt 0 0
vt 0 0
vt 0 0
vt 0 0
vt 0 0
vt 0 0
vt 0 0
vt 0 0
vt 0 0
vt 0 0
vt 0 0
vt 0 0
vt 0 0
vt 0 0
vt 0 0
vt 0 0
vt 0 0
vt 0 0
vt 0 0
vt 0 0
vt 0 0
vt 0 0
vt 0 0
vt 0 0
vt 0 0
vt 0 0
vt 0 0
vt 0 0
vt 0 0
vt 0 0
vt 0 0
vt 0 0
vt 0 0
vt 0 0
vt 0 0
vt 0 0
vt 0 0
vt 0 0
vt 0 0
vt 0 0
vt 0 0
vt 0 0
vt 0 0
vt 0 0
vt 0 0
vt 0 0
vt 0 0
vt 0 0
vt 0 0
vt 0 0
vt 0 0
vt 0 0
vt 0 0
vt 0 0
vt 0 0
vt 0 0
vt 0 0
vt 0 0
vt 0 0
vt 0 0
vt 0 0
vt 0 0
vt 0 0
vt 0 0
vt 0 0
vt 0 0
vt 0 0
vt 0 0
vt 0 0
vt 0 0
vt 0 0
vt 0 0
vt 0 0
vt 0 0
vt 0 0
vt 0 0
vt 0 0
vt 0 0
vt 0 0
vt 0 0
vt 0 0
vt 0 0
vt 0 0
vt 0 0
vt 0 0
vt 0 0
vt 0 0
vt 0 0
vt 0 0
vt 0 0
vt 0 0
vt 0 0
vt 0 0
vt 0 0
vt 0 0
vt 0 0
vt 0 0
vt 0 0
vt 0 0
vt 0 0
vt 0 0
vt 0 0
vt 0 0
vt 0 0
vt 0 0
vt 0 0
vt 0 0
vt 0 0
vt 0 0
vt 0 0
vt 0 0
vt 0 0
vt 0 0
vt 0 0
vt 0 0
vt 0 0
vt 0 0
vt 0 0
vt 0 0
vt 0 0
vt 0 0
vt 0 0
vt 0 0
vt 0 0
vt 0 0
vt 0 0
vt 0 0
vt 0 0
vt 0 0
vt 0 0
vt 0 0
vt 0 0
vt 0 0
vt 0 0
vt 0 0
vt 0 0
vt 0 0
vt 0 0
vt 0 0
vt 0 0
vt 0 0
vt 0 0
vt 0 0
vt 0 0
vt 0 0
vt 0 0
vt 0 0
vt 0 0
vt 0 0
vt 0 0
vt 0 0
vt 0 0
vt 0 0
vt 0 0
vt 0 0
vt 0 0
vt 0 0
vt 0 0
vt 0 0
vt 0 0
vt 0 0
vt 0 0
vt 0 0
vt 0 0
vt 0 0
vt 0 0
vt 0 0
vt 0 0
vt 0 0
vt 0 0
vt 0 0
vt 0 0
vt 0 0
vt 0 0
vt 0 0
vt 0 0
vt 0 0
vt 0 0
vt 0 0
vt 0 0
vt 0 0
vt 0 0
vt 0 0
vt 0 0
vt 0 0
vt 0 0
vt 0 0
vt 0 0
vt 0 0
vt 0 0
vt 0 0
vt 0 0
vt 0 0
vt 0 0
vt 0 0
vt 0 0
vt 0 0
vt 0 0
vt 0 0
vt 0 0
vt 0 0
vt 0 0
vt 0 0
vt 0 0
vt 0 0
vt 0 0
vt 0 0
vt 0 0
vt 0 0
vt 0 0
vt 0 0
vt 0 0
vt 0 0
vt 0 0
vt 0 0
vt 0 0
vt 0 0
vt 0 0
vt 0 0
vt 0 0
vt 0 0
vt 0 0
vt 0 0
vt 0 0
vt 0 0
vt 0 0
vt 0 0
vt 0 0
vt 0 0
vt 0 0
vt 0 0
vt 0 0
vt 0 0
vt 0 0
vt 0 0
vt 0 0
vt 0 0
vt 0 0
vt 0 0
vt 0 0
vt 0 0
vt 0 0
vt 0 0
vt 0 0
vt 0 0
vt 0 0
vt 0 0
vt 0 0
vt 0 0
vt 0 0
vt 0 0
vt 0 0
vt 0 0
vt 0 0
vt 0 0
vt 0 0
vt 0 0
vt 0 0
vt 0 0
vt 0 0
vt 0 0
vt 0 0
vt 0 0
vt 0 0
vt 0 0
vt 0 0
vt 0 0
vt 0 0
vt 0 0
vt 0 0
vt 0 0
vt 0 0
vt 0 0
vt 0 0
vt 0 0
vt 0 0
vt 0 0
vt 0 0
vt 0 0
vt 0 0
vt 0 0
vt 0 0
vt 0 0
vt 0 0
vt 0 0
vt 0 0
vt 0 0
vt 0 0
vt 0 0
vt 0 0
vt 0 0
vt 0 0
vt 0 0
vt 0 0
vt 0 0
vt 0 0
vt 0 0
vt 0 0
vt 0 0
vt 0 0
vt 0 0
vt 0 0
vt 0 0
vt 0 0
vt 0 0
vt 0 0
vt 0 0
vt 0 0
vt 0 0
vt 0 0
vt 0 0
vt 0 0
vt 0 0
vt 0 0
vt 0 0
vt 0 0
vt 0 0
vt 0 0
vt 0 0
vt 0 0
vt 0 0
vt 0 0
vt 0 0
vt 0 0
vt 0 0
vt 0 0
vt 0 0
vt 0 0
vt 0 0
vt 0 0
vt 0 0
vt 0 0
vt 0 0
vt 0 0
vt 0 0
vt 0 0
vt 0 0
vt 0 0
vt 0 0
vt 0 0
vt 0 0
vt 0 0
vt 0 0
vt 0 0
vt 0 0
vt 0 0
vt 0 0
vt 0 0
vt 0 0
vt 0 0
vt 0 0
vt 0 0
vt 0 0
vt 0 0
vt 0 0
vt 0 0
vt 0 0
vt 0 0
vt 0 0
vt 0 0
vt 0 0
vt 0 0
vt 0 0
vt 0 0
vt 0 0
vt 0 0
vt 0 0
vt 0 0
vt 0 0
vt 0 0
vt 0 0
vt 0 0
vt 0 0
vt 0 0
vt 0 0
vt 0 0
vt 0 0
vt 0 0
vt 0 0
vt 0 0
vt 0 0
vt 0 0
vt 0 0
vt 0 0
vt 0 0
vt 0 0
vt 0 0
vt 0 0
vt 0 0
vt 0 0
vt 0 0
vt 0 0
vt 0 0
vt 0 0
vt 0 0
vt 0 0
vt 0 0
vt 0 0
vt 0 0
vt 0 0
vt 0 0
vt 0 0
vt 0 0
vt 0 0
vt 0 0
vt 0 0
vt 0 0
vt 0 0
vt 0 0
vt 0 0
vt 0 0
vt 0 0
vt 0 0
vt 0 0
vt 0 0
vt 0 0
vt 0 0
vt 0 0
vt 0 0
vt 0 0
vt 0 0
vt 0 0
vt 0 0
vt 0 0
vt 0 0
vt 0 0
vt 0 0
vt 0 0
vt 0 0
vt 0 0
vt 0 0
vt 0 0
vt 0 0
vt 0 0
vt 0 0
vt 0 0
vt 0 0
vt 0 0
vt 0 0
vt 0 0
vt 0 0
vt 0 0
vt 0 0
vt 0 0
vt 0 0
vt 0 0
vt 0 0
vt 0 0
vt 0 0
vt 0 0
vt 0 0
vt 0 0
vt 0 0
vt 0 0
vt 0 0
vt 0 0
vt 0 0
vt 0 0
vt 0 0
vt 0 0
vt 0 0
vt 0 0
vt 0 0
vt 0 0
vt 0 0
vt 0 0
vt 0 0
vt 0 0
vt 0 0
vt 0 0
vt 0 0
vt 0 0
vt 0 0
vt 0 0
vt 0 0
vt 0 0
s off
f 1/1/1 2/2/2 3/3/3
f 1/1/1 3/3/3 4/4/4
f 9/9/9 5/5/5 6/6/6
f 6/6/6 7/7/7 8/8/8
f 8/8/8 9/9/9 6/6/6
f 10/10/10 11/11/11 12/12/12
f 10/10/10 12/12/12 13/13/13
f 18/18/18 19/19/19 14/14/14
f 14/14/14 15/15/15 16/16/16
f 16/16/16 17/17/17 18/18/18
f 18/18/18 14/14/14 16/16/16
f 24/24/24 25/25/25 20/20/20
f 20/20/20 21/21/21 22/22/22
f 22/22/22 23/23/23 24/24/24
f 24/24/24 20/20/20 22/22/22
f 26/26/26 27/27/27 28/28/28
f 26/26/26 28/28/28 29/29/29
f 30/30/30 31/31/31 32/32/32
f 30/30/30 32/32/32 33/33/33
f 34/34/34 35/35/35 36/36/36
f 34/34/34 36/36/36 37/37/37
f 38/38/38 39/39/39 40/40/40
f 38/38/38 40/40/40 41/41/41
f 42/42/42 43/43/43 44/44/44
f 42/42/42 44/44/44 45/45/45
f 52/52/52 53/53/53 46/46/46
f 48/48/48 49/49/49 50/50/50
f 51/51/51 52/52/52 46/46/46
f 47/47/47 48/48/48 50/50/50
f 51/51/51 46/46/46 47/47/47
f 47/47/47 50/50/50 51/51/51
f 54/54/54 55/55/55 56/56/56
f 54/54/54 56/56/56 57/57/57
f 65/65/65 66/66/66 67/67/67
f 67/67/67 68/68/68 69/69/69
f 76/76/76 77/77/77 78/78/78
f 64/64/64 65/65/65 67/67/67
f 75/75/75 76/76/76 78/78/78
f 79/79/79 75/75/75 78/78/78
f 75/75/75 79/79/79 80/80/80
f 74/74/74 75/75/75 80/80/80
f 73/73/73 74/74/74 80/80/80
f 58/58/58 73/73/73 80/80/80
f 72/72/72 73/73/73 58/58/58
f 59/59/59 72/72/72 58/58/58
f 71/71/71 72/72/72 59/59/59
f 60/60/60 71/71/71 59/59/59
f 71/71/71 60/60/60 61/61/61
f 70/70/70 71/71/71 61/61/61
f 62/62/62 70/70/70 61/61/61
f 69/69/69 70/70/70 62/62/62
f 63/63/63 69/69/69 62/62/62
f 67/67/67 69/69/69 63/63/63
f 88/88/88 89/89/89 81/81/81
f 81/81/81 82/82/82 83/83/83
f 83/83/83 84/84/84 85/85/85
f 86/86/86 87/87/87 88/88/88
f 81/81/81 83/83/83 85/85/85
f 86/86/86 88/88/88 81/81/81
f 81/81/81 85/85/85 86/86/86
f 102/102/102 103/103/103 90/90/90
f 90/90/90 91/91/91 92/92/92
f 92/92/92 93/93/93 94/94/94
f 94/94/94 95/95/95 96/96/96
f 97/97/97 98/98/98 99/99/99
f 99/99/99 100/100/100 101/101/101
f 90/90/90 92/92/92 94/94/94
f 97/97/97 99/99/99 101/101/101
f 90/90/90 94/94/94 96/96/96
f 97/97/97 101/101/101 102/102/102
f 102/102/102 90/90/90 96/96/96
f 96/96/96 97/97/97 102/102/102
f 104/104/104 105/105/105 106/106/106
f 104/104/104 106/106/106 107/107/107
f 108/108/108 109/109/109 110/110/110
f 108/108/108 110/110/110 111/111/111
f 112/112/112 113/113/113 114/114/114
f 112/112/112 114/114/114 115/115/115
f 120/120/120 121/121/121 116/116/116
f 116/116/116 117/117/117 118/118/118
f 118/118/118 119/119/119 120/120/120
f 120/120/120 116/116/116 118/118/118
f 129/129/129 130/130/130 122/122/122
f 122/122/122 123/123/123 124/124/124
f 124/124/124 125/125/125 126/126/126
f 126/126/126 127/127/127 128/128/128
f 128/128/128 129/129/129 122/122/122
f 122/122/122 124/124/124 126/126/126
f 126/126/126 128/128/128 122/122/122
f 149/149/149 150/150/150 131/131/131
f 131/131/131 132/132/132 133/133/133
f 133/133/133 134/134/134 135/135/135
f 135/135/135 136/136/136 137/137/137
f 137/137/137 138/138/138 139/139/139
f 139/139/139 140/140/140 141/141/141
f 141/141/141 142/142/142 143/143/143
f 143/143/143 144/144/144 145/145/145
f 145/145/145 146/146/146 147/147/147
f 149/149/149 131/131/131 133/133/133
f 133/133/133 135/135/135 137/137/137
f 139/139/139 141/141/141 143/143/143
f 143/143/143 145/145/145 147/147/147
f 148/148/148 149/149/149 133/133/133
f 133/133/133 137/137/137 139/139/139
f 139/139/139 143/143/143 147/147/147
f 148/148/148 133/133/133 139/139/139
f 139/139/139 147/147/147 148/148/148
f 151/151/151 152/152/152 153/153/153
f 154/154/154 155/155/155 156/156/156
f 157/157/157 158/158/158 159/159/159
f 159/159/159 160/160/160 161/161/161
f 161/161/161 162/162/162 163/163/163
f 163/163/163 164/164/164 165/165/165
f 151/151/151 153/153/153 154/154/154
f 154/154/154 156/156/156 157/157/157
f 159/159/159 161/161/161 163/163/163
f 163/163/163 165/165/165 151/151/151
f 151/151/151 154/154/154 157/157/157
f 159/159/159 163/163/163 151/151/151
f 151/151/151 157/157/157 159/159/159
f 166/166/166 167/167/167 168/168/168
f 166/166/166 168/168/168 169/169/169
f 176/176/176 177/177/177 170/170/170
f 170/170/170 171/171/171 172/172/172
f 172/172/172 173/173/173 174/174/174
f 175/175/175 176/176/176 170/170/170
f 170/170/170 172/172/172 174/174/174
f 174/174/174 175/175/175 170/170/170
f 184/184/184 185/185/185 178/178/178
f 178/178/178 179/179/179 180/180/180
f 182/182/182 183/183/183 184/184/184
f 178/178/178 180/180/180 181/181/181
f 181/181/181 182/182/182 184/184/184
f 184/184/184 178/178/178 181/181/181
f 186/186/186 187/187/187 188/188/188
f 186/186/186 188/188/188 189/189/189
f 194/194/194 195/195/195 190/190/190
f 190/190/190 191/191/191 192/192/192
f 192/192/192 193/193/193 194/194/194
f 194/194/194 190/190/190 192/192/192
f 199/199/199 200/200/200 196/196/196
f 196/196/196 197/197/197 198/198/198
f 198/198/198 199/199/199 196/196/196
f 204/204/204 205/205/205 201/201/201
f 201/201/201 202/202/202 203/203/203
f 203/203/203 204/204/204 201/201/201
f 214/214/214 215/215/215 206/206/206
f 206/206/206 207/207/207 208/208/208
f 208/208/208 209/209/209 210/210/210
f 210/210/210 211/211/211 212/212/212
f 213/213/213 214/214/214 206/206/206
f 208/208/208 210/210/210 212/212/212
f 213/213/213 206/206/206 208/208/208
f 208/208/208 212/212/212 213/213/213
f 222/222/222 223/223/223 216/216/216
f 216/216/216 217/217/217 218/218/218
f 219/219/219 220/220/220 221/221/221
f 221/221/221 222/222/222 216/216/216
f 216/216/216 218/218/218 219/219/219
f 219/219/219 221/221/221 216/216/216
f 231/231/231 232/232/232 224/224/224
f 224/224/224 225/225/225 226/226/226
f 226/226/226 227/227/227 228/228/228
f 229/229/229 230/230/230 231/231/231
f 231/231/231 224/224/224 226/226/226
f 226/226/226 228/228/228 229/229/229
f 229/229/229 231/231/231 226/226/226
f 237/237/237 238/238/238 233/233/233
f 234/234/234 235/235/235 236/236/236
f 236/236/236 237/237/237 233/233/233
f 233/233/233 234/234/234 236/236/236
f 239/239/239 240/240/240 241/241/241
f 239/239/239 241/241/241 242/242/242
f 247/247/247 248/248/248 243/243/243
f 243/243/243 244/244/244 245/245/245
f 245/245/245 246/246/246 247/247/247
f 247/247/247 243/243/243 245/245/245
f 269/269/269 270/270/270 249/249/249
f 249/249/249 250/250/250 251/251/251
f 251/251/251 252/252/252 253/253/253
f 253/253/253 254/254/254 255/255/255
f 255/255/255 256/256/256 257/257/257
f 257/257/257 258/258/258 259/259/259
f 259/259/259 260/260/260 261/261/261
f 261/261/261 262/262/262 263/263/263
f 263/263/263 264/264/264 265/265/265
f 265/265/265 266/266/266 267/267/267
f 267/267/267 268/268/268 269/269/269
f 269/269/269 249/249/249 251/251/251
f 251/251/251 253/253/253 255/255/255
f 255/255/255 257/257/257 259/259/259
f 259/259/259 261/261/261 263/263/263
f 265/265/265 267/267/267 269/269/269
f 269/269/269 251/251/251 255/255/255
f 255/255/255 259/259/259 263/263/263
f 265/265/265 269/269/269 255/255/255
f 255/255/255 263/263/263 265/265/265
f 299/299/299 300/300/300 271/271/271
f 271/271/271 272/272/272 273/273/273
f 273/273/273 274/274/274 275/275/275
f 275/275/275 276/276/276 277/277/277
f 280/280/280 281/281/281 282/282/282
f 283/283/283 284/284/284 285/285/285
f 285/285/285 286/286/286 287/287/287
f 287/287/287 288/288/288 289/289/289
f 289/289/289 290/290/290 291/291/291
f 291/291/291 292/292/292 293/293/293
f 294/294/294 295/295/295 296/296/296
f 296/296/296 297/297/297 298/298/298
f 271/271/271 273/273/273 275/275/275
f 275/275/275 277/277/277 278/278/278
f 280/280/280 282/282/282 283/283/283
f 287/287/287 289/289/289 291/291/291
f 293/293/293 294/294/294 296/296/296
f 296/296/296 298/298/298 299/299/299
f 275/275/275 278/278/278 279/279/279
f 280/280/280 283/283/283 285/285/285
f 287/287/287 291/291/291 293/293/293
f 293/293/293 296/296/296 299/299/299
f 275/275/275 279/279/279 280/280/280
f 280/280/280 285/285/285 287/287/287
f 287/287/287 293/293/293 299/299/299
f 271/271/271 275/275/275 280/280/280
f 287/287/287 299/299/299 271/271/271
f 271/271/271 280/280/280 287/287/287
f 301/301/301 302/302/302 303/303/303
f 301/301/301 303/303/303 304/304/304
f 305/305/305 306/306/306 307/307/307
f 305/305/305 307/307/307 308/308/308
f 314/314/314 315/315/315 309/309/309
f 309/309/309 310/310/310 311/311/311
f 311/311/311 312/312/312 313/313/313
f 313/313/313 314/314/314 309/309/309
f 309/309/309 311/311/311 313/313/313
f 330/330/330 316/316/316 317/317/317
f 317/317/317 318/318/318 319/319/319
f 324/324/324 325/325/325 326/326/326
f 330/330/330 317/317/317 319/319/319
f 323/323/323 324/324/324 326/326/326
f 330/330/330 319/319/319 320/320/320
f 323/323/323 326/326/326 327/327/327
f 329/329/329 330/330/330 320/320/320
f 322/322/322 323/323/323 327/327/327
f 329/329/329 320/320/320 321/321/321
f 322/322/322 327/327/327 328/328/328
f 329/329/329 321/321/321 322/322/322
f 322/322/322 328/328/328 329/329/329
f 331/331/331 332/332/332 333/333/333
f 331/331/331 333/333/333 334/334/334
f 342/342/342 343/343/343 335/335/335
f 335/335/335 336/336/336 337/337/337
f 337/337/337 338/338/338 339/339/339
f 339/339/339 340/340/340 341/341/341
f 341/341/341 342/342/342 335/335/335
f 335/335/335 337/337/337 339/339/339
f 339/339/339 341/341/341 335/335/335
f 347/347/347 348/348/348 344/344/344
f 344/344/344 345/345/345 346/346/346
f 346/346/346 347/347/347 344/344/344
f 352/352/352 353/353/353 349/349/349
f 349/349/349 350/350/350 351/351/351
f 351/351/351 352/352/352 349/349/349
f 358/358/358 359/359/359 354/354/354
f 354/354/354 355/355/355 356/356/356
f 357/357/357 358/358/358 354/354/354
f 354/354/354 356/356/356 357/357/357
f 361/361/361 362/362/362 363/363/363
f 363/363/363 364/364/364 365/365/365
f 361/361/361 363/363/363 365/365/365
f 369/369/369 370/370/370 366/366/366
f 366/366/366 367/367/367 368/368/368
f 368/368/368 369/369/369 366/366/366
f 375/375/375 376/376/376 371/371/371
f 371/371/371 372/372/372 373/373/373
f 374/374/374 375/375/375 371/371/371
f 371/371/371 373/373/373 374/374/374
f 382/382/382 383/383/383 377/377/377
f 378/378/378 379/379/379 380/380/380
f 381/381/381 382/382/382 377/377/377
f 377/377/377 378/378/378 380/380/380
f 380/380/380 381/381/381 377/377/377
f 388/388/388 389/389/389 384/384/384
f 384/384/384 385/385/385 386/386/386
f 386/386/386 387/387/387 388/388/388
f 388/388/388 384/384/384 386/386/386
f 393/393/393 394/394/394 390/390/390
f 390/390/390 391/391/391 392/392/392
f 392/392/392 393/393/393 390/390/390
f 395/395/395 396/396/396 397/397/397
f 395/395/395 397/397/397 398/398/398
f 419/419/419 420/420/420 399/399/399
f 399/399/399 400/400/400 401/401/401
f 401/401/401 402/402/402 403/403/403
f 405/405/405 406/406/406 407/407/407
f 408/408/408 409/409/409 410/410/410
f 410/410/410 411/411/411 412/412/412
f 412/412/412 413/413/413 414/414/414
f 414/414/414 415/415/415 416/416/416
f 417/417/417 418/418/418 419/419/419
f 401/401/401 403/403/403 404/404/404
f 405/405/405 407/407/407 408/408/408
f 408/408/408 410/410/410 412/412/412
f 417/417/417 419/419/419 399/399/399
f 401/401/401 404/404/404 405/405/405
f 405/405/405 408/408/408 412/412/412
f 416/416/416 417/417/417 399/399/399
f 401/401/401 405/405/405 412/412/412
f 416/416/416 399/399/399 401/401/401
f 401/401/401 412/412/412 414/414/414
f 414/414/414 416/416/416 401/401/401
f 433/433/433 434/434/434 421/421/421
f 421/421/421 422/422/422 423/423/423
f 425/425/425 426/426/426 427/427/427
f 427/427/427 428/428/428 429/429/429
f 430/430/430 431/431/431 432/432/432
f 433/433/433 421/421/421 423/423/423
f 424/424/424 425/425/425 427/427/427
f 427/427/427 429/429/429 430/430/430
f 430/430/430 432/432/432 433/433/433
f 433/433/433 423/423/423 424/424/424
f 424/424/424 427/427/427 430/430/430
f 430/430/430 433/433/433 424/424/424
f 435/435/435 436/436/436 437/437/437
f 435/435/435 437/437/437 438/438/438
f 460/460/460 461/461/461 439/439/439
f 440/440/440 441/441/441 442/442/442
f 442/442/442 443/443/443 444/444/444
f 444/444/444 445/445/445 446/446/446
f 446/446/446 447/447/447 448/448/448
f 448/448/448 449/449/449 450/450/450
f 450/450/450 451/451/451 452/452/452
f 452/452/452 453/453/453 454/454/454
f 454/454/454 455/455/455 456/456/456
f 456/456/456 457/457/457 458/458/458
f 458/458/458 459/459/459 460/460/460
f 460/460/460 439/439/439 440/440/440
f 440/440/440 442/442/442 444/444/444
f 444/444/444 446/446/446 448/448/448
f 448/448/448 450/450/450 452/452/452
f 452/452/452 454/454/454 456/456/456
f 456/456/456 458/458/458 460/460/460
f 460/460/460 440/440/440 444/444/444
f 444/444/444 448/448/448 452/452/452
f 452/452/452 456/456/456 460/460/460
f 460/460/460 444/444/444 452/452/452
f 467/467/467 468/468/468 462/462/462
f 462/462/462 463/463/463 464/464/464
f 464/464/464 465/465/465 466/466/466
f 466/466/466 467/467/467 462/462/462
f 462/462/462 464/464/464 466/466/466
f 475/475/475 476/476/476 469/469/469
f 469/469/469 470/470/470 471/471/471
f 471/471/471 472/472/472 473/473/473
f 473/473/473 474/474/474 475/475/475
f 475/475/475 469/469/469 471/471/471
f 471/471/471 473/473/473 475/475/475
f 477/477/477 478/478/478 479/479/479
f 477/477/477 479/479/479 480/480/480
f 490/490/490 491/491/491 481/481/481
f 481/481/481 482/482/482 483/483/483
f 483/483/483 484/484/484 485/485/485
f 485/485/485 486/486/486 487/487/487
f 488/488/488 489/489/489 490/490/490
f 490/490/490 481/481/481 483/483/483
f 483/483/483 485/485/485 487/487/487
f 488/488/488 490/490/490 483/483/483
f 483/483/483 487/487/487 488/488/488
f 498/498/498 499/499/499 492/492/492
f 493/493/493 494/494/494 495/495/495
f 495/495/495 496/496/496 497/497/497
f 497/497/497 498/498/498 492/492/492
f 492/492/492 493/493/493 495/495/495
f 495/495/495 497/497/497 492/492/492
f 500/500/500 501/501/501 502/502/502
f 500/500/500 502/502/502 503/503/503
f 508/508/508 509/509/509 504/504/504
f 505/505/505 506/506/506 507/507/507
f 508/508/508 504/504/504 505/505/505
f 505/505/505 507/507/507 508/508/508
f 515/515/515 516/516/516 510/510/510
f 510/510/510 511/511/511 512/512/512
f 512/512/512 513/513/513 514/514/514
f 514/514/514 515/515/515 510/510/510
f 510/510/510 512/512/512 514/514/514
f 527/527/527 528/528/528 517/517/517
f 517/517/517 518/518/518 519/519/519
f 520/520/520 521/521/521 522/522/522
f 522/522/522 523/523/523 524/524/524
f 525/525/525 526/526/526 527/527/527
f 517/517/517 519/519/519 520/520/520
f 520/520/520 522/522/522 524/524/524
f 525/525/525 527/527/527 517/517/517
f 517/517/517 520/520/520 524/524/524
f 524/524/524 525/525/525 517/517/517
f 529/529/529 530/530/530 531/531/531
f 529/529/529 531/531/531 532/532/532
f 533/533/533 534/534/534 535/535/535
f 533/533/533 535/535/535 536/536/536
f 541/541/541 542/542/542 537/537/537
f 537/537/537 538/538/538 539/539/539
f 539/539/539 540/540/540 541/541/541
f 541/541/541 537/537/537 539/539/539
f 546/546/546 547/547/547 543/543/543
f 543/543/543 544/544/544 545/545/545
f 545/545/545 546/546/546 543/543/543
f 548/548/548 549/549/549 550/550/550
f 548/548/548 550/550/550 551/551/551
f 552/552/552 553/553/553 554/554/554
f 552/552/552 554/554/554 555/555/555
f 559/559/559 560/560/560 556/556/556
f 556/556/556 557/557/557 558/558/558
f 558/558/558 559/559/559 556/556/556
f 561/561/561 562/562/562 563/563/563
f 561/561/561 563/563/563 564/564/564
f 569/569/569 570/570/570 565/565/565
f 566/566/566 567/567/567 568/568/568
f 568/568/568 569/569/569 565/565/565
f 565/565/565 566/566/566 568/568/568
f 579/579/579 580/580/580 571/571/571
f 573/573/573 574/574/574 575/575/575
f 575/575/575 576/576/576 577/577/577
f 577/577/577 578/578/578 579/579/579
f 572/572/572 573/573/573 575/575/575
f 577/577/577 579/579/579 571/571/571
f 575/575/575 577/577/577 571/571/571
f 581/581/581 582/582/582 583/583/583
f 581/581/581 583/583/583 584/584/584
f 588/588/588 589/589/589 585/585/585
f 585/585/585 586/586/586 587/587/587
f 587/587/587 588/588/588 585/585/585
f 590/590/590 591/591/591 592/592/592
f 590/590/590 592/592/592 593/593/593
f 598/598/598 594/594/594 595/595/595
f 595/595/595 596/596/596 597/597/597
f 597/597/597 598/598/598 595/595/595
f 602/602/602 603/603/603 599/599/599
f 599/599/599 600/600/600 601/601/601
f 601/601/601 602/602/602 599/599/599
f 604/604/604 605/605/605 606/606/606
f 604/604/604 606/606/606 607/607/607
f 608/608/608 609/609/609 610/610/610
f 608/608/608 610/610/610 611/611/611
f 615/615/615 616/616/616 612/612/612
f 612/612/612 613/613/613 614/614/614
f 614/614/614 615/615/615 612/612/612
f 617/617/617 618/618/618 619/619/619
f 617/617/617 619/619/619 620/620/620
f 621/621/621 622/622/622 623/623/623
f 621/621/621 623/623/623 624/624/624
f 625/625/625 626/626/626 627/627/627
f 625/625/625 627/627/627 628/628/628
f 638/638/638 639/639/639 629/629/629
f 629/629/629 630/630/630 631/631/631
f 631/631/631 632/632/632 633/633/633
f 633/633/633 634/634/634 635/635/635
f 635/635/635 636/636/636 637/637/637
f 638/638/638 629/629/629 631/631/631
f 633/633/633 635/635/635 637/637/637
f 637/637/637 638/638/638 631/631/631
f 631/631/631 633/633/633 637/637/637
f 640/640/640 641/641/641 642/642/642
f 640/640/640 642/642/642 643/643/643
f 647/647/647 648/648/648 644/644/644
f 644/644/644 645/645/645 646/646/646
f 646/646/646 647/647/647 644/644/644
f 656/656/656 657/657/657 649/649/649
f 649/649/649 650/650/650 651/651/651
f 653/653/653 654/654/654 655/655/655
f 655/655/655 656/656/656 649/649/649
f 649/649/649 651/651/651 652/652/652
f 652/652/652 653/653/653 655/655/655
f 655/655/655 649/649/649 652/652/652
f 665/665/665 666/666/666 658/658/658
f 658/658/658 659/659/659 660/660/660
f 660/660/660 661/661/661 662/662/662
f 662/662/662 663/663/663 664/664/664
f 664/664/664 665/665/665 658/658/658
f 658/658/658 660/660/660 662/662/662
f 662/662/662 664/664/664 658/658/658
f 679/679/679 680/680/680 667/667/667
f 667/667/667 668/668/668 669/669/669
f 670/670/670 671/671/671 672/672/672
f 672/672/672 673/673/673 674/674/674
f 674/674/674 675/675/675 676/676/676
f 676/676/676 677/677/677 678/678/678
f 678/678/678 679/679/679 667/667/667
f 667/667/667 669/669/669 670/670/670
f 672/672/672 674/674/674 676/676/676
f 676/676/676 678/678/678 667/667/667
f 667/667/667 670/670/670 672/672/672
f 672/672/672 676/676/676 667/667/667
f 681/681/681 682/682/682 683/683/683
f 681/681/681 683/683/683 684/684/684
f 685/685/685 686/686/686 687/687/687
f 685/685/685 687/687/687 688/688/688
f 689/689/689 690/690/690 691/691/691
f 689/689/689 691/691/691 692/692/692
f 693/693/693 694/694/694 695/695/695
f 693/693/693 695/695/695 696/696/696
f 713/713/713 714/714/714 697/697/697
f 697/697/697 698/698/698 699/699/699
f 700/700/700 701/701/701 702/702/702
f 702/702/702 703/703/703 704/704/704
f 704/704/704 705/705/705 706/706/706
f 706/706/706 707/707/707 708/708/708
f 708/708/708 709/709/709 710/710/710
f 710/710/710 711/711/711 712/712/712
f 712/712/712 713/713/713 697/697/697
f 699/699/699 700/700/700 702/702/702
f 702/702/702 704/704/704 706/706/706
f 708/708/708 710/710/710 712/712/712
f 712/712/712 697/697/697 699/699/699
f 699/699/699 702/702/702 706/706/706
f 708/708/708 712/712/712 699/699/699
f 699/699/699 706/706/706 708/708/708
f 715/715/715 716/716/716 717/717/717
f 715/715/715 717/717/717 718/718/718
f 723/723/723 724/724/724 719/719/719
f 719/719/719 720/720/720 721/721/721
f 722/722/722 723/723/723 719/719/719
f 719/719/719 721/721/721 722/722/722
f 728/728/728 729/729/729 725/725/725
f 725/725/725 726/726/726 727/727/727
f 727/727/727 728/728/728 725/725/725
f 730/730/730 731/731/731 732/732/732
f 730/730/730 732/732/732 733/733/733
f 758/758/758 759/759/759 734/734/734
f 734/734/734 735/735/735 736/736/736
f 736/736/736 737/737/737 738/738/738
f 738/738/738 739/739/739 740/740/740
f 741/741/741 742/742/742 743/743/743
f 743/743/743 744/744/744 745/745/745
f 745/745/745 746/746/746 747/747/747
f 748/748/748 749/749/749 750/750/750
f 752/752/752 753/753/753 754/754/754
f 756/756/756 757/757/757 758/758/758
f 736/736/736 738/738/738 740/740/740
f 741/741/741 743/743/743 745/745/745
f 745/745/745 747/747/747 748/748/748
f 748/748/748 750/750/750 751/751/751
f 752/752/752 754/754/754 755/755/755
f 755/755/755 756/756/756 758/758/758
f 740/740/740 741/741/741 745/745/745
f 751/751/751 752/752/752 755/755/755
f 755/755/755 758/758/758 734/734/734
f 740/740/740 745/745/745 748/748/748
f 748/748/748 751/751/751 755/755/755
f 755/755/755 734/734/734 736/736/736
f 736/736/736 740/740/740 748/748/748
f 748/748/748 755/755/755 736/736/736
f 760/760/760 761/761/761 762/762/762
f 760/760/760 762/762/762 763/763/763
f 764/764/764 765/765/765 766/766/766
f 764/764/764 766/766/766 767/767/767
f 771/771/771 772/772/772 768/768/768
f 768/768/768 769/769/769 770/770/770
f 770/770/770 771/771/771 768/768/768
f 782/782/782 783/783/783 773/773/773
f 775/775/775 776/776/776 777/777/777
f 777/777/777 778/778/778 779/779/779
f 779/779/779 780/780/780 781/781/781
f 781/781/781 782/782/782 773/773/773
f 775/775/775 777/777/777 779/779/779
f 781/781/781 773/773/773 774/774/774
f 775/775/775 779/779/779 781/781/781
f 781/781/781 774/774/774 775/775/775
f 789/789/789 790/790/790 784/784/784
f 784/784/784 785/785/785 786/786/786
f 786/786/786 787/787/787 788/788/788
f 788/788/788 789/789/789 784/784/784
f 784/784/784 786/786/786 788/788/788
f 791/791/791 792/792/792 793/793/793
f 791/791/791 793/793/793 794/794/794
f 795/795/795 796/796/796 797/797/797
f 795/795/795 797/797/797 798/798/798
f 803/803/803 804/804/804 799/799/799
f 799/799/799 800/800/800 801/801/801
f 801/801/801 802/802/802 803/803/803
f 803/803/803 799/799/799 801/801/801
f 808/808/808 809/809/809 805/805/805
f 805/805/805 806/806/806 807/807/807
f 807/807/807 808/808/808 805/805/805
f 810/810/810 811/811/811 812/812/812
f 810/810/810 812/812/812 813/813/813
f 817/817/817 818/818/818 814/814/814
f 815/815/815 816/816/816 817/817/817
f 817/817/817 814/814/814 815/815/815
f 819/819/819 820/820/820 821/821/821
f 819/819/819 821/821/821 822/822/822
f 823/823/823 824/824/824 825/825/825
f 823/823/823 825/825/825 826/826/826
f 830/830/830 831/831/831 827/827/827
f 827/827/827 828/828/828 829/829/829
f 829/829/829 830/830/830 827/827/827
f 837/837/837 838/838/838 832/832/832
f 832/832/832 833/833/833 834/834/834
f 834/834/834 835/835/835 836/836/836
f 837/837/837 832/832/832 834/834/834
f 834/834/834 836/836/836 837/837/837
f 846/846/846 839/839/839 840/840/840
f 840/840/840 841/841/841 842/842/842
f 842/842/842 843/843/843 844/844/844
f 844/844/844 845/845/845 846/846/846
f 846/846/846 840/840/840 842/842/842
f 842/842/842 844/844/844 846/846/846
f 851/851/851 852/852/852 847/847/847
f 848/848/848 849/849/849 850/850/850
f 850/850/850 851/851/851 847/847/847
f 847/847/847 848/848/848 850/850/850
f 853/853/853 854/854/854 855/855/855
f 860/860/860 861/861/861 856/856/856
f 857/857/857 858/858/858 859/859/859
f 859/859/859 860/860/860 856/856/856
f 856/856/856 857/857/857 859/859/859
f 862/862/862 863/863/863 864/864/864
f 868/868/868 869/869/869 865/865/865
f 865/865/865 866/866/866 867/867/867
f 867/867/867 868/868/868 865/865/865
f 877/877/877 870/870/870 871/871/871
f 871/871/871 872/872/872 873/873/873
f 873/873/873 874/874/874 875/875/875
f 876/876/876 877/877/877 871/871/871
f 871/871/871 873/873/873 875/875/875
f 875/875/875 876/876/876 871/871/871
f 881/881/881 882/882/882 878/878/878
f 878/878/878 879/879/879 880/880/880
f 880/880/880 881/881/881 878/878/878
f 898/898/898 883/883/883 884/884/884
f 884/884/884 885/885/885 886/886/886
f 886/886/886 887/887/887 888/888/888
f 889/889/889 890/890/890 891/891/891
f 891/891/891 892/892/892 893/893/893
f 894/894/894 895/895/895 896/896/896
f 896/896/896 897/897/897 898/898/898
f 898/898/898 884/884/884 886/886/886
f 889/889/889 891/891/891 893/893/893
f 894/894/894 896/896/896 898/898/898
f 898/898/898 886/886/886 888/888/888
f 889/889/889 893/893/893 894/894/894
f 894/894/894 898/898/898 888/888/888
f 888/888/888 889/889/889 894/894/894
f 903/903/903 904/904/904 899/899/899
f 900/900/900 901/901/901 902/902/902
f 903/903/903 899/899/899 900/900/900
f 900/900/900 902/902/902 903/903/903
f 911/911/911 912/912/912 905/905/905
f 905/905/905 906/906/906 907/907/907
f 909/909/909 910/910/910 911/911/911
f 905/905/905 907/907/907 908/908/908
f 909/909/909 911/911/911 905/905/905
f 905/905/905 908/908/908 909/909/909
f 916/916/916 917/917/917 913/913/913
f 913/913/913 914/914/914 915/915/915
f 915/915/915 916/916/916 913/913/913
f 918/918/918 919/919/919 920/920/920
f 918/918/918 920/920/920 921/921/921
f 922/922/922 923/923/923 924/924/924
f 928/928/928 929/929/929 925/925/925
f 925/925/925 926/926/926 927/927/927
f 927/927/927 928/928/928 925/925/925
f 931/931/931 932/932/932 933/933/933
f 934/934/934 935/935/935 936/936/936
f 936/936/936 937/937/937 938/938/938
f 938/938/938 939/939/939 940/940/940
f 930/930/930 931/931/931 933/933/933
f 934/934/934 936/936/936 938/938/938
f 938/938/938 940/940/940 941/941/941
f 930/930/930 933/933/933 934/934/934
f 938/938/938 941/941/941 930/930/930
f 930/930/930 934/934/934 938/938/938
f 942/942/942 943/943/943 944/944/944
f 942/942/942 944/944/944 945/945/945
f 949/949/949 950/950/950 946/946/946
f 946/946/946 947/947/947 948/948/948
f 948/948/948 949/949/949 946/946/946
f 955/955/955 956/956/956 951/951/951
f 951/951/951 952/952/952 953/953/953
f 953/953/953 954/954/954 955/955/955
f 955/955/955 951/951/951 953/953/953
f 961/961/961 962/962/962 957/957/957
f 957/957/957 958/958/958 959/959/959
f 959/959/959 960/960/960 961/961/961
f 961/961/961 957/957/957 959/959/959
f 967/967/967 963/963/963 964/964/964
f 965/965/965 966/966/966 967/967/967
f 967/967/967 964/964/964 965/965/965
f 968/968/968 969/969/969 970/970/970
f 968/968/968 970/970/970 971/971/971
f 977/977/977 972/972/972 973/973/973
f 973/973/973 974/974/974 975/975/975
f 975/975/975 976/976/976 977/977/977
f 977/977/977 973/973/973 975/975/975
f 983/983/983 984/984/984 978/978/978
f 978/978/978 979/979/979 980/980/980
f 980/980/980 981/981/981 982/982/982
f 982/982/982 983/983/983 978/978/978
f 978/978/978 980/980/980 982/982/982
f 989/989/989 990/990/990 985/985/985
f 985/985/985 986/986/986 987/987/987
f 988/988/988 989/989/989 985/985/985
f 985/985/985 987/987/987 988/988/988
f 991/991/991 992/992/992 993/993/993
f 993/993/993 994/994/994 995/995/995
f 996/996/996 997/997/997 998/998/998
f 998/998/998 999/999/999 1000/1000/1000
f 1000/1000/1000 1001/1001/1001 1002/1002/1002
f 1002/1002/1002 1003/1003/1003 1004/1004/1004
f 991/991/991 993/993/993 995/995/995
f 1002/1002/1002 1004/1004/1004 1005/1005/1005
f 991/991/991 995/995/995 996/996/996
f 1002/1002/1002 1005/1005/1005 1006/1006/1006
f 1006/1006/1006 991/991/991 996/996/996
f 1000/1000/1000 1002/1002/1002 1006/1006/1006
f 1006/1006/1006 996/996/996 998/998/998
f 998/998/998 1000/1000/1000 1006/1006/1006
f 1010/1010/1010 1011/1011/1011 1007/1007/1007
f 1007/1007/1007 1008/1008/1008 1009/1009/1009
f 1009/1009/1009 1010/1010/1010 1007/1007/1007
f 1012/1012/1012 1013/1013/1013 1014/1014/1014
f 1012/1012/1012 1014/1014/1014 1015/1015/1015
f 1064/1064/1064 1065/1065/1065 1016/1016/1016
f 1016/1016/1016 1017/1017/1017 1018/1018/1018
f 1018/1018/1018 1019/1019/1019 1020/1020/1020
f 1020/1020/1020 1021/1021/1021 1022/1022/1022
f 1022/1022/1022 1023/1023/1023 1024/1024/1024
f 1026/1026/1026 1027/1027/1027 1028/1028/1028
f 1028/1028/1028 1029/1029/1029 1030/1030/1030
f 1030/1030/1030 1031/1031/1031 1032/1032/1032
f 1032/1032/1032 1033/1033/1033 1034/1034/1034
f 1034/1034/1034 1035/1035/1035 1036/1036/1036
f 1036/1036/1036 1037/1037/1037 1038/1038/1038
f 1039/1039/1039 1040/1040/1040 1041/1041/1041
f 1041/1041/1041 1042/1042/1042 1043/1043/1043
f 1043/1043/1043 1044/1044/1044 1045/1045/1045
f 1046/1046/1046 1047/1047/1047 1048/1048/1048
f 1048/1048/1048 1049/1049/1049 1050/1050/1050
f 1050/1050/1050 1051/1051/1051 1052/1052/1052
f 1052/1052/1052 1053/1053/1053 1054/1054/1054
f 1054/1054/1054 1055/1055/1055 1056/1056/1056
f 1056/1056/1056 1057/1057/1057 1058/1058/1058
f 1061/1061/1061 1062/1062/1062 1063/1063/1063
f 1063/1063/1063 1064/1064/1064 1016/1016/1016
f 1018/1018/1018 1020/1020/1020 1022/1022/1022
f 1022/1022/1022 1024/1024/1024 1025/1025/1025
f 1026/1026/1026 1028/1028/1028 1030/1030/1030
f 1032/1032/1032 1034/1034/1034 1036/1036/1036
f 1036/1036/1036 1038/1038/1038 1039/1039/1039
f 1041/1041/1041 1043/1043/1043 1045/1045/1045
f 1046/1046/1046 1048/1048/1048 1050/1050/1050
f 1050/1050/1050 1052/1052/1052 1054/1054/1054
f 1056/1056/1056 1058/1058/1058 1059/1059/1059
f 1061/1061/1061 1063/1063/1063 1016/1016/1016
f 1018/1018/1018 1022/1022/1022 1025/1025/1025
f 1025/1025/1025 1026/1026/1026 1030/1030/1030
f 1030/1030/1030 1032/1032/1032 1036/1036/1036
f 1036/1036/1036 1039/1039/1039 1041/1041/1041
f 1041/1041/1041 1045/1045/1045 1046/1046/1046
f 1046/1046/1046 1050/1050/1050 1054/1054/1054
f 1054/1054/1054 1056/1056/1056 1059/1059/1059
f 1061/1061/1061 1016/1016/1016 1018/1018/1018
f 1018/1018/1018 1025/1025/1025 1030/1030/1030
f 1030/1030/1030 1036/1036/1036 1041/1041/1041
f 1041/1041/1041 1046/1046/1046 1054/1054/1054
f 1054/1054/1054 1059/1059/1059 1060/1060/1060
f 1061/1061/1061 1018/1018/1018 1030/1030/1030
f 1030/1030/1030 1041/1041/1041 1054/1054/1054
f 1060/1060/1060 1061/1061/1061 1030/1030/1030
f 1030/1030/1030 1054/1054/1054 1060/1060/1060
f 1072/1072/1072 1073/1073/1073 1066/1066/1066
f 1066/1066/1066 1067/1067/1067 1068/1068/1068
f 1068/1068/1068 1069/1069/1069 1070/1070/1070
f 1071/1071/1071 1072/1072/1072 1066/1066/1066
f 1066/1066/1066 1068/1068/1068 1070/1070/1070
f 1070/1070/1070 1071/1071/1071 1066/1066/1066
f 1081/1081/1081 1082/1082/1082 1074/1074/1074
f 1074/1074/1074 1075/1075/1075 1076/1076/1076
f 1076/1076/1076 1077/1077/1077 1078/1078/1078
f 1078/1078/1078 1079/1079/1079 1080/1080/1080
f 1080/1080/1080 1081/1081/1081 1074/1074/1074
f 1074/1074/1074 1076/1076/1076 1078/1078/1078
f 1078/1078/1078 1080/1080/1080 1074/1074/1074
f 1085/1085/1085 1086/1086/1086 1087/1087/1087
f 1090/1090/1090 1091/1091/1091 1092/1092/1092
f 1084/1084/1084 1085/1085/1085 1087/1087/1087
f 1089/1089/1089 1090/1090/1090 1092/1092/1092
f 1084/1084/1084 1087/1087/1087 1088/1088/1088
f 1089/1089/1089 1092/1092/1092 1083/1083/1083
f 1083/1083/1083 1084/1084/1084 1088/1088/1088
f 1088/1088/1088 1089/1089/1089 1083/1083/1083
f 1100/1100/1100 1101/1101/1101 1093/1093/1093
f 1093/1093/1093 1094/1094/1094 1095/1095/1095
f 1095/1095/1095 1096/1096/1096 1097/1097/1097
f 1097/1097/1097 1098/1098/1098 1099/1099/1099
f 1100/1100/1100 1093/1093/1093 1095/1095/1095
f 1095/1095/1095 1097/1097/1097 1099/1099/1099
f 1099/1099/1099 1100/1100/1100 1095/1095/1095
f 1111/1111/1111 1102/1102/1102 1103/1103/1103
f 1103/1103/1103 1104/1104/1104 1105/1105/1105
f 1105/1105/1105 1106/1106/1106 1107/1107/1107
f 1108/1108/1108 1109/1109/1109 1110/1110/1110
f 1110/1110/1110 1111/1111/1111 1103/1103/1103
f 1103/1103/1103 1105/1105/1105 1107/1107/1107
f 1107/1107/1107 1108/1108/1108 1110/1110/1110
f 1110/1110/1110 1103/1103/1103 1107/1107/1107
f 1112/1112/1112 1113/1113/1113 1114/1114/1114
f 1112/1112/1112 1114/1114/1114 1115/1115/1115
f 1116/1116/1116 1117/1117/1117 1118/1118/1118
f 1116/1116/1116 1118/1118/1118 1119/1119/1119
f 1120/1120/1120 1121/1121/1121 1122/1122/1122
f 1120/1120/1120 1122/1122/1122 1123/1123/1123
f 1128/1128/1128 1129/1129/1129 1124/1124/1124
f 1124/1124/1124 1125/1125/1125 1126/1126/1126
f 1126/1126/1126 1127/1127/1127 1128/1128/1128
f 1128/1128/1128 1124/1124/1124 1126/1126/1126
f 1130/1130/1130 1131/1131/1131 1132/1132/1132
f 1135/1135/1135 1136/1136/1136 1137/1137/1137
f 1130/1130/1130 1132/1132/1132 1133/1133/1133
f 1134/1134/1134 1135/1135/1135 1137/1137/1137
f 1138/1138/1138 1130/1130/1130 1133/1133/1133
f 1137/1137/1137 1138/1138/1138 1133/1133/1133
f 1139/1139/1139 1140/1140/1140 1141/1141/1141
f 1139/1139/1139 1141/1141/1141 1142/1142/1142
f 1146/1146/1146 1147/1147/1147 1143/1143/1143
f 1143/1143/1143 1144/1144/1144 1145/1145/1145
f 1145/1145/1145 1146/1146/1146 1143/1143/1143
f 1152/1152/1152 1153/1153/1153 1148/1148/1148
f 1148/1148/1148 1149/1149/1149 1150/1150/1150
f 1150/1150/1150 1151/1151/1151 1152/1152/1152
f 1152/1152/1152 1148/1148/1148 1150/1150/1150
f 1154/1154/1154 1155/1155/1155 1156/1156/1156
f 1154/1154/1154 1156/1156/1156 1157/1157/1157
f 1158/1158/1158 1159/1159/1159 1160/1160/1160
f 1158/1158/1158 1160/1160/1160 1161/1161/1161
f 1162/1162/1162 1163/1163/1163 1164/1164/1164
f 1162/1162/1162 1164/1164/1164 1165/1165/1165
f 1171/1171/1171 1172/1172/1172 1166/1166/1166
f 1166/1166/1166 1167/1167/1167 1168/1168/1168
f 1168/1168/1168 1169/1169/1169 1170/1170/1170
f 1170/1170/1170 1171/1171/1171 1166/1166/1166
f 1166/1166/1166 1168/1168/1168 1170/1170/1170
f 1173/1173/1173 1174/1174/1174 1175/1175/1175
f 1176/1176/1176 1177/1177/1177 1178/1178/1178
f 1176/1176/1176 1178/1178/1178 1179/1179/1179
f 1184/1184/1184 1185/1185/1185 1180/1180/1180
f 1181/1181/1181 1182/1182/1182 1183/1183/1183
f 1183/1183/1183 1184/1184/1184 1180/1180/1180
f 1180/1180/1180 1181/1181/1181 1183/1183/1183
f 1191/1191/1191 1192/1192/1192 1186/1186/1186
f 1186/1186/1186 1187/1187/1187 1188/1188/1188
f 1189/1189/1189 1190/1190/1190 1191/1191/1191
f 1186/1186/1186 1188/1188/1188 1189/1189/1189
f 1189/1189/1189 1191/1191/1191 1186/1186/1186
f 1209/1209/1209 1210/1210/1210 1193/1193/1193
f 1194/1194/1194 1195/1195/1195 1196/1196/1196
f 1196/1196/1196 1197/1197/1197 1198/1198/1198
f 1199/1199/1199 1200/1200/1200 1201/1201/1201
f 1201/1201/1201 1202/1202/1202 1203/1203/1203
f 1203/1203/1203 1204/1204/1204 1205/1205/1205
f 1205/1205/1205 1206/1206/1206 1207/1207/1207
f 1207/1207/1207 1208/1208/1208 1209/1209/1209
f 1194/1194/1194 1196/1196/1196 1198/1198/1198
f 1198/1198/1198 1199/1199/1199 1201/1201/1201
f 1203/1203/1203 1205/1205/1205 1207/1207/1207
f 1207/1207/1207 1209/1209/1209 1193/1193/1193
f 1193/1193/1193 1194/1194/1194 1198/1198/1198
f 1198/1198/1198 1201/1201/1201 1203/1203/1203
f 1203/1203/1203 1207/1207/1207 1193/1193/1193
f 1193/1193/1193 1198/1198/1198 1203/1203/1203
f 1211/1211/1211 1212/1212/1212 1213/1213/1213
f 1211/1211/1211 1213/1213/1213 1214/1214/1214
f 1219/1219/1219 1220/1220/1220 1215/1215/1215
f 1215/1215/1215 1216/1216/1216 1217/1217/1217
f 1218/1218/1218 1219/1219/1219 1215/1215/1215
f 1215/1215/1215 1217/1217/1217 1218/1218/1218
f 1239/1239/1239 1240/1240/1240 1221/1221/1221
f 1221/1221/1221 1222/1222/1222 1223/1223/1223
f 1223/1223/1223 1224/1224/1224 1225/1225/1225
f 1225/1225/1225 1226/1226/1226 1227/1227/1227
f 1227/1227/1227 1228/1228/1228 1229/1229/1229
f 1229/1229/1229 1230/1230/1230 1231/1231/1231
f 1231/1231/1231 1232/1232/1232 1233/1233/1233
f 1233/1233/1233 1234/1234/1234 1235/1235/1235
f 1235/1235/1235 1236/1236/1236 1237/1237/1237
f 1237/1237/1237 1238/1238/1238 1239/1239/1239
f 1239/1239/1239 1221/1221/1221 1223/1223/1223
f 1227/1227/1227 1229/1229/1229 1231/1231/1231
f 1231/1231/1231 1233/1233/1233 1235/1235/1235
f 1235/1235/1235 1237/1237/1237 1239/1239/1239
f 1239/1239/1239 1223/1223/1223 1225/1225/1225
f 1225/1225/1225 1227/1227/1227 1231/1231/1231
f 1231/1231/1231 1235/1235/1235 1239/1239/1239
f 1239/1239/1239 1225/1225/1225 1231/1231/1231
f 1249/1249/1249 1241/1241/1241 1242/1242/1242
f 1242/1242/1242 1243/1243/1243 1244/1244/1244
f 1245/1245/1245 1246/1246/1246 1247/1247/1247
f 1247/1247/1247 1248/1248/1248 1249/1249/1249
f 1249/1249/1249 1242/1242/1242 1244/1244/1244
f 1245/1245/1245 1247/1247/1247 1249/1249/1249
f 1249/1249/1249 1244/1244/1244 1245/1245/1245
f 1250/1250/1250 1251/1251/1251 1252/1252/1252
f 1250/1250/1250 1252/1252/1252 1253/1253/1253
f 1258/1258/1258 1259/1259/1259 1254/1254/1254
f 1254/1254/1254 1255/1255/1255 1256/1256/1256
f 1256/1256/1256 1257/1257/1257 1258/1258/1258
f 1258/1258/1258 1254/1254/1254 1256/1256/1256
f 1266/1266/1266 1267/1267/1267 1260/1260/1260
f 1260/1260/1260 1261/1261/1261 1262/1262/1262
f 1262/1262/1262 1263/1263/1263 1264/1264/1264
f 1265/1265/1265 1266/1266/1266 1260/1260/1260
f 1262/1262/1262 1264/1264/1264 1265/1265/1265
f 1265/1265/1265 1260/1260/1260 1262/1262/1262
f 1268/1268/1268 1269/1269/1269 1270/1270/1270
f 1268/1268/1268 1270/1270/1270 1271/1271/1271
f 1272/1272/1272 1273/1273/1273 1274/1274/1274
f 1272/1272/1272 1274/1274/1274 1275/1275/1275
f 1280/1280/1280 1281/1281/1281 1276/1276/1276
f 1276/1276/1276 1277/1277/1277 1278/1278/1278
f 1278/1278/1278 1279/1279/1279 1280/1280/1280
f 1280/1280/1280 1276/1276/1276 1278/1278/1278
f 1282/1282/1282 1283/1283/1283 1284/1284/1284
f 1282/1282/1282 1284/1284/1284 1285/1285/1285
f 1289/1289/1289 1290/1290/1290 1286/1286/1286
f 1286/1286/1286 1287/1287/1287 1288/1288/1288
f 1288/1288/1288 1289/1289/1289 1286/1286/1286
f 1294/1294/1294 1295/1295/1295 1291/1291/1291
f 1291/1291/1291 1292/1292/1292 1293/1293/1293
f 1293/1293/1293 1294/1294/1294 1291/1291/1291
f 1301/1301/1301 1296/1296/1296 1297/1297/1297
f 1298/1298/1298 1299/1299/1299 1300/1300/1300
f 1300/1300/1300 1301/1301/1301 1297/1297/1297
f 1297/1297/1297 1298/1298/1298 1300/1300/1300
f 1302/1302/1302 1303/1303/1303 1304/1304/1304
f 1302/1302/1302 1304/1304/1304 1305/1305/1305
f 1307/1307/1307 1308/1308/1308 1309/1309/1309
f 1309/1309/1309 1310/1310/1310 1311/1311/1311
f 1311/1311/1311 1312/1312/1312 1313/1313/1313
f 1306/1306/1306 1307/1307/1307 1309/1309/1309
f 1309/1309/1309 1311/1311/1311 1313/1313/1313
f 1315/1315/1315 1316/1316/1316 1317/1317/1317
f 1315/1315/1315 1317/1317/1317 1318/1318/1318
f 1332/1332/1332 1333/1333/1333 1319/1319/1319
f 1319/1319/1319 1320/1320/1320 1321/1321/1321
f 1323/1323/1323 1324/1324/1324 1325/1325/1325
f 1326/1326/1326 1327/1327/1327 1328/1328/1328
f 1328/1328/1328 1329/1329/1329 1330/1330/1330
f 1330/1330/1330 1331/1331/1331 1332/1332/1332
f 1332/1332/1332 1319/1319/1319 1321/1321/1321
f 1322/1322/1322 1323/1323/1323 1325/1325/1325
f 1326/1326/1326 1328/1328/1328 1330/1330/1330
f 1330/1330/1330 1332/1332/1332 1321/1321/1321
f 1322/1322/1322 1325/1325/1325 1326/1326/1326
f 1330/1330/1330 1321/1321/1321 1322/1322/1322
f 1322/1322/1322 1326/1326/1326 1330/1330/1330
f 1339/1339/1339 1334/1334/1334 1335/1335/1335
f 1335/1335/1335 1336/1336/1336 1337/1337/1337
f 1337/1337/1337 1338/1338/1338 1339/1339/1339
f 1339/1339/1339 1335/1335/1335 1337/1337/1337
f 1355/1355/1355 1356/1356/1356 1340/1340/1340
f 1340/1340/1340 1341/1341/1341 1342/1342/1342
f 1342/1342/1342 1343/1343/1343 1344/1344/1344
f 1344/1344/1344 1345/1345/1345 1346/1346/1346
f 1346/1346/1346 1347/1347/1347 1348/1348/1348
f 1349/1349/1349 1350/1350/1350 1351/1351/1351
f 1351/1351/1351 1352/1352/1352 1353/1353/1353
f 1353/1353/1353 1354/1354/1354 1355/1355/1355
f 1355/1355/1355 1340/1340/1340 1342/1342/1342
f 1342/1342/1342 1344/1344/1344 1346/1346/1346
f 1349/1349/1349 1351/1351/1351 1353/1353/1353
f 1355/1355/1355 1342/1342/1342 1346/1346/1346
f 1348/1348/1348 1349/1349/1349 1353/1353/1353
f 1355/1355/1355 1346/1346/1346 1348/1348/1348
f 1348/1348/1348 1353/1353/1353 1355/1355/1355
f 1362/1362/1362 1357/1357/1357 1358/1358/1358
f 1358/1358/1358 1359/1359/1359 1360/1360/1360
f 1362/1362/1362 1358/1358/1358 1360/1360/1360
f 1373/1373/1373 1363/1363/1363 1364/1364/1364
f 1365/1365/1365 1366/1366/1366 1367/1367/1367
f 1367/1367/1367 1368/1368/1368 1369/1369/1369
f 1371/1371/1371 1372/1372/1372 1373/1373/1373
f 1373/1373/1373 1364/1364/1364 1365/1365/1365
f 1365/1365/1365 1367/1367/1367 1369/1369/1369
f 1370/1370/1370 1371/1371/1371 1373/1373/1373
f 1365/1365/1365 1369/1369/1369 1370/1370/1370
f 1370/1370/1370 1373/1373/1373 1365/1365/1365
f 1377/1377/1377 1378/1378/1378 1374/1374/1374
f 1374/1374/1374 1375/1375/1375 1376/1376/1376
f 1376/1376/1376 1377/1377/1377 1374/1374/1374
f 1383/1383/1383 1384/1384/1384 1379/1379/1379
f 1379/1379/1379 1380/1380/1380 1381/1381/1381
f 1382/1382/1382 1383/1383/1383 1379/1379/1379
f 1379/1379/1379 1381/1381/1381 1382/1382/1382
f 1410/1410/1410 1411/1411/1411 1385/1385/1385
f 1385/1385/1385 1386/1386/1386 1387/1387/1387
f 1388/1388/1388 1389/1389/1389 1390/1390/1390
f 1392/1392/1392 1393/1393/1393 1394/1394/1394
f 1395/1395/1395 1396/1396/1396 1397/1397/1397
f 1397/1397/1397 1398/1398/1398 1399/1399/1399
f 1399/1399/1399 1400/1400/1400 1401/1401/1401
f 1401/1401/1401 1402/1402/1402 1403/1403/1403
f 1405/1405/1405 1406/1406/1406 1407/1407/1407
f 1409/1409/1409 1410/1410/1410 1385/1385/1385
f 1385/1385/1385 1387/1387/1387 1388/1388/1388
f 1391/1391/1391 1392/1392/1392 1394/1394/1394
f 1399/1399/1399 1401/1401/1401 1403/1403/1403
f 1405/1405/1405 1407/1407/1407 1408/1408/1408
f 1409/1409/1409 1385/1385/1385 1388/1388/1388
f 1391/1391/1391 1394/1394/1394 1395/1395/1395
f 1399/1399/1399 1403/1403/1403 1404/1404/1404
f 1404/1404/1404 1405/1405/1405 1408/1408/1408
f 1408/1408/1408 1409/1409/1409 1388/1388/1388
f 1391/1391/1391 1395/1395/1395 1397/1397/1397
f 1399/1399/1399 1404/1404/1404 1408/1408/1408
f 1408/1408/1408 1388/1388/1388 1390/1390/1390
f 1391/1391/1391 1397/1397/1397 1399/1399/1399
f 1399/1399/1399 1408/1408/1408 1390/1390/1390
f 1390/1390/1390 1391/1391/1391 1399/1399/1399
f 1412/1412/1412 1413/1413/1413 1414/1414/1414
f 1415/1415/1415 1416/1416/1416 1417/1417/1417
f 1418/1418/1418 1419/1419/1419 1420/1420/1420
f 1421/1421/1421 1422/1422/1422 1423/1423/1423
f 1424/1424/1424 1425/1425/1425 1426/1426/1426
f 1431/1431/1431 1432/1432/1432 1427/1427/1427
f 1427/1427/1427 1428/1428/1428 1429/1429/1429
f 1429/1429/1429 1430/1430/1430 1431/1431/1431
f 1431/1431/1431 1427/1427/1427 1429/1429/1429
f 1433/1433/1433 1434/1434/1434 1435/1435/1435
f 1436/1436/1436 1437/1437/1437 1438/1438/1438
f 1470/1470/1470 1471/1471/1471 1439/1439/1439
f 1440/1440/1440 1441/1441/1441 1442/1442/1442
f 1443/1443/1443 1444/1444/1444 1445/1445/1445
f 1445/1445/1445 1446/1446/1446 1447/1447/1447
f 1448/1448/1448 1449/1449/1449 1450/1450/1450
f 1451/1451/1451 1452/1452/1452 1453/1453/1453
f 1453/1453/1453 1454/1454/1454 1455/1455/1455
f 1455/1455/1455 1456/1456/1456 1457/1457/1457
f 1457/1457/1457 1458/1458/1458 1459/1459/1459
f 1459/1459/1459 1460/1460/1460 1461/1461/1461
f 1463/1463/1463 1464/1464/1464 1465/1465/1465
f 1465/1465/1465 1466/1466/1466 1467/1467/1467
f 1467/1467/1467 1468/1468/1468 1469/1469/1469
f 1469/1469/1469 1470/1470/1470 1439/1439/1439
f 1440/1440/1440 1442/1442/1442 1443/1443/1443
f 1443/1443/1443 1445/1445/1445 1447/1447/1447
f 1448/1448/1448 1450/1450/1450 1451/1451/1451
f 1457/1457/1457 1459/1459/1459 1461/1461/1461
f 1463/1463/1463 1465/1465/1465 1467/1467/1467
f 1467/1467/1467 1469/1469/1469 1439/1439/1439
f 1440/1440/1440 1443/1443/1443 1447/1447/1447
f 1447/1447/1447 1448/1448/1448 1451/1451/1451
f 1455/1455/1455 1457/1457/1457 1461/1461/1461
f 1462/1462/1462 1463/1463/1463 1467/1467/1467
f 1439/1439/1439 1440/1440/1440 1447/1447/1447
f 1447/1447/1447 1451/1451/1451 1453/1453/1453
f 1455/1455/1455 1461/1461/1461 1462/1462/1462
f 1462/1462/1462 1467/1467/1467 1439/1439/1439
f 1439/1439/1439 1447/1447/1447 1453/1453/1453
f 1455/1455/1455 1462/1462/1462 1439/1439/1439
f 1439/1439/1439 1453/1453/1453 1455/1455/1455
f 1472/1472/1472 1473/1473/1473 1474/1474/1474
f 1475/1475/1475 1476/1476/1476 1477/1477/1477
f 1475/1475/1475 1477/1477/1477 1478/1478/1478
f 1486/1486/1486 1487/1487/1487 1479/1479/1479
f 1481/1481/1481 1482/1482/1482 1483/1483/1483
f 1485/1485/1485 1486/1486/1486 1479/1479/1479
f 1481/1481/1481 1483/1483/1483 1484/1484/1484
f 1485/1485/1485 1479/1479/1479 1480/1480/1480
f 1480/1480/1480 1481/1481/1481 1484/1484/1484
f 1484/1484/1484 1485/1485/1485 1480/1480/1480
f 1539/1539/1539 1540/1540/1540 1488/1488/1488
f 1488/1488/1488 1489/1489/1489 1490/1490/1490
f 1490/1490/1490 1491/1491/1491 1492/1492/1492
f 1492/1492/1492 1493/1493/1493 1494/1494/1494
f 1494/1494/1494 1495/1495/1495 1496/1496/1496
f 1496/1496/1496 1497/1497/1497 1498/1498/1498
f 1498/1498/1498 1499/1499/1499 1500/1500/1500
f 1500/1500/1500 1501/1501/1501 1502/1502/1502
f 1502/1502/1502 1503/1503/1503 1504/1504/1504
f 1504/1504/1504 1505/1505/1505 1506/1506/1506
f 1506/1506/1506 1507/1507/1507 1508/1508/1508
f 1509/1509/1509 1510/1510/1510 1511/1511/1511
f 1512/1512/1512 1513/1513/1513 1514/1514/1514
f 1515/1515/1515 1516/1516/1516 1517/1517/1517
f 1518/1518/1518 1519/1519/1519 1520/1520/1520
f 1520/1520/1520 1521/1521/1521 1522/1522/1522
f 1522/1522/1522 1523/1523/1523 1524/1524/1524
f 1524/1524/1524 1525/1525/1525 1526/1526/1526
f 1526/1526/1526 1527/1527/1527 1528/1528/1528
f 1529/1529/1529 1530/1530/1530 1531/1531/1531
f 1531/1531/1531 1532/1532/1532 1533/1533/1533
f 1533/1533/1533 1534/1534/1534 1535/1535/1535
f 1535/1535/1535 1536/1536/1536 1537/1537/1537
f 1537/1537/1537 1538/1538/1538 1539/1539/1539
f 1539/1539/1539 1488/1488/1488 1490/1490/1490
f 1500/1500/1500 1502/1502/1502 1504/1504/1504
f 1504/1504/1504 1506/1506/1506 1508/1508/1508
f 1509/1509/1509 1511/1511/1511 1512/1512/1512
f 1512/1512/1512 1514/1514/1514 1515/1515/1515
f 1515/1515/1515 1517/1517/1517 1518/1518/1518
f 1518/1518/1518 1520/1520/1520 1522/1522/1522
f 1522/1522/1522 1524/1524/1524 1526/1526/1526
f 1526/1526/1526 1528/1528/1528 1529/1529/1529
f 1529/1529/1529 1531/1531/1531 1533/1533/1533
f 1533/1533/1533 1535/1535/1535 1537/1537/1537
f 1537/1537/1537 1539/1539/1539 1490/1490/1490
f 1500/1500/1500 1504/1504/1504 1508/1508/1508
f 1508/1508/1508 1509/1509/1509 1512/1512/1512
f 1512/1512/1512 1515/1515/1515 1518/1518/1518
f 1518/1518/1518 1522/1522/1522 1526/1526/1526
f 1526/1526/1526 1529/1529/1529 1533/1533/1533
f 1533/1533/1533 1537/1537/1537 1490/1490/1490
f 1498/1498/1498 1500/1500/1500 1508/1508/1508
f 1508/1508/1508 1512/1512/1512 1518/1518/1518
f 1518/1518/1518 1526/1526/1526 1533/1533/1533
f 1533/1533/1533 1490/1490/1490 1492/1492/1492
f 1498/1498/1498 1508/1508/1508 1518/1518/1518
f 1533/1533/1533 1492/1492/1492 1494/1494/1494
f 1496/1496/1496 1498/1498/1498 1518/1518/1518
f 1533/1533/1533 1494/1494/1494 1496/1496/1496
f 1496/1496/1496 1518/1518/1518 1533/1533/1533
f 1544/1544/1544 1545/1545/1545 1541/1541/1541
f 1541/1541/1541 1542/1542/1542 1543/1543/1543
f 1543/1543/1543 1544/1544/1544 1541/1541/1541
f 1573/1573/1573 1574/1574/1574 1546/1546/1546
f 1547/1547/1547 1548/1548/1548 1549/1549/1549
f 1549/1549/1549 1550/1550/1550 1551/1551/1551
f 1551/1551/1551 1552/1552/1552 1553/1553/1553
f 1553/1553/1553 1554/1554/1554 1555/1555/1555
f 1556/1556/1556 1557/1557/1557 1558/1558/1558
f 1558/1558/1558 1559/1559/1559 1560/1560/1560
f 1561/1561/1561 1562/1562/1562 1563/1563/1563
f 1564/1564/1564 1565/1565/1565 1566/1566/1566
f 1566/1566/1566 1567/1567/1567 1568/1568/1568
f 1568/1568/1568 1569/1569/1569 1570/1570/1570
f 1571/1571/1571 1572/1572/1572 1573/1573/1573
f 1573/1573/1573 1546/1546/1546 1547/1547/1547
f 1547/1547/1547 1549/1549/1549 1551/1551/1551
f 1551/1551/1551 1553/1553/1553 1555/1555/1555
f 1555/1555/1555 1556/1556/1556 1558/1558/1558
f 1558/1558/1558 1560/1560/1560 1561/1561/1561
f 1561/1561/1561 1563/1563/1563 1564/1564/1564
f 1571/1571/1571 1573/1573/1573 1547/1547/1547
f 1547/1547/1547 1551/1551/1551 1555/1555/1555
f 1555/1555/1555 1558/1558/1558 1561/1561/1561
f 1570/1570/1570 1571/1571/1571 1547/1547/1547
f 1555/1555/1555 1561/1561/1561 1564/1564/1564
f 1570/1570/1570 1547/1547/1547 1555/1555/1555
f 1555/1555/1555 1564/1564/1564 1566/1566/1566
f 1568/1568/1568 1570/1570/1570 1555/1555/1555
f 1555/1555/1555 1566/1566/1566 1568/1568/1568
f 1580/1580/1580 1575/1575/1575 1576/1576/1576
f 1576/1576/1576 1577/1577/1577 1578/1578/1578
f 1578/1578/1578 1579/1579/1579 1580/1580/1580
f 1580/1580/1580 1576/1576/1576 1578/1578/1578
f 1586/1586/1586 1587/1587/1587 1581/1581/1581
f 1581/1581/1581 1582/1582/1582 1583/1583/1583
f 1583/1583/1583 1584/1584/1584 1585/1585/1585
f 1585/1585/1585 1586/1586/1586 1581/1581/1581
f 1581/1581/1581 1583/1583/1583 1585/1585/1585
f 1588/1588/1588 1589/1589/1589 1590/1590/1590
f 1588/1588/1588 1590/1590/1590 1591/1591/1591
f 1598/1598/1598 1599/1599/1599 1592/1592/1592
f 1593/1593/1593 1594/1594/1594 1595/1595/1595
f 1595/1595/1595 1596/1596/1596 1597/1597/1597
f 1598/1598/1598 1592/1592/1592 1593/1593/1593
f 1593/1593/1593 1595/1595/1595 1597/1597/1597
f 1597/1597/1597 1598/1598/1598 1593/1593/1593
f 1600/1600/1600 1601/1601/1601 1602/1602/1602
f 1600/1600/1600 1602/1602/1602 1603/1603/1603
f 1604/1604/1604 1605/1605/1605 1606/1606/1606
f 1604/1604/1604 1606/1606/1606 1607/1607/1607
f 1608/1608/1608 1609/1609/1609 1610/1610/1610
f 1610/1610/1610 1611/1611/1611 1612/1612/1612
f 1613/1613/1613 1614/1614/1614 1615/1615/1615
f 1608/1608/1608 1610/1610/1610 1612/1612/1612
f 1613/1613/1613 1615/1615/1615 1616/1616/1616
f 1616/1616/1616 1608/1608/1608 1612/1612/1612
f 1612/1612/1612 1613/1613/1613 1616/1616/1616
f 1617/1617/1617 1618/1618/1618 1619/1619/1619
f 1617/1617/1617 1619/1619/1619 1620/1620/1620
f 1643/1643/1643 1621/1621/1621 1622/1622/1622
f 1623/1623/1623 1624/1624/1624 1625/1625/1625
f 1625/1625/1625 1626/1626/1626 1627/1627/1627
f 1627/1627/1627 1628/1628/1628 1629/1629/1629
f 1630/1630/1630 1631/1631/1631 1632/1632/1632
f 1633/1633/1633 1634/1634/1634 1635/1635/1635
f 1636/1636/1636 1637/1637/1637 1638/1638/1638
f 1639/1639/1639 1640/1640/1640 1641/1641/1641
f 1641/1641/1641 1642/1642/1642 1643/1643/1643
f 1643/1643/1643 1622/1622/1622 1623/1623/1623
f 1623/1623/1623 1625/1625/1625 1627/1627/1627
f 1627/1627/1627 1629/1629/1629 1630/1630/1630
f 1633/1633/1633 1635/1635/1635 1636/1636/1636
f 1636/1636/1636 1638/1638/1638 1639/1639/1639
f 1639/1639/1639 1641/1641/1641 1643/1643/1643
f 1643/1643/1643 1623/1623/1623 1627/1627/1627
f 1627/1627/1627 1630/1630/1630 1632/1632/1632
f 1632/1632/1632 1633/1633/1633 1636/1636/1636
f 1639/1639/1639 1643/1643/1643 1627/1627/1627
f 1627/1627/1627 1632/1632/1632 1636/1636/1636
f 1636/1636/1636 1639/1639/1639 1627/1627/1627
f 1648/1648/1648 1649/1649/1649 1644/1644/1644
f 1644/1644/1644 1645/1645/1645 1646/1646/1646
f 1647/1647/1647 1648/1648/1648 1644/1644/1644
f 1644/1644/1644 1646/1646/1646 1647/1647/1647
f 1655/1655/1655 1656/1656/1656 1650/1650/1650
f 1650/1650/1650 1651/1651/1651 1652/1652/1652
f 1653/1653/1653 1654/1654/1654 1655/1655/1655
f 1650/1650/1650 1652/1652/1652 1653/1653/1653
f 1653/1653/1653 1655/1655/1655 1650/1650/1650
f 1660/1660/1660 1661/1661/1661 1657/1657/1657
f 1658/1658/1658 1659/1659/1659 1660/1660/1660
f 1660/1660/1660 1657/1657/1657 1658/1658/1658
f 1669/1669/1669 1670/1670/1670 1662/1662/1662
f 1662/1662/1662 1663/1663/1663 1664/1664/1664
f 1664/1664/1664 1665/1665/1665 1666/1666/1666
f 1667/1667/1667 1668/1668/1668 1669/1669/1669
f 1662/1662/1662 1664/1664/1664 1666/1666/1666
f 1667/1667/1667 1669/1669/1669 1662/1662/1662
f 1662/1662/1662 1666/1666/1666 1667/1667/1667
f 1675/1675/1675 1676/1676/1676 1671/1671/1671
f 1672/1672/1672 1673/1673/1673 1674/1674/1674
f 1675/1675/1675 1671/1671/1671 1672/1672/1672
f 1672/1672/1672 1674/1674/1674 1675/1675/1675
f 1677/1677/1677 1678/1678/1678 1679/1679/1679
f 1677/1677/1677 1679/1679/1679 1680/1680/1680
f 1681/1681/1681 1682/1682/1682 1683/1683/1683
f 1681/1681/1681 1683/1683/1683 1684/1684/1684
f 1685/1685/1685 1686/1686/1686 1687/1687/1687
f 1692/1692/1692 1693/1693/1693 1688/1688/1688
f 1688/1688/1688 1689/1689/1689 1690/1690/1690
f 1690/1690/1690 1691/1691/1691 1692/1692/1692
f 1692/1692/1692 1688/1688/1688 1690/1690/1690
f 1694/1694/1694 1695/1695/1695 1696/1696/1696
f 1694/1694/1694 1696/1696/1696 1697/1697/1697
f 1701/1701/1701 1702/1702/1702 1698/1698/1698
f 1698/1698/1698 1699/1699/1699 1700/1700/1700
f 1700/1700/1700 1701/1701/1701 1698/1698/1698
f 1703/1703/1703 1704/1704/1704 1705/1705/1705
f 1703/1703/1703 1705/1705/1705 1706/1706/1706
f 1717/1717/1717 1718/1718/1718 1707/1707/1707
f 1710/1710/1710 1711/1711/1711 1712/1712/1712
f 1712/1712/1712 1713/1713/1713 1714/1714/1714
f 1716/1716/1716 1717/1717/1717 1707/1707/1707
f 1709/1709/1709 1710/1710/1710 1712/1712/1712
f 1715/1715/1715 1716/1716/1716 1707/1707/1707
f 1709/1709/1709 1712/1712/1712 1714/1714/1714
f 1715/1715/1715 1707/1707/1707 1708/1708/1708
f 1709/1709/1709 1714/1714/1714 1715/1715/1715
f 1715/1715/1715 1708/1708/1708 1709/1709/1709
f 1719/1719/1719 1720/1720/1720 1721/1721/1721
f 1719/1719/1719 1721/1721/1721 1722/1722/1722
f 1723/1723/1723 1724/1724/1724 1725/1725/1725
f 1723/1723/1723 1725/1725/1725 1726/1726/1726
f 1752/1752/1752 1753/1753/1753 1727/1727/1727
f 1727/1727/1727 1728/1728/1728 1729/1729/1729
f 1730/1730/1730 1731/1731/1731 1732/1732/1732
f 1732/1732/1732 1733/1733/1733 1734/1734/1734
f 1734/1734/1734 1735/1735/1735 1736/1736/1736
f 1736/1736/1736 1737/1737/1737 1738/1738/1738
f 1738/1738/1738 1739/1739/1739 1740/1740/1740
f 1740/1740/1740 1741/1741/1741 1742/1742/1742
f 1742/1742/1742 1743/1743/1743 1744/1744/1744
f 1744/1744/1744 1745/1745/1745 1746/1746/1746
f 1746/1746/1746 1747/1747/1747 1748/1748/1748
f 1749/1749/1749 1750/1750/1750 1751/1751/1751
f 1727/1727/1727 1729/1729/1729 1730/1730/1730
f 1730/1730/1730 1732/1732/1732 1734/1734/1734
f 1736/1736/1736 1738/1738/1738 1740/1740/1740
f 1740/1740/1740 1742/1742/1742 1744/1744/1744
f 1749/1749/1749 1751/1751/1751 1752/1752/1752
f 1727/1727/1727 1730/1730/1730 1734/1734/1734
f 1736/1736/1736 1740/1740/1740 1744/1744/1744
f 1748/1748/1748 1749/1749/1749 1752/1752/1752
f 1727/1727/1727 1734/1734/1734 1736/1736/1736
f 1736/1736/1736 1744/1744/1744 1746/1746/1746
f 1748/1748/1748 1752/1752/1752 1727/1727/1727
f 1727/1727/1727 1736/1736/1736 1746/1746/1746
f 1746/1746/1746 1748/1748/1748 1727/1727/1727
f 1754/1754/1754 1755/1755/1755 1756/1756/1756
f 1754/1754/1754 1756/1756/1756 1757/1757/1757
f 1761/1761/1761 1762/1762/1762 1758/1758/1758
f 1758/1758/1758 1759/1759/1759 1760/1760/1760
f 1760/1760/1760 1761/1761/1761 1758/1758/1758
f 1797/1797/1797 1798/1798/1798 1763/1763/1763
f 1766/1766/1766 1767/1767/1767 1768/1768/1768
f 1772/1772/1772 1773/1773/1773 1774/1774/1774
f 1774/1774/1774 1775/1775/1775 1776/1776/1776
f 1776/1776/1776 1777/1777/1777 1778/1778/1778
f 1778/1778/1778 1779/1779/1779 1780/1780/1780
f 1780/1780/1780 1781/1781/1781 1782/1782/1782
f 1782/1782/1782 1783/1783/1783 1784/1784/1784
f 1785/1785/1785 1786/1786/1786 1787/1787/1787
f 1788/1788/1788 1789/1789/1789 1790/1790/1790
f 1791/1791/1791 1792/1792/1792 1793/1793/1793
f 1793/1793/1793 1794/1794/1794 1795/1795/1795
f 1795/1795/1795 1796/1796/1796 1797/1797/1797
f 1766/1766/1766 1768/1768/1768 1769/1769/1769
f 1772/1772/1772 1774/1774/1774 1776/1776/1776
f 1776/1776/1776 1778/1778/1778 1780/1780/1780
f 1785/1785/1785 1787/1787/1787 1788/1788/1788
f 1788/1788/1788 1790/1790/1790 1791/1791/1791
f 1791/1791/1791 1793/1793/1793 1795/1795/1795
f 1795/1795/1795 1797/1797/1797 1763/1763/1763
f 1765/1765/1765 1766/1766/1766 1769/1769/1769
f 1776/1776/1776 1780/1780/1780 1782/1782/1782
f 1784/1784/1784 1785/1785/1785 1788/1788/1788
f 1788/1788/1788 1791/1791/1791 1795/1795/1795
f 1765/1765/1765 1769/1769/1769 1770/1770/1770
f 1784/1784/1784 1788/1788/1788 1795/1795/1795
f 1764/1764/1764 1765/1765/1765 1770/1770/1770
f 1782/1782/1782 1784/1784/1784 1795/1795/1795
f 1764/1764/1764 1770/1770/1770 1771/1771/1771
f 1776/1776/1776 1782/1782/1782 1795/1795/1795
f 1763/1763/1763 1764/1764/1764 1771/1771/1771
f 1776/1776/1776 1795/1795/1795 1763/1763/1763
f 1763/1763/1763 1771/1771/1771 1772/1772/1772
f 1772/1772/1772 1776/1776/1776 1763/1763/1763
f 1799/1799/1799 1800/1800/1800 1801/1801/1801
f 1799/1799/1799 1801/1801/1801 1802/1802/1802
f 1806/1806/1806 1807/1807/1807 1803/1803/1803
f 1803/1803/1803 1804/1804/1804 1805/1805/1805
f 1805/1805/1805 1806/1806/1806 1803/1803/1803
f 1812/1812/1812 1813/1813/1813 1808/1808/1808
f 1808/1808/1808 1809/1809/1809 1810/1810/1810
f 1810/1810/1810 1811/1811/1811 1812/1812/1812
f 1812/1812/1812 1808/1808/1808 1810/1810/1810
f 1842/1842/1842 1843/1843/1843 1814/1814/1814
f 1814/1814/1814 1815/1815/1815 1816/1816/1816
f 1816/1816/1816 1817/1817/1817 1818/1818/1818
f 1819/1819/1819 1820/1820/1820 1821/1821/1821
f 1822/1822/1822 1823/1823/1823 1824/1824/1824
f 1826/1826/1826 1827/1827/1827 1828/1828/1828
f 1828/1828/1828 1829/1829/1829 1830/1830/1830
f 1830/1830/1830 1831/1831/1831 1832/1832/1832
f 1832/1832/1832 1833/1833/1833 1834/1834/1834
f 1835/1835/1835 1836/1836/1836 1837/1837/1837
f 1837/1837/1837 1838/1838/1838 1839/1839/1839
f 1839/1839/1839 1840/1840/1840 1841/1841/1841
f 1841/1841/1841 1842/1842/1842 1814/1814/1814
f 1814/1814/1814 1816/1816/1816 1818/1818/1818
f 1819/1819/1819 1821/1821/1821 1822/1822/1822
f 1822/1822/1822 1824/1824/1824 1825/1825/1825
f 1830/1830/1830 1832/1832/1832 1834/1834/1834
f 1835/1835/1835 1837/1837/1837 1839/1839/1839
f 1839/1839/1839 1841/1841/1841 1814/1814/1814
f 1814/1814/1814 1818/1818/1818 1819/1819/1819
f 1819/1819/1819 1822/1822/1822 1825/1825/1825
f 1830/1830/1830 1834/1834/1834 1835/1835/1835
f 1814/1814/1814 1819/1819/1819 1825/1825/1825
f 1828/1828/1828 1830/1830/1830 1835/1835/1835
f 1839/1839/1839 1814/1814/1814 1825/1825/1825
f 1826/1826/1826 1828/1828/1828 1835/1835/1835
f 1835/1835/1835 1839/1839/1839 1825/1825/1825
f 1825/1825/1825 1826/1826/1826 1835/1835/1835
f 1844/1844/1844 1845/1845/1845 1846/1846/1846
f 1844/1844/1844 1846/1846/1846 1847/1847/1847
f 1848/1848/1848 1849/1849/1849 1850/1850/1850
f 1848/1848/1848 1850/1850/1850 1851/1851/1851
f 1858/1858/1858 1859/1859/1859 1852/1852/1852
f 1853/1853/1853 1854/1854/1854 1855/1855/1855
f 1857/1857/1857 1858/1858/1858 1852/1852/1852
f 1853/1853/1853 1855/1855/1855 1856/1856/1856
f 1856/1856/1856 1857/1857/1857 1852/1852/1852
f 1852/1852/1852 1853/1853/1853 1856/1856/1856
f 1866/1866/1866 1867/1867/1867 1860/1860/1860
f 1860/1860/1860 1861/1861/1861 1862/1862/1862
f 1863/1863/1863 1864/1864/1864 1865/1865/1865
f 1865/1865/1865 1866/1866/1866 1860/1860/1860
f 1860/1860/1860 1862/1862/1862 1863/1863/1863
f 1863/1863/1863 1865/1865/1865 1860/1860/1860
f 1868/1868/1868 1869/1869/1869 1870/1870/1870
f 1868/1868/1868 1870/1870/1870 1871/1871/1871
f 1872/1872/1872 1873/1873/1873 1874/1874/1874
f 1872/1872/1872 1874/1874/1874 1875/1875/1875
f 1881/1881/1881 1882/1882/1882 1876/1876/1876
f 1876/1876/1876 1877/1877/1877 1878/1878/1878
f 1878/1878/1878 1879/1879/1879 1880/1880/1880
f 1880/1880/1880 1881/1881/1881 1876/1876/1876
f 1876/1876/1876 1878/1878/1878 1880/1880/1880
f 1883/1883/1883 1884/1884/1884 1885/1885/1885
f 1883/1883/1883 1885/1885/1885 1886/1886/1886
f 1893/1893/1893 1894/1894/1894 1887/1887/1887
f 1888/1888/1888 1889/1889/1889 1890/1890/1890
f 1892/1892/1892 1893/1893/1893 1887/1887/1887
f 1888/1888/1888 1890/1890/1890 1891/1891/1891
f 1891/1891/1891 1892/1892/1892 1887/1887/1887
f 1887/1887/1887 1888/1888/1888 1891/1891/1891
f 1895/1895/1895 1896/1896/1896 1897/1897/1897
f 1895/1895/1895 1897/1897/1897 1898/1898/1898
f 1907/1907/1907 1908/1908/1908 1899/1899/1899
f 1900/1900/1900 1901/1901/1901 1902/1902/1902
f 1902/1902/1902 1903/1903/1903 1904/1904/1904
f 1905/1905/1905 1906/1906/1906 1907/1907/1907
f 1907/1907/1907 1899/1899/1899 1900/1900/1900
f 1900/1900/1900 1902/1902/1902 1904/1904/1904
f 1905/1905/1905 1907/1907/1907 1900/1900/1900
f 1900/1900/1900 1904/1904/1904 1905/1905/1905
f 1913/1913/1913 1914/1914/1914 1909/1909/1909
f 1909/1909/1909 1910/1910/1910 1911/1911/1911
f 1911/1911/1911 1912/1912/1912 1913/1913/1913
f 1913/1913/1913 1909/1909/1909 1911/1911/1911
f 1915/1915/1915 1916/1916/1916 1917/1917/1917
f 1915/1915/1915 1917/1917/1917 1918/1918/1918
f 1922/1922/1922 1923/1923/1923 1919/1919/1919
f 1920/1920/1920 1921/1921/1921 1922/1922/1922
f 1922/1922/1922 1919/1919/1919 1920/1920/1920
f 1924/1924/1924 1925/1925/1925 1926/1926/1926
f 1924/1924/1924 1926/1926/1926 1927/1927/1927
f 1928/1928/1928 1929/1929/1929 1930/1930/1930
f 1928/1928/1928 1930/1930/1930 1931/1931/1931
f 1932/1932/1932 1933/1933/1933 1934/1934/1934
f 1932/1932/1932 1934/1934/1934 1935/1935/1935
f 1961/1961/1961 1936/1936/1936 1937/1937/1937
f 1938/1938/1938 1939/1939/1939 1940/1940/1940
f 1941/1941/1941 1942/1942/1942 1943/1943/1943
f 1943/1943/1943 1944/1944/1944 1945/1945/1945
f 1945/1945/1945 1946/1946/1946 1947/1947/1947
f 1947/1947/1947 1948/1948/1948 1949/1949/1949
f 1949/1949/1949 1950/1950/1950 1951/1951/1951
f 1951/1951/1951 1952/1952/1952 1953/1953/1953
f 1953/1953/1953 1954/1954/1954 1955/1955/1955
f 1955/1955/1955 1956/1956/1956 1957/1957/1957
f 1957/1957/1957 1958/1958/1958 1959/1959/1959
f 1959/1959/1959 1960/1960/1960 1961/1961/1961
f 1961/1961/1961 1937/1937/1937 1938/1938/1938
f 1938/1938/1938 1940/1940/1940 1941/1941/1941
f 1941/1941/1941 1943/1943/1943 1945/1945/1945
f 1945/1945/1945 1947/1947/1947 1949/1949/1949
f 1949/1949/1949 1951/1951/1951 1953/1953/1953
f 1955/1955/1955 1957/1957/1957 1959/1959/1959
f 1961/1961/1961 1938/1938/1938 1941/1941/1941
f 1945/1945/1945 1949/1949/1949 1953/1953/1953
f 1955/1955/1955 1959/1959/1959 1961/1961/1961
f 1961/1961/1961 1941/1941/1941 1945/1945/1945
f 1945/1945/1945 1953/1953/1953 1955/1955/1955
f 1955/1955/1955 1961/1961/1961 1945/1945/1945
f 1967/1967/1967 1968/1968/1968 1962/1962/1962
f 1962/1962/1962 1963/1963/1963 1964/1964/1964
f 1964/1964/1964 1965/1965/1965 1966/1966/1966
f 1966/1966/1966 1967/1967/1967 1962/1962/1962
f 1962/1962/1962 1964/1964/1964 1966/1966/1966
f 1970/1970/1970 1971/1971/1971 1972/1972/1972
f 1975/1975/1975 1976/1976/1976 1977/1977/1977
f 1969/1969/1969 1970/1970/1970 1972/1972/1972
f 1974/1974/1974 1975/1975/1975 1977/1977/1977
f 1969/1969/1969 1972/1972/1972 1973/1973/1973
f 1973/1973/1973 1974/1974/1974 1977/1977/1977
f 1977/1977/1977 1969/1969/1969 1973/1973/1973
f 1983/1983/1983 1984/1984/1984 1978/1978/1978
f 1981/1981/1981 1982/1982/1982 1983/1983/1983
f 1978/1978/1978 1981/1981/1981 1983/1983/1983
f 1980/1980/1980 1981/1981/1981 1978/1978/1978
f 1989/1989/1989 1990/1990/1990 1985/1985/1985
f 1985/1985/1985 1986/1986/1986 1987/1987/1987
f 1987/1987/1987 1988/1988/1988 1989/1989/1989
f 1989/1989/1989 1985/1985/1985 1987/1987/1987
f 1994/1994/1994 1995/1995/1995 1991/1991/1991
f 1991/1991/1991 1992/1992/1992 1993/1993/1993
f 1993/1993/1993 1994/1994/1994 1991/1991/1991
f 1996/1996/1996 1997/1997/1997 1998/1998/1998
f 2003/2003/2003 2004/2004/2004 1999/1999/1999
f 1999/1999/1999 2000/2000/2000 2001/2001/2001
f 2001/2001/2001 2002/2002/2002 2003/2003/2003
f 2003/2003/2003 1999/1999/1999 2001/2001/2001
f 2010/2010/2010 2011/2011/2011 2005/2005/2005
f 2005/2005/2005 2006/2006/2006 2007/2007/2007
f 2007/2007/2007 2008/2008/2008 2009/2009/2009
f 2009/2009/2009 2010/2010/2010 2005/2005/2005
f 2005/2005/2005 2007/2007/2007 2009/2009/2009
f 2012/2012/2012 2013/2013/2013 2014/2014/2014
f 2015/2015/2015 2016/2016/2016 2017/2017/2017
f 2015/2015/2015 2017/2017/2017 2018/2018/2018
f 2019/2019/2019 2020/2020/2020 2021/2021/2021
f 2019/2019/2019 2021/2021/2021 2022/2022/2022
f 2023/2023/2023 2024/2024/2024 2025/2025/2025
f 2023/2023/2023 2025/2025/2025 2026/2026/2026
f 2027/2027/2027 2028/2028/2028 2029/2029/2029
f 2027/2027/2027 2029/2029/2029 2030/2030/2030
f 2037/2037/2037 2031/2031/2031 2032/2032/2032
f 2032/2032/2032 2033/2033/2033 2034/2034/2034
f 2034/2034/2034 2035/2035/2035 2036/2036/2036
f 2036/2036/2036 2037/2037/2037 2032/2032/2032
f 2032/2032/2032 2034/2034/2034 2036/2036/2036
f 2040/2040/2040 2041/2041/2041 2042/2042/2042
f 2043/2043/2043 2044/2044/2044 2045/2045/2045
f 2043/2043/2043 2045/2045/2045 2046/2046/2046
f 2047/2047/2047 2048/2048/2048 2049/2049/2049
f 2047/2047/2047 2049/2049/2049 2050/2050/2050
f 2051/2051/2051 2052/2052/2052 2053/2053/2053
f 2051/2051/2051 2053/2053/2053 2054/2054/2054
f 2061/2061/2061 2062/2062/2062 2055/2055/2055
f 2060/2060/2060 2061/2061/2061 2055/2055/2055
f 2056/2056/2056 2060/2060/2060 2055/2055/2055
f 2063/2063/2063 2064/2064/2064 2065/2065/2065
f 2063/2063/2063 2065/2065/2065 2066/2066/2066
f 2070/2070/2070 2071/2071/2071 2067/2067/2067
f 2067/2067/2067 2068/2068/2068 2069/2069/2069
f 2069/2069/2069 2070/2070/2070 2067/2067/2067
f 2072/2072/2072 2073/2073/2073 2074/2074/2074
f 2072/2072/2072 2074/2074/2074 2075/2075/2075
f 2079/2079/2079 2080/2080/2080 2076/2076/2076
f 2076/2076/2076 2077/2077/2077 2078/2078/2078
f 2078/2078/2078 2079/2079/2079 2076/2076/2076
f 2081/2081/2081 2082/2082/2082 2083/2083/2083
f 2081/2081/2081 2083/2083/2083 2084/2084/2084
f 2092/2092/2092 2093/2093/2093 2085/2085/2085
f 2085/2085/2085 2086/2086/2086 2087/2087/2087
f 2087/2087/2087 2088/2088/2088 2089/2089/2089
f 2089/2089/2089 2090/2090/2090 2091/2091/2091
f 2092/2092/2092 2085/2085/2085 2087/2087/2087
f 2087/2087/2087 2089/2089/2089 2091/2091/2091
f 2091/2091/2091 2092/2092/2092 2087/2087/2087
f 2094/2094/2094 2095/2095/2095 2096/2096/2096
f 2094/2094/2094 2096/2096/2096 2097/2097/2097
f 2098/2098/2098 2099/2099/2099 2100/2100/2100
f 2098/2098/2098 2100/2100/2100 2101/2101/2101
f 2107/2107/2107 2108/2108/2108 2102/2102/2102
f 2103/2103/2103 2104/2104/2104 2105/2105/2105
f 2105/2105/2105 2106/2106/2106 2107/2107/2107
f 2107/2107/2107 2102/2102/2102 2103/2103/2103
f 2103/2103/2103 2105/2105/2105 2107/2107/2107
f 2109/2109/2109 2110/2110/2110 2111/2111/2111
f 2109/2109/2109 2111/2111/2111 2112/2112/2112
f 2120/2120/2120 2121/2121/2121 2113/2113/2113
f 2113/2113/2113 2114/2114/2114 2115/2115/2115
f 2115/2115/2115 2116/2116/2116 2117/2117/2117
f 2118/2118/2118 2119/2119/2119 2120/2120/2120
f 2120/2120/2120 2113/2113/2113 2115/2115/2115
f 2115/2115/2115 2117/2117/2117 2118/2118/2118
f 2118/2118/2118 2120/2120/2120 2115/2115/2115
f 2141/2141/2141 2142/2142/2142 2122/2122/2122
f 2122/2122/2122 2123/2123/2123 2124/2124/2124
f 2124/2124/2124 2125/2125/2125 2126/2126/2126
f 2133/2133/2133 2134/2134/2134 2135/2135/2135
f 2136/2136/2136 2137/2137/2137 2138/2138/2138
f 2139/2139/2139 2140/2140/2140 2141/2141/2141
f 2141/2141/2141 2122/2122/2122 2124/2124/2124
f 2132/2132/2132 2133/2133/2133 2135/2135/2135
f 2141/2141/2141 2124/2124/2124 2126/2126/2126
f 2131/2131/2131 2132/2132/2132 2135/2135/2135
f 2139/2139/2139 2141/2141/2141 2126/2126/2126
f 2131/2131/2131 2135/2135/2135 2136/2136/2136
f 2138/2138/2138 2139/2139/2139 2126/2126/2126
f 2130/2130/2130 2131/2131/2131 2136/2136/2136
f 2138/2138/2138 2126/2126/2126 2127/2127/2127
f 2129/2129/2129 2130/2130/2130 2136/2136/2136
f 2138/2138/2138 2127/2127/2127 2128/2128/2128
f 2128/2128/2128 2129/2129/2129 2136/2136/2136
f 2136/2136/2136 2138/2138/2138 2128/2128/2128
f 2146/2146/2146 2147/2147/2147 2143/2143/2143
f 2144/2144/2144 2145/2145/2145 2146/2146/2146
f 2146/2146/2146 2143/2143/2143 2144/2144/2144
f 2148/2148/2148 2149/2149/2149 2150/2150/2150
f 2148/2148/2148 2150/2150/2150 2151/2151/2151
f 2152/2152/2152 2153/2153/2153 2154/2154/2154
f 2155/2155/2155 2156/2156/2156 2157/2157/2157
f 2152/2152/2152 2154/2154/2154 2155/2155/2155
f 2155/2155/2155 2157/2157/2157 2152/2152/2152
f 2165/2165/2165 2166/2166/2166 2158/2158/2158
f 2158/2158/2158 2159/2159/2159 2160/2160/2160
f 2160/2160/2160 2161/2161/2161 2162/2162/2162
f 2163/2163/2163 2164/2164/2164 2165/2165/2165
f 2165/2165/2165 2158/2158/2158 2160/2160/2160
f 2160/2160/2160 2162/2162/2162 2163/2163/2163
f 2163/2163/2163 2165/2165/2165 2160/2160/2160
f 2170/2170/2170 2171/2171/2171 2167/2167/2167
f 2167/2167/2167 2168/2168/2168 2169/2169/2169
f 2169/2169/2169 2170/2170/2170 2167/2167/2167
f 2172/2172/2172 2173/2173/2173 2174/2174/2174
f 2172/2172/2172 2174/2174/2174 2175/2175/2175
f 2179/2179/2179 2180/2180/2180 2176/2176/2176
f 2176/2176/2176 2177/2177/2177 2178/2178/2178
f 2178/2178/2178 2179/2179/2179 2176/2176/2176
f 2181/2181/2181 2182/2182/2182 2183/2183/2183
f 2181/2181/2181 2183/2183/2183 2184/2184/2184
f 2207/2207/2207 2208/2208/2208 2185/2185/2185
f 2185/2185/2185 2186/2186/2186 2187/2187/2187
f 2188/2188/2188 2189/2189/2189 2190/2190/2190
f 2191/2191/2191 2192/2192/2192 2193/2193/2193
f 2193/2193/2193 2194/2194/2194 2195/2195/2195
f 2195/2195/2195 2196/2196/2196 2197/2197/2197
f 2197/2197/2197 2198/2198/2198 2199/2199/2199
f 2199/2199/2199 2200/2200/2200 2201/2201/2201
f 2201/2201/2201 2202/2202/2202 2203/2203/2203
f 2204/2204/2204 2205/2205/2205 2206/2206/2206
f 2185/2185/2185 2187/2187/2187 2188/2188/2188
f 2188/2188/2188 2190/2190/2190 2191/2191/2191
f 2191/2191/2191 2193/2193/2193 2195/2195/2195
f 2195/2195/2195 2197/2197/2197 2199/2199/2199
f 2201/2201/2201 2203/2203/2203 2204/2204/2204
f 2204/2204/2204 2206/2206/2206 2207/2207/2207
f 2185/2185/2185 2188/2188/2188 2191/2191/2191
f 2191/2191/2191 2195/2195/2195 2199/2199/2199
f 2199/2199/2199 2201/2201/2201 2204/2204/2204
f 2207/2207/2207 2185/2185/2185 2191/2191/2191
f 2199/2199/2199 2204/2204/2204 2207/2207/2207
f 2207/2207/2207 2191/2191/2191 2199/2199/2199
f 2218/2218/2218 2219/2219/2219 2209/2209/2209
f 2209/2209/2209 2210/2210/2210 2211/2211/2211
f 2211/2211/2211 2212/2212/2212 2213/2213/2213
f 2213/2213/2213 2214/2214/2214 2215/2215/2215
f 2215/2215/2215 2216/2216/2216 2217/2217/2217
f 2218/2218/2218 2209/2209/2209 2211/2211/2211
f 2211/2211/2211 2213/2213/2213 2215/2215/2215
f 2215/2215/2215 2217/2217/2217 2218/2218/2218
f 2218/2218/2218 2211/2211/2211 2215/2215/2215
f 2228/2228/2228 2229/2229/2229 2220/2220/2220
f 2222/2222/2222 2223/2223/2223 2224/2224/2224
f 2224/2224/2224 2225/2225/2225 2226/2226/2226
f 2226/2226/2226 2227/2227/2227 2228/2228/2228
f 2228/2228/2228 2220/2220/2220 2221/2221/2221
f 2221/2221/2221 2222/2222/2222 2224/2224/2224
f 2226/2226/2226 2228/2228/2228 2221/2221/2221
f 2221/2221/2221 2224/2224/2224 2226/2226/2226
f 2230/2230/2230 2231/2231/2231 2232/2232/2232
f 2230/2230/2230 2232/2232/2232 2233/2233/2233
f 2238/2238/2238 2239/2239/2239 2234/2234/2234
f 2234/2234/2234 2235/2235/2235 2236/2236/2236
f 2236/2236/2236 2237/2237/2237 2238/2238/2238
f 2238/2238/2238 2234/2234/2234 2236/2236/2236
f 2248/2248/2248 2249/2249/2249 2240/2240/2240
f 2240/2240/2240 2241/2241/2241 2242/2242/2242
f 2242/2242/2242 2243/2243/2243 2244/2244/2244
f 2245/2245/2245 2246/2246/2246 2247/2247/2247
f 2247/2247/2247 2248/2248/2248 2240/2240/2240
f 2242/2242/2242 2244/2244/2244 2245/2245/2245
f 2245/2245/2245 2247/2247/2247 2240/2240/2240
f 2240/2240/2240 2242/2242/2242 2245/2245/2245
f 2256/2256/2256 2257/2257/2257 2250/2250/2250
f 2250/2250/2250 2251/2251/2251 2252/2252/2252
f 2252/2252/2252 2253/2253/2253 2254/2254/2254
f 2254/2254/2254 2255/2255/2255 2256/2256/2256
f 2256/2256/2256 2250/2250/2250 2252/2252/2252
f 2252/2252/2252 2254/2254/2254 2256/2256/2256
f 2258/2258/2258 2259/2259/2259 2260/2260/2260
f 2258/2258/2258 2260/2260/2260 2261/2261/2261
f 2262/2262/2262 2263/2263/2263 2264/2264/2264
f 2262/2262/2262 2264/2264/2264 2265/2265/2265
f 2266/2266/2266 2267/2267/2267 2268/2268/2268
f 2266/2266/2266 2268/2268/2268 2269/2269/2269
f 2275/2275/2275 2276/2276/2276 2270/2270/2270
f 2270/2270/2270 2271/2271/2271 2272/2272/2272
f 2273/2273/2273 2274/2274/2274 2275/2275/2275
f 2275/2275/2275 2270/2270/2270 2272/2272/2272
f 2272/2272/2272 2273/2273/2273 2275/2275/2275
f 2277/2277/2277 2278/2278/2278 2279/2279/2279
f 2277/2277/2277 2279/2279/2279 2280/2280/2280
f 2281/2281/2281 2282/2282/2282 2283/2283/2283
f 2281/2281/2281 2283/2283/2283 2284/2284/2284
f 2285/2285/2285 2286/2286/2286 2287/2287/2287
f 2285/2285/2285 2287/2287/2287 2288/2288/2288
f 2289/2289/2289 2290/2290/2290 2291/2291/2291
f 2289/2289/2289 2291/2291/2291 2292/2292/2292
f 2304/2304/2304 2305/2305/2305 2293/2293/2293
f 2293/2293/2293 2294/2294/2294 2295/2295/2295
f 2295/2295/2295 2296/2296/2296 2297/2297/2297
f 2298/2298/2298 2299/2299/2299 2300/2300/2300
f 2300/2300/2300 2301/2301/2301 2302/2302/2302
f 2302/2302/2302 2303/2303/2303 2304/2304/2304
f 2304/2304/2304 2293/2293/2293 2295/2295/2295
f 2295/2295/2295 2297/2297/2297 2298/2298/2298
f 2298/2298/2298 2300/2300/2300 2302/2302/2302
f 2302/2302/2302 2304/2304/2304 2295/2295/2295
f 2295/2295/2295 2298/2298/2298 2302/2302/2302
f 2306/2306/2306 2307/2307/2307 2308/2308/2308
f 2306/2306/2306 2308/2308/2308 2309/2309/2309
f 2310/2310/2310 2311/2311/2311 2312/2312/2312
f 2310/2310/2310 2312/2312/2312 2313/2313/2313
f 2314/2314/2314 2315/2315/2315 2316/2316/2316
f 2314/2314/2314 2316/2316/2316 2317/2317/2317
f 2318/2318/2318 2319/2319/2319 2320/2320/2320
f 2318/2318/2318 2320/2320/2320 2321/2321/2321
f 2339/2339/2339 2340/2340/2340 2322/2322/2322
f 2322/2322/2322 2323/2323/2323 2324/2324/2324
f 2324/2324/2324 2325/2325/2325 2326/2326/2326
f 2326/2326/2326 2327/2327/2327 2328/2328/2328
f 2329/2329/2329 2330/2330/2330 2331/2331/2331
f 2331/2331/2331 2332/2332/2332 2333/2333/2333
f 2334/2334/2334 2335/2335/2335 2336/2336/2336
f 2336/2336/2336 2337/2337/2337 2338/2338/2338
f 2322/2322/2322 2324/2324/2324 2326/2326/2326
f 2326/2326/2326 2328/2328/2328 2329/2329/2329
f 2329/2329/2329 2331/2331/2331 2333/2333/2333
f 2336/2336/2336 2338/2338/2338 2339/2339/2339
f 2339/2339/2339 2322/2322/2322 2326/2326/2326
f 2329/2329/2329 2333/2333/2333 2334/2334/2334
f 2336/2336/2336 2339/2339/2339 2326/2326/2326
f 2329/2329/2329 2334/2334/2334 2336/2336/2336
f 2336/2336/2336 2326/2326/2326 2329/2329/2329
f 2341/2341/2341 2342/2342/2342 2343/2343/2343
f 2341/2341/2341 2343/2343/2343 2344/2344/2344
f 2345/2345/2345 2346/2346/2346 2347/2347/2347
f 2345/2345/2345 2347/2347/2347 2348/2348/2348
f 2349/2349/2349 2350/2350/2350 2351/2351/2351
f 2349/2349/2349 2351/2351/2351 2352/2352/2352
f 2353/2353/2353 2354/2354/2354 2355/2355/2355
f 2353/2353/2353 2355/2355/2355 2356/2356/2356
f 2360/2360/2360 2361/2361/2361 2357/2357/2357
f 2357/2357/2357 2358/2358/2358 2359/2359/2359
f 2359/2359/2359 2360/2360/2360 2357/2357/2357
f 2362/2362/2362 2363/2363/2363 2364/2364/2364
f 2362/2362/2362 2364/2364/2364 2365/2365/2365
f 2374/2374/2374 2375/2375/2375 2366/2366/2366
f 2366/2366/2366 2367/2367/2367 2368/2368/2368
f 2370/2370/2370 2371/2371/2371 2372/2372/2372
f 2372/2372/2372 2373/2373/2373 2374/2374/2374
f 2374/2374/2374 2366/2366/2366 2368/2368/2368
f 2369/2369/2369 2370/2370/2370 2372/2372/2372
f 2374/2374/2374 2368/2368/2368 2369/2369/2369
f 2369/2369/2369 2372/2372/2372 2374/2374/2374
f 2380/2380/2380 2381/2381/2381 2376/2376/2376
f 2376/2376/2376 2377/2377/2377 2378/2378/2378
f 2378/2378/2378 2379/2379/2379 2380/2380/2380
f 2380/2380/2380 2376/2376/2376 2378/2378/2378
f 2382/2382/2382 2383/2383/2383 2384/2384/2384
f 2382/2382/2382 2384/2384/2384 2385/2385/2385
f 2386/2386/2386 2387/2387/2387 2388/2388/2388
f 2386/2386/2386 2388/2388/2388 2389/2389/2389
f 2390/2390/2390 2391/2391/2391 2392/2392/2392
f 2393/2393/2393 2394/2394/2394 2395/2395/2395
f 2396/2396/2396 2397/2397/2397 2398/2398/2398
f 2399/2399/2399 2400/2400/2400 2401/2401/2401
f 2399/2399/2399 2401/2401/2401 2402/2402/2402
f 2403/2403/2403 2404/2404/2404 2405/2405/2405
f 2403/2403/2403 2405/2405/2405 2406/2406/2406
f 2407/2407/2407 2408/2408/2408 2409/2409/2409
f 2407/2407/2407 2409/2409/2409 2410/2410/2410
f 2411/2411/2411 2412/2412/2412 2413/2413/2413
f 2411/2411/2411 2413/2413/2413 2414/2414/2414
f 2415/2415/2415 2416/2416/2416 2417/2417/2417
f 2418/2418/2418 2419/2419/2419 2420/2420/2420
f 2421/2421/2421 2422/2422/2422 2423/2423/2423
f 2424/2424/2424 2425/2425/2425 2426/2426/2426
f 2433/2433/2433 2434/2434/2434 2427/2427/2427
f 2427/2427/2427 2428/2428/2428 2429/2429/2429
f 2429/2429/2429 2430/2430/2430 2431/2431/2431
f 2432/2432/2432 2433/2433/2433 2427/2427/2427
f 2427/2427/2427 2429/2429/2429 2431/2431/2431
f 2438/2438/2438 2439/2439/2439 2435/2435/2435
f 2436/2436/2436 2437/2437/2437 2438/2438/2438
f 2438/2438/2438 2435/2435/2435 2436/2436/2436
f 2443/2443/2443 2444/2444/2444 2440/2440/2440
f 2441/2441/2441 2442/2442/2442 2443/2443/2443
f 2443/2443/2443 2440/2440/2440 2441/2441/2441
f 2459/2459/2459 2460/2460/2460 2445/2445/2445
f 2445/2445/2445 2446/2446/2446 2447/2447/2447
f 2447/2447/2447 2448/2448/2448 2449/2449/2449
f 2450/2450/2450 2451/2451/2451 2452/2452/2452
f 2452/2452/2452 2453/2453/2453 2454/2454/2454
f 2455/2455/2455 2456/2456/2456 2457/2457/2457
f 2457/2457/2457 2458/2458/2458 2459/2459/2459
f 2445/2445/2445 2447/2447/2447 2449/2449/2449
f 2450/2450/2450 2452/2452/2452 2454/2454/2454
f 2455/2455/2455 2457/2457/2457 2459/2459/2459
f 2459/2459/2459 2445/2445/2445 2449/2449/2449
f 2450/2450/2450 2454/2454/2454 2455/2455/2455
f 2459/2459/2459 2449/2449/2449 2450/2450/2450
f 2450/2450/2450 2455/2455/2455 2459/2459/2459
f 2461/2461/2461 2462/2462/2462 2463/2463/2463
f 2461/2461/2461 2463/2463/2463 2464/2464/2464
f 2486/2486/2486 2487/2487/2487 2465/2465/2465
f 2465/2465/2465 2466/2466/2466 2467/2467/2467
f 2467/2467/2467 2468/2468/2468 2469/2469/2469
f 2471/2471/2471 2472/2472/2472 2473/2473/2473
f 2473/2473/2473 2474/2474/2474 2475/2475/2475
f 2475/2475/2475 2476/2476/2476 2477/2477/2477
f 2477/2477/2477 2478/2478/2478 2479/2479/2479
f 2479/2479/2479 2480/2480/2480 2481/2481/2481
f 2481/2481/2481 2482/2482/2482 2483/2483/2483
f 2484/2484/2484 2485/2485/2485 2486/2486/2486
f 2486/2486/2486 2465/2465/2465 2467/2467/2467
f 2467/2467/2467 2469/2469/2469 2470/2470/2470
f 2470/2470/2470 2471/2471/2471 2473/2473/2473
f 2479/2479/2479 2481/2481/2481 2483/2483/2483
f 2484/2484/2484 2486/2486/2486 2467/2467/2467
f 2467/2467/2467 2470/2470/2470 2473/2473/2473
f 2477/2477/2477 2479/2479/2479 2483/2483/2483
f 2483/2483/2483 2484/2484/2484 2467/2467/2467
f 2467/2467/2467 2473/2473/2473 2475/2475/2475
f 2475/2475/2475 2477/2477/2477 2483/2483/2483
f 2483/2483/2483 2467/2467/2467 2475/2475/2475
f 2493/2493/2493 2494/2494/2494 2488/2488/2488
f 2489/2489/2489 2490/2490/2490 2491/2491/2491
f 2491/2491/2491 2492/2492/2492 2493/2493/2493
f 2488/2488/2488 2489/2489/2489 2491/2491/2491
f 2491/2491/2491 2493/2493/2493 2488/2488/2488
f 2500/2500/2500 2501/2501/2501 2495/2495/2495
f 2495/2495/2495 2496/2496/2496 2497/2497/2497
f 2497/2497/2497 2498/2498/2498 2499/2499/2499
f 2499/2499/2499 2500/2500/2500 2495/2495/2495
f 2495/2495/2495 2497/2497/2497 2499/2499/2499
f 2509/2509/2509 2510/2510/2510 2502/2502/2502
f 2502/2502/2502 2503/2503/2503 2504/2504/2504
f 2505/2505/2505 2506/2506/2506 2507/2507/2507
f 2508/2508/2508 2509/2509/2509 2502/2502/2502
f 2502/2502/2502 2504/2504/2504 2505/2505/2505
f 2505/2505/2505 2507/2507/2507 2508/2508/2508
f 2508/2508/2508 2502/2502/2502 2505/2505/2505
f 2511/2511/2511 2512/2512/2512 2513/2513/2513
f 2511/2511/2511 2513/2513/2513 2514/2514/2514
f 2521/2521/2521 2522/2522/2522 2515/2515/2515
f 2515/2515/2515 2516/2516/2516 2517/2517/2517
f 2517/2517/2517 2518/2518/2518 2519/2519/2519
f 2520/2520/2520 2521/2521/2521 2515/2515/2515
f 2515/2515/2515 2517/2517/2517 2519/2519/2519
f 2519/2519/2519 2520/2520/2520 2515/2515/2515
f 2523/2523/2523 2524/2524/2524 2525/2525/2525
f 2523/2523/2523 2525/2525/2525 2526/2526/2526
f 2527/2527/2527 2528/2528/2528 2529/2529/2529
f 2527/2527/2527 2529/2529/2529 2530/2530/2530
f 2531/2531/2531 2532/2532/2532 2533/2533/2533
f 2531/2531/2531 2533/2533/2533 2534/2534/2534
f 2539/2539/2539 2540/2540/2540 2535/2535/2535
f 2535/2535/2535 2536/2536/2536 2537/2537/2537
f 2538/2538/2538 2539/2539/2539 2535/2535/2535
f 2535/2535/2535 2537/2537/2537 2538/2538/2538
f 2541/2541/2541 2542/2542/2542 2543/2543/2543
f 2551/2551/2551 2552/2552/2552 2544/2544/2544
f 2545/2545/2545 2546/2546/2546 2547/2547/2547
f 2548/2548/2548 2549/2549/2549 2550/2550/2550
f 2550/2550/2550 2551/2551/2551 2544/2544/2544
f 2545/2545/2545 2547/2547/2547 2548/2548/2548
f 2548/2548/2548 2550/2550/2550 2544/2544/2544
f 2544/2544/2544 2545/2545/2545 2548/2548/2548
f 2558/2558/2558 2559/2559/2559 2553/2553/2553
f 2553/2553/2553 2554/2554/2554 2555/2555/2555
f 2555/2555/2555 2556/2556/2556 2557/2557/2557
f 2557/2557/2557 2558/2558/2558 2553/2553/2553
f 2553/2553/2553 2555/2555/2555 2557/2557/2557
f 2580/2580/2580 2581/2581/2581 2560/2560/2560
f 2560/2560/2560 2561/2561/2561 2562/2562/2562
f 2563/2563/2563 2564/2564/2564 2565/2565/2565
f 2565/2565/2565 2566/2566/2566 2567/2567/2567
f 2567/2567/2567 2568/2568/2568 2569/2569/2569
f 2569/2569/2569 2570/2570/2570 2571/2571/2571
f 2572/2572/2572 2573/2573/2573 2574/2574/2574
f 2574/2574/2574 2575/2575/2575 2576/2576/2576
f 2576/2576/2576 2577/2577/2577 2578/2578/2578
f 2560/2560/2560 2562/2562/2562 2563/2563/2563
f 2563/2563/2563 2565/2565/2565 2567/2567/2567
f 2569/2569/2569 2571/2571/2571 2572/2572/2572
f 2572/2572/2572 2574/2574/2574 2576/2576/2576
f 2576/2576/2576 2578/2578/2578 2579/2579/2579
f 2580/2580/2580 2560/2560/2560 2563/2563/2563
f 2569/2569/2569 2572/2572/2572 2576/2576/2576
f 2576/2576/2576 2579/2579/2579 2580/2580/2580
f 2580/2580/2580 2563/2563/2563 2567/2567/2567
f 2567/2567/2567 2569/2569/2569 2576/2576/2576
f 2576/2576/2576 2580/2580/2580 2567/2567/2567
f 2584/2584/2584 2585/2585/2585 2586/2586/2586
f 2587/2587/2587 2584/2584/2584 2586/2586/2586
f 2584/2584/2584 2587/2587/2587 2588/2588/2588
f 2598/2598/2598 2599/2599/2599 2590/2590/2590
f 2596/2596/2596 2597/2597/2597 2598/2598/2598
f 2598/2598/2598 2590/2590/2590 2591/2591/2591
f 2596/2596/2596 2598/2598/2598 2591/2591/2591
f 2600/2600/2600 2601/2601/2601 2602/2602/2602
f 2600/2600/2600 2602/2602/2602 2603/2603/2603
f 2604/2604/2604 2605/2605/2605 2606/2606/2606
f 2604/2604/2604 2606/2606/2606 2607/2607/2607
f 2608/2608/2608 2609/2609/2609 2610/2610/2610
f 2608/2608/2608 2610/2610/2610 2611/2611/2611
f 2614/2614/2614 2615/2615/2615 2616/2616/2616
f 2616/2616/2616 2617/2617/2617 2618/2618/2618
f 2622/2622/2622 2623/2623/2623 2624/2624/2624
f 2624/2624/2624 2625/2625/2625 2626/2626/2626
f 2614/2614/2614 2616/2616/2616 2618/2618/2618
f 2622/2622/2622 2624/2624/2624 2626/2626/2626
f 2614/2614/2614 2618/2618/2618 2619/2619/2619
f 2621/2621/2621 2622/2622/2622 2626/2626/2626
f 2613/2613/2613 2614/2614/2614 2619/2619/2619
f 2621/2621/2621 2626/2626/2626 2612/2612/2612
f 2613/2613/2613 2619/2619/2619 2620/2620/2620
f 2620/2620/2620 2621/2621/2621 2612/2612/2612
f 2612/2612/2612 2613/2613/2613 2620/2620/2620
f 2630/2630/2630 2631/2631/2631 2627/2627/2627
f 2627/2627/2627 2628/2628/2628 2629/2629/2629
f 2629/2629/2629 2630/2630/2630 2627/2627/2627
f 2632/2632/2632 2633/2633/2633 2634/2634/2634
f 2632/2632/2632 2634/2634/2634 2635/2635/2635
f 2636/2636/2636 2637/2637/2637 2638/2638/2638
f 2636/2636/2636 2638/2638/2638 2639/2639/2639
f 2652/2652/2652 2640/2640/2640 2641/2641/2641
f 2641/2641/2641 2642/2642/2642 2643/2643/2643
f 2643/2643/2643 2644/2644/2644 2645/2645/2645
f 2645/2645/2645 2646/2646/2646 2647/2647/2647
f 2647/2647/2647 2648/2648/2648 2649/2649/2649
f 2649/2649/2649 2650/2650/2650 2651/2651/2651
f 2652/2652/2652 2641/2641/2641 2643/2643/2643
f 2643/2643/2643 2645/2645/2645 2647/2647/2647
f 2647/2647/2647 2649/2649/2649 2651/2651/2651
f 2652/2652/2652 2643/2643/2643 2647/2647/2647
f 2647/2647/2647 2651/2651/2651 2652/2652/2652
f 2658/2658/2658 2659/2659/2659 2653/2653/2653
f 2653/2653/2653 2654/2654/2654 2655/2655/2655
f 2656/2656/2656 2657/2657/2657 2658/2658/2658
f 2658/2658/2658 2653/2653/2653 2655/2655/2655
f 2655/2655/2655 2656/2656/2656 2658/2658/2658
f 2660/2660/2660 2661/2661/2661 2662/2662/2662
f 2660/2660/2660 2662/2662/2662 2663/2663/2663
f 2664/2664/2664 2665/2665/2665 2666/2666/2666
f 2664/2664/2664 2666/2666/2666 2667/2667/2667
f 2671/2671/2671 2672/2672/2672 2668/2668/2668
f 2668/2668/2668 2669/2669/2669 2670/2670/2670
f 2670/2670/2670 2671/2671/2671 2668/2668/2668
f 2676/2676/2676 2677/2677/2677 2673/2673/2673
f 2673/2673/2673 2674/2674/2674 2675/2675/2675
f 2675/2675/2675 2676/2676/2676 2673/2673/2673
f 2680/2680/2680 2681/2681/2681 2682/2682/2682
f 2687/2687/2687 2688/2688/2688 2683/2683/2683
f 2683/2683/2683 2684/2684/2684 2685/2685/2685
f 2685/2685/2685 2686/2686/2686 2687/2687/2687
f 2687/2687/2687 2683/2683/2683 2685/2685/2685
f 2692/2692/2692 2693/2693/2693 2689/2689/2689
f 2689/2689/2689 2690/2690/2690 2691/2691/2691
f 2691/2691/2691 2692/2692/2692 2689/2689/2689
f 2694/2694/2694 2695/2695/2695 2696/2696/2696
f 2694/2694/2694 2696/2696/2696 2697/2697/2697
f 2698/2698/2698 2699/2699/2699 2700/2700/2700
f 2698/2698/2698 2700/2700/2700 2701/2701/2701
f 2702/2702/2702 2703/2703/2703 2704/2704/2704
f 2702/2702/2702 2704/2704/2704 2705/2705/2705
f 2711/2711/2711 2712/2712/2712 2706/2706/2706
f 2706/2706/2706 2707/2707/2707 2708/2708/2708
f 2708/2708/2708 2709/2709/2709 2710/2710/2710
f 2710/2710/2710 2711/2711/2711 2706/2706/2706
f 2706/2706/2706 2708/2708/2708 2710/2710/2710
f 2713/2713/2713 2714/2714/2714 2715/2715/2715
f 2716/2716/2716 2717/2717/2717 2718/2718/2718
f 2716/2716/2716 2718/2718/2718 2719/2719/2719
f 2720/2720/2720 2721/2721/2721 2722/2722/2722
f 2720/2720/2720 2722/2722/2722 2723/2723/2723
f 2725/2725/2725 2726/2726/2726 2727/2727/2727
f 2727/2727/2727 2728/2728/2728 2729/2729/2729
f 2730/2730/2730 2731/2731/2731 2732/2732/2732
f 2725/2725/2725 2727/2727/2727 2729/2729/2729
f 2730/2730/2730 2732/2732/2732 2733/2733/2733
f 2725/2725/2725 2729/2729/2729 2730/2730/2730
f 2730/2730/2730 2733/2733/2733 2724/2724/2724
f 2724/2724/2724 2725/2725/2725 2730/2730/2730
f 2740/2740/2740 2741/2741/2741 2734/2734/2734
f 2736/2736/2736 2737/2737/2737 2738/2738/2738
f 2738/2738/2738 2739/2739/2739 2740/2740/2740
f 2740/2740/2740 2734/2734/2734 2735/2735/2735
f 2735/2735/2735 2736/2736/2736 2738/2738/2738
f 2738/2738/2738 2740/2740/2740 2735/2735/2735
f 2742/2742/2742 2743/2743/2743 2744/2744/2744
f 2742/2742/2742 2744/2744/2744 2745/2745/2745
f 2746/2746/2746 2747/2747/2747 2748/2748/2748
f 2746/2746/2746 2748/2748/2748 2749/2749/2749
f 2756/2756/2756 2750/2750/2750 2751/2751/2751
f 2752/2752/2752 2753/2753/2753 2754/2754/2754
f 2755/2755/2755 2756/2756/2756 2751/2751/2751
f 2752/2752/2752 2754/2754/2754 2755/2755/2755
f 2755/2755/2755 2751/2751/2751 2752/2752/2752
f 2760/2760/2760 2761/2761/2761 2757/2757/2757
f 2757/2757/2757 2758/2758/2758 2759/2759/2759
f 2759/2759/2759 2760/2760/2760 2757/2757/2757
f 2765/2765/2765 2766/2766/2766 2762/2762/2762
f 2762/2762/2762 2763/2763/2763 2764/2764/2764
f 2764/2764/2764 2765/2765/2765 2762/2762/2762
f 2767/2767/2767 2768/2768/2768 2769/2769/2769
f 2767/2767/2767 2769/2769/2769 2770/2770/2770
f 2771/2771/2771 2772/2772/2772 2773/2773/2773
f 2771/2771/2771 2773/2773/2773 2774/2774/2774
f 2780/2780/2780 2781/2781/2781 2775/2775/2775
f 2775/2775/2775 2776/2776/2776 2777/2777/2777
f 2777/2777/2777 2778/2778/2778 2779/2779/2779
f 2779/2779/2779 2780/2780/2780 2775/2775/2775
f 2775/2775/2775 2777/2777/2777 2779/2779/2779
f 2785/2785/2785 2786/2786/2786 2782/2782/2782
f 2782/2782/2782 2783/2783/2783 2784/2784/2784
f 2784/2784/2784 2785/2785/2785 2782/2782/2782
f 2787/2787/2787 2788/2788/2788 2789/2789/2789
f 2787/2787/2787 2789/2789/2789 2790/2790/2790
f 2791/2791/2791 2792/2792/2792 2793/2793/2793
f 2791/2791/2791 2793/2793/2793 2794/2794/2794
f 2795/2795/2795 2796/2796/2796 2797/2797/2797
f 2795/2795/2795 2797/2797/2797 2798/2798/2798
f 2799/2799/2799 2800/2800/2800 2801/2801/2801
f 2799/2799/2799 2801/2801/2801 2802/2802/2802
f 2830/2830/2830 2803/2803/2803 2804/2804/2804
f 2804/2804/2804 2805/2805/2805 2806/2806/2806
f 2807/2807/2807 2808/2808/2808 2809/2809/2809
f 2809/2809/2809 2810/2810/2810 2811/2811/2811
f 2811/2811/2811 2812/2812/2812 2813/2813/2813
f 2813/2813/2813 2814/2814/2814 2815/2815/2815
f 2815/2815/2815 2816/2816/2816 2817/2817/2817
f 2817/2817/2817 2818/2818/2818 2819/2819/2819
f 2819/2819/2819 2820/2820/2820 2821/2821/2821
f 2821/2821/2821 2822/2822/2822 2823/2823/2823
f 2823/2823/2823 2824/2824/2824 2825/2825/2825
f 2826/2826/2826 2827/2827/2827 2828/2828/2828
f 2828/2828/2828 2829/2829/2829 2830/2830/2830
f 2830/2830/2830 2804/2804/2804 2806/2806/2806
f 2809/2809/2809 2811/2811/2811 2813/2813/2813
f 2815/2815/2815 2817/2817/2817 2819/2819/2819
f 2819/2819/2819 2821/2821/2821 2823/2823/2823
f 2823/2823/2823 2825/2825/2825 2826/2826/2826
f 2826/2826/2826 2828/2828/2828 2830/2830/2830
f 2830/2830/2830 2806/2806/2806 2807/2807/2807
f 2807/2807/2807 2809/2809/2809 2813/2813/2813
f 2815/2815/2815 2819/2819/2819 2823/2823/2823
f 2823/2823/2823 2826/2826/2826 2830/2830/2830
f 2830/2830/2830 2807/2807/2807 2813/2813/2813
f 2813/2813/2813 2815/2815/2815 2823/2823/2823
f 2823/2823/2823 2830/2830/2830 2813/2813/2813
f 2831/2831/2831 2832/2832/2832 2833/2833/2833
f 2831/2831/2831 2833/2833/2833 2834/2834/2834
f 2838/2838/2838 2839/2839/2839 2835/2835/2835
f 2835/2835/2835 2836/2836/2836 2837/2837/2837
f 2837/2837/2837 2838/2838/2838 2835/2835/2835
f 2844/2844/2844 2845/2845/2845 2840/2840/2840
f 2840/2840/2840 2841/2841/2841 2842/2842/2842
f 2843/2843/2843 2844/2844/2844 2840/2840/2840
f 2840/2840/2840 2842/2842/2842 2843/2843/2843
f 2846/2846/2846 2847/2847/2847 2848/2848/2848
f 2846/2846/2846 2848/2848/2848 2849/2849/2849
f 2853/2853/2853 2854/2854/2854 2850/2850/2850
f 2850/2850/2850 2851/2851/2851 2852/2852/2852
f 2852/2852/2852 2853/2853/2853 2850/2850/2850
f 2858/2858/2858 2859/2859/2859 2855/2855/2855
f 2855/2855/2855 2856/2856/2856 2857/2857/2857
f 2857/2857/2857 2858/2858/2858 2855/2855/2855
f 2860/2860/2860 2861/2861/2861 2862/2862/2862
f 2860/2860/2860 2862/2862/2862 2863/2863/2863
f 2864/2864/2864 2865/2865/2865 2866/2866/2866
f 2866/2866/2866 2867/2867/2867 2868/2868/2868
f 2869/2869/2869 2870/2870/2870 2871/2871/2871
f 2872/2872/2872 2873/2873/2873 2874/2874/2874
f 2874/2874/2874 2875/2875/2875 2876/2876/2876
f 2876/2876/2876 2877/2877/2877 2878/2878/2878
f 2878/2878/2878 2879/2879/2879 2880/2880/2880
f 2880/2880/2880 2881/2881/2881 2882/2882/2882
f 2883/2883/2883 2884/2884/2884 2885/2885/2885
f 2886/2886/2886 2887/2887/2887 2888/2888/2888
f 2888/2888/2888 2889/2889/2889 2890/2890/2890
f 2890/2890/2890 2891/2891/2891 2892/2892/2892
f 2892/2892/2892 2893/2893/2893 2894/2894/2894
f 2864/2864/2864 2866/2866/2866 2868/2868/2868
f 2869/2869/2869 2871/2871/2871 2872/2872/2872
f 2876/2876/2876 2878/2878/2878 2880/2880/2880
f 2880/2880/2880 2882/2882/2882 2883/2883/2883
f 2883/2883/2883 2885/2885/2885 2886/2886/2886
f 2886/2886/2886 2888/2888/2888 2890/2890/2890
f 2864/2864/2864 2868/2868/2868 2869/2869/2869
f 2869/2869/2869 2872/2872/2872 2874/2874/2874
f 2874/2874/2874 2876/2876/2876 2880/2880/2880
f 2880/2880/2880 2883/2883/2883 2886/2886/2886
f 2886/2886/2886 2890/2890/2890 2892/2892/2892
f 2894/2894/2894 2864/2864/2864 2869/2869/2869
f 2874/2874/2874 2880/2880/2880 2886/2886/2886
f 2886/2886/2886 2892/2892/2892 2894/2894/2894
f 2894/2894/2894 2869/2869/2869 2874/2874/2874
f 2874/2874/2874 2886/2886/2886 2894/2894/2894
f 2899/2899/2899 2900/2900/2900 2895/2895/2895
f 2895/2895/2895 2896/2896/2896 2897/2897/2897
f 2897/2897/2897 2898/2898/2898 2899/2899/2899
f 2899/2899/2899 2895/2895/2895 2897/2897/2897
f 2907/2907/2907 2908/2908/2908 2901/2901/2901
f 2901/2901/2901 2902/2902/2902 2903/2903/2903
f 2903/2903/2903 2904/2904/2904 2905/2905/2905
f 2906/2906/2906 2907/2907/2907 2901/2901/2901
f 2901/2901/2901 2903/2903/2903 2905/2905/2905
f 2905/2905/2905 2906/2906/2906 2901/2901/2901
f 2912/2912/2912 2913/2913/2913 2909/2909/2909
f 2909/2909/2909 2910/2910/2910 2911/2911/2911
f 2911/2911/2911 2912/2912/2912 2909/2909/2909
f 2914/2914/2914 2915/2915/2915 2916/2916/2916
f 2920/2920/2920 2921/2921/2921 2917/2917/2917
f 2917/2917/2917 2918/2918/2918 2919/2919/2919
f 2919/2919/2919 2920/2920/2920 2917/2917/2917
f 2922/2922/2922 2923/2923/2923 2924/2924/2924
f 2922/2922/2922 2924/2924/2924 2925/2925/2925
f 2926/2926/2926 2927/2927/2927 2928/2928/2928
f 2926/2926/2926 2928/2928/2928 2929/2929/2929
f 2930/2930/2930 2931/2931/2931 2932/2932/2932
f 2930/2930/2930 2932/2932/2932 2933/2933/2933
f 2934/2934/2934 2935/2935/2935 2936/2936/2936
f 2934/2934/2934 2936/2936/2936 2937/2937/2937
f 2938/2938/2938 2939/2939/2939 2940/2940/2940
f 2938/2938/2938 2940/2940/2940 2941/2941/2941
f 2942/2942/2942 2943/2943/2943 2944/2944/2944
f 2942/2942/2942 2944/2944/2944 2945/2945/2945
f 2958/2958/2958 2959/2959/2959 2946/2946/2946
f 2946/2946/2946 2947/2947/2947 2948/2948/2948
f 2948/2948/2948 2949/2949/2949 2950/2950/2950
f 2951/2951/2951 2952/2952/2952 2953/2953/2953
f 2953/2953/2953 2954/2954/2954 2955/2955/2955
f 2955/2955/2955 2956/2956/2956 2957/2957/2957
f 2957/2957/2957 2958/2958/2958 2946/2946/2946
f 2946/2946/2946 2948/2948/2948 2950/2950/2950
f 2951/2951/2951 2953/2953/2953 2955/2955/2955
f 2955/2955/2955 2957/2957/2957 2946/2946/2946
f 2946/2946/2946 2950/2950/2950 2951/2951/2951
f 2951/2951/2951 2955/2955/2955 2946/2946/2946
f 2982/2982/2982 2960/2960/2960 2961/2961/2961
f 2961/2961/2961 2962/2962/2962 2963/2963/2963
f 2963/2963/2963 2964/2964/2964 2965/2965/2965
f 2965/2965/2965 2966/2966/2966 2967/2967/2967
f 2967/2967/2967 2968/2968/2968 2969/2969/2969
f 2970/2970/2970 2971/2971/2971 2972/2972/2972
f 2972/2972/2972 2973/2973/2973 2974/2974/2974
f 2974/2974/2974 2975/2975/2975 2976/2976/2976
f 2976/2976/2976 2977/2977/2977 2978/2978/2978
f 2978/2978/2978 2979/2979/2979 2980/2980/2980
f 2980/2980/2980 2981/2981/2981 2982/2982/2982
f 2982/2982/2982 2961/2961/2961 2963/2963/2963
f 2963/2963/2963 2965/2965/2965 2967/2967/2967
f 2967/2967/2967 2969/2969/2969 2970/2970/2970
f 2970/2970/2970 2972/2972/2972 2974/2974/2974
f 2976/2976/2976 2978/2978/2978 2980/2980/2980
f 2980/2980/2980 2982/2982/2982 2963/2963/2963
f 2963/2963/2963 2967/2967/2967 2970/2970/2970
f 2970/2970/2970 2974/2974/2974 2976/2976/2976
f 2976/2976/2976 2980/2980/2980 2963/2963/2963
f 2963/2963/2963 2970/2970/2970 2976/2976/2976
f 2983/2983/2983 2984/2984/2984 2985/2985/2985
f 2983/2983/2983 2985/2985/2985 2986/2986/2986
f 2997/2997/2997 2998/2998/2998 2987/2987/2987
f 2988/2988/2988 2989/2989/2989 2990/2990/2990
f 2990/2990/2990 2991/2991/2991 2992/2992/2992
f 2993/2993/2993 2994/2994/2994 2995/2995/2995
f 2995/2995/2995 2996/2996/2996 2997/2997/2997
f 2997/2997/2997 2987/2987/2987 2988/2988/2988
f 2988/2988/2988 2990/2990/2990 2992/2992/2992
f 2992/2992/2992 2993/2993/2993 2995/2995/2995
f 2995/2995/2995 2997/2997/2997 2988/2988/2988
f 2988/2988/2988 2992/2992/2992 2995/2995/2995
