# Blender 5.2.0 LTS
# www.blender.org
mtllib BRACKET_left_text.mtl
o BRACKET_left_text
v 0.515970 0.027319 -0.097695
v 0.515970 0.027319 -0.096207
v 0.515964 0.027319 -0.096080
v 0.515945 0.027319 -0.095956
v 0.515913 0.027319 -0.095835
v 0.515868 0.027319 -0.095716
v 0.515811 0.027319 -0.095601
v 0.515741 0.027319 -0.095487
v 0.515643 0.027319 -0.095358
v 0.515527 0.027319 -0.095232
v 0.515402 0.027319 -0.095117
v 0.515272 0.027319 -0.095019
v 0.515159 0.027319 -0.094949
v 0.515043 0.027319 -0.094892
v 0.514924 0.027319 -0.094847
v 0.514803 0.027319 -0.094815
v 0.514679 0.027319 -0.094796
v 0.514553 0.027319 -0.094789
v 0.508707 0.027319 -0.094789
v 0.508580 0.027319 -0.094796
v 0.508457 0.027319 -0.094814
v 0.508336 0.027319 -0.094844
v 0.508217 0.027319 -0.094887
v 0.508101 0.027319 -0.094942
v 0.507987 0.027319 -0.095009
v 0.507858 0.027319 -0.095104
v 0.507732 0.027319 -0.095215
v 0.507617 0.027319 -0.095336
v 0.507532 0.027319 -0.095445
v 0.507460 0.027319 -0.095558
v 0.507400 0.027319 -0.095675
v 0.507353 0.027319 -0.095796
v 0.507319 0.027319 -0.095921
v 0.507298 0.027319 -0.096051
v 0.507292 0.027319 -0.096116
v 0.507289 0.027319 -0.096207
v 0.507289 0.027319 -0.104888
v 0.507298 0.027319 -0.104993
v 0.507297 0.027319 -0.105096
v 0.507286 0.027319 -0.105198
v 0.507264 0.027319 -0.105298
v 0.507232 0.027319 -0.105397
v 0.507189 0.027319 -0.105493
v 0.507137 0.027319 -0.105588
v 0.507060 0.027319 -0.105700
v 0.507001 0.027319 -0.105772
v 0.506917 0.027319 -0.105861
v 0.506699 0.027319 -0.106062
v 0.506562 0.027319 -0.106165
v 0.506463 0.027319 -0.106226
v 0.506384 0.027319 -0.106265
v 0.506322 0.027319 -0.106287
v 0.506275 0.027319 -0.106298
v 0.506241 0.027319 -0.106303
v 0.506209 0.027319 -0.106304
v 0.506005 0.027319 -0.106297
v 0.505932 0.027319 -0.106287
v 0.505900 0.027319 -0.106279
v 0.505885 0.027319 -0.106275
v 0.505872 0.027319 -0.106269
v 0.504384 0.027319 -0.106269
v 0.504258 0.027319 -0.106275
v 0.504134 0.027319 -0.106293
v 0.504013 0.027319 -0.106322
v 0.503894 0.027319 -0.106363
v 0.503778 0.027319 -0.106416
v 0.503665 0.027319 -0.106481
v 0.503535 0.027319 -0.106570
v 0.503410 0.027319 -0.106676
v 0.503294 0.027319 -0.106793
v 0.503209 0.027319 -0.106897
v 0.503137 0.027319 -0.107004
v 0.503077 0.027319 -0.107115
v 0.503038 0.027319 -0.107211
v 0.503007 0.027319 -0.107308
v 0.502984 0.027319 -0.107408
v 0.502971 0.027319 -0.107510
v 0.502967 0.027319 -0.107616
v 0.502967 0.027319 -0.117820
v 0.502973 0.027319 -0.117946
v 0.502991 0.027319 -0.118069
v 0.503022 0.027319 -0.118189
v 0.503065 0.027319 -0.118305
v 0.503120 0.027319 -0.118419
v 0.503187 0.027319 -0.118530
v 0.503281 0.027319 -0.118656
v 0.503392 0.027319 -0.118777
v 0.503514 0.027319 -0.118887
v 0.503622 0.027319 -0.118969
v 0.503735 0.027319 -0.119038
v 0.503852 0.027319 -0.119095
v 0.503974 0.027319 -0.119140
v 0.504099 0.027319 -0.119173
v 0.504228 0.027319 -0.119194
v 0.504294 0.027319 -0.119199
v 0.504384 0.027319 -0.119202
v 0.505872 0.027319 -0.119202
v 0.505998 0.027319 -0.119208
v 0.506122 0.027319 -0.119227
v 0.506243 0.027319 -0.119257
v 0.506362 0.027319 -0.119300
v 0.506478 0.027319 -0.119355
v 0.506592 0.027319 -0.119422
v 0.506721 0.027319 -0.119516
v 0.506846 0.027319 -0.119627
v 0.506962 0.027319 -0.119749
v 0.507047 0.027319 -0.119857
v 0.507119 0.027319 -0.119971
v 0.507179 0.027319 -0.120087
v 0.507225 0.027319 -0.120209
v 0.507259 0.027319 -0.120334
v 0.507281 0.027319 -0.120463
v 0.507286 0.027319 -0.120530
v 0.507289 0.027319 -0.120619
v 0.507289 0.027319 -0.129335
v 0.507295 0.027319 -0.129461
v 0.507313 0.027319 -0.129585
v 0.507342 0.027319 -0.129705
v 0.507383 0.027319 -0.129821
v 0.507436 0.027319 -0.129935
v 0.507501 0.027319 -0.130046
v 0.507591 0.027319 -0.130171
v 0.507697 0.027319 -0.130292
v 0.507797 0.027319 -0.130388
v 0.507904 0.027319 -0.130471
v 0.508015 0.027319 -0.130543
v 0.508133 0.027319 -0.130602
v 0.508256 0.027319 -0.130649
v 0.508385 0.027319 -0.130684
v 0.508519 0.027319 -0.130707
v 0.508612 0.027319 -0.130715
v 0.508707 0.027319 -0.130717
v 0.514553 0.027319 -0.130717
v 0.514679 0.027319 -0.130711
v 0.514803 0.027319 -0.130694
v 0.514924 0.027319 -0.130666
v 0.515043 0.027319 -0.130627
v 0.515159 0.027319 -0.130577
v 0.515291 0.027319 -0.130504
v 0.515402 0.027319 -0.130429
v 0.515527 0.027319 -0.130327
v 0.515627 0.027319 -0.130231
v 0.515714 0.027319 -0.130128
v 0.515777 0.027319 -0.130038
v 0.515831 0.027319 -0.129944
v 0.515877 0.027319 -0.129845
v 0.515913 0.027319 -0.129742
v 0.515945 0.027319 -0.129613
v 0.515964 0.027319 -0.129477
v 0.515970 0.027319 -0.129335
v 0.515970 0.027319 -0.127777
v 0.515964 0.027319 -0.127650
v 0.515949 0.027319 -0.127549
v 0.515925 0.027319 -0.127449
v 0.515892 0.027319 -0.127352
v 0.515850 0.027319 -0.127257
v 0.515789 0.027319 -0.127147
v 0.515714 0.027319 -0.127040
v 0.515627 0.027319 -0.126937
v 0.515527 0.027319 -0.126838
v 0.515402 0.027319 -0.126732
v 0.515272 0.027319 -0.126641
v 0.515159 0.027319 -0.126576
v 0.515043 0.027319 -0.126524
v 0.514924 0.027319 -0.126483
v 0.514803 0.027319 -0.126454
v 0.514679 0.027319 -0.126436
v 0.514553 0.027319 -0.126430
v 0.512994 0.027319 -0.126430
v 0.512868 0.027319 -0.126424
v 0.512745 0.027319 -0.126407
v 0.512625 0.027319 -0.126377
v 0.512508 0.027319 -0.126336
v 0.512394 0.027319 -0.126283
v 0.512284 0.027319 -0.126218
v 0.512158 0.027319 -0.126128
v 0.512037 0.027319 -0.126023
v 0.511941 0.027319 -0.125922
v 0.511858 0.027319 -0.125815
v 0.511786 0.027319 -0.125704
v 0.511727 0.027319 -0.125586
v 0.511680 0.027319 -0.125464
v 0.511645 0.027319 -0.125335
v 0.511623 0.027319 -0.125200
v 0.511615 0.027319 -0.125108
v 0.511612 0.027319 -0.125013
v 0.511612 0.027319 -0.116296
v 0.511606 0.027319 -0.116170
v 0.511588 0.027319 -0.116047
v 0.511557 0.027319 -0.115925
v 0.511514 0.027319 -0.115806
v 0.511459 0.027319 -0.115690
v 0.511392 0.027319 -0.115577
v 0.511298 0.027319 -0.115448
v 0.511187 0.027319 -0.115322
v 0.511066 0.027319 -0.115207
v 0.510940 0.027319 -0.115108
v 0.510830 0.027319 -0.115038
v 0.510716 0.027319 -0.114981
v 0.510599 0.027319 -0.114937
v 0.510499 0.027319 -0.114909
v 0.510398 0.027319 -0.114891
v 0.510315 0.027319 -0.114882
v 0.510230 0.027319 -0.114879
v 0.508707 0.027319 -0.114879
v 0.508580 0.027319 -0.114873
v 0.508457 0.027319 -0.114855
v 0.508336 0.027319 -0.114827
v 0.508217 0.027319 -0.114785
v 0.508101 0.027319 -0.114732
v 0.507987 0.027319 -0.114668
v 0.507858 0.027319 -0.114578
v 0.507732 0.027319 -0.114472
v 0.507617 0.027319 -0.114355
v 0.507532 0.027319 -0.114252
v 0.507460 0.027319 -0.114144
v 0.507400 0.027319 -0.114033
v 0.507360 0.027319 -0.113938
v 0.507329 0.027319 -0.113840
v 0.507307 0.027319 -0.113740
v 0.507294 0.027319 -0.113637
v 0.507289 0.027319 -0.113532
v 0.507289 0.027319 -0.111974
v 0.507295 0.027319 -0.111847
v 0.507313 0.027319 -0.111723
v 0.507342 0.027319 -0.111603
v 0.507383 0.027319 -0.111484
v 0.507436 0.027319 -0.111368
v 0.507501 0.027319 -0.111254
v 0.507591 0.027319 -0.111125
v 0.507697 0.027319 -0.111000
v 0.507797 0.027319 -0.110900
v 0.507904 0.027319 -0.110812
v 0.508015 0.027319 -0.110738
v 0.508133 0.027319 -0.110676
v 0.508235 0.027319 -0.110634
v 0.508363 0.027319 -0.110597
v 0.508496 0.027319 -0.110571
v 0.508588 0.027319 -0.110561
v 0.508707 0.027319 -0.110556
v 0.510230 0.027319 -0.110556
v 0.510356 0.027319 -0.110551
v 0.510479 0.027319 -0.110534
v 0.510599 0.027319 -0.110506
v 0.510716 0.027319 -0.110467
v 0.510830 0.027319 -0.110416
v 0.510940 0.027319 -0.110354
v 0.511066 0.027319 -0.110268
v 0.511187 0.027319 -0.110166
v 0.511283 0.027319 -0.110070
v 0.511366 0.027319 -0.109969
v 0.511438 0.027319 -0.109863
v 0.511497 0.027319 -0.109752
v 0.511537 0.027319 -0.109655
v 0.511574 0.027319 -0.109534
v 0.511598 0.027319 -0.109408
v 0.511608 0.027319 -0.109321
v 0.511612 0.027319 -0.109210
v 0.511612 0.027319 -0.100529
v 0.511618 0.027319 -0.100403
v 0.511635 0.027319 -0.100279
v 0.511663 0.027319 -0.100158
v 0.511702 0.027319 -0.100039
v 0.511752 0.027319 -0.099923
v 0.511826 0.027319 -0.099791
v 0.511900 0.027319 -0.099680
v 0.512002 0.027319 -0.099555
v 0.512098 0.027319 -0.099455
v 0.512201 0.027319 -0.099367
v 0.512291 0.027319 -0.099305
v 0.512386 0.027319 -0.099251
v 0.512485 0.027319 -0.099206
v 0.512588 0.027319 -0.099170
v 0.512717 0.027319 -0.099137
v 0.512852 0.027319 -0.099119
v 0.512994 0.027319 -0.099112
v 0.514553 0.027319 -0.099112
v 0.514679 0.027319 -0.099106
v 0.514803 0.027319 -0.099087
v 0.514924 0.027319 -0.099057
v 0.515043 0.027319 -0.099014
v 0.515159 0.027319 -0.098959
v 0.515272 0.027319 -0.098891
v 0.515402 0.027319 -0.098798
v 0.515527 0.027319 -0.098687
v 0.515643 0.027319 -0.098565
v 0.515728 0.027319 -0.098456
v 0.515800 0.027319 -0.098343
v 0.515859 0.027319 -0.098226
v 0.515906 0.027319 -0.098105
v 0.515940 0.027319 -0.097980
v 0.515962 0.027319 -0.097851
v 0.515967 0.027319 -0.097784
v 0.505110 0.027319 -0.045389
v 0.505113 0.027319 -0.045304
v 0.505113 0.024250 -0.045304
v 0.505110 0.024250 -0.045389
v 0.509823 0.027319 -0.048719
v 0.509763 0.027319 -0.048783
v 0.509763 0.024250 -0.048783
v 0.509823 0.024250 -0.048719
v 0.513827 0.024250 -0.046912
v 0.513824 0.024250 -0.047007
v 0.513816 0.024250 -0.047100
v 0.513793 0.024250 -0.047234
v 0.513759 0.024250 -0.047363
v 0.513712 0.024250 -0.047486
v 0.513652 0.024250 -0.047604
v 0.513581 0.024250 -0.047715
v 0.513497 0.024250 -0.047822
v 0.513401 0.024250 -0.047922
v 0.513332 0.024250 -0.047985
v 0.513279 0.024250 -0.048028
v 0.513168 0.024250 -0.048107
v 0.513053 0.024250 -0.048173
v 0.512932 0.024250 -0.048228
v 0.512806 0.024250 -0.048271
v 0.512675 0.024250 -0.048302
v 0.512539 0.024250 -0.048322
v 0.512374 0.024250 -0.048330
v 0.510850 0.024250 -0.048330
v 0.510677 0.024250 -0.048337
v 0.510513 0.024250 -0.048360
v 0.510380 0.024250 -0.048392
v 0.510254 0.024250 -0.048435
v 0.510135 0.024250 -0.048489
v 0.510024 0.024250 -0.048555
v 0.509920 0.024250 -0.048631
v 0.509823 0.024250 -0.048719
v 0.509763 0.024250 -0.048783
v 0.509721 0.024250 -0.048833
v 0.509646 0.024250 -0.048936
v 0.509583 0.024250 -0.049046
v 0.509530 0.024250 -0.049162
v 0.509489 0.024250 -0.049284
v 0.509459 0.024250 -0.049413
v 0.509441 0.024250 -0.049547
v 0.509433 0.024250 -0.049711
v 0.509433 0.024250 -0.074124
v 0.509439 0.024250 -0.074273
v 0.509456 0.024250 -0.074414
v 0.509486 0.024250 -0.074548
v 0.509527 0.024250 -0.074675
v 0.509570 0.024250 -0.074775
v 0.509621 0.024250 -0.074869
v 0.509681 0.024250 -0.074957
v 0.509749 0.024250 -0.075040
v 0.509840 0.024250 -0.075134
v 0.509941 0.024250 -0.075218
v 0.510047 0.024250 -0.075291
v 0.510159 0.024250 -0.075354
v 0.510277 0.024250 -0.075405
v 0.510400 0.024250 -0.075446
v 0.510528 0.024250 -0.075476
v 0.510685 0.024250 -0.075498
v 0.510850 0.024250 -0.075506
v 0.512374 0.024250 -0.075506
v 0.512469 0.024250 -0.075508
v 0.512562 0.024250 -0.075516
v 0.512697 0.024250 -0.075538
v 0.512827 0.024250 -0.075571
v 0.512952 0.024250 -0.075616
v 0.513072 0.024250 -0.075672
v 0.513187 0.024250 -0.075741
v 0.513297 0.024250 -0.075821
v 0.513401 0.024250 -0.075913
v 0.513467 0.024250 -0.075980
v 0.513527 0.024250 -0.076049
v 0.513606 0.024250 -0.076156
v 0.513673 0.024250 -0.076270
v 0.513729 0.024250 -0.076389
v 0.513771 0.024250 -0.076514
v 0.513802 0.024250 -0.076645
v 0.513820 0.024250 -0.076781
v 0.513827 0.024250 -0.076923
v 0.513827 0.024250 -0.078482
v 0.513822 0.024250 -0.078601
v 0.513810 0.024250 -0.078714
v 0.513783 0.024250 -0.078846
v 0.513744 0.024250 -0.078971
v 0.513703 0.024250 -0.079071
v 0.513652 0.024250 -0.079166
v 0.513581 0.024250 -0.079275
v 0.513497 0.024250 -0.079378
v 0.513401 0.024250 -0.079474
v 0.513297 0.024250 -0.079562
v 0.513187 0.024250 -0.079639
v 0.513072 0.024250 -0.079704
v 0.512952 0.024250 -0.079759
v 0.512827 0.024250 -0.079801
v 0.512697 0.024250 -0.079834
v 0.512539 0.024250 -0.079856
v 0.512374 0.024250 -0.079864
v 0.506527 0.024250 -0.079864
v 0.506401 0.024250 -0.079857
v 0.506278 0.024250 -0.079839
v 0.506156 0.024250 -0.079809
v 0.506038 0.024250 -0.079766
v 0.505922 0.024250 -0.079711
v 0.505808 0.024250 -0.079644
v 0.505679 0.024250 -0.079549
v 0.505553 0.024250 -0.079439
v 0.505453 0.024250 -0.079335
v 0.505380 0.024250 -0.079246
v 0.505303 0.024250 -0.079137
v 0.505239 0.024250 -0.079025
v 0.505188 0.024250 -0.078910
v 0.505156 0.024250 -0.078811
v 0.505132 0.024250 -0.078710
v 0.505117 0.024250 -0.078608
v 0.505110 0.024250 -0.078482
v 0.505110 0.024250 -0.045389
v 0.505113 0.024250 -0.045304
v 0.505122 0.024250 -0.045221
v 0.505140 0.024250 -0.045120
v 0.505168 0.024250 -0.045020
v 0.505212 0.024250 -0.044903
v 0.505270 0.024250 -0.044789
v 0.505340 0.024250 -0.044679
v 0.505438 0.024250 -0.044553
v 0.505553 0.024250 -0.044432
v 0.505679 0.024250 -0.044321
v 0.505808 0.024250 -0.044227
v 0.505922 0.024250 -0.044160
v 0.506038 0.024250 -0.044105
v 0.506156 0.024250 -0.044062
v 0.506278 0.024250 -0.044031
v 0.506401 0.024250 -0.044013
v 0.506527 0.024250 -0.044007
v 0.512374 0.024250 -0.044007
v 0.512469 0.024250 -0.044010
v 0.512562 0.024250 -0.044018
v 0.512697 0.024250 -0.044040
v 0.512827 0.024250 -0.044075
v 0.512952 0.024250 -0.044122
v 0.513072 0.024250 -0.044181
v 0.513187 0.024250 -0.044253
v 0.513297 0.024250 -0.044336
v 0.513401 0.024250 -0.044432
v 0.513512 0.024250 -0.044553
v 0.513606 0.024250 -0.044679
v 0.513673 0.024250 -0.044789
v 0.513729 0.024250 -0.044903
v 0.513771 0.024250 -0.045020
v 0.513802 0.024250 -0.045140
v 0.513820 0.024250 -0.045263
v 0.513827 0.024250 -0.045389
v 0.513673 0.027319 -0.076270
v 0.513729 0.027319 -0.076389
v 0.513729 0.024250 -0.076389
v 0.513673 0.024250 -0.076270
v 0.513827 0.027319 -0.046912
v 0.513827 0.027319 -0.045389
v 0.513820 0.027319 -0.045263
v 0.513802 0.027319 -0.045140
v 0.513771 0.027319 -0.045020
v 0.513729 0.027319 -0.044903
v 0.513673 0.027319 -0.044789
v 0.513606 0.027319 -0.044679
v 0.513512 0.027319 -0.044553
v 0.513401 0.027319 -0.044432
v 0.513297 0.027319 -0.044336
v 0.513187 0.027319 -0.044253
v 0.513072 0.027319 -0.044181
v 0.512952 0.027319 -0.044122
v 0.512827 0.027319 -0.044075
v 0.512697 0.027319 -0.044040
v 0.512562 0.027319 -0.044018
v 0.512469 0.027319 -0.044010
v 0.512374 0.027319 -0.044007
v 0.506527 0.027319 -0.044007
v 0.506401 0.027319 -0.044013
v 0.506278 0.027319 -0.044031
v 0.506156 0.027319 -0.044062
v 0.506038 0.027319 -0.044105
v 0.505922 0.027319 -0.044160
v 0.505808 0.027319 -0.044227
v 0.505679 0.027319 -0.044321
v 0.505553 0.027319 -0.044432
v 0.505438 0.027319 -0.044553
v 0.505340 0.027319 -0.044679
v 0.505270 0.027319 -0.044789
v 0.505212 0.027319 -0.044903
v 0.505168 0.027319 -0.045020
v 0.505140 0.027319 -0.045120
v 0.505122 0.027319 -0.045221
v 0.505113 0.027319 -0.045304
v 0.505110 0.027319 -0.045389
v 0.505110 0.027319 -0.078482
v 0.505117 0.027319 -0.078608
v 0.505132 0.027319 -0.078710
v 0.505156 0.027319 -0.078811
v 0.505188 0.027319 -0.078910
v 0.505239 0.027319 -0.079025
v 0.505303 0.027319 -0.079137
v 0.505380 0.027319 -0.079246
v 0.505453 0.027319 -0.079335
v 0.505553 0.027319 -0.079439
v 0.505679 0.027319 -0.079549
v 0.505808 0.027319 -0.079644
v 0.505922 0.027319 -0.079711
v 0.506038 0.027319 -0.079766
v 0.506156 0.027319 -0.079809
v 0.506278 0.027319 -0.079839
v 0.506401 0.027319 -0.079857
v 0.506527 0.027319 -0.079864
v 0.512374 0.027319 -0.079864
v 0.512539 0.027319 -0.079856
v 0.512697 0.027319 -0.079834
v 0.512827 0.027319 -0.079801
v 0.512952 0.027319 -0.079759
v 0.513072 0.027319 -0.079704
v 0.513187 0.027319 -0.079639
v 0.513297 0.027319 -0.079562
v 0.513401 0.027319 -0.079474
v 0.513497 0.027319 -0.079378
v 0.513581 0.027319 -0.079275
v 0.513652 0.027319 -0.079166
v 0.513703 0.027319 -0.079071
v 0.513744 0.027319 -0.078971
v 0.513783 0.027319 -0.078846
v 0.513810 0.027319 -0.078714
v 0.513822 0.027319 -0.078601
v 0.513827 0.027319 -0.078482
v 0.513827 0.027319 -0.076923
v 0.513820 0.027319 -0.076781
v 0.513802 0.027319 -0.076645
v 0.513771 0.027319 -0.076514
v 0.513729 0.027319 -0.076389
v 0.513673 0.027319 -0.076270
v 0.513606 0.027319 -0.076156
v 0.513527 0.027319 -0.076049
v 0.513467 0.027319 -0.075980
v 0.513401 0.027319 -0.075913
v 0.513297 0.027319 -0.075821
v 0.513187 0.027319 -0.075741
v 0.513072 0.027319 -0.075672
v 0.512952 0.027319 -0.075616
v 0.512827 0.027319 -0.075571
v 0.512697 0.027319 -0.075538
v 0.512562 0.027319 -0.075516
v 0.512469 0.027319 -0.075508
v 0.512374 0.027319 -0.075506
v 0.510850 0.027319 -0.075506
v 0.510685 0.027319 -0.075498
v 0.510528 0.027319 -0.075476
v 0.510400 0.027319 -0.075446
v 0.510277 0.027319 -0.075405
v 0.510159 0.027319 -0.075354
v 0.510047 0.027319 -0.075291
v 0.509941 0.027319 -0.075218
v 0.509840 0.027319 -0.075134
v 0.509749 0.027319 -0.075040
v 0.509681 0.027319 -0.074957
v 0.509621 0.027319 -0.074869
v 0.509570 0.027319 -0.074775
v 0.509527 0.027319 -0.074675
v 0.509486 0.027319 -0.074548
v 0.509456 0.027319 -0.074414
v 0.509439 0.027319 -0.074273
v 0.509433 0.027319 -0.074124
v 0.509433 0.027319 -0.049711
v 0.509441 0.027319 -0.049547
v 0.509459 0.027319 -0.049413
v 0.509489 0.027319 -0.049284
v 0.509530 0.027319 -0.049162
v 0.509583 0.027319 -0.049046
v 0.509646 0.027319 -0.048936
v 0.509721 0.027319 -0.048833
v 0.509763 0.027319 -0.048783
v 0.509823 0.027319 -0.048719
v 0.509920 0.027319 -0.048631
v 0.510024 0.027319 -0.048555
v 0.510135 0.027319 -0.048489
v 0.510254 0.027319 -0.048435
v 0.510380 0.027319 -0.048392
v 0.510513 0.027319 -0.048360
v 0.510677 0.027319 -0.048337
v 0.510850 0.027319 -0.048330
v 0.512374 0.027319 -0.048330
v 0.512539 0.027319 -0.048322
v 0.512675 0.027319 -0.048302
v 0.512806 0.027319 -0.048271
v 0.512932 0.027319 -0.048228
v 0.513053 0.027319 -0.048173
v 0.513168 0.027319 -0.048107
v 0.513279 0.027319 -0.048028
v 0.513332 0.027319 -0.047985
v 0.513401 0.027319 -0.047922
v 0.513497 0.027319 -0.047822
v 0.513581 0.027319 -0.047715
v 0.513652 0.027319 -0.047604
v 0.513712 0.027319 -0.047486
v 0.513759 0.027319 -0.047363
v 0.513793 0.027319 -0.047234
v 0.513816 0.027319 -0.047100
v 0.513824 0.027319 -0.047007
v 0.509721 0.027319 -0.048833
v 0.509646 0.027319 -0.048936
v 0.509646 0.024250 -0.048936
v 0.509721 0.024250 -0.048833
v 0.505113 0.027319 -0.045304
v 0.505122 0.027319 -0.045221
v 0.505122 0.024250 -0.045221
v 0.505113 0.024250 -0.045304
v 0.509763 0.027319 -0.048783
v 0.509721 0.027319 -0.048833
v 0.509721 0.024250 -0.048833
v 0.509763 0.024250 -0.048783
v 0.513729 0.027319 -0.076389
v 0.513771 0.027319 -0.076514
v 0.513771 0.024250 -0.076514
v 0.513729 0.024250 -0.076389
v 0.509646 0.027319 -0.048936
v 0.509583 0.027319 -0.049046
v 0.509583 0.024250 -0.049046
v 0.509646 0.024250 -0.048936
v 0.505122 0.027319 -0.045221
v 0.505140 0.027319 -0.045120
v 0.505140 0.024250 -0.045120
v 0.505122 0.024250 -0.045221
v 0.513771 0.027319 -0.076514
v 0.513802 0.027319 -0.076645
v 0.513802 0.024250 -0.076645
v 0.513771 0.024250 -0.076514
v 0.509583 0.027319 -0.049046
v 0.509530 0.027319 -0.049162
v 0.509530 0.024250 -0.049162
v 0.509583 0.024250 -0.049046
v 0.505140 0.027319 -0.045120
v 0.505168 0.027319 -0.045020
v 0.505168 0.024250 -0.045020
v 0.505140 0.024250 -0.045120
v 0.513802 0.027319 -0.076645
v 0.513820 0.027319 -0.076781
v 0.513820 0.024250 -0.076781
v 0.513802 0.024250 -0.076645
v 0.509530 0.027319 -0.049162
v 0.509489 0.027319 -0.049284
v 0.509489 0.024250 -0.049284
v 0.509530 0.024250 -0.049162
v 0.505168 0.027319 -0.045020
v 0.505212 0.027319 -0.044903
v 0.505212 0.024250 -0.044903
v 0.505168 0.024250 -0.045020
v 0.513820 0.027319 -0.076781
v 0.513827 0.027319 -0.076923
v 0.513827 0.024250 -0.076923
v 0.513820 0.024250 -0.076781
v 0.509489 0.027319 -0.049284
v 0.509459 0.027319 -0.049413
v 0.509459 0.024250 -0.049413
v 0.509489 0.024250 -0.049284
v 0.505212 0.027319 -0.044903
v 0.505270 0.027319 -0.044789
v 0.505270 0.024250 -0.044789
v 0.505212 0.024250 -0.044903
v 0.513827 0.027319 -0.076923
v 0.513827 0.027319 -0.078482
v 0.513827 0.024250 -0.078482
v 0.513827 0.024250 -0.076923
v 0.509459 0.027319 -0.049413
v 0.509441 0.027319 -0.049547
v 0.509441 0.024250 -0.049547
v 0.509459 0.024250 -0.049413
v 0.505270 0.027319 -0.044789
v 0.505340 0.027319 -0.044679
v 0.505340 0.024250 -0.044679
v 0.505270 0.024250 -0.044789
v 0.509441 0.027319 -0.049547
v 0.509433 0.027319 -0.049711
v 0.509433 0.024250 -0.049711
v 0.509441 0.024250 -0.049547
v 0.513827 0.027319 -0.078482
v 0.513822 0.027319 -0.078601
v 0.513822 0.024250 -0.078601
v 0.513827 0.024250 -0.078482
v 0.509433 0.027319 -0.049711
v 0.509433 0.027319 -0.074124
v 0.509433 0.024250 -0.074124
v 0.509433 0.024250 -0.049711
v 0.505340 0.027319 -0.044679
v 0.505438 0.027319 -0.044553
v 0.505438 0.024250 -0.044553
v 0.505340 0.024250 -0.044679
v 0.513822 0.027319 -0.078601
v 0.513810 0.027319 -0.078714
v 0.513810 0.024250 -0.078714
v 0.513822 0.024250 -0.078601
v 0.505438 0.027319 -0.044553
v 0.505553 0.027319 -0.044432
v 0.505553 0.024250 -0.044432
v 0.505438 0.024250 -0.044553
v 0.513810 0.027319 -0.078714
v 0.513783 0.027319 -0.078846
v 0.513783 0.024250 -0.078846
v 0.513810 0.024250 -0.078714
v 0.505553 0.027319 -0.044432
v 0.505679 0.027319 -0.044321
v 0.505679 0.024250 -0.044321
v 0.505553 0.024250 -0.044432
v 0.513783 0.027319 -0.078846
v 0.513744 0.027319 -0.078971
v 0.513744 0.024250 -0.078971
v 0.513783 0.024250 -0.078846
v 0.505679 0.027319 -0.044321
v 0.505808 0.027319 -0.044227
v 0.505808 0.024250 -0.044227
v 0.505679 0.024250 -0.044321
v 0.513744 0.027319 -0.078971
v 0.513703 0.027319 -0.079071
v 0.513703 0.024250 -0.079071
v 0.513744 0.024250 -0.078971
v 0.509433 0.027319 -0.074124
v 0.509439 0.027319 -0.074273
v 0.509439 0.024250 -0.074273
v 0.509433 0.024250 -0.074124
v 0.505808 0.027319 -0.044227
v 0.505922 0.027319 -0.044160
v 0.505922 0.024250 -0.044160
v 0.505808 0.024250 -0.044227
v 0.513703 0.027319 -0.079071
v 0.513652 0.027319 -0.079166
v 0.513652 0.024250 -0.079166
v 0.513703 0.024250 -0.079071
v 0.509439 0.027319 -0.074273
v 0.509456 0.027319 -0.074414
v 0.509456 0.024250 -0.074414
v 0.509439 0.024250 -0.074273
v 0.513652 0.027319 -0.079166
v 0.513581 0.027319 -0.079275
v 0.513581 0.024250 -0.079275
v 0.513652 0.024250 -0.079166
v 0.505922 0.027319 -0.044160
v 0.506038 0.027319 -0.044105
v 0.506038 0.024250 -0.044105
v 0.505922 0.024250 -0.044160
v 0.509456 0.027319 -0.074414
v 0.509486 0.027319 -0.074548
v 0.509486 0.024250 -0.074548
v 0.509456 0.024250 -0.074414
v 0.506038 0.027319 -0.044105
v 0.506156 0.027319 -0.044062
v 0.506156 0.024250 -0.044062
v 0.506038 0.024250 -0.044105
v 0.513581 0.027319 -0.079275
v 0.513497 0.027319 -0.079378
v 0.513497 0.024250 -0.079378
v 0.513581 0.024250 -0.079275
v 0.509486 0.027319 -0.074548
v 0.509527 0.027319 -0.074675
v 0.509527 0.024250 -0.074675
v 0.509486 0.024250 -0.074548
v 0.506156 0.027319 -0.044062
v 0.506278 0.027319 -0.044031
v 0.506278 0.024250 -0.044031
v 0.506156 0.024250 -0.044062
v 0.513827 0.027319 -0.045389
v 0.513827 0.027319 -0.046912
v 0.513827 0.024250 -0.046912
v 0.513827 0.024250 -0.045389
v 0.513497 0.027319 -0.079378
v 0.513401 0.027319 -0.079474
v 0.513401 0.024250 -0.079474
v 0.513497 0.024250 -0.079378
v 0.509527 0.027319 -0.074675
v 0.509570 0.027319 -0.074775
v 0.509570 0.024250 -0.074775
v 0.509527 0.024250 -0.074675
v 0.513827 0.027319 -0.046912
v 0.513824 0.027319 -0.047007
v 0.513824 0.024250 -0.047007
v 0.513827 0.024250 -0.046912
v 0.509570 0.027319 -0.074775
v 0.509621 0.027319 -0.074869
v 0.509621 0.024250 -0.074869
v 0.509570 0.024250 -0.074775
v 0.506278 0.027319 -0.044031
v 0.506401 0.027319 -0.044013
v 0.506401 0.024250 -0.044013
v 0.506278 0.024250 -0.044031
v 0.513824 0.027319 -0.047007
v 0.513816 0.027319 -0.047100
v 0.513816 0.024250 -0.047100
v 0.513824 0.024250 -0.047007
v 0.513401 0.027319 -0.079474
v 0.513297 0.027319 -0.079562
v 0.513297 0.024250 -0.079562
v 0.513401 0.024250 -0.079474
v 0.509621 0.027319 -0.074869
v 0.509681 0.027319 -0.074957
v 0.509681 0.024250 -0.074957
v 0.509621 0.024250 -0.074869
v 0.506401 0.027319 -0.044013
v 0.506527 0.027319 -0.044007
v 0.506527 0.024250 -0.044007
v 0.506401 0.024250 -0.044013
v 0.513816 0.027319 -0.047100
v 0.513793 0.027319 -0.047234
v 0.513793 0.024250 -0.047234
v 0.513816 0.024250 -0.047100
v 0.513297 0.027319 -0.079562
v 0.513187 0.027319 -0.079639
v 0.513187 0.024250 -0.079639
v 0.513297 0.024250 -0.079562
v 0.509681 0.027319 -0.074957
v 0.509749 0.027319 -0.075040
v 0.509749 0.024250 -0.075040
v 0.509681 0.024250 -0.074957
v 0.506527 0.027319 -0.044007
v 0.512374 0.027319 -0.044007
v 0.512374 0.024250 -0.044007
v 0.506527 0.024250 -0.044007
v 0.513793 0.027319 -0.047234
v 0.513759 0.027319 -0.047363
v 0.513759 0.024250 -0.047363
v 0.513793 0.024250 -0.047234
v 0.513187 0.027319 -0.079639
v 0.513072 0.027319 -0.079704
v 0.513072 0.024250 -0.079704
v 0.513187 0.024250 -0.079639
v 0.509749 0.027319 -0.075040
v 0.509840 0.027319 -0.075134
v 0.509840 0.024250 -0.075134
v 0.509749 0.024250 -0.075040
v 0.513759 0.027319 -0.047363
v 0.513712 0.027319 -0.047486
v 0.513712 0.024250 -0.047486
v 0.513759 0.024250 -0.047363
v 0.513072 0.027319 -0.079704
v 0.512952 0.027319 -0.079759
v 0.512952 0.024250 -0.079759
v 0.513072 0.024250 -0.079704
v 0.509840 0.027319 -0.075134
v 0.509941 0.027319 -0.075218
v 0.509941 0.024250 -0.075218
v 0.509840 0.024250 -0.075134
v 0.512374 0.027319 -0.044007
v 0.512469 0.027319 -0.044010
v 0.512469 0.024250 -0.044010
v 0.512374 0.024250 -0.044007
v 0.512952 0.027319 -0.079759
v 0.512827 0.027319 -0.079801
v 0.512827 0.024250 -0.079801
v 0.512952 0.024250 -0.079759
v 0.509941 0.027319 -0.075218
v 0.510047 0.027319 -0.075291
v 0.510047 0.024250 -0.075291
v 0.509941 0.024250 -0.075218
v 0.512469 0.027319 -0.044010
v 0.512562 0.027319 -0.044018
v 0.512562 0.024250 -0.044018
v 0.512469 0.024250 -0.044010
v 0.513712 0.027319 -0.047486
v 0.513652 0.027319 -0.047604
v 0.513652 0.024250 -0.047604
v 0.513712 0.024250 -0.047486
v 0.512827 0.027319 -0.079801
v 0.512697 0.027319 -0.079834
v 0.512697 0.024250 -0.079834
v 0.512827 0.024250 -0.079801
v 0.510047 0.027319 -0.075291
v 0.510159 0.027319 -0.075354
v 0.510159 0.024250 -0.075354
v 0.510047 0.024250 -0.075291
v 0.512562 0.027319 -0.044018
v 0.512697 0.027319 -0.044040
v 0.512697 0.024250 -0.044040
v 0.512562 0.024250 -0.044018
v 0.513652 0.027319 -0.047604
v 0.513581 0.027319 -0.047715
v 0.513581 0.024250 -0.047715
v 0.513652 0.024250 -0.047604
v 0.512697 0.027319 -0.079834
v 0.512539 0.027319 -0.079856
v 0.512539 0.024250 -0.079856
v 0.512697 0.024250 -0.079834
v 0.512697 0.027319 -0.044040
v 0.512827 0.027319 -0.044075
v 0.512827 0.024250 -0.044075
v 0.512697 0.024250 -0.044040
v 0.513581 0.027319 -0.047715
v 0.513497 0.027319 -0.047822
v 0.513497 0.024250 -0.047822
v 0.513581 0.024250 -0.047715
v 0.512539 0.027319 -0.079856
v 0.512374 0.027319 -0.079864
v 0.512374 0.024250 -0.079864
v 0.512539 0.024250 -0.079856
v 0.510159 0.027319 -0.075354
v 0.510277 0.027319 -0.075405
v 0.510277 0.024250 -0.075405
v 0.510159 0.024250 -0.075354
v 0.512827 0.027319 -0.044075
v 0.512952 0.027319 -0.044122
v 0.512952 0.024250 -0.044122
v 0.512827 0.024250 -0.044075
v 0.513497 0.027319 -0.047822
v 0.513401 0.027319 -0.047922
v 0.513401 0.024250 -0.047922
v 0.513497 0.024250 -0.047822
v 0.510277 0.027319 -0.075405
v 0.510400 0.027319 -0.075446
v 0.510400 0.024250 -0.075446
v 0.510277 0.024250 -0.075405
v 0.512952 0.027319 -0.044122
v 0.513072 0.027319 -0.044181
v 0.513072 0.024250 -0.044181
v 0.512952 0.024250 -0.044122
v 0.512374 0.027319 -0.079864
v 0.506527 0.027319 -0.079864
v 0.506527 0.024250 -0.079864
v 0.512374 0.024250 -0.079864
v 0.510400 0.027319 -0.075446
v 0.510528 0.027319 -0.075476
v 0.510528 0.024250 -0.075476
v 0.510400 0.024250 -0.075446
v 0.513401 0.027319 -0.047922
v 0.513332 0.027319 -0.047985
v 0.513332 0.024250 -0.047985
v 0.513401 0.024250 -0.047922
v 0.506527 0.027319 -0.079864
v 0.506401 0.027319 -0.079857
v 0.506401 0.024250 -0.079857
v 0.506527 0.024250 -0.079864
v 0.510528 0.027319 -0.075476
v 0.510685 0.027319 -0.075498
v 0.510685 0.024250 -0.075498
v 0.510528 0.024250 -0.075476
v 0.513072 0.027319 -0.044181
v 0.513187 0.027319 -0.044253
v 0.513187 0.024250 -0.044253
v 0.513072 0.024250 -0.044181
v 0.513332 0.027319 -0.047985
v 0.513279 0.027319 -0.048028
v 0.513279 0.024250 -0.048028
v 0.513332 0.024250 -0.047985
v 0.506401 0.027319 -0.079857
v 0.506278 0.027319 -0.079839
v 0.506278 0.024250 -0.079839
v 0.506401 0.024250 -0.079857
v 0.510685 0.027319 -0.075498
v 0.510850 0.027319 -0.075506
v 0.510850 0.024250 -0.075506
v 0.510685 0.024250 -0.075498
v 0.513187 0.027319 -0.044253
v 0.513297 0.027319 -0.044336
v 0.513297 0.024250 -0.044336
v 0.513187 0.024250 -0.044253
v 0.513279 0.027319 -0.048028
v 0.513168 0.027319 -0.048107
v 0.513168 0.024250 -0.048107
v 0.513279 0.024250 -0.048028
v 0.506278 0.027319 -0.079839
v 0.506156 0.027319 -0.079809
v 0.506156 0.024250 -0.079809
v 0.506278 0.024250 -0.079839
v 0.513297 0.027319 -0.044336
v 0.513401 0.027319 -0.044432
v 0.513401 0.024250 -0.044432
v 0.513297 0.024250 -0.044336
v 0.513168 0.027319 -0.048107
v 0.513053 0.027319 -0.048173
v 0.513053 0.024250 -0.048173
v 0.513168 0.024250 -0.048107
v 0.513401 0.027319 -0.044432
v 0.513512 0.027319 -0.044553
v 0.513512 0.024250 -0.044553
v 0.513401 0.024250 -0.044432
v 0.513053 0.027319 -0.048173
v 0.512932 0.027319 -0.048228
v 0.512932 0.024250 -0.048228
v 0.513053 0.024250 -0.048173
v 0.506156 0.027319 -0.079809
v 0.506038 0.027319 -0.079766
v 0.506038 0.024250 -0.079766
v 0.506156 0.024250 -0.079809
v 0.513512 0.027319 -0.044553
v 0.513606 0.027319 -0.044679
v 0.513606 0.024250 -0.044679
v 0.513512 0.024250 -0.044553
v 0.512932 0.027319 -0.048228
v 0.512806 0.027319 -0.048271
v 0.512806 0.024250 -0.048271
v 0.512932 0.024250 -0.048228
v 0.506038 0.027319 -0.079766
v 0.505922 0.027319 -0.079711
v 0.505922 0.024250 -0.079711
v 0.506038 0.024250 -0.079766
v 0.513606 0.027319 -0.044679
v 0.513673 0.027319 -0.044789
v 0.513673 0.024250 -0.044789
v 0.513606 0.024250 -0.044679
v 0.512806 0.027319 -0.048271
v 0.512675 0.027319 -0.048302
v 0.512675 0.024250 -0.048302
v 0.512806 0.024250 -0.048271
v 0.505922 0.027319 -0.079711
v 0.505808 0.027319 -0.079644
v 0.505808 0.024250 -0.079644
v 0.505922 0.024250 -0.079711
v 0.512675 0.027319 -0.048302
v 0.512539 0.027319 -0.048322
v 0.512539 0.024250 -0.048322
v 0.512675 0.024250 -0.048302
v 0.505808 0.027319 -0.079644
v 0.505679 0.027319 -0.079549
v 0.505679 0.024250 -0.079549
v 0.505808 0.024250 -0.079644
v 0.510850 0.027319 -0.075506
v 0.512374 0.027319 -0.075506
v 0.512374 0.024250 -0.075506
v 0.510850 0.024250 -0.075506
v 0.513673 0.027319 -0.044789
v 0.513729 0.027319 -0.044903
v 0.513729 0.024250 -0.044903
v 0.513673 0.024250 -0.044789
v 0.512539 0.027319 -0.048322
v 0.512374 0.027319 -0.048330
v 0.512374 0.024250 -0.048330
v 0.512539 0.024250 -0.048322
v 0.505679 0.027319 -0.079549
v 0.505553 0.027319 -0.079439
v 0.505553 0.024250 -0.079439
v 0.505679 0.024250 -0.079549
v 0.512374 0.027319 -0.075506
v 0.512469 0.027319 -0.075508
v 0.512469 0.024250 -0.075508
v 0.512374 0.024250 -0.075506
v 0.513729 0.027319 -0.044903
v 0.513771 0.027319 -0.045020
v 0.513771 0.024250 -0.045020
v 0.513729 0.024250 -0.044903
v 0.512469 0.027319 -0.075508
v 0.512562 0.027319 -0.075516
v 0.512562 0.024250 -0.075516
v 0.512469 0.024250 -0.075508
v 0.513771 0.027319 -0.045020
v 0.513802 0.027319 -0.045140
v 0.513802 0.024250 -0.045140
v 0.513771 0.024250 -0.045020
v 0.512374 0.027319 -0.048330
v 0.510850 0.027319 -0.048330
v 0.510850 0.024250 -0.048330
v 0.512374 0.024250 -0.048330
v 0.505553 0.027319 -0.079439
v 0.505453 0.027319 -0.079335
v 0.505453 0.024250 -0.079335
v 0.505553 0.024250 -0.079439
v 0.512562 0.027319 -0.075516
v 0.512697 0.027319 -0.075538
v 0.512697 0.024250 -0.075538
v 0.512562 0.024250 -0.075516
v 0.513802 0.027319 -0.045140
v 0.513820 0.027319 -0.045263
v 0.513820 0.024250 -0.045263
v 0.513802 0.024250 -0.045140
v 0.510850 0.027319 -0.048330
v 0.510677 0.027319 -0.048337
v 0.510677 0.024250 -0.048337
v 0.510850 0.024250 -0.048330
v 0.505453 0.027319 -0.079335
v 0.505380 0.027319 -0.079246
v 0.505380 0.024250 -0.079246
v 0.505453 0.024250 -0.079335
v 0.512697 0.027319 -0.075538
v 0.512827 0.027319 -0.075571
v 0.512827 0.024250 -0.075571
v 0.512697 0.024250 -0.075538
v 0.505380 0.027319 -0.079246
v 0.505303 0.027319 -0.079137
v 0.505303 0.024250 -0.079137
v 0.505380 0.024250 -0.079246
v 0.512827 0.027319 -0.075571
v 0.512952 0.027319 -0.075616
v 0.512952 0.024250 -0.075616
v 0.512827 0.024250 -0.075571
v 0.513820 0.027319 -0.045263
v 0.513827 0.027319 -0.045389
v 0.513827 0.024250 -0.045389
v 0.513820 0.024250 -0.045263
v 0.510677 0.027319 -0.048337
v 0.510513 0.027319 -0.048360
v 0.510513 0.024250 -0.048360
v 0.510677 0.024250 -0.048337
v 0.512952 0.027319 -0.075616
v 0.513072 0.027319 -0.075672
v 0.513072 0.024250 -0.075672
v 0.512952 0.024250 -0.075616
v 0.510513 0.027319 -0.048360
v 0.510380 0.027319 -0.048392
v 0.510380 0.024250 -0.048392
v 0.510513 0.024250 -0.048360
v 0.505303 0.027319 -0.079137
v 0.505239 0.027319 -0.079025
v 0.505239 0.024250 -0.079025
v 0.505303 0.024250 -0.079137
v 0.505239 0.027319 -0.079025
v 0.505188 0.027319 -0.078910
v 0.505188 0.024250 -0.078910
v 0.505239 0.024250 -0.079025
v 0.513072 0.027319 -0.075672
v 0.513187 0.027319 -0.075741
v 0.513187 0.024250 -0.075741
v 0.513072 0.024250 -0.075672
v 0.510380 0.027319 -0.048392
v 0.510254 0.027319 -0.048435
v 0.510254 0.024250 -0.048435
v 0.510380 0.024250 -0.048392
v 0.505188 0.027319 -0.078910
v 0.505156 0.027319 -0.078811
v 0.505156 0.024250 -0.078811
v 0.505188 0.024250 -0.078910
v 0.513187 0.027319 -0.075741
v 0.513297 0.027319 -0.075821
v 0.513297 0.024250 -0.075821
v 0.513187 0.024250 -0.075741
v 0.510254 0.027319 -0.048435
v 0.510135 0.027319 -0.048489
v 0.510135 0.024250 -0.048489
v 0.510254 0.024250 -0.048435
v 0.505156 0.027319 -0.078811
v 0.505132 0.027319 -0.078710
v 0.505132 0.024250 -0.078710
v 0.505156 0.024250 -0.078811
v 0.513297 0.027319 -0.075821
v 0.513401 0.027319 -0.075913
v 0.513401 0.024250 -0.075913
v 0.513297 0.024250 -0.075821
v 0.510135 0.027319 -0.048489
v 0.510024 0.027319 -0.048555
v 0.510024 0.024250 -0.048555
v 0.510135 0.024250 -0.048489
v 0.505132 0.027319 -0.078710
v 0.505117 0.027319 -0.078608
v 0.505117 0.024250 -0.078608
v 0.505132 0.024250 -0.078710
v 0.513401 0.027319 -0.075913
v 0.513467 0.027319 -0.075980
v 0.513467 0.024250 -0.075980
v 0.513401 0.024250 -0.075913
v 0.510024 0.027319 -0.048555
v 0.509920 0.027319 -0.048631
v 0.509920 0.024250 -0.048631
v 0.510024 0.024250 -0.048555
v 0.505117 0.027319 -0.078608
v 0.505110 0.027319 -0.078482
v 0.505110 0.024250 -0.078482
v 0.505117 0.024250 -0.078608
v 0.513467 0.027319 -0.075980
v 0.513527 0.027319 -0.076049
v 0.513527 0.024250 -0.076049
v 0.513467 0.024250 -0.075980
v 0.513527 0.027319 -0.076049
v 0.513606 0.027319 -0.076156
v 0.513606 0.024250 -0.076156
v 0.513527 0.024250 -0.076049
v 0.509920 0.027319 -0.048631
v 0.509823 0.027319 -0.048719
v 0.509823 0.024250 -0.048719
v 0.509920 0.024250 -0.048631
v 0.505110 0.027319 -0.078482
v 0.505110 0.027319 -0.045389
v 0.505110 0.024250 -0.045389
v 0.505110 0.024250 -0.078482
v 0.513606 0.027319 -0.076156
v 0.513673 0.027319 -0.076270
v 0.513673 0.024250 -0.076270
v 0.513606 0.024250 -0.076156
v 0.515970 0.024334 -0.097695
v 0.515967 0.024334 -0.097784
v 0.515962 0.024334 -0.097851
v 0.515940 0.024334 -0.097980
v 0.515906 0.024334 -0.098105
v 0.515859 0.024334 -0.098226
v 0.515800 0.024334 -0.098343
v 0.515728 0.024334 -0.098456
v 0.515643 0.024334 -0.098565
v 0.515527 0.024334 -0.098687
v 0.515402 0.024334 -0.098798
v 0.515272 0.024334 -0.098891
v 0.515159 0.024334 -0.098959
v 0.515043 0.024334 -0.099014
v 0.514924 0.024334 -0.099057
v 0.514803 0.024334 -0.099087
v 0.514679 0.024334 -0.099106
v 0.514553 0.024334 -0.099112
v 0.512994 0.024334 -0.099112
v 0.512852 0.024334 -0.099119
v 0.512717 0.024334 -0.099137
v 0.512588 0.024334 -0.099170
v 0.512485 0.024334 -0.099206
v 0.512386 0.024334 -0.099251
v 0.512291 0.024334 -0.099305
v 0.512201 0.024334 -0.099367
v 0.512098 0.024334 -0.099455
v 0.512002 0.024334 -0.099555
v 0.511900 0.024334 -0.099680
v 0.511826 0.024334 -0.099791
v 0.511752 0.024334 -0.099923
v 0.511702 0.024334 -0.100039
v 0.511663 0.024334 -0.100158
v 0.511635 0.024334 -0.100279
v 0.511618 0.024334 -0.100403
v 0.511612 0.024334 -0.100529
v 0.511612 0.024334 -0.109210
v 0.511608 0.024334 -0.109321
v 0.511598 0.024334 -0.109408
v 0.511574 0.024334 -0.109534
v 0.511537 0.024334 -0.109655
v 0.511497 0.024334 -0.109752
v 0.511438 0.024334 -0.109863
v 0.511366 0.024334 -0.109969
v 0.511283 0.024334 -0.110070
v 0.511187 0.024334 -0.110166
v 0.511066 0.024334 -0.110268
v 0.510940 0.024334 -0.110354
v 0.510830 0.024334 -0.110416
v 0.510716 0.024334 -0.110467
v 0.510599 0.024334 -0.110506
v 0.510479 0.024334 -0.110534
v 0.510356 0.024334 -0.110551
v 0.510230 0.024334 -0.110556
v 0.508707 0.024334 -0.110556
v 0.508588 0.024334 -0.110561
v 0.508496 0.024334 -0.110571
v 0.508363 0.024334 -0.110597
v 0.508235 0.024334 -0.110634
v 0.508133 0.024334 -0.110676
v 0.508015 0.024334 -0.110738
v 0.507904 0.024334 -0.110812
v 0.507797 0.024334 -0.110900
v 0.507697 0.024334 -0.111000
v 0.507591 0.024334 -0.111125
v 0.507501 0.024334 -0.111254
v 0.507436 0.024334 -0.111368
v 0.507383 0.024334 -0.111484
v 0.507342 0.024334 -0.111603
v 0.507313 0.024334 -0.111723
v 0.507295 0.024334 -0.111847
v 0.507289 0.024334 -0.111974
v 0.507289 0.024334 -0.113532
v 0.507294 0.024334 -0.113637
v 0.507307 0.024334 -0.113740
v 0.507329 0.024334 -0.113840
v 0.507360 0.024334 -0.113938
v 0.507400 0.024334 -0.114033
v 0.507460 0.024334 -0.114144
v 0.507532 0.024334 -0.114252
v 0.507617 0.024334 -0.114355
v 0.507732 0.024334 -0.114472
v 0.507858 0.024334 -0.114578
v 0.507987 0.024334 -0.114668
v 0.508101 0.024334 -0.114732
v 0.508217 0.024334 -0.114785
v 0.508336 0.024334 -0.114827
v 0.508457 0.024334 -0.114855
v 0.508580 0.024334 -0.114873
v 0.508707 0.024334 -0.114879
v 0.510230 0.024334 -0.114879
v 0.510315 0.024334 -0.114882
v 0.510398 0.024334 -0.114891
v 0.510499 0.024334 -0.114909
v 0.510599 0.024334 -0.114937
v 0.510716 0.024334 -0.114981
v 0.510830 0.024334 -0.115038
v 0.510940 0.024334 -0.115108
v 0.511066 0.024334 -0.115207
v 0.511187 0.024334 -0.115322
v 0.511298 0.024334 -0.115448
v 0.511392 0.024334 -0.115577
v 0.511459 0.024334 -0.115690
v 0.511514 0.024334 -0.115806
v 0.511557 0.024334 -0.115925
v 0.511588 0.024334 -0.116047
v 0.511606 0.024334 -0.116170
v 0.511612 0.024334 -0.116296
v 0.511612 0.024334 -0.125013
v 0.511615 0.024334 -0.125108
v 0.511623 0.024334 -0.125200
v 0.511645 0.024334 -0.125335
v 0.511680 0.024334 -0.125464
v 0.511727 0.024334 -0.125586
v 0.511786 0.024334 -0.125704
v 0.511858 0.024334 -0.125815
v 0.511941 0.024334 -0.125922
v 0.512037 0.024334 -0.126023
v 0.512158 0.024334 -0.126128
v 0.512284 0.024334 -0.126218
v 0.512394 0.024334 -0.126283
v 0.512508 0.024334 -0.126336
v 0.512625 0.024334 -0.126377
v 0.512745 0.024334 -0.126407
v 0.512868 0.024334 -0.126424
v 0.512994 0.024334 -0.126430
v 0.514553 0.024334 -0.126430
v 0.514679 0.024334 -0.126436
v 0.514803 0.024334 -0.126454
v 0.514924 0.024334 -0.126483
v 0.515043 0.024334 -0.126524
v 0.515159 0.024334 -0.126576
v 0.515272 0.024334 -0.126641
v 0.515402 0.024334 -0.126732
v 0.515527 0.024334 -0.126838
v 0.515627 0.024334 -0.126937
v 0.515714 0.024334 -0.127040
v 0.515789 0.024334 -0.127147
v 0.515850 0.024334 -0.127257
v 0.515892 0.024334 -0.127352
v 0.515925 0.024334 -0.127449
v 0.515949 0.024334 -0.127549
v 0.515964 0.024334 -0.127650
v 0.515970 0.024334 -0.127777
v 0.515970 0.024334 -0.129335
v 0.515964 0.024334 -0.129477
v 0.515945 0.024334 -0.129613
v 0.515913 0.024334 -0.129742
v 0.515877 0.024334 -0.129845
v 0.515831 0.024334 -0.129944
v 0.515777 0.024334 -0.130038
v 0.515714 0.024334 -0.130128
v 0.515627 0.024334 -0.130231
v 0.515527 0.024334 -0.130327
v 0.515402 0.024334 -0.130429
v 0.515291 0.024334 -0.130504
v 0.515159 0.024334 -0.130577
v 0.515043 0.024334 -0.130627
v 0.514924 0.024334 -0.130666
v 0.514803 0.024334 -0.130694
v 0.514679 0.024334 -0.130711
v 0.514553 0.024334 -0.130717
v 0.508707 0.024334 -0.130717
v 0.508612 0.024334 -0.130715
v 0.508519 0.024334 -0.130707
v 0.508385 0.024334 -0.130684
v 0.508256 0.024334 -0.130649
v 0.508133 0.024334 -0.130602
v 0.508015 0.024334 -0.130543
v 0.507904 0.024334 -0.130471
v 0.507797 0.024334 -0.130388
v 0.507697 0.024334 -0.130292
v 0.507591 0.024334 -0.130171
v 0.507501 0.024334 -0.130046
v 0.507436 0.024334 -0.129935
v 0.507383 0.024334 -0.129821
v 0.507342 0.024334 -0.129705
v 0.507313 0.024334 -0.129585
v 0.507295 0.024334 -0.129461
v 0.507289 0.024334 -0.129335
v 0.507289 0.024334 -0.120619
v 0.507286 0.024334 -0.120530
v 0.507281 0.024334 -0.120463
v 0.507259 0.024334 -0.120334
v 0.507225 0.024334 -0.120209
v 0.507179 0.024334 -0.120087
v 0.507119 0.024334 -0.119971
v 0.507047 0.024334 -0.119857
v 0.506962 0.024334 -0.119749
v 0.506846 0.024334 -0.119627
v 0.506721 0.024334 -0.119516
v 0.506592 0.024334 -0.119422
v 0.506478 0.024334 -0.119355
v 0.506362 0.024334 -0.119300
v 0.506243 0.024334 -0.119257
v 0.506122 0.024334 -0.119227
v 0.505998 0.024334 -0.119208
v 0.505872 0.024334 -0.119202
v 0.504384 0.024334 -0.119202
v 0.504294 0.024334 -0.119199
v 0.504228 0.024334 -0.119194
v 0.504099 0.024334 -0.119173
v 0.503974 0.024334 -0.119140
v 0.503852 0.024334 -0.119095
v 0.503735 0.024334 -0.119038
v 0.503622 0.024334 -0.118969
v 0.503514 0.024334 -0.118887
v 0.503392 0.024334 -0.118777
v 0.503281 0.024334 -0.118656
v 0.503187 0.024334 -0.118530
v 0.503120 0.024334 -0.118419
v 0.503065 0.024334 -0.118305
v 0.503022 0.024334 -0.118189
v 0.502991 0.024334 -0.118069
v 0.502973 0.024334 -0.117946
v 0.502967 0.024334 -0.117820
v 0.502967 0.024334 -0.107616
v 0.502971 0.024334 -0.107510
v 0.502984 0.024334 -0.107408
v 0.503007 0.024334 -0.107308
v 0.503038 0.024334 -0.107211
v 0.503077 0.024334 -0.107115
v 0.503137 0.024334 -0.107004
v 0.503209 0.024334 -0.106897
v 0.503294 0.024334 -0.106793
v 0.503410 0.024334 -0.106676
v 0.503535 0.024334 -0.106570
v 0.503665 0.024334 -0.106481
v 0.503778 0.024334 -0.106416
v 0.503894 0.024334 -0.106363
v 0.504013 0.024334 -0.106322
v 0.504134 0.024334 -0.106293
v 0.504258 0.024334 -0.106275
v 0.504384 0.024334 -0.106269
v 0.505872 0.024334 -0.106269
v 0.505885 0.024334 -0.106275
v 0.505900 0.024334 -0.106279
v 0.505932 0.024334 -0.106287
v 0.506005 0.024334 -0.106297
v 0.506209 0.024334 -0.106304
v 0.506241 0.024334 -0.106303
v 0.506275 0.024334 -0.106298
v 0.506322 0.024334 -0.106287
v 0.506384 0.024334 -0.106265
v 0.506463 0.024334 -0.106226
v 0.506562 0.024334 -0.106165
v 0.506699 0.024334 -0.106062
v 0.506917 0.024334 -0.105861
v 0.507001 0.024334 -0.105772
v 0.507060 0.024334 -0.105700
v 0.507137 0.024334 -0.105588
v 0.507189 0.024334 -0.105493
v 0.507232 0.024334 -0.105397
v 0.507264 0.024334 -0.105298
v 0.507286 0.024334 -0.105198
v 0.507297 0.024334 -0.105096
v 0.507298 0.024334 -0.104993
v 0.507289 0.024334 -0.104888
v 0.507289 0.024334 -0.096207
v 0.507292 0.024334 -0.096116
v 0.507298 0.024334 -0.096051
v 0.507319 0.024334 -0.095921
v 0.507353 0.024334 -0.095796
v 0.507400 0.024334 -0.095675
v 0.507460 0.024334 -0.095558
v 0.507532 0.024334 -0.095445
v 0.507617 0.024334 -0.095336
v 0.507732 0.024334 -0.095215
v 0.507858 0.024334 -0.095104
v 0.507987 0.024334 -0.095009
v 0.508101 0.024334 -0.094942
v 0.508217 0.024334 -0.094887
v 0.508336 0.024334 -0.094844
v 0.508457 0.024334 -0.094814
v 0.508580 0.024334 -0.094796
v 0.508707 0.024334 -0.094789
v 0.514553 0.024334 -0.094789
v 0.514679 0.024334 -0.094796
v 0.514803 0.024334 -0.094815
v 0.514924 0.024334 -0.094847
v 0.515043 0.024334 -0.094892
v 0.515159 0.024334 -0.094949
v 0.515272 0.024334 -0.095019
v 0.515402 0.024334 -0.095117
v 0.515527 0.024334 -0.095232
v 0.515643 0.024334 -0.095358
v 0.515741 0.024334 -0.095487
v 0.515811 0.024334 -0.095601
v 0.515868 0.024334 -0.095716
v 0.515913 0.024334 -0.095835
v 0.515945 0.024334 -0.095956
v 0.515964 0.024334 -0.096080
v 0.515970 0.024334 -0.096207
v 0.514924 0.027319 -0.126483
v 0.515043 0.027319 -0.126524
v 0.515043 0.024334 -0.126524
v 0.514924 0.024334 -0.126483
v 0.511187 0.027319 -0.110166
v 0.511066 0.027319 -0.110268
v 0.511066 0.024334 -0.110268
v 0.511187 0.024334 -0.110166
v 0.502967 0.027319 -0.107616
v 0.502971 0.027319 -0.107510
v 0.502971 0.024334 -0.107510
v 0.502967 0.024334 -0.107616
v 0.515043 0.027319 -0.126524
v 0.515159 0.027319 -0.126576
v 0.515159 0.024334 -0.126576
v 0.515043 0.024334 -0.126524
v 0.511066 0.027319 -0.110268
v 0.510940 0.027319 -0.110354
v 0.510940 0.024334 -0.110354
v 0.511066 0.024334 -0.110268
v 0.502971 0.027319 -0.107510
v 0.502984 0.027319 -0.107408
v 0.502984 0.024334 -0.107408
v 0.502971 0.024334 -0.107510
v 0.515159 0.027319 -0.126576
v 0.515272 0.027319 -0.126641
v 0.515272 0.024334 -0.126641
v 0.515159 0.024334 -0.126576
v 0.510940 0.027319 -0.110354
v 0.510830 0.027319 -0.110416
v 0.510830 0.024334 -0.110416
v 0.510940 0.024334 -0.110354
v 0.502984 0.027319 -0.107408
v 0.503007 0.027319 -0.107308
v 0.503007 0.024334 -0.107308
v 0.502984 0.024334 -0.107408
v 0.515272 0.027319 -0.126641
v 0.515402 0.027319 -0.126732
v 0.515402 0.024334 -0.126732
v 0.515272 0.024334 -0.126641
v 0.503007 0.027319 -0.107308
v 0.503038 0.027319 -0.107211
v 0.503038 0.024334 -0.107211
v 0.503007 0.024334 -0.107308
v 0.510830 0.027319 -0.110416
v 0.510716 0.027319 -0.110467
v 0.510716 0.024334 -0.110467
v 0.510830 0.024334 -0.110416
v 0.503038 0.027319 -0.107211
v 0.503077 0.027319 -0.107115
v 0.503077 0.024334 -0.107115
v 0.503038 0.024334 -0.107211
v 0.515402 0.027319 -0.126732
v 0.515527 0.027319 -0.126838
v 0.515527 0.024334 -0.126838
v 0.515402 0.024334 -0.126732
v 0.510716 0.027319 -0.110467
v 0.510599 0.027319 -0.110506
v 0.510599 0.024334 -0.110506
v 0.510716 0.024334 -0.110467
v 0.515527 0.027319 -0.126838
v 0.515627 0.027319 -0.126937
v 0.515627 0.024334 -0.126937
v 0.515527 0.024334 -0.126838
v 0.510599 0.027319 -0.110506
v 0.510479 0.027319 -0.110534
v 0.510479 0.024334 -0.110534
v 0.510599 0.024334 -0.110506
v 0.503077 0.027319 -0.107115
v 0.503137 0.027319 -0.107004
v 0.503137 0.024334 -0.107004
v 0.503077 0.024334 -0.107115
v 0.515627 0.027319 -0.126937
v 0.515714 0.027319 -0.127040
v 0.515714 0.024334 -0.127040
v 0.515627 0.024334 -0.126937
v 0.510479 0.027319 -0.110534
v 0.510356 0.027319 -0.110551
v 0.510356 0.024334 -0.110551
v 0.510479 0.024334 -0.110534
v 0.503137 0.027319 -0.107004
v 0.503209 0.027319 -0.106897
v 0.503209 0.024334 -0.106897
v 0.503137 0.024334 -0.107004
v 0.515714 0.027319 -0.127040
v 0.515789 0.027319 -0.127147
v 0.515789 0.024334 -0.127147
v 0.515714 0.024334 -0.127040
v 0.510356 0.027319 -0.110551
v 0.510230 0.027319 -0.110556
v 0.510230 0.024334 -0.110556
v 0.510356 0.024334 -0.110551
v 0.503209 0.027319 -0.106897
v 0.503294 0.027319 -0.106793
v 0.503294 0.024334 -0.106793
v 0.503209 0.024334 -0.106897
v 0.515789 0.027319 -0.127147
v 0.515850 0.027319 -0.127257
v 0.515850 0.024334 -0.127257
v 0.515789 0.024334 -0.127147
v 0.510230 0.027319 -0.110556
v 0.508707 0.027319 -0.110556
v 0.508707 0.024334 -0.110556
v 0.510230 0.024334 -0.110556
v 0.503294 0.027319 -0.106793
v 0.503410 0.027319 -0.106676
v 0.503410 0.024334 -0.106676
v 0.503294 0.024334 -0.106793
v 0.515850 0.027319 -0.127257
v 0.515892 0.027319 -0.127352
v 0.515892 0.024334 -0.127352
v 0.515850 0.024334 -0.127257
v 0.503410 0.027319 -0.106676
v 0.503535 0.027319 -0.106570
v 0.503535 0.024334 -0.106570
v 0.503410 0.024334 -0.106676
v 0.515892 0.027319 -0.127352
v 0.515925 0.027319 -0.127449
v 0.515925 0.024334 -0.127449
v 0.515892 0.024334 -0.127352
v 0.508707 0.027319 -0.110556
v 0.508588 0.027319 -0.110561
v 0.508588 0.024334 -0.110561
v 0.508707 0.024334 -0.110556
v 0.503535 0.027319 -0.106570
v 0.503665 0.027319 -0.106481
v 0.503665 0.024334 -0.106481
v 0.503535 0.024334 -0.106570
v 0.508588 0.027319 -0.110561
v 0.508496 0.027319 -0.110571
v 0.508496 0.024334 -0.110571
v 0.508588 0.024334 -0.110561
v 0.503665 0.027319 -0.106481
v 0.503778 0.027319 -0.106416
v 0.503778 0.024334 -0.106416
v 0.503665 0.024334 -0.106481
v 0.515925 0.027319 -0.127449
v 0.515949 0.027319 -0.127549
v 0.515949 0.024334 -0.127549
v 0.515925 0.024334 -0.127449
v 0.508496 0.027319 -0.110571
v 0.508363 0.027319 -0.110597
v 0.508363 0.024334 -0.110597
v 0.508496 0.024334 -0.110571
v 0.515949 0.027319 -0.127549
v 0.515964 0.027319 -0.127650
v 0.515964 0.024334 -0.127650
v 0.515949 0.024334 -0.127549
v 0.503778 0.027319 -0.106416
v 0.503894 0.027319 -0.106363
v 0.503894 0.024334 -0.106363
v 0.503778 0.024334 -0.106416
v 0.515964 0.027319 -0.127650
v 0.515970 0.027319 -0.127777
v 0.515970 0.024334 -0.127777
v 0.515964 0.024334 -0.127650
v 0.508363 0.027319 -0.110597
v 0.508235 0.027319 -0.110634
v 0.508235 0.024334 -0.110634
v 0.508363 0.024334 -0.110597
v 0.503894 0.027319 -0.106363
v 0.504013 0.027319 -0.106322
v 0.504013 0.024334 -0.106322
v 0.503894 0.024334 -0.106363
v 0.515970 0.027319 -0.127777
v 0.515970 0.027319 -0.129335
v 0.515970 0.024334 -0.129335
v 0.515970 0.024334 -0.127777
v 0.508235 0.027319 -0.110634
v 0.508133 0.027319 -0.110676
v 0.508133 0.024334 -0.110676
v 0.508235 0.024334 -0.110634
v 0.504013 0.027319 -0.106322
v 0.504134 0.027319 -0.106293
v 0.504134 0.024334 -0.106293
v 0.504013 0.024334 -0.106322
v 0.508133 0.027319 -0.110676
v 0.508015 0.027319 -0.110738
v 0.508015 0.024334 -0.110738
v 0.508133 0.024334 -0.110676
v 0.515970 0.027319 -0.129335
v 0.515964 0.027319 -0.129477
v 0.515964 0.024334 -0.129477
v 0.515970 0.024334 -0.129335
v 0.508015 0.027319 -0.110738
v 0.507904 0.027319 -0.110812
v 0.507904 0.024334 -0.110812
v 0.508015 0.024334 -0.110738
v 0.504134 0.027319 -0.106293
v 0.504258 0.027319 -0.106275
v 0.504258 0.024334 -0.106275
v 0.504134 0.024334 -0.106293
v 0.515964 0.027319 -0.129477
v 0.515945 0.027319 -0.129613
v 0.515945 0.024334 -0.129613
v 0.515964 0.024334 -0.129477
v 0.504258 0.027319 -0.106275
v 0.504384 0.027319 -0.106269
v 0.504384 0.024334 -0.106269
v 0.504258 0.024334 -0.106275
v 0.515945 0.027319 -0.129613
v 0.515913 0.027319 -0.129742
v 0.515913 0.024334 -0.129742
v 0.515945 0.024334 -0.129613
v 0.507904 0.027319 -0.110812
v 0.507797 0.027319 -0.110900
v 0.507797 0.024334 -0.110900
v 0.507904 0.024334 -0.110812
v 0.504384 0.027319 -0.106269
v 0.505872 0.027319 -0.106269
v 0.505872 0.024334 -0.106269
v 0.504384 0.024334 -0.106269
v 0.515913 0.027319 -0.129742
v 0.515877 0.027319 -0.129845
v 0.515877 0.024334 -0.129845
v 0.515913 0.024334 -0.129742
v 0.507797 0.027319 -0.110900
v 0.507697 0.027319 -0.111000
v 0.507697 0.024334 -0.111000
v 0.507797 0.024334 -0.110900
v 0.515877 0.027319 -0.129845
v 0.515831 0.027319 -0.129944
v 0.515831 0.024334 -0.129944
v 0.515877 0.024334 -0.129845
v 0.507697 0.027319 -0.111000
v 0.507591 0.027319 -0.111125
v 0.507591 0.024334 -0.111125
v 0.507697 0.024334 -0.111000
v 0.505872 0.027319 -0.106269
v 0.505885 0.027319 -0.106275
v 0.505885 0.024334 -0.106275
v 0.505872 0.024334 -0.106269
v 0.515831 0.027319 -0.129944
v 0.515777 0.027319 -0.130038
v 0.515777 0.024334 -0.130038
v 0.515831 0.024334 -0.129944
v 0.507591 0.027319 -0.111125
v 0.507501 0.027319 -0.111254
v 0.507501 0.024334 -0.111254
v 0.507591 0.024334 -0.111125
v 0.505885 0.027319 -0.106275
v 0.505900 0.027319 -0.106279
v 0.505900 0.024334 -0.106279
v 0.505885 0.024334 -0.106275
v 0.515777 0.027319 -0.130038
v 0.515714 0.027319 -0.130128
v 0.515714 0.024334 -0.130128
v 0.515777 0.024334 -0.130038
v 0.507501 0.027319 -0.111254
v 0.507436 0.027319 -0.111368
v 0.507436 0.024334 -0.111368
v 0.507501 0.024334 -0.111254
v 0.505900 0.027319 -0.106279
v 0.505932 0.027319 -0.106287
v 0.505932 0.024334 -0.106287
v 0.505900 0.024334 -0.106279
v 0.507436 0.027319 -0.111368
v 0.507383 0.027319 -0.111484
v 0.507383 0.024334 -0.111484
v 0.507436 0.024334 -0.111368
v 0.505932 0.027319 -0.106287
v 0.506005 0.027319 -0.106297
v 0.506005 0.024334 -0.106297
v 0.505932 0.024334 -0.106287
v 0.515714 0.027319 -0.130128
v 0.515627 0.027319 -0.130231
v 0.515627 0.024334 -0.130231
v 0.515714 0.024334 -0.130128
v 0.507383 0.027319 -0.111484
v 0.507342 0.027319 -0.111603
v 0.507342 0.024334 -0.111603
v 0.507383 0.024334 -0.111484
v 0.506005 0.027319 -0.106297
v 0.506209 0.027319 -0.106304
v 0.506209 0.024334 -0.106304
v 0.506005 0.024334 -0.106297
v 0.515627 0.027319 -0.130231
v 0.515527 0.027319 -0.130327
v 0.515527 0.024334 -0.130327
v 0.515627 0.024334 -0.130231
v 0.507342 0.027319 -0.111603
v 0.507313 0.027319 -0.111723
v 0.507313 0.024334 -0.111723
v 0.507342 0.024334 -0.111603
v 0.506209 0.027319 -0.106304
v 0.506241 0.027319 -0.106303
v 0.506241 0.024334 -0.106303
v 0.506209 0.024334 -0.106304
v 0.515527 0.027319 -0.130327
v 0.515402 0.027319 -0.130429
v 0.515402 0.024334 -0.130429
v 0.515527 0.024334 -0.130327
v 0.507313 0.027319 -0.111723
v 0.507295 0.027319 -0.111847
v 0.507295 0.024334 -0.111847
v 0.507313 0.024334 -0.111723
v 0.506241 0.027319 -0.106303
v 0.506275 0.027319 -0.106298
v 0.506275 0.024334 -0.106298
v 0.506241 0.024334 -0.106303
v 0.515402 0.027319 -0.130429
v 0.515291 0.027319 -0.130504
v 0.515291 0.024334 -0.130504
v 0.515402 0.024334 -0.130429
v 0.506275 0.027319 -0.106298
v 0.506322 0.027319 -0.106287
v 0.506322 0.024334 -0.106287
v 0.506275 0.024334 -0.106298
v 0.515291 0.027319 -0.130504
v 0.515159 0.027319 -0.130577
v 0.515159 0.024334 -0.130577
v 0.515291 0.024334 -0.130504
v 0.507295 0.027319 -0.111847
v 0.507289 0.027319 -0.111974
v 0.507289 0.024334 -0.111974
v 0.507295 0.024334 -0.111847
v 0.506322 0.027319 -0.106287
v 0.506384 0.027319 -0.106265
v 0.506384 0.024334 -0.106265
v 0.506322 0.024334 -0.106287
v 0.515159 0.027319 -0.130577
v 0.515043 0.027319 -0.130627
v 0.515043 0.024334 -0.130627
v 0.515159 0.024334 -0.130577
v 0.507289 0.027319 -0.111974
v 0.507289 0.027319 -0.113532
v 0.507289 0.024334 -0.113532
v 0.507289 0.024334 -0.111974
v 0.506384 0.027319 -0.106265
v 0.506463 0.027319 -0.106226
v 0.506463 0.024334 -0.106226
v 0.506384 0.024334 -0.106265
v 0.515043 0.027319 -0.130627
v 0.514924 0.027319 -0.130666
v 0.514924 0.024334 -0.130666
v 0.515043 0.024334 -0.130627
v 0.506463 0.027319 -0.106226
v 0.506562 0.027319 -0.106165
v 0.506562 0.024334 -0.106165
v 0.506463 0.024334 -0.106226
v 0.514924 0.027319 -0.130666
v 0.514803 0.027319 -0.130694
v 0.514803 0.024334 -0.130694
v 0.514924 0.024334 -0.130666
v 0.507289 0.027319 -0.113532
v 0.507294 0.027319 -0.113637
v 0.507294 0.024334 -0.113637
v 0.507289 0.024334 -0.113532
v 0.506562 0.027319 -0.106165
v 0.506699 0.027319 -0.106062
v 0.506699 0.024334 -0.106062
v 0.506562 0.024334 -0.106165
v 0.514803 0.027319 -0.130694
v 0.514679 0.027319 -0.130711
v 0.514679 0.024334 -0.130711
v 0.514803 0.024334 -0.130694
v 0.507294 0.027319 -0.113637
v 0.507307 0.027319 -0.113740
v 0.507307 0.024334 -0.113740
v 0.507294 0.024334 -0.113637
v 0.514679 0.027319 -0.130711
v 0.514553 0.027319 -0.130717
v 0.514553 0.024334 -0.130717
v 0.514679 0.024334 -0.130711
v 0.507307 0.027319 -0.113740
v 0.507329 0.027319 -0.113840
v 0.507329 0.024334 -0.113840
v 0.507307 0.024334 -0.113740
v 0.506699 0.027319 -0.106062
v 0.506917 0.027319 -0.105861
v 0.506917 0.024334 -0.105861
v 0.506699 0.024334 -0.106062
v 0.514553 0.027319 -0.130717
v 0.508707 0.027319 -0.130717
v 0.508707 0.024334 -0.130717
v 0.514553 0.024334 -0.130717
v 0.507329 0.027319 -0.113840
v 0.507360 0.027319 -0.113938
v 0.507360 0.024334 -0.113938
v 0.507329 0.024334 -0.113840
v 0.506917 0.027319 -0.105861
v 0.507001 0.027319 -0.105772
v 0.507001 0.024334 -0.105772
v 0.506917 0.024334 -0.105861
v 0.507001 0.027319 -0.105772
v 0.507060 0.027319 -0.105700
v 0.507060 0.024334 -0.105700
v 0.507001 0.024334 -0.105772
v 0.507360 0.027319 -0.113938
v 0.507400 0.027319 -0.114033
v 0.507400 0.024334 -0.114033
v 0.507360 0.024334 -0.113938
v 0.507400 0.027319 -0.114033
v 0.507460 0.027319 -0.114144
v 0.507460 0.024334 -0.114144
v 0.507400 0.024334 -0.114033
v 0.507060 0.027319 -0.105700
v 0.507137 0.027319 -0.105588
v 0.507137 0.024334 -0.105588
v 0.507060 0.024334 -0.105700
v 0.508707 0.027319 -0.130717
v 0.508612 0.027319 -0.130715
v 0.508612 0.024334 -0.130715
v 0.508707 0.024334 -0.130717
v 0.507460 0.027319 -0.114144
v 0.507532 0.027319 -0.114252
v 0.507532 0.024334 -0.114252
v 0.507460 0.024334 -0.114144
v 0.507137 0.027319 -0.105588
v 0.507189 0.027319 -0.105493
v 0.507189 0.024334 -0.105493
v 0.507137 0.024334 -0.105588
v 0.508612 0.027319 -0.130715
v 0.508519 0.027319 -0.130707
v 0.508519 0.024334 -0.130707
v 0.508612 0.024334 -0.130715
v 0.507532 0.027319 -0.114252
v 0.507617 0.027319 -0.114355
v 0.507617 0.024334 -0.114355
v 0.507532 0.024334 -0.114252
v 0.507189 0.027319 -0.105493
v 0.507232 0.027319 -0.105397
v 0.507232 0.024334 -0.105397
v 0.507189 0.024334 -0.105493
v 0.508519 0.027319 -0.130707
v 0.508385 0.027319 -0.130684
v 0.508385 0.024334 -0.130684
v 0.508519 0.024334 -0.130707
v 0.507617 0.027319 -0.114355
v 0.507732 0.027319 -0.114472
v 0.507732 0.024334 -0.114472
v 0.507617 0.024334 -0.114355
v 0.507232 0.027319 -0.105397
v 0.507264 0.027319 -0.105298
v 0.507264 0.024334 -0.105298
v 0.507232 0.024334 -0.105397
v 0.508385 0.027319 -0.130684
v 0.508256 0.027319 -0.130649
v 0.508256 0.024334 -0.130649
v 0.508385 0.024334 -0.130684
v 0.507732 0.027319 -0.114472
v 0.507858 0.027319 -0.114578
v 0.507858 0.024334 -0.114578
v 0.507732 0.024334 -0.114472
v 0.507264 0.027319 -0.105298
v 0.507286 0.027319 -0.105198
v 0.507286 0.024334 -0.105198
v 0.507264 0.024334 -0.105298
v 0.508256 0.027319 -0.130649
v 0.508133 0.027319 -0.130602
v 0.508133 0.024334 -0.130602
v 0.508256 0.024334 -0.130649
v 0.507858 0.027319 -0.114578
v 0.507987 0.027319 -0.114668
v 0.507987 0.024334 -0.114668
v 0.507858 0.024334 -0.114578
v 0.507286 0.027319 -0.105198
v 0.507297 0.027319 -0.105096
v 0.507297 0.024334 -0.105096
v 0.507286 0.024334 -0.105198
v 0.507987 0.027319 -0.114668
v 0.508101 0.027319 -0.114732
v 0.508101 0.024334 -0.114732
v 0.507987 0.024334 -0.114668
v 0.507297 0.027319 -0.105096
v 0.507298 0.027319 -0.104993
v 0.507298 0.024334 -0.104993
v 0.507297 0.024334 -0.105096
v 0.508133 0.027319 -0.130602
v 0.508015 0.027319 -0.130543
v 0.508015 0.024334 -0.130543
v 0.508133 0.024334 -0.130602
v 0.508101 0.027319 -0.114732
v 0.508217 0.027319 -0.114785
v 0.508217 0.024334 -0.114785
v 0.508101 0.024334 -0.114732
v 0.507298 0.027319 -0.104993
v 0.507289 0.027319 -0.104888
v 0.507289 0.024334 -0.104888
v 0.507298 0.024334 -0.104993
v 0.508015 0.027319 -0.130543
v 0.507904 0.027319 -0.130471
v 0.507904 0.024334 -0.130471
v 0.508015 0.024334 -0.130543
v 0.507289 0.027319 -0.104888
v 0.507289 0.027319 -0.096207
v 0.507289 0.024334 -0.096207
v 0.507289 0.024334 -0.104888
v 0.507904 0.027319 -0.130471
v 0.507797 0.027319 -0.130388
v 0.507797 0.024334 -0.130388
v 0.507904 0.024334 -0.130471
v 0.515970 0.027319 -0.096207
v 0.515970 0.027319 -0.097695
v 0.515970 0.024334 -0.097695
v 0.515970 0.024334 -0.096207
v 0.507289 0.027319 -0.096207
v 0.507292 0.027319 -0.096116
v 0.507292 0.024334 -0.096116
v 0.507289 0.024334 -0.096207
v 0.507797 0.027319 -0.130388
v 0.507697 0.027319 -0.130292
v 0.507697 0.024334 -0.130292
v 0.507797 0.024334 -0.130388
v 0.508217 0.027319 -0.114785
v 0.508336 0.027319 -0.114827
v 0.508336 0.024334 -0.114827
v 0.508217 0.024334 -0.114785
v 0.515970 0.027319 -0.097695
v 0.515967 0.027319 -0.097784
v 0.515967 0.024334 -0.097784
v 0.515970 0.024334 -0.097695
v 0.507292 0.027319 -0.096116
v 0.507298 0.027319 -0.096051
v 0.507298 0.024334 -0.096051
v 0.507292 0.024334 -0.096116
v 0.507697 0.027319 -0.130292
v 0.507591 0.027319 -0.130171
v 0.507591 0.024334 -0.130171
v 0.507697 0.024334 -0.130292
v 0.508336 0.027319 -0.114827
v 0.508457 0.027319 -0.114855
v 0.508457 0.024334 -0.114855
v 0.508336 0.024334 -0.114827
v 0.515967 0.027319 -0.097784
v 0.515962 0.027319 -0.097851
v 0.515962 0.024334 -0.097851
v 0.515967 0.024334 -0.097784
v 0.507298 0.027319 -0.096051
v 0.507319 0.027319 -0.095921
v 0.507319 0.024334 -0.095921
v 0.507298 0.024334 -0.096051
v 0.507591 0.027319 -0.130171
v 0.507501 0.027319 -0.130046
v 0.507501 0.024334 -0.130046
v 0.507591 0.024334 -0.130171
v 0.508457 0.027319 -0.114855
v 0.508580 0.027319 -0.114873
v 0.508580 0.024334 -0.114873
v 0.508457 0.024334 -0.114855
v 0.507319 0.027319 -0.095921
v 0.507353 0.027319 -0.095796
v 0.507353 0.024334 -0.095796
v 0.507319 0.024334 -0.095921
v 0.507501 0.027319 -0.130046
v 0.507436 0.027319 -0.129935
v 0.507436 0.024334 -0.129935
v 0.507501 0.024334 -0.130046
v 0.508580 0.027319 -0.114873
v 0.508707 0.027319 -0.114879
v 0.508707 0.024334 -0.114879
v 0.508580 0.024334 -0.114873
v 0.515962 0.027319 -0.097851
v 0.515940 0.027319 -0.097980
v 0.515940 0.024334 -0.097980
v 0.515962 0.024334 -0.097851
v 0.507353 0.027319 -0.095796
v 0.507400 0.027319 -0.095675
v 0.507400 0.024334 -0.095675
v 0.507353 0.024334 -0.095796
v 0.507436 0.027319 -0.129935
v 0.507383 0.027319 -0.129821
v 0.507383 0.024334 -0.129821
v 0.507436 0.024334 -0.129935
v 0.508707 0.027319 -0.114879
v 0.510230 0.027319 -0.114879
v 0.510230 0.024334 -0.114879
v 0.508707 0.024334 -0.114879
v 0.515940 0.027319 -0.097980
v 0.515906 0.027319 -0.098105
v 0.515906 0.024334 -0.098105
v 0.515940 0.024334 -0.097980
v 0.507383 0.027319 -0.129821
v 0.507342 0.027319 -0.129705
v 0.507342 0.024334 -0.129705
v 0.507383 0.024334 -0.129821
v 0.507400 0.027319 -0.095675
v 0.507460 0.027319 -0.095558
v 0.507460 0.024334 -0.095558
v 0.507400 0.024334 -0.095675
v 0.507342 0.027319 -0.129705
v 0.507313 0.027319 -0.129585
v 0.507313 0.024334 -0.129585
v 0.507342 0.024334 -0.129705
v 0.510230 0.027319 -0.114879
v 0.510315 0.027319 -0.114882
v 0.510315 0.024334 -0.114882
v 0.510230 0.024334 -0.114879
v 0.515906 0.027319 -0.098105
v 0.515859 0.027319 -0.098226
v 0.515859 0.024334 -0.098226
v 0.515906 0.024334 -0.098105
v 0.507460 0.027319 -0.095558
v 0.507532 0.027319 -0.095445
v 0.507532 0.024334 -0.095445
v 0.507460 0.024334 -0.095558
v 0.507313 0.027319 -0.129585
v 0.507295 0.027319 -0.129461
v 0.507295 0.024334 -0.129461
v 0.507313 0.024334 -0.129585
v 0.510315 0.027319 -0.114882
v 0.510398 0.027319 -0.114891
v 0.510398 0.024334 -0.114891
v 0.510315 0.024334 -0.114882
v 0.515859 0.027319 -0.098226
v 0.515800 0.027319 -0.098343
v 0.515800 0.024334 -0.098343
v 0.515859 0.024334 -0.098226
v 0.507532 0.027319 -0.095445
v 0.507617 0.027319 -0.095336
v 0.507617 0.024334 -0.095336
v 0.507532 0.024334 -0.095445
v 0.507295 0.027319 -0.129461
v 0.507289 0.027319 -0.129335
v 0.507289 0.024334 -0.129335
v 0.507295 0.024334 -0.129461
v 0.510398 0.027319 -0.114891
v 0.510499 0.027319 -0.114909
v 0.510499 0.024334 -0.114909
v 0.510398 0.024334 -0.114891
v 0.515800 0.027319 -0.098343
v 0.515728 0.027319 -0.098456
v 0.515728 0.024334 -0.098456
v 0.515800 0.024334 -0.098343
v 0.507617 0.027319 -0.095336
v 0.507732 0.027319 -0.095215
v 0.507732 0.024334 -0.095215
v 0.507617 0.024334 -0.095336
v 0.515728 0.027319 -0.098456
v 0.515643 0.027319 -0.098565
v 0.515643 0.024334 -0.098565
v 0.515728 0.024334 -0.098456
v 0.507732 0.027319 -0.095215
v 0.507858 0.027319 -0.095104
v 0.507858 0.024334 -0.095104
v 0.507732 0.024334 -0.095215
v 0.507289 0.027319 -0.129335
v 0.507289 0.027319 -0.120619
v 0.507289 0.024334 -0.120619
v 0.507289 0.024334 -0.129335
v 0.510499 0.027319 -0.114909
v 0.510599 0.027319 -0.114937
v 0.510599 0.024334 -0.114937
v 0.510499 0.024334 -0.114909
v 0.515643 0.027319 -0.098565
v 0.515527 0.027319 -0.098687
v 0.515527 0.024334 -0.098687
v 0.515643 0.024334 -0.098565
v 0.507858 0.027319 -0.095104
v 0.507987 0.027319 -0.095009
v 0.507987 0.024334 -0.095009
v 0.507858 0.024334 -0.095104
v 0.507289 0.027319 -0.120619
v 0.507286 0.027319 -0.120530
v 0.507286 0.024334 -0.120530
v 0.507289 0.024334 -0.120619
v 0.510599 0.027319 -0.114937
v 0.510716 0.027319 -0.114981
v 0.510716 0.024334 -0.114981
v 0.510599 0.024334 -0.114937
v 0.515527 0.027319 -0.098687
v 0.515402 0.027319 -0.098798
v 0.515402 0.024334 -0.098798
v 0.515527 0.024334 -0.098687
v 0.507987 0.027319 -0.095009
v 0.508101 0.027319 -0.094942
v 0.508101 0.024334 -0.094942
v 0.507987 0.024334 -0.095009
v 0.507286 0.027319 -0.120530
v 0.507281 0.027319 -0.120463
v 0.507281 0.024334 -0.120463
v 0.507286 0.024334 -0.120530
v 0.510716 0.027319 -0.114981
v 0.510830 0.027319 -0.115038
v 0.510830 0.024334 -0.115038
v 0.510716 0.024334 -0.114981
v 0.515402 0.027319 -0.098798
v 0.515272 0.027319 -0.098891
v 0.515272 0.024334 -0.098891
v 0.515402 0.024334 -0.098798
v 0.508101 0.027319 -0.094942
v 0.508217 0.027319 -0.094887
v 0.508217 0.024334 -0.094887
v 0.508101 0.024334 -0.094942
v 0.507281 0.027319 -0.120463
v 0.507259 0.027319 -0.120334
v 0.507259 0.024334 -0.120334
v 0.507281 0.024334 -0.120463
v 0.510830 0.027319 -0.115038
v 0.510940 0.027319 -0.115108
v 0.510940 0.024334 -0.115108
v 0.510830 0.024334 -0.115038
v 0.515272 0.027319 -0.098891
v 0.515159 0.027319 -0.098959
v 0.515159 0.024334 -0.098959
v 0.515272 0.024334 -0.098891
v 0.507259 0.027319 -0.120334
v 0.507225 0.027319 -0.120209
v 0.507225 0.024334 -0.120209
v 0.507259 0.024334 -0.120334
v 0.510940 0.027319 -0.115108
v 0.511066 0.027319 -0.115207
v 0.511066 0.024334 -0.115207
v 0.510940 0.024334 -0.115108
v 0.507225 0.027319 -0.120209
v 0.507179 0.027319 -0.120087
v 0.507179 0.024334 -0.120087
v 0.507225 0.024334 -0.120209
v 0.511066 0.027319 -0.115207
v 0.511187 0.027319 -0.115322
v 0.511187 0.024334 -0.115322
v 0.511066 0.024334 -0.115207
v 0.515159 0.027319 -0.098959
v 0.515043 0.027319 -0.099014
v 0.515043 0.024334 -0.099014
v 0.515159 0.024334 -0.098959
v 0.507179 0.027319 -0.120087
v 0.507119 0.027319 -0.119971
v 0.507119 0.024334 -0.119971
v 0.507179 0.024334 -0.120087
v 0.511187 0.027319 -0.115322
v 0.511298 0.027319 -0.115448
v 0.511298 0.024334 -0.115448
v 0.511187 0.024334 -0.115322
v 0.515043 0.027319 -0.099014
v 0.514924 0.027319 -0.099057
v 0.514924 0.024334 -0.099057
v 0.515043 0.024334 -0.099014
v 0.508217 0.027319 -0.094887
v 0.508336 0.027319 -0.094844
v 0.508336 0.024334 -0.094844
v 0.508217 0.024334 -0.094887
v 0.514924 0.027319 -0.099057
v 0.514803 0.027319 -0.099087
v 0.514803 0.024334 -0.099087
v 0.514924 0.024334 -0.099057
v 0.508336 0.027319 -0.094844
v 0.508457 0.027319 -0.094814
v 0.508457 0.024334 -0.094814
v 0.508336 0.024334 -0.094844
v 0.507119 0.027319 -0.119971
v 0.507047 0.027319 -0.119857
v 0.507047 0.024334 -0.119857
v 0.507119 0.024334 -0.119971
v 0.511298 0.027319 -0.115448
v 0.511392 0.027319 -0.115577
v 0.511392 0.024334 -0.115577
v 0.511298 0.024334 -0.115448
v 0.514803 0.027319 -0.099087
v 0.514679 0.027319 -0.099106
v 0.514679 0.024334 -0.099106
v 0.514803 0.024334 -0.099087
v 0.507047 0.027319 -0.119857
v 0.506962 0.027319 -0.119749
v 0.506962 0.024334 -0.119749
v 0.507047 0.024334 -0.119857
v 0.511392 0.027319 -0.115577
v 0.511459 0.027319 -0.115690
v 0.511459 0.024334 -0.115690
v 0.511392 0.024334 -0.115577
v 0.514679 0.027319 -0.099106
v 0.514553 0.027319 -0.099112
v 0.514553 0.024334 -0.099112
v 0.514679 0.024334 -0.099106
v 0.508457 0.027319 -0.094814
v 0.508580 0.027319 -0.094796
v 0.508580 0.024334 -0.094796
v 0.508457 0.024334 -0.094814
v 0.514553 0.027319 -0.099112
v 0.512994 0.027319 -0.099112
v 0.512994 0.024334 -0.099112
v 0.514553 0.024334 -0.099112
v 0.508580 0.027319 -0.094796
v 0.508707 0.027319 -0.094789
v 0.508707 0.024334 -0.094789
v 0.508580 0.024334 -0.094796
v 0.506962 0.027319 -0.119749
v 0.506846 0.027319 -0.119627
v 0.506846 0.024334 -0.119627
v 0.506962 0.024334 -0.119749
v 0.511459 0.027319 -0.115690
v 0.511514 0.027319 -0.115806
v 0.511514 0.024334 -0.115806
v 0.511459 0.024334 -0.115690
v 0.508707 0.027319 -0.094789
v 0.514553 0.027319 -0.094789
v 0.514553 0.024334 -0.094789
v 0.508707 0.024334 -0.094789
v 0.506846 0.027319 -0.119627
v 0.506721 0.027319 -0.119516
v 0.506721 0.024334 -0.119516
v 0.506846 0.024334 -0.119627
v 0.511514 0.027319 -0.115806
v 0.511557 0.027319 -0.115925
v 0.511557 0.024334 -0.115925
v 0.511514 0.024334 -0.115806
v 0.512994 0.027319 -0.099112
v 0.512852 0.027319 -0.099119
v 0.512852 0.024334 -0.099119
v 0.512994 0.024334 -0.099112
v 0.506721 0.027319 -0.119516
v 0.506592 0.027319 -0.119422
v 0.506592 0.024334 -0.119422
v 0.506721 0.024334 -0.119516
v 0.511557 0.027319 -0.115925
v 0.511588 0.027319 -0.116047
v 0.511588 0.024334 -0.116047
v 0.511557 0.024334 -0.115925
v 0.512852 0.027319 -0.099119
v 0.512717 0.027319 -0.099137
v 0.512717 0.024334 -0.099137
v 0.512852 0.024334 -0.099119
v 0.514553 0.027319 -0.094789
v 0.514679 0.027319 -0.094796
v 0.514679 0.024334 -0.094796
v 0.514553 0.024334 -0.094789
v 0.506592 0.027319 -0.119422
v 0.506478 0.027319 -0.119355
v 0.506478 0.024334 -0.119355
v 0.506592 0.024334 -0.119422
v 0.511588 0.027319 -0.116047
v 0.511606 0.027319 -0.116170
v 0.511606 0.024334 -0.116170
v 0.511588 0.024334 -0.116047
v 0.514679 0.027319 -0.094796
v 0.514803 0.027319 -0.094815
v 0.514803 0.024334 -0.094815
v 0.514679 0.024334 -0.094796
v 0.506478 0.027319 -0.119355
v 0.506362 0.027319 -0.119300
v 0.506362 0.024334 -0.119300
v 0.506478 0.024334 -0.119355
v 0.511606 0.027319 -0.116170
v 0.511612 0.027319 -0.116296
v 0.511612 0.024334 -0.116296
v 0.511606 0.024334 -0.116170
v 0.512717 0.027319 -0.099137
v 0.512588 0.027319 -0.099170
v 0.512588 0.024334 -0.099170
v 0.512717 0.024334 -0.099137
v 0.506362 0.027319 -0.119300
v 0.506243 0.027319 -0.119257
v 0.506243 0.024334 -0.119257
v 0.506362 0.024334 -0.119300
v 0.511612 0.027319 -0.116296
v 0.511612 0.027319 -0.125013
v 0.511612 0.024334 -0.125013
v 0.511612 0.024334 -0.116296
v 0.512588 0.027319 -0.099170
v 0.512485 0.027319 -0.099206
v 0.512485 0.024334 -0.099206
v 0.512588 0.024334 -0.099170
v 0.514803 0.027319 -0.094815
v 0.514924 0.027319 -0.094847
v 0.514924 0.024334 -0.094847
v 0.514803 0.024334 -0.094815
v 0.511612 0.027319 -0.125013
v 0.511615 0.027319 -0.125108
v 0.511615 0.024334 -0.125108
v 0.511612 0.024334 -0.125013
v 0.512485 0.027319 -0.099206
v 0.512386 0.027319 -0.099251
v 0.512386 0.024334 -0.099251
v 0.512485 0.024334 -0.099206
v 0.514924 0.027319 -0.094847
v 0.515043 0.027319 -0.094892
v 0.515043 0.024334 -0.094892
v 0.514924 0.024334 -0.094847
v 0.506243 0.027319 -0.119257
v 0.506122 0.027319 -0.119227
v 0.506122 0.024334 -0.119227
v 0.506243 0.024334 -0.119257
v 0.512386 0.027319 -0.099251
v 0.512291 0.027319 -0.099305
v 0.512291 0.024334 -0.099305
v 0.512386 0.024334 -0.099251
v 0.515043 0.027319 -0.094892
v 0.515159 0.027319 -0.094949
v 0.515159 0.024334 -0.094949
v 0.515043 0.024334 -0.094892
v 0.506122 0.027319 -0.119227
v 0.505998 0.027319 -0.119208
v 0.505998 0.024334 -0.119208
v 0.506122 0.024334 -0.119227
v 0.512291 0.027319 -0.099305
v 0.512201 0.027319 -0.099367
v 0.512201 0.024334 -0.099367
v 0.512291 0.024334 -0.099305
v 0.515159 0.027319 -0.094949
v 0.515272 0.027319 -0.095019
v 0.515272 0.024334 -0.095019
v 0.515159 0.024334 -0.094949
v 0.505998 0.027319 -0.119208
v 0.505872 0.027319 -0.119202
v 0.505872 0.024334 -0.119202
v 0.505998 0.024334 -0.119208
v 0.511615 0.027319 -0.125108
v 0.511623 0.027319 -0.125200
v 0.511623 0.024334 -0.125200
v 0.511615 0.024334 -0.125108
v 0.512201 0.027319 -0.099367
v 0.512098 0.027319 -0.099455
v 0.512098 0.024334 -0.099455
v 0.512201 0.024334 -0.099367
v 0.515272 0.027319 -0.095019
v 0.515402 0.027319 -0.095117
v 0.515402 0.024334 -0.095117
v 0.515272 0.024334 -0.095019
v 0.505872 0.027319 -0.119202
v 0.504384 0.027319 -0.119202
v 0.504384 0.024334 -0.119202
v 0.505872 0.024334 -0.119202
v 0.511623 0.027319 -0.125200
v 0.511645 0.027319 -0.125335
v 0.511645 0.024334 -0.125335
v 0.511623 0.024334 -0.125200
v 0.512098 0.027319 -0.099455
v 0.512002 0.027319 -0.099555
v 0.512002 0.024334 -0.099555
v 0.512098 0.024334 -0.099455
v 0.515402 0.027319 -0.095117
v 0.515527 0.027319 -0.095232
v 0.515527 0.024334 -0.095232
v 0.515402 0.024334 -0.095117
v 0.504384 0.027319 -0.119202
v 0.504294 0.027319 -0.119199
v 0.504294 0.024334 -0.119199
v 0.504384 0.024334 -0.119202
v 0.511645 0.027319 -0.125335
v 0.511680 0.027319 -0.125464
v 0.511680 0.024334 -0.125464
v 0.511645 0.024334 -0.125335
v 0.512002 0.027319 -0.099555
v 0.511900 0.027319 -0.099680
v 0.511900 0.024334 -0.099680
v 0.512002 0.024334 -0.099555
v 0.515527 0.027319 -0.095232
v 0.515643 0.027319 -0.095358
v 0.515643 0.024334 -0.095358
v 0.515527 0.024334 -0.095232
v 0.504294 0.027319 -0.119199
v 0.504228 0.027319 -0.119194
v 0.504228 0.024334 -0.119194
v 0.504294 0.024334 -0.119199
v 0.511680 0.027319 -0.125464
v 0.511727 0.027319 -0.125586
v 0.511727 0.024334 -0.125586
v 0.511680 0.024334 -0.125464
v 0.511900 0.027319 -0.099680
v 0.511826 0.027319 -0.099791
v 0.511826 0.024334 -0.099791
v 0.511900 0.024334 -0.099680
v 0.504228 0.027319 -0.119194
v 0.504099 0.027319 -0.119173
v 0.504099 0.024334 -0.119173
v 0.504228 0.024334 -0.119194
v 0.511727 0.027319 -0.125586
v 0.511786 0.027319 -0.125704
v 0.511786 0.024334 -0.125704
v 0.511727 0.024334 -0.125586
v 0.511826 0.027319 -0.099791
v 0.511752 0.027319 -0.099923
v 0.511752 0.024334 -0.099923
v 0.511826 0.024334 -0.099791
v 0.515643 0.027319 -0.095358
v 0.515741 0.027319 -0.095487
v 0.515741 0.024334 -0.095487
v 0.515643 0.024334 -0.095358
v 0.504099 0.027319 -0.119173
v 0.503974 0.027319 -0.119140
v 0.503974 0.024334 -0.119140
v 0.504099 0.024334 -0.119173
v 0.511786 0.027319 -0.125704
v 0.511858 0.027319 -0.125815
v 0.511858 0.024334 -0.125815
v 0.511786 0.024334 -0.125704
v 0.511752 0.027319 -0.099923
v 0.511702 0.027319 -0.100039
v 0.511702 0.024334 -0.100039
v 0.511752 0.024334 -0.099923
v 0.515741 0.027319 -0.095487
v 0.515811 0.027319 -0.095601
v 0.515811 0.024334 -0.095601
v 0.515741 0.024334 -0.095487
v 0.511858 0.027319 -0.125815
v 0.511941 0.027319 -0.125922
v 0.511941 0.024334 -0.125922
v 0.511858 0.024334 -0.125815
v 0.511702 0.027319 -0.100039
v 0.511663 0.027319 -0.100158
v 0.511663 0.024334 -0.100158
v 0.511702 0.024334 -0.100039
v 0.515811 0.027319 -0.095601
v 0.515868 0.027319 -0.095716
v 0.515868 0.024334 -0.095716
v 0.515811 0.024334 -0.095601
v 0.503974 0.027319 -0.119140
v 0.503852 0.027319 -0.119095
v 0.503852 0.024334 -0.119095
v 0.503974 0.024334 -0.119140
v 0.511941 0.027319 -0.125922
v 0.512037 0.027319 -0.126023
v 0.512037 0.024334 -0.126023
v 0.511941 0.024334 -0.125922
v 0.511663 0.027319 -0.100158
v 0.511635 0.027319 -0.100279
v 0.511635 0.024334 -0.100279
v 0.511663 0.024334 -0.100158
v 0.515868 0.027319 -0.095716
v 0.515913 0.027319 -0.095835
v 0.515913 0.024334 -0.095835
v 0.515868 0.024334 -0.095716
v 0.503852 0.027319 -0.119095
v 0.503735 0.027319 -0.119038
v 0.503735 0.024334 -0.119038
v 0.503852 0.024334 -0.119095
v 0.512037 0.027319 -0.126023
v 0.512158 0.027319 -0.126128
v 0.512158 0.024334 -0.126128
v 0.512037 0.024334 -0.126023
v 0.515913 0.027319 -0.095835
v 0.515945 0.027319 -0.095956
v 0.515945 0.024334 -0.095956
v 0.515913 0.024334 -0.095835
v 0.503735 0.027319 -0.119038
v 0.503622 0.027319 -0.118969
v 0.503622 0.024334 -0.118969
v 0.503735 0.024334 -0.119038
v 0.512158 0.027319 -0.126128
v 0.512284 0.027319 -0.126218
v 0.512284 0.024334 -0.126218
v 0.512158 0.024334 -0.126128
v 0.511635 0.027319 -0.100279
v 0.511618 0.027319 -0.100403
v 0.511618 0.024334 -0.100403
v 0.511635 0.024334 -0.100279
v 0.515945 0.027319 -0.095956
v 0.515964 0.027319 -0.096080
v 0.515964 0.024334 -0.096080
v 0.515945 0.024334 -0.095956
v 0.503622 0.027319 -0.118969
v 0.503514 0.027319 -0.118887
v 0.503514 0.024334 -0.118887
v 0.503622 0.024334 -0.118969
v 0.511618 0.027319 -0.100403
v 0.511612 0.027319 -0.100529
v 0.511612 0.024334 -0.100529
v 0.511618 0.024334 -0.100403
v 0.515964 0.027319 -0.096080
v 0.515970 0.027319 -0.096207
v 0.515970 0.024334 -0.096207
v 0.515964 0.024334 -0.096080
v 0.503514 0.027319 -0.118887
v 0.503392 0.027319 -0.118777
v 0.503392 0.024334 -0.118777
v 0.503514 0.024334 -0.118887
v 0.512284 0.027319 -0.126218
v 0.512394 0.027319 -0.126283
v 0.512394 0.024334 -0.126283
v 0.512284 0.024334 -0.126218
v 0.511612 0.027319 -0.100529
v 0.511612 0.027319 -0.109210
v 0.511612 0.024334 -0.109210
v 0.511612 0.024334 -0.100529
v 0.512394 0.027319 -0.126283
v 0.512508 0.027319 -0.126336
v 0.512508 0.024334 -0.126336
v 0.512394 0.024334 -0.126283
v 0.503392 0.027319 -0.118777
v 0.503281 0.027319 -0.118656
v 0.503281 0.024334 -0.118656
v 0.503392 0.024334 -0.118777
v 0.512508 0.027319 -0.126336
v 0.512625 0.027319 -0.126377
v 0.512625 0.024334 -0.126377
v 0.512508 0.024334 -0.126336
v 0.511612 0.027319 -0.109210
v 0.511608 0.027319 -0.109321
v 0.511608 0.024334 -0.109321
v 0.511612 0.024334 -0.109210
v 0.503281 0.027319 -0.118656
v 0.503187 0.027319 -0.118530
v 0.503187 0.024334 -0.118530
v 0.503281 0.024334 -0.118656
v 0.512625 0.027319 -0.126377
v 0.512745 0.027319 -0.126407
v 0.512745 0.024334 -0.126407
v 0.512625 0.024334 -0.126377
v 0.511608 0.027319 -0.109321
v 0.511598 0.027319 -0.109408
v 0.511598 0.024334 -0.109408
v 0.511608 0.024334 -0.109321
v 0.503187 0.027319 -0.118530
v 0.503120 0.027319 -0.118419
v 0.503120 0.024334 -0.118419
v 0.503187 0.024334 -0.118530
v 0.512745 0.027319 -0.126407
v 0.512868 0.027319 -0.126424
v 0.512868 0.024334 -0.126424
v 0.512745 0.024334 -0.126407
v 0.511598 0.027319 -0.109408
v 0.511574 0.027319 -0.109534
v 0.511574 0.024334 -0.109534
v 0.511598 0.024334 -0.109408
v 0.503120 0.027319 -0.118419
v 0.503065 0.027319 -0.118305
v 0.503065 0.024334 -0.118305
v 0.503120 0.024334 -0.118419
v 0.512868 0.027319 -0.126424
v 0.512994 0.027319 -0.126430
v 0.512994 0.024334 -0.126430
v 0.512868 0.024334 -0.126424
v 0.511574 0.027319 -0.109534
v 0.511537 0.027319 -0.109655
v 0.511537 0.024334 -0.109655
v 0.511574 0.024334 -0.109534
v 0.503065 0.027319 -0.118305
v 0.503022 0.027319 -0.118189
v 0.503022 0.024334 -0.118189
v 0.503065 0.024334 -0.118305
v 0.512994 0.027319 -0.126430
v 0.514553 0.027319 -0.126430
v 0.514553 0.024334 -0.126430
v 0.512994 0.024334 -0.126430
v 0.511537 0.027319 -0.109655
v 0.511497 0.027319 -0.109752
v 0.511497 0.024334 -0.109752
v 0.511537 0.024334 -0.109655
v 0.503022 0.027319 -0.118189
v 0.502991 0.027319 -0.118069
v 0.502991 0.024334 -0.118069
v 0.503022 0.024334 -0.118189
v 0.511497 0.027319 -0.109752
v 0.511438 0.027319 -0.109863
v 0.511438 0.024334 -0.109863
v 0.511497 0.024334 -0.109752
v 0.502991 0.027319 -0.118069
v 0.502973 0.027319 -0.117946
v 0.502973 0.024334 -0.117946
v 0.502991 0.024334 -0.118069
v 0.514553 0.027319 -0.126430
v 0.514679 0.027319 -0.126436
v 0.514679 0.024334 -0.126436
v 0.514553 0.024334 -0.126430
v 0.511438 0.027319 -0.109863
v 0.511366 0.027319 -0.109969
v 0.511366 0.024334 -0.109969
v 0.511438 0.024334 -0.109863
v 0.502973 0.027319 -0.117946
v 0.502967 0.027319 -0.117820
v 0.502967 0.024334 -0.117820
v 0.502973 0.024334 -0.117946
v 0.514679 0.027319 -0.126436
v 0.514803 0.027319 -0.126454
v 0.514803 0.024334 -0.126454
v 0.514679 0.024334 -0.126436
v 0.511366 0.027319 -0.109969
v 0.511283 0.027319 -0.110070
v 0.511283 0.024334 -0.110070
v 0.511366 0.024334 -0.109969
v 0.514803 0.027319 -0.126454
v 0.514924 0.027319 -0.126483
v 0.514924 0.024334 -0.126483
v 0.514803 0.024334 -0.126454
v 0.511283 0.027319 -0.110070
v 0.511187 0.027319 -0.110166
v 0.511187 0.024334 -0.110166
v 0.511283 0.024334 -0.110070
v 0.502967 0.027319 -0.117820
v 0.502967 0.027319 -0.107616
v 0.502967 0.024334 -0.107616
v 0.502967 0.024334 -0.117820
vn 0.7121 0.6966 -0.0871
vn 0.7108 0.7033 -0.0119
vn 0.7107 0.7025 -0.0384
vn 0.7150 0.6955 0.0714
vn 0.7123 0.7017 0.0169
vn 0.6841 0.6956 0.2193
vn 0.7038 0.6952 0.1464
vn 0.6275 0.6969 0.3472
vn 0.6582 0.6962 0.2867
vn 0.5503 0.6966 0.4604
vn 0.5924 0.6961 0.4055
vn 0.4597 0.6962 0.5513
vn 0.5064 0.6978 0.5065
vn 0.3477 0.6962 0.6280
vn 0.4051 0.6969 0.5918
vn 0.2191 0.6956 0.6842
vn 0.2854 0.6965 0.6584
vn 0.0744 0.6963 0.7138
vn 0.1465 0.6952 0.7037
vn -0.0196 0.7009 0.7129
vn 0.0198 0.7008 0.7131
vn -0.1385 0.6962 0.7043
vn -0.0717 0.6970 0.7135
vn 0.1200 0.6262 0.7704
vn -0.2087 0.6956 0.6875
vn -0.3956 0.6956 0.5997
vn -0.1227 0.6728 0.7296
vn -0.4973 0.6972 0.5163
vn -0.4498 0.6973 0.5580
vn -0.5862 0.6965 0.4138
vn -0.5438 0.6962 0.4685
vn -0.6554 0.6956 0.2943
vn -0.6222 0.6968 0.3569
vn -0.7024 0.6953 0.1519
vn -0.6826 0.6954 0.2247
vn -0.7123 0.7004 0.0446
vn -0.7089 0.6995 0.0899
vn -0.7159 0.6975 -0.0306
vn -0.7107 0.7034 0.0116
vn 0.2464 0.6882 0.6824
vn -0.0169 0.7017 0.7123
vn 0.1608 0.6618 0.7322
vn -0.1353 0.6970 0.7042
vn -0.0687 0.6963 0.7145
vn -0.2664 0.6963 0.6665
vn -0.2008 0.6963 0.6891
vn -0.3809 0.6983 0.6060
vn -0.3282 0.6967 0.6379
vn -0.4866 0.6975 0.5261
vn -0.4358 0.6956 0.5711
vn -0.5759 0.6968 0.4277
vn -0.5333 0.6964 0.4802
vn -0.6505 0.6949 0.3067
vn -0.6141 0.6963 0.3714
vn -0.6908 0.6978 0.1895
vn -0.6728 0.6985 0.2437
vn -0.7145 0.6972 0.0588
vn -0.7069 0.6960 0.1260
vn -0.7123 0.7017 -0.0170
vn -0.7113 0.7028 0.0134
vn -0.7047 0.6952 -0.1421
vn -0.7145 0.6962 -0.0692
vn -0.6602 0.6965 -0.2810
vn -0.6854 0.6958 -0.2148
vn -0.5957 0.6962 -0.4005
vn -0.6309 0.6966 -0.3417
vn -0.5052 0.6965 -0.5096
vn -0.5532 0.6959 -0.4580
vn -0.4048 0.6958 -0.5932
vn -0.4568 0.6976 -0.5519
vn -0.2818 0.6959 -0.6605
vn -0.3444 0.6965 -0.6294
vn -0.1494 0.6963 -0.7020
vn -0.2160 0.6965 -0.6842
vn -0.0388 0.7023 -0.7108
vn -0.0847 0.6975 -0.7115
vn -0.0169 0.7017 -0.7123
vn -0.0119 0.7033 -0.7108
vn -0.7108 0.7033 -0.0119
vn -0.7144 0.6964 -0.0689
vn -0.6888 0.6956 -0.2043
vn -0.7044 0.6967 -0.1358
vn -0.6356 0.6966 -0.3330
vn -0.6644 0.6965 -0.2712
vn -0.5618 0.6964 -0.4465
vn -0.6012 0.6967 -0.3914
vn -0.4697 0.6954 -0.5438
vn -0.5181 0.6974 -0.4951
vn -0.3571 0.6947 -0.6244
vn -0.4148 0.6977 -0.5841
vn -0.2224 0.6959 -0.6828
vn -0.2890 0.6961 -0.6572
vn -0.0914 0.6977 -0.7105
vn -0.1548 0.6965 -0.7006
vn -0.3261 0.6662 -0.6707
vn -0.0382 0.6998 -0.7133
vn 0.0658 0.6972 -0.7138
vn -0.5103 0.5910 -0.6247
vn 0.1926 0.6971 -0.6906
vn 0.1297 0.6970 -0.7053
vn 0.3163 0.6962 -0.6445
vn 0.2538 0.6970 -0.6706
vn 0.4278 0.6971 -0.5754
vn 0.3746 0.6972 -0.6112
vn 0.5241 0.6954 -0.4916
vn 0.4746 0.6981 -0.5361
vn 0.6051 0.6971 -0.3845
vn 0.5683 0.6970 -0.4373
vn 0.6653 0.6961 -0.2700
vn 0.6363 0.6974 -0.3298
vn 0.7055 0.6954 -0.1363
vn 0.6874 0.6967 -0.2049
vn 0.7117 0.7023 -0.0151
vn 0.7147 0.6964 -0.0648
vn 0.7146 0.6960 0.0697
vn 0.6890 0.6968 0.1993
vn 0.7037 0.6972 0.1365
vn 0.6420 0.6971 0.3193
vn 0.6679 0.6972 0.2606
vn 0.5682 0.6970 0.4374
vn 0.6092 0.6954 0.3811
vn 0.4835 0.6985 0.5276
vn 0.5266 0.6971 0.4865
vn 0.3846 0.6972 0.6049
vn 0.4381 0.6967 0.5680
vn 0.2637 0.6971 0.6667
vn 0.3263 0.6960 0.6397
vn 0.1352 0.6969 0.7043
vn 0.2008 0.6963 0.6891
vn 0.0169 0.7017 0.7123
vn 0.0687 0.6963 0.7145
vn 0.6673 0.6607 -0.3437
vn 0.7145 0.6962 0.0692
vn 0.7123 0.7017 0.0170
vn 0.6862 0.6962 0.2106
vn 0.7045 0.6956 0.1406
vn 0.6331 0.6968 0.3369
vn 0.6625 0.6964 0.2760
vn 0.5595 0.6968 0.4487
vn 0.5992 0.6966 0.3947
vn 0.4693 0.6966 0.5426
vn 0.5164 0.6972 0.4972
vn 0.3539 0.6956 0.6252
vn 0.4150 0.6960 0.5859
vn 0.2229 0.6974 0.6811
vn 0.2875 0.6955 0.6585
vn 0.1013 0.6994 0.7075
vn 0.1598 0.6963 0.6997
vn 0.0126 0.7031 0.7110
vn 0.0512 0.6989 0.7133
vn 0.0150 0.7023 -0.7117
vn 0.0634 0.6962 -0.7150
vn 0.0141 0.7026 -0.7114
vn 0.1951 0.6968 -0.6903
vn 0.1307 0.6968 -0.7052
vn 0.3229 0.6968 -0.6404
vn 0.2604 0.6961 -0.6691
vn 0.4344 0.6958 -0.5719
vn 0.3782 0.6975 -0.6086
vn 0.5317 0.6962 -0.4823
vn 0.4848 0.6976 -0.5276
vn 0.6156 0.6951 -0.3712
vn 0.5742 0.6969 -0.4296
vn 0.6756 0.6965 -0.2418
vn 0.6495 0.6963 -0.3056
vn 0.7071 0.6988 -0.1079
vn 0.6979 0.6951 -0.1725
vn 0.7111 0.7030 -0.0128
vn 0.7138 0.6983 -0.0538
vn 0.0176 0.7015 -0.7124
vn 0.0716 0.6955 -0.7150
vn 0.0170 0.7017 -0.7123
vn 0.2088 0.6955 -0.6875
vn 0.1407 0.6969 -0.7032
vn 0.3393 0.6961 -0.6327
vn 0.2759 0.6964 -0.6625
vn 0.4483 0.6954 -0.5616
vn 0.3932 0.6982 -0.5982
vn 0.5438 0.6962 -0.4685
vn 0.4980 0.6976 -0.5151
vn 0.6242 0.6960 -0.3550
vn 0.5861 0.6965 -0.4139
vn 0.6825 0.6955 -0.2247
vn 0.6557 0.6963 -0.2918
vn 0.7008 0.6963 -0.1548
vn -0.7149 0.6987 -0.0267
vn 0.1774 0.7054 0.6863
vn 0.0170 0.7017 0.7122
vn 0.0168 0.7018 0.7122
vn 0.7123 0.7017 -0.0170
vn 0.1363 0.6949 0.7060
vn -0.7166 0.6963 0.0419
vn 0.0611 0.6957 0.7157
vn 0.0662 0.6971 0.7140
vn 0.7030 0.6846 -0.1927
vn 0.0536 0.6997 -0.7124
vn 0.0650 0.6978 -0.7133
vn 0.0011 0.6998 0.7144
vn -0.7107 0.7025 -0.0384
vn 0.1075 0.6976 -0.7084
vn 0.7139 0.6972 -0.0658
vn -0.7097 0.6950 0.1158
vn -0.7121 0.6966 -0.0871
vn 0.7098 0.6988 0.0887
vn 0.1370 0.6940 -0.7068
vn -0.6927 0.6964 0.1877
vn -0.0637 0.6943 0.7168
vn 0.1365 0.6952 0.7058
vn 0.7022 0.6956 0.1520
vn 0.1685 0.6972 -0.6968
vn 0.2072 0.6975 -0.6860
vn -0.6711 0.6951 0.2580
vn -0.1338 0.6977 0.7037
vn 0.2058 0.6969 0.6871
vn 0.6828 0.6956 0.2233
vn 0.2371 0.6949 -0.6789
vn 0.2669 0.6970 -0.6655
vn -0.6412 0.6982 0.3185
vn -0.2025 0.6947 0.6902
vn 0.2704 0.6961 0.6650
vn 0.0690 0.6962 0.7146
vn 0.3037 0.6967 -0.6499
vn 0.3258 0.6970 -0.6387
vn -0.6118 0.6958 0.3764
vn -0.2802 0.6940 0.6632
vn 0.3343 0.6961 0.6353
vn 0.1327 0.6979 0.7037
vn 0.3669 0.6955 -0.6177
vn 0.3807 0.6974 -0.6072
vn -0.5727 0.6977 0.4303
vn -0.3473 0.6967 0.6277
vn 0.3909 0.6974 0.6006
vn 0.2010 0.6946 0.6907
vn 0.4278 0.6959 -0.5768
vn 0.4377 0.6955 -0.5697
vn -0.4040 0.6968 0.5926
vn 0.4442 0.6966 0.5635
vn 0.5212 0.6741 0.5234
vn 0.4822 0.6963 -0.5316
vn 0.4927 0.6961 -0.5221
vn -0.4598 0.6959 0.5517
vn 0.4959 0.6964 0.5188
vn 0.5340 0.6810 0.5011
vn 0.5268 0.6979 -0.4852
vn 0.5361 0.6981 -0.4747
vn -0.5025 0.6993 0.5084
vn 0.5447 0.6959 0.4680
vn 0.3815 0.6962 0.6080
vn 0.5684 0.6966 -0.4377
vn 0.5772 0.6964 -0.4264
vn -0.5368 0.6992 0.4722
vn 0.4364 0.6970 0.5690
vn 0.6062 0.6969 -0.3833
vn 0.6104 0.6984 -0.3737
vn -0.7008 0.6963 -0.1548
vn 0.4874 0.6966 0.5265
vn 0.6381 0.6971 -0.3269
vn -0.6827 0.6965 -0.2209
vn 0.5325 0.6974 0.4797
vn 0.6665 0.6963 -0.2664
vn 0.6442 0.6955 -0.3182
vn -0.0716 0.6955 -0.7150
vn -0.6576 0.6941 -0.2928
vn 0.5766 0.6957 0.4283
vn 0.7054 0.6969 -0.1297
vn 0.6706 0.6970 -0.2538
vn -0.1407 0.6970 -0.7032
vn -0.6217 0.6975 -0.3563
vn 0.6145 0.6968 0.3699
vn 0.6905 0.6972 -0.1927
vn -0.2088 0.6955 -0.6875
vn -0.5868 0.6956 -0.4145
vn 0.6473 0.6962 0.3103
vn -0.2761 0.6964 -0.6624
vn -0.5425 0.6967 -0.4694
vn 0.6732 0.6968 0.2475
vn 0.6887 0.6965 -0.2013
vn -0.3355 0.6972 -0.6335
vn 0.5842 0.6974 0.4151
vn 0.7043 0.6967 -0.1358
vn -0.3938 0.6962 -0.6003
vn 0.6243 0.6948 0.3571
vn 0.7144 0.6963 -0.0686
vn -0.4501 0.6963 -0.5590
vn 0.6566 0.6964 0.2898
vn 0.7123 0.7017 -0.0169
vn -0.4979 0.6976 -0.5151
vn 0.6927 0.6971 0.1853
vn 0.7130 0.6984 0.0619
vn 0.7067 0.6970 0.1220
vn -0.7108 0.7032 0.0125
vn -0.7132 -0.6991 0.0510
vn -0.7132 0.6991 0.0510
vn -0.7108 -0.7032 0.0125
vn 0.5020 0.6982 -0.5104
vn 0.5332 -0.7011 -0.4735
vn 0.5331 0.7011 -0.4735
vn 0.5021 -0.6982 -0.5103
vn 0.7133 -0.6971 0.0720
vn 0.7107 -0.7034 -0.0114
vn 0.7131 -0.7008 0.0199
vn 0.7106 -0.6977 -0.0913
vn 0.7119 -0.7011 -0.0419
vn 0.6843 -0.6951 -0.2202
vn 0.7004 -0.6973 -0.1520
vn 0.6232 -0.6961 -0.3566
vn 0.6568 -0.6954 -0.2915
vn 0.5420 -0.6960 -0.4709
vn 0.5852 -0.6964 -0.4154
vn 0.4657 -0.7005 -0.5407
vn 0.4988 -0.6998 -0.5114
vn 0.3871 -0.6963 -0.6044
vn 0.4322 -0.6999 -0.5686
vn 0.2647 -0.6962 -0.6672
vn 0.3274 -0.6965 -0.6385
vn 0.1348 -0.6974 -0.7039
vn 0.1987 -0.6963 -0.6897
vn 0.0173 -0.7016 -0.7124
vn 0.0697 -0.6962 -0.7144
vn -0.4218 -0.6363 0.6459
vn 0.0381 -0.6998 0.7133
vn -0.3214 -0.6639 0.6753
vn 0.1459 -0.6974 0.7017
vn 0.0883 -0.6986 0.7100
vn 0.2734 -0.6969 0.6630
vn 0.2100 -0.6963 0.6863
vn 0.3956 -0.6973 0.5978
vn 0.3372 -0.6955 0.6344
vn 0.4917 -0.6994 0.5187
vn 0.4493 -0.6964 0.5595
vn 0.5585 -0.6982 0.4478
vn 0.5241 -0.7000 0.4851
vn 0.6344 -0.6968 0.3346
vn 0.5996 -0.6955 0.3960
vn 0.6897 -0.6968 0.1970
vn 0.6679 -0.6943 0.2682
vn 0.7132 -0.6979 0.0648
vn 0.7063 -0.6959 0.1299
vn 0.7117 -0.7024 -0.0150
vn 0.7124 -0.7015 0.0176
vn 0.7091 -0.6964 -0.1100
vn 0.7122 -0.6999 -0.0529
vn 0.6742 -0.6974 -0.2430
vn 0.6954 -0.6959 -0.1791
vn 0.6164 -0.6976 -0.3653
vn 0.6497 -0.6956 -0.3065
vn 0.5329 -0.6958 -0.4815
vn 0.5805 -0.6952 -0.4239
vn 0.4377 -0.6969 -0.5682
vn 0.4850 -0.6978 -0.5270
vn 0.3258 -0.6976 -0.6381
vn 0.3827 -0.6964 -0.6070
vn 0.2021 -0.6986 -0.6863
vn 0.2645 -0.6953 -0.6683
vn 0.0669 -0.6971 -0.7139
vn 0.1383 -0.6948 -0.7058
vn -0.0198 -0.7008 -0.7130
vn -0.1378 -0.6964 -0.7043
vn -0.0719 -0.6971 -0.7134
vn -0.2768 -0.6967 -0.6618
vn -0.2092 -0.6950 -0.6879
vn -0.3956 -0.6955 -0.5998
vn -0.3354 -0.6972 -0.6336
vn -0.4945 -0.6974 -0.5188
vn -0.4483 -0.6978 -0.5586
vn -0.5689 -0.6990 -0.4333
vn -0.5351 -0.6983 -0.4754
vn -0.6409 -0.6958 -0.3242
vn -0.6054 -0.6964 -0.3854
vn -0.6895 -0.6982 -0.1929
vn -0.6712 -0.6954 -0.2566
vn -0.7135 -0.6970 -0.0721
vn -0.7038 -0.6974 -0.1350
vn -0.7110 -0.7031 0.0125
vn -0.7130 -0.7009 -0.0197
vn -0.7075 -0.6995 0.1013
vn -0.7134 -0.6989 0.0511
vn -0.6811 -0.6975 0.2229
vn -0.6997 -0.6964 0.1599
vn -0.6233 -0.6964 0.3557
vn -0.6582 -0.6948 0.2900
vn -0.5441 -0.6962 0.4683
vn -0.5865 -0.6965 0.4134
vn -0.4487 -0.6968 0.5596
vn -0.4972 -0.6973 0.5163
vn -0.3354 -0.6972 0.6335
vn -0.3937 -0.6961 0.6004
vn -0.2116 -0.6959 0.6863
vn -0.2767 -0.6967 0.6618
vn -0.0691 -0.6962 0.7145
vn -0.1407 -0.6955 0.7046
vn 0.0112 -0.7035 0.7106
vn -0.0170 -0.7017 0.7123
vn 0.0883 -0.6986 0.7101
vn 0.0418 -0.7010 0.7120
vn 0.2199 -0.6963 0.6832
vn 0.1513 -0.6958 0.7021
vn 0.3495 -0.6957 0.6276
vn 0.2850 -0.6962 0.6588
vn 0.4604 -0.6960 0.5510
vn 0.4063 -0.6974 0.5903
vn 0.5532 -0.6958 0.4581
vn 0.5073 -0.6978 0.5056
vn 0.6287 -0.6970 0.3448
vn 0.5946 -0.6966 0.4015
vn 0.6855 -0.6968 0.2111
vn 0.6623 -0.6947 0.2805
vn 0.7047 -0.6952 0.1421
vn 0.0144 -0.7025 -0.7115
vn -0.1733 -0.6822 0.7104
vn 0.1317 -0.6969 0.7050
vn 0.0645 -0.6961 -0.7151
vn 0.1954 -0.6969 0.6900
vn 0.1340 -0.6963 -0.7051
vn 0.2557 -0.6974 0.6695
vn 0.1999 -0.6968 -0.6889
vn 0.3191 -0.6955 0.6438
vn 0.2645 -0.6963 -0.6672
vn 0.3795 -0.6970 0.6084
vn 0.3328 -0.6948 -0.6375
vn 0.4331 -0.6970 0.5716
vn 0.3955 -0.6966 -0.5987
vn 0.4888 -0.6951 0.5271
vn 0.4541 -0.6953 -0.5570
vn 0.5021 -0.6981 -0.5104
vn 0.5347 -0.6978 0.4765
vn 0.5333 -0.7010 -0.4736
vn 0.5740 -0.6973 0.4294
vn 0.5630 -0.6993 -0.4405
vn 0.6132 -0.6958 0.3740
vn 0.6036 -0.6950 -0.3909
vn 0.6452 -0.6969 0.3129
vn 0.6381 -0.6968 -0.3276
vn 0.6716 -0.6966 0.2521
vn 0.6682 -0.6955 -0.2641
vn 0.6919 -0.6969 0.1889
vn 0.6904 -0.6964 -0.1958
vn 0.7077 -0.6959 0.1216
vn 0.7058 -0.6965 -0.1291
vn 0.7136 -0.6982 0.0573
vn 0.7135 -0.6976 -0.0653
vn 0.6850 -0.6857 0.2460
vn 0.6685 -0.6585 0.3457
vn 0.6343 0.6970 0.3345
vn 0.6677 -0.6944 0.2682
vn 0.6677 0.6944 0.2682
vn 0.6343 -0.6970 0.3345
vn 0.7106 0.6977 -0.0913
vn 0.7107 0.7034 -0.0114
vn 0.7119 0.7011 -0.0419
vn 0.7133 0.6971 0.0720
vn 0.7131 0.7008 0.0199
vn 0.6854 0.6968 0.2111
vn 0.7047 0.6952 0.1421
vn 0.6287 0.6970 0.3448
vn 0.6623 0.6947 0.2805
vn 0.5531 0.6958 0.4582
vn 0.5945 0.6966 0.4016
vn 0.4603 0.6960 0.5511
vn 0.5072 0.6978 0.5057
vn 0.3495 0.6957 0.6275
vn 0.4063 0.6974 0.5903
vn 0.2198 0.6963 0.6832
vn 0.2850 0.6962 0.6588
vn 0.0883 0.6986 0.7100
vn 0.1513 0.6958 0.7021
vn 0.0112 0.7036 0.7106
vn 0.0418 0.7010 0.7120
vn -0.0691 0.6963 0.7145
vn -0.0170 0.7017 0.7122
vn -0.2116 0.6959 0.6862
vn -0.1408 0.6955 0.7046
vn -0.3354 0.6972 0.6335
vn -0.2767 0.6967 0.6618
vn -0.4487 0.6968 0.5596
vn -0.3938 0.6961 0.6003
vn -0.5442 0.6962 0.4682
vn -0.6232 0.6964 0.3557
vn -0.5865 0.6966 0.4133
vn -0.6811 0.6975 0.2229
vn -0.6582 0.6947 0.2900
vn -0.7075 0.6995 0.1013
vn -0.6997 0.6963 0.1599
vn -0.7110 0.7031 0.0125
vn -0.7134 0.6989 0.0511
vn -0.7135 0.6970 -0.0722
vn -0.7130 0.7009 -0.0197
vn -0.6895 0.6982 -0.1929
vn -0.7038 0.6974 -0.1350
vn -0.6409 0.6958 -0.3242
vn -0.6712 0.6954 -0.2566
vn -0.5689 0.6990 -0.4333
vn -0.6053 0.6964 -0.3854
vn -0.4944 0.6974 -0.5189
vn -0.5350 0.6984 -0.4755
vn -0.3955 0.6956 -0.5998
vn -0.4483 0.6978 -0.5587
vn -0.2768 0.6967 -0.6618
vn -0.3354 0.6972 -0.6336
vn -0.1378 0.6964 -0.7043
vn -0.2092 0.6950 -0.6879
vn -0.0198 0.7008 -0.7131
vn -0.0719 0.6971 -0.7134
vn 0.0669 0.6971 -0.7139
vn 0.0173 0.7016 -0.7123
vn 0.2021 0.6986 -0.6863
vn 0.1383 0.6948 -0.7058
vn 0.3258 0.6976 -0.6381
vn 0.2645 0.6953 -0.6682
vn 0.4377 0.6968 -0.5682
vn 0.3827 0.6964 -0.6070
vn 0.5330 0.6958 -0.4815
vn 0.4850 0.6978 -0.5270
vn 0.6164 0.6975 -0.3654
vn 0.5805 0.6952 -0.4239
vn 0.6742 0.6974 -0.2429
vn 0.6497 0.6956 -0.3065
vn 0.7091 0.6964 -0.1100
vn 0.6954 0.6959 -0.1791
vn 0.7117 0.7024 -0.0150
vn 0.7122 0.6999 -0.0529
vn 0.7132 0.6979 0.0648
vn 0.7124 0.7015 0.0176
vn 0.6897 0.6968 0.1970
vn 0.7063 0.6959 0.1299
vn 0.6344 0.6968 0.3346
vn 0.6678 0.6943 0.2682
vn 0.5585 0.6982 0.4478
vn 0.5995 0.6955 0.3961
vn 0.4917 0.6994 0.5187
vn 0.5241 0.7000 0.4851
vn 0.3955 0.6973 0.5978
vn 0.4493 0.6964 0.5595
vn 0.2733 0.6970 0.6630
vn 0.3372 0.6955 0.6345
vn 0.1459 0.6974 0.7017
vn 0.2100 0.6963 0.6863
vn 0.0381 0.6998 0.7133
vn 0.4526 0.6363 0.6248
vn 0.3355 0.6639 0.6683
vn 0.0144 0.7025 -0.7116
vn 0.0697 0.6962 -0.7144
vn 0.1987 0.6963 -0.6896
vn 0.1348 0.6974 -0.7039
vn 0.3275 0.6965 -0.6384
vn 0.2647 0.6962 -0.6672
vn 0.4323 0.6999 -0.5685
vn 0.3872 0.6962 -0.6045
vn 0.4988 0.6998 -0.5114
vn 0.4657 0.7005 -0.5407
vn 0.5851 0.6964 -0.4154
vn 0.5420 0.6960 -0.4709
vn 0.6569 0.6954 -0.2915
vn 0.6231 0.6961 -0.3566
vn 0.7005 0.6973 -0.1520
vn 0.6844 0.6951 -0.2202
vn 0.0645 0.6960 -0.7151
vn 0.3028 0.6822 0.6655
vn 0.1340 0.6963 -0.7051
vn 0.1317 0.6969 0.7050
vn 0.1999 0.6967 -0.6889
vn 0.1954 0.6969 0.6900
vn 0.2645 0.6963 -0.6672
vn 0.2558 0.6974 0.6695
vn 0.3328 0.6948 -0.6375
vn 0.3192 0.6955 0.6437
vn 0.3954 0.6966 -0.5987
vn 0.3795 0.6970 0.6084
vn 0.4541 0.6953 -0.5571
vn 0.4331 0.6969 0.5716
vn 0.5021 0.6981 -0.5105
vn 0.4889 0.6951 0.5271
vn 0.5333 0.7010 -0.4736
vn 0.5347 0.6978 0.4765
vn 0.5629 0.6993 -0.4405
vn 0.5739 0.6973 0.4294
vn 0.6036 0.6950 -0.3908
vn 0.6132 0.6959 0.3739
vn 0.6452 0.6970 0.3129
vn 0.6381 0.6968 -0.3275
vn 0.6717 0.6966 0.2521
vn 0.6682 0.6955 -0.2641
vn 0.6919 0.6969 0.1888
vn 0.6904 0.6964 -0.1958
vn 0.7077 0.6959 0.1216
vn 0.7058 0.6965 -0.1291
vn 0.7135 0.6976 -0.0653
vn 0.7136 0.6982 0.0573
vn 0.6508 0.6584 -0.3781
vn 0.6944 0.6857 -0.2181
vn 0.5628 0.6995 -0.4404
vn 0.6035 -0.6951 -0.3908
vn 0.6034 0.6951 -0.3908
vn 0.5628 -0.6995 -0.4404
vn -0.7132 0.6991 0.0511
vn -0.7073 -0.6996 0.1013
vn -0.7073 0.6996 0.1013
vn -0.7132 -0.6991 0.0512
vn 0.5332 0.7011 -0.4735
vn 0.5628 -0.6995 -0.4405
vn 0.5628 0.6995 -0.4405
vn 0.5332 -0.7011 -0.4734
vn 0.6677 0.6944 0.2681
vn 0.6895 -0.6970 0.1970
vn 0.6895 0.6970 0.1970
vn 0.6677 -0.6945 0.2681
vn 0.6035 0.6951 -0.3907
vn 0.6380 -0.6970 -0.3274
vn 0.6379 0.6970 -0.3275
vn 0.6035 -0.6951 -0.3907
vn -0.6996 -0.6965 0.1599
vn -0.6996 0.6965 0.1599
vn 0.7061 -0.6960 0.1299
vn 0.7061 0.6961 0.1299
vn 0.6895 -0.6970 0.1969
vn 0.6681 -0.6956 -0.2641
vn 0.6681 0.6956 -0.2641
vn -0.6810 -0.6976 0.2228
vn -0.6810 0.6976 0.2228
vn 0.7061 0.6960 0.1299
vn 0.7131 -0.6981 0.0648
vn 0.7131 0.6981 0.0648
vn 0.7062 -0.6961 0.1298
vn 0.6903 -0.6965 -0.1957
vn 0.6903 0.6965 -0.1958
vn 0.6681 -0.6956 -0.2640
vn -0.6810 0.6976 0.2229
vn -0.6581 -0.6949 0.2899
vn -0.6581 0.6949 0.2899
vn -0.6809 -0.6976 0.2229
vn 0.7131 0.6980 0.0648
vn 0.7123 -0.7016 0.0176
vn 0.7123 0.7016 0.0176
vn 0.7131 -0.6980 0.0648
vn 0.7057 -0.6966 -0.1291
vn 0.7057 0.6966 -0.1292
vn 0.6903 -0.6966 -0.1957
vn -0.6580 0.6949 0.2900
vn -0.6231 -0.6965 0.3557
vn -0.6231 0.6965 0.3557
vn -0.6580 -0.6949 0.2900
vn 0.7116 -0.7025 -0.0150
vn 0.7116 0.7025 -0.0150
vn 0.7123 -0.7016 0.0175
vn 0.7057 0.6966 -0.1291
vn 0.7133 -0.6978 -0.0653
vn 0.7133 0.6978 -0.0654
vn 0.7057 -0.6966 -0.1290
vn -0.5864 -0.6967 0.4133
vn -0.5863 0.6967 0.4133
vn -0.6231 -0.6966 0.3557
vn 0.7133 0.6978 -0.0653
vn 0.6507 0.6585 -0.3781
vn 0.7133 -0.6978 -0.0652
vn 0.7115 0.7025 -0.0150
vn 0.7121 -0.7001 -0.0529
vn 0.7121 0.7000 -0.0528
vn 0.7115 -0.7025 -0.0150
vn 0.6849 -0.6859 0.2459
vn 0.6943 0.6858 -0.2180
vn 0.6684 -0.6586 0.3456
vn -0.5864 0.6967 0.4133
vn -0.5441 -0.6963 0.4682
vn -0.5441 0.6963 0.4682
vn -0.5863 -0.6967 0.4133
vn 0.7121 0.7000 -0.0529
vn 0.7090 -0.6966 -0.1100
vn 0.7090 0.6966 -0.1100
vn 0.7121 -0.7000 -0.0529
vn -0.5440 0.6963 0.4682
vn -0.4972 -0.6974 0.5162
vn -0.4971 0.6974 0.5163
vn -0.5440 -0.6963 0.4682
vn 0.6953 -0.6961 -0.1790
vn 0.6953 0.6961 -0.1790
vn 0.7090 -0.6966 -0.1101
vn -0.4486 -0.6970 0.5595
vn -0.4487 0.6970 0.5594
vn -0.4971 -0.6974 0.5163
vn 0.6953 0.6961 -0.1791
vn 0.6741 -0.6976 -0.2429
vn 0.6741 0.6976 -0.2428
vn 0.6953 -0.6961 -0.1791
vn -0.4486 0.6970 0.5594
vn -0.3937 -0.6963 0.6002
vn -0.3937 0.6963 0.6002
vn 0.6496 -0.6958 -0.3064
vn 0.6496 0.6958 -0.3064
vn 0.6741 -0.6975 -0.2430
vn 0.7134 -0.6984 0.0573
vn 0.7134 0.6984 0.0572
vn -0.3936 0.6962 0.6003
vn -0.3354 -0.6974 0.6334
vn -0.3354 0.6974 0.6334
vn -0.3936 -0.6963 0.6002
vn 0.6496 0.6958 -0.3065
vn 0.6163 -0.6977 -0.3653
vn 0.6163 0.6977 -0.3652
vn 0.6496 -0.6958 -0.3065
vn 0.7134 0.6984 0.0573
vn 0.7076 -0.6960 0.1216
vn 0.7076 0.6961 0.1215
vn 0.7134 -0.6984 0.0574
vn 0.6163 0.6977 -0.3653
vn 0.5804 -0.6953 -0.4239
vn 0.5803 0.6954 -0.4238
vn -0.3353 0.6974 0.6334
vn -0.2766 -0.6968 0.6617
vn -0.2767 0.6968 0.6617
vn -0.3353 -0.6974 0.6334
vn 0.7076 0.6960 0.1215
vn 0.6918 -0.6970 0.1888
vn 0.6918 0.6970 0.1887
vn -0.2766 0.6968 0.6617
vn -0.2116 -0.6960 0.6861
vn -0.2116 0.6961 0.6861
vn 0.5328 -0.6959 -0.4815
vn 0.5329 0.6959 -0.4814
vn 0.5803 -0.6953 -0.4239
vn 0.6918 0.6970 0.1888
vn 0.6716 -0.6968 0.2521
vn 0.6716 0.6968 0.2520
vn 0.6917 -0.6970 0.1889
vn -0.2115 0.6960 0.6861
vn -0.1407 -0.6957 0.7044
vn -0.1407 0.6957 0.7044
vn -0.2115 -0.6961 0.6861
vn 0.7129 0.7010 0.0199
vn 0.7105 -0.7036 -0.0114
vn 0.7105 0.7036 -0.0114
vn 0.7129 -0.7010 0.0198
vn 0.5328 0.6959 -0.4814
vn 0.4850 -0.6980 -0.5269
vn 0.4849 0.6980 -0.5269
vn 0.6715 0.6968 0.2521
vn 0.6451 -0.6971 0.3129
vn 0.6452 0.6971 0.3128
vn 0.6715 -0.6968 0.2522
vn 0.7118 -0.7012 -0.0419
vn 0.7118 0.7012 -0.0418
vn 0.6131 -0.6960 0.3738
vn 0.6131 0.6960 0.3738
vn -0.0691 -0.6964 0.7143
vn -0.0691 0.6964 0.7143
vn 0.7118 0.7012 -0.0419
vn 0.7105 -0.6978 -0.0913
vn 0.7105 0.6978 -0.0912
vn 0.4850 0.6980 -0.5269
vn 0.4377 -0.6970 -0.5680
vn 0.4377 0.6970 -0.5681
vn 0.4849 -0.6980 -0.5270
vn 0.6131 0.6960 0.3739
vn 0.5739 -0.6974 0.4294
vn 0.5739 0.6974 0.4293
vn 0.6130 -0.6960 0.3739
vn -0.0691 0.6964 0.7144
vn -0.0170 -0.7018 0.7121
vn -0.0170 0.7019 0.7121
vn 0.7104 0.6978 -0.0913
vn 0.7003 -0.6975 -0.1520
vn 0.7003 0.6975 -0.1520
vn 0.7104 -0.6978 -0.0913
vn 0.4376 0.6970 -0.5681
vn 0.3827 -0.6966 -0.6069
vn 0.3827 0.6965 -0.6070
vn 0.4376 -0.6969 -0.5681
vn 0.5346 -0.6980 0.4764
vn 0.5347 0.6980 0.4764
vn 0.5738 -0.6974 0.4294
vn -0.0170 0.7018 0.7121
vn 0.0112 -0.7037 0.7104
vn 0.0112 0.7037 0.7104
vn -0.0169 -0.7019 0.7121
vn 0.7003 0.6974 -0.1520
vn 0.6842 -0.6953 -0.2201
vn 0.6842 0.6953 -0.2201
vn 0.7003 -0.6974 -0.1520
vn 0.3827 0.6965 -0.6069
vn 0.3258 -0.6978 -0.6379
vn 0.3258 0.6978 -0.6379
vn 0.3826 -0.6965 -0.6070
vn 0.5347 0.6979 0.4765
vn 0.4887 -0.6952 0.5271
vn 0.4888 0.6953 0.5270
vn 0.5346 -0.6980 0.4765
vn 0.6842 0.6953 -0.2202
vn 0.6567 -0.6956 -0.2915
vn 0.6567 0.6956 -0.2915
vn 0.6842 -0.6953 -0.2202
vn 0.3258 0.6978 -0.6380
vn 0.2645 -0.6955 -0.6681
vn 0.2645 0.6955 -0.6681
vn 0.3258 -0.6978 -0.6380
vn 0.4887 0.6953 0.5270
vn 0.4330 -0.6971 0.5715
vn 0.4330 0.6971 0.5714
vn 0.4887 -0.6953 0.5270
vn 0.0418 -0.7011 0.7119
vn 0.0418 0.7011 0.7119
vn 0.2644 0.6955 -0.6681
vn 0.2020 -0.6988 -0.6862
vn 0.2022 0.6987 -0.6862
vn 0.2645 -0.6954 -0.6682
vn 0.4330 0.6971 0.5715
vn 0.3794 -0.6971 0.6083
vn 0.3795 0.6971 0.6083
vn 0.0882 -0.6987 0.7099
vn 0.0882 0.6987 0.7099
vn 0.0419 -0.7011 0.7119
vn 0.6230 -0.6962 -0.3566
vn 0.6231 0.6962 -0.3565
vn 0.2021 0.6988 -0.6862
vn 0.1383 -0.6950 -0.7056
vn 0.1383 0.6950 -0.7056
vn 0.2021 -0.6988 -0.6862
vn 0.3794 0.6971 0.6083
vn 0.3190 -0.6956 0.6437
vn 0.3192 0.6957 0.6436
vn 0.0883 0.6987 0.7099
vn 0.1513 -0.6959 0.7020
vn 0.1512 0.6959 0.7020
vn 0.0884 -0.6988 0.7099
vn 0.6230 0.6962 -0.3566
vn 0.5850 -0.6965 -0.4154
vn 0.5851 0.6966 -0.4153
vn 0.0669 -0.6972 -0.7137
vn 0.0669 0.6972 -0.7137
vn 0.1513 0.6959 0.7020
vn 0.2197 -0.6964 0.6832
vn 0.2197 0.6964 0.6832
vn 0.5850 0.6966 -0.4154
vn 0.5420 -0.6961 -0.4708
vn 0.5420 0.6961 -0.4708
vn 0.5850 -0.6966 -0.4154
vn 0.0668 0.6972 -0.7137
vn 0.0173 -0.7017 -0.7122
vn 0.0173 0.7017 -0.7122
vn 0.0668 -0.6972 -0.7137
vn 0.3191 0.6957 0.6436
vn 0.2557 -0.6976 0.6693
vn 0.2557 0.6976 0.6693
vn 0.3190 -0.6957 0.6436
vn 0.2198 0.6964 0.6831
vn 0.2849 -0.6963 0.6587
vn 0.2849 0.6963 0.6587
vn 0.2198 -0.6964 0.6831
vn 0.5419 0.6961 -0.4708
vn 0.4988 -0.6999 -0.5113
vn 0.4988 0.6999 -0.5113
vn 0.5419 -0.6961 -0.4708
vn 0.1954 -0.6970 0.6899
vn 0.1955 0.6970 0.6899
vn 0.2556 -0.6975 0.6694
vn 0.2850 0.6963 0.6587
vn 0.3495 -0.6958 0.6274
vn 0.3494 0.6959 0.6275
vn 0.2850 -0.6963 0.6587
vn -0.0198 -0.7010 -0.7129
vn -0.0197 0.7010 -0.7129
vn 0.0172 -0.7017 -0.7122
vn 0.1954 0.6970 0.6899
vn 0.1317 -0.6971 0.7048
vn 0.1317 0.6970 0.7048
vn 0.1953 -0.6970 0.6899
vn 0.4657 -0.7006 -0.5406
vn 0.4656 0.7007 -0.5406
vn 0.4987 -0.6999 -0.5113
vn -0.0198 0.7009 -0.7129
vn -0.0718 -0.6972 -0.7133
vn -0.0718 0.6972 -0.7132
vn -0.1732 -0.6823 0.7103
vn 0.3028 0.6823 0.6655
vn 0.1316 -0.6971 0.7048
vn 0.3495 0.6958 0.6274
vn 0.4062 -0.6975 0.5903
vn 0.4062 0.6976 0.5902
vn 0.3495 -0.6959 0.6274
vn 0.4321 -0.7001 -0.5685
vn 0.4322 0.7000 -0.5684
vn 0.4657 -0.7006 -0.5407
vn -0.0719 0.6972 -0.7132
vn -0.1377 -0.6966 -0.7041
vn -0.1377 0.6965 -0.7042
vn -0.0719 -0.6972 -0.7132
vn 0.3027 0.6823 0.6654
vn -0.4219 -0.6363 0.6458
vn 0.4526 0.6363 0.6247
vn -0.1733 -0.6823 0.7103
vn 0.4063 0.6976 0.5902
vn 0.4602 -0.6961 0.5510
vn 0.4602 0.6962 0.5510
vn 0.4063 -0.6976 0.5902
vn 0.4322 0.7001 -0.5684
vn 0.3870 -0.6964 -0.6044
vn 0.3871 0.6964 -0.6043
vn 0.4322 -0.7001 -0.5684
vn -0.1378 0.6965 -0.7042
vn -0.2092 -0.6952 -0.6877
vn -0.2092 0.6952 -0.6877
vn -0.1378 -0.6966 -0.7041
vn 0.4603 0.6961 0.5509
vn 0.5072 -0.6980 0.5056
vn 0.5072 0.6980 0.5056
vn 0.4603 -0.6961 0.5509
vn 0.3870 0.6964 -0.6044
vn 0.3274 -0.6967 -0.6383
vn 0.3274 0.6967 -0.6383
vn 0.5530 -0.6960 0.4581
vn 0.5530 0.6960 0.4580
vn 0.5072 -0.6980 0.5055
vn 0.2647 -0.6963 -0.6671
vn 0.2647 0.6963 -0.6671
vn -0.2092 0.6952 -0.6878
vn -0.2767 -0.6968 -0.6617
vn -0.2767 0.6969 -0.6617
vn -0.2093 -0.6952 -0.6877
vn 0.5944 -0.6968 0.4015
vn 0.5944 0.6968 0.4015
vn 0.5530 -0.6960 0.4580
vn 0.1987 -0.6965 -0.6895
vn 0.1987 0.6965 -0.6895
vn -0.2767 0.6968 -0.6617
vn -0.3353 -0.6974 -0.6334
vn -0.3353 0.6974 -0.6334
vn -0.2768 -0.6968 -0.6617
vn 0.5945 0.6968 0.4014
vn 0.6286 -0.6971 0.3447
vn 0.6286 0.6971 0.3448
vn 0.1348 -0.6976 -0.7037
vn 0.1348 0.6976 -0.7037
vn -0.3354 0.6974 -0.6334
vn -0.3955 -0.6957 -0.5997
vn -0.3955 0.6957 -0.5997
vn -0.3354 -0.6974 -0.6334
vn 0.1347 0.6976 -0.7037
vn 0.0698 -0.6964 -0.7143
vn 0.0698 0.6964 -0.7143
vn 0.1347 -0.6976 -0.7037
vn -0.4482 -0.6980 -0.5586
vn -0.4481 0.6980 -0.5586
vn -0.3956 -0.6957 -0.5996
vn 0.4527 0.6363 0.6247
vn -0.3214 -0.6640 0.6752
vn 0.3354 0.6640 0.6683
vn 0.6286 0.6971 0.3447
vn 0.6622 -0.6948 0.2805
vn 0.6622 0.6948 0.2805
vn 0.0696 0.6964 -0.7143
vn 0.0696 -0.6964 -0.7143
vn -0.4482 0.6980 -0.5585
vn -0.4944 -0.6975 -0.5188
vn -0.4943 0.6975 -0.5188
vn 0.3355 0.6640 0.6683
vn 0.0381 -0.7000 0.7131
vn 0.0381 0.7000 0.7132
vn -0.3214 -0.6639 0.6752
vn 0.6622 0.6948 0.2804
vn 0.6853 -0.6970 0.2111
vn 0.6853 0.6970 0.2111
vn 0.6622 -0.6948 0.2804
vn 0.0382 -0.7000 0.7132
vn 0.7045 -0.6953 0.1421
vn 0.7045 0.6953 0.1421
vn 0.0144 -0.7026 -0.7114
vn 0.0144 0.7026 -0.7114
vn -0.4944 0.6975 -0.5187
vn -0.5350 -0.6985 -0.4753
vn -0.5349 0.6985 -0.4754
vn -0.4944 -0.6975 -0.5187
vn 0.1459 -0.6975 0.7016
vn 0.1459 0.6975 0.7015
vn 0.7045 0.6953 0.1420
vn 0.7132 -0.6972 0.0721
vn 0.7132 0.6972 0.0721
vn 0.7045 -0.6953 0.1420
vn 0.0646 -0.6962 -0.7150
vn 0.0645 0.6962 -0.7150
vn -0.5350 0.6985 -0.4753
vn -0.5688 -0.6991 -0.4332
vn -0.5688 0.6991 -0.4333
vn -0.5349 -0.6985 -0.4754
vn 0.1459 0.6975 0.7016
vn 0.2100 -0.6964 0.6862
vn 0.2099 0.6964 0.6862
vn 0.1460 -0.6975 0.7016
vn -0.5688 0.6991 -0.4332
vn -0.6052 -0.6966 -0.3854
vn -0.6052 0.6966 -0.3853
vn 0.2100 0.6964 0.6862
vn 0.2733 -0.6971 0.6629
vn 0.2733 0.6971 0.6629
vn 0.7132 0.6972 0.0719
vn 0.7129 -0.7010 0.0199
vn 0.7132 -0.6972 0.0719
vn 0.1340 -0.6964 -0.7050
vn 0.1339 0.6964 -0.7050
vn 0.0645 -0.6962 -0.7150
vn 0.2734 0.6971 0.6628
vn 0.3371 -0.6956 0.6344
vn 0.3372 0.6957 0.6343
vn 0.1340 0.6964 -0.7050
vn 0.1999 -0.6969 -0.6888
vn 0.1999 0.6969 -0.6888
vn -0.6053 0.6966 -0.3853
vn -0.6408 -0.6959 -0.3242
vn -0.6408 0.6959 -0.3242
vn -0.6053 -0.6966 -0.3853
vn -0.6711 -0.6956 -0.2566
vn -0.6711 0.6956 -0.2566
vn -0.6408 -0.6959 -0.3241
vn 0.3372 0.6956 0.6343
vn 0.3955 -0.6974 0.5977
vn 0.3954 0.6974 0.5977
vn 0.3372 -0.6957 0.6343
vn 0.2644 -0.6964 -0.6671
vn 0.2644 0.6964 -0.6671
vn -0.6711 0.6956 -0.2565
vn -0.6893 -0.6983 -0.1929
vn -0.6893 0.6983 -0.1929
vn -0.6711 -0.6956 -0.2565
vn 0.3955 0.6974 0.5977
vn 0.4492 -0.6966 0.5595
vn 0.4492 0.6965 0.5595
vn 0.2645 0.6964 -0.6671
vn 0.3328 -0.6950 -0.6374
vn 0.3327 0.6950 -0.6375
vn 0.2645 -0.6964 -0.6671
vn -0.6893 0.6983 -0.1928
vn -0.7037 -0.6975 -0.1350
vn -0.7037 0.6975 -0.1350
vn -0.6894 -0.6983 -0.1928
vn 0.4493 0.6965 0.5594
vn 0.4915 -0.6995 0.5187
vn 0.4915 0.6996 0.5186
vn 0.4493 -0.6966 0.5594
vn 0.3328 0.6949 -0.6374
vn 0.3954 -0.6967 -0.5985
vn 0.3953 0.6967 -0.5986
vn -0.7037 0.6975 -0.1349
vn -0.7134 -0.6971 -0.0721
vn -0.7134 0.6971 -0.0721
vn -0.7037 -0.6975 -0.1349
vn 0.4915 0.6995 0.5187
vn 0.5239 -0.7002 0.4850
vn 0.5239 0.7002 0.4850
vn 0.4915 -0.6996 0.5186
vn 0.3954 0.6967 -0.5985
vn 0.4541 -0.6955 -0.5569
vn 0.4540 0.6954 -0.5570
vn -0.7129 -0.7010 -0.0197
vn -0.7129 0.7010 -0.0197
vn 0.5240 0.7002 0.4849
vn 0.5584 -0.6983 0.4478
vn 0.5584 0.6983 0.4478
vn 0.5240 -0.7002 0.4849
vn 0.5995 -0.6956 0.3960
vn 0.5994 0.6956 0.3960
vn 0.5584 -0.6983 0.4477
vn 0.4540 0.6955 -0.5570
vn 0.5020 -0.6982 -0.5103
vn -0.7129 -0.7010 -0.0196
vn 0.5995 0.6956 0.3960
vn 0.6343 -0.6970 0.3346
vn 0.6342 0.6970 0.3346
vn 0.5995 -0.6956 0.3959
vn 0.7150 -0.6955 0.0714
vn 0.7108 -0.7033 -0.0119
vn 0.7123 -0.7017 0.0169
vn 0.7121 -0.6966 -0.0871
vn 0.7107 -0.7025 -0.0384
vn 0.6824 -0.6955 -0.2247
vn 0.7008 -0.6963 -0.1548
vn 0.6242 -0.6960 -0.3550
vn 0.6557 -0.6963 -0.2918
vn 0.5438 -0.6962 -0.4685
vn 0.5861 -0.6965 -0.4140
vn 0.4482 -0.6954 -0.5617
vn 0.4979 -0.6976 -0.5151
vn 0.3393 -0.6961 -0.6327
vn 0.3931 -0.6982 -0.5983
vn 0.2088 -0.6955 -0.6875
vn 0.2759 -0.6964 -0.6625
vn 0.0716 -0.6955 -0.7150
vn 0.1407 -0.6970 -0.7032
vn 0.0176 -0.7015 -0.7124
vn 0.0170 -0.7017 -0.7123
vn 0.7123 -0.7017 -0.0170
vn 0.7138 -0.6983 -0.0538
vn 0.7111 -0.7030 -0.0128
vn 0.6979 -0.6951 -0.1725
vn 0.7071 -0.6988 -0.1079
vn 0.6495 -0.6963 -0.3057
vn 0.6755 -0.6965 -0.2419
vn 0.5742 -0.6969 -0.4296
vn 0.6156 -0.6951 -0.3713
vn 0.4848 -0.6976 -0.5276
vn 0.5316 -0.6963 -0.4823
vn 0.3782 -0.6975 -0.6086
vn 0.4344 -0.6958 -0.5719
vn 0.2604 -0.6961 -0.6691
vn 0.3229 -0.6968 -0.6404
vn 0.1307 -0.6968 -0.7052
vn 0.1951 -0.6967 -0.6903
vn 0.0141 -0.7026 -0.7114
vn 0.0634 -0.6962 -0.7151
vn 0.0168 -0.7018 0.7122
vn 0.0512 -0.6989 0.7134
vn 0.0126 -0.7031 0.7109
vn 0.1598 -0.6964 0.6997
vn 0.1013 -0.6994 0.7075
vn 0.2875 -0.6955 0.6585
vn 0.2229 -0.6974 0.6811
vn 0.4150 -0.6960 0.5859
vn 0.3540 -0.6956 0.6251
vn 0.5164 -0.6972 0.4972
vn 0.4693 -0.6966 0.5427
vn 0.5992 -0.6966 0.3946
vn 0.5595 -0.6968 0.4487
vn 0.6625 -0.6964 0.2760
vn 0.6332 -0.6968 0.3369
vn 0.7045 -0.6956 0.1406
vn 0.6863 -0.6962 0.2105
vn 0.7123 -0.7017 0.0170
vn 0.7145 -0.6962 0.0692
vn 0.0170 -0.7017 0.7123
vn 0.0687 -0.6963 0.7144
vn 0.0169 -0.7017 0.7123
vn 0.2009 -0.6963 0.6890
vn 0.1353 -0.6970 0.7042
vn 0.3263 -0.6959 0.6397
vn 0.2637 -0.6971 0.6667
vn 0.4381 -0.6967 0.5680
vn 0.3846 -0.6972 0.6049
vn 0.5266 -0.6971 0.4865
vn 0.4835 -0.6985 0.5276
vn 0.6093 -0.6954 0.3810
vn 0.5682 -0.6970 0.4374
vn 0.6679 -0.6972 0.2606
vn 0.6420 -0.6971 0.3193
vn 0.7038 -0.6972 0.1364
vn 0.6890 -0.6969 0.1993
vn 0.7146 -0.6960 0.0697
vn 0.7147 -0.6964 -0.0648
vn 0.7117 -0.7023 -0.0151
vn 0.6874 -0.6967 -0.2049
vn 0.7055 -0.6954 -0.1363
vn 0.6362 -0.6974 -0.3299
vn 0.6652 -0.6961 -0.2700
vn 0.5682 -0.6970 -0.4373
vn 0.6051 -0.6972 -0.3845
vn 0.4746 -0.6981 -0.5361
vn 0.5241 -0.6954 -0.4916
vn 0.3745 -0.6972 -0.6112
vn 0.4277 -0.6971 -0.5755
vn 0.2538 -0.6970 -0.6706
vn 0.3162 -0.6961 -0.6445
vn 0.1297 -0.6970 -0.7053
vn 0.1926 -0.6972 -0.6906
vn 0.5394 -0.5910 -0.5999
vn 0.0658 -0.6972 -0.7138
vn -0.0382 -0.6998 -0.7133
vn 0.3119 -0.6662 -0.6774
vn -0.1548 -0.6965 -0.7006
vn -0.0914 -0.6977 -0.7105
vn -0.2891 -0.6961 -0.6571
vn -0.2225 -0.6960 -0.6828
vn -0.4149 -0.6977 -0.5841
vn -0.3572 -0.6947 -0.6243
vn -0.5182 -0.6974 -0.4950
vn -0.4697 -0.6954 -0.5438
vn -0.6013 -0.6966 -0.3913
vn -0.5618 -0.6964 -0.4465
vn -0.6644 -0.6965 -0.2711
vn -0.6356 -0.6966 -0.3329
vn -0.7043 -0.6967 -0.1358
vn -0.6888 -0.6956 -0.2043
vn -0.7123 -0.7017 -0.0170
vn -0.7144 -0.6964 -0.0688
vn -0.0169 -0.7017 -0.7123
vn -0.0388 -0.7023 -0.7108
vn -0.0119 -0.7033 -0.7108
vn -0.1494 -0.6964 -0.7020
vn -0.0847 -0.6975 -0.7116
vn -0.2818 -0.6960 -0.6605
vn -0.2160 -0.6965 -0.6843
vn -0.4048 -0.6958 -0.5933
vn -0.3444 -0.6965 -0.6295
vn -0.5051 -0.6966 -0.5095
vn -0.4568 -0.6977 -0.5519
vn -0.5958 -0.6962 -0.4005
vn -0.5532 -0.6958 -0.4580
vn -0.6602 -0.6965 -0.2809
vn -0.6309 -0.6966 -0.3416
vn -0.7047 -0.6952 -0.1421
vn -0.6854 -0.6958 -0.2148
vn -0.7145 -0.6962 -0.0692
vn -0.7145 -0.6972 0.0588
vn -0.7113 -0.7028 0.0134
vn -0.6907 -0.6978 0.1895
vn -0.7069 -0.6960 0.1260
vn -0.6505 -0.6949 0.3067
vn -0.6728 -0.6986 0.2437
vn -0.5759 -0.6968 0.4276
vn -0.6141 -0.6963 0.3714
vn -0.4867 -0.6974 0.5261
vn -0.5332 -0.6964 0.4803
vn -0.3809 -0.6983 0.6060
vn -0.4358 -0.6956 0.5711
vn -0.2663 -0.6963 0.6665
vn -0.3282 -0.6967 0.6379
vn -0.1352 -0.6970 0.7043
vn -0.2007 -0.6963 0.6891
vn -0.0169 -0.7017 0.7123
vn -0.0687 -0.6963 0.7144
vn 0.2464 -0.6882 0.6824
vn 0.1608 -0.6619 0.7321
vn -0.7170 -0.6965 -0.0271
vn -0.7107 -0.7034 0.0116
vn -0.7159 -0.6975 -0.0306
vn -0.7089 -0.6995 0.0899
vn -0.7123 -0.7004 0.0446
vn -0.6825 -0.6954 0.2247
vn -0.7024 -0.6953 0.1519
vn -0.6223 -0.6967 0.3568
vn -0.6554 -0.6956 0.2943
vn -0.5438 -0.6962 0.4685
vn -0.5861 -0.6965 0.4139
vn -0.4498 -0.6973 0.5580
vn -0.4973 -0.6972 0.5163
vn -0.5347 -0.6728 0.5113
vn -0.3955 -0.6956 0.5998
vn -0.2087 -0.6955 0.6875
vn -0.6314 -0.6263 0.4572
vn -0.0717 -0.6970 0.7135
vn -0.1385 -0.6962 0.7043
vn 0.0198 -0.7008 0.7131
vn -0.0196 -0.7009 0.7130
vn 0.1466 -0.6952 0.7037
vn 0.0744 -0.6963 0.7138
vn 0.2855 -0.6965 0.6584
vn 0.2191 -0.6956 0.6842
vn 0.4051 -0.6969 0.5917
vn 0.3477 -0.6962 0.6280
vn 0.5064 -0.6978 0.5066
vn 0.4596 -0.6962 0.5514
vn 0.5924 -0.6961 0.4055
vn 0.5503 -0.6965 0.4604
vn 0.6582 -0.6961 0.2867
vn 0.6275 -0.6970 0.3472
vn 0.7038 -0.6952 0.1464
vn 0.6842 -0.6956 0.2192
vn 0.0150 -0.7024 -0.7117
vn 0.6562 -0.6607 0.3645
vn -0.7107 -0.7034 -0.0119
vn 0.1774 -0.7054 0.6863
vn 0.0690 -0.6961 0.7146
vn 0.0662 -0.6970 0.7140
vn -0.0716 -0.6955 -0.7150
vn -0.7166 -0.6963 0.0419
vn 0.0650 -0.6978 -0.7133
vn 0.7138 -0.6972 -0.0658
vn -0.7107 -0.7025 -0.0384
vn 0.1363 -0.6949 0.7061
vn 0.1327 -0.6979 0.7037
vn 0.1365 -0.6952 0.7058
vn -0.7121 -0.6966 -0.0871
vn -0.1407 -0.6969 -0.7032
vn 0.0611 -0.6957 0.7157
vn -0.7097 -0.6950 0.1158
vn 0.1371 -0.6941 -0.7068
vn 0.7053 -0.6969 -0.1297
vn 0.2010 -0.6946 0.6907
vn 0.2058 -0.6968 0.6871
vn -0.2088 -0.6955 -0.6875
vn 0.0011 -0.6997 0.7144
vn -0.6927 -0.6964 0.1877
vn 0.2072 -0.6975 -0.6860
vn 0.6906 -0.6972 -0.1926
vn -0.0113 -0.6742 0.7385
vn 0.2704 -0.6961 0.6650
vn -0.2760 -0.6964 -0.6625
vn -0.0637 -0.6943 0.7168
vn -0.6711 -0.6951 0.2580
vn 0.2670 -0.6970 -0.6655
vn 0.0536 -0.6997 -0.7125
vn 0.0900 -0.6810 0.7267
vn 0.3343 -0.6961 0.6353
vn -0.3355 -0.6972 -0.6335
vn -0.1338 -0.6978 0.7037
vn -0.6412 -0.6982 0.3185
vn 0.3259 -0.6970 -0.6387
vn 0.1075 -0.6976 -0.7083
vn 0.3815 -0.6962 0.6080
vn 0.3909 -0.6974 0.6006
vn -0.3938 -0.6962 -0.6003
vn -0.2025 -0.6947 0.6902
vn -0.6119 -0.6957 0.3764
vn 0.3807 -0.6974 -0.6071
vn 0.1685 -0.6972 -0.6968
vn 0.4363 -0.6970 0.5690
vn 0.4441 -0.6966 0.5635
vn -0.4501 -0.6963 -0.5590
vn -0.5956 0.7008 -0.3927
vn 0.4378 -0.6955 -0.5697
vn 0.2371 -0.6949 -0.6789
vn 0.4873 -0.6966 0.5266
vn 0.4959 -0.6964 0.5188
vn -0.4979 -0.6976 -0.5152
vn 0.4927 -0.6961 -0.5221
vn 0.3037 -0.6967 -0.6498
vn 0.5325 -0.6974 0.4796
vn -0.5424 -0.6967 -0.4694
vn 0.5361 -0.6981 -0.4747
vn 0.6707 -0.6971 -0.2536
vn 0.5766 -0.6957 0.4284
vn 0.5446 -0.6959 0.4681
vn -0.5868 -0.6956 -0.4146
vn 0.5772 -0.6964 -0.4264
vn 0.3670 -0.6955 -0.6177
vn 0.6145 -0.6968 0.3699
vn 0.5840 -0.6976 0.4150
vn -0.6217 -0.6975 -0.3563
vn 0.4278 -0.6959 -0.5768
vn 0.6473 -0.6962 0.3104
vn 0.6244 -0.6947 0.3572
vn -0.6576 -0.6941 -0.2928
vn 0.6103 -0.6984 -0.3737
vn 0.4823 -0.6963 -0.5315
vn 0.6732 -0.6968 0.2475
vn 0.6566 -0.6964 0.2898
vn -0.6827 -0.6965 -0.2209
vn 0.6442 -0.6955 -0.3182
vn 0.5267 -0.6979 -0.4852
vn 0.6752 -0.6846 0.2745
vn 0.6828 -0.6956 0.2233
vn 0.5685 -0.6966 -0.4377
vn 0.7098 -0.6988 0.0887
vn 0.7022 -0.6956 0.1520
vn -0.7008 -0.6963 -0.1548
vn -0.5368 -0.6992 0.4723
vn 0.6062 -0.6969 -0.3832
vn -0.2803 -0.6940 0.6632
vn -0.5025 -0.6993 0.5083
vn 0.6927 -0.6971 0.1853
vn -0.3474 -0.6967 0.6277
vn -0.4597 -0.6959 0.5517
vn 0.7067 -0.6970 0.1221
vn -0.4040 -0.6968 0.5926
vn 0.7130 -0.6984 0.0619
vn 0.6382 -0.6971 -0.3269
vn 0.6665 -0.6963 -0.2663
vn 0.7123 -0.7017 -0.0169
vn 0.6887 -0.6965 -0.2013
vn 0.7043 -0.6967 -0.1358
vn 0.7144 -0.6963 -0.0686
vn 0.2008 0.6965 0.6889
vn 0.2637 -0.6972 0.6666
vn 0.2636 0.6972 0.6666
vn 0.2008 -0.6965 0.6889
vn 0.4846 0.6977 -0.5276
vn 0.4343 -0.6960 -0.5718
vn 0.4344 0.6960 -0.5718
vn 0.4847 -0.6977 -0.5276
vn -0.7111 0.7030 0.0134
vn -0.7144 -0.6973 0.0588
vn -0.7144 0.6973 0.0587
vn -0.7111 -0.7029 0.0134
vn 0.2637 0.6972 0.6666
vn 0.3262 -0.6961 0.6395
vn 0.3262 0.6961 0.6395
vn 0.4344 0.6959 -0.5718
vn 0.3781 -0.6976 -0.6085
vn 0.3781 0.6977 -0.6085
vn -0.7144 0.6973 0.0589
vn -0.7067 -0.6962 0.1260
vn -0.7067 0.6962 0.1260
vn -0.7144 -0.6973 0.0589
vn 0.3263 0.6960 0.6395
vn 0.3845 -0.6974 0.6048
vn 0.3845 0.6974 0.6048
vn 0.3263 -0.6961 0.6395
vn 0.3782 0.6977 -0.6085
vn 0.3229 -0.6970 -0.6403
vn 0.3229 0.6969 -0.6403
vn 0.3781 -0.6976 -0.6086
vn -0.6906 -0.6980 0.1895
vn -0.6906 0.6980 0.1895
vn 0.4380 -0.6969 0.5679
vn 0.4381 0.6969 0.5679
vn 0.3846 -0.6974 0.6048
vn -0.6727 -0.6987 0.2437
vn -0.6727 0.6987 0.2436
vn 0.2604 -0.6962 -0.6690
vn 0.2604 0.6962 -0.6689
vn 0.3228 -0.6970 -0.6403
vn -0.6727 0.6987 0.2437
vn -0.6503 -0.6950 0.3067
vn -0.6504 0.6950 0.3066
vn -0.6726 -0.6987 0.2438
vn 0.4381 0.6969 0.5678
vn 0.4834 -0.6986 0.5275
vn 0.4833 0.6987 0.5275
vn 0.4381 -0.6969 0.5678
vn 0.2603 0.6962 -0.6690
vn 0.1951 -0.6969 -0.6901
vn 0.1951 0.6969 -0.6901
vn 0.2603 -0.6962 -0.6690
vn 0.4834 0.6987 0.5274
vn 0.5265 -0.6972 0.4865
vn 0.5265 0.6972 0.4865
vn 0.1950 0.6969 -0.6902
vn 0.1307 -0.6970 -0.7051
vn 0.1307 0.6970 -0.7051
vn 0.1950 -0.6969 -0.6901
vn -0.6503 0.6950 0.3067
vn -0.6140 -0.6965 0.3713
vn -0.6141 0.6964 0.3713
vn -0.6504 -0.6950 0.3067
vn 0.5265 0.6972 0.4864
vn 0.5680 -0.6972 0.4374
vn 0.5680 0.6972 0.4374
vn 0.5265 -0.6972 0.4864
vn 0.0634 -0.6963 -0.7149
vn 0.0634 0.6963 -0.7149
vn -0.6140 0.6965 0.3714
vn -0.5758 -0.6969 0.4276
vn -0.5758 0.6969 0.4276
vn -0.6140 -0.6965 0.3714
vn 0.5681 0.6972 0.4373
vn 0.6092 -0.6956 0.3810
vn 0.6091 0.6956 0.3810
vn 0.0142 -0.7027 -0.7113
vn 0.0141 0.7027 -0.7113
vn 0.0633 -0.6964 -0.7149
vn -0.5758 0.6969 0.4275
vn -0.5332 -0.6966 0.4801
vn -0.5332 0.6965 0.4802
vn -0.5757 -0.6969 0.4276
vn 0.6092 0.6956 0.3809
vn 0.6418 -0.6972 0.3193
vn 0.6418 0.6972 0.3193
vn 0.6092 -0.6956 0.3809
vn 0.0150 -0.7025 -0.7116
vn 0.0150 0.7025 -0.7116
vn 0.0141 -0.7027 -0.7113
vn -0.4866 -0.6976 0.5260
vn -0.4866 0.6976 0.5259
vn -0.5332 -0.6965 0.4802
vn 0.6419 0.6972 0.3193
vn 0.6678 -0.6973 0.2606
vn 0.6677 0.6973 0.2606
vn 0.6419 -0.6972 0.3193
vn -0.4866 0.6976 0.5260
vn -0.4357 -0.6957 0.5710
vn -0.4357 0.6957 0.5710
vn 0.6888 -0.6970 0.1993
vn 0.6889 0.6970 0.1993
vn 0.6678 -0.6973 0.2605
vn 0.0536 -0.6998 -0.7123
vn 0.0535 0.6998 -0.7123
vn -0.4357 0.6957 0.5711
vn -0.3809 -0.6984 0.6059
vn -0.3809 0.6985 0.6059
vn -0.4357 -0.6957 0.5711
vn 0.0536 0.6998 -0.7123
vn 0.1075 -0.6977 -0.7082
vn 0.1074 0.6977 -0.7083
vn 0.0537 -0.6998 -0.7123
vn -0.3808 0.6984 0.6059
vn -0.3282 -0.6968 0.6378
vn -0.3282 0.6969 0.6377
vn -0.3808 -0.6985 0.6059
vn 0.6888 0.6970 0.1993
vn 0.7036 -0.6974 0.1364
vn 0.7036 0.6974 0.1365
vn 0.6889 -0.6970 0.1993
vn 0.1075 0.6978 -0.7082
vn 0.1685 -0.6974 -0.6966
vn 0.1684 0.6973 -0.6967
vn 0.1076 -0.6977 -0.7082
vn 0.7036 0.6974 0.1364
vn 0.7145 -0.6961 0.0697
vn 0.7145 0.6961 0.0697
vn 0.7036 -0.6974 0.1363
vn -0.3281 0.6968 0.6378
vn -0.2663 -0.6965 0.6664
vn -0.2663 0.6965 0.6664
vn -0.3281 -0.6968 0.6378
vn 0.7121 -0.7019 0.0169
vn 0.7121 0.7019 0.0169
vn 0.7145 -0.6961 0.0696
vn 0.1684 0.6974 -0.6966
vn 0.2371 -0.6951 -0.6787
vn 0.2370 0.6950 -0.6788
vn 0.1686 -0.6973 -0.6966
vn -0.2662 0.6965 0.6664
vn -0.2007 -0.6965 0.6890
vn -0.2007 0.6965 0.6889
vn -0.2662 -0.6965 0.6663
vn 0.7116 -0.7024 -0.0151
vn 0.7116 0.7024 -0.0151
vn 0.7121 -0.7019 0.0168
vn 0.2371 0.6951 -0.6787
vn 0.3036 -0.6969 -0.6497
vn 0.3037 0.6969 -0.6497
vn 0.2372 -0.6950 -0.6788
vn -0.2006 0.6965 0.6889
vn -0.1352 -0.6971 0.7041
vn -0.2006 -0.6965 0.6890
vn 0.3036 0.6969 -0.6497
vn 0.3669 -0.6957 -0.6176
vn 0.3668 0.6956 -0.6177
vn 0.3037 -0.6969 -0.6497
vn 0.7146 -0.6965 -0.0648
vn 0.7146 0.6965 -0.0648
vn 0.3669 0.6957 -0.6176
vn 0.4278 -0.6961 -0.5766
vn 0.4277 0.6961 -0.5767
vn 0.3669 -0.6956 -0.6176
vn -0.1351 0.6971 0.7041
vn -0.0687 -0.6964 0.7143
vn -0.0687 0.6964 0.7143
vn -0.1351 -0.6971 0.7041
vn 0.7054 -0.6956 -0.1363
vn 0.7054 0.6956 -0.1362
vn 0.7146 -0.6966 -0.0648
vn -0.0686 0.6964 0.7143
vn -0.0169 -0.7018 0.7121
vn -0.0169 0.7019 0.7121
vn -0.0686 -0.6965 0.7143
vn 0.7054 0.6956 -0.1363
vn 0.6873 -0.6968 -0.2049
vn 0.6873 0.6969 -0.2048
vn 0.4822 -0.6965 -0.5314
vn 0.4821 0.6965 -0.5315
vn 0.1608 0.6619 0.7321
vn -0.0168 -0.7019 0.7121
vn 0.6873 0.6969 -0.2049
vn 0.6651 -0.6962 -0.2699
vn 0.6651 0.6962 -0.2699
vn 0.6873 -0.6969 -0.2049
vn 0.5267 -0.6980 -0.4851
vn 0.5266 0.6981 -0.4852
vn 0.6361 -0.6976 -0.3297
vn 0.6361 0.6976 -0.3297
vn 0.6651 -0.6963 -0.2700
vn 0.5683 -0.6968 -0.4376
vn 0.5683 0.6967 -0.4377
vn 0.2463 0.6885 0.6821
vn 0.1606 -0.6622 0.7319
vn 0.6361 0.6976 -0.3298
vn 0.6050 -0.6973 -0.3845
vn 0.6050 0.6973 -0.3844
vn 0.6361 -0.6976 -0.3298
vn 0.5683 0.6968 -0.4377
vn 0.6060 -0.6971 -0.3832
vn 0.6060 0.6971 -0.3832
vn 0.5684 -0.6968 -0.4376
vn 0.2464 0.6884 0.6822
vn 0.1773 -0.7057 0.6859
vn 0.1823 0.7054 0.6850
vn 0.2464 -0.6880 0.6826
vn 0.6049 0.6973 -0.3845
vn 0.5681 -0.6972 -0.4373
vn 0.5682 0.6972 -0.4372
vn 0.6061 0.6970 -0.3832
vn 0.6380 -0.6972 -0.3269
vn 0.6380 0.6972 -0.3269
vn 0.6060 -0.6971 -0.3831
vn 0.1774 0.7055 0.6861
vn 0.1363 -0.6950 0.7060
vn 0.1364 0.6950 0.7060
vn 0.1721 -0.7056 0.6874
vn 0.6664 -0.6965 -0.2663
vn 0.6663 0.6965 -0.2663
vn 0.6381 -0.6972 -0.3268
vn 0.1363 0.6950 0.7059
vn 0.0611 -0.6959 0.7155
vn 0.0612 0.6959 0.7155
vn 0.1362 -0.6950 0.7059
vn 0.5681 0.6971 -0.4373
vn 0.5240 -0.6956 -0.4915
vn 0.5239 0.6956 -0.4916
vn 0.6886 -0.6966 -0.2012
vn 0.6886 0.6966 -0.2014
vn 0.6664 -0.6965 -0.2662
vn 0.0611 0.6959 0.7155
vn 0.0011 -0.6999 0.7143
vn 0.0011 0.6999 0.7143
vn 0.5239 0.6955 -0.4916
vn 0.4746 -0.6982 -0.5360
vn 0.4746 0.6983 -0.5359
vn 0.5239 -0.6956 -0.4916
vn 0.6886 0.6966 -0.2013
vn 0.7042 -0.6968 -0.1358
vn 0.7042 0.6968 -0.1358
vn 0.0011 0.6998 0.7143
vn -0.0637 -0.6945 0.7167
vn -0.0636 0.6945 0.7167
vn 0.0010 -0.6998 0.7143
vn 0.4745 0.6982 -0.5360
vn 0.4277 -0.6971 -0.5754
vn 0.4277 0.6972 -0.5753
vn 0.4745 -0.6983 -0.5359
vn 0.7143 -0.6965 -0.0686
vn 0.7143 0.6965 -0.0686
vn 0.7043 -0.6968 -0.1357
vn -0.0636 0.6945 0.7166
vn -0.1338 -0.6979 0.7036
vn -0.1337 0.6977 0.7038
vn -0.0638 -0.6944 0.7168
vn 0.4276 0.6972 -0.5753
vn 0.3744 -0.6974 -0.6111
vn 0.3745 0.6973 -0.6111
vn -0.1338 0.6979 0.7036
vn -0.2025 -0.6949 0.6900
vn -0.2024 0.6949 0.6901
vn -0.1339 -0.6979 0.7036
vn 0.3744 0.6974 -0.6111
vn 0.3162 -0.6963 -0.6443
vn 0.3162 0.6963 -0.6444
vn 0.3745 -0.6973 -0.6111
vn 0.7121 -0.7019 -0.0168
vn 0.7121 0.7019 -0.0169
vn 0.7143 -0.6965 -0.0685
vn -0.2025 0.6949 0.6901
vn -0.2802 -0.6942 0.6630
vn -0.2801 0.6942 0.6631
vn -0.2026 -0.6948 0.6901
vn 0.3161 0.6963 -0.6444
vn 0.2538 -0.6972 -0.6705
vn 0.2538 0.6971 -0.6705
vn 0.3162 -0.6963 -0.6444
vn 0.7121 -0.7018 0.0170
vn -0.2801 0.6942 0.6630
vn -0.3473 -0.6968 0.6276
vn 0.2538 0.6972 -0.6705
vn 0.1926 -0.6973 -0.6904
vn 0.1926 0.6972 -0.6905
vn 0.2538 -0.6971 -0.6706
vn -0.3473 0.6968 0.6276
vn -0.4040 -0.6970 0.5925
vn -0.4039 0.6970 0.5926
vn -0.3474 -0.6968 0.6275
vn 0.1926 0.6973 -0.6904
vn 0.1297 -0.6971 -0.7051
vn 0.1298 0.6971 -0.7052
vn 0.1925 -0.6972 -0.6905
vn 0.7129 -0.6985 0.0619
vn 0.7129 0.6985 0.0618
vn 0.7121 -0.7019 0.0170
vn -0.4039 0.6970 0.5925
vn -0.4596 -0.6961 0.5516
vn -0.4596 0.6961 0.5516
vn 0.1297 0.6971 -0.7051
vn 0.0658 -0.6974 -0.7137
vn 0.0658 0.6973 -0.7138
vn 0.1297 -0.6970 -0.7052
vn 0.7065 -0.6971 0.1220
vn 0.7065 0.6971 0.1219
vn 0.0657 0.6974 -0.7137
vn 0.5394 -0.5911 -0.5997
vn 0.0657 -0.6973 -0.7137
vn 0.7065 0.6971 0.1220
vn 0.6925 -0.6972 0.1853
vn 0.6926 0.6972 0.1852
vn 0.7065 -0.6971 0.1221
vn -0.4597 0.6961 0.5516
vn -0.5025 -0.6995 0.5082
vn -0.5024 0.6995 0.5083
vn -0.4597 -0.6961 0.5515
vn -0.5103 0.5911 -0.6247
vn 0.3119 -0.6663 -0.6773
vn -0.3261 0.6663 -0.6706
vn 0.5394 -0.5910 -0.5998
vn 0.6925 0.6972 0.1853
vn 0.6730 -0.6970 0.2475
vn 0.6731 0.6970 0.2474
vn -0.5025 0.6995 0.5082
vn -0.5367 -0.6994 0.4721
vn -0.5366 0.6994 0.4721
vn -0.5367 0.6994 0.4721
vn -0.5726 -0.6978 0.4302
vn -0.5726 0.6978 0.4303
vn -0.5367 -0.6994 0.4720
vn 0.6730 0.6970 0.2475
vn 0.6471 -0.6964 0.3103
vn 0.6472 0.6964 0.3102
vn 0.6730 -0.6970 0.2476
vn 0.6471 0.6964 0.3103
vn 0.6144 -0.6969 0.3698
vn 0.6144 0.6969 0.3698
vn -0.6117 -0.6959 0.3763
vn -0.6116 0.6959 0.3763
vn -0.5727 -0.6978 0.4302
vn -0.3260 0.6663 -0.6706
vn -0.0382 -0.7000 -0.7131
vn -0.0382 0.6999 -0.7132
vn 0.3118 -0.6663 -0.6774
vn 0.6144 0.6969 0.3699
vn 0.5765 -0.6959 0.4283
vn 0.5765 0.6959 0.4282
vn 0.6144 -0.6969 0.3699
vn -0.6117 0.6959 0.3763
vn -0.6410 -0.6984 0.3184
vn -0.6410 0.6984 0.3184
vn -0.6117 -0.6959 0.3762
vn -0.0382 0.7000 -0.7131
vn -0.0913 -0.6979 -0.7104
vn -0.0914 0.6978 -0.7104
vn -0.0383 -0.6999 -0.7132
vn 0.5324 -0.6976 0.4796
vn 0.5324 0.6976 0.4796
vn 0.5764 -0.6959 0.4283
vn -0.6410 0.6984 0.3183
vn -0.6710 -0.6952 0.2580
vn -0.6709 0.6952 0.2581
vn -0.6411 -0.6984 0.3183
vn -0.0914 0.6979 -0.7104
vn -0.1547 -0.6967 -0.7005
vn -0.1548 0.6966 -0.7006
vn -0.0915 -0.6978 -0.7104
vn 0.5323 0.6976 0.4796
vn 0.4873 -0.6967 0.5265
vn 0.4873 0.6967 0.5264
vn 0.5323 -0.6976 0.4796
vn -0.6710 0.6952 0.2580
vn -0.6926 -0.6965 0.1876
vn -0.6925 0.6965 0.1877
vn -0.6710 -0.6952 0.2579
vn -0.1548 0.6967 -0.7005
vn -0.2224 -0.6961 -0.6826
vn -0.2224 0.6960 -0.6827
vn -0.1548 -0.6966 -0.7006
vn 0.4873 0.6967 0.5265
vn 0.4362 -0.6972 0.5689
vn 0.4364 0.6971 0.5689
vn 0.4872 -0.6967 0.5265
vn -0.6926 0.6965 0.1877
vn -0.7095 -0.6951 0.1158
vn -0.7095 0.6951 0.1158
vn -0.2889 -0.6963 -0.6571
vn -0.2889 0.6963 -0.6570
vn 0.4363 0.6971 0.5689
vn 0.3814 -0.6963 0.6080
vn 0.3814 0.6964 0.6079
vn -0.7164 -0.6964 0.0419
vn -0.7164 0.6964 0.0420
vn -0.7096 -0.6951 0.1157
vn 0.0900 -0.6812 0.7266
vn 0.5339 0.6812 0.5010
vn 0.3814 -0.6964 0.6080
vn -0.7164 0.6964 0.0419
vn -0.7170 -0.6966 -0.0271
vn -0.7170 0.6966 -0.0271
vn -0.2890 0.6963 -0.6570
vn -0.3570 -0.6949 -0.6243
vn -0.3570 0.6949 -0.6243
vn -0.2890 -0.6963 -0.6570
vn 0.5338 0.6812 0.5010
vn -0.0114 -0.6742 0.7384
vn 0.5211 0.6742 0.5233
vn -0.7157 -0.6977 -0.0306
vn -0.7157 0.6977 -0.0306
vn -0.7169 -0.6966 -0.0272
vn -0.3570 0.6949 -0.6242
vn -0.4148 -0.6978 -0.5840
vn -0.4147 0.6978 -0.5841
vn -0.3571 -0.6949 -0.6242
vn -0.7106 -0.7035 0.0116
vn -0.7106 0.7035 0.0116
vn -0.4148 0.6978 -0.5840
vn -0.4696 -0.6955 -0.5437
vn -0.4696 0.6956 -0.5437
vn 0.7106 -0.7035 -0.0119
vn 0.7106 0.7035 -0.0119
vn -0.7122 -0.7005 0.0446
vn -0.7122 0.7005 0.0446
vn -0.4697 0.6955 -0.5437
vn -0.5181 -0.6975 -0.4950
vn -0.5180 0.6976 -0.4950
vn -0.4696 -0.6956 -0.5437
vn 0.2010 -0.6948 0.6906
vn 0.2011 0.6948 0.6905
vn -0.0113 -0.6743 0.7384
vn 0.7106 -0.7026 -0.0384
vn 0.7106 0.7026 -0.0384
vn -0.7088 -0.6997 0.0899
vn -0.7088 0.6997 0.0899
vn -0.5181 0.6976 -0.4950
vn -0.5616 -0.6966 -0.4465
vn -0.5616 0.6966 -0.4465
vn -0.5181 -0.6976 -0.4950
vn 0.2010 0.6948 0.6905
vn 0.1327 -0.6981 0.7036
vn 0.1328 0.6980 0.7036
vn 0.2009 -0.6948 0.6906
vn 0.7120 -0.6968 -0.0871
vn 0.7120 0.6968 -0.0871
vn -0.7088 0.6997 0.0900
vn -0.7023 -0.6955 0.1519
vn -0.7023 0.6955 0.1518
vn -0.7088 -0.6997 0.0900
vn -0.5617 0.6965 -0.4464
vn -0.6012 -0.6968 -0.3913
vn -0.6011 0.6968 -0.3913
vn -0.5616 -0.6966 -0.4464
vn 0.1327 0.6980 0.7037
vn 0.0689 -0.6963 0.7145
vn 0.0690 0.6963 0.7144
vn 0.1326 -0.6981 0.7036
vn -0.7023 0.6955 0.1519
vn -0.6824 -0.6956 0.2247
vn -0.6824 0.6956 0.2247
vn -0.6354 -0.6967 -0.3329
vn -0.6355 0.6967 -0.3329
vn 0.0168 -0.7019 0.7121
vn 0.0169 0.7019 0.7121
vn 0.7007 -0.6965 -0.1547
vn 0.7007 0.6965 -0.1547
vn 0.7120 -0.6968 -0.0872
vn -0.6553 -0.6957 0.2943
vn -0.6553 0.6957 0.2943
vn -0.6824 -0.6956 0.2248
vn -0.6355 0.6967 -0.3328
vn -0.6643 -0.6966 -0.2711
vn -0.6643 0.6966 -0.2711
vn -0.6355 -0.6967 -0.3328
vn 0.0168 0.7019 0.7121
vn 0.0126 -0.7033 0.7108
vn 0.0126 0.7033 0.7108
vn 0.0167 -0.7019 0.7121
vn 0.7007 0.6965 -0.1548
vn 0.6823 -0.6957 -0.2247
vn 0.6823 0.6957 -0.2247
vn 0.7007 -0.6965 -0.1548
vn -0.6886 -0.6957 -0.2043
vn -0.6886 0.6958 -0.2043
vn -0.6222 -0.6969 0.3567
vn -0.6222 0.6969 0.3568
vn -0.6552 -0.6957 0.2944
vn -0.6886 0.6958 -0.2042
vn -0.7042 -0.6969 -0.1358
vn -0.7043 0.6968 -0.1358
vn -0.6886 -0.6958 -0.2042
vn 0.0126 0.7032 0.7108
vn 0.0511 -0.6991 0.7132
vn 0.0511 0.6991 0.7132
vn 0.0126 -0.7032 0.7108
vn 0.6556 -0.6965 -0.2918
vn 0.6557 0.6964 -0.2917
vn -0.5861 -0.6967 0.4137
vn -0.5860 0.6967 0.4137
vn -0.6221 -0.6969 0.3568
vn -0.7043 0.6968 -0.1357
vn -0.7143 -0.6965 -0.0688
vn -0.7142 0.6965 -0.0689
vn 0.0512 0.6990 0.7133
vn 0.1013 -0.6996 0.7074
vn 0.1013 0.6996 0.7073
vn 0.0512 -0.6991 0.7132
vn 0.6556 0.6965 -0.2917
vn 0.6241 -0.6961 -0.3549
vn 0.6241 0.6961 -0.3550
vn 0.6556 -0.6964 -0.2918
vn -0.5860 0.6967 0.4138
vn -0.5438 -0.6963 0.4684
vn -0.5438 0.6963 0.4684
vn -0.5860 -0.6967 0.4138
vn -0.7142 0.6965 -0.0688
vn -0.7121 -0.7018 -0.0170
vn -0.7121 0.7019 -0.0171
vn -0.7143 -0.6965 -0.0687
vn 0.1597 -0.6965 0.6996
vn 0.1597 0.6965 0.6996
vn 0.1013 -0.6996 0.7073
vn 0.5860 -0.6966 -0.4139
vn 0.5860 0.6967 -0.4138
vn 0.6240 -0.6961 -0.3550
vn -0.5437 0.6963 0.4685
vn -0.4972 -0.6974 0.5163
vn -0.4972 0.6974 0.5163
vn -0.5437 -0.6963 0.4685
vn 0.5860 0.6966 -0.4138
vn 0.5438 -0.6963 -0.4684
vn 0.5438 0.6964 -0.4684
vn -0.4498 -0.6975 0.5579
vn -0.4498 0.6975 0.5579
vn -0.7121 0.7018 -0.0170
vn -0.7106 -0.7035 -0.0119
vn -0.7106 0.7035 -0.0120
vn -0.7121 -0.7019 -0.0169
vn 0.1598 0.6965 0.6996
vn 0.2228 -0.6975 0.6810
vn 0.2228 0.6975 0.6810
vn 0.1599 -0.6965 0.6996
vn 0.5437 0.6963 -0.4685
vn 0.4978 -0.6978 -0.5151
vn 0.4979 0.6978 -0.5150
vn 0.5437 -0.6964 -0.4685
vn -0.4497 0.6974 0.5579
vn -0.3955 -0.6958 0.5996
vn -0.3955 0.6958 0.5996
vn -0.4497 -0.6974 0.5579
vn -0.7106 0.7035 -0.0119
vn -0.7106 -0.7026 -0.0384
vn -0.7106 0.7026 -0.0384
vn -0.7106 -0.7035 -0.0118
vn 0.2229 0.6975 0.6810
vn 0.2874 -0.6957 0.6584
vn 0.2874 0.6957 0.6583
vn 0.2229 -0.6976 0.6809
vn 0.4482 -0.6955 -0.5616
vn 0.4482 0.6956 -0.5615
vn 0.4978 -0.6978 -0.5150
vn -0.5345 -0.6730 0.5113
vn -0.1226 0.6729 0.7295
vn -0.3954 -0.6958 0.5996
vn -0.7120 -0.6967 -0.0871
vn -0.7120 0.6968 -0.0870
vn 0.2875 0.6957 0.6583
vn 0.3539 -0.6958 0.6250
vn 0.3538 0.6958 0.6251
vn 0.2875 -0.6957 0.6583
vn 0.4481 0.6956 -0.5616
vn 0.3931 -0.6984 -0.5981
vn 0.3931 0.6984 -0.5981
vn 0.4481 -0.6956 -0.5616
vn -0.1226 0.6730 0.7294
vn -0.6315 -0.6263 0.4571
vn 0.1201 0.6263 0.7703
vn -0.5346 -0.6729 0.5113
vn -0.7120 0.6967 -0.0871
vn -0.7007 -0.6965 -0.1548
vn -0.7007 0.6965 -0.1547
vn -0.7120 -0.6968 -0.0872
vn 0.3539 0.6958 0.6250
vn 0.4150 -0.6961 0.5858
vn 0.4150 0.6962 0.5858
vn 0.3930 0.6984 -0.5982
vn 0.3393 -0.6962 -0.6326
vn 0.3393 0.6962 -0.6326
vn 0.3931 -0.6984 -0.5982
vn -0.7007 0.6964 -0.1548
vn -0.6826 -0.6966 -0.2209
vn -0.6826 0.6967 -0.2208
vn 0.4150 0.6961 0.5858
vn 0.4691 -0.6968 0.5426
vn 0.4691 0.6968 0.5426
vn -0.6575 -0.6942 -0.2928
vn -0.6575 0.6943 -0.2927
vn -0.6825 -0.6967 -0.2210
vn 0.4692 0.6968 0.5425
vn 0.5163 -0.6973 0.4972
vn 0.5163 0.6973 0.4972
vn 0.4692 -0.6968 0.5425
vn 0.3392 0.6962 -0.6326
vn 0.2759 -0.6966 -0.6623
vn 0.2759 0.6965 -0.6624
vn -0.6575 0.6942 -0.2928
vn -0.6216 -0.6976 -0.3563
vn -0.6216 0.6977 -0.3562
vn -0.6575 -0.6943 -0.2928
vn 0.5163 0.6973 0.4971
vn 0.5594 -0.6970 0.4487
vn 0.5594 0.6970 0.4486
vn 0.5164 -0.6973 0.4971
vn 0.2759 0.6966 -0.6623
vn 0.2088 -0.6957 -0.6873
vn 0.2088 0.6957 -0.6873
vn 0.2758 -0.6966 -0.6624
vn -0.2087 -0.6957 0.6873
vn -0.2087 0.6957 0.6873
vn -0.6314 -0.6263 0.4571
vn 0.2087 0.6957 -0.6873
vn 0.1407 -0.6971 -0.7030
vn 0.1407 0.6971 -0.7031
vn 0.2087 -0.6956 -0.6874
vn -0.2086 0.6957 0.6874
vn -0.1386 -0.6963 0.7042
vn -0.1385 0.6964 0.7042
vn -0.2086 -0.6957 0.6873
vn -0.6216 0.6976 -0.3562
vn -0.5866 -0.6958 -0.4145
vn -0.5867 0.6958 -0.4144
vn 0.5595 0.6970 0.4486
vn 0.5991 -0.6967 0.3946
vn 0.5991 0.6967 0.3946
vn 0.5595 -0.6970 0.4486
vn 0.0717 -0.6956 -0.7148
vn 0.0717 0.6956 -0.7148
vn 0.1407 -0.6971 -0.7031
vn -0.5423 -0.6968 -0.4694
vn -0.5424 0.6968 -0.4693
vn 0.6330 -0.6970 0.3369
vn 0.6330 0.6969 0.3369
vn 0.0715 0.6956 -0.7149
vn 0.0170 -0.7018 -0.7121
vn 0.0170 0.7018 -0.7121
vn 0.0715 -0.6956 -0.7148
vn -0.1384 0.6963 0.7042
vn -0.0717 -0.6972 0.7133
vn -0.0717 0.6972 0.7133
vn -0.1384 -0.6963 0.7042
vn 0.0176 -0.7016 -0.7123
vn 0.0175 0.7016 -0.7123
vn 0.0169 -0.7019 -0.7121
vn -0.0196 -0.7011 0.7128
vn -0.0196 0.7011 0.7128
vn -0.4978 -0.6977 -0.5151
vn -0.4979 0.6978 -0.5150
vn -0.5423 -0.6969 -0.4693
vn 0.6330 0.6970 0.3369
vn 0.6624 -0.6965 0.2759
vn 0.6624 0.6965 0.2759
vn 0.6331 -0.6970 0.3368
vn 0.0198 -0.7010 0.7129
vn 0.0197 0.7010 0.7129
vn -0.0195 -0.7011 0.7128
vn -0.4978 0.6978 -0.5150
vn -0.4500 -0.6965 -0.5589
vn -0.4501 0.6964 -0.5589
vn 0.6624 0.6965 0.2758
vn 0.6861 -0.6964 0.2105
vn 0.6861 0.6964 0.2105
vn 0.6624 -0.6965 0.2758
vn 0.0176 0.7016 -0.7123
vn 0.0650 -0.6979 -0.7132
vn 0.0650 0.6979 -0.7132
vn 0.0177 -0.7016 -0.7123
vn -0.4500 0.6965 -0.5589
vn -0.3937 -0.6963 -0.6002
vn -0.3938 0.6963 -0.6001
vn -0.4500 -0.6965 -0.5590
vn 0.7044 -0.6958 0.1406
vn 0.7044 0.6957 0.1407
vn 0.6862 -0.6963 0.2105
vn 0.1370 -0.6942 -0.7066
vn 0.1369 0.6942 -0.7067
vn 0.0651 -0.6979 -0.7132
vn 0.0198 0.7010 0.7129
vn 0.0744 -0.6965 0.7137
vn 0.0744 0.6965 0.7137
vn -0.3937 0.6963 -0.6001
vn -0.3355 0.6974 -0.6333
vn -0.3936 -0.6963 -0.6002
vn 0.7044 0.6957 0.1406
vn 0.7143 -0.6964 0.0692
vn 0.7143 0.6964 0.0692
vn 0.7044 -0.6957 0.1405
vn 0.0744 0.6964 0.7138
vn 0.1464 -0.6954 0.7036
vn 0.1464 0.6954 0.7035
vn -0.2759 -0.6966 -0.6623
vn -0.2760 0.6965 -0.6623
vn 0.7121 0.7019 0.0171
vn 0.7143 -0.6964 0.0691
vn 0.1370 0.6942 -0.7067
vn 0.2072 -0.6976 -0.6858
vn 0.2071 0.6977 -0.6859
vn 0.1371 -0.6942 -0.7066
vn -0.2088 -0.6957 -0.6873
vn -0.2088 0.6957 -0.6873
vn -0.2759 -0.6965 -0.6624
vn 0.7121 0.7018 0.0170
vn 0.6561 -0.6608 0.3644
vn 0.6672 0.6608 -0.3438
vn 0.2071 0.6976 -0.6859
vn 0.2669 -0.6972 -0.6654
vn 0.2668 0.6972 -0.6654
vn 0.1465 0.6954 0.7035
vn 0.2191 -0.6958 0.6840
vn 0.2190 0.6958 0.6841
vn 0.1465 -0.6954 0.7035
vn 0.6751 -0.6848 0.2744
vn 0.7029 0.6847 -0.1926
vn 0.3257 -0.6972 -0.6386
vn 0.3257 0.6971 -0.6387
vn 0.2191 0.6958 0.6841
vn 0.2854 -0.6966 0.6583
vn 0.2853 0.6966 0.6583
vn -0.1406 -0.6971 -0.7031
vn -0.1407 0.6971 -0.7030
vn -0.2087 -0.6956 -0.6874
vn 0.3258 0.6971 -0.6387
vn 0.3807 -0.6976 -0.6070
vn 0.3806 0.6976 -0.6070
vn 0.3258 -0.6972 -0.6386
vn 0.2854 0.6966 0.6583
vn 0.3476 -0.6963 0.6279
vn 0.3476 0.6963 0.6279
vn -0.0716 -0.6956 -0.7149
vn -0.0717 0.6956 -0.7148
vn 0.4377 -0.6956 -0.5697
vn 0.4377 0.6956 -0.5697
vn 0.4051 -0.6970 0.5917
vn 0.4050 0.6971 0.5916
vn 0.3477 -0.6964 0.6278
vn -0.0716 0.6956 -0.7149
vn -0.0169 -0.7019 -0.7121
vn -0.0169 0.7018 -0.7121
vn -0.0715 -0.6956 -0.7149
vn 0.7028 0.6848 -0.1926
vn 0.7097 -0.6989 0.0888
vn 0.7097 0.6989 0.0887
vn 0.6751 -0.6847 0.2745
vn 0.4377 0.6957 -0.5696
vn 0.4926 -0.6963 -0.5220
vn 0.4926 0.6963 -0.5221
vn 0.4377 -0.6956 -0.5696
vn 0.4051 0.6970 0.5916
vn 0.4595 -0.6964 0.5513
vn 0.4595 0.6964 0.5513
vn 0.4051 -0.6970 0.5916
vn -0.0169 0.7019 -0.7121
vn -0.0119 -0.7035 -0.7106
vn -0.0119 0.7035 -0.7106
vn -0.0168 -0.7019 -0.7121
vn 0.7020 -0.6958 0.1520
vn 0.7020 0.6958 0.1519
vn 0.4927 0.6963 -0.5220
vn 0.5360 -0.6982 -0.4746
vn 0.5359 0.6982 -0.4746
vn 0.4927 -0.6963 -0.5220
vn 0.5063 -0.6980 0.5064
vn 0.5063 0.6979 0.5065
vn 0.4596 -0.6963 0.5512
vn -0.0120 0.7035 -0.7106
vn -0.0388 -0.7025 -0.7106
vn -0.0388 0.7024 -0.7107
vn -0.0119 -0.7034 -0.7107
vn 0.7020 0.6958 0.1520
vn 0.6827 -0.6958 0.2233
vn 0.6827 0.6958 0.2233
vn 0.7020 -0.6958 0.1521
vn 0.5360 0.6982 -0.4746
vn 0.5771 -0.6965 -0.4263
vn 0.5771 0.6965 -0.4264
vn 0.5361 -0.6982 -0.4745
vn 0.5064 0.6980 0.5064
vn 0.5502 -0.6967 0.4604
vn 0.5501 0.6967 0.4604
vn 0.5064 -0.6980 0.5064
vn -0.0388 0.7025 -0.7107
vn -0.0847 -0.6976 -0.7114
vn -0.0846 0.6977 -0.7114
vn 0.6565 -0.6965 0.2897
vn 0.6565 0.6965 0.2896
vn 0.6826 -0.6958 0.2234
vn 0.5771 0.6965 -0.4263
vn 0.6103 -0.6986 -0.3736
vn 0.6102 0.6986 -0.3738
vn -0.0847 0.6977 -0.7114
vn -0.1494 -0.6965 -0.7018
vn -0.1494 0.6964 -0.7019
vn -0.0848 -0.6976 -0.7115
vn 0.6242 -0.6949 0.3571
vn 0.6243 0.6948 0.3570
vn 0.6564 -0.6965 0.2898
vn 0.6102 0.6986 -0.3737
vn 0.6440 -0.6957 -0.3182
vn 0.6440 0.6957 -0.3183
vn 0.5502 0.6967 0.4603
vn 0.5923 -0.6963 0.4055
vn 0.5923 0.6963 0.4054
vn 0.5502 -0.6967 0.4603
vn -0.1494 0.6965 -0.7018
vn -0.2159 -0.6967 -0.6841
vn -0.2159 0.6967 -0.6841
vn -0.1494 -0.6964 -0.7019
vn 0.6242 0.6949 0.3571
vn 0.5839 -0.6978 0.4149
vn 0.5840 0.6978 0.4148
vn 0.6441 0.6957 -0.3181
vn 0.6705 -0.6972 -0.2538
vn 0.6705 0.6971 -0.2538
vn 0.6441 -0.6957 -0.3181
vn 0.5923 0.6962 0.4054
vn 0.6273 -0.6971 0.3472
vn 0.6273 0.6971 0.3472
vn 0.5923 -0.6963 0.4054
vn 0.5445 -0.6961 0.4680
vn 0.5446 0.6960 0.4679
vn 0.6705 0.6972 -0.2538
vn 0.6905 -0.6973 -0.1925
vn 0.6904 0.6973 -0.1926
vn 0.6705 -0.6972 -0.2537
vn 0.6274 0.6971 0.3471
vn 0.6580 -0.6963 0.2867
vn 0.6580 0.6963 0.2867
vn 0.6274 -0.6971 0.3471
vn -0.2818 -0.6961 -0.6603
vn -0.2818 0.6960 -0.6604
vn -0.2161 -0.6966 -0.6841
vn 0.5446 0.6961 0.4679
vn 0.4958 -0.6965 0.5187
vn 0.4960 0.6965 0.5186
vn 0.5445 -0.6960 0.4680
vn 0.7052 -0.6970 -0.1297
vn 0.7052 0.6970 -0.1298
vn 0.6904 -0.6973 -0.1925
vn 0.6581 0.6963 0.2866
vn 0.6840 -0.6958 0.2192
vn 0.6840 0.6958 0.2192
vn 0.6581 -0.6963 0.2866
vn -0.2818 0.6961 -0.6603
vn -0.3444 -0.6967 -0.6293
vn -0.3444 0.6967 -0.6293
vn 0.4959 0.6965 0.5186
vn 0.4441 -0.6967 0.5634
vn 0.4442 0.6967 0.5634
vn 0.6840 0.6958 0.2191
vn 0.7036 -0.6953 0.1464
vn 0.7036 0.6953 0.1464
vn -0.4048 -0.6960 -0.5931
vn -0.4047 0.6960 -0.5932
vn 0.4441 0.6967 0.5634
vn 0.3908 -0.6976 0.6005
vn 0.3910 0.6975 0.6005
vn 0.7052 0.6970 -0.1297
vn 0.7137 -0.6973 -0.0658
vn 0.7137 0.6973 -0.0658
vn 0.7052 -0.6970 -0.1296
vn 0.7036 0.6953 0.1463
vn 0.7148 -0.6957 0.0714
vn 0.7148 0.6956 0.0714
vn -0.4048 0.6960 -0.5931
vn -0.4567 -0.6978 -0.5518
vn -0.4567 0.6978 -0.5518
vn 0.7121 -0.7018 -0.0170
vn 0.7121 0.7019 -0.0171
vn 0.7137 -0.6973 -0.0657
vn 0.7148 0.6957 0.0713
vn 0.7148 -0.6957 0.0713
vn -0.4568 0.6978 -0.5518
vn -0.5050 -0.6967 -0.5095
vn -0.5050 0.6967 -0.5095
vn -0.4568 -0.6978 -0.5518
vn 0.3909 0.6976 0.6005
vn 0.3342 -0.6963 0.6352
vn 0.3343 0.6962 0.6352
vn 0.3908 -0.6975 0.6006
vn 0.7121 0.7018 -0.0170
vn 0.7109 -0.7032 -0.0128
vn 0.7109 0.7032 -0.0128
vn 0.7121 -0.7019 -0.0169
vn 0.3343 0.6962 0.6353
vn 0.2704 -0.6962 0.6649
vn 0.2704 0.6963 0.6649
vn -0.5051 0.6967 -0.5095
vn -0.5531 -0.6960 -0.4580
vn -0.5531 0.6960 -0.4580
vn -0.5051 -0.6967 -0.5095
vn 0.2058 -0.6969 0.6870
vn 0.2059 0.6970 0.6869
vn 0.2702 -0.6963 0.6649
vn 0.7136 -0.6984 -0.0538
vn 0.7136 0.6984 -0.0538
vn -0.5531 0.6960 -0.4579
vn -0.5956 -0.6963 -0.4004
vn -0.5956 0.6963 -0.4004
vn -0.5531 -0.6960 -0.4579
vn 0.2058 0.6970 0.6869
vn 0.1364 -0.6953 0.7057
vn 0.1365 0.6953 0.7056
vn 0.2057 -0.6969 0.6870
vn 0.7136 0.6984 -0.0539
vn 0.7069 -0.6990 -0.1079
vn 0.7069 0.6990 -0.1079
vn -0.6307 -0.6968 -0.3416
vn -0.6307 0.6968 -0.3416
vn 0.1365 0.6952 0.7057
vn 0.0662 -0.6971 0.7139
vn 0.0663 0.6972 0.7138
vn 0.1364 -0.6954 0.7056
vn 0.6977 -0.6953 -0.1725
vn 0.6977 0.6953 -0.1724
vn 0.7069 -0.6990 -0.1080
vn -0.6308 0.6968 -0.3416
vn -0.6601 -0.6967 -0.2809
vn -0.6601 0.6967 -0.2809
vn -0.6308 -0.6968 -0.3415
vn 0.0662 0.6971 0.7139
vn 0.0170 -0.7018 0.7122
vn 0.0170 0.7019 0.7121
vn 0.0661 -0.6972 0.7138
vn 0.6977 0.6953 -0.1725
vn 0.6754 -0.6967 -0.2418
vn 0.6754 0.6967 -0.2417
vn -0.6853 -0.6959 -0.2148
vn -0.6853 0.6959 -0.2148
vn -0.6601 -0.6967 -0.2808
vn 0.0170 0.7018 0.7121
vn 0.0169 -0.7019 0.7121
vn 0.6754 0.6967 -0.2418
vn 0.6494 -0.6964 -0.3056
vn 0.6494 0.6964 -0.3056
vn -0.7045 -0.6953 -0.1421
vn -0.7045 0.6953 -0.1421
vn -0.6853 -0.6959 -0.2147
vn 0.6493 0.6964 -0.3056
vn 0.6155 -0.6952 -0.3711
vn 0.6156 0.6953 -0.3711
vn -0.7045 0.6953 -0.1420
vn -0.7143 -0.6964 -0.0692
vn -0.7143 0.6964 -0.0692
vn -0.7046 -0.6953 -0.1421
vn 0.0686 -0.6964 0.7143
vn 0.0686 0.6964 0.7143
vn 0.6155 0.6953 -0.3712
vn 0.5742 -0.6970 -0.4295
vn 0.5742 0.6970 -0.4295
vn 0.6155 -0.6953 -0.3712
vn -0.7143 -0.6964 -0.0691
vn 0.0687 0.6964 0.7143
vn 0.1351 -0.6971 0.7041
vn 0.1351 0.6971 0.7041
vn 0.0687 -0.6964 0.7143
vn 0.5741 0.6971 -0.4296
vn 0.5316 -0.6964 -0.4821
vn 0.5316 0.6964 -0.4822
vn 0.5741 -0.6970 -0.4296
vn 0.1352 0.6971 0.7041
vn 0.2007 -0.6965 0.6889
vn 0.2007 0.6965 0.6889
vn 0.1352 -0.6971 0.7041
vn 0.5315 0.6964 -0.4822
vn 0.4846 -0.6977 -0.5276
vn 0.4847 0.6977 -0.5275
vn 0.5315 -0.6964 -0.4822
vn -0.7111 -0.7030 0.0134
vt 0.361691 0.914791
vt 0.361933 0.919132
vt 0.361854 0.916633
vt 0.361755 0.964067
vt 0.361933 0.960552
vt 0.360335 0.970884
vt 0.361223 0.967511
vt 0.357495 0.977416
vt 0.359093 0.974185
vt 0.352816 0.984173
vt 0.355542 0.980576
vt 0.346106 0.990883
vt 0.349606 0.987673
vt 0.339349 0.995562
vt 0.342509 0.993609
vt 0.332817 0.998402
vt 0.336118 0.997160
vt 0.326000 0.999822
vt 0.329444 0.999290
vt 0.159763 1.000000
vt 0.322485 1.000000
vt 0.152805 0.999318
vt 0.156249 0.999830
vt 0.146130 0.997273
vt 0.149432 0.998466
vt 0.139740 0.993865
vt 0.142899 0.995740
vt 0.132643 0.988166
vt 0.136143 0.991247
vt 0.127066 0.981745
vt 0.129433 0.984775
vt 0.123397 0.975345
vt 0.125054 0.978602
vt 0.121149 0.968491
vt 0.122096 0.971975
vt 0.120394 0.963052
vt 0.120557 0.964893
vt 0.120316 0.718935
vt 0.120316 0.960552
vt 0.081218 0.680322
vt 0.039448 0.680473
vt 0.080868 0.680473
vt 0.032489 0.679820
vt 0.035933 0.680310
vt 0.025815 0.677860
vt 0.029116 0.679003
vt 0.019424 0.674594
vt 0.022584 0.676391
vt 0.012327 0.669132
vt 0.015827 0.672085
vt 0.006750 0.663001
vt 0.009117 0.665889
vt 0.003082 0.656928
vt 0.004739 0.660014
vt 0.001109 0.651563
vt 0.001972 0.654280
vt 0.000123 0.645922
vt 0.000493 0.648777
vt 0.000000 0.358974
vt 0.000000 0.642998
vt 0.000682 0.352044
vt 0.000170 0.355467
vt 0.002727 0.345455
vt 0.001534 0.348707
vt 0.006135 0.339206
vt 0.004260 0.342288
vt 0.011834 0.332347
vt 0.008753 0.335719
vt 0.018255 0.326993
vt 0.015225 0.329265
vt 0.024655 0.323471
vt 0.021398 0.325062
vt 0.031509 0.321313
vt 0.028025 0.322222
vt 0.036948 0.320589
vt 0.035107 0.320745
vt 0.080868 0.320513
vt 0.039448 0.320513
vt 0.120316 0.281065
vt 0.120479 0.034954
vt 0.120316 0.038462
vt 0.121785 0.028194
vt 0.120969 0.031531
vt 0.124398 0.021775
vt 0.122929 0.024942
vt 0.128704 0.015206
vt 0.126195 0.018694
vt 0.134457 0.009165
vt 0.131657 0.011834
vt 0.140525 0.004847
vt 0.137413 0.006836
vt 0.147219 0.001894
vt 0.143794 0.003200
vt 0.154537 0.000303
vt 0.150800 0.000928
vt 0.159763 0.000000
vt 0.157116 0.000076
vt 0.326000 0.000156
vt 0.322485 0.000000
vt 0.332817 0.001406
vt 0.329444 0.000625
vt 0.339349 0.003905
vt 0.336118 0.002499
vt 0.346106 0.008023
vt 0.343029 0.005940
vt 0.352387 0.013537
vt 0.349606 0.010848
vt 0.356563 0.018909
vt 0.354813 0.016396
vt 0.359324 0.024290
vt 0.358067 0.021540
vt 0.361223 0.030755
vt 0.360335 0.027157
vt 0.361933 0.038462
vt 0.361755 0.034523
vt 0.361755 0.085355
vt 0.361933 0.081854
vt 0.360671 0.090968
vt 0.361336 0.088196
vt 0.358600 0.096305
vt 0.359758 0.093671
vt 0.354813 0.102346
vt 0.356884 0.099375
vt 0.349606 0.107988
vt 0.352387 0.105217
vt 0.342509 0.113450
vt 0.346106 0.110941
vt 0.336118 0.116716
vt 0.339349 0.115247
vt 0.329444 0.118676
vt 0.332817 0.117860
vt 0.322485 0.119329
vt 0.326000 0.119166
vt 0.240631 0.158777
vt 0.240461 0.404895
vt 0.240631 0.401381
vt 0.239097 0.411712
vt 0.239950 0.408339
vt 0.236371 0.418245
vt 0.237905 0.415014
vt 0.231879 0.425001
vt 0.234496 0.421404
vt 0.225425 0.431711
vt 0.228797 0.428501
vt 0.218856 0.436391
vt 0.221938 0.434438
vt 0.212437 0.439231
vt 0.215689 0.437988
vt 0.206828 0.440513
vt 0.209662 0.439995
vt 0.202170 0.440828
vt 0.204518 0.440749
vt 0.159763 0.561144
vt 0.205677 0.561300
vt 0.202170 0.561144
vt 0.212437 0.562550
vt 0.209100 0.561769
vt 0.218856 0.565049
vt 0.215689 0.563643
vt 0.225425 0.569167
vt 0.221938 0.566768
vt 0.231467 0.574667
vt 0.228797 0.571992
vt 0.235784 0.580442
vt 0.233796 0.577483
vt 0.238544 0.586235
vt 0.237431 0.583542
vt 0.240248 0.593099
vt 0.239566 0.589596
vt 0.240631 0.598619
vt 0.240513 0.595513
vt 0.279093 0.879684
vt 0.326000 0.879855
vt 0.322485 0.879684
vt 0.332817 0.881218
vt 0.329444 0.880366
vt 0.339349 0.883945
vt 0.336118 0.882411
vt 0.346106 0.888437
vt 0.342509 0.885819
vt 0.352816 0.894910
vt 0.349606 0.891519
vt 0.357194 0.901082
vt 0.355182 0.897939
vt 0.360153 0.907710
vt 0.358851 0.904339
vt 0.361100 0.911194
vt 0.120567 0.716001
vt 0.081638 0.680183
vt 0.279093 0.119329
vt 0.159763 0.440828
vt 0.240631 0.840237
vt 0.082539 0.679970
vt 0.120533 0.713116
vt 0.084580 0.679696
vt 0.275585 0.119493
vt 0.240707 0.156129
vt 0.156465 0.561021
vt 0.275154 0.879507
vt 0.090237 0.679487
vt 0.120237 0.283565
vt 0.153904 0.560745
vt 0.240787 0.843751
vt 0.120212 0.710281
vt 0.120074 0.285406
vt 0.240934 0.153551
vt 0.271386 0.878974
vt 0.119606 0.707495
vt 0.091142 0.679532
vt 0.272163 0.119983
vt 0.241559 0.149814
vt 0.150192 0.560035
vt 0.267789 0.878087
vt 0.118713 0.704758
vt 0.092083 0.679665
vt 0.268825 0.120799
vt 0.242525 0.146233
vt 0.146637 0.558969
vt 0.264921 0.877076
vt 0.117535 0.702071
vt 0.093393 0.679980
vt 0.265573 0.121942
vt 0.156249 0.440992
vt 0.143794 0.557811
vt 0.262171 0.875818
vt 0.116070 0.699433
vt 0.095118 0.680597
vt 0.262406 0.123412
vt 0.152805 0.441482
vt 0.140525 0.556095
vt 0.259540 0.874315
vt 0.113935 0.696332
vt 0.097320 0.681662
vt 0.259325 0.125209
vt 0.149432 0.442298
vt 0.137413 0.554024
vt 0.257027 0.872564
vt 0.100067 0.683353
vt 0.255837 0.127717
vt 0.146130 0.443441
vt 0.134457 0.551598
vt 0.254168 0.870138
vt 0.103884 0.686238
vt 0.252465 0.130671
vt 0.142899 0.444911
vt 0.131657 0.548817
vt 0.251479 0.867357
vt 0.109961 0.691815
vt 0.249796 0.133471
vt 0.139740 0.446708
vt 0.128704 0.545317
vt 0.248654 0.863857
vt 0.112283 0.694305
vt 0.136143 0.449216
vt 0.126195 0.541720
vt 0.246572 0.860780
vt 0.119482 0.289004
vt 0.132643 0.452170
vt 0.124398 0.538560
vt 0.118536 0.292488
vt 0.129433 0.455413
vt 0.122929 0.535329
vt 0.244536 0.857101
vt 0.084383 0.320342
vt 0.117234 0.295858
vt 0.127066 0.458300
vt 0.241256 0.847195
vt 0.243131 0.853870
vt 0.087826 0.319831
vt 0.115577 0.299115
vt 0.125054 0.461287
vt 0.242037 0.850568
vt 0.091199 0.318979
vt 0.113565 0.302258
vt 0.123397 0.464374
vt 0.094501 0.317786
vt 0.111198 0.305288
vt 0.122288 0.467022
vt 0.121785 0.532028
vt 0.097732 0.316252
vt 0.247467 0.136427
vt 0.120969 0.528655
vt 0.100892 0.314378
vt 0.245478 0.139539
vt 0.120479 0.525211
vt 0.104488 0.311760
vt 0.243831 0.142808
vt 0.120316 0.521696
vt 0.107988 0.308679
vt 0.120316 0.478304
vt 0.121425 0.469739
vt 0.120439 0.475380
vt 0.120809 0.472525
vt 0.000000 0.961462
vt 0.000079 0.963815
vt 0.131423 0.868577
vt 0.129753 0.866800
vt 0.242912 0.964977
vt 0.243083 0.918972
vt 0.243083 0.961462
vt 0.242779 0.913736
vt 0.243007 0.916319
vt 0.241186 0.906403
vt 0.242153 0.909991
vt 0.238226 0.899696
vt 0.239877 0.902972
vt 0.233900 0.893616
vt 0.236234 0.896578
vt 0.229296 0.889065
vt 0.231225 0.890810
vt 0.224725 0.885669
vt 0.227808 0.887851
vt 0.218132 0.882288
vt 0.221500 0.883815
vt 0.210970 0.880215
vt 0.214623 0.881088
vt 0.202569 0.879447
vt 0.207176 0.879669
vt 0.160079 0.121542
vt 0.205225 0.121469
vt 0.202569 0.121542
vt 0.211589 0.120651
vt 0.207818 0.121251
vt 0.218704 0.118469
vt 0.215217 0.119723
vt 0.225249 0.114978
vt 0.222047 0.116887
vt 0.231225 0.110178
vt 0.228308 0.112741
vt 0.234716 0.106402
vt 0.233047 0.108325
vt 0.238814 0.100217
vt 0.236936 0.103388
vt 0.241546 0.093406
vt 0.240351 0.096890
vt 0.242912 0.085969
vt 0.242400 0.089766
vt 0.243083 0.038538
vt 0.243083 0.082016
vt 0.242609 0.032055
vt 0.242964 0.035237
vt 0.240787 0.024903
vt 0.241869 0.028394
vt 0.238226 0.019464
vt 0.239625 0.022124
vt 0.233900 0.013564
vt 0.236234 0.016428
vt 0.228308 0.008417
vt 0.231225 0.010870
vt 0.222047 0.004452
vt 0.225249 0.006278
vt 0.215217 0.001739
vt 0.218704 0.002939
vt 0.207176 0.000213
vt 0.211589 0.000852
vt 0.039526 0.000000
vt 0.202569 0.000000
vt 0.032553 0.000683
vt 0.036004 0.000171
vt 0.025866 0.002732
vt 0.029174 0.001537
vt 0.019462 0.006147
vt 0.022628 0.004269
vt 0.012352 0.011858
vt 0.015859 0.008770
vt 0.007515 0.017219
vt 0.009565 0.014746
vt 0.003602 0.023394
vt 0.005380 0.020264
vt 0.001265 0.029355
vt 0.002179 0.026610
vt 0.000178 0.035023
vt 0.000598 0.032159
vt 0.000000 0.038538
vt 0.000316 0.966130
vt 0.001601 0.971750
vt 0.000835 0.968970
vt 0.004447 0.978182
vt 0.002846 0.975009
vt 0.009135 0.984764
vt 0.006403 0.981269
vt 0.015859 0.991230
vt 0.012352 0.988142
vt 0.022628 0.995731
vt 0.019462 0.993853
vt 0.029174 0.998463
vt 0.025866 0.997268
vt 0.036004 0.999829
vt 0.032553 0.999317
vt 0.202569 1.000000
vt 0.039526 1.000000
vt 0.207818 0.999696
vt 0.205225 0.999924
vt 0.215217 0.998103
vt 0.211589 0.999070
vt 0.222047 0.995143
vt 0.218704 0.996794
vt 0.228308 0.990817
vt 0.225249 0.993151
vt 0.234313 0.984764
vt 0.231225 0.988142
vt 0.238814 0.978182
vt 0.236936 0.981269
vt 0.241546 0.971750
vt 0.240351 0.975009
vt 0.242400 0.968406
vt 0.160079 0.879447
vt 0.155482 0.121745
vt 0.151098 0.122355
vt 0.155234 0.879234
vt 0.147510 0.123202
vt 0.150661 0.878594
vt 0.144078 0.124347
vt 0.146957 0.877707
vt 0.140803 0.125791
vt 0.143451 0.876508
vt 0.137685 0.127534
vt 0.140145 0.874994
vt 0.134723 0.129576
vt 0.137039 0.873168
vt 0.131917 0.131917
vt 0.134131 0.871029
vt 0.129353 0.134514
vt 0.127467 0.136841
vt 0.128592 0.865417
vt 0.125808 0.139316
vt 0.126506 0.862524
vt 0.124376 0.141940
vt 0.124732 0.859460
vt 0.123172 0.144711
vt 0.123271 0.856225
vt 0.122026 0.148233
vt 0.122123 0.852820
vt 0.121208 0.151968
vt 0.121288 0.849243
vt 0.120717 0.155917
vt 0.120766 0.845496
vt 0.120553 0.160079
vt 0.120553 0.840909
s 1
f 292/1/1 1/2/2 293/3/3
f 1/2/2 3/4/4 2/5/5
f 3/4/4 5/6/6 4/7/7
f 5/6/6 7/8/8 6/9/9
f 7/8/8 9/10/10 8/11/11
f 9/10/10 11/12/12 10/13/13
f 11/12/12 13/14/14 12/15/15
f 13/14/14 15/16/16 14/17/17
f 15/16/16 17/18/18 16/19/19
f 17/18/18 19/20/20 18/21/21
f 19/20/20 21/22/22 20/23/23
f 21/22/22 23/24/24 22/25/25
f 23/24/24 25/26/26 24/27/27
f 25/26/26 27/28/28 26/29/29
f 27/28/28 29/30/30 28/31/31
f 29/30/30 31/32/32 30/33/33
f 31/32/32 33/34/34 32/35/35
f 33/34/34 35/36/36 34/37/37
f 35/36/36 37/38/38 36/39/39
f 59/40/40 61/41/41 60/42/42
f 61/41/41 63/43/43 62/44/44
f 63/43/43 65/45/45 64/46/46
f 65/45/45 67/47/47 66/48/48
f 67/47/47 69/49/49 68/50/50
f 69/49/49 71/51/51 70/52/52
f 71/51/51 73/53/53 72/54/54
f 73/53/53 75/55/55 74/56/56
f 75/55/55 77/57/57 76/58/58
f 77/57/57 79/59/59 78/60/60
f 79/59/59 81/61/61 80/62/62
f 81/61/61 83/63/63 82/64/64
f 83/63/63 85/65/65 84/66/66
f 85/65/65 87/67/67 86/68/68
f 87/67/67 89/69/69 88/70/70
f 89/69/69 91/71/71 90/72/72
f 91/71/71 93/73/73 92/74/74
f 93/73/73 95/75/75 94/76/76
f 95/75/75 97/77/77 96/78/78
f 114/79/79 116/80/80 115/81/59
f 116/80/80 118/82/81 117/83/82
f 118/82/81 120/84/83 119/85/84
f 120/84/83 122/86/85 121/87/86
f 122/86/85 124/88/87 123/89/88
f 124/88/87 126/90/89 125/91/90
f 126/90/89 128/92/91 127/93/92
f 128/92/91 130/94/93 129/95/94
f 130/94/93 132/96/95 131/97/96
f 132/96/95 134/98/97 133/99/98
f 134/98/97 136/100/99 135/101/100
f 136/100/99 138/102/101 137/103/102
f 138/102/101 140/104/103 139/105/104
f 140/104/103 142/106/105 141/107/106
f 142/106/105 144/108/107 143/109/108
f 144/108/107 146/110/109 145/111/110
f 146/110/109 148/112/111 147/113/112
f 148/112/111 150/114/113 149/115/114
f 150/114/113 152/116/115 151/117/5
f 152/116/115 154/118/116 153/119/117
f 154/118/116 156/120/118 155/121/119
f 156/120/118 158/122/120 157/123/121
f 158/122/120 160/124/122 159/125/123
f 160/124/122 162/126/124 161/127/125
f 162/126/124 164/128/126 163/129/127
f 164/128/126 166/130/128 165/131/129
f 166/130/128 168/132/130 167/133/131
f 186/134/132 188/135/133 187/136/134
f 188/135/133 190/137/135 189/138/136
f 190/137/135 192/139/137 191/140/138
f 192/139/137 194/141/139 193/142/140
f 194/141/139 196/143/141 195/144/142
f 196/143/141 198/145/143 197/146/144
f 198/145/143 200/147/145 199/148/146
f 200/147/145 202/149/147 201/150/148
f 202/149/147 204/151/149 203/152/150
f 240/153/151 242/154/152 241/155/153
f 242/154/152 244/156/154 243/157/155
f 244/156/154 246/158/156 245/159/157
f 246/158/156 248/160/158 247/161/159
f 248/160/158 250/162/160 249/163/161
f 250/162/160 252/164/162 251/165/163
f 252/164/162 254/166/164 253/167/165
f 254/166/164 256/168/166 255/169/167
f 256/168/166 258/170/168 257/171/169
f 276/172/170 278/173/171 277/174/172
f 278/173/171 280/175/173 279/176/174
f 280/175/173 282/177/175 281/178/176
f 282/177/175 284/179/177 283/180/178
f 284/179/177 286/181/179 285/182/180
f 286/181/179 288/183/181 287/184/182
f 288/183/181 290/185/183 289/186/184
f 290/185/183 292/1/1 291/187/185
f 292/1/1 3/4/4 1/2/2
f 3/4/4 7/8/8 5/6/6
f 7/8/8 11/12/12 9/10/10
f 11/12/12 15/16/16 13/14/14
f 15/16/16 19/20/20 17/18/18
f 19/20/20 23/24/24 21/22/22
f 23/24/24 27/28/28 25/26/26
f 27/28/28 31/32/32 29/30/30
f 31/32/32 35/36/36 33/34/34
f 35/36/36 38/188/186 37/38/38
f 58/189/187 61/41/41 59/40/40
f 61/41/41 65/45/45 63/43/43
f 65/45/45 69/49/49 67/47/47
f 69/49/49 73/53/53 71/51/51
f 73/53/53 77/57/57 75/55/55
f 77/57/57 81/61/61 79/59/59
f 81/61/61 85/65/65 83/63/63
f 85/65/65 89/69/69 87/67/67
f 89/69/69 93/73/73 91/71/71
f 93/73/73 97/77/77 95/75/75
f 114/79/79 118/82/81 116/80/80
f 118/82/81 122/86/85 120/84/83
f 122/86/85 126/90/89 124/88/87
f 126/90/89 130/94/93 128/92/91
f 130/94/93 134/98/97 132/96/95
f 134/98/97 138/102/101 136/100/99
f 138/102/101 142/106/105 140/104/103
f 142/106/105 146/110/109 144/108/107
f 146/110/109 150/114/113 148/112/111
f 150/114/113 154/118/116 152/116/115
f 154/118/116 158/122/120 156/120/118
f 158/122/120 162/126/124 160/124/122
f 162/126/124 166/130/128 164/128/126
f 166/130/128 169/190/188 168/132/130
f 186/134/132 190/137/135 188/135/133
f 190/137/135 194/141/139 192/139/137
f 194/141/139 198/145/143 196/143/141
f 198/145/143 202/149/147 200/147/145
f 202/149/147 205/191/189 204/151/149
f 240/153/151 244/156/154 242/154/152
f 244/156/154 248/160/158 246/158/156
f 248/160/158 252/164/162 250/162/160
f 252/164/162 256/168/166 254/166/164
f 256/168/166 259/192/190 258/170/168
f 276/172/170 280/175/173 278/173/171
f 280/175/173 284/179/177 282/177/175
f 284/179/177 288/183/181 286/181/179
f 288/183/181 292/1/1 290/185/183
f 292/1/1 7/8/8 3/4/4
f 7/8/8 15/16/16 11/12/12
f 15/16/16 23/24/24 19/20/20
f 23/24/24 31/32/32 27/28/28
f 31/32/32 38/188/186 35/36/36
f 57/193/191 61/41/41 58/189/187
f 61/41/41 69/49/49 65/45/45
f 69/49/49 77/57/57 73/53/53
f 77/57/57 85/65/65 81/61/61
f 85/65/65 93/73/73 89/69/69
f 114/79/79 122/86/85 118/82/81
f 122/86/85 130/94/93 126/90/89
f 130/94/93 138/102/101 134/98/97
f 138/102/101 146/110/109 142/106/105
f 146/110/109 154/118/116 150/114/113
f 154/118/116 162/126/124 158/122/120
f 162/126/124 169/190/188 166/130/128
f 186/134/132 194/141/139 190/137/135
f 194/141/139 202/149/147 198/145/143
f 240/153/151 248/160/158 244/156/154
f 248/160/158 256/168/166 252/164/162
f 276/172/170 284/179/177 280/175/173
f 284/179/177 292/1/1 288/183/181
f 292/1/1 15/16/16 7/8/8
f 15/16/16 31/32/32 23/24/24
f 31/32/32 39/194/192 38/188/186
f 56/195/193 61/41/41 57/193/191
f 61/41/41 77/57/57 69/49/49
f 77/57/57 93/73/73 85/65/65
f 114/79/79 130/94/93 122/86/85
f 130/94/93 146/110/109 138/102/101
f 146/110/109 162/126/124 154/118/116
f 162/126/124 170/196/194 169/190/188
f 185/197/195 194/141/139 186/134/132
f 194/141/139 205/191/189 202/149/147
f 239/198/196 248/160/158 240/153/151
f 248/160/158 259/192/190 256/168/166
f 275/199/197 284/179/177 276/172/170
f 284/179/177 15/16/16 292/1/1
f 15/16/16 39/194/192 31/32/32
f 55/200/198 61/41/41 56/195/193
f 61/41/41 93/73/73 77/57/57
f 113/201/199 130/94/93 114/79/79
f 130/94/93 162/126/124 146/110/109
f 185/197/195 205/191/189 194/141/139
f 238/202/200 248/160/158 239/198/196
f 248/160/158 260/203/201 259/192/190
f 275/199/197 15/16/16 284/179/177
f 15/16/16 40/204/202 39/194/192
f 55/200/198 93/73/73 61/41/41
f 112/205/203 130/94/93 113/201/199
f 130/94/93 170/196/194 162/126/124
f 184/206/204 205/191/189 185/197/195
f 238/202/200 260/203/201 248/160/158
f 274/207/205 15/16/16 275/199/197
f 15/16/16 41/208/206 40/204/202
f 54/209/207 93/73/73 55/200/198
f 130/94/93 171/210/208 170/196/194
f 183/211/209 205/191/189 184/206/204
f 237/212/210 260/203/201 238/202/200
f 273/213/211 15/16/16 274/207/205
f 15/16/16 42/214/212 41/208/206
f 53/215/213 93/73/73 54/209/207
f 130/94/93 172/216/214 171/210/208
f 182/217/215 205/191/189 183/211/209
f 236/218/216 260/203/201 237/212/210
f 272/219/217 15/16/16 273/213/211
f 15/16/16 43/220/218 42/214/212
f 52/221/219 93/73/73 53/215/213
f 130/94/93 173/222/220 172/216/214
f 182/217/215 206/223/221 205/191/189
f 235/224/222 260/203/201 236/218/216
f 271/225/223 15/16/16 272/219/217
f 15/16/16 44/226/224 43/220/218
f 51/227/225 93/73/73 52/221/219
f 130/94/93 174/228/226 173/222/220
f 182/217/215 207/229/227 206/223/221
f 234/230/228 260/203/201 235/224/222
f 270/231/229 15/16/16 271/225/223
f 15/16/16 45/232/230 44/226/224
f 50/233/231 93/73/73 51/227/225
f 130/94/93 175/234/232 174/228/226
f 182/217/215 208/235/233 207/229/227
f 233/236/234 260/203/201 234/230/228
f 269/237/235 15/16/16 270/231/229
f 49/238/236 93/73/73 50/233/231
f 130/94/93 176/239/237 175/234/232
f 182/217/215 209/240/238 208/235/233
f 232/241/239 260/203/201 233/236/234
f 268/242/240 15/16/16 269/237/235
f 48/243/241 93/73/73 49/238/236
f 130/94/93 177/244/242 176/239/237
f 182/217/215 210/245/243 209/240/238
f 231/246/244 260/203/201 232/241/239
f 267/247/245 15/16/16 268/242/240
f 47/248/246 93/73/73 48/243/241
f 130/94/93 178/249/247 177/244/242
f 182/217/215 211/250/248 210/245/243
f 230/251/249 260/203/201 231/246/244
f 266/252/250 15/16/16 267/247/245
f 46/253/251 93/73/73 47/248/246
f 112/205/203 178/249/247 130/94/93
f 182/217/215 212/254/252 211/250/248
f 229/255/253 260/203/201 230/251/249
f 265/256/254 15/16/16 266/252/250
f 45/232/230 93/73/73 46/253/251
f 111/257/255 178/249/247 112/205/203
f 182/217/215 213/258/256 212/254/252
f 228/259/257 260/203/201 229/255/253
f 265/256/254 45/232/230 15/16/16
f 45/232/230 97/77/77 93/73/73
f 110/260/258 178/249/247 111/257/255
f 182/217/215 214/261/259 213/258/256
f 227/262/260 260/203/201 228/259/257
f 264/263/261 45/232/230 265/256/254
f 45/232/230 98/264/262 97/77/77
f 109/265/263 178/249/247 110/260/258
f 182/217/215 215/266/264 214/261/259
f 227/262/260 261/267/265 260/203/201
f 263/268/266 45/232/230 264/263/261
f 45/232/230 99/269/267 98/264/262
f 108/270/268 178/249/247 109/265/263
f 182/217/215 216/271/269 215/266/264
f 227/262/260 262/272/270 261/267/265
f 262/272/270 45/232/230 263/268/266
f 45/232/230 100/273/271 99/269/267
f 107/274/272 178/249/247 108/270/268
f 182/217/215 217/275/273 216/271/269
f 227/262/260 45/232/230 262/272/270
f 45/232/230 101/276/274 100/273/271
f 106/277/275 178/249/247 107/274/272
f 182/217/215 218/278/276 217/275/273
f 226/279/277 45/232/230 227/262/260
f 45/232/230 102/280/278 101/276/274
f 106/277/275 179/281/279 178/249/247
f 225/282/280 45/232/230 226/279/277
f 45/232/230 103/283/281 102/280/278
f 106/277/275 180/284/282 179/281/279
f 224/285/283 45/232/230 225/282/280
f 45/232/230 104/286/284 103/283/281
f 106/277/275 181/287/285 180/284/282
f 223/288/286 45/232/230 224/285/283
f 45/232/230 105/289/287 104/286/284
f 106/277/275 182/217/215 181/287/285
f 222/290/134 45/232/230 223/288/286
f 45/232/230 106/277/275 105/289/287
f 106/277/275 218/278/276 182/217/215
f 222/290/134 106/277/275 45/232/230
f 106/277/275 219/291/288 218/278/276
f 221/292/289 106/277/275 222/290/134
f 106/277/275 220/293/290 219/291/288
f 220/293/290 106/277/275 221/292/289
f 294/294/291 296/295/292 295/295/293
f 294/294/291 297/294/294 296/295/292
f 298/296/295 300/297/296 299/297/297
f 298/296/295 301/296/298 300/297/296
f 446/298/299 302/299/300 447/300/301
f 302/299/300 304/301/302 303/302/303
f 304/301/302 306/303/304 305/304/305
f 306/303/304 308/305/306 307/306/307
f 308/305/306 310/307/308 309/308/309
f 310/307/308 312/309/310 311/310/311
f 312/309/310 314/311/312 313/312/313
f 314/311/312 316/313/314 315/314/315
f 316/313/314 318/315/316 317/316/317
f 318/315/316 320/317/318 319/318/319
f 356/319/320 358/320/321 357/321/322
f 358/320/321 360/322/323 359/323/324
f 360/322/323 362/324/325 361/325/326
f 362/324/325 364/326/327 363/327/328
f 364/326/327 366/328/329 365/329/330
f 366/328/329 368/330/331 367/331/332
f 368/330/331 370/332/333 369/333/334
f 370/332/333 372/334/335 371/335/336
f 372/334/335 374/336/337 373/337/338
f 374/336/337 376/338/339 375/339/340
f 376/338/339 378/340/341 377/341/342
f 378/340/341 380/342/343 379/343/344
f 380/342/343 382/344/345 381/345/346
f 382/344/345 384/346/347 383/347/348
f 384/346/347 386/348/349 385/349/350
f 386/348/349 388/350/351 387/351/352
f 388/350/351 390/352/353 389/353/354
f 390/352/353 392/354/355 391/355/356
f 392/354/355 394/356/357 393/357/318
f 394/356/357 396/358/358 395/359/359
f 396/358/358 398/360/360 397/361/361
f 398/360/360 400/362/362 399/363/363
f 400/362/362 402/364/364 401/365/365
f 402/364/364 404/366/366 403/367/367
f 404/366/366 406/368/368 405/369/369
f 406/368/368 408/370/370 407/371/371
f 408/370/370 410/372/372 409/373/373
f 410/372/372 412/294/374 411/374/375
f 412/294/374 414/375/376 413/295/377
f 414/375/376 416/376/378 415/377/379
f 416/376/378 418/378/380 417/379/381
f 418/378/380 420/380/382 419/381/383
f 420/380/382 422/382/384 421/383/385
f 422/382/384 424/384/386 423/385/387
f 424/384/386 426/386/388 425/387/389
f 426/386/388 428/388/390 427/389/391
f 428/388/390 430/390/392 429/391/393
f 430/390/392 432/392/394 431/393/395
f 432/392/394 434/394/396 433/395/397
f 434/394/396 436/396/398 435/397/399
f 436/396/398 438/398/400 437/399/401
f 438/398/400 440/400/402 439/401/403
f 440/400/402 442/402/404 441/403/405
f 442/402/404 444/404/406 443/405/407
f 444/404/406 446/298/299 445/406/408
f 446/298/299 304/301/302 302/299/300
f 304/301/302 308/305/306 306/303/304
f 308/305/306 312/309/310 310/307/308
f 312/309/310 316/313/314 314/311/312
f 316/313/314 320/317/318 318/315/316
f 356/319/320 360/322/323 358/320/321
f 360/322/323 364/326/327 362/324/325
f 364/326/327 368/330/331 366/328/329
f 368/330/331 372/334/335 370/332/333
f 372/334/335 376/338/339 374/336/337
f 376/338/339 380/342/343 378/340/341
f 380/342/343 384/346/347 382/344/345
f 384/346/347 388/350/351 386/348/349
f 388/350/351 392/354/355 390/352/353
f 392/354/355 396/358/358 394/356/357
f 396/358/358 400/362/362 398/360/360
f 400/362/362 404/366/366 402/364/364
f 404/366/366 408/370/370 406/368/368
f 408/370/370 412/294/374 410/372/372
f 412/294/374 416/376/378 414/375/376
f 416/376/378 420/380/382 418/378/380
f 420/380/382 424/384/386 422/382/384
f 424/384/386 428/388/390 426/386/388
f 428/388/390 432/392/394 430/390/392
f 432/392/394 436/396/398 434/394/396
f 436/396/398 440/400/402 438/398/400
f 440/400/402 444/404/406 442/402/404
f 444/404/406 304/301/302 446/298/299
f 304/301/302 312/309/310 308/305/306
f 312/309/310 320/317/318 316/313/314
f 356/319/320 364/326/327 360/322/323
f 364/326/327 372/334/335 368/330/331
f 372/334/335 380/342/343 376/338/339
f 380/342/343 388/350/351 384/346/347
f 388/350/351 396/358/358 392/354/355
f 396/358/358 404/366/366 400/362/362
f 404/366/366 412/294/374 408/370/370
f 412/294/374 420/380/382 416/376/378
f 420/380/382 428/388/390 424/384/386
f 428/388/390 436/396/398 432/392/394
f 436/396/398 444/404/406 440/400/402
f 444/404/406 312/309/310 304/301/302
f 312/309/310 321/407/409 320/317/318
f 355/408/410 364/326/327 356/319/320
f 364/326/327 380/342/343 372/334/335
f 380/342/343 396/358/358 388/350/351
f 396/358/358 412/294/374 404/366/366
f 412/294/374 428/388/390 420/380/382
f 428/388/390 444/404/406 436/396/398
f 444/404/406 321/407/409 312/309/310
f 355/408/410 380/342/343 364/326/327
f 396/358/358 428/388/390 412/294/374
f 428/388/390 321/407/409 444/404/406
f 354/409/411 380/342/343 355/408/410
f 428/388/390 322/410/412 321/407/409
f 353/411/413 380/342/343 354/409/411
f 428/388/390 323/412/414 322/410/412
f 352/413/415 380/342/343 353/411/413
f 428/388/390 324/414/416 323/412/414
f 351/415/417 380/342/343 352/413/415
f 428/388/390 325/416/418 324/414/416
f 350/417/419 380/342/343 351/415/417
f 428/388/390 326/418/420 325/416/418
f 349/419/421 380/342/343 350/417/419
f 428/388/390 327/420/422 326/418/420
f 348/421/423 380/342/343 349/419/421
f 428/388/390 328/422/424 327/420/422
f 348/421/423 396/358/358 380/342/343
f 428/388/390 329/296/425 328/422/424
f 347/423/426 396/358/358 348/421/423
f 428/388/390 330/297/427 329/296/425
f 346/424/428 396/358/358 347/423/426
f 428/388/390 331/425/429 330/297/427
f 345/426/430 396/358/358 346/424/428
f 428/388/390 332/427/431 331/425/429
f 344/428/432 396/358/358 345/426/430
f 428/388/390 333/429/433 332/427/431
f 343/430/434 396/358/358 344/428/432
f 428/388/390 334/431/435 333/429/433
f 342/432/436 396/358/358 343/430/434
f 428/388/390 335/433/437 334/431/435
f 341/434/438 396/358/358 342/432/436
f 428/388/390 336/435/439 335/433/437
f 340/436/440 396/358/358 341/434/438
f 428/388/390 337/437/441 336/435/439
f 339/438/442 396/358/358 340/436/440
f 396/358/358 337/437/441 428/388/390
f 338/439/443 396/358/358 339/438/442
f 396/358/358 338/439/443 337/437/441
f 448/332/444 450/335/445 449/335/446
f 448/332/444 451/332/447 450/335/445
f 596/301/448 452/299/449 597/302/450
f 452/299/449 454/298/451 453/300/452
f 454/298/451 456/404/453 455/406/454
f 456/404/453 458/402/455 457/405/456
f 458/402/455 460/400/457 459/403/458
f 460/400/457 462/398/459 461/401/460
f 462/398/459 464/396/461 463/399/462
f 464/396/461 466/394/463 465/397/464
f 466/394/463 468/392/465 467/395/466
f 468/392/465 470/390/467 469/393/468
f 470/390/467 472/388/469 471/391/470
f 472/388/469 474/386/471 473/389/472
f 474/386/471 476/384/473 475/387/474
f 476/384/473 478/382/475 477/385/476
f 478/382/475 480/380/477 479/383/28
f 480/380/477 482/378/478 481/381/479
f 482/378/478 484/376/480 483/379/481
f 484/376/480 486/375/482 485/377/483
f 486/375/482 488/294/484 487/295/485
f 488/294/484 490/372/486 489/374/487
f 490/372/486 492/370/488 491/373/489
f 492/370/488 494/368/490 493/371/491
f 494/368/490 496/366/492 495/369/493
f 496/366/492 498/364/494 497/367/495
f 498/364/494 500/362/496 499/365/497
f 500/362/496 502/360/498 501/363/499
f 502/360/498 504/358/500 503/361/501
f 504/358/500 506/356/502 505/359/503
f 506/356/502 508/354/504 507/357/505
f 508/354/504 510/352/506 509/355/507
f 510/352/506 512/350/508 511/353/509
f 512/350/508 514/348/510 513/351/511
f 514/348/510 516/346/512 515/349/513
f 516/346/512 518/344/514 517/347/515
f 518/344/514 520/342/516 519/345/517
f 520/342/516 522/340/518 521/343/519
f 522/340/518 524/338/520 523/341/521
f 524/338/520 526/336/522 525/339/523
f 526/336/522 528/334/524 527/337/525
f 528/334/524 530/332/526 529/335/527
f 530/332/526 532/330/528 531/333/529
f 532/330/528 534/328/530 533/331/531
f 534/328/530 536/326/532 535/329/533
f 536/326/532 538/324/534 537/327/535
f 538/324/534 540/322/536 539/325/537
f 540/322/536 542/320/538 541/323/465
f 542/320/538 544/319/539 543/321/540
f 579/407/541 581/318/542 580/317/505
f 581/318/542 583/316/543 582/315/544
f 583/316/543 585/314/545 584/313/546
f 585/314/545 587/312/547 586/311/548
f 587/312/547 589/310/549 588/309/550
f 589/310/549 591/308/551 590/307/552
f 591/308/551 593/306/553 592/305/554
f 593/306/553 595/304/555 594/303/556
f 595/304/555 452/299/449 596/301/448
f 452/299/449 456/404/453 454/298/451
f 456/404/453 460/400/457 458/402/455
f 460/400/457 464/396/461 462/398/459
f 464/396/461 468/392/465 466/394/463
f 468/392/465 472/388/469 470/390/467
f 472/388/469 476/384/473 474/386/471
f 476/384/473 480/380/477 478/382/475
f 480/380/477 484/376/480 482/378/478
f 484/376/480 488/294/484 486/375/482
f 488/294/484 492/370/488 490/372/486
f 492/370/488 496/366/492 494/368/490
f 496/366/492 500/362/496 498/364/494
f 500/362/496 504/358/500 502/360/498
f 504/358/500 508/354/504 506/356/502
f 508/354/504 512/350/508 510/352/506
f 512/350/508 516/346/512 514/348/510
f 516/346/512 520/342/516 518/344/514
f 520/342/516 524/338/520 522/340/518
f 524/338/520 528/334/524 526/336/522
f 528/334/524 532/330/528 530/332/526
f 532/330/528 536/326/532 534/328/530
f 536/326/532 540/322/536 538/324/534
f 540/322/536 544/319/539 542/320/538
f 579/407/541 583/316/543 581/318/542
f 583/316/543 587/312/547 585/314/545
f 587/312/547 591/308/551 589/310/549
f 591/308/551 595/304/555 593/306/553
f 595/304/555 456/404/453 452/299/449
f 456/404/453 464/396/461 460/400/457
f 464/396/461 472/388/469 468/392/465
f 472/388/469 480/380/477 476/384/473
f 480/380/477 488/294/484 484/376/480
f 488/294/484 496/366/492 492/370/488
f 496/366/492 504/358/500 500/362/496
f 504/358/500 512/350/508 508/354/504
f 512/350/508 520/342/516 516/346/512
f 520/342/516 528/334/524 524/338/520
f 528/334/524 536/326/532 532/330/528
f 536/326/532 544/319/539 540/322/536
f 579/407/541 587/312/547 583/316/543
f 587/312/547 595/304/555 591/308/551
f 595/304/555 464/396/461 456/404/453
f 464/396/461 480/380/477 472/388/469
f 480/380/477 496/366/492 488/294/484
f 496/366/492 512/350/508 504/358/500
f 512/350/508 528/334/524 520/342/516
f 528/334/524 544/319/539 536/326/532
f 578/410/557 587/312/547 579/407/541
f 587/312/547 464/396/461 595/304/555
f 496/366/492 528/334/524 512/350/508
f 528/334/524 545/408/558 544/319/539
f 578/410/557 464/396/461 587/312/547
f 496/366/492 545/408/558 528/334/524
f 577/412/559 464/396/461 578/410/557
f 496/366/492 546/409/560 545/408/558
f 576/414/561 464/396/461 577/412/559
f 496/366/492 547/411/562 546/409/560
f 575/416/563 464/396/461 576/414/561
f 496/366/492 548/413/564 547/411/562
f 574/418/565 464/396/461 575/416/563
f 496/366/492 549/415/566 548/413/564
f 573/420/567 464/396/461 574/418/565
f 496/366/492 550/417/568 549/415/566
f 572/422/569 464/396/461 573/420/567
f 496/366/492 551/419/570 550/417/568
f 571/296/571 464/396/461 572/422/569
f 496/366/492 552/421/572 551/419/570
f 570/297/573 464/396/461 571/296/571
f 496/366/492 553/423/574 552/421/572
f 569/425/575 464/396/461 570/297/573
f 496/366/492 554/424/576 553/423/574
f 568/427/577 464/396/461 569/425/575
f 496/366/492 555/426/578 554/424/576
f 568/427/577 480/380/477 464/396/461
f 496/366/492 556/428/579 555/426/578
f 567/429/580 480/380/477 568/427/577
f 496/366/492 557/430/581 556/428/579
f 566/431/582 480/380/477 567/429/580
f 496/366/492 558/432/583 557/430/581
f 565/433/584 480/380/477 566/431/582
f 496/366/492 559/434/585 558/432/583
f 564/435/586 480/380/477 565/433/584
f 480/380/477 559/434/585 496/366/492
f 563/437/587 480/380/477 564/435/586
f 480/380/477 560/436/588 559/434/585
f 562/439/589 480/380/477 563/437/587
f 480/380/477 561/438/590 560/436/588
f 561/438/590 480/380/477 562/439/589
f 598/425/591 600/427/592 599/427/593
f 598/425/591 601/425/594 600/427/592
f 602/295/595 604/375/596 603/375/597
f 602/295/595 605/295/598 604/375/596
f 606/297/599 608/425/600 607/425/601
f 606/297/599 609/297/602 608/425/600
f 610/335/603 612/334/604 611/334/605
f 610/335/603 613/335/606 612/334/604
f 614/427/607 616/429/608 615/429/609
f 614/427/607 617/427/610 616/429/608
f 618/375/597 620/377/611 619/377/612
f 618/375/597 621/375/596 620/377/611
f 622/334/605 624/337/613 623/337/614
f 622/334/605 625/334/615 624/337/613
f 626/429/609 628/431/616 627/431/617
f 626/429/609 629/429/608 628/431/616
f 630/377/612 632/376/618 631/376/619
f 630/377/612 633/377/611 632/376/618
f 634/337/620 636/336/621 635/336/622
f 634/337/620 637/337/623 636/336/621
f 638/431/617 640/433/624 639/433/625
f 638/431/617 641/431/626 640/433/624
f 642/376/627 644/379/628 643/379/629
f 642/376/627 645/376/630 644/379/628
f 646/336/631 648/339/632 647/339/633
f 646/336/631 649/336/634 648/339/632
f 650/433/625 652/435/635 651/435/636
f 650/433/625 653/433/637 652/435/635
f 654/379/638 656/378/639 655/378/640
f 654/379/638 657/379/641 656/378/639
f 658/339/633 660/338/642 659/338/643
f 658/339/633 661/339/644 660/338/642
f 662/435/645 664/437/646 663/437/647
f 662/435/645 665/435/648 664/437/646
f 666/378/640 668/381/649 667/381/650
f 666/378/640 669/378/651 668/381/649
f 670/437/652 672/439/443 671/439/653
f 670/437/652 673/437/654 672/439/443
f 674/338/655 676/341/656 675/341/657
f 674/338/655 677/338/658 676/341/656
f 678/439/653 680/438/659 679/438/660
f 678/439/653 681/439/661 680/438/659
f 682/381/662 684/380/663 683/380/664
f 682/381/662 685/381/665 684/380/663
f 686/341/666 688/340/667 687/340/668
f 686/341/666 689/341/669 688/340/667
f 690/380/670 692/383/671 691/383/672
f 690/380/670 693/380/673 692/383/671
f 694/340/668 696/343/674 695/343/675
f 694/340/668 697/340/676 696/343/674
f 698/383/672 700/382/677 699/382/678
f 698/383/672 701/383/679 700/382/677
f 702/343/680 704/342/681 703/342/682
f 702/343/680 705/343/683 704/342/681
f 706/382/684 708/385/685 707/385/686
f 706/382/684 709/382/677 708/385/685
f 710/342/682 712/345/687 711/345/688
f 710/342/682 713/342/689 712/345/687
f 714/438/660 716/436/690 715/436/691
f 714/438/660 717/438/659 716/436/690
f 718/385/692 720/384/693 719/384/694
f 718/385/692 721/385/695 720/384/693
f 722/345/696 724/344/697 723/344/698
f 722/345/696 725/345/699 724/344/697
f 726/436/700 728/434/701 727/434/702
f 726/436/700 729/436/703 728/434/701
f 730/344/704 732/347/705 731/347/706
f 730/344/704 733/344/697 732/347/705
f 734/384/707 736/387/708 735/387/709
f 734/384/707 737/384/710 736/387/708
f 738/434/711 740/432/712 739/432/713
f 738/434/711 741/434/701 740/432/712
f 742/387/714 744/386/715 743/386/716
f 742/387/714 745/387/708 744/386/715
f 746/347/706 748/346/717 747/346/718
f 746/347/706 749/347/719 748/346/717
f 750/432/720 752/430/721 751/430/722
f 750/432/720 753/432/723 752/430/721
f 754/386/724 756/389/725 755/389/726
f 754/386/724 757/386/727 756/389/725
f 758/300/728 760/299/729 759/299/730
f 758/300/728 761/300/731 760/299/729
f 762/346/732 764/349/733 763/349/734
f 762/346/732 765/346/717 764/349/733
f 766/430/735 768/428/736 767/428/737
f 766/430/735 769/430/738 768/428/736
f 770/299/730 772/302/739 771/302/740
f 770/299/730 773/299/729 772/302/739
f 774/428/737 776/426/741 775/426/742
f 774/428/737 777/428/736 776/426/741
f 778/389/726 780/388/743 779/388/744
f 778/389/726 781/389/725 780/388/743
f 782/302/745 784/301/746 783/301/747
f 782/302/745 785/302/739 784/301/746
f 786/349/748 788/348/749 787/348/750
f 786/349/748 789/349/751 788/348/749
f 790/426/752 792/424/753 791/424/754
f 790/426/752 793/426/755 792/424/753
f 794/388/756 796/391/757 795/391/758
f 794/388/756 797/388/743 796/391/757
f 798/301/759 800/304/760 799/304/761
f 798/301/759 801/301/762 800/304/760
f 802/348/763 804/351/764 803/351/765
f 802/348/763 805/348/766 804/351/764
f 806/424/754 808/423/767 807/423/768
f 806/424/754 809/424/769 808/423/767
f 810/391/770 812/390/771 811/390/772
f 810/391/770 813/391/773 812/390/771
f 814/304/774 816/303/775 815/303/776
f 814/304/774 817/304/777 816/303/775
f 818/351/778 820/350/779 819/350/780
f 818/351/778 821/351/781 820/350/779
f 822/423/782 824/421/783 823/421/784
f 822/423/782 825/423/785 824/421/783
f 826/303/786 828/306/787 827/306/788
f 826/303/786 829/303/789 828/306/787
f 830/350/790 832/353/791 831/353/792
f 830/350/790 833/350/793 832/353/791
f 834/421/794 836/419/795 835/419/796
f 834/421/794 837/421/797 836/419/795
f 838/390/772 840/393/798 839/393/799
f 838/390/772 841/390/771 840/393/798
f 842/353/800 844/352/801 843/352/802
f 842/353/800 845/353/803 844/352/801
f 846/419/804 848/417/805 847/417/806
f 846/419/804 849/419/795 848/417/805
f 850/393/799 852/392/807 851/392/808
f 850/393/799 853/393/809 852/392/807
f 854/306/788 856/305/810 855/305/811
f 854/306/788 857/306/787 856/305/810
f 858/352/812 860/355/813 859/355/814
f 858/352/812 861/352/815 860/355/813
f 862/417/816 864/415/817 863/415/818
f 862/417/816 865/417/805 864/415/817
f 866/392/819 868/395/820 867/395/821
f 866/392/819 869/392/822 868/395/820
f 870/305/823 872/308/824 871/308/825
f 870/305/823 873/305/810 872/308/824
f 874/355/814 876/354/826 875/354/827
f 874/355/814 877/355/813 876/354/826
f 878/395/828 880/394/829 879/394/830
f 878/395/828 881/395/820 880/394/829
f 882/308/831 884/307/832 883/307/833
f 882/308/831 885/308/834 884/307/832
f 886/354/835 888/357/836 887/357/837
f 886/354/835 889/354/838 888/357/836
f 890/415/839 892/413/840 891/413/841
f 890/415/839 893/415/842 892/413/840
f 894/394/843 896/397/844 895/397/845
f 894/394/843 897/394/846 896/397/844
f 898/307/847 900/310/848 899/310/849
f 898/307/847 901/307/850 900/310/848
f 902/413/841 904/411/851 903/411/852
f 902/413/841 905/413/853 904/411/851
f 906/397/854 908/396/855 907/396/856
f 906/397/854 909/397/857 908/396/855
f 910/357/837 912/356/858 911/356/859
f 910/357/837 913/357/860 912/356/858
f 914/411/861 916/409/862 915/409/863
f 914/411/861 917/411/864 916/409/862
f 918/310/849 920/309/865 919/309/866
f 918/310/849 921/310/867 920/309/865
f 922/356/868 924/359/869 923/359/870
f 922/356/868 925/356/858 924/359/869
f 926/409/863 928/408/871 927/408/872
f 926/409/863 929/409/873 928/408/871
f 930/396/874 932/399/875 931/399/876
f 930/396/874 933/396/877 932/399/875
f 934/309/866 936/312/878 935/312/879
f 934/309/866 937/309/880 936/312/878
f 938/359/881 940/358/882 939/358/883
f 938/359/881 941/359/884 940/358/882
f 942/408/885 944/319/886 943/319/887
f 942/408/885 945/408/888 944/319/886
f 946/399/889 948/398/890 947/398/891
f 946/399/889 949/399/892 948/398/890
f 950/312/893 952/311/894 951/311/895
f 950/312/893 953/312/896 952/311/894
f 954/358/897 956/361/898 955/361/899
f 954/358/897 957/358/900 956/361/898
f 958/398/901 960/401/902 959/401/903
f 958/398/901 961/398/904 960/401/902
f 962/311/905 964/314/906 963/314/907
f 962/311/905 965/311/894 964/314/906
f 966/401/903 968/400/908 967/400/909
f 966/401/903 969/401/910 968/400/908
f 970/314/907 972/313/911 971/313/912
f 970/314/907 973/314/906 972/313/911
f 974/361/913 976/360/914 975/360/915
f 974/361/913 977/361/916 976/360/914
f 978/400/909 980/403/917 979/403/918
f 978/400/909 981/400/919 980/403/917
f 982/313/912 984/316/920 983/316/921
f 982/313/912 985/313/911 984/316/920
f 986/360/922 988/363/923 987/363/924
f 986/360/922 989/360/925 988/363/923
f 990/403/926 992/402/927 991/402/928
f 990/403/926 993/403/917 992/402/927
f 994/316/921 996/315/929 995/315/930
f 994/316/921 997/316/920 996/315/929
f 998/363/931 1000/362/932 999/362/933
f 998/363/931 1001/363/934 1000/362/932
f 1002/315/935 1004/318/936 1003/318/937
f 1002/315/935 1005/315/938 1004/318/936
f 1006/362/933 1008/365/939 1007/365/940
f 1006/362/933 1009/362/941 1008/365/939
f 1010/319/942 1012/321/943 1011/321/944
f 1010/319/942 1013/319/886 1012/321/943
f 1014/402/945 1016/405/946 1015/405/947
f 1014/402/945 1017/402/927 1016/405/946
f 1018/318/948 1020/317/836 1019/317/837
f 1018/318/948 1021/318/949 1020/317/836
f 1022/365/950 1024/364/951 1023/364/952
f 1022/365/950 1025/365/939 1024/364/951
f 1026/321/953 1028/320/954 1027/320/955
f 1026/321/953 1029/321/956 1028/320/954
f 1030/405/957 1032/404/958 1031/404/959
f 1030/405/957 1033/405/960 1032/404/958
f 1034/320/955 1036/323/807 1035/323/808
f 1034/320/955 1037/320/961 1036/323/807
f 1038/404/959 1040/406/962 1039/406/963
f 1038/404/959 1041/404/958 1040/406/962
f 1042/317/837 1044/407/964 1043/407/965
f 1042/317/837 1045/317/860 1044/407/964
f 1046/364/966 1048/367/967 1047/367/968
f 1046/364/966 1049/364/969 1048/367/967
f 1050/323/819 1052/322/970 1051/322/971
f 1050/323/819 1053/323/822 1052/322/970
f 1054/406/972 1056/298/973 1055/298/974
f 1054/406/972 1057/406/975 1056/298/973
f 1058/407/965 1060/410/976 1059/410/977
f 1058/407/965 1061/407/964 1060/410/976
f 1062/367/978 1064/366/979 1063/366/980
f 1062/367/978 1065/367/981 1064/366/979
f 1066/322/982 1068/325/983 1067/325/984
f 1066/322/982 1069/322/985 1068/325/983
f 1070/366/986 1072/369/987 1071/369/988
f 1070/366/986 1073/366/979 1072/369/987
f 1074/325/989 1076/324/990 1075/324/991
f 1074/325/989 1077/325/983 1076/324/990
f 1078/298/992 1080/300/993 1079/300/728
f 1078/298/992 1081/298/994 1080/300/993
f 1082/410/977 1084/412/995 1083/412/996
f 1082/410/977 1085/410/997 1084/412/995
f 1086/324/998 1088/327/999 1087/327/1000
f 1086/324/998 1089/324/990 1088/327/999
f 1090/412/1001 1092/414/1002 1091/414/1003
f 1090/412/1001 1093/412/995 1092/414/1002
f 1094/369/1004 1096/368/1005 1095/368/1006
f 1094/369/1004 1097/369/1007 1096/368/1005
f 1098/368/1006 1100/371/1008 1099/371/1009
f 1098/368/1006 1101/368/1010 1100/371/1008
f 1102/327/1011 1104/326/1012 1103/326/1013
f 1102/327/1011 1105/327/1014 1104/326/1012
f 1106/414/1003 1108/416/1015 1107/416/1016
f 1106/414/1003 1109/414/1002 1108/416/1015
f 1110/371/1017 1112/370/1018 1111/370/1019
f 1110/371/1017 1113/371/1020 1112/370/1018
f 1114/326/1021 1116/329/1022 1115/329/1023
f 1114/326/1021 1117/326/1012 1116/329/1022
f 1118/416/1024 1120/418/1025 1119/418/1026
f 1118/416/1024 1121/416/1027 1120/418/1025
f 1122/370/1028 1124/373/1029 1123/373/1030
f 1122/370/1028 1125/370/1031 1124/373/1029
f 1126/329/1032 1128/328/1033 1127/328/1034
f 1126/329/1032 1129/329/1035 1128/328/1033
f 1130/418/1036 1132/420/1037 1131/420/1038
f 1130/418/1036 1133/418/1025 1132/420/1037
f 1134/373/1039 1136/372/1040 1135/372/1041
f 1134/373/1039 1137/373/1042 1136/372/1040
f 1138/328/1043 1140/331/1044 1139/331/1045
f 1138/328/1043 1141/328/1046 1140/331/1044
f 1142/420/1047 1144/422/1048 1143/422/1049
f 1142/420/1047 1145/420/1037 1144/422/1048
f 1146/372/1041 1148/374/1050 1147/374/1051
f 1146/372/1041 1149/372/1040 1148/374/1050
f 1150/331/1052 1152/330/1053 1151/330/1054
f 1150/331/1052 1153/331/1055 1152/330/1053
f 1154/330/1054 1156/333/1056 1155/333/1057
f 1154/330/1054 1157/330/1058 1156/333/1056
f 1158/422/1059 1160/296/1060 1159/296/295
f 1158/422/1059 1161/422/1048 1160/296/1060
f 1162/374/1051 1164/294/294 1163/294/291
f 1162/374/1051 1165/374/1061 1164/294/294
f 1166/333/1062 1168/332/1063 1167/332/1064
f 1166/333/1062 1169/333/1065 1168/332/1063
f 1461/4/1066 1170/2/1067 1462/5/1068
f 1170/2/1067 1172/1/1069 1171/3/1070
f 1172/1/1069 1174/185/1071 1173/187/1072
f 1174/185/1071 1176/183/1073 1175/186/1074
f 1176/183/1073 1178/181/1075 1177/184/1076
f 1178/181/1075 1180/179/1077 1179/182/1078
f 1180/179/1077 1182/177/1079 1181/180/1080
f 1182/177/1079 1184/175/1081 1183/178/1082
f 1184/175/1081 1186/173/1083 1185/176/1084
f 1186/173/1083 1188/172/1085 1187/174/1086
f 1205/192/1087 1207/171/1088 1206/170/1089
f 1207/171/1088 1209/169/1090 1208/168/1091
f 1209/169/1090 1211/167/1092 1210/166/1093
f 1211/167/1092 1213/165/1094 1212/164/1095
f 1213/165/1094 1215/163/1096 1214/162/1097
f 1215/163/1096 1217/161/1098 1216/160/1099
f 1217/161/1098 1219/159/1100 1218/158/1101
f 1219/159/1100 1221/157/1102 1220/156/1103
f 1221/157/1102 1223/155/1104 1222/154/1105
f 1259/191/1106 1261/152/1107 1260/151/1108
f 1261/152/1107 1263/150/1109 1262/149/1110
f 1263/150/1109 1265/148/1111 1264/147/1112
f 1265/148/1111 1267/146/1113 1266/145/1114
f 1267/146/1113 1269/144/1115 1268/143/1116
f 1269/144/1115 1271/142/1117 1270/141/1118
f 1271/142/1117 1273/140/1119 1272/139/1120
f 1273/140/1119 1275/138/1121 1274/137/1122
f 1275/138/1121 1277/136/1123 1276/135/1124
f 1295/190/1125 1297/133/1126 1296/132/1127
f 1297/133/1126 1299/131/1128 1298/130/1129
f 1299/131/1128 1301/129/1130 1300/128/1131
f 1301/129/1130 1303/127/1132 1302/126/1133
f 1303/127/1132 1305/125/1134 1304/124/1135
f 1305/125/1134 1307/123/1136 1306/122/1137
f 1307/123/1136 1309/121/1138 1308/120/1139
f 1309/121/1138 1311/119/1140 1310/118/1141
f 1311/119/1140 1313/117/1068 1312/116/1142
f 1313/117/1068 1315/115/1143 1314/114/1144
f 1315/115/1143 1317/113/1145 1316/112/1146
f 1317/113/1145 1319/111/1147 1318/110/1148
f 1319/111/1147 1321/109/1149 1320/108/1150
f 1321/109/1149 1323/107/1151 1322/106/1152
f 1323/107/1151 1325/105/1153 1324/104/1154
f 1325/105/1153 1327/103/1155 1326/102/1156
f 1327/103/1155 1329/101/1157 1328/100/1158
f 1329/101/1157 1331/99/1159 1330/98/1160
f 1331/99/1159 1333/97/1161 1332/96/1162
f 1333/97/1161 1335/95/1163 1334/94/1164
f 1335/95/1163 1337/93/1165 1336/92/1166
f 1337/93/1165 1339/91/1167 1338/90/1168
f 1339/91/1167 1341/89/1169 1340/88/1170
f 1341/89/1169 1343/87/1171 1342/86/1172
f 1343/87/1171 1345/85/1173 1344/84/1174
f 1345/85/1173 1347/83/1175 1346/82/1176
f 1347/83/1175 1349/81/1177 1348/80/1178
f 1367/77/1179 1369/75/1180 1368/78/1181
f 1369/75/1180 1371/73/1182 1370/76/1183
f 1371/73/1182 1373/71/1184 1372/74/1185
f 1373/71/1184 1375/69/1186 1374/72/1187
f 1375/69/1186 1377/67/1188 1376/70/1189
f 1377/67/1188 1379/65/1190 1378/68/1191
f 1379/65/1190 1381/63/1192 1380/66/1193
f 1381/63/1192 1383/61/1194 1382/64/1195
f 1383/61/1194 1385/59/1177 1384/62/1196
f 1385/59/1177 1387/57/1197 1386/60/1198
f 1387/57/1197 1389/55/1199 1388/58/1200
f 1389/55/1199 1391/53/1201 1390/56/1202
f 1391/53/1201 1393/51/1203 1392/54/1204
f 1393/51/1203 1395/49/1205 1394/52/1206
f 1395/49/1205 1397/47/1207 1396/50/1208
f 1397/47/1207 1399/45/1209 1398/48/1210
f 1399/45/1209 1401/43/1211 1400/46/1212
f 1401/43/1211 1403/41/1213 1402/44/1214
f 1403/41/1213 1405/40/1215 1404/42/1216
f 1426/188/1217 1428/39/1218 1427/38/1219
f 1428/39/1218 1430/37/1220 1429/36/1221
f 1430/37/1220 1432/35/1222 1431/34/1223
f 1432/35/1222 1434/33/1224 1433/32/1225
f 1434/33/1224 1436/31/1226 1435/30/1227
f 1436/31/1226 1438/29/1228 1437/28/1229
f 1438/29/1228 1440/27/1230 1439/26/1231
f 1440/27/1230 1442/25/1232 1441/24/1233
f 1442/25/1232 1444/23/1234 1443/22/1235
f 1444/23/1234 1446/21/1236 1445/20/1237
f 1446/21/1236 1448/19/1238 1447/18/1239
f 1448/19/1238 1450/17/1240 1449/16/1241
f 1450/17/1240 1452/15/1242 1451/14/1243
f 1452/15/1242 1454/13/1244 1453/12/1245
f 1454/13/1244 1456/11/1246 1455/10/1247
f 1456/11/1246 1458/9/1248 1457/8/1249
f 1458/9/1248 1460/7/1250 1459/6/1251
f 1460/7/1250 1170/2/1067 1461/4/1066
f 1170/2/1067 1174/185/1071 1172/1/1069
f 1174/185/1071 1178/181/1075 1176/183/1073
f 1178/181/1075 1182/177/1079 1180/179/1077
f 1182/177/1079 1186/173/1083 1184/175/1081
f 1205/192/1087 1209/169/1090 1207/171/1088
f 1209/169/1090 1213/165/1094 1211/167/1092
f 1213/165/1094 1217/161/1098 1215/163/1096
f 1217/161/1098 1221/157/1102 1219/159/1100
f 1221/157/1102 1224/153/1252 1223/155/1104
f 1259/191/1106 1263/150/1109 1261/152/1107
f 1263/150/1109 1267/146/1113 1265/148/1111
f 1267/146/1113 1271/142/1117 1269/144/1115
f 1271/142/1117 1275/138/1121 1273/140/1119
f 1275/138/1121 1278/134/1253 1277/136/1123
f 1295/190/1125 1299/131/1128 1297/133/1126
f 1299/131/1128 1303/127/1132 1301/129/1130
f 1303/127/1132 1307/123/1136 1305/125/1134
f 1307/123/1136 1311/119/1140 1309/121/1138
f 1311/119/1140 1315/115/1143 1313/117/1068
f 1315/115/1143 1319/111/1147 1317/113/1145
f 1319/111/1147 1323/107/1151 1321/109/1149
f 1323/107/1151 1327/103/1155 1325/105/1153
f 1327/103/1155 1331/99/1159 1329/101/1157
f 1331/99/1159 1335/95/1163 1333/97/1161
f 1335/95/1163 1339/91/1167 1337/93/1165
f 1339/91/1167 1343/87/1171 1341/89/1169
f 1343/87/1171 1347/83/1175 1345/85/1173
f 1347/83/1175 1350/79/1254 1349/81/1177
f 1367/77/1179 1371/73/1182 1369/75/1180
f 1371/73/1182 1375/69/1186 1373/71/1184
f 1375/69/1186 1379/65/1190 1377/67/1188
f 1379/65/1190 1383/61/1194 1381/63/1192
f 1383/61/1194 1387/57/1197 1385/59/1177
f 1387/57/1197 1391/53/1201 1389/55/1199
f 1391/53/1201 1395/49/1205 1393/51/1203
f 1395/49/1205 1399/45/1209 1397/47/1207
f 1399/45/1209 1403/41/1213 1401/43/1211
f 1403/41/1213 1406/189/1255 1405/40/1215
f 1426/188/1217 1430/37/1220 1428/39/1218
f 1430/37/1220 1434/33/1224 1432/35/1222
f 1434/33/1224 1438/29/1228 1436/31/1226
f 1438/29/1228 1442/25/1232 1440/27/1230
f 1442/25/1232 1446/21/1236 1444/23/1234
f 1446/21/1236 1450/17/1240 1448/19/1238
f 1450/17/1240 1454/13/1244 1452/15/1242
f 1454/13/1244 1458/9/1248 1456/11/1246
f 1458/9/1248 1170/2/1067 1460/7/1250
f 1170/2/1067 1178/181/1075 1174/185/1071
f 1178/181/1075 1186/173/1083 1182/177/1079
f 1205/192/1087 1213/165/1094 1209/169/1090
f 1213/165/1094 1221/157/1102 1217/161/1098
f 1259/191/1106 1267/146/1113 1263/150/1109
f 1267/146/1113 1275/138/1121 1271/142/1117
f 1295/190/1125 1303/127/1132 1299/131/1128
f 1303/127/1132 1311/119/1140 1307/123/1136
f 1311/119/1140 1319/111/1147 1315/115/1143
f 1319/111/1147 1327/103/1155 1323/107/1151
f 1327/103/1155 1335/95/1163 1331/99/1159
f 1335/95/1163 1343/87/1171 1339/91/1167
f 1343/87/1171 1350/79/1254 1347/83/1175
f 1367/77/1179 1375/69/1186 1371/73/1182
f 1375/69/1186 1383/61/1194 1379/65/1190
f 1383/61/1194 1391/53/1201 1387/57/1197
f 1391/53/1201 1399/45/1209 1395/49/1205
f 1399/45/1209 1406/189/1255 1403/41/1213
f 1426/188/1217 1434/33/1224 1430/37/1220
f 1434/33/1224 1442/25/1232 1438/29/1228
f 1442/25/1232 1450/17/1240 1446/21/1236
f 1450/17/1240 1458/9/1248 1454/13/1244
f 1458/9/1248 1178/181/1075 1170/2/1067
f 1178/181/1075 1188/172/1085 1186/173/1083
f 1205/192/1087 1221/157/1102 1213/165/1094
f 1258/223/1256 1267/146/1113 1259/191/1106
f 1267/146/1113 1278/134/1253 1275/138/1121
f 1294/196/1257 1303/127/1132 1295/190/1125
f 1303/127/1132 1319/111/1147 1311/119/1140
f 1319/111/1147 1335/95/1163 1327/103/1155
f 1335/95/1163 1350/79/1254 1343/87/1171
f 1366/264/1258 1375/69/1186 1367/77/1179
f 1375/69/1186 1391/53/1201 1383/61/1194
f 1391/53/1201 1406/189/1255 1399/45/1209
f 1425/194/1259 1434/33/1224 1426/188/1217
f 1434/33/1224 1450/17/1240 1442/25/1232
f 1450/17/1240 1178/181/1075 1458/9/1248
f 1178/181/1075 1189/199/1260 1188/172/1085
f 1204/203/1261 1221/157/1102 1205/192/1087
f 1258/223/1256 1278/134/1253 1267/146/1113
f 1294/196/1257 1319/111/1147 1303/127/1132
f 1335/95/1163 1351/201/1262 1350/79/1254
f 1366/264/1258 1391/53/1201 1375/69/1186
f 1391/53/1201 1407/193/1263 1406/189/1255
f 1425/194/1259 1450/17/1240 1434/33/1224
f 1450/17/1240 1189/199/1260 1178/181/1075
f 1204/203/1261 1224/153/1252 1221/157/1102
f 1257/229/1264 1278/134/1253 1258/223/1256
f 1293/210/1265 1319/111/1147 1294/196/1257
f 1335/95/1163 1352/205/1266 1351/201/1262
f 1365/269/1267 1391/53/1201 1366/264/1258
f 1391/53/1201 1408/195/1268 1407/193/1263
f 1424/204/1269 1450/17/1240 1425/194/1259
f 1450/17/1240 1190/207/1270 1189/199/1260
f 1203/267/1271 1224/153/1252 1204/203/1261
f 1256/235/1272 1278/134/1253 1257/229/1264
f 1292/216/1273 1319/111/1147 1293/210/1265
f 1364/273/1274 1391/53/1201 1365/269/1267
f 1391/53/1201 1409/200/1275 1408/195/1268
f 1423/208/1276 1450/17/1240 1424/204/1269
f 1450/17/1240 1191/213/1277 1190/207/1270
f 1202/272/1278 1224/153/1252 1203/267/1271
f 1255/240/1279 1278/134/1253 1256/235/1272
f 1291/222/1280 1319/111/1147 1292/216/1273
f 1363/276/1281 1391/53/1201 1364/273/1274
f 1391/53/1201 1410/209/1282 1409/200/1275
f 1422/214/1283 1450/17/1240 1423/208/1276
f 1450/17/1240 1192/219/1284 1191/213/1277
f 1202/272/1278 1225/198/1285 1224/153/1252
f 1254/245/1286 1278/134/1253 1255/240/1279
f 1290/228/1287 1319/111/1147 1291/222/1280
f 1362/280/1288 1391/53/1201 1363/276/1281
f 1391/53/1201 1411/215/1289 1410/209/1282
f 1421/220/1290 1450/17/1240 1422/214/1283
f 1450/17/1240 1193/225/1291 1192/219/1284
f 1202/272/1278 1226/202/1292 1225/198/1285
f 1253/250/1293 1278/134/1253 1254/245/1286
f 1289/234/1294 1319/111/1147 1290/228/1287
f 1361/283/1295 1391/53/1201 1362/280/1288
f 1391/53/1201 1412/221/1296 1411/215/1289
f 1420/226/1297 1450/17/1240 1421/220/1290
f 1450/17/1240 1194/231/1298 1193/225/1291
f 1202/272/1278 1227/212/1299 1226/202/1292
f 1252/254/1300 1278/134/1253 1253/250/1293
f 1288/239/1301 1319/111/1147 1289/234/1294
f 1360/286/1302 1391/53/1201 1361/283/1295
f 1419/232/1303 1450/17/1240 1420/226/1297
f 1450/17/1240 1195/237/1304 1194/231/1298
f 1202/272/1278 1228/218/1305 1227/212/1299
f 1251/258/1306 1278/134/1253 1252/254/1300
f 1287/244/1307 1319/111/1147 1288/239/1301
f 1359/289/1308 1391/53/1201 1360/286/1302
f 1450/17/1240 1196/242/1309 1195/237/1304
f 1202/272/1278 1229/224/1310 1228/218/1305
f 1250/261/1311 1278/134/1253 1251/258/1306
f 1287/244/1307 1335/95/1163 1319/111/1147
f 1358/277/1312 1391/53/1201 1359/289/1308
f 1450/17/1240 1197/247/1313 1196/242/1309
f 1201/268/1314 1229/224/1310 1202/272/1278
f 1249/266/1315 1278/134/1253 1250/261/1311
f 1286/249/1316 1335/95/1163 1287/244/1307
f 1357/274/1317 1391/53/1201 1358/277/1312
f 1450/17/1240 1198/252/1318 1197/247/1313
f 1201/268/1314 1230/230/1319 1229/224/1310
f 1248/271/1320 1278/134/1253 1249/266/1315
f 1285/281/1321 1335/95/1163 1286/249/1316
f 1356/270/1322 1391/53/1201 1357/274/1317
f 1419/232/1303 1198/252/1318 1450/17/1240
f 1201/268/1314 1231/236/1323 1230/230/1319
f 1247/275/1324 1278/134/1253 1248/271/1320
f 1284/284/1325 1335/95/1163 1285/281/1321
f 1355/265/1326 1391/53/1201 1356/270/1322
f 1419/232/1303 1199/256/1327 1198/252/1318
f 1201/268/1314 1232/241/1328 1231/236/1323
f 1246/278/1329 1278/134/1253 1247/275/1324
f 1283/287/1330 1335/95/1163 1284/284/1325
f 1354/260/1331 1391/53/1201 1355/265/1326
f 1419/232/1303 1200/263/1332 1199/256/1327
f 1201/268/1314 1233/246/1333 1232/241/1328
f 1246/278/1329 1279/197/1334 1278/134/1253
f 1282/217/1335 1335/95/1163 1283/287/1330
f 1354/260/1331 1412/221/1296 1391/53/1201
f 1419/232/1303 1201/268/1314 1200/263/1332
f 1201/268/1314 1234/251/1336 1233/246/1333
f 1246/278/1329 1280/206/1337 1279/197/1334
f 1281/211/1338 1335/95/1163 1282/217/1335
f 1353/257/1339 1412/221/1296 1354/260/1331
f 1418/253/1340 1201/268/1314 1419/232/1303
f 1201/268/1314 1235/255/1341 1234/251/1336
f 1246/278/1329 1281/211/1338 1280/206/1337
f 1281/211/1338 1352/205/1266 1335/95/1163
f 1352/205/1266 1412/221/1296 1353/257/1339
f 1418/253/1340 1235/255/1341 1201/268/1314
f 1246/278/1329 1352/205/1266 1281/211/1338
f 1352/205/1266 1413/227/1342 1412/221/1296
f 1417/248/1343 1235/255/1341 1418/253/1340
f 1245/291/1344 1352/205/1266 1246/278/1329
f 1352/205/1266 1414/233/1345 1413/227/1342
f 1416/243/1346 1235/255/1341 1417/248/1343
f 1244/293/1347 1352/205/1266 1245/291/1344
f 1352/205/1266 1415/238/1348 1414/233/1345
f 1415/238/1348 1235/255/1341 1416/243/1346
f 1243/292/1349 1352/205/1266 1244/293/1347
f 1415/238/1348 1236/259/1350 1235/255/1341
f 1242/290/1123 1352/205/1266 1243/292/1349
f 1415/238/1348 1237/262/1351 1236/259/1350
f 1241/288/1352 1352/205/1266 1242/290/1123
f 1415/238/1348 1238/279/1353 1237/262/1351
f 1241/288/1352 1415/238/1348 1352/205/1266
f 1415/238/1348 1239/282/1354 1238/279/1353
f 1240/285/1355 1415/238/1348 1241/288/1352
f 1415/238/1348 1240/285/1355 1239/282/1354
f 1463/131/1356 1465/128/1357 1464/128/1358
f 1463/131/1356 1466/131/1359 1465/128/1357
f 1467/163/1360 1469/160/1361 1468/160/1362
f 1467/163/1360 1470/163/1363 1469/160/1361
f 1471/60/1364 1473/57/1365 1472/57/1366
f 1471/60/1364 1474/60/1367 1473/57/1365
f 1475/128/1368 1477/129/1369 1476/129/1370
f 1475/128/1368 1478/128/1357 1477/129/1369
f 1479/160/1371 1481/161/1372 1480/161/1373
f 1479/160/1371 1482/160/1361 1481/161/1372
f 1483/57/1374 1485/58/1375 1484/58/1376
f 1483/57/1374 1486/57/1377 1485/58/1375
f 1487/129/1378 1489/126/1379 1488/126/1380
f 1487/129/1378 1490/129/1381 1489/126/1379
f 1491/161/1382 1493/158/1383 1492/158/1384
f 1491/161/1382 1494/161/1385 1493/158/1383
f 1495/58/1376 1497/55/1386 1496/55/1387
f 1495/58/1376 1498/58/1375 1497/55/1386
f 1499/126/1380 1501/127/1388 1500/127/1389
f 1499/126/1380 1502/126/1390 1501/127/1388
f 1503/55/1387 1505/56/1391 1504/56/1392
f 1503/55/1387 1506/55/1386 1505/56/1391
f 1507/158/1384 1509/159/1393 1508/159/1394
f 1507/158/1384 1510/158/1395 1509/159/1393
f 1511/56/1396 1513/53/1397 1512/53/1398
f 1511/56/1396 1514/56/1399 1513/53/1397
f 1515/127/1400 1517/124/1401 1516/124/1402
f 1515/127/1400 1518/127/1403 1517/124/1401
f 1519/159/1404 1521/156/1405 1520/156/1406
f 1519/159/1404 1522/159/1407 1521/156/1405
f 1523/124/1408 1525/125/1409 1524/125/1410
f 1523/124/1408 1526/124/1401 1525/125/1409
f 1527/156/1411 1529/157/1412 1528/157/1413
f 1527/156/1411 1530/156/1414 1529/157/1412
f 1531/53/1415 1533/54/1416 1532/54/1417
f 1531/53/1415 1534/53/1418 1533/54/1416
f 1535/125/1419 1537/122/1420 1536/122/1421
f 1535/125/1419 1538/125/1422 1537/122/1420
f 1539/157/1413 1541/154/1423 1540/154/1424
f 1539/157/1413 1542/157/1412 1541/154/1423
f 1543/54/1425 1545/51/1426 1544/51/1427
f 1543/54/1425 1546/54/1428 1545/51/1426
f 1547/122/1429 1549/123/1430 1548/123/1431
f 1547/122/1429 1550/122/1420 1549/123/1430
f 1551/154/1424 1553/155/1432 1552/155/1433
f 1551/154/1424 1554/154/1434 1553/155/1432
f 1555/51/1435 1557/52/1436 1556/52/1437
f 1555/51/1435 1558/51/1438 1557/52/1436
f 1559/123/1439 1561/120/1440 1560/120/1441
f 1559/123/1439 1562/123/1442 1561/120/1440
f 1563/155/1433 1565/153/1443 1564/153/1444
f 1563/155/1433 1566/155/1445 1565/153/1443
f 1567/52/1437 1569/49/1446 1568/49/1447
f 1567/52/1437 1570/52/1448 1569/49/1446
f 1571/120/1449 1573/121/1450 1572/121/1451
f 1571/120/1449 1574/120/1452 1573/121/1450
f 1575/49/1453 1577/50/1454 1576/50/1455
f 1575/49/1453 1578/49/1446 1577/50/1454
f 1579/121/1451 1581/118/1456 1580/118/1457
f 1579/121/1451 1582/121/1458 1581/118/1456
f 1583/153/1444 1585/198/1459 1584/198/1460
f 1583/153/1444 1586/153/1443 1585/198/1459
f 1587/50/1461 1589/47/1462 1588/47/1463
f 1587/50/1461 1590/50/1464 1589/47/1462
f 1591/198/1465 1593/202/1466 1592/202/1467
f 1591/198/1465 1594/198/1468 1593/202/1466
f 1595/47/1469 1597/48/1470 1596/48/1471
f 1595/47/1469 1598/47/1472 1597/48/1470
f 1599/118/1473 1601/119/1474 1600/119/1475
f 1599/118/1473 1602/118/1476 1601/119/1474
f 1603/202/1477 1605/212/1478 1604/212/1479
f 1603/202/1477 1606/202/1480 1605/212/1478
f 1607/119/1481 1609/116/1482 1608/116/1483
f 1607/119/1481 1610/119/1484 1609/116/1482
f 1611/48/1485 1613/45/1486 1612/45/1487
f 1611/48/1485 1614/48/1488 1613/45/1486
f 1615/116/1483 1617/117/1489 1616/117/1490
f 1615/116/1483 1618/116/1491 1617/117/1489
f 1619/212/1492 1621/218/1493 1620/218/1494
f 1619/212/1492 1622/212/1495 1621/218/1493
f 1623/45/1496 1625/46/1497 1624/46/1498
f 1623/45/1496 1626/45/1499 1625/46/1497
f 1627/117/1490 1629/114/1500 1628/114/1501
f 1627/117/1490 1630/117/1502 1629/114/1500
f 1631/218/1503 1633/224/1504 1632/224/1505
f 1631/218/1503 1634/218/1506 1633/224/1504
f 1635/46/1507 1637/43/1508 1636/43/43
f 1635/46/1507 1638/46/1509 1637/43/1508
f 1639/224/1510 1641/230/1511 1640/230/1512
f 1639/224/1510 1642/224/1513 1641/230/1511
f 1643/114/1501 1645/115/1514 1644/115/1515
f 1643/114/1501 1646/114/1500 1645/115/1514
f 1647/230/1516 1649/236/1517 1648/236/1518
f 1647/230/1516 1650/230/1519 1649/236/1517
f 1651/43/1520 1653/44/1521 1652/44/1522
f 1651/43/1520 1654/43/1523 1653/44/1521
f 1655/115/1515 1657/112/1524 1656/112/1525
f 1655/115/1515 1658/115/1526 1657/112/1524
f 1659/44/1527 1661/41/1528 1660/41/1529
f 1659/44/1527 1662/44/1530 1661/41/1528
f 1663/112/1531 1665/113/1532 1664/113/1533
f 1663/112/1531 1666/112/1524 1665/113/1532
f 1667/236/1518 1669/241/1534 1668/241/1535
f 1667/236/1518 1670/236/1517 1669/241/1534
f 1671/41/1529 1673/42/1216 1672/42/1536
f 1671/41/1529 1674/41/1537 1673/42/1216
f 1675/113/1538 1677/110/1539 1676/110/1540
f 1675/113/1538 1678/113/1541 1677/110/1539
f 1679/241/1535 1681/246/1542 1680/246/1543
f 1679/241/1535 1682/241/1534 1681/246/1542
f 1683/110/1540 1685/111/1544 1684/111/1545
f 1683/110/1540 1686/110/1546 1685/111/1544
f 1687/246/1543 1689/251/1547 1688/251/1548
f 1687/246/1543 1690/246/1542 1689/251/1547
f 1691/42/42 1693/40/1215 1692/40/1549
f 1691/42/42 1694/42/1550 1693/40/1215
f 1695/111/1551 1697/108/1552 1696/108/1553
f 1695/111/1551 1698/111/1554 1697/108/1552
f 1699/251/1555 1701/255/1556 1700/255/1557
f 1699/251/1555 1702/251/1558 1701/255/1556
f 1703/40/1559 1705/189/1560 1704/189/1561
f 1703/40/1559 1706/40/1562 1705/189/1560
f 1707/108/1563 1709/109/1564 1708/109/1565
f 1707/108/1563 1710/108/1552 1709/109/1564
f 1711/255/1566 1713/259/1567 1712/259/1568
f 1711/255/1566 1714/255/1569 1713/259/1567
f 1715/189/1570 1717/193/1571 1716/193/1572
f 1715/189/1570 1718/189/1573 1717/193/1571
f 1719/259/1568 1721/262/1574 1720/262/1575
f 1719/259/1568 1722/259/1576 1721/262/1574
f 1723/193/1577 1725/195/1578 1724/195/1579
f 1723/193/1577 1726/193/1580 1725/195/1578
f 1727/109/1581 1729/106/1582 1728/106/1583
f 1727/109/1581 1730/109/1564 1729/106/1582
f 1731/262/1575 1733/279/1584 1732/279/1585
f 1731/262/1575 1734/262/1586 1733/279/1584
f 1735/195/1587 1737/200/1588 1736/200/1589
f 1735/195/1587 1738/195/1578 1737/200/1588
f 1739/106/1590 1741/107/1591 1740/107/1592
f 1739/106/1590 1742/106/1593 1741/107/1591
f 1743/279/1594 1745/282/1595 1744/282/1596
f 1743/279/1594 1746/279/1584 1745/282/1595
f 1747/200/1597 1749/209/1598 1748/209/1599
f 1747/200/1597 1750/200/1600 1749/209/1598
f 1751/107/1601 1753/104/1602 1752/104/1603
f 1751/107/1601 1754/107/1604 1753/104/1602
f 1755/282/1596 1757/285/1605 1756/285/1606
f 1755/282/1596 1758/282/1607 1757/285/1605
f 1759/209/1608 1761/215/1609 1760/215/1610
f 1759/209/1608 1762/209/1611 1761/215/1609
f 1763/104/1612 1765/105/1613 1764/105/1614
f 1763/104/1612 1766/104/1602 1765/105/1613
f 1767/215/1615 1769/221/1616 1768/221/1617
f 1767/215/1615 1770/215/1618 1769/221/1616
f 1771/105/1619 1773/102/1620 1772/102/1621
f 1771/105/1619 1774/105/1622 1773/102/1620
f 1775/285/1606 1777/288/1623 1776/288/1624
f 1775/285/1606 1778/285/1625 1777/288/1623
f 1779/221/1626 1781/227/1627 1780/227/1628
f 1779/221/1626 1782/221/1629 1781/227/1627
f 1783/102/1630 1785/103/1631 1784/103/1632
f 1783/102/1630 1786/102/1633 1785/103/1631
f 1787/288/1624 1789/290/1634 1788/290/1490
f 1787/288/1624 1790/288/1623 1789/290/1634
f 1791/227/1635 1793/233/1636 1792/233/231
f 1791/227/1635 1794/227/1627 1793/233/1636
f 1795/103/1637 1797/100/1638 1796/100/1639
f 1795/103/1637 1798/103/1640 1797/100/1638
f 1799/233/1641 1801/238/1642 1800/238/1643
f 1799/233/1641 1802/233/1644 1801/238/1642
f 1803/100/1645 1805/101/1646 1804/101/1647
f 1803/100/1645 1806/100/1648 1805/101/1646
f 1807/290/1490 1809/292/1649 1808/292/1650
f 1807/290/1490 1810/290/1651 1809/292/1649
f 1811/238/1652 1813/243/1653 1812/243/1654
f 1811/238/1652 1814/238/1642 1813/243/1653
f 1815/101/1655 1817/98/1656 1816/98/1657
f 1815/101/1655 1818/101/1658 1817/98/1656
f 1819/292/1650 1821/293/1659 1820/293/1660
f 1819/292/1650 1822/292/1649 1821/293/1659
f 1823/98/1661 1825/99/1662 1824/99/98
f 1823/98/1661 1826/98/1663 1825/99/1662
f 1827/293/1664 1829/291/1665 1828/291/1666
f 1827/293/1664 1830/293/1667 1829/291/1665
f 1831/243/1668 1833/248/1669 1832/248/1670
f 1831/243/1668 1834/243/1671 1833/248/1669
f 1835/99/1672 1837/96/1673 1836/96/1674
f 1835/99/1672 1838/99/1675 1837/96/1673
f 1839/291/1676 1841/278/1677 1840/278/1678
f 1839/291/1676 1842/291/1665 1841/278/1677
f 1843/248/1679 1845/253/1680 1844/253/1681
f 1843/248/1679 1846/248/1669 1845/253/1680
f 1847/253/1682 1849/232/1683 1848/232/1684
f 1847/253/1682 1850/253/1685 1849/232/1683
f 1851/278/1686 1853/275/1687 1852/275/1688
f 1851/278/1686 1854/278/1689 1853/275/1687
f 1855/275/1690 1857/271/1691 1856/271/1692
f 1855/275/1690 1858/275/1687 1857/271/1691
f 1859/232/1684 1861/226/1693 1860/226/1694
f 1859/232/1684 1862/232/1695 1861/226/1693
f 1863/96/1696 1865/97/1697 1864/97/1698
f 1863/96/1696 1866/96/1699 1865/97/1697
f 1867/271/1700 1869/266/1701 1868/266/1702
f 1867/271/1700 1870/271/1703 1869/266/1701
f 1871/226/1704 1873/220/1705 1872/220/1706
f 1871/226/1704 1874/226/1707 1873/220/1705
f 1875/97/1708 1877/94/1709 1876/94/1710
f 1875/97/1708 1878/97/1711 1877/94/1709
f 1879/266/1702 1881/261/1712 1880/261/1713
f 1879/266/1702 1882/266/1714 1881/261/1712
f 1883/220/1715 1885/214/1716 1884/214/1717
f 1883/220/1715 1886/220/1718 1885/214/1716
f 1887/94/1719 1889/95/1720 1888/95/1721
f 1887/94/1719 1890/94/1722 1889/95/1720
f 1891/261/1723 1893/258/1724 1892/258/1725
f 1891/261/1723 1894/261/1726 1893/258/1724
f 1895/214/1727 1897/208/1728 1896/208/1729
f 1895/214/1727 1898/214/1730 1897/208/1728
f 1899/95/1731 1901/92/1732 1900/92/1733
f 1899/95/1731 1902/95/1734 1901/92/1732
f 1903/258/1735 1905/254/1736 1904/254/1737
f 1903/258/1735 1906/258/1738 1905/254/1736
f 1907/208/1739 1909/204/1740 1908/204/1741
f 1907/208/1739 1910/208/1728 1909/204/1740
f 1911/92/1733 1913/93/1742 1912/93/1743
f 1911/92/1733 1914/92/1732 1913/93/1742
f 1915/254/1744 1917/250/1745 1916/250/1746
f 1915/254/1744 1918/254/1736 1917/250/1745
f 1919/204/1741 1921/194/1747 1920/194/1748
f 1919/204/1741 1922/204/1749 1921/194/1747
f 1923/250/1746 1925/245/1750 1924/245/1751
f 1923/250/1746 1926/250/1752 1925/245/1750
f 1927/194/1753 1929/188/1754 1928/188/1755
f 1927/194/1753 1930/194/1747 1929/188/1754
f 1931/93/1756 1933/90/1757 1932/90/1758
f 1931/93/1756 1934/93/1759 1933/90/1757
f 1935/245/1760 1937/240/1761 1936/240/1762
f 1935/245/1760 1938/245/1750 1937/240/1761
f 1939/188/1755 1941/38/1763 1940/38/1764
f 1939/188/1755 1942/188/1765 1941/38/1763
f 1943/90/1766 1945/91/1767 1944/91/1768
f 1943/90/1766 1946/90/1769 1945/91/1767
f 1947/38/1764 1949/39/1770 1948/39/1771
f 1947/38/1764 1950/38/1763 1949/39/1770
f 1951/91/1772 1953/88/1773 1952/88/1774
f 1951/91/1772 1954/91/1767 1953/88/1773
f 1955/5/1490 1957/2/1775 1956/2/1776
f 1955/5/1490 1958/5/1502 1957/2/1775
f 1959/39/1771 1961/36/1777 1960/36/1778
f 1959/39/1771 1962/39/1770 1961/36/1777
f 1963/88/1779 1965/89/1780 1964/89/1781
f 1963/88/1779 1966/88/1782 1965/89/1780
f 1967/240/1762 1969/235/1783 1968/235/1784
f 1967/240/1762 1970/240/1785 1969/235/1783
f 1971/2/1776 1973/3/1786 1972/3/1787
f 1971/2/1776 1974/2/1775 1973/3/1786
f 1975/36/1778 1977/37/1788 1976/37/1789
f 1975/36/1778 1978/36/1777 1977/37/1788
f 1979/89/1790 1981/86/1791 1980/86/1792
f 1979/89/1790 1982/89/1793 1981/86/1791
f 1983/235/1794 1985/229/1795 1984/229/1796
f 1983/235/1794 1986/235/1797 1985/229/1795
f 1987/3/1787 1989/1/1798 1988/1/1799
f 1987/3/1787 1990/3/1786 1989/1/1798
f 1991/37/1800 1993/34/1801 1992/34/1802
f 1991/37/1800 1994/37/1803 1993/34/1801
f 1995/86/1804 1997/87/1805 1996/87/1806
f 1995/86/1804 1998/86/1807 1997/87/1805
f 1999/229/1808 2001/223/1809 2000/223/1810
f 1999/229/1808 2002/229/1811 2001/223/1809
f 2003/34/1812 2005/35/1813 2004/35/1814
f 2003/34/1812 2006/34/1801 2005/35/1813
f 2007/87/1806 2009/84/1815 2008/84/1816
f 2007/87/1806 2010/87/1805 2009/84/1815
f 2011/223/1810 2013/191/1817 2012/191/1818
f 2011/223/1810 2014/223/1809 2013/191/1817
f 2015/1/1799 2017/187/1819 2016/187/1820
f 2015/1/1799 2018/1/1821 2017/187/1819
f 2019/35/1814 2021/32/1822 2020/32/1823
f 2019/35/1814 2022/35/1824 2021/32/1822
f 2023/84/1825 2025/85/1826 2024/85/1827
f 2023/84/1825 2026/84/1828 2025/85/1826
f 2027/191/1829 2029/151/1830 2028/151/1831
f 2027/191/1829 2030/191/1832 2029/151/1830
f 2031/187/1833 2033/185/1834 2032/185/1835
f 2031/187/1833 2034/187/1836 2033/185/1834
f 2035/85/1827 2037/82/1837 2036/82/1838
f 2035/85/1827 2038/85/1826 2037/82/1837
f 2039/32/1823 2041/33/1839 2040/33/1840
f 2039/32/1823 2042/32/1841 2041/33/1839
f 2043/82/1842 2045/83/1843 2044/83/1844
f 2043/82/1842 2046/82/1845 2045/83/1843
f 2047/151/1846 2049/152/1847 2048/152/1848
f 2047/151/1846 2050/151/1849 2049/152/1847
f 2051/185/1835 2053/186/1850 2052/186/1851
f 2051/185/1835 2054/185/1834 2053/186/1850
f 2055/33/1840 2057/30/1852 2056/30/1853
f 2055/33/1840 2058/33/1854 2057/30/1852
f 2059/83/1855 2061/80/1856 2060/80/1857
f 2059/83/1855 2062/83/1843 2061/80/1856
f 2063/152/1858 2065/149/1859 2064/149/1860
f 2063/152/1858 2066/152/1861 2065/149/1859
f 2067/186/1862 2069/183/1863 2068/183/1864
f 2067/186/1862 2070/186/1865 2069/183/1863
f 2071/30/1866 2073/31/1867 2072/31/1868
f 2071/30/1866 2074/30/1869 2073/31/1867
f 2075/80/1870 2077/81/1871 2076/81/1872
f 2075/80/1870 2078/80/1873 2077/81/1871
f 2079/149/1860 2081/150/1874 2080/150/1875
f 2079/149/1860 2082/149/1876 2081/150/1874
f 2083/183/1864 2085/184/1877 2084/184/1878
f 2083/183/1864 2086/183/1879 2085/184/1877
f 2087/31/1880 2089/28/1881 2088/28/1882
f 2087/31/1880 2090/31/1883 2089/28/1881
f 2091/184/1884 2093/181/1885 2092/181/1886
f 2091/184/1884 2094/184/1877 2093/181/1885
f 2095/28/672 2097/29/1887 2096/29/1888
f 2095/28/672 2098/28/679 2097/29/1887
f 2099/81/1889 2101/79/1890 2100/79/1891
f 2099/81/1889 2102/81/1892 2101/79/1890
f 2103/150/1893 2105/147/1894 2104/147/1895
f 2103/150/1893 2106/150/1896 2105/147/1894
f 2107/181/1897 2109/182/1898 2108/182/1899
f 2107/181/1897 2110/181/1900 2109/182/1898
f 2111/29/1901 2113/26/1902 2112/26/1903
f 2111/29/1901 2114/29/1904 2113/26/1902
f 2115/79/1905 2117/201/1906 2116/201/1907
f 2115/79/1905 2118/79/1908 2117/201/1906
f 2119/147/1909 2121/148/1910 2120/148/1911
f 2119/147/1909 2122/147/1912 2121/148/1910
f 2123/182/1899 2125/179/1913 2124/179/1914
f 2123/182/1899 2126/182/1915 2125/179/1913
f 2127/26/1903 2129/27/1916 2128/27/1917
f 2127/26/1903 2130/26/1918 2129/27/1916
f 2131/201/1907 2133/205/1919 2132/205/1920
f 2131/201/1907 2134/201/1906 2133/205/1919
f 2135/148/1921 2137/145/1922 2136/145/1923
f 2135/148/1921 2138/148/1924 2137/145/1922
f 2139/179/1925 2141/180/1926 2140/180/1927
f 2139/179/1925 2142/179/1928 2141/180/1926
f 2143/27/1929 2145/24/1930 2144/24/1931
f 2143/27/1929 2146/27/1932 2145/24/1930
f 2147/205/1933 2149/257/1934 2148/257/1935
f 2147/205/1933 2150/205/1936 2149/257/1934
f 2151/145/1937 2153/146/1938 2152/146/1939
f 2151/145/1937 2154/145/1922 2153/146/1938
f 2155/180/1940 2157/177/1941 2156/177/1942
f 2155/180/1940 2158/180/1943 2157/177/1941
f 2159/257/1944 2161/260/1945 2160/260/1946
f 2159/257/1944 2162/257/1934 2161/260/1945
f 2163/146/1947 2165/143/1948 2164/143/1949
f 2163/146/1947 2166/146/1938 2165/143/1948
f 2167/260/1946 2169/265/1950 2168/265/1951
f 2167/260/1946 2170/260/1952 2169/265/1950
f 2171/143/1953 2173/144/1954 2172/144/1955
f 2171/143/1953 2174/143/1956 2173/144/1954
f 2175/177/1957 2177/178/1958 2176/178/1959
f 2175/177/1957 2178/177/1941 2177/178/1958
f 2179/265/1960 2181/270/1961 2180/270/1962
f 2179/265/1960 2182/265/1963 2181/270/1961
f 2183/144/1964 2185/141/1965 2184/141/1966
f 2183/144/1964 2186/144/1967 2185/141/1965
f 2187/178/1968 2189/175/1969 2188/175/1970
f 2187/178/1968 2190/178/1971 2189/175/1969
f 2191/24/1931 2193/25/1972 2192/25/1973
f 2191/24/1931 2194/24/1974 2193/25/1972
f 2195/175/1975 2197/176/1976 2196/176/1977
f 2195/175/1975 2198/175/1978 2197/176/1976
f 2199/25/1979 2201/22/1980 2200/22/1981
f 2199/25/1979 2202/25/1982 2201/22/1980
f 2203/270/1983 2205/274/1984 2204/274/1985
f 2203/270/1983 2206/270/1961 2205/274/1984
f 2207/141/1986 2209/142/1987 2208/142/1988
f 2207/141/1986 2210/141/1989 2209/142/1987
f 2211/176/1977 2213/173/1990 2212/173/1991
f 2211/176/1977 2214/176/1992 2213/173/1990
f 2215/274/1985 2217/277/1993 2216/277/1994
f 2215/274/1985 2218/274/1984 2217/277/1993
f 2219/142/1988 2221/139/1995 2220/139/1996
f 2219/142/1988 2222/142/1987 2221/139/1995
f 2223/173/1997 2225/174/1998 2224/174/1999
f 2223/173/1997 2226/173/2000 2225/174/1998
f 2227/22/2001 2229/23/2002 2228/23/2003
f 2227/22/2001 2230/22/2004 2229/23/2002
f 2231/174/1999 2233/172/2005 2232/172/2006
f 2231/174/1999 2234/174/2007 2233/172/2005
f 2235/23/2003 2237/20/2008 2236/20/2009
f 2235/23/2003 2238/23/2002 2237/20/2008
f 2239/277/1994 2241/289/2010 2240/289/2011
f 2239/277/1994 2242/277/2012 2241/289/2010
f 2243/139/2013 2245/140/2014 2244/140/2015
f 2243/139/2013 2246/139/2016 2245/140/2014
f 2247/20/2009 2249/21/2017 2248/21/2018
f 2247/20/2009 2250/20/2019 2249/21/2017
f 2251/289/2020 2253/286/2021 2252/286/2022
f 2251/289/2020 2254/289/2010 2253/286/2021
f 2255/140/2023 2257/137/2024 2256/137/2025
f 2255/140/2023 2258/140/2026 2257/137/2024
f 2259/172/2027 2261/199/2028 2260/199/2029
f 2259/172/2027 2262/172/2030 2261/199/2028
f 2263/286/2031 2265/283/2032 2264/283/2033
f 2263/286/2031 2266/286/2034 2265/283/2032
f 2267/137/2025 2269/138/2035 2268/138/2036
f 2267/137/2025 2270/137/2037 2269/138/2035
f 2271/199/2029 2273/207/2038 2272/207/2039
f 2271/199/2029 2274/199/2040 2273/207/2038
f 2275/21/2041 2277/18/2042 2276/18/2043
f 2275/21/2041 2278/21/2017 2277/18/2042
f 2279/283/2044 2281/280/934 2280/280/2045
f 2279/283/2044 2282/283/2046 2281/280/934
f 2283/138/2047 2285/135/2048 2284/135/2049
f 2283/138/2047 2286/138/2050 2285/135/2048
f 2287/18/2051 2289/19/2052 2288/19/2053
f 2287/18/2051 2290/18/2042 2289/19/2052
f 2291/280/2045 2293/276/2054 2292/276/2055
f 2291/280/2045 2294/280/934 2293/276/2054
f 2295/135/2049 2297/136/1634 2296/136/2056
f 2295/135/2049 2298/135/2057 2297/136/1634
f 2299/207/2058 2301/213/2059 2300/213/2060
f 2299/207/2058 2302/207/2061 2301/213/2059
f 2303/276/2055 2305/273/2062 2304/273/2063
f 2303/276/2055 2306/276/2064 2305/273/2062
f 2307/136/2065 2309/134/2066 2308/134/2067
f 2307/136/2065 2310/136/1489 2309/134/2066
f 2311/213/2068 2313/219/2069 2312/219/2070
f 2311/213/2068 2314/213/2059 2313/219/2069
f 2315/19/2071 2317/16/2072 2316/16/2073
f 2315/19/2071 2318/19/2074 2317/16/2072
f 2319/134/2067 2321/197/2075 2320/197/2076
f 2319/134/2067 2322/134/2066 2321/197/2075
f 2323/219/2070 2325/225/2077 2324/225/2078
f 2323/219/2070 2326/219/2069 2325/225/2077
f 2327/16/2079 2329/17/2080 2328/17/2081
f 2327/16/2079 2330/16/2072 2329/17/2080
f 2331/273/2063 2333/269/2082 2332/269/2083
f 2331/273/2063 2334/273/2084 2333/269/2082
f 2335/225/2085 2337/231/2086 2336/231/2087
f 2335/225/2085 2338/225/2088 2337/231/2086
f 2339/17/2089 2341/14/2090 2340/14/2091
f 2339/17/2089 2342/17/2080 2341/14/2090
f 2343/269/2083 2345/264/2092 2344/264/2093
f 2343/269/2083 2346/269/2082 2345/264/2092
f 2347/231/2087 2349/237/2094 2348/237/2095
f 2347/231/2087 2350/231/2086 2349/237/2094
f 2351/14/2091 2353/15/2096 2352/15/2097
f 2351/14/2091 2354/14/2098 2353/15/2096
f 2355/264/2099 2357/77/2100 2356/77/2101
f 2355/264/2099 2358/264/2102 2357/77/2100
f 2359/197/2103 2361/206/2104 2360/206/2105
f 2359/197/2103 2362/197/2106 2361/206/2104
f 2363/237/2107 2365/242/2108 2364/242/2109
f 2363/237/2107 2366/237/2110 2365/242/2108
f 2367/15/2111 2369/12/2112 2368/12/2113
f 2367/15/2111 2370/15/2114 2369/12/2112
f 2371/77/2115 2373/78/2116 2372/78/2117
f 2371/77/2115 2374/77/2118 2373/78/2116
f 2375/206/2105 2377/211/2119 2376/211/2120
f 2375/206/2105 2378/206/2104 2377/211/2119
f 2379/242/2121 2381/247/2122 2380/247/2123
f 2379/242/2121 2382/242/2124 2381/247/2122
f 2383/12/2113 2385/13/2125 2384/13/2126
f 2383/12/2113 2386/12/2127 2385/13/2125
f 2387/78/2128 2389/75/2129 2388/75/2130
f 2387/78/2128 2390/78/2131 2389/75/2129
f 2391/211/2132 2393/217/2133 2392/217/2134
f 2391/211/2132 2394/211/2135 2393/217/2133
f 2395/247/2136 2397/252/2137 2396/252/2138
f 2395/247/2136 2398/247/2139 2397/252/2137
f 2399/13/2140 2401/10/2141 2400/10/2142
f 2399/13/2140 2402/13/2143 2401/10/2141
f 2403/75/2144 2405/76/2145 2404/76/2146
f 2403/75/2144 2406/75/2129 2405/76/2145
f 2407/217/2134 2409/287/2147 2408/287/2148
f 2407/217/2134 2410/217/2149 2409/287/2147
f 2411/252/2150 2413/256/2151 2412/256/2152
f 2411/252/2150 2414/252/2137 2413/256/2151
f 2415/76/2153 2417/73/2154 2416/73/2155
f 2415/76/2153 2418/76/2156 2417/73/2154
f 2419/287/2148 2421/284/2157 2420/284/2158
f 2419/287/2148 2422/287/2159 2421/284/2157
f 2423/256/2160 2425/263/2161 2424/263/2162
f 2423/256/2160 2426/256/2151 2425/263/2161
f 2427/10/2163 2429/11/2164 2428/11/2165
f 2427/10/2163 2430/10/2166 2429/11/2164
f 2431/73/2167 2433/74/2168 2432/74/2169
f 2431/73/2167 2434/73/2170 2433/74/2168
f 2435/284/2171 2437/281/2172 2436/281/2173
f 2435/284/2171 2438/284/2157 2437/281/2172
f 2439/263/2174 2441/268/2175 2440/268/2176
f 2439/263/2174 2442/263/2177 2441/268/2175
f 2443/11/2178 2445/8/2179 2444/8/2180
f 2443/11/2178 2446/11/2181 2445/8/2179
f 2447/281/2173 2449/249/2182 2448/249/2183
f 2447/281/2173 2450/281/2172 2449/249/2182
f 2451/268/2184 2453/272/2185 2452/272/2186
f 2451/268/2184 2454/268/2187 2453/272/2185
f 2455/8/2188 2457/9/2189 2456/9/2190
f 2455/8/2188 2458/8/2191 2457/9/2189
f 2459/74/2169 2461/71/2192 2460/71/2193
f 2459/74/2169 2462/74/2194 2461/71/2192
f 2463/249/2195 2465/244/2196 2464/244/2197
f 2463/249/2195 2466/249/2198 2465/244/2196
f 2467/272/2186 2469/267/2199 2468/267/2200
f 2467/272/2186 2470/272/2201 2469/267/2199
f 2471/9/2202 2473/6/2203 2472/6/2204
f 2471/9/2202 2474/9/2205 2473/6/2203
f 2475/71/2206 2477/72/2207 2476/72/2208
f 2475/71/2206 2478/71/2192 2477/72/2207
f 2479/244/2209 2481/239/2210 2480/239/2211
f 2479/244/2209 2482/244/2196 2481/239/2210
f 2483/6/2212 2485/7/2213 2484/7/2214
f 2483/6/2212 2486/6/2203 2485/7/2213
f 2487/72/2208 2489/69/2215 2488/69/2216
f 2487/72/2208 2490/72/2207 2489/69/2215
f 2491/239/2217 2493/234/2218 2492/234/2219
f 2491/239/2217 2494/239/2210 2493/234/2218
f 2495/267/2220 2497/203/2221 2496/203/2222
f 2495/267/2220 2498/267/2223 2497/203/2221
f 2499/7/2224 2501/4/2225 2500/4/2226
f 2499/7/2224 2502/7/2213 2501/4/2225
f 2503/69/2227 2505/70/2228 2504/70/2229
f 2503/69/2227 2506/69/2215 2505/70/2228
f 2507/203/2222 2509/192/2230 2508/192/2231
f 2507/203/2222 2510/203/2232 2509/192/2230
f 2511/4/2233 2513/5/1489 2512/5/1490
f 2511/4/2233 2514/4/2234 2513/5/1489
f 2515/70/2235 2517/67/2236 2516/67/2237
f 2515/70/2235 2518/70/2238 2517/67/2236
f 2519/234/2239 2521/228/2240 2520/228/2241
f 2519/234/2239 2522/234/2242 2521/228/2240
f 2523/192/2243 2525/170/2244 2524/170/2245
f 2523/192/2243 2526/192/2246 2525/170/2244
f 2527/228/2247 2529/222/2248 2528/222/2249
f 2527/228/2247 2530/228/2240 2529/222/2248
f 2531/67/2250 2533/68/2251 2532/68/2252
f 2531/67/2250 2534/67/2253 2533/68/2251
f 2535/222/2249 2537/216/2254 2536/216/2255
f 2535/222/2249 2538/222/2256 2537/216/2254
f 2539/170/2245 2541/171/2257 2540/171/2258
f 2539/170/2245 2542/170/2244 2541/171/2257
f 2543/68/2259 2545/65/2260 2544/65/2261
f 2543/68/2259 2546/68/2262 2545/65/2260
f 2547/216/2263 2549/210/2264 2548/210/2265
f 2547/216/2263 2550/216/2266 2549/210/2264
f 2551/171/2267 2553/168/2268 2552/168/2269
f 2551/171/2267 2554/171/2257 2553/168/2268
f 2555/65/2261 2557/66/2270 2556/66/2271
f 2555/65/2261 2558/65/2260 2557/66/2270
f 2559/210/2272 2561/196/2273 2560/196/2274
f 2559/210/2272 2562/210/2275 2561/196/2273
f 2563/168/2269 2565/169/2276 2564/169/2277
f 2563/168/2269 2566/168/2278 2565/169/2276
f 2567/66/2279 2569/63/2280 2568/63/2281
f 2567/66/2279 2570/66/2282 2569/63/2280
f 2571/196/2283 2573/190/2284 2572/190/2285
f 2571/196/2283 2574/196/2286 2573/190/2284
f 2575/169/2287 2577/166/2288 2576/166/2289
f 2575/169/2287 2578/169/2276 2577/166/2288
f 2579/63/2281 2581/64/2290 2580/64/2291
f 2579/63/2281 2582/63/2292 2581/64/2290
f 2583/190/2293 2585/132/2294 2584/132/1829
f 2583/190/2293 2586/190/2294 2585/132/2294
f 2587/166/2295 2589/167/2296 2588/167/2297
f 2587/166/2295 2590/166/2288 2589/167/2296
f 2591/64/2291 2593/61/2298 2592/61/2299
f 2591/64/2291 2594/64/2300 2593/61/2298
f 2595/167/2301 2597/164/2302 2596/164/2303
f 2595/167/2301 2598/167/2296 2597/164/2302
f 2599/61/2304 2601/62/2305 2600/62/2306
f 2599/61/2304 2602/61/2307 2601/62/2305
f 2603/132/1818 2605/133/2308 2604/133/2309
f 2603/132/1818 2606/132/2294 2605/133/2308
f 2607/164/2310 2609/165/2311 2608/165/2312
f 2607/164/2310 2610/164/2313 2609/165/2311
f 2611/62/2306 2613/59/1871 2612/59/1872
f 2611/62/2306 2614/62/2314 2613/59/1871
f 2615/133/2315 2617/130/2316 2616/130/2317
f 2615/133/2315 2618/133/2318 2617/130/2316
f 2619/165/2319 2621/162/2320 2620/162/2321
f 2619/165/2319 2622/165/2322 2621/162/2320
f 2623/130/2323 2625/131/2324 2624/131/2325
f 2623/130/2323 2626/130/2326 2625/131/2324
f 2627/162/2327 2629/163/2328 2628/163/2329
f 2627/162/2327 2630/162/2330 2629/163/2328
f 2631/59/1889 2633/60/2331 2632/60/1364
f 2631/59/1889 2634/59/1892 2633/60/2331
