v -0.855961 0.015823 0.137488
v -0.848229 0.015841 0.134248
v -0.848229 0.015864 0.129943
v -0.855961 0.015823 0.137488
v -0.841655 0.015841 0.134248
v -0.848229 0.015841 0.134248
v -0.855961 0.015823 0.137488
v -0.841655 0.015821 0.137951
v -0.841655 0.015841 0.134248
v -0.855961 0.015821 0.137951
v -0.841655 0.015821 0.137951
v -0.855961 0.015823 0.137488
v -0.85235 0.015821 0.137951
v -0.841655 0.015821 0.137951
v -0.855961 0.015821 0.137951
v -0.85235 0.015761 0.148924
v -0.848229 0.015821 0.137951
v -0.85235 0.015821 0.137951
v -0.848229 0.015821 0.137951
v -0.841655 0.015821 0.137951
v -0.85235 0.015821 0.137951
v -0.85235 0.015761 0.148924
v -0.848229 0.015763 0.1486
v -0.848229 0.015821 0.137951
v -0.85235 0.015761 0.148924
v -0.848194 0.015759 0.149176
v -0.848229 0.015763 0.1486
v -0.852303 0.015756 0.14984
v -0.848194 0.015759 0.149176
v -0.85235 0.015761 0.148924
v -0.852303 0.015756 0.14984
v -0.848094 0.015757 0.149685
v -0.848194 0.015759 0.149176
v -0.852303 0.015756 0.14984
v -0.847936 0.015754 0.150127
v -0.848094 0.015757 0.149685
v -0.852161 0.015751 0.150709
v -0.847936 0.015754 0.150127
v -0.852303 0.015756 0.14984
v -0.852161 0.015751 0.150709
v -0.847729 0.015752 0.150506
v -0.847936 0.015754 0.150127
v -0.841004 0.015752 0.150464
v -0.840591 0.015733 0.154062
v -0.840591 0.015754 0.15022
v -0.841413 0.015751 0.150687
v -0.840591 0.015733 0.154062
v -0.841004 0.015752 0.150464
v -0.852161 0.015751 0.150709
v -0.847481 0.015751 0.150827
v -0.847729 0.015752 0.150506
v -0.841816 0.01575 0.150888
v -0.840591 0.015733 0.154062
v -0.841413 0.015751 0.150687
v -0.851925 0.015747 0.151525
v -0.847481 0.015751 0.150827
v -0.852161 0.015751 0.150709
v -0.851925 0.015747 0.151525
v -0.847199 0.015749 0.151093
v -0.847481 0.015751 0.150827
v -0.842214 0.015749 0.151068
v -0.840591 0.015733 0.154062
v -0.841816 0.01575 0.150888
v -0.842608 0.015748 0.151228
v -0.840591 0.015733 0.154062
v -0.842214 0.015749 0.151068
v -0.851925 0.015747 0.151525
v -0.846893 0.015748 0.151309
v -0.847199 0.015749 0.151093
v -0.842998 0.015748 0.151366
v -0.840591 0.015733 0.154062
v -0.842608 0.015748 0.151228
v -0.851925 0.015747 0.151525
v -0.84657 0.015747 0.151477
v -0.846893 0.015748 0.151309
v -0.843384 0.015747 0.151482
v -0.840591 0.015733 0.154062
v -0.842998 0.015748 0.151366
v -0.851925 0.015747 0.151525
v -0.846237 0.015746 0.1516
v -0.84657 0.015747 0.151477
v -0.843766 0.015746 0.151578
v -0.840591 0.015733 0.154062
v -0.843384 0.015747 0.151482
v -0.851595 0.015743 0.152283
v -0.846237 0.015746 0.1516
v -0.851925 0.015747 0.151525
v -0.844145 0.015746 0.151652
v -0.840591 0.015733 0.154062
v -0.843766 0.015746 0.151578
v -0.851595 0.015743 0.152283
v -0.845904 0.015746 0.151684
v -0.846237 0.015746 0.1516
v -0.844521 0.015746 0.151705
v -0.840591 0.015733 0.154062
v -0.844145 0.015746 0.151652
v -0.851595 0.015743 0.152283
v -0.845578 0.015746 0.151733
v -0.845904 0.015746 0.151684
v -0.844895 0.015746 0.151737
v -0.840591 0.015733 0.154062
v -0.844521 0.015746 0.151705
v -0.851595 0.015743 0.152283
v -0.845266 0.015745 0.151747
v -0.845578 0.015746 0.151733
v -0.845266 0.015745 0.151747
v -0.840591 0.015733 0.154062
v -0.844895 0.015746 0.151737
v -0.851595 0.015743 0.152283
v -0.840591 0.015733 0.154062
v -0.845266 0.015745 0.151747
v -0.851172 0.015739 0.152974
v -0.840591 0.015733 0.154062
v -0.851595 0.015743 0.152283
v -0.850654 0.015735 0.153593
v -0.840591 0.015733 0.154062
v -0.851172 0.015739 0.152974
v -0.850043 0.015732 0.154135
v -0.840591 0.015733 0.154062
v -0.850654 0.015735 0.153593
v -0.850043 0.015732 0.154135
v -0.840965 0.015732 0.154255
v -0.840591 0.015733 0.154062
v -0.849339 0.01573 0.154592
v -0.840965 0.015732 0.154255
v -0.850043 0.015732 0.154135
v -0.849339 0.01573 0.154592
v -0.841366 0.015731 0.154438
v -0.840965 0.015732 0.154255
v -0.849339 0.01573 0.154592
v -0.841788 0.01573 0.154611
v -0.841366 0.015731 0.154438
v -0.848541 0.015728 0.154959
v -0.841788 0.01573 0.154611
v -0.849339 0.01573 0.154592
v -0.848541 0.015728 0.154959
v -0.842226 0.015729 0.154772
v -0.841788 0.01573 0.154611
v -0.848541 0.015728 0.154959
v -0.842674 0.015728 0.15492
v -0.842226 0.015729 0.154772
v -0.848541 0.015728 0.154959
v -0.843125 0.015727 0.155051
v -0.842674 0.015728 0.15492
v -0.847651 0.015727 0.155228
v -0.843125 0.015727 0.155051
v -0.848541 0.015728 0.154959
v -0.847651 0.015727 0.155228
v -0.843575 0.015727 0.155168
v -0.843125 0.015727 0.155051
v -0.847651 0.015727 0.155228
v -0.844017 0.015726 0.155266
v -0.843575 0.015727 0.155168
v -0.846667 0.015726 0.155394
v -0.844017 0.015726 0.155266
v -0.847651 0.015727 0.155228
v -0.846667 0.015726 0.155394
v -0.844445 0.015726 0.155345
v -0.844017 0.015726 0.155266
v -0.846667 0.015726 0.155394
v -0.844854 0.015726 0.155403
v -0.844445 0.015726 0.155345
v -0.845591 0.015725 0.155451
v -0.844854 0.015726 0.155403
v -0.846667 0.015726 0.155394
v -0.845591 0.015725 0.155451
v -0.845238 0.015725 0.155438
v -0.844854 0.015726 0.155403
v -0.857741 0.015902 0.123085
v -0.856315 0.015902 0.12303
v -0.85705 0.015902 0.123025
v -0.857741 0.015902 0.123085
v -0.855536 0.015902 0.123102
v -0.856315 0.015902 0.12303
v -0.858391 0.015901 0.123207
v -0.855536 0.015902 0.123102
v -0.857741 0.015902 0.123085
v -0.858391 0.015901 0.123207
v -0.854708 0.015901 0.123245
v -0.855536 0.015902 0.123102
v -0.859003 0.0159 0.123385
v -0.854708 0.015901 0.123245
v -0.858391 0.015901 0.123207
v -0.859003 0.0159 0.123385
v -0.853831 0.0159 0.123461
v -0.854708 0.015901 0.123245
v -0.859579 0.015899 0.123618
v -0.853831 0.0159 0.123461
v -0.859003 0.0159 0.123385
v -0.859579 0.015899 0.123618
v -0.853831 0.015878 0.127488
v -0.853831 0.0159 0.123461
v -0.86012 0.015897 0.123903
v -0.853831 0.015878 0.127488
v -0.859579 0.015899 0.123618
v -0.86063 0.015895 0.124237
v -0.853831 0.015878 0.127488
v -0.86012 0.015897 0.123903
v -0.86111 0.015893 0.124615
v -0.853831 0.015878 0.127488
v -0.86063 0.015895 0.124237
v -0.861563 0.015891 0.125035
v -0.854309 0.015879 0.127313
v -0.86111 0.015893 0.124615
v -0.854309 0.015879 0.127313
v -0.854158 0.015878 0.127365
v -0.86111 0.015893 0.124615
v -0.854158 0.015878 0.127365
v -0.853999 0.015878 0.127423
v -0.86111 0.015893 0.124615
v -0.853999 0.015878 0.127423
v -0.853831 0.015878 0.127488
v -0.86111 0.015893 0.124615
v -0.861965 0.015889 0.125458
v -0.854598 0.015879 0.127231
v -0.861563 0.015891 0.125035
v -0.854598 0.015879 0.127231
v -0.854455 0.015879 0.127269
v -0.861563 0.015891 0.125035
v -0.854455 0.015879 0.127269
v -0.854309 0.015879 0.127313
v -0.861563 0.015891 0.125035
v -0.862337 0.015886 0.1259
v -0.854882 0.015879 0.127173
v -0.861965 0.015889 0.125458
v -0.854882 0.015879 0.127173
v -0.85474 0.015879 0.1272
v -0.861965 0.015889 0.125458
v -0.85474 0.015879 0.1272
v -0.854598 0.015879 0.127231
v -0.861965 0.015889 0.125458
v -0.862678 0.015884 0.126366
v -0.855028 0.015879 0.127153
v -0.862337 0.015886 0.1259
v -0.855028 0.015879 0.127153
v -0.854882 0.015879 0.127173
v -0.862337 0.015886 0.1259
v -0.862988 0.015881 0.126863
v -0.855504 0.01588 0.12712
v -0.862678 0.015884 0.126366
v -0.855504 0.01588 0.12712
v -0.855337 0.01588 0.127127
v -0.862678 0.015884 0.126366
v -0.855337 0.01588 0.127127
v -0.855179 0.01588 0.127137
v -0.862678 0.015884 0.126366
v -0.855179 0.01588 0.127137
v -0.855028 0.015879 0.127153
v -0.862678 0.015884 0.126366
v -0.863264 0.015878 0.127397
v -0.855683 0.01588 0.127118
v -0.862988 0.015881 0.126863
v -0.855683 0.01588 0.127118
v -0.855504 0.01588 0.12712
v -0.862988 0.015881 0.126863
v -0.863264 0.015878 0.127397
v -0.85647 0.015879 0.127158
v -0.855683 0.01588 0.127118
v -0.863264 0.015878 0.127397
v -0.857166 0.015879 0.127277
v -0.85647 0.015879 0.127158
v -0.863264 0.015878 0.127397
v -0.857777 0.015878 0.127472
v -0.857166 0.015879 0.127277
v -0.863507 0.015875 0.127974
v -0.857777 0.015878 0.127472
v -0.863264 0.015878 0.127397
v -0.863507 0.015875 0.127974
v -0.858305 0.015876 0.127741
v -0.857777 0.015878 0.127472
v -0.863507 0.015875 0.127974
v -0.858755 0.015874 0.128081
v -0.858305 0.015876 0.127741
v -0.863715 0.015872 0.128603
v -0.858755 0.015874 0.128081
v -0.863507 0.015875 0.127974
v -0.863715 0.015872 0.128603
v -0.859132 0.015872 0.128489
v -0.858755 0.015874 0.128081
v -0.863715 0.015872 0.128603
v -0.85944 0.01587 0.128965
v -0.859132 0.015872 0.128489
v -0.863888 0.015868 0.129287
v -0.85944 0.01587 0.128965
v -0.863715 0.015872 0.128603
v -0.863888 0.015868 0.129287
v -0.859682 0.015867 0.129505
v -0.85944 0.01587 0.128965
v -0.864024 0.015864 0.130035
v -0.859682 0.015867 0.129505
v -0.863888 0.015868 0.129287
v -0.864024 0.015864 0.130035
v -0.859863 0.015863 0.130106
v -0.859682 0.015867 0.129505
v -0.864122 0.015859 0.130852
v -0.859863 0.015863 0.130106
v -0.864024 0.015864 0.130035
v -0.864122 0.015859 0.130852
v -0.859987 0.01586 0.130767
v -0.859863 0.015863 0.130106
v -0.864122 0.015859 0.130852
v -0.860058 0.015856 0.131485
v -0.859987 0.01586 0.130767
v -0.864181 0.015854 0.131745
v -0.860058 0.015856 0.131485
v -0.864122 0.015859 0.130852
v -0.864181 0.015854 0.131745
v -0.860081 0.015852 0.132257
v -0.860058 0.015856 0.131485
v -0.864202 0.015849 0.13272
v -0.860081 0.015852 0.132257
v -0.864181 0.015854 0.131745
v -0.864202 0.015849 0.13272
v -0.860081 0.015841 0.134248
v -0.860081 0.015852 0.132257
v -0.864202 0.015841 0.134248
v -0.860081 0.015841 0.134248
v -0.864202 0.015849 0.13272
v -0.867118 0.015821 0.137951
v -0.864202 0.015841 0.134248
v -0.867118 0.015841 0.134248
v -0.867118 0.015821 0.137951
v -0.860081 0.015841 0.134248
v -0.864202 0.015841 0.134248
v -0.867118 0.015821 0.137951
v -0.856331 0.015841 0.134248
v -0.860081 0.015841 0.134248
v -0.867118 0.015821 0.137951
v -0.856331 0.015821 0.137951
v -0.856331 0.015841 0.134248
v -0.864202 0.015821 0.137951
v -0.856331 0.015821 0.137951
v -0.867118 0.015821 0.137951
v -0.864202 0.015728 0.155034
v -0.860081 0.015821 0.137951
v -0.864202 0.015821 0.137951
v -0.860081 0.015821 0.137951
v -0.856331 0.015821 0.137951
v -0.864202 0.015821 0.137951
v -0.864202 0.015728 0.155034
v -0.860081 0.015728 0.155034
v -0.860081 0.015821 0.137951
v -0.872911 0.015888 0.12552
v -0.872251 0.015888 0.12552
v -0.872581 0.015888 0.125498
v -0.873229 0.015888 0.125586
v -0.872251 0.015888 0.12552
v -0.872911 0.015888 0.12552
v -0.873229 0.015888 0.125586
v -0.871933 0.015888 0.125586
v -0.872251 0.015888 0.12552
v -0.873531 0.015887 0.125693
v -0.871933 0.015888 0.125586
v -0.873229 0.015888 0.125586
v -0.873531 0.015887 0.125693
v -0.871631 0.015887 0.125693
v -0.871933 0.015888 0.125586
v -0.873814 0.015887 0.125835
v -0.871631 0.015887 0.125693
v -0.873531 0.015887 0.125693
v -0.873814 0.015887 0.125835
v -0.871348 0.015887 0.125835
v -0.871631 0.015887 0.125693
v -0.874075 0.015886 0.126013
v -0.871348 0.015887 0.125835
v -0.873814 0.015887 0.125835
v -0.874075 0.015886 0.126013
v -0.871087 0.015886 0.126013
v -0.871348 0.015887 0.125835
v -0.874311 0.015885 0.126221
v -0.871087 0.015886 0.126013
v -0.874075 0.015886 0.126013
v -0.874311 0.015885 0.126221
v -0.870851 0.015885 0.126221
v -0.871087 0.015886 0.126013
v -0.87452 0.015883 0.126457
v -0.870851 0.015885 0.126221
v -0.874311 0.015885 0.126221
v -0.87452 0.015883 0.126457
v -0.870643 0.015883 0.126457
v -0.870851 0.015885 0.126221
v -0.874697 0.015882 0.126719
v -0.870643 0.015883 0.126457
v -0.87452 0.015883 0.126457
v -0.874697 0.015882 0.126719
v -0.870465 0.015882 0.126719
v -0.870643 0.015883 0.126457
v -0.87484 0.01588 0.127002
v -0.870465 0.015882 0.126719
v -0.874697 0.015882 0.126719
v -0.87484 0.01588 0.127002
v -0.870322 0.01588 0.127002
v -0.870465 0.015882 0.126719
v -0.874946 0.015879 0.127303
v -0.870322 0.01588 0.127002
v -0.87484 0.01588 0.127002
v -0.874946 0.015879 0.127303
v -0.870216 0.015879 0.127303
v -0.870322 0.01588 0.127002
v -0.875012 0.015877 0.127621
v -0.870216 0.015879 0.127303
v -0.874946 0.015879 0.127303
v -0.875012 0.015877 0.127621
v -0.87015 0.015877 0.127621
v -0.870216 0.015879 0.127303
v -0.875035 0.015875 0.127952
v -0.87015 0.015877 0.127621
v -0.875012 0.015877 0.127621
v -0.875035 0.015875 0.127952
v -0.870127 0.015875 0.127952
v -0.87015 0.015877 0.127621
v -0.875012 0.015873 0.128282
v -0.870127 0.015875 0.127952
v -0.875035 0.015875 0.127952
v -0.875012 0.015873 0.128282
v -0.87015 0.015873 0.128282
v -0.870127 0.015875 0.127952
v -0.874946 0.015872 0.128599
v -0.87015 0.015873 0.128282
v -0.875012 0.015873 0.128282
v -0.874946 0.015872 0.128599
v -0.870216 0.015872 0.128599
v -0.87015 0.015873 0.128282
v -0.87484 0.01587 0.128901
v -0.870216 0.015872 0.128599
v -0.874946 0.015872 0.128599
v -0.87484 0.01587 0.128901
v -0.870322 0.01587 0.128901
v -0.870216 0.015872 0.128599
v -0.874697 0.015868 0.129184
v -0.870322 0.01587 0.128901
v -0.87484 0.01587 0.128901
v -0.874697 0.015868 0.129184
v -0.870465 0.015868 0.129184
v -0.870322 0.01587 0.128901
v -0.87452 0.015867 0.129445
v -0.870465 0.015868 0.129184
v -0.874697 0.015868 0.129184
v -0.87452 0.015867 0.129445
v -0.870643 0.015867 0.129445
v -0.870465 0.015868 0.129184
v -0.874311 0.015866 0.129682
v -0.870643 0.015867 0.129445
v -0.87452 0.015867 0.129445
v -0.874311 0.015866 0.129682
v -0.870851 0.015866 0.129682
v -0.870643 0.015867 0.129445
v -0.874075 0.015865 0.12989
v -0.870851 0.015866 0.129682
v -0.874311 0.015866 0.129682
v -0.874075 0.015865 0.12989
v -0.871087 0.015865 0.12989
v -0.870851 0.015866 0.129682
v -0.873814 0.015864 0.130067
v -0.871087 0.015865 0.12989
v -0.874075 0.015865 0.12989
v -0.873814 0.015864 0.130067
v -0.871348 0.015864 0.130067
v -0.871087 0.015865 0.12989
v -0.873531 0.015863 0.130211
v -0.871348 0.015864 0.130067
v -0.873814 0.015864 0.130067
v -0.873531 0.015863 0.130211
v -0.871631 0.015863 0.130211
v -0.871348 0.015864 0.130067
v -0.873229 0.015862 0.130316
v -0.871631 0.015863 0.130211
v -0.873531 0.015863 0.130211
v -0.873229 0.015862 0.130316
v -0.871933 0.015862 0.130316
v -0.871631 0.015863 0.130211
v -0.872911 0.015862 0.130382
v -0.871933 0.015862 0.130316
v -0.873229 0.015862 0.130316
v -0.872911 0.015862 0.130382
v -0.872251 0.015862 0.130382
v -0.871933 0.015862 0.130316
v -0.872581 0.015862 0.130405
v -0.872251 0.015862 0.130382
v -0.872911 0.015862 0.130382
v -0.874664 0.015728 0.155034
v -0.870544 0.015841 0.134248
v -0.874664 0.015841 0.134248
v -0.874664 0.015728 0.155034
v -0.870544 0.015728 0.155034
v -0.870544 0.015841 0.134248
v -0.897998 0.015728 0.155034
v -0.893877 0.0159 0.123461
v -0.897998 0.0159 0.123461
v -0.897998 0.015728 0.155034
v -0.893877 0.015826 0.136979
v -0.893877 0.0159 0.123461
v -0.888159 0.015843 0.133855
v -0.886586 0.015843 0.133889
v -0.887581 0.015843 0.133831
v -0.888735 0.015843 0.133926
v -0.886586 0.015843 0.133889
v -0.888159 0.015843 0.133855
v -0.888735 0.015843 0.133926
v -0.885642 0.015842 0.134063
v -0.886586 0.015843 0.133889
v -0.889306 0.015842 0.134043
v -0.885642 0.015842 0.134063
v -0.888735 0.015843 0.133926
v -0.889868 0.015841 0.134205
v -0.885642 0.015842 0.134063
v -0.889306 0.015842 0.134043
v -0.889868 0.015841 0.134205
v -0.884756 0.01584 0.134354
v -0.885642 0.015842 0.134063
v -0.890421 0.01584 0.134411
v -0.884756 0.01584 0.134354
v -0.889868 0.015841 0.134205
v -0.890421 0.01584 0.134411
v -0.883934 0.015838 0.134762
v -0.884756 0.01584 0.134354
v -0.890961 0.015839 0.134659
v -0.883934 0.015838 0.134762
v -0.890421 0.01584 0.134411
v -0.891485 0.015837 0.134949
v -0.883934 0.015838 0.134762
v -0.890961 0.015839 0.134659
v -0.891485 0.015837 0.134949
v -0.883184 0.015835 0.135288
v -0.883934 0.015838 0.134762
v -0.891991 0.015835 0.135278
v -0.883184 0.015835 0.135288
v -0.891485 0.015837 0.134949
v -0.892477 0.015833 0.135648
v -0.883184 0.015835 0.135288
v -0.891991 0.015835 0.135278
v -0.892477 0.015833 0.135648
v -0.882512 0.015832 0.135932
v -0.883184 0.015835 0.135288
v -0.892939 0.015831 0.136055
v -0.882512 0.015832 0.135932
v -0.892477 0.015833 0.135648
v -0.892939 0.015831 0.136055
v -0.881924 0.015827 0.136695
v -0.882512 0.015832 0.135932
v -0.893376 0.015829 0.136499
v -0.881924 0.015827 0.136695
v -0.892939 0.015831 0.136055
v -0.893785 0.015826 0.136979
v -0.881924 0.015827 0.136695
v -0.893376 0.015829 0.136499
v -0.893785 0.015826 0.136979
v -0.888692 0.015825 0.137118
v -0.881924 0.015827 0.136695
v -0.888692 0.015825 0.137118
v -0.881429 0.015823 0.137576
v -0.881924 0.015827 0.136695
v -0.897998 0.015728 0.155034
v -0.893785 0.015826 0.136979
v -0.893877 0.015826 0.136979
v -0.897998 0.015728 0.155034
v -0.893877 0.015809 0.140127
v -0.893785 0.015826 0.136979
v -0.893877 0.015809 0.140127
v -0.893401 0.015812 0.139611
v -0.893785 0.015826 0.136979
v -0.893401 0.015812 0.139611
v -0.892943 0.015814 0.139149
v -0.893785 0.015826 0.136979
v -0.892943 0.015814 0.139149
v -0.892501 0.015816 0.138739
v -0.893785 0.015826 0.136979
v -0.892501 0.015816 0.138739
v -0.89207 0.015818 0.13838
v -0.893785 0.015826 0.136979
v -0.89207 0.015818 0.13838
v -0.891648 0.01582 0.13807
v -0.893785 0.015826 0.136979
v -0.891648 0.01582 0.13807
v -0.891233 0.015821 0.137807
v -0.893785 0.015826 0.136979
v -0.891233 0.015821 0.137807
v -0.89082 0.015823 0.137589
v -0.893785 0.015826 0.136979
v -0.89082 0.015823 0.137589
v -0.890407 0.015824 0.137415
v -0.893785 0.015826 0.136979
v -0.890407 0.015824 0.137415
v -0.889991 0.015824 0.137283
v -0.893785 0.015826 0.136979
v -0.889991 0.015824 0.137283
v -0.889568 0.015825 0.13719
v -0.893785 0.015826 0.136979
v -0.889568 0.015825 0.13719
v -0.889136 0.015825 0.137136
v -0.893785 0.015826 0.136979
v -0.889136 0.015825 0.137136
v -0.888692 0.015825 0.137118
v -0.893785 0.015826 0.136979
v -0.888087 0.015825 0.137159
v -0.881429 0.015823 0.137576
v -0.888692 0.015825 0.137118
v -0.887522 0.015824 0.137279
v -0.881429 0.015823 0.137576
v -0.888087 0.015825 0.137159
v -0.887001 0.015823 0.137477
v -0.881429 0.015823 0.137576
v -0.887522 0.015824 0.137279
v -0.886525 0.015822 0.137747
v -0.881429 0.015823 0.137576
v -0.887001 0.015823 0.137477
v -0.886525 0.015822 0.137747
v -0.881032 0.015817 0.138577
v -0.881429 0.015823 0.137576
v -0.886096 0.01582 0.138088
v -0.881032 0.015817 0.138577
v -0.886525 0.015822 0.137747
v -0.885718 0.015818 0.138496
v -0.881032 0.015817 0.138577
v -0.886096 0.01582 0.138088
v -0.885391 0.015815 0.138967
v -0.881032 0.015817 0.138577
v -0.885718 0.015818 0.138496
v -0.885391 0.015815 0.138967
v -0.88074 0.015811 0.139699
v -0.881032 0.015817 0.138577
v -0.885119 0.015812 0.139498
v -0.88074 0.015811 0.139699
v -0.885391 0.015815 0.138967
v -0.884903 0.015809 0.140087
v -0.88074 0.015811 0.139699
v -0.885119 0.015812 0.139498
v -0.884903 0.015809 0.140087
v -0.880559 0.015804 0.14094
v -0.88074 0.015811 0.139699
v -0.884746 0.015806 0.14073
v -0.880559 0.015804 0.14094
v -0.884903 0.015809 0.140087
v -0.897998 0.015728 0.155034
v -0.893877 0.015728 0.155034
v -0.893877 0.015809 0.140127
v -0.88465 0.015802 0.141423
v -0.880559 0.015804 0.14094
v -0.884746 0.015806 0.14073
v -0.88465 0.015802 0.141423
v -0.880498 0.015797 0.142303
v -0.880559 0.015804 0.14094
v -0.884618 0.015798 0.142164
v -0.880498 0.015797 0.142303
v -0.88465 0.015802 0.141423
v -0.884618 0.015728 0.155034
v -0.880498 0.015797 0.142303
v -0.884618 0.015798 0.142164
v -0.884618 0.015728 0.155034
v -0.880498 0.015728 0.155034
v -0.880498 0.015797 0.142303
v -0.910767 0.015843 0.133875
v -0.90927 0.015843 0.133842
v -0.909757 0.015843 0.133831
v -0.910767 0.015843 0.133875
v -0.90878 0.015843 0.133878
v -0.90927 0.015843 0.133842
v -0.911711 0.015842 0.134005
v -0.90878 0.015843 0.133878
v -0.910767 0.015843 0.133875
v -0.911711 0.015842 0.134005
v -0.908288 0.015843 0.133936
v -0.90878 0.015843 0.133878
v -0.911711 0.015842 0.134005
v -0.907792 0.015842 0.134018
v -0.908288 0.015843 0.133936
v -0.912585 0.015841 0.134219
v -0.907792 0.015842 0.134018
v -0.911711 0.015842 0.134005
v -0.912585 0.015841 0.134219
v -0.907292 0.015841 0.134124
v -0.907792 0.015842 0.134018
v -0.912585 0.015841 0.134219
v -0.906788 0.015841 0.134254
v -0.907292 0.015841 0.134124
v -0.913385 0.015839 0.134513
v -0.906788 0.015841 0.134254
v -0.912585 0.015841 0.134219
v -0.913385 0.015839 0.134513
v -0.906279 0.01584 0.134408
v -0.906788 0.015841 0.134254
v -0.913385 0.015839 0.134513
v -0.905765 0.015839 0.134585
v -0.906279 0.01584 0.134408
v -0.914106 0.015837 0.134887
v -0.905765 0.015839 0.134585
v -0.913385 0.015839 0.134513
v -0.914106 0.015837 0.134887
v -0.905245 0.015838 0.134788
v -0.905765 0.015839 0.134585
v -0.914106 0.015837 0.134887
v -0.904719 0.015837 0.135015
v -0.905245 0.015838 0.134788
v -0.914745 0.015835 0.135336
v -0.904719 0.015837 0.135015
v -0.914106 0.015837 0.134887
v -0.914745 0.015835 0.135336
v -0.904186 0.015835 0.135267
v -0.904719 0.015837 0.135015
v -0.914745 0.015835 0.135336
v -0.903646 0.015834 0.135544
v -0.904186 0.015835 0.135267
v -0.915297 0.015832 0.135858
v -0.903646 0.015834 0.135544
v -0.914745 0.015835 0.135336
v -0.915297 0.015832 0.135858
v -0.907939 0.015822 0.137666
v -0.903646 0.015834 0.135544
v -0.907939 0.015822 0.137666
v -0.907454 0.015821 0.137797
v -0.903646 0.015834 0.135544
v -0.907454 0.015821 0.137797
v -0.90695 0.015821 0.137957
v -0.903646 0.015834 0.135544
v -0.90695 0.015821 0.137957
v -0.90643 0.01582 0.138149
v -0.903646 0.015834 0.135544
v -0.90643 0.01582 0.138149
v -0.905895 0.015818 0.138375
v -0.903646 0.015834 0.135544
v -0.905895 0.015818 0.138375
v -0.905348 0.015817 0.138634
v -0.903646 0.015834 0.135544
v -0.905348 0.015817 0.138634
v -0.904789 0.015815 0.138927
v -0.903646 0.015834 0.135544
v -0.904789 0.015815 0.138927
v -0.904221 0.015814 0.139254
v -0.903646 0.015834 0.135544
v -0.904221 0.015814 0.139254
v -0.903646 0.015812 0.139618
v -0.903646 0.015834 0.135544
v -0.915758 0.015829 0.136451
v -0.908849 0.015823 0.137497
v -0.915297 0.015832 0.135858
v -0.908849 0.015823 0.137497
v -0.908405 0.015823 0.137568
v -0.915297 0.015832 0.135858
v -0.908405 0.015823 0.137568
v -0.907939 0.015822 0.137666
v -0.915297 0.015832 0.135858
v -0.916124 0.015825 0.137112
v -0.909269 0.015823 0.137455
v -0.915758 0.015829 0.136451
v -0.909269 0.015823 0.137455
v -0.908849 0.015823 0.137497
v -0.915758 0.015829 0.136451
v -0.91639 0.015821 0.137839
v -0.910068 0.015823 0.137458
v -0.916124 0.015825 0.137112
v -0.910068 0.015823 0.137458
v -0.909664 0.015823 0.137442
v -0.916124 0.015825 0.137112
v -0.909664 0.015823 0.137442
v -0.909269 0.015823 0.137455
v -0.916124 0.015825 0.137112
v -0.91639 0.015821 0.137839
v -0.910445 0.015823 0.137506
v -0.910068 0.015823 0.137458
v -0.91639 0.015821 0.137839
v -0.910794 0.015823 0.137582
v -0.910445 0.015823 0.137506
v -0.91639 0.015821 0.137839
v -0.911113 0.015822 0.137688
v -0.910794 0.015823 0.137582
v -0.91639 0.015821 0.137839
v -0.911401 0.015821 0.137819
v -0.911113 0.015822 0.137688
v -0.91639 0.015821 0.137839
v -0.911655 0.015821 0.137975
v -0.911401 0.015821 0.137819
v -0.916553 0.015817 0.138629
v -0.911655 0.015821 0.137975
v -0.91639 0.015821 0.137839
v -0.916553 0.015817 0.138629
v -0.911875 0.01582 0.138153
v -0.911655 0.015821 0.137975
v -0.916553 0.015817 0.138629
v -0.912058 0.015818 0.138354
v -0.911875 0.01582 0.138153
v -0.916553 0.015817 0.138629
v -0.912203 0.015817 0.138575
v -0.912058 0.015818 0.138354
v -0.916553 0.015817 0.138629
v -0.912309 0.015816 0.138814
v -0.912203 0.015817 0.138575
v -0.916609 0.015812 0.139479
v -0.912309 0.015816 0.138814
v -0.916553 0.015817 0.138629
v -0.916609 0.015812 0.139479
v -0.912374 0.015815 0.139069
v -0.912309 0.015816 0.138814
v -0.916609 0.015812 0.139479
v -0.912396 0.015813 0.13934
v -0.912374 0.015815 0.139069
v -0.916609 0.015812 0.139479
v -0.912366 0.015812 0.139576
v -0.912396 0.015813 0.13934
v -0.916417 0.015805 0.140798
v -0.912366 0.015812 0.139576
v -0.916609 0.015812 0.139479
v -0.916417 0.015805 0.140798
v -0.912276 0.01581 0.139822
v -0.912366 0.015812 0.139576
v -0.916417 0.015805 0.140798
v -0.912121 0.015809 0.140082
v -0.912276 0.01581 0.139822
v -0.916417 0.015805 0.140798
v -0.9119 0.015808 0.140358
v -0.912121 0.015809 0.140082
v -0.916417 0.015805 0.140798
v -0.911609 0.015806 0.140655
v -0.9119 0.015808 0.140358
v -0.916417 0.015805 0.140798
v -0.911244 0.015804 0.140972
v -0.911609 0.015806 0.140655
v -0.915888 0.015799 0.141965
v -0.911244 0.015804 0.140972
v -0.916417 0.015805 0.140798
v -0.915888 0.015799 0.141965
v -0.910803 0.015802 0.141315
v -0.911244 0.015804 0.140972
v -0.915888 0.015799 0.141965
v -0.910283 0.0158 0.141686
v -0.910803 0.015802 0.141315
v -0.915888 0.015799 0.141965
v -0.909681 0.015798 0.142088
v -0.910283 0.0158 0.141686
v -0.91509 0.015793 0.143001
v -0.909681 0.015798 0.142088
v -0.915888 0.015799 0.141965
v -0.91509 0.015793 0.143001
v -0.908993 0.015796 0.142523
v -0.909681 0.015798 0.142088
v -0.91509 0.015793 0.143001
v -0.908217 0.015793 0.142995
v -0.908993 0.015796 0.142523
v -0.91509 0.015793 0.143001
v -0.907349 0.01579 0.143507
v -0.908217 0.015793 0.142995
v -0.914088 0.015788 0.143924
v -0.907349 0.01579 0.143507
v -0.91509 0.015793 0.143001
v -0.914088 0.015788 0.143924
v -0.906538 0.015787 0.144057
v -0.907349 0.01579 0.143507
v -0.912951 0.015784 0.144752
v -0.906538 0.015787 0.144057
v -0.914088 0.015788 0.143924
v -0.912951 0.015784 0.144752
v -0.905814 0.015785 0.144579
v -0.906538 0.015787 0.144057
v -0.912951 0.015784 0.144752
v -0.905173 0.015782 0.145076
v -0.905814 0.015785 0.144579
v -0.911748 0.015779 0.145504
v -0.905173 0.015782 0.145076
v -0.912951 0.015784 0.144752
v -0.911748 0.015779 0.145504
v -0.904615 0.015779 0.145554
v -0.905173 0.015782 0.145076
v -0.910543 0.015776 0.146198
v -0.904615 0.015779 0.145554
v -0.911748 0.015779 0.145504
v -0.910543 0.015776 0.146198
v -0.904133 0.015777 0.146019
v -0.904615 0.015779 0.145554
v -0.910543 0.015776 0.146198
v -0.903727 0.015774 0.146475
v -0.904133 0.015777 0.146019
v -0.909407 0.015772 0.146856
v -0.903727 0.015774 0.146475
v -0.910543 0.015776 0.146198
v -0.909407 0.015772 0.146856
v -0.903392 0.015772 0.146929
v -0.903727 0.015774 0.146475
v -0.908406 0.015769 0.147493
v -0.903392 0.015772 0.146929
v -0.909407 0.015772 0.146856
v -0.908406 0.015769 0.147493
v -0.903124 0.015769 0.147385
v -0.903392 0.015772 0.146929
v -0.908406 0.015769 0.147493
v -0.902922 0.015767 0.147849
v -0.903124 0.015769 0.147385
v -0.907607 0.015765 0.148131
v -0.902922 0.015767 0.147849
v -0.908406 0.015769 0.147493
v -0.907607 0.015765 0.148131
v -0.902782 0.015764 0.148326
v -0.902922 0.015767 0.147849
v -0.907078 0.015762 0.148786
v -0.902782 0.015764 0.148326
v -0.907607 0.015765 0.148131
v -0.907078 0.015762 0.148786
v -0.9027 0.015761 0.148821
v -0.902782 0.015764 0.148326
v -0.906886 0.015758 0.149479
v -0.9027 0.015761 0.148821
v -0.907078 0.015762 0.148786
v -0.906886 0.015758 0.149479
v -0.902674 0.015759 0.14934
v -0.9027 0.015761 0.148821
v -0.916747 0.015736 0.153553
v -0.916081 0.015757 0.149551
v -0.916747 0.01576 0.149108
v -0.906886 0.015758 0.149479
v -0.902733 0.015754 0.150229
v -0.902674 0.015759 0.14934
v -0.906915 0.015756 0.149835
v -0.902733 0.015754 0.150229
v -0.906886 0.015758 0.149479
v -0.916747 0.015736 0.153553
v -0.915427 0.015755 0.149954
v -0.916081 0.015757 0.149551
v -0.906997 0.015754 0.150162
v -0.902733 0.015754 0.150229
v -0.906915 0.015756 0.149835
v -0.916747 0.015736 0.153553
v -0.914786 0.015753 0.150317
v -0.915427 0.015755 0.149954
v -0.90713 0.015753 0.15046
v -0.902733 0.015754 0.150229
v -0.906997 0.015754 0.150162
v -0.90713 0.015753 0.15046
v -0.902908 0.015749 0.151063
v -0.902733 0.015754 0.150229
v -0.916747 0.015736 0.153553
v -0.91416 0.015752 0.15064
v -0.914786 0.015753 0.150317
v -0.907308 0.015751 0.150729
v -0.902908 0.015749 0.151063
v -0.90713 0.015753 0.15046
v -0.916747 0.015736 0.153553
v -0.913552 0.01575 0.150924
v -0.91416 0.015752 0.15064
v -0.907529 0.01575 0.150969
v -0.902908 0.015749 0.151063
v -0.907308 0.015751 0.150729
v -0.916747 0.015736 0.153553
v -0.912963 0.015749 0.151168
v -0.913552 0.01575 0.150924
v -0.907789 0.015749 0.151181
v -0.902908 0.015749 0.151063
v -0.907529 0.01575 0.150969
v -0.907789 0.015749 0.151181
v -0.903191 0.015745 0.151838
v -0.902908 0.015749 0.151063
v -0.916747 0.015736 0.153553
v -0.912395 0.015748 0.151375
v -0.912963 0.015749 0.151168
v -0.908084 0.015748 0.151362
v -0.903191 0.015745 0.151838
v -0.907789 0.015749 0.151181
v -0.908409 0.015747 0.151516
v -0.903191 0.015745 0.151838
v -0.908084 0.015748 0.151362
v -0.916747 0.015736 0.153553
v -0.91185 0.015747 0.151543
v -0.912395 0.015748 0.151375
v -0.908761 0.015746 0.151641
v -0.903191 0.015745 0.151838
v -0.908409 0.015747 0.151516
v -0.916747 0.015736 0.153553
v -0.911331 0.015746 0.151673
v -0.91185 0.015747 0.151543
v -0.909137 0.015746 0.151736
v -0.903191 0.015745 0.151838
v -0.908761 0.015746 0.151641
v -0.916747 0.015736 0.153553
v -0.910838 0.015745 0.151766
v -0.911331 0.015746 0.151673
v -0.909532 0.015745 0.151802
v -0.903191 0.015745 0.151838
v -0.909137 0.015746 0.151736
v -0.916747 0.015736 0.153553
v -0.910375 0.015745 0.151821
v -0.910838 0.015745 0.151766
v -0.909942 0.015745 0.15184
v -0.903191 0.015745 0.151838
v -0.909532 0.015745 0.151802
v -0.916747 0.015736 0.153553
v -0.909942 0.015745 0.15184
v -0.910375 0.015745 0.151821
v -0.909942 0.015745 0.15184
v -0.903575 0.015741 0.15255
v -0.903191 0.015745 0.151838
v -0.916747 0.015736 0.153553
v -0.903575 0.015741 0.15255
v -0.909942 0.015745 0.15184
v -0.916747 0.015736 0.153553
v -0.904055 0.015738 0.153195
v -0.903575 0.015741 0.15255
v -0.916747 0.015736 0.153553
v -0.904624 0.015734 0.153767
v -0.904055 0.015738 0.153195
v -0.91609 0.015734 0.153882
v -0.904624 0.015734 0.153767
v -0.916747 0.015736 0.153553
v -0.91609 0.015734 0.153882
v -0.905274 0.015732 0.154263
v -0.904624 0.015734 0.153767
v -0.915457 0.015732 0.154176
v -0.905274 0.015732 0.154263
v -0.91609 0.015734 0.153882
v -0.914844 0.015731 0.154436
v -0.905274 0.015732 0.154263
v -0.915457 0.015732 0.154176
v -0.914844 0.015731 0.154436
v -0.906 0.01573 0.15468
v -0.905274 0.015732 0.154263
v -0.914248 0.01573 0.154663
v -0.906 0.01573 0.15468
v -0.914844 0.015731 0.154436
v -0.913662 0.015729 0.154858
v -0.906 0.01573 0.15468
v -0.914248 0.01573 0.154663
v -0.913662 0.015729 0.154858
v -0.906795 0.015728 0.155011
v -0.906 0.01573 0.15468
v -0.913084 0.015728 0.155023
v -0.906795 0.015728 0.155011
v -0.913662 0.015729 0.154858
v -0.913084 0.015728 0.155023
v -0.907651 0.015726 0.155253
v -0.906795 0.015728 0.155011
v -0.912509 0.015727 0.155159
v -0.907651 0.015726 0.155253
v -0.913084 0.015728 0.155023
v -0.911933 0.015726 0.155268
v -0.907651 0.015726 0.155253
v -0.912509 0.015727 0.155159
v -0.911933 0.015726 0.155268
v -0.908564 0.015726 0.1554
v -0.907651 0.015726 0.155253
v -0.91135 0.015726 0.155349
v -0.908564 0.015726 0.1554
v -0.911933 0.015726 0.155268
v -0.910758 0.015726 0.155407
v -0.908564 0.015726 0.1554
v -0.91135 0.015726 0.155349
v -0.910758 0.015726 0.155407
v -0.909525 0.015725 0.155451
v -0.908564 0.015726 0.1554
v -0.910151 0.015725 0.15544
v -0.909525 0.015725 0.155451
v -0.910758 0.015726 0.155407
v -0.848229 0.013063 0.134233
v -0.855961 0.013045 0.137473
v -0.848229 0.013087 0.129927
v -0.841655 0.013063 0.134233
v -0.855961 0.013045 0.137473
v -0.848229 0.013063 0.134233
v -0.841655 0.013043 0.137936
v -0.855961 0.013045 0.137473
v -0.841655 0.013063 0.134233
v -0.841655 0.013043 0.137936
v -0.855961 0.013043 0.137936
v -0.855961 0.013045 0.137473
v -0.841655 0.013043 0.137936
v -0.85235 0.013043 0.137936
v -0.855961 0.013043 0.137936
v -0.848229 0.013043 0.137936
v -0.85235 0.012983 0.148908
v -0.85235 0.013043 0.137936
v -0.841655 0.013043 0.137936
v -0.848229 0.013043 0.137936
v -0.85235 0.013043 0.137936
v -0.848229 0.012985 0.148584
v -0.85235 0.012983 0.148908
v -0.848229 0.013043 0.137936
v -0.848194 0.012982 0.149162
v -0.85235 0.012983 0.148908
v -0.848229 0.012985 0.148584
v -0.848194 0.012982 0.149162
v -0.852303 0.012978 0.149825
v -0.85235 0.012983 0.148908
v -0.848094 0.012979 0.149669
v -0.852303 0.012978 0.149825
v -0.848194 0.012982 0.149162
v -0.847936 0.012977 0.150111
v -0.852303 0.012978 0.149825
v -0.848094 0.012979 0.149669
v -0.847936 0.012977 0.150111
v -0.852161 0.012973 0.150694
v -0.852303 0.012978 0.149825
v -0.847729 0.012975 0.150491
v -0.852161 0.012973 0.150694
v -0.847936 0.012977 0.150111
v -0.840591 0.012955 0.154047
v -0.841004 0.012975 0.150449
v -0.840591 0.012976 0.150204
v -0.840591 0.012955 0.154047
v -0.841413 0.012974 0.150671
v -0.841004 0.012975 0.150449
v -0.847481 0.012973 0.150812
v -0.852161 0.012973 0.150694
v -0.847729 0.012975 0.150491
v -0.840591 0.012955 0.154047
v -0.841816 0.012972 0.150873
v -0.841413 0.012974 0.150671
v -0.847481 0.012973 0.150812
v -0.851925 0.012969 0.15151
v -0.852161 0.012973 0.150694
v -0.847199 0.012971 0.151079
v -0.851925 0.012969 0.15151
v -0.847481 0.012973 0.150812
v -0.840591 0.012955 0.154047
v -0.842214 0.012971 0.151053
v -0.841816 0.012972 0.150873
v -0.840591 0.012955 0.154047
v -0.842608 0.012971 0.151212
v -0.842214 0.012971 0.151053
v -0.846893 0.01297 0.151294
v -0.851925 0.012969 0.15151
v -0.847199 0.012971 0.151079
v -0.840591 0.012955 0.154047
v -0.842998 0.01297 0.15135
v -0.842608 0.012971 0.151212
v -0.84657 0.012969 0.151461
v -0.851925 0.012969 0.15151
v -0.846893 0.01297 0.151294
v -0.840591 0.012955 0.154047
v -0.843384 0.012969 0.151467
v -0.842998 0.01297 0.15135
v -0.846237 0.012969 0.151586
v -0.851925 0.012969 0.15151
v -0.84657 0.012969 0.151461
v -0.840591 0.012955 0.154047
v -0.843766 0.012969 0.151562
v -0.843384 0.012969 0.151467
v -0.846237 0.012969 0.151586
v -0.851595 0.012965 0.152267
v -0.851925 0.012969 0.15151
v -0.840591 0.012955 0.154047
v -0.844145 0.012968 0.151637
v -0.843766 0.012969 0.151562
v -0.845904 0.012968 0.15167
v -0.851595 0.012965 0.152267
v -0.846237 0.012969 0.151586
v -0.840591 0.012955 0.154047
v -0.844521 0.012968 0.15169
v -0.844145 0.012968 0.151637
v -0.845578 0.012968 0.151717
v -0.851595 0.012965 0.152267
v -0.845904 0.012968 0.15167
v -0.840591 0.012955 0.154047
v -0.844895 0.012968 0.151722
v -0.844521 0.012968 0.15169
v -0.845266 0.012968 0.151733
v -0.851595 0.012965 0.152267
v -0.845578 0.012968 0.151717
v -0.840591 0.012955 0.154047
v -0.845266 0.012968 0.151733
v -0.844895 0.012968 0.151722
v -0.840591 0.012955 0.154047
v -0.851595 0.012965 0.152267
v -0.845266 0.012968 0.151733
v -0.840591 0.012955 0.154047
v -0.851172 0.012961 0.152958
v -0.851595 0.012965 0.152267
v -0.840591 0.012955 0.154047
v -0.850654 0.012958 0.153579
v -0.851172 0.012961 0.152958
v -0.840591 0.012955 0.154047
v -0.850043 0.012955 0.15412
v -0.850654 0.012958 0.153579
v -0.840965 0.012954 0.15424
v -0.850043 0.012955 0.15412
v -0.840591 0.012955 0.154047
v -0.840965 0.012954 0.15424
v -0.849339 0.012952 0.154577
v -0.850043 0.012955 0.15412
v -0.841366 0.012953 0.154423
v -0.849339 0.012952 0.154577
v -0.840965 0.012954 0.15424
v -0.841788 0.012952 0.154596
v -0.849339 0.012952 0.154577
v -0.841366 0.012953 0.154423
v -0.841788 0.012952 0.154596
v -0.848541 0.01295 0.154943
v -0.849339 0.012952 0.154577
v -0.842226 0.012951 0.154757
v -0.848541 0.01295 0.154943
v -0.841788 0.012952 0.154596
v -0.842674 0.01295 0.154904
v -0.848541 0.01295 0.154943
v -0.842226 0.012951 0.154757
v -0.843125 0.01295 0.155036
v -0.848541 0.01295 0.154943
v -0.842674 0.01295 0.154904
v -0.843125 0.01295 0.155036
v -0.847651 0.012949 0.155213
v -0.848541 0.01295 0.154943
v -0.843575 0.012949 0.155152
v -0.847651 0.012949 0.155213
v -0.843125 0.01295 0.155036
v -0.844017 0.012949 0.155251
v -0.847651 0.012949 0.155213
v -0.843575 0.012949 0.155152
v -0.844017 0.012949 0.155251
v -0.846667 0.012948 0.155379
v -0.847651 0.012949 0.155213
v -0.844445 0.012948 0.155329
v -0.846667 0.012948 0.155379
v -0.844017 0.012949 0.155251
v -0.844854 0.012948 0.155388
v -0.846667 0.012948 0.155379
v -0.844445 0.012948 0.155329
v -0.844854 0.012948 0.155388
v -0.845591 0.012948 0.155436
v -0.846667 0.012948 0.155379
v -0.845238 0.012948 0.155424
v -0.845591 0.012948 0.155436
v -0.844854 0.012948 0.155388
v -0.856315 0.013124 0.123015
v -0.857741 0.013124 0.12307
v -0.85705 0.013124 0.123011
v -0.855536 0.013124 0.123086
v -0.857741 0.013124 0.12307
v -0.856315 0.013124 0.123015
v -0.855536 0.013124 0.123086
v -0.858391 0.013123 0.123191
v -0.857741 0.013124 0.12307
v -0.854708 0.013123 0.12323
v -0.858391 0.013123 0.123191
v -0.855536 0.013124 0.123086
v -0.854708 0.013123 0.12323
v -0.859003 0.013122 0.12337
v -0.858391 0.013123 0.123191
v -0.853831 0.013122 0.123446
v -0.859003 0.013122 0.12337
v -0.854708 0.013123 0.12323
v -0.853831 0.013122 0.123446
v -0.859579 0.013121 0.123604
v -0.859003 0.013122 0.12337
v -0.853831 0.0131 0.127474
v -0.859579 0.013121 0.123604
v -0.853831 0.013122 0.123446
v -0.853831 0.0131 0.127474
v -0.86012 0.013119 0.123889
v -0.859579 0.013121 0.123604
v -0.853831 0.0131 0.127474
v -0.86063 0.013118 0.124221
v -0.86012 0.013119 0.123889
v -0.853831 0.0131 0.127474
v -0.86111 0.013116 0.1246
v -0.86063 0.013118 0.124221
v -0.854309 0.013101 0.127299
v -0.861563 0.013113 0.12502
v -0.86111 0.013116 0.1246
v -0.854158 0.013101 0.127349
v -0.854309 0.013101 0.127299
v -0.86111 0.013116 0.1246
v -0.853999 0.0131 0.127408
v -0.854158 0.013101 0.127349
v -0.86111 0.013116 0.1246
v -0.853831 0.0131 0.127474
v -0.853999 0.0131 0.127408
v -0.86111 0.013116 0.1246
v -0.854598 0.013101 0.127216
v -0.861965 0.013111 0.125444
v -0.861563 0.013113 0.12502
v -0.854455 0.013101 0.127254
v -0.854598 0.013101 0.127216
v -0.861563 0.013113 0.12502
v -0.854309 0.013101 0.127299
v -0.854455 0.013101 0.127254
v -0.861563 0.013113 0.12502
v -0.854882 0.013102 0.127158
v -0.862337 0.013109 0.125885
v -0.861965 0.013111 0.125444
v -0.85474 0.013101 0.127184
v -0.854882 0.013102 0.127158
v -0.861965 0.013111 0.125444
v -0.854598 0.013101 0.127216
v -0.85474 0.013101 0.127184
v -0.861965 0.013111 0.125444
v -0.855028 0.013102 0.127137
v -0.862678 0.013106 0.126351
v -0.862337 0.013109 0.125885
v -0.854882 0.013102 0.127158
v -0.855028 0.013102 0.127137
v -0.862337 0.013109 0.125885
v -0.855504 0.013102 0.127105
v -0.862988 0.013103 0.126848
v -0.862678 0.013106 0.126351
v -0.855337 0.013102 0.127111
v -0.855504 0.013102 0.127105
v -0.862678 0.013106 0.126351
v -0.855179 0.013102 0.127122
v -0.855337 0.013102 0.127111
v -0.862678 0.013106 0.126351
v -0.855028 0.013102 0.127137
v -0.855179 0.013102 0.127122
v -0.862678 0.013106 0.126351
v -0.855683 0.013102 0.127103
v -0.863264 0.0131 0.127382
v -0.862988 0.013103 0.126848
v -0.855504 0.013102 0.127105
v -0.855683 0.013102 0.127103
v -0.862988 0.013103 0.126848
v -0.85647 0.013102 0.127143
v -0.863264 0.0131 0.127382
v -0.855683 0.013102 0.127103
v -0.857166 0.013101 0.127262
v -0.863264 0.0131 0.127382
v -0.85647 0.013102 0.127143
v -0.857777 0.0131 0.127457
v -0.863264 0.0131 0.127382
v -0.857166 0.013101 0.127262
v -0.857777 0.0131 0.127457
v -0.863507 0.013097 0.12796
v -0.863264 0.0131 0.127382
v -0.858305 0.013099 0.127725
v -0.863507 0.013097 0.12796
v -0.857777 0.0131 0.127457
v -0.858755 0.013097 0.128065
v -0.863507 0.013097 0.12796
v -0.858305 0.013099 0.127725
v -0.858755 0.013097 0.128065
v -0.863715 0.013094 0.128587
v -0.863507 0.013097 0.12796
v -0.859132 0.013094 0.128475
v -0.863715 0.013094 0.128587
v -0.858755 0.013097 0.128065
v -0.85944 0.013092 0.12895
v -0.863715 0.013094 0.128587
v -0.859132 0.013094 0.128475
v -0.85944 0.013092 0.12895
v -0.863888 0.01309 0.129272
v -0.863715 0.013094 0.128587
v -0.859682 0.013089 0.12949
v -0.863888 0.01309 0.129272
v -0.85944 0.013092 0.12895
v -0.859682 0.013089 0.12949
v -0.864024 0.013086 0.13002
v -0.863888 0.01309 0.129272
v -0.859863 0.013086 0.130092
v -0.864024 0.013086 0.13002
v -0.859682 0.013089 0.12949
v -0.859863 0.013086 0.130092
v -0.864122 0.013082 0.130837
v -0.864024 0.013086 0.13002
v -0.859987 0.013082 0.130752
v -0.864122 0.013082 0.130837
v -0.859863 0.013086 0.130092
v -0.860058 0.013078 0.13147
v -0.864122 0.013082 0.130837
v -0.859987 0.013082 0.130752
v -0.860058 0.013078 0.13147
v -0.864181 0.013077 0.131729
v -0.864122 0.013082 0.130837
v -0.860081 0.013074 0.132242
v -0.864181 0.013077 0.131729
v -0.860058 0.013078 0.13147
v -0.860081 0.013074 0.132242
v -0.864202 0.013071 0.132705
v -0.864181 0.013077 0.131729
v -0.860081 0.013063 0.134233
v -0.864202 0.013071 0.132705
v -0.860081 0.013074 0.132242
v -0.860081 0.013063 0.134233
v -0.864202 0.013063 0.134233
v -0.864202 0.013071 0.132705
v -0.864202 0.013063 0.134233
v -0.867118 0.013043 0.137936
v -0.867118 0.013063 0.134233
v -0.860081 0.013063 0.134233
v -0.867118 0.013043 0.137936
v -0.864202 0.013063 0.134233
v -0.856331 0.013063 0.134233
v -0.867118 0.013043 0.137936
v -0.860081 0.013063 0.134233
v -0.856331 0.013043 0.137936
v -0.867118 0.013043 0.137936
v -0.856331 0.013063 0.134233
v -0.856331 0.013043 0.137936
v -0.864202 0.013043 0.137936
v -0.867118 0.013043 0.137936
v -0.860081 0.013043 0.137936
v -0.864202 0.01295 0.155019
v -0.864202 0.013043 0.137936
v -0.856331 0.013043 0.137936
v -0.860081 0.013043 0.137936
v -0.864202 0.013043 0.137936
v -0.860081 0.01295 0.155019
v -0.864202 0.01295 0.155019
v -0.860081 0.013043 0.137936
v -0.872251 0.013111 0.125506
v -0.872911 0.013111 0.125506
v -0.872581 0.013111 0.125483
v -0.872251 0.013111 0.125506
v -0.873229 0.01311 0.125572
v -0.872911 0.013111 0.125506
v -0.871933 0.01311 0.125572
v -0.873229 0.01311 0.125572
v -0.872251 0.013111 0.125506
v -0.871933 0.01311 0.125572
v -0.873531 0.01311 0.125677
v -0.873229 0.01311 0.125572
v -0.871631 0.01311 0.125677
v -0.873531 0.01311 0.125677
v -0.871933 0.01311 0.125572
v -0.871631 0.01311 0.125677
v -0.873814 0.013109 0.125821
v -0.873531 0.01311 0.125677
v -0.871348 0.013109 0.125821
v -0.873814 0.013109 0.125821
v -0.871631 0.01311 0.125677
v -0.871348 0.013109 0.125821
v -0.874075 0.013108 0.125998
v -0.873814 0.013109 0.125821
v -0.871087 0.013108 0.125998
v -0.874075 0.013108 0.125998
v -0.871348 0.013109 0.125821
v -0.871087 0.013108 0.125998
v -0.874311 0.013107 0.126206
v -0.874075 0.013108 0.125998
v -0.870851 0.013107 0.126206
v -0.874311 0.013107 0.126206
v -0.871087 0.013108 0.125998
v -0.870851 0.013107 0.126206
v -0.87452 0.013106 0.126443
v -0.874311 0.013107 0.126206
v -0.870643 0.013106 0.126443
v -0.87452 0.013106 0.126443
v -0.870851 0.013107 0.126206
v -0.870643 0.013106 0.126443
v -0.874697 0.013104 0.126704
v -0.87452 0.013106 0.126443
v -0.870465 0.013104 0.126704
v -0.874697 0.013104 0.126704
v -0.870643 0.013106 0.126443
v -0.870465 0.013104 0.126704
v -0.87484 0.013103 0.126987
v -0.874697 0.013104 0.126704
v -0.870322 0.013103 0.126987
v -0.87484 0.013103 0.126987
v -0.870465 0.013104 0.126704
v -0.870322 0.013103 0.126987
v -0.874946 0.013101 0.127289
v -0.87484 0.013103 0.126987
v -0.870216 0.013101 0.127289
v -0.874946 0.013101 0.127289
v -0.870322 0.013103 0.126987
v -0.870216 0.013101 0.127289
v -0.875012 0.013099 0.127606
v -0.874946 0.013101 0.127289
v -0.87015 0.013099 0.127606
v -0.875012 0.013099 0.127606
v -0.870216 0.013101 0.127289
v -0.87015 0.013099 0.127606
v -0.875035 0.013097 0.127936
v -0.875012 0.013099 0.127606
v -0.870127 0.013097 0.127936
v -0.875035 0.013097 0.127936
v -0.87015 0.013099 0.127606
v -0.870127 0.013097 0.127936
v -0.875012 0.013096 0.128267
v -0.875035 0.013097 0.127936
v -0.87015 0.013096 0.128267
v -0.875012 0.013096 0.128267
v -0.870127 0.013097 0.127936
v -0.87015 0.013096 0.128267
v -0.874946 0.013094 0.128585
v -0.875012 0.013096 0.128267
v -0.870216 0.013094 0.128585
v -0.874946 0.013094 0.128585
v -0.87015 0.013096 0.128267
v -0.870216 0.013094 0.128585
v -0.87484 0.013092 0.128886
v -0.874946 0.013094 0.128585
v -0.870322 0.013092 0.128886
v -0.87484 0.013092 0.128886
v -0.870216 0.013094 0.128585
v -0.870322 0.013092 0.128886
v -0.874697 0.013091 0.129169
v -0.87484 0.013092 0.128886
v -0.870465 0.013091 0.129169
v -0.874697 0.013091 0.129169
v -0.870322 0.013092 0.128886
v -0.870465 0.013091 0.129169
v -0.87452 0.013089 0.129431
v -0.874697 0.013091 0.129169
v -0.870643 0.013089 0.129431
v -0.87452 0.013089 0.129431
v -0.870465 0.013091 0.129169
v -0.870643 0.013089 0.129431
v -0.874311 0.013088 0.129667
v -0.87452 0.013089 0.129431
v -0.870851 0.013088 0.129667
v -0.874311 0.013088 0.129667
v -0.870643 0.013089 0.129431
v -0.870851 0.013088 0.129667
v -0.874075 0.013087 0.129875
v -0.874311 0.013088 0.129667
v -0.871087 0.013087 0.129875
v -0.874075 0.013087 0.129875
v -0.870851 0.013088 0.129667
v -0.871087 0.013087 0.129875
v -0.873814 0.013086 0.130053
v -0.874075 0.013087 0.129875
v -0.871348 0.013086 0.130053
v -0.873814 0.013086 0.130053
v -0.871087 0.013087 0.129875
v -0.871348 0.013086 0.130053
v -0.873531 0.013085 0.130195
v -0.873814 0.013086 0.130053
v -0.871631 0.013085 0.130195
v -0.873531 0.013085 0.130195
v -0.871348 0.013086 0.130053
v -0.871631 0.013085 0.130195
v -0.873229 0.013084 0.130302
v -0.873531 0.013085 0.130195
v -0.871933 0.013084 0.130302
v -0.873229 0.013084 0.130302
v -0.871631 0.013085 0.130195
v -0.871933 0.013084 0.130302
v -0.872911 0.013084 0.130368
v -0.873229 0.013084 0.130302
v -0.872251 0.013084 0.130368
v -0.872911 0.013084 0.130368
v -0.871933 0.013084 0.130302
v -0.872251 0.013084 0.130368
v -0.872581 0.013084 0.13039
v -0.872911 0.013084 0.130368
v -0.870544 0.013063 0.134233
v -0.874664 0.01295 0.155019
v -0.874664 0.013063 0.134233
v -0.870544 0.01295 0.155019
v -0.874664 0.01295 0.155019
v -0.870544 0.013063 0.134233
v -0.893877 0.013122 0.123446
v -0.897998 0.01295 0.155019
v -0.897998 0.013122 0.123446
v -0.893877 0.013048 0.136964
v -0.897998 0.01295 0.155019
v -0.893877 0.013122 0.123446
v -0.886586 0.013065 0.133874
v -0.888159 0.013065 0.13384
v -0.887581 0.013065 0.133816
v -0.886586 0.013065 0.133874
v -0.888735 0.013065 0.133911
v -0.888159 0.013065 0.13384
v -0.885642 0.013064 0.134048
v -0.888735 0.013065 0.133911
v -0.886586 0.013065 0.133874
v -0.885642 0.013064 0.134048
v -0.889306 0.013064 0.134028
v -0.888735 0.013065 0.133911
v -0.885642 0.013064 0.134048
v -0.889868 0.013063 0.13419
v -0.889306 0.013064 0.134028
v -0.884756 0.013063 0.134339
v -0.889868 0.013063 0.13419
v -0.885642 0.013064 0.134048
v -0.884756 0.013063 0.134339
v -0.890421 0.013062 0.134395
v -0.889868 0.013063 0.13419
v -0.883934 0.01306 0.134747
v -0.890421 0.013062 0.134395
v -0.884756 0.013063 0.134339
v -0.883934 0.01306 0.134747
v -0.890961 0.013061 0.134643
v -0.890421 0.013062 0.134395
v -0.883934 0.01306 0.134747
v -0.891485 0.013059 0.134933
v -0.890961 0.013061 0.134643
v -0.883184 0.013057 0.135273
v -0.891485 0.013059 0.134933
v -0.883934 0.01306 0.134747
v -0.883184 0.013057 0.135273
v -0.891991 0.013057 0.135263
v -0.891485 0.013059 0.134933
v -0.883184 0.013057 0.135273
v -0.892477 0.013055 0.135633
v -0.891991 0.013057 0.135263
v -0.882512 0.013054 0.135917
v -0.892477 0.013055 0.135633
v -0.883184 0.013057 0.135273
v -0.882512 0.013054 0.135917
v -0.892939 0.013053 0.136039
v -0.892477 0.013055 0.135633
v -0.881924 0.01305 0.136679
v -0.892939 0.013053 0.136039
v -0.882512 0.013054 0.135917
v -0.881924 0.01305 0.136679
v -0.893376 0.013051 0.136484
v -0.892939 0.013053 0.136039
v -0.881924 0.01305 0.136679
v -0.893785 0.013048 0.136964
v -0.893376 0.013051 0.136484
v -0.888692 0.013047 0.137103
v -0.893785 0.013048 0.136964
v -0.881924 0.01305 0.136679
v -0.881429 0.013045 0.137561
v -0.888692 0.013047 0.137103
v -0.881924 0.01305 0.136679
v -0.893785 0.013048 0.136964
v -0.897998 0.01295 0.155019
v -0.893877 0.013048 0.136964
v -0.893877 0.013031 0.140112
v -0.897998 0.01295 0.155019
v -0.893785 0.013048 0.136964
v -0.893401 0.013034 0.139596
v -0.893877 0.013031 0.140112
v -0.893785 0.013048 0.136964
v -0.892943 0.013036 0.139133
v -0.893401 0.013034 0.139596
v -0.893785 0.013048 0.136964
v -0.892501 0.013039 0.138724
v -0.892943 0.013036 0.139133
v -0.893785 0.013048 0.136964
v -0.89207 0.013041 0.138365
v -0.892501 0.013039 0.138724
v -0.893785 0.013048 0.136964
v -0.891648 0.013042 0.138055
v -0.89207 0.013041 0.138365
v -0.893785 0.013048 0.136964
v -0.891233 0.013044 0.137791
v -0.891648 0.013042 0.138055
v -0.893785 0.013048 0.136964
v -0.89082 0.013045 0.137574
v -0.891233 0.013044 0.137791
v -0.893785 0.013048 0.136964
v -0.890407 0.013046 0.137399
v -0.89082 0.013045 0.137574
v -0.893785 0.013048 0.136964
v -0.889991 0.013047 0.137267
v -0.890407 0.013046 0.137399
v -0.893785 0.013048 0.136964
v -0.889568 0.013047 0.137175
v -0.889991 0.013047 0.137267
v -0.893785 0.013048 0.136964
v -0.889136 0.013047 0.137121
v -0.889568 0.013047 0.137175
v -0.893785 0.013048 0.136964
v -0.888692 0.013047 0.137103
v -0.889136 0.013047 0.137121
v -0.893785 0.013048 0.136964
v -0.881429 0.013045 0.137561
v -0.888087 0.013047 0.137144
v -0.888692 0.013047 0.137103
v -0.881429 0.013045 0.137561
v -0.887522 0.013047 0.137265
v -0.888087 0.013047 0.137144
v -0.881429 0.013045 0.137561
v -0.887001 0.013045 0.137461
v -0.887522 0.013047 0.137265
v -0.881429 0.013045 0.137561
v -0.886525 0.013044 0.137732
v -0.887001 0.013045 0.137461
v -0.881032 0.01304 0.138562
v -0.886525 0.013044 0.137732
v -0.881429 0.013045 0.137561
v -0.881032 0.01304 0.138562
v -0.886096 0.013042 0.138073
v -0.886525 0.013044 0.137732
v -0.881032 0.01304 0.138562
v -0.885718 0.01304 0.13848
v -0.886096 0.013042 0.138073
v -0.881032 0.01304 0.138562
v -0.885391 0.013037 0.138951
v -0.885718 0.01304 0.13848
v -0.88074 0.013033 0.139683
v -0.885391 0.013037 0.138951
v -0.881032 0.01304 0.138562
v -0.88074 0.013033 0.139683
v -0.885119 0.013034 0.139483
v -0.885391 0.013037 0.138951
v -0.88074 0.013033 0.139683
v -0.884903 0.013031 0.140071
v -0.885119 0.013034 0.139483
v -0.880559 0.013027 0.140925
v -0.884903 0.013031 0.140071
v -0.88074 0.013033 0.139683
v -0.880559 0.013027 0.140925
v -0.884746 0.013028 0.140714
v -0.884903 0.013031 0.140071
v -0.893877 0.01295 0.155019
v -0.897998 0.01295 0.155019
v -0.893877 0.013031 0.140112
v -0.880559 0.013027 0.140925
v -0.88465 0.013024 0.141408
v -0.884746 0.013028 0.140714
v -0.880498 0.013019 0.142288
v -0.88465 0.013024 0.141408
v -0.880559 0.013027 0.140925
v -0.880498 0.013019 0.142288
v -0.884618 0.01302 0.142149
v -0.88465 0.013024 0.141408
v -0.880498 0.013019 0.142288
v -0.884618 0.01295 0.155019
v -0.884618 0.01302 0.142149
v -0.880498 0.01295 0.155019
v -0.884618 0.01295 0.155019
v -0.880498 0.013019 0.142288
v -0.90927 0.013065 0.133827
v -0.910767 0.013065 0.13386
v -0.909757 0.013065 0.133816
v -0.90878 0.013065 0.133862
v -0.910767 0.013065 0.13386
v -0.90927 0.013065 0.133827
v -0.90878 0.013065 0.133862
v -0.911711 0.013064 0.13399
v -0.910767 0.013065 0.13386
v -0.908288 0.013065 0.133921
v -0.911711 0.013064 0.13399
v -0.90878 0.013065 0.133862
v -0.907792 0.013064 0.134003
v -0.911711 0.013064 0.13399
v -0.908288 0.013065 0.133921
v -0.907792 0.013064 0.134003
v -0.912585 0.013063 0.134203
v -0.911711 0.013064 0.13399
v -0.907292 0.013064 0.134108
v -0.912585 0.013063 0.134203
v -0.907792 0.013064 0.134003
v -0.906788 0.013063 0.134238
v -0.912585 0.013063 0.134203
v -0.907292 0.013064 0.134108
v -0.906788 0.013063 0.134238
v -0.913385 0.013062 0.134499
v -0.912585 0.013063 0.134203
v -0.906279 0.013062 0.134392
v -0.913385 0.013062 0.134499
v -0.906788 0.013063 0.134238
v -0.905765 0.013061 0.13457
v -0.913385 0.013062 0.134499
v -0.906279 0.013062 0.134392
v -0.905765 0.013061 0.13457
v -0.914106 0.01306 0.134871
v -0.913385 0.013062 0.134499
v -0.905245 0.01306 0.134773
v -0.914106 0.01306 0.134871
v -0.905765 0.013061 0.13457
v -0.904719 0.013059 0.135
v -0.914106 0.01306 0.134871
v -0.905245 0.01306 0.134773
v -0.904719 0.013059 0.135
v -0.914745 0.013057 0.13532
v -0.914106 0.01306 0.134871
v -0.904186 0.013058 0.135252
v -0.914745 0.013057 0.13532
v -0.904719 0.013059 0.135
v -0.903646 0.013056 0.135529
v -0.914745 0.013057 0.13532
v -0.904186 0.013058 0.135252
v -0.903646 0.013056 0.135529
v -0.915297 0.013054 0.135843
v -0.914745 0.013057 0.13532
v -0.907939 0.013044 0.137652
v -0.915297 0.013054 0.135843
v -0.903646 0.013056 0.135529
v -0.907454 0.013044 0.137782
v -0.907939 0.013044 0.137652
v -0.903646 0.013056 0.135529
v -0.90695 0.013043 0.137942
v -0.907454 0.013044 0.137782
v -0.903646 0.013056 0.135529
v -0.90643 0.013042 0.138134
v -0.90695 0.013043 0.137942
v -0.903646 0.013056 0.135529
v -0.905895 0.013041 0.13836
v -0.90643 0.013042 0.138134
v -0.903646 0.013056 0.135529
v -0.905348 0.013039 0.138618
v -0.905895 0.013041 0.13836
v -0.903646 0.013056 0.135529
v -0.904789 0.013038 0.138911
v -0.905348 0.013039 0.138618
v -0.903646 0.013056 0.135529
v -0.904221 0.013036 0.139239
v -0.904789 0.013038 0.138911
v -0.903646 0.013056 0.135529
v -0.903646 0.013034 0.139603
v -0.904221 0.013036 0.139239
v -0.903646 0.013056 0.135529
v -0.908849 0.013045 0.137482
v -0.915758 0.013051 0.136436
v -0.915297 0.013054 0.135843
v -0.908405 0.013045 0.137552
v -0.908849 0.013045 0.137482
v -0.915297 0.013054 0.135843
v -0.907939 0.013044 0.137652
v -0.908405 0.013045 0.137552
v -0.915297 0.013054 0.135843
v -0.909269 0.013046 0.137441
v -0.916124 0.013047 0.137097
v -0.915758 0.013051 0.136436
v -0.908849 0.013045 0.137482
v -0.909269 0.013046 0.137441
v -0.915758 0.013051 0.136436
v -0.910068 0.013046 0.137443
v -0.91639 0.013044 0.137824
v -0.916124 0.013047 0.137097
v -0.909664 0.013046 0.137427
v -0.910068 0.013046 0.137443
v -0.916124 0.013047 0.137097
v -0.909269 0.013046 0.137441
v -0.909664 0.013046 0.137427
v -0.916124 0.013047 0.137097
v -0.910445 0.013045 0.13749
v -0.91639 0.013044 0.137824
v -0.910068 0.013046 0.137443
v -0.910794 0.013045 0.137568
v -0.91639 0.013044 0.137824
v -0.910445 0.013045 0.13749
v -0.911113 0.013044 0.137672
v -0.91639 0.013044 0.137824
v -0.910794 0.013045 0.137568
v -0.911401 0.013044 0.137803
v -0.91639 0.013044 0.137824
v -0.911113 0.013044 0.137672
v -0.911655 0.013043 0.137959
v -0.91639 0.013044 0.137824
v -0.911401 0.013044 0.137803
v -0.911655 0.013043 0.137959
v -0.916553 0.013039 0.138614
v -0.91639 0.013044 0.137824
v -0.911875 0.013042 0.138139
v -0.916553 0.013039 0.138614
v -0.911655 0.013043 0.137959
v -0.912058 0.013041 0.138339
v -0.916553 0.013039 0.138614
v -0.911875 0.013042 0.138139
v -0.912203 0.01304 0.13856
v -0.916553 0.013039 0.138614
v -0.912058 0.013041 0.138339
v -0.912309 0.013038 0.138799
v -0.916553 0.013039 0.138614
v -0.912203 0.01304 0.13856
v -0.912309 0.013038 0.138799
v -0.916609 0.013035 0.139464
v -0.916553 0.013039 0.138614
v -0.912374 0.013037 0.139055
v -0.916609 0.013035 0.139464
v -0.912309 0.013038 0.138799
v -0.912396 0.013035 0.139325
v -0.916609 0.013035 0.139464
v -0.912374 0.013037 0.139055
v -0.912366 0.013034 0.139561
v -0.916609 0.013035 0.139464
v -0.912396 0.013035 0.139325
v -0.912366 0.013034 0.139561
v -0.916417 0.013027 0.140783
v -0.916609 0.013035 0.139464
v -0.912276 0.013033 0.139808
v -0.916417 0.013027 0.140783
v -0.912366 0.013034 0.139561
v -0.912121 0.013031 0.140068
v -0.916417 0.013027 0.140783
v -0.912276 0.013033 0.139808
v -0.9119 0.01303 0.140344
v -0.916417 0.013027 0.140783
v -0.912121 0.013031 0.140068
v -0.911609 0.013028 0.140639
v -0.916417 0.013027 0.140783
v -0.9119 0.01303 0.140344
v -0.911244 0.013026 0.140957
v -0.916417 0.013027 0.140783
v -0.911609 0.013028 0.140639
v -0.911244 0.013026 0.140957
v -0.915888 0.013021 0.141951
v -0.916417 0.013027 0.140783
v -0.910803 0.013025 0.1413
v -0.915888 0.013021 0.141951
v -0.911244 0.013026 0.140957
v -0.910283 0.013023 0.14167
v -0.915888 0.013021 0.141951
v -0.910803 0.013025 0.1413
v -0.909681 0.01302 0.142072
v -0.915888 0.013021 0.141951
v -0.910283 0.013023 0.14167
v -0.909681 0.01302 0.142072
v -0.91509 0.013015 0.142986
v -0.915888 0.013021 0.141951
v -0.908993 0.013018 0.142508
v -0.91509 0.013015 0.142986
v -0.909681 0.01302 0.142072
v -0.908217 0.013015 0.14298
v -0.91509 0.013015 0.142986
v -0.908993 0.013018 0.142508
v -0.907349 0.013013 0.143492
v -0.91509 0.013015 0.142986
v -0.908217 0.013015 0.14298
v -0.907349 0.013013 0.143492
v -0.914088 0.01301 0.143909
v -0.91509 0.013015 0.142986
v -0.906538 0.01301 0.144043
v -0.914088 0.01301 0.143909
v -0.907349 0.013013 0.143492
v -0.906538 0.01301 0.144043
v -0.912951 0.013006 0.144736
v -0.914088 0.01301 0.143909
v -0.905814 0.013007 0.144563
v -0.912951 0.013006 0.144736
v -0.906538 0.01301 0.144043
v -0.905173 0.013004 0.14506
v -0.912951 0.013006 0.144736
v -0.905814 0.013007 0.144563
v -0.905173 0.013004 0.14506
v -0.911748 0.013002 0.145488
v -0.912951 0.013006 0.144736
v -0.904615 0.013002 0.145539
v -0.911748 0.013002 0.145488
v -0.905173 0.013004 0.14506
v -0.904615 0.013002 0.145539
v -0.910543 0.012998 0.146184
v -0.911748 0.013002 0.145488
v -0.904133 0.012999 0.146004
v -0.910543 0.012998 0.146184
v -0.904615 0.013002 0.145539
v -0.903727 0.012996 0.146461
v -0.910543 0.012998 0.146184
v -0.904133 0.012999 0.146004
v -0.903727 0.012996 0.146461
v -0.909407 0.012994 0.14684
v -0.910543 0.012998 0.146184
v -0.903392 0.012994 0.146914
v -0.909407 0.012994 0.14684
v -0.903727 0.012996 0.146461
v -0.903392 0.012994 0.146914
v -0.908406 0.012991 0.147478
v -0.909407 0.012994 0.14684
v -0.903124 0.012992 0.14737
v -0.908406 0.012991 0.147478
v -0.903392 0.012994 0.146914
v -0.902922 0.012989 0.147834
v -0.908406 0.012991 0.147478
v -0.903124 0.012992 0.14737
v -0.902922 0.012989 0.147834
v -0.907607 0.012987 0.148116
v -0.908406 0.012991 0.147478
v -0.902782 0.012986 0.148311
v -0.907607 0.012987 0.148116
v -0.902922 0.012989 0.147834
v -0.902782 0.012986 0.148311
v -0.907078 0.012984 0.148771
v -0.907607 0.012987 0.148116
v -0.9027 0.012984 0.148806
v -0.907078 0.012984 0.148771
v -0.902782 0.012986 0.148311
v -0.9027 0.012984 0.148806
v -0.906886 0.01298 0.149464
v -0.907078 0.012984 0.148771
v -0.902674 0.012981 0.149325
v -0.906886 0.01298 0.149464
v -0.9027 0.012984 0.148806
v -0.916081 0.01298 0.149536
v -0.916747 0.012958 0.153538
v -0.916747 0.012982 0.149093
v -0.902733 0.012976 0.150213
v -0.906886 0.01298 0.149464
v -0.902674 0.012981 0.149325
v -0.902733 0.012976 0.150213
v -0.906915 0.012978 0.149819
v -0.906886 0.01298 0.149464
v -0.915427 0.012978 0.149938
v -0.916747 0.012958 0.153538
v -0.916081 0.01298 0.149536
v -0.902733 0.012976 0.150213
v -0.906997 0.012976 0.150146
v -0.906915 0.012978 0.149819
v -0.914786 0.012976 0.150302
v -0.916747 0.012958 0.153538
v -0.915427 0.012978 0.149938
v -0.902733 0.012976 0.150213
v -0.90713 0.012975 0.150444
v -0.906997 0.012976 0.150146
v -0.902908 0.012972 0.151047
v -0.90713 0.012975 0.150444
v -0.902733 0.012976 0.150213
v -0.91416 0.012974 0.150624
v -0.916747 0.012958 0.153538
v -0.914786 0.012976 0.150302
v -0.902908 0.012972 0.151047
v -0.907308 0.012973 0.150714
v -0.90713 0.012975 0.150444
v -0.913552 0.012972 0.150908
v -0.916747 0.012958 0.153538
v -0.91416 0.012974 0.150624
v -0.902908 0.012972 0.151047
v -0.907529 0.012972 0.150954
v -0.907308 0.012973 0.150714
v -0.912963 0.012971 0.151154
v -0.916747 0.012958 0.153538
v -0.913552 0.012972 0.150908
v -0.902908 0.012972 0.151047
v -0.907789 0.012971 0.151165
v -0.907529 0.012972 0.150954
v -0.903191 0.012967 0.151823
v -0.907789 0.012971 0.151165
v -0.902908 0.012972 0.151047
v -0.912395 0.01297 0.15136
v -0.916747 0.012958 0.153538
v -0.912963 0.012971 0.151154
v -0.903191 0.012967 0.151823
v -0.908084 0.01297 0.151348
v -0.907789 0.012971 0.151165
v -0.903191 0.012967 0.151823
v -0.908409 0.012969 0.1515
v -0.908084 0.01297 0.151348
v -0.91185 0.012969 0.151528
v -0.916747 0.012958 0.153538
v -0.912395 0.01297 0.15136
v -0.903191 0.012967 0.151823
v -0.908761 0.012968 0.151625
v -0.908409 0.012969 0.1515
v -0.911331 0.012968 0.151659
v -0.916747 0.012958 0.153538
v -0.91185 0.012969 0.151528
v -0.903191 0.012967 0.151823
v -0.909137 0.012968 0.15172
v -0.908761 0.012968 0.151625
v -0.910838 0.012968 0.151751
v -0.916747 0.012958 0.153538
v -0.911331 0.012968 0.151659
v -0.903191 0.012967 0.151823
v -0.909532 0.012967 0.151787
v -0.909137 0.012968 0.15172
v -0.910375 0.012967 0.151807
v -0.916747 0.012958 0.153538
v -0.910838 0.012968 0.151751
v -0.903191 0.012967 0.151823
v -0.909942 0.012967 0.151825
v -0.909532 0.012967 0.151787
v -0.909942 0.012967 0.151825
v -0.916747 0.012958 0.153538
v -0.910375 0.012967 0.151807
v -0.903575 0.012963 0.152534
v -0.909942 0.012967 0.151825
v -0.903191 0.012967 0.151823
v -0.903575 0.012963 0.152534
v -0.916747 0.012958 0.153538
v -0.909942 0.012967 0.151825
v -0.904055 0.01296 0.153179
v -0.916747 0.012958 0.153538
v -0.903575 0.012963 0.152534
v -0.904624 0.012957 0.153752
v -0.916747 0.012958 0.153538
v -0.904055 0.01296 0.153179
v -0.904624 0.012957 0.153752
v -0.91609 0.012956 0.153867
v -0.916747 0.012958 0.153538
v -0.905274 0.012954 0.154249
v -0.91609 0.012956 0.153867
v -0.904624 0.012957 0.153752
v -0.905274 0.012954 0.154249
v -0.915457 0.012955 0.15416
v -0.91609 0.012956 0.153867
v -0.905274 0.012954 0.154249
v -0.914844 0.012953 0.15442
v -0.915457 0.012955 0.15416
v -0.906 0.012952 0.154665
v -0.914844 0.012953 0.15442
v -0.905274 0.012954 0.154249
v -0.906 0.012952 0.154665
v -0.914248 0.012952 0.154647
v -0.914844 0.012953 0.15442
v -0.906 0.012952 0.154665
v -0.913662 0.012951 0.154842
v -0.914248 0.012952 0.154647
v -0.906795 0.01295 0.154996
v -0.913662 0.012951 0.154842
v -0.906 0.012952 0.154665
v -0.906795 0.01295 0.154996
v -0.913084 0.01295 0.155007
v -0.913662 0.012951 0.154842
v -0.907651 0.012949 0.155237
v -0.913084 0.01295 0.155007
v -0.906795 0.01295 0.154996
v -0.907651 0.012949 0.155237
v -0.912509 0.012949 0.155144
v -0.913084 0.01295 0.155007
v -0.907651 0.012949 0.155237
v -0.911933 0.012949 0.155253
v -0.912509 0.012949 0.155144
v -0.908564 0.012948 0.155385
v -0.911933 0.012949 0.155253
v -0.907651 0.012949 0.155237
v -0.908564 0.012948 0.155385
v -0.91135 0.012948 0.155335
v -0.911933 0.012949 0.155253
v -0.908564 0.012948 0.155385
v -0.910758 0.012948 0.155391
v -0.91135 0.012948 0.155335
v -0.909525 0.012948 0.155436
v -0.910758 0.012948 0.155391
v -0.908564 0.012948 0.155385
v -0.909525 0.012948 0.155436
v -0.910151 0.012948 0.155425
v -0.910758 0.012948 0.155391
v -0.904221 0.015814 0.139254
v -0.904789 0.015815 0.138927
v -0.904789 0.013038 0.138911
v -0.904221 0.013036 0.139239
v -0.904789 0.015815 0.138927
v -0.905348 0.015817 0.138634
v -0.905348 0.013039 0.138618
v -0.904789 0.013038 0.138911
v -0.905348 0.015817 0.138634
v -0.905895 0.015818 0.138375
v -0.905895 0.013041 0.13836
v -0.905348 0.013039 0.138618
v -0.905895 0.015818 0.138375
v -0.90643 0.01582 0.138149
v -0.90643 0.013042 0.138134
v -0.905895 0.013041 0.13836
v -0.90643 0.01582 0.138149
v -0.90695 0.015821 0.137957
v -0.90695 0.013043 0.137942
v -0.90643 0.013042 0.138134
v -0.90695 0.015821 0.137957
v -0.907454 0.015821 0.137797
v -0.907454 0.013044 0.137782
v -0.90695 0.013043 0.137942
v -0.907454 0.015821 0.137797
v -0.907939 0.015822 0.137666
v -0.907939 0.013044 0.137652
v -0.907454 0.013044 0.137782
v -0.907939 0.015822 0.137666
v -0.908405 0.015823 0.137568
v -0.908405 0.013045 0.137552
v -0.907939 0.013044 0.137652
v -0.908405 0.015823 0.137568
v -0.908849 0.015823 0.137497
v -0.908849 0.013045 0.137482
v -0.908405 0.013045 0.137552
v -0.908849 0.015823 0.137497
v -0.909269 0.015823 0.137455
v -0.909269 0.013046 0.137441
v -0.908849 0.013045 0.137482
v -0.909269 0.015823 0.137455
v -0.909664 0.015823 0.137442
v -0.909664 0.013046 0.137427
v -0.909269 0.013046 0.137441
v -0.909664 0.015823 0.137442
v -0.910068 0.015823 0.137458
v -0.910068 0.013046 0.137443
v -0.909664 0.013046 0.137427
v -0.910068 0.015823 0.137458
v -0.910445 0.015823 0.137506
v -0.910445 0.013045 0.13749
v -0.910068 0.013046 0.137443
v -0.910445 0.015823 0.137506
v -0.910794 0.015823 0.137582
v -0.910794 0.013045 0.137568
v -0.910445 0.013045 0.13749
v -0.910794 0.015823 0.137582
v -0.911113 0.015822 0.137688
v -0.911113 0.013044 0.137672
v -0.910794 0.013045 0.137568
v -0.911113 0.015822 0.137688
v -0.911401 0.015821 0.137819
v -0.911401 0.013044 0.137803
v -0.911113 0.013044 0.137672
v -0.911401 0.015821 0.137819
v -0.911655 0.015821 0.137975
v -0.911655 0.013043 0.137959
v -0.911401 0.013044 0.137803
v -0.911655 0.015821 0.137975
v -0.911875 0.01582 0.138153
v -0.911875 0.013042 0.138139
v -0.911655 0.013043 0.137959
v -0.911875 0.01582 0.138153
v -0.912058 0.015818 0.138354
v -0.912058 0.013041 0.138339
v -0.911875 0.013042 0.138139
v -0.912058 0.015818 0.138354
v -0.912203 0.015817 0.138575
v -0.912203 0.01304 0.13856
v -0.912058 0.013041 0.138339
v -0.912203 0.015817 0.138575
v -0.912309 0.015816 0.138814
v -0.912309 0.013038 0.138799
v -0.912203 0.01304 0.13856
v -0.912309 0.015816 0.138814
v -0.912374 0.015815 0.139069
v -0.912374 0.013037 0.139055
v -0.912309 0.013038 0.138799
v -0.912374 0.015815 0.139069
v -0.912396 0.015813 0.13934
v -0.912396 0.013035 0.139325
v -0.912374 0.013037 0.139055
v -0.912396 0.015813 0.13934
v -0.912366 0.015812 0.139576
v -0.912366 0.013034 0.139561
v -0.912396 0.013035 0.139325
v -0.912366 0.015812 0.139576
v -0.912276 0.01581 0.139822
v -0.912276 0.013033 0.139808
v -0.912366 0.013034 0.139561
v -0.912276 0.01581 0.139822
v -0.912121 0.015809 0.140082
v -0.912121 0.013031 0.140068
v -0.912276 0.013033 0.139808
v -0.912121 0.015809 0.140082
v -0.9119 0.015808 0.140358
v -0.9119 0.01303 0.140344
v -0.912121 0.013031 0.140068
v -0.9119 0.015808 0.140358
v -0.911609 0.015806 0.140655
v -0.911609 0.013028 0.140639
v -0.9119 0.01303 0.140344
v -0.911609 0.015806 0.140655
v -0.911244 0.015804 0.140972
v -0.911244 0.013026 0.140957
v -0.911609 0.013028 0.140639
v -0.911244 0.015804 0.140972
v -0.910803 0.015802 0.141315
v -0.910803 0.013025 0.1413
v -0.911244 0.013026 0.140957
v -0.910803 0.015802 0.141315
v -0.910283 0.0158 0.141686
v -0.910283 0.013023 0.14167
v -0.910803 0.013025 0.1413
v -0.910283 0.0158 0.141686
v -0.909681 0.015798 0.142088
v -0.909681 0.01302 0.142072
v -0.910283 0.013023 0.14167
v -0.909681 0.015798 0.142088
v -0.908993 0.015796 0.142523
v -0.908993 0.013018 0.142508
v -0.909681 0.01302 0.142072
v -0.908993 0.015796 0.142523
v -0.908217 0.015793 0.142995
v -0.908217 0.013015 0.14298
v -0.908993 0.013018 0.142508
v -0.908217 0.015793 0.142995
v -0.907349 0.01579 0.143507
v -0.907349 0.013013 0.143492
v -0.908217 0.013015 0.14298
v -0.907349 0.01579 0.143507
v -0.906538 0.015787 0.144057
v -0.906538 0.01301 0.144043
v -0.907349 0.013013 0.143492
v -0.906538 0.015787 0.144057
v -0.905814 0.015785 0.144579
v -0.905814 0.013007 0.144563
v -0.906538 0.01301 0.144043
v -0.905814 0.015785 0.144579
v -0.905173 0.015782 0.145076
v -0.905173 0.013004 0.14506
v -0.905814 0.013007 0.144563
v -0.905173 0.015782 0.145076
v -0.904615 0.015779 0.145554
v -0.904615 0.013002 0.145539
v -0.905173 0.013004 0.14506
v -0.904615 0.015779 0.145554
v -0.904133 0.015777 0.146019
v -0.904133 0.012999 0.146004
v -0.904615 0.013002 0.145539
v -0.904133 0.015777 0.146019
v -0.903727 0.015774 0.146475
v -0.903727 0.012996 0.146461
v -0.904133 0.012999 0.146004
v -0.903727 0.015774 0.146475
v -0.903392 0.015772 0.146929
v -0.903392 0.012994 0.146914
v -0.903727 0.012996 0.146461
v -0.903392 0.015772 0.146929
v -0.903124 0.015769 0.147385
v -0.903124 0.012992 0.14737
v -0.903392 0.012994 0.146914
v -0.903124 0.015769 0.147385
v -0.902922 0.015767 0.147849
v -0.902922 0.012989 0.147834
v -0.903124 0.012992 0.14737
v -0.902922 0.015767 0.147849
v -0.902782 0.015764 0.148326
v -0.902782 0.012986 0.148311
v -0.902922 0.012989 0.147834
v -0.902782 0.015764 0.148326
v -0.9027 0.015761 0.148821
v -0.9027 0.012984 0.148806
v -0.902782 0.012986 0.148311
v -0.9027 0.015761 0.148821
v -0.902674 0.015759 0.14934
v -0.902674 0.012981 0.149325
v -0.9027 0.012984 0.148806
v -0.902674 0.015759 0.14934
v -0.902733 0.015754 0.150229
v -0.902733 0.012976 0.150213
v -0.902674 0.012981 0.149325
v -0.902733 0.015754 0.150229
v -0.902908 0.015749 0.151063
v -0.902908 0.012972 0.151047
v -0.902733 0.012976 0.150213
v -0.902908 0.015749 0.151063
v -0.903191 0.015745 0.151838
v -0.903191 0.012967 0.151823
v -0.902908 0.012972 0.151047
v -0.903191 0.015745 0.151838
v -0.903575 0.015741 0.15255
v -0.903575 0.012963 0.152534
v -0.903191 0.012967 0.151823
v -0.903575 0.015741 0.15255
v -0.904055 0.015738 0.153195
v -0.904055 0.01296 0.153179
v -0.903575 0.012963 0.152534
v -0.904055 0.015738 0.153195
v -0.904624 0.015734 0.153767
v -0.904624 0.012957 0.153752
v -0.904055 0.01296 0.153179
v -0.904624 0.015734 0.153767
v -0.905274 0.015732 0.154263
v -0.905274 0.012954 0.154249
v -0.904624 0.012957 0.153752
v -0.905274 0.015732 0.154263
v -0.906 0.01573 0.15468
v -0.906 0.012952 0.154665
v -0.905274 0.012954 0.154249
v -0.906 0.01573 0.15468
v -0.906795 0.015728 0.155011
v -0.906795 0.01295 0.154996
v -0.906 0.012952 0.154665
v -0.906795 0.015728 0.155011
v -0.907651 0.015726 0.155253
v -0.907651 0.012949 0.155237
v -0.906795 0.01295 0.154996
v -0.907651 0.015726 0.155253
v -0.908564 0.015726 0.1554
v -0.908564 0.012948 0.155385
v -0.907651 0.012949 0.155237
v -0.908564 0.015726 0.1554
v -0.909525 0.015725 0.155451
v -0.909525 0.012948 0.155436
v -0.908564 0.012948 0.155385
v -0.909525 0.015725 0.155451
v -0.910151 0.015725 0.15544
v -0.910151 0.012948 0.155425
v -0.909525 0.012948 0.155436
v -0.910151 0.015725 0.15544
v -0.910758 0.015726 0.155407
v -0.910758 0.012948 0.155391
v -0.910151 0.012948 0.155425
v -0.910758 0.015726 0.155407
v -0.91135 0.015726 0.155349
v -0.91135 0.012948 0.155335
v -0.910758 0.012948 0.155391
v -0.91135 0.015726 0.155349
v -0.911933 0.015726 0.155268
v -0.911933 0.012949 0.155253
v -0.91135 0.012948 0.155335
v -0.911933 0.015726 0.155268
v -0.912509 0.015727 0.155159
v -0.912509 0.012949 0.155144
v -0.911933 0.012949 0.155253
v -0.912509 0.015727 0.155159
v -0.913084 0.015728 0.155023
v -0.913084 0.01295 0.155007
v -0.912509 0.012949 0.155144
v -0.913084 0.015728 0.155023
v -0.913662 0.015729 0.154858
v -0.913662 0.012951 0.154842
v -0.913084 0.01295 0.155007
v -0.913662 0.015729 0.154858
v -0.914248 0.01573 0.154663
v -0.914248 0.012952 0.154647
v -0.913662 0.012951 0.154842
v -0.914248 0.01573 0.154663
v -0.914844 0.015731 0.154436
v -0.914844 0.012953 0.15442
v -0.914248 0.012952 0.154647
v -0.914844 0.015731 0.154436
v -0.915457 0.015732 0.154176
v -0.915457 0.012955 0.15416
v -0.914844 0.012953 0.15442
v -0.915457 0.015732 0.154176
v -0.91609 0.015734 0.153882
v -0.91609 0.012956 0.153867
v -0.915457 0.012955 0.15416
v -0.91609 0.015734 0.153882
v -0.916747 0.015736 0.153553
v -0.916747 0.012958 0.153538
v -0.91609 0.012956 0.153867
v -0.916747 0.015736 0.153553
v -0.916747 0.01576 0.149108
v -0.916747 0.012982 0.149093
v -0.916747 0.012958 0.153538
v -0.916747 0.01576 0.149108
v -0.916081 0.015757 0.149551
v -0.916081 0.01298 0.149536
v -0.916747 0.012982 0.149093
v -0.916081 0.015757 0.149551
v -0.915427 0.015755 0.149954
v -0.915427 0.012978 0.149938
v -0.916081 0.01298 0.149536
v -0.915427 0.015755 0.149954
v -0.914786 0.015753 0.150317
v -0.914786 0.012976 0.150302
v -0.915427 0.012978 0.149938
v -0.914786 0.015753 0.150317
v -0.91416 0.015752 0.15064
v -0.91416 0.012974 0.150624
v -0.914786 0.012976 0.150302
v -0.91416 0.015752 0.15064
v -0.913552 0.01575 0.150924
v -0.913552 0.012972 0.150908
v -0.91416 0.012974 0.150624
v -0.913552 0.01575 0.150924
v -0.912963 0.015749 0.151168
v -0.912963 0.012971 0.151154
v -0.913552 0.012972 0.150908
v -0.912963 0.015749 0.151168
v -0.912395 0.015748 0.151375
v -0.912395 0.01297 0.15136
v -0.912963 0.012971 0.151154
v -0.912395 0.015748 0.151375
v -0.91185 0.015747 0.151543
v -0.91185 0.012969 0.151528
v -0.912395 0.01297 0.15136
v -0.91185 0.015747 0.151543
v -0.911331 0.015746 0.151673
v -0.911331 0.012968 0.151659
v -0.91185 0.012969 0.151528
v -0.911331 0.015746 0.151673
v -0.910838 0.015745 0.151766
v -0.910838 0.012968 0.151751
v -0.911331 0.012968 0.151659
v -0.910838 0.015745 0.151766
v -0.910375 0.015745 0.151821
v -0.910375 0.012967 0.151807
v -0.910838 0.012968 0.151751
v -0.910375 0.015745 0.151821
v -0.909942 0.015745 0.15184
v -0.909942 0.012967 0.151825
v -0.910375 0.012967 0.151807
v -0.909942 0.015745 0.15184
v -0.909532 0.015745 0.151802
v -0.909532 0.012967 0.151787
v -0.909942 0.012967 0.151825
v -0.909532 0.015745 0.151802
v -0.909137 0.015746 0.151736
v -0.909137 0.012968 0.15172
v -0.909532 0.012967 0.151787
v -0.909137 0.015746 0.151736
v -0.908761 0.015746 0.151641
v -0.908761 0.012968 0.151625
v -0.909137 0.012968 0.15172
v -0.908761 0.015746 0.151641
v -0.908409 0.015747 0.151516
v -0.908409 0.012969 0.1515
v -0.908761 0.012968 0.151625
v -0.908409 0.015747 0.151516
v -0.908084 0.015748 0.151362
v -0.908084 0.01297 0.151348
v -0.908409 0.012969 0.1515
v -0.908084 0.015748 0.151362
v -0.907789 0.015749 0.151181
v -0.907789 0.012971 0.151165
v -0.908084 0.01297 0.151348
v -0.907789 0.015749 0.151181
v -0.907529 0.01575 0.150969
v -0.907529 0.012972 0.150954
v -0.907789 0.012971 0.151165
v -0.907529 0.01575 0.150969
v -0.907308 0.015751 0.150729
v -0.907308 0.012973 0.150714
v -0.907529 0.012972 0.150954
v -0.907308 0.015751 0.150729
v -0.90713 0.015753 0.15046
v -0.90713 0.012975 0.150444
v -0.907308 0.012973 0.150714
v -0.90713 0.015753 0.15046
v -0.906997 0.015754 0.150162
v -0.906997 0.012976 0.150146
v -0.90713 0.012975 0.150444
v -0.906997 0.015754 0.150162
v -0.906915 0.015756 0.149835
v -0.906915 0.012978 0.149819
v -0.906997 0.012976 0.150146
v -0.906915 0.015756 0.149835
v -0.906886 0.015758 0.149479
v -0.906886 0.01298 0.149464
v -0.906915 0.012978 0.149819
v -0.906886 0.015758 0.149479
v -0.907078 0.015762 0.148786
v -0.907078 0.012984 0.148771
v -0.906886 0.01298 0.149464
v -0.907078 0.015762 0.148786
v -0.907607 0.015765 0.148131
v -0.907607 0.012987 0.148116
v -0.907078 0.012984 0.148771
v -0.907607 0.015765 0.148131
v -0.908406 0.015769 0.147493
v -0.908406 0.012991 0.147478
v -0.907607 0.012987 0.148116
v -0.908406 0.015769 0.147493
v -0.909407 0.015772 0.146856
v -0.909407 0.012994 0.14684
v -0.908406 0.012991 0.147478
v -0.909407 0.015772 0.146856
v -0.910543 0.015776 0.146198
v -0.910543 0.012998 0.146184
v -0.909407 0.012994 0.14684
v -0.910543 0.015776 0.146198
v -0.911748 0.015779 0.145504
v -0.911748 0.013002 0.145488
v -0.910543 0.012998 0.146184
v -0.911748 0.015779 0.145504
v -0.912951 0.015784 0.144752
v -0.912951 0.013006 0.144736
v -0.911748 0.013002 0.145488
v -0.912951 0.015784 0.144752
v -0.914088 0.015788 0.143924
v -0.914088 0.01301 0.143909
v -0.912951 0.013006 0.144736
v -0.914088 0.015788 0.143924
v -0.91509 0.015793 0.143001
v -0.91509 0.013015 0.142986
v -0.914088 0.01301 0.143909
v -0.91509 0.015793 0.143001
v -0.915888 0.015799 0.141965
v -0.915888 0.013021 0.141951
v -0.91509 0.013015 0.142986
v -0.915888 0.015799 0.141965
v -0.916417 0.015805 0.140798
v -0.916417 0.013027 0.140783
v -0.915888 0.013021 0.141951
v -0.916417 0.015805 0.140798
v -0.916609 0.015812 0.139479
v -0.916609 0.013035 0.139464
v -0.916417 0.013027 0.140783
v -0.916609 0.015812 0.139479
v -0.916553 0.015817 0.138629
v -0.916553 0.013039 0.138614
v -0.916609 0.013035 0.139464
v -0.916553 0.015817 0.138629
v -0.91639 0.015821 0.137839
v -0.91639 0.013044 0.137824
v -0.916553 0.013039 0.138614
v -0.91639 0.015821 0.137839
v -0.916124 0.015825 0.137112
v -0.916124 0.013047 0.137097
v -0.91639 0.013044 0.137824
v -0.916124 0.015825 0.137112
v -0.915758 0.015829 0.136451
v -0.915758 0.013051 0.136436
v -0.916124 0.013047 0.137097
v -0.915758 0.015829 0.136451
v -0.915297 0.015832 0.135858
v -0.915297 0.013054 0.135843
v -0.915758 0.013051 0.136436
v -0.915297 0.015832 0.135858
v -0.914745 0.015835 0.135336
v -0.914745 0.013057 0.13532
v -0.915297 0.013054 0.135843
v -0.914745 0.015835 0.135336
v -0.914106 0.015837 0.134887
v -0.914106 0.01306 0.134871
v -0.914745 0.013057 0.13532
v -0.914106 0.015837 0.134887
v -0.913385 0.015839 0.134513
v -0.913385 0.013062 0.134499
v -0.914106 0.01306 0.134871
v -0.913385 0.015839 0.134513
v -0.912585 0.015841 0.134219
v -0.912585 0.013063 0.134203
v -0.913385 0.013062 0.134499
v -0.912585 0.015841 0.134219
v -0.911711 0.015842 0.134005
v -0.911711 0.013064 0.13399
v -0.912585 0.013063 0.134203
v -0.911711 0.015842 0.134005
v -0.910767 0.015843 0.133875
v -0.910767 0.013065 0.13386
v -0.911711 0.013064 0.13399
v -0.910767 0.015843 0.133875
v -0.909757 0.015843 0.133831
v -0.909757 0.013065 0.133816
v -0.910767 0.013065 0.13386
v -0.909757 0.015843 0.133831
v -0.90927 0.015843 0.133842
v -0.90927 0.013065 0.133827
v -0.909757 0.013065 0.133816
v -0.90927 0.015843 0.133842
v -0.90878 0.015843 0.133878
v -0.90878 0.013065 0.133862
v -0.90927 0.013065 0.133827
v -0.90878 0.015843 0.133878
v -0.908288 0.015843 0.133936
v -0.908288 0.013065 0.133921
v -0.90878 0.013065 0.133862
v -0.908288 0.015843 0.133936
v -0.907792 0.015842 0.134018
v -0.907792 0.013064 0.134003
v -0.908288 0.013065 0.133921
v -0.907792 0.015842 0.134018
v -0.907292 0.015841 0.134124
v -0.907292 0.013064 0.134108
v -0.907792 0.013064 0.134003
v -0.907292 0.015841 0.134124
v -0.906788 0.015841 0.134254
v -0.906788 0.013063 0.134238
v -0.907292 0.013064 0.134108
v -0.906788 0.015841 0.134254
v -0.906279 0.01584 0.134408
v -0.906279 0.013062 0.134392
v -0.906788 0.013063 0.134238
v -0.906279 0.01584 0.134408
v -0.905765 0.015839 0.134585
v -0.905765 0.013061 0.13457
v -0.906279 0.013062 0.134392
v -0.905765 0.015839 0.134585
v -0.905245 0.015838 0.134788
v -0.905245 0.01306 0.134773
v -0.905765 0.013061 0.13457
v -0.905245 0.015838 0.134788
v -0.904719 0.015837 0.135015
v -0.904719 0.013059 0.135
v -0.905245 0.01306 0.134773
v -0.904719 0.015837 0.135015
v -0.904186 0.015835 0.135267
v -0.904186 0.013058 0.135252
v -0.904719 0.013059 0.135
v -0.904186 0.015835 0.135267
v -0.903646 0.015834 0.135544
v -0.903646 0.013056 0.135529
v -0.904186 0.013058 0.135252
v -0.903646 0.015834 0.135544
v -0.903646 0.015812 0.139618
v -0.903646 0.013034 0.139603
v -0.903646 0.013056 0.135529
v -0.903646 0.015812 0.139618
v -0.904221 0.015814 0.139254
v -0.904221 0.013036 0.139239
v -0.903646 0.013034 0.139603
v -0.893785 0.015826 0.136979
v -0.893376 0.015829 0.136499
v -0.893376 0.013051 0.136484
v -0.893785 0.013048 0.136964
v -0.893376 0.015829 0.136499
v -0.892939 0.015831 0.136055
v -0.892939 0.013053 0.136039
v -0.893376 0.013051 0.136484
v -0.892939 0.015831 0.136055
v -0.892477 0.015833 0.135648
v -0.892477 0.013055 0.135633
v -0.892939 0.013053 0.136039
v -0.892477 0.015833 0.135648
v -0.891991 0.015835 0.135278
v -0.891991 0.013057 0.135263
v -0.892477 0.013055 0.135633
v -0.891991 0.015835 0.135278
v -0.891485 0.015837 0.134949
v -0.891485 0.013059 0.134933
v -0.891991 0.013057 0.135263
v -0.891485 0.015837 0.134949
v -0.890961 0.015839 0.134659
v -0.890961 0.013061 0.134643
v -0.891485 0.013059 0.134933
v -0.890961 0.015839 0.134659
v -0.890421 0.01584 0.134411
v -0.890421 0.013062 0.134395
v -0.890961 0.013061 0.134643
v -0.890421 0.01584 0.134411
v -0.889868 0.015841 0.134205
v -0.889868 0.013063 0.13419
v -0.890421 0.013062 0.134395
v -0.889868 0.015841 0.134205
v -0.889306 0.015842 0.134043
v -0.889306 0.013064 0.134028
v -0.889868 0.013063 0.13419
v -0.889306 0.015842 0.134043
v -0.888735 0.015843 0.133926
v -0.888735 0.013065 0.133911
v -0.889306 0.013064 0.134028
v -0.888735 0.015843 0.133926
v -0.888159 0.015843 0.133855
v -0.888159 0.013065 0.13384
v -0.888735 0.013065 0.133911
v -0.888159 0.015843 0.133855
v -0.887581 0.015843 0.133831
v -0.887581 0.013065 0.133816
v -0.888159 0.013065 0.13384
v -0.887581 0.015843 0.133831
v -0.886586 0.015843 0.133889
v -0.886586 0.013065 0.133874
v -0.887581 0.013065 0.133816
v -0.886586 0.015843 0.133889
v -0.885642 0.015842 0.134063
v -0.885642 0.013064 0.134048
v -0.886586 0.013065 0.133874
v -0.885642 0.015842 0.134063
v -0.884756 0.01584 0.134354
v -0.884756 0.013063 0.134339
v -0.885642 0.013064 0.134048
v -0.884756 0.01584 0.134354
v -0.883934 0.015838 0.134762
v -0.883934 0.01306 0.134747
v -0.884756 0.013063 0.134339
v -0.883934 0.015838 0.134762
v -0.883184 0.015835 0.135288
v -0.883184 0.013057 0.135273
v -0.883934 0.01306 0.134747
v -0.883184 0.015835 0.135288
v -0.882512 0.015832 0.135932
v -0.882512 0.013054 0.135917
v -0.883184 0.013057 0.135273
v -0.882512 0.015832 0.135932
v -0.881924 0.015827 0.136695
v -0.881924 0.01305 0.136679
v -0.882512 0.013054 0.135917
v -0.881924 0.015827 0.136695
v -0.881429 0.015823 0.137576
v -0.881429 0.013045 0.137561
v -0.881924 0.01305 0.136679
v -0.881429 0.015823 0.137576
v -0.881032 0.015817 0.138577
v -0.881032 0.01304 0.138562
v -0.881429 0.013045 0.137561
v -0.881032 0.015817 0.138577
v -0.88074 0.015811 0.139699
v -0.88074 0.013033 0.139683
v -0.881032 0.01304 0.138562
v -0.88074 0.015811 0.139699
v -0.880559 0.015804 0.14094
v -0.880559 0.013027 0.140925
v -0.88074 0.013033 0.139683
v -0.880559 0.015804 0.14094
v -0.880498 0.015797 0.142303
v -0.880498 0.013019 0.142288
v -0.880559 0.013027 0.140925
v -0.880498 0.015797 0.142303
v -0.880498 0.015728 0.155034
v -0.880498 0.01295 0.155019
v -0.880498 0.013019 0.142288
v -0.880498 0.015728 0.155034
v -0.884618 0.015728 0.155034
v -0.884618 0.01295 0.155019
v -0.880498 0.01295 0.155019
v -0.884618 0.015728 0.155034
v -0.884618 0.015798 0.142164
v -0.884618 0.01302 0.142149
v -0.884618 0.01295 0.155019
v -0.884618 0.015798 0.142164
v -0.88465 0.015802 0.141423
v -0.88465 0.013024 0.141408
v -0.884618 0.01302 0.142149
v -0.88465 0.015802 0.141423
v -0.884746 0.015806 0.14073
v -0.884746 0.013028 0.140714
v -0.88465 0.013024 0.141408
v -0.884746 0.015806 0.14073
v -0.884903 0.015809 0.140087
v -0.884903 0.013031 0.140071
v -0.884746 0.013028 0.140714
v -0.884903 0.015809 0.140087
v -0.885119 0.015812 0.139498
v -0.885119 0.013034 0.139483
v -0.884903 0.013031 0.140071
v -0.885119 0.015812 0.139498
v -0.885391 0.015815 0.138967
v -0.885391 0.013037 0.138951
v -0.885119 0.013034 0.139483
v -0.885391 0.015815 0.138967
v -0.885718 0.015818 0.138496
v -0.885718 0.01304 0.13848
v -0.885391 0.013037 0.138951
v -0.885718 0.015818 0.138496
v -0.886096 0.01582 0.138088
v -0.886096 0.013042 0.138073
v -0.885718 0.01304 0.13848
v -0.886096 0.01582 0.138088
v -0.886525 0.015822 0.137747
v -0.886525 0.013044 0.137732
v -0.886096 0.013042 0.138073
v -0.886525 0.015822 0.137747
v -0.887001 0.015823 0.137477
v -0.887001 0.013045 0.137461
v -0.886525 0.013044 0.137732
v -0.887001 0.015823 0.137477
v -0.887522 0.015824 0.137279
v -0.887522 0.013047 0.137265
v -0.887001 0.013045 0.137461
v -0.887522 0.015824 0.137279
v -0.888087 0.015825 0.137159
v -0.888087 0.013047 0.137144
v -0.887522 0.013047 0.137265
v -0.888087 0.015825 0.137159
v -0.888692 0.015825 0.137118
v -0.888692 0.013047 0.137103
v -0.888087 0.013047 0.137144
v -0.888692 0.015825 0.137118
v -0.889136 0.015825 0.137136
v -0.889136 0.013047 0.137121
v -0.888692 0.013047 0.137103
v -0.889136 0.015825 0.137136
v -0.889568 0.015825 0.13719
v -0.889568 0.013047 0.137175
v -0.889136 0.013047 0.137121
v -0.889568 0.015825 0.13719
v -0.889991 0.015824 0.137283
v -0.889991 0.013047 0.137267
v -0.889568 0.013047 0.137175
v -0.889991 0.015824 0.137283
v -0.890407 0.015824 0.137415
v -0.890407 0.013046 0.137399
v -0.889991 0.013047 0.137267
v -0.890407 0.015824 0.137415
v -0.89082 0.015823 0.137589
v -0.89082 0.013045 0.137574
v -0.890407 0.013046 0.137399
v -0.89082 0.015823 0.137589
v -0.891233 0.015821 0.137807
v -0.891233 0.013044 0.137791
v -0.89082 0.013045 0.137574
v -0.891233 0.015821 0.137807
v -0.891648 0.01582 0.13807
v -0.891648 0.013042 0.138055
v -0.891233 0.013044 0.137791
v -0.891648 0.01582 0.13807
v -0.89207 0.015818 0.13838
v -0.89207 0.013041 0.138365
v -0.891648 0.013042 0.138055
v -0.89207 0.015818 0.13838
v -0.892501 0.015816 0.138739
v -0.892501 0.013039 0.138724
v -0.89207 0.013041 0.138365
v -0.892501 0.015816 0.138739
v -0.892943 0.015814 0.139149
v -0.892943 0.013036 0.139133
v -0.892501 0.013039 0.138724
v -0.892943 0.015814 0.139149
v -0.893401 0.015812 0.139611
v -0.893401 0.013034 0.139596
v -0.892943 0.013036 0.139133
v -0.893401 0.015812 0.139611
v -0.893877 0.015809 0.140127
v -0.893877 0.013031 0.140112
v -0.893401 0.013034 0.139596
v -0.893877 0.015809 0.140127
v -0.893877 0.015728 0.155034
v -0.893877 0.01295 0.155019
v -0.893877 0.013031 0.140112
v -0.893877 0.015728 0.155034
v -0.897998 0.015728 0.155034
v -0.897998 0.01295 0.155019
v -0.893877 0.01295 0.155019
v -0.897998 0.015728 0.155034
v -0.897998 0.0159 0.123461
v -0.897998 0.013122 0.123446
v -0.897998 0.01295 0.155019
v -0.897998 0.0159 0.123461
v -0.893877 0.0159 0.123461
v -0.893877 0.013122 0.123446
v -0.897998 0.013122 0.123446
v -0.893877 0.0159 0.123461
v -0.893877 0.015826 0.136979
v -0.893877 0.013048 0.136964
v -0.893877 0.013122 0.123446
v -0.893877 0.015826 0.136979
v -0.893785 0.015826 0.136979
v -0.893785 0.013048 0.136964
v -0.893877 0.013048 0.136964
v -0.874664 0.015728 0.155034
v -0.874664 0.015841 0.134248
v -0.874664 0.013063 0.134233
v -0.874664 0.01295 0.155019
v -0.874664 0.015841 0.134248
v -0.870544 0.015841 0.134248
v -0.870544 0.013063 0.134233
v -0.874664 0.013063 0.134233
v -0.870544 0.015841 0.134248
v -0.870544 0.015728 0.155034
v -0.870544 0.01295 0.155019
v -0.870544 0.013063 0.134233
v -0.870544 0.015728 0.155034
v -0.874664 0.015728 0.155034
v -0.874664 0.01295 0.155019
v -0.870544 0.01295 0.155019
v -0.872911 0.015862 0.130382
v -0.873229 0.015862 0.130316
v -0.873229 0.013084 0.130302
v -0.872911 0.013084 0.130368
v -0.873229 0.015862 0.130316
v -0.873531 0.015863 0.130211
v -0.873531 0.013085 0.130195
v -0.873229 0.013084 0.130302
v -0.873531 0.015863 0.130211
v -0.873814 0.015864 0.130067
v -0.873814 0.013086 0.130053
v -0.873531 0.013085 0.130195
v -0.873814 0.015864 0.130067
v -0.874075 0.015865 0.12989
v -0.874075 0.013087 0.129875
v -0.873814 0.013086 0.130053
v -0.874075 0.015865 0.12989
v -0.874311 0.015866 0.129682
v -0.874311 0.013088 0.129667
v -0.874075 0.013087 0.129875
v -0.874311 0.015866 0.129682
v -0.87452 0.015867 0.129445
v -0.87452 0.013089 0.129431
v -0.874311 0.013088 0.129667
v -0.87452 0.015867 0.129445
v -0.874697 0.015868 0.129184
v -0.874697 0.013091 0.129169
v -0.87452 0.013089 0.129431
v -0.874697 0.015868 0.129184
v -0.87484 0.01587 0.128901
v -0.87484 0.013092 0.128886
v -0.874697 0.013091 0.129169
v -0.87484 0.01587 0.128901
v -0.874946 0.015872 0.128599
v -0.874946 0.013094 0.128585
v -0.87484 0.013092 0.128886
v -0.874946 0.015872 0.128599
v -0.875012 0.015873 0.128282
v -0.875012 0.013096 0.128267
v -0.874946 0.013094 0.128585
v -0.875012 0.015873 0.128282
v -0.875035 0.015875 0.127952
v -0.875035 0.013097 0.127936
v -0.875012 0.013096 0.128267
v -0.875035 0.015875 0.127952
v -0.875012 0.015877 0.127621
v -0.875012 0.013099 0.127606
v -0.875035 0.013097 0.127936
v -0.875012 0.015877 0.127621
v -0.874946 0.015879 0.127303
v -0.874946 0.013101 0.127289
v -0.875012 0.013099 0.127606
v -0.874946 0.015879 0.127303
v -0.87484 0.01588 0.127002
v -0.87484 0.013103 0.126987
v -0.874946 0.013101 0.127289
v -0.87484 0.01588 0.127002
v -0.874697 0.015882 0.126719
v -0.874697 0.013104 0.126704
v -0.87484 0.013103 0.126987
v -0.874697 0.015882 0.126719
v -0.87452 0.015883 0.126457
v -0.87452 0.013106 0.126443
v -0.874697 0.013104 0.126704
v -0.87452 0.015883 0.126457
v -0.874311 0.015885 0.126221
v -0.874311 0.013107 0.126206
v -0.87452 0.013106 0.126443
v -0.874311 0.015885 0.126221
v -0.874075 0.015886 0.126013
v -0.874075 0.013108 0.125998
v -0.874311 0.013107 0.126206
v -0.874075 0.015886 0.126013
v -0.873814 0.015887 0.125835
v -0.873814 0.013109 0.125821
v -0.874075 0.013108 0.125998
v -0.873814 0.015887 0.125835
v -0.873531 0.015887 0.125693
v -0.873531 0.01311 0.125677
v -0.873814 0.013109 0.125821
v -0.873531 0.015887 0.125693
v -0.873229 0.015888 0.125586
v -0.873229 0.01311 0.125572
v -0.873531 0.01311 0.125677
v -0.873229 0.015888 0.125586
v -0.872911 0.015888 0.12552
v -0.872911 0.013111 0.125506
v -0.873229 0.01311 0.125572
v -0.872911 0.015888 0.12552
v -0.872581 0.015888 0.125498
v -0.872581 0.013111 0.125483
v -0.872911 0.013111 0.125506
v -0.872581 0.015888 0.125498
v -0.872251 0.015888 0.12552
v -0.872251 0.013111 0.125506
v -0.872581 0.013111 0.125483
v -0.872251 0.015888 0.12552
v -0.871933 0.015888 0.125586
v -0.871933 0.01311 0.125572
v -0.872251 0.013111 0.125506
v -0.871933 0.015888 0.125586
v -0.871631 0.015887 0.125693
v -0.871631 0.01311 0.125677
v -0.871933 0.01311 0.125572
v -0.871631 0.015887 0.125693
v -0.871348 0.015887 0.125835
v -0.871348 0.013109 0.125821
v -0.871631 0.01311 0.125677
v -0.871348 0.015887 0.125835
v -0.871087 0.015886 0.126013
v -0.871087 0.013108 0.125998
v -0.871348 0.013109 0.125821
v -0.871087 0.015886 0.126013
v -0.870851 0.015885 0.126221
v -0.870851 0.013107 0.126206
v -0.871087 0.013108 0.125998
v -0.870851 0.015885 0.126221
v -0.870643 0.015883 0.126457
v -0.870643 0.013106 0.126443
v -0.870851 0.013107 0.126206
v -0.870643 0.015883 0.126457
v -0.870465 0.015882 0.126719
v -0.870465 0.013104 0.126704
v -0.870643 0.013106 0.126443
v -0.870465 0.015882 0.126719
v -0.870322 0.01588 0.127002
v -0.870322 0.013103 0.126987
v -0.870465 0.013104 0.126704
v -0.870322 0.01588 0.127002
v -0.870216 0.015879 0.127303
v -0.870216 0.013101 0.127289
v -0.870322 0.013103 0.126987
v -0.870216 0.015879 0.127303
v -0.87015 0.015877 0.127621
v -0.87015 0.013099 0.127606
v -0.870216 0.013101 0.127289
v -0.87015 0.015877 0.127621
v -0.870127 0.015875 0.127952
v -0.870127 0.013097 0.127936
v -0.87015 0.013099 0.127606
v -0.870127 0.015875 0.127952
v -0.87015 0.015873 0.128282
v -0.87015 0.013096 0.128267
v -0.870127 0.013097 0.127936
v -0.87015 0.015873 0.128282
v -0.870216 0.015872 0.128599
v -0.870216 0.013094 0.128585
v -0.87015 0.013096 0.128267
v -0.870216 0.015872 0.128599
v -0.870322 0.01587 0.128901
v -0.870322 0.013092 0.128886
v -0.870216 0.013094 0.128585
v -0.870322 0.01587 0.128901
v -0.870465 0.015868 0.129184
v -0.870465 0.013091 0.129169
v -0.870322 0.013092 0.128886
v -0.870465 0.015868 0.129184
v -0.870643 0.015867 0.129445
v -0.870643 0.013089 0.129431
v -0.870465 0.013091 0.129169
v -0.870643 0.015867 0.129445
v -0.870851 0.015866 0.129682
v -0.870851 0.013088 0.129667
v -0.870643 0.013089 0.129431
v -0.870851 0.015866 0.129682
v -0.871087 0.015865 0.12989
v -0.871087 0.013087 0.129875
v -0.870851 0.013088 0.129667
v -0.871087 0.015865 0.12989
v -0.871348 0.015864 0.130067
v -0.871348 0.013086 0.130053
v -0.871087 0.013087 0.129875
v -0.871348 0.015864 0.130067
v -0.871631 0.015863 0.130211
v -0.871631 0.013085 0.130195
v -0.871348 0.013086 0.130053
v -0.871631 0.015863 0.130211
v -0.871933 0.015862 0.130316
v -0.871933 0.013084 0.130302
v -0.871631 0.013085 0.130195
v -0.871933 0.015862 0.130316
v -0.872251 0.015862 0.130382
v -0.872251 0.013084 0.130368
v -0.871933 0.013084 0.130302
v -0.872251 0.015862 0.130382
v -0.872581 0.015862 0.130405
v -0.872581 0.013084 0.13039
v -0.872251 0.013084 0.130368
v -0.872581 0.015862 0.130405
v -0.872911 0.015862 0.130382
v -0.872911 0.013084 0.130368
v -0.872581 0.013084 0.13039
v -0.853999 0.015878 0.127423
v -0.854158 0.015878 0.127365
v -0.854158 0.013101 0.127349
v -0.853999 0.0131 0.127408
v -0.854158 0.015878 0.127365
v -0.854309 0.015879 0.127313
v -0.854309 0.013101 0.127299
v -0.854158 0.013101 0.127349
v -0.854309 0.015879 0.127313
v -0.854455 0.015879 0.127269
v -0.854455 0.013101 0.127254
v -0.854309 0.013101 0.127299
v -0.854455 0.015879 0.127269
v -0.854598 0.015879 0.127231
v -0.854598 0.013101 0.127216
v -0.854455 0.013101 0.127254
v -0.854598 0.015879 0.127231
v -0.85474 0.015879 0.1272
v -0.85474 0.013101 0.127184
v -0.854598 0.013101 0.127216
v -0.85474 0.015879 0.1272
v -0.854882 0.015879 0.127173
v -0.854882 0.013102 0.127158
v -0.85474 0.013101 0.127184
v -0.854882 0.015879 0.127173
v -0.855028 0.015879 0.127153
v -0.855028 0.013102 0.127137
v -0.854882 0.013102 0.127158
v -0.855028 0.015879 0.127153
v -0.855179 0.01588 0.127137
v -0.855179 0.013102 0.127122
v -0.855028 0.013102 0.127137
v -0.855179 0.01588 0.127137
v -0.855337 0.01588 0.127127
v -0.855337 0.013102 0.127111
v -0.855179 0.013102 0.127122
v -0.855337 0.01588 0.127127
v -0.855504 0.01588 0.12712
v -0.855504 0.013102 0.127105
v -0.855337 0.013102 0.127111
v -0.855504 0.01588 0.12712
v -0.855683 0.01588 0.127118
v -0.855683 0.013102 0.127103
v -0.855504 0.013102 0.127105
v -0.855683 0.01588 0.127118
v -0.85647 0.015879 0.127158
v -0.85647 0.013102 0.127143
v -0.855683 0.013102 0.127103
v -0.85647 0.015879 0.127158
v -0.857166 0.015879 0.127277
v -0.857166 0.013101 0.127262
v -0.85647 0.013102 0.127143
v -0.857166 0.015879 0.127277
v -0.857777 0.015878 0.127472
v -0.857777 0.0131 0.127457
v -0.857166 0.013101 0.127262
v -0.857777 0.015878 0.127472
v -0.858305 0.015876 0.127741
v -0.858305 0.013099 0.127725
v -0.857777 0.0131 0.127457
v -0.858305 0.015876 0.127741
v -0.858755 0.015874 0.128081
v -0.858755 0.013097 0.128065
v -0.858305 0.013099 0.127725
v -0.858755 0.015874 0.128081
v -0.859132 0.015872 0.128489
v -0.859132 0.013094 0.128475
v -0.858755 0.013097 0.128065
v -0.859132 0.015872 0.128489
v -0.85944 0.01587 0.128965
v -0.85944 0.013092 0.12895
v -0.859132 0.013094 0.128475
v -0.85944 0.01587 0.128965
v -0.859682 0.015867 0.129505
v -0.859682 0.013089 0.12949
v -0.85944 0.013092 0.12895
v -0.859682 0.015867 0.129505
v -0.859863 0.015863 0.130106
v -0.859863 0.013086 0.130092
v -0.859682 0.013089 0.12949
v -0.859863 0.015863 0.130106
v -0.859987 0.01586 0.130767
v -0.859987 0.013082 0.130752
v -0.859863 0.013086 0.130092
v -0.859987 0.01586 0.130767
v -0.860058 0.015856 0.131485
v -0.860058 0.013078 0.13147
v -0.859987 0.013082 0.130752
v -0.860058 0.015856 0.131485
v -0.860081 0.015852 0.132257
v -0.860081 0.013074 0.132242
v -0.860058 0.013078 0.13147
v -0.860081 0.015852 0.132257
v -0.860081 0.015841 0.134248
v -0.860081 0.013063 0.134233
v -0.860081 0.013074 0.132242
v -0.860081 0.015841 0.134248
v -0.856331 0.015841 0.134248
v -0.856331 0.013063 0.134233
v -0.860081 0.013063 0.134233
v -0.856331 0.015841 0.134248
v -0.856331 0.015821 0.137951
v -0.856331 0.013043 0.137936
v -0.856331 0.013063 0.134233
v -0.856331 0.015821 0.137951
v -0.860081 0.015821 0.137951
v -0.860081 0.013043 0.137936
v -0.856331 0.013043 0.137936
v -0.860081 0.015821 0.137951
v -0.860081 0.015728 0.155034
v -0.860081 0.01295 0.155019
v -0.860081 0.013043 0.137936
v -0.860081 0.015728 0.155034
v -0.864202 0.015728 0.155034
v -0.864202 0.01295 0.155019
v -0.860081 0.01295 0.155019
v -0.864202 0.015728 0.155034
v -0.864202 0.015821 0.137951
v -0.864202 0.013043 0.137936
v -0.864202 0.01295 0.155019
v -0.864202 0.015821 0.137951
v -0.867118 0.015821 0.137951
v -0.867118 0.013043 0.137936
v -0.864202 0.013043 0.137936
v -0.867118 0.015821 0.137951
v -0.867118 0.015841 0.134248
v -0.867118 0.013063 0.134233
v -0.867118 0.013043 0.137936
v -0.867118 0.015841 0.134248
v -0.864202 0.015841 0.134248
v -0.864202 0.013063 0.134233
v -0.867118 0.013063 0.134233
v -0.864202 0.015841 0.134248
v -0.864202 0.015849 0.13272
v -0.864202 0.013071 0.132705
v -0.864202 0.013063 0.134233
v -0.864202 0.015849 0.13272
v -0.864181 0.015854 0.131745
v -0.864181 0.013077 0.131729
v -0.864202 0.013071 0.132705
v -0.864181 0.015854 0.131745
v -0.864122 0.015859 0.130852
v -0.864122 0.013082 0.130837
v -0.864181 0.013077 0.131729
v -0.864122 0.015859 0.130852
v -0.864024 0.015864 0.130035
v -0.864024 0.013086 0.13002
v -0.864122 0.013082 0.130837
v -0.864024 0.015864 0.130035
v -0.863888 0.015868 0.129287
v -0.863888 0.01309 0.129272
v -0.864024 0.013086 0.13002
v -0.863888 0.015868 0.129287
v -0.863715 0.015872 0.128603
v -0.863715 0.013094 0.128587
v -0.863888 0.01309 0.129272
v -0.863715 0.015872 0.128603
v -0.863507 0.015875 0.127974
v -0.863507 0.013097 0.12796
v -0.863715 0.013094 0.128587
v -0.863507 0.015875 0.127974
v -0.863264 0.015878 0.127397
v -0.863264 0.0131 0.127382
v -0.863507 0.013097 0.12796
v -0.863264 0.015878 0.127397
v -0.862988 0.015881 0.126863
v -0.862988 0.013103 0.126848
v -0.863264 0.0131 0.127382
v -0.862988 0.015881 0.126863
v -0.862678 0.015884 0.126366
v -0.862678 0.013106 0.126351
v -0.862988 0.013103 0.126848
v -0.862678 0.015884 0.126366
v -0.862337 0.015886 0.1259
v -0.862337 0.013109 0.125885
v -0.862678 0.013106 0.126351
v -0.862337 0.015886 0.1259
v -0.861965 0.015889 0.125458
v -0.861965 0.013111 0.125444
v -0.862337 0.013109 0.125885
v -0.861965 0.015889 0.125458
v -0.861563 0.015891 0.125035
v -0.861563 0.013113 0.12502
v -0.861965 0.013111 0.125444
v -0.861563 0.015891 0.125035
v -0.86111 0.015893 0.124615
v -0.86111 0.013116 0.1246
v -0.861563 0.013113 0.12502
v -0.86111 0.015893 0.124615
v -0.86063 0.015895 0.124237
v -0.86063 0.013118 0.124221
v -0.86111 0.013116 0.1246
v -0.86063 0.015895 0.124237
v -0.86012 0.015897 0.123903
v -0.86012 0.013119 0.123889
v -0.86063 0.013118 0.124221
v -0.86012 0.015897 0.123903
v -0.859579 0.015899 0.123618
v -0.859579 0.013121 0.123604
v -0.86012 0.013119 0.123889
v -0.859579 0.015899 0.123618
v -0.859003 0.0159 0.123385
v -0.859003 0.013122 0.12337
v -0.859579 0.013121 0.123604
v -0.859003 0.0159 0.123385
v -0.858391 0.015901 0.123207
v -0.858391 0.013123 0.123191
v -0.859003 0.013122 0.12337
v -0.858391 0.015901 0.123207
v -0.857741 0.015902 0.123085
v -0.857741 0.013124 0.12307
v -0.858391 0.013123 0.123191
v -0.857741 0.015902 0.123085
v -0.85705 0.015902 0.123025
v -0.85705 0.013124 0.123011
v -0.857741 0.013124 0.12307
v -0.85705 0.015902 0.123025
v -0.856315 0.015902 0.12303
v -0.856315 0.013124 0.123015
v -0.85705 0.013124 0.123011
v -0.856315 0.015902 0.12303
v -0.855536 0.015902 0.123102
v -0.855536 0.013124 0.123086
v -0.856315 0.013124 0.123015
v -0.855536 0.015902 0.123102
v -0.854708 0.015901 0.123245
v -0.854708 0.013123 0.12323
v -0.855536 0.013124 0.123086
v -0.854708 0.015901 0.123245
v -0.853831 0.0159 0.123461
v -0.853831 0.013122 0.123446
v -0.854708 0.013123 0.12323
v -0.853831 0.0159 0.123461
v -0.853831 0.015878 0.127488
v -0.853831 0.0131 0.127474
v -0.853831 0.013122 0.123446
v -0.853831 0.015878 0.127488
v -0.853999 0.015878 0.127423
v -0.853999 0.0131 0.127408
v -0.853831 0.0131 0.127474
v -0.841655 0.015841 0.134248
v -0.841655 0.015821 0.137951
v -0.841655 0.013043 0.137936
v -0.841655 0.013063 0.134233
v -0.841655 0.015821 0.137951
v -0.848229 0.015821 0.137951
v -0.848229 0.013043 0.137936
v -0.841655 0.013043 0.137936
v -0.848229 0.015821 0.137951
v -0.848229 0.015763 0.1486
v -0.848229 0.012985 0.148584
v -0.848229 0.013043 0.137936
v -0.848229 0.015763 0.1486
v -0.848194 0.015759 0.149176
v -0.848194 0.012982 0.149162
v -0.848229 0.012985 0.148584
v -0.848194 0.015759 0.149176
v -0.848094 0.015757 0.149685
v -0.848094 0.012979 0.149669
v -0.848194 0.012982 0.149162
v -0.848094 0.015757 0.149685
v -0.847936 0.015754 0.150127
v -0.847936 0.012977 0.150111
v -0.848094 0.012979 0.149669
v -0.847936 0.015754 0.150127
v -0.847729 0.015752 0.150506
v -0.847729 0.012975 0.150491
v -0.847936 0.012977 0.150111
v -0.847729 0.015752 0.150506
v -0.847481 0.015751 0.150827
v -0.847481 0.012973 0.150812
v -0.847729 0.012975 0.150491
v -0.847481 0.015751 0.150827
v -0.847199 0.015749 0.151093
v -0.847199 0.012971 0.151079
v -0.847481 0.012973 0.150812
v -0.847199 0.015749 0.151093
v -0.846893 0.015748 0.151309
v -0.846893 0.01297 0.151294
v -0.847199 0.012971 0.151079
v -0.846893 0.015748 0.151309
v -0.84657 0.015747 0.151477
v -0.84657 0.012969 0.151461
v -0.846893 0.01297 0.151294
v -0.84657 0.015747 0.151477
v -0.846237 0.015746 0.1516
v -0.846237 0.012969 0.151586
v -0.84657 0.012969 0.151461
v -0.846237 0.015746 0.1516
v -0.845904 0.015746 0.151684
v -0.845904 0.012968 0.15167
v -0.846237 0.012969 0.151586
v -0.845904 0.015746 0.151684
v -0.845578 0.015746 0.151733
v -0.845578 0.012968 0.151717
v -0.845904 0.012968 0.15167
v -0.845578 0.015746 0.151733
v -0.845266 0.015745 0.151747
v -0.845266 0.012968 0.151733
v -0.845578 0.012968 0.151717
v -0.845266 0.015745 0.151747
v -0.844895 0.015746 0.151737
v -0.844895 0.012968 0.151722
v -0.845266 0.012968 0.151733
v -0.844895 0.015746 0.151737
v -0.844521 0.015746 0.151705
v -0.844521 0.012968 0.15169
v -0.844895 0.012968 0.151722
v -0.844521 0.015746 0.151705
v -0.844145 0.015746 0.151652
v -0.844145 0.012968 0.151637
v -0.844521 0.012968 0.15169
v -0.844145 0.015746 0.151652
v -0.843766 0.015746 0.151578
v -0.843766 0.012969 0.151562
v -0.844145 0.012968 0.151637
v -0.843766 0.015746 0.151578
v -0.843384 0.015747 0.151482
v -0.843384 0.012969 0.151467
v -0.843766 0.012969 0.151562
v -0.843384 0.015747 0.151482
v -0.842998 0.015748 0.151366
v -0.842998 0.01297 0.15135
v -0.843384 0.012969 0.151467
v -0.842998 0.015748 0.151366
v -0.842608 0.015748 0.151228
v -0.842608 0.012971 0.151212
v -0.842998 0.01297 0.15135
v -0.842608 0.015748 0.151228
v -0.842214 0.015749 0.151068
v -0.842214 0.012971 0.151053
v -0.842608 0.012971 0.151212
v -0.842214 0.015749 0.151068
v -0.841816 0.01575 0.150888
v -0.841816 0.012972 0.150873
v -0.842214 0.012971 0.151053
v -0.841816 0.01575 0.150888
v -0.841413 0.015751 0.150687
v -0.841413 0.012974 0.150671
v -0.841816 0.012972 0.150873
v -0.841413 0.015751 0.150687
v -0.841004 0.015752 0.150464
v -0.841004 0.012975 0.150449
v -0.841413 0.012974 0.150671
v -0.841004 0.015752 0.150464
v -0.840591 0.015754 0.15022
v -0.840591 0.012976 0.150204
v -0.841004 0.012975 0.150449
v -0.840591 0.015754 0.15022
v -0.840591 0.015733 0.154062
v -0.840591 0.012955 0.154047
v -0.840591 0.012976 0.150204
v -0.840591 0.015733 0.154062
v -0.840965 0.015732 0.154255
v -0.840965 0.012954 0.15424
v -0.840591 0.012955 0.154047
v -0.840965 0.015732 0.154255
v -0.841366 0.015731 0.154438
v -0.841366 0.012953 0.154423
v -0.840965 0.012954 0.15424
v -0.841366 0.015731 0.154438
v -0.841788 0.01573 0.154611
v -0.841788 0.012952 0.154596
v -0.841366 0.012953 0.154423
v -0.841788 0.01573 0.154611
v -0.842226 0.015729 0.154772
v -0.842226 0.012951 0.154757
v -0.841788 0.012952 0.154596
v -0.842226 0.015729 0.154772
v -0.842674 0.015728 0.15492
v -0.842674 0.01295 0.154904
v -0.842226 0.012951 0.154757
v -0.842674 0.015728 0.15492
v -0.843125 0.015727 0.155051
v -0.843125 0.01295 0.155036
v -0.842674 0.01295 0.154904
v -0.843125 0.015727 0.155051
v -0.843575 0.015727 0.155168
v -0.843575 0.012949 0.155152
v -0.843125 0.01295 0.155036
v -0.843575 0.015727 0.155168
v -0.844017 0.015726 0.155266
v -0.844017 0.012949 0.155251
v -0.843575 0.012949 0.155152
v -0.844017 0.015726 0.155266
v -0.844445 0.015726 0.155345
v -0.844445 0.012948 0.155329
v -0.844017 0.012949 0.155251
v -0.844445 0.015726 0.155345
v -0.844854 0.015726 0.155403
v -0.844854 0.012948 0.155388
v -0.844445 0.012948 0.155329
v -0.844854 0.015726 0.155403
v -0.845238 0.015725 0.155438
v -0.845238 0.012948 0.155424
v -0.844854 0.012948 0.155388
v -0.845238 0.015725 0.155438
v -0.845591 0.015725 0.155451
v -0.845591 0.012948 0.155436
v -0.845238 0.012948 0.155424
v -0.845591 0.015725 0.155451
v -0.846667 0.015726 0.155394
v -0.846667 0.012948 0.155379
v -0.845591 0.012948 0.155436
v -0.846667 0.015726 0.155394
v -0.847651 0.015727 0.155228
v -0.847651 0.012949 0.155213
v -0.846667 0.012948 0.155379
v -0.847651 0.015727 0.155228
v -0.848541 0.015728 0.154959
v -0.848541 0.01295 0.154943
v -0.847651 0.012949 0.155213
v -0.848541 0.015728 0.154959
v -0.849339 0.01573 0.154592
v -0.849339 0.012952 0.154577
v -0.848541 0.01295 0.154943
v -0.849339 0.01573 0.154592
v -0.850043 0.015732 0.154135
v -0.850043 0.012955 0.15412
v -0.849339 0.012952 0.154577
v -0.850043 0.015732 0.154135
v -0.850654 0.015735 0.153593
v -0.850654 0.012958 0.153579
v -0.850043 0.012955 0.15412
v -0.850654 0.015735 0.153593
v -0.851172 0.015739 0.152974
v -0.851172 0.012961 0.152958
v -0.850654 0.012958 0.153579
v -0.851172 0.015739 0.152974
v -0.851595 0.015743 0.152283
v -0.851595 0.012965 0.152267
v -0.851172 0.012961 0.152958
v -0.851595 0.015743 0.152283
v -0.851925 0.015747 0.151525
v -0.851925 0.012969 0.15151
v -0.851595 0.012965 0.152267
v -0.851925 0.015747 0.151525
v -0.852161 0.015751 0.150709
v -0.852161 0.012973 0.150694
v -0.851925 0.012969 0.15151
v -0.852161 0.015751 0.150709
v -0.852303 0.015756 0.14984
v -0.852303 0.012978 0.149825
v -0.852161 0.012973 0.150694
v -0.852303 0.015756 0.14984
v -0.85235 0.015761 0.148924
v -0.85235 0.012983 0.148908
v -0.852303 0.012978 0.149825
v -0.85235 0.015761 0.148924
v -0.85235 0.015821 0.137951
v -0.85235 0.013043 0.137936
v -0.85235 0.012983 0.148908
v -0.85235 0.015821 0.137951
v -0.855961 0.015821 0.137951
v -0.855961 0.013043 0.137936
v -0.85235 0.013043 0.137936
v -0.855961 0.015821 0.137951
v -0.855961 0.015823 0.137488
v -0.855961 0.013045 0.137473
v -0.855961 0.013043 0.137936
v -0.855961 0.015823 0.137488
v -0.848229 0.015864 0.129943
v -0.848229 0.013087 0.129927
v -0.855961 0.013045 0.137473
v -0.848229 0.015864 0.129943
v -0.848229 0.015841 0.134248
v -0.848229 0.013063 0.134233
v -0.848229 0.013087 0.129927
v -0.848229 0.015841 0.134248
v -0.841655 0.015841 0.134248
v -0.841655 0.013063 0.134233
v -0.848229 0.013063 0.134233
vn -0 1 0.0053
vn -0 1 0.0055
vn -0.0001 1 0.0053
vn -0 1 0.0053
vn -0 1 0.0054
vn -0 1 0.0055
vn -0 1 0.0053
vn -0 1 0.0054
vn -0 1 0.0054
vn -0 1 0.0053
vn -0 1 0.0054
vn -0 1 0.0053
vn -0 -0 1
vn -0 -0 1
vn -0 -0 1
vn 0.0001 1 0.0055
vn -0 1 0.0055
vn -0 1 0.0055
vn -0 -0 1
vn -0 -0 1
vn -0 -0 1
vn 0.0001 1 0.0055
vn -0 1 0.0058
vn -0 1 0.0055
vn 0.0001 1 0.0055
vn -0 1 0.0054
vn -0 1 0.0058
vn -0 1 0.0052
vn -0 1 0.0054
vn 0.0001 1 0.0055
vn -0 1 0.0052
vn -0 1 0.0056
vn -0 1 0.0054
vn -0 1 0.0052
vn -0 1 0.0055
vn -0 1 0.0056
vn -0 1 0.0053
vn -0 1 0.0055
vn -0 1 0.0052
vn -0 1 0.0053
vn -0 1 0.0051
vn -0 1 0.0055
vn -0.0001 1 0.0054
vn -0.0001 1 0.0053
vn -0.0001 1 0.0055
vn 0.0003 1 0.0053
vn -0.0001 1 0.0053
vn -0.0001 1 0.0054
vn -0 1 0.0053
vn -0 1 0.0055
vn -0 1 0.0051
vn -0 1 0.0053
vn -0.0001 1 0.0053
vn 0.0003 1 0.0053
vn -0 1 0.0051
vn -0 1 0.0055
vn -0 1 0.0053
vn -0 1 0.0051
vn 0.0001 1 0.0053
vn -0 1 0.0055
vn -0.0002 1 0.0055
vn -0.0001 1 0.0053
vn -0 1 0.0053
vn 0.0002 1 0.0053
vn -0.0001 1 0.0053
vn -0.0002 1 0.0055
vn -0 1 0.0051
vn -0 1 0.0056
vn 0.0001 1 0.0053
vn 0.0001 1 0.0055
vn -0.0001 1 0.0053
vn 0.0002 1 0.0053
vn -0 1 0.0051
vn -0 1 0.0057
vn -0 1 0.0056
vn -0.0001 1 0.0055
vn -0.0001 1 0.0053
vn 0.0001 1 0.0055
vn -0 1 0.0051
vn 0.0001 1 0.0055
vn -0 1 0.0057
vn -0 1 0.0053
vn -0.0001 1 0.0053
vn -0.0001 1 0.0055
vn 0.0001 1 0.0054
vn 0.0001 1 0.0055
vn -0 1 0.0051
vn -0.0001 1 0.0058
vn -0.0001 1 0.0053
vn -0 1 0.0053
vn 0.0001 1 0.0054
vn -0 1 0.0053
vn 0.0001 1 0.0055
vn -0.0001 1 0.0054
vn -0.0001 1 0.0053
vn -0.0001 1 0.0058
vn 0.0001 1 0.0054
vn -0 1 0.0055
vn -0 1 0.0053
vn -0 1 0.0054
vn -0.0001 1 0.0053
vn -0.0001 1 0.0054
vn 0.0001 1 0.0054
vn -0 1 0.0057
vn -0 1 0.0055
vn -0 1 0.0057
vn -0.0001 1 0.0053
vn -0 1 0.0054
vn 0.0001 1 0.0054
vn -0.0001 1 0.0053
vn -0 1 0.0057
vn -0 1 0.0055
vn -0.0001 1 0.0053
vn 0.0001 1 0.0054
vn -0 1 0.0059
vn -0.0001 1 0.0053
vn -0 1 0.0055
vn -0.0001 1 0.0054
vn -0.0001 1 0.0053
vn -0 1 0.0059
vn -0.0001 1 0.0054
vn -0 1 0.0054
vn -0.0001 1 0.0053
vn -0 1 0.0055
vn -0 1 0.0054
vn -0.0001 1 0.0054
vn -0 1 0.0055
vn -0 1 0.0054
vn -0 1 0.0054
vn -0 1 0.0055
vn -0 1 0.0058
vn -0 1 0.0054
vn -0 1 0.0053
vn -0 1 0.0058
vn -0 1 0.0055
vn -0 1 0.0053
vn -0 1 0.0054
vn -0 1 0.0058
vn -0 1 0.0053
vn -0 1 0.0055
vn -0 1 0.0054
vn -0 1 0.0053
vn -0 1 0.0057
vn -0 1 0.0055
vn -0 1 0.0054
vn -0 1 0.0057
vn -0 1 0.0053
vn -0 1 0.0054
vn -0 1 0.0051
vn -0 1 0.0057
vn -0 1 0.0054
vn 0.0001 1 0.0055
vn -0 1 0.0051
vn 0.0001 1 0.0055
vn 0.0001 1 0.0055
vn -0 1 0.0054
vn 0.0001 1 0.0055
vn -0 1 0.0058
vn 0.0001 1 0.0055
vn 0.0001 1 0.0055
vn -0 1 0.0052
vn -0 1 0.0058
vn -0 1 0.0052
vn -0 1 0.0052
vn 0.0001 1 0.0055
vn -0 1 0.0052
vn -0 1 0.0054
vn -0 1 0.0052
vn -0 1 0.0058
vn -0 1 0.0055
vn -0 1 0.0055
vn -0 1 0.0058
vn -0 1 0.0057
vn -0 1 0.0055
vn -0.0001 1 0.0056
vn -0 1 0.0057
vn -0 1 0.0058
vn -0.0001 1 0.0056
vn -0.0001 1 0.005
vn -0 1 0.0057
vn -0 1 0.0055
vn -0.0001 1 0.005
vn -0.0001 1 0.0056
vn -0 1 0.0055
vn -0 1 0.0054
vn -0.0001 1 0.005
vn -0.0001 1 0.0054
vn -0 1 0.0054
vn -0 1 0.0055
vn -0.0001 1 0.0054
vn -0 1 0.006
vn -0 1 0.0054
vn -0.0003 1 0.0058
vn -0 1 0.006
vn -0.0001 1 0.0054
vn -0.0001 1 0.0054
vn -0 1 0.006
vn -0.0003 1 0.0058
vn -0 1 0.0061
vn -0 1 0.006
vn -0.0001 1 0.0054
vn -0.0001 1 0.0061
vn -0 1 0.0061
vn -0 1 0.0061
vn -0 1 0.0061
vn -0 1 0.0052
vn -0 1 0.0061
vn -0 1 0.0052
vn 0.0001 1 0.0057
vn -0 1 0.0061
vn 0.0001 1 0.0057
vn -0 1 0.006
vn -0 1 0.0061
vn -0 1 0.005
vn -0 1 0.0051
vn -0.0001 1 0.0061
vn -0 1 0.0051
vn -0.0001 1 0.0063
vn -0.0001 1 0.0061
vn -0.0001 1 0.0063
vn -0 1 0.0061
vn -0.0001 1 0.0061
vn -0 1 0.0058
vn -0 1 0.0056
vn -0 1 0.005
vn -0 1 0.0056
vn -0 1 0.0049
vn -0 1 0.005
vn -0 1 0.0049
vn -0 1 0.0051
vn -0 1 0.005
vn 0.001 1 0.003
vn 0.0011 1 0.0029
vn -0 1 0.0058
vn 0.0011 1 0.0029
vn -0 1 0.0056
vn -0 1 0.0058
vn -0.0001 1 0.0057
vn -0 1 0.0054
vn 0.001 1 0.003
vn -0 1 0.0054
vn -0 1 0.0055
vn 0.001 1 0.003
vn -0 1 0.0055
vn 0.0012 1 0.0029
vn 0.001 1 0.003
vn 0.0012 1 0.0029
vn 0.0011 1 0.0029
vn 0.001 1 0.003
vn -0 1 0.0056
vn -0 1 0.0056
vn -0.0001 1 0.0057
vn -0 1 0.0056
vn -0 1 0.0054
vn -0.0001 1 0.0057
vn -0 1 0.0056
vn -0 1 0.0054
vn -0 1 0.0056
vn -0 1 0.0056
vn -0 1 0.0055
vn -0 1 0.0054
vn -0 1 0.0056
vn -0 1 0.0052
vn -0 1 0.0055
vn -0 1 0.005
vn -0 1 0.0052
vn -0 1 0.0056
vn -0 1 0.005
vn -0 1 0.0057
vn -0 1 0.0052
vn -0 1 0.005
vn 0.0001 1 0.0057
vn -0 1 0.0057
vn -0 1 0.0054
vn 0.0001 1 0.0057
vn -0 1 0.005
vn -0 1 0.0054
vn -0 1 0.0051
vn 0.0001 1 0.0057
vn -0 1 0.0054
vn -0 1 0.0054
vn -0 1 0.0051
vn -0 1 0.0056
vn -0 1 0.0054
vn -0 1 0.0054
vn -0 1 0.0056
vn -0 1 0.0054
vn -0 1 0.0054
vn -0 1 0.0055
vn -0 1 0.0054
vn -0 1 0.0056
vn -0 1 0.0055
vn -0 1 0.0058
vn -0 1 0.0054
vn -0 1 0.0058
vn -0 1 0.0058
vn -0 1 0.0055
vn -0 1 0.0058
vn -0 1 0.0053
vn -0 1 0.0058
vn -0 1 0.0058
vn -0.0001 1 0.0054
vn -0 1 0.0053
vn -0.0001 1 0.0053
vn -0.0001 1 0.0054
vn -0 1 0.0058
vn -0.0001 1 0.0053
vn -0.0001 1 0.0053
vn -0.0001 1 0.0054
vn -0.0001 1 0.0052
vn -0.0001 1 0.0053
vn -0.0001 1 0.0053
vn -0.0001 1 0.0052
vn -0 1 0.0054
vn -0.0001 1 0.0053
vn -0 1 0.0053
vn -0 1 0.0054
vn -0.0001 1 0.0052
vn -0 1 0.0054
vn -0 1 0.0053
vn -0 1 0.0054
vn -0 1 0.0054
vn -0 1 0.0054
vn -0 1 0.0053
vn -0 1 0.0054
vn -0 1 0.0054
vn -0 1 0.0054
vn -0 1 0.0054
vn -0 1 0.0054
vn -0 1 0.0054
vn -0 -0 1
vn -0 -0 1
vn -0 -0 1
vn -0 1 0.0054
vn -0 1 0.0054
vn -0 1 0.0054
vn -0 -0 1
vn -0 -0 1
vn -0 -0 1
vn -0 1 0.0054
vn -0 1 0.0054
vn -0 1 0.0054
vn -0 1 0.0054
vn -0 1 0.0054
vn -0 1 0.0054
vn -0 1 0.0049
vn -0 1 0.0054
vn -0 1 0.0054
vn -0 1 0.0049
vn -0 1 0.0049
vn -0 1 0.0054
vn -0 1 0.0055
vn -0 1 0.0049
vn -0 1 0.0049
vn -0 1 0.0055
vn -0 1 0.0055
vn -0 1 0.0049
vn -0 1 0.0052
vn -0 1 0.0055
vn -0 1 0.0055
vn -0 1 0.0052
vn -0 1 0.0051
vn -0 1 0.0055
vn -0 1 0.005
vn -0 1 0.0051
vn -0 1 0.0052
vn -0 1 0.005
vn -0 1 0.0054
vn -0 1 0.0051
vn -0 1 0.0055
vn -0 1 0.0054
vn -0 1 0.005
vn -0 1 0.0055
vn -0 1 0.0055
vn -0 1 0.0054
vn -0 1 0.0051
vn -0 1 0.0055
vn -0 1 0.0055
vn -0 1 0.0051
vn -0 1 0.0051
vn -0 1 0.0055
vn -0 1 0.0054
vn -0 1 0.0051
vn -0 1 0.0051
vn -0 1 0.0054
vn -0 1 0.0055
vn -0 1 0.0051
vn -0 1 0.0055
vn -0 1 0.0055
vn -0 1 0.0054
vn -0 1 0.0055
vn -0 1 0.0053
vn -0 1 0.0055
vn -0 1 0.0057
vn -0 1 0.0053
vn -0 1 0.0055
vn -0 1 0.0057
vn -0 1 0.0058
vn -0 1 0.0053
vn -0 1 0.0057
vn -0 1 0.0058
vn -0 1 0.0057
vn -0 1 0.0057
vn -0 1 0.0054
vn -0 1 0.0058
vn -0 1 0.0061
vn -0 1 0.0054
vn -0 1 0.0057
vn -0 1 0.0061
vn -0 1 0.0054
vn -0 1 0.0054
vn -0 1 0.0053
vn -0 1 0.0054
vn -0 1 0.0061
vn -0 1 0.0053
vn -0 1 0.0054
vn -0 1 0.0054
vn -0 1 0.0053
vn -0 1 0.0054
vn -0 1 0.0053
vn -0 1 0.0053
vn -0 1 0.0054
vn -0 1 0.0054
vn -0 1 0.0057
vn -0 1 0.0054
vn -0 1 0.0053
vn -0 1 0.0057
vn -0 1 0.0057
vn -0 1 0.0054
vn -0 1 0.0057
vn -0 1 0.0057
vn -0 1 0.0057
vn -0 1 0.0057
vn -0 1 0.0055
vn -0 1 0.0057
vn -0 1 0.0052
vn -0 1 0.0055
vn -0 1 0.0057
vn -0 1 0.0052
vn -0 1 0.0052
vn -0 1 0.0055
vn -0 1 0.0055
vn -0 1 0.0052
vn -0 1 0.0052
vn -0 1 0.0055
vn -0 1 0.0055
vn -0 1 0.0052
vn -0 1 0.0053
vn -0 1 0.0055
vn -0 1 0.0055
vn -0 1 0.0053
vn -0 1 0.005
vn -0 1 0.0055
vn -0 1 0.0055
vn -0 1 0.005
vn -0 1 0.0053
vn -0 1 0.0055
vn -0 1 0.0055
vn -0 1 0.005
vn -0 1 0.0054
vn -0 1 0.0055
vn -0 1 0.0055
vn -0 1 0.0054
vn -0 1 0.0057
vn -0 1 0.0055
vn -0 1 0.0049
vn -0 1 0.0057
vn -0 1 0.0054
vn -0 1 0.0049
vn -0 1 0.0049
vn -0 1 0.0057
vn -0 1 0.0054
vn -0 1 0.0049
vn -0 1 0.0049
vn -0 1 0.0054
vn -0 1 0.0053
vn -0 1 0.0049
vn -0 1 0.0053
vn -0 1 0.0053
vn -0 1 0.0054
vn -0 1 0.0054
vn -0 1 0.0054
vn -0 1 0.0054
vn -0 1 0.0054
vn -0 1 0.0054
vn -0 1 0.0054
vn -0 1 0.0054
vn -0 1 0.0054
vn -0 1 0.0054
vn -0 1 0.0054
vn 0.0001 1 0.0055
vn -0 1 0.0054
vn -0 1 0.0054
vn 0.0001 1 0.0051
vn -0 1 0.0056
vn -0 1 0.0055
vn 0.0001 1 0.0051
vn -0 1 0.0054
vn -0 1 0.0055
vn -0 1 0.0056
vn 0.0001 1 0.0051
vn -0 1 0.0056
vn -0 1 0.0056
vn -0 1 0.0055
vn -0 1 0.0055
vn -0 1 0.0056
vn -0 1 0.0056
vn -0 1 0.0055
vn -0 1 0.005
vn -0 1 0.0056
vn -0 1 0.0052
vn -0 1 0.005
vn -0 1 0.0055
vn -0 1 0.0052
vn -0.0002 1 0.0058
vn -0 1 0.005
vn -0 1 0.0055
vn -0.0002 1 0.0058
vn -0 1 0.0052
vn -0 1 0.0054
vn -0.0002 1 0.0058
vn -0 1 0.0055
vn -0 1 0.0054
vn -0 1 0.0053
vn -0.0002 1 0.0058
vn -0 1 0.0052
vn -0 1 0.0053
vn -0 1 0.0054
vn -0 1 0.0053
vn -0 1 0.0053
vn -0 1 0.0052
vn -0 1 0.0053
vn -0 1 0.0056
vn -0 1 0.0053
vn -0 1 0.0052
vn -0 1 0.0056
vn -0 1 0.0053
vn -0 1 0.0052
vn -0 1 0.0052
vn -0 1 0.0056
vn -0 1 0.0055
vn -0 1 0.0052
vn -0 1 0.0052
vn 0.0001 1 0.0056
vn -0 1 0.0052
vn -0 1 0.0055
vn 0.0001 1 0.0056
vn 0.0001 1 0.0053
vn -0 1 0.0052
vn 0.0001 1 0.0053
vn -0 1 0.0055
vn -0 1 0.0052
vn -0 1 0.0054
vn 0.0001 1 0.0056
vn 0.0001 1 0.0055
vn -0 1 0.0054
vn -0.0002 1 0.0054
vn 0.0001 1 0.0056
vn -0.0002 1 0.0054
vn -0.0001 1 0.0053
vn 0.0001 1 0.0056
vn -0.0001 1 0.0053
vn 0.0002 1 0.0053
vn 0.0001 1 0.0056
vn 0.0002 1 0.0053
vn -0 1 0.0052
vn 0.0001 1 0.0056
vn -0 1 0.0052
vn 0.0001 1 0.0053
vn 0.0001 1 0.0056
vn 0.0001 1 0.0053
vn -0 1 0.0054
vn 0.0001 1 0.0056
vn -0 1 0.0054
vn -0 1 0.0056
vn 0.0001 1 0.0056
vn -0 1 0.0056
vn -0.0002 1 0.0055
vn 0.0001 1 0.0056
vn -0.0002 1 0.0055
vn -0 1 0.0053
vn 0.0001 1 0.0056
vn -0 1 0.0053
vn -0 1 0.0051
vn 0.0001 1 0.0056
vn -0 1 0.0051
vn -0 1 0.0055
vn 0.0001 1 0.0056
vn -0 1 0.0055
vn -0 1 0.0054
vn 0.0001 1 0.0056
vn -0 1 0.0054
vn 0.0001 1 0.0053
vn 0.0001 1 0.0056
vn -0 1 0.005
vn -0 1 0.0055
vn 0.0001 1 0.0053
vn -0 1 0.0053
vn -0 1 0.0055
vn -0 1 0.005
vn -0 1 0.0054
vn -0 1 0.0055
vn -0 1 0.0053
vn -0 1 0.0055
vn -0 1 0.0055
vn -0 1 0.0054
vn -0 1 0.0055
vn -0 1 0.0056
vn -0 1 0.0055
vn 0.0001 1 0.0056
vn -0 1 0.0056
vn -0 1 0.0055
vn 0.0001 1 0.0052
vn -0 1 0.0056
vn 0.0001 1 0.0056
vn -0 1 0.0055
vn -0 1 0.0056
vn 0.0001 1 0.0052
vn -0 1 0.0055
vn -0 1 0.0055
vn -0 1 0.0056
vn -0 1 0.0055
vn -0 1 0.0055
vn -0 1 0.0055
vn 0.0001 1 0.005
vn -0 1 0.0055
vn -0 1 0.0055
vn 0.0001 1 0.005
vn 0.0001 1 0.0053
vn -0 1 0.0055
vn 0.0001 1 0.0056
vn 0.0001 1 0.0053
vn 0.0001 1 0.005
vn -0 1 0.0054
vn -0 1 0.0054
vn -0.0002 1 0.0054
vn 0.0001 1 0.0055
vn 0.0001 1 0.0053
vn 0.0001 1 0.0056
vn 0.0001 1 0.0055
vn 0.0001 1 0.0053
vn 0.0001 1 0.0053
vn 0.0001 1 0.0054
vn 0.0001 1 0.0053
vn 0.0001 1 0.0055
vn -0 1 0.0054
vn 0.0001 1 0.0053
vn 0.0001 1 0.0054
vn -0 1 0.0054
vn -0 1 0.0054
vn 0.0001 1 0.0053
vn -0 1 0.0052
vn -0 1 0.0058
vn -0 1 0.0057
vn -0 1 0.0052
vn -0 1 0.0052
vn -0 1 0.0058
vn -0 1 0.0053
vn -0 1 0.0052
vn -0 1 0.0052
vn -0 1 0.0053
vn -0 1 0.0056
vn -0 1 0.0052
vn -0 1 0.0053
vn -0 1 0.0057
vn -0 1 0.0056
vn -0 1 0.0053
vn -0 1 0.0057
vn -0 1 0.0053
vn -0 1 0.0053
vn -0 1 0.0054
vn -0 1 0.0057
vn -0 1 0.0053
vn -0 1 0.0055
vn -0 1 0.0054
vn -0 1 0.0054
vn -0 1 0.0055
vn -0 1 0.0053
vn -0 1 0.0054
vn -0 1 0.0053
vn -0 1 0.0055
vn -0 1 0.0054
vn -0.0001 1 0.0051
vn -0 1 0.0053
vn -0 1 0.0056
vn -0.0001 1 0.0051
vn -0 1 0.0054
vn -0 1 0.0056
vn -0 1 0.0054
vn -0.0001 1 0.0051
vn -0 1 0.0056
vn -0 1 0.0058
vn -0 1 0.0054
vn -0 1 0.0055
vn -0 1 0.0058
vn -0 1 0.0056
vn -0 1 0.0055
vn -0 1 0.0055
vn -0 1 0.0058
vn -0 1 0.0055
vn -0.0001 1 0.0051
vn -0 1 0.0055
vn -0.0002 1 0.0056
vn -0.0001 1 0.0051
vn -0 1 0.0055
vn -0.0002 1 0.0056
vn 0.0001 1 0.0055
vn -0.0001 1 0.0051
vn 0.0001 1 0.0055
vn -0.0001 1 0.0057
vn -0.0001 1 0.0051
vn -0.0001 1 0.0057
vn -0.0001 1 0.0054
vn -0.0001 1 0.0051
vn -0.0001 1 0.0054
vn 0.0003 1 0.0057
vn -0.0001 1 0.0051
vn 0.0003 1 0.0057
vn 0.0003 1 0.0059
vn -0.0001 1 0.0051
vn 0.0003 1 0.0059
vn -0.0001 1 0.0055
vn -0.0001 1 0.0051
vn -0.0001 1 0.0055
vn -0.0004 1 0.0055
vn -0.0001 1 0.0051
vn -0.0004 1 0.0055
vn -0.0004 1 0.0053
vn -0.0001 1 0.0051
vn -0.0004 1 0.0053
vn 0.0001 1 0.0054
vn -0.0001 1 0.0051
vn -0 1 0.0057
vn -0 1 0.0054
vn -0.0002 1 0.0056
vn -0 1 0.0054
vn -0 1 0.0056
vn -0.0002 1 0.0056
vn -0 1 0.0056
vn 0.0001 1 0.0055
vn -0.0002 1 0.0056
vn -0 1 0.0057
vn -0 1 0.0053
vn -0 1 0.0057
vn -0 1 0.0053
vn -0 1 0.0054
vn -0 1 0.0057
vn -0.0001 1 0.0052
vn -0 1 0.0058
vn -0 1 0.0057
vn -0 1 0.0058
vn -0 1 0.0052
vn -0 1 0.0057
vn -0 1 0.0052
vn -0 1 0.0053
vn -0 1 0.0057
vn -0.0001 1 0.0052
vn -0 1 0.0052
vn -0 1 0.0058
vn -0.0001 1 0.0052
vn -0 1 0.0059
vn -0 1 0.0052
vn -0.0001 1 0.0052
vn -0 1 0.005
vn -0 1 0.0059
vn -0.0001 1 0.0052
vn -0 1 0.0054
vn -0 1 0.005
vn -0.0001 1 0.0052
vn -0 1 0.0055
vn -0 1 0.0054
vn -0.0001 1 0.0055
vn -0 1 0.0055
vn -0.0001 1 0.0052
vn -0.0001 1 0.0055
vn -0 1 0.0059
vn -0 1 0.0055
vn -0.0001 1 0.0055
vn -0 1 0.0056
vn -0 1 0.0059
vn -0.0001 1 0.0055
vn -0.0001 1 0.0051
vn -0 1 0.0056
vn -0.0001 1 0.0055
vn -0.0001 1 0.0053
vn -0.0001 1 0.0051
vn -0.0001 1 0.0056
vn -0.0001 1 0.0053
vn -0.0001 1 0.0055
vn -0.0001 1 0.0056
vn -0.0002 1 0.0053
vn -0.0001 1 0.0053
vn -0.0001 1 0.0056
vn -0 1 0.0058
vn -0.0002 1 0.0053
vn -0.0001 1 0.0056
vn -0 1 0.0059
vn -0 1 0.0058
vn -0.0001 1 0.0053
vn -0 1 0.0059
vn -0.0001 1 0.0056
vn -0.0001 1 0.0053
vn 0.0001 1 0.0057
vn -0 1 0.0059
vn -0.0001 1 0.0053
vn -0 1 0.0054
vn 0.0001 1 0.0057
vn -0.0001 1 0.0053
vn -0 1 0.0054
vn -0 1 0.0054
vn -0.0001 1 0.0053
vn 0.0001 1 0.0052
vn -0 1 0.0054
vn -0.0001 1 0.0053
vn 0.0001 1 0.0058
vn 0.0001 1 0.0052
vn -0 1 0.0053
vn 0.0001 1 0.0058
vn -0.0001 1 0.0053
vn -0 1 0.0053
vn 0.0001 1 0.0054
vn 0.0001 1 0.0058
vn -0 1 0.0053
vn 0.0001 1 0.005
vn 0.0001 1 0.0054
vn -0 1 0.0053
vn -0 1 0.0053
vn 0.0001 1 0.005
vn -0 1 0.0057
vn -0 1 0.0053
vn -0 1 0.0053
vn -0 1 0.0057
vn -0 1 0.0056
vn -0 1 0.0053
vn -0 1 0.0057
vn -0 1 0.0059
vn -0 1 0.0056
vn -0 1 0.0057
vn -0 1 0.0055
vn -0 1 0.0059
vn -0 1 0.0053
vn -0 1 0.0055
vn -0 1 0.0057
vn -0 1 0.0053
vn -0 1 0.0052
vn -0 1 0.0055
vn -0 1 0.0054
vn -0 1 0.0052
vn -0 1 0.0053
vn -0 1 0.0054
vn -0 1 0.0056
vn -0 1 0.0052
vn -0 1 0.0054
vn -0 1 0.0054
vn -0 1 0.0056
vn -0 1 0.0056
vn -0 1 0.0054
vn -0 1 0.0054
vn -0 1 0.0056
vn -0 1 0.0048
vn -0 1 0.0054
vn -0 1 0.005
vn -0 1 0.0048
vn -0 1 0.0056
vn -0 1 0.005
vn -0 1 0.0056
vn -0 1 0.0048
vn -0 1 0.005
vn -0 1 0.0055
vn -0 1 0.0056
vn -0 1 0.0054
vn -0 1 0.0055
vn -0 1 0.005
vn -0 1 0.0054
vn 0.0001 1 0.0058
vn -0 1 0.0055
vn -0 1 0.0051
vn 0.0001 1 0.0058
vn -0 1 0.0054
vn -0 1 0.0051
vn -0 1 0.0054
vn 0.0001 1 0.0058
vn -0 1 0.0051
vn -0 1 0.0056
vn -0 1 0.0054
vn -0 1 0.0055
vn -0 1 0.0056
vn -0 1 0.0051
vn -0 1 0.0055
vn -0 1 0.0057
vn -0 1 0.0056
vn 0.0001 1 0.005
vn -0 1 0.0057
vn -0 1 0.0055
vn 0.0001 1 0.005
vn -0 1 0.005
vn -0 1 0.0057
vn 0.0001 1 0.0056
vn -0 1 0.005
vn 0.0001 1 0.005
vn 0.0001 1 0.0056
vn -0.0001 1 0.0051
vn -0 1 0.005
vn -0 1 0.0055
vn -0 1 0.0054
vn 0.0004 1 0.0054
vn 0.0001 1 0.0056
vn -0 1 0.0058
vn -0.0001 1 0.0051
vn -0 1 0.0055
vn -0 1 0.0058
vn 0.0001 1 0.0056
vn -0 1 0.0055
vn -0 1 0.0053
vn -0 1 0.0054
vn -0 1 0.0052
vn -0 1 0.0058
vn -0 1 0.0055
vn -0 1 0.0055
vn -0.0001 1 0.0053
vn -0 1 0.0053
vn -0 1 0.0054
vn -0 1 0.0058
vn -0 1 0.0052
vn -0 1 0.0054
vn 0.0001 1 0.0057
vn -0 1 0.0058
vn -0 1 0.0055
vn 0.0002 1 0.0056
vn -0.0001 1 0.0053
vn -0 1 0.0056
vn 0.0001 1 0.0057
vn -0 1 0.0054
vn -0 1 0.0055
vn -0 1 0.0053
vn 0.0002 1 0.0056
vn -0 1 0.005
vn 0.0001 1 0.0057
vn -0 1 0.0056
vn -0 1 0.0055
vn -0.0002 1 0.0051
vn -0 1 0.0053
vn 0.0001 1 0.0054
vn 0.0001 1 0.0057
vn -0 1 0.005
vn 0.0001 1 0.0054
vn 0.0001 1 0.0054
vn 0.0001 1 0.0057
vn -0 1 0.0055
vn -0 1 0.0056
vn -0.0002 1 0.0051
vn -0 1 0.0057
vn 0.0001 1 0.0054
vn 0.0001 1 0.0054
vn -0 1 0.0052
vn 0.0001 1 0.0054
vn -0 1 0.0057
vn -0 1 0.0055
vn -0 1 0.0055
vn -0 1 0.0056
vn 0.0001 1 0.0054
vn 0.0001 1 0.0054
vn -0 1 0.0052
vn -0 1 0.0055
vn 0.0001 1 0.0055
vn -0 1 0.0055
vn -0 1 0.0057
vn 0.0001 1 0.0054
vn 0.0001 1 0.0054
vn -0 1 0.0055
vn -0 1 0.0054
vn 0.0001 1 0.0055
vn -0 1 0.0054
vn 0.0001 1 0.0054
vn -0 1 0.0057
vn -0 1 0.0055
vn -0 1 0.0053
vn -0 1 0.0054
vn -0 1 0.0056
vn 0.0001 1 0.0054
vn -0 1 0.0054
vn -0 1 0.0055
vn -0 1 0.0056
vn -0 1 0.0053
vn -0 1 0.0056
vn -0 1 0.005
vn 0.0001 1 0.0054
vn -0 1 0.0055
vn -0 1 0.005
vn -0 1 0.0056
vn -0 1 0.0055
vn -0 1 0.0056
vn -0 1 0.005
vn -0 1 0.0055
vn -0 1 0.0059
vn -0 1 0.0056
vn -0 1 0.0055
vn -0 1 0.0059
vn -0 1 0.0055
vn -0 1 0.0055
vn -0 1 0.0053
vn -0 1 0.0059
vn -0 1 0.0053
vn -0 1 0.0053
vn -0 1 0.0055
vn -0 1 0.0055
vn -0 1 0.0053
vn -0 1 0.0053
vn -0 1 0.0055
vn -0 1 0.0053
vn -0 1 0.0053
vn -0 1 0.005
vn -0 1 0.0053
vn -0 1 0.0055
vn -0 1 0.0052
vn -0 1 0.0053
vn -0 1 0.005
vn -0 1 0.0052
vn -0 1 0.0054
vn -0 1 0.0053
vn -0 1 0.0055
vn -0 1 0.0054
vn -0 1 0.0052
vn -0 1 0.0055
vn -0 1 0.0058
vn -0 1 0.0054
vn -0 1 0.0054
vn -0 1 0.0058
vn -0 1 0.0055
vn -0 1 0.0054
vn -0 1 0.0058
vn -0 1 0.0054
vn -0 1 0.0054
vn -0 1 0.0054
vn -0 1 0.0058
vn -0 1 0.0054
vn -0 1 0.0054
vn -0 1 0.0054
vn -0 1 0.0055
vn -0 1 0.0054
vn -0 1 0.0054
vn -0 1 0.0055
vn -0 1 0.0057
vn -0 1 0.0054
vn -0 1 0.0059
vn -0 1 0.0057
vn -0 1 0.0055
vn -0 -1 -0.0056
vn -0 -1 -0.0053
vn -0 -1 -0.0056
vn -0 -1 -0.0054
vn -0 -1 -0.0053
vn -0 -1 -0.0056
vn -0 -1 -0.0054
vn -0 -1 -0.0053
vn -0 -1 -0.0054
vn -0 -1 -0.0054
vn -0 -1 -0.0054
vn -0 -1 -0.0053
vn -0 -0 -1
vn -0 -0 -1
vn -0 -0 -1
vn -0 -1 -0.0055
vn 0.0001 -1 -0.0054
vn -0 -1 -0.0055
vn -0 -0 -1
vn -0 -0 -1
vn -0 -0 -1
vn -0 -1 -0.0057
vn 0.0001 -1 -0.0054
vn -0 -1 -0.0055
vn -0 -1 -0.0051
vn 0.0001 -1 -0.0054
vn -0 -1 -0.0057
vn -0 -1 -0.0051
vn 0.0001 -1 -0.0056
vn 0.0001 -1 -0.0054
vn -0 -1 -0.0055
vn 0.0001 -1 -0.0056
vn -0 -1 -0.0051
vn 0.0001 -1 -0.0054
vn 0.0001 -1 -0.0056
vn -0 -1 -0.0055
vn 0.0001 -1 -0.0054
vn -0 -1 -0.0057
vn 0.0001 -1 -0.0056
vn -0 -1 -0.0057
vn -0 -1 -0.0057
vn 0.0001 -1 -0.0054
vn -0 -1 -0.0054
vn -0 -1 -0.0054
vn -0 -1 -0.0054
vn -0 -1 -0.0054
vn 0.0002 -1 -0.0056
vn -0 -1 -0.0054
vn -0 -1 -0.0058
vn -0 -1 -0.0057
vn -0 -1 -0.0057
vn -0 -1 -0.0054
vn 0.0002 -1 -0.0055
vn 0.0002 -1 -0.0056
vn -0 -1 -0.0058
vn 0.0001 -1 -0.0051
vn -0 -1 -0.0057
vn -0.0001 -1 -0.0053
vn 0.0001 -1 -0.0051
vn -0 -1 -0.0058
vn -0 -1 -0.0054
vn -0.0001 -1 -0.0053
vn 0.0002 -1 -0.0055
vn -0 -1 -0.0054
vn -0.0005 -1 -0.0053
vn -0.0001 -1 -0.0053
vn -0 -1 -0.0056
vn 0.0001 -1 -0.0051
vn -0.0001 -1 -0.0053
vn -0 -1 -0.0054
vn -0 -1 -0.0054
vn -0.0005 -1 -0.0053
vn -0 -1 -0.0053
vn 0.0001 -1 -0.0051
vn -0 -1 -0.0056
vn -0 -1 -0.0054
vn -0.0002 -1 -0.0052
vn -0 -1 -0.0054
vn -0 -1 -0.0057
vn 0.0001 -1 -0.0051
vn -0 -1 -0.0053
vn -0 -1 -0.0054
vn 0.0002 -1 -0.0058
vn -0.0002 -1 -0.0052
vn -0 -1 -0.0057
vn 0.0001 -1 -0.0055
vn 0.0001 -1 -0.0051
vn -0 -1 -0.0054
vn -0.0002 -1 -0.0051
vn 0.0002 -1 -0.0058
vn -0 -1 -0.0053
vn 0.0001 -1 -0.0055
vn -0 -1 -0.0057
vn -0 -1 -0.0054
vn -0 -1 -0.0056
vn -0.0002 -1 -0.0051
vn -0 -1 -0.0053
vn 0.0001 -1 -0.0055
vn -0 -1 -0.0053
vn -0 -1 -0.0054
vn -0.0002 -1 -0.0052
vn -0 -1 -0.0056
vn -0 -1 -0.0055
vn 0.0001 -1 -0.0055
vn -0 -1 -0.0053
vn -0 -1 -0.0054
vn -0 -1 -0.0055
vn -0.0002 -1 -0.0052
vn -0 -1 -0.0054
vn 0.0001 -1 -0.0055
vn -0 -1 -0.0055
vn -0 -1 -0.0054
vn -0 -1 -0.0055
vn 0.0001 -1 -0.0055
vn -0 -1 -0.0054
vn -0 -1 -0.0054
vn -0 -1 -0.0055
vn -0 -1 -0.0054
vn -0 -1 -0.0057
vn -0 -1 -0.0054
vn -0 -1 -0.0053
vn -0 -1 -0.0057
vn -0 -1 -0.0054
vn -0 -1 -0.0053
vn -0 -1 -0.0056
vn -0 -1 -0.0057
vn -0 -1 -0.0055
vn -0 -1 -0.0056
vn -0 -1 -0.0053
vn -0 -1 -0.0058
vn -0 -1 -0.0056
vn -0 -1 -0.0055
vn -0 -1 -0.0058
vn -0 -1 -0.0053
vn -0 -1 -0.0056
vn -0 -1 -0.0057
vn -0 -1 -0.0053
vn -0 -1 -0.0058
vn -0 -1 -0.0054
vn -0 -1 -0.0053
vn -0 -1 -0.0057
vn -0 -1 -0.0053
vn -0 -1 -0.0053
vn -0 -1 -0.0054
vn -0 -1 -0.0053
vn -0 -1 -0.0055
vn -0 -1 -0.0053
vn -0 -1 -0.0056
vn -0 -1 -0.0055
vn -0 -1 -0.0053
vn -0 -1 -0.0053
vn -0 -1 -0.0055
vn -0 -1 -0.0056
vn -0 -1 -0.0053
vn -0 -1 -0.0056
vn -0 -1 -0.0055
vn -0 -1 -0.0054
vn -0 -1 -0.0056
vn -0 -1 -0.0053
vn -0 -1 -0.0052
vn -0 -1 -0.0056
vn -0 -1 -0.0054
vn -0 -1 -0.0052
vn -0 -1 -0.0053
vn -0 -1 -0.0056
vn -0 -1 -0.0053
vn -0 -1 -0.0053
vn -0 -1 -0.0052
vn -0 -1 -0.0055
vn -0 -1 -0.0054
vn -0 -1 -0.0054
vn -0 -1 -0.0052
vn -0 -1 -0.0054
vn -0 -1 -0.0055
vn -0 -1 -0.0052
vn 0.0001 -1 -0.0055
vn -0 -1 -0.0054
vn -0 -1 -0.0054
vn 0.0001 -1 -0.0055
vn -0 -1 -0.0052
vn -0 -1 -0.0054
vn -0 -1 -0.0059
vn 0.0001 -1 -0.0055
vn -0 -1 -0.0057
vn -0 -1 -0.0059
vn -0 -1 -0.0054
vn -0 -1 -0.0057
vn 0.0001 -1 -0.0056
vn -0 -1 -0.0059
vn -0.0001 -1 -0.0061
vn 0.0001 -1 -0.0056
vn -0 -1 -0.0057
vn -0.0001 -1 -0.0061
vn -0 -1 -0.0054
vn 0.0001 -1 -0.0056
vn -0.0001 -1 -0.0061
vn -0.0001 -1 -0.0052
vn -0 -1 -0.0054
vn -0.0001 -1 -0.0061
vn -0 -1 -0.0058
vn -0.0001 -1 -0.0052
vn -0 -1 -0.0054
vn -0 -1 -0.0055
vn -0 -1 -0.0058
vn -0 -1 -0.0053
vn -0 -1 -0.0054
vn -0 -1 -0.0058
vn -0.0001 -1 -0.0061
vn -0 -1 -0.0053
vn -0 -1 -0.0058
vn -0.0001 -1 -0.0061
vn -0.0001 -1 -0.0061
vn -0 -1 -0.0058
vn -0 -1 -0.0054
vn -0 -1 -0.0054
vn -0 -1 -0.0055
vn 0.0001 -1 -0.0054
vn -0 -1 -0.0054
vn -0 -1 -0.0055
vn -0 -1 -0.0054
vn 0.0001 -1 -0.0054
vn -0 -1 -0.0055
vn -0 -1 -0.0056
vn -0 -1 -0.0058
vn -0 -1 -0.0054
vn -0 -1 -0.0055
vn -0 -1 -0.0056
vn -0 -1 -0.0054
vn -0 -1 -0.0054
vn -0 -1 -0.0055
vn -0 -1 -0.0054
vn -0 -1 -0.0054
vn -0 -1 -0.0054
vn -0 -1 -0.0054
vn -0 -1 -0.0056
vn -0 -1 -0.0059
vn -0 -1 -0.0058
vn -0 -1 -0.0051
vn 0.0001 -1 -0.0057
vn 0.0001 -1 -0.006
vn -0 -1 -0.0055
vn -0 -1 -0.0051
vn 0.0001 -1 -0.006
vn -0 -1 -0.0059
vn -0 -1 -0.0055
vn 0.0001 -1 -0.006
vn -0.0025 -0.99 0.1413
vn -0.0025 -0.99 0.1413
vn -0.0025 -0.99 0.1414
vn 0.0001 -1 -0.0055
vn 0.0001 -1 -0.0053
vn 0.0001 -1 -0.0057
vn -0 -1 -0.0051
vn 0.0001 -1 -0.0055
vn 0.0001 -1 -0.0057
vn -0 -1 -0.0055
vn 0.0001 -1 -0.0053
vn 0.0001 -1 -0.0055
vn -0 -1 -0.0055
vn 0.0001 -1 -0.0053
vn -0 -1 -0.0055
vn -0 -1 -0.0057
vn 0.0001 -1 -0.0053
vn -0 -1 -0.0055
vn -0 -1 -0.0057
vn -0 -1 -0.0054
vn 0.0001 -1 -0.0053
vn -0 -1 -0.0054
vn -0 -1 -0.0054
vn -0 -1 -0.0057
vn 0.0001 -1 -0.0061
vn -0 -1 -0.0054
vn -0 -1 -0.0054
vn 0.0001 -1 -0.0061
vn -0 -1 -0.0054
vn -0 -1 -0.0054
vn -0 -1 -0.0059
vn -0 -1 -0.0054
vn 0.0001 -1 -0.0061
vn -0 -1 -0.0054
vn -0 -1 -0.0054
vn -0 -1 -0.0059
vn -0 -1 -0.0054
vn -0 -1 -0.0055
vn -0 -1 -0.0054
vn 0.0001 -1 -0.0053
vn -0 -1 -0.0055
vn -0 -1 -0.0054
vn 0.0001 -1 -0.0053
vn -0 -1 -0.0054
vn -0 -1 -0.0055
vn -0 -1 -0.0054
vn -0 -1 -0.0054
vn 0.0001 -1 -0.0053
vn -0 -1 -0.0054
vn -0 -1 -0.0053
vn -0 -1 -0.0054
vn -0.0001 -1 -0.0059
vn -0 -1 -0.0053
vn -0 -1 -0.0054
vn -0.0001 -1 -0.0054
vn -0 -1 -0.0053
vn -0.0001 -1 -0.0059
vn -0.0001 -1 -0.0054
vn -0 -1 -0.0058
vn -0 -1 -0.0053
vn -0 -1 -0.0054
vn -0 -1 -0.0058
vn -0.0001 -1 -0.0054
vn -0 -1 -0.0054
vn -0 -1 -0.0054
vn -0 -1 -0.0058
vn -0 -1 -0.0054
vn -0 -1 -0.0054
vn -0 -1 -0.0054
vn -0 -1 -0.0054
vn -0 -1 -0.0053
vn -0 -1 -0.0054
vn -0 -1 -0.0053
vn -0 -1 -0.0054
vn -0 -1 -0.0054
vn -0 -1 -0.0054
vn -0 -1 -0.0054
vn -0 -1 -0.0053
vn -0 -1 -0.0054
vn -0 -1 -0.0054
vn -0 -1 -0.0054
vn -0 -1 -0.0054
vn -0 -1 -0.0054
vn -0 -1 -0.0054
vn -0 -0 -1
vn -0 -0 -1
vn -0 -0 -1
vn -0 -1 -0.0054
vn -0 -1 -0.0054
vn -0 -1 -0.0054
vn -0 -0 1
vn -0 -0 1
vn -0 -0 1
vn -0 -1 -0.0054
vn -0 -1 -0.0054
vn -0 -1 -0.0054
vn -0 -1 -0.0054
vn -0 -1 -0.0053
vn -0 -1 -0.0055
vn -0 -1 -0.0054
vn -0 -1 -0.0055
vn -0 -1 -0.0053
vn -0 -1 -0.0052
vn -0 -1 -0.0055
vn -0 -1 -0.0054
vn -0 -1 -0.0052
vn -0 -1 -0.0055
vn -0 -1 -0.0055
vn -0 -1 -0.0055
vn -0 -1 -0.0055
vn -0 -1 -0.0052
vn -0 -1 -0.0055
vn -0 -1 -0.0059
vn -0 -1 -0.0055
vn -0 -1 -0.0058
vn -0 -1 -0.0059
vn -0 -1 -0.0055
vn -0 -1 -0.0058
vn -0 -1 -0.005
vn -0 -1 -0.0059
vn -0 -1 -0.005
vn -0 -1 -0.005
vn -0 -1 -0.0058
vn -0 -1 -0.005
vn -0 -1 -0.0054
vn -0 -1 -0.005
vn -0 -1 -0.0053
vn -0 -1 -0.0054
vn -0 -1 -0.005
vn -0 -1 -0.0053
vn -0 -1 -0.0053
vn -0 -1 -0.0054
vn -0 -1 -0.0054
vn -0 -1 -0.0053
vn -0 -1 -0.0053
vn -0 -1 -0.0054
vn -0 -1 -0.0053
vn -0 -1 -0.0053
vn -0 -1 -0.0053
vn -0 -1 -0.0053
vn -0 -1 -0.0054
vn -0 -1 -0.0053
vn -0 -1 -0.0055
vn -0 -1 -0.0053
vn -0 -1 -0.0055
vn -0 -1 -0.0055
vn -0 -1 -0.0053
vn -0 -1 -0.0055
vn -0 -1 -0.0056
vn -0 -1 -0.0055
vn -0 -1 -0.0055
vn -0 -1 -0.0056
vn -0 -1 -0.0055
vn -0 -1 -0.0055
vn -0 -1 -0.0055
vn -0 -1 -0.0056
vn -0 -1 -0.0055
vn -0 -1 -0.0055
vn -0 -1 -0.0055
vn -0 -1 -0.0055
vn -0 -1 -0.0055
vn -0 -1 -0.0055
vn -0 -1 -0.0052
vn -0 -1 -0.0055
vn -0 -1 -0.0055
vn -0 -1 -0.0052
vn -0 -1 -0.0051
vn -0 -1 -0.0055
vn -0 -1 -0.0051
vn -0 -1 -0.0051
vn -0 -1 -0.0052
vn -0 -1 -0.0051
vn -0 -1 -0.0055
vn -0 -1 -0.0051
vn -0 -1 -0.0058
vn -0 -1 -0.0055
vn -0 -1 -0.0051
vn -0 -1 -0.0058
vn -0 -1 -0.0055
vn -0 -1 -0.0055
vn -0 -1 -0.0055
vn -0 -1 -0.0055
vn -0 -1 -0.0058
vn -0 -1 -0.0055
vn -0 -1 -0.0053
vn -0 -1 -0.0055
vn -0 -1 -0.0053
vn -0 -1 -0.0053
vn -0 -1 -0.0055
vn -0 -1 -0.0053
vn -0 -1 -0.0054
vn -0 -1 -0.0053
vn -0 -1 -0.0059
vn -0 -1 -0.0054
vn -0 -1 -0.0053
vn -0 -1 -0.0059
vn -0 -1 -0.0053
vn -0 -1 -0.0054
vn -0 -1 -0.0053
vn -0 -1 -0.0053
vn -0 -1 -0.0059
vn -0 -1 -0.0053
vn -0 -1 -0.005
vn -0 -1 -0.0053
vn -0 -1 -0.0053
vn -0 -1 -0.005
vn -0 -1 -0.0053
vn -0 -1 -0.0053
vn -0 -1 -0.0055
vn -0 -1 -0.005
vn -0 -1 -0.0054
vn -0 -1 -0.0055
vn -0 -1 -0.0053
vn -0 -1 -0.0054
vn -0 -1 -0.0056
vn -0 -1 -0.0055
vn -0 -1 -0.0057
vn -0 -1 -0.0056
vn -0 -1 -0.0054
vn -0 -1 -0.0057
vn -0 -1 -0.0056
vn -0 -1 -0.0056
vn -0 -1 -0.0056
vn -0 -1 -0.0056
vn -0 -1 -0.0057
vn -0 -1 -0.0056
vn -0 -1 -0.0053
vn -0 -1 -0.0056
vn -0 -1 -0.0052
vn -0 -1 -0.0053
vn -0 -1 -0.0056
vn -0 -1 -0.0052
vn -0 -1 -0.0054
vn -0 -1 -0.0053
vn -0 -1 -0.0054
vn -0 -1 -0.0054
vn -0 -1 -0.0054
vn -0 -1 -0.0054
vn -0 -1 -0.0054
vn -0 -1 -0.0054
vn -0 -1 -0.0054
vn -0 -1 -0.0054
vn -0 -1 -0.0054
vn -0.0001 -1 -0.0055
vn -0 -1 -0.0054
vn -0 -1 -0.0054
vn -0 -1 -0.0056
vn 0.0001 -1 -0.0059
vn -0 -1 -0.0055
vn -0 -1 -0.0056
vn -0 -1 -0.0052
vn 0.0001 -1 -0.0059
vn 0.0001 -1 -0.0054
vn -0 -1 -0.0052
vn -0 -1 -0.0056
vn 0.0001 -1 -0.0054
vn -0 -1 -0.0059
vn -0 -1 -0.0052
vn 0.0001 -1 -0.0054
vn -0 -1 -0.0051
vn -0 -1 -0.0059
vn -0 -1 -0.0056
vn -0 -1 -0.0051
vn 0.0001 -1 -0.0054
vn -0 -1 -0.0056
vn -0 -1 -0.0059
vn -0 -1 -0.0051
vn -0 -1 -0.0059
vn -0 -1 -0.0059
vn -0 -1 -0.0056
vn -0 -1 -0.0059
vn -0 -1 -0.0054
vn -0 -1 -0.0059
vn -0 -1 -0.0059
vn -0 -1 -0.0054
vn -0 -1 -0.0054
vn -0 -1 -0.0054
vn -0 -1 -0.0054
vn -0 -1 -0.0059
vn -0 -1 -0.0054
vn -0 -1 -0.0055
vn -0 -1 -0.0054
vn -0 -1 -0.0054
vn -0 -1 -0.005
vn -0 -1 -0.0055
vn -0 -1 -0.0051
vn -0 -1 -0.005
vn -0 -1 -0.0054
vn -0 -1 -0.0051
vn -0 -1 -0.0054
vn -0 -1 -0.005
vn 0.0001 -1 -0.0056
vn -0 -1 -0.0054
vn -0 -1 -0.0051
vn 0.0001 -1 -0.0056
vn -0 -1 -0.0054
vn -0 -1 -0.0054
vn 0.0001 -1 -0.0056
vn 0.0001 -1 -0.0056
vn -0 -1 -0.0054
vn -0 -1 -0.0052
vn 0.0001 -1 -0.0056
vn 0.0001 -1 -0.0056
vn -0 -1 -0.0052
vn -0 -1 -0.0052
vn 0.0001 -1 -0.0056
vn 0.0001 -1 -0.0056
vn -0 -1 -0.0054
vn -0.0001 -1 -0.0055
vn 0.0002 -1 -0.0054
vn -0 -1 -0.0054
vn 0.0001 -1 -0.0056
vn -0.0005 -1 -0.0054
vn 0.0002 -1 -0.0054
vn 0.0001 -1 -0.0056
vn -0.0001 -1 -0.0055
vn -0.0005 -1 -0.0054
vn 0.0001 -1 -0.0056
vn 0.0003 -1 -0.0056
vn -0.0001 -1 -0.0055
vn 0.0001 -1 -0.0056
vn -0.0001 -1 -0.0053
vn 0.0003 -1 -0.0056
vn 0.0001 -1 -0.0056
vn 0.0001 -1 -0.0058
vn -0.0001 -1 -0.0053
vn 0.0001 -1 -0.0056
vn 0.0001 -1 -0.0052
vn 0.0001 -1 -0.0058
vn 0.0001 -1 -0.0056
vn 0.0001 -1 -0.0053
vn 0.0001 -1 -0.0052
vn 0.0001 -1 -0.0056
vn -0 -1 -0.0057
vn 0.0001 -1 -0.0053
vn 0.0001 -1 -0.0056
vn -0 -1 -0.0055
vn -0 -1 -0.0057
vn 0.0001 -1 -0.0056
vn -0 -1 -0.0055
vn -0 -1 -0.0055
vn 0.0001 -1 -0.0056
vn -0 -1 -0.0056
vn -0 -1 -0.0055
vn 0.0001 -1 -0.0056
vn -0 -1 -0.0052
vn -0 -1 -0.0056
vn 0.0001 -1 -0.0056
vn -0 -1 -0.0052
vn -0 -1 -0.0049
vn -0 -1 -0.0052
vn -0 -1 -0.0052
vn -0 -1 -0.0053
vn -0 -1 -0.0049
vn -0 -1 -0.0052
vn -0 -1 -0.0056
vn -0 -1 -0.0053
vn -0 -1 -0.0052
vn -0 -1 -0.0054
vn -0 -1 -0.0056
vn 0.0001 -1 -0.0058
vn -0 -1 -0.0054
vn -0 -1 -0.0052
vn 0.0001 -1 -0.0058
vn 0.0002 -1 -0.0059
vn -0 -1 -0.0054
vn 0.0001 -1 -0.0058
vn 0.0001 -1 -0.0054
vn 0.0002 -1 -0.0059
vn 0.0001 -1 -0.0058
vn 0.0001 -1 -0.0057
vn 0.0001 -1 -0.0054
vn 0.0001 -1 -0.0054
vn 0.0001 -1 -0.0057
vn 0.0001 -1 -0.0058
vn 0.0001 -1 -0.0054
vn -0 -1 -0.0055
vn 0.0001 -1 -0.0057
vn 0.0001 -1 -0.0054
vn -0 -1 -0.0049
vn -0 -1 -0.0055
vn -0 -1 -0.0054
vn -0 -1 -0.0049
vn 0.0001 -1 -0.0054
vn -0 -1 -0.0054
vn -0 -1 -0.0051
vn -0 -1 -0.0049
vn -0 -1 -0.0054
vn -0 -1 -0.0054
vn 0.0002 -1 -0.0054
vn -0 -1 -0.0054
vn -0 -1 -0.0056
vn -0 -1 -0.0051
vn -0 -1 -0.0056
vn -0 -1 -0.0056
vn -0 -1 -0.0054
vn -0 -1 -0.0056
vn 0.0001 -1 -0.0057
vn -0 -1 -0.0056
vn -0 -1 -0.0056
vn -0 -1 -0.0054
vn 0.0001 -1 -0.0057
vn -0 -1 -0.0054
vn -0 -1 -0.0054
vn -0 -1 -0.0056
vn -0 -1 -0.0055
vn -0 -1 -0.0053
vn -0 -1 -0.0055
vn -0 -1 -0.0058
vn -0 -1 -0.0053
vn -0 -1 -0.0055
vn -0 -1 -0.0058
vn -0 -1 -0.0054
vn -0 -1 -0.0053
vn -0 -1 -0.0055
vn -0 -1 -0.0054
vn -0 -1 -0.0058
vn -0 -1 -0.0052
vn -0 -1 -0.0054
vn -0 -1 -0.0055
vn -0 -1 -0.0052
vn -0 -1 -0.0053
vn -0 -1 -0.0054
vn -0 -1 -0.0054
vn -0 -1 -0.0053
vn -0 -1 -0.0052
vn -0 -1 -0.0056
vn -0 -1 -0.0053
vn -0 -1 -0.0054
vn -0 -1 -0.0056
vn -0.0001 -1 -0.0053
vn -0 -1 -0.0053
vn -0.0001 -1 -0.0055
vn -0.0001 -1 -0.0053
vn -0 -1 -0.0056
vn -0.0001 -1 -0.0049
vn -0.0001 -1 -0.0053
vn -0.0001 -1 -0.0055
vn -0.0001 -1 -0.0049
vn -0 -1 -0.0057
vn -0.0001 -1 -0.0053
vn -0 -1 -0.0053
vn -0 -1 -0.0057
vn -0.0001 -1 -0.0049
vn -0 -1 -0.0054
vn -0 -1 -0.0057
vn -0 -1 -0.0053
vn -0 -1 -0.0054
vn -0 -1 -0.0059
vn -0 -1 -0.0057
vn -0 -1 -0.0052
vn -0 -1 -0.0059
vn -0 -1 -0.0054
vn -0 -1 -0.0055
vn -0 -1 -0.0059
vn -0 -1 -0.0052
vn -0 -1 -0.0055
vn -0.0001 -1 -0.0053
vn -0 -1 -0.0059
vn -0 -1 -0.0053
vn -0.0001 -1 -0.0053
vn -0 -1 -0.0055
vn 0.0002 -1 -0.0052
vn -0 -1 -0.0053
vn -0 -1 -0.0055
vn -0.0001 -1 -0.0055
vn 0.0002 -1 -0.0052
vn -0 -1 -0.0055
vn 0.0001 -1 -0.0052
vn -0.0001 -1 -0.0055
vn -0 -1 -0.0055
vn -0.0002 -1 -0.0055
vn 0.0001 -1 -0.0052
vn -0 -1 -0.0055
vn -0 -1 -0.0055
vn -0.0002 -1 -0.0055
vn -0 -1 -0.0055
vn 0.0002 -1 -0.0053
vn -0 -1 -0.0055
vn -0 -1 -0.0055
vn -0.0002 -1 -0.0054
vn 0.0002 -1 -0.0053
vn -0 -1 -0.0055
vn -0.0001 -1 -0.0054
vn -0.0002 -1 -0.0054
vn -0 -1 -0.0055
vn -0 -1 -0.0055
vn 0.0001 -1 -0.0056
vn -0.0001 -1 -0.0053
vn -0 -1 -0.0054
vn -0 -1 -0.0055
vn -0.0001 -1 -0.0053
vn -0 -1 -0.0053
vn -0 -1 -0.0054
vn -0.0001 -1 -0.0053
vn -0 -1 -0.0052
vn -0 -1 -0.0053
vn 0.0001 -1 -0.0056
vn -0 -1 -0.0055
vn -0 -1 -0.0052
vn 0.0001 -1 -0.0056
vn -0 -1 -0.0053
vn -0 -1 -0.0055
vn -0 -1 -0.0053
vn -0 -1 -0.0052
vn -0 -1 -0.0053
vn -0 -1 -0.0053
vn -0 -1 -0.0052
vn -0 -1 -0.0052
vn -0 -1 -0.0053
vn -0 -1 -0.0055
vn -0 -1 -0.0055
vn -0 -1 -0.0053
vn -0 -1 -0.0052
vn -0 -1 -0.0055
vn -0 -1 -0.0055
vn -0 -1 -0.0048
vn -0 -1 -0.0055
vn -0 -1 -0.0052
vn -0 -1 -0.0056
vn -0 -1 -0.0055
vn -0 -1 -0.0048
vn -0 -1 -0.0054
vn -0 -1 -0.0055
vn -0 -1 -0.0056
vn -0 -1 -0.0054
vn -0 -1 -0.0054
vn -0 -1 -0.0055
vn 0.0001 -1 -0.0053
vn -0 -1 -0.0054
vn -0 -1 -0.0054
vn -0 -1 -0.0053
vn -0 -1 -0.0054
vn 0.0001 -1 -0.0053
vn 0.0002 -1 -0.0058
vn -0 -1 -0.0054
vn -0 -1 -0.0053
vn -0 -1 -0.0055
vn -0 -1 -0.0054
vn 0.0002 -1 -0.0058
vn -0 -1 -0.0055
vn -0.0001 -1 -0.0054
vn -0 -1 -0.0054
vn -0 -1 -0.0054
vn -0.0001 -1 -0.0054
vn -0 -1 -0.0055
vn -0.0001 -1 -0.0055
vn -0.0001 -1 -0.0054
vn -0 -1 -0.0054
vn -0.0001 -1 -0.0051
vn -0.0001 -1 -0.0054
vn -0.0001 -1 -0.0055
vn -0.0001 -1 -0.0051
vn -0 -1 -0.0057
vn -0.0001 -1 -0.0054
vn -0 -1 -0.0055
vn -0 -1 -0.0057
vn -0.0001 -1 -0.0051
vn -0 -1 -0.0055
vn -0 -1 -0.0057
vn -0 -1 -0.0055
vn -0 -1 -0.0053
vn -0 -1 -0.0057
vn -0 -1 -0.0055
vn -0 -1 -0.0056
vn -0 -1 -0.0057
vn -0 -1 -0.0053
vn -0 -1 -0.0054
vn -0 -1 -0.0057
vn -0 -1 -0.0056
vn -0 -1 -0.0054
vn -0 -1 -0.0053
vn -0 -1 -0.0057
vn 0.0001 -1 -0.005
vn -0 -1 -0.0053
vn -0 -1 -0.0054
vn -0 -1 -0.0057
vn -0 -1 -0.0053
vn 0.0001 -1 -0.005
vn 0.0001 -1 -0.005
vn -0 -1 -0.0053
vn -0 -1 -0.0057
vn 0.0001 -1 -0.005
vn -0 -1 -0.0057
vn -0 -1 -0.0053
vn -0 -1 -0.006
vn -0 -1 -0.0057
vn 0.0001 -1 -0.005
vn -0 -1 -0.0055
vn -0 -1 -0.0057
vn -0 -1 -0.006
vn 0.0001 -1 -0.0053
vn -0 -1 -0.0057
vn -0 -1 -0.0055
vn 0.0001 -1 -0.0053
vn 0.0001 -1 -0.0054
vn -0 -1 -0.0057
vn -0 -1 -0.0057
vn 0.0001 -1 -0.0054
vn 0.0001 -1 -0.0053
vn -0 -1 -0.0057
vn -0 -1 -0.0055
vn 0.0001 -1 -0.0054
vn -0 -1 -0.0053
vn -0 -1 -0.0055
vn -0 -1 -0.0057
vn -0 -1 -0.0052
vn -0 -1 -0.0055
vn -0 -1 -0.0053
vn -0 -1 -0.0052
vn -0 -1 -0.0053
vn -0 -1 -0.0055
vn -0 -1 -0.0059
vn -0 -1 -0.0053
vn -0 -1 -0.0052
vn -0 -1 -0.0059
vn -0 -1 -0.0059
vn -0 -1 -0.0053
vn -0 -1 -0.0057
vn -0 -1 -0.0059
vn -0 -1 -0.0059
vn -0 -1 -0.0051
vn -0 -1 -0.0059
vn -0 -1 -0.0057
vn -0 -1 -0.0051
vn -0 -1 -0.0054
vn -0 -1 -0.0059
vn -0 -1 -0.0054
vn -0 -1 -0.0054
vn -0 -1 -0.0051
vn -0 -1 -0.0054
vn 0.0001 -1 -0.0051
vn -0 -1 -0.0054
vn 0.0001 -1 -0.0058
vn 0.0001 -1 -0.0051
vn -0 -1 -0.0054
vn -0 -1 -0.0055
vn 0.0001 -1 -0.0051
vn 0.0001 -1 -0.0058
vn -0 -1 -0.0055
vn -0 -1 -0.0059
vn 0.0001 -1 -0.0051
vn -0 -1 -0.005
vn -0 -1 -0.0059
vn -0 -1 -0.0055
vn -0 -1 -0.005
vn -0 -1 -0.005
vn -0 -1 -0.0059
vn -0 -1 -0.005
vn -0 -1 -0.005
vn -0 -1 -0.005
vn -0 -1 -0.005
vn -0 -1 -0.0054
vn -0 -1 -0.005
vn -0.0001 -1 -0.0054
vn -0 -1 -0.0054
vn -0 -1 -0.005
vn 0.0005 -1 -0.0054
vn -0.0001 -1 -0.0061
vn -0.0001 -1 -0.0055
vn -0 -1 -0.0052
vn -0 -1 -0.0054
vn -0.0001 -1 -0.0054
vn -0 -1 -0.0052
vn 0.0001 -1 -0.0059
vn -0 -1 -0.0054
vn 0.0002 -1 -0.0055
vn -0.0001 -1 -0.0061
vn 0.0005 -1 -0.0054
vn -0 -1 -0.0052
vn 0.0001 -1 -0.0053
vn 0.0001 -1 -0.0059
vn -0.0001 -1 -0.0056
vn -0.0001 -1 -0.0061
vn 0.0002 -1 -0.0055
vn -0 -1 -0.0052
vn 0.0001 -1 -0.0053
vn 0.0001 -1 -0.0053
vn -0 -1 -0.0055
vn 0.0001 -1 -0.0053
vn -0 -1 -0.0052
vn -0.0002 -1 -0.0056
vn -0.0001 -1 -0.0061
vn -0.0001 -1 -0.0056
vn -0 -1 -0.0055
vn 0.0002 -1 -0.0051
vn 0.0001 -1 -0.0053
vn -0 -1 -0.0053
vn -0.0001 -1 -0.0061
vn -0.0002 -1 -0.0056
vn -0 -1 -0.0055
vn -0 -1 -0.0053
vn 0.0002 -1 -0.0051
vn 0.0002 -1 -0.0051
vn -0.0001 -1 -0.0061
vn -0 -1 -0.0053
vn -0 -1 -0.0055
vn -0 -1 -0.0058
vn -0 -1 -0.0053
vn -0 -1 -0.0061
vn -0 -1 -0.0058
vn -0 -1 -0.0055
vn -0 -1 -0.0056
vn -0.0001 -1 -0.0061
vn 0.0002 -1 -0.0051
vn -0 -1 -0.0061
vn -0 -1 -0.0055
vn -0 -1 -0.0058
vn -0 -1 -0.0061
vn -0 -1 -0.0053
vn -0 -1 -0.0055
vn -0 -1 -0.0053
vn -0.0001 -1 -0.0061
vn -0 -1 -0.0056
vn -0 -1 -0.0061
vn -0 -1 -0.0055
vn -0 -1 -0.0053
vn 0.0001 -1 -0.0054
vn -0.0001 -1 -0.0061
vn -0 -1 -0.0053
vn -0 -1 -0.0061
vn -0 -1 -0.0053
vn -0 -1 -0.0055
vn -0 -1 -0.0053
vn -0.0001 -1 -0.0061
vn 0.0001 -1 -0.0054
vn -0 -1 -0.0061
vn -0 -1 -0.0054
vn -0 -1 -0.0053
vn -0 -1 -0.0054
vn -0.0001 -1 -0.0061
vn -0 -1 -0.0053
vn -0 -1 -0.0061
vn -0 -1 -0.0052
vn -0 -1 -0.0054
vn -0 -1 -0.0052
vn -0.0001 -1 -0.0061
vn -0 -1 -0.0054
vn -0 -1 -0.0053
vn -0 -1 -0.0052
vn -0 -1 -0.0061
vn -0 -1 -0.0053
vn -0.0001 -1 -0.0061
vn -0 -1 -0.0052
vn -0 -1 -0.0054
vn -0.0001 -1 -0.0061
vn -0 -1 -0.0053
vn -0 -1 -0.0054
vn -0.0001 -1 -0.0061
vn -0 -1 -0.0054
vn -0 -1 -0.0054
vn -0 -1 -0.0058
vn -0.0001 -1 -0.0061
vn -0 -1 -0.0052
vn -0 -1 -0.0058
vn -0 -1 -0.0054
vn -0 -1 -0.0052
vn -0 -1 -0.0052
vn -0 -1 -0.0058
vn -0 -1 -0.0052
vn -0 -1 -0.0055
vn -0 -1 -0.0052
vn -0 -1 -0.0054
vn -0 -1 -0.0055
vn -0 -1 -0.0052
vn -0 -1 -0.0054
vn -0 -1 -0.0055
vn -0 -1 -0.0055
vn -0 -1 -0.0054
vn -0 -1 -0.0052
vn -0 -1 -0.0055
vn -0 -1 -0.0059
vn -0 -1 -0.0052
vn -0 -1 -0.0054
vn -0 -1 -0.0059
vn -0 -1 -0.0055
vn -0 -1 -0.0052
vn -0 -1 -0.0054
vn -0 -1 -0.0055
vn -0 -1 -0.0059
vn -0 -1 -0.0054
vn -0 -1 -0.0054
vn -0 -1 -0.0055
vn -0 -1 -0.0054
vn -0 -1 -0.0054
vn -0 -1 -0.0054
vn -0 -1 -0.0053
vn -0 -1 -0.0054
vn -0 -1 -0.0054
vn -0 -1 -0.0053
vn -0.0001 -1 -0.0057
vn -0 -1 -0.0054
vn -0 -1 -0.0053
vn -0 -1 -0.0058
vn -0.0001 -1 -0.0057
vn -0 -1 -0.0055
vn -0 -1 -0.0058
vn -0 -1 -0.0053
vn -0 -1 -0.0055
vn -0 -1 -0.0055
vn -0 -1 -0.0058
vn -0.5173 -0.0047 0.8558
vn -0.482 -0.005 0.8762
vn -0.482 -0.005 0.8762
vn -0.5173 -0.0047 0.8558
vn -0.482 -0.005 0.8762
vn -0.4458 -0.0051 0.8951
vn -0.4458 -0.0051 0.8951
vn -0.482 -0.005 0.8762
vn -0.4458 -0.0051 0.8951
vn -0.4079 -0.0049 0.913
vn -0.4083 -0.005 0.9128
vn -0.4458 -0.0051 0.8951
vn -0.4079 -0.0049 0.913
vn -0.3679 -0.005 0.9299
vn -0.3679 -0.005 0.9299
vn -0.4083 -0.005 0.9128
vn -0.3679 -0.005 0.9299
vn -0.3254 -0.0051 0.9455
vn -0.3254 -0.0051 0.9456
vn -0.3679 -0.005 0.9299
vn -0.3254 -0.0051 0.9455
vn -0.2813 -0.0051 0.9596
vn -0.2813 -0.0051 0.9596
vn -0.3254 -0.0051 0.9456
vn -0.2813 -0.0051 0.9596
vn -0.2339 -0.0052 0.9722
vn -0.2339 -0.0052 0.9722
vn -0.2813 -0.0051 0.9596
vn -0.2339 -0.0052 0.9722
vn -0.1827 -0.0054 0.9832
vn -0.1824 -0.0054 0.9832
vn -0.2339 -0.0052 0.9722
vn -0.1827 -0.0054 0.9832
vn -0.1276 -0.0054 0.9918
vn -0.1276 -0.0054 0.9918
vn -0.1824 -0.0054 0.9832
vn -0.1276 -0.0054 0.9918
vn -0.0663 -0.0052 0.9978
vn -0.0663 -0.0052 0.9978
vn -0.1276 -0.0054 0.9918
vn -0.0663 -0.0052 0.9978
vn 0.0027 -0.0053 1
vn 0.0027 -0.0053 1
vn -0.0663 -0.0052 0.9978
vn 0.0027 -0.0053 1
vn 0.0824 -0.0055 0.9966
vn 0.0824 -0.0055 0.9966
vn 0.0027 -0.0053 1
vn 0.0824 -0.0055 0.9966
vn 0.1704 -0.0054 0.9854
vn 0.1704 -0.0051 0.9854
vn 0.0824 -0.0055 0.9966
vn 0.1704 -0.0054 0.9854
vn 0.2644 -0.0052 0.9644
vn 0.2641 -0.0053 0.9645
vn 0.1704 -0.0051 0.9854
vn 0.2644 -0.0052 0.9644
vn 0.3642 -0.0051 0.9313
vn 0.3646 -0.0051 0.9312
vn 0.2641 -0.0053 0.9645
vn 0.3642 -0.0051 0.9313
vn 0.47 -0.0049 0.8826
vn 0.4701 -0.0049 0.8826
vn 0.3646 -0.0051 0.9312
vn 0.47 -0.0049 0.8826
vn 0.5785 -0.0046 0.8157
vn 0.5785 -0.0046 0.8157
vn 0.4701 -0.0049 0.8826
vn 0.5785 -0.0046 0.8157
vn 0.6867 -0.0039 0.7269
vn 0.6868 -0.0039 0.7269
vn 0.5785 -0.0046 0.8157
vn 0.6867 -0.0039 0.7269
vn 0.7893 -0.0034 0.6141
vn 0.7893 -0.0034 0.6141
vn 0.6868 -0.0039 0.7269
vn 0.7893 -0.0034 0.6141
vn 0.8777 -0.0026 0.4791
vn 0.8777 -0.0026 0.4791
vn 0.7893 -0.0034 0.6141
vn 0.8777 -0.0026 0.4791
vn 0.9453 -0.0018 0.3262
vn 0.9453 -0.0018 0.3262
vn 0.8777 -0.0026 0.4791
vn 0.9453 -0.0018 0.3262
vn 0.9866 -0.0009 0.1632
vn 0.9866 -0.0009 0.1632
vn 0.9453 -0.0018 0.3262
vn 0.9866 -0.0009 0.1632
vn 0.9998 0.0001 -0.0219
vn 0.9998 0.0001 -0.0216
vn 0.9866 -0.0009 0.1632
vn 0.9998 0.0001 -0.0219
vn 0.9718 0.0012 -0.2359
vn 0.9719 0.0014 -0.2354
vn 0.9998 0.0001 -0.0216
vn 0.9718 0.0012 -0.2359
vn 0.9032 0.0022 -0.4293
vn 0.9031 0.0022 -0.4294
vn 0.9719 0.0014 -0.2354
vn 0.9032 0.0022 -0.4293
vn 0.8221 0.0031 -0.5693
vn 0.8222 0.0031 -0.5692
vn 0.9031 0.0022 -0.4294
vn 0.8221 0.0031 -0.5693
vn 0.7472 0.0036 -0.6646
vn 0.7473 0.0036 -0.6645
vn 0.8222 0.0031 -0.5692
vn 0.7472 0.0036 -0.6646
vn 0.6852 0.004 -0.7283
vn 0.6852 0.004 -0.7283
vn 0.7473 0.0036 -0.6645
vn 0.6852 0.004 -0.7283
vn 0.6359 0.0042 -0.7718
vn 0.6358 0.0042 -0.7719
vn 0.6852 0.004 -0.7283
vn 0.6359 0.0042 -0.7718
vn 0.5973 0.0044 -0.802
vn 0.5973 0.0044 -0.802
vn 0.6358 0.0042 -0.7719
vn 0.5973 0.0044 -0.802
vn 0.5677 0.0045 -0.8232
vn 0.5676 0.0044 -0.8233
vn 0.5973 0.0044 -0.802
vn 0.5677 0.0045 -0.8232
vn 0.5451 0.0048 -0.8383
vn 0.5451 0.0048 -0.8383
vn 0.5676 0.0044 -0.8233
vn 0.5451 0.0048 -0.8383
vn 0.5273 0.0047 -0.8497
vn 0.5273 0.0047 -0.8497
vn 0.5451 0.0048 -0.8383
vn 0.5273 0.0047 -0.8497
vn 0.5139 0.0046 -0.8579
vn 0.5139 0.0046 -0.8579
vn 0.5273 0.0047 -0.8497
vn 0.5139 0.0046 -0.8579
vn 0.5351 0.0045 -0.8448
vn 0.5351 0.0045 -0.8448
vn 0.5139 0.0046 -0.8579
vn 0.5351 0.0045 -0.8448
vn 0.5729 0.0044 -0.8196
vn 0.5729 0.0044 -0.8196
vn 0.5351 0.0045 -0.8448
vn 0.5729 0.0044 -0.8196
vn 0.5989 0.0044 -0.8008
vn 0.5989 0.0044 -0.8008
vn 0.5729 0.0044 -0.8196
vn 0.5989 0.0044 -0.8008
vn 0.632 0.0044 -0.7749
vn 0.632 0.0044 -0.7749
vn 0.5989 0.0044 -0.8008
vn 0.632 0.0044 -0.7749
vn 0.6729 0.0041 -0.7397
vn 0.6729 0.0041 -0.7397
vn 0.632 0.0044 -0.7749
vn 0.6729 0.0041 -0.7397
vn 0.7213 0.0037 -0.6926
vn 0.7213 0.0037 -0.6926
vn 0.6729 0.0041 -0.7397
vn 0.7213 0.0037 -0.6926
vn 0.7763 0.0035 -0.6304
vn 0.7766 0.0033 -0.63
vn 0.7213 0.0037 -0.6926
vn 0.7763 0.0035 -0.6304
vn 0.8346 0.003 -0.5508
vn 0.8346 0.003 -0.5508
vn 0.7766 0.0033 -0.63
vn 0.8346 0.003 -0.5508
vn 0.8914 0.0025 -0.4532
vn 0.8915 0.0025 -0.4529
vn 0.8346 0.003 -0.5508
vn 0.8914 0.0025 -0.4532
vn 0.9399 0.0019 -0.3415
vn 0.9399 0.0019 -0.3415
vn 0.8915 0.0025 -0.4529
vn 0.9399 0.0019 -0.3415
vn 0.9748 0.0012 -0.2229
vn 0.9748 0.0012 -0.2229
vn 0.9399 0.0019 -0.3415
vn 0.9748 0.0012 -0.2229
vn 0.9943 0.0006 -0.1069
vn 0.9943 0.0006 -0.1069
vn 0.9748 0.0012 -0.2229
vn 0.9943 0.0006 -0.1069
vn 1 -0.0001 0.0082
vn 1 -0 0.0078
vn 0.9943 0.0006 -0.1069
vn 1 -0.0001 0.0082
vn 0.9907 -0.0008 0.1361
vn 0.9907 -0.0008 0.1361
vn 1 -0 0.0078
vn 0.9907 -0.0008 0.1361
vn 0.9616 -0.0015 0.2744
vn 0.9615 -0.0015 0.2747
vn 0.9907 -0.0008 0.1361
vn 0.9616 -0.0015 0.2744
vn 0.9121 -0.0023 0.4099
vn 0.9121 -0.0023 0.41
vn 0.9615 -0.0015 0.2747
vn 0.9121 -0.0023 0.4099
vn 0.8433 -0.0031 0.5374
vn 0.8433 -0.0031 0.5374
vn 0.9121 -0.0023 0.41
vn 0.8433 -0.0031 0.5374
vn 0.7577 -0.0037 0.6526
vn 0.7577 -0.0037 0.6526
vn 0.8433 -0.0031 0.5374
vn 0.7577 -0.0037 0.6526
vn 0.66 -0.0042 0.7512
vn 0.66 -0.0042 0.7512
vn 0.7577 -0.0037 0.6526
vn 0.66 -0.0042 0.7512
vn 0.5535 -0.0043 0.8328
vn 0.5535 -0.0043 0.8328
vn 0.66 -0.0042 0.7512
vn 0.5535 -0.0043 0.8328
vn 0.4419 -0.0048 0.8971
vn 0.4419 -0.0048 0.8971
vn 0.5535 -0.0043 0.8328
vn 0.4419 -0.0048 0.8971
vn 0.3286 -0.0052 0.9445
vn 0.3285 -0.0052 0.9445
vn 0.4419 -0.0048 0.8971
vn 0.3286 -0.0052 0.9445
vn 0.2163 -0.0054 0.9763
vn 0.2164 -0.0054 0.9763
vn 0.3285 -0.0052 0.9445
vn 0.2163 -0.0054 0.9763
vn 0.1067 -0.0054 0.9943
vn 0.1064 -0.0055 0.9943
vn 0.2164 -0.0054 0.9763
vn 0.1067 -0.0054 0.9943
vn 0.0177 -0.0054 0.9998
vn 0.0172 -0.0054 0.9998
vn 0.1064 -0.0055 0.9943
vn 0.0177 -0.0054 0.9998
vn -0.0361 -0.0053 0.9993
vn -0.0363 -0.0055 0.9993
vn 0.0172 -0.0054 0.9998
vn -0.0361 -0.0053 0.9993
vn -0.0755 -0.0055 0.9971
vn -0.0755 -0.0055 0.9971
vn -0.0363 -0.0055 0.9993
vn -0.0755 -0.0055 0.9971
vn -0.1177 -0.0054 0.993
vn -0.1176 -0.0054 0.993
vn -0.0755 -0.0055 0.9971
vn -0.1177 -0.0054 0.993
vn -0.1622 -0.0052 0.9867
vn -0.1622 -0.0052 0.9867
vn -0.1176 -0.0054 0.993
vn -0.1622 -0.0052 0.9867
vn -0.2078 -0.0053 0.9782
vn -0.2079 -0.0053 0.9781
vn -0.1622 -0.0052 0.9867
vn -0.2078 -0.0053 0.9782
vn -0.2528 -0.0055 0.9675
vn -0.2528 -0.0055 0.9675
vn -0.2079 -0.0053 0.9781
vn -0.2528 -0.0055 0.9675
vn -0.2958 -0.0052 0.9553
vn -0.2958 -0.0052 0.9553
vn -0.2528 -0.0055 0.9675
vn -0.2958 -0.0052 0.9553
vn -0.3361 -0.0052 0.9418
vn -0.3361 -0.0052 0.9418
vn -0.2958 -0.0052 0.9553
vn -0.3361 -0.0052 0.9418
vn -0.3727 -0.005 0.9279
vn -0.3729 -0.0051 0.9279
vn -0.3361 -0.0052 0.9418
vn -0.3727 -0.005 0.9279
vn -0.4056 -0.0048 0.914
vn -0.4056 -0.0048 0.914
vn -0.3729 -0.0051 0.9279
vn -0.4056 -0.0048 0.914
vn -0.4343 -0.0049 0.9008
vn -0.4343 -0.0049 0.9008
vn -0.4056 -0.0048 0.914
vn -0.4343 -0.0049 0.9008
vn -0.8508 -0.0028 0.5254
vn -0.8508 -0.0028 0.5255
vn -0.4343 -0.0049 0.9008
vn -0.8508 -0.0028 0.5254
vn -0.4723 0.0049 -0.8814
vn -0.4726 0.0048 -0.8813
vn -0.8508 -0.0028 0.5255
vn -0.4723 0.0049 -0.8814
vn 0.5391 0.0046 -0.8422
vn 0.5391 0.0046 -0.8422
vn -0.4726 0.0048 -0.8813
vn 0.5391 0.0046 -0.8422
vn 0.5084 0.0048 -0.8611
vn 0.5083 0.0048 -0.8612
vn 0.5391 0.0046 -0.8422
vn 0.5084 0.0048 -0.8611
vn 0.4757 0.0049 -0.8796
vn 0.4757 0.0049 -0.8796
vn 0.5083 0.0048 -0.8612
vn 0.4757 0.0049 -0.8796
vn 0.441 0.0048 -0.8975
vn 0.441 0.0048 -0.8975
vn 0.4757 0.0049 -0.8796
vn 0.441 0.0048 -0.8975
vn 0.4036 0.0048 -0.9149
vn 0.4037 0.0051 -0.9149
vn 0.441 0.0048 -0.8975
vn 0.4036 0.0048 -0.9149
vn 0.3633 0.0051 -0.9317
vn 0.3633 0.0051 -0.9317
vn 0.4037 0.0051 -0.9149
vn 0.3633 0.0051 -0.9317
vn 0.3187 0.0052 -0.9479
vn 0.3188 0.0053 -0.9478
vn 0.3633 0.0051 -0.9317
vn 0.3187 0.0052 -0.9479
vn 0.2693 0.0051 -0.963
vn 0.2691 0.0054 -0.9631
vn 0.3188 0.0053 -0.9478
vn 0.2693 0.0051 -0.963
vn 0.2142 0.0051 -0.9768
vn 0.2139 0.0052 -0.9768
vn 0.2691 0.0054 -0.9631
vn 0.2142 0.0051 -0.9768
vn 0.1518 0.0055 -0.9884
vn 0.1518 0.0055 -0.9884
vn 0.2139 0.0052 -0.9768
vn 0.1518 0.0055 -0.9884
vn 0.0805 0.0055 -0.9967
vn 0.0806 0.0054 -0.9967
vn 0.1518 0.0055 -0.9884
vn 0.0805 0.0055 -0.9967
vn -0.0249 0.0053 -0.9997
vn -0.0249 0.0053 -0.9997
vn 0.0806 0.0054 -0.9967
vn -0.0249 0.0053 -0.9997
vn -0.1289 0.0055 -0.9916
vn -0.1288 0.0056 -0.9917
vn -0.0249 0.0053 -0.9997
vn -0.1289 0.0055 -0.9916
vn -0.2064 0.0055 -0.9785
vn -0.2064 0.0055 -0.9785
vn -0.1288 0.0056 -0.9917
vn -0.2064 0.0055 -0.9785
vn -0.2901 0.0055 -0.957
vn -0.2901 0.0055 -0.957
vn -0.2064 0.0055 -0.9785
vn -0.2901 0.0055 -0.957
vn -0.3799 0.0049 -0.925
vn -0.3802 0.0051 -0.9249
vn -0.2901 0.0055 -0.957
vn -0.3799 0.0049 -0.925
vn -0.4767 0.0048 -0.8791
vn -0.4767 0.0048 -0.8791
vn -0.3802 0.0051 -0.9249
vn -0.4767 0.0048 -0.8791
vn -0.5796 0.0045 -0.8149
vn -0.5796 0.0045 -0.8149
vn -0.4767 0.0048 -0.8791
vn -0.5796 0.0045 -0.8149
vn -0.6851 0.004 -0.7285
vn -0.6851 0.004 -0.7284
vn -0.5796 0.0045 -0.8149
vn -0.6851 0.004 -0.7285
vn -0.7867 0.0034 -0.6174
vn -0.7867 0.0034 -0.6173
vn -0.6851 0.004 -0.7284
vn -0.7867 0.0034 -0.6174
vn -0.8764 0.0027 -0.4816
vn -0.8763 0.0027 -0.4817
vn -0.7867 0.0034 -0.6173
vn -0.8764 0.0027 -0.4816
vn -0.9451 0.0019 -0.3267
vn -0.9452 0.0019 -0.3266
vn -0.8763 0.0027 -0.4817
vn -0.9451 0.0019 -0.3267
vn -0.9868 0.0009 -0.1621
vn -0.9868 0.0009 -0.1621
vn -0.9452 0.0019 -0.3266
vn -0.9868 0.0009 -0.1621
vn -0.9955 -0.0005 0.0943
vn -0.9955 -0.0005 0.0943
vn -0.9868 0.0009 -0.1621
vn -0.9955 -0.0005 0.0943
vn -0.8897 -0.0025 0.4564
vn -0.8898 -0.0025 0.4564
vn -0.9955 -0.0005 0.0943
vn -0.8897 -0.0025 0.4564
vn -0.7052 -0.0038 0.709
vn -0.7051 -0.0038 0.709
vn -0.8898 -0.0025 0.4564
vn -0.7052 -0.0038 0.709
vn -0.5814 -0.0045 0.8136
vn -0.5814 -0.0045 0.8136
vn -0.7051 -0.0038 0.709
vn -0.5814 -0.0045 0.8136
vn -0.519 -0.0047 0.8547
vn -0.519 -0.0047 0.8547
vn -0.5814 -0.0045 0.8136
vn -0.519 -0.0047 0.8547
vn -0.5004 -0.0047 0.8658
vn -0.5001 -0.0047 0.8659
vn -0.519 -0.0047 0.8547
vn -0.5004 -0.0047 0.8658
vn -0.5149 -0.0048 0.8572
vn -0.5149 -0.0048 0.8572
vn -0.5001 -0.0047 0.8659
vn -0.5149 -0.0048 0.8572
vn -0.5596 -0.0047 0.8287
vn -0.5596 -0.0047 0.8287
vn -0.5149 -0.0048 0.8572
vn -0.5596 -0.0047 0.8287
vn -0.634 -0.0042 0.7733
vn -0.634 -0.0042 0.7733
vn -0.5596 -0.0047 0.8287
vn -0.634 -0.0042 0.7733
vn -0.7375 -0.0036 0.6754
vn -0.7375 -0.0036 0.6754
vn -0.634 -0.0042 0.7733
vn -0.7375 -0.0036 0.6754
vn -0.8572 -0.0027 0.515
vn -0.8572 -0.0027 0.515
vn -0.7375 -0.0036 0.6754
vn -0.8572 -0.0027 0.515
vn -0.9598 -0.0015 0.2806
vn -0.9597 -0.0015 0.2812
vn -0.8572 -0.0027 0.515
vn -0.9598 -0.0015 0.2806
vn -0.9992 -0.0002 0.0394
vn -0.9992 -0.0002 0.0394
vn -0.9597 -0.0015 0.2812
vn -0.9992 -0.0002 0.0394
vn -0.991 0.0007 -0.1336
vn -0.991 0.0007 -0.1336
vn -0.9992 -0.0002 0.0394
vn -0.991 0.0007 -0.1336
vn -0.9617 0.0015 -0.2741
vn -0.9617 0.0015 -0.2741
vn -0.991 0.0007 -0.1336
vn -0.9617 0.0015 -0.2741
vn -0.9097 0.0022 -0.4152
vn -0.9097 0.0022 -0.4152
vn -0.9617 0.0015 -0.2741
vn -0.9097 0.0022 -0.4152
vn -0.8347 0.003 -0.5507
vn -0.8347 0.003 -0.5507
vn -0.9097 0.0022 -0.4152
vn -0.8347 0.003 -0.5507
vn -0.7406 0.0037 -0.6719
vn -0.7406 0.0037 -0.6719
vn -0.8347 0.003 -0.5507
vn -0.7406 0.0037 -0.6719
vn -0.6329 0.0044 -0.7742
vn -0.6329 0.0044 -0.7742
vn -0.7406 0.0037 -0.6719
vn -0.6329 0.0044 -0.7742
vn -0.5188 0.0046 -0.8549
vn -0.5184 0.0048 -0.8551
vn -0.6329 0.0044 -0.7742
vn -0.5188 0.0046 -0.8549
vn -0.4035 0.0049 -0.915
vn -0.4035 0.0049 -0.915
vn -0.5184 0.0048 -0.8551
vn -0.4035 0.0049 -0.915
vn -0.2918 0.0051 -0.9565
vn -0.2921 0.0052 -0.9564
vn -0.4035 0.0049 -0.915
vn -0.2918 0.0051 -0.9565
vn -0.1871 0.0054 -0.9823
vn -0.1871 0.0054 -0.9823
vn -0.2921 0.0052 -0.9564
vn -0.1871 0.0054 -0.9823
vn -0.0901 0.0054 -0.9959
vn -0.0901 0.0054 -0.9959
vn -0.1871 0.0054 -0.9823
vn -0.0901 0.0054 -0.9959
vn -0.01 0.0054 -0.9999
vn -0.01 0.0054 -0.9999
vn -0.0901 0.0054 -0.9959
vn -0.01 0.0054 -0.9999
vn 0.0474 0.0055 -0.9989
vn 0.0474 0.0055 -0.9989
vn -0.01 0.0054 -0.9999
vn 0.0474 0.0055 -0.9989
vn 0.0946 0.0054 -0.9955
vn 0.0947 0.0054 -0.9955
vn 0.0474 0.0055 -0.9989
vn 0.0946 0.0054 -0.9955
vn 0.1406 0.0054 -0.99
vn 0.1406 0.0054 -0.99
vn 0.0947 0.0054 -0.9955
vn 0.1406 0.0054 -0.99
vn 0.1852 0.0054 -0.9827
vn 0.1852 0.0054 -0.9827
vn 0.1406 0.0054 -0.99
vn 0.1852 0.0054 -0.9827
vn 0.2282 0.0055 -0.9736
vn 0.2282 0.0055 -0.9736
vn 0.1852 0.0054 -0.9827
vn 0.2282 0.0055 -0.9736
vn 0.2695 0.0054 -0.963
vn 0.2697 0.0055 -0.9629
vn 0.2282 0.0055 -0.9736
vn 0.2695 0.0054 -0.963
vn 0.3085 0.0052 -0.9512
vn 0.3085 0.0052 -0.9512
vn 0.2697 0.0055 -0.9629
vn 0.3085 0.0052 -0.9512
vn 0.3451 0.0052 -0.9386
vn 0.3451 0.0052 -0.9386
vn 0.3085 0.0052 -0.9512
vn 0.3451 0.0052 -0.9386
vn 0.38 0.005 -0.925
vn 0.3796 0.005 -0.9252
vn 0.3451 0.0052 -0.9386
vn 0.38 0.005 -0.925
vn 0.4119 0.0049 -0.9112
vn 0.4119 0.0049 -0.9112
vn 0.3796 0.005 -0.9252
vn 0.4119 0.0049 -0.9112
vn 0.442 0.0048 -0.897
vn 0.442 0.0048 -0.897
vn 0.4119 0.0049 -0.9112
vn 0.442 0.0048 -0.897
vn 0.8531 0.0028 -0.5218
vn 0.8531 0.0028 -0.5218
vn 0.442 0.0048 -0.897
vn 0.8531 0.0028 -0.5218
vn 0.4826 -0.0048 0.8758
vn 0.4823 -0.0047 0.876
vn 0.8531 0.0028 -0.5218
vn 0.4826 -0.0048 0.8758
vn -0.5173 -0.0047 0.8558
vn -0.5173 -0.0047 0.8558
vn 0.4823 -0.0047 0.876
vn -0.4193 0.0049 -0.9079
vn -0.7376 0.0037 -0.6752
vn -0.7376 0.0037 -0.6752
vn -0.4191 0.0049 -0.9079
vn -0.7376 0.0037 -0.6752
vn -0.6873 0.004 -0.7264
vn -0.6873 0.004 -0.7264
vn -0.7376 0.0037 -0.6752
vn -0.6873 0.004 -0.7264
vn -0.6336 0.0042 -0.7737
vn -0.6336 0.0042 -0.7737
vn -0.6873 0.004 -0.7264
vn -0.6336 0.0042 -0.7737
vn -0.5761 0.0045 -0.8174
vn -0.5761 0.0045 -0.8174
vn -0.6336 0.0042 -0.7737
vn -0.5761 0.0045 -0.8174
vn -0.5153 0.0049 -0.857
vn -0.5153 0.0049 -0.857
vn -0.5761 0.0045 -0.8174
vn -0.5153 0.0049 -0.857
vn -0.4509 0.0049 -0.8926
vn -0.4511 0.0051 -0.8925
vn -0.5153 0.0049 -0.857
vn -0.4509 0.0049 -0.8926
vn -0.3833 0.005 -0.9236
vn -0.3833 0.005 -0.9236
vn -0.4511 0.0051 -0.8925
vn -0.3833 0.005 -0.9236
vn -0.3129 0.0052 -0.9498
vn -0.3129 0.0052 -0.9498
vn -0.3833 0.005 -0.9236
vn -0.3129 0.0052 -0.9498
vn -0.2386 0.0054 -0.9711
vn -0.2386 0.0054 -0.9711
vn -0.3129 0.0052 -0.9498
vn -0.2386 0.0054 -0.9711
vn -0.1617 0.0053 -0.9868
vn -0.1617 0.0053 -0.9868
vn -0.2386 0.0054 -0.9711
vn -0.1617 0.0053 -0.9868
vn -0.082 0.0054 -0.9966
vn -0.082 0.0054 -0.9966
vn -0.1617 0.0053 -0.9868
vn -0.082 0.0054 -0.9966
vn 0.0084 0.0054 -1
vn 0.0084 0.0054 -1
vn -0.082 0.0054 -0.9966
vn 0.0084 0.0054 -1
vn 0.12 0.0054 -0.9928
vn 0.1199 0.0054 -0.9928
vn 0.0084 0.0054 -1
vn 0.12 0.0054 -0.9928
vn 0.2472 0.0052 -0.9689
vn 0.2472 0.0052 -0.9689
vn 0.1199 0.0054 -0.9928
vn 0.2472 0.0052 -0.9689
vn 0.3793 0.005 -0.9253
vn 0.3793 0.005 -0.9253
vn 0.2472 0.0052 -0.9689
vn 0.3793 0.005 -0.9253
vn 0.5109 0.0046 -0.8597
vn 0.5109 0.0046 -0.8596
vn 0.3793 0.005 -0.9253
vn 0.5109 0.0046 -0.8597
vn 0.6349 0.0042 -0.7726
vn 0.6349 0.0042 -0.7726
vn 0.5109 0.0046 -0.8596
vn 0.6349 0.0042 -0.7726
vn 0.744 0.0037 -0.6682
vn 0.744 0.0037 -0.6682
vn 0.6349 0.0042 -0.7726
vn 0.744 0.0037 -0.6682
vn 0.8341 0.0031 -0.5516
vn 0.8341 0.0031 -0.5516
vn 0.744 0.0037 -0.6682
vn 0.8341 0.0031 -0.5516
vn 0.9026 0.0022 -0.4304
vn 0.9028 0.0024 -0.4301
vn 0.8341 0.0031 -0.5516
vn 0.9026 0.0022 -0.4304
vn 0.9504 0.0017 -0.3109
vn 0.9504 0.0017 -0.3109
vn 0.9028 0.0024 -0.4301
vn 0.9504 0.0017 -0.3109
vn 0.9802 0.0011 -0.1978
vn 0.9802 0.0011 -0.1981
vn 0.9504 0.0017 -0.3109
vn 0.9802 0.0011 -0.1978
vn 0.9955 0.0005 -0.0946
vn 0.9955 0.0005 -0.0946
vn 0.9802 0.0011 -0.1981
vn 0.9955 0.0005 -0.0946
vn 0.9997 0.0001 -0.0224
vn 0.9997 0.0001 -0.0224
vn 0.9955 0.0005 -0.0946
vn 0.9997 0.0001 -0.0224
vn 0.7071 -0.0038 0.7071
vn 0.7071 -0.0038 0.7071
vn 0.9997 0.0001 -0.0224
vn 0.7071 -0.0038 0.7071
vn -0.7071 -0.0038 0.7071
vn -0.7071 -0.0038 0.7071
vn 0.7071 -0.0038 0.7071
vn -0.7071 -0.0038 0.7071
vn -0.9998 -0.0001 0.0216
vn -0.9998 -0.0001 0.0216
vn -0.7071 -0.0038 0.7071
vn -0.9998 -0.0001 0.0216
vn -0.9959 -0.0005 0.0903
vn -0.9959 -0.0005 0.0902
vn -0.9998 -0.0001 0.0216
vn -0.9959 -0.0005 0.0903
vn -0.9823 -0.0011 0.1874
vn -0.9823 -0.0011 0.1874
vn -0.9959 -0.0005 0.0902
vn -0.9823 -0.0011 0.1874
vn -0.9568 -0.0016 0.2909
vn -0.9567 -0.0016 0.2911
vn -0.9823 -0.0011 0.1874
vn -0.9568 -0.0016 0.2909
vn -0.9162 -0.0022 0.4008
vn -0.9162 -0.0022 0.4008
vn -0.9567 -0.0016 0.2911
vn -0.9162 -0.0022 0.4008
vn -0.8578 -0.0029 0.514
vn -0.8578 -0.0029 0.514
vn -0.9162 -0.0022 0.4008
vn -0.8578 -0.0029 0.514
vn -0.7792 -0.0032 0.6267
vn -0.7792 -0.0035 0.6267
vn -0.8578 -0.0029 0.514
vn -0.7792 -0.0032 0.6267
vn -0.6796 -0.004 0.7335
vn -0.6792 -0.004 0.7339
vn -0.7792 -0.0035 0.6267
vn -0.6796 -0.004 0.7335
vn -0.5599 -0.0046 0.8286
vn -0.5599 -0.0046 0.8286
vn -0.6792 -0.004 0.7339
vn -0.5599 -0.0046 0.8286
vn -0.4252 -0.005 0.9051
vn -0.4252 -0.005 0.9051
vn -0.5599 -0.0046 0.8286
vn -0.4252 -0.005 0.9051
vn -0.2819 -0.0051 0.9594
vn -0.2822 -0.0053 0.9593
vn -0.4252 -0.005 0.9051
vn -0.2819 -0.0051 0.9594
vn -0.1384 -0.0053 0.9904
vn -0.1384 -0.0053 0.9904
vn -0.2822 -0.0053 0.9593
vn -0.1384 -0.0053 0.9904
vn -0.014 -0.0054 0.9999
vn -0.014 -0.0054 0.9999
vn -0.1384 -0.0053 0.9904
vn -0.014 -0.0054 0.9999
vn 0.0824 -0.0054 0.9966
vn 0.0823 -0.0054 0.9966
vn -0.014 -0.0054 0.9999
vn 0.0824 -0.0054 0.9966
vn 0.1695 -0.0054 0.9855
vn 0.1693 -0.0054 0.9855
vn 0.0823 -0.0054 0.9966
vn 0.1695 -0.0054 0.9855
vn 0.2587 -0.0053 0.9659
vn 0.2587 -0.0053 0.9659
vn 0.1693 -0.0054 0.9855
vn 0.2587 -0.0053 0.9659
vn 0.3465 -0.0051 0.938
vn 0.3462 -0.0053 0.9381
vn 0.2587 -0.0053 0.9659
vn 0.3465 -0.0051 0.938
vn 0.4279 -0.005 0.9038
vn 0.428 -0.005 0.9038
vn 0.3462 -0.0053 0.9381
vn 0.4279 -0.005 0.9038
vn 0.5014 -0.0048 0.8652
vn 0.5012 -0.0047 0.8653
vn 0.428 -0.005 0.9038
vn 0.5014 -0.0048 0.8652
vn 0.5644 -0.0045 0.8255
vn 0.564 -0.0045 0.8258
vn 0.5012 -0.0047 0.8653
vn 0.5644 -0.0045 0.8255
vn 0.6167 -0.0043 0.7872
vn 0.6167 -0.0043 0.7872
vn 0.564 -0.0045 0.8258
vn 0.6167 -0.0043 0.7872
vn 0.66 -0.0041 0.7512
vn 0.66 -0.0041 0.7512
vn 0.6167 -0.0043 0.7872
vn 0.66 -0.0041 0.7512
vn 0.6952 -0.004 0.7188
vn 0.6949 -0.0038 0.7191
vn 0.66 -0.0041 0.7512
vn 0.6952 -0.004 0.7188
vn 0.7229 -0.0038 0.6909
vn 0.7229 -0.0038 0.6909
vn 0.6949 -0.0038 0.7191
vn 0.7229 -0.0038 0.6909
vn 0.9314 -0.002 0.364
vn 0.9314 -0.002 0.3639
vn 0.7229 -0.0038 0.6909
vn 0.9314 -0.002 0.364
vn 0.7071 -0.0038 0.7071
vn 0.7071 -0.0038 0.7071
vn 0.9314 -0.002 0.3639
vn 0.7071 -0.0038 0.7071
vn -0.7071 -0.0038 0.7071
vn -0.7071 -0.0038 0.7071
vn 0.7071 -0.0038 0.7071
vn -0.7071 -0.0038 0.7071
vn -0.7071 0.0038 -0.7071
vn -0.7071 0.0038 -0.7071
vn -0.7071 -0.0038 0.7071
vn -0.7071 0.0038 -0.7071
vn 0.7071 0.0038 -0.7071
vn 0.7071 0.0038 -0.7071
vn -0.7071 0.0038 -0.7071
vn 0.7071 0.0038 -0.7071
vn 0.7071 0.0038 -0.7071
vn 0.7071 0.0038 -0.7071
vn 0.7071 0.0038 -0.7071
vn 0.7071 0.0038 -0.7071
vn -0.4193 0.0049 -0.9079
vn -0.4191 0.0049 -0.9079
vn 0.7071 0.0038 -0.7071
vn -0.7071 -0.0038 0.7071
vn -0.7071 0.0038 -0.7071
vn -0.7071 0.0038 -0.7071
vn -0.7071 -0.0038 0.7071
vn -0.7071 0.0038 -0.7071
vn 0.7071 0.0038 -0.7071
vn 0.7071 0.0038 -0.7071
vn -0.7071 0.0038 -0.7071
vn 0.7071 0.0038 -0.7071
vn 0.7071 -0.0038 0.7071
vn 0.7071 -0.0038 0.7071
vn 0.7071 0.0038 -0.7071
vn 0.7071 -0.0038 0.7071
vn -0.7071 -0.0038 0.7071
vn -0.7071 -0.0038 0.7071
vn 0.7071 -0.0038 0.7071
vn -0.1359 -0.0051 0.9907
vn -0.2678 -0.005 0.9635
vn -0.2676 -0.0055 0.9635
vn -0.1365 -0.0055 0.9906
vn -0.2678 -0.005 0.9635
vn -0.3923 -0.005 0.9198
vn -0.3919 -0.005 0.92
vn -0.2676 -0.0055 0.9635
vn -0.3923 -0.005 0.9198
vn -0.5078 -0.0046 0.8615
vn -0.5077 -0.0046 0.8615
vn -0.3919 -0.005 0.92
vn -0.5078 -0.0046 0.8615
vn -0.613 -0.0042 0.7901
vn -0.613 -0.0042 0.7901
vn -0.5077 -0.0046 0.8615
vn -0.613 -0.0042 0.7901
vn -0.7071 -0.0039 0.7071
vn -0.7072 -0.0039 0.707
vn -0.613 -0.0042 0.7901
vn -0.7071 -0.0039 0.7071
vn -0.7903 -0.0032 0.6127
vn -0.7903 -0.0032 0.6127
vn -0.7072 -0.0039 0.707
vn -0.7903 -0.0032 0.6127
vn -0.8616 -0.0028 0.5076
vn -0.8616 -0.0028 0.5075
vn -0.7903 -0.0032 0.6127
vn -0.8616 -0.0028 0.5076
vn -0.9199 -0.0021 0.3921
vn -0.9199 -0.0021 0.3921
vn -0.8616 -0.0028 0.5075
vn -0.9199 -0.0021 0.3921
vn -0.9634 -0.0014 0.2681
vn -0.9634 -0.0014 0.2682
vn -0.9199 -0.0021 0.3921
vn -0.9634 -0.0014 0.2681
vn -0.9907 -0.0007 0.1362
vn -0.9907 -0.0007 0.1361
vn -0.9634 -0.0014 0.2682
vn -0.9907 -0.0007 0.1362
vn -1 -0 -0
vn -1 -0 -0.0001
vn -0.9907 -0.0007 0.1361
vn -1 -0 -0
vn -0.9907 0.0007 -0.1363
vn -0.9907 0.0007 -0.1361
vn -1 -0 -0.0001
vn -0.9907 0.0007 -0.1363
vn -0.9634 0.0014 -0.2681
vn -0.9634 0.0014 -0.2681
vn -0.9907 0.0007 -0.1361
vn -0.9634 0.0014 -0.2681
vn -0.9198 0.0022 -0.3924
vn -0.9199 0.0021 -0.3921
vn -0.9634 0.0014 -0.2681
vn -0.9198 0.0022 -0.3924
vn -0.8616 0.0028 -0.5076
vn -0.8616 0.0028 -0.5076
vn -0.9199 0.0021 -0.3921
vn -0.8616 0.0028 -0.5076
vn -0.7906 0.0032 -0.6123
vn -0.7904 0.0032 -0.6126
vn -0.8616 0.0028 -0.5076
vn -0.7906 0.0032 -0.6123
vn -0.7071 0.0039 -0.7071
vn -0.7071 0.0039 -0.7071
vn -0.7904 0.0032 -0.6126
vn -0.7071 0.0039 -0.7071
vn -0.613 0.0042 -0.7901
vn -0.613 0.0042 -0.7901
vn -0.7071 0.0039 -0.7071
vn -0.613 0.0042 -0.7901
vn -0.5073 0.0047 -0.8617
vn -0.5073 0.0047 -0.8617
vn -0.613 0.0042 -0.7901
vn -0.5073 0.0047 -0.8617
vn -0.392 0.005 -0.92
vn -0.3924 0.005 -0.9198
vn -0.5073 0.0047 -0.8617
vn -0.392 0.005 -0.92
vn -0.2678 0.005 -0.9635
vn -0.2681 0.0052 -0.9634
vn -0.3924 0.005 -0.9198
vn -0.2678 0.005 -0.9635
vn -0.136 0.0051 -0.9907
vn -0.136 0.0051 -0.9907
vn -0.2681 0.0052 -0.9634
vn -0.136 0.0051 -0.9907
vn -0 0.0052 -1
vn -0 0.0052 -1
vn -0.136 0.0051 -0.9907
vn -0 0.0052 -1
vn 0.136 0.0051 -0.9907
vn 0.136 0.0051 -0.9907
vn -0 0.0052 -1
vn 0.136 0.0051 -0.9907
vn 0.2678 0.005 -0.9635
vn 0.2678 0.005 -0.9635
vn 0.136 0.0051 -0.9907
vn 0.2678 0.005 -0.9635
vn 0.392 0.005 -0.92
vn 0.3919 0.005 -0.92
vn 0.2678 0.005 -0.9635
vn 0.392 0.005 -0.92
vn 0.5078 0.0046 -0.8615
vn 0.5077 0.0046 -0.8615
vn 0.3919 0.005 -0.92
vn 0.5078 0.0046 -0.8615
vn 0.6129 0.0042 -0.7901
vn 0.6129 0.0042 -0.7901
vn 0.5077 0.0046 -0.8615
vn 0.6129 0.0042 -0.7901
vn 0.7071 0.0039 -0.7071
vn 0.7071 0.0039 -0.7071
vn 0.6129 0.0042 -0.7901
vn 0.7071 0.0039 -0.7071
vn 0.7903 0.0032 -0.6127
vn 0.7903 0.0032 -0.6127
vn 0.7071 0.0039 -0.7071
vn 0.7903 0.0032 -0.6127
vn 0.8616 0.0028 -0.5077
vn 0.8616 0.0028 -0.5075
vn 0.7903 0.0032 -0.6127
vn 0.8616 0.0028 -0.5077
vn 0.9198 0.0022 -0.3924
vn 0.9198 0.0022 -0.3924
vn 0.8616 0.0028 -0.5075
vn 0.9198 0.0022 -0.3924
vn 0.9634 0.0014 -0.2681
vn 0.9634 0.0014 -0.2681
vn 0.9198 0.0022 -0.3924
vn 0.9634 0.0014 -0.2681
vn 0.9906 0.0007 -0.1365
vn 0.9907 0.0007 -0.1362
vn 0.9634 0.0014 -0.2681
vn 0.9906 0.0007 -0.1365
vn 1 -0 -0
vn 1 -0 -0.0001
vn 0.9907 0.0007 -0.1362
vn 1 -0 -0
vn 0.9907 -0.0007 0.1363
vn 0.9907 -0.0007 0.1362
vn 1 -0 -0.0001
vn 0.9907 -0.0007 0.1363
vn 0.9634 -0.0014 0.2681
vn 0.9634 -0.0014 0.2682
vn 0.9907 -0.0007 0.1362
vn 0.9634 -0.0014 0.2681
vn 0.9199 -0.0021 0.3921
vn 0.9197 -0.0022 0.3925
vn 0.9634 -0.0014 0.2682
vn 0.9199 -0.0021 0.3921
vn 0.8616 -0.0028 0.5076
vn 0.8614 -0.0027 0.5079
vn 0.9197 -0.0022 0.3925
vn 0.8616 -0.0028 0.5076
vn 0.7903 -0.0032 0.6127
vn 0.7903 -0.0032 0.6127
vn 0.8614 -0.0027 0.5079
vn 0.7903 -0.0032 0.6127
vn 0.7071 -0.0039 0.7071
vn 0.7072 -0.0039 0.707
vn 0.7903 -0.0032 0.6127
vn 0.7071 -0.0039 0.7071
vn 0.6129 -0.0042 0.7901
vn 0.613 -0.0042 0.7901
vn 0.7072 -0.0039 0.707
vn 0.6129 -0.0042 0.7901
vn 0.5078 -0.0051 0.8614
vn 0.5079 -0.005 0.8614
vn 0.613 -0.0042 0.7901
vn 0.5078 -0.0051 0.8614
vn 0.392 -0.005 0.92
vn 0.3919 -0.005 0.92
vn 0.5079 -0.005 0.8614
vn 0.392 -0.005 0.92
vn 0.2678 -0.005 0.9635
vn 0.2678 -0.005 0.9635
vn 0.3919 -0.005 0.92
vn 0.2678 -0.005 0.9635
vn 0.1359 -0.0051 0.9907
vn 0.136 -0.0051 0.9907
vn 0.2678 -0.005 0.9635
vn 0.1359 -0.0051 0.9907
vn -0 -0.0052 1
vn -0 -0.0052 1
vn 0.136 -0.0051 0.9907
vn -0 -0.0052 1
vn -0.1359 -0.0051 0.9907
vn -0.1365 -0.0055 0.9906
vn -0 -0.0052 1
vn -0.3543 -0.005 0.9351
vn -0.3327 -0.0052 0.943
vn -0.3327 -0.0052 0.943
vn -0.3543 -0.0051 0.9351
vn -0.3327 -0.0052 0.943
vn -0.3058 -0.0051 0.9521
vn -0.3058 -0.0051 0.9521
vn -0.3327 -0.0052 0.943
vn -0.3058 -0.0051 0.9521
vn -0.2743 -0.0051 0.9616
vn -0.2743 -0.0051 0.9616
vn -0.3058 -0.0051 0.9521
vn -0.2743 -0.0051 0.9616
vn -0.2382 -0.0053 0.9712
vn -0.2382 -0.0053 0.9712
vn -0.2743 -0.0051 0.9616
vn -0.2382 -0.0053 0.9712
vn -0.2 -0.0055 0.9798
vn -0.2 -0.0055 0.9798
vn -0.2382 -0.0053 0.9712
vn -0.2 -0.0055 0.9798
vn -0.1602 -0.0054 0.9871
vn -0.1602 -0.0054 0.9871
vn -0.2 -0.0055 0.9798
vn -0.1602 -0.0054 0.9871
vn -0.1209 -0.0055 0.9926
vn -0.1211 -0.0054 0.9926
vn -0.1602 -0.0054 0.9871
vn -0.1209 -0.0055 0.9926
vn -0.0846 -0.0054 0.9964
vn -0.0846 -0.0054 0.9964
vn -0.1211 -0.0054 0.9926
vn -0.0846 -0.0054 0.9964
vn -0.0523 -0.0054 0.9986
vn -0.0521 -0.0054 0.9986
vn -0.0846 -0.0054 0.9964
vn -0.0523 -0.0054 0.9986
vn -0.0244 -0.0054 0.9997
vn -0.0243 -0.0054 0.9997
vn -0.0521 -0.0054 0.9986
vn -0.0244 -0.0054 0.9997
vn 0.0198 -0.0054 0.9998
vn 0.0198 -0.0054 0.9998
vn -0.0243 -0.0054 0.9997
vn 0.0198 -0.0054 0.9998
vn 0.1098 -0.0054 0.9939
vn 0.1098 -0.0054 0.9939
vn 0.0198 -0.0054 0.9998
vn 0.1098 -0.0054 0.9939
vn 0.2369 -0.0052 0.9715
vn 0.2369 -0.0052 0.9715
vn 0.1098 -0.0054 0.9939
vn 0.2369 -0.0052 0.9715
vn 0.3799 -0.0051 0.925
vn 0.3799 -0.0051 0.925
vn 0.2369 -0.0052 0.9715
vn 0.3799 -0.0051 0.925
vn 0.5301 -0.0048 0.8479
vn 0.5301 -0.0048 0.8479
vn 0.3799 -0.0051 0.925
vn 0.5301 -0.0048 0.8479
vn 0.6715 -0.0041 0.741
vn 0.6718 -0.0041 0.7407
vn 0.5301 -0.0048 0.8479
vn 0.6715 -0.0041 0.741
vn 0.7902 -0.0033 0.6129
vn 0.7902 -0.0033 0.6129
vn 0.6718 -0.0041 0.7407
vn 0.7902 -0.0033 0.6129
vn 0.8787 -0.0026 0.4774
vn 0.8787 -0.0026 0.4773
vn 0.7902 -0.0033 0.6129
vn 0.8787 -0.0026 0.4774
vn 0.937 -0.0019 0.3493
vn 0.937 -0.0019 0.3492
vn 0.8787 -0.0026 0.4773
vn 0.937 -0.0019 0.3493
vn 0.9716 -0.0013 0.2367
vn 0.9716 -0.0013 0.2366
vn 0.937 -0.0019 0.3492
vn 0.9716 -0.0013 0.2367
vn 0.9899 -0.0008 0.1419
vn 0.9899 -0.0008 0.1416
vn 0.9716 -0.0013 0.2366
vn 0.9899 -0.0008 0.1419
vn 0.9979 -0.0003 0.0641
vn 0.9979 -0.0004 0.0645
vn 0.9899 -0.0008 0.1416
vn 0.9979 -0.0003 0.0641
vn 0.9999 -0.0001 0.0149
vn 0.9999 -0.0001 0.0149
vn 0.9979 -0.0004 0.0645
vn 0.9999 -0.0001 0.0149
vn 0.7071 0.0038 -0.7071
vn 0.7071 0.0038 -0.7071
vn 0.9999 -0.0001 0.0149
vn 0.7071 0.0038 -0.7071
vn 0.7071 0.0038 -0.7071
vn 0.7071 0.0038 -0.7071
vn 0.7071 0.0038 -0.7071
vn 0.7071 0.0038 -0.7071
vn 0.7071 -0.0038 0.7071
vn 0.7071 -0.0038 0.7071
vn 0.7071 0.0038 -0.7071
vn 0.7071 -0.0038 0.7071
vn 0.7071 -0.0038 0.7071
vn 0.7071 -0.0038 0.7071
vn 0.7071 -0.0038 0.7071
vn 0.7071 -0.0038 0.7071
vn 0.7071 -0.0038 0.7071
vn 0.7071 -0.0038 0.7071
vn 0.7071 -0.0038 0.7071
vn 0.7071 -0.0038 0.7071
vn -0.7071 -0.0038 0.7071
vn -0.7071 -0.0038 0.7071
vn 0.7071 -0.0038 0.7071
vn -0.7071 -0.0038 0.7071
vn -0.7071 -0.0038 0.7071
vn -0.7071 -0.0038 0.7071
vn -0.7071 -0.0038 0.7071
vn -0.7071 -0.0038 0.7071
vn -0.7071 -0.0038 0.7071
vn -0.7071 -0.0038 0.7071
vn -0.7071 -0.0038 0.7071
vn -0.7071 -0.0038 0.7071
vn -0.7071 0.0038 -0.7071
vn -0.7071 0.0038 -0.7071
vn -0.7071 -0.0038 0.7071
vn -0.7071 0.0038 -0.7071
vn -0.7071 0.0038 -0.7071
vn -0.7071 0.0038 -0.7071
vn -0.7071 0.0038 -0.7071
vn -0.7071 0.0038 -0.7071
vn -0.9999 0.0001 -0.0103
vn -0.9999 0.0001 -0.0104
vn -0.7071 0.0038 -0.7071
vn -0.9999 0.0001 -0.0103
vn -0.999 0.0002 -0.0438
vn -0.9991 0.0001 -0.0431
vn -0.9999 0.0001 -0.0104
vn -0.999 0.0002 -0.0438
vn -0.9957 0.0005 -0.0926
vn -0.9957 0.0005 -0.0929
vn -0.9991 0.0001 -0.0431
vn -0.9957 0.0005 -0.0926
vn -0.9888 0.0008 -0.149
vn -0.9888 0.0008 -0.149
vn -0.9957 0.0005 -0.0929
vn -0.9888 0.0008 -0.149
vn -0.9773 0.0012 -0.2121
vn -0.9773 0.0012 -0.2121
vn -0.9888 0.0008 -0.149
vn -0.9773 0.0012 -0.2121
vn -0.9601 0.0015 -0.2796
vn -0.96 0.0015 -0.2799
vn -0.9773 0.0012 -0.2121
vn -0.9601 0.0015 -0.2796
vn -0.9362 0.0019 -0.3514
vn -0.9362 0.0019 -0.3514
vn -0.96 0.0015 -0.2799
vn -0.9362 0.0019 -0.3514
vn -0.9058 0.0023 -0.4238
vn -0.9056 0.0023 -0.4241
vn -0.9362 0.0019 -0.3514
vn -0.9058 0.0023 -0.4238
vn -0.8691 0.0027 -0.4946
vn -0.8691 0.0027 -0.4946
vn -0.9056 0.0023 -0.4241
vn -0.8691 0.0027 -0.4946
vn -0.8283 0.003 -0.5603
vn -0.8283 0.003 -0.5602
vn -0.8691 0.0027 -0.4946
vn -0.8283 0.003 -0.5603
vn -0.786 0.0033 -0.6182
vn -0.786 0.0033 -0.6182
vn -0.8283 0.003 -0.5602
vn -0.786 0.0033 -0.6182
vn -0.7453 0.0035 -0.6667
vn -0.7452 0.0039 -0.6668
vn -0.786 0.0033 -0.6182
vn -0.7453 0.0035 -0.6667
vn -0.7029 0.0038 -0.7112
vn -0.7029 0.0038 -0.7112
vn -0.7452 0.0039 -0.6668
vn -0.7029 0.0038 -0.7112
vn -0.6501 0.0042 -0.7599
vn -0.6501 0.0042 -0.7599
vn -0.7029 0.0038 -0.7112
vn -0.6501 0.0042 -0.7599
vn -0.5836 0.0045 -0.8121
vn -0.5835 0.0045 -0.8121
vn -0.6501 0.0042 -0.7599
vn -0.5836 0.0045 -0.8121
vn -0.507 0.0045 -0.862
vn -0.507 0.0045 -0.8619
vn -0.5835 0.0045 -0.8121
vn -0.507 0.0045 -0.862
vn -0.4214 0.0047 -0.9069
vn -0.4214 0.0047 -0.9068
vn -0.507 0.0045 -0.8619
vn -0.4214 0.0047 -0.9069
vn -0.3283 0.0051 -0.9446
vn -0.3283 0.0051 -0.9446
vn -0.4214 0.0047 -0.9068
vn -0.3283 0.0051 -0.9446
vn -0.2318 0.0054 -0.9727
vn -0.2322 0.0054 -0.9727
vn -0.3283 0.0051 -0.9446
vn -0.2318 0.0054 -0.9727
vn -0.1349 0.0054 -0.9908
vn -0.1349 0.0054 -0.9908
vn -0.2322 0.0054 -0.9727
vn -0.1349 0.0054 -0.9908
vn -0.0402 0.0055 -0.9992
vn -0.0402 0.0055 -0.9992
vn -0.1349 0.0054 -0.9908
vn -0.0402 0.0055 -0.9992
vn 0.0488 0.0054 -0.9988
vn 0.0488 0.0054 -0.9988
vn -0.0402 0.0055 -0.9992
vn 0.0488 0.0054 -0.9988
vn 0.1312 0.0055 -0.9913
vn 0.1312 0.0055 -0.9913
vn 0.0488 0.0054 -0.9988
vn 0.1312 0.0055 -0.9913
vn 0.2051 0.0054 -0.9787
vn 0.2051 0.0054 -0.9787
vn 0.1312 0.0055 -0.9913
vn 0.2051 0.0054 -0.9787
vn 0.7874 0.0033 -0.6165
vn 0.7875 0.0033 -0.6163
vn 0.2051 0.0054 -0.9787
vn 0.7874 0.0033 -0.6165
vn 0.5641 -0.0045 0.8257
vn 0.5641 -0.0045 0.8257
vn 0.7875 0.0033 -0.6163
vn 0.5641 -0.0045 0.8257
vn -0.3543 -0.005 0.9351
vn -0.3543 -0.0051 0.9351
vn 0.5641 -0.0045 0.8257
vn 0.7071 0.0038 -0.7071
vn 0.7071 -0.0038 0.7071
vn 0.7071 -0.0038 0.7071
vn 0.7071 0.0038 -0.7071
vn 0.7071 -0.0038 0.7071
vn 0.7071 -0.0038 0.7071
vn 0.7071 -0.0038 0.7071
vn 0.7071 -0.0038 0.7071
vn 0.7071 -0.0038 0.7071
vn 0.9995 0.0002 -0.0303
vn 0.9995 0.0002 -0.0303
vn 0.7071 -0.0038 0.7071
vn 0.9995 0.0002 -0.0303
vn 0.9918 0.0007 -0.1279
vn 0.9918 0.0007 -0.128
vn 0.9995 0.0002 -0.0303
vn 0.9918 0.0007 -0.1279
vn 0.964 0.0014 -0.2659
vn 0.9639 0.0015 -0.2662
vn 0.9918 0.0007 -0.128
vn 0.964 0.0014 -0.2659
vn 0.9126 0.0023 -0.4089
vn 0.9126 0.0023 -0.4089
vn 0.9639 0.0015 -0.2662
vn 0.9126 0.0023 -0.4089
vn 0.8372 0.003 -0.5468
vn 0.8373 0.003 -0.5468
vn 0.9126 0.0023 -0.4089
vn 0.8372 0.003 -0.5468
vn 0.7413 0.0036 -0.6711
vn 0.7415 0.0036 -0.6709
vn 0.8373 0.003 -0.5468
vn 0.7413 0.0036 -0.6711
vn 0.633 0.004 -0.7742
vn 0.6329 0.004 -0.7742
vn 0.7415 0.0036 -0.6709
vn 0.633 0.004 -0.7742
vn 0.5192 0.0046 -0.8546
vn 0.5187 0.0048 -0.855
vn 0.6329 0.004 -0.7742
vn 0.5192 0.0046 -0.8546
vn 0.4058 0.0049 -0.9139
vn 0.4059 0.0049 -0.9139
vn 0.5187 0.0048 -0.855
vn 0.4058 0.0049 -0.9139
vn 0.2976 0.0052 -0.9547
vn 0.2972 0.005 -0.9548
vn 0.4059 0.0049 -0.9139
vn 0.2976 0.0052 -0.9547
vn 0.1948 0.0053 -0.9808
vn 0.1949 0.0053 -0.9808
vn 0.2972 0.005 -0.9548
vn 0.1948 0.0053 -0.9808
vn 0.0967 0.0054 -0.9953
vn 0.097 0.0054 -0.9953
vn 0.1949 0.0053 -0.9808
vn 0.0967 0.0054 -0.9953
vn 0.0099 0.0053 -0.9999
vn 0.0099 0.0053 -0.9999
vn 0.097 0.0054 -0.9953
vn 0.0099 0.0053 -0.9999
vn -0.0568 0.0053 -0.9984
vn -0.0568 0.0053 -0.9984
vn 0.0099 0.0053 -0.9999
vn -0.0568 0.0053 -0.9984
vn -0.1124 0.0054 -0.9936
vn -0.1121 0.0054 -0.9937
vn -0.0568 0.0053 -0.9984
vn -0.1124 0.0054 -0.9936
vn -0.1663 0.0051 -0.9861
vn -0.1663 0.0054 -0.9861
vn -0.1121 0.0054 -0.9937
vn -0.1663 0.0051 -0.9861
vn -0.2173 0.0053 -0.9761
vn -0.2178 0.0054 -0.976
vn -0.1663 0.0054 -0.9861
vn -0.2173 0.0053 -0.9761
vn -0.2658 0.0054 -0.964
vn -0.2658 0.0054 -0.964
vn -0.2178 0.0054 -0.976
vn -0.2658 0.0054 -0.964
vn -0.3113 0.0054 -0.9503
vn -0.3113 0.0054 -0.9503
vn -0.2658 0.0054 -0.964
vn -0.3113 0.0054 -0.9503
vn -0.3545 0.0053 -0.935
vn -0.3545 0.0053 -0.935
vn -0.3113 0.0054 -0.9503
vn -0.3545 0.0053 -0.935
vn -0.3938 0.005 -0.9192
vn -0.3938 0.005 -0.9192
vn -0.3545 0.0053 -0.935
vn -0.3938 0.005 -0.9192
vn -0.4297 0.0049 -0.9029
vn -0.4297 0.0049 -0.9029
vn -0.3938 0.005 -0.9192
vn -0.4297 0.0049 -0.9029
vn -0.4629 0.0048 -0.8864
vn -0.463 0.0048 -0.8863
vn -0.4297 0.0049 -0.9029
vn -0.4629 0.0048 -0.8864
vn -0.4937 0.0049 -0.8696
vn -0.4937 0.0049 -0.8696
vn -0.463 0.0048 -0.8863
vn -0.4937 0.0049 -0.8696
vn 0.496 0.0049 -0.8683
vn 0.4958 0.0046 -0.8684
vn -0.4937 0.0049 -0.8696
vn 0.496 0.0049 -0.8683
vn 0.854 -0.0028 0.5203
vn 0.8538 -0.0029 0.5205
vn 0.4958 0.0046 -0.8684
vn 0.854 -0.0028 0.5203
vn 0.4367 -0.0048 0.8996
vn 0.4367 -0.0048 0.8996
vn 0.8538 -0.0029 0.5205
vn 0.4367 -0.0048 0.8996
vn 0.3974 -0.0053 0.9176
vn 0.3974 -0.0053 0.9176
vn 0.4367 -0.0048 0.8996
vn 0.3974 -0.0053 0.9176
vn 0.3622 -0.005 0.9321
vn 0.3617 -0.0051 0.9323
vn 0.3974 -0.0053 0.9176
vn 0.3622 -0.005 0.9321
vn 0.3289 -0.0052 0.9443
vn 0.3289 -0.0052 0.9443
vn 0.3617 -0.0051 0.9323
vn 0.3289 -0.0052 0.9443
vn 0.2968 -0.0052 0.9549
vn 0.297 -0.0052 0.9549
vn 0.3289 -0.0052 0.9443
vn 0.2968 -0.0052 0.9549
vn 0.266 -0.0054 0.964
vn 0.2656 -0.0053 0.9641
vn 0.297 -0.0052 0.9549
vn 0.266 -0.0054 0.964
vn 0.2336 -0.0053 0.9723
vn 0.2336 -0.0053 0.9723
vn 0.2656 -0.0053 0.9641
vn 0.2336 -0.0053 0.9723
vn 0.199 -0.0055 0.98
vn 0.199 -0.0055 0.98
vn 0.2336 -0.0053 0.9723
vn 0.199 -0.0055 0.98
vn 0.161 -0.0055 0.9869
vn 0.161 -0.0055 0.9869
vn 0.199 -0.0055 0.98
vn 0.161 -0.0055 0.9869
vn 0.1169 -0.0054 0.9931
vn 0.1169 -0.0054 0.9931
vn 0.161 -0.0055 0.9869
vn 0.1169 -0.0054 0.9931
vn 0.064 -0.0054 0.9979
vn 0.064 -0.0054 0.9979
vn 0.1169 -0.0054 0.9931
vn 0.064 -0.0054 0.9979
vn -0.0088 -0.0053 0.9999
vn -0.0088 -0.0053 0.9999
vn 0.064 -0.0054 0.9979
vn -0.0088 -0.0053 0.9999
vn -0.1098 -0.0054 0.9939
vn -0.1098 -0.0054 0.9939
vn -0.0088 -0.0053 0.9999
vn -0.1098 -0.0054 0.9939
vn -0.229 -0.0051 0.9734
vn -0.2285 -0.0053 0.9735
vn -0.1098 -0.0054 0.9939
vn -0.229 -0.0051 0.9734
vn -0.3544 -0.0052 0.9351
vn -0.3544 -0.0052 0.9351
vn -0.2285 -0.0053 0.9735
vn -0.3544 -0.0052 0.9351
vn -0.4822 -0.0048 0.8761
vn -0.4822 -0.0048 0.8761
vn -0.3544 -0.0052 0.9351
vn -0.4822 -0.0048 0.8761
vn -0.6053 -0.0043 0.796
vn -0.6053 -0.0044 0.796
vn -0.4822 -0.0048 0.8761
vn -0.6053 -0.0043 0.796
vn -0.7174 -0.0037 0.6967
vn -0.7174 -0.0037 0.6967
vn -0.6053 -0.0044 0.796
vn -0.7174 -0.0037 0.6967
vn -0.8123 -0.0032 0.5832
vn -0.8121 -0.0032 0.5836
vn -0.7174 -0.0037 0.6967
vn -0.8123 -0.0032 0.5832
vn -0.8869 -0.0026 0.4619
vn -0.887 -0.0026 0.4619
vn -0.8121 -0.0032 0.5836
vn -0.8869 -0.0026 0.4619
vn -0.9407 -0.0019 0.3393
vn -0.9408 -0.0019 0.339
vn -0.887 -0.0026 0.4619
vn -0.9407 -0.0019 0.3393
vn -0.9755 -0.0012 0.2199
vn -0.9756 -0.0012 0.2196
vn -0.9408 -0.0019 0.339
vn -0.9755 -0.0012 0.2199
vn -0.9943 -0.0006 0.1064
vn -0.9943 -0.0006 0.1064
vn -0.9756 -0.0012 0.2196
vn -0.9943 -0.0006 0.1064
vn -0.9997 -0.0001 0.0256
vn -0.9997 -0.0001 0.0256
vn -0.9943 -0.0006 0.1064
vn -0.9997 -0.0001 0.0256
vn -0.7071 -0.0038 0.7071
vn -0.7071 -0.0038 0.7071
vn -0.9997 -0.0001 0.0256
vn -0.7071 -0.0038 0.7071
vn -0.7072 -0.0035 0.707
vn -0.7074 -0.0038 0.7069
vn -0.7071 -0.0038 0.7071
vn -0.7072 -0.0035 0.707
vn -0.9216 0.0022 -0.3882
vn -0.9215 0.0022 -0.3884
vn -0.7074 -0.0038 0.7069
vn -0.9216 0.0022 -0.3882
vn 0.3881 0.0051 -0.9216
vn 0.3883 0.0051 -0.9215
vn -0.9215 0.0022 -0.3884
vn 0.3881 0.0051 -0.9216
vn 0.7071 0.0038 -0.7071
vn 0.7071 0.0038 -0.7071
vn 0.3883 0.0051 -0.9215
vn 0.7071 0.0038 -0.7071
vn 0.7071 0.0038 -0.7071
vn 0.7071 0.0038 -0.7071
vn 0.7071 0.0038 -0.7071
vt 0.964912 1
vt 1 1
vt 0.982456 1
vt 0.964912 1
vt 0 1
vt 1 1
vt 0.964912 1
vt 0.017544 1
vt 0 1
vt 0.947368 1
vt 0.017544 1
vt 0.964912 1
vt 0.929825 1
vt 0.017544 1
vt 0.947368 1
vt 0.912281 1
vt 0.035088 1
vt 0.929825 1
vt 0.035088 1
vt 0.017544 1
vt 0.929825 1
vt 0.912281 1
vt 0.052632 1
vt 0.035088 1
vt 0.912281 1
vt 0.070175 1
vt 0.052632 1
vt 0.894737 1
vt 0.070175 1
vt 0.912281 1
vt 0.894737 1
vt 0.087719 1
vt 0.070175 1
vt 0.894737 1
vt 0.105263 1
vt 0.087719 1
vt 0.877193 1
vt 0.105263 1
vt 0.894737 1
vt 0.877193 1
vt 0.122807 1
vt 0.105263 1
vt 0.45614 1
vt 0.491228 1
vt 0.473684 1
vt 0.438596 1
vt 0.491228 1
vt 0.45614 1
vt 0.877193 1
vt 0.140351 1
vt 0.122807 1
vt 0.421053 1
vt 0.491228 1
vt 0.438596 1
vt 0.859649 1
vt 0.140351 1
vt 0.877193 1
vt 0.859649 1
vt 0.157895 1
vt 0.140351 1
vt 0.403509 1
vt 0.491228 1
vt 0.421053 1
vt 0.385965 1
vt 0.491228 1
vt 0.403509 1
vt 0.859649 1
vt 0.175439 1
vt 0.157895 1
vt 0.368421 1
vt 0.491228 1
vt 0.385965 1
vt 0.859649 1
vt 0.192982 1
vt 0.175439 1
vt 0.350877 1
vt 0.491228 1
vt 0.368421 1
vt 0.859649 1
vt 0.210526 1
vt 0.192982 1
vt 0.333333 1
vt 0.491228 1
vt 0.350877 1
vt 0.842105 1
vt 0.210526 1
vt 0.859649 1
vt 0.315789 1
vt 0.491228 1
vt 0.333333 1
vt 0.842105 1
vt 0.22807 1
vt 0.210526 1
vt 0.298246 1
vt 0.491228 1
vt 0.315789 1
vt 0.842105 1
vt 0.245614 1
vt 0.22807 1
vt 0.280702 1
vt 0.491228 1
vt 0.298246 1
vt 0.842105 1
vt 0.263158 1
vt 0.245614 1
vt 0.263158 1
vt 0.491228 1
vt 0.280702 1
vt 0.842105 1
vt 0.491228 1
vt 0.263158 1
vt 0.824561 1
vt 0.491228 1
vt 0.842105 1
vt 0.807018 1
vt 0.491228 1
vt 0.824561 1
vt 0.789474 1
vt 0.491228 1
vt 0.807018 1
vt 0.789474 1
vt 0.508772 1
vt 0.491228 1
vt 0.77193 1
vt 0.508772 1
vt 0.789474 1
vt 0.77193 1
vt 0.526316 1
vt 0.508772 1
vt 0.77193 1
vt 0.54386 1
vt 0.526316 1
vt 0.754386 1
vt 0.54386 1
vt 0.77193 1
vt 0.754386 1
vt 0.561404 1
vt 0.54386 1
vt 0.754386 1
vt 0.578947 1
vt 0.561404 1
vt 0.754386 1
vt 0.596491 1
vt 0.578947 1
vt 0.736842 1
vt 0.596491 1
vt 0.754386 1
vt 0.736842 1
vt 0.614035 1
vt 0.596491 1
vt 0.736842 1
vt 0.631579 1
vt 0.614035 1
vt 0.719298 1
vt 0.631579 1
vt 0.736842 1
vt 0.719298 1
vt 0.649123 1
vt 0.631579 1
vt 0.719298 1
vt 0.666667 1
vt 0.649123 1
vt 0.701754 1
vt 0.666667 1
vt 0.719298 1
vt 0.701754 1
vt 0.684211 1
vt 0.666667 1
vt 0.898305 1
vt 0.932203 1
vt 0.915254 1
vt 0.898305 1
vt 0.949153 1
vt 0.932203 1
vt 0.881356 1
vt 0.949153 1
vt 0.898305 1
vt 0.881356 1
vt 0.966102 1
vt 0.949153 1
vt 0.864407 1
vt 0.966102 1
vt 0.881356 1
vt 0.864407 1
vt 0.983051 1
vt 0.966102 1
vt 0.847458 1
vt 0.983051 1
vt 0.864407 1
vt 0.847458 1
vt 1 1
vt 0.983051 1
vt 0.830508 1
vt 1 1
vt 0.847458 1
vt 0.813559 1
vt 1 1
vt 0.830508 1
vt 0.79661 1
vt 1 1
vt 0.813559 1
vt 0.779661 1
vt 0.033898 1
vt 0.79661 1
vt 0.033898 1
vt 0.016949 1
vt 0.79661 1
vt 0.016949 1
vt 0 1
vt 0.79661 1
vt 0 1
vt 1 1
vt 0.79661 1
vt 0.762712 1
vt 0.067797 1
vt 0.779661 1
vt 0.067797 1
vt 0.050847 1
vt 0.779661 1
vt 0.050847 1
vt 0.033898 1
vt 0.779661 1
vt 0.745763 1
vt 0.101695 1
vt 0.762712 1
vt 0.101695 1
vt 0.084746 1
vt 0.762712 1
vt 0.084746 1
vt 0.067797 1
vt 0.762712 1
vt 0.728814 1
vt 0.118644 1
vt 0.745763 1
vt 0.118644 1
vt 0.101695 1
vt 0.745763 1
vt 0.711864 1
vt 0.169492 1
vt 0.728814 1
vt 0.169492 1
vt 0.152542 1
vt 0.728814 1
vt 0.152542 1
vt 0.135593 1
vt 0.728814 1
vt 0.135593 1
vt 0.118644 1
vt 0.728814 1
vt 0.694915 1
vt 0.186441 1
vt 0.711864 1
vt 0.186441 1
vt 0.169492 1
vt 0.711864 1
vt 0.694915 1
vt 0.20339 1
vt 0.186441 1
vt 0.694915 1
vt 0.220339 1
vt 0.20339 1
vt 0.694915 1
vt 0.237288 1
vt 0.220339 1
vt 0.677966 1
vt 0.237288 1
vt 0.694915 1
vt 0.677966 1
vt 0.254237 1
vt 0.237288 1
vt 0.677966 1
vt 0.271186 1
vt 0.254237 1
vt 0.661017 1
vt 0.271186 1
vt 0.677966 1
vt 0.661017 1
vt 0.288136 1
vt 0.271186 1
vt 0.661017 1
vt 0.305085 1
vt 0.288136 1
vt 0.644068 1
vt 0.305085 1
vt 0.661017 1
vt 0.644068 1
vt 0.322034 1
vt 0.305085 1
vt 0.627119 1
vt 0.322034 1
vt 0.644068 1
vt 0.627119 1
vt 0.338983 1
vt 0.322034 1
vt 0.610169 1
vt 0.338983 1
vt 0.627119 1
vt 0.610169 1
vt 0.355932 1
vt 0.338983 1
vt 0.610169 1
vt 0.372881 1
vt 0.355932 1
vt 0.59322 1
vt 0.372881 1
vt 0.610169 1
vt 0.59322 1
vt 0.38983 1
vt 0.372881 1
vt 0.576271 1
vt 0.38983 1
vt 0.59322 1
vt 0.576271 1
vt 0.40678 1
vt 0.38983 1
vt 0.559322 1
vt 0.40678 1
vt 0.576271 1
vt 0.525424 1
vt 0.559322 1
vt 0.542373 1
vt 0.525424 1
vt 0.40678 1
vt 0.559322 1
vt 0.525424 1
vt 0.423729 1
vt 0.40678 1
vt 0.525424 1
vt 0.440678 1
vt 0.423729 1
vt 0.508475 1
vt 0.440678 1
vt 0.525424 1
vt 0.491525 1
vt 0.457627 1
vt 0.508475 1
vt 0.457627 1
vt 0.440678 1
vt 0.508475 1
vt 0.491525 1
vt 0.474576 1
vt 0.457627 1
vt 0.509804 1
vt 0.54902 1
vt 0.529412 1
vt 0.490196 1
vt 0.54902 1
vt 0.509804 1
vt 0.490196 1
vt 0.568627 1
vt 0.54902 1
vt 0.470588 1
vt 0.568627 1
vt 0.490196 1
vt 0.470588 1
vt 0.588235 1
vt 0.568627 1
vt 0.45098 1
vt 0.588235 1
vt 0.470588 1
vt 0.45098 1
vt 0.607843 1
vt 0.588235 1
vt 0.431373 1
vt 0.607843 1
vt 0.45098 1
vt 0.431373 1
vt 0.627451 1
vt 0.607843 1
vt 0.411765 1
vt 0.627451 1
vt 0.431373 1
vt 0.411765 1
vt 0.647059 1
vt 0.627451 1
vt 0.392157 1
vt 0.647059 1
vt 0.411765 1
vt 0.392157 1
vt 0.666667 1
vt 0.647059 1
vt 0.372549 1
vt 0.666667 1
vt 0.392157 1
vt 0.372549 1
vt 0.686275 1
vt 0.666667 1
vt 0.352941 1
vt 0.686275 1
vt 0.372549 1
vt 0.352941 1
vt 0.705882 1
vt 0.686275 1
vt 0.333333 1
vt 0.705882 1
vt 0.352941 1
vt 0.333333 1
vt 0.72549 1
vt 0.705882 1
vt 0.313726 1
vt 0.72549 1
vt 0.333333 1
vt 0.313726 1
vt 0.745098 1
vt 0.72549 1
vt 0.294118 1
vt 0.745098 1
vt 0.313726 1
vt 0.294118 1
vt 0.764706 1
vt 0.745098 1
vt 0.27451 1
vt 0.764706 1
vt 0.294118 1
vt 0.27451 1
vt 0.784314 1
vt 0.764706 1
vt 0.254902 1
vt 0.784314 1
vt 0.27451 1
vt 0.254902 1
vt 0.803922 1
vt 0.784314 1
vt 0.235294 1
vt 0.803922 1
vt 0.254902 1
vt 0.235294 1
vt 0.823529 1
vt 0.803922 1
vt 0.215686 1
vt 0.823529 1
vt 0.235294 1
vt 0.215686 1
vt 0.843137 1
vt 0.823529 1
vt 0.196078 1
vt 0.843137 1
vt 0.215686 1
vt 0.196078 1
vt 0.862745 1
vt 0.843137 1
vt 0.176471 1
vt 0.862745 1
vt 0.196078 1
vt 0.176471 1
vt 0.882353 1
vt 0.862745 1
vt 0.156863 1
vt 0.882353 1
vt 0.176471 1
vt 0.156863 1
vt 0.901961 1
vt 0.882353 1
vt 0.137255 1
vt 0.901961 1
vt 0.156863 1
vt 0.137255 1
vt 0.921569 1
vt 0.901961 1
vt 0.117647 1
vt 0.921569 1
vt 0.137255 1
vt 0.117647 1
vt 0.941176 1
vt 0.921569 1
vt 0.098039 1
vt 0.941176 1
vt 0.117647 1
vt 0.098039 1
vt 0.960784 1
vt 0.941176 1
vt 0.078431 1
vt 0.960784 1
vt 0.098039 1
vt 0.078431 1
vt 0.980392 1
vt 0.960784 1
vt 1 1
vt 0.980392 1
vt 0.078431 1
vt 0 1
vt 0.039216 1
vt 0.019608 1
vt 0 1
vt 0.058824 1
vt 0.039216 1
vt 0.946429 1
vt 0.982143 1
vt 0.964286 1
vt 0.946429 1
vt 1 1
vt 0.982143 1
vt 0.196429 1
vt 0.232143 1
vt 0.214286 1
vt 0.178571 1
vt 0.232143 1
vt 0.196429 1
vt 0.178571 1
vt 0.25 1
vt 0.232143 1
vt 0.160714 1
vt 0.25 1
vt 0.178571 1
vt 0.142857 1
vt 0.25 1
vt 0.160714 1
vt 0.142857 1
vt 0.267857 1
vt 0.25 1
vt 0.125 1
vt 0.267857 1
vt 0.142857 1
vt 0.125 1
vt 0.285714 1
vt 0.267857 1
vt 0.107143 1
vt 0.285714 1
vt 0.125 1
vt 0.089286 1
vt 0.285714 1
vt 0.107143 1
vt 0.089286 1
vt 0.303571 1
vt 0.285714 1
vt 0.071429 1
vt 0.303571 1
vt 0.089286 1
vt 0.053571 1
vt 0.303571 1
vt 0.071429 1
vt 0.053571 1
vt 0.321429 1
vt 0.303571 1
vt 0.035714 1
vt 0.321429 1
vt 0.053571 1
vt 0.035714 1
vt 0.339286 1
vt 0.321429 1
vt 0.017857 1
vt 0.339286 1
vt 0.035714 1
vt 0 1
vt 0.339286 1
vt 0.017857 1
vt 0 1
vt 0.696429 1
vt 0.339286 1
vt 0.696429 1
vt 0.357143 1
vt 0.339286 1
vt 0.946429 1
vt 0 1
vt 1 1
vt 0.946429 1
vt 0.910714 1
vt 0 1
vt 0.910714 1
vt 0.892857 1
vt 0 1
vt 0.892857 1
vt 0.875 1
vt 0 1
vt 0.875 1
vt 0.857143 1
vt 0 1
vt 0.857143 1
vt 0.839286 1
vt 0 1
vt 0.839286 1
vt 0.821429 1
vt 0 1
vt 0.821429 1
vt 0.803571 1
vt 0 1
vt 0.803571 1
vt 0.785714 1
vt 0 1
vt 0.785714 1
vt 0.767857 1
vt 0 1
vt 0.767857 1
vt 0.75 1
vt 0 1
vt 0.75 1
vt 0.732143 1
vt 0 1
vt 0.732143 1
vt 0.714286 1
vt 0 1
vt 0.714286 1
vt 0.696429 1
vt 0 1
vt 0.678571 1
vt 0.357143 1
vt 0.696429 1
vt 0.660714 1
vt 0.357143 1
vt 0.678571 1
vt 0.642857 1
vt 0.357143 1
vt 0.660714 1
vt 0.625 1
vt 0.357143 1
vt 0.642857 1
vt 0.625 1
vt 0.375 1
vt 0.357143 1
vt 0.607143 1
vt 0.375 1
vt 0.625 1
vt 0.589286 1
vt 0.375 1
vt 0.607143 1
vt 0.571429 1
vt 0.375 1
vt 0.589286 1
vt 0.571429 1
vt 0.392857 1
vt 0.375 1
vt 0.553571 1
vt 0.392857 1
vt 0.571429 1
vt 0.535714 1
vt 0.392857 1
vt 0.553571 1
vt 0.535714 1
vt 0.410714 1
vt 0.392857 1
vt 0.517857 1
vt 0.410714 1
vt 0.535714 1
vt 0.946429 1
vt 0.928571 1
vt 0.910714 1
vt 0.5 1
vt 0.410714 1
vt 0.517857 1
vt 0.5 1
vt 0.428571 1
vt 0.410714 1
vt 0.482143 1
vt 0.428571 1
vt 0.5 1
vt 0.464286 1
vt 0.428571 1
vt 0.482143 1
vt 0.464286 1
vt 0.446429 1
vt 0.428571 1
vt 0.894737 1
vt 0.909774 1
vt 0.902256 1
vt 0.894737 1
vt 0.917293 1
vt 0.909774 1
vt 0.887218 1
vt 0.917293 1
vt 0.894737 1
vt 0.887218 1
vt 0.924812 1
vt 0.917293 1
vt 0.887218 1
vt 0.932331 1
vt 0.924812 1
vt 0.879699 1
vt 0.932331 1
vt 0.887218 1
vt 0.879699 1
vt 0.93985 1
vt 0.932331 1
vt 0.879699 1
vt 0.947368 1
vt 0.93985 1
vt 0.87218 1
vt 0.947368 1
vt 0.879699 1
vt 0.87218 1
vt 0.954887 1
vt 0.947368 1
vt 0.87218 1
vt 0.962406 1
vt 0.954887 1
vt 0.864662 1
vt 0.962406 1
vt 0.87218 1
vt 0.864662 1
vt 0.969925 1
vt 0.962406 1
vt 0.864662 1
vt 0.977444 1
vt 0.969925 1
vt 0.857143 1
vt 0.977444 1
vt 0.864662 1
vt 0.857143 1
vt 0.984962 1
vt 0.977444 1
vt 0.857143 1
vt 0.992481 1
vt 0.984962 1
vt 0.849624 1
vt 0.992481 1
vt 0.857143 1
vt 0.849624 1
vt 0.052632 1
vt 0.992481 1
vt 0.052632 1
vt 0.045113 1
vt 0.992481 1
vt 0.045113 1
vt 0.037594 1
vt 0.992481 1
vt 0.037594 1
vt 0.030075 1
vt 0.992481 1
vt 0.030075 1
vt 0.022556 1
vt 0.992481 1
vt 0.022556 1
vt 0.015038 1
vt 0.992481 1
vt 0.015038 1
vt 0.007519 1
vt 0.992481 1
vt 0.007519 1
vt 0 1
vt 0.992481 1
vt 0 1
vt 1 1
vt 0.992481 1
vt 0.842105 1
vt 0.067669 1
vt 0.849624 1
vt 0.067669 1
vt 0.06015 1
vt 0.849624 1
vt 0.06015 1
vt 0.052632 1
vt 0.849624 1
vt 0.834586 1
vt 0.075188 1
vt 0.842105 1
vt 0.075188 1
vt 0.067669 1
vt 0.842105 1
vt 0.827068 1
vt 0.090226 1
vt 0.834586 1
vt 0.090226 1
vt 0.082707 1
vt 0.834586 1
vt 0.082707 1
vt 0.075188 1
vt 0.834586 1
vt 0.827068 1
vt 0.097744 1
vt 0.090226 1
vt 0.827068 1
vt 0.105263 1
vt 0.097744 1
vt 0.827068 1
vt 0.112782 1
vt 0.105263 1
vt 0.827068 1
vt 0.120301 1
vt 0.112782 1
vt 0.827068 1
vt 0.12782 1
vt 0.120301 1
vt 0.819549 1
vt 0.12782 1
vt 0.827068 1
vt 0.819549 1
vt 0.135338 1
vt 0.12782 1
vt 0.819549 1
vt 0.142857 1
vt 0.135338 1
vt 0.819549 1
vt 0.150376 1
vt 0.142857 1
vt 0.819549 1
vt 0.157895 1
vt 0.150376 1
vt 0.81203 1
vt 0.157895 1
vt 0.819549 1
vt 0.81203 1
vt 0.165414 1
vt 0.157895 1
vt 0.81203 1
vt 0.172932 1
vt 0.165414 1
vt 0.81203 1
vt 0.180451 1
vt 0.172932 1
vt 0.804511 1
vt 0.180451 1
vt 0.81203 1
vt 0.804511 1
vt 0.18797 1
vt 0.180451 1
vt 0.804511 1
vt 0.195489 1
vt 0.18797 1
vt 0.804511 1
vt 0.203008 1
vt 0.195489 1
vt 0.804511 1
vt 0.210526 1
vt 0.203008 1
vt 0.804511 1
vt 0.218045 1
vt 0.210526 1
vt 0.796992 1
vt 0.218045 1
vt 0.804511 1
vt 0.796992 1
vt 0.225564 1
vt 0.218045 1
vt 0.796992 1
vt 0.233083 1
vt 0.225564 1
vt 0.796992 1
vt 0.240602 1
vt 0.233083 1
vt 0.789474 1
vt 0.240602 1
vt 0.796992 1
vt 0.789474 1
vt 0.24812 1
vt 0.240602 1
vt 0.789474 1
vt 0.255639 1
vt 0.24812 1
vt 0.789474 1
vt 0.263158 1
vt 0.255639 1
vt 0.781955 1
vt 0.263158 1
vt 0.789474 1
vt 0.781955 1
vt 0.270677 1
vt 0.263158 1
vt 0.774436 1
vt 0.270677 1
vt 0.781955 1
vt 0.774436 1
vt 0.278196 1
vt 0.270677 1
vt 0.774436 1
vt 0.285714 1
vt 0.278196 1
vt 0.766917 1
vt 0.285714 1
vt 0.774436 1
vt 0.766917 1
vt 0.293233 1
vt 0.285714 1
vt 0.759399 1
vt 0.293233 1
vt 0.766917 1
vt 0.759399 1
vt 0.300752 1
vt 0.293233 1
vt 0.759399 1
vt 0.308271 1
vt 0.300752 1
vt 0.75188 1
vt 0.308271 1
vt 0.759399 1
vt 0.75188 1
vt 0.315789 1
vt 0.308271 1
vt 0.744361 1
vt 0.315789 1
vt 0.75188 1
vt 0.744361 1
vt 0.323308 1
vt 0.315789 1
vt 0.744361 1
vt 0.330827 1
vt 0.323308 1
vt 0.736842 1
vt 0.330827 1
vt 0.744361 1
vt 0.736842 1
vt 0.338346 1
vt 0.330827 1
vt 0.729323 1
vt 0.338346 1
vt 0.736842 1
vt 0.729323 1
vt 0.345865 1
vt 0.338346 1
vt 0.721804 1
vt 0.345865 1
vt 0.729323 1
vt 0.721804 1
vt 0.353383 1
vt 0.345865 1
vt 0.533835 1
vt 0.548872 1
vt 0.541353 1
vt 0.721804 1
vt 0.360902 1
vt 0.353383 1
vt 0.714286 1
vt 0.360902 1
vt 0.721804 1
vt 0.533835 1
vt 0.556391 1
vt 0.548872 1
vt 0.706767 1
vt 0.360902 1
vt 0.714286 1
vt 0.533835 1
vt 0.56391 1
vt 0.556391 1
vt 0.699248 1
vt 0.360902 1
vt 0.706767 1
vt 0.699248 1
vt 0.368421 1
vt 0.360902 1
vt 0.533835 1
vt 0.571429 1
vt 0.56391 1
vt 0.691729 1
vt 0.368421 1
vt 0.699248 1
vt 0.533835 1
vt 0.578947 1
vt 0.571429 1
vt 0.684211 1
vt 0.368421 1
vt 0.691729 1
vt 0.533835 1
vt 0.586466 1
vt 0.578947 1
vt 0.676692 1
vt 0.368421 1
vt 0.684211 1
vt 0.676692 1
vt 0.37594 1
vt 0.368421 1
vt 0.533835 1
vt 0.593985 1
vt 0.586466 1
vt 0.669173 1
vt 0.37594 1
vt 0.676692 1
vt 0.661654 1
vt 0.37594 1
vt 0.669173 1
vt 0.533835 1
vt 0.601504 1
vt 0.593985 1
vt 0.654135 1
vt 0.37594 1
vt 0.661654 1
vt 0.533835 1
vt 0.609023 1
vt 0.601504 1
vt 0.646617 1
vt 0.37594 1
vt 0.654135 1
vt 0.533835 1
vt 0.616541 1
vt 0.609023 1
vt 0.639098 1
vt 0.37594 1
vt 0.646617 1
vt 0.533835 1
vt 0.62406 1
vt 0.616541 1
vt 0.631579 1
vt 0.37594 1
vt 0.639098 1
vt 0.533835 1
vt 0.631579 1
vt 0.62406 1
vt 0.631579 1
vt 0.383459 1
vt 0.37594 1
vt 0.533835 1
vt 0.383459 1
vt 0.631579 1
vt 0.533835 1
vt 0.390977 1
vt 0.383459 1
vt 0.533835 1
vt 0.398496 1
vt 0.390977 1
vt 0.526316 1
vt 0.398496 1
vt 0.533835 1
vt 0.526316 1
vt 0.406015 1
vt 0.398496 1
vt 0.518797 1
vt 0.406015 1
vt 0.526316 1
vt 0.511278 1
vt 0.406015 1
vt 0.518797 1
vt 0.511278 1
vt 0.413534 1
vt 0.406015 1
vt 0.503759 1
vt 0.413534 1
vt 0.511278 1
vt 0.496241 1
vt 0.413534 1
vt 0.503759 1
vt 0.496241 1
vt 0.421053 1
vt 0.413534 1
vt 0.488722 1
vt 0.421053 1
vt 0.496241 1
vt 0.488722 1
vt 0.428571 1
vt 0.421053 1
vt 0.481203 1
vt 0.428571 1
vt 0.488722 1
vt 0.473684 1
vt 0.428571 1
vt 0.481203 1
vt 0.473684 1
vt 0.43609 1
vt 0.428571 1
vt 0.466165 1
vt 0.43609 1
vt 0.473684 1
vt 0.458647 1
vt 0.43609 1
vt 0.466165 1
vt 0.458647 1
vt 0.443609 1
vt 0.43609 1
vt 0.451128 1
vt 0.443609 1
vt 0.458647 1
vt 1 1
vt 0.964912 1
vt 0.982456 1
vt 0 1
vt 0.964912 1
vt 1 1
vt 0.017544 1
vt 0.964912 1
vt 0 1
vt 0.017544 1
vt 0.947368 1
vt 0.964912 1
vt 0.017544 1
vt 0.929825 1
vt 0.947368 1
vt 0.035088 1
vt 0.912281 1
vt 0.929825 1
vt 0.017544 1
vt 0.035088 1
vt 0.929825 1
vt 0.052632 1
vt 0.912281 1
vt 0.035088 1
vt 0.070175 1
vt 0.912281 1
vt 0.052632 1
vt 0.070175 1
vt 0.894737 1
vt 0.912281 1
vt 0.087719 1
vt 0.894737 1
vt 0.070175 1
vt 0.105263 1
vt 0.894737 1
vt 0.087719 1
vt 0.105263 1
vt 0.877193 1
vt 0.894737 1
vt 0.122807 1
vt 0.877193 1
vt 0.105263 1
vt 0.491228 1
vt 0.45614 1
vt 0.473684 1
vt 0.491228 1
vt 0.438596 1
vt 0.45614 1
vt 0.140351 1
vt 0.877193 1
vt 0.122807 1
vt 0.491228 1
vt 0.421053 1
vt 0.438596 1
vt 0.140351 1
vt 0.859649 1
vt 0.877193 1
vt 0.157895 1
vt 0.859649 1
vt 0.140351 1
vt 0.491228 1
vt 0.403509 1
vt 0.421053 1
vt 0.491228 1
vt 0.385965 1
vt 0.403509 1
vt 0.175439 1
vt 0.859649 1
vt 0.157895 1
vt 0.491228 1
vt 0.368421 1
vt 0.385965 1
vt 0.192982 1
vt 0.859649 1
vt 0.175439 1
vt 0.491228 1
vt 0.350877 1
vt 0.368421 1
vt 0.210526 1
vt 0.859649 1
vt 0.192982 1
vt 0.491228 1
vt 0.333333 1
vt 0.350877 1
vt 0.210526 1
vt 0.842105 1
vt 0.859649 1
vt 0.491228 1
vt 0.315789 1
vt 0.333333 1
vt 0.22807 1
vt 0.842105 1
vt 0.210526 1
vt 0.491228 1
vt 0.298246 1
vt 0.315789 1
vt 0.245614 1
vt 0.842105 1
vt 0.22807 1
vt 0.491228 1
vt 0.280702 1
vt 0.298246 1
vt 0.263158 1
vt 0.842105 1
vt 0.245614 1
vt 0.491228 1
vt 0.263158 1
vt 0.280702 1
vt 0.491228 1
vt 0.842105 1
vt 0.263158 1
vt 0.491228 1
vt 0.824561 1
vt 0.842105 1
vt 0.491228 1
vt 0.807018 1
vt 0.824561 1
vt 0.491228 1
vt 0.789474 1
vt 0.807018 1
vt 0.508772 1
vt 0.789474 1
vt 0.491228 1
vt 0.508772 1
vt 0.77193 1
vt 0.789474 1
vt 0.526316 1
vt 0.77193 1
vt 0.508772 1
vt 0.54386 1
vt 0.77193 1
vt 0.526316 1
vt 0.54386 1
vt 0.754386 1
vt 0.77193 1
vt 0.561404 1
vt 0.754386 1
vt 0.54386 1
vt 0.578947 1
vt 0.754386 1
vt 0.561404 1
vt 0.596491 1
vt 0.754386 1
vt 0.578947 1
vt 0.596491 1
vt 0.736842 1
vt 0.754386 1
vt 0.614035 1
vt 0.736842 1
vt 0.596491 1
vt 0.631579 1
vt 0.736842 1
vt 0.614035 1
vt 0.631579 1
vt 0.719298 1
vt 0.736842 1
vt 0.649123 1
vt 0.719298 1
vt 0.631579 1
vt 0.666667 1
vt 0.719298 1
vt 0.649123 1
vt 0.666667 1
vt 0.701754 1
vt 0.719298 1
vt 0.684211 1
vt 0.701754 1
vt 0.666667 1
vt 0.932203 1
vt 0.898305 1
vt 0.915254 1
vt 0.949153 1
vt 0.898305 1
vt 0.932203 1
vt 0.949153 1
vt 0.881356 1
vt 0.898305 1
vt 0.966102 1
vt 0.881356 1
vt 0.949153 1
vt 0.966102 1
vt 0.864407 1
vt 0.881356 1
vt 0.983051 1
vt 0.864407 1
vt 0.966102 1
vt 0.983051 1
vt 0.847458 1
vt 0.864407 1
vt 1 1
vt 0.847458 1
vt 0.983051 1
vt 1 1
vt 0.830508 1
vt 0.847458 1
vt 1 1
vt 0.813559 1
vt 0.830508 1
vt 1 1
vt 0.79661 1
vt 0.813559 1
vt 0.033898 1
vt 0.779661 1
vt 0.79661 1
vt 0.016949 1
vt 0.033898 1
vt 0.79661 1
vt 0 1
vt 0.016949 1
vt 0.79661 1
vt 1 1
vt 0 1
vt 0.79661 1
vt 0.067797 1
vt 0.762712 1
vt 0.779661 1
vt 0.050847 1
vt 0.067797 1
vt 0.779661 1
vt 0.033898 1
vt 0.050847 1
vt 0.779661 1
vt 0.101695 1
vt 0.745763 1
vt 0.762712 1
vt 0.084746 1
vt 0.101695 1
vt 0.762712 1
vt 0.067797 1
vt 0.084746 1
vt 0.762712 1
vt 0.118644 1
vt 0.728814 1
vt 0.745763 1
vt 0.101695 1
vt 0.118644 1
vt 0.745763 1
vt 0.169492 1
vt 0.711864 1
vt 0.728814 1
vt 0.152542 1
vt 0.169492 1
vt 0.728814 1
vt 0.135593 1
vt 0.152542 1
vt 0.728814 1
vt 0.118644 1
vt 0.135593 1
vt 0.728814 1
vt 0.186441 1
vt 0.694915 1
vt 0.711864 1
vt 0.169492 1
vt 0.186441 1
vt 0.711864 1
vt 0.20339 1
vt 0.694915 1
vt 0.186441 1
vt 0.220339 1
vt 0.694915 1
vt 0.20339 1
vt 0.237288 1
vt 0.694915 1
vt 0.220339 1
vt 0.237288 1
vt 0.677966 1
vt 0.694915 1
vt 0.254237 1
vt 0.677966 1
vt 0.237288 1
vt 0.271186 1
vt 0.677966 1
vt 0.254237 1
vt 0.271186 1
vt 0.661017 1
vt 0.677966 1
vt 0.288136 1
vt 0.661017 1
vt 0.271186 1
vt 0.305085 1
vt 0.661017 1
vt 0.288136 1
vt 0.305085 1
vt 0.644068 1
vt 0.661017 1
vt 0.322034 1
vt 0.644068 1
vt 0.305085 1
vt 0.322034 1
vt 0.627119 1
vt 0.644068 1
vt 0.338983 1
vt 0.627119 1
vt 0.322034 1
vt 0.338983 1
vt 0.610169 1
vt 0.627119 1
vt 0.355932 1
vt 0.610169 1
vt 0.338983 1
vt 0.372881 1
vt 0.610169 1
vt 0.355932 1
vt 0.372881 1
vt 0.59322 1
vt 0.610169 1
vt 0.38983 1
vt 0.59322 1
vt 0.372881 1
vt 0.38983 1
vt 0.576271 1
vt 0.59322 1
vt 0.40678 1
vt 0.576271 1
vt 0.38983 1
vt 0.40678 1
vt 0.559322 1
vt 0.576271 1
vt 0.559322 1
vt 0.525424 1
vt 0.542373 1
vt 0.40678 1
vt 0.525424 1
vt 0.559322 1
vt 0.423729 1
vt 0.525424 1
vt 0.40678 1
vt 0.440678 1
vt 0.525424 1
vt 0.423729 1
vt 0.440678 1
vt 0.508475 1
vt 0.525424 1
vt 0.457627 1
vt 0.491525 1
vt 0.508475 1
vt 0.440678 1
vt 0.457627 1
vt 0.508475 1
vt 0.474576 1
vt 0.491525 1
vt 0.457627 1
vt 0.54902 1
vt 0.509804 1
vt 0.529412 1
vt 0.54902 1
vt 0.490196 1
vt 0.509804 1
vt 0.568627 1
vt 0.490196 1
vt 0.54902 1
vt 0.568627 1
vt 0.470588 1
vt 0.490196 1
vt 0.588235 1
vt 0.470588 1
vt 0.568627 1
vt 0.588235 1
vt 0.45098 1
vt 0.470588 1
vt 0.607843 1
vt 0.45098 1
vt 0.588235 1
vt 0.607843 1
vt 0.431373 1
vt 0.45098 1
vt 0.627451 1
vt 0.431373 1
vt 0.607843 1
vt 0.627451 1
vt 0.411765 1
vt 0.431373 1
vt 0.647059 1
vt 0.411765 1
vt 0.627451 1
vt 0.647059 1
vt 0.392157 1
vt 0.411765 1
vt 0.666667 1
vt 0.392157 1
vt 0.647059 1
vt 0.666667 1
vt 0.372549 1
vt 0.392157 1
vt 0.686275 1
vt 0.372549 1
vt 0.666667 1
vt 0.686275 1
vt 0.352941 1
vt 0.372549 1
vt 0.705882 1
vt 0.352941 1
vt 0.686275 1
vt 0.705882 1
vt 0.333333 1
vt 0.352941 1
vt 0.72549 1
vt 0.333333 1
vt 0.705882 1
vt 0.72549 1
vt 0.313726 1
vt 0.333333 1
vt 0.745098 1
vt 0.313726 1
vt 0.72549 1
vt 0.745098 1
vt 0.294118 1
vt 0.313726 1
vt 0.764706 1
vt 0.294118 1
vt 0.745098 1
vt 0.764706 1
vt 0.27451 1
vt 0.294118 1
vt 0.784314 1
vt 0.27451 1
vt 0.764706 1
vt 0.784314 1
vt 0.254902 1
vt 0.27451 1
vt 0.803922 1
vt 0.254902 1
vt 0.784314 1
vt 0.803922 1
vt 0.235294 1
vt 0.254902 1
vt 0.823529 1
vt 0.235294 1
vt 0.803922 1
vt 0.823529 1
vt 0.215686 1
vt 0.235294 1
vt 0.843137 1
vt 0.215686 1
vt 0.823529 1
vt 0.843137 1
vt 0.196078 1
vt 0.215686 1
vt 0.862745 1
vt 0.196078 1
vt 0.843137 1
vt 0.862745 1
vt 0.176471 1
vt 0.196078 1
vt 0.882353 1
vt 0.176471 1
vt 0.862745 1
vt 0.882353 1
vt 0.156863 1
vt 0.176471 1
vt 0.901961 1
vt 0.156863 1
vt 0.882353 1
vt 0.901961 1
vt 0.137255 1
vt 0.156863 1
vt 0.921569 1
vt 0.137255 1
vt 0.901961 1
vt 0.921569 1
vt 0.117647 1
vt 0.137255 1
vt 0.941176 1
vt 0.117647 1
vt 0.921569 1
vt 0.941176 1
vt 0.098039 1
vt 0.117647 1
vt 0.960784 1
vt 0.098039 1
vt 0.941176 1
vt 0.960784 1
vt 0.078431 1
vt 0.098039 1
vt 0.980392 1
vt 0.078431 1
vt 0.960784 1
vt 0.980392 1
vt 1 1
vt 0.078431 1
vt 0.039216 1
vt 0 1
vt 0.019608 1
vt 0.058824 1
vt 0 1
vt 0.039216 1
vt 0.982143 1
vt 0.946429 1
vt 0.964286 1
vt 1 1
vt 0.946429 1
vt 0.982143 1
vt 0.232143 1
vt 0.196429 1
vt 0.214286 1
vt 0.232143 1
vt 0.178571 1
vt 0.196429 1
vt 0.25 1
vt 0.178571 1
vt 0.232143 1
vt 0.25 1
vt 0.160714 1
vt 0.178571 1
vt 0.25 1
vt 0.142857 1
vt 0.160714 1
vt 0.267857 1
vt 0.142857 1
vt 0.25 1
vt 0.267857 1
vt 0.125 1
vt 0.142857 1
vt 0.285714 1
vt 0.125 1
vt 0.267857 1
vt 0.285714 1
vt 0.107143 1
vt 0.125 1
vt 0.285714 1
vt 0.089286 1
vt 0.107143 1
vt 0.303571 1
vt 0.089286 1
vt 0.285714 1
vt 0.303571 1
vt 0.071429 1
vt 0.089286 1
vt 0.303571 1
vt 0.053571 1
vt 0.071429 1
vt 0.321429 1
vt 0.053571 1
vt 0.303571 1
vt 0.321429 1
vt 0.035714 1
vt 0.053571 1
vt 0.339286 1
vt 0.035714 1
vt 0.321429 1
vt 0.339286 1
vt 0.017857 1
vt 0.035714 1
vt 0.339286 1
vt 0 1
vt 0.017857 1
vt 0.696429 1
vt 0 1
vt 0.339286 1
vt 0.357143 1
vt 0.696429 1
vt 0.339286 1
vt 0 1
vt 0.946429 1
vt 1 1
vt 0.910714 1
vt 0.946429 1
vt 0 1
vt 0.892857 1
vt 0.910714 1
vt 0 1
vt 0.875 1
vt 0.892857 1
vt 0 1
vt 0.857143 1
vt 0.875 1
vt 0 1
vt 0.839286 1
vt 0.857143 1
vt 0 1
vt 0.821429 1
vt 0.839286 1
vt 0 1
vt 0.803571 1
vt 0.821429 1
vt 0 1
vt 0.785714 1
vt 0.803571 1
vt 0 1
vt 0.767857 1
vt 0.785714 1
vt 0 1
vt 0.75 1
vt 0.767857 1
vt 0 1
vt 0.732143 1
vt 0.75 1
vt 0 1
vt 0.714286 1
vt 0.732143 1
vt 0 1
vt 0.696429 1
vt 0.714286 1
vt 0 1
vt 0.357143 1
vt 0.678571 1
vt 0.696429 1
vt 0.357143 1
vt 0.660714 1
vt 0.678571 1
vt 0.357143 1
vt 0.642857 1
vt 0.660714 1
vt 0.357143 1
vt 0.625 1
vt 0.642857 1
vt 0.375 1
vt 0.625 1
vt 0.357143 1
vt 0.375 1
vt 0.607143 1
vt 0.625 1
vt 0.375 1
vt 0.589286 1
vt 0.607143 1
vt 0.375 1
vt 0.571429 1
vt 0.589286 1
vt 0.392857 1
vt 0.571429 1
vt 0.375 1
vt 0.392857 1
vt 0.553571 1
vt 0.571429 1
vt 0.392857 1
vt 0.535714 1
vt 0.553571 1
vt 0.410714 1
vt 0.535714 1
vt 0.392857 1
vt 0.410714 1
vt 0.517857 1
vt 0.535714 1
vt 0.928571 1
vt 0.946429 1
vt 0.910714 1
vt 0.410714 1
vt 0.5 1
vt 0.517857 1
vt 0.428571 1
vt 0.5 1
vt 0.410714 1
vt 0.428571 1
vt 0.482143 1
vt 0.5 1
vt 0.428571 1
vt 0.464286 1
vt 0.482143 1
vt 0.446429 1
vt 0.464286 1
vt 0.428571 1
vt 0.909774 1
vt 0.894737 1
vt 0.902256 1
vt 0.917293 1
vt 0.894737 1
vt 0.909774 1
vt 0.917293 1
vt 0.887218 1
vt 0.894737 1
vt 0.924812 1
vt 0.887218 1
vt 0.917293 1
vt 0.932331 1
vt 0.887218 1
vt 0.924812 1
vt 0.932331 1
vt 0.879699 1
vt 0.887218 1
vt 0.93985 1
vt 0.879699 1
vt 0.932331 1
vt 0.947368 1
vt 0.879699 1
vt 0.93985 1
vt 0.947368 1
vt 0.87218 1
vt 0.879699 1
vt 0.954887 1
vt 0.87218 1
vt 0.947368 1
vt 0.962406 1
vt 0.87218 1
vt 0.954887 1
vt 0.962406 1
vt 0.864662 1
vt 0.87218 1
vt 0.969925 1
vt 0.864662 1
vt 0.962406 1
vt 0.977444 1
vt 0.864662 1
vt 0.969925 1
vt 0.977444 1
vt 0.857143 1
vt 0.864662 1
vt 0.984962 1
vt 0.857143 1
vt 0.977444 1
vt 0.992481 1
vt 0.857143 1
vt 0.984962 1
vt 0.992481 1
vt 0.849624 1
vt 0.857143 1
vt 0.052632 1
vt 0.849624 1
vt 0.992481 1
vt 0.045113 1
vt 0.052632 1
vt 0.992481 1
vt 0.037594 1
vt 0.045113 1
vt 0.992481 1
vt 0.030075 1
vt 0.037594 1
vt 0.992481 1
vt 0.022556 1
vt 0.030075 1
vt 0.992481 1
vt 0.015038 1
vt 0.022556 1
vt 0.992481 1
vt 0.007519 1
vt 0.015038 1
vt 0.992481 1
vt 0 1
vt 0.007519 1
vt 0.992481 1
vt 1 1
vt 0 1
vt 0.992481 1
vt 0.067669 1
vt 0.842105 1
vt 0.849624 1
vt 0.06015 1
vt 0.067669 1
vt 0.849624 1
vt 0.052632 1
vt 0.06015 1
vt 0.849624 1
vt 0.075188 1
vt 0.834586 1
vt 0.842105 1
vt 0.067669 1
vt 0.075188 1
vt 0.842105 1
vt 0.090226 1
vt 0.827068 1
vt 0.834586 1
vt 0.082707 1
vt 0.090226 1
vt 0.834586 1
vt 0.075188 1
vt 0.082707 1
vt 0.834586 1
vt 0.097744 1
vt 0.827068 1
vt 0.090226 1
vt 0.105263 1
vt 0.827068 1
vt 0.097744 1
vt 0.112782 1
vt 0.827068 1
vt 0.105263 1
vt 0.120301 1
vt 0.827068 1
vt 0.112782 1
vt 0.12782 1
vt 0.827068 1
vt 0.120301 1
vt 0.12782 1
vt 0.819549 1
vt 0.827068 1
vt 0.135338 1
vt 0.819549 1
vt 0.12782 1
vt 0.142857 1
vt 0.819549 1
vt 0.135338 1
vt 0.150376 1
vt 0.819549 1
vt 0.142857 1
vt 0.157895 1
vt 0.819549 1
vt 0.150376 1
vt 0.157895 1
vt 0.81203 1
vt 0.819549 1
vt 0.165414 1
vt 0.81203 1
vt 0.157895 1
vt 0.172932 1
vt 0.81203 1
vt 0.165414 1
vt 0.180451 1
vt 0.81203 1
vt 0.172932 1
vt 0.180451 1
vt 0.804511 1
vt 0.81203 1
vt 0.18797 1
vt 0.804511 1
vt 0.180451 1
vt 0.195489 1
vt 0.804511 1
vt 0.18797 1
vt 0.203008 1
vt 0.804511 1
vt 0.195489 1
vt 0.210526 1
vt 0.804511 1
vt 0.203008 1
vt 0.218045 1
vt 0.804511 1
vt 0.210526 1
vt 0.218045 1
vt 0.796992 1
vt 0.804511 1
vt 0.225564 1
vt 0.796992 1
vt 0.218045 1
vt 0.233083 1
vt 0.796992 1
vt 0.225564 1
vt 0.240602 1
vt 0.796992 1
vt 0.233083 1
vt 0.240602 1
vt 0.789474 1
vt 0.796992 1
vt 0.24812 1
vt 0.789474 1
vt 0.240602 1
vt 0.255639 1
vt 0.789474 1
vt 0.24812 1
vt 0.263158 1
vt 0.789474 1
vt 0.255639 1
vt 0.263158 1
vt 0.781955 1
vt 0.789474 1
vt 0.270677 1
vt 0.781955 1
vt 0.263158 1
vt 0.270677 1
vt 0.774436 1
vt 0.781955 1
vt 0.278196 1
vt 0.774436 1
vt 0.270677 1
vt 0.285714 1
vt 0.774436 1
vt 0.278196 1
vt 0.285714 1
vt 0.766917 1
vt 0.774436 1
vt 0.293233 1
vt 0.766917 1
vt 0.285714 1
vt 0.293233 1
vt 0.759399 1
vt 0.766917 1
vt 0.300752 1
vt 0.759399 1
vt 0.293233 1
vt 0.308271 1
vt 0.759399 1
vt 0.300752 1
vt 0.308271 1
vt 0.75188 1
vt 0.759399 1
vt 0.315789 1
vt 0.75188 1
vt 0.308271 1
vt 0.315789 1
vt 0.744361 1
vt 0.75188 1
vt 0.323308 1
vt 0.744361 1
vt 0.315789 1
vt 0.330827 1
vt 0.744361 1
vt 0.323308 1
vt 0.330827 1
vt 0.736842 1
vt 0.744361 1
vt 0.338346 1
vt 0.736842 1
vt 0.330827 1
vt 0.338346 1
vt 0.729323 1
vt 0.736842 1
vt 0.345865 1
vt 0.729323 1
vt 0.338346 1
vt 0.345865 1
vt 0.721804 1
vt 0.729323 1
vt 0.353383 1
vt 0.721804 1
vt 0.345865 1
vt 0.548872 1
vt 0.533835 1
vt 0.541353 1
vt 0.360902 1
vt 0.721804 1
vt 0.353383 1
vt 0.360902 1
vt 0.714286 1
vt 0.721804 1
vt 0.556391 1
vt 0.533835 1
vt 0.548872 1
vt 0.360902 1
vt 0.706767 1
vt 0.714286 1
vt 0.56391 1
vt 0.533835 1
vt 0.556391 1
vt 0.360902 1
vt 0.699248 1
vt 0.706767 1
vt 0.368421 1
vt 0.699248 1
vt 0.360902 1
vt 0.571429 1
vt 0.533835 1
vt 0.56391 1
vt 0.368421 1
vt 0.691729 1
vt 0.699248 1
vt 0.578947 1
vt 0.533835 1
vt 0.571429 1
vt 0.368421 1
vt 0.684211 1
vt 0.691729 1
vt 0.586466 1
vt 0.533835 1
vt 0.578947 1
vt 0.368421 1
vt 0.676692 1
vt 0.684211 1
vt 0.37594 1
vt 0.676692 1
vt 0.368421 1
vt 0.593985 1
vt 0.533835 1
vt 0.586466 1
vt 0.37594 1
vt 0.669173 1
vt 0.676692 1
vt 0.37594 1
vt 0.661654 1
vt 0.669173 1
vt 0.601504 1
vt 0.533835 1
vt 0.593985 1
vt 0.37594 1
vt 0.654135 1
vt 0.661654 1
vt 0.609023 1
vt 0.533835 1
vt 0.601504 1
vt 0.37594 1
vt 0.646617 1
vt 0.654135 1
vt 0.616541 1
vt 0.533835 1
vt 0.609023 1
vt 0.37594 1
vt 0.639098 1
vt 0.646617 1
vt 0.62406 1
vt 0.533835 1
vt 0.616541 1
vt 0.37594 1
vt 0.631579 1
vt 0.639098 1
vt 0.631579 1
vt 0.533835 1
vt 0.62406 1
vt 0.383459 1
vt 0.631579 1
vt 0.37594 1
vt 0.383459 1
vt 0.533835 1
vt 0.631579 1
vt 0.390977 1
vt 0.533835 1
vt 0.383459 1
vt 0.398496 1
vt 0.533835 1
vt 0.390977 1
vt 0.398496 1
vt 0.526316 1
vt 0.533835 1
vt 0.406015 1
vt 0.526316 1
vt 0.398496 1
vt 0.406015 1
vt 0.518797 1
vt 0.526316 1
vt 0.406015 1
vt 0.511278 1
vt 0.518797 1
vt 0.413534 1
vt 0.511278 1
vt 0.406015 1
vt 0.413534 1
vt 0.503759 1
vt 0.511278 1
vt 0.413534 1
vt 0.496241 1
vt 0.503759 1
vt 0.421053 1
vt 0.496241 1
vt 0.413534 1
vt 0.421053 1
vt 0.488722 1
vt 0.496241 1
vt 0.428571 1
vt 0.488722 1
vt 0.421053 1
vt 0.428571 1
vt 0.481203 1
vt 0.488722 1
vt 0.428571 1
vt 0.473684 1
vt 0.481203 1
vt 0.43609 1
vt 0.473684 1
vt 0.428571 1
vt 0.43609 1
vt 0.466165 1
vt 0.473684 1
vt 0.43609 1
vt 0.458647 1
vt 0.466165 1
vt 0.443609 1
vt 0.458647 1
vt 0.43609 1
vt 0.443609 1
vt 0.451128 1
vt 0.458647 1
vt 0 0
vt 0.007463 0
vt 0.007463 1
vt 0 1
vt 0.007463 0
vt 0.014925 0
vt 0.014925 1
vt 0.007463 1
vt 0.014925 0
vt 0.022388 0
vt 0.022388 1
vt 0.014925 1
vt 0.022388 0
vt 0.029851 0
vt 0.029851 1
vt 0.022388 1
vt 0.029851 0
vt 0.037313 0
vt 0.037313 1
vt 0.029851 1
vt 0.037313 0
vt 0.044776 0
vt 0.044776 1
vt 0.037313 1
vt 0.044776 0
vt 0.052239 0
vt 0.052239 1
vt 0.044776 1
vt 0.052239 0
vt 0.059701 0
vt 0.059701 1
vt 0.052239 1
vt 0.059701 0
vt 0.067164 0
vt 0.067164 1
vt 0.059701 1
vt 0.067164 0
vt 0.074627 0
vt 0.074627 1
vt 0.067164 1
vt 0.074627 0
vt 0.08209 0
vt 0.08209 1
vt 0.074627 1
vt 0.08209 0
vt 0.089552 0
vt 0.089552 1
vt 0.08209 1
vt 0.089552 0
vt 0.097015 0
vt 0.097015 1
vt 0.089552 1
vt 0.097015 0
vt 0.104478 0
vt 0.104478 1
vt 0.097015 1
vt 0.104478 0
vt 0.11194 0
vt 0.11194 1
vt 0.104478 1
vt 0.11194 0
vt 0.119403 0
vt 0.119403 1
vt 0.11194 1
vt 0.119403 0
vt 0.126866 0
vt 0.126866 1
vt 0.119403 1
vt 0.126866 0
vt 0.134328 0
vt 0.134328 1
vt 0.126866 1
vt 0.134328 0
vt 0.141791 0
vt 0.141791 1
vt 0.134328 1
vt 0.141791 0
vt 0.149254 0
vt 0.149254 1
vt 0.141791 1
vt 0.149254 0
vt 0.156716 0
vt 0.156716 1
vt 0.149254 1
vt 0.156716 0
vt 0.164179 0
vt 0.164179 1
vt 0.156716 1
vt 0.164179 0
vt 0.171642 0
vt 0.171642 1
vt 0.164179 1
vt 0.171642 0
vt 0.179104 0
vt 0.179104 1
vt 0.171642 1
vt 0.179104 0
vt 0.186567 0
vt 0.186567 1
vt 0.179104 1
vt 0.186567 0
vt 0.19403 0
vt 0.19403 1
vt 0.186567 1
vt 0.19403 0
vt 0.201493 0
vt 0.201493 1
vt 0.19403 1
vt 0.201493 0
vt 0.208955 0
vt 0.208955 1
vt 0.201493 1
vt 0.208955 0
vt 0.216418 0
vt 0.216418 1
vt 0.208955 1
vt 0.216418 0
vt 0.223881 0
vt 0.223881 1
vt 0.216418 1
vt 0.223881 0
vt 0.231343 0
vt 0.231343 1
vt 0.223881 1
vt 0.231343 0
vt 0.238806 0
vt 0.238806 1
vt 0.231343 1
vt 0.238806 0
vt 0.246269 0
vt 0.246269 1
vt 0.238806 1
vt 0.246269 0
vt 0.253731 0
vt 0.253731 1
vt 0.246269 1
vt 0.253731 0
vt 0.261194 0
vt 0.261194 1
vt 0.253731 1
vt 0.261194 0
vt 0.268657 0
vt 0.268657 1
vt 0.261194 1
vt 0.268657 0
vt 0.276119 0
vt 0.276119 1
vt 0.268657 1
vt 0.276119 0
vt 0.283582 0
vt 0.283582 1
vt 0.276119 1
vt 0.283582 0
vt 0.291045 0
vt 0.291045 1
vt 0.283582 1
vt 0.291045 0
vt 0.298507 0
vt 0.298507 1
vt 0.291045 1
vt 0.298507 0
vt 0.30597 0
vt 0.30597 1
vt 0.298507 1
vt 0.30597 0
vt 0.313433 0
vt 0.313433 1
vt 0.30597 1
vt 0.313433 0
vt 0.320896 0
vt 0.320896 1
vt 0.313433 1
vt 0.320896 0
vt 0.328358 0
vt 0.328358 1
vt 0.320896 1
vt 0.328358 0
vt 0.335821 0
vt 0.335821 1
vt 0.328358 1
vt 0.335821 0
vt 0.343284 0
vt 0.343284 1
vt 0.335821 1
vt 0.343284 0
vt 0.350746 0
vt 0.350746 1
vt 0.343284 1
vt 0.350746 0
vt 0.358209 0
vt 0.358209 1
vt 0.350746 1
vt 0.358209 0
vt 0.365672 0
vt 0.365672 1
vt 0.358209 1
vt 0.365672 0
vt 0.373134 0
vt 0.373134 1
vt 0.365672 1
vt 0.373134 0
vt 0.380597 0
vt 0.380597 1
vt 0.373134 1
vt 0.380597 0
vt 0.38806 0
vt 0.38806 1
vt 0.380597 1
vt 0.38806 0
vt 0.395522 0
vt 0.395522 1
vt 0.38806 1
vt 0.395522 0
vt 0.402985 0
vt 0.402985 1
vt 0.395522 1
vt 0.402985 0
vt 0.410448 0
vt 0.410448 1
vt 0.402985 1
vt 0.410448 0
vt 0.41791 0
vt 0.41791 1
vt 0.410448 1
vt 0.41791 0
vt 0.425373 0
vt 0.425373 1
vt 0.41791 1
vt 0.425373 0
vt 0.432836 0
vt 0.432836 1
vt 0.425373 1
vt 0.432836 0
vt 0.440298 0
vt 0.440298 1
vt 0.432836 1
vt 0.440298 0
vt 0.447761 0
vt 0.447761 1
vt 0.440298 1
vt 0.447761 0
vt 0.455224 0
vt 0.455224 1
vt 0.447761 1
vt 0.455224 0
vt 0.462687 0
vt 0.462687 1
vt 0.455224 1
vt 0.462687 0
vt 0.470149 0
vt 0.470149 1
vt 0.462687 1
vt 0.470149 0
vt 0.477612 0
vt 0.477612 1
vt 0.470149 1
vt 0.477612 0
vt 0.485075 0
vt 0.485075 1
vt 0.477612 1
vt 0.485075 0
vt 0.492537 0
vt 0.492537 1
vt 0.485075 1
vt 0.492537 0
vt 0.5 0
vt 0.5 1
vt 0.492537 1
vt 0.5 0
vt 0.507463 0
vt 0.507463 1
vt 0.5 1
vt 0.507463 0
vt 0.514925 0
vt 0.514925 1
vt 0.507463 1
vt 0.514925 0
vt 0.522388 0
vt 0.522388 1
vt 0.514925 1
vt 0.522388 0
vt 0.529851 0
vt 0.529851 1
vt 0.522388 1
vt 0.529851 0
vt 0.537313 0
vt 0.537313 1
vt 0.529851 1
vt 0.537313 0
vt 0.544776 0
vt 0.544776 1
vt 0.537313 1
vt 0.544776 0
vt 0.552239 0
vt 0.552239 1
vt 0.544776 1
vt 0.552239 0
vt 0.559702 0
vt 0.559702 1
vt 0.552239 1
vt 0.559702 0
vt 0.567164 0
vt 0.567164 1
vt 0.559702 1
vt 0.567164 0
vt 0.574627 0
vt 0.574627 1
vt 0.567164 1
vt 0.574627 0
vt 0.58209 0
vt 0.58209 1
vt 0.574627 1
vt 0.58209 0
vt 0.589552 0
vt 0.589552 1
vt 0.58209 1
vt 0.589552 0
vt 0.597015 0
vt 0.597015 1
vt 0.589552 1
vt 0.597015 0
vt 0.604478 0
vt 0.604478 1
vt 0.597015 1
vt 0.604478 0
vt 0.61194 0
vt 0.61194 1
vt 0.604478 1
vt 0.61194 0
vt 0.619403 0
vt 0.619403 1
vt 0.61194 1
vt 0.619403 0
vt 0.626866 0
vt 0.626866 1
vt 0.619403 1
vt 0.626866 0
vt 0.634328 0
vt 0.634328 1
vt 0.626866 1
vt 0.634328 0
vt 0.641791 0
vt 0.641791 1
vt 0.634328 1
vt 0.641791 0
vt 0.649254 0
vt 0.649254 1
vt 0.641791 1
vt 0.649254 0
vt 0.656716 0
vt 0.656716 1
vt 0.649254 1
vt 0.656716 0
vt 0.664179 0
vt 0.664179 1
vt 0.656716 1
vt 0.664179 0
vt 0.671642 0
vt 0.671642 1
vt 0.664179 1
vt 0.671642 0
vt 0.679105 0
vt 0.679105 1
vt 0.671642 1
vt 0.679105 0
vt 0.686567 0
vt 0.686567 1
vt 0.679105 1
vt 0.686567 0
vt 0.69403 0
vt 0.69403 1
vt 0.686567 1
vt 0.69403 0
vt 0.701493 0
vt 0.701493 1
vt 0.69403 1
vt 0.701493 0
vt 0.708955 0
vt 0.708955 1
vt 0.701493 1
vt 0.708955 0
vt 0.716418 0
vt 0.716418 1
vt 0.708955 1
vt 0.716418 0
vt 0.723881 0
vt 0.723881 1
vt 0.716418 1
vt 0.723881 0
vt 0.731343 0
vt 0.731343 1
vt 0.723881 1
vt 0.731343 0
vt 0.738806 0
vt 0.738806 1
vt 0.731343 1
vt 0.738806 0
vt 0.746269 0
vt 0.746269 1
vt 0.738806 1
vt 0.746269 0
vt 0.753731 0
vt 0.753731 1
vt 0.746269 1
vt 0.753731 0
vt 0.761194 0
vt 0.761194 1
vt 0.753731 1
vt 0.761194 0
vt 0.768657 0
vt 0.768657 1
vt 0.761194 1
vt 0.768657 0
vt 0.776119 0
vt 0.776119 1
vt 0.768657 1
vt 0.776119 0
vt 0.783582 0
vt 0.783582 1
vt 0.776119 1
vt 0.783582 0
vt 0.791045 0
vt 0.791045 1
vt 0.783582 1
vt 0.791045 0
vt 0.798507 0
vt 0.798507 1
vt 0.791045 1
vt 0.798507 0
vt 0.80597 0
vt 0.80597 1
vt 0.798507 1
vt 0.80597 0
vt 0.813433 0
vt 0.813433 1
vt 0.80597 1
vt 0.813433 0
vt 0.820895 0
vt 0.820895 1
vt 0.813433 1
vt 0.820895 0
vt 0.828358 0
vt 0.828358 1
vt 0.820895 1
vt 0.828358 0
vt 0.835821 0
vt 0.835821 1
vt 0.828358 1
vt 0.835821 0
vt 0.843284 0
vt 0.843284 1
vt 0.835821 1
vt 0.843284 0
vt 0.850746 0
vt 0.850746 1
vt 0.843284 1
vt 0.850746 0
vt 0.858209 0
vt 0.858209 1
vt 0.850746 1
vt 0.858209 0
vt 0.865672 0
vt 0.865672 1
vt 0.858209 1
vt 0.865672 0
vt 0.873134 0
vt 0.873134 1
vt 0.865672 1
vt 0.873134 0
vt 0.880597 0
vt 0.880597 1
vt 0.873134 1
vt 0.880597 0
vt 0.88806 0
vt 0.88806 1
vt 0.880597 1
vt 0.88806 0
vt 0.895522 0
vt 0.895522 1
vt 0.88806 1
vt 0.895522 0
vt 0.902985 0
vt 0.902985 1
vt 0.895522 1
vt 0.902985 0
vt 0.910448 0
vt 0.910448 1
vt 0.902985 1
vt 0.910448 0
vt 0.91791 0
vt 0.91791 1
vt 0.910448 1
vt 0.91791 0
vt 0.925373 0
vt 0.925373 1
vt 0.91791 1
vt 0.925373 0
vt 0.932836 0
vt 0.932836 1
vt 0.925373 1
vt 0.932836 0
vt 0.940298 0
vt 0.940298 1
vt 0.932836 1
vt 0.940298 0
vt 0.947761 0
vt 0.947761 1
vt 0.940298 1
vt 0.947761 0
vt 0.955224 0
vt 0.955224 1
vt 0.947761 1
vt 0.955224 0
vt 0.962687 0
vt 0.962687 1
vt 0.955224 1
vt 0.962687 0
vt 0.970149 0
vt 0.970149 1
vt 0.962687 1
vt 0.970149 0
vt 0.977612 0
vt 0.977612 1
vt 0.970149 1
vt 0.977612 0
vt 0.985075 0
vt 0.985075 1
vt 0.977612 1
vt 0.985075 0
vt 0.992537 0
vt 0.992537 1
vt 0.985075 1
vt 0.992537 0
vt 1 0
vt 1 1
vt 0.992537 1
vt 0 0
vt 0.017544 0
vt 0.017544 1
vt 0 1
vt 0.017544 0
vt 0.035088 0
vt 0.035088 1
vt 0.017544 1
vt 0.035088 0
vt 0.052632 0
vt 0.052632 1
vt 0.035088 1
vt 0.052632 0
vt 0.070175 0
vt 0.070175 1
vt 0.052632 1
vt 0.070175 0
vt 0.087719 0
vt 0.087719 1
vt 0.070175 1
vt 0.087719 0
vt 0.105263 0
vt 0.105263 1
vt 0.087719 1
vt 0.105263 0
vt 0.122807 0
vt 0.122807 1
vt 0.105263 1
vt 0.122807 0
vt 0.140351 0
vt 0.140351 1
vt 0.122807 1
vt 0.140351 0
vt 0.157895 0
vt 0.157895 1
vt 0.140351 1
vt 0.157895 0
vt 0.175439 0
vt 0.175439 1
vt 0.157895 1
vt 0.175439 0
vt 0.192982 0
vt 0.192982 1
vt 0.175439 1
vt 0.192982 0
vt 0.210526 0
vt 0.210526 1
vt 0.192982 1
vt 0.210526 0
vt 0.22807 0
vt 0.22807 1
vt 0.210526 1
vt 0.22807 0
vt 0.245614 0
vt 0.245614 1
vt 0.22807 1
vt 0.245614 0
vt 0.263158 0
vt 0.263158 1
vt 0.245614 1
vt 0.263158 0
vt 0.280702 0
vt 0.280702 1
vt 0.263158 1
vt 0.280702 0
vt 0.298246 0
vt 0.298246 1
vt 0.280702 1
vt 0.298246 0
vt 0.315789 0
vt 0.315789 1
vt 0.298246 1
vt 0.315789 0
vt 0.333333 0
vt 0.333333 1
vt 0.315789 1
vt 0.333333 0
vt 0.350877 0
vt 0.350877 1
vt 0.333333 1
vt 0.350877 0
vt 0.368421 0
vt 0.368421 1
vt 0.350877 1
vt 0.368421 0
vt 0.385965 0
vt 0.385965 1
vt 0.368421 1
vt 0.385965 0
vt 0.403509 0
vt 0.403509 1
vt 0.385965 1
vt 0.403509 0
vt 0.421053 0
vt 0.421053 1
vt 0.403509 1
vt 0.421053 0
vt 0.438596 0
vt 0.438596 1
vt 0.421053 1
vt 0.438596 0
vt 0.45614 0
vt 0.45614 1
vt 0.438596 1
vt 0.45614 0
vt 0.473684 0
vt 0.473684 1
vt 0.45614 1
vt 0.473684 0
vt 0.491228 0
vt 0.491228 1
vt 0.473684 1
vt 0.491228 0
vt 0.508772 0
vt 0.508772 1
vt 0.491228 1
vt 0.508772 0
vt 0.526316 0
vt 0.526316 1
vt 0.508772 1
vt 0.526316 0
vt 0.54386 0
vt 0.54386 1
vt 0.526316 1
vt 0.54386 0
vt 0.561404 0
vt 0.561404 1
vt 0.54386 1
vt 0.561404 0
vt 0.578947 0
vt 0.578947 1
vt 0.561404 1
vt 0.578947 0
vt 0.596491 0
vt 0.596491 1
vt 0.578947 1
vt 0.596491 0
vt 0.614035 0
vt 0.614035 1
vt 0.596491 1
vt 0.614035 0
vt 0.631579 0
vt 0.631579 1
vt 0.614035 1
vt 0.631579 0
vt 0.649123 0
vt 0.649123 1
vt 0.631579 1
vt 0.649123 0
vt 0.666667 0
vt 0.666667 1
vt 0.649123 1
vt 0.666667 0
vt 0.684211 0
vt 0.684211 1
vt 0.666667 1
vt 0.684211 0
vt 0.701754 0
vt 0.701754 1
vt 0.684211 1
vt 0.701754 0
vt 0.719298 0
vt 0.719298 1
vt 0.701754 1
vt 0.719298 0
vt 0.736842 0
vt 0.736842 1
vt 0.719298 1
vt 0.736842 0
vt 0.754386 0
vt 0.754386 1
vt 0.736842 1
vt 0.754386 0
vt 0.77193 0
vt 0.77193 1
vt 0.754386 1
vt 0.77193 0
vt 0.789474 0
vt 0.789474 1
vt 0.77193 1
vt 0.789474 0
vt 0.807018 0
vt 0.807018 1
vt 0.789474 1
vt 0.807018 0
vt 0.824561 0
vt 0.824561 1
vt 0.807018 1
vt 0.824561 0
vt 0.842105 0
vt 0.842105 1
vt 0.824561 1
vt 0.842105 0
vt 0.859649 0
vt 0.859649 1
vt 0.842105 1
vt 0.859649 0
vt 0.877193 0
vt 0.877193 1
vt 0.859649 1
vt 0.877193 0
vt 0.894737 0
vt 0.894737 1
vt 0.877193 1
vt 0.894737 0
vt 0.912281 0
vt 0.912281 1
vt 0.894737 1
vt 0.912281 0
vt 0.929825 0
vt 0.929825 1
vt 0.912281 1
vt 0.929825 0
vt 0.947368 0
vt 0.947368 1
vt 0.929825 1
vt 0.947368 0
vt 0.964912 0
vt 0.964912 1
vt 0.947368 1
vt 0.964912 0
vt 0.982456 0
vt 0.982456 1
vt 0.964912 1
vt 0.982456 0
vt 1 0
vt 1 1
vt 0.982456 1
vt 0 0
vt 0.25 0
vt 0.25 1
vt 0 1
vt 0.25 0
vt 0.5 0
vt 0.5 1
vt 0.25 1
vt 0.5 0
vt 0.75 0
vt 0.75 1
vt 0.5 1
vt 0.75 0
vt 1 0
vt 1 1
vt 0.75 1
vt 0 0
vt 0.020833 0
vt 0.020833 1
vt 0 1
vt 0.020833 0
vt 0.041667 0
vt 0.041667 1
vt 0.020833 1
vt 0.041667 0
vt 0.0625 0
vt 0.0625 1
vt 0.041667 1
vt 0.0625 0
vt 0.083333 0
vt 0.083333 1
vt 0.0625 1
vt 0.083333 0
vt 0.104167 0
vt 0.104167 1
vt 0.083333 1
vt 0.104167 0
vt 0.125 0
vt 0.125 1
vt 0.104167 1
vt 0.125 0
vt 0.145833 0
vt 0.145833 1
vt 0.125 1
vt 0.145833 0
vt 0.166667 0
vt 0.166667 1
vt 0.145833 1
vt 0.166667 0
vt 0.1875 0
vt 0.1875 1
vt 0.166667 1
vt 0.1875 0
vt 0.208333 0
vt 0.208333 1
vt 0.1875 1
vt 0.208333 0
vt 0.229167 0
vt 0.229167 1
vt 0.208333 1
vt 0.229167 0
vt 0.25 0
vt 0.25 1
vt 0.229167 1
vt 0.25 0
vt 0.270833 0
vt 0.270833 1
vt 0.25 1
vt 0.270833 0
vt 0.291667 0
vt 0.291667 1
vt 0.270833 1
vt 0.291667 0
vt 0.3125 0
vt 0.3125 1
vt 0.291667 1
vt 0.3125 0
vt 0.333333 0
vt 0.333333 1
vt 0.3125 1
vt 0.333333 0
vt 0.354167 0
vt 0.354167 1
vt 0.333333 1
vt 0.354167 0
vt 0.375 0
vt 0.375 1
vt 0.354167 1
vt 0.375 0
vt 0.395833 0
vt 0.395833 1
vt 0.375 1
vt 0.395833 0
vt 0.416667 0
vt 0.416667 1
vt 0.395833 1
vt 0.416667 0
vt 0.4375 0
vt 0.4375 1
vt 0.416667 1
vt 0.4375 0
vt 0.458333 0
vt 0.458333 1
vt 0.4375 1
vt 0.458333 0
vt 0.479167 0
vt 0.479167 1
vt 0.458333 1
vt 0.479167 0
vt 0.5 0
vt 0.5 1
vt 0.479167 1
vt 0.5 0
vt 0.520833 0
vt 0.520833 1
vt 0.5 1
vt 0.520833 0
vt 0.541667 0
vt 0.541667 1
vt 0.520833 1
vt 0.541667 0
vt 0.5625 0
vt 0.5625 1
vt 0.541667 1
vt 0.5625 0
vt 0.583333 0
vt 0.583333 1
vt 0.5625 1
vt 0.583333 0
vt 0.604167 0
vt 0.604167 1
vt 0.583333 1
vt 0.604167 0
vt 0.625 0
vt 0.625 1
vt 0.604167 1
vt 0.625 0
vt 0.645833 0
vt 0.645833 1
vt 0.625 1
vt 0.645833 0
vt 0.666667 0
vt 0.666667 1
vt 0.645833 1
vt 0.666667 0
vt 0.6875 0
vt 0.6875 1
vt 0.666667 1
vt 0.6875 0
vt 0.708333 0
vt 0.708333 1
vt 0.6875 1
vt 0.708333 0
vt 0.729167 0
vt 0.729167 1
vt 0.708333 1
vt 0.729167 0
vt 0.75 0
vt 0.75 1
vt 0.729167 1
vt 0.75 0
vt 0.770833 0
vt 0.770833 1
vt 0.75 1
vt 0.770833 0
vt 0.791667 0
vt 0.791667 1
vt 0.770833 1
vt 0.791667 0
vt 0.8125 0
vt 0.8125 1
vt 0.791667 1
vt 0.8125 0
vt 0.833333 0
vt 0.833333 1
vt 0.8125 1
vt 0.833333 0
vt 0.854167 0
vt 0.854167 1
vt 0.833333 1
vt 0.854167 0
vt 0.875 0
vt 0.875 1
vt 0.854167 1
vt 0.875 0
vt 0.895833 0
vt 0.895833 1
vt 0.875 1
vt 0.895833 0
vt 0.916667 0
vt 0.916667 1
vt 0.895833 1
vt 0.916667 0
vt 0.9375 0
vt 0.9375 1
vt 0.916667 1
vt 0.9375 0
vt 0.958333 0
vt 0.958333 1
vt 0.9375 1
vt 0.958333 0
vt 0.979167 0
vt 0.979167 1
vt 0.958333 1
vt 0.979167 0
vt 1 0
vt 1 1
vt 0.979167 1
vt 0 0
vt 0.016667 0
vt 0.016667 1
vt 0 1
vt 0.016667 0
vt 0.033333 0
vt 0.033333 1
vt 0.016667 1
vt 0.033333 0
vt 0.05 0
vt 0.05 1
vt 0.033333 1
vt 0.05 0
vt 0.066667 0
vt 0.066667 1
vt 0.05 1
vt 0.066667 0
vt 0.083333 0
vt 0.083333 1
vt 0.066667 1
vt 0.083333 0
vt 0.1 0
vt 0.1 1
vt 0.083333 1
vt 0.1 0
vt 0.116667 0
vt 0.116667 1
vt 0.1 1
vt 0.116667 0
vt 0.133333 0
vt 0.133333 1
vt 0.116667 1
vt 0.133333 0
vt 0.15 0
vt 0.15 1
vt 0.133333 1
vt 0.15 0
vt 0.166667 0
vt 0.166667 1
vt 0.15 1
vt 0.166667 0
vt 0.183333 0
vt 0.183333 1
vt 0.166667 1
vt 0.183333 0
vt 0.2 0
vt 0.2 1
vt 0.183333 1
vt 0.2 0
vt 0.216667 0
vt 0.216667 1
vt 0.2 1
vt 0.216667 0
vt 0.233333 0
vt 0.233333 1
vt 0.216667 1
vt 0.233333 0
vt 0.25 0
vt 0.25 1
vt 0.233333 1
vt 0.25 0
vt 0.266667 0
vt 0.266667 1
vt 0.25 1
vt 0.266667 0
vt 0.283333 0
vt 0.283333 1
vt 0.266667 1
vt 0.283333 0
vt 0.3 0
vt 0.3 1
vt 0.283333 1
vt 0.3 0
vt 0.316667 0
vt 0.316667 1
vt 0.3 1
vt 0.316667 0
vt 0.333333 0
vt 0.333333 1
vt 0.316667 1
vt 0.333333 0
vt 0.35 0
vt 0.35 1
vt 0.333333 1
vt 0.35 0
vt 0.366667 0
vt 0.366667 1
vt 0.35 1
vt 0.366667 0
vt 0.383333 0
vt 0.383333 1
vt 0.366667 1
vt 0.383333 0
vt 0.4 0
vt 0.4 1
vt 0.383333 1
vt 0.4 0
vt 0.416667 0
vt 0.416667 1
vt 0.4 1
vt 0.416667 0
vt 0.433333 0
vt 0.433333 1
vt 0.416667 1
vt 0.433333 0
vt 0.45 0
vt 0.45 1
vt 0.433333 1
vt 0.45 0
vt 0.466667 0
vt 0.466667 1
vt 0.45 1
vt 0.466667 0
vt 0.483333 0
vt 0.483333 1
vt 0.466667 1
vt 0.483333 0
vt 0.5 0
vt 0.5 1
vt 0.483333 1
vt 0.5 0
vt 0.516667 0
vt 0.516667 1
vt 0.5 1
vt 0.516667 0
vt 0.533333 0
vt 0.533333 1
vt 0.516667 1
vt 0.533333 0
vt 0.55 0
vt 0.55 1
vt 0.533333 1
vt 0.55 0
vt 0.566667 0
vt 0.566667 1
vt 0.55 1
vt 0.566667 0
vt 0.583333 0
vt 0.583333 1
vt 0.566667 1
vt 0.583333 0
vt 0.6 0
vt 0.6 1
vt 0.583333 1
vt 0.6 0
vt 0.616667 0
vt 0.616667 1
vt 0.6 1
vt 0.616667 0
vt 0.633333 0
vt 0.633333 1
vt 0.616667 1
vt 0.633333 0
vt 0.65 0
vt 0.65 1
vt 0.633333 1
vt 0.65 0
vt 0.666667 0
vt 0.666667 1
vt 0.65 1
vt 0.666667 0
vt 0.683333 0
vt 0.683333 1
vt 0.666667 1
vt 0.683333 0
vt 0.7 0
vt 0.7 1
vt 0.683333 1
vt 0.7 0
vt 0.716667 0
vt 0.716667 1
vt 0.7 1
vt 0.716667 0
vt 0.733333 0
vt 0.733333 1
vt 0.716667 1
vt 0.733333 0
vt 0.75 0
vt 0.75 1
vt 0.733333 1
vt 0.75 0
vt 0.766667 0
vt 0.766667 1
vt 0.75 1
vt 0.766667 0
vt 0.783333 0
vt 0.783333 1
vt 0.766667 1
vt 0.783333 0
vt 0.8 0
vt 0.8 1
vt 0.783333 1
vt 0.8 0
vt 0.816667 0
vt 0.816667 1
vt 0.8 1
vt 0.816667 0
vt 0.833333 0
vt 0.833333 1
vt 0.816667 1
vt 0.833333 0
vt 0.85 0
vt 0.85 1
vt 0.833333 1
vt 0.85 0
vt 0.866667 0
vt 0.866667 1
vt 0.85 1
vt 0.866667 0
vt 0.883333 0
vt 0.883333 1
vt 0.866667 1
vt 0.883333 0
vt 0.9 0
vt 0.9 1
vt 0.883333 1
vt 0.9 0
vt 0.916667 0
vt 0.916667 1
vt 0.9 1
vt 0.916667 0
vt 0.933333 0
vt 0.933333 1
vt 0.916667 1
vt 0.933333 0
vt 0.95 0
vt 0.95 1
vt 0.933333 1
vt 0.95 0
vt 0.966667 0
vt 0.966667 1
vt 0.95 1
vt 0.966667 0
vt 0.983333 0
vt 0.983333 1
vt 0.966667 1
vt 0.983333 0
vt 1 0
vt 1 1
vt 0.983333 1
vt 0 0
vt 0.017241 0
vt 0.017241 1
vt 0 1
vt 0.017241 0
vt 0.034483 0
vt 0.034483 1
vt 0.017241 1
vt 0.034483 0
vt 0.051724 0
vt 0.051724 1
vt 0.034483 1
vt 0.051724 0
vt 0.068966 0
vt 0.068966 1
vt 0.051724 1
vt 0.068966 0
vt 0.086207 0
vt 0.086207 1
vt 0.068966 1
vt 0.086207 0
vt 0.103448 0
vt 0.103448 1
vt 0.086207 1
vt 0.103448 0
vt 0.12069 0
vt 0.12069 1
vt 0.103448 1
vt 0.12069 0
vt 0.137931 0
vt 0.137931 1
vt 0.12069 1
vt 0.137931 0
vt 0.155172 0
vt 0.155172 1
vt 0.137931 1
vt 0.155172 0
vt 0.172414 0
vt 0.172414 1
vt 0.155172 1
vt 0.172414 0
vt 0.189655 0
vt 0.189655 1
vt 0.172414 1
vt 0.189655 0
vt 0.206897 0
vt 0.206897 1
vt 0.189655 1
vt 0.206897 0
vt 0.224138 0
vt 0.224138 1
vt 0.206897 1
vt 0.224138 0
vt 0.241379 0
vt 0.241379 1
vt 0.224138 1
vt 0.241379 0
vt 0.258621 0
vt 0.258621 1
vt 0.241379 1
vt 0.258621 0
vt 0.275862 0
vt 0.275862 1
vt 0.258621 1
vt 0.275862 0
vt 0.293103 0
vt 0.293103 1
vt 0.275862 1
vt 0.293103 0
vt 0.310345 0
vt 0.310345 1
vt 0.293103 1
vt 0.310345 0
vt 0.327586 0
vt 0.327586 1
vt 0.310345 1
vt 0.327586 0
vt 0.344828 0
vt 0.344828 1
vt 0.327586 1
vt 0.344828 0
vt 0.362069 0
vt 0.362069 1
vt 0.344828 1
vt 0.362069 0
vt 0.37931 0
vt 0.37931 1
vt 0.362069 1
vt 0.37931 0
vt 0.396552 0
vt 0.396552 1
vt 0.37931 1
vt 0.396552 0
vt 0.413793 0
vt 0.413793 1
vt 0.396552 1
vt 0.413793 0
vt 0.431034 0
vt 0.431034 1
vt 0.413793 1
vt 0.431034 0
vt 0.448276 0
vt 0.448276 1
vt 0.431034 1
vt 0.448276 0
vt 0.465517 0
vt 0.465517 1
vt 0.448276 1
vt 0.465517 0
vt 0.482759 0
vt 0.482759 1
vt 0.465517 1
vt 0.482759 0
vt 0.5 0
vt 0.5 1
vt 0.482759 1
vt 0.5 0
vt 0.517241 0
vt 0.517241 1
vt 0.5 1
vt 0.517241 0
vt 0.534483 0
vt 0.534483 1
vt 0.517241 1
vt 0.534483 0
vt 0.551724 0
vt 0.551724 1
vt 0.534483 1
vt 0.551724 0
vt 0.568965 0
vt 0.568965 1
vt 0.551724 1
vt 0.568965 0
vt 0.586207 0
vt 0.586207 1
vt 0.568965 1
vt 0.586207 0
vt 0.603448 0
vt 0.603448 1
vt 0.586207 1
vt 0.603448 0
vt 0.62069 0
vt 0.62069 1
vt 0.603448 1
vt 0.62069 0
vt 0.637931 0
vt 0.637931 1
vt 0.62069 1
vt 0.637931 0
vt 0.655172 0
vt 0.655172 1
vt 0.637931 1
vt 0.655172 0
vt 0.672414 0
vt 0.672414 1
vt 0.655172 1
vt 0.672414 0
vt 0.689655 0
vt 0.689655 1
vt 0.672414 1
vt 0.689655 0
vt 0.706897 0
vt 0.706897 1
vt 0.689655 1
vt 0.706897 0
vt 0.724138 0
vt 0.724138 1
vt 0.706897 1
vt 0.724138 0
vt 0.741379 0
vt 0.741379 1
vt 0.724138 1
vt 0.741379 0
vt 0.758621 0
vt 0.758621 1
vt 0.741379 1
vt 0.758621 0
vt 0.775862 0
vt 0.775862 1
vt 0.758621 1
vt 0.775862 0
vt 0.793103 0
vt 0.793103 1
vt 0.775862 1
vt 0.793103 0
vt 0.810345 0
vt 0.810345 1
vt 0.793103 1
vt 0.810345 0
vt 0.827586 0
vt 0.827586 1
vt 0.810345 1
vt 0.827586 0
vt 0.844828 0
vt 0.844828 1
vt 0.827586 1
vt 0.844828 0
vt 0.862069 0
vt 0.862069 1
vt 0.844828 1
vt 0.862069 0
vt 0.87931 0
vt 0.87931 1
vt 0.862069 1
vt 0.87931 0
vt 0.896552 0
vt 0.896552 1
vt 0.87931 1
vt 0.896552 0
vt 0.913793 0
vt 0.913793 1
vt 0.896552 1
vt 0.913793 0
vt 0.931035 0
vt 0.931035 1
vt 0.913793 1
vt 0.931035 0
vt 0.948276 0
vt 0.948276 1
vt 0.931035 1
vt 0.948276 0
vt 0.965517 0
vt 0.965517 1
vt 0.948276 1
vt 0.965517 0
vt 0.982759 0
vt 0.982759 1
vt 0.965517 1
vt 0.982759 0
vt 1 0
vt 1 1
vt 0.982759 1
s off
f 1/1/1 2/2/2 3/3/3
f 4/4/4 5/5/5 6/6/6
f 7/7/7 8/8/8 9/9/9
f 10/10/10 11/11/11 12/12/12
f 13/13/13 14/14/14 15/15/15
f 16/16/16 17/17/17 18/18/18
f 19/19/19 20/20/20 21/21/21
f 22/22/22 23/23/23 24/24/24
f 25/25/25 26/26/26 27/27/27
f 28/28/28 29/29/29 30/30/30
f 31/31/31 32/32/32 33/33/33
f 34/34/34 35/35/35 36/36/36
f 37/37/37 38/38/38 39/39/39
f 40/40/40 41/41/41 42/42/42
f 43/43/43 44/44/44 45/45/45
f 46/46/46 47/47/47 48/48/48
f 49/49/49 50/50/50 51/51/51
f 52/52/52 53/53/53 54/54/54
f 55/55/55 56/56/56 57/57/57
f 58/58/58 59/59/59 60/60/60
f 61/61/61 62/62/62 63/63/63
f 64/64/64 65/65/65 66/66/66
f 67/67/67 68/68/68 69/69/69
f 70/70/70 71/71/71 72/72/72
f 73/73/73 74/74/74 75/75/75
f 76/76/76 77/77/77 78/78/78
f 79/79/79 80/80/80 81/81/81
f 82/82/82 83/83/83 84/84/84
f 85/85/85 86/86/86 87/87/87
f 88/88/88 89/89/89 90/90/90
f 91/91/91 92/92/92 93/93/93
f 94/94/94 95/95/95 96/96/96
f 97/97/97 98/98/98 99/99/99
f 100/100/100 101/101/101 102/102/102
f 103/103/103 104/104/104 105/105/105
f 106/106/106 107/107/107 108/108/108
f 109/109/109 110/110/110 111/111/111
f 112/112/112 113/113/113 114/114/114
f 115/115/115 116/116/116 117/117/117
f 118/118/118 119/119/119 120/120/120
f 121/121/121 122/122/122 123/123/123
f 124/124/124 125/125/125 126/126/126
f 127/127/127 128/128/128 129/129/129
f 130/130/130 131/131/131 132/132/132
f 133/133/133 134/134/134 135/135/135
f 136/136/136 137/137/137 138/138/138
f 139/139/139 140/140/140 141/141/141
f 142/142/142 143/143/143 144/144/144
f 145/145/145 146/146/146 147/147/147
f 148/148/148 149/149/149 150/150/150
f 151/151/151 152/152/152 153/153/153
f 154/154/154 155/155/155 156/156/156
f 157/157/157 158/158/158 159/159/159
f 160/160/160 161/161/161 162/162/162
f 163/163/163 164/164/164 165/165/165
f 166/166/166 167/167/167 168/168/168
f 169/169/169 170/170/170 171/171/171
f 172/172/172 173/173/173 174/174/174
f 175/175/175 176/176/176 177/177/177
f 178/178/178 179/179/179 180/180/180
f 181/181/181 182/182/182 183/183/183
f 184/184/184 185/185/185 186/186/186
f 187/187/187 188/188/188 189/189/189
f 190/190/190 191/191/191 192/192/192
f 193/193/193 194/194/194 195/195/195
f 196/196/196 197/197/197 198/198/198
f 199/199/199 200/200/200 201/201/201
f 202/202/202 203/203/203 204/204/204
f 205/205/205 206/206/206 207/207/207
f 208/208/208 209/209/209 210/210/210
f 211/211/211 212/212/212 213/213/213
f 214/214/214 215/215/215 216/216/216
f 217/217/217 218/218/218 219/219/219
f 220/220/220 221/221/221 222/222/222
f 223/223/223 224/224/224 225/225/225
f 226/226/226 227/227/227 228/228/228
f 229/229/229 230/230/230 231/231/231
f 232/232/232 233/233/233 234/234/234
f 235/235/235 236/236/236 237/237/237
f 238/238/238 239/239/239 240/240/240
f 241/241/241 242/242/242 243/243/243
f 244/244/244 245/245/245 246/246/246
f 247/247/247 248/248/248 249/249/249
f 250/250/250 251/251/251 252/252/252
f 253/253/253 254/254/254 255/255/255
f 256/256/256 257/257/257 258/258/258
f 259/259/259 260/260/260 261/261/261
f 262/262/262 263/263/263 264/264/264
f 265/265/265 266/266/266 267/267/267
f 268/268/268 269/269/269 270/270/270
f 271/271/271 272/272/272 273/273/273
f 274/274/274 275/275/275 276/276/276
f 277/277/277 278/278/278 279/279/279
f 280/280/280 281/281/281 282/282/282
f 283/283/283 284/284/284 285/285/285
f 286/286/286 287/287/287 288/288/288
f 289/289/289 290/290/290 291/291/291
f 292/292/292 293/293/293 294/294/294
f 295/295/295 296/296/296 297/297/297
f 298/298/298 299/299/299 300/300/300
f 301/301/301 302/302/302 303/303/303
f 304/304/304 305/305/305 306/306/306
f 307/307/307 308/308/308 309/309/309
f 310/310/310 311/311/311 312/312/312
f 313/313/313 314/314/314 315/315/315
f 316/316/316 317/317/317 318/318/318
f 319/319/319 320/320/320 321/321/321
f 322/322/322 323/323/323 324/324/324
f 325/325/325 326/326/326 327/327/327
f 328/328/328 329/329/329 330/330/330
f 331/331/331 332/332/332 333/333/333
f 334/334/334 335/335/335 336/336/336
f 337/337/337 338/338/338 339/339/339
f 340/340/340 341/341/341 342/342/342
f 343/343/343 344/344/344 345/345/345
f 346/346/346 347/347/347 348/348/348
f 349/349/349 350/350/350 351/351/351
f 352/352/352 353/353/353 354/354/354
f 355/355/355 356/356/356 357/357/357
f 358/358/358 359/359/359 360/360/360
f 361/361/361 362/362/362 363/363/363
f 364/364/364 365/365/365 366/366/366
f 367/367/367 368/368/368 369/369/369
f 370/370/370 371/371/371 372/372/372
f 373/373/373 374/374/374 375/375/375
f 376/376/376 377/377/377 378/378/378
f 379/379/379 380/380/380 381/381/381
f 382/382/382 383/383/383 384/384/384
f 385/385/385 386/386/386 387/387/387
f 388/388/388 389/389/389 390/390/390
f 391/391/391 392/392/392 393/393/393
f 394/394/394 395/395/395 396/396/396
f 397/397/397 398/398/398 399/399/399
f 400/400/400 401/401/401 402/402/402
f 403/403/403 404/404/404 405/405/405
f 406/406/406 407/407/407 408/408/408
f 409/409/409 410/410/410 411/411/411
f 412/412/412 413/413/413 414/414/414
f 415/415/415 416/416/416 417/417/417
f 418/418/418 419/419/419 420/420/420
f 421/421/421 422/422/422 423/423/423
f 424/424/424 425/425/425 426/426/426
f 427/427/427 428/428/428 429/429/429
f 430/430/430 431/431/431 432/432/432
f 433/433/433 434/434/434 435/435/435
f 436/436/436 437/437/437 438/438/438
f 439/439/439 440/440/440 441/441/441
f 442/442/442 443/443/443 444/444/444
f 445/445/445 446/446/446 447/447/447
f 448/448/448 449/449/449 450/450/450
f 451/451/451 452/452/452 453/453/453
f 454/454/454 455/455/455 456/456/456
f 457/457/457 458/458/458 459/459/459
f 460/460/460 461/461/461 462/462/462
f 463/463/463 464/464/464 465/465/465
f 466/466/466 467/467/467 468/468/468
f 469/469/469 470/470/470 471/471/471
f 472/472/472 473/473/473 474/474/474
f 475/475/475 476/476/476 477/477/477
f 478/478/478 479/479/479 480/480/480
f 481/481/481 482/482/482 483/483/483
f 484/484/484 485/485/485 486/486/486
f 487/487/487 488/488/488 489/489/489
f 490/490/490 491/491/491 492/492/492
f 493/493/493 494/494/494 495/495/495
f 496/496/496 497/497/497 498/498/498
f 499/499/499 500/500/500 501/501/501
f 502/502/502 503/503/503 504/504/504
f 505/505/505 506/506/506 507/507/507
f 508/508/508 509/509/509 510/510/510
f 511/511/511 512/512/512 513/513/513
f 514/514/514 515/515/515 516/516/516
f 517/517/517 518/518/518 519/519/519
f 520/520/520 521/521/521 522/522/522
f 523/523/523 524/524/524 525/525/525
f 526/526/526 527/527/527 528/528/528
f 529/529/529 530/530/530 531/531/531
f 532/532/532 533/533/533 534/534/534
f 535/535/535 536/536/536 537/537/537
f 538/538/538 539/539/539 540/540/540
f 541/541/541 542/542/542 543/543/543
f 544/544/544 545/545/545 546/546/546
f 547/547/547 548/548/548 549/549/549
f 550/550/550 551/551/551 552/552/552
f 553/553/553 554/554/554 555/555/555
f 556/556/556 557/557/557 558/558/558
f 559/559/559 560/560/560 561/561/561
f 562/562/562 563/563/563 564/564/564
f 565/565/565 566/566/566 567/567/567
f 568/568/568 569/569/569 570/570/570
f 571/571/571 572/572/572 573/573/573
f 574/574/574 575/575/575 576/576/576
f 577/577/577 578/578/578 579/579/579
f 580/580/580 581/581/581 582/582/582
f 583/583/583 584/584/584 585/585/585
f 586/586/586 587/587/587 588/588/588
f 589/589/589 590/590/590 591/591/591
f 592/592/592 593/593/593 594/594/594
f 595/595/595 596/596/596 597/597/597
f 598/598/598 599/599/599 600/600/600
f 601/601/601 602/602/602 603/603/603
f 604/604/604 605/605/605 606/606/606
f 607/607/607 608/608/608 609/609/609
f 610/610/610 611/611/611 612/612/612
f 613/613/613 614/614/614 615/615/615
f 616/616/616 617/617/617 618/618/618
f 619/619/619 620/620/620 621/621/621
f 622/622/622 623/623/623 624/624/624
f 625/625/625 626/626/626 627/627/627
f 628/628/628 629/629/629 630/630/630
f 631/631/631 632/632/632 633/633/633
f 634/634/634 635/635/635 636/636/636
f 637/637/637 638/638/638 639/639/639
f 640/640/640 641/641/641 642/642/642
f 643/643/643 644/644/644 645/645/645
f 646/646/646 647/647/647 648/648/648
f 649/649/649 650/650/650 651/651/651
f 652/652/652 653/653/653 654/654/654
f 655/655/655 656/656/656 657/657/657
f 658/658/658 659/659/659 660/660/660
f 661/661/661 662/662/662 663/663/663
f 664/664/664 665/665/665 666/666/666
f 667/667/667 668/668/668 669/669/669
f 670/670/670 671/671/671 672/672/672
f 673/673/673 674/674/674 675/675/675
f 676/676/676 677/677/677 678/678/678
f 679/679/679 680/680/680 681/681/681
f 682/682/682 683/683/683 684/684/684
f 685/685/685 686/686/686 687/687/687
f 688/688/688 689/689/689 690/690/690
f 691/691/691 692/692/692 693/693/693
f 694/694/694 695/695/695 696/696/696
f 697/697/697 698/698/698 699/699/699
f 700/700/700 701/701/701 702/702/702
f 703/703/703 704/704/704 705/705/705
f 706/706/706 707/707/707 708/708/708
f 709/709/709 710/710/710 711/711/711
f 712/712/712 713/713/713 714/714/714
f 715/715/715 716/716/716 717/717/717
f 718/718/718 719/719/719 720/720/720
f 721/721/721 722/722/722 723/723/723
f 724/724/724 725/725/725 726/726/726
f 727/727/727 728/728/728 729/729/729
f 730/730/730 731/731/731 732/732/732
f 733/733/733 734/734/734 735/735/735
f 736/736/736 737/737/737 738/738/738
f 739/739/739 740/740/740 741/741/741
f 742/742/742 743/743/743 744/744/744
f 745/745/745 746/746/746 747/747/747
f 748/748/748 749/749/749 750/750/750
f 751/751/751 752/752/752 753/753/753
f 754/754/754 755/755/755 756/756/756
f 757/757/757 758/758/758 759/759/759
f 760/760/760 761/761/761 762/762/762
f 763/763/763 764/764/764 765/765/765
f 766/766/766 767/767/767 768/768/768
f 769/769/769 770/770/770 771/771/771
f 772/772/772 773/773/773 774/774/774
f 775/775/775 776/776/776 777/777/777
f 778/778/778 779/779/779 780/780/780
f 781/781/781 782/782/782 783/783/783
f 784/784/784 785/785/785 786/786/786
f 787/787/787 788/788/788 789/789/789
f 790/790/790 791/791/791 792/792/792
f 793/793/793 794/794/794 795/795/795
f 796/796/796 797/797/797 798/798/798
f 799/799/799 800/800/800 801/801/801
f 802/802/802 803/803/803 804/804/804
f 805/805/805 806/806/806 807/807/807
f 808/808/808 809/809/809 810/810/810
f 811/811/811 812/812/812 813/813/813
f 814/814/814 815/815/815 816/816/816
f 817/817/817 818/818/818 819/819/819
f 820/820/820 821/821/821 822/822/822
f 823/823/823 824/824/824 825/825/825
f 826/826/826 827/827/827 828/828/828
f 829/829/829 830/830/830 831/831/831
f 832/832/832 833/833/833 834/834/834
f 835/835/835 836/836/836 837/837/837
f 838/838/838 839/839/839 840/840/840
f 841/841/841 842/842/842 843/843/843
f 844/844/844 845/845/845 846/846/846
f 847/847/847 848/848/848 849/849/849
f 850/850/850 851/851/851 852/852/852
f 853/853/853 854/854/854 855/855/855
f 856/856/856 857/857/857 858/858/858
f 859/859/859 860/860/860 861/861/861
f 862/862/862 863/863/863 864/864/864
f 865/865/865 866/866/866 867/867/867
f 868/868/868 869/869/869 870/870/870
f 871/871/871 872/872/872 873/873/873
f 874/874/874 875/875/875 876/876/876
f 877/877/877 878/878/878 879/879/879
f 880/880/880 881/881/881 882/882/882
f 883/883/883 884/884/884 885/885/885
f 886/886/886 887/887/887 888/888/888
f 889/889/889 890/890/890 891/891/891
f 892/892/892 893/893/893 894/894/894
f 895/895/895 896/896/896 897/897/897
f 898/898/898 899/899/899 900/900/900
f 901/901/901 902/902/902 903/903/903
f 904/904/904 905/905/905 906/906/906
f 907/907/907 908/908/908 909/909/909
f 910/910/910 911/911/911 912/912/912
f 913/913/913 914/914/914 915/915/915
f 916/916/916 917/917/917 918/918/918
f 919/919/919 920/920/920 921/921/921
f 922/922/922 923/923/923 924/924/924
f 925/925/925 926/926/926 927/927/927
f 928/928/928 929/929/929 930/930/930
f 931/931/931 932/932/932 933/933/933
f 934/934/934 935/935/935 936/936/936
f 937/937/937 938/938/938 939/939/939
f 940/940/940 941/941/941 942/942/942
f 943/943/943 944/944/944 945/945/945
f 946/946/946 947/947/947 948/948/948
f 949/949/949 950/950/950 951/951/951
f 952/952/952 953/953/953 954/954/954
f 955/955/955 956/956/956 957/957/957
f 958/958/958 959/959/959 960/960/960
f 961/961/961 962/962/962 963/963/963
f 964/964/964 965/965/965 966/966/966
f 967/967/967 968/968/968 969/969/969
f 970/970/970 971/971/971 972/972/972
f 973/973/973 974/974/974 975/975/975
f 976/976/976 977/977/977 978/978/978
f 979/979/979 980/980/980 981/981/981
f 982/982/982 983/983/983 984/984/984
f 985/985/985 986/986/986 987/987/987
f 988/988/988 989/989/989 990/990/990
f 991/991/991 992/992/992 993/993/993
f 994/994/994 995/995/995 996/996/996
f 997/997/997 998/998/998 999/999/999
f 1000/1000/1000 1001/1001/1001 1002/1002/1002
f 1003/1003/1003 1004/1004/1004 1005/1005/1005
f 1006/1006/1006 1007/1007/1007 1008/1008/1008
f 1009/1009/1009 1010/1010/1010 1011/1011/1011
f 1012/1012/1012 1013/1013/1013 1014/1014/1014
f 1015/1015/1015 1016/1016/1016 1017/1017/1017
f 1018/1018/1018 1019/1019/1019 1020/1020/1020
f 1021/1021/1021 1022/1022/1022 1023/1023/1023
f 1024/1024/1024 1025/1025/1025 1026/1026/1026
f 1027/1027/1027 1028/1028/1028 1029/1029/1029
f 1030/1030/1030 1031/1031/1031 1032/1032/1032
f 1033/1033/1033 1034/1034/1034 1035/1035/1035
f 1036/1036/1036 1037/1037/1037 1038/1038/1038
f 1039/1039/1039 1040/1040/1040 1041/1041/1041
f 1042/1042/1042 1043/1043/1043 1044/1044/1044
f 1045/1045/1045 1046/1046/1046 1047/1047/1047
f 1048/1048/1048 1049/1049/1049 1050/1050/1050
f 1051/1051/1051 1052/1052/1052 1053/1053/1053
f 1054/1054/1054 1055/1055/1055 1056/1056/1056
f 1057/1057/1057 1058/1058/1058 1059/1059/1059
f 1060/1060/1060 1061/1061/1061 1062/1062/1062
f 1063/1063/1063 1064/1064/1064 1065/1065/1065
f 1066/1066/1066 1067/1067/1067 1068/1068/1068
f 1069/1069/1069 1070/1070/1070 1071/1071/1071
f 1072/1072/1072 1073/1073/1073 1074/1074/1074
f 1075/1075/1075 1076/1076/1076 1077/1077/1077
f 1078/1078/1078 1079/1079/1079 1080/1080/1080
f 1081/1081/1081 1082/1082/1082 1083/1083/1083
f 1084/1084/1084 1085/1085/1085 1086/1086/1086
f 1087/1087/1087 1088/1088/1088 1089/1089/1089
f 1090/1090/1090 1091/1091/1091 1092/1092/1092
f 1093/1093/1093 1094/1094/1094 1095/1095/1095
f 1096/1096/1096 1097/1097/1097 1098/1098/1098
f 1099/1099/1099 1100/1100/1100 1101/1101/1101
f 1102/1102/1102 1103/1103/1103 1104/1104/1104
f 1105/1105/1105 1106/1106/1106 1107/1107/1107
f 1108/1108/1108 1109/1109/1109 1110/1110/1110
f 1111/1111/1111 1112/1112/1112 1113/1113/1113
f 1114/1114/1114 1115/1115/1115 1116/1116/1116
f 1117/1117/1117 1118/1118/1118 1119/1119/1119
f 1120/1120/1120 1121/1121/1121 1122/1122/1122
f 1123/1123/1123 1124/1124/1124 1125/1125/1125
f 1126/1126/1126 1127/1127/1127 1128/1128/1128
f 1129/1129/1129 1130/1130/1130 1131/1131/1131
f 1132/1132/1132 1133/1133/1133 1134/1134/1134
f 1135/1135/1135 1136/1136/1136 1137/1137/1137
f 1138/1138/1138 1139/1139/1139 1140/1140/1140
f 1141/1141/1141 1142/1142/1142 1143/1143/1143
f 1144/1144/1144 1145/1145/1145 1146/1146/1146
f 1147/1147/1147 1148/1148/1148 1149/1149/1149
f 1150/1150/1150 1151/1151/1151 1152/1152/1152
f 1153/1153/1153 1154/1154/1154 1155/1155/1155
f 1156/1156/1156 1157/1157/1157 1158/1158/1158
f 1159/1159/1159 1160/1160/1160 1161/1161/1161
f 1162/1162/1162 1163/1163/1163 1164/1164/1164
f 1165/1165/1165 1166/1166/1166 1167/1167/1167
f 1168/1168/1168 1169/1169/1169 1170/1170/1170
f 1171/1171/1171 1172/1172/1172 1173/1173/1173
f 1174/1174/1174 1175/1175/1175 1176/1176/1176
f 1177/1177/1177 1178/1178/1178 1179/1179/1179
f 1180/1180/1180 1181/1181/1181 1182/1182/1182
f 1183/1183/1183 1184/1184/1184 1185/1185/1185
f 1186/1186/1186 1187/1187/1187 1188/1188/1188
f 1189/1189/1189 1190/1190/1190 1191/1191/1191
f 1192/1192/1192 1193/1193/1193 1194/1194/1194
f 1195/1195/1195 1196/1196/1196 1197/1197/1197
f 1198/1198/1198 1199/1199/1199 1200/1200/1200
f 1201/1201/1201 1202/1202/1202 1203/1203/1203
f 1204/1204/1204 1205/1205/1205 1206/1206/1206
f 1207/1207/1207 1208/1208/1208 1209/1209/1209
f 1210/1210/1210 1211/1211/1211 1212/1212/1212
f 1213/1213/1213 1214/1214/1214 1215/1215/1215
f 1216/1216/1216 1217/1217/1217 1218/1218/1218
f 1219/1219/1219 1220/1220/1220 1221/1221/1221
f 1222/1222/1222 1223/1223/1223 1224/1224/1224
f 1225/1225/1225 1226/1226/1226 1227/1227/1227
f 1228/1228/1228 1229/1229/1229 1230/1230/1230
f 1231/1231/1231 1232/1232/1232 1233/1233/1233
f 1234/1234/1234 1235/1235/1235 1236/1236/1236
f 1237/1237/1237 1238/1238/1238 1239/1239/1239
f 1240/1240/1240 1241/1241/1241 1242/1242/1242
f 1243/1243/1243 1244/1244/1244 1245/1245/1245
f 1246/1246/1246 1247/1247/1247 1248/1248/1248
f 1249/1249/1249 1250/1250/1250 1251/1251/1251
f 1252/1252/1252 1253/1253/1253 1254/1254/1254
f 1255/1255/1255 1256/1256/1256 1257/1257/1257
f 1258/1258/1258 1259/1259/1259 1260/1260/1260
f 1261/1261/1261 1262/1262/1262 1263/1263/1263
f 1264/1264/1264 1265/1265/1265 1266/1266/1266
f 1267/1267/1267 1268/1268/1268 1269/1269/1269
f 1270/1270/1270 1271/1271/1271 1272/1272/1272
f 1273/1273/1273 1274/1274/1274 1275/1275/1275
f 1276/1276/1276 1277/1277/1277 1278/1278/1278
f 1279/1279/1279 1280/1280/1280 1281/1281/1281
f 1282/1282/1282 1283/1283/1283 1284/1284/1284
f 1285/1285/1285 1286/1286/1286 1287/1287/1287
f 1288/1288/1288 1289/1289/1289 1290/1290/1290
f 1291/1291/1291 1292/1292/1292 1293/1293/1293
f 1294/1294/1294 1295/1295/1295 1296/1296/1296
f 1297/1297/1297 1298/1298/1298 1299/1299/1299
f 1300/1300/1300 1301/1301/1301 1302/1302/1302
f 1303/1303/1303 1304/1304/1304 1305/1305/1305
f 1306/1306/1306 1307/1307/1307 1308/1308/1308
f 1309/1309/1309 1310/1310/1310 1311/1311/1311
f 1312/1312/1312 1313/1313/1313 1314/1314/1314
f 1315/1315/1315 1316/1316/1316 1317/1317/1317
f 1318/1318/1318 1319/1319/1319 1320/1320/1320
f 1321/1321/1321 1322/1322/1322 1323/1323/1323
f 1324/1324/1324 1325/1325/1325 1326/1326/1326
f 1327/1327/1327 1328/1328/1328 1329/1329/1329
f 1330/1330/1330 1331/1331/1331 1332/1332/1332
f 1333/1333/1333 1334/1334/1334 1335/1335/1335
f 1336/1336/1336 1337/1337/1337 1338/1338/1338
f 1339/1339/1339 1340/1340/1340 1341/1341/1341
f 1342/1342/1342 1343/1343/1343 1344/1344/1344
f 1345/1345/1345 1346/1346/1346 1347/1347/1347
f 1348/1348/1348 1349/1349/1349 1350/1350/1350
f 1351/1351/1351 1352/1352/1352 1353/1353/1353
f 1354/1354/1354 1355/1355/1355 1356/1356/1356
f 1357/1357/1357 1358/1358/1358 1359/1359/1359
f 1360/1360/1360 1361/1361/1361 1362/1362/1362
f 1363/1363/1363 1364/1364/1364 1365/1365/1365
f 1366/1366/1366 1367/1367/1367 1368/1368/1368
f 1369/1369/1369 1370/1370/1370 1371/1371/1371
f 1372/1372/1372 1373/1373/1373 1374/1374/1374
f 1375/1375/1375 1376/1376/1376 1377/1377/1377
f 1378/1378/1378 1379/1379/1379 1380/1380/1380
f 1381/1381/1381 1382/1382/1382 1383/1383/1383
f 1384/1384/1384 1385/1385/1385 1386/1386/1386
f 1387/1387/1387 1388/1388/1388 1389/1389/1389
f 1390/1390/1390 1391/1391/1391 1392/1392/1392
f 1393/1393/1393 1394/1394/1394 1395/1395/1395
f 1396/1396/1396 1397/1397/1397 1398/1398/1398
f 1399/1399/1399 1400/1400/1400 1401/1401/1401
f 1402/1402/1402 1403/1403/1403 1404/1404/1404
f 1405/1405/1405 1406/1406/1406 1407/1407/1407
f 1408/1408/1408 1409/1409/1409 1410/1410/1410
f 1411/1411/1411 1412/1412/1412 1413/1413/1413
f 1414/1414/1414 1415/1415/1415 1416/1416/1416
f 1417/1417/1417 1418/1418/1418 1419/1419/1419
f 1420/1420/1420 1421/1421/1421 1422/1422/1422
f 1423/1423/1423 1424/1424/1424 1425/1425/1425
f 1426/1426/1426 1427/1427/1427 1428/1428/1428
f 1429/1429/1429 1430/1430/1430 1431/1431/1431
f 1432/1432/1432 1433/1433/1433 1434/1434/1434
f 1435/1435/1435 1436/1436/1436 1437/1437/1437
f 1438/1438/1438 1439/1439/1439 1440/1440/1440
f 1441/1441/1441 1442/1442/1442 1443/1443/1443
f 1444/1444/1444 1445/1445/1445 1446/1446/1446
f 1447/1447/1447 1448/1448/1448 1449/1449/1449
f 1450/1450/1450 1451/1451/1451 1452/1452/1452
f 1453/1453/1453 1454/1454/1454 1455/1455/1455
f 1456/1456/1456 1457/1457/1457 1458/1458/1458
f 1459/1459/1459 1460/1460/1460 1461/1461/1461
f 1462/1462/1462 1463/1463/1463 1464/1464/1464
f 1465/1465/1465 1466/1466/1466 1467/1467/1467
f 1468/1468/1468 1469/1469/1469 1470/1470/1470
f 1471/1471/1471 1472/1472/1472 1473/1473/1473
f 1474/1474/1474 1475/1475/1475 1476/1476/1476
f 1477/1477/1477 1478/1478/1478 1479/1479/1479
f 1480/1480/1480 1481/1481/1481 1482/1482/1482
f 1483/1483/1483 1484/1484/1484 1485/1485/1485
f 1486/1486/1486 1487/1487/1487 1488/1488/1488
f 1489/1489/1489 1490/1490/1490 1491/1491/1491
f 1492/1492/1492 1493/1493/1493 1494/1494/1494
f 1495/1495/1495 1496/1496/1496 1497/1497/1497
f 1498/1498/1498 1499/1499/1499 1500/1500/1500
f 1501/1501/1501 1502/1502/1502 1503/1503/1503
f 1504/1504/1504 1505/1505/1505 1506/1506/1506
f 1507/1507/1507 1508/1508/1508 1509/1509/1509
f 1510/1510/1510 1511/1511/1511 1512/1512/1512
f 1513/1513/1513 1514/1514/1514 1515/1515/1515
f 1516/1516/1516 1517/1517/1517 1518/1518/1518
f 1519/1519/1519 1520/1520/1520 1521/1521/1521
f 1522/1522/1522 1523/1523/1523 1524/1524/1524
f 1525/1525/1525 1526/1526/1526 1527/1527/1527
f 1528/1528/1528 1529/1529/1529 1530/1530/1530
f 1531/1531/1531 1532/1532/1532 1533/1533/1533
f 1534/1534/1534 1535/1535/1535 1536/1536/1536
f 1537/1537/1537 1538/1538/1538 1539/1539/1539
f 1540/1540/1540 1541/1541/1541 1542/1542/1542
f 1543/1543/1543 1544/1544/1544 1545/1545/1545
f 1546/1546/1546 1547/1547/1547 1548/1548/1548
f 1549/1549/1549 1550/1550/1550 1551/1551/1551
f 1552/1552/1552 1553/1553/1553 1554/1554/1554
f 1555/1555/1555 1556/1556/1556 1557/1557/1557
f 1558/1558/1558 1559/1559/1559 1560/1560/1560
f 1561/1561/1561 1562/1562/1562 1563/1563/1563
f 1564/1564/1564 1565/1565/1565 1566/1566/1566
f 1567/1567/1567 1568/1568/1568 1569/1569/1569
f 1570/1570/1570 1571/1571/1571 1572/1572/1572
f 1573/1573/1573 1574/1574/1574 1575/1575/1575
f 1576/1576/1576 1577/1577/1577 1578/1578/1578
f 1579/1579/1579 1580/1580/1580 1581/1581/1581
f 1582/1582/1582 1583/1583/1583 1584/1584/1584
f 1585/1585/1585 1586/1586/1586 1587/1587/1587
f 1588/1588/1588 1589/1589/1589 1590/1590/1590
f 1591/1591/1591 1592/1592/1592 1593/1593/1593
f 1594/1594/1594 1595/1595/1595 1596/1596/1596
f 1597/1597/1597 1598/1598/1598 1599/1599/1599
f 1600/1600/1600 1601/1601/1601 1602/1602/1602
f 1603/1603/1603 1604/1604/1604 1605/1605/1605
f 1606/1606/1606 1607/1607/1607 1608/1608/1608
f 1609/1609/1609 1610/1610/1610 1611/1611/1611
f 1612/1612/1612 1613/1613/1613 1614/1614/1614
f 1615/1615/1615 1616/1616/1616 1617/1617/1617
f 1618/1618/1618 1619/1619/1619 1620/1620/1620
f 1621/1621/1621 1622/1622/1622 1623/1623/1623
f 1624/1624/1624 1625/1625/1625 1626/1626/1626
f 1627/1627/1627 1628/1628/1628 1629/1629/1629
f 1630/1630/1630 1631/1631/1631 1632/1632/1632
f 1633/1633/1633 1634/1634/1634 1635/1635/1635
f 1636/1636/1636 1637/1637/1637 1638/1638/1638
f 1639/1639/1639 1640/1640/1640 1641/1641/1641
f 1642/1642/1642 1643/1643/1643 1644/1644/1644
f 1645/1645/1645 1646/1646/1646 1647/1647/1647
f 1648/1648/1648 1649/1649/1649 1650/1650/1650
f 1651/1651/1651 1652/1652/1652 1653/1653/1653
f 1654/1654/1654 1655/1655/1655 1656/1656/1656
f 1657/1657/1657 1658/1658/1658 1659/1659/1659
f 1660/1660/1660 1661/1661/1661 1662/1662/1662
f 1663/1663/1663 1664/1664/1664 1665/1665/1665
f 1666/1666/1666 1667/1667/1667 1668/1668/1668
f 1669/1669/1669 1670/1670/1670 1671/1671/1671
f 1672/1672/1672 1673/1673/1673 1674/1674/1674
f 1675/1675/1675 1676/1676/1676 1677/1677/1677
f 1678/1678/1678 1679/1679/1679 1680/1680/1680
f 1681/1681/1681 1682/1682/1682 1683/1683/1683
f 1684/1684/1684 1685/1685/1685 1686/1686/1686
f 1687/1687/1687 1688/1688/1688 1689/1689/1689
f 1690/1690/1690 1691/1691/1691 1692/1692/1692
f 1693/1693/1693 1694/1694/1694 1695/1695/1695
f 1696/1696/1696 1697/1697/1697 1698/1698/1698
f 1699/1699/1699 1700/1700/1700 1701/1701/1701
f 1702/1702/1702 1703/1703/1703 1704/1704/1704
f 1705/1705/1705 1706/1706/1706 1707/1707/1707
f 1708/1708/1708 1709/1709/1709 1710/1710/1710
f 1711/1711/1711 1712/1712/1712 1713/1713/1713
f 1714/1714/1714 1715/1715/1715 1716/1716/1716
f 1717/1717/1717 1718/1718/1718 1719/1719/1719
f 1720/1720/1720 1721/1721/1721 1722/1722/1722
f 1723/1723/1723 1724/1724/1724 1725/1725/1725
f 1726/1726/1726 1727/1727/1727 1728/1728/1728
f 1729/1729/1729 1730/1730/1730 1731/1731/1731
f 1732/1732/1732 1733/1733/1733 1734/1734/1734
f 1735/1735/1735 1736/1736/1736 1737/1737/1737
f 1738/1738/1738 1739/1739/1739 1740/1740/1740
f 1741/1741/1741 1742/1742/1742 1743/1743/1743
f 1744/1744/1744 1745/1745/1745 1746/1746/1746
f 1747/1747/1747 1748/1748/1748 1749/1749/1749
f 1750/1750/1750 1751/1751/1751 1752/1752/1752
f 1753/1753/1753 1754/1754/1754 1755/1755/1755
f 1756/1756/1756 1757/1757/1757 1758/1758/1758
f 1759/1759/1759 1760/1760/1760 1761/1761/1761
f 1762/1762/1762 1763/1763/1763 1764/1764/1764
f 1765/1765/1765 1766/1766/1766 1767/1767/1767
f 1768/1768/1768 1769/1769/1769 1770/1770/1770
f 1771/1771/1771 1772/1772/1772 1773/1773/1773
f 1774/1774/1774 1775/1775/1775 1776/1776/1776
f 1777/1777/1777 1778/1778/1778 1779/1779/1779
f 1780/1780/1780 1781/1781/1781 1782/1782/1782
f 1783/1783/1783 1784/1784/1784 1785/1785/1785
f 1786/1786/1786 1787/1787/1787 1788/1788/1788
f 1789/1789/1789 1790/1790/1790 1791/1791/1791
f 1792/1792/1792 1793/1793/1793 1794/1794/1794
f 1795/1795/1795 1796/1796/1796 1797/1797/1797
f 1798/1798/1798 1799/1799/1799 1800/1800/1800
f 1801/1801/1801 1802/1802/1802 1803/1803/1803
f 1804/1804/1804 1805/1805/1805 1806/1806/1806
f 1807/1807/1807 1808/1808/1808 1809/1809/1809
f 1810/1810/1810 1811/1811/1811 1812/1812/1812
f 1813/1813/1813 1814/1814/1814 1815/1815/1815
f 1816/1816/1816 1817/1817/1817 1818/1818/1818
f 1819/1819/1819 1820/1820/1820 1821/1821/1821
f 1822/1822/1822 1823/1823/1823 1824/1824/1824
f 1825/1825/1825 1826/1826/1826 1827/1827/1827
f 1828/1828/1828 1829/1829/1829 1830/1830/1830
f 1831/1831/1831 1832/1832/1832 1833/1833/1833
f 1834/1834/1834 1835/1835/1835 1836/1836/1836
f 1837/1837/1837 1838/1838/1838 1839/1839/1839
f 1840/1840/1840 1841/1841/1841 1842/1842/1842
f 1843/1843/1843 1844/1844/1844 1845/1845/1845
f 1846/1846/1846 1847/1847/1847 1848/1848/1848
f 1849/1849/1849 1850/1850/1850 1851/1851/1851
f 1852/1852/1852 1853/1853/1853 1854/1854/1854
f 1855/1855/1855 1856/1856/1856 1857/1857/1857
f 1858/1858/1858 1859/1859/1859 1860/1860/1860
f 1861/1861/1861 1862/1862/1862 1863/1863/1863
f 1864/1864/1864 1865/1865/1865 1866/1866/1866
f 1867/1867/1867 1868/1868/1868 1869/1869/1869
f 1870/1870/1870 1871/1871/1871 1872/1872/1872
f 1873/1873/1873 1874/1874/1874 1875/1875/1875
f 1876/1876/1876 1877/1877/1877 1878/1878/1878
f 1879/1879/1879 1880/1880/1880 1881/1881/1881
f 1882/1882/1882 1883/1883/1883 1884/1884/1884
f 1885/1885/1885 1886/1886/1886 1887/1887/1887
f 1888/1888/1888 1889/1889/1889 1890/1890/1890
f 1891/1891/1891 1892/1892/1892 1893/1893/1893
f 1894/1894/1894 1895/1895/1895 1896/1896/1896
f 1897/1897/1897 1898/1898/1898 1899/1899/1899
f 1900/1900/1900 1901/1901/1901 1902/1902/1902
f 1903/1903/1903 1904/1904/1904 1905/1905/1905
f 1906/1906/1906 1907/1907/1907 1908/1908/1908
f 1909/1909/1909 1910/1910/1910 1911/1911/1911
f 1912/1912/1912 1913/1913/1913 1914/1914/1914
f 1915/1915/1915 1916/1916/1916 1917/1917/1917
f 1918/1918/1918 1919/1919/1919 1920/1920/1920
f 1921/1921/1921 1922/1922/1922 1923/1923/1923
f 1924/1924/1924 1925/1925/1925 1926/1926/1926
f 1927/1927/1927 1928/1928/1928 1929/1929/1929
f 1930/1930/1930 1931/1931/1931 1932/1932/1932
f 1933/1933/1933 1934/1934/1934 1935/1935/1935
f 1936/1936/1936 1937/1937/1937 1938/1938/1938
f 1939/1939/1939 1940/1940/1940 1941/1941/1941
f 1942/1942/1942 1943/1943/1943 1944/1944/1944
f 1945/1945/1945 1946/1946/1946 1947/1947/1947
f 1948/1948/1948 1949/1949/1949 1950/1950/1950
f 1951/1951/1951 1952/1952/1952 1953/1953/1953
f 1954/1954/1954 1955/1955/1955 1956/1956/1956
f 1957/1957/1957 1958/1958/1958 1959/1959/1959
f 1960/1960/1960 1961/1961/1961 1962/1962/1962
f 1963/1963/1963 1964/1964/1964 1965/1965/1965
f 1966/1966/1966 1967/1967/1967 1968/1968/1968
f 1969/1969/1969 1970/1970/1970 1971/1971/1971
f 1972/1972/1972 1973/1973/1973 1974/1974/1974
f 1975/1975/1975 1976/1976/1976 1977/1977/1977
f 1978/1978/1978 1979/1979/1979 1980/1980/1980
f 1981/1981/1981 1982/1982/1982 1983/1983/1983
f 1984/1984/1984 1985/1985/1985 1986/1986/1986
f 1987/1987/1987 1988/1988/1988 1989/1989/1989
f 1990/1990/1990 1991/1991/1991 1992/1992/1992
f 1993/1993/1993 1994/1994/1994 1995/1995/1995
f 1996/1996/1996 1997/1997/1997 1998/1998/1998
f 1999/1999/1999 2000/2000/2000 2001/2001/2001
f 2002/2002/2002 2003/2003/2003 2004/2004/2004
f 2005/2005/2005 2006/2006/2006 2007/2007/2007
f 2008/2008/2008 2009/2009/2009 2010/2010/2010
f 2011/2011/2011 2012/2012/2012 2013/2013/2013
f 2014/2014/2014 2015/2015/2015 2016/2016/2016
f 2017/2017/2017 2018/2018/2018 2019/2019/2019
f 2020/2020/2020 2021/2021/2021 2022/2022/2022
f 2023/2023/2023 2024/2024/2024 2025/2025/2025
f 2026/2026/2026 2027/2027/2027 2028/2028/2028
f 2029/2029/2029 2030/2030/2030 2031/2031/2031
f 2032/2032/2032 2033/2033/2033 2034/2034/2034
f 2035/2035/2035 2036/2036/2036 2037/2037/2037
f 2038/2038/2038 2039/2039/2039 2040/2040/2040
f 2041/2041/2041 2042/2042/2042 2043/2043/2043
f 2044/2044/2044 2045/2045/2045 2046/2046/2046
f 2047/2047/2047 2048/2048/2048 2049/2049/2049
f 2050/2050/2050 2051/2051/2051 2052/2052/2052
f 2053/2053/2053 2054/2054/2054 2055/2055/2055
f 2056/2056/2056 2057/2057/2057 2058/2058/2058
f 2059/2059/2059 2060/2060/2060 2061/2061/2061
f 2062/2062/2062 2063/2063/2063 2064/2064/2064
f 2065/2065/2065 2066/2066/2066 2067/2067/2067
f 2068/2068/2068 2069/2069/2069 2070/2070/2070
f 2071/2071/2071 2072/2072/2072 2073/2073/2073
f 2074/2074/2074 2075/2075/2075 2076/2076/2076
f 2077/2077/2077 2078/2078/2078 2079/2079/2079
f 2080/2080/2080 2081/2081/2081 2082/2082/2082
f 2083/2083/2083 2084/2084/2084 2085/2085/2085
f 2086/2086/2086 2087/2087/2087 2088/2088/2088
f 2089/2089/2089 2090/2090/2090 2091/2091/2091
f 2092/2092/2092 2093/2093/2093 2094/2094/2094
f 2095/2095/2095 2096/2096/2096 2097/2097/2097
f 2095/2095/2095 2097/2097/2097 2098/2098/2098
f 2099/2099/2099 2100/2100/2100 2101/2101/2101
f 2099/2099/2099 2101/2101/2101 2102/2102/2102
f 2103/2103/2103 2104/2104/2104 2105/2105/2105
f 2103/2103/2103 2105/2105/2105 2106/2106/2106
f 2107/2107/2107 2108/2108/2108 2109/2109/2109
f 2107/2107/2107 2109/2109/2109 2110/2110/2110
f 2111/2111/2111 2112/2112/2112 2113/2113/2113
f 2111/2111/2111 2113/2113/2113 2114/2114/2114
f 2115/2115/2115 2116/2116/2116 2117/2117/2117
f 2115/2115/2115 2117/2117/2117 2118/2118/2118
f 2119/2119/2119 2120/2120/2120 2121/2121/2121
f 2119/2119/2119 2121/2121/2121 2122/2122/2122
f 2123/2123/2123 2124/2124/2124 2125/2125/2125
f 2123/2123/2123 2125/2125/2125 2126/2126/2126
f 2127/2127/2127 2128/2128/2128 2129/2129/2129
f 2127/2127/2127 2129/2129/2129 2130/2130/2130
f 2131/2131/2131 2132/2132/2132 2133/2133/2133
f 2131/2131/2131 2133/2133/2133 2134/2134/2134
f 2135/2135/2135 2136/2136/2136 2137/2137/2137
f 2135/2135/2135 2137/2137/2137 2138/2138/2138
f 2139/2139/2139 2140/2140/2140 2141/2141/2141
f 2139/2139/2139 2141/2141/2141 2142/2142/2142
f 2143/2143/2143 2144/2144/2144 2145/2145/2145
f 2143/2143/2143 2145/2145/2145 2146/2146/2146
f 2147/2147/2147 2148/2148/2148 2149/2149/2149
f 2147/2147/2147 2149/2149/2149 2150/2150/2150
f 2151/2151/2151 2152/2152/2152 2153/2153/2153
f 2151/2151/2151 2153/2153/2153 2154/2154/2154
f 2155/2155/2155 2156/2156/2156 2157/2157/2157
f 2155/2155/2155 2157/2157/2157 2158/2158/2158
f 2159/2159/2159 2160/2160/2160 2161/2161/2161
f 2159/2159/2159 2161/2161/2161 2162/2162/2162
f 2163/2163/2163 2164/2164/2164 2165/2165/2165
f 2163/2163/2163 2165/2165/2165 2166/2166/2166
f 2167/2167/2167 2168/2168/2168 2169/2169/2169
f 2167/2167/2167 2169/2169/2169 2170/2170/2170
f 2171/2171/2171 2172/2172/2172 2173/2173/2173
f 2171/2171/2171 2173/2173/2173 2174/2174/2174
f 2175/2175/2175 2176/2176/2176 2177/2177/2177
f 2175/2175/2175 2177/2177/2177 2178/2178/2178
f 2179/2179/2179 2180/2180/2180 2181/2181/2181
f 2179/2179/2179 2181/2181/2181 2182/2182/2182
f 2183/2183/2183 2184/2184/2184 2185/2185/2185
f 2183/2183/2183 2185/2185/2185 2186/2186/2186
f 2187/2187/2187 2188/2188/2188 2189/2189/2189
f 2187/2187/2187 2189/2189/2189 2190/2190/2190
f 2191/2191/2191 2192/2192/2192 2193/2193/2193
f 2191/2191/2191 2193/2193/2193 2194/2194/2194
f 2195/2195/2195 2196/2196/2196 2197/2197/2197
f 2195/2195/2195 2197/2197/2197 2198/2198/2198
f 2199/2199/2199 2200/2200/2200 2201/2201/2201
f 2199/2199/2199 2201/2201/2201 2202/2202/2202
f 2203/2203/2203 2204/2204/2204 2205/2205/2205
f 2203/2203/2203 2205/2205/2205 2206/2206/2206
f 2207/2207/2207 2208/2208/2208 2209/2209/2209
f 2207/2207/2207 2209/2209/2209 2210/2210/2210
f 2211/2211/2211 2212/2212/2212 2213/2213/2213
f 2211/2211/2211 2213/2213/2213 2214/2214/2214
f 2215/2215/2215 2216/2216/2216 2217/2217/2217
f 2215/2215/2215 2217/2217/2217 2218/2218/2218
f 2219/2219/2219 2220/2220/2220 2221/2221/2221
f 2219/2219/2219 2221/2221/2221 2222/2222/2222
f 2223/2223/2223 2224/2224/2224 2225/2225/2225
f 2223/2223/2223 2225/2225/2225 2226/2226/2226
f 2227/2227/2227 2228/2228/2228 2229/2229/2229
f 2227/2227/2227 2229/2229/2229 2230/2230/2230
f 2231/2231/2231 2232/2232/2232 2233/2233/2233
f 2231/2231/2231 2233/2233/2233 2234/2234/2234
f 2235/2235/2235 2236/2236/2236 2237/2237/2237
f 2235/2235/2235 2237/2237/2237 2238/2238/2238
f 2239/2239/2239 2240/2240/2240 2241/2241/2241
f 2239/2239/2239 2241/2241/2241 2242/2242/2242
f 2243/2243/2243 2244/2244/2244 2245/2245/2245
f 2243/2243/2243 2245/2245/2245 2246/2246/2246
f 2247/2247/2247 2248/2248/2248 2249/2249/2249
f 2247/2247/2247 2249/2249/2249 2250/2250/2250
f 2251/2251/2251 2252/2252/2252 2253/2253/2253
f 2251/2251/2251 2253/2253/2253 2254/2254/2254
f 2255/2255/2255 2256/2256/2256 2257/2257/2257
f 2255/2255/2255 2257/2257/2257 2258/2258/2258
f 2259/2259/2259 2260/2260/2260 2261/2261/2261
f 2259/2259/2259 2261/2261/2261 2262/2262/2262
f 2263/2263/2263 2264/2264/2264 2265/2265/2265
f 2263/2263/2263 2265/2265/2265 2266/2266/2266
f 2267/2267/2267 2268/2268/2268 2269/2269/2269
f 2267/2267/2267 2269/2269/2269 2270/2270/2270
f 2271/2271/2271 2272/2272/2272 2273/2273/2273
f 2271/2271/2271 2273/2273/2273 2274/2274/2274
f 2275/2275/2275 2276/2276/2276 2277/2277/2277
f 2275/2275/2275 2277/2277/2277 2278/2278/2278
f 2279/2279/2279 2280/2280/2280 2281/2281/2281
f 2279/2279/2279 2281/2281/2281 2282/2282/2282
f 2283/2283/2283 2284/2284/2284 2285/2285/2285
f 2283/2283/2283 2285/2285/2285 2286/2286/2286
f 2287/2287/2287 2288/2288/2288 2289/2289/2289
f 2287/2287/2287 2289/2289/2289 2290/2290/2290
f 2291/2291/2291 2292/2292/2292 2293/2293/2293
f 2291/2291/2291 2293/2293/2293 2294/2294/2294
f 2295/2295/2295 2296/2296/2296 2297/2297/2297
f 2295/2295/2295 2297/2297/2297 2298/2298/2298
f 2299/2299/2299 2300/2300/2300 2301/2301/2301
f 2299/2299/2299 2301/2301/2301 2302/2302/2302
f 2303/2303/2303 2304/2304/2304 2305/2305/2305
f 2303/2303/2303 2305/2305/2305 2306/2306/2306
f 2307/2307/2307 2308/2308/2308 2309/2309/2309
f 2307/2307/2307 2309/2309/2309 2310/2310/2310
f 2311/2311/2311 2312/2312/2312 2313/2313/2313
f 2311/2311/2311 2313/2313/2313 2314/2314/2314
f 2315/2315/2315 2316/2316/2316 2317/2317/2317
f 2315/2315/2315 2317/2317/2317 2318/2318/2318
f 2319/2319/2319 2320/2320/2320 2321/2321/2321
f 2319/2319/2319 2321/2321/2321 2322/2322/2322
f 2323/2323/2323 2324/2324/2324 2325/2325/2325
f 2323/2323/2323 2325/2325/2325 2326/2326/2326
f 2327/2327/2327 2328/2328/2328 2329/2329/2329
f 2327/2327/2327 2329/2329/2329 2330/2330/2330
f 2331/2331/2331 2332/2332/2332 2333/2333/2333
f 2331/2331/2331 2333/2333/2333 2334/2334/2334
f 2335/2335/2335 2336/2336/2336 2337/2337/2337
f 2335/2335/2335 2337/2337/2337 2338/2338/2338
f 2339/2339/2339 2340/2340/2340 2341/2341/2341
f 2339/2339/2339 2341/2341/2341 2342/2342/2342
f 2343/2343/2343 2344/2344/2344 2345/2345/2345
f 2343/2343/2343 2345/2345/2345 2346/2346/2346
f 2347/2347/2347 2348/2348/2348 2349/2349/2349
f 2347/2347/2347 2349/2349/2349 2350/2350/2350
f 2351/2351/2351 2352/2352/2352 2353/2353/2353
f 2351/2351/2351 2353/2353/2353 2354/2354/2354
f 2355/2355/2355 2356/2356/2356 2357/2357/2357
f 2355/2355/2355 2357/2357/2357 2358/2358/2358
f 2359/2359/2359 2360/2360/2360 2361/2361/2361
f 2359/2359/2359 2361/2361/2361 2362/2362/2362
f 2363/2363/2363 2364/2364/2364 2365/2365/2365
f 2363/2363/2363 2365/2365/2365 2366/2366/2366
f 2367/2367/2367 2368/2368/2368 2369/2369/2369
f 2367/2367/2367 2369/2369/2369 2370/2370/2370
f 2371/2371/2371 2372/2372/2372 2373/2373/2373
f 2371/2371/2371 2373/2373/2373 2374/2374/2374
f 2375/2375/2375 2376/2376/2376 2377/2377/2377
f 2375/2375/2375 2377/2377/2377 2378/2378/2378
f 2379/2379/2379 2380/2380/2380 2381/2381/2381
f 2379/2379/2379 2381/2381/2381 2382/2382/2382
f 2383/2383/2383 2384/2384/2384 2385/2385/2385
f 2383/2383/2383 2385/2385/2385 2386/2386/2386
f 2387/2387/2387 2388/2388/2388 2389/2389/2389
f 2387/2387/2387 2389/2389/2389 2390/2390/2390
f 2391/2391/2391 2392/2392/2392 2393/2393/2393
f 2391/2391/2391 2393/2393/2393 2394/2394/2394
f 2395/2395/2395 2396/2396/2396 2397/2397/2397
f 2395/2395/2395 2397/2397/2397 2398/2398/2398
f 2399/2399/2399 2400/2400/2400 2401/2401/2401
f 2399/2399/2399 2401/2401/2401 2402/2402/2402
f 2403/2403/2403 2404/2404/2404 2405/2405/2405
f 2403/2403/2403 2405/2405/2405 2406/2406/2406
f 2407/2407/2407 2408/2408/2408 2409/2409/2409
f 2407/2407/2407 2409/2409/2409 2410/2410/2410
f 2411/2411/2411 2412/2412/2412 2413/2413/2413
f 2411/2411/2411 2413/2413/2413 2414/2414/2414
f 2415/2415/2415 2416/2416/2416 2417/2417/2417
f 2415/2415/2415 2417/2417/2417 2418/2418/2418
f 2419/2419/2419 2420/2420/2420 2421/2421/2421
f 2419/2419/2419 2421/2421/2421 2422/2422/2422
f 2423/2423/2423 2424/2424/2424 2425/2425/2425
f 2423/2423/2423 2425/2425/2425 2426/2426/2426
f 2427/2427/2427 2428/2428/2428 2429/2429/2429
f 2427/2427/2427 2429/2429/2429 2430/2430/2430
f 2431/2431/2431 2432/2432/2432 2433/2433/2433
f 2431/2431/2431 2433/2433/2433 2434/2434/2434
f 2435/2435/2435 2436/2436/2436 2437/2437/2437
f 2435/2435/2435 2437/2437/2437 2438/2438/2438
f 2439/2439/2439 2440/2440/2440 2441/2441/2441
f 2439/2439/2439 2441/2441/2441 2442/2442/2442
f 2443/2443/2443 2444/2444/2444 2445/2445/2445
f 2443/2443/2443 2445/2445/2445 2446/2446/2446
f 2447/2447/2447 2448/2448/2448 2449/2449/2449
f 2447/2447/2447 2449/2449/2449 2450/2450/2450
f 2451/2451/2451 2452/2452/2452 2453/2453/2453
f 2451/2451/2451 2453/2453/2453 2454/2454/2454
f 2455/2455/2455 2456/2456/2456 2457/2457/2457
f 2455/2455/2455 2457/2457/2457 2458/2458/2458
f 2459/2459/2459 2460/2460/2460 2461/2461/2461
f 2459/2459/2459 2461/2461/2461 2462/2462/2462
f 2463/2463/2463 2464/2464/2464 2465/2465/2465
f 2463/2463/2463 2465/2465/2465 2466/2466/2466
f 2467/2467/2467 2468/2468/2468 2469/2469/2469
f 2467/2467/2467 2469/2469/2469 2470/2470/2470
f 2471/2471/2471 2472/2472/2472 2473/2473/2473
f 2471/2471/2471 2473/2473/2473 2474/2474/2474
f 2475/2475/2475 2476/2476/2476 2477/2477/2477
f 2475/2475/2475 2477/2477/2477 2478/2478/2478
f 2479/2479/2479 2480/2480/2480 2481/2481/2481
f 2479/2479/2479 2481/2481/2481 2482/2482/2482
f 2483/2483/2483 2484/2484/2484 2485/2485/2485
f 2483/2483/2483 2485/2485/2485 2486/2486/2486
f 2487/2487/2487 2488/2488/2488 2489/2489/2489
f 2487/2487/2487 2489/2489/2489 2490/2490/2490
f 2491/2491/2491 2492/2492/2492 2493/2493/2493
f 2491/2491/2491 2493/2493/2493 2494/2494/2494
f 2495/2495/2495 2496/2496/2496 2497/2497/2497
f 2495/2495/2495 2497/2497/2497 2498/2498/2498
f 2499/2499/2499 2500/2500/2500 2501/2501/2501
f 2499/2499/2499 2501/2501/2501 2502/2502/2502
f 2503/2503/2503 2504/2504/2504 2505/2505/2505
f 2503/2503/2503 2505/2505/2505 2506/2506/2506
f 2507/2507/2507 2508/2508/2508 2509/2509/2509
f 2507/2507/2507 2509/2509/2509 2510/2510/2510
f 2511/2511/2511 2512/2512/2512 2513/2513/2513
f 2511/2511/2511 2513/2513/2513 2514/2514/2514
f 2515/2515/2515 2516/2516/2516 2517/2517/2517
f 2515/2515/2515 2517/2517/2517 2518/2518/2518
f 2519/2519/2519 2520/2520/2520 2521/2521/2521
f 2519/2519/2519 2521/2521/2521 2522/2522/2522
f 2523/2523/2523 2524/2524/2524 2525/2525/2525
f 2523/2523/2523 2525/2525/2525 2526/2526/2526
f 2527/2527/2527 2528/2528/2528 2529/2529/2529
f 2527/2527/2527 2529/2529/2529 2530/2530/2530
f 2531/2531/2531 2532/2532/2532 2533/2533/2533
f 2531/2531/2531 2533/2533/2533 2534/2534/2534
f 2535/2535/2535 2536/2536/2536 2537/2537/2537
f 2535/2535/2535 2537/2537/2537 2538/2538/2538
f 2539/2539/2539 2540/2540/2540 2541/2541/2541
f 2539/2539/2539 2541/2541/2541 2542/2542/2542
f 2543/2543/2543 2544/2544/2544 2545/2545/2545
f 2543/2543/2543 2545/2545/2545 2546/2546/2546
f 2547/2547/2547 2548/2548/2548 2549/2549/2549
f 2547/2547/2547 2549/2549/2549 2550/2550/2550
f 2551/2551/2551 2552/2552/2552 2553/2553/2553
f 2551/2551/2551 2553/2553/2553 2554/2554/2554
f 2555/2555/2555 2556/2556/2556 2557/2557/2557
f 2555/2555/2555 2557/2557/2557 2558/2558/2558
f 2559/2559/2559 2560/2560/2560 2561/2561/2561
f 2559/2559/2559 2561/2561/2561 2562/2562/2562
f 2563/2563/2563 2564/2564/2564 2565/2565/2565
f 2563/2563/2563 2565/2565/2565 2566/2566/2566
f 2567/2567/2567 2568/2568/2568 2569/2569/2569
f 2567/2567/2567 2569/2569/2569 2570/2570/2570
f 2571/2571/2571 2572/2572/2572 2573/2573/2573
f 2571/2571/2571 2573/2573/2573 2574/2574/2574
f 2575/2575/2575 2576/2576/2576 2577/2577/2577
f 2575/2575/2575 2577/2577/2577 2578/2578/2578
f 2579/2579/2579 2580/2580/2580 2581/2581/2581
f 2579/2579/2579 2581/2581/2581 2582/2582/2582
f 2583/2583/2583 2584/2584/2584 2585/2585/2585
f 2583/2583/2583 2585/2585/2585 2586/2586/2586
f 2587/2587/2587 2588/2588/2588 2589/2589/2589
f 2587/2587/2587 2589/2589/2589 2590/2590/2590
f 2591/2591/2591 2592/2592/2592 2593/2593/2593
f 2591/2591/2591 2593/2593/2593 2594/2594/2594
f 2595/2595/2595 2596/2596/2596 2597/2597/2597
f 2595/2595/2595 2597/2597/2597 2598/2598/2598
f 2599/2599/2599 2600/2600/2600 2601/2601/2601
f 2599/2599/2599 2601/2601/2601 2602/2602/2602
f 2603/2603/2603 2604/2604/2604 2605/2605/2605
f 2603/2603/2603 2605/2605/2605 2606/2606/2606
f 2607/2607/2607 2608/2608/2608 2609/2609/2609
f 2607/2607/2607 2609/2609/2609 2610/2610/2610
f 2611/2611/2611 2612/2612/2612 2613/2613/2613
f 2611/2611/2611 2613/2613/2613 2614/2614/2614
f 2615/2615/2615 2616/2616/2616 2617/2617/2617
f 2615/2615/2615 2617/2617/2617 2618/2618/2618
f 2619/2619/2619 2620/2620/2620 2621/2621/2621
f 2619/2619/2619 2621/2621/2621 2622/2622/2622
f 2623/2623/2623 2624/2624/2624 2625/2625/2625
f 2623/2623/2623 2625/2625/2625 2626/2626/2626
f 2627/2627/2627 2628/2628/2628 2629/2629/2629
f 2627/2627/2627 2629/2629/2629 2630/2630/2630
f 2631/2631/2631 2632/2632/2632 2633/2633/2633
f 2631/2631/2631 2633/2633/2633 2634/2634/2634
f 2635/2635/2635 2636/2636/2636 2637/2637/2637
f 2635/2635/2635 2637/2637/2637 2638/2638/2638
f 2639/2639/2639 2640/2640/2640 2641/2641/2641
f 2639/2639/2639 2641/2641/2641 2642/2642/2642
f 2643/2643/2643 2644/2644/2644 2645/2645/2645
f 2643/2643/2643 2645/2645/2645 2646/2646/2646
f 2647/2647/2647 2648/2648/2648 2649/2649/2649
f 2647/2647/2647 2649/2649/2649 2650/2650/2650
f 2651/2651/2651 2652/2652/2652 2653/2653/2653
f 2651/2651/2651 2653/2653/2653 2654/2654/2654
f 2655/2655/2655 2656/2656/2656 2657/2657/2657
f 2655/2655/2655 2657/2657/2657 2658/2658/2658
f 2659/2659/2659 2660/2660/2660 2661/2661/2661
f 2659/2659/2659 2661/2661/2661 2662/2662/2662
f 2663/2663/2663 2664/2664/2664 2665/2665/2665
f 2663/2663/2663 2665/2665/2665 2666/2666/2666
f 2667/2667/2667 2668/2668/2668 2669/2669/2669
f 2667/2667/2667 2669/2669/2669 2670/2670/2670
f 2671/2671/2671 2672/2672/2672 2673/2673/2673
f 2671/2671/2671 2673/2673/2673 2674/2674/2674
f 2675/2675/2675 2676/2676/2676 2677/2677/2677
f 2675/2675/2675 2677/2677/2677 2678/2678/2678
f 2679/2679/2679 2680/2680/2680 2681/2681/2681
f 2679/2679/2679 2681/2681/2681 2682/2682/2682
f 2683/2683/2683 2684/2684/2684 2685/2685/2685
f 2683/2683/2683 2685/2685/2685 2686/2686/2686
f 2687/2687/2687 2688/2688/2688 2689/2689/2689
f 2687/2687/2687 2689/2689/2689 2690/2690/2690
f 2691/2691/2691 2692/2692/2692 2693/2693/2693
f 2691/2691/2691 2693/2693/2693 2694/2694/2694
f 2695/2695/2695 2696/2696/2696 2697/2697/2697
f 2695/2695/2695 2697/2697/2697 2698/2698/2698
f 2699/2699/2699 2700/2700/2700 2701/2701/2701
f 2699/2699/2699 2701/2701/2701 2702/2702/2702
f 2703/2703/2703 2704/2704/2704 2705/2705/2705
f 2703/2703/2703 2705/2705/2705 2706/2706/2706
f 2707/2707/2707 2708/2708/2708 2709/2709/2709
f 2707/2707/2707 2709/2709/2709 2710/2710/2710
f 2711/2711/2711 2712/2712/2712 2713/2713/2713
f 2711/2711/2711 2713/2713/2713 2714/2714/2714
f 2715/2715/2715 2716/2716/2716 2717/2717/2717
f 2715/2715/2715 2717/2717/2717 2718/2718/2718
f 2719/2719/2719 2720/2720/2720 2721/2721/2721
f 2719/2719/2719 2721/2721/2721 2722/2722/2722
f 2723/2723/2723 2724/2724/2724 2725/2725/2725
f 2723/2723/2723 2725/2725/2725 2726/2726/2726
f 2727/2727/2727 2728/2728/2728 2729/2729/2729
f 2727/2727/2727 2729/2729/2729 2730/2730/2730
f 2731/2731/2731 2732/2732/2732 2733/2733/2733
f 2731/2731/2731 2733/2733/2733 2734/2734/2734
f 2735/2735/2735 2736/2736/2736 2737/2737/2737
f 2735/2735/2735 2737/2737/2737 2738/2738/2738
f 2739/2739/2739 2740/2740/2740 2741/2741/2741
f 2739/2739/2739 2741/2741/2741 2742/2742/2742
f 2743/2743/2743 2744/2744/2744 2745/2745/2745
f 2743/2743/2743 2745/2745/2745 2746/2746/2746
f 2747/2747/2747 2748/2748/2748 2749/2749/2749
f 2747/2747/2747 2749/2749/2749 2750/2750/2750
f 2751/2751/2751 2752/2752/2752 2753/2753/2753
f 2751/2751/2751 2753/2753/2753 2754/2754/2754
f 2755/2755/2755 2756/2756/2756 2757/2757/2757
f 2755/2755/2755 2757/2757/2757 2758/2758/2758
f 2759/2759/2759 2760/2760/2760 2761/2761/2761
f 2759/2759/2759 2761/2761/2761 2762/2762/2762
f 2763/2763/2763 2764/2764/2764 2765/2765/2765
f 2763/2763/2763 2765/2765/2765 2766/2766/2766
f 2767/2767/2767 2768/2768/2768 2769/2769/2769
f 2767/2767/2767 2769/2769/2769 2770/2770/2770
f 2771/2771/2771 2772/2772/2772 2773/2773/2773
f 2771/2771/2771 2773/2773/2773 2774/2774/2774
f 2775/2775/2775 2776/2776/2776 2777/2777/2777
f 2775/2775/2775 2777/2777/2777 2778/2778/2778
f 2779/2779/2779 2780/2780/2780 2781/2781/2781
f 2779/2779/2779 2781/2781/2781 2782/2782/2782
f 2783/2783/2783 2784/2784/2784 2785/2785/2785
f 2783/2783/2783 2785/2785/2785 2786/2786/2786
f 2787/2787/2787 2788/2788/2788 2789/2789/2789
f 2787/2787/2787 2789/2789/2789 2790/2790/2790
f 2791/2791/2791 2792/2792/2792 2793/2793/2793
f 2791/2791/2791 2793/2793/2793 2794/2794/2794
f 2795/2795/2795 2796/2796/2796 2797/2797/2797
f 2795/2795/2795 2797/2797/2797 2798/2798/2798
f 2799/2799/2799 2800/2800/2800 2801/2801/2801
f 2799/2799/2799 2801/2801/2801 2802/2802/2802
f 2803/2803/2803 2804/2804/2804 2805/2805/2805
f 2803/2803/2803 2805/2805/2805 2806/2806/2806
f 2807/2807/2807 2808/2808/2808 2809/2809/2809
f 2807/2807/2807 2809/2809/2809 2810/2810/2810
f 2811/2811/2811 2812/2812/2812 2813/2813/2813
f 2811/2811/2811 2813/2813/2813 2814/2814/2814
f 2815/2815/2815 2816/2816/2816 2817/2817/2817
f 2815/2815/2815 2817/2817/2817 2818/2818/2818
f 2819/2819/2819 2820/2820/2820 2821/2821/2821
f 2819/2819/2819 2821/2821/2821 2822/2822/2822
f 2823/2823/2823 2824/2824/2824 2825/2825/2825
f 2823/2823/2823 2825/2825/2825 2826/2826/2826
f 2827/2827/2827 2828/2828/2828 2829/2829/2829
f 2827/2827/2827 2829/2829/2829 2830/2830/2830
f 2831/2831/2831 2832/2832/2832 2833/2833/2833
f 2831/2831/2831 2833/2833/2833 2834/2834/2834
f 2835/2835/2835 2836/2836/2836 2837/2837/2837
f 2835/2835/2835 2837/2837/2837 2838/2838/2838
f 2839/2839/2839 2840/2840/2840 2841/2841/2841
f 2839/2839/2839 2841/2841/2841 2842/2842/2842
f 2843/2843/2843 2844/2844/2844 2845/2845/2845
f 2843/2843/2843 2845/2845/2845 2846/2846/2846
f 2847/2847/2847 2848/2848/2848 2849/2849/2849
f 2847/2847/2847 2849/2849/2849 2850/2850/2850
f 2851/2851/2851 2852/2852/2852 2853/2853/2853
f 2851/2851/2851 2853/2853/2853 2854/2854/2854
f 2855/2855/2855 2856/2856/2856 2857/2857/2857
f 2855/2855/2855 2857/2857/2857 2858/2858/2858
f 2859/2859/2859 2860/2860/2860 2861/2861/2861
f 2859/2859/2859 2861/2861/2861 2862/2862/2862
f 2863/2863/2863 2864/2864/2864 2865/2865/2865
f 2863/2863/2863 2865/2865/2865 2866/2866/2866
f 2867/2867/2867 2868/2868/2868 2869/2869/2869
f 2867/2867/2867 2869/2869/2869 2870/2870/2870
f 2871/2871/2871 2872/2872/2872 2873/2873/2873
f 2871/2871/2871 2873/2873/2873 2874/2874/2874
f 2875/2875/2875 2876/2876/2876 2877/2877/2877
f 2875/2875/2875 2877/2877/2877 2878/2878/2878
f 2879/2879/2879 2880/2880/2880 2881/2881/2881
f 2879/2879/2879 2881/2881/2881 2882/2882/2882
f 2883/2883/2883 2884/2884/2884 2885/2885/2885
f 2883/2883/2883 2885/2885/2885 2886/2886/2886
f 2887/2887/2887 2888/2888/2888 2889/2889/2889
f 2887/2887/2887 2889/2889/2889 2890/2890/2890
f 2891/2891/2891 2892/2892/2892 2893/2893/2893
f 2891/2891/2891 2893/2893/2893 2894/2894/2894
f 2895/2895/2895 2896/2896/2896 2897/2897/2897
f 2895/2895/2895 2897/2897/2897 2898/2898/2898
f 2899/2899/2899 2900/2900/2900 2901/2901/2901
f 2899/2899/2899 2901/2901/2901 2902/2902/2902
f 2903/2903/2903 2904/2904/2904 2905/2905/2905
f 2903/2903/2903 2905/2905/2905 2906/2906/2906
f 2907/2907/2907 2908/2908/2908 2909/2909/2909
f 2907/2907/2907 2909/2909/2909 2910/2910/2910
f 2911/2911/2911 2912/2912/2912 2913/2913/2913
f 2911/2911/2911 2913/2913/2913 2914/2914/2914
f 2915/2915/2915 2916/2916/2916 2917/2917/2917
f 2915/2915/2915 2917/2917/2917 2918/2918/2918
f 2919/2919/2919 2920/2920/2920 2921/2921/2921
f 2919/2919/2919 2921/2921/2921 2922/2922/2922
f 2923/2923/2923 2924/2924/2924 2925/2925/2925
f 2923/2923/2923 2925/2925/2925 2926/2926/2926
f 2927/2927/2927 2928/2928/2928 2929/2929/2929
f 2927/2927/2927 2929/2929/2929 2930/2930/2930
f 2931/2931/2931 2932/2932/2932 2933/2933/2933
f 2931/2931/2931 2933/2933/2933 2934/2934/2934
f 2935/2935/2935 2936/2936/2936 2937/2937/2937
f 2935/2935/2935 2937/2937/2937 2938/2938/2938
f 2939/2939/2939 2940/2940/2940 2941/2941/2941
f 2939/2939/2939 2941/2941/2941 2942/2942/2942
f 2943/2943/2943 2944/2944/2944 2945/2945/2945
f 2943/2943/2943 2945/2945/2945 2946/2946/2946
f 2947/2947/2947 2948/2948/2948 2949/2949/2949
f 2947/2947/2947 2949/2949/2949 2950/2950/2950
f 2951/2951/2951 2952/2952/2952 2953/2953/2953
f 2951/2951/2951 2953/2953/2953 2954/2954/2954
f 2955/2955/2955 2956/2956/2956 2957/2957/2957
f 2955/2955/2955 2957/2957/2957 2958/2958/2958
f 2959/2959/2959 2960/2960/2960 2961/2961/2961
f 2959/2959/2959 2961/2961/2961 2962/2962/2962
f 2963/2963/2963 2964/2964/2964 2965/2965/2965
f 2963/2963/2963 2965/2965/2965 2966/2966/2966
f 2967/2967/2967 2968/2968/2968 2969/2969/2969
f 2967/2967/2967 2969/2969/2969 2970/2970/2970
f 2971/2971/2971 2972/2972/2972 2973/2973/2973
f 2971/2971/2971 2973/2973/2973 2974/2974/2974
f 2975/2975/2975 2976/2976/2976 2977/2977/2977
f 2975/2975/2975 2977/2977/2977 2978/2978/2978
f 2979/2979/2979 2980/2980/2980 2981/2981/2981
f 2979/2979/2979 2981/2981/2981 2982/2982/2982
f 2983/2983/2983 2984/2984/2984 2985/2985/2985
f 2983/2983/2983 2985/2985/2985 2986/2986/2986
f 2987/2987/2987 2988/2988/2988 2989/2989/2989
f 2987/2987/2987 2989/2989/2989 2990/2990/2990
f 2991/2991/2991 2992/2992/2992 2993/2993/2993
f 2991/2991/2991 2993/2993/2993 2994/2994/2994
f 2995/2995/2995 2996/2996/2996 2997/2997/2997
f 2995/2995/2995 2997/2997/2997 2998/2998/2998
f 2999/2999/2999 3000/3000/3000 3001/3001/3001
f 2999/2999/2999 3001/3001/3001 3002/3002/3002
f 3003/3003/3003 3004/3004/3004 3005/3005/3005
f 3003/3003/3003 3005/3005/3005 3006/3006/3006
f 3007/3007/3007 3008/3008/3008 3009/3009/3009
f 3007/3007/3007 3009/3009/3009 3010/3010/3010
f 3011/3011/3011 3012/3012/3012 3013/3013/3013
f 3011/3011/3011 3013/3013/3013 3014/3014/3014
f 3015/3015/3015 3016/3016/3016 3017/3017/3017
f 3015/3015/3015 3017/3017/3017 3018/3018/3018
f 3019/3019/3019 3020/3020/3020 3021/3021/3021
f 3019/3019/3019 3021/3021/3021 3022/3022/3022
f 3023/3023/3023 3024/3024/3024 3025/3025/3025
f 3023/3023/3023 3025/3025/3025 3026/3026/3026
f 3027/3027/3027 3028/3028/3028 3029/3029/3029
f 3027/3027/3027 3029/3029/3029 3030/3030/3030
f 3031/3031/3031 3032/3032/3032 3033/3033/3033
f 3031/3031/3031 3033/3033/3033 3034/3034/3034
f 3035/3035/3035 3036/3036/3036 3037/3037/3037
f 3035/3035/3035 3037/3037/3037 3038/3038/3038
f 3039/3039/3039 3040/3040/3040 3041/3041/3041
f 3039/3039/3039 3041/3041/3041 3042/3042/3042
f 3043/3043/3043 3044/3044/3044 3045/3045/3045
f 3043/3043/3043 3045/3045/3045 3046/3046/3046
f 3047/3047/3047 3048/3048/3048 3049/3049/3049
f 3047/3047/3047 3049/3049/3049 3050/3050/3050
f 3051/3051/3051 3052/3052/3052 3053/3053/3053
f 3051/3051/3051 3053/3053/3053 3054/3054/3054
f 3055/3055/3055 3056/3056/3056 3057/3057/3057
f 3055/3055/3055 3057/3057/3057 3058/3058/3058
f 3059/3059/3059 3060/3060/3060 3061/3061/3061
f 3059/3059/3059 3061/3061/3061 3062/3062/3062
f 3063/3063/3063 3064/3064/3064 3065/3065/3065
f 3063/3063/3063 3065/3065/3065 3066/3066/3066
f 3067/3067/3067 3068/3068/3068 3069/3069/3069
f 3067/3067/3067 3069/3069/3069 3070/3070/3070
f 3071/3071/3071 3072/3072/3072 3073/3073/3073
f 3071/3071/3071 3073/3073/3073 3074/3074/3074
f 3075/3075/3075 3076/3076/3076 3077/3077/3077
f 3075/3075/3075 3077/3077/3077 3078/3078/3078
f 3079/3079/3079 3080/3080/3080 3081/3081/3081
f 3079/3079/3079 3081/3081/3081 3082/3082/3082
f 3083/3083/3083 3084/3084/3084 3085/3085/3085
f 3083/3083/3083 3085/3085/3085 3086/3086/3086
f 3087/3087/3087 3088/3088/3088 3089/3089/3089
f 3087/3087/3087 3089/3089/3089 3090/3090/3090
f 3091/3091/3091 3092/3092/3092 3093/3093/3093
f 3091/3091/3091 3093/3093/3093 3094/3094/3094
f 3095/3095/3095 3096/3096/3096 3097/3097/3097
f 3095/3095/3095 3097/3097/3097 3098/3098/3098
f 3099/3099/3099 3100/3100/3100 3101/3101/3101
f 3099/3099/3099 3101/3101/3101 3102/3102/3102
f 3103/3103/3103 3104/3104/3104 3105/3105/3105
f 3103/3103/3103 3105/3105/3105 3106/3106/3106
f 3107/3107/3107 3108/3108/3108 3109/3109/3109
f 3107/3107/3107 3109/3109/3109 3110/3110/3110
f 3111/3111/3111 3112/3112/3112 3113/3113/3113
f 3111/3111/3111 3113/3113/3113 3114/3114/3114
f 3115/3115/3115 3116/3116/3116 3117/3117/3117
f 3115/3115/3115 3117/3117/3117 3118/3118/3118
f 3119/3119/3119 3120/3120/3120 3121/3121/3121
f 3119/3119/3119 3121/3121/3121 3122/3122/3122
f 3123/3123/3123 3124/3124/3124 3125/3125/3125
f 3123/3123/3123 3125/3125/3125 3126/3126/3126
f 3127/3127/3127 3128/3128/3128 3129/3129/3129
f 3127/3127/3127 3129/3129/3129 3130/3130/3130
f 3131/3131/3131 3132/3132/3132 3133/3133/3133
f 3131/3131/3131 3133/3133/3133 3134/3134/3134
f 3135/3135/3135 3136/3136/3136 3137/3137/3137
f 3135/3135/3135 3137/3137/3137 3138/3138/3138
f 3139/3139/3139 3140/3140/3140 3141/3141/3141
f 3139/3139/3139 3141/3141/3141 3142/3142/3142
f 3143/3143/3143 3144/3144/3144 3145/3145/3145
f 3143/3143/3143 3145/3145/3145 3146/3146/3146
f 3147/3147/3147 3148/3148/3148 3149/3149/3149
f 3147/3147/3147 3149/3149/3149 3150/3150/3150
f 3151/3151/3151 3152/3152/3152 3153/3153/3153
f 3151/3151/3151 3153/3153/3153 3154/3154/3154
f 3155/3155/3155 3156/3156/3156 3157/3157/3157
f 3155/3155/3155 3157/3157/3157 3158/3158/3158
f 3159/3159/3159 3160/3160/3160 3161/3161/3161
f 3159/3159/3159 3161/3161/3161 3162/3162/3162
f 3163/3163/3163 3164/3164/3164 3165/3165/3165
f 3163/3163/3163 3165/3165/3165 3166/3166/3166
f 3167/3167/3167 3168/3168/3168 3169/3169/3169
f 3167/3167/3167 3169/3169/3169 3170/3170/3170
f 3171/3171/3171 3172/3172/3172 3173/3173/3173
f 3171/3171/3171 3173/3173/3173 3174/3174/3174
f 3175/3175/3175 3176/3176/3176 3177/3177/3177
f 3175/3175/3175 3177/3177/3177 3178/3178/3178
f 3179/3179/3179 3180/3180/3180 3181/3181/3181
f 3179/3179/3179 3181/3181/3181 3182/3182/3182
f 3183/3183/3183 3184/3184/3184 3185/3185/3185
f 3183/3183/3183 3185/3185/3185 3186/3186/3186
f 3187/3187/3187 3188/3188/3188 3189/3189/3189
f 3187/3187/3187 3189/3189/3189 3190/3190/3190
f 3191/3191/3191 3192/3192/3192 3193/3193/3193
f 3191/3191/3191 3193/3193/3193 3194/3194/3194
f 3195/3195/3195 3196/3196/3196 3197/3197/3197
f 3195/3195/3195 3197/3197/3197 3198/3198/3198
f 3199/3199/3199 3200/3200/3200 3201/3201/3201
f 3199/3199/3199 3201/3201/3201 3202/3202/3202
f 3203/3203/3203 3204/3204/3204 3205/3205/3205
f 3203/3203/3203 3205/3205/3205 3206/3206/3206
f 3207/3207/3207 3208/3208/3208 3209/3209/3209
f 3207/3207/3207 3209/3209/3209 3210/3210/3210
f 3211/3211/3211 3212/3212/3212 3213/3213/3213
f 3211/3211/3211 3213/3213/3213 3214/3214/3214
f 3215/3215/3215 3216/3216/3216 3217/3217/3217
f 3215/3215/3215 3217/3217/3217 3218/3218/3218
f 3219/3219/3219 3220/3220/3220 3221/3221/3221
f 3219/3219/3219 3221/3221/3221 3222/3222/3222
f 3223/3223/3223 3224/3224/3224 3225/3225/3225
f 3223/3223/3223 3225/3225/3225 3226/3226/3226
f 3227/3227/3227 3228/3228/3228 3229/3229/3229
f 3227/3227/3227 3229/3229/3229 3230/3230/3230
f 3231/3231/3231 3232/3232/3232 3233/3233/3233
f 3231/3231/3231 3233/3233/3233 3234/3234/3234
f 3235/3235/3235 3236/3236/3236 3237/3237/3237
f 3235/3235/3235 3237/3237/3237 3238/3238/3238
f 3239/3239/3239 3240/3240/3240 3241/3241/3241
f 3239/3239/3239 3241/3241/3241 3242/3242/3242
f 3243/3243/3243 3244/3244/3244 3245/3245/3245
f 3243/3243/3243 3245/3245/3245 3246/3246/3246
f 3247/3247/3247 3248/3248/3248 3249/3249/3249
f 3247/3247/3247 3249/3249/3249 3250/3250/3250
f 3251/3251/3251 3252/3252/3252 3253/3253/3253
f 3251/3251/3251 3253/3253/3253 3254/3254/3254
f 3255/3255/3255 3256/3256/3256 3257/3257/3257
f 3255/3255/3255 3257/3257/3257 3258/3258/3258
f 3259/3259/3259 3260/3260/3260 3261/3261/3261
f 3259/3259/3259 3261/3261/3261 3262/3262/3262
f 3263/3263/3263 3264/3264/3264 3265/3265/3265
f 3263/3263/3263 3265/3265/3265 3266/3266/3266
f 3267/3267/3267 3268/3268/3268 3269/3269/3269
f 3267/3267/3267 3269/3269/3269 3270/3270/3270
f 3271/3271/3271 3272/3272/3272 3273/3273/3273
f 3271/3271/3271 3273/3273/3273 3274/3274/3274
f 3275/3275/3275 3276/3276/3276 3277/3277/3277
f 3275/3275/3275 3277/3277/3277 3278/3278/3278
f 3279/3279/3279 3280/3280/3280 3281/3281/3281
f 3279/3279/3279 3281/3281/3281 3282/3282/3282
f 3283/3283/3283 3284/3284/3284 3285/3285/3285
f 3283/3283/3283 3285/3285/3285 3286/3286/3286
f 3287/3287/3287 3288/3288/3288 3289/3289/3289
f 3287/3287/3287 3289/3289/3289 3290/3290/3290
f 3291/3291/3291 3292/3292/3292 3293/3293/3293
f 3291/3291/3291 3293/3293/3293 3294/3294/3294
f 3295/3295/3295 3296/3296/3296 3297/3297/3297
f 3295/3295/3295 3297/3297/3297 3298/3298/3298
f 3299/3299/3299 3300/3300/3300 3301/3301/3301
f 3299/3299/3299 3301/3301/3301 3302/3302/3302
f 3303/3303/3303 3304/3304/3304 3305/3305/3305
f 3303/3303/3303 3305/3305/3305 3306/3306/3306
f 3307/3307/3307 3308/3308/3308 3309/3309/3309
f 3307/3307/3307 3309/3309/3309 3310/3310/3310
f 3311/3311/3311 3312/3312/3312 3313/3313/3313
f 3311/3311/3311 3313/3313/3313 3314/3314/3314
f 3315/3315/3315 3316/3316/3316 3317/3317/3317
f 3315/3315/3315 3317/3317/3317 3318/3318/3318
f 3319/3319/3319 3320/3320/3320 3321/3321/3321
f 3319/3319/3319 3321/3321/3321 3322/3322/3322
f 3323/3323/3323 3324/3324/3324 3325/3325/3325
f 3323/3323/3323 3325/3325/3325 3326/3326/3326
f 3327/3327/3327 3328/3328/3328 3329/3329/3329
f 3327/3327/3327 3329/3329/3329 3330/3330/3330
f 3331/3331/3331 3332/3332/3332 3333/3333/3333
f 3331/3331/3331 3333/3333/3333 3334/3334/3334
f 3335/3335/3335 3336/3336/3336 3337/3337/3337
f 3335/3335/3335 3337/3337/3337 3338/3338/3338
f 3339/3339/3339 3340/3340/3340 3341/3341/3341
f 3339/3339/3339 3341/3341/3341 3342/3342/3342
f 3343/3343/3343 3344/3344/3344 3345/3345/3345
f 3343/3343/3343 3345/3345/3345 3346/3346/3346
f 3347/3347/3347 3348/3348/3348 3349/3349/3349
f 3347/3347/3347 3349/3349/3349 3350/3350/3350
f 3351/3351/3351 3352/3352/3352 3353/3353/3353
f 3351/3351/3351 3353/3353/3353 3354/3354/3354
f 3355/3355/3355 3356/3356/3356 3357/3357/3357
f 3355/3355/3355 3357/3357/3357 3358/3358/3358
f 3359/3359/3359 3360/3360/3360 3361/3361/3361
f 3359/3359/3359 3361/3361/3361 3362/3362/3362
f 3363/3363/3363 3364/3364/3364 3365/3365/3365
f 3363/3363/3363 3365/3365/3365 3366/3366/3366
f 3367/3367/3367 3368/3368/3368 3369/3369/3369
f 3367/3367/3367 3369/3369/3369 3370/3370/3370
f 3371/3371/3371 3372/3372/3372 3373/3373/3373
f 3371/3371/3371 3373/3373/3373 3374/3374/3374
f 3375/3375/3375 3376/3376/3376 3377/3377/3377
f 3375/3375/3375 3377/3377/3377 3378/3378/3378
f 3379/3379/3379 3380/3380/3380 3381/3381/3381
f 3379/3379/3379 3381/3381/3381 3382/3382/3382
f 3383/3383/3383 3384/3384/3384 3385/3385/3385
f 3383/3383/3383 3385/3385/3385 3386/3386/3386
f 3387/3387/3387 3388/3388/3388 3389/3389/3389
f 3387/3387/3387 3389/3389/3389 3390/3390/3390
f 3391/3391/3391 3392/3392/3392 3393/3393/3393
f 3391/3391/3391 3393/3393/3393 3394/3394/3394
f 3395/3395/3395 3396/3396/3396 3397/3397/3397
f 3395/3395/3395 3397/3397/3397 3398/3398/3398
f 3399/3399/3399 3400/3400/3400 3401/3401/3401
f 3399/3399/3399 3401/3401/3401 3402/3402/3402
f 3403/3403/3403 3404/3404/3404 3405/3405/3405
f 3403/3403/3403 3405/3405/3405 3406/3406/3406
f 3407/3407/3407 3408/3408/3408 3409/3409/3409
f 3407/3407/3407 3409/3409/3409 3410/3410/3410
f 3411/3411/3411 3412/3412/3412 3413/3413/3413
f 3411/3411/3411 3413/3413/3413 3414/3414/3414
f 3415/3415/3415 3416/3416/3416 3417/3417/3417
f 3415/3415/3415 3417/3417/3417 3418/3418/3418
f 3419/3419/3419 3420/3420/3420 3421/3421/3421
f 3419/3419/3419 3421/3421/3421 3422/3422/3422
f 3423/3423/3423 3424/3424/3424 3425/3425/3425
f 3423/3423/3423 3425/3425/3425 3426/3426/3426
f 3427/3427/3427 3428/3428/3428 3429/3429/3429
f 3427/3427/3427 3429/3429/3429 3430/3430/3430
f 3431/3431/3431 3432/3432/3432 3433/3433/3433
f 3431/3431/3431 3433/3433/3433 3434/3434/3434
f 3435/3435/3435 3436/3436/3436 3437/3437/3437
f 3435/3435/3435 3437/3437/3437 3438/3438/3438
f 3439/3439/3439 3440/3440/3440 3441/3441/3441
f 3439/3439/3439 3441/3441/3441 3442/3442/3442
f 3443/3443/3443 3444/3444/3444 3445/3445/3445
f 3443/3443/3443 3445/3445/3445 3446/3446/3446
f 3447/3447/3447 3448/3448/3448 3449/3449/3449
f 3447/3447/3447 3449/3449/3449 3450/3450/3450
f 3451/3451/3451 3452/3452/3452 3453/3453/3453
f 3451/3451/3451 3453/3453/3453 3454/3454/3454
f 3455/3455/3455 3456/3456/3456 3457/3457/3457
f 3455/3455/3455 3457/3457/3457 3458/3458/3458
f 3459/3459/3459 3460/3460/3460 3461/3461/3461
f 3459/3459/3459 3461/3461/3461 3462/3462/3462
f 3463/3463/3463 3464/3464/3464 3465/3465/3465
f 3463/3463/3463 3465/3465/3465 3466/3466/3466
f 3467/3467/3467 3468/3468/3468 3469/3469/3469
f 3467/3467/3467 3469/3469/3469 3470/3470/3470
f 3471/3471/3471 3472/3472/3472 3473/3473/3473
f 3471/3471/3471 3473/3473/3473 3474/3474/3474
f 3475/3475/3475 3476/3476/3476 3477/3477/3477
f 3475/3475/3475 3477/3477/3477 3478/3478/3478
f 3479/3479/3479 3480/3480/3480 3481/3481/3481
f 3479/3479/3479 3481/3481/3481 3482/3482/3482
f 3483/3483/3483 3484/3484/3484 3485/3485/3485
f 3483/3483/3483 3485/3485/3485 3486/3486/3486
f 3487/3487/3487 3488/3488/3488 3489/3489/3489
f 3487/3487/3487 3489/3489/3489 3490/3490/3490
f 3491/3491/3491 3492/3492/3492 3493/3493/3493
f 3491/3491/3491 3493/3493/3493 3494/3494/3494
f 3495/3495/3495 3496/3496/3496 3497/3497/3497
f 3495/3495/3495 3497/3497/3497 3498/3498/3498
f 3499/3499/3499 3500/3500/3500 3501/3501/3501
f 3499/3499/3499 3501/3501/3501 3502/3502/3502
f 3503/3503/3503 3504/3504/3504 3505/3505/3505
f 3503/3503/3503 3505/3505/3505 3506/3506/3506
f 3507/3507/3507 3508/3508/3508 3509/3509/3509
f 3507/3507/3507 3509/3509/3509 3510/3510/3510
f 3511/3511/3511 3512/3512/3512 3513/3513/3513
f 3511/3511/3511 3513/3513/3513 3514/3514/3514
f 3515/3515/3515 3516/3516/3516 3517/3517/3517
f 3515/3515/3515 3517/3517/3517 3518/3518/3518
f 3519/3519/3519 3520/3520/3520 3521/3521/3521
f 3519/3519/3519 3521/3521/3521 3522/3522/3522
f 3523/3523/3523 3524/3524/3524 3525/3525/3525
f 3523/3523/3523 3525/3525/3525 3526/3526/3526
f 3527/3527/3527 3528/3528/3528 3529/3529/3529
f 3527/3527/3527 3529/3529/3529 3530/3530/3530
f 3531/3531/3531 3532/3532/3532 3533/3533/3533
f 3531/3531/3531 3533/3533/3533 3534/3534/3534
f 3535/3535/3535 3536/3536/3536 3537/3537/3537
f 3535/3535/3535 3537/3537/3537 3538/3538/3538
