v -0.905703 0.028972 -0.094337
v -0.901583 0.029138 -0.124753
v -0.905703 0.029138 -0.124753
v -0.905703 0.028972 -0.094337
v -0.901583 0.029071 -0.112484
v -0.901583 0.029138 -0.124753
v -0.896358 0.029081 -0.11437
v -0.894576 0.029081 -0.114293
v -0.895842 0.029081 -0.114382
v -0.896865 0.029081 -0.114332
v -0.894576 0.029081 -0.114293
v -0.896358 0.029081 -0.11437
v -0.897364 0.029081 -0.114268
v -0.894576 0.029081 -0.114293
v -0.896865 0.029081 -0.114332
v -0.897364 0.029081 -0.114268
v -0.893376 0.029079 -0.114029
v -0.894576 0.029081 -0.114293
v -0.897855 0.02908 -0.114179
v -0.893376 0.029079 -0.114029
v -0.897364 0.029081 -0.114268
v -0.898339 0.029079 -0.114063
v -0.893376 0.029079 -0.114029
v -0.897855 0.02908 -0.114179
v -0.898817 0.029079 -0.113919
v -0.893376 0.029079 -0.114029
v -0.898339 0.029079 -0.114063
v -0.898817 0.029079 -0.113919
v -0.892251 0.029077 -0.113602
v -0.893376 0.029079 -0.114029
v -0.899288 0.029078 -0.11375
v -0.892251 0.029077 -0.113602
v -0.898817 0.029079 -0.113919
v -0.899755 0.029077 -0.113553
v -0.892251 0.029077 -0.113602
v -0.899288 0.029078 -0.11375
v -0.899755 0.029077 -0.113553
v -0.891209 0.029074 -0.113021
v -0.892251 0.029077 -0.113602
v -0.900217 0.029075 -0.113328
v -0.891209 0.029074 -0.113021
v -0.899755 0.029077 -0.113553
v -0.900675 0.029074 -0.113075
v -0.891209 0.029074 -0.113021
v -0.900217 0.029075 -0.113328
v -0.90113 0.029073 -0.112794
v -0.891209 0.029074 -0.113021
v -0.900675 0.029074 -0.113075
v -0.90113 0.029073 -0.112794
v -0.890258 0.02907 -0.112296
v -0.891209 0.029074 -0.113021
v -0.901583 0.029071 -0.112484
v -0.890258 0.02907 -0.112296
v -0.90113 0.029073 -0.112794
v -0.905703 0.028972 -0.094337
v -0.901583 0.029049 -0.108549
v -0.901583 0.029071 -0.112484
v -0.901583 0.029049 -0.108549
v -0.901153 0.029051 -0.108922
v -0.901583 0.029071 -0.112484
v -0.901153 0.029051 -0.108922
v -0.900741 0.029053 -0.109254
v -0.901583 0.029071 -0.112484
v -0.900741 0.029053 -0.109254
v -0.900344 0.029055 -0.109546
v -0.901583 0.029071 -0.112484
v -0.900344 0.029055 -0.109546
v -0.899957 0.029056 -0.109801
v -0.901583 0.029071 -0.112484
v -0.899957 0.029056 -0.109801
v -0.899579 0.029057 -0.11002
v -0.901583 0.029071 -0.112484
v -0.899579 0.029057 -0.11002
v -0.899204 0.029058 -0.110205
v -0.901583 0.029071 -0.112484
v -0.899204 0.029058 -0.110205
v -0.898831 0.029059 -0.110356
v -0.901583 0.029071 -0.112484
v -0.898831 0.029059 -0.110356
v -0.898455 0.02906 -0.110477
v -0.901583 0.029071 -0.112484
v -0.898455 0.02906 -0.110477
v -0.898074 0.02906 -0.110568
v -0.901583 0.029071 -0.112484
v -0.898074 0.02906 -0.110568
v -0.890258 0.02907 -0.112296
v -0.901583 0.029071 -0.112484
v -0.898074 0.02906 -0.110568
v -0.897683 0.029061 -0.11063
v -0.890258 0.02907 -0.112296
v -0.897683 0.029061 -0.11063
v -0.889407 0.029065 -0.111437
v -0.890258 0.02907 -0.112296
v -0.897683 0.029061 -0.11063
v -0.89728 0.029061 -0.110667
v -0.889407 0.029065 -0.111437
v -0.89728 0.029061 -0.110667
v -0.896861 0.029061 -0.110679
v -0.889407 0.029065 -0.111437
v -0.896861 0.029061 -0.110679
v -0.888664 0.02906 -0.110454
v -0.889407 0.029065 -0.111437
v -0.896017 0.029061 -0.11062
v -0.888664 0.02906 -0.110454
v -0.896861 0.029061 -0.110679
v -0.895226 0.02906 -0.110446
v -0.888664 0.02906 -0.110454
v -0.896017 0.029061 -0.11062
v -0.895226 0.02906 -0.110446
v -0.888037 0.029054 -0.109355
v -0.888664 0.02906 -0.110454
v -0.894492 0.029058 -0.110161
v -0.888037 0.029054 -0.109355
v -0.895226 0.02906 -0.110446
v -0.893817 0.029056 -0.109772
v -0.888037 0.029054 -0.109355
v -0.894492 0.029058 -0.110161
v -0.893207 0.029053 -0.109281
v -0.888037 0.029054 -0.109355
v -0.893817 0.029056 -0.109772
v -0.893207 0.029053 -0.109281
v -0.887535 0.029047 -0.108152
v -0.888037 0.029054 -0.109355
v -0.892665 0.02905 -0.108694
v -0.887535 0.029047 -0.108152
v -0.893207 0.029053 -0.109281
v -0.892195 0.029046 -0.108016
v -0.887535 0.029047 -0.108152
v -0.892665 0.02905 -0.108694
v -0.905703 0.028972 -0.094337
v -0.901583 0.028988 -0.0973
v -0.901583 0.029049 -0.108549
v -0.892195 0.029046 -0.108016
v -0.887166 0.02904 -0.106854
v -0.887535 0.029047 -0.108152
v -0.891802 0.029042 -0.107249
v -0.887166 0.02904 -0.106854
v -0.892195 0.029046 -0.108016
v -0.89149 0.029038 -0.106402
v -0.887166 0.02904 -0.106854
v -0.891802 0.029042 -0.107249
v -0.89149 0.029038 -0.106402
v -0.886938 0.029033 -0.105471
v -0.887166 0.02904 -0.106854
v -0.891261 0.029033 -0.105476
v -0.886938 0.029033 -0.105471
v -0.89149 0.029038 -0.106402
v -0.891121 0.029027 -0.104478
v -0.886938 0.029033 -0.105471
v -0.891261 0.029033 -0.105476
v -0.891121 0.029027 -0.104478
v -0.886861 0.029025 -0.104012
v -0.886938 0.029033 -0.105471
v -0.891074 0.029021 -0.10341
v -0.886861 0.029025 -0.104012
v -0.891121 0.029027 -0.104478
v -0.891074 0.029021 -0.10341
v -0.886947 0.029015 -0.102313
v -0.886861 0.029025 -0.104012
v -0.891128 0.029016 -0.102451
v -0.886947 0.029015 -0.102313
v -0.891074 0.029021 -0.10341
v -0.891286 0.029011 -0.101544
v -0.886947 0.029015 -0.102313
v -0.891128 0.029016 -0.102451
v -0.891286 0.029011 -0.101544
v -0.887201 0.029007 -0.100736
v -0.886947 0.029015 -0.102313
v -0.891544 0.029007 -0.100694
v -0.887201 0.029007 -0.100736
v -0.891286 0.029011 -0.101544
v -0.891544 0.029007 -0.100694
v -0.88762 0.028999 -0.099286
v -0.887201 0.029007 -0.100736
v -0.891895 0.029002 -0.099909
v -0.88762 0.028999 -0.099286
v -0.891544 0.029007 -0.100694
v -0.892334 0.028998 -0.099194
v -0.88762 0.028999 -0.099286
v -0.891895 0.029002 -0.099909
v -0.892334 0.028998 -0.099194
v -0.888198 0.028992 -0.097968
v -0.88762 0.028999 -0.099286
v -0.892856 0.028995 -0.098555
v -0.888198 0.028992 -0.097968
v -0.892334 0.028998 -0.099194
v -0.893455 0.028992 -0.097998
v -0.888198 0.028992 -0.097968
v -0.892856 0.028995 -0.098555
v -0.894126 0.028989 -0.09753
v -0.888198 0.028992 -0.097968
v -0.893455 0.028992 -0.097998
v -0.894126 0.028989 -0.09753
v -0.88893 0.028985 -0.096787
v -0.888198 0.028992 -0.097968
v -0.894863 0.028987 -0.097154
v -0.88893 0.028985 -0.096787
v -0.894126 0.028989 -0.09753
v -0.905703 0.028972 -0.094337
v -0.901271 0.028988 -0.097209
v -0.901583 0.028988 -0.0973
v -0.905703 0.028972 -0.094337
v -0.90094 0.028987 -0.097123
v -0.901271 0.028988 -0.097209
v -0.89566 0.028986 -0.096879
v -0.88893 0.028985 -0.096787
v -0.894863 0.028987 -0.097154
v -0.905703 0.028972 -0.094337
v -0.900593 0.028987 -0.097042
v -0.90094 0.028987 -0.097123
v -0.905703 0.028972 -0.094337
v -0.900235 0.028986 -0.096967
v -0.900593 0.028987 -0.097042
v -0.905703 0.028972 -0.094337
v -0.899869 0.028986 -0.096899
v -0.900235 0.028986 -0.096967
v -0.905703 0.028972 -0.094337
v -0.899499 0.028986 -0.096836
v -0.899869 0.028986 -0.096899
v -0.896513 0.028985 -0.096709
v -0.88893 0.028985 -0.096787
v -0.89566 0.028986 -0.096879
v -0.905703 0.028972 -0.094337
v -0.89913 0.028985 -0.096783
v -0.899499 0.028986 -0.096836
v -0.896513 0.028985 -0.096709
v -0.889812 0.02898 -0.095749
v -0.88893 0.028985 -0.096787
v -0.905703 0.028972 -0.094337
v -0.898764 0.028985 -0.096737
v -0.89913 0.028985 -0.096783
v -0.905703 0.028972 -0.094337
v -0.898406 0.028985 -0.0967
v -0.898764 0.028985 -0.096737
v -0.897416 0.028985 -0.096652
v -0.889812 0.02898 -0.095749
v -0.896513 0.028985 -0.096709
v -0.905703 0.028972 -0.094337
v -0.898059 0.028985 -0.096674
v -0.898406 0.028985 -0.0967
v -0.905703 0.028972 -0.094337
v -0.897728 0.028985 -0.096657
v -0.898059 0.028985 -0.096674
v -0.905703 0.028972 -0.094337
v -0.897416 0.028985 -0.096652
v -0.897728 0.028985 -0.096657
v -0.905703 0.028972 -0.094337
v -0.889812 0.02898 -0.095749
v -0.897416 0.028985 -0.096652
v -0.905703 0.028972 -0.094337
v -0.890838 0.028975 -0.094857
v -0.889812 0.02898 -0.095749
v -0.905703 0.028972 -0.094337
v -0.892005 0.028971 -0.094116
v -0.890838 0.028975 -0.094857
v -0.905175 0.028971 -0.094102
v -0.892005 0.028971 -0.094116
v -0.905703 0.028972 -0.094337
v -0.905175 0.028971 -0.094102
v -0.893306 0.028968 -0.093531
v -0.892005 0.028971 -0.094116
v -0.904613 0.02897 -0.093883
v -0.893306 0.028968 -0.093531
v -0.905175 0.028971 -0.094102
v -0.90402 0.028968 -0.093681
v -0.893306 0.028968 -0.093531
v -0.904613 0.02897 -0.093883
v -0.9034 0.028967 -0.093497
v -0.893306 0.028968 -0.093531
v -0.90402 0.028968 -0.093681
v -0.9034 0.028967 -0.093497
v -0.894737 0.028965 -0.093107
v -0.893306 0.028968 -0.093531
v -0.902758 0.028967 -0.093331
v -0.894737 0.028965 -0.093107
v -0.9034 0.028967 -0.093497
v -0.902098 0.028966 -0.093185
v -0.894737 0.028965 -0.093107
v -0.902758 0.028967 -0.093331
v -0.901423 0.028965 -0.09306
v -0.894737 0.028965 -0.093107
v -0.902098 0.028966 -0.093185
v -0.901423 0.028965 -0.09306
v -0.896294 0.028964 -0.09285
v -0.894737 0.028965 -0.093107
v -0.900737 0.028964 -0.092955
v -0.896294 0.028964 -0.09285
v -0.901423 0.028965 -0.09306
v -0.900046 0.028964 -0.092872
v -0.896294 0.028964 -0.09285
v -0.900737 0.028964 -0.092955
v -0.899351 0.028964 -0.092812
v -0.896294 0.028964 -0.09285
v -0.900046 0.028964 -0.092872
v -0.899351 0.028964 -0.092812
v -0.897972 0.028963 -0.092763
v -0.896294 0.028964 -0.09285
v -0.898659 0.028963 -0.092775
v -0.897972 0.028963 -0.092763
v -0.899351 0.028964 -0.092812
v -0.920421 0.029081 -0.114363
v -0.918651 0.029081 -0.114338
v -0.919684 0.029081 -0.114382
v -0.921128 0.029081 -0.114305
v -0.918651 0.029081 -0.114338
v -0.920421 0.029081 -0.114363
v -0.921128 0.029081 -0.114305
v -0.917663 0.02908 -0.114203
v -0.918651 0.029081 -0.114338
v -0.921804 0.02908 -0.114208
v -0.917663 0.02908 -0.114203
v -0.921128 0.029081 -0.114305
v -0.92245 0.029079 -0.114073
v -0.917663 0.02908 -0.114203
v -0.921804 0.02908 -0.114208
v -0.92245 0.029079 -0.114073
v -0.916728 0.029079 -0.113976
v -0.917663 0.02908 -0.114203
v -0.923067 0.029079 -0.113897
v -0.916728 0.029079 -0.113976
v -0.92245 0.029079 -0.114073
v -0.923067 0.029079 -0.113897
v -0.915856 0.029077 -0.113656
v -0.916728 0.029079 -0.113976
v -0.923654 0.029077 -0.113683
v -0.915856 0.029077 -0.113656
v -0.923067 0.029079 -0.113897
v -0.924213 0.029076 -0.113428
v -0.915856 0.029077 -0.113656
v -0.923654 0.029077 -0.113683
v -0.924213 0.029076 -0.113428
v -0.915054 0.029075 -0.11324
v -0.915856 0.029077 -0.113656
v -0.924743 0.029074 -0.113135
v -0.915054 0.029075 -0.11324
v -0.924213 0.029076 -0.113428
v -0.924743 0.029074 -0.113135
v -0.914331 0.029072 -0.112728
v -0.915054 0.029075 -0.11324
v -0.925244 0.029073 -0.112801
v -0.914331 0.029072 -0.112728
v -0.924743 0.029074 -0.113135
v -0.925718 0.029071 -0.112427
v -0.914331 0.029072 -0.112728
v -0.925244 0.029073 -0.112801
v -0.925718 0.029071 -0.112427
v -0.913697 0.029069 -0.112117
v -0.914331 0.029072 -0.112728
v -0.926164 0.029068 -0.112013
v -0.913697 0.029069 -0.112117
v -0.925718 0.029071 -0.112427
v -0.926164 0.029068 -0.112013
v -0.913158 0.029065 -0.111406
v -0.913697 0.029069 -0.112117
v -0.926583 0.029066 -0.111558
v -0.913158 0.029065 -0.111406
v -0.926164 0.029068 -0.112013
v -0.926583 0.029041 -0.107068
v -0.926078 0.029044 -0.107631
v -0.926583 0.029066 -0.111558
v -0.926078 0.029044 -0.107631
v -0.925562 0.029047 -0.108141
v -0.926583 0.029066 -0.111558
v -0.925562 0.029047 -0.108141
v -0.925035 0.02905 -0.108599
v -0.926583 0.029066 -0.111558
v -0.925035 0.02905 -0.108599
v -0.924498 0.029052 -0.109006
v -0.926583 0.029066 -0.111558
v -0.924498 0.029052 -0.109006
v -0.923952 0.029054 -0.109361
v -0.926583 0.029066 -0.111558
v -0.923952 0.029054 -0.109361
v -0.9234 0.029055 -0.109666
v -0.926583 0.029066 -0.111558
v -0.9234 0.029055 -0.109666
v -0.922842 0.029057 -0.109922
v -0.926583 0.029066 -0.111558
v -0.922842 0.029057 -0.109922
v -0.922279 0.029058 -0.11013
v -0.926583 0.029066 -0.111558
v -0.922279 0.029058 -0.11013
v -0.921713 0.029059 -0.11029
v -0.926583 0.029066 -0.111558
v -0.921713 0.029059 -0.11029
v -0.921145 0.02906 -0.110404
v -0.926583 0.029066 -0.111558
v -0.921145 0.02906 -0.110404
v -0.913158 0.029065 -0.111406
v -0.926583 0.029066 -0.111558
v -0.921145 0.02906 -0.110404
v -0.920576 0.02906 -0.110472
v -0.913158 0.029065 -0.111406
v -0.920576 0.02906 -0.110472
v -0.920009 0.02906 -0.110494
v -0.913158 0.029065 -0.111406
v -0.920009 0.02906 -0.110494
v -0.912725 0.029061 -0.110593
v -0.913158 0.029065 -0.111406
v -0.920009 0.02906 -0.110494
v -0.91941 0.02906 -0.110472
v -0.912725 0.029061 -0.110593
v -0.91941 0.02906 -0.110472
v -0.912405 0.029056 -0.109678
v -0.912725 0.029061 -0.110593
v -0.918863 0.02906 -0.110403
v -0.912405 0.029056 -0.109678
v -0.91941 0.02906 -0.110472
v -0.918368 0.029059 -0.110287
v -0.912405 0.029056 -0.109678
v -0.918863 0.02906 -0.110403
v -0.917925 0.029058 -0.110122
v -0.912405 0.029056 -0.109678
v -0.918368 0.029059 -0.110287
v -0.917535 0.029057 -0.109906
v -0.912405 0.029056 -0.109678
v -0.917925 0.029058 -0.110122
v -0.917196 0.029055 -0.109637
v -0.912405 0.029056 -0.109678
v -0.917535 0.029057 -0.109906
v -0.917196 0.029055 -0.109637
v -0.912206 0.02905 -0.108658
v -0.912405 0.029056 -0.109678
v -0.91691 0.029054 -0.109315
v -0.912206 0.02905 -0.108658
v -0.917196 0.029055 -0.109637
v -0.916675 0.029052 -0.108937
v -0.912206 0.02905 -0.108658
v -0.91691 0.029054 -0.109315
v -0.916493 0.029049 -0.108502
v -0.912206 0.02905 -0.108658
v -0.916675 0.029052 -0.108937
v -0.916493 0.029049 -0.108502
v -0.912138 0.029044 -0.107531
v -0.912206 0.02905 -0.108658
v -0.916363 0.029046 -0.108007
v -0.912138 0.029044 -0.107531
v -0.916493 0.029049 -0.108502
v -0.916285 0.029043 -0.107453
v -0.912138 0.029044 -0.107531
v -0.916363 0.029046 -0.108007
v -0.916285 0.029043 -0.107453
v -0.912138 0.028986 -0.096836
v -0.912138 0.029044 -0.107531
v -0.916259 0.02904 -0.106836
v -0.912138 0.028986 -0.096836
v -0.916285 0.029043 -0.107453
v -0.916259 0.029034 -0.105725
v -0.912138 0.028986 -0.096836
v -0.916259 0.02904 -0.106836
v -0.919916 0.029027 -0.104429
v -0.916259 0.029022 -0.103457
v -0.916259 0.029034 -0.105725
v -0.916259 0.029022 -0.103457
v -0.912138 0.028986 -0.096836
v -0.916259 0.029034 -0.105725
v -0.920756 0.029025 -0.104125
v -0.916259 0.029022 -0.103457
v -0.919916 0.029027 -0.104429
v -0.921598 0.029024 -0.10381
v -0.916259 0.029022 -0.103457
v -0.920756 0.029025 -0.104125
v -0.922429 0.029022 -0.103473
v -0.916259 0.029022 -0.103457
v -0.921598 0.029024 -0.10381
v -0.923234 0.02902 -0.103106
v -0.916259 0.029022 -0.103457
v -0.922429 0.029022 -0.103473
v -0.923234 0.02902 -0.103106
v -0.917127 0.02902 -0.103156
v -0.916259 0.029022 -0.103457
v -0.916259 0.028989 -0.097392
v -0.912138 0.028986 -0.096836
v -0.916259 0.029022 -0.103457
v -0.923234 0.02902 -0.103106
v -0.917967 0.029018 -0.102849
v -0.917127 0.02902 -0.103156
v -0.923998 0.029018 -0.102696
v -0.917967 0.029018 -0.102849
v -0.923234 0.02902 -0.103106
v -0.923998 0.029018 -0.102696
v -0.91877 0.029017 -0.102535
v -0.917967 0.029018 -0.102849
v -0.924708 0.029015 -0.102236
v -0.91877 0.029017 -0.102535
v -0.923998 0.029018 -0.102696
v -0.924708 0.029015 -0.102236
v -0.919527 0.029015 -0.102207
v -0.91877 0.029017 -0.102535
v -0.925348 0.029012 -0.101715
v -0.919527 0.029015 -0.102207
v -0.924708 0.029015 -0.102236
v -0.925348 0.029012 -0.101715
v -0.920228 0.029013 -0.101862
v -0.919527 0.029015 -0.102207
v -0.925348 0.029012 -0.101715
v -0.920865 0.029011 -0.101495
v -0.920228 0.029013 -0.101862
v -0.925904 0.029009 -0.101123
v -0.920865 0.029011 -0.101495
v -0.925348 0.029012 -0.101715
v -0.925904 0.029009 -0.101123
v -0.921429 0.029009 -0.101103
v -0.920865 0.029011 -0.101495
v -0.926361 0.029005 -0.100451
v -0.921429 0.029009 -0.101103
v -0.925904 0.029009 -0.101123
v -0.926361 0.029005 -0.100451
v -0.92191 0.029007 -0.100679
v -0.921429 0.029009 -0.101103
v -0.926361 0.029005 -0.100451
v -0.9223 0.029004 -0.100221
v -0.92191 0.029007 -0.100679
v -0.926706 0.029001 -0.099689
v -0.9223 0.029004 -0.100221
v -0.926361 0.029005 -0.100451
v -0.926706 0.029001 -0.099689
v -0.92259 0.029001 -0.099725
v -0.9223 0.029004 -0.100221
v -0.926706 0.029001 -0.099689
v -0.92277 0.028998 -0.099184
v -0.92259 0.029001 -0.099725
v -0.926924 0.028996 -0.098827
v -0.92277 0.028998 -0.099184
v -0.926706 0.029001 -0.099689
v -0.926924 0.028996 -0.098827
v -0.922833 0.028995 -0.098596
v -0.92277 0.028998 -0.099184
v -0.926999 0.028991 -0.097855
v -0.922833 0.028995 -0.098596
v -0.926924 0.028996 -0.098827
v -0.926999 0.028991 -0.097855
v -0.922807 0.028993 -0.098178
v -0.922833 0.028995 -0.098596
v -0.926999 0.028991 -0.097855
v -0.922732 0.028991 -0.097785
v -0.922807 0.028993 -0.098178
v -0.926957 0.028988 -0.097191
v -0.922732 0.028991 -0.097785
v -0.926999 0.028991 -0.097855
v -0.926957 0.028988 -0.097191
v -0.922611 0.028989 -0.097418
v -0.922732 0.028991 -0.097785
v -0.926957 0.028988 -0.097191
v -0.922445 0.028987 -0.097079
v -0.922611 0.028989 -0.097418
v -0.916538 0.028987 -0.097135
v -0.912138 0.028986 -0.096836
v -0.916259 0.028989 -0.097392
v -0.926834 0.028984 -0.096546
v -0.922445 0.028987 -0.097079
v -0.926957 0.028988 -0.097191
v -0.916822 0.028986 -0.096896
v -0.912138 0.028986 -0.096836
v -0.916538 0.028987 -0.097135
v -0.926834 0.028984 -0.096546
v -0.922238 0.028985 -0.09677
v -0.922445 0.028987 -0.097079
v -0.917109 0.028985 -0.096676
v -0.912138 0.028986 -0.096836
v -0.916822 0.028986 -0.096896
v -0.909405 0.028985 -0.096715
v -0.909175 0.028972 -0.094383
v -0.909175 0.028986 -0.096883
v -0.917109 0.028985 -0.096676
v -0.912132 0.028985 -0.096651
v -0.912138 0.028986 -0.096836
v -0.926834 0.028984 -0.096546
v -0.921994 0.028984 -0.096496
v -0.922238 0.028985 -0.09677
v -0.909629 0.028984 -0.09656
v -0.909175 0.028972 -0.094383
v -0.909405 0.028985 -0.096715
v -0.917401 0.028984 -0.096475
v -0.912132 0.028985 -0.096651
v -0.917109 0.028985 -0.096676
v -0.917401 0.028984 -0.096475
v -0.912115 0.028984 -0.096484
v -0.912132 0.028985 -0.096651
v -0.909847 0.028983 -0.096417
v -0.909175 0.028972 -0.094383
v -0.909629 0.028984 -0.09656
v -0.926633 0.028981 -0.095927
v -0.921994 0.028984 -0.096496
v -0.926834 0.028984 -0.096546
v -0.926633 0.028981 -0.095927
v -0.921713 0.028982 -0.096256
v -0.921994 0.028984 -0.096496
v -0.917401 0.028984 -0.096475
v -0.912087 0.028983 -0.096339
v -0.912115 0.028984 -0.096484
v -0.917696 0.028983 -0.096295
v -0.912087 0.028983 -0.096339
v -0.917401 0.028984 -0.096475
v -0.910058 0.028983 -0.096286
v -0.909175 0.028972 -0.094383
v -0.909847 0.028983 -0.096417
v -0.917696 0.028983 -0.096295
v -0.912047 0.028982 -0.096211
v -0.912087 0.028983 -0.096339
v -0.917995 0.028982 -0.096137
v -0.912047 0.028982 -0.096211
v -0.917696 0.028983 -0.096295
v -0.910261 0.028982 -0.09617
v -0.909175 0.028972 -0.094383
v -0.910058 0.028983 -0.096286
v -0.926633 0.028981 -0.095927
v -0.921399 0.028981 -0.096055
v -0.921713 0.028982 -0.096256
v -0.917995 0.028982 -0.096137
v -0.911997 0.028982 -0.096102
v -0.912047 0.028982 -0.096211
v -0.910454 0.028981 -0.096067
v -0.909175 0.028972 -0.094383
v -0.910261 0.028982 -0.09617
v -0.918298 0.028981 -0.096
v -0.911997 0.028982 -0.096102
v -0.917995 0.028982 -0.096137
v -0.918298 0.028981 -0.096
v -0.911936 0.028981 -0.096009
v -0.911997 0.028982 -0.096102
v -0.910637 0.028981 -0.095979
v -0.909175 0.028972 -0.094383
v -0.910454 0.028981 -0.096067
v -0.926633 0.028981 -0.095927
v -0.921055 0.02898 -0.095894
v -0.921399 0.028981 -0.096055
v -0.918298 0.028981 -0.096
v -0.911864 0.028981 -0.095933
v -0.911936 0.028981 -0.096009
v -0.918604 0.02898 -0.095887
v -0.911864 0.028981 -0.095933
v -0.918298 0.028981 -0.096
v -0.910808 0.028981 -0.095905
v -0.909175 0.028972 -0.094383
v -0.910637 0.028981 -0.095979
v -0.918604 0.02898 -0.095887
v -0.911782 0.02898 -0.095873
v -0.911864 0.028981 -0.095933
v -0.926358 0.028977 -0.095342
v -0.921055 0.02898 -0.095894
v -0.926633 0.028981 -0.095927
v -0.910966 0.02898 -0.095848
v -0.909175 0.028972 -0.094383
v -0.910808 0.028981 -0.095905
v -0.926358 0.028977 -0.095342
v -0.920684 0.02898 -0.095776
v -0.921055 0.02898 -0.095894
v -0.918915 0.02898 -0.095797
v -0.911782 0.02898 -0.095873
v -0.918604 0.02898 -0.095887
v -0.918915 0.02898 -0.095797
v -0.911689 0.02898 -0.095827
v -0.911782 0.02898 -0.095873
v -0.91111 0.02898 -0.095806
v -0.909175 0.028972 -0.094383
v -0.910966 0.02898 -0.095848
v -0.918915 0.02898 -0.095797
v -0.911586 0.02898 -0.095796
v -0.911689 0.02898 -0.095827
v -0.911239 0.02898 -0.09578
v -0.909175 0.028972 -0.094383
v -0.91111 0.02898 -0.095806
v -0.919229 0.02898 -0.095732
v -0.911586 0.02898 -0.095796
v -0.918915 0.02898 -0.095797
v -0.919229 0.02898 -0.095732
v -0.911474 0.02898 -0.095778
v -0.911586 0.02898 -0.095796
v -0.911351 0.02898 -0.095772
v -0.909175 0.028972 -0.094383
v -0.911239 0.02898 -0.09578
v -0.919229 0.02898 -0.095732
v -0.911351 0.02898 -0.095772
v -0.911474 0.02898 -0.095778
v -0.926358 0.028977 -0.095342
v -0.920288 0.028979 -0.095704
v -0.920684 0.02898 -0.095776
v -0.919229 0.02898 -0.095732
v -0.909175 0.028972 -0.094383
v -0.911351 0.02898 -0.095772
v -0.919547 0.028979 -0.095693
v -0.909175 0.028972 -0.094383
v -0.919229 0.02898 -0.095732
v -0.926358 0.028977 -0.095342
v -0.91987 0.028979 -0.095679
v -0.920288 0.028979 -0.095704
v -0.91987 0.028979 -0.095679
v -0.909175 0.028972 -0.094383
v -0.919547 0.028979 -0.095693
v -0.926358 0.028977 -0.095342
v -0.916305 0.028975 -0.094893
v -0.91987 0.028979 -0.095679
v -0.916305 0.028975 -0.094893
v -0.909175 0.028972 -0.094383
v -0.91987 0.028979 -0.095679
v -0.926012 0.028975 -0.094797
v -0.916305 0.028975 -0.094893
v -0.926358 0.028977 -0.095342
v -0.926012 0.028975 -0.094797
v -0.916758 0.028973 -0.094549
v -0.916305 0.028975 -0.094893
v -0.9162 0.028973 -0.094539
v -0.909175 0.028972 -0.094383
v -0.916305 0.028975 -0.094893
v -0.925599 0.028972 -0.094302
v -0.916758 0.028973 -0.094549
v -0.926012 0.028975 -0.094797
v -0.925599 0.028972 -0.094302
v -0.917215 0.028971 -0.094236
v -0.916758 0.028973 -0.094549
v -0.916068 0.028971 -0.09422
v -0.909175 0.028972 -0.094383
v -0.9162 0.028973 -0.094539
v -0.916068 0.028971 -0.09422
v -0.909628 0.028971 -0.094089
v -0.909175 0.028972 -0.094383
v -0.925122 0.028969 -0.093862
v -0.917215 0.028971 -0.094236
v -0.925599 0.028972 -0.094302
v -0.925122 0.028969 -0.093862
v -0.917675 0.02897 -0.093954
v -0.917215 0.028971 -0.094236
v -0.915911 0.02897 -0.093934
v -0.909628 0.028971 -0.094089
v -0.916068 0.028971 -0.09422
v -0.915911 0.02897 -0.093934
v -0.910039 0.028969 -0.093829
v -0.909628 0.028971 -0.094089
v -0.925122 0.028969 -0.093862
v -0.918138 0.028969 -0.093703
v -0.917675 0.02897 -0.093954
v -0.915725 0.028968 -0.093682
v -0.910039 0.028969 -0.093829
v -0.915911 0.02897 -0.093934
v -0.924585 0.028967 -0.093486
v -0.918138 0.028969 -0.093703
v -0.925122 0.028969 -0.093862
v -0.915725 0.028968 -0.093682
v -0.910416 0.028968 -0.093603
v -0.910039 0.028969 -0.093829
v -0.924585 0.028967 -0.093486
v -0.918603 0.028967 -0.093481
v -0.918138 0.028969 -0.093703
v -0.915512 0.028967 -0.093461
v -0.910416 0.028968 -0.093603
v -0.915725 0.028968 -0.093682
v -0.915512 0.028967 -0.093461
v -0.910763 0.028967 -0.093407
v -0.910416 0.028968 -0.093603
v -0.923991 0.028966 -0.093181
v -0.918603 0.028967 -0.093481
v -0.924585 0.028967 -0.093486
v -0.923991 0.028966 -0.093181
v -0.919071 0.028966 -0.09329
v -0.918603 0.028967 -0.093481
v -0.915269 0.028966 -0.093272
v -0.910763 0.028967 -0.093407
v -0.915512 0.028967 -0.093461
v -0.915269 0.028966 -0.093272
v -0.911086 0.028966 -0.093242
v -0.910763 0.028967 -0.093407
v -0.923991 0.028966 -0.093181
v -0.919541 0.028965 -0.093127
v -0.919071 0.028966 -0.09329
v -0.914996 0.028965 -0.093113
v -0.911086 0.028966 -0.093242
v -0.915269 0.028966 -0.093272
v -0.914996 0.028965 -0.093113
v -0.911392 0.028965 -0.093104
v -0.911086 0.028966 -0.093242
v -0.923345 0.028964 -0.092954
v -0.919541 0.028965 -0.093127
v -0.923991 0.028966 -0.093181
v -0.923345 0.028964 -0.092954
v -0.920012 0.028965 -0.092996
v -0.919541 0.028965 -0.093127
v -0.914693 0.028965 -0.092986
v -0.911392 0.028965 -0.093104
v -0.914996 0.028965 -0.093113
v -0.914693 0.028965 -0.092986
v -0.911684 0.028965 -0.092992
v -0.911392 0.028965 -0.093104
v -0.923345 0.028964 -0.092954
v -0.920485 0.028964 -0.092894
v -0.920012 0.028965 -0.092996
v -0.914693 0.028965 -0.092986
v -0.91197 0.028964 -0.092905
v -0.911684 0.028965 -0.092992
v -0.914358 0.028964 -0.092887
v -0.91197 0.028964 -0.092905
v -0.914693 0.028965 -0.092986
v -0.922649 0.028964 -0.092812
v -0.920485 0.028964 -0.092894
v -0.923345 0.028964 -0.092954
v -0.914358 0.028964 -0.092887
v -0.912255 0.028964 -0.09284
v -0.91197 0.028964 -0.092905
v -0.922649 0.028964 -0.092812
v -0.920958 0.028964 -0.092821
v -0.920485 0.028964 -0.092894
v -0.913991 0.028964 -0.092818
v -0.912255 0.028964 -0.09284
v -0.914358 0.028964 -0.092887
v -0.913991 0.028964 -0.092818
v -0.912543 0.028964 -0.092796
v -0.912255 0.028964 -0.09284
v -0.922649 0.028964 -0.092812
v -0.921432 0.028963 -0.092777
v -0.920958 0.028964 -0.092821
v -0.913591 0.028963 -0.092776
v -0.912543 0.028964 -0.092796
v -0.913991 0.028964 -0.092818
v -0.921907 0.028963 -0.092763
v -0.921432 0.028963 -0.092777
v -0.922649 0.028964 -0.092812
v -0.913591 0.028963 -0.092776
v -0.912842 0.028963 -0.092771
v -0.912543 0.028964 -0.092796
v -0.913157 0.028963 -0.092763
v -0.912842 0.028963 -0.092771
v -0.913591 0.028963 -0.092776
v -0.943619 0.029061 -0.110725
v -0.935888 0.029079 -0.113966
v -0.935888 0.029102 -0.118271
v -0.943619 0.029061 -0.110725
v -0.929314 0.029079 -0.113966
v -0.935888 0.029079 -0.113966
v -0.943619 0.029061 -0.110725
v -0.929314 0.029059 -0.110262
v -0.929314 0.029079 -0.113966
v -0.943619 0.029059 -0.110262
v -0.929314 0.029059 -0.110262
v -0.943619 0.029061 -0.110725
v -0.940008 0.029059 -0.110262
v -0.929314 0.029059 -0.110262
v -0.943619 0.029059 -0.110262
v -0.940008 0.028999 -0.09929
v -0.935888 0.029059 -0.110262
v -0.940008 0.029059 -0.110262
v -0.935888 0.029059 -0.110262
v -0.929314 0.029059 -0.110262
v -0.940008 0.029059 -0.110262
v -0.940008 0.028999 -0.09929
v -0.935888 0.029001 -0.099615
v -0.935888 0.029059 -0.110262
v -0.940008 0.028999 -0.09929
v -0.935853 0.028998 -0.099037
v -0.935888 0.029001 -0.099615
v -0.939961 0.028994 -0.098374
v -0.935853 0.028998 -0.099037
v -0.940008 0.028999 -0.09929
v -0.939961 0.028994 -0.098374
v -0.935752 0.028995 -0.098529
v -0.935853 0.028998 -0.099037
v -0.939961 0.028994 -0.098374
v -0.935594 0.028992 -0.098087
v -0.935752 0.028995 -0.098529
v -0.93982 0.028989 -0.097505
v -0.935594 0.028992 -0.098087
v -0.939961 0.028994 -0.098374
v -0.93982 0.028989 -0.097505
v -0.935387 0.02899 -0.097708
v -0.935594 0.028992 -0.098087
v -0.928663 0.028991 -0.09775
v -0.928249 0.028971 -0.094151
v -0.928249 0.028992 -0.097994
v -0.929071 0.028989 -0.097527
v -0.928249 0.028971 -0.094151
v -0.928663 0.028991 -0.09775
v -0.93982 0.028989 -0.097505
v -0.935139 0.028989 -0.097387
v -0.935387 0.02899 -0.097708
v -0.929475 0.028988 -0.097325
v -0.928249 0.028971 -0.094151
v -0.929071 0.028989 -0.097527
v -0.939584 0.028985 -0.096689
v -0.935139 0.028989 -0.097387
v -0.93982 0.028989 -0.097505
v -0.939584 0.028985 -0.096689
v -0.934858 0.028987 -0.09712
v -0.935139 0.028989 -0.097387
v -0.929873 0.028987 -0.097145
v -0.928249 0.028971 -0.094151
v -0.929475 0.028988 -0.097325
v -0.930267 0.028986 -0.096986
v -0.928249 0.028971 -0.094151
v -0.929873 0.028987 -0.097145
v -0.939584 0.028985 -0.096689
v -0.934552 0.028986 -0.096905
v -0.934858 0.028987 -0.09712
v -0.930657 0.028986 -0.096848
v -0.928249 0.028971 -0.094151
v -0.930267 0.028986 -0.096986
v -0.939584 0.028985 -0.096689
v -0.934228 0.028985 -0.096737
v -0.934552 0.028986 -0.096905
v -0.931042 0.028985 -0.096731
v -0.928249 0.028971 -0.094151
v -0.930657 0.028986 -0.096848
v -0.939584 0.028985 -0.096689
v -0.933896 0.028984 -0.096613
v -0.934228 0.028985 -0.096737
v -0.931425 0.028985 -0.096636
v -0.928249 0.028971 -0.094151
v -0.931042 0.028985 -0.096731
v -0.939254 0.028981 -0.095932
v -0.933896 0.028984 -0.096613
v -0.939584 0.028985 -0.096689
v -0.931804 0.028984 -0.096562
v -0.928249 0.028971 -0.094151
v -0.931425 0.028985 -0.096636
v -0.939254 0.028981 -0.095932
v -0.933563 0.028984 -0.096529
v -0.933896 0.028984 -0.096613
v -0.93218 0.028984 -0.096509
v -0.928249 0.028971 -0.094151
v -0.931804 0.028984 -0.096562
v -0.939254 0.028981 -0.095932
v -0.933236 0.028984 -0.096482
v -0.933563 0.028984 -0.096529
v -0.932554 0.028984 -0.096477
v -0.928249 0.028971 -0.094151
v -0.93218 0.028984 -0.096509
v -0.939254 0.028981 -0.095932
v -0.932925 0.028984 -0.096466
v -0.933236 0.028984 -0.096482
v -0.932925 0.028984 -0.096466
v -0.928249 0.028971 -0.094151
v -0.932554 0.028984 -0.096477
v -0.939254 0.028981 -0.095932
v -0.928249 0.028971 -0.094151
v -0.932925 0.028984 -0.096466
v -0.93883 0.028977 -0.09524
v -0.928249 0.028971 -0.094151
v -0.939254 0.028981 -0.095932
v -0.938313 0.028974 -0.094621
v -0.928249 0.028971 -0.094151
v -0.93883 0.028977 -0.09524
v -0.937702 0.028971 -0.094079
v -0.928249 0.028971 -0.094151
v -0.938313 0.028974 -0.094621
v -0.937702 0.028971 -0.094079
v -0.928623 0.02897 -0.093959
v -0.928249 0.028971 -0.094151
v -0.936997 0.028968 -0.093621
v -0.928623 0.02897 -0.093959
v -0.937702 0.028971 -0.094079
v -0.936997 0.028968 -0.093621
v -0.929025 0.028969 -0.093776
v -0.928623 0.02897 -0.093959
v -0.936997 0.028968 -0.093621
v -0.929447 0.028968 -0.093603
v -0.929025 0.028969 -0.093776
v -0.9362 0.028966 -0.093255
v -0.929447 0.028968 -0.093603
v -0.936997 0.028968 -0.093621
v -0.9362 0.028966 -0.093255
v -0.929885 0.028967 -0.093442
v -0.929447 0.028968 -0.093603
v -0.9362 0.028966 -0.093255
v -0.930333 0.028966 -0.093295
v -0.929885 0.028967 -0.093442
v -0.9362 0.028966 -0.093255
v -0.930784 0.028966 -0.093162
v -0.930333 0.028966 -0.093295
v -0.935309 0.028965 -0.092986
v -0.930784 0.028966 -0.093162
v -0.9362 0.028966 -0.093255
v -0.935309 0.028965 -0.092986
v -0.931233 0.028965 -0.093046
v -0.930784 0.028966 -0.093162
v -0.935309 0.028965 -0.092986
v -0.931675 0.028964 -0.092948
v -0.931233 0.028965 -0.093046
v -0.934326 0.028964 -0.092819
v -0.931675 0.028964 -0.092948
v -0.935309 0.028965 -0.092986
v -0.934326 0.028964 -0.092819
v -0.932103 0.028964 -0.092869
v -0.931675 0.028964 -0.092948
v -0.934326 0.028964 -0.092819
v -0.932512 0.028964 -0.092811
v -0.932103 0.028964 -0.092869
v -0.933249 0.028963 -0.092763
v -0.932512 0.028964 -0.092811
v -0.934326 0.028964 -0.092819
v -0.933249 0.028963 -0.092763
v -0.932896 0.028963 -0.092775
v -0.932512 0.028964 -0.092811
v -0.901583 0.02636 -0.124768
v -0.905703 0.026194 -0.094352
v -0.905703 0.02636 -0.124768
v -0.901583 0.026293 -0.112499
v -0.905703 0.026194 -0.094352
v -0.901583 0.02636 -0.124768
v -0.894576 0.026303 -0.114308
v -0.896358 0.026303 -0.114385
v -0.895842 0.026303 -0.114398
v -0.894576 0.026303 -0.114308
v -0.896865 0.026303 -0.114347
v -0.896358 0.026303 -0.114385
v -0.894576 0.026303 -0.114308
v -0.897364 0.026303 -0.114284
v -0.896865 0.026303 -0.114347
v -0.893376 0.026302 -0.114045
v -0.897364 0.026303 -0.114284
v -0.894576 0.026303 -0.114308
v -0.893376 0.026302 -0.114045
v -0.897855 0.026302 -0.114193
v -0.897364 0.026303 -0.114284
v -0.893376 0.026302 -0.114045
v -0.898339 0.026302 -0.114078
v -0.897855 0.026302 -0.114193
v -0.893376 0.026302 -0.114045
v -0.898817 0.026301 -0.113935
v -0.898339 0.026302 -0.114078
v -0.892251 0.026299 -0.113617
v -0.898817 0.026301 -0.113935
v -0.893376 0.026302 -0.114045
v -0.892251 0.026299 -0.113617
v -0.899288 0.0263 -0.113765
v -0.898817 0.026301 -0.113935
v -0.892251 0.026299 -0.113617
v -0.899755 0.026299 -0.113568
v -0.899288 0.0263 -0.113765
v -0.891209 0.026296 -0.113036
v -0.899755 0.026299 -0.113568
v -0.892251 0.026299 -0.113617
v -0.891209 0.026296 -0.113036
v -0.900217 0.026298 -0.113343
v -0.899755 0.026299 -0.113568
v -0.891209 0.026296 -0.113036
v -0.900675 0.026296 -0.113091
v -0.900217 0.026298 -0.113343
v -0.891209 0.026296 -0.113036
v -0.90113 0.026295 -0.11281
v -0.900675 0.026296 -0.113091
v -0.890258 0.026292 -0.112311
v -0.90113 0.026295 -0.11281
v -0.891209 0.026296 -0.113036
v -0.890258 0.026292 -0.112311
v -0.901583 0.026293 -0.112499
v -0.90113 0.026295 -0.11281
v -0.901583 0.026272 -0.108565
v -0.905703 0.026194 -0.094352
v -0.901583 0.026293 -0.112499
v -0.901153 0.026274 -0.108937
v -0.901583 0.026272 -0.108565
v -0.901583 0.026293 -0.112499
v -0.900741 0.026276 -0.109269
v -0.901153 0.026274 -0.108937
v -0.901583 0.026293 -0.112499
v -0.900344 0.026277 -0.109562
v -0.900741 0.026276 -0.109269
v -0.901583 0.026293 -0.112499
v -0.899957 0.026279 -0.109816
v -0.900344 0.026277 -0.109562
v -0.901583 0.026293 -0.112499
v -0.899579 0.02628 -0.110035
v -0.899957 0.026279 -0.109816
v -0.901583 0.026293 -0.112499
v -0.899204 0.026281 -0.11022
v -0.899579 0.02628 -0.110035
v -0.901583 0.026293 -0.112499
v -0.898831 0.026282 -0.110372
v -0.899204 0.026281 -0.11022
v -0.901583 0.026293 -0.112499
v -0.898455 0.026282 -0.110492
v -0.898831 0.026282 -0.110372
v -0.901583 0.026293 -0.112499
v -0.898074 0.026283 -0.110583
v -0.898455 0.026282 -0.110492
v -0.901583 0.026293 -0.112499
v -0.890258 0.026292 -0.112311
v -0.898074 0.026283 -0.110583
v -0.901583 0.026293 -0.112499
v -0.897683 0.026283 -0.110646
v -0.898074 0.026283 -0.110583
v -0.890258 0.026292 -0.112311
v -0.889407 0.026287 -0.111452
v -0.897683 0.026283 -0.110646
v -0.890258 0.026292 -0.112311
v -0.89728 0.026283 -0.110682
v -0.897683 0.026283 -0.110646
v -0.889407 0.026287 -0.111452
v -0.896861 0.026283 -0.110694
v -0.89728 0.026283 -0.110682
v -0.889407 0.026287 -0.111452
v -0.888664 0.026282 -0.110468
v -0.896861 0.026283 -0.110694
v -0.889407 0.026287 -0.111452
v -0.888664 0.026282 -0.110468
v -0.896017 0.026283 -0.110635
v -0.896861 0.026283 -0.110694
v -0.888664 0.026282 -0.110468
v -0.895226 0.026282 -0.110461
v -0.896017 0.026283 -0.110635
v -0.888037 0.026276 -0.10937
v -0.895226 0.026282 -0.110461
v -0.888664 0.026282 -0.110468
v -0.888037 0.026276 -0.10937
v -0.894492 0.02628 -0.110177
v -0.895226 0.026282 -0.110461
v -0.888037 0.026276 -0.10937
v -0.893817 0.026278 -0.109787
v -0.894492 0.02628 -0.110177
v -0.888037 0.026276 -0.10937
v -0.893207 0.026276 -0.109297
v -0.893817 0.026278 -0.109787
v -0.887535 0.02627 -0.108167
v -0.893207 0.026276 -0.109297
v -0.888037 0.026276 -0.10937
v -0.887535 0.02627 -0.108167
v -0.892665 0.026272 -0.108709
v -0.893207 0.026276 -0.109297
v -0.887535 0.02627 -0.108167
v -0.892195 0.026269 -0.10803
v -0.892665 0.026272 -0.108709
v -0.901583 0.02621 -0.097315
v -0.905703 0.026194 -0.094352
v -0.901583 0.026272 -0.108565
v -0.887166 0.026262 -0.106869
v -0.892195 0.026269 -0.10803
v -0.887535 0.02627 -0.108167
v -0.887166 0.026262 -0.106869
v -0.891802 0.026265 -0.107265
v -0.892195 0.026269 -0.10803
v -0.887166 0.026262 -0.106869
v -0.89149 0.02626 -0.106417
v -0.891802 0.026265 -0.107265
v -0.886938 0.026255 -0.105486
v -0.89149 0.02626 -0.106417
v -0.887166 0.026262 -0.106869
v -0.886938 0.026255 -0.105486
v -0.891261 0.026255 -0.105491
v -0.89149 0.02626 -0.106417
v -0.886938 0.026255 -0.105486
v -0.891121 0.02625 -0.104493
v -0.891261 0.026255 -0.105491
v -0.886861 0.026247 -0.104028
v -0.891121 0.02625 -0.104493
v -0.886938 0.026255 -0.105486
v -0.886861 0.026247 -0.104028
v -0.891074 0.026244 -0.103426
v -0.891121 0.02625 -0.104493
v -0.886947 0.026238 -0.102328
v -0.891074 0.026244 -0.103426
v -0.886861 0.026247 -0.104028
v -0.886947 0.026238 -0.102328
v -0.891128 0.026238 -0.102466
v -0.891074 0.026244 -0.103426
v -0.886947 0.026238 -0.102328
v -0.891286 0.026234 -0.101558
v -0.891128 0.026238 -0.102466
v -0.887201 0.026229 -0.100751
v -0.891286 0.026234 -0.101558
v -0.886947 0.026238 -0.102328
v -0.887201 0.026229 -0.100751
v -0.891544 0.026229 -0.100709
v -0.891286 0.026234 -0.101558
v -0.88762 0.026221 -0.099301
v -0.891544 0.026229 -0.100709
v -0.887201 0.026229 -0.100751
v -0.88762 0.026221 -0.099301
v -0.891895 0.026225 -0.099924
v -0.891544 0.026229 -0.100709
v -0.88762 0.026221 -0.099301
v -0.892334 0.026221 -0.09921
v -0.891895 0.026225 -0.099924
v -0.888198 0.026214 -0.097984
v -0.892334 0.026221 -0.09921
v -0.88762 0.026221 -0.099301
v -0.888198 0.026214 -0.097984
v -0.892856 0.026217 -0.098571
v -0.892334 0.026221 -0.09921
v -0.888198 0.026214 -0.097984
v -0.893455 0.026214 -0.098013
v -0.892856 0.026217 -0.098571
v -0.888198 0.026214 -0.097984
v -0.894126 0.026212 -0.097544
v -0.893455 0.026214 -0.098013
v -0.88893 0.026208 -0.096803
v -0.894126 0.026212 -0.097544
v -0.888198 0.026214 -0.097984
v -0.88893 0.026208 -0.096803
v -0.894863 0.02621 -0.09717
v -0.894126 0.026212 -0.097544
v -0.901271 0.02621 -0.097224
v -0.905703 0.026194 -0.094352
v -0.901583 0.02621 -0.097315
v -0.90094 0.026209 -0.097138
v -0.905703 0.026194 -0.094352
v -0.901271 0.02621 -0.097224
v -0.88893 0.026208 -0.096803
v -0.89566 0.026208 -0.096894
v -0.894863 0.02621 -0.09717
v -0.900593 0.026209 -0.097057
v -0.905703 0.026194 -0.094352
v -0.90094 0.026209 -0.097138
v -0.900235 0.026209 -0.096982
v -0.905703 0.026194 -0.094352
v -0.900593 0.026209 -0.097057
v -0.899869 0.026208 -0.096914
v -0.905703 0.026194 -0.094352
v -0.900235 0.026209 -0.096982
v -0.899499 0.026208 -0.096852
v -0.905703 0.026194 -0.094352
v -0.899869 0.026208 -0.096914
v -0.88893 0.026208 -0.096803
v -0.896513 0.026207 -0.096725
v -0.89566 0.026208 -0.096894
v -0.89913 0.026208 -0.096798
v -0.905703 0.026194 -0.094352
v -0.899499 0.026208 -0.096852
v -0.889812 0.026202 -0.095764
v -0.896513 0.026207 -0.096725
v -0.88893 0.026208 -0.096803
v -0.898764 0.026207 -0.096753
v -0.905703 0.026194 -0.094352
v -0.89913 0.026208 -0.096798
v -0.898406 0.026207 -0.096716
v -0.905703 0.026194 -0.094352
v -0.898764 0.026207 -0.096753
v -0.889812 0.026202 -0.095764
v -0.897416 0.026207 -0.096666
v -0.896513 0.026207 -0.096725
v -0.898059 0.026207 -0.096689
v -0.905703 0.026194 -0.094352
v -0.898406 0.026207 -0.096716
v -0.897728 0.026207 -0.096672
v -0.905703 0.026194 -0.094352
v -0.898059 0.026207 -0.096689
v -0.897416 0.026207 -0.096666
v -0.905703 0.026194 -0.094352
v -0.897728 0.026207 -0.096672
v -0.889812 0.026202 -0.095764
v -0.905703 0.026194 -0.094352
v -0.897416 0.026207 -0.096666
v -0.890838 0.026197 -0.094871
v -0.905703 0.026194 -0.094352
v -0.889812 0.026202 -0.095764
v -0.892005 0.026193 -0.094131
v -0.905703 0.026194 -0.094352
v -0.890838 0.026197 -0.094871
v -0.892005 0.026193 -0.094131
v -0.905175 0.026193 -0.094117
v -0.905703 0.026194 -0.094352
v -0.893306 0.02619 -0.093546
v -0.905175 0.026193 -0.094117
v -0.892005 0.026193 -0.094131
v -0.893306 0.02619 -0.093546
v -0.904613 0.026192 -0.093897
v -0.905175 0.026193 -0.094117
v -0.893306 0.02619 -0.093546
v -0.90402 0.026191 -0.093696
v -0.904613 0.026192 -0.093897
v -0.893306 0.02619 -0.093546
v -0.9034 0.02619 -0.093511
v -0.90402 0.026191 -0.093696
v -0.894737 0.026188 -0.093122
v -0.9034 0.02619 -0.093511
v -0.893306 0.02619 -0.093546
v -0.894737 0.026188 -0.093122
v -0.902758 0.026189 -0.093346
v -0.9034 0.02619 -0.093511
v -0.894737 0.026188 -0.093122
v -0.902098 0.026188 -0.0932
v -0.902758 0.026189 -0.093346
v -0.894737 0.026188 -0.093122
v -0.901423 0.026187 -0.093075
v -0.902098 0.026188 -0.0932
v -0.896294 0.026186 -0.092865
v -0.901423 0.026187 -0.093075
v -0.894737 0.026188 -0.093122
v -0.896294 0.026186 -0.092865
v -0.900737 0.026187 -0.09297
v -0.901423 0.026187 -0.093075
v -0.896294 0.026186 -0.092865
v -0.900046 0.026186 -0.092887
v -0.900737 0.026187 -0.09297
v -0.896294 0.026186 -0.092865
v -0.899351 0.026186 -0.092827
v -0.900046 0.026186 -0.092887
v -0.897972 0.026186 -0.092778
v -0.899351 0.026186 -0.092827
v -0.896294 0.026186 -0.092865
v -0.897972 0.026186 -0.092778
v -0.898659 0.026186 -0.09279
v -0.899351 0.026186 -0.092827
v -0.918651 0.026303 -0.114353
v -0.920421 0.026303 -0.114378
v -0.919684 0.026303 -0.114398
v -0.918651 0.026303 -0.114353
v -0.921128 0.026303 -0.114321
v -0.920421 0.026303 -0.114378
v -0.917663 0.026302 -0.114218
v -0.921128 0.026303 -0.114321
v -0.918651 0.026303 -0.114353
v -0.917663 0.026302 -0.114218
v -0.921804 0.026303 -0.114224
v -0.921128 0.026303 -0.114321
v -0.917663 0.026302 -0.114218
v -0.92245 0.026302 -0.114087
v -0.921804 0.026303 -0.114224
v -0.916728 0.026301 -0.113991
v -0.92245 0.026302 -0.114087
v -0.917663 0.026302 -0.114218
v -0.916728 0.026301 -0.113991
v -0.923067 0.026301 -0.113912
v -0.92245 0.026302 -0.114087
v -0.915856 0.0263 -0.11367
v -0.923067 0.026301 -0.113912
v -0.916728 0.026301 -0.113991
v -0.915856 0.0263 -0.11367
v -0.923654 0.0263 -0.113697
v -0.923067 0.026301 -0.113912
v -0.915856 0.0263 -0.11367
v -0.924213 0.026298 -0.113444
v -0.923654 0.0263 -0.113697
v -0.915054 0.026297 -0.113255
v -0.924213 0.026298 -0.113444
v -0.915856 0.0263 -0.11367
v -0.915054 0.026297 -0.113255
v -0.924743 0.026297 -0.11315
v -0.924213 0.026298 -0.113444
v -0.914331 0.026294 -0.112742
v -0.924743 0.026297 -0.11315
v -0.915054 0.026297 -0.113255
v -0.914331 0.026294 -0.112742
v -0.925244 0.026295 -0.112816
v -0.924743 0.026297 -0.11315
v -0.914331 0.026294 -0.112742
v -0.925718 0.026293 -0.112442
v -0.925244 0.026295 -0.112816
v -0.913697 0.026291 -0.112132
v -0.925718 0.026293 -0.112442
v -0.914331 0.026294 -0.112742
v -0.913697 0.026291 -0.112132
v -0.926164 0.026291 -0.112028
v -0.925718 0.026293 -0.112442
v -0.913158 0.026287 -0.111421
v -0.926164 0.026291 -0.112028
v -0.913697 0.026291 -0.112132
v -0.913158 0.026287 -0.111421
v -0.926583 0.026288 -0.111574
v -0.926164 0.026291 -0.112028
v -0.926078 0.026267 -0.107647
v -0.926583 0.026264 -0.107083
v -0.926583 0.026288 -0.111574
v -0.925562 0.026269 -0.108157
v -0.926078 0.026267 -0.107647
v -0.926583 0.026288 -0.111574
v -0.925035 0.026272 -0.108614
v -0.925562 0.026269 -0.108157
v -0.926583 0.026288 -0.111574
v -0.924498 0.026274 -0.109021
v -0.925035 0.026272 -0.108614
v -0.926583 0.026288 -0.111574
v -0.923952 0.026276 -0.109376
v -0.924498 0.026274 -0.109021
v -0.926583 0.026288 -0.111574
v -0.9234 0.026278 -0.109682
v -0.923952 0.026276 -0.109376
v -0.926583 0.026288 -0.111574
v -0.922842 0.026279 -0.109937
v -0.9234 0.026278 -0.109682
v -0.926583 0.026288 -0.111574
v -0.922279 0.02628 -0.110146
v -0.922842 0.026279 -0.109937
v -0.926583 0.026288 -0.111574
v -0.921713 0.026281 -0.110306
v -0.922279 0.02628 -0.110146
v -0.926583 0.026288 -0.111574
v -0.921145 0.026282 -0.110419
v -0.921713 0.026281 -0.110306
v -0.926583 0.026288 -0.111574
v -0.913158 0.026287 -0.111421
v -0.921145 0.026282 -0.110419
v -0.926583 0.026288 -0.111574
v -0.920576 0.026282 -0.110486
v -0.921145 0.026282 -0.110419
v -0.913158 0.026287 -0.111421
v -0.920009 0.026282 -0.110509
v -0.920576 0.026282 -0.110486
v -0.913158 0.026287 -0.111421
v -0.912725 0.026283 -0.110609
v -0.920009 0.026282 -0.110509
v -0.913158 0.026287 -0.111421
v -0.91941 0.026282 -0.110486
v -0.920009 0.026282 -0.110509
v -0.912725 0.026283 -0.110609
v -0.912405 0.026278 -0.109693
v -0.91941 0.026282 -0.110486
v -0.912725 0.026283 -0.110609
v -0.912405 0.026278 -0.109693
v -0.918863 0.026282 -0.110418
v -0.91941 0.026282 -0.110486
v -0.912405 0.026278 -0.109693
v -0.918368 0.026281 -0.110302
v -0.918863 0.026282 -0.110418
v -0.912405 0.026278 -0.109693
v -0.917925 0.02628 -0.110137
v -0.918368 0.026281 -0.110302
v -0.912405 0.026278 -0.109693
v -0.917535 0.026279 -0.109921
v -0.917925 0.02628 -0.110137
v -0.912405 0.026278 -0.109693
v -0.917196 0.026278 -0.109652
v -0.917535 0.026279 -0.109921
v -0.912206 0.026272 -0.108673
v -0.917196 0.026278 -0.109652
v -0.912405 0.026278 -0.109693
v -0.912206 0.026272 -0.108673
v -0.91691 0.026276 -0.10933
v -0.917196 0.026278 -0.109652
v -0.912206 0.026272 -0.108673
v -0.916675 0.026274 -0.108952
v -0.91691 0.026276 -0.10933
v -0.912206 0.026272 -0.108673
v -0.916493 0.026271 -0.108517
v -0.916675 0.026274 -0.108952
v -0.912138 0.026266 -0.107546
v -0.916493 0.026271 -0.108517
v -0.912206 0.026272 -0.108673
v -0.912138 0.026266 -0.107546
v -0.916363 0.026269 -0.108023
v -0.916493 0.026271 -0.108517
v -0.912138 0.026266 -0.107546
v -0.916285 0.026266 -0.107468
v -0.916363 0.026269 -0.108023
v -0.912138 0.026208 -0.096852
v -0.916285 0.026266 -0.107468
v -0.912138 0.026266 -0.107546
v -0.912138 0.026208 -0.096852
v -0.916259 0.026262 -0.106852
v -0.916285 0.026266 -0.107468
v -0.912138 0.026208 -0.096852
v -0.916259 0.026256 -0.105741
v -0.916259 0.026262 -0.106852
v -0.916259 0.026244 -0.103472
v -0.919916 0.026249 -0.104444
v -0.916259 0.026256 -0.105741
v -0.912138 0.026208 -0.096852
v -0.916259 0.026244 -0.103472
v -0.916259 0.026256 -0.105741
v -0.916259 0.026244 -0.103472
v -0.920756 0.026248 -0.10414
v -0.919916 0.026249 -0.104444
v -0.916259 0.026244 -0.103472
v -0.921598 0.026246 -0.103826
v -0.920756 0.026248 -0.10414
v -0.916259 0.026244 -0.103472
v -0.922429 0.026244 -0.103488
v -0.921598 0.026246 -0.103826
v -0.916259 0.026244 -0.103472
v -0.923234 0.026242 -0.10312
v -0.922429 0.026244 -0.103488
v -0.917127 0.026242 -0.10317
v -0.923234 0.026242 -0.10312
v -0.916259 0.026244 -0.103472
v -0.912138 0.026208 -0.096852
v -0.916259 0.026211 -0.097407
v -0.916259 0.026244 -0.103472
v -0.917967 0.026241 -0.102864
v -0.923234 0.026242 -0.10312
v -0.917127 0.026242 -0.10317
v -0.917967 0.026241 -0.102864
v -0.923998 0.02624 -0.102711
v -0.923234 0.026242 -0.10312
v -0.91877 0.026239 -0.10255
v -0.923998 0.02624 -0.102711
v -0.917967 0.026241 -0.102864
v -0.91877 0.026239 -0.10255
v -0.924708 0.026237 -0.102251
v -0.923998 0.02624 -0.102711
v -0.919527 0.026237 -0.102222
v -0.924708 0.026237 -0.102251
v -0.91877 0.026239 -0.10255
v -0.919527 0.026237 -0.102222
v -0.925348 0.026234 -0.10173
v -0.924708 0.026237 -0.102251
v -0.920228 0.026235 -0.101877
v -0.925348 0.026234 -0.10173
v -0.919527 0.026237 -0.102222
v -0.920865 0.026233 -0.10151
v -0.925348 0.026234 -0.10173
v -0.920228 0.026235 -0.101877
v -0.920865 0.026233 -0.10151
v -0.925904 0.026231 -0.101139
v -0.925348 0.026234 -0.10173
v -0.921429 0.026231 -0.101117
v -0.925904 0.026231 -0.101139
v -0.920865 0.026233 -0.10151
v -0.921429 0.026231 -0.101117
v -0.926361 0.026228 -0.100466
v -0.925904 0.026231 -0.101139
v -0.92191 0.026229 -0.100694
v -0.926361 0.026228 -0.100466
v -0.921429 0.026231 -0.101117
v -0.9223 0.026226 -0.100236
v -0.926361 0.026228 -0.100466
v -0.92191 0.026229 -0.100694
v -0.9223 0.026226 -0.100236
v -0.926706 0.026223 -0.099704
v -0.926361 0.026228 -0.100466
v -0.92259 0.026224 -0.099739
v -0.926706 0.026223 -0.099704
v -0.9223 0.026226 -0.100236
v -0.92277 0.026221 -0.099199
v -0.926706 0.026223 -0.099704
v -0.92259 0.026224 -0.099739
v -0.92277 0.026221 -0.099199
v -0.926924 0.026219 -0.098842
v -0.926706 0.026223 -0.099704
v -0.922833 0.026217 -0.098611
v -0.926924 0.026219 -0.098842
v -0.92277 0.026221 -0.099199
v -0.922833 0.026217 -0.098611
v -0.926999 0.026213 -0.09787
v -0.926924 0.026219 -0.098842
v -0.922807 0.026215 -0.098194
v -0.926999 0.026213 -0.09787
v -0.922833 0.026217 -0.098611
v -0.922732 0.026213 -0.0978
v -0.926999 0.026213 -0.09787
v -0.922807 0.026215 -0.098194
v -0.922732 0.026213 -0.0978
v -0.926957 0.02621 -0.097206
v -0.926999 0.026213 -0.09787
v -0.922611 0.026211 -0.097433
v -0.926957 0.02621 -0.097206
v -0.922732 0.026213 -0.0978
v -0.922445 0.026209 -0.097094
v -0.926957 0.02621 -0.097206
v -0.922611 0.026211 -0.097433
v -0.912138 0.026208 -0.096852
v -0.916538 0.02621 -0.09715
v -0.916259 0.026211 -0.097407
v -0.922445 0.026209 -0.097094
v -0.926834 0.026206 -0.096561
v -0.926957 0.02621 -0.097206
v -0.912138 0.026208 -0.096852
v -0.916822 0.026208 -0.096911
v -0.916538 0.02621 -0.09715
v -0.922238 0.026208 -0.096786
v -0.926834 0.026206 -0.096561
v -0.922445 0.026209 -0.097094
v -0.912138 0.026208 -0.096852
v -0.917109 0.026207 -0.09669
v -0.916822 0.026208 -0.096911
v -0.909175 0.026195 -0.094398
v -0.909405 0.026207 -0.096731
v -0.909175 0.026208 -0.096898
v -0.912132 0.026207 -0.096666
v -0.917109 0.026207 -0.09669
v -0.912138 0.026208 -0.096852
v -0.921994 0.026206 -0.09651
v -0.926834 0.026206 -0.096561
v -0.922238 0.026208 -0.096786
v -0.909175 0.026195 -0.094398
v -0.909629 0.026206 -0.096575
v -0.909405 0.026207 -0.096731
v -0.912132 0.026207 -0.096666
v -0.917401 0.026206 -0.09649
v -0.917109 0.026207 -0.09669
v -0.912115 0.026206 -0.0965
v -0.917401 0.026206 -0.09649
v -0.912132 0.026207 -0.096666
v -0.909175 0.026195 -0.094398
v -0.909847 0.026206 -0.096432
v -0.909629 0.026206 -0.096575
v -0.921994 0.026206 -0.09651
v -0.926633 0.026203 -0.095942
v -0.926834 0.026206 -0.096561
v -0.921713 0.026205 -0.096271
v -0.926633 0.026203 -0.095942
v -0.921994 0.026206 -0.09651
v -0.912087 0.026205 -0.096354
v -0.917401 0.026206 -0.09649
v -0.912115 0.026206 -0.0965
v -0.912087 0.026205 -0.096354
v -0.917696 0.026205 -0.09631
v -0.917401 0.026206 -0.09649
v -0.909175 0.026195 -0.094398
v -0.910058 0.026205 -0.096302
v -0.909847 0.026206 -0.096432
v -0.912047 0.026204 -0.096226
v -0.917696 0.026205 -0.09631
v -0.912087 0.026205 -0.096354
v -0.912047 0.026204 -0.096226
v -0.917995 0.026204 -0.096152
v -0.917696 0.026205 -0.09631
v -0.909175 0.026195 -0.094398
v -0.910261 0.026204 -0.096185
v -0.910058 0.026205 -0.096302
v -0.921399 0.026204 -0.09607
v -0.926633 0.026203 -0.095942
v -0.921713 0.026205 -0.096271
v -0.911997 0.026204 -0.096116
v -0.917995 0.026204 -0.096152
v -0.912047 0.026204 -0.096226
v -0.909175 0.026195 -0.094398
v -0.910454 0.026204 -0.096082
v -0.910261 0.026204 -0.096185
v -0.911997 0.026204 -0.096116
v -0.918298 0.026203 -0.096015
v -0.917995 0.026204 -0.096152
v -0.911936 0.026203 -0.096024
v -0.918298 0.026203 -0.096015
v -0.911997 0.026204 -0.096116
v -0.909175 0.026195 -0.094398
v -0.910637 0.026203 -0.095994
v -0.910454 0.026204 -0.096082
v -0.921055 0.026203 -0.095909
v -0.926633 0.026203 -0.095942
v -0.921399 0.026204 -0.09607
v -0.911864 0.026203 -0.095949
v -0.918298 0.026203 -0.096015
v -0.911936 0.026203 -0.096024
v -0.911864 0.026203 -0.095949
v -0.918604 0.026203 -0.095902
v -0.918298 0.026203 -0.096015
v -0.909175 0.026195 -0.094398
v -0.910808 0.026203 -0.095921
v -0.910637 0.026203 -0.095994
v -0.911782 0.026203 -0.095888
v -0.918604 0.026203 -0.095902
v -0.911864 0.026203 -0.095949
v -0.921055 0.026203 -0.095909
v -0.926358 0.0262 -0.095357
v -0.926633 0.026203 -0.095942
v -0.909175 0.026195 -0.094398
v -0.910966 0.026203 -0.095863
v -0.910808 0.026203 -0.095921
v -0.920684 0.026202 -0.095791
v -0.926358 0.0262 -0.095357
v -0.921055 0.026203 -0.095909
v -0.911782 0.026203 -0.095888
v -0.918915 0.026202 -0.095812
v -0.918604 0.026203 -0.095902
v -0.911689 0.026202 -0.095843
v -0.918915 0.026202 -0.095812
v -0.911782 0.026203 -0.095888
v -0.909175 0.026195 -0.094398
v -0.91111 0.026202 -0.095821
v -0.910966 0.026203 -0.095863
v -0.911586 0.026202 -0.095811
v -0.918915 0.026202 -0.095812
v -0.911689 0.026202 -0.095843
v -0.909175 0.026195 -0.094398
v -0.911239 0.026202 -0.095795
v -0.91111 0.026202 -0.095821
v -0.911586 0.026202 -0.095811
v -0.919229 0.026202 -0.095748
v -0.918915 0.026202 -0.095812
v -0.911474 0.026202 -0.095793
v -0.919229 0.026202 -0.095748
v -0.911586 0.026202 -0.095811
v -0.909175 0.026195 -0.094398
v -0.911351 0.026202 -0.095787
v -0.911239 0.026202 -0.095795
v -0.911351 0.026202 -0.095787
v -0.919229 0.026202 -0.095748
v -0.911474 0.026202 -0.095793
v -0.920288 0.026202 -0.095719
v -0.926358 0.0262 -0.095357
v -0.920684 0.026202 -0.095791
v -0.909175 0.026195 -0.094398
v -0.919229 0.026202 -0.095748
v -0.911351 0.026202 -0.095787
v -0.909175 0.026195 -0.094398
v -0.919547 0.026202 -0.095708
v -0.919229 0.026202 -0.095748
v -0.91987 0.026202 -0.095694
v -0.926358 0.0262 -0.095357
v -0.920288 0.026202 -0.095719
v -0.909175 0.026195 -0.094398
v -0.91987 0.026202 -0.095694
v -0.919547 0.026202 -0.095708
v -0.916305 0.026197 -0.094907
v -0.926358 0.0262 -0.095357
v -0.91987 0.026202 -0.095694
v -0.909175 0.026195 -0.094398
v -0.916305 0.026197 -0.094907
v -0.91987 0.026202 -0.095694
v -0.916305 0.026197 -0.094907
v -0.926012 0.026197 -0.094812
v -0.926358 0.0262 -0.095357
v -0.916758 0.026195 -0.094564
v -0.926012 0.026197 -0.094812
v -0.916305 0.026197 -0.094907
v -0.909175 0.026195 -0.094398
v -0.9162 0.026195 -0.094554
v -0.916305 0.026197 -0.094907
v -0.916758 0.026195 -0.094564
v -0.925599 0.026194 -0.094317
v -0.926012 0.026197 -0.094812
v -0.917215 0.026194 -0.094251
v -0.925599 0.026194 -0.094317
v -0.916758 0.026195 -0.094564
v -0.909175 0.026195 -0.094398
v -0.916068 0.026194 -0.094235
v -0.9162 0.026195 -0.094554
v -0.909628 0.026193 -0.094104
v -0.916068 0.026194 -0.094235
v -0.909175 0.026195 -0.094398
v -0.917215 0.026194 -0.094251
v -0.925122 0.026192 -0.093878
v -0.925599 0.026194 -0.094317
v -0.917675 0.026192 -0.093969
v -0.925122 0.026192 -0.093878
v -0.917215 0.026194 -0.094251
v -0.909628 0.026193 -0.094104
v -0.915911 0.026192 -0.093949
v -0.916068 0.026194 -0.094235
v -0.910039 0.026192 -0.093844
v -0.915911 0.026192 -0.093949
v -0.909628 0.026193 -0.094104
v -0.918138 0.026191 -0.093718
v -0.925122 0.026192 -0.093878
v -0.917675 0.026192 -0.093969
v -0.910039 0.026192 -0.093844
v -0.915725 0.026191 -0.093697
v -0.915911 0.026192 -0.093949
v -0.918138 0.026191 -0.093718
v -0.924585 0.02619 -0.093502
v -0.925122 0.026192 -0.093878
v -0.910416 0.02619 -0.093617
v -0.915725 0.026191 -0.093697
v -0.910039 0.026192 -0.093844
v -0.918603 0.02619 -0.093496
v -0.924585 0.02619 -0.093502
v -0.918138 0.026191 -0.093718
v -0.910416 0.02619 -0.093617
v -0.915512 0.02619 -0.093476
v -0.915725 0.026191 -0.093697
v -0.910763 0.026189 -0.093423
v -0.915512 0.02619 -0.093476
v -0.910416 0.02619 -0.093617
v -0.918603 0.02619 -0.093496
v -0.923991 0.026188 -0.093196
v -0.924585 0.02619 -0.093502
v -0.919071 0.026189 -0.093304
v -0.923991 0.026188 -0.093196
v -0.918603 0.02619 -0.093496
v -0.910763 0.026189 -0.093423
v -0.915269 0.026188 -0.093287
v -0.915512 0.02619 -0.093476
v -0.911086 0.026188 -0.093257
v -0.915269 0.026188 -0.093287
v -0.910763 0.026189 -0.093423
v -0.919541 0.026188 -0.093143
v -0.923991 0.026188 -0.093196
v -0.919071 0.026189 -0.093304
v -0.911086 0.026188 -0.093257
v -0.914996 0.026188 -0.093129
v -0.915269 0.026188 -0.093287
v -0.911392 0.026188 -0.09312
v -0.914996 0.026188 -0.093129
v -0.911086 0.026188 -0.093257
v -0.919541 0.026188 -0.093143
v -0.923345 0.026187 -0.092969
v -0.923991 0.026188 -0.093196
v -0.920012 0.026187 -0.093011
v -0.923345 0.026187 -0.092969
v -0.919541 0.026188 -0.093143
v -0.911392 0.026188 -0.09312
v -0.914693 0.026187 -0.093001
v -0.914996 0.026188 -0.093129
v -0.911684 0.026187 -0.093007
v -0.914693 0.026187 -0.093001
v -0.911392 0.026188 -0.09312
v -0.920485 0.026186 -0.092909
v -0.923345 0.026187 -0.092969
v -0.920012 0.026187 -0.093011
v -0.91197 0.026186 -0.09292
v -0.914693 0.026187 -0.093001
v -0.911684 0.026187 -0.093007
v -0.91197 0.026186 -0.09292
v -0.914358 0.026186 -0.092902
v -0.914693 0.026187 -0.093001
v -0.920485 0.026186 -0.092909
v -0.922649 0.026186 -0.092827
v -0.923345 0.026187 -0.092969
v -0.912255 0.026186 -0.092855
v -0.914358 0.026186 -0.092902
v -0.91197 0.026186 -0.09292
v -0.920958 0.026186 -0.092836
v -0.922649 0.026186 -0.092827
v -0.920485 0.026186 -0.092909
v -0.912255 0.026186 -0.092855
v -0.913991 0.026186 -0.092832
v -0.914358 0.026186 -0.092902
v -0.912543 0.026186 -0.092811
v -0.913991 0.026186 -0.092832
v -0.912255 0.026186 -0.092855
v -0.921432 0.026186 -0.092793
v -0.922649 0.026186 -0.092827
v -0.920958 0.026186 -0.092836
v -0.912543 0.026186 -0.092811
v -0.913591 0.026186 -0.092791
v -0.913991 0.026186 -0.092832
v -0.921432 0.026186 -0.092793
v -0.921907 0.026186 -0.092778
v -0.922649 0.026186 -0.092827
v -0.912842 0.026186 -0.092786
v -0.913591 0.026186 -0.092791
v -0.912543 0.026186 -0.092811
v -0.912842 0.026186 -0.092786
v -0.913157 0.026186 -0.092778
v -0.913591 0.026186 -0.092791
v -0.935888 0.026301 -0.113981
v -0.943619 0.026284 -0.11074
v -0.935888 0.026325 -0.118286
v -0.929314 0.026301 -0.113981
v -0.943619 0.026284 -0.11074
v -0.935888 0.026301 -0.113981
v -0.929314 0.026281 -0.110277
v -0.943619 0.026284 -0.11074
v -0.929314 0.026301 -0.113981
v -0.929314 0.026281 -0.110277
v -0.943619 0.026281 -0.110277
v -0.943619 0.026284 -0.11074
v -0.929314 0.026281 -0.110277
v -0.940008 0.026281 -0.110277
v -0.943619 0.026281 -0.110277
v -0.935888 0.026281 -0.110277
v -0.940008 0.026221 -0.099306
v -0.940008 0.026281 -0.110277
v -0.929314 0.026281 -0.110277
v -0.935888 0.026281 -0.110277
v -0.940008 0.026281 -0.110277
v -0.935888 0.026223 -0.099629
v -0.940008 0.026221 -0.099306
v -0.935888 0.026281 -0.110277
v -0.935853 0.02622 -0.099052
v -0.940008 0.026221 -0.099306
v -0.935888 0.026223 -0.099629
v -0.935853 0.02622 -0.099052
v -0.939961 0.026216 -0.098389
v -0.940008 0.026221 -0.099306
v -0.935752 0.026217 -0.098545
v -0.939961 0.026216 -0.098389
v -0.935853 0.02622 -0.099052
v -0.935594 0.026215 -0.098103
v -0.939961 0.026216 -0.098389
v -0.935752 0.026217 -0.098545
v -0.935594 0.026215 -0.098103
v -0.93982 0.026212 -0.09752
v -0.939961 0.026216 -0.098389
v -0.935387 0.026213 -0.097723
v -0.93982 0.026212 -0.09752
v -0.935594 0.026215 -0.098103
v -0.928249 0.026193 -0.094167
v -0.928663 0.026213 -0.097765
v -0.928249 0.026214 -0.098009
v -0.928249 0.026193 -0.094167
v -0.929071 0.026212 -0.097543
v -0.928663 0.026213 -0.097765
v -0.935139 0.026211 -0.097401
v -0.93982 0.026212 -0.09752
v -0.935387 0.026213 -0.097723
v -0.928249 0.026193 -0.094167
v -0.929475 0.026211 -0.097341
v -0.929071 0.026212 -0.097543
v -0.935139 0.026211 -0.097401
v -0.939584 0.026207 -0.096703
v -0.93982 0.026212 -0.09752
v -0.934858 0.026209 -0.097135
v -0.939584 0.026207 -0.096703
v -0.935139 0.026211 -0.097401
v -0.928249 0.026193 -0.094167
v -0.929873 0.02621 -0.097161
v -0.929475 0.026211 -0.097341
v -0.928249 0.026193 -0.094167
v -0.930267 0.026209 -0.097002
v -0.929873 0.02621 -0.097161
v -0.934552 0.026208 -0.09692
v -0.939584 0.026207 -0.096703
v -0.934858 0.026209 -0.097135
v -0.928249 0.026193 -0.094167
v -0.930657 0.026208 -0.096864
v -0.930267 0.026209 -0.097002
v -0.934228 0.026207 -0.096753
v -0.939584 0.026207 -0.096703
v -0.934552 0.026208 -0.09692
v -0.928249 0.026193 -0.094167
v -0.931042 0.026207 -0.096746
v -0.930657 0.026208 -0.096864
v -0.933896 0.026207 -0.096629
v -0.939584 0.026207 -0.096703
v -0.934228 0.026207 -0.096753
v -0.928249 0.026193 -0.094167
v -0.931425 0.026207 -0.096651
v -0.931042 0.026207 -0.096746
v -0.933896 0.026207 -0.096629
v -0.939254 0.026203 -0.095946
v -0.939584 0.026207 -0.096703
v -0.928249 0.026193 -0.094167
v -0.931804 0.026206 -0.096577
v -0.931425 0.026207 -0.096651
v -0.933563 0.026206 -0.096544
v -0.939254 0.026203 -0.095946
v -0.933896 0.026207 -0.096629
v -0.928249 0.026193 -0.094167
v -0.93218 0.026206 -0.096524
v -0.931804 0.026206 -0.096577
v -0.933236 0.026206 -0.096497
v -0.939254 0.026203 -0.095946
v -0.933563 0.026206 -0.096544
v -0.928249 0.026193 -0.094167
v -0.932554 0.026206 -0.096492
v -0.93218 0.026206 -0.096524
v -0.932925 0.026206 -0.096482
v -0.939254 0.026203 -0.095946
v -0.933236 0.026206 -0.096497
v -0.928249 0.026193 -0.094167
v -0.932925 0.026206 -0.096482
v -0.932554 0.026206 -0.096492
v -0.928249 0.026193 -0.094167
v -0.939254 0.026203 -0.095946
v -0.932925 0.026206 -0.096482
v -0.928249 0.026193 -0.094167
v -0.93883 0.026199 -0.095255
v -0.939254 0.026203 -0.095946
v -0.928249 0.026193 -0.094167
v -0.938313 0.026196 -0.094636
v -0.93883 0.026199 -0.095255
v -0.928249 0.026193 -0.094167
v -0.937702 0.026193 -0.094094
v -0.938313 0.026196 -0.094636
v -0.928623 0.026192 -0.093974
v -0.937702 0.026193 -0.094094
v -0.928249 0.026193 -0.094167
v -0.928623 0.026192 -0.093974
v -0.936997 0.02619 -0.093637
v -0.937702 0.026193 -0.094094
v -0.929025 0.026191 -0.093791
v -0.936997 0.02619 -0.093637
v -0.928623 0.026192 -0.093974
v -0.929447 0.02619 -0.093617
v -0.936997 0.02619 -0.093637
v -0.929025 0.026191 -0.093791
v -0.929447 0.02619 -0.093617
v -0.9362 0.026188 -0.093271
v -0.936997 0.02619 -0.093637
v -0.929885 0.026189 -0.093457
v -0.9362 0.026188 -0.093271
v -0.929447 0.02619 -0.093617
v -0.930333 0.026189 -0.093309
v -0.9362 0.026188 -0.093271
v -0.929885 0.026189 -0.093457
v -0.930784 0.026188 -0.093177
v -0.9362 0.026188 -0.093271
v -0.930333 0.026189 -0.093309
v -0.930784 0.026188 -0.093177
v -0.935309 0.026187 -0.093001
v -0.9362 0.026188 -0.093271
v -0.931233 0.026187 -0.093061
v -0.935309 0.026187 -0.093001
v -0.930784 0.026188 -0.093177
v -0.931675 0.026187 -0.092963
v -0.935309 0.026187 -0.093001
v -0.931233 0.026187 -0.093061
v -0.931675 0.026187 -0.092963
v -0.934326 0.026186 -0.092835
v -0.935309 0.026187 -0.093001
v -0.932103 0.026186 -0.092884
v -0.934326 0.026186 -0.092835
v -0.931675 0.026187 -0.092963
v -0.932512 0.026186 -0.092826
v -0.934326 0.026186 -0.092835
v -0.932103 0.026186 -0.092884
v -0.932512 0.026186 -0.092826
v -0.933249 0.026186 -0.092778
v -0.934326 0.026186 -0.092835
v -0.932896 0.026186 -0.09279
v -0.933249 0.026186 -0.092778
v -0.932512 0.026186 -0.092826
v -0.929314 0.029079 -0.113966
v -0.929314 0.029059 -0.110262
v -0.929314 0.026281 -0.110277
v -0.929314 0.026301 -0.113981
v -0.929314 0.029059 -0.110262
v -0.935888 0.029059 -0.110262
v -0.935888 0.026281 -0.110277
v -0.929314 0.026281 -0.110277
v -0.935888 0.029059 -0.110262
v -0.935888 0.029001 -0.099615
v -0.935888 0.026223 -0.099629
v -0.935888 0.026281 -0.110277
v -0.935888 0.029001 -0.099615
v -0.935853 0.028998 -0.099037
v -0.935853 0.02622 -0.099052
v -0.935888 0.026223 -0.099629
v -0.935853 0.028998 -0.099037
v -0.935752 0.028995 -0.098529
v -0.935752 0.026217 -0.098545
v -0.935853 0.02622 -0.099052
v -0.935752 0.028995 -0.098529
v -0.935594 0.028992 -0.098087
v -0.935594 0.026215 -0.098103
v -0.935752 0.026217 -0.098545
v -0.935594 0.028992 -0.098087
v -0.935387 0.02899 -0.097708
v -0.935387 0.026213 -0.097723
v -0.935594 0.026215 -0.098103
v -0.935387 0.02899 -0.097708
v -0.935139 0.028989 -0.097387
v -0.935139 0.026211 -0.097401
v -0.935387 0.026213 -0.097723
v -0.935139 0.028989 -0.097387
v -0.934858 0.028987 -0.09712
v -0.934858 0.026209 -0.097135
v -0.935139 0.026211 -0.097401
v -0.934858 0.028987 -0.09712
v -0.934552 0.028986 -0.096905
v -0.934552 0.026208 -0.09692
v -0.934858 0.026209 -0.097135
v -0.934552 0.028986 -0.096905
v -0.934228 0.028985 -0.096737
v -0.934228 0.026207 -0.096753
v -0.934552 0.026208 -0.09692
v -0.934228 0.028985 -0.096737
v -0.933896 0.028984 -0.096613
v -0.933896 0.026207 -0.096629
v -0.934228 0.026207 -0.096753
v -0.933896 0.028984 -0.096613
v -0.933563 0.028984 -0.096529
v -0.933563 0.026206 -0.096544
v -0.933896 0.026207 -0.096629
v -0.933563 0.028984 -0.096529
v -0.933236 0.028984 -0.096482
v -0.933236 0.026206 -0.096497
v -0.933563 0.026206 -0.096544
v -0.933236 0.028984 -0.096482
v -0.932925 0.028984 -0.096466
v -0.932925 0.026206 -0.096482
v -0.933236 0.026206 -0.096497
v -0.932925 0.028984 -0.096466
v -0.932554 0.028984 -0.096477
v -0.932554 0.026206 -0.096492
v -0.932925 0.026206 -0.096482
v -0.932554 0.028984 -0.096477
v -0.93218 0.028984 -0.096509
v -0.93218 0.026206 -0.096524
v -0.932554 0.026206 -0.096492
v -0.93218 0.028984 -0.096509
v -0.931804 0.028984 -0.096562
v -0.931804 0.026206 -0.096577
v -0.93218 0.026206 -0.096524
v -0.931804 0.028984 -0.096562
v -0.931425 0.028985 -0.096636
v -0.931425 0.026207 -0.096651
v -0.931804 0.026206 -0.096577
v -0.931425 0.028985 -0.096636
v -0.931042 0.028985 -0.096731
v -0.931042 0.026207 -0.096746
v -0.931425 0.026207 -0.096651
v -0.931042 0.028985 -0.096731
v -0.930657 0.028986 -0.096848
v -0.930657 0.026208 -0.096864
v -0.931042 0.026207 -0.096746
v -0.930657 0.028986 -0.096848
v -0.930267 0.028986 -0.096986
v -0.930267 0.026209 -0.097002
v -0.930657 0.026208 -0.096864
v -0.930267 0.028986 -0.096986
v -0.929873 0.028987 -0.097145
v -0.929873 0.02621 -0.097161
v -0.930267 0.026209 -0.097002
v -0.929873 0.028987 -0.097145
v -0.929475 0.028988 -0.097325
v -0.929475 0.026211 -0.097341
v -0.929873 0.02621 -0.097161
v -0.929475 0.028988 -0.097325
v -0.929071 0.028989 -0.097527
v -0.929071 0.026212 -0.097543
v -0.929475 0.026211 -0.097341
v -0.929071 0.028989 -0.097527
v -0.928663 0.028991 -0.09775
v -0.928663 0.026213 -0.097765
v -0.929071 0.026212 -0.097543
v -0.928663 0.028991 -0.09775
v -0.928249 0.028992 -0.097994
v -0.928249 0.026214 -0.098009
v -0.928663 0.026213 -0.097765
v -0.928249 0.028992 -0.097994
v -0.928249 0.028971 -0.094151
v -0.928249 0.026193 -0.094167
v -0.928249 0.026214 -0.098009
v -0.928249 0.028971 -0.094151
v -0.928623 0.02897 -0.093959
v -0.928623 0.026192 -0.093974
v -0.928249 0.026193 -0.094167
v -0.928623 0.02897 -0.093959
v -0.929025 0.028969 -0.093776
v -0.929025 0.026191 -0.093791
v -0.928623 0.026192 -0.093974
v -0.929025 0.028969 -0.093776
v -0.929447 0.028968 -0.093603
v -0.929447 0.02619 -0.093617
v -0.929025 0.026191 -0.093791
v -0.929447 0.028968 -0.093603
v -0.929885 0.028967 -0.093442
v -0.929885 0.026189 -0.093457
v -0.929447 0.02619 -0.093617
v -0.929885 0.028967 -0.093442
v -0.930333 0.028966 -0.093295
v -0.930333 0.026189 -0.093309
v -0.929885 0.026189 -0.093457
v -0.930333 0.028966 -0.093295
v -0.930784 0.028966 -0.093162
v -0.930784 0.026188 -0.093177
v -0.930333 0.026189 -0.093309
v -0.930784 0.028966 -0.093162
v -0.931233 0.028965 -0.093046
v -0.931233 0.026187 -0.093061
v -0.930784 0.026188 -0.093177
v -0.931233 0.028965 -0.093046
v -0.931675 0.028964 -0.092948
v -0.931675 0.026187 -0.092963
v -0.931233 0.026187 -0.093061
v -0.931675 0.028964 -0.092948
v -0.932103 0.028964 -0.092869
v -0.932103 0.026186 -0.092884
v -0.931675 0.026187 -0.092963
v -0.932103 0.028964 -0.092869
v -0.932512 0.028964 -0.092811
v -0.932512 0.026186 -0.092826
v -0.932103 0.026186 -0.092884
v -0.932512 0.028964 -0.092811
v -0.932896 0.028963 -0.092775
v -0.932896 0.026186 -0.09279
v -0.932512 0.026186 -0.092826
v -0.932896 0.028963 -0.092775
v -0.933249 0.028963 -0.092763
v -0.933249 0.026186 -0.092778
v -0.932896 0.026186 -0.09279
v -0.933249 0.028963 -0.092763
v -0.934326 0.028964 -0.092819
v -0.934326 0.026186 -0.092835
v -0.933249 0.026186 -0.092778
v -0.934326 0.028964 -0.092819
v -0.935309 0.028965 -0.092986
v -0.935309 0.026187 -0.093001
v -0.934326 0.026186 -0.092835
v -0.935309 0.028965 -0.092986
v -0.9362 0.028966 -0.093255
v -0.9362 0.026188 -0.093271
v -0.935309 0.026187 -0.093001
v -0.9362 0.028966 -0.093255
v -0.936997 0.028968 -0.093621
v -0.936997 0.02619 -0.093637
v -0.9362 0.026188 -0.093271
v -0.936997 0.028968 -0.093621
v -0.937702 0.028971 -0.094079
v -0.937702 0.026193 -0.094094
v -0.936997 0.02619 -0.093637
v -0.937702 0.028971 -0.094079
v -0.938313 0.028974 -0.094621
v -0.938313 0.026196 -0.094636
v -0.937702 0.026193 -0.094094
v -0.938313 0.028974 -0.094621
v -0.93883 0.028977 -0.09524
v -0.93883 0.026199 -0.095255
v -0.938313 0.026196 -0.094636
v -0.93883 0.028977 -0.09524
v -0.939254 0.028981 -0.095932
v -0.939254 0.026203 -0.095946
v -0.93883 0.026199 -0.095255
v -0.939254 0.028981 -0.095932
v -0.939584 0.028985 -0.096689
v -0.939584 0.026207 -0.096703
v -0.939254 0.026203 -0.095946
v -0.939584 0.028985 -0.096689
v -0.93982 0.028989 -0.097505
v -0.93982 0.026212 -0.09752
v -0.939584 0.026207 -0.096703
v -0.93982 0.028989 -0.097505
v -0.939961 0.028994 -0.098374
v -0.939961 0.026216 -0.098389
v -0.93982 0.026212 -0.09752
v -0.939961 0.028994 -0.098374
v -0.940008 0.028999 -0.09929
v -0.940008 0.026221 -0.099306
v -0.939961 0.026216 -0.098389
v -0.940008 0.028999 -0.09929
v -0.940008 0.029059 -0.110262
v -0.940008 0.026281 -0.110277
v -0.940008 0.026221 -0.099306
v -0.940008 0.029059 -0.110262
v -0.943619 0.029059 -0.110262
v -0.943619 0.026281 -0.110277
v -0.940008 0.026281 -0.110277
v -0.943619 0.029059 -0.110262
v -0.943619 0.029061 -0.110725
v -0.943619 0.026284 -0.11074
v -0.943619 0.026281 -0.110277
v -0.943619 0.029061 -0.110725
v -0.935888 0.029102 -0.118271
v -0.935888 0.026325 -0.118286
v -0.943619 0.026284 -0.11074
v -0.935888 0.029102 -0.118271
v -0.935888 0.029079 -0.113966
v -0.935888 0.026301 -0.113981
v -0.935888 0.026325 -0.118286
v -0.935888 0.029079 -0.113966
v -0.929314 0.029079 -0.113966
v -0.929314 0.026301 -0.113981
v -0.935888 0.026301 -0.113981
v -0.909628 0.028971 -0.094089
v -0.910039 0.028969 -0.093829
v -0.910039 0.026192 -0.093844
v -0.909628 0.026193 -0.094104
v -0.910039 0.028969 -0.093829
v -0.910416 0.028968 -0.093603
v -0.910416 0.02619 -0.093617
v -0.910039 0.026192 -0.093844
v -0.910416 0.028968 -0.093603
v -0.910763 0.028967 -0.093407
v -0.910763 0.026189 -0.093423
v -0.910416 0.02619 -0.093617
v -0.910763 0.028967 -0.093407
v -0.911086 0.028966 -0.093242
v -0.911086 0.026188 -0.093257
v -0.910763 0.026189 -0.093423
v -0.911086 0.028966 -0.093242
v -0.911392 0.028965 -0.093104
v -0.911392 0.026188 -0.09312
v -0.911086 0.026188 -0.093257
v -0.911392 0.028965 -0.093104
v -0.911684 0.028965 -0.092992
v -0.911684 0.026187 -0.093007
v -0.911392 0.026188 -0.09312
v -0.911684 0.028965 -0.092992
v -0.91197 0.028964 -0.092905
v -0.91197 0.026186 -0.09292
v -0.911684 0.026187 -0.093007
v -0.91197 0.028964 -0.092905
v -0.912255 0.028964 -0.09284
v -0.912255 0.026186 -0.092855
v -0.91197 0.026186 -0.09292
v -0.912255 0.028964 -0.09284
v -0.912543 0.028964 -0.092796
v -0.912543 0.026186 -0.092811
v -0.912255 0.026186 -0.092855
v -0.912543 0.028964 -0.092796
v -0.912842 0.028963 -0.092771
v -0.912842 0.026186 -0.092786
v -0.912543 0.026186 -0.092811
v -0.912842 0.028963 -0.092771
v -0.913157 0.028963 -0.092763
v -0.913157 0.026186 -0.092778
v -0.912842 0.026186 -0.092786
v -0.913157 0.028963 -0.092763
v -0.913591 0.028963 -0.092776
v -0.913591 0.026186 -0.092791
v -0.913157 0.026186 -0.092778
v -0.913591 0.028963 -0.092776
v -0.913991 0.028964 -0.092818
v -0.913991 0.026186 -0.092832
v -0.913591 0.026186 -0.092791
v -0.913991 0.028964 -0.092818
v -0.914358 0.028964 -0.092887
v -0.914358 0.026186 -0.092902
v -0.913991 0.026186 -0.092832
v -0.914358 0.028964 -0.092887
v -0.914693 0.028965 -0.092986
v -0.914693 0.026187 -0.093001
v -0.914358 0.026186 -0.092902
v -0.914693 0.028965 -0.092986
v -0.914996 0.028965 -0.093113
v -0.914996 0.026188 -0.093129
v -0.914693 0.026187 -0.093001
v -0.914996 0.028965 -0.093113
v -0.915269 0.028966 -0.093272
v -0.915269 0.026188 -0.093287
v -0.914996 0.026188 -0.093129
v -0.915269 0.028966 -0.093272
v -0.915512 0.028967 -0.093461
v -0.915512 0.02619 -0.093476
v -0.915269 0.026188 -0.093287
v -0.915512 0.028967 -0.093461
v -0.915725 0.028968 -0.093682
v -0.915725 0.026191 -0.093697
v -0.915512 0.02619 -0.093476
v -0.915725 0.028968 -0.093682
v -0.915911 0.02897 -0.093934
v -0.915911 0.026192 -0.093949
v -0.915725 0.026191 -0.093697
v -0.915911 0.02897 -0.093934
v -0.916068 0.028971 -0.09422
v -0.916068 0.026194 -0.094235
v -0.915911 0.026192 -0.093949
v -0.916068 0.028971 -0.09422
v -0.9162 0.028973 -0.094539
v -0.9162 0.026195 -0.094554
v -0.916068 0.026194 -0.094235
v -0.9162 0.028973 -0.094539
v -0.916305 0.028975 -0.094893
v -0.916305 0.026197 -0.094907
v -0.9162 0.026195 -0.094554
v -0.916305 0.028975 -0.094893
v -0.916758 0.028973 -0.094549
v -0.916758 0.026195 -0.094564
v -0.916305 0.026197 -0.094907
v -0.916758 0.028973 -0.094549
v -0.917215 0.028971 -0.094236
v -0.917215 0.026194 -0.094251
v -0.916758 0.026195 -0.094564
v -0.917215 0.028971 -0.094236
v -0.917675 0.02897 -0.093954
v -0.917675 0.026192 -0.093969
v -0.917215 0.026194 -0.094251
v -0.917675 0.02897 -0.093954
v -0.918138 0.028969 -0.093703
v -0.918138 0.026191 -0.093718
v -0.917675 0.026192 -0.093969
v -0.918138 0.028969 -0.093703
v -0.918603 0.028967 -0.093481
v -0.918603 0.02619 -0.093496
v -0.918138 0.026191 -0.093718
v -0.918603 0.028967 -0.093481
v -0.919071 0.028966 -0.09329
v -0.919071 0.026189 -0.093304
v -0.918603 0.02619 -0.093496
v -0.919071 0.028966 -0.09329
v -0.919541 0.028965 -0.093127
v -0.919541 0.026188 -0.093143
v -0.919071 0.026189 -0.093304
v -0.919541 0.028965 -0.093127
v -0.920012 0.028965 -0.092996
v -0.920012 0.026187 -0.093011
v -0.919541 0.026188 -0.093143
v -0.920012 0.028965 -0.092996
v -0.920485 0.028964 -0.092894
v -0.920485 0.026186 -0.092909
v -0.920012 0.026187 -0.093011
v -0.920485 0.028964 -0.092894
v -0.920958 0.028964 -0.092821
v -0.920958 0.026186 -0.092836
v -0.920485 0.026186 -0.092909
v -0.920958 0.028964 -0.092821
v -0.921432 0.028963 -0.092777
v -0.921432 0.026186 -0.092793
v -0.920958 0.026186 -0.092836
v -0.921432 0.028963 -0.092777
v -0.921907 0.028963 -0.092763
v -0.921907 0.026186 -0.092778
v -0.921432 0.026186 -0.092793
v -0.921907 0.028963 -0.092763
v -0.922649 0.028964 -0.092812
v -0.922649 0.026186 -0.092827
v -0.921907 0.026186 -0.092778
v -0.922649 0.028964 -0.092812
v -0.923345 0.028964 -0.092954
v -0.923345 0.026187 -0.092969
v -0.922649 0.026186 -0.092827
v -0.923345 0.028964 -0.092954
v -0.923991 0.028966 -0.093181
v -0.923991 0.026188 -0.093196
v -0.923345 0.026187 -0.092969
v -0.923991 0.028966 -0.093181
v -0.924585 0.028967 -0.093486
v -0.924585 0.02619 -0.093502
v -0.923991 0.026188 -0.093196
v -0.924585 0.028967 -0.093486
v -0.925122 0.028969 -0.093862
v -0.925122 0.026192 -0.093878
v -0.924585 0.02619 -0.093502
v -0.925122 0.028969 -0.093862
v -0.925599 0.028972 -0.094302
v -0.925599 0.026194 -0.094317
v -0.925122 0.026192 -0.093878
v -0.925599 0.028972 -0.094302
v -0.926012 0.028975 -0.094797
v -0.926012 0.026197 -0.094812
v -0.925599 0.026194 -0.094317
v -0.926012 0.028975 -0.094797
v -0.926358 0.028977 -0.095342
v -0.926358 0.0262 -0.095357
v -0.926012 0.026197 -0.094812
v -0.926358 0.028977 -0.095342
v -0.926633 0.028981 -0.095927
v -0.926633 0.026203 -0.095942
v -0.926358 0.0262 -0.095357
v -0.926633 0.028981 -0.095927
v -0.926834 0.028984 -0.096546
v -0.926834 0.026206 -0.096561
v -0.926633 0.026203 -0.095942
v -0.926834 0.028984 -0.096546
v -0.926957 0.028988 -0.097191
v -0.926957 0.02621 -0.097206
v -0.926834 0.026206 -0.096561
v -0.926957 0.028988 -0.097191
v -0.926999 0.028991 -0.097855
v -0.926999 0.026213 -0.09787
v -0.926957 0.02621 -0.097206
v -0.926999 0.028991 -0.097855
v -0.926924 0.028996 -0.098827
v -0.926924 0.026219 -0.098842
v -0.926999 0.026213 -0.09787
v -0.926924 0.028996 -0.098827
v -0.926706 0.029001 -0.099689
v -0.926706 0.026223 -0.099704
v -0.926924 0.026219 -0.098842
v -0.926706 0.029001 -0.099689
v -0.926361 0.029005 -0.100451
v -0.926361 0.026228 -0.100466
v -0.926706 0.026223 -0.099704
v -0.926361 0.029005 -0.100451
v -0.925904 0.029009 -0.101123
v -0.925904 0.026231 -0.101139
v -0.926361 0.026228 -0.100466
v -0.925904 0.029009 -0.101123
v -0.925348 0.029012 -0.101715
v -0.925348 0.026234 -0.10173
v -0.925904 0.026231 -0.101139
v -0.925348 0.029012 -0.101715
v -0.924708 0.029015 -0.102236
v -0.924708 0.026237 -0.102251
v -0.925348 0.026234 -0.10173
v -0.924708 0.029015 -0.102236
v -0.923998 0.029018 -0.102696
v -0.923998 0.02624 -0.102711
v -0.924708 0.026237 -0.102251
v -0.923998 0.029018 -0.102696
v -0.923234 0.02902 -0.103106
v -0.923234 0.026242 -0.10312
v -0.923998 0.02624 -0.102711
v -0.923234 0.02902 -0.103106
v -0.922429 0.029022 -0.103473
v -0.922429 0.026244 -0.103488
v -0.923234 0.026242 -0.10312
v -0.922429 0.029022 -0.103473
v -0.921598 0.029024 -0.10381
v -0.921598 0.026246 -0.103826
v -0.922429 0.026244 -0.103488
v -0.921598 0.029024 -0.10381
v -0.920756 0.029025 -0.104125
v -0.920756 0.026248 -0.10414
v -0.921598 0.026246 -0.103826
v -0.920756 0.029025 -0.104125
v -0.919916 0.029027 -0.104429
v -0.919916 0.026249 -0.104444
v -0.920756 0.026248 -0.10414
v -0.919916 0.029027 -0.104429
v -0.916259 0.029034 -0.105725
v -0.916259 0.026256 -0.105741
v -0.919916 0.026249 -0.104444
v -0.916259 0.029034 -0.105725
v -0.916259 0.02904 -0.106836
v -0.916259 0.026262 -0.106852
v -0.916259 0.026256 -0.105741
v -0.916259 0.02904 -0.106836
v -0.916285 0.029043 -0.107453
v -0.916285 0.026266 -0.107468
v -0.916259 0.026262 -0.106852
v -0.916285 0.029043 -0.107453
v -0.916363 0.029046 -0.108007
v -0.916363 0.026269 -0.108023
v -0.916285 0.026266 -0.107468
v -0.916363 0.029046 -0.108007
v -0.916493 0.029049 -0.108502
v -0.916493 0.026271 -0.108517
v -0.916363 0.026269 -0.108023
v -0.916493 0.029049 -0.108502
v -0.916675 0.029052 -0.108937
v -0.916675 0.026274 -0.108952
v -0.916493 0.026271 -0.108517
v -0.916675 0.029052 -0.108937
v -0.91691 0.029054 -0.109315
v -0.91691 0.026276 -0.10933
v -0.916675 0.026274 -0.108952
v -0.91691 0.029054 -0.109315
v -0.917196 0.029055 -0.109637
v -0.917196 0.026278 -0.109652
v -0.91691 0.026276 -0.10933
v -0.917196 0.029055 -0.109637
v -0.917535 0.029057 -0.109906
v -0.917535 0.026279 -0.109921
v -0.917196 0.026278 -0.109652
v -0.917535 0.029057 -0.109906
v -0.917925 0.029058 -0.110122
v -0.917925 0.02628 -0.110137
v -0.917535 0.026279 -0.109921
v -0.917925 0.029058 -0.110122
v -0.918368 0.029059 -0.110287
v -0.918368 0.026281 -0.110302
v -0.917925 0.02628 -0.110137
v -0.918368 0.029059 -0.110287
v -0.918863 0.02906 -0.110403
v -0.918863 0.026282 -0.110418
v -0.918368 0.026281 -0.110302
v -0.918863 0.02906 -0.110403
v -0.91941 0.02906 -0.110472
v -0.91941 0.026282 -0.110486
v -0.918863 0.026282 -0.110418
v -0.91941 0.02906 -0.110472
v -0.920009 0.02906 -0.110494
v -0.920009 0.026282 -0.110509
v -0.91941 0.026282 -0.110486
v -0.920009 0.02906 -0.110494
v -0.920576 0.02906 -0.110472
v -0.920576 0.026282 -0.110486
v -0.920009 0.026282 -0.110509
v -0.920576 0.02906 -0.110472
v -0.921145 0.02906 -0.110404
v -0.921145 0.026282 -0.110419
v -0.920576 0.026282 -0.110486
v -0.921145 0.02906 -0.110404
v -0.921713 0.029059 -0.11029
v -0.921713 0.026281 -0.110306
v -0.921145 0.026282 -0.110419
v -0.921713 0.029059 -0.11029
v -0.922279 0.029058 -0.11013
v -0.922279 0.02628 -0.110146
v -0.921713 0.026281 -0.110306
v -0.922279 0.029058 -0.11013
v -0.922842 0.029057 -0.109922
v -0.922842 0.026279 -0.109937
v -0.922279 0.02628 -0.110146
v -0.922842 0.029057 -0.109922
v -0.9234 0.029055 -0.109666
v -0.9234 0.026278 -0.109682
v -0.922842 0.026279 -0.109937
v -0.9234 0.029055 -0.109666
v -0.923952 0.029054 -0.109361
v -0.923952 0.026276 -0.109376
v -0.9234 0.026278 -0.109682
v -0.923952 0.029054 -0.109361
v -0.924498 0.029052 -0.109006
v -0.924498 0.026274 -0.109021
v -0.923952 0.026276 -0.109376
v -0.924498 0.029052 -0.109006
v -0.925035 0.02905 -0.108599
v -0.925035 0.026272 -0.108614
v -0.924498 0.026274 -0.109021
v -0.925035 0.02905 -0.108599
v -0.925562 0.029047 -0.108141
v -0.925562 0.026269 -0.108157
v -0.925035 0.026272 -0.108614
v -0.925562 0.029047 -0.108141
v -0.926078 0.029044 -0.107631
v -0.926078 0.026267 -0.107647
v -0.925562 0.026269 -0.108157
v -0.926078 0.029044 -0.107631
v -0.926583 0.029041 -0.107068
v -0.926583 0.026264 -0.107083
v -0.926078 0.026267 -0.107647
v -0.926583 0.029041 -0.107068
v -0.926583 0.029066 -0.111558
v -0.926583 0.026288 -0.111574
v -0.926583 0.026264 -0.107083
v -0.926583 0.029066 -0.111558
v -0.926164 0.029068 -0.112013
v -0.926164 0.026291 -0.112028
v -0.926583 0.026288 -0.111574
v -0.926164 0.029068 -0.112013
v -0.925718 0.029071 -0.112427
v -0.925718 0.026293 -0.112442
v -0.926164 0.026291 -0.112028
v -0.925718 0.029071 -0.112427
v -0.925244 0.029073 -0.112801
v -0.925244 0.026295 -0.112816
v -0.925718 0.026293 -0.112442
v -0.925244 0.029073 -0.112801
v -0.924743 0.029074 -0.113135
v -0.924743 0.026297 -0.11315
v -0.925244 0.026295 -0.112816
v -0.924743 0.029074 -0.113135
v -0.924213 0.029076 -0.113428
v -0.924213 0.026298 -0.113444
v -0.924743 0.026297 -0.11315
v -0.924213 0.029076 -0.113428
v -0.923654 0.029077 -0.113683
v -0.923654 0.0263 -0.113697
v -0.924213 0.026298 -0.113444
v -0.923654 0.029077 -0.113683
v -0.923067 0.029079 -0.113897
v -0.923067 0.026301 -0.113912
v -0.923654 0.0263 -0.113697
v -0.923067 0.029079 -0.113897
v -0.92245 0.029079 -0.114073
v -0.92245 0.026302 -0.114087
v -0.923067 0.026301 -0.113912
v -0.92245 0.029079 -0.114073
v -0.921804 0.02908 -0.114208
v -0.921804 0.026303 -0.114224
v -0.92245 0.026302 -0.114087
v -0.921804 0.02908 -0.114208
v -0.921128 0.029081 -0.114305
v -0.921128 0.026303 -0.114321
v -0.921804 0.026303 -0.114224
v -0.921128 0.029081 -0.114305
v -0.920421 0.029081 -0.114363
v -0.920421 0.026303 -0.114378
v -0.921128 0.026303 -0.114321
v -0.920421 0.029081 -0.114363
v -0.919684 0.029081 -0.114382
v -0.919684 0.026303 -0.114398
v -0.920421 0.026303 -0.114378
v -0.919684 0.029081 -0.114382
v -0.918651 0.029081 -0.114338
v -0.918651 0.026303 -0.114353
v -0.919684 0.026303 -0.114398
v -0.918651 0.029081 -0.114338
v -0.917663 0.02908 -0.114203
v -0.917663 0.026302 -0.114218
v -0.918651 0.026303 -0.114353
v -0.917663 0.02908 -0.114203
v -0.916728 0.029079 -0.113976
v -0.916728 0.026301 -0.113991
v -0.917663 0.026302 -0.114218
v -0.916728 0.029079 -0.113976
v -0.915856 0.029077 -0.113656
v -0.915856 0.0263 -0.11367
v -0.916728 0.026301 -0.113991
v -0.915856 0.029077 -0.113656
v -0.915054 0.029075 -0.11324
v -0.915054 0.026297 -0.113255
v -0.915856 0.0263 -0.11367
v -0.915054 0.029075 -0.11324
v -0.914331 0.029072 -0.112728
v -0.914331 0.026294 -0.112742
v -0.915054 0.026297 -0.113255
v -0.914331 0.029072 -0.112728
v -0.913697 0.029069 -0.112117
v -0.913697 0.026291 -0.112132
v -0.914331 0.026294 -0.112742
v -0.913697 0.029069 -0.112117
v -0.913158 0.029065 -0.111406
v -0.913158 0.026287 -0.111421
v -0.913697 0.026291 -0.112132
v -0.913158 0.029065 -0.111406
v -0.912725 0.029061 -0.110593
v -0.912725 0.026283 -0.110609
v -0.913158 0.026287 -0.111421
v -0.912725 0.029061 -0.110593
v -0.912405 0.029056 -0.109678
v -0.912405 0.026278 -0.109693
v -0.912725 0.026283 -0.110609
v -0.912405 0.029056 -0.109678
v -0.912206 0.02905 -0.108658
v -0.912206 0.026272 -0.108673
v -0.912405 0.026278 -0.109693
v -0.912206 0.02905 -0.108658
v -0.912138 0.029044 -0.107531
v -0.912138 0.026266 -0.107546
v -0.912206 0.026272 -0.108673
v -0.912138 0.029044 -0.107531
v -0.912138 0.028986 -0.096836
v -0.912138 0.026208 -0.096852
v -0.912138 0.026266 -0.107546
v -0.912138 0.028986 -0.096836
v -0.912132 0.028985 -0.096651
v -0.912132 0.026207 -0.096666
v -0.912138 0.026208 -0.096852
v -0.912132 0.028985 -0.096651
v -0.912115 0.028984 -0.096484
v -0.912115 0.026206 -0.0965
v -0.912132 0.026207 -0.096666
v -0.912115 0.028984 -0.096484
v -0.912087 0.028983 -0.096339
v -0.912087 0.026205 -0.096354
v -0.912115 0.026206 -0.0965
v -0.912087 0.028983 -0.096339
v -0.912047 0.028982 -0.096211
v -0.912047 0.026204 -0.096226
v -0.912087 0.026205 -0.096354
v -0.912047 0.028982 -0.096211
v -0.911997 0.028982 -0.096102
v -0.911997 0.026204 -0.096116
v -0.912047 0.026204 -0.096226
v -0.911997 0.028982 -0.096102
v -0.911936 0.028981 -0.096009
v -0.911936 0.026203 -0.096024
v -0.911997 0.026204 -0.096116
v -0.911936 0.028981 -0.096009
v -0.911864 0.028981 -0.095933
v -0.911864 0.026203 -0.095949
v -0.911936 0.026203 -0.096024
v -0.911864 0.028981 -0.095933
v -0.911782 0.02898 -0.095873
v -0.911782 0.026203 -0.095888
v -0.911864 0.026203 -0.095949
v -0.911782 0.02898 -0.095873
v -0.911689 0.02898 -0.095827
v -0.911689 0.026202 -0.095843
v -0.911782 0.026203 -0.095888
v -0.911689 0.02898 -0.095827
v -0.911586 0.02898 -0.095796
v -0.911586 0.026202 -0.095811
v -0.911689 0.026202 -0.095843
v -0.911586 0.02898 -0.095796
v -0.911474 0.02898 -0.095778
v -0.911474 0.026202 -0.095793
v -0.911586 0.026202 -0.095811
v -0.911474 0.02898 -0.095778
v -0.911351 0.02898 -0.095772
v -0.911351 0.026202 -0.095787
v -0.911474 0.026202 -0.095793
v -0.911351 0.02898 -0.095772
v -0.911239 0.02898 -0.09578
v -0.911239 0.026202 -0.095795
v -0.911351 0.026202 -0.095787
v -0.911239 0.02898 -0.09578
v -0.91111 0.02898 -0.095806
v -0.91111 0.026202 -0.095821
v -0.911239 0.026202 -0.095795
v -0.91111 0.02898 -0.095806
v -0.910966 0.02898 -0.095848
v -0.910966 0.026203 -0.095863
v -0.91111 0.026202 -0.095821
v -0.910966 0.02898 -0.095848
v -0.910808 0.028981 -0.095905
v -0.910808 0.026203 -0.095921
v -0.910966 0.026203 -0.095863
v -0.910808 0.028981 -0.095905
v -0.910637 0.028981 -0.095979
v -0.910637 0.026203 -0.095994
v -0.910808 0.026203 -0.095921
v -0.910637 0.028981 -0.095979
v -0.910454 0.028981 -0.096067
v -0.910454 0.026204 -0.096082
v -0.910637 0.026203 -0.095994
v -0.910454 0.028981 -0.096067
v -0.910261 0.028982 -0.09617
v -0.910261 0.026204 -0.096185
v -0.910454 0.026204 -0.096082
v -0.910261 0.028982 -0.09617
v -0.910058 0.028983 -0.096286
v -0.910058 0.026205 -0.096302
v -0.910261 0.026204 -0.096185
v -0.910058 0.028983 -0.096286
v -0.909847 0.028983 -0.096417
v -0.909847 0.026206 -0.096432
v -0.910058 0.026205 -0.096302
v -0.909847 0.028983 -0.096417
v -0.909629 0.028984 -0.09656
v -0.909629 0.026206 -0.096575
v -0.909847 0.026206 -0.096432
v -0.909629 0.028984 -0.09656
v -0.909405 0.028985 -0.096715
v -0.909405 0.026207 -0.096731
v -0.909629 0.026206 -0.096575
v -0.909405 0.028985 -0.096715
v -0.909175 0.028986 -0.096883
v -0.909175 0.026208 -0.096898
v -0.909405 0.026207 -0.096731
v -0.909175 0.028986 -0.096883
v -0.909175 0.028972 -0.094383
v -0.909175 0.026195 -0.094398
v -0.909175 0.026208 -0.096898
v -0.909175 0.028972 -0.094383
v -0.909628 0.028971 -0.094089
v -0.909628 0.026193 -0.094104
v -0.909175 0.026195 -0.094398
v -0.917127 0.02902 -0.103156
v -0.917967 0.029018 -0.102849
v -0.917967 0.026241 -0.102864
v -0.917127 0.026242 -0.10317
v -0.917967 0.029018 -0.102849
v -0.91877 0.029017 -0.102535
v -0.91877 0.026239 -0.10255
v -0.917967 0.026241 -0.102864
v -0.91877 0.029017 -0.102535
v -0.919527 0.029015 -0.102207
v -0.919527 0.026237 -0.102222
v -0.91877 0.026239 -0.10255
v -0.919527 0.029015 -0.102207
v -0.920228 0.029013 -0.101862
v -0.920228 0.026235 -0.101877
v -0.919527 0.026237 -0.102222
v -0.920228 0.029013 -0.101862
v -0.920865 0.029011 -0.101495
v -0.920865 0.026233 -0.10151
v -0.920228 0.026235 -0.101877
v -0.920865 0.029011 -0.101495
v -0.921429 0.029009 -0.101103
v -0.921429 0.026231 -0.101117
v -0.920865 0.026233 -0.10151
v -0.921429 0.029009 -0.101103
v -0.92191 0.029007 -0.100679
v -0.92191 0.026229 -0.100694
v -0.921429 0.026231 -0.101117
v -0.92191 0.029007 -0.100679
v -0.9223 0.029004 -0.100221
v -0.9223 0.026226 -0.100236
v -0.92191 0.026229 -0.100694
v -0.9223 0.029004 -0.100221
v -0.92259 0.029001 -0.099725
v -0.92259 0.026224 -0.099739
v -0.9223 0.026226 -0.100236
v -0.92259 0.029001 -0.099725
v -0.92277 0.028998 -0.099184
v -0.92277 0.026221 -0.099199
v -0.92259 0.026224 -0.099739
v -0.92277 0.028998 -0.099184
v -0.922833 0.028995 -0.098596
v -0.922833 0.026217 -0.098611
v -0.92277 0.026221 -0.099199
v -0.922833 0.028995 -0.098596
v -0.922807 0.028993 -0.098178
v -0.922807 0.026215 -0.098194
v -0.922833 0.026217 -0.098611
v -0.922807 0.028993 -0.098178
v -0.922732 0.028991 -0.097785
v -0.922732 0.026213 -0.0978
v -0.922807 0.026215 -0.098194
v -0.922732 0.028991 -0.097785
v -0.922611 0.028989 -0.097418
v -0.922611 0.026211 -0.097433
v -0.922732 0.026213 -0.0978
v -0.922611 0.028989 -0.097418
v -0.922445 0.028987 -0.097079
v -0.922445 0.026209 -0.097094
v -0.922611 0.026211 -0.097433
v -0.922445 0.028987 -0.097079
v -0.922238 0.028985 -0.09677
v -0.922238 0.026208 -0.096786
v -0.922445 0.026209 -0.097094
v -0.922238 0.028985 -0.09677
v -0.921994 0.028984 -0.096496
v -0.921994 0.026206 -0.09651
v -0.922238 0.026208 -0.096786
v -0.921994 0.028984 -0.096496
v -0.921713 0.028982 -0.096256
v -0.921713 0.026205 -0.096271
v -0.921994 0.026206 -0.09651
v -0.921713 0.028982 -0.096256
v -0.921399 0.028981 -0.096055
v -0.921399 0.026204 -0.09607
v -0.921713 0.026205 -0.096271
v -0.921399 0.028981 -0.096055
v -0.921055 0.02898 -0.095894
v -0.921055 0.026203 -0.095909
v -0.921399 0.026204 -0.09607
v -0.921055 0.02898 -0.095894
v -0.920684 0.02898 -0.095776
v -0.920684 0.026202 -0.095791
v -0.921055 0.026203 -0.095909
v -0.920684 0.02898 -0.095776
v -0.920288 0.028979 -0.095704
v -0.920288 0.026202 -0.095719
v -0.920684 0.026202 -0.095791
v -0.920288 0.028979 -0.095704
v -0.91987 0.028979 -0.095679
v -0.91987 0.026202 -0.095694
v -0.920288 0.026202 -0.095719
v -0.91987 0.028979 -0.095679
v -0.919547 0.028979 -0.095693
v -0.919547 0.026202 -0.095708
v -0.91987 0.026202 -0.095694
v -0.919547 0.028979 -0.095693
v -0.919229 0.02898 -0.095732
v -0.919229 0.026202 -0.095748
v -0.919547 0.026202 -0.095708
v -0.919229 0.02898 -0.095732
v -0.918915 0.02898 -0.095797
v -0.918915 0.026202 -0.095812
v -0.919229 0.026202 -0.095748
v -0.918915 0.02898 -0.095797
v -0.918604 0.02898 -0.095887
v -0.918604 0.026203 -0.095902
v -0.918915 0.026202 -0.095812
v -0.918604 0.02898 -0.095887
v -0.918298 0.028981 -0.096
v -0.918298 0.026203 -0.096015
v -0.918604 0.026203 -0.095902
v -0.918298 0.028981 -0.096
v -0.917995 0.028982 -0.096137
v -0.917995 0.026204 -0.096152
v -0.918298 0.026203 -0.096015
v -0.917995 0.028982 -0.096137
v -0.917696 0.028983 -0.096295
v -0.917696 0.026205 -0.09631
v -0.917995 0.026204 -0.096152
v -0.917696 0.028983 -0.096295
v -0.917401 0.028984 -0.096475
v -0.917401 0.026206 -0.09649
v -0.917696 0.026205 -0.09631
v -0.917401 0.028984 -0.096475
v -0.917109 0.028985 -0.096676
v -0.917109 0.026207 -0.09669
v -0.917401 0.026206 -0.09649
v -0.917109 0.028985 -0.096676
v -0.916822 0.028986 -0.096896
v -0.916822 0.026208 -0.096911
v -0.917109 0.026207 -0.09669
v -0.916822 0.028986 -0.096896
v -0.916538 0.028987 -0.097135
v -0.916538 0.02621 -0.09715
v -0.916822 0.026208 -0.096911
v -0.916538 0.028987 -0.097135
v -0.916259 0.028989 -0.097392
v -0.916259 0.026211 -0.097407
v -0.916538 0.02621 -0.09715
v -0.916259 0.028989 -0.097392
v -0.916259 0.029022 -0.103457
v -0.916259 0.026244 -0.103472
v -0.916259 0.026211 -0.097407
v -0.916259 0.029022 -0.103457
v -0.917127 0.02902 -0.103156
v -0.917127 0.026242 -0.10317
v -0.916259 0.026244 -0.103472
v -0.90113 0.029073 -0.112794
v -0.900675 0.029074 -0.113075
v -0.900675 0.026296 -0.113091
v -0.90113 0.026295 -0.11281
v -0.900675 0.029074 -0.113075
v -0.900217 0.029075 -0.113328
v -0.900217 0.026298 -0.113343
v -0.900675 0.026296 -0.113091
v -0.900217 0.029075 -0.113328
v -0.899755 0.029077 -0.113553
v -0.899755 0.026299 -0.113568
v -0.900217 0.026298 -0.113343
v -0.899755 0.029077 -0.113553
v -0.899288 0.029078 -0.11375
v -0.899288 0.0263 -0.113765
v -0.899755 0.026299 -0.113568
v -0.899288 0.029078 -0.11375
v -0.898817 0.029079 -0.113919
v -0.898817 0.026301 -0.113935
v -0.899288 0.0263 -0.113765
v -0.898817 0.029079 -0.113919
v -0.898339 0.029079 -0.114063
v -0.898339 0.026302 -0.114078
v -0.898817 0.026301 -0.113935
v -0.898339 0.029079 -0.114063
v -0.897855 0.02908 -0.114179
v -0.897855 0.026302 -0.114193
v -0.898339 0.026302 -0.114078
v -0.897855 0.02908 -0.114179
v -0.897364 0.029081 -0.114268
v -0.897364 0.026303 -0.114284
v -0.897855 0.026302 -0.114193
v -0.897364 0.029081 -0.114268
v -0.896865 0.029081 -0.114332
v -0.896865 0.026303 -0.114347
v -0.897364 0.026303 -0.114284
v -0.896865 0.029081 -0.114332
v -0.896358 0.029081 -0.11437
v -0.896358 0.026303 -0.114385
v -0.896865 0.026303 -0.114347
v -0.896358 0.029081 -0.11437
v -0.895842 0.029081 -0.114382
v -0.895842 0.026303 -0.114398
v -0.896358 0.026303 -0.114385
v -0.895842 0.029081 -0.114382
v -0.894576 0.029081 -0.114293
v -0.894576 0.026303 -0.114308
v -0.895842 0.026303 -0.114398
v -0.894576 0.029081 -0.114293
v -0.893376 0.029079 -0.114029
v -0.893376 0.026302 -0.114045
v -0.894576 0.026303 -0.114308
v -0.893376 0.029079 -0.114029
v -0.892251 0.029077 -0.113602
v -0.892251 0.026299 -0.113617
v -0.893376 0.026302 -0.114045
v -0.892251 0.029077 -0.113602
v -0.891209 0.029074 -0.113021
v -0.891209 0.026296 -0.113036
v -0.892251 0.026299 -0.113617
v -0.891209 0.029074 -0.113021
v -0.890258 0.02907 -0.112296
v -0.890258 0.026292 -0.112311
v -0.891209 0.026296 -0.113036
v -0.890258 0.02907 -0.112296
v -0.889407 0.029065 -0.111437
v -0.889407 0.026287 -0.111452
v -0.890258 0.026292 -0.112311
v -0.889407 0.029065 -0.111437
v -0.888664 0.02906 -0.110454
v -0.888664 0.026282 -0.110468
v -0.889407 0.026287 -0.111452
v -0.888664 0.02906 -0.110454
v -0.888037 0.029054 -0.109355
v -0.888037 0.026276 -0.10937
v -0.888664 0.026282 -0.110468
v -0.888037 0.029054 -0.109355
v -0.887535 0.029047 -0.108152
v -0.887535 0.02627 -0.108167
v -0.888037 0.026276 -0.10937
v -0.887535 0.029047 -0.108152
v -0.887166 0.02904 -0.106854
v -0.887166 0.026262 -0.106869
v -0.887535 0.02627 -0.108167
v -0.887166 0.02904 -0.106854
v -0.886938 0.029033 -0.105471
v -0.886938 0.026255 -0.105486
v -0.887166 0.026262 -0.106869
v -0.886938 0.029033 -0.105471
v -0.886861 0.029025 -0.104012
v -0.886861 0.026247 -0.104028
v -0.886938 0.026255 -0.105486
v -0.886861 0.029025 -0.104012
v -0.886947 0.029015 -0.102313
v -0.886947 0.026238 -0.102328
v -0.886861 0.026247 -0.104028
v -0.886947 0.029015 -0.102313
v -0.887201 0.029007 -0.100736
v -0.887201 0.026229 -0.100751
v -0.886947 0.026238 -0.102328
v -0.887201 0.029007 -0.100736
v -0.88762 0.028999 -0.099286
v -0.88762 0.026221 -0.099301
v -0.887201 0.026229 -0.100751
v -0.88762 0.028999 -0.099286
v -0.888198 0.028992 -0.097968
v -0.888198 0.026214 -0.097984
v -0.88762 0.026221 -0.099301
v -0.888198 0.028992 -0.097968
v -0.88893 0.028985 -0.096787
v -0.88893 0.026208 -0.096803
v -0.888198 0.026214 -0.097984
v -0.88893 0.028985 -0.096787
v -0.889812 0.02898 -0.095749
v -0.889812 0.026202 -0.095764
v -0.88893 0.026208 -0.096803
v -0.889812 0.02898 -0.095749
v -0.890838 0.028975 -0.094857
v -0.890838 0.026197 -0.094871
v -0.889812 0.026202 -0.095764
v -0.890838 0.028975 -0.094857
v -0.892005 0.028971 -0.094116
v -0.892005 0.026193 -0.094131
v -0.890838 0.026197 -0.094871
v -0.892005 0.028971 -0.094116
v -0.893306 0.028968 -0.093531
v -0.893306 0.02619 -0.093546
v -0.892005 0.026193 -0.094131
v -0.893306 0.028968 -0.093531
v -0.894737 0.028965 -0.093107
v -0.894737 0.026188 -0.093122
v -0.893306 0.02619 -0.093546
v -0.894737 0.028965 -0.093107
v -0.896294 0.028964 -0.09285
v -0.896294 0.026186 -0.092865
v -0.894737 0.026188 -0.093122
v -0.896294 0.028964 -0.09285
v -0.897972 0.028963 -0.092763
v -0.897972 0.026186 -0.092778
v -0.896294 0.026186 -0.092865
v -0.897972 0.028963 -0.092763
v -0.898659 0.028963 -0.092775
v -0.898659 0.026186 -0.09279
v -0.897972 0.026186 -0.092778
v -0.898659 0.028963 -0.092775
v -0.899351 0.028964 -0.092812
v -0.899351 0.026186 -0.092827
v -0.898659 0.026186 -0.09279
v -0.899351 0.028964 -0.092812
v -0.900046 0.028964 -0.092872
v -0.900046 0.026186 -0.092887
v -0.899351 0.026186 -0.092827
v -0.900046 0.028964 -0.092872
v -0.900737 0.028964 -0.092955
v -0.900737 0.026187 -0.09297
v -0.900046 0.026186 -0.092887
v -0.900737 0.028964 -0.092955
v -0.901423 0.028965 -0.09306
v -0.901423 0.026187 -0.093075
v -0.900737 0.026187 -0.09297
v -0.901423 0.028965 -0.09306
v -0.902098 0.028966 -0.093185
v -0.902098 0.026188 -0.0932
v -0.901423 0.026187 -0.093075
v -0.902098 0.028966 -0.093185
v -0.902758 0.028967 -0.093331
v -0.902758 0.026189 -0.093346
v -0.902098 0.026188 -0.0932
v -0.902758 0.028967 -0.093331
v -0.9034 0.028967 -0.093497
v -0.9034 0.02619 -0.093511
v -0.902758 0.026189 -0.093346
v -0.9034 0.028967 -0.093497
v -0.90402 0.028968 -0.093681
v -0.90402 0.026191 -0.093696
v -0.9034 0.02619 -0.093511
v -0.90402 0.028968 -0.093681
v -0.904613 0.02897 -0.093883
v -0.904613 0.026192 -0.093897
v -0.90402 0.026191 -0.093696
v -0.904613 0.02897 -0.093883
v -0.905175 0.028971 -0.094102
v -0.905175 0.026193 -0.094117
v -0.904613 0.026192 -0.093897
v -0.905175 0.028971 -0.094102
v -0.905703 0.028972 -0.094337
v -0.905703 0.026194 -0.094352
v -0.905175 0.026193 -0.094117
v -0.905703 0.028972 -0.094337
v -0.905703 0.029138 -0.124753
v -0.905703 0.02636 -0.124768
v -0.905703 0.026194 -0.094352
v -0.905703 0.029138 -0.124753
v -0.901583 0.029138 -0.124753
v -0.901583 0.02636 -0.124768
v -0.905703 0.02636 -0.124768
v -0.901583 0.029138 -0.124753
v -0.901583 0.029071 -0.112484
v -0.901583 0.026293 -0.112499
v -0.901583 0.02636 -0.124768
v -0.901583 0.029071 -0.112484
v -0.90113 0.029073 -0.112794
v -0.90113 0.026295 -0.11281
v -0.901583 0.026293 -0.112499
v -0.901271 0.028988 -0.097209
v -0.90094 0.028987 -0.097123
v -0.90094 0.026209 -0.097138
v -0.901271 0.02621 -0.097224
v -0.90094 0.028987 -0.097123
v -0.900593 0.028987 -0.097042
v -0.900593 0.026209 -0.097057
v -0.90094 0.026209 -0.097138
v -0.900593 0.028987 -0.097042
v -0.900235 0.028986 -0.096967
v -0.900235 0.026209 -0.096982
v -0.900593 0.026209 -0.097057
v -0.900235 0.028986 -0.096967
v -0.899869 0.028986 -0.096899
v -0.899869 0.026208 -0.096914
v -0.900235 0.026209 -0.096982
v -0.899869 0.028986 -0.096899
v -0.899499 0.028986 -0.096836
v -0.899499 0.026208 -0.096852
v -0.899869 0.026208 -0.096914
v -0.899499 0.028986 -0.096836
v -0.89913 0.028985 -0.096783
v -0.89913 0.026208 -0.096798
v -0.899499 0.026208 -0.096852
v -0.89913 0.028985 -0.096783
v -0.898764 0.028985 -0.096737
v -0.898764 0.026207 -0.096753
v -0.89913 0.026208 -0.096798
v -0.898764 0.028985 -0.096737
v -0.898406 0.028985 -0.0967
v -0.898406 0.026207 -0.096716
v -0.898764 0.026207 -0.096753
v -0.898406 0.028985 -0.0967
v -0.898059 0.028985 -0.096674
v -0.898059 0.026207 -0.096689
v -0.898406 0.026207 -0.096716
v -0.898059 0.028985 -0.096674
v -0.897728 0.028985 -0.096657
v -0.897728 0.026207 -0.096672
v -0.898059 0.026207 -0.096689
v -0.897728 0.028985 -0.096657
v -0.897416 0.028985 -0.096652
v -0.897416 0.026207 -0.096666
v -0.897728 0.026207 -0.096672
v -0.897416 0.028985 -0.096652
v -0.896513 0.028985 -0.096709
v -0.896513 0.026207 -0.096725
v -0.897416 0.026207 -0.096666
v -0.896513 0.028985 -0.096709
v -0.89566 0.028986 -0.096879
v -0.89566 0.026208 -0.096894
v -0.896513 0.026207 -0.096725
v -0.89566 0.028986 -0.096879
v -0.894863 0.028987 -0.097154
v -0.894863 0.02621 -0.09717
v -0.89566 0.026208 -0.096894
v -0.894863 0.028987 -0.097154
v -0.894126 0.028989 -0.09753
v -0.894126 0.026212 -0.097544
v -0.894863 0.02621 -0.09717
v -0.894126 0.028989 -0.09753
v -0.893455 0.028992 -0.097998
v -0.893455 0.026214 -0.098013
v -0.894126 0.026212 -0.097544
v -0.893455 0.028992 -0.097998
v -0.892856 0.028995 -0.098555
v -0.892856 0.026217 -0.098571
v -0.893455 0.026214 -0.098013
v -0.892856 0.028995 -0.098555
v -0.892334 0.028998 -0.099194
v -0.892334 0.026221 -0.09921
v -0.892856 0.026217 -0.098571
v -0.892334 0.028998 -0.099194
v -0.891895 0.029002 -0.099909
v -0.891895 0.026225 -0.099924
v -0.892334 0.026221 -0.09921
v -0.891895 0.029002 -0.099909
v -0.891544 0.029007 -0.100694
v -0.891544 0.026229 -0.100709
v -0.891895 0.026225 -0.099924
v -0.891544 0.029007 -0.100694
v -0.891286 0.029011 -0.101544
v -0.891286 0.026234 -0.101558
v -0.891544 0.026229 -0.100709
v -0.891286 0.029011 -0.101544
v -0.891128 0.029016 -0.102451
v -0.891128 0.026238 -0.102466
v -0.891286 0.026234 -0.101558
v -0.891128 0.029016 -0.102451
v -0.891074 0.029021 -0.10341
v -0.891074 0.026244 -0.103426
v -0.891128 0.026238 -0.102466
v -0.891074 0.029021 -0.10341
v -0.891121 0.029027 -0.104478
v -0.891121 0.02625 -0.104493
v -0.891074 0.026244 -0.103426
v -0.891121 0.029027 -0.104478
v -0.891261 0.029033 -0.105476
v -0.891261 0.026255 -0.105491
v -0.891121 0.02625 -0.104493
v -0.891261 0.029033 -0.105476
v -0.89149 0.029038 -0.106402
v -0.89149 0.02626 -0.106417
v -0.891261 0.026255 -0.105491
v -0.89149 0.029038 -0.106402
v -0.891802 0.029042 -0.107249
v -0.891802 0.026265 -0.107265
v -0.89149 0.02626 -0.106417
v -0.891802 0.029042 -0.107249
v -0.892195 0.029046 -0.108016
v -0.892195 0.026269 -0.10803
v -0.891802 0.026265 -0.107265
v -0.892195 0.029046 -0.108016
v -0.892665 0.02905 -0.108694
v -0.892665 0.026272 -0.108709
v -0.892195 0.026269 -0.10803
v -0.892665 0.02905 -0.108694
v -0.893207 0.029053 -0.109281
v -0.893207 0.026276 -0.109297
v -0.892665 0.026272 -0.108709
v -0.893207 0.029053 -0.109281
v -0.893817 0.029056 -0.109772
v -0.893817 0.026278 -0.109787
v -0.893207 0.026276 -0.109297
v -0.893817 0.029056 -0.109772
v -0.894492 0.029058 -0.110161
v -0.894492 0.02628 -0.110177
v -0.893817 0.026278 -0.109787
v -0.894492 0.029058 -0.110161
v -0.895226 0.02906 -0.110446
v -0.895226 0.026282 -0.110461
v -0.894492 0.02628 -0.110177
v -0.895226 0.02906 -0.110446
v -0.896017 0.029061 -0.11062
v -0.896017 0.026283 -0.110635
v -0.895226 0.026282 -0.110461
v -0.896017 0.029061 -0.11062
v -0.896861 0.029061 -0.110679
v -0.896861 0.026283 -0.110694
v -0.896017 0.026283 -0.110635
v -0.896861 0.029061 -0.110679
v -0.89728 0.029061 -0.110667
v -0.89728 0.026283 -0.110682
v -0.896861 0.026283 -0.110694
v -0.89728 0.029061 -0.110667
v -0.897683 0.029061 -0.11063
v -0.897683 0.026283 -0.110646
v -0.89728 0.026283 -0.110682
v -0.897683 0.029061 -0.11063
v -0.898074 0.02906 -0.110568
v -0.898074 0.026283 -0.110583
v -0.897683 0.026283 -0.110646
v -0.898074 0.02906 -0.110568
v -0.898455 0.02906 -0.110477
v -0.898455 0.026282 -0.110492
v -0.898074 0.026283 -0.110583
v -0.898455 0.02906 -0.110477
v -0.898831 0.029059 -0.110356
v -0.898831 0.026282 -0.110372
v -0.898455 0.026282 -0.110492
v -0.898831 0.029059 -0.110356
v -0.899204 0.029058 -0.110205
v -0.899204 0.026281 -0.11022
v -0.898831 0.026282 -0.110372
v -0.899204 0.029058 -0.110205
v -0.899579 0.029057 -0.11002
v -0.899579 0.02628 -0.110035
v -0.899204 0.026281 -0.11022
v -0.899579 0.029057 -0.11002
v -0.899957 0.029056 -0.109801
v -0.899957 0.026279 -0.109816
v -0.899579 0.02628 -0.110035
v -0.899957 0.029056 -0.109801
v -0.900344 0.029055 -0.109546
v -0.900344 0.026277 -0.109562
v -0.899957 0.026279 -0.109816
v -0.900344 0.029055 -0.109546
v -0.900741 0.029053 -0.109254
v -0.900741 0.026276 -0.109269
v -0.900344 0.026277 -0.109562
v -0.900741 0.029053 -0.109254
v -0.901153 0.029051 -0.108922
v -0.901153 0.026274 -0.108937
v -0.900741 0.026276 -0.109269
v -0.901153 0.029051 -0.108922
v -0.901583 0.029049 -0.108549
v -0.901583 0.026272 -0.108565
v -0.901153 0.026274 -0.108937
v -0.901583 0.029049 -0.108549
v -0.901583 0.028988 -0.0973
v -0.901583 0.02621 -0.097315
v -0.901583 0.026272 -0.108565
v -0.901583 0.028988 -0.0973
v -0.901271 0.028988 -0.097209
v -0.901271 0.02621 -0.097224
v -0.901583 0.02621 -0.097315
vn -0 1 0.0052
vn -0 1 0.0055
vn -0 1 0.0055
vn -0 1 0.0052
vn -0 1 0.0056
vn -0 1 0.0055
vn -0 1 0.0055
vn -0 1 0.0055
vn -0 1 0.0052
vn -0 1 0.0056
vn -0 1 0.0055
vn -0 1 0.0055
vn -0 1 0.0055
vn -0 1 0.0055
vn -0 1 0.0056
vn -0 1 0.0055
vn -0 1 0.0058
vn -0 1 0.0055
vn -0 1 0.0056
vn -0 1 0.0058
vn -0 1 0.0055
vn -0 1 0.0052
vn -0 1 0.0058
vn -0 1 0.0056
vn -0 1 0.0054
vn -0 1 0.0058
vn -0 1 0.0052
vn -0 1 0.0054
vn -0 1 0.0054
vn -0 1 0.0058
vn -0 1 0.0052
vn -0 1 0.0054
vn -0 1 0.0054
vn -0 1 0.0058
vn -0 1 0.0054
vn -0 1 0.0052
vn -0 1 0.0058
vn -0 1 0.0054
vn -0 1 0.0054
vn -0 1 0.0053
vn -0 1 0.0054
vn -0 1 0.0058
vn -0 1 0.0055
vn -0 1 0.0054
vn -0 1 0.0053
vn -0 1 0.0059
vn -0 1 0.0054
vn -0 1 0.0055
vn -0 1 0.0059
vn 0.0001 1 0.0057
vn -0 1 0.0054
vn -0 1 0.0056
vn 0.0001 1 0.0057
vn -0 1 0.0059
vn -0 1 0.0052
vn 0.0001 1 0.0055
vn -0 1 0.0056
vn 0.0001 1 0.0055
vn -0 1 0.0056
vn -0 1 0.0056
vn -0 1 0.0056
vn -0.0005 1 0.0057
vn -0 1 0.0056
vn -0.0005 1 0.0057
vn -0.0001 1 0.0055
vn -0 1 0.0056
vn -0.0001 1 0.0055
vn 0.0001 1 0.0054
vn -0 1 0.0056
vn 0.0001 1 0.0054
vn 0.0002 1 0.0055
vn -0 1 0.0056
vn 0.0002 1 0.0055
vn -0.0001 1 0.0058
vn -0 1 0.0056
vn -0.0001 1 0.0058
vn 0.0001 1 0.0053
vn -0 1 0.0056
vn 0.0001 1 0.0053
vn 0.0002 1 0.0052
vn -0 1 0.0056
vn 0.0002 1 0.0052
vn -0 1 0.0053
vn -0 1 0.0056
vn -0 1 0.0053
vn 0.0001 1 0.0057
vn -0 1 0.0056
vn -0 1 0.0053
vn -0 1 0.0042
vn 0.0001 1 0.0057
vn -0 1 0.0042
vn -0 1 0.0043
vn 0.0001 1 0.0057
vn -0 1 0.0042
vn -0 1 0.0048
vn -0 1 0.0043
vn -0 1 0.0048
vn -0 1 0.0054
vn -0 1 0.0043
vn -0 1 0.0054
vn -0 1 0.0053
vn -0 1 0.0043
vn -0 1 0.0056
vn -0 1 0.0053
vn -0 1 0.0054
vn -0 1 0.0059
vn -0 1 0.0053
vn -0 1 0.0056
vn -0 1 0.0059
vn -0.0001 1 0.0058
vn -0 1 0.0053
vn -0 1 0.0054
vn -0.0001 1 0.0058
vn -0 1 0.0059
vn -0 1 0.0054
vn -0.0001 1 0.0058
vn -0 1 0.0054
vn -0.0001 1 0.006
vn -0.0001 1 0.0058
vn -0 1 0.0054
vn -0.0001 1 0.006
vn -0.0001 1 0.0056
vn -0.0001 1 0.0058
vn -0 1 0.0053
vn -0.0001 1 0.0056
vn -0.0001 1 0.006
vn -0 1 0.0057
vn -0.0001 1 0.0056
vn -0 1 0.0053
vn -0 1 0.0052
vn -0.0001 1 0.0054
vn 0.0001 1 0.0055
vn -0 1 0.0057
vn -0 1 0.0052
vn -0.0001 1 0.0056
vn -0 1 0.005
vn -0 1 0.0052
vn -0 1 0.0057
vn -0 1 0.005
vn -0 1 0.0052
vn -0 1 0.005
vn -0 1 0.005
vn -0 1 0.0053
vn -0 1 0.0052
vn -0 1 0.0057
vn -0 1 0.0053
vn -0 1 0.005
vn -0.0001 1 0.0058
vn -0 1 0.0053
vn -0 1 0.0057
vn -0.0001 1 0.0058
vn -0.0001 1 0.0057
vn -0 1 0.0053
vn -0.0001 1 0.0055
vn -0.0001 1 0.0057
vn -0.0001 1 0.0058
vn -0.0001 1 0.0055
vn -0 1 0.0055
vn -0.0001 1 0.0057
vn 0.0001 1 0.0054
vn -0 1 0.0055
vn -0.0001 1 0.0055
vn -0 1 0.0051
vn -0 1 0.0055
vn 0.0001 1 0.0054
vn -0 1 0.0051
vn -0 1 0.0052
vn -0 1 0.0055
vn -0.0001 1 0.0056
vn -0 1 0.0052
vn -0 1 0.0051
vn -0.0001 1 0.0056
vn -0 1 0.0055
vn -0 1 0.0052
vn -0.0001 1 0.0058
vn -0 1 0.0055
vn -0.0001 1 0.0056
vn -0 1 0.005
vn -0 1 0.0055
vn -0.0001 1 0.0058
vn -0 1 0.005
vn -0.0001 1 0.0055
vn -0 1 0.0055
vn -0 1 0.0055
vn -0.0001 1 0.0055
vn -0 1 0.005
vn -0 1 0.0054
vn -0.0001 1 0.0055
vn -0 1 0.0055
vn -0 1 0.0055
vn -0.0001 1 0.0055
vn -0 1 0.0054
vn -0 1 0.0055
vn -0 1 0.0055
vn -0.0001 1 0.0055
vn -0 1 0.0054
vn -0 1 0.0055
vn -0 1 0.0055
vn -0 1 0.0052
vn -0 1 0.0057
vn -0.0001 1 0.0054
vn -0 1 0.0052
vn 0.0001 1 0.0057
vn -0 1 0.0057
vn -0 1 0.0057
vn -0 1 0.0055
vn -0 1 0.0054
vn -0 1 0.0052
vn -0 1 0.0054
vn 0.0001 1 0.0057
vn -0 1 0.0052
vn -0 1 0.0055
vn -0 1 0.0054
vn -0 1 0.0052
vn -0 1 0.0053
vn -0 1 0.0055
vn -0 1 0.0052
vn -0 1 0.0055
vn -0 1 0.0053
vn -0 1 0.0052
vn -0 1 0.0055
vn -0 1 0.0057
vn -0 1 0.0052
vn -0 1 0.0053
vn -0 1 0.0055
vn -0 1 0.0052
vn -0 1 0.0051
vn -0 1 0.0055
vn -0 1 0.0052
vn -0 1 0.0056
vn -0 1 0.0053
vn -0 1 0.0052
vn -0 1 0.0053
vn -0 1 0.0056
vn -0 1 0.0055
vn -0 1 0.0051
vn -0 1 0.0052
vn -0 1 0.0052
vn -0 1 0.0055
vn -0 1 0.0053
vn -0 1 0.0052
vn -0.0001 1 0.0053
vn -0 1 0.0055
vn -0 1 0.0052
vn -0 1 0.0055
vn -0.0001 1 0.0053
vn -0 1 0.0052
vn -0 1 0.0051
vn -0 1 0.0055
vn -0 1 0.0052
vn -0 1 0.0056
vn -0 1 0.0051
vn -0 1 0.0052
vn -0 1 0.0053
vn -0 1 0.0056
vn -0 1 0.0052
vn -0 1 0.0053
vn -0 1 0.0052
vn -0 1 0.0052
vn -0 1 0.0053
vn -0 1 0.0053
vn -0 1 0.005
vn -0 1 0.0053
vn -0 1 0.0052
vn -0 1 0.0055
vn -0 1 0.0053
vn -0 1 0.005
vn -0.0001 1 0.0053
vn -0 1 0.0053
vn -0 1 0.0055
vn -0.0001 1 0.0053
vn -0 1 0.0059
vn -0 1 0.0053
vn -0 1 0.0054
vn -0 1 0.0059
vn -0.0001 1 0.0053
vn -0 1 0.0055
vn -0 1 0.0059
vn -0 1 0.0054
vn -0 1 0.0055
vn -0 1 0.0059
vn -0 1 0.0055
vn -0 1 0.0055
vn -0 1 0.0056
vn -0 1 0.0059
vn -0 1 0.0054
vn -0 1 0.0056
vn -0 1 0.0055
vn -0 1 0.0053
vn -0 1 0.0056
vn -0 1 0.0054
vn -0 1 0.0057
vn -0 1 0.0056
vn -0 1 0.0053
vn -0 1 0.0057
vn -0 1 0.0053
vn -0 1 0.0056
vn -0 1 0.0056
vn -0 1 0.0053
vn -0 1 0.0057
vn -0 1 0.0052
vn -0 1 0.0054
vn -0 1 0.0055
vn -0 1 0.0057
vn -0 1 0.0054
vn -0 1 0.0052
vn -0 1 0.0057
vn -0 1 0.0052
vn -0 1 0.0054
vn -0 1 0.0057
vn -0 1 0.0052
vn -0 1 0.0057
vn -0 1 0.0054
vn -0 1 0.0052
vn -0 1 0.0057
vn -0 1 0.0054
vn -0 1 0.0054
vn -0 1 0.0052
vn -0 1 0.0055
vn -0 1 0.0054
vn -0 1 0.0054
vn -0 1 0.0055
vn -0 1 0.0055
vn -0 1 0.0054
vn -0 1 0.0055
vn -0 1 0.0055
vn -0 1 0.0055
vn -0 1 0.0059
vn -0 1 0.0055
vn -0 1 0.0055
vn -0 1 0.0059
vn -0 1 0.0051
vn -0 1 0.0055
vn -0 1 0.0054
vn -0 1 0.0051
vn -0 1 0.0059
vn -0 1 0.0054
vn -0 1 0.0054
vn -0 1 0.0051
vn 0.0001 1 0.005
vn -0 1 0.0054
vn -0 1 0.0054
vn -0 1 0.0055
vn -0 1 0.0054
vn 0.0001 1 0.005
vn -0 1 0.0055
vn -0 1 0.0055
vn -0 1 0.0054
vn -0 1 0.0051
vn -0 1 0.0055
vn -0 1 0.0055
vn -0 1 0.0051
vn -0.0001 1 0.0052
vn -0 1 0.0055
vn -0 1 0.0055
vn -0.0001 1 0.0052
vn -0 1 0.0051
vn 0.0003 1 0.0056
vn 0.0001 1 0.0056
vn -0 1 0.0055
vn 0.0001 1 0.0056
vn -0.0002 1 0.0055
vn -0 1 0.0055
vn -0.0002 1 0.0055
vn -0 1 0.0054
vn -0 1 0.0055
vn -0 1 0.0054
vn 0.0001 1 0.0054
vn -0 1 0.0055
vn 0.0001 1 0.0054
vn 0.0002 1 0.0052
vn -0 1 0.0055
vn 0.0002 1 0.0052
vn -0 1 0.0057
vn -0 1 0.0055
vn -0 1 0.0057
vn -0 1 0.0056
vn -0 1 0.0055
vn -0 1 0.0056
vn -0 1 0.0058
vn -0 1 0.0055
vn -0 1 0.0058
vn -0 1 0.0056
vn -0 1 0.0055
vn -0 1 0.0056
vn -0 1 0.0045
vn -0 1 0.0055
vn -0 1 0.0045
vn -0.0001 1 0.0052
vn -0 1 0.0055
vn -0 1 0.0045
vn -0 1 0.0045
vn -0.0001 1 0.0052
vn -0 1 0.0045
vn -0 1 0.0057
vn -0.0001 1 0.0052
vn -0 1 0.0057
vn -0.0001 1 0.0053
vn -0.0001 1 0.0052
vn -0 1 0.0057
vn -0 1 0.0052
vn -0.0001 1 0.0053
vn -0 1 0.0052
vn -0.0001 1 0.0058
vn -0.0001 1 0.0053
vn -0 1 0.0056
vn -0.0001 1 0.0058
vn -0 1 0.0052
vn -0 1 0.0058
vn -0.0001 1 0.0058
vn -0 1 0.0056
vn -0 1 0.0057
vn -0.0001 1 0.0058
vn -0 1 0.0058
vn -0 1 0.0052
vn -0.0001 1 0.0058
vn -0 1 0.0057
vn -0 1 0.0054
vn -0.0001 1 0.0058
vn -0 1 0.0052
vn -0 1 0.0054
vn -0.0001 1 0.0056
vn -0.0001 1 0.0058
vn -0 1 0.0053
vn -0.0001 1 0.0056
vn -0 1 0.0054
vn 0.0001 1 0.0058
vn -0.0001 1 0.0056
vn -0 1 0.0053
vn -0 1 0.0054
vn -0.0001 1 0.0056
vn 0.0001 1 0.0058
vn -0 1 0.0054
vn -0.0001 1 0.0054
vn -0.0001 1 0.0056
vn -0.0002 1 0.0058
vn -0.0001 1 0.0054
vn -0 1 0.0054
vn -0 1 0.0054
vn -0.0001 1 0.0054
vn -0.0002 1 0.0058
vn -0 1 0.0054
vn -0 1 0.0054
vn -0.0001 1 0.0054
vn -0 1 0.0054
vn -0 1 0.0054
vn -0 1 0.0054
vn -0 1 0.0054
vn -0 1 0.0054
vn -0 1 0.0054
vn -0.0002 1 0.0058
vn 0.0001 1 0.0054
vn -0 1 0.0054
vn 0.0001 1 0.0054
vn -0 1 0.0054
vn -0 1 0.0054
vn -0 1 0.0054
vn 0.0001 1 0.0054
vn -0.0002 1 0.0058
vn -0 1 0.0056
vn 0.0001 1 0.0054
vn -0 1 0.0054
vn -0 1 0.0055
vn 0.0001 1 0.0054
vn -0 1 0.0056
vn 0.0001 1 0.0052
vn 0.0001 1 0.0054
vn -0 1 0.0055
vn 0.0001 1 0.0052
vn -0 1 0.0054
vn 0.0001 1 0.0054
vn -0 1 0.0057
vn -0 1 0.0054
vn 0.0001 1 0.0054
vn 0.0001 1 0.0052
vn -0 1 0.0055
vn -0 1 0.0054
vn -0 1 0.0055
vn -0 1 0.0055
vn 0.0001 1 0.0052
vn -0 1 0.0055
vn -0 1 0.0049
vn -0 1 0.0055
vn -0 1 0.0059
vn -0 1 0.0049
vn -0 1 0.0055
vn -0 1 0.0059
vn -0 1 0.0055
vn -0 1 0.0049
vn -0 1 0.0052
vn -0 1 0.0055
vn -0 1 0.0059
vn -0 1 0.0052
vn -0 1 0.0057
vn -0 1 0.0055
vn -0 1 0.0052
vn -0 1 0.0053
vn -0 1 0.0057
vn -0 1 0.0057
vn -0 1 0.0053
vn -0 1 0.0052
vn -0 1 0.0057
vn -0 1 0.0053
vn -0 1 0.0053
vn -0.0001 1 0.0055
vn -0 1 0.0053
vn -0 1 0.0057
vn -0.0001 1 0.0055
vn -0.0001 1 0.0053
vn -0 1 0.0053
vn -0.0001 1 0.0055
vn -0 1 0.0059
vn -0.0001 1 0.0053
vn -0 1 0.0056
vn -0 1 0.0059
vn -0.0001 1 0.0055
vn -0 1 0.0056
vn 0.0001 1 0.0059
vn -0 1 0.0059
vn -0 1 0.0056
vn -0 1 0.0054
vn 0.0001 1 0.0059
vn -0 1 0.0054
vn -0 1 0.0054
vn -0 1 0.0056
vn -0 1 0.0054
vn -0 1 0.0054
vn -0 1 0.0054
vn -0 1 0.0051
vn -0 1 0.0054
vn -0 1 0.0054
vn -0 1 0.0051
vn -0.0001 1 0.0053
vn -0 1 0.0054
vn -0 1 0.0051
vn -0 1 0.0053
vn -0.0001 1 0.0053
vn 0.0003 1 0.0055
vn -0 1 0.0053
vn -0 1 0.0051
vn 0.0003 1 0.0055
vn 0.0001 1 0.0057
vn -0 1 0.0053
vn 0.0003 1 0.0055
vn -0 1 0.0053
vn 0.0001 1 0.0057
vn -0 1 0.0053
vn -0 1 0.0054
vn -0 1 0.0057
vn -0 1 0.0056
vn -0 1 0.0053
vn 0.0003 1 0.0055
vn -0 1 0.0053
vn -0 1 0.0054
vn -0 1 0.0053
vn -0 1 0.0056
vn -0 1 0.0051
vn -0 1 0.0053
vn -0 1 0.0053
vn -0 1 0.0054
vn -0 1 0.0053
vn 0.0001 1 0.0053
vn -0 1 0.0055
vn -0.0003 1 0.0056
vn -0 1 0.0053
vn -0 1 0.0057
vn -0 1 0.0054
vn -0 1 0.0056
vn -0 1 0.0055
vn -0 1 0.0051
vn 0.0001 1 0.0054
vn -0 1 0.0055
vn 0.0001 1 0.0053
vn -0 1 0.0055
vn -0 1 0.0057
vn -0 1 0.0053
vn -0 1 0.0055
vn -0 1 0.0056
vn -0 1 0.0057
vn -0.0002 1 0.0055
vn -0 1 0.0055
vn 0.0001 1 0.0054
vn -0 1 0.0056
vn -0 1 0.0055
vn -0 1 0.0056
vn -0 1 0.0056
vn 0.0002 1 0.0055
vn -0 1 0.0055
vn -0 1 0.0055
vn -0 1 0.0052
vn -0 1 0.0056
vn -0 1 0.0058
vn -0 1 0.0052
vn -0 1 0.0055
vn -0.0002 1 0.0056
vn -0 1 0.0055
vn -0.0002 1 0.0055
vn -0 1 0.0058
vn -0 1 0.0054
vn -0 1 0.0052
vn -0 1 0.0052
vn -0 1 0.0054
vn -0 1 0.0058
vn -0 1 0.0055
vn -0 1 0.0055
vn -0.0002 1 0.0056
vn -0 1 0.0056
vn -0.0001 1 0.0054
vn 0.0002 1 0.0055
vn -0 1 0.0052
vn -0 1 0.0051
vn -0 1 0.0054
vn -0 1 0.0053
vn -0 1 0.0055
vn -0 1 0.0055
vn -0 1 0.0056
vn -0 1 0.0051
vn -0 1 0.0052
vn -0 1 0.0056
vn -0 1 0.0056
vn -0 1 0.0051
vn -0 1 0.0055
vn -0 1 0.0055
vn -0 1 0.0053
vn -0 1 0.0056
vn -0 1 0.0054
vn -0.0001 1 0.0054
vn -0 1 0.0056
vn -0 1 0.0053
vn -0 1 0.0056
vn -0 1 0.0051
vn -0 1 0.0053
vn -0 1 0.0056
vn 0.0001 1 0.0055
vn -0 1 0.0055
vn -0 1 0.0055
vn -0 1 0.0051
vn -0 1 0.0052
vn -0 1 0.0053
vn 0.0001 1 0.0057
vn -0 1 0.0054
vn -0 1 0.0056
vn -0.0002 1 0.0057
vn -0 1 0.0055
vn 0.0001 1 0.0055
vn 0.0001 1 0.0057
vn -0 1 0.0057
vn -0 1 0.0054
vn -0 1 0.0054
vn -0 1 0.0052
vn -0 1 0.0051
vn -0 1 0.0054
vn -0 1 0.0054
vn -0 1 0.0052
vn 0.0001 1 0.005
vn -0 1 0.0055
vn -0.0002 1 0.0057
vn -0 1 0.0054
vn -0 1 0.0056
vn -0 1 0.0054
vn 0.0001 1 0.0054
vn -0 1 0.0055
vn 0.0001 1 0.005
vn -0 1 0.0058
vn -0 1 0.0056
vn -0 1 0.0054
vn -0 1 0.0058
vn -0 1 0.0056
vn -0 1 0.0056
vn 0.0001 1 0.0055
vn -0 1 0.0055
vn 0.0001 1 0.0054
vn -0 1 0.0058
vn 0.0001 1 0.0055
vn -0 1 0.0056
vn 0.0001 1 0.0057
vn -0 1 0.0053
vn -0 1 0.0057
vn -0 1 0.0058
vn -0 1 0.0055
vn 0.0001 1 0.0055
vn -0 1 0.0053
vn -0 1 0.0055
vn -0 1 0.0058
vn 0.0001 1 0.0057
vn -0 1 0.0051
vn -0 1 0.0053
vn -0 1 0.0051
vn -0 1 0.0055
vn -0 1 0.0053
vn 0.0001 1 0.0057
vn -0 1 0.0054
vn -0 1 0.0051
vn -0 1 0.0054
vn -0 1 0.0055
vn -0 1 0.0051
vn -0 1 0.0049
vn -0 1 0.0054
vn 0.0001 1 0.0057
vn -0 1 0.0049
vn 0.0001 1 0.006
vn -0 1 0.0054
vn -0 1 0.0059
vn -0 1 0.0055
vn -0 1 0.0054
vn -0 1 0.0055
vn 0.0001 1 0.006
vn -0 1 0.0049
vn -0 1 0.0055
vn -0 1 0.0055
vn 0.0001 1 0.006
vn -0 1 0.0053
vn -0 1 0.0055
vn -0 1 0.0059
vn -0 1 0.0053
vn -0 1 0.0052
vn -0 1 0.0055
vn -0 1 0.0058
vn -0 1 0.0055
vn -0 1 0.0055
vn -0 1 0.0058
vn -0 1 0.0051
vn -0 1 0.0055
vn -0 1 0.0054
vn -0 1 0.0052
vn -0 1 0.0053
vn -0 1 0.0054
vn -0 1 0.0057
vn -0 1 0.0052
vn -0 1 0.0058
vn -0 1 0.0053
vn -0 1 0.0051
vn -0 1 0.0057
vn -0 1 0.0057
vn -0 1 0.0054
vn -0.0001 1 0.0052
vn -0 1 0.0053
vn -0 1 0.0058
vn -0 1 0.0057
vn -0 1 0.0055
vn -0 1 0.0057
vn -0.0001 1 0.0052
vn -0 1 0.0054
vn -0 1 0.0053
vn -0 1 0.0053
vn -0 1 0.0055
vn -0 1 0.0057
vn -0 1 0.0053
vn -0.0001 1 0.0051
vn -0 1 0.0055
vn -0 1 0.0051
vn -0 1 0.0054
vn -0.0001 1 0.0052
vn -0 1 0.0051
vn 0.0001 1 0.0057
vn -0 1 0.0054
vn -0.0001 1 0.0055
vn -0.0001 1 0.0051
vn -0 1 0.0053
vn -0.0001 1 0.0055
vn -0 1 0.0055
vn -0.0001 1 0.0051
vn -0 1 0.0051
vn -0 1 0.0054
vn 0.0001 1 0.0057
vn -0 1 0.0056
vn -0 1 0.0055
vn -0.0001 1 0.0055
vn -0 1 0.0056
vn -0 1 0.0054
vn -0 1 0.0055
vn -0 1 0.0054
vn -0 1 0.0054
vn -0 1 0.0051
vn -0 1 0.0054
vn -0 1 0.0057
vn -0 1 0.0054
vn -0 1 0.0054
vn -0 1 0.0054
vn -0 1 0.0056
vn -0 1 0.0054
vn -0 1 0.0054
vn -0 1 0.0054
vn -0 1 0.0054
vn -0 1 0.0055
vn -0 1 0.0057
vn -0 1 0.0054
vn -0 1 0.0059
vn -0 1 0.0054
vn -0 1 0.0054
vn -0 1 0.0059
vn -0 1 0.0054
vn -0 1 0.0056
vn -0 1 0.0055
vn -0 1 0.0054
vn -0 1 0.0054
vn -0 1 0.0054
vn -0 1 0.0059
vn -0 1 0.0056
vn -0 1 0.0054
vn -0 1 0.0055
vn -0 1 0.0054
vn -0 1 0.0054
vn -0 1 0.0054
vn -0 1 0.0054
vn -0 1 0.0052
vn -0 1 0.0054
vn -0 1 0.0056
vn -0 1 0.0058
vn -0 1 0.0054
vn -0 1 0.0055
vn -0 1 0.0052
vn -0 1 0.0054
vn -0 1 0.0056
vn -0 1 0.0058
vn -0 1 0.0056
vn -0 1 0.0055
vn 0.0001 1 0.0059
vn -0 1 0.0052
vn -0 1 0.006
vn 0.0001 1 0.0059
vn -0 1 0.0055
vn -0 1 0.0053
vn -0 1 0.0055
vn -0.0001 1 0.0053
vn -0 1 0.0053
vn -0 1 0.0054
vn -0 1 0.0055
vn -0 1 0.0053
vn -0 1 0.0054
vn -0 1 0.0054
vn -0 1 0.0054
vn -0 1 0.0054
vn -0 1 0.0053
vn -0 -0 1
vn -0 -0 1
vn -0 -0 1
vn -0.0001 1 0.0054
vn -0 1 0.0055
vn -0 1 0.0055
vn -0 -0 1
vn -0 -0 1
vn -0 -0 1
vn -0.0001 1 0.0054
vn -0.0001 1 0.0053
vn -0 1 0.0055
vn -0.0001 1 0.0054
vn -0 1 0.0056
vn -0.0001 1 0.0053
vn -0 1 0.0056
vn -0 1 0.0056
vn -0.0001 1 0.0054
vn -0 1 0.0056
vn -0 1 0.0055
vn -0 1 0.0056
vn -0 1 0.0056
vn -0 1 0.0055
vn -0 1 0.0055
vn -0 1 0.0053
vn -0 1 0.0055
vn -0 1 0.0056
vn -0 1 0.0053
vn -0 1 0.0054
vn -0 1 0.0055
vn 0.0002 1 0.0055
vn -0 1 0.0054
vn 0.0002 1 0.0055
vn -0.0004 1 0.0055
vn -0 1 0.0054
vn 0.0002 1 0.0055
vn -0 1 0.0053
vn -0 1 0.0055
vn -0 1 0.0054
vn 0.0001 1 0.0053
vn -0 1 0.0054
vn -0.0004 1 0.0055
vn -0 1 0.0051
vn -0 1 0.0055
vn -0 1 0.0053
vn -0 1 0.0051
vn 0.0001 1 0.0053
vn -0 1 0.0055
vn -0.0002 1 0.0055
vn -0 1 0.0054
vn 0.0001 1 0.0053
vn 0.0001 1 0.0054
vn -0 1 0.0054
vn -0.0002 1 0.0055
vn -0 1 0.0051
vn -0 1 0.0056
vn 0.0001 1 0.0053
vn 0.0001 1 0.0055
vn -0 1 0.0054
vn 0.0001 1 0.0054
vn -0 1 0.0051
vn -0 1 0.0057
vn -0 1 0.0056
vn -0.0002 1 0.0053
vn -0 1 0.0054
vn 0.0001 1 0.0055
vn -0 1 0.0051
vn 0.0001 1 0.0059
vn -0 1 0.0057
vn -0.0001 1 0.0059
vn -0 1 0.0054
vn -0.0002 1 0.0053
vn 0.0001 1 0.0054
vn 0.0001 1 0.0059
vn -0 1 0.0051
vn -0 1 0.0056
vn -0 1 0.0054
vn -0.0001 1 0.0059
vn 0.0001 1 0.0054
vn -0 1 0.0053
vn 0.0001 1 0.0059
vn 0.0005 1 0.0047
vn -0 1 0.0054
vn -0 1 0.0056
vn 0.0001 1 0.0054
vn -0 1 0.0054
vn -0 1 0.0053
vn 0.0002 1 0.0052
vn -0 1 0.0054
vn 0.0005 1 0.0047
vn 0.0001 1 0.0054
vn -0 1 0.0055
vn -0 1 0.0054
vn -0 1 0.0055
vn -0 1 0.0054
vn 0.0002 1 0.0052
vn 0.0001 1 0.0054
vn -0 1 0.0054
vn -0 1 0.0055
vn -0 1 0.0055
vn -0 1 0.0054
vn 0.0001 1 0.0054
vn -0 1 0.0053
vn -0 1 0.0054
vn -0 1 0.0055
vn -0 1 0.0057
vn -0 1 0.0054
vn -0 1 0.0053
vn -0 1 0.0057
vn -0 1 0.0054
vn -0 1 0.0054
vn -0 1 0.0054
vn -0 1 0.0054
vn -0 1 0.0057
vn -0 1 0.0054
vn -0 1 0.0055
vn -0 1 0.0054
vn -0 1 0.0054
vn -0 1 0.0058
vn -0 1 0.0055
vn -0 1 0.0053
vn -0 1 0.0058
vn -0 1 0.0054
vn -0 1 0.0053
vn -0 1 0.0052
vn -0 1 0.0058
vn -0 1 0.0053
vn -0 1 0.0056
vn -0 1 0.0052
vn -0 1 0.0053
vn -0 1 0.0055
vn -0 1 0.0056
vn -0 1 0.0056
vn -0 1 0.0055
vn -0 1 0.0053
vn -0 1 0.0056
vn -0 1 0.0052
vn -0 1 0.0055
vn -0 1 0.0056
vn -0 1 0.0055
vn -0 1 0.0052
vn 0.0001 1 0.0055
vn -0 1 0.0055
vn -0 1 0.0056
vn 0.0001 1 0.0055
vn -0 1 0.005
vn -0 1 0.0055
vn 0.0001 1 0.0055
vn -0 1 0.0059
vn -0 1 0.005
vn -0 1 0.0056
vn -0 1 0.0059
vn 0.0001 1 0.0055
vn -0 1 0.0056
vn 0.0001 1 0.0061
vn -0 1 0.0059
vn -0 -1 -0.0055
vn -0 -1 -0.0052
vn -0 -1 -0.0055
vn -0 -1 -0.0055
vn -0 -1 -0.0052
vn -0 -1 -0.0055
vn -0 -1 -0.0054
vn -0 -1 -0.0052
vn -0 -1 -0.0052
vn -0 -1 -0.0054
vn -0 -1 -0.0054
vn -0 -1 -0.0052
vn -0 -1 -0.0054
vn 0.0001 -1 -0.0053
vn -0 -1 -0.0054
vn 0.0001 -1 -0.0059
vn 0.0001 -1 -0.0053
vn -0 -1 -0.0054
vn 0.0001 -1 -0.0059
vn -0 -1 -0.0055
vn 0.0001 -1 -0.0053
vn 0.0001 -1 -0.0059
vn -0 -1 -0.0053
vn -0 -1 -0.0055
vn 0.0001 -1 -0.0059
vn -0 -1 -0.0055
vn -0 -1 -0.0053
vn -0 -1 -0.0053
vn -0 -1 -0.0055
vn 0.0001 -1 -0.0059
vn -0 -1 -0.0053
vn -0 -1 -0.0057
vn -0 -1 -0.0055
vn -0 -1 -0.0053
vn -0 -1 -0.0051
vn -0 -1 -0.0057
vn -0 -1 -0.0054
vn -0 -1 -0.0051
vn -0 -1 -0.0053
vn -0 -1 -0.0054
vn -0 -1 -0.0057
vn -0 -1 -0.0051
vn -0 -1 -0.0054
vn -0 -1 -0.0054
vn -0 -1 -0.0057
vn -0 -1 -0.0054
vn -0 -1 -0.0056
vn -0 -1 -0.0054
vn -0.0001 -1 -0.0057
vn -0 -1 -0.0056
vn -0 -1 -0.0054
vn -0.0001 -1 -0.0057
vn -0 -1 -0.0055
vn -0 -1 -0.0056
vn 0.0004 -1 -0.0053
vn -0 -1 -0.0052
vn -0 -1 -0.0055
vn 0.0002 -1 -0.0054
vn 0.0004 -1 -0.0053
vn -0 -1 -0.0055
vn 0.0001 -1 -0.0055
vn 0.0002 -1 -0.0054
vn -0 -1 -0.0055
vn -0.0001 -1 -0.0054
vn 0.0001 -1 -0.0055
vn -0 -1 -0.0055
vn -0.0001 -1 -0.0054
vn -0.0001 -1 -0.0054
vn -0 -1 -0.0055
vn -0.0003 -1 -0.0054
vn -0.0001 -1 -0.0054
vn -0 -1 -0.0055
vn 0.0002 -1 -0.0055
vn -0.0003 -1 -0.0054
vn -0 -1 -0.0055
vn -0.0001 -1 -0.0053
vn 0.0002 -1 -0.0055
vn -0 -1 -0.0055
vn -0.0001 -1 -0.0054
vn -0.0001 -1 -0.0053
vn -0 -1 -0.0055
vn -0 -1 -0.0054
vn -0.0001 -1 -0.0054
vn -0 -1 -0.0055
vn -0.0001 -1 -0.0057
vn -0 -1 -0.0054
vn -0 -1 -0.0055
vn 0.0001 -1 -0.0053
vn -0 -1 -0.0054
vn -0.0001 -1 -0.0057
vn -0 -1 -0.0053
vn 0.0001 -1 -0.0053
vn -0.0001 -1 -0.0057
vn -0 -1 -0.0052
vn 0.0001 -1 -0.0053
vn -0 -1 -0.0053
vn -0 -1 -0.0057
vn -0 -1 -0.0052
vn -0 -1 -0.0053
vn -0 -1 -0.0053
vn -0 -1 -0.0057
vn -0 -1 -0.0053
vn -0 -1 -0.0053
vn -0 -1 -0.0052
vn -0 -1 -0.0057
vn -0 -1 -0.0053
vn -0 -1 -0.0059
vn -0 -1 -0.0052
vn -0 -1 -0.0051
vn -0 -1 -0.0059
vn -0 -1 -0.0053
vn -0 -1 -0.0051
vn -0 -1 -0.0055
vn -0 -1 -0.0059
vn -0 -1 -0.0051
vn -0 -1 -0.005
vn -0 -1 -0.0055
vn -0 -1 -0.0051
vn -0 -1 -0.0052
vn -0 -1 -0.005
vn -0 -1 -0.0057
vn -0 -1 -0.0052
vn -0 -1 -0.0051
vn -0 -1 -0.0057
vn -0 -1 -0.0056
vn -0 -1 -0.0052
vn -0 -1 -0.0057
vn -0 -1 -0.0051
vn -0 -1 -0.0056
vn -0 -1 -0.0054
vn -0 -1 -0.0052
vn 0.0004 -1 -0.0053
vn -0 -1 -0.0055
vn -0 -1 -0.0051
vn -0 -1 -0.0057
vn -0 -1 -0.0055
vn -0.0002 -1 -0.0054
vn -0 -1 -0.0051
vn -0 -1 -0.0055
vn -0.0001 -1 -0.0056
vn -0.0002 -1 -0.0054
vn -0.0001 -1 -0.0053
vn -0.0001 -1 -0.0056
vn -0 -1 -0.0055
vn -0.0001 -1 -0.0053
vn -0 -1 -0.0052
vn -0.0001 -1 -0.0056
vn -0.0001 -1 -0.0053
vn -0 -1 -0.0053
vn -0 -1 -0.0052
vn -0.0001 -1 -0.0054
vn -0 -1 -0.0053
vn -0.0001 -1 -0.0053
vn -0.0001 -1 -0.0054
vn -0 -1 -0.0058
vn -0 -1 -0.0053
vn -0 -1 -0.0055
vn -0 -1 -0.0058
vn -0.0001 -1 -0.0054
vn -0 -1 -0.0055
vn 0.0002 -1 -0.0053
vn -0 -1 -0.0058
vn -0 -1 -0.0055
vn -0 -1 -0.0053
vn 0.0002 -1 -0.0053
vn -0.0001 -1 -0.0057
vn -0 -1 -0.0053
vn -0 -1 -0.0055
vn -0.0001 -1 -0.0057
vn -0.0001 -1 -0.0055
vn -0 -1 -0.0053
vn -0.0001 -1 -0.0055
vn -0.0001 -1 -0.0055
vn -0.0001 -1 -0.0057
vn -0.0001 -1 -0.0055
vn -0.0001 -1 -0.0055
vn -0.0001 -1 -0.0055
vn -0.0001 -1 -0.0055
vn -0 -1 -0.0059
vn -0.0001 -1 -0.0055
vn -0.0001 -1 -0.0053
vn -0 -1 -0.0059
vn -0.0001 -1 -0.0055
vn -0.0001 -1 -0.0053
vn 0.0001 -1 -0.0056
vn -0 -1 -0.0059
vn -0.0001 -1 -0.0053
vn -0 -1 -0.0053
vn 0.0001 -1 -0.0056
vn -0.0001 -1 -0.0053
vn -0 -1 -0.0052
vn -0 -1 -0.0053
vn -0 -1 -0.0053
vn -0 -1 -0.0052
vn -0.0001 -1 -0.0053
vn -0 -1 -0.0053
vn -0 -1 -0.0055
vn -0 -1 -0.0052
vn -0.0001 -1 -0.0055
vn -0 -1 -0.0052
vn -0 -1 -0.0054
vn -0 -1 -0.0055
vn -0 -1 -0.0052
vn -0.0001 -1 -0.0055
vn -0 -1 -0.0053
vn 0.0001 -1 -0.0057
vn -0 -1 -0.0055
vn 0.0001 -1 -0.0054
vn -0 -1 -0.0052
vn -0 -1 -0.0055
vn -0 -1 -0.0055
vn -0 -1 -0.0052
vn 0.0001 -1 -0.0054
vn -0.0001 -1 -0.0055
vn -0 -1 -0.0052
vn -0 -1 -0.0055
vn 0.0001 -1 -0.0053
vn -0 -1 -0.0052
vn -0.0001 -1 -0.0055
vn -0 -1 -0.0053
vn -0 -1 -0.0058
vn 0.0001 -1 -0.0057
vn -0 -1 -0.0054
vn -0 -1 -0.0052
vn 0.0001 -1 -0.0053
vn 0.0001 -1 -0.0057
vn -0 -1 -0.0058
vn -0 -1 -0.0053
vn 0.0001 -1 -0.005
vn -0 -1 -0.0052
vn -0 -1 -0.0054
vn -0 -1 -0.0054
vn -0 -1 -0.0052
vn 0.0001 -1 -0.005
vn 0.0001 -1 -0.0057
vn -0 -1 -0.0054
vn -0 -1 -0.0058
vn -0 -1 -0.0056
vn -0 -1 -0.0052
vn -0 -1 -0.0054
vn 0.0001 -1 -0.0052
vn -0 -1 -0.0052
vn -0 -1 -0.0056
vn -0 -1 -0.0054
vn -0 -1 -0.0052
vn 0.0001 -1 -0.0052
vn 0.0001 -1 -0.0057
vn -0 -1 -0.0052
vn -0 -1 -0.0054
vn -0 -1 -0.0056
vn -0 -1 -0.0052
vn 0.0001 -1 -0.0057
vn -0 -1 -0.0053
vn -0 -1 -0.0052
vn -0 -1 -0.0056
vn -0 -1 -0.0053
vn -0 -1 -0.0055
vn -0 -1 -0.0052
vn -0 -1 -0.0057
vn -0 -1 -0.0055
vn -0 -1 -0.0053
vn -0 -1 -0.0057
vn -0 -1 -0.005
vn -0 -1 -0.0055
vn -0 -1 -0.0057
vn -0 -1 -0.0054
vn -0 -1 -0.005
vn -0 -1 -0.0057
vn -0 -1 -0.0054
vn -0 -1 -0.0054
vn -0 -1 -0.0049
vn -0 -1 -0.0054
vn -0 -1 -0.0057
vn -0 -1 -0.0049
vn -0 -1 -0.0054
vn -0 -1 -0.0054
vn -0 -1 -0.0049
vn -0 -1 -0.0056
vn -0 -1 -0.0054
vn -0 -1 -0.0049
vn -0 -1 -0.0057
vn -0 -1 -0.0056
vn -0 -1 -0.0057
vn -0 -1 -0.0057
vn -0 -1 -0.0049
vn -0 -1 -0.0057
vn -0 -1 -0.0051
vn -0 -1 -0.0057
vn -0 -1 -0.0057
vn -0 -1 -0.0056
vn -0 -1 -0.0051
vn -0 -1 -0.0057
vn -0 -1 -0.0055
vn -0 -1 -0.0056
vn -0 -1 -0.0056
vn -0 -1 -0.0055
vn -0 -1 -0.0057
vn -0 -1 -0.0056
vn -0 -1 -0.006
vn -0 -1 -0.0055
vn -0 -1 -0.0058
vn -0 -1 -0.0057
vn -0 -1 -0.0056
vn -0 -1 -0.0058
vn -0 -1 -0.0053
vn -0 -1 -0.0057
vn -0 -1 -0.0054
vn -0 -1 -0.0053
vn -0 -1 -0.0058
vn -0 -1 -0.0054
vn -0 -1 -0.0055
vn -0 -1 -0.0053
vn -0 -1 -0.0054
vn -0 -1 -0.0055
vn -0 -1 -0.0055
vn -0 -1 -0.0047
vn -0 -1 -0.0055
vn -0 -1 -0.0054
vn -0 -1 -0.0047
vn -0 -1 -0.0054
vn -0 -1 -0.0055
vn -0 -1 -0.0059
vn -0 -1 -0.0054
vn -0 -1 -0.0047
vn -0 -1 -0.0059
vn -0 -1 -0.0057
vn -0 -1 -0.0054
vn -0 -1 -0.0059
vn -0 -1 -0.0051
vn -0 -1 -0.0057
vn -0 -1 -0.006
vn -0 -1 -0.0051
vn -0 -1 -0.0059
vn -0 -1 -0.006
vn -0 -1 -0.006
vn -0 -1 -0.0051
vn -0 -1 -0.0051
vn -0 -1 -0.006
vn -0 -1 -0.006
vn -0 -1 -0.0051
vn -0.0001 -1 -0.0055
vn -0 -1 -0.006
vn -0 -1 -0.0051
vn -0 -1 -0.005
vn -0.0001 -1 -0.0055
vn -0 -1 -0.0054
vn -0 -1 -0.005
vn -0 -1 -0.0051
vn -0 -1 -0.0054
vn -0 -1 -0.0054
vn -0 -1 -0.005
vn -0 -1 -0.0061
vn -0 -1 -0.0054
vn -0 -1 -0.0054
vn -0 -1 -0.0061
vn -0 -1 -0.0058
vn -0 -1 -0.0054
vn 0.0001 -1 -0.0054
vn -0.0002 -1 -0.0057
vn -0 -1 -0.0058
vn -0.0001 -1 -0.0055
vn 0.0001 -1 -0.0054
vn -0 -1 -0.0058
vn 0.0003 -1 -0.0055
vn -0.0001 -1 -0.0055
vn -0 -1 -0.0058
vn -0.0001 -1 -0.0054
vn 0.0003 -1 -0.0055
vn -0 -1 -0.0058
vn -0 -1 -0.0055
vn -0.0001 -1 -0.0054
vn -0 -1 -0.0058
vn -0 -1 -0.0054
vn -0 -1 -0.0055
vn -0 -1 -0.0058
vn -0.0002 -1 -0.0051
vn -0 -1 -0.0054
vn -0 -1 -0.0058
vn -0 -1 -0.0054
vn -0.0002 -1 -0.0051
vn -0 -1 -0.0058
vn -0.0001 -1 -0.0052
vn -0 -1 -0.0054
vn -0 -1 -0.0058
vn -0 -1 -0.0063
vn -0.0001 -1 -0.0052
vn -0 -1 -0.0058
vn -0 -1 -0.0061
vn -0 -1 -0.0063
vn -0 -1 -0.0058
vn -0 -1 -0.0064
vn -0 -1 -0.0063
vn -0 -1 -0.0061
vn -0.0001 -1 -0.0059
vn -0 -1 -0.0064
vn -0 -1 -0.0061
vn 0.0001 -1 -0.0053
vn -0.0001 -1 -0.0059
vn -0 -1 -0.0061
vn -0 -1 -0.0051
vn -0.0001 -1 -0.0059
vn 0.0001 -1 -0.0053
vn -0 -1 -0.0057
vn -0 -1 -0.0051
vn 0.0001 -1 -0.0053
vn -0 -1 -0.0057
vn -0 -1 -0.0052
vn -0 -1 -0.0051
vn -0 -1 -0.0057
vn -0 -1 -0.0053
vn -0 -1 -0.0052
vn -0 -1 -0.0057
vn -0 -1 -0.0056
vn -0 -1 -0.0053
vn -0 -1 -0.0057
vn -0 -1 -0.0054
vn -0 -1 -0.0056
vn -0 -1 -0.0057
vn -0 -1 -0.0057
vn -0 -1 -0.0054
vn -0 -1 -0.0056
vn -0 -1 -0.0057
vn -0 -1 -0.0057
vn -0 -1 -0.0056
vn -0 -1 -0.0056
vn -0 -1 -0.0057
vn -0 -1 -0.0056
vn -0.0001 -1 -0.0058
vn -0 -1 -0.0056
vn -0 -1 -0.0056
vn -0 -1 -0.0055
vn -0.0001 -1 -0.0058
vn -0 -1 -0.0053
vn -0 -1 -0.0055
vn -0 -1 -0.0056
vn -0 -1 -0.0053
vn -0 -1 -0.0051
vn -0 -1 -0.0055
vn -0 -1 -0.0053
vn 0.0002 -1 -0.0055
vn -0 -1 -0.0051
vn -0 -1 -0.0054
vn 0.0002 -1 -0.0055
vn -0 -1 -0.0053
vn -0 -1 -0.0054
vn 0.0001 -1 -0.0054
vn 0.0002 -1 -0.0055
vn -0 -1 -0.0054
vn -0 -1 -0.0054
vn 0.0001 -1 -0.0054
vn 0.0001 -1 -0.0056
vn -0.0001 -1 -0.0054
vn -0 -1 -0.0054
vn -0 -1 -0.0054
vn 0.0001 -1 -0.0056
vn -0 -1 -0.0054
vn 0.0001 -1 -0.0056
vn -0 -1 -0.0054
vn -0.0001 -1 -0.0054
vn 0.0001 -1 -0.0056
vn -0 -1 -0.0055
vn -0 -1 -0.0054
vn 0.0001 -1 -0.0056
vn -0 -1 -0.0055
vn -0 -1 -0.0055
vn 0.0001 -1 -0.0056
vn -0 -1 -0.0054
vn -0 -1 -0.0055
vn -0 -1 -0.0054
vn -0 -1 -0.0054
vn 0.0001 -1 -0.0056
vn -0 -1 -0.0054
vn -0 -1 -0.0052
vn 0.0001 -1 -0.0056
vn -0 -1 -0.0052
vn -0 -1 -0.0054
vn -0 -1 -0.0054
vn -0 -1 -0.0052
vn -0 -1 -0.0059
vn -0 -1 -0.0054
vn -0 -1 -0.0056
vn -0 -1 -0.0059
vn -0 -1 -0.0052
vn -0 -1 -0.0056
vn -0 -1 -0.0059
vn -0 -1 -0.0059
vn -0 -1 -0.0055
vn -0 -1 -0.0059
vn -0 -1 -0.0056
vn -0 -1 -0.0055
vn -0 -1 -0.0052
vn -0 -1 -0.0059
vn -0 -1 -0.0057
vn -0 -1 -0.0052
vn -0 -1 -0.0055
vn -0 -1 -0.0053
vn -0 -1 -0.0052
vn -0 -1 -0.0057
vn -0 -1 -0.0053
vn -0 -1 -0.0052
vn -0 -1 -0.0052
vn -0 -1 -0.005
vn -0 -1 -0.0052
vn -0 -1 -0.0053
vn -0 -1 -0.005
vn -0.0001 -1 -0.0059
vn -0 -1 -0.0052
vn -0 -1 -0.0052
vn -0.0001 -1 -0.0059
vn -0 -1 -0.005
vn -0 -1 -0.0054
vn -0.0001 -1 -0.0059
vn -0 -1 -0.0052
vn -0 -1 -0.0054
vn -0 -1 -0.0053
vn -0.0001 -1 -0.0059
vn 0.0001 -1 -0.0052
vn -0 -1 -0.0053
vn -0 -1 -0.0054
vn 0.0001 -1 -0.006
vn -0 -1 -0.0053
vn 0.0001 -1 -0.0052
vn 0.0001 -1 -0.006
vn -0 -1 -0.0056
vn -0 -1 -0.0053
vn -0 -1 -0.0054
vn -0 -1 -0.0056
vn 0.0001 -1 -0.006
vn -0 -1 -0.0054
vn -0 -1 -0.0053
vn -0 -1 -0.0056
vn -0 -1 -0.0054
vn -0 -1 -0.0053
vn -0 -1 -0.0054
vn -0 -1 -0.0052
vn -0 -1 -0.0053
vn -0 -1 -0.0054
vn -0 -1 -0.0052
vn -0 -1 -0.0053
vn -0 -1 -0.0053
vn -0.0001 -1 -0.0057
vn -0 -1 -0.0053
vn -0 -1 -0.0052
vn 0.0001 -1 -0.0052
vn -0 -1 -0.0053
vn -0.0001 -1 -0.0057
vn -0 -1 -0.0054
vn -0 -1 -0.0054
vn -0 -1 -0.0052
vn 0.0001 -1 -0.0052
vn -0 -1 -0.0056
vn -0 -1 -0.0053
vn -0 -1 -0.0054
vn 0.0001 -1 -0.0053
vn -0 -1 -0.0054
vn 0.0001 -1 -0.0053
vn -0 -1 -0.0056
vn 0.0001 -1 -0.0052
vn -0 -1 -0.0054
vn -0 -1 -0.0054
vn 0.0001 -1 -0.0053
vn -0 -1 -0.0056
vn -0 -1 -0.0054
vn -0 -1 -0.0054
vn -0 -1 -0.0057
vn -0 -1 -0.0054
vn -0 -1 -0.0054
vn -0 -1 -0.0054
vn -0 -1 -0.0056
vn 0.0001 -1 -0.0053
vn -0 -1 -0.0056
vn -0 -1 -0.0053
vn -0 -1 -0.0054
vn -0 -1 -0.0057
vn -0 -1 -0.0055
vn -0 -1 -0.0054
vn -0 -1 -0.0053
vn -0 -1 -0.0055
vn -0 -1 -0.0057
vn -0 -1 -0.0056
vn 0.0001 -1 -0.0056
vn -0 -1 -0.0053
vn -0 -1 -0.0054
vn -0 -1 -0.0055
vn -0 -1 -0.0056
vn -0 -1 -0.0054
vn -0 -1 -0.0055
vn -0 -1 -0.0054
vn -0 -1 -0.0057
vn -0 -1 -0.0055
vn -0 -1 -0.0053
vn -0 -1 -0.0057
vn -0 -1 -0.0054
vn -0 -1 -0.0055
vn -0 -1 -0.0056
vn 0.0001 -1 -0.0054
vn 0.0001 -1 -0.0056
vn -0 -1 -0.0054
vn -0 -1 -0.0054
vn -0 -1 -0.0057
vn -0 -1 -0.0054
vn -0 -1 -0.0055
vn -0 -1 -0.0054
vn -0 -1 -0.0056
vn -0.0001 -1 -0.0053
vn 0.0001 -1 -0.0054
vn -0 -1 -0.0055
vn -0 -1 -0.0055
vn -0 -1 -0.0054
vn -0 -1 -0.0051
vn -0 -1 -0.0055
vn -0 -1 -0.0054
vn -0 -1 -0.0056
vn -0 -1 -0.0053
vn -0.0001 -1 -0.0053
vn -0 -1 -0.0051
vn -0 -1 -0.0052
vn -0 -1 -0.0055
vn -0 -1 -0.0053
vn -0 -1 -0.0052
vn -0 -1 -0.0051
vn -0 -1 -0.0056
vn 0.0003 -1 -0.0056
vn -0 -1 -0.0053
vn -0 -1 -0.0054
vn -0 -1 -0.0055
vn -0 -1 -0.0055
vn -0 -1 -0.0058
vn -0 -1 -0.0052
vn -0 -1 -0.0053
vn -0 -1 -0.0058
vn -0 -1 -0.0055
vn -0 -1 -0.0052
vn -0 -1 -0.0056
vn -0 -1 -0.0054
vn 0.0003 -1 -0.0056
vn -0 -1 -0.0057
vn -0 -1 -0.0055
vn -0 -1 -0.0058
vn -0 -1 -0.0054
vn -0 -1 -0.0053
vn -0 -1 -0.0055
vn -0 -1 -0.0056
vn 0.0001 -1 -0.0055
vn -0 -1 -0.0054
vn -0 -1 -0.0055
vn -0 -1 -0.0053
vn -0 -1 -0.0054
vn -0 -1 -0.0057
vn -0 -1 -0.0053
vn -0 -1 -0.0055
vn -0 -1 -0.0053
vn -0 -1 -0.0053
vn -0 -1 -0.0057
vn -0 -1 -0.0056
vn 0.0003 -1 -0.0055
vn 0.0001 -1 -0.0055
vn -0 -1 -0.0052
vn -0 -1 -0.0053
vn -0 -1 -0.0053
vn -0 -1 -0.0056
vn -0 -1 -0.0055
vn 0.0003 -1 -0.0055
vn -0 -1 -0.0052
vn -0 -1 -0.0057
vn -0 -1 -0.0053
vn -0 -1 -0.0057
vn -0 -1 -0.0057
vn -0 -1 -0.0052
vn -0 -1 -0.0056
vn -0 -1 -0.0059
vn -0 -1 -0.0055
vn -0 -1 -0.0059
vn -0 -1 -0.0057
vn -0 -1 -0.0057
vn -0 -1 -0.0054
vn -0 -1 -0.0053
vn -0 -1 -0.0055
vn -0 -1 -0.0056
vn -0 -1 -0.0057
vn -0 -1 -0.0059
vn -0 -1 -0.0056
vn 0.0001 -1 -0.0059
vn -0 -1 -0.0057
vn -0 -1 -0.0056
vn -0 -1 -0.0053
vn -0 -1 -0.0054
vn -0 -1 -0.0056
vn -0 -1 -0.0056
vn 0.0001 -1 -0.0059
vn -0 -1 -0.0056
vn -0 -1 -0.0053
vn -0 -1 -0.0056
vn -0 -1 -0.0056
vn -0 -1 -0.0056
vn -0 -1 -0.0056
vn -0 -1 -0.0056
vn -0.0001 -1 -0.0056
vn -0 -1 -0.0053
vn -0 -1 -0.0054
vn -0.0001 -1 -0.0056
vn -0 -1 -0.0056
vn -0 -1 -0.0056
vn -0 -1 -0.0052
vn -0 -1 -0.0056
vn -0 -1 -0.0054
vn -0 -1 -0.0053
vn -0.0001 -1 -0.0056
vn -0 -1 -0.0053
vn -0 -1 -0.0053
vn -0 -1 -0.0054
vn -0 -1 -0.0056
vn -0 -1 -0.0052
vn -0 -1 -0.0052
vn -0 -1 -0.0054
vn -0 -1 -0.0052
vn -0 -1 -0.0056
vn -0 -1 -0.0053
vn -0 -1 -0.0055
vn -0 -1 -0.0053
vn -0 -1 -0.0054
vn -0 -1 -0.0055
vn -0 -1 -0.0053
vn -0 -1 -0.0054
vn -0 -1 -0.0054
vn -0 -1 -0.0052
vn -0 -1 -0.0053
vn -0 -1 -0.0054
vn -0 -1 -0.0054
vn -0 -1 -0.0054
vn -0 -1 -0.0055
vn -0 -1 -0.0054
vn -0 -1 -0.0053
vn -0 -1 -0.0055
vn -0 -1 -0.0054
vn -0 -1 -0.0054
vn -0 -1 -0.0055
vn -0 -1 -0.0055
vn -0 -1 -0.0057
vn -0 -1 -0.0055
vn -0 -1 -0.0053
vn -0 -1 -0.0055
vn -0 -1 -0.0055
vn -0 -1 -0.0054
vn -0 -1 -0.0057
vn -0 -1 -0.0053
vn -0 -1 -0.0055
vn -0.0001 -1 -0.0056
vn -0 -1 -0.0053
vn -0 -1 -0.0057
vn -0 -1 -0.0055
vn -0 -1 -0.0054
vn -0 -1 -0.0055
vn 0.0001 -1 -0.0051
vn -0 -1 -0.0054
vn -0 -1 -0.0055
vn -0.0001 -1 -0.0056
vn -0 -1 -0.0057
vn -0 -1 -0.0053
vn -0 -1 -0.0051
vn -0 -1 -0.0057
vn -0.0001 -1 -0.0056
vn 0.0001 -1 -0.0062
vn -0 -1 -0.0054
vn 0.0001 -1 -0.0051
vn -0 -1 -0.0051
vn -0 -1 -0.0053
vn -0 -1 -0.0057
vn -0 -1 -0.0054
vn -0 -1 -0.0053
vn -0 -1 -0.0051
vn 0.0001 -1 -0.0062
vn -0 -1 -0.0052
vn -0 -1 -0.0054
vn -0 -1 -0.0053
vn -0 -1 -0.0052
vn 0.0001 -1 -0.0062
vn -0 -1 -0.0054
vn -0 -1 -0.0056
vn -0 -1 -0.0053
vn -0 -1 -0.0054
vn -0 -1 -0.0056
vn -0 -1 -0.0054
vn -0.0001 -1 -0.005
vn -0 -1 -0.0052
vn -0 -1 -0.0053
vn -0 -1 -0.0054
vn -0 -1 -0.0056
vn -0 -1 -0.0054
vn -0 -1 -0.0054
vn -0 -1 -0.0055
vn -0 -1 -0.0056
vn -0.0001 -1 -0.005
vn -0.0002 -1 -0.0057
vn -0 -1 -0.0052
vn -0 -1 -0.0054
vn -0 -1 -0.0055
vn -0 -1 -0.0054
vn -0 -1 -0.0053
vn -0.0002 -1 -0.0057
vn -0.0001 -1 -0.005
vn -0 -1 -0.0054
vn -0 -1 -0.0053
vn -0 -1 -0.0055
vn -0 -1 -0.0054
vn -0 -1 -0.0053
vn -0 -1 -0.0054
vn -0 -1 -0.0053
vn -0.0002 -1 -0.0057
vn -0 -1 -0.0053
vn -0 -1 -0.0054
vn -0 -1 -0.0054
vn -0 -1 -0.0053
vn -0 -1 -0.0053
vn -0 -1 -0.0052
vn -0.0002 -1 -0.0057
vn -0 -1 -0.0051
vn -0 -1 -0.0054
vn -0 -1 -0.0054
vn -0 -1 -0.0051
vn -0 -1 -0.0048
vn -0 -1 -0.0054
vn -0.0001 -1 -0.0054
vn -0 -1 -0.0054
vn -0.0001 -1 -0.0056
vn -0 -1 -0.0054
vn -0 -1 -0.0054
vn -0.0001 -1 -0.0054
vn -0 -1 -0.0054
vn -0 -1 -0.0054
vn -0 -1 -0.0054
vn -0 -1 -0.0054
vn -0 -1 -0.0054
vn -0 -1 -0.0054
vn -0 -0 1
vn -0 -0 1
vn -0 -0 1
vn -0 -1 -0.0055
vn 0.0001 -1 -0.0054
vn -0 -1 -0.0055
vn -0 -0 -1
vn -0 -0 -1
vn -0 -0 -1
vn -0 -1 -0.0057
vn 0.0001 -1 -0.0054
vn -0 -1 -0.0055
vn -0 -1 -0.0056
vn 0.0001 -1 -0.0054
vn -0 -1 -0.0057
vn -0 -1 -0.0056
vn 0.0001 -1 -0.0051
vn 0.0001 -1 -0.0054
vn -0 -1 -0.0051
vn 0.0001 -1 -0.0051
vn -0 -1 -0.0056
vn -0 -1 -0.0053
vn 0.0001 -1 -0.0051
vn -0 -1 -0.0051
vn -0 -1 -0.0053
vn -0 -1 -0.0053
vn 0.0001 -1 -0.0051
vn -0 -1 -0.0059
vn -0 -1 -0.0053
vn -0 -1 -0.0053
vn -0.0001 -1 -0.0055
vn 0.0001 -1 -0.0054
vn -0.0001 -1 -0.0054
vn -0.0001 -1 -0.0055
vn -0.0004 -1 -0.0055
vn 0.0001 -1 -0.0054
vn -0.0001 -1 -0.0057
vn -0 -1 -0.0053
vn -0 -1 -0.0059
vn -0.0001 -1 -0.0055
vn -0.0002 -1 -0.0056
vn -0.0004 -1 -0.0055
vn -0.0001 -1 -0.0057
vn -0 -1 -0.0058
vn -0 -1 -0.0053
vn -0.0001 -1 -0.0053
vn -0 -1 -0.0058
vn -0.0001 -1 -0.0057
vn -0.0001 -1 -0.0055
vn -0 -1 -0.0054
vn -0.0002 -1 -0.0056
vn -0.0001 -1 -0.0055
vn -0 -1 -0.0054
vn -0 -1 -0.0054
vn -0 -1 -0.0056
vn -0 -1 -0.0058
vn -0.0001 -1 -0.0053
vn -0.0001 -1 -0.0055
vn -0 -1 -0.0055
vn -0 -1 -0.0054
vn -0 -1 -0.0056
vn -0 -1 -0.0058
vn -0 -1 -0.0056
vn -0.0001 -1 -0.0055
vn -0.0002 -1 -0.0052
vn -0 -1 -0.0055
vn -0 -1 -0.0057
vn -0 -1 -0.0058
vn -0 -1 -0.0056
vn -0.0001 -1 -0.0055
vn 0.0002 -1 -0.0057
vn -0.0002 -1 -0.0052
vn -0 -1 -0.0057
vn -0 -1 -0.0055
vn -0 -1 -0.0058
vn -0.0001 -1 -0.0055
vn -0.0002 -1 -0.0051
vn 0.0002 -1 -0.0057
vn -0 -1 -0.0054
vn -0 -1 -0.0055
vn -0 -1 -0.0057
vn -0.0001 -1 -0.0055
vn -0 -1 -0.0055
vn -0.0002 -1 -0.0051
vn -0 -1 -0.0055
vn -0 -1 -0.0055
vn -0 -1 -0.0054
vn -0.0001 -1 -0.0055
vn -0.0002 -1 -0.0052
vn -0 -1 -0.0055
vn -0 -1 -0.0055
vn -0 -1 -0.0055
vn -0 -1 -0.0055
vn -0.0001 -1 -0.0055
vn -0 -1 -0.0055
vn -0.0002 -1 -0.0052
vn -0.0001 -1 -0.0055
vn -0 -1 -0.0055
vn -0 -1 -0.0055
vn -0.0001 -1 -0.0055
vn -0 -1 -0.0052
vn -0 -1 -0.0055
vn -0.0001 -1 -0.0055
vn -0 -1 -0.0055
vn -0 -1 -0.0052
vn -0.0001 -1 -0.0055
vn -0 -1 -0.0057
vn -0 -1 -0.0055
vn -0 -1 -0.0053
vn -0 -1 -0.0057
vn -0.0001 -1 -0.0055
vn -0 -1 -0.0053
vn -0 -1 -0.0056
vn -0 -1 -0.0057
vn -0 -1 -0.0055
vn -0 -1 -0.0056
vn -0 -1 -0.0053
vn -0 -1 -0.0058
vn -0 -1 -0.0056
vn -0 -1 -0.0055
vn -0 -1 -0.0058
vn -0 -1 -0.0053
vn -0 -1 -0.0056
vn -0 -1 -0.0057
vn -0 -1 -0.0053
vn -0 -1 -0.0058
vn -0 -1 -0.0058
vn -0 -1 -0.0053
vn -0 -1 -0.0057
vn -0 -1 -0.0054
vn -0 -1 -0.0053
vn -0 -1 -0.0058
vn -0 -1 -0.0054
vn -0 -1 -0.0054
vn -0 -1 -0.0053
vn -0 -1 -0.0056
vn -0 -1 -0.0054
vn -0 -1 -0.0054
vn -0 -1 -0.0049
vn -0 -1 -0.0054
vn -0 -1 -0.0056
vn -0 -1 -0.0049
vn -0 -1 -0.0054
vn -0 -1 -0.0054
vn -0 -1 -0.0058
vn -0 -1 -0.0054
vn -0 -1 -0.0049
vn -0 -1 -0.0052
vn -0 -1 -0.0054
vn -0 -1 -0.0058
vn -0 -1 -0.0052
vn -0 -1 -0.0052
vn -0 -1 -0.0054
vn -0 -1 -0.0056
vn -0 -1 -0.0052
vn -0 -1 -0.0052
vn 0.7071 0.0038 -0.7071
vn 0.7071 -0.0038 0.7071
vn 0.7071 -0.0038 0.7071
vn 0.7071 0.0038 -0.7071
vn 0.7071 -0.0038 0.7071
vn 0.7071 -0.0038 0.7071
vn 0.7071 -0.0038 0.7071
vn 0.7071 -0.0038 0.7071
vn 0.7071 -0.0038 0.7071
vn 0.9995 0.0002 -0.0306
vn 0.9995 0.0002 -0.0309
vn 0.7071 -0.0038 0.7071
vn 0.9995 0.0002 -0.0306
vn 0.9918 0.0007 -0.1281
vn 0.9918 0.0007 -0.1282
vn 0.9995 0.0002 -0.0309
vn 0.9918 0.0007 -0.1281
vn 0.964 0.0015 -0.2659
vn 0.9638 0.0015 -0.2666
vn 0.9918 0.0007 -0.1282
vn 0.964 0.0015 -0.2659
vn 0.9126 0.0023 -0.4089
vn 0.9126 0.0023 -0.4089
vn 0.9638 0.0015 -0.2666
vn 0.9126 0.0023 -0.4089
vn 0.8374 0.0029 -0.5466
vn 0.8374 0.0029 -0.5465
vn 0.9126 0.0023 -0.4089
vn 0.8374 0.0029 -0.5466
vn 0.7416 0.0037 -0.6709
vn 0.7416 0.0037 -0.6708
vn 0.8374 0.0029 -0.5465
vn 0.7416 0.0037 -0.6709
vn 0.6332 0.0041 -0.7739
vn 0.6332 0.0041 -0.774
vn 0.7416 0.0037 -0.6708
vn 0.6332 0.0041 -0.7739
vn 0.519 0.0047 -0.8548
vn 0.5186 0.0047 -0.855
vn 0.6332 0.0041 -0.774
vn 0.519 0.0047 -0.8548
vn 0.4059 0.005 -0.9139
vn 0.4059 0.005 -0.9139
vn 0.5186 0.0047 -0.855
vn 0.4059 0.005 -0.9139
vn 0.2975 0.0053 -0.9547
vn 0.2975 0.0053 -0.9547
vn 0.4059 0.005 -0.9139
vn 0.2975 0.0053 -0.9547
vn 0.1946 0.0051 -0.9809
vn 0.1947 0.0054 -0.9808
vn 0.2975 0.0053 -0.9547
vn 0.1946 0.0051 -0.9809
vn 0.0964 0.0054 -0.9953
vn 0.0966 0.0054 -0.9953
vn 0.1947 0.0054 -0.9808
vn 0.0964 0.0054 -0.9953
vn 0.0099 0.0054 -0.9999
vn 0.01 0.0054 -0.9999
vn 0.0966 0.0054 -0.9953
vn 0.0099 0.0054 -0.9999
vn -0.0565 0.0054 -0.9984
vn -0.0568 0.0055 -0.9984
vn 0.01 0.0054 -0.9999
vn -0.0565 0.0054 -0.9984
vn -0.1124 0.0054 -0.9936
vn -0.1125 0.0054 -0.9936
vn -0.0568 0.0055 -0.9984
vn -0.1124 0.0054 -0.9936
vn -0.1657 0.0053 -0.9862
vn -0.1656 0.0053 -0.9862
vn -0.1125 0.0054 -0.9936
vn -0.1657 0.0053 -0.9862
vn -0.2169 0.0053 -0.9762
vn -0.217 0.0053 -0.9762
vn -0.1656 0.0053 -0.9862
vn -0.2169 0.0053 -0.9762
vn -0.2664 0.0053 -0.9638
vn -0.2659 0.0051 -0.964
vn -0.217 0.0053 -0.9762
vn -0.2664 0.0053 -0.9638
vn -0.3118 0.0053 -0.9501
vn -0.3118 0.0053 -0.9501
vn -0.2659 0.0051 -0.964
vn -0.3118 0.0053 -0.9501
vn -0.3543 0.0053 -0.9351
vn -0.3544 0.0052 -0.9351
vn -0.3118 0.0053 -0.9501
vn -0.3543 0.0053 -0.9351
vn -0.3938 0.0049 -0.9192
vn -0.3937 0.005 -0.9192
vn -0.3544 0.0052 -0.9351
vn -0.3938 0.0049 -0.9192
vn -0.4297 0.0047 -0.903
vn -0.4297 0.0047 -0.903
vn -0.3937 0.005 -0.9192
vn -0.4297 0.0047 -0.903
vn -0.4631 0.005 -0.8863
vn -0.4631 0.005 -0.8863
vn -0.4297 0.0047 -0.903
vn -0.4631 0.005 -0.8863
vn -0.4933 0.0048 -0.8698
vn -0.4933 0.0048 -0.8698
vn -0.4631 0.005 -0.8863
vn -0.4933 0.0048 -0.8698
vn 0.4958 0.0047 -0.8684
vn 0.4962 0.0047 -0.8682
vn -0.4933 0.0048 -0.8698
vn 0.4958 0.0047 -0.8684
vn 0.8538 -0.0027 0.5206
vn 0.8538 -0.0029 0.5206
vn 0.4962 0.0047 -0.8682
vn 0.8538 -0.0027 0.5206
vn 0.437 -0.005 0.8994
vn 0.4368 -0.0049 0.8995
vn 0.8538 -0.0029 0.5206
vn 0.437 -0.005 0.8994
vn 0.3975 -0.0052 0.9176
vn 0.3974 -0.0049 0.9176
vn 0.4368 -0.0049 0.8995
vn 0.3975 -0.0052 0.9176
vn 0.3619 -0.005 0.9322
vn 0.3619 -0.005 0.9322
vn 0.3974 -0.0049 0.9176
vn 0.3619 -0.005 0.9322
vn 0.3284 -0.0049 0.9445
vn 0.3284 -0.0049 0.9445
vn 0.3619 -0.005 0.9322
vn 0.3284 -0.0049 0.9445
vn 0.2974 -0.005 0.9548
vn 0.2974 -0.005 0.9548
vn 0.3284 -0.0049 0.9445
vn 0.2974 -0.005 0.9548
vn 0.266 -0.0051 0.9639
vn 0.266 -0.0051 0.9639
vn 0.2974 -0.005 0.9548
vn 0.266 -0.0051 0.9639
vn 0.2333 -0.0053 0.9724
vn 0.2333 -0.0053 0.9724
vn 0.266 -0.0051 0.9639
vn 0.2333 -0.0053 0.9724
vn 0.199 -0.0053 0.98
vn 0.199 -0.0053 0.98
vn 0.2333 -0.0053 0.9724
vn 0.199 -0.0053 0.98
vn 0.161 -0.0053 0.9869
vn 0.161 -0.0053 0.9869
vn 0.199 -0.0053 0.98
vn 0.161 -0.0053 0.9869
vn 0.1169 -0.0054 0.9931
vn 0.1169 -0.0054 0.9931
vn 0.161 -0.0053 0.9869
vn 0.1169 -0.0054 0.9931
vn 0.0642 -0.0054 0.9979
vn 0.0637 -0.0054 0.998
vn 0.1169 -0.0054 0.9931
vn 0.0642 -0.0054 0.9979
vn -0.0092 -0.0055 0.9999
vn -0.0092 -0.0055 0.9999
vn 0.0637 -0.0054 0.998
vn -0.0092 -0.0055 0.9999
vn -0.1101 -0.0053 0.9939
vn -0.1099 -0.0055 0.9939
vn -0.0092 -0.0055 0.9999
vn -0.1101 -0.0053 0.9939
vn -0.2287 -0.0054 0.9735
vn -0.2287 -0.0054 0.9735
vn -0.1099 -0.0055 0.9939
vn -0.2287 -0.0054 0.9735
vn -0.3542 -0.0053 0.9351
vn -0.3543 -0.0053 0.9351
vn -0.2287 -0.0054 0.9735
vn -0.3542 -0.0053 0.9351
vn -0.4821 -0.005 0.8761
vn -0.4821 -0.005 0.8761
vn -0.3543 -0.0053 0.9351
vn -0.4821 -0.005 0.8761
vn -0.6057 -0.0044 0.7957
vn -0.6057 -0.0044 0.7957
vn -0.4821 -0.005 0.8761
vn -0.6057 -0.0044 0.7957
vn -0.7175 -0.0038 0.6965
vn -0.7176 -0.0038 0.6965
vn -0.6057 -0.0044 0.7957
vn -0.7175 -0.0038 0.6965
vn -0.8122 -0.0031 0.5834
vn -0.8122 -0.0031 0.5834
vn -0.7176 -0.0038 0.6965
vn -0.8122 -0.0031 0.5834
vn -0.8867 -0.0024 0.4623
vn -0.8869 -0.0025 0.462
vn -0.8122 -0.0031 0.5834
vn -0.8867 -0.0024 0.4623
vn -0.9407 -0.0017 0.3393
vn -0.9408 -0.0018 0.3388
vn -0.8869 -0.0025 0.462
vn -0.9407 -0.0017 0.3393
vn -0.9756 -0.0012 0.2196
vn -0.9756 -0.0012 0.2196
vn -0.9408 -0.0018 0.3388
vn -0.9756 -0.0012 0.2196
vn -0.9943 -0.0006 0.1065
vn -0.9943 -0.0006 0.1062
vn -0.9756 -0.0012 0.2196
vn -0.9943 -0.0006 0.1065
vn -0.9997 -0.0001 0.0256
vn -0.9997 -0.0001 0.0256
vn -0.9943 -0.0006 0.1062
vn -0.9997 -0.0001 0.0256
vn -0.7071 -0.0038 0.7071
vn -0.7071 -0.0038 0.7071
vn -0.9997 -0.0001 0.0256
vn -0.7071 -0.0038 0.7071
vn -0.7072 -0.0038 0.707
vn -0.7071 -0.0038 0.7071
vn -0.7071 -0.0038 0.7071
vn -0.7072 -0.0038 0.707
vn -0.9216 0.0021 -0.3881
vn -0.9216 0.0021 -0.3881
vn -0.7071 -0.0038 0.7071
vn -0.9216 0.0021 -0.3881
vn 0.3883 0.005 -0.9215
vn 0.3884 0.005 -0.9215
vn -0.9216 0.0021 -0.3881
vn 0.3883 0.005 -0.9215
vn 0.7071 0.0038 -0.7071
vn 0.7071 0.0038 -0.7071
vn 0.3884 0.005 -0.9215
vn 0.7071 0.0038 -0.7071
vn 0.7071 0.0038 -0.7071
vn 0.7071 0.0038 -0.7071
vn 0.7071 0.0038 -0.7071
vn 0.5395 -0.0046 0.842
vn 0.5246 -0.0046 0.8514
vn 0.5244 -0.0046 0.8514
vn 0.5395 -0.0046 0.842
vn 0.5246 -0.0046 0.8514
vn 0.5025 -0.0046 0.8646
vn 0.5025 -0.0049 0.8646
vn 0.5244 -0.0046 0.8514
vn 0.5025 -0.0046 0.8646
vn 0.473 -0.0048 0.881
vn 0.473 -0.0048 0.881
vn 0.5025 -0.0049 0.8646
vn 0.473 -0.0048 0.881
vn 0.4337 -0.0049 0.901
vn 0.4336 -0.0049 0.9011
vn 0.473 -0.0048 0.881
vn 0.4337 -0.0049 0.901
vn 0.3842 -0.0051 0.9232
vn 0.3843 -0.0051 0.9232
vn 0.4336 -0.0049 0.9011
vn 0.3842 -0.0051 0.9232
vn 0.325 -0.0051 0.9457
vn 0.325 -0.0051 0.9457
vn 0.3843 -0.0051 0.9232
vn 0.325 -0.0051 0.9457
vn 0.2578 -0.0052 0.9662
vn 0.2578 -0.0052 0.9662
vn 0.325 -0.0051 0.9457
vn 0.2578 -0.0052 0.9662
vn 0.1868 -0.0053 0.9824
vn 0.1868 -0.0053 0.9824
vn 0.2578 -0.0052 0.9662
vn 0.1868 -0.0053 0.9824
vn 0.1176 -0.0054 0.993
vn 0.1172 -0.0054 0.9931
vn 0.1868 -0.0053 0.9824
vn 0.1176 -0.0054 0.993
vn 0.0544 -0.0054 0.9985
vn 0.0549 -0.0055 0.9985
vn 0.1172 -0.0054 0.9931
vn 0.0544 -0.0054 0.9985
vn -0.0028 -0.0053 1
vn -0.0029 -0.0053 1
vn 0.0549 -0.0055 0.9985
vn -0.0028 -0.0053 1
vn -0.0666 -0.0053 0.9978
vn -0.0666 -0.0053 0.9978
vn -0.0029 -0.0053 1
vn -0.0666 -0.0053 0.9978
vn -0.1444 -0.0054 0.9895
vn -0.1444 -0.0054 0.9895
vn -0.0666 -0.0053 0.9978
vn -0.1444 -0.0054 0.9895
vn -0.2346 -0.0053 0.9721
vn -0.2343 -0.0053 0.9722
vn -0.1444 -0.0054 0.9895
vn -0.2346 -0.0053 0.9721
vn -0.3361 -0.0052 0.9418
vn -0.3361 -0.0052 0.9418
vn -0.2343 -0.0053 0.9722
vn -0.3361 -0.0052 0.9418
vn -0.4463 -0.0049 0.8949
vn -0.4464 -0.0049 0.8948
vn -0.3361 -0.0052 0.9418
vn -0.4463 -0.0049 0.8949
vn -0.5593 -0.0045 0.829
vn -0.5593 -0.0045 0.829
vn -0.4464 -0.0049 0.8948
vn -0.5593 -0.0045 0.829
vn -0.6683 -0.004 0.7439
vn -0.6687 -0.004 0.7436
vn -0.5593 -0.0045 0.829
vn -0.6683 -0.004 0.7439
vn -0.7642 -0.0035 0.645
vn -0.7643 -0.0035 0.6449
vn -0.6687 -0.004 0.7436
vn -0.7642 -0.0035 0.645
vn -0.8425 -0.0029 0.5387
vn -0.8425 -0.0029 0.5388
vn -0.7643 -0.0035 0.6449
vn -0.8425 -0.0029 0.5387
vn -0.9017 -0.0023 0.4324
vn -0.9016 -0.0024 0.4326
vn -0.8425 -0.0029 0.5388
vn -0.9017 -0.0023 0.4324
vn -0.9428 -0.0018 0.3333
vn -0.9428 -0.0018 0.3334
vn -0.9016 -0.0024 0.4326
vn -0.9428 -0.0018 0.3333
vn -0.3116 -0.0053 0.9502
vn -0.3111 -0.0052 0.9504
vn -0.9428 -0.0018 0.3334
vn -0.3116 -0.0053 0.9502
vn 0.5844 -0.0044 0.8114
vn 0.5844 -0.0044 0.8114
vn -0.3111 -0.0052 0.9504
vn 0.5844 -0.0044 0.8114
vn 0.544 -0.0045 0.8391
vn 0.5438 -0.0046 0.8392
vn 0.5844 -0.0044 0.8114
vn 0.544 -0.0045 0.8391
vn 0.5002 -0.0047 0.8659
vn 0.5004 -0.0047 0.8658
vn 0.5438 -0.0046 0.8392
vn 0.5002 -0.0047 0.8659
vn 0.4539 -0.0048 0.891
vn 0.4539 -0.0048 0.891
vn 0.5004 -0.0047 0.8658
vn 0.4539 -0.0048 0.891
vn 0.4044 -0.0049 0.9146
vn 0.4045 -0.0049 0.9145
vn 0.4539 -0.0048 0.891
vn 0.4044 -0.0049 0.9146
vn 0.3524 -0.005 0.9358
vn 0.3524 -0.005 0.9358
vn 0.4045 -0.0049 0.9145
vn 0.3524 -0.005 0.9358
vn 0.2975 -0.0052 0.9547
vn 0.2979 -0.0052 0.9546
vn 0.3524 -0.005 0.9358
vn 0.2975 -0.0052 0.9547
vn 0.2403 -0.0053 0.9707
vn 0.2403 -0.0053 0.9707
vn 0.2979 -0.0052 0.9546
vn 0.2403 -0.0053 0.9707
vn 0.1821 -0.0054 0.9833
vn 0.1817 -0.0053 0.9833
vn 0.2403 -0.0053 0.9707
vn 0.1821 -0.0054 0.9833
vn 0.122 -0.0054 0.9925
vn 0.122 -0.0054 0.9925
vn 0.1817 -0.0053 0.9833
vn 0.122 -0.0054 0.9925
vn 0.061 -0.0056 0.9981
vn 0.0613 -0.0055 0.9981
vn 0.122 -0.0054 0.9925
vn 0.061 -0.0056 0.9981
vn -0.0177 -0.005 0.9998
vn -0.0174 -0.0055 0.9998
vn 0.0613 -0.0055 0.9981
vn -0.0177 -0.005 0.9998
vn -0.1332 -0.0054 0.9911
vn -0.1332 -0.0054 0.9911
vn -0.0174 -0.0055 0.9998
vn -0.1332 -0.0054 0.9911
vn -0.2663 -0.0052 0.9639
vn -0.2663 -0.0052 0.9639
vn -0.1332 -0.0054 0.9911
vn -0.2663 -0.0052 0.9639
vn -0.3957 -0.005 0.9184
vn -0.3954 -0.005 0.9185
vn -0.2663 -0.0052 0.9639
vn -0.3957 -0.005 0.9184
vn -0.5171 -0.0047 0.8559
vn -0.5171 -0.0047 0.8559
vn -0.3954 -0.005 0.9185
vn -0.5171 -0.0047 0.8559
vn -0.627 -0.0044 0.779
vn -0.6272 -0.004 0.7788
vn -0.5171 -0.0047 0.8559
vn -0.627 -0.0044 0.779
vn -0.7245 -0.0037 0.6892
vn -0.7243 -0.0038 0.6895
vn -0.6272 -0.004 0.7788
vn -0.7245 -0.0037 0.6892
vn -0.8077 -0.0032 0.5895
vn -0.8077 -0.0032 0.5895
vn -0.7243 -0.0038 0.6895
vn -0.8077 -0.0032 0.5895
vn -0.8761 -0.0026 0.4822
vn -0.8761 -0.0026 0.4822
vn -0.8077 -0.0032 0.5895
vn -0.8761 -0.0026 0.4822
vn -0.9299 -0.002 0.3678
vn -0.9299 -0.002 0.3678
vn -0.8761 -0.0026 0.4822
vn -0.9299 -0.002 0.3678
vn -0.9686 -0.0013 0.2486
vn -0.9686 -0.0013 0.2486
vn -0.9299 -0.002 0.3678
vn -0.9686 -0.0013 0.2486
vn -0.9921 -0.0007 0.1255
vn -0.9921 -0.0007 0.1255
vn -0.9686 -0.0013 0.2486
vn -0.9921 -0.0007 0.1255
vn -1 -0 -0.0069
vn -1 -0 -0.0073
vn -0.9921 -0.0007 0.1255
vn -1 -0 -0.0069
vn -0.9869 0.0009 -0.1616
vn -0.9869 0.0009 -0.1616
vn -1 -0 -0.0073
vn -0.9869 0.0009 -0.1616
vn -0.9439 0.0018 -0.3301
vn -0.9441 0.0018 -0.3298
vn -0.9869 0.0009 -0.1616
vn -0.9439 0.0018 -0.3301
vn -0.872 0.0027 -0.4895
vn -0.872 0.0027 -0.4895
vn -0.9441 0.0018 -0.3298
vn -0.872 0.0027 -0.4895
vn -0.78 0.0034 -0.6258
vn -0.7803 0.0035 -0.6255
vn -0.872 0.0027 -0.4895
vn -0.78 0.0034 -0.6258
vn -0.6815 0.004 -0.7318
vn -0.6815 0.004 -0.7318
vn -0.7803 0.0035 -0.6255
vn -0.6815 0.004 -0.7318
vn -0.5884 0.0044 -0.8086
vn -0.5884 0.0044 -0.8085
vn -0.6815 0.004 -0.7318
vn -0.5884 0.0044 -0.8086
vn -0.5085 0.0046 -0.861
vn -0.5085 0.0046 -0.861
vn -0.5884 0.0044 -0.8085
vn -0.5085 0.0046 -0.861
vn -0.4441 0.0047 -0.896
vn -0.4441 0.0047 -0.896
vn -0.5085 0.0046 -0.861
vn -0.4441 0.0047 -0.896
vn -0.3959 0.005 -0.9183
vn -0.3959 0.005 -0.9183
vn -0.4441 0.0047 -0.896
vn -0.3959 0.005 -0.9183
vn -0.3631 0.0047 -0.9317
vn -0.3631 0.0047 -0.9317
vn -0.3959 0.005 -0.9183
vn -0.3631 0.0047 -0.9317
vn -0.3451 0.0052 -0.9385
vn -0.3451 0.0052 -0.9386
vn -0.3631 0.0047 -0.9317
vn -0.3451 0.0052 -0.9385
vn -0.3372 0.0052 -0.9414
vn -0.3372 0.0052 -0.9414
vn -0.3451 0.0052 -0.9386
vn -0.3372 0.0052 -0.9414
vn -0.8167 0.0032 -0.5771
vn -0.8168 0.0032 -0.5769
vn -0.3372 0.0052 -0.9414
vn -0.8167 0.0032 -0.5771
vn -0.9998 -0.0001 0.0211
vn -0.9998 -0.0001 0.0211
vn -0.8168 0.0032 -0.5769
vn -0.9998 -0.0001 0.0211
vn -0.9959 -0.0005 0.0908
vn -0.9959 -0.0005 0.0908
vn -0.9998 -0.0001 0.0211
vn -0.9959 -0.0005 0.0908
vn -0.9804 -0.0011 0.1971
vn -0.9804 -0.0011 0.1972
vn -0.9959 -0.0005 0.0908
vn -0.9804 -0.0011 0.1971
vn -0.9471 -0.0018 0.3209
vn -0.9471 -0.0018 0.3208
vn -0.9804 -0.0011 0.1972
vn -0.9471 -0.0018 0.3209
vn -0.8887 -0.0025 0.4584
vn -0.8887 -0.0025 0.4584
vn -0.9471 -0.0018 0.3208
vn -0.8887 -0.0025 0.4584
vn -0.8016 -0.0032 0.5979
vn -0.8014 -0.0032 0.5982
vn -0.8887 -0.0025 0.4584
vn -0.8016 -0.0032 0.5979
vn -0.6869 -0.004 0.7268
vn -0.6872 -0.0039 0.7264
vn -0.8014 -0.0032 0.5982
vn -0.6869 -0.004 0.7268
vn -0.5545 -0.0046 0.8322
vn -0.5546 -0.0045 0.8321
vn -0.6872 -0.0039 0.7264
vn -0.5545 -0.0046 0.8322
vn -0.418 -0.0049 0.9085
vn -0.4179 -0.0049 0.9085
vn -0.5546 -0.0045 0.8321
vn -0.418 -0.0049 0.9085
vn -0.2897 -0.0052 0.9571
vn -0.2892 -0.0052 0.9573
vn -0.4179 -0.0049 0.9085
vn -0.2897 -0.0052 0.9571
vn -0.1765 -0.0052 0.9843
vn -0.1765 -0.0052 0.9843
vn -0.2892 -0.0052 0.9573
vn -0.1765 -0.0052 0.9843
vn -0.081 -0.0055 0.9967
vn -0.081 -0.0052 0.9967
vn -0.1765 -0.0052 0.9843
vn -0.081 -0.0055 0.9967
vn 0.0011 -0.0052 1
vn 0.0011 -0.0052 1
vn -0.081 -0.0052 0.9967
vn 0.0011 -0.0052 1
vn 0.0785 -0.0054 0.9969
vn 0.0788 -0.0052 0.9969
vn 0.0011 -0.0052 1
vn 0.0785 -0.0054 0.9969
vn 0.157 -0.0053 0.9876
vn 0.157 -0.0053 0.9876
vn 0.0788 -0.0052 0.9969
vn 0.157 -0.0053 0.9876
vn 0.2342 -0.0055 0.9722
vn 0.2342 -0.0052 0.9722
vn 0.157 -0.0053 0.9876
vn 0.2342 -0.0055 0.9722
vn 0.3096 -0.0052 0.9508
vn 0.3094 -0.005 0.9509
vn 0.2342 -0.0052 0.9722
vn 0.3096 -0.0052 0.9508
vn 0.3821 -0.0052 0.9241
vn 0.3821 -0.0048 0.9241
vn 0.3094 -0.005 0.9509
vn 0.3821 -0.0052 0.9241
vn 0.4506 -0.005 0.8927
vn 0.4506 -0.005 0.8927
vn 0.3821 -0.0048 0.9241
vn 0.4506 -0.005 0.8927
vn 0.5154 -0.0046 0.857
vn 0.5154 -0.0046 0.857
vn 0.4506 -0.005 0.8927
vn 0.5154 -0.0046 0.857
vn 0.5749 -0.0044 0.8182
vn 0.5749 -0.0044 0.8182
vn 0.5154 -0.0046 0.857
vn 0.5749 -0.0044 0.8182
vn 0.6301 -0.0043 0.7765
vn 0.6301 -0.0043 0.7765
vn 0.5749 -0.0044 0.8182
vn 0.6301 -0.0043 0.7765
vn 0.6796 -0.0042 0.7336
vn 0.6796 -0.0042 0.7336
vn 0.6301 -0.0043 0.7765
vn 0.6796 -0.0042 0.7336
vn 0.7242 -0.0039 0.6896
vn 0.7242 -0.0039 0.6896
vn 0.6796 -0.0042 0.7336
vn 0.7242 -0.0039 0.6896
vn -0.3567 -0.0052 0.9342
vn -0.3573 -0.0052 0.934
vn 0.7242 -0.0039 0.6896
vn -0.3567 -0.0052 0.9342
vn -0.9315 0.002 -0.3637
vn -0.9315 0.002 -0.3638
vn -0.3573 -0.0052 0.934
vn -0.9315 0.002 -0.3637
vn -0.7083 0.0039 -0.7059
vn -0.7083 0.0039 -0.7059
vn -0.9315 0.002 -0.3638
vn -0.7083 0.0039 -0.7059
vn -0.6504 0.0041 -0.7596
vn -0.6504 0.0041 -0.7596
vn -0.7083 0.0039 -0.7059
vn -0.6504 0.0041 -0.7596
vn -0.5875 0.0044 -0.8092
vn -0.5873 0.0044 -0.8094
vn -0.6504 0.0041 -0.7596
vn -0.5875 0.0044 -0.8092
vn -0.52 0.0047 -0.8541
vn -0.5196 0.0047 -0.8544
vn -0.5873 0.0044 -0.8094
vn -0.52 0.0047 -0.8541
vn -0.4497 0.0049 -0.8931
vn -0.4494 0.0049 -0.8933
vn -0.5196 0.0047 -0.8544
vn -0.4497 0.0049 -0.8931
vn -0.3787 0.0049 -0.9255
vn -0.3787 0.0049 -0.9255
vn -0.4494 0.0049 -0.8933
vn -0.3787 0.0049 -0.9255
vn -0.3086 0.005 -0.9512
vn -0.3086 0.005 -0.9512
vn -0.3787 0.0049 -0.9255
vn -0.3086 0.005 -0.9512
vn -0.24 0.0052 -0.9708
vn -0.24 0.0052 -0.9708
vn -0.3086 0.005 -0.9512
vn -0.24 0.0052 -0.9708
vn -0.1741 0.0055 -0.9847
vn -0.1743 0.0052 -0.9847
vn -0.24 0.0052 -0.9708
vn -0.1741 0.0055 -0.9847
vn -0.1121 0.0055 -0.9937
vn -0.1121 0.0055 -0.9937
vn -0.1743 0.0052 -0.9847
vn -0.1121 0.0055 -0.9937
vn -0.0538 0.0056 -0.9985
vn -0.054 0.0054 -0.9985
vn -0.1121 0.0055 -0.9937
vn -0.0538 0.0056 -0.9985
vn 0.0083 0.0056 -1
vn 0.0083 0.0056 -1
vn -0.054 0.0054 -0.9985
vn 0.0083 0.0056 -1
vn 0.0893 0.0055 -0.996
vn 0.0893 0.0055 -0.996
vn 0.0083 0.0056 -1
vn 0.0893 0.0055 -0.996
vn 0.1859 0.0053 -0.9826
vn 0.1859 0.0053 -0.9826
vn 0.0893 0.0055 -0.996
vn 0.1859 0.0053 -0.9826
vn 0.2909 0.0051 -0.9567
vn 0.2909 0.0051 -0.9567
vn 0.1859 0.0053 -0.9826
vn 0.2909 0.0051 -0.9567
vn 0.4033 0.0048 -0.9151
vn 0.4033 0.0048 -0.9151
vn 0.2909 0.0051 -0.9567
vn 0.4033 0.0048 -0.9151
vn 0.5206 0.0047 -0.8538
vn 0.5207 0.0047 -0.8537
vn 0.4033 0.0048 -0.9151
vn 0.5206 0.0047 -0.8538
vn 0.6377 0.004 -0.7702
vn 0.6378 0.004 -0.7702
vn 0.5207 0.0047 -0.8537
vn 0.6377 0.004 -0.7702
vn 0.7475 0.0035 -0.6642
vn 0.7475 0.0035 -0.6642
vn 0.6378 0.004 -0.7702
vn 0.7475 0.0035 -0.6642
vn 0.8424 0.003 -0.5389
vn 0.8424 0.003 -0.5389
vn 0.7475 0.0035 -0.6642
vn 0.8424 0.003 -0.5389
vn 0.916 0.0022 -0.4013
vn 0.9159 0.0022 -0.4013
vn 0.8424 0.003 -0.5389
vn 0.916 0.0022 -0.4013
vn 0.9652 0.0014 -0.2614
vn 0.9654 0.0014 -0.2609
vn 0.9159 0.0022 -0.4013
vn 0.9652 0.0014 -0.2614
vn 0.992 0.0007 -0.1262
vn 0.992 0.0007 -0.1261
vn 0.9654 0.0014 -0.2609
vn 0.992 0.0007 -0.1262
vn 0.9995 0.0001 -0.0301
vn 0.9995 0.0001 -0.0301
vn 0.992 0.0007 -0.1261
vn 0.9995 0.0001 -0.0301
vn 0.9999 0.0001 -0.0161
vn 0.9999 0.0001 -0.0161
vn 0.9995 0.0001 -0.0301
vn 0.9999 0.0001 -0.0161
vn 0.9978 0.0004 -0.067
vn 0.9978 0.0004 -0.067
vn 0.9999 0.0001 -0.0161
vn 0.9978 0.0004 -0.067
vn 0.9891 0.0008 -0.1471
vn 0.9892 0.0008 -0.1469
vn 0.9978 0.0004 -0.067
vn 0.9891 0.0008 -0.1471
vn 0.9698 0.0013 -0.2438
vn 0.9698 0.0013 -0.2439
vn 0.9892 0.0008 -0.1469
vn 0.9698 0.0013 -0.2438
vn 0.9336 0.0019 -0.3582
vn 0.9337 0.0019 -0.3582
vn 0.9698 0.0013 -0.2439
vn 0.9336 0.0019 -0.3582
vn 0.8733 0.0027 -0.4871
vn 0.8733 0.0027 -0.4872
vn 0.9337 0.0019 -0.3582
vn 0.8733 0.0027 -0.4871
vn 0.7826 0.0034 -0.6225
vn 0.7823 0.0034 -0.6229
vn 0.8733 0.0027 -0.4872
vn 0.7826 0.0034 -0.6225
vn 0.6613 0.0042 -0.7501
vn 0.6614 0.0042 -0.75
vn 0.7823 0.0034 -0.6229
vn 0.6613 0.0042 -0.7501
vn 0.5178 0.0047 -0.8555
vn 0.5178 0.0047 -0.8555
vn 0.6614 0.0042 -0.75
vn 0.5178 0.0047 -0.8555
vn 0.3681 0.005 -0.9298
vn 0.3681 0.005 -0.9298
vn 0.5178 0.0047 -0.8555
vn 0.3681 0.005 -0.9298
vn 0.2272 0.0053 -0.9738
vn 0.2272 0.0053 -0.9738
vn 0.3681 0.005 -0.9298
vn 0.2272 0.0053 -0.9738
vn 0.1045 0.0054 -0.9945
vn 0.1045 0.0054 -0.9945
vn 0.2272 0.0053 -0.9738
vn 0.1045 0.0054 -0.9945
vn -0.0137 0.0054 -0.9999
vn -0.0138 0.0054 -0.9999
vn 0.1045 0.0054 -0.9945
vn -0.0137 0.0054 -0.9999
vn -0.1354 0.0054 -0.9908
vn -0.1354 0.0054 -0.9908
vn -0.0138 0.0054 -0.9999
vn -0.1354 0.0054 -0.9908
vn -0.2372 0.0052 -0.9715
vn -0.2372 0.0052 -0.9715
vn -0.1354 0.0054 -0.9908
vn -0.2372 0.0052 -0.9715
vn -0.3115 0.0052 -0.9502
vn -0.3115 0.0052 -0.9502
vn -0.2372 0.0052 -0.9715
vn -0.3115 0.0052 -0.9502
vn -0.3686 0.0052 -0.9296
vn -0.3687 0.0052 -0.9296
vn -0.3115 0.0052 -0.9502
vn -0.3686 0.0052 -0.9296
vn -0.4146 0.0049 -0.91
vn -0.4146 0.0049 -0.91
vn -0.3687 0.0052 -0.9296
vn -0.4146 0.0049 -0.91
vn -0.4522 0.0048 -0.8919
vn -0.4519 0.0049 -0.8921
vn -0.4146 0.0049 -0.91
vn -0.4522 0.0048 -0.8919
vn -0.4841 0.0048 -0.875
vn -0.484 0.0048 -0.8751
vn -0.4519 0.0049 -0.8921
vn -0.4841 0.0048 -0.875
vn -0.512 0.0048 -0.859
vn -0.512 0.0048 -0.859
vn -0.484 0.0048 -0.8751
vn -0.512 0.0048 -0.859
vn -0.5367 0.0046 -0.8438
vn -0.5367 0.0046 -0.8438
vn -0.512 0.0048 -0.859
vn -0.5367 0.0046 -0.8438
vn -0.5594 0.0046 -0.8289
vn -0.5594 0.0046 -0.8289
vn -0.5367 0.0046 -0.8438
vn -0.5594 0.0046 -0.8289
vn -0.5804 0.0042 -0.8143
vn -0.5804 0.0043 -0.8143
vn -0.5594 0.0046 -0.8289
vn -0.5804 0.0042 -0.8143
vn 0.453 0.0049 -0.8915
vn 0.4525 0.0049 -0.8917
vn -0.5804 0.0043 -0.8143
vn 0.453 0.0049 -0.8915
vn 0.879 -0.0026 0.4769
vn 0.8789 -0.0026 0.477
vn 0.4525 0.0049 -0.8917
vn 0.879 -0.0026 0.4769
vn 0.5395 -0.0046 0.842
vn 0.5395 -0.0046 0.842
vn 0.8789 -0.0026 0.477
vn 0.3352 -0.0052 0.9421
vn 0.3535 -0.005 0.9354
vn 0.3535 -0.005 0.9354
vn 0.3355 -0.0049 0.942
vn 0.3535 -0.005 0.9354
vn 0.381 -0.005 0.9246
vn 0.3814 -0.0052 0.9244
vn 0.3535 -0.005 0.9354
vn 0.381 -0.005 0.9246
vn 0.4197 -0.0049 0.9076
vn 0.4197 -0.0049 0.9076
vn 0.3814 -0.0052 0.9244
vn 0.4197 -0.0049 0.9076
vn 0.4706 -0.0048 0.8823
vn 0.4707 -0.0048 0.8823
vn 0.4197 -0.0049 0.9076
vn 0.4706 -0.0048 0.8823
vn 0.5357 -0.0045 0.8444
vn 0.5359 -0.0047 0.8443
vn 0.4707 -0.0048 0.8823
vn 0.5357 -0.0045 0.8444
vn 0.6167 -0.0043 0.7872
vn 0.6167 -0.0043 0.7872
vn 0.5359 -0.0047 0.8443
vn 0.6167 -0.0043 0.7872
vn 0.7126 -0.0039 0.7016
vn 0.7126 -0.0039 0.7016
vn 0.6167 -0.0043 0.7872
vn 0.7126 -0.0039 0.7016
vn 0.8156 -0.0031 0.5786
vn 0.8159 -0.0032 0.5782
vn 0.7126 -0.0039 0.7016
vn 0.8156 -0.0031 0.5786
vn 0.911 -0.0022 0.4124
vn 0.911 -0.0022 0.4124
vn 0.8159 -0.0032 0.5782
vn 0.911 -0.0022 0.4124
vn 0.9772 -0.0011 0.2125
vn 0.9772 -0.0011 0.2124
vn 0.911 -0.0022 0.4124
vn 0.9772 -0.0011 0.2125
vn 0.9998 -0.0001 0.0222
vn 0.9998 -0.0001 0.0222
vn 0.9772 -0.0011 0.2124
vn 0.9998 -0.0001 0.0222
vn 0.9922 0.0007 -0.1243
vn 0.9923 0.0007 -0.1242
vn 0.9998 -0.0001 0.0222
vn 0.9922 0.0007 -0.1243
vn 0.968 0.0014 -0.2511
vn 0.9681 0.0014 -0.2507
vn 0.9923 0.0007 -0.1242
vn 0.968 0.0014 -0.2511
vn 0.9261 0.002 -0.3773
vn 0.9262 0.0019 -0.3769
vn 0.9681 0.0014 -0.2507
vn 0.9261 0.002 -0.3773
vn 0.8667 0.0027 -0.4989
vn 0.8667 0.0027 -0.4989
vn 0.9262 0.0019 -0.3769
vn 0.8667 0.0027 -0.4989
vn 0.7904 0.0034 -0.6126
vn 0.7904 0.0034 -0.6126
vn 0.8667 0.0027 -0.4989
vn 0.7904 0.0034 -0.6126
vn 0.6994 0.0039 -0.7148
vn 0.6995 0.0039 -0.7146
vn 0.7904 0.0034 -0.6126
vn 0.6994 0.0039 -0.7148
vn 0.5953 0.0043 -0.8035
vn 0.5956 0.0043 -0.8033
vn 0.6995 0.0039 -0.7146
vn 0.5953 0.0043 -0.8035
vn 0.4826 0.0047 -0.8758
vn 0.4826 0.0047 -0.8758
vn 0.5956 0.0043 -0.8033
vn 0.4826 0.0047 -0.8758
vn 0.3635 0.0051 -0.9316
vn 0.3635 0.0051 -0.9316
vn 0.4826 0.0047 -0.8758
vn 0.3635 0.0051 -0.9316
vn 0.2415 0.0052 -0.9704
vn 0.2415 0.0052 -0.9704
vn 0.3635 0.0051 -0.9316
vn 0.2415 0.0052 -0.9704
vn 0.1196 0.0054 -0.9928
vn 0.1196 0.0054 -0.9928
vn 0.2415 0.0052 -0.9704
vn 0.1196 0.0054 -0.9928
vn 0.0087 0.0054 -0.9999
vn 0.0087 0.0054 -0.9999
vn 0.1196 0.0054 -0.9928
vn 0.0087 0.0054 -0.9999
vn -0.0826 0.0054 -0.9966
vn -0.0828 0.0053 -0.9966
vn 0.0087 0.0054 -0.9999
vn -0.0826 0.0054 -0.9966
vn -0.1631 0.0055 -0.9866
vn -0.1629 0.0055 -0.9866
vn -0.0828 0.0053 -0.9966
vn -0.1631 0.0055 -0.9866
vn -0.2398 0.0053 -0.9708
vn -0.2402 0.0054 -0.9707
vn -0.1629 0.0055 -0.9866
vn -0.2398 0.0053 -0.9708
vn -0.312 0.0052 -0.9501
vn -0.3124 0.0051 -0.9499
vn -0.2402 0.0054 -0.9707
vn -0.312 0.0052 -0.9501
vn -0.3787 0.0051 -0.9255
vn -0.3787 0.0051 -0.9255
vn -0.3124 0.0051 -0.9499
vn -0.3787 0.0051 -0.9255
vn -0.4398 0.0049 -0.8981
vn -0.4394 0.0049 -0.8983
vn -0.3787 0.0051 -0.9255
vn -0.4398 0.0049 -0.8981
vn -0.4946 0.0047 -0.8691
vn -0.4946 0.0047 -0.8691
vn -0.4394 0.0049 -0.8983
vn -0.4946 0.0047 -0.8691
vn -0.5441 0.0045 -0.839
vn -0.5439 0.0045 -0.8391
vn -0.4946 0.0047 -0.8691
vn -0.5441 0.0045 -0.839
vn -0.5881 0.0044 -0.8088
vn -0.5879 0.0042 -0.8089
vn -0.5439 0.0045 -0.8391
vn -0.5881 0.0044 -0.8088
vn -0.6267 0.0041 -0.7792
vn -0.6267 0.0041 -0.7792
vn -0.5879 0.0042 -0.8089
vn -0.6267 0.0041 -0.7792
vn -0.6612 0.0041 -0.7502
vn -0.6612 0.0041 -0.7502
vn -0.6267 0.0041 -0.7792
vn -0.6612 0.0041 -0.7502
vn -0.9159 0.0022 -0.4013
vn -0.9157 0.0022 -0.4017
vn -0.6612 0.0041 -0.7502
vn -0.9159 0.0022 -0.4013
vn -0.5797 -0.0043 0.8148
vn -0.5798 -0.0045 0.8147
vn -0.9157 0.0022 -0.4017
vn -0.5797 -0.0043 0.8148
vn 0.3352 -0.0052 0.9421
vn 0.3355 -0.0049 0.942
vn -0.5798 -0.0045 0.8147
vn -0.5456 0.0047 -0.838
vn -0.5043 0.0049 -0.8635
vn -0.5043 0.0049 -0.8635
vn -0.5456 0.0047 -0.8381
vn -0.5043 0.0049 -0.8635
vn -0.4605 0.0049 -0.8877
vn -0.4602 0.0049 -0.8878
vn -0.5043 0.0049 -0.8635
vn -0.4605 0.0049 -0.8877
vn -0.4134 0.0049 -0.9105
vn -0.4134 0.0049 -0.9105
vn -0.4602 0.0049 -0.8878
vn -0.4134 0.0049 -0.9105
vn -0.3642 0.0051 -0.9313
vn -0.3642 0.0051 -0.9313
vn -0.4134 0.0049 -0.9105
vn -0.3642 0.0051 -0.9313
vn -0.3126 0.0052 -0.9499
vn -0.3126 0.0052 -0.9499
vn -0.3642 0.0051 -0.9313
vn -0.3126 0.0052 -0.9499
vn -0.2599 0.0052 -0.9656
vn -0.2597 0.0054 -0.9657
vn -0.3126 0.0052 -0.9499
vn -0.2599 0.0052 -0.9656
vn -0.2068 0.0053 -0.9784
vn -0.2063 0.0052 -0.9785
vn -0.2597 0.0054 -0.9657
vn -0.2068 0.0053 -0.9784
vn -0.1533 0.0054 -0.9882
vn -0.1533 0.0054 -0.9882
vn -0.2063 0.0052 -0.9785
vn -0.1533 0.0054 -0.9882
vn -0.101 0.0054 -0.9949
vn -0.101 0.0054 -0.9949
vn -0.1533 0.0054 -0.9882
vn -0.101 0.0054 -0.9949
vn -0.0495 0.0055 -0.9988
vn -0.0495 0.0055 -0.9988
vn -0.101 0.0054 -0.9949
vn -0.0495 0.0055 -0.9988
vn 0.0234 0.0053 -0.9997
vn 0.0234 0.0053 -0.9997
vn -0.0495 0.0055 -0.9988
vn 0.0234 0.0053 -0.9997
vn 0.1429 0.0055 -0.9897
vn 0.1429 0.0055 -0.9897
vn 0.0234 0.0053 -0.9997
vn 0.1429 0.0055 -0.9897
vn 0.2856 0.0054 -0.9583
vn 0.2853 0.0052 -0.9584
vn 0.1429 0.0055 -0.9897
vn 0.2856 0.0054 -0.9583
vn 0.4219 0.005 -0.9066
vn 0.4219 0.005 -0.9066
vn 0.2853 0.0052 -0.9584
vn 0.4219 0.005 -0.9066
vn 0.548 0.0045 -0.8364
vn 0.548 0.0045 -0.8364
vn 0.4219 0.005 -0.9066
vn 0.548 0.0045 -0.8364
vn 0.6599 0.0041 -0.7513
vn 0.6599 0.0041 -0.7513
vn 0.548 0.0045 -0.8364
vn 0.6599 0.0041 -0.7513
vn 0.7558 0.0035 -0.6547
vn 0.7558 0.0035 -0.6547
vn 0.6599 0.0041 -0.7513
vn 0.7558 0.0035 -0.6547
vn 0.8349 0.0029 -0.5504
vn 0.8349 0.0029 -0.5503
vn 0.7558 0.0035 -0.6547
vn 0.8349 0.0029 -0.5504
vn 0.8974 0.0023 -0.4413
vn 0.8974 0.0023 -0.4413
vn 0.8349 0.0029 -0.5503
vn 0.8974 0.0023 -0.4413
vn 0.944 0.0018 -0.3299
vn 0.944 0.0018 -0.3298
vn 0.8974 0.0023 -0.4413
vn 0.944 0.0018 -0.3299
vn 0.9759 0.0012 -0.2184
vn 0.9759 0.0012 -0.2181
vn 0.944 0.0018 -0.3298
vn 0.9759 0.0012 -0.2184
vn 0.9942 0.0006 -0.1078
vn 0.9942 0.0006 -0.1079
vn 0.9759 0.0012 -0.2181
vn 0.9942 0.0006 -0.1078
vn 1 -0 -0.0011
vn 1 -0 -0.0011
vn 0.9942 0.0006 -0.1079
vn 1 -0 -0.0011
vn 0.9945 -0.0006 0.1049
vn 0.9945 -0.0006 0.1049
vn 1 -0 -0.0011
vn 0.9945 -0.0006 0.1049
vn 0.9758 -0.0012 0.2187
vn 0.9758 -0.0012 0.2187
vn 0.9945 -0.0006 0.1049
vn 0.9758 -0.0012 0.2187
vn 0.9404 -0.0017 0.3401
vn 0.9403 -0.0019 0.3404
vn 0.9758 -0.0012 0.2187
vn 0.9404 -0.0017 0.3401
vn 0.8851 -0.0026 0.4655
vn 0.8851 -0.0026 0.4654
vn 0.9403 -0.0019 0.3404
vn 0.8851 -0.0026 0.4655
vn 0.8083 -0.0033 0.5887
vn 0.8084 -0.0033 0.5887
vn 0.8851 -0.0026 0.4654
vn 0.8083 -0.0033 0.5887
vn 0.7113 -0.0038 0.7029
vn 0.7113 -0.0038 0.7029
vn 0.8084 -0.0033 0.5887
vn 0.7113 -0.0038 0.7029
vn 0.598 -0.0046 0.8015
vn 0.5977 -0.0042 0.8017
vn 0.7113 -0.0038 0.7029
vn 0.598 -0.0046 0.8015
vn 0.4741 -0.0047 0.8804
vn 0.4742 -0.0047 0.8804
vn 0.5977 -0.0042 0.8017
vn 0.4741 -0.0047 0.8804
vn 0.3474 -0.0051 0.9377
vn 0.3476 -0.0051 0.9376
vn 0.4742 -0.0047 0.8804
vn 0.3474 -0.0051 0.9377
vn 0.2239 -0.0053 0.9746
vn 0.2239 -0.0053 0.9746
vn 0.3476 -0.0051 0.9376
vn 0.2239 -0.0053 0.9746
vn 0.1078 -0.0056 0.9942
vn 0.1078 -0.0055 0.9942
vn 0.2239 -0.0053 0.9746
vn 0.1078 -0.0056 0.9942
vn 0.0167 -0.0053 0.9998
vn 0.0172 -0.0054 0.9998
vn 0.1078 -0.0055 0.9942
vn 0.0167 -0.0053 0.9998
vn -0.0354 -0.0054 0.9994
vn -0.0354 -0.0054 0.9994
vn 0.0172 -0.0054 0.9998
vn -0.0354 -0.0054 0.9994
vn -0.0697 -0.0054 0.9976
vn -0.0697 -0.0054 0.9976
vn -0.0354 -0.0054 0.9994
vn -0.0697 -0.0054 0.9976
vn -0.1026 -0.0054 0.9947
vn -0.1023 -0.0054 0.9947
vn -0.0697 -0.0054 0.9976
vn -0.1026 -0.0054 0.9947
vn -0.1348 -0.0054 0.9909
vn -0.1353 -0.0053 0.9908
vn -0.1023 -0.0054 0.9947
vn -0.1348 -0.0054 0.9909
vn -0.1667 -0.0053 0.986
vn -0.1667 -0.0053 0.986
vn -0.1353 -0.0053 0.9908
vn -0.1667 -0.0053 0.986
vn -0.1995 -0.0054 0.9799
vn -0.1995 -0.0054 0.9799
vn -0.1667 -0.0053 0.986
vn -0.1995 -0.0054 0.9799
vn -0.2325 -0.0055 0.9726
vn -0.2326 -0.0054 0.9726
vn -0.1995 -0.0054 0.9799
vn -0.2325 -0.0055 0.9726
vn -0.2675 -0.005 0.9636
vn -0.2675 -0.005 0.9636
vn -0.2326 -0.0054 0.9726
vn -0.2675 -0.005 0.9636
vn -0.3035 -0.005 0.9528
vn -0.3035 -0.005 0.9528
vn -0.2675 -0.005 0.9636
vn -0.3035 -0.005 0.9528
vn -0.3426 -0.005 0.9395
vn -0.3429 -0.0049 0.9394
vn -0.3035 -0.005 0.9528
vn -0.3426 -0.005 0.9395
vn -0.385 -0.005 0.9229
vn -0.3853 -0.0049 0.9228
vn -0.3429 -0.0049 0.9394
vn -0.385 -0.005 0.9229
vn -0.8386 -0.0029 0.5448
vn -0.8387 -0.0029 0.5446
vn -0.3853 -0.0049 0.9228
vn -0.8386 -0.0029 0.5448
vn -0.7071 0.0038 -0.7071
vn -0.7071 0.0038 -0.7071
vn -0.8387 -0.0029 0.5446
vn -0.7071 0.0038 -0.7071
vn 0.7071 0.0038 -0.7071
vn 0.7071 0.0038 -0.7071
vn -0.7071 0.0038 -0.7071
vn 0.7071 0.0038 -0.7071
vn 0.4659 0.0049 -0.8848
vn 0.4664 0.0049 -0.8845
vn 0.7071 0.0038 -0.7071
vn 0.4659 0.0049 -0.8848
vn -0.5456 0.0047 -0.838
vn -0.5456 0.0047 -0.8381
vn 0.4664 0.0049 -0.8845
vn 0.265 0.0054 -0.9642
vn 0.2397 0.0052 -0.9708
vn 0.2394 0.0052 -0.9709
vn 0.2652 0.0053 -0.9642
vn 0.2397 0.0052 -0.9708
vn 0.2162 0.0053 -0.9763
vn 0.2162 0.0053 -0.9763
vn 0.2394 0.0052 -0.9709
vn 0.2162 0.0053 -0.9763
vn 0.1948 0.0053 -0.9808
vn 0.1945 0.0053 -0.9809
vn 0.2162 0.0053 -0.9763
vn 0.1948 0.0053 -0.9808
vn 0.1746 0.0054 -0.9846
vn 0.1746 0.0054 -0.9846
vn 0.1945 0.0053 -0.9809
vn 0.1746 0.0054 -0.9846
vn 0.1544 0.0054 -0.988
vn 0.1544 0.0054 -0.988
vn 0.1746 0.0054 -0.9846
vn 0.1544 0.0054 -0.988
vn 0.1339 0.0054 -0.991
vn 0.1338 0.0055 -0.991
vn 0.1544 0.0054 -0.988
vn 0.1339 0.0054 -0.991
vn 0.1125 0.0054 -0.9936
vn 0.1123 0.0053 -0.9937
vn 0.1338 0.0055 -0.991
vn 0.1125 0.0054 -0.9936
vn 0.0892 0.0055 -0.996
vn 0.0895 0.0052 -0.996
vn 0.1123 0.0053 -0.9937
vn 0.0892 0.0055 -0.996
vn 0.0637 0.0055 -0.998
vn 0.0637 0.0055 -0.998
vn 0.0895 0.0052 -0.996
vn 0.0637 0.0055 -0.998
vn 0.0345 0.0053 -0.9994
vn 0.0345 0.0053 -0.9994
vn 0.0637 0.0055 -0.998
vn 0.0345 0.0053 -0.9994
vn -0.0229 0.0054 -0.9997
vn -0.0233 0.0053 -0.9997
vn 0.0345 0.0053 -0.9994
vn -0.0229 0.0054 -0.9997
vn -0.1298 0.0054 -0.9915
vn -0.1298 0.0054 -0.9915
vn -0.0233 0.0053 -0.9997
vn -0.1298 0.0054 -0.9915
vn -0.2614 0.0054 -0.9652
vn -0.2614 0.0054 -0.9652
vn -0.1298 0.0054 -0.9915
vn -0.2614 0.0054 -0.9652
vn -0.391 0.0051 -0.9204
vn -0.391 0.0051 -0.9204
vn -0.2614 0.0054 -0.9652
vn -0.391 0.0051 -0.9204
vn -0.5142 0.0046 -0.8576
vn -0.5142 0.0046 -0.8576
vn -0.391 0.0051 -0.9204
vn -0.5142 0.0046 -0.8576
vn -0.6284 0.0042 -0.7778
vn -0.6284 0.0042 -0.7778
vn -0.5142 0.0046 -0.8576
vn -0.6284 0.0042 -0.7778
vn -0.7295 0.0039 -0.6839
vn -0.7296 0.0039 -0.6839
vn -0.6284 0.0042 -0.7778
vn -0.7295 0.0039 -0.6839
vn -0.8152 0.003 -0.5792
vn -0.8151 0.0033 -0.5794
vn -0.7296 0.0039 -0.6839
vn -0.8152 0.003 -0.5792
vn -0.8844 0.0026 -0.4668
vn -0.8843 0.0026 -0.4668
vn -0.8151 0.0033 -0.5794
vn -0.8844 0.0026 -0.4668
vn -0.9367 0.0019 -0.3501
vn -0.9367 0.0019 -0.3501
vn -0.8843 0.0026 -0.4668
vn -0.9367 0.0019 -0.3501
vn -0.9728 0.0012 -0.2315
vn -0.9728 0.0012 -0.2315
vn -0.9367 0.0019 -0.3501
vn -0.9728 0.0012 -0.2315
vn -0.9935 0.0006 -0.1141
vn -0.9935 0.0006 -0.1141
vn -0.9728 0.0012 -0.2315
vn -0.9935 0.0006 -0.1141
vn -1 -0 -0.0058
vn -1 -0 -0.0061
vn -0.9935 0.0006 -0.1141
vn -1 -0 -0.0058
vn -0.9958 -0.0005 0.0916
vn -0.9958 -0.0005 0.0915
vn -1 -0 -0.0061
vn -0.9958 -0.0005 0.0916
vn -0.9819 -0.001 0.1894
vn -0.9819 -0.001 0.1893
vn -0.9958 -0.0005 0.0915
vn -0.9819 -0.001 0.1894
vn -0.956 -0.0016 0.2932
vn -0.956 -0.0016 0.2932
vn -0.9819 -0.001 0.1893
vn -0.956 -0.0016 0.2932
vn -0.9155 -0.0022 0.4023
vn -0.9156 -0.0022 0.4021
vn -0.956 -0.0016 0.2932
vn -0.9155 -0.0022 0.4023
vn -0.8577 -0.0027 0.5141
vn -0.8577 -0.0027 0.5141
vn -0.9156 -0.0022 0.4021
vn -0.8577 -0.0027 0.5141
vn -0.7804 -0.0034 0.6253
vn -0.7804 -0.0034 0.6253
vn -0.8577 -0.0027 0.5141
vn -0.7804 -0.0034 0.6253
vn -0.6825 -0.0039 0.7309
vn -0.6827 -0.0041 0.7307
vn -0.7804 -0.0034 0.6253
vn -0.6825 -0.0039 0.7309
vn -0.5654 -0.0044 0.8248
vn -0.5655 -0.0044 0.8247
vn -0.6827 -0.0041 0.7307
vn -0.5654 -0.0044 0.8248
vn -0.4319 -0.005 0.9019
vn -0.4319 -0.005 0.9019
vn -0.5655 -0.0044 0.8247
vn -0.4319 -0.005 0.9019
vn -0.289 -0.0053 0.9573
vn -0.289 -0.0053 0.9573
vn -0.4319 -0.005 0.9019
vn -0.289 -0.0053 0.9573
vn -0.1427 -0.0053 0.9898
vn -0.1427 -0.0053 0.9898
vn -0.289 -0.0053 0.9573
vn -0.1427 -0.0053 0.9898
vn -0.0206 -0.0054 0.9998
vn -0.0206 -0.0054 0.9998
vn -0.1427 -0.0053 0.9898
vn -0.0206 -0.0054 0.9998
vn 0.0594 -0.0055 0.9982
vn 0.0594 -0.0055 0.9982
vn -0.0206 -0.0054 0.9998
vn 0.0594 -0.0055 0.9982
vn 0.1247 -0.0054 0.9922
vn 0.1247 -0.0054 0.9922
vn 0.0594 -0.0055 0.9982
vn 0.1247 -0.0054 0.9922
vn 0.1952 -0.0054 0.9807
vn 0.1952 -0.0054 0.9807
vn 0.1247 -0.0054 0.9922
vn 0.1952 -0.0054 0.9807
vn 0.2689 -0.0053 0.9631
vn 0.2686 -0.0053 0.9632
vn 0.1952 -0.0054 0.9807
vn 0.2689 -0.0053 0.9631
vn 0.3413 -0.0052 0.9399
vn 0.341 -0.0052 0.9401
vn 0.2686 -0.0053 0.9632
vn 0.3413 -0.0052 0.9399
vn 0.4097 -0.005 0.9122
vn 0.4097 -0.005 0.9122
vn 0.341 -0.0052 0.9401
vn 0.4097 -0.005 0.9122
vn 0.4716 -0.0048 0.8818
vn 0.4717 -0.0048 0.8817
vn 0.4097 -0.005 0.9122
vn 0.4716 -0.0048 0.8818
vn 0.5259 -0.0046 0.8506
vn 0.5259 -0.0046 0.8506
vn 0.4717 -0.0048 0.8817
vn 0.5259 -0.0046 0.8506
vn 0.5715 -0.0046 0.8206
vn 0.5718 -0.0045 0.8204
vn 0.5259 -0.0046 0.8506
vn 0.5715 -0.0046 0.8206
vn 0.6104 -0.0044 0.792
vn 0.6104 -0.0044 0.792
vn 0.5718 -0.0045 0.8204
vn 0.6104 -0.0044 0.792
vn 0.6412 -0.0042 0.7674
vn 0.6412 -0.0042 0.7674
vn 0.6104 -0.0044 0.792
vn 0.6412 -0.0042 0.7674
vn 0.9096 -0.0023 0.4154
vn 0.9096 -0.0023 0.4155
vn 0.6412 -0.0042 0.7674
vn 0.9096 -0.0023 0.4154
vn 0.7994 0.0033 -0.6008
vn 0.7997 0.0033 -0.6003
vn 0.9096 -0.0023 0.4155
vn 0.7994 0.0033 -0.6008
vn 0.265 0.0054 -0.9642
vn 0.2652 0.0053 -0.9642
vn 0.7997 0.0033 -0.6003
vt 0.474747 1
vt 0.494949 1
vt 0.484848 1
vt 0.474747 1
vt 0.50505 1
vt 0.494949 1
vt 0.10101 1
vt 0.121212 1
vt 0.111111 1
vt 0.090909 1
vt 0.121212 1
vt 0.10101 1
vt 0.080808 1
vt 0.121212 1
vt 0.090909 1
vt 0.080808 1
vt 0.131313 1
vt 0.121212 1
vt 0.070707 1
vt 0.131313 1
vt 0.080808 1
vt 0.060606 1
vt 0.131313 1
vt 0.070707 1
vt 0.050505 1
vt 0.131313 1
vt 0.060606 1
vt 0.050505 1
vt 0.141414 1
vt 0.131313 1
vt 0.040404 1
vt 0.141414 1
vt 0.050505 1
vt 0.030303 1
vt 0.141414 1
vt 0.040404 1
vt 0.030303 1
vt 0.151515 1
vt 0.141414 1
vt 0.020202 1
vt 0.151515 1
vt 0.030303 1
vt 0.010101 1
vt 0.151515 1
vt 0.020202 1
vt 0 1
vt 0.151515 1
vt 0.010101 1
vt 0 1
vt 0.161616 1
vt 0.151515 1
vt 0.50505 1
vt 0.161616 1
vt 0 1
vt 0.474747 1
vt 0.989899 1
vt 0.50505 1
vt 0.989899 1
vt 0.979798 1
vt 0.50505 1
vt 0.979798 1
vt 0.969697 1
vt 0.50505 1
vt 0.969697 1
vt 0.959596 1
vt 0.50505 1
vt 0.959596 1
vt 0.949495 1
vt 0.50505 1
vt 0.949495 1
vt 0.939394 1
vt 0.50505 1
vt 0.939394 1
vt 0.929293 1
vt 0.50505 1
vt 0.929293 1
vt 0.919192 1
vt 0.50505 1
vt 0.919192 1
vt 0.909091 1
vt 0.50505 1
vt 0.909091 1
vt 0.89899 1
vt 0.50505 1
vt 0.89899 1
vt 0.161616 1
vt 0.50505 1
vt 0.89899 1
vt 0.888889 1
vt 0.161616 1
vt 0.888889 1
vt 0.171717 1
vt 0.161616 1
vt 0.888889 1
vt 0.878788 1
vt 0.171717 1
vt 0.878788 1
vt 0.868687 1
vt 0.171717 1
vt 0.868687 1
vt 0.181818 1
vt 0.171717 1
vt 0.858586 1
vt 0.181818 1
vt 0.868687 1
vt 0.848485 1
vt 0.181818 1
vt 0.858586 1
vt 0.848485 1
vt 0.191919 1
vt 0.181818 1
vt 0.838384 1
vt 0.191919 1
vt 0.848485 1
vt 0.828283 1
vt 0.191919 1
vt 0.838384 1
vt 0.818182 1
vt 0.191919 1
vt 0.828283 1
vt 0.818182 1
vt 0.20202 1
vt 0.191919 1
vt 0.808081 1
vt 0.20202 1
vt 0.818182 1
vt 0.79798 1
vt 0.20202 1
vt 0.808081 1
vt 0.474747 1
vt 1 1
vt 0.989899 1
vt 0.79798 1
vt 0.212121 1
vt 0.20202 1
vt 0.787879 1
vt 0.212121 1
vt 0.79798 1
vt 0.777778 1
vt 0.212121 1
vt 0.787879 1
vt 0.777778 1
vt 0.222222 1
vt 0.212121 1
vt 0.767677 1
vt 0.222222 1
vt 0.777778 1
vt 0.757576 1
vt 0.222222 1
vt 0.767677 1
vt 0.757576 1
vt 0.232323 1
vt 0.222222 1
vt 0.747475 1
vt 0.232323 1
vt 0.757576 1
vt 0.747475 1
vt 0.242424 1
vt 0.232323 1
vt 0.737374 1
vt 0.242424 1
vt 0.747475 1
vt 0.727273 1
vt 0.242424 1
vt 0.737374 1
vt 0.727273 1
vt 0.252525 1
vt 0.242424 1
vt 0.717172 1
vt 0.252525 1
vt 0.727273 1
vt 0.717172 1
vt 0.262626 1
vt 0.252525 1
vt 0.707071 1
vt 0.262626 1
vt 0.717172 1
vt 0.69697 1
vt 0.262626 1
vt 0.707071 1
vt 0.69697 1
vt 0.272727 1
vt 0.262626 1
vt 0.686869 1
vt 0.272727 1
vt 0.69697 1
vt 0.676768 1
vt 0.272727 1
vt 0.686869 1
vt 0.666667 1
vt 0.272727 1
vt 0.676768 1
vt 0.666667 1
vt 0.282828 1
vt 0.272727 1
vt 0.656566 1
vt 0.282828 1
vt 0.666667 1
vt 0.474747 1
vt 0.515152 1
vt 1 1
vt 0.474747 1
vt 0.525253 1
vt 0.515152 1
vt 0.646465 1
vt 0.282828 1
vt 0.656566 1
vt 0.474747 1
vt 0.535354 1
vt 0.525253 1
vt 0.474747 1
vt 0.545455 1
vt 0.535354 1
vt 0.474747 1
vt 0.555556 1
vt 0.545455 1
vt 0.474747 1
vt 0.565657 1
vt 0.555556 1
vt 0.636364 1
vt 0.282828 1
vt 0.646465 1
vt 0.474747 1
vt 0.575758 1
vt 0.565657 1
vt 0.636364 1
vt 0.292929 1
vt 0.282828 1
vt 0.474747 1
vt 0.585859 1
vt 0.575758 1
vt 0.474747 1
vt 0.59596 1
vt 0.585859 1
vt 0.626263 1
vt 0.292929 1
vt 0.636364 1
vt 0.474747 1
vt 0.606061 1
vt 0.59596 1
vt 0.474747 1
vt 0.616162 1
vt 0.606061 1
vt 0.474747 1
vt 0.626263 1
vt 0.616162 1
vt 0.474747 1
vt 0.292929 1
vt 0.626263 1
vt 0.474747 1
vt 0.30303 1
vt 0.292929 1
vt 0.474747 1
vt 0.313131 1
vt 0.30303 1
vt 0.464646 1
vt 0.313131 1
vt 0.474747 1
vt 0.464646 1
vt 0.323232 1
vt 0.313131 1
vt 0.454545 1
vt 0.323232 1
vt 0.464646 1
vt 0.444444 1
vt 0.323232 1
vt 0.454545 1
vt 0.434343 1
vt 0.323232 1
vt 0.444444 1
vt 0.434343 1
vt 0.333333 1
vt 0.323232 1
vt 0.424242 1
vt 0.333333 1
vt 0.434343 1
vt 0.414141 1
vt 0.333333 1
vt 0.424242 1
vt 0.40404 1
vt 0.333333 1
vt 0.414141 1
vt 0.40404 1
vt 0.343434 1
vt 0.333333 1
vt 0.393939 1
vt 0.343434 1
vt 0.40404 1
vt 0.383838 1
vt 0.343434 1
vt 0.393939 1
vt 0.373737 1
vt 0.343434 1
vt 0.383838 1
vt 0.373737 1
vt 0.353535 1
vt 0.343434 1
vt 0.363636 1
vt 0.353535 1
vt 0.373737 1
vt 0.560694 1
vt 0.572254 1
vt 0.566474 1
vt 0.554913 1
vt 0.572254 1
vt 0.560694 1
vt 0.554913 1
vt 0.578035 1
vt 0.572254 1
vt 0.549133 1
vt 0.578035 1
vt 0.554913 1
vt 0.543353 1
vt 0.578035 1
vt 0.549133 1
vt 0.543353 1
vt 0.583815 1
vt 0.578035 1
vt 0.537572 1
vt 0.583815 1
vt 0.543353 1
vt 0.537572 1
vt 0.589595 1
vt 0.583815 1
vt 0.531792 1
vt 0.589595 1
vt 0.537572 1
vt 0.526012 1
vt 0.589595 1
vt 0.531792 1
vt 0.526012 1
vt 0.595376 1
vt 0.589595 1
vt 0.520231 1
vt 0.595376 1
vt 0.526012 1
vt 0.520231 1
vt 0.601156 1
vt 0.595376 1
vt 0.514451 1
vt 0.601156 1
vt 0.520231 1
vt 0.508671 1
vt 0.601156 1
vt 0.514451 1
vt 0.508671 1
vt 0.606936 1
vt 0.601156 1
vt 0.50289 1
vt 0.606936 1
vt 0.508671 1
vt 0.50289 1
vt 0.612717 1
vt 0.606936 1
vt 0.49711 1
vt 0.612717 1
vt 0.50289 1
vt 0.491329 1
vt 0.485549 1
vt 0.49711 1
vt 0.485549 1
vt 0.479769 1
vt 0.49711 1
vt 0.479769 1
vt 0.473988 1
vt 0.49711 1
vt 0.473988 1
vt 0.468208 1
vt 0.49711 1
vt 0.468208 1
vt 0.462428 1
vt 0.49711 1
vt 0.462428 1
vt 0.456647 1
vt 0.49711 1
vt 0.456647 1
vt 0.450867 1
vt 0.49711 1
vt 0.450867 1
vt 0.445087 1
vt 0.49711 1
vt 0.445087 1
vt 0.439306 1
vt 0.49711 1
vt 0.439306 1
vt 0.433526 1
vt 0.49711 1
vt 0.433526 1
vt 0.612717 1
vt 0.49711 1
vt 0.433526 1
vt 0.427746 1
vt 0.612717 1
vt 0.427746 1
vt 0.421965 1
vt 0.612717 1
vt 0.421965 1
vt 0.618497 1
vt 0.612717 1
vt 0.421965 1
vt 0.416185 1
vt 0.618497 1
vt 0.416185 1
vt 0.624277 1
vt 0.618497 1
vt 0.410405 1
vt 0.624277 1
vt 0.416185 1
vt 0.404624 1
vt 0.624277 1
vt 0.410405 1
vt 0.398844 1
vt 0.624277 1
vt 0.404624 1
vt 0.393064 1
vt 0.624277 1
vt 0.398844 1
vt 0.387283 1
vt 0.624277 1
vt 0.393064 1
vt 0.387283 1
vt 0.630058 1
vt 0.624277 1
vt 0.381503 1
vt 0.630058 1
vt 0.387283 1
vt 0.375723 1
vt 0.630058 1
vt 0.381503 1
vt 0.369942 1
vt 0.630058 1
vt 0.375723 1
vt 0.369942 1
vt 0.635838 1
vt 0.630058 1
vt 0.364162 1
vt 0.635838 1
vt 0.369942 1
vt 0.358382 1
vt 0.635838 1
vt 0.364162 1
vt 0.358382 1
vt 0.641618 1
vt 0.635838 1
vt 0.352601 1
vt 0.641618 1
vt 0.358382 1
vt 0.346821 1
vt 0.641618 1
vt 0.352601 1
vt 0.34104 1
vt 1 1
vt 0.346821 1
vt 1 1
vt 0.641618 1
vt 0.346821 1
vt 0.33526 1
vt 1 1
vt 0.34104 1
vt 0.32948 1
vt 1 1
vt 0.33526 1
vt 0.323699 1
vt 1 1
vt 0.32948 1
vt 0.317919 1
vt 1 1
vt 0.323699 1
vt 0.317919 1
vt 0.791907 1
vt 1 1
vt 0.99422 1
vt 0.641618 1
vt 1 1
vt 0.317919 1
vt 0.797688 1
vt 0.791907 1
vt 0.312139 1
vt 0.797688 1
vt 0.317919 1
vt 0.312139 1
vt 0.803468 1
vt 0.797688 1
vt 0.306358 1
vt 0.803468 1
vt 0.312139 1
vt 0.306358 1
vt 0.809249 1
vt 0.803468 1
vt 0.300578 1
vt 0.809249 1
vt 0.306358 1
vt 0.300578 1
vt 0.815029 1
vt 0.809249 1
vt 0.300578 1
vt 0.820809 1
vt 0.815029 1
vt 0.294798 1
vt 0.820809 1
vt 0.300578 1
vt 0.294798 1
vt 0.82659 1
vt 0.820809 1
vt 0.289017 1
vt 0.82659 1
vt 0.294798 1
vt 0.289017 1
vt 0.83237 1
vt 0.82659 1
vt 0.289017 1
vt 0.83815 1
vt 0.83237 1
vt 0.283237 1
vt 0.83815 1
vt 0.289017 1
vt 0.283237 1
vt 0.843931 1
vt 0.83815 1
vt 0.283237 1
vt 0.849711 1
vt 0.843931 1
vt 0.277457 1
vt 0.849711 1
vt 0.283237 1
vt 0.277457 1
vt 0.855491 1
vt 0.849711 1
vt 0.271676 1
vt 0.855491 1
vt 0.277457 1
vt 0.271676 1
vt 0.861272 1
vt 0.855491 1
vt 0.271676 1
vt 0.867052 1
vt 0.861272 1
vt 0.265896 1
vt 0.867052 1
vt 0.271676 1
vt 0.265896 1
vt 0.872832 1
vt 0.867052 1
vt 0.265896 1
vt 0.878613 1
vt 0.872832 1
vt 0.988439 1
vt 0.641618 1
vt 0.99422 1
vt 0.260116 1
vt 0.878613 1
vt 0.265896 1
vt 0.982659 1
vt 0.641618 1
vt 0.988439 1
vt 0.260116 1
vt 0.884393 1
vt 0.878613 1
vt 0.976879 1
vt 0.641618 1
vt 0.982659 1
vt 0.774566 1
vt 0.786127 1
vt 0.780347 1
vt 0.976879 1
vt 0.647399 1
vt 0.641618 1
vt 0.260116 1
vt 0.890173 1
vt 0.884393 1
vt 0.768786 1
vt 0.786127 1
vt 0.774566 1
vt 0.971098 1
vt 0.647399 1
vt 0.976879 1
vt 0.971098 1
vt 0.653179 1
vt 0.647399 1
vt 0.763006 1
vt 0.786127 1
vt 0.768786 1
vt 0.254335 1
vt 0.890173 1
vt 0.260116 1
vt 0.254335 1
vt 0.895954 1
vt 0.890173 1
vt 0.971098 1
vt 0.65896 1
vt 0.653179 1
vt 0.965318 1
vt 0.65896 1
vt 0.971098 1
vt 0.757225 1
vt 0.786127 1
vt 0.763006 1
vt 0.965318 1
vt 0.66474 1
vt 0.65896 1
vt 0.959538 1
vt 0.66474 1
vt 0.965318 1
vt 0.751445 1
vt 0.786127 1
vt 0.757225 1
vt 0.254335 1
vt 0.901734 1
vt 0.895954 1
vt 0.959538 1
vt 0.67052 1
vt 0.66474 1
vt 0.745665 1
vt 0.786127 1
vt 0.751445 1
vt 0.953757 1
vt 0.67052 1
vt 0.959538 1
vt 0.953757 1
vt 0.676301 1
vt 0.67052 1
vt 0.739884 1
vt 0.786127 1
vt 0.745665 1
vt 0.254335 1
vt 0.907514 1
vt 0.901734 1
vt 0.953757 1
vt 0.682081 1
vt 0.676301 1
vt 0.947977 1
vt 0.682081 1
vt 0.953757 1
vt 0.734104 1
vt 0.786127 1
vt 0.739884 1
vt 0.947977 1
vt 0.687861 1
vt 0.682081 1
vt 0.248555 1
vt 0.907514 1
vt 0.254335 1
vt 0.728324 1
vt 0.786127 1
vt 0.734104 1
vt 0.248555 1
vt 0.913295 1
vt 0.907514 1
vt 0.942197 1
vt 0.687861 1
vt 0.947977 1
vt 0.942197 1
vt 0.693642 1
vt 0.687861 1
vt 0.722543 1
vt 0.786127 1
vt 0.728324 1
vt 0.942197 1
vt 0.699422 1
vt 0.693642 1
vt 0.716763 1
vt 0.786127 1
vt 0.722543 1
vt 0.936416 1
vt 0.699422 1
vt 0.942197 1
vt 0.936416 1
vt 0.705202 1
vt 0.699422 1
vt 0.710983 1
vt 0.786127 1
vt 0.716763 1
vt 0.936416 1
vt 0.710983 1
vt 0.705202 1
vt 0.248555 1
vt 0.919075 1
vt 0.913295 1
vt 0.936416 1
vt 0.786127 1
vt 0.710983 1
vt 0.930636 1
vt 0.786127 1
vt 0.936416 1
vt 0.248555 1
vt 0.924855 1
vt 0.919075 1
vt 0.924855 1
vt 0.786127 1
vt 0.930636 1
vt 0.248555 1
vt 0.132948 1
vt 0.924855 1
vt 0.132948 1
vt 0.786127 1
vt 0.924855 1
vt 0.242775 1
vt 0.132948 1
vt 0.248555 1
vt 0.242775 1
vt 0.138728 1
vt 0.132948 1
vt 0.127168 1
vt 0.786127 1
vt 0.132948 1
vt 0.236994 1
vt 0.138728 1
vt 0.242775 1
vt 0.236994 1
vt 0.144509 1
vt 0.138728 1
vt 0.121387 1
vt 0.786127 1
vt 0.127168 1
vt 0.121387 1
vt 0 1
vt 0.786127 1
vt 0.231214 1
vt 0.144509 1
vt 0.236994 1
vt 0.231214 1
vt 0.150289 1
vt 0.144509 1
vt 0.115607 1
vt 0 1
vt 0.121387 1
vt 0.115607 1
vt 0.00578 1
vt 0 1
vt 0.231214 1
vt 0.156069 1
vt 0.150289 1
vt 0.109827 1
vt 0.00578 1
vt 0.115607 1
vt 0.225434 1
vt 0.156069 1
vt 0.231214 1
vt 0.109827 1
vt 0.011561 1
vt 0.00578 1
vt 0.225434 1
vt 0.16185 1
vt 0.156069 1
vt 0.104046 1
vt 0.011561 1
vt 0.109827 1
vt 0.104046 1
vt 0.017341 1
vt 0.011561 1
vt 0.219653 1
vt 0.16185 1
vt 0.225434 1
vt 0.219653 1
vt 0.16763 1
vt 0.16185 1
vt 0.098266 1
vt 0.017341 1
vt 0.104046 1
vt 0.098266 1
vt 0.023121 1
vt 0.017341 1
vt 0.219653 1
vt 0.17341 1
vt 0.16763 1
vt 0.092486 1
vt 0.023121 1
vt 0.098266 1
vt 0.092486 1
vt 0.028902 1
vt 0.023121 1
vt 0.213873 1
vt 0.17341 1
vt 0.219653 1
vt 0.213873 1
vt 0.179191 1
vt 0.17341 1
vt 0.086705 1
vt 0.028902 1
vt 0.092486 1
vt 0.086705 1
vt 0.034682 1
vt 0.028902 1
vt 0.213873 1
vt 0.184971 1
vt 0.179191 1
vt 0.086705 1
vt 0.040462 1
vt 0.034682 1
vt 0.080925 1
vt 0.040462 1
vt 0.086705 1
vt 0.208092 1
vt 0.184971 1
vt 0.213873 1
vt 0.080925 1
vt 0.046243 1
vt 0.040462 1
vt 0.208092 1
vt 0.190751 1
vt 0.184971 1
vt 0.075145 1
vt 0.046243 1
vt 0.080925 1
vt 0.075145 1
vt 0.052023 1
vt 0.046243 1
vt 0.208092 1
vt 0.196532 1
vt 0.190751 1
vt 0.069364 1
vt 0.052023 1
vt 0.075145 1
vt 0.202312 1
vt 0.196532 1
vt 0.208092 1
vt 0.069364 1
vt 0.057803 1
vt 0.052023 1
vt 0.063584 1
vt 0.057803 1
vt 0.069364 1
vt 0.964912 1
vt 1 1
vt 0.982456 1
vt 0.964912 1
vt 0 1
vt 1 1
vt 0.964912 1
vt 0.017544 1
vt 0 1
vt 0.947368 1
vt 0.017544 1
vt 0.964912 1
vt 0.929825 1
vt 0.017544 1
vt 0.947368 1
vt 0.912281 1
vt 0.035088 1
vt 0.929825 1
vt 0.035088 1
vt 0.017544 1
vt 0.929825 1
vt 0.912281 1
vt 0.052632 1
vt 0.035088 1
vt 0.912281 1
vt 0.070175 1
vt 0.052632 1
vt 0.894737 1
vt 0.070175 1
vt 0.912281 1
vt 0.894737 1
vt 0.087719 1
vt 0.070175 1
vt 0.894737 1
vt 0.105263 1
vt 0.087719 1
vt 0.877193 1
vt 0.105263 1
vt 0.894737 1
vt 0.877193 1
vt 0.122807 1
vt 0.105263 1
vt 0.45614 1
vt 0.491228 1
vt 0.473684 1
vt 0.438596 1
vt 0.491228 1
vt 0.45614 1
vt 0.877193 1
vt 0.140351 1
vt 0.122807 1
vt 0.421053 1
vt 0.491228 1
vt 0.438596 1
vt 0.859649 1
vt 0.140351 1
vt 0.877193 1
vt 0.859649 1
vt 0.157895 1
vt 0.140351 1
vt 0.403509 1
vt 0.491228 1
vt 0.421053 1
vt 0.385965 1
vt 0.491228 1
vt 0.403509 1
vt 0.859649 1
vt 0.175439 1
vt 0.157895 1
vt 0.368421 1
vt 0.491228 1
vt 0.385965 1
vt 0.859649 1
vt 0.192982 1
vt 0.175439 1
vt 0.350877 1
vt 0.491228 1
vt 0.368421 1
vt 0.859649 1
vt 0.210526 1
vt 0.192982 1
vt 0.333333 1
vt 0.491228 1
vt 0.350877 1
vt 0.842105 1
vt 0.210526 1
vt 0.859649 1
vt 0.315789 1
vt 0.491228 1
vt 0.333333 1
vt 0.842105 1
vt 0.22807 1
vt 0.210526 1
vt 0.298246 1
vt 0.491228 1
vt 0.315789 1
vt 0.842105 1
vt 0.245614 1
vt 0.22807 1
vt 0.280702 1
vt 0.491228 1
vt 0.298246 1
vt 0.842105 1
vt 0.263158 1
vt 0.245614 1
vt 0.263158 1
vt 0.491228 1
vt 0.280702 1
vt 0.842105 1
vt 0.491228 1
vt 0.263158 1
vt 0.824561 1
vt 0.491228 1
vt 0.842105 1
vt 0.807018 1
vt 0.491228 1
vt 0.824561 1
vt 0.789474 1
vt 0.491228 1
vt 0.807018 1
vt 0.789474 1
vt 0.508772 1
vt 0.491228 1
vt 0.77193 1
vt 0.508772 1
vt 0.789474 1
vt 0.77193 1
vt 0.526316 1
vt 0.508772 1
vt 0.77193 1
vt 0.54386 1
vt 0.526316 1
vt 0.754386 1
vt 0.54386 1
vt 0.77193 1
vt 0.754386 1
vt 0.561404 1
vt 0.54386 1
vt 0.754386 1
vt 0.578947 1
vt 0.561404 1
vt 0.754386 1
vt 0.596491 1
vt 0.578947 1
vt 0.736842 1
vt 0.596491 1
vt 0.754386 1
vt 0.736842 1
vt 0.614035 1
vt 0.596491 1
vt 0.736842 1
vt 0.631579 1
vt 0.614035 1
vt 0.719298 1
vt 0.631579 1
vt 0.736842 1
vt 0.719298 1
vt 0.649123 1
vt 0.631579 1
vt 0.719298 1
vt 0.666667 1
vt 0.649123 1
vt 0.701754 1
vt 0.666667 1
vt 0.719298 1
vt 0.701754 1
vt 0.684211 1
vt 0.666667 1
vt 0.494949 1
vt 0.474747 1
vt 0.484848 1
vt 0.50505 1
vt 0.474747 1
vt 0.494949 1
vt 0.121212 1
vt 0.10101 1
vt 0.111111 1
vt 0.121212 1
vt 0.090909 1
vt 0.10101 1
vt 0.121212 1
vt 0.080808 1
vt 0.090909 1
vt 0.131313 1
vt 0.080808 1
vt 0.121212 1
vt 0.131313 1
vt 0.070707 1
vt 0.080808 1
vt 0.131313 1
vt 0.060606 1
vt 0.070707 1
vt 0.131313 1
vt 0.050505 1
vt 0.060606 1
vt 0.141414 1
vt 0.050505 1
vt 0.131313 1
vt 0.141414 1
vt 0.040404 1
vt 0.050505 1
vt 0.141414 1
vt 0.030303 1
vt 0.040404 1
vt 0.151515 1
vt 0.030303 1
vt 0.141414 1
vt 0.151515 1
vt 0.020202 1
vt 0.030303 1
vt 0.151515 1
vt 0.010101 1
vt 0.020202 1
vt 0.151515 1
vt 0 1
vt 0.010101 1
vt 0.161616 1
vt 0 1
vt 0.151515 1
vt 0.161616 1
vt 0.50505 1
vt 0 1
vt 0.989899 1
vt 0.474747 1
vt 0.50505 1
vt 0.979798 1
vt 0.989899 1
vt 0.50505 1
vt 0.969697 1
vt 0.979798 1
vt 0.50505 1
vt 0.959596 1
vt 0.969697 1
vt 0.50505 1
vt 0.949495 1
vt 0.959596 1
vt 0.50505 1
vt 0.939394 1
vt 0.949495 1
vt 0.50505 1
vt 0.929293 1
vt 0.939394 1
vt 0.50505 1
vt 0.919192 1
vt 0.929293 1
vt 0.50505 1
vt 0.909091 1
vt 0.919192 1
vt 0.50505 1
vt 0.89899 1
vt 0.909091 1
vt 0.50505 1
vt 0.161616 1
vt 0.89899 1
vt 0.50505 1
vt 0.888889 1
vt 0.89899 1
vt 0.161616 1
vt 0.171717 1
vt 0.888889 1
vt 0.161616 1
vt 0.878788 1
vt 0.888889 1
vt 0.171717 1
vt 0.868687 1
vt 0.878788 1
vt 0.171717 1
vt 0.181818 1
vt 0.868687 1
vt 0.171717 1
vt 0.181818 1
vt 0.858586 1
vt 0.868687 1
vt 0.181818 1
vt 0.848485 1
vt 0.858586 1
vt 0.191919 1
vt 0.848485 1
vt 0.181818 1
vt 0.191919 1
vt 0.838384 1
vt 0.848485 1
vt 0.191919 1
vt 0.828283 1
vt 0.838384 1
vt 0.191919 1
vt 0.818182 1
vt 0.828283 1
vt 0.20202 1
vt 0.818182 1
vt 0.191919 1
vt 0.20202 1
vt 0.808081 1
vt 0.818182 1
vt 0.20202 1
vt 0.79798 1
vt 0.808081 1
vt 1 1
vt 0.474747 1
vt 0.989899 1
vt 0.212121 1
vt 0.79798 1
vt 0.20202 1
vt 0.212121 1
vt 0.787879 1
vt 0.79798 1
vt 0.212121 1
vt 0.777778 1
vt 0.787879 1
vt 0.222222 1
vt 0.777778 1
vt 0.212121 1
vt 0.222222 1
vt 0.767677 1
vt 0.777778 1
vt 0.222222 1
vt 0.757576 1
vt 0.767677 1
vt 0.232323 1
vt 0.757576 1
vt 0.222222 1
vt 0.232323 1
vt 0.747475 1
vt 0.757576 1
vt 0.242424 1
vt 0.747475 1
vt 0.232323 1
vt 0.242424 1
vt 0.737374 1
vt 0.747475 1
vt 0.242424 1
vt 0.727273 1
vt 0.737374 1
vt 0.252525 1
vt 0.727273 1
vt 0.242424 1
vt 0.252525 1
vt 0.717172 1
vt 0.727273 1
vt 0.262626 1
vt 0.717172 1
vt 0.252525 1
vt 0.262626 1
vt 0.707071 1
vt 0.717172 1
vt 0.262626 1
vt 0.69697 1
vt 0.707071 1
vt 0.272727 1
vt 0.69697 1
vt 0.262626 1
vt 0.272727 1
vt 0.686869 1
vt 0.69697 1
vt 0.272727 1
vt 0.676768 1
vt 0.686869 1
vt 0.272727 1
vt 0.666667 1
vt 0.676768 1
vt 0.282828 1
vt 0.666667 1
vt 0.272727 1
vt 0.282828 1
vt 0.656566 1
vt 0.666667 1
vt 0.515152 1
vt 0.474747 1
vt 1 1
vt 0.525253 1
vt 0.474747 1
vt 0.515152 1
vt 0.282828 1
vt 0.646465 1
vt 0.656566 1
vt 0.535354 1
vt 0.474747 1
vt 0.525253 1
vt 0.545455 1
vt 0.474747 1
vt 0.535354 1
vt 0.555556 1
vt 0.474747 1
vt 0.545455 1
vt 0.565657 1
vt 0.474747 1
vt 0.555556 1
vt 0.282828 1
vt 0.636364 1
vt 0.646465 1
vt 0.575758 1
vt 0.474747 1
vt 0.565657 1
vt 0.292929 1
vt 0.636364 1
vt 0.282828 1
vt 0.585859 1
vt 0.474747 1
vt 0.575758 1
vt 0.59596 1
vt 0.474747 1
vt 0.585859 1
vt 0.292929 1
vt 0.626263 1
vt 0.636364 1
vt 0.606061 1
vt 0.474747 1
vt 0.59596 1
vt 0.616162 1
vt 0.474747 1
vt 0.606061 1
vt 0.626263 1
vt 0.474747 1
vt 0.616162 1
vt 0.292929 1
vt 0.474747 1
vt 0.626263 1
vt 0.30303 1
vt 0.474747 1
vt 0.292929 1
vt 0.313131 1
vt 0.474747 1
vt 0.30303 1
vt 0.313131 1
vt 0.464646 1
vt 0.474747 1
vt 0.323232 1
vt 0.464646 1
vt 0.313131 1
vt 0.323232 1
vt 0.454545 1
vt 0.464646 1
vt 0.323232 1
vt 0.444444 1
vt 0.454545 1
vt 0.323232 1
vt 0.434343 1
vt 0.444444 1
vt 0.333333 1
vt 0.434343 1
vt 0.323232 1
vt 0.333333 1
vt 0.424242 1
vt 0.434343 1
vt 0.333333 1
vt 0.414141 1
vt 0.424242 1
vt 0.333333 1
vt 0.40404 1
vt 0.414141 1
vt 0.343434 1
vt 0.40404 1
vt 0.333333 1
vt 0.343434 1
vt 0.393939 1
vt 0.40404 1
vt 0.343434 1
vt 0.383838 1
vt 0.393939 1
vt 0.343434 1
vt 0.373737 1
vt 0.383838 1
vt 0.353535 1
vt 0.373737 1
vt 0.343434 1
vt 0.353535 1
vt 0.363636 1
vt 0.373737 1
vt 0.572254 1
vt 0.560694 1
vt 0.566474 1
vt 0.572254 1
vt 0.554913 1
vt 0.560694 1
vt 0.578035 1
vt 0.554913 1
vt 0.572254 1
vt 0.578035 1
vt 0.549133 1
vt 0.554913 1
vt 0.578035 1
vt 0.543353 1
vt 0.549133 1
vt 0.583815 1
vt 0.543353 1
vt 0.578035 1
vt 0.583815 1
vt 0.537572 1
vt 0.543353 1
vt 0.589595 1
vt 0.537572 1
vt 0.583815 1
vt 0.589595 1
vt 0.531792 1
vt 0.537572 1
vt 0.589595 1
vt 0.526012 1
vt 0.531792 1
vt 0.595376 1
vt 0.526012 1
vt 0.589595 1
vt 0.595376 1
vt 0.520231 1
vt 0.526012 1
vt 0.601156 1
vt 0.520231 1
vt 0.595376 1
vt 0.601156 1
vt 0.514451 1
vt 0.520231 1
vt 0.601156 1
vt 0.508671 1
vt 0.514451 1
vt 0.606936 1
vt 0.508671 1
vt 0.601156 1
vt 0.606936 1
vt 0.50289 1
vt 0.508671 1
vt 0.612717 1
vt 0.50289 1
vt 0.606936 1
vt 0.612717 1
vt 0.49711 1
vt 0.50289 1
vt 0.485549 1
vt 0.491329 1
vt 0.49711 1
vt 0.479769 1
vt 0.485549 1
vt 0.49711 1
vt 0.473988 1
vt 0.479769 1
vt 0.49711 1
vt 0.468208 1
vt 0.473988 1
vt 0.49711 1
vt 0.462428 1
vt 0.468208 1
vt 0.49711 1
vt 0.456647 1
vt 0.462428 1
vt 0.49711 1
vt 0.450867 1
vt 0.456647 1
vt 0.49711 1
vt 0.445087 1
vt 0.450867 1
vt 0.49711 1
vt 0.439306 1
vt 0.445087 1
vt 0.49711 1
vt 0.433526 1
vt 0.439306 1
vt 0.49711 1
vt 0.612717 1
vt 0.433526 1
vt 0.49711 1
vt 0.427746 1
vt 0.433526 1
vt 0.612717 1
vt 0.421965 1
vt 0.427746 1
vt 0.612717 1
vt 0.618497 1
vt 0.421965 1
vt 0.612717 1
vt 0.416185 1
vt 0.421965 1
vt 0.618497 1
vt 0.624277 1
vt 0.416185 1
vt 0.618497 1
vt 0.624277 1
vt 0.410405 1
vt 0.416185 1
vt 0.624277 1
vt 0.404624 1
vt 0.410405 1
vt 0.624277 1
vt 0.398844 1
vt 0.404624 1
vt 0.624277 1
vt 0.393064 1
vt 0.398844 1
vt 0.624277 1
vt 0.387283 1
vt 0.393064 1
vt 0.630058 1
vt 0.387283 1
vt 0.624277 1
vt 0.630058 1
vt 0.381503 1
vt 0.387283 1
vt 0.630058 1
vt 0.375723 1
vt 0.381503 1
vt 0.630058 1
vt 0.369942 1
vt 0.375723 1
vt 0.635838 1
vt 0.369942 1
vt 0.630058 1
vt 0.635838 1
vt 0.364162 1
vt 0.369942 1
vt 0.635838 1
vt 0.358382 1
vt 0.364162 1
vt 0.641618 1
vt 0.358382 1
vt 0.635838 1
vt 0.641618 1
vt 0.352601 1
vt 0.358382 1
vt 0.641618 1
vt 0.346821 1
vt 0.352601 1
vt 1 1
vt 0.34104 1
vt 0.346821 1
vt 0.641618 1
vt 1 1
vt 0.346821 1
vt 1 1
vt 0.33526 1
vt 0.34104 1
vt 1 1
vt 0.32948 1
vt 0.33526 1
vt 1 1
vt 0.323699 1
vt 0.32948 1
vt 1 1
vt 0.317919 1
vt 0.323699 1
vt 0.791907 1
vt 0.317919 1
vt 1 1
vt 0.641618 1
vt 0.99422 1
vt 1 1
vt 0.797688 1
vt 0.317919 1
vt 0.791907 1
vt 0.797688 1
vt 0.312139 1
vt 0.317919 1
vt 0.803468 1
vt 0.312139 1
vt 0.797688 1
vt 0.803468 1
vt 0.306358 1
vt 0.312139 1
vt 0.809249 1
vt 0.306358 1
vt 0.803468 1
vt 0.809249 1
vt 0.300578 1
vt 0.306358 1
vt 0.815029 1
vt 0.300578 1
vt 0.809249 1
vt 0.820809 1
vt 0.300578 1
vt 0.815029 1
vt 0.820809 1
vt 0.294798 1
vt 0.300578 1
vt 0.82659 1
vt 0.294798 1
vt 0.820809 1
vt 0.82659 1
vt 0.289017 1
vt 0.294798 1
vt 0.83237 1
vt 0.289017 1
vt 0.82659 1
vt 0.83815 1
vt 0.289017 1
vt 0.83237 1
vt 0.83815 1
vt 0.283237 1
vt 0.289017 1
vt 0.843931 1
vt 0.283237 1
vt 0.83815 1
vt 0.849711 1
vt 0.283237 1
vt 0.843931 1
vt 0.849711 1
vt 0.277457 1
vt 0.283237 1
vt 0.855491 1
vt 0.277457 1
vt 0.849711 1
vt 0.855491 1
vt 0.271676 1
vt 0.277457 1
vt 0.861272 1
vt 0.271676 1
vt 0.855491 1
vt 0.867052 1
vt 0.271676 1
vt 0.861272 1
vt 0.867052 1
vt 0.265896 1
vt 0.271676 1
vt 0.872832 1
vt 0.265896 1
vt 0.867052 1
vt 0.878613 1
vt 0.265896 1
vt 0.872832 1
vt 0.641618 1
vt 0.988439 1
vt 0.99422 1
vt 0.878613 1
vt 0.260116 1
vt 0.265896 1
vt 0.641618 1
vt 0.982659 1
vt 0.988439 1
vt 0.884393 1
vt 0.260116 1
vt 0.878613 1
vt 0.641618 1
vt 0.976879 1
vt 0.982659 1
vt 0.786127 1
vt 0.774566 1
vt 0.780347 1
vt 0.647399 1
vt 0.976879 1
vt 0.641618 1
vt 0.890173 1
vt 0.260116 1
vt 0.884393 1
vt 0.786127 1
vt 0.768786 1
vt 0.774566 1
vt 0.647399 1
vt 0.971098 1
vt 0.976879 1
vt 0.653179 1
vt 0.971098 1
vt 0.647399 1
vt 0.786127 1
vt 0.763006 1
vt 0.768786 1
vt 0.890173 1
vt 0.254335 1
vt 0.260116 1
vt 0.895954 1
vt 0.254335 1
vt 0.890173 1
vt 0.65896 1
vt 0.971098 1
vt 0.653179 1
vt 0.65896 1
vt 0.965318 1
vt 0.971098 1
vt 0.786127 1
vt 0.757225 1
vt 0.763006 1
vt 0.66474 1
vt 0.965318 1
vt 0.65896 1
vt 0.66474 1
vt 0.959538 1
vt 0.965318 1
vt 0.786127 1
vt 0.751445 1
vt 0.757225 1
vt 0.901734 1
vt 0.254335 1
vt 0.895954 1
vt 0.67052 1
vt 0.959538 1
vt 0.66474 1
vt 0.786127 1
vt 0.745665 1
vt 0.751445 1
vt 0.67052 1
vt 0.953757 1
vt 0.959538 1
vt 0.676301 1
vt 0.953757 1
vt 0.67052 1
vt 0.786127 1
vt 0.739884 1
vt 0.745665 1
vt 0.907514 1
vt 0.254335 1
vt 0.901734 1
vt 0.682081 1
vt 0.953757 1
vt 0.676301 1
vt 0.682081 1
vt 0.947977 1
vt 0.953757 1
vt 0.786127 1
vt 0.734104 1
vt 0.739884 1
vt 0.687861 1
vt 0.947977 1
vt 0.682081 1
vt 0.907514 1
vt 0.248555 1
vt 0.254335 1
vt 0.786127 1
vt 0.728324 1
vt 0.734104 1
vt 0.913295 1
vt 0.248555 1
vt 0.907514 1
vt 0.687861 1
vt 0.942197 1
vt 0.947977 1
vt 0.693642 1
vt 0.942197 1
vt 0.687861 1
vt 0.786127 1
vt 0.722543 1
vt 0.728324 1
vt 0.699422 1
vt 0.942197 1
vt 0.693642 1
vt 0.786127 1
vt 0.716763 1
vt 0.722543 1
vt 0.699422 1
vt 0.936416 1
vt 0.942197 1
vt 0.705202 1
vt 0.936416 1
vt 0.699422 1
vt 0.786127 1
vt 0.710983 1
vt 0.716763 1
vt 0.710983 1
vt 0.936416 1
vt 0.705202 1
vt 0.919075 1
vt 0.248555 1
vt 0.913295 1
vt 0.786127 1
vt 0.936416 1
vt 0.710983 1
vt 0.786127 1
vt 0.930636 1
vt 0.936416 1
vt 0.924855 1
vt 0.248555 1
vt 0.919075 1
vt 0.786127 1
vt 0.924855 1
vt 0.930636 1
vt 0.132948 1
vt 0.248555 1
vt 0.924855 1
vt 0.786127 1
vt 0.132948 1
vt 0.924855 1
vt 0.132948 1
vt 0.242775 1
vt 0.248555 1
vt 0.138728 1
vt 0.242775 1
vt 0.132948 1
vt 0.786127 1
vt 0.127168 1
vt 0.132948 1
vt 0.138728 1
vt 0.236994 1
vt 0.242775 1
vt 0.144509 1
vt 0.236994 1
vt 0.138728 1
vt 0.786127 1
vt 0.121387 1
vt 0.127168 1
vt 0 1
vt 0.121387 1
vt 0.786127 1
vt 0.144509 1
vt 0.231214 1
vt 0.236994 1
vt 0.150289 1
vt 0.231214 1
vt 0.144509 1
vt 0 1
vt 0.115607 1
vt 0.121387 1
vt 0.00578 1
vt 0.115607 1
vt 0 1
vt 0.156069 1
vt 0.231214 1
vt 0.150289 1
vt 0.00578 1
vt 0.109827 1
vt 0.115607 1
vt 0.156069 1
vt 0.225434 1
vt 0.231214 1
vt 0.011561 1
vt 0.109827 1
vt 0.00578 1
vt 0.16185 1
vt 0.225434 1
vt 0.156069 1
vt 0.011561 1
vt 0.104046 1
vt 0.109827 1
vt 0.017341 1
vt 0.104046 1
vt 0.011561 1
vt 0.16185 1
vt 0.219653 1
vt 0.225434 1
vt 0.16763 1
vt 0.219653 1
vt 0.16185 1
vt 0.017341 1
vt 0.098266 1
vt 0.104046 1
vt 0.023121 1
vt 0.098266 1
vt 0.017341 1
vt 0.17341 1
vt 0.219653 1
vt 0.16763 1
vt 0.023121 1
vt 0.092486 1
vt 0.098266 1
vt 0.028902 1
vt 0.092486 1
vt 0.023121 1
vt 0.17341 1
vt 0.213873 1
vt 0.219653 1
vt 0.179191 1
vt 0.213873 1
vt 0.17341 1
vt 0.028902 1
vt 0.086705 1
vt 0.092486 1
vt 0.034682 1
vt 0.086705 1
vt 0.028902 1
vt 0.184971 1
vt 0.213873 1
vt 0.179191 1
vt 0.040462 1
vt 0.086705 1
vt 0.034682 1
vt 0.040462 1
vt 0.080925 1
vt 0.086705 1
vt 0.184971 1
vt 0.208092 1
vt 0.213873 1
vt 0.046243 1
vt 0.080925 1
vt 0.040462 1
vt 0.190751 1
vt 0.208092 1
vt 0.184971 1
vt 0.046243 1
vt 0.075145 1
vt 0.080925 1
vt 0.052023 1
vt 0.075145 1
vt 0.046243 1
vt 0.196532 1
vt 0.208092 1
vt 0.190751 1
vt 0.052023 1
vt 0.069364 1
vt 0.075145 1
vt 0.196532 1
vt 0.202312 1
vt 0.208092 1
vt 0.057803 1
vt 0.069364 1
vt 0.052023 1
vt 0.057803 1
vt 0.063584 1
vt 0.069364 1
vt 1 1
vt 0.964912 1
vt 0.982456 1
vt 0 1
vt 0.964912 1
vt 1 1
vt 0.017544 1
vt 0.964912 1
vt 0 1
vt 0.017544 1
vt 0.947368 1
vt 0.964912 1
vt 0.017544 1
vt 0.929825 1
vt 0.947368 1
vt 0.035088 1
vt 0.912281 1
vt 0.929825 1
vt 0.017544 1
vt 0.035088 1
vt 0.929825 1
vt 0.052632 1
vt 0.912281 1
vt 0.035088 1
vt 0.070175 1
vt 0.912281 1
vt 0.052632 1
vt 0.070175 1
vt 0.894737 1
vt 0.912281 1
vt 0.087719 1
vt 0.894737 1
vt 0.070175 1
vt 0.105263 1
vt 0.894737 1
vt 0.087719 1
vt 0.105263 1
vt 0.877193 1
vt 0.894737 1
vt 0.122807 1
vt 0.877193 1
vt 0.105263 1
vt 0.491228 1
vt 0.45614 1
vt 0.473684 1
vt 0.491228 1
vt 0.438596 1
vt 0.45614 1
vt 0.140351 1
vt 0.877193 1
vt 0.122807 1
vt 0.491228 1
vt 0.421053 1
vt 0.438596 1
vt 0.140351 1
vt 0.859649 1
vt 0.877193 1
vt 0.157895 1
vt 0.859649 1
vt 0.140351 1
vt 0.491228 1
vt 0.403509 1
vt 0.421053 1
vt 0.491228 1
vt 0.385965 1
vt 0.403509 1
vt 0.175439 1
vt 0.859649 1
vt 0.157895 1
vt 0.491228 1
vt 0.368421 1
vt 0.385965 1
vt 0.192982 1
vt 0.859649 1
vt 0.175439 1
vt 0.491228 1
vt 0.350877 1
vt 0.368421 1
vt 0.210526 1
vt 0.859649 1
vt 0.192982 1
vt 0.491228 1
vt 0.333333 1
vt 0.350877 1
vt 0.210526 1
vt 0.842105 1
vt 0.859649 1
vt 0.491228 1
vt 0.315789 1
vt 0.333333 1
vt 0.22807 1
vt 0.842105 1
vt 0.210526 1
vt 0.491228 1
vt 0.298246 1
vt 0.315789 1
vt 0.245614 1
vt 0.842105 1
vt 0.22807 1
vt 0.491228 1
vt 0.280702 1
vt 0.298246 1
vt 0.263158 1
vt 0.842105 1
vt 0.245614 1
vt 0.491228 1
vt 0.263158 1
vt 0.280702 1
vt 0.491228 1
vt 0.842105 1
vt 0.263158 1
vt 0.491228 1
vt 0.824561 1
vt 0.842105 1
vt 0.491228 1
vt 0.807018 1
vt 0.824561 1
vt 0.491228 1
vt 0.789474 1
vt 0.807018 1
vt 0.508772 1
vt 0.789474 1
vt 0.491228 1
vt 0.508772 1
vt 0.77193 1
vt 0.789474 1
vt 0.526316 1
vt 0.77193 1
vt 0.508772 1
vt 0.54386 1
vt 0.77193 1
vt 0.526316 1
vt 0.54386 1
vt 0.754386 1
vt 0.77193 1
vt 0.561404 1
vt 0.754386 1
vt 0.54386 1
vt 0.578947 1
vt 0.754386 1
vt 0.561404 1
vt 0.596491 1
vt 0.754386 1
vt 0.578947 1
vt 0.596491 1
vt 0.736842 1
vt 0.754386 1
vt 0.614035 1
vt 0.736842 1
vt 0.596491 1
vt 0.631579 1
vt 0.736842 1
vt 0.614035 1
vt 0.631579 1
vt 0.719298 1
vt 0.736842 1
vt 0.649123 1
vt 0.719298 1
vt 0.631579 1
vt 0.666667 1
vt 0.719298 1
vt 0.649123 1
vt 0.666667 1
vt 0.701754 1
vt 0.719298 1
vt 0.684211 1
vt 0.701754 1
vt 0.666667 1
vt 0 0
vt 0.017241 0
vt 0.017241 1
vt 0 1
vt 0.017241 0
vt 0.034483 0
vt 0.034483 1
vt 0.017241 1
vt 0.034483 0
vt 0.051724 0
vt 0.051724 1
vt 0.034483 1
vt 0.051724 0
vt 0.068966 0
vt 0.068966 1
vt 0.051724 1
vt 0.068966 0
vt 0.086207 0
vt 0.086207 1
vt 0.068966 1
vt 0.086207 0
vt 0.103448 0
vt 0.103448 1
vt 0.086207 1
vt 0.103448 0
vt 0.12069 0
vt 0.12069 1
vt 0.103448 1
vt 0.12069 0
vt 0.137931 0
vt 0.137931 1
vt 0.12069 1
vt 0.137931 0
vt 0.155172 0
vt 0.155172 1
vt 0.137931 1
vt 0.155172 0
vt 0.172414 0
vt 0.172414 1
vt 0.155172 1
vt 0.172414 0
vt 0.189655 0
vt 0.189655 1
vt 0.172414 1
vt 0.189655 0
vt 0.206897 0
vt 0.206897 1
vt 0.189655 1
vt 0.206897 0
vt 0.224138 0
vt 0.224138 1
vt 0.206897 1
vt 0.224138 0
vt 0.241379 0
vt 0.241379 1
vt 0.224138 1
vt 0.241379 0
vt 0.258621 0
vt 0.258621 1
vt 0.241379 1
vt 0.258621 0
vt 0.275862 0
vt 0.275862 1
vt 0.258621 1
vt 0.275862 0
vt 0.293103 0
vt 0.293103 1
vt 0.275862 1
vt 0.293103 0
vt 0.310345 0
vt 0.310345 1
vt 0.293103 1
vt 0.310345 0
vt 0.327586 0
vt 0.327586 1
vt 0.310345 1
vt 0.327586 0
vt 0.344828 0
vt 0.344828 1
vt 0.327586 1
vt 0.344828 0
vt 0.362069 0
vt 0.362069 1
vt 0.344828 1
vt 0.362069 0
vt 0.37931 0
vt 0.37931 1
vt 0.362069 1
vt 0.37931 0
vt 0.396552 0
vt 0.396552 1
vt 0.37931 1
vt 0.396552 0
vt 0.413793 0
vt 0.413793 1
vt 0.396552 1
vt 0.413793 0
vt 0.431034 0
vt 0.431034 1
vt 0.413793 1
vt 0.431034 0
vt 0.448276 0
vt 0.448276 1
vt 0.431034 1
vt 0.448276 0
vt 0.465517 0
vt 0.465517 1
vt 0.448276 1
vt 0.465517 0
vt 0.482759 0
vt 0.482759 1
vt 0.465517 1
vt 0.482759 0
vt 0.5 0
vt 0.5 1
vt 0.482759 1
vt 0.5 0
vt 0.517241 0
vt 0.517241 1
vt 0.5 1
vt 0.517241 0
vt 0.534483 0
vt 0.534483 1
vt 0.517241 1
vt 0.534483 0
vt 0.551724 0
vt 0.551724 1
vt 0.534483 1
vt 0.551724 0
vt 0.568965 0
vt 0.568965 1
vt 0.551724 1
vt 0.568965 0
vt 0.586207 0
vt 0.586207 1
vt 0.568965 1
vt 0.586207 0
vt 0.603448 0
vt 0.603448 1
vt 0.586207 1
vt 0.603448 0
vt 0.62069 0
vt 0.62069 1
vt 0.603448 1
vt 0.62069 0
vt 0.637931 0
vt 0.637931 1
vt 0.62069 1
vt 0.637931 0
vt 0.655172 0
vt 0.655172 1
vt 0.637931 1
vt 0.655172 0
vt 0.672414 0
vt 0.672414 1
vt 0.655172 1
vt 0.672414 0
vt 0.689655 0
vt 0.689655 1
vt 0.672414 1
vt 0.689655 0
vt 0.706897 0
vt 0.706897 1
vt 0.689655 1
vt 0.706897 0
vt 0.724138 0
vt 0.724138 1
vt 0.706897 1
vt 0.724138 0
vt 0.741379 0
vt 0.741379 1
vt 0.724138 1
vt 0.741379 0
vt 0.758621 0
vt 0.758621 1
vt 0.741379 1
vt 0.758621 0
vt 0.775862 0
vt 0.775862 1
vt 0.758621 1
vt 0.775862 0
vt 0.793103 0
vt 0.793103 1
vt 0.775862 1
vt 0.793103 0
vt 0.810345 0
vt 0.810345 1
vt 0.793103 1
vt 0.810345 0
vt 0.827586 0
vt 0.827586 1
vt 0.810345 1
vt 0.827586 0
vt 0.844828 0
vt 0.844828 1
vt 0.827586 1
vt 0.844828 0
vt 0.862069 0
vt 0.862069 1
vt 0.844828 1
vt 0.862069 0
vt 0.87931 0
vt 0.87931 1
vt 0.862069 1
vt 0.87931 0
vt 0.896552 0
vt 0.896552 1
vt 0.87931 1
vt 0.896552 0
vt 0.913793 0
vt 0.913793 1
vt 0.896552 1
vt 0.913793 0
vt 0.931035 0
vt 0.931035 1
vt 0.913793 1
vt 0.931035 0
vt 0.948276 0
vt 0.948276 1
vt 0.931035 1
vt 0.948276 0
vt 0.965517 0
vt 0.965517 1
vt 0.948276 1
vt 0.965517 0
vt 0.982759 0
vt 0.982759 1
vt 0.965517 1
vt 0.982759 0
vt 1 0
vt 1 1
vt 0.982759 1
vt 0 0
vt 0.007299 0
vt 0.007299 1
vt 0 1
vt 0.007299 0
vt 0.014599 0
vt 0.014599 1
vt 0.007299 1
vt 0.014599 0
vt 0.021898 0
vt 0.021898 1
vt 0.014599 1
vt 0.021898 0
vt 0.029197 0
vt 0.029197 1
vt 0.021898 1
vt 0.029197 0
vt 0.036496 0
vt 0.036496 1
vt 0.029197 1
vt 0.036496 0
vt 0.043796 0
vt 0.043796 1
vt 0.036496 1
vt 0.043796 0
vt 0.051095 0
vt 0.051095 1
vt 0.043796 1
vt 0.051095 0
vt 0.058394 0
vt 0.058394 1
vt 0.051095 1
vt 0.058394 0
vt 0.065693 0
vt 0.065693 1
vt 0.058394 1
vt 0.065693 0
vt 0.072993 0
vt 0.072993 1
vt 0.065693 1
vt 0.072993 0
vt 0.080292 0
vt 0.080292 1
vt 0.072993 1
vt 0.080292 0
vt 0.087591 0
vt 0.087591 1
vt 0.080292 1
vt 0.087591 0
vt 0.094891 0
vt 0.094891 1
vt 0.087591 1
vt 0.094891 0
vt 0.10219 0
vt 0.10219 1
vt 0.094891 1
vt 0.10219 0
vt 0.109489 0
vt 0.109489 1
vt 0.10219 1
vt 0.109489 0
vt 0.116788 0
vt 0.116788 1
vt 0.109489 1
vt 0.116788 0
vt 0.124088 0
vt 0.124088 1
vt 0.116788 1
vt 0.124088 0
vt 0.131387 0
vt 0.131387 1
vt 0.124088 1
vt 0.131387 0
vt 0.138686 0
vt 0.138686 1
vt 0.131387 1
vt 0.138686 0
vt 0.145985 0
vt 0.145985 1
vt 0.138686 1
vt 0.145985 0
vt 0.153285 0
vt 0.153285 1
vt 0.145985 1
vt 0.153285 0
vt 0.160584 0
vt 0.160584 1
vt 0.153285 1
vt 0.160584 0
vt 0.167883 0
vt 0.167883 1
vt 0.160584 1
vt 0.167883 0
vt 0.175182 0
vt 0.175182 1
vt 0.167883 1
vt 0.175182 0
vt 0.182482 0
vt 0.182482 1
vt 0.175182 1
vt 0.182482 0
vt 0.189781 0
vt 0.189781 1
vt 0.182482 1
vt 0.189781 0
vt 0.19708 0
vt 0.19708 1
vt 0.189781 1
vt 0.19708 0
vt 0.20438 0
vt 0.20438 1
vt 0.19708 1
vt 0.20438 0
vt 0.211679 0
vt 0.211679 1
vt 0.20438 1
vt 0.211679 0
vt 0.218978 0
vt 0.218978 1
vt 0.211679 1
vt 0.218978 0
vt 0.226277 0
vt 0.226277 1
vt 0.218978 1
vt 0.226277 0
vt 0.233577 0
vt 0.233577 1
vt 0.226277 1
vt 0.233577 0
vt 0.240876 0
vt 0.240876 1
vt 0.233577 1
vt 0.240876 0
vt 0.248175 0
vt 0.248175 1
vt 0.240876 1
vt 0.248175 0
vt 0.255474 0
vt 0.255474 1
vt 0.248175 1
vt 0.255474 0
vt 0.262774 0
vt 0.262774 1
vt 0.255474 1
vt 0.262774 0
vt 0.270073 0
vt 0.270073 1
vt 0.262774 1
vt 0.270073 0
vt 0.277372 0
vt 0.277372 1
vt 0.270073 1
vt 0.277372 0
vt 0.284672 0
vt 0.284672 1
vt 0.277372 1
vt 0.284672 0
vt 0.291971 0
vt 0.291971 1
vt 0.284672 1
vt 0.291971 0
vt 0.29927 0
vt 0.29927 1
vt 0.291971 1
vt 0.29927 0
vt 0.306569 0
vt 0.306569 1
vt 0.29927 1
vt 0.306569 0
vt 0.313869 0
vt 0.313869 1
vt 0.306569 1
vt 0.313869 0
vt 0.321168 0
vt 0.321168 1
vt 0.313869 1
vt 0.321168 0
vt 0.328467 0
vt 0.328467 1
vt 0.321168 1
vt 0.328467 0
vt 0.335766 0
vt 0.335766 1
vt 0.328467 1
vt 0.335766 0
vt 0.343066 0
vt 0.343066 1
vt 0.335766 1
vt 0.343066 0
vt 0.350365 0
vt 0.350365 1
vt 0.343066 1
vt 0.350365 0
vt 0.357664 0
vt 0.357664 1
vt 0.350365 1
vt 0.357664 0
vt 0.364964 0
vt 0.364964 1
vt 0.357664 1
vt 0.364964 0
vt 0.372263 0
vt 0.372263 1
vt 0.364964 1
vt 0.372263 0
vt 0.379562 0
vt 0.379562 1
vt 0.372263 1
vt 0.379562 0
vt 0.386861 0
vt 0.386861 1
vt 0.379562 1
vt 0.386861 0
vt 0.394161 0
vt 0.394161 1
vt 0.386861 1
vt 0.394161 0
vt 0.40146 0
vt 0.40146 1
vt 0.394161 1
vt 0.40146 0
vt 0.408759 0
vt 0.408759 1
vt 0.40146 1
vt 0.408759 0
vt 0.416058 0
vt 0.416058 1
vt 0.408759 1
vt 0.416058 0
vt 0.423358 0
vt 0.423358 1
vt 0.416058 1
vt 0.423358 0
vt 0.430657 0
vt 0.430657 1
vt 0.423358 1
vt 0.430657 0
vt 0.437956 0
vt 0.437956 1
vt 0.430657 1
vt 0.437956 0
vt 0.445255 0
vt 0.445255 1
vt 0.437956 1
vt 0.445255 0
vt 0.452555 0
vt 0.452555 1
vt 0.445255 1
vt 0.452555 0
vt 0.459854 0
vt 0.459854 1
vt 0.452555 1
vt 0.459854 0
vt 0.467153 0
vt 0.467153 1
vt 0.459854 1
vt 0.467153 0
vt 0.474453 0
vt 0.474453 1
vt 0.467153 1
vt 0.474453 0
vt 0.481752 0
vt 0.481752 1
vt 0.474453 1
vt 0.481752 0
vt 0.489051 0
vt 0.489051 1
vt 0.481752 1
vt 0.489051 0
vt 0.49635 0
vt 0.49635 1
vt 0.489051 1
vt 0.49635 0
vt 0.50365 0
vt 0.50365 1
vt 0.49635 1
vt 0.50365 0
vt 0.510949 0
vt 0.510949 1
vt 0.50365 1
vt 0.510949 0
vt 0.518248 0
vt 0.518248 1
vt 0.510949 1
vt 0.518248 0
vt 0.525547 0
vt 0.525547 1
vt 0.518248 1
vt 0.525547 0
vt 0.532847 0
vt 0.532847 1
vt 0.525547 1
vt 0.532847 0
vt 0.540146 0
vt 0.540146 1
vt 0.532847 1
vt 0.540146 0
vt 0.547445 0
vt 0.547445 1
vt 0.540146 1
vt 0.547445 0
vt 0.554745 0
vt 0.554745 1
vt 0.547445 1
vt 0.554745 0
vt 0.562044 0
vt 0.562044 1
vt 0.554745 1
vt 0.562044 0
vt 0.569343 0
vt 0.569343 1
vt 0.562044 1
vt 0.569343 0
vt 0.576642 0
vt 0.576642 1
vt 0.569343 1
vt 0.576642 0
vt 0.583942 0
vt 0.583942 1
vt 0.576642 1
vt 0.583942 0
vt 0.591241 0
vt 0.591241 1
vt 0.583942 1
vt 0.591241 0
vt 0.59854 0
vt 0.59854 1
vt 0.591241 1
vt 0.59854 0
vt 0.605839 0
vt 0.605839 1
vt 0.59854 1
vt 0.605839 0
vt 0.613139 0
vt 0.613139 1
vt 0.605839 1
vt 0.613139 0
vt 0.620438 0
vt 0.620438 1
vt 0.613139 1
vt 0.620438 0
vt 0.627737 0
vt 0.627737 1
vt 0.620438 1
vt 0.627737 0
vt 0.635036 0
vt 0.635036 1
vt 0.627737 1
vt 0.635036 0
vt 0.642336 0
vt 0.642336 1
vt 0.635036 1
vt 0.642336 0
vt 0.649635 0
vt 0.649635 1
vt 0.642336 1
vt 0.649635 0
vt 0.656934 0
vt 0.656934 1
vt 0.649635 1
vt 0.656934 0
vt 0.664234 0
vt 0.664234 1
vt 0.656934 1
vt 0.664234 0
vt 0.671533 0
vt 0.671533 1
vt 0.664234 1
vt 0.671533 0
vt 0.678832 0
vt 0.678832 1
vt 0.671533 1
vt 0.678832 0
vt 0.686131 0
vt 0.686131 1
vt 0.678832 1
vt 0.686131 0
vt 0.693431 0
vt 0.693431 1
vt 0.686131 1
vt 0.693431 0
vt 0.70073 0
vt 0.70073 1
vt 0.693431 1
vt 0.70073 0
vt 0.708029 0
vt 0.708029 1
vt 0.70073 1
vt 0.708029 0
vt 0.715328 0
vt 0.715328 1
vt 0.708029 1
vt 0.715328 0
vt 0.722628 0
vt 0.722628 1
vt 0.715328 1
vt 0.722628 0
vt 0.729927 0
vt 0.729927 1
vt 0.722628 1
vt 0.729927 0
vt 0.737226 0
vt 0.737226 1
vt 0.729927 1
vt 0.737226 0
vt 0.744526 0
vt 0.744526 1
vt 0.737226 1
vt 0.744526 0
vt 0.751825 0
vt 0.751825 1
vt 0.744526 1
vt 0.751825 0
vt 0.759124 0
vt 0.759124 1
vt 0.751825 1
vt 0.759124 0
vt 0.766423 0
vt 0.766423 1
vt 0.759124 1
vt 0.766423 0
vt 0.773723 0
vt 0.773723 1
vt 0.766423 1
vt 0.773723 0
vt 0.781022 0
vt 0.781022 1
vt 0.773723 1
vt 0.781022 0
vt 0.788321 0
vt 0.788321 1
vt 0.781022 1
vt 0.788321 0
vt 0.79562 0
vt 0.79562 1
vt 0.788321 1
vt 0.79562 0
vt 0.80292 0
vt 0.80292 1
vt 0.79562 1
vt 0.80292 0
vt 0.810219 0
vt 0.810219 1
vt 0.80292 1
vt 0.810219 0
vt 0.817518 0
vt 0.817518 1
vt 0.810219 1
vt 0.817518 0
vt 0.824818 0
vt 0.824818 1
vt 0.817518 1
vt 0.824818 0
vt 0.832117 0
vt 0.832117 1
vt 0.824818 1
vt 0.832117 0
vt 0.839416 0
vt 0.839416 1
vt 0.832117 1
vt 0.839416 0
vt 0.846715 0
vt 0.846715 1
vt 0.839416 1
vt 0.846715 0
vt 0.854015 0
vt 0.854015 1
vt 0.846715 1
vt 0.854015 0
vt 0.861314 0
vt 0.861314 1
vt 0.854015 1
vt 0.861314 0
vt 0.868613 0
vt 0.868613 1
vt 0.861314 1
vt 0.868613 0
vt 0.875912 0
vt 0.875912 1
vt 0.868613 1
vt 0.875912 0
vt 0.883212 0
vt 0.883212 1
vt 0.875912 1
vt 0.883212 0
vt 0.890511 0
vt 0.890511 1
vt 0.883212 1
vt 0.890511 0
vt 0.89781 0
vt 0.89781 1
vt 0.890511 1
vt 0.89781 0
vt 0.905109 0
vt 0.905109 1
vt 0.89781 1
vt 0.905109 0
vt 0.912409 0
vt 0.912409 1
vt 0.905109 1
vt 0.912409 0
vt 0.919708 0
vt 0.919708 1
vt 0.912409 1
vt 0.919708 0
vt 0.927007 0
vt 0.927007 1
vt 0.919708 1
vt 0.927007 0
vt 0.934307 0
vt 0.934307 1
vt 0.927007 1
vt 0.934307 0
vt 0.941606 0
vt 0.941606 1
vt 0.934307 1
vt 0.941606 0
vt 0.948905 0
vt 0.948905 1
vt 0.941606 1
vt 0.948905 0
vt 0.956204 0
vt 0.956204 1
vt 0.948905 1
vt 0.956204 0
vt 0.963504 0
vt 0.963504 1
vt 0.956204 1
vt 0.963504 0
vt 0.970803 0
vt 0.970803 1
vt 0.963504 1
vt 0.970803 0
vt 0.978102 0
vt 0.978102 1
vt 0.970803 1
vt 0.978102 0
vt 0.985401 0
vt 0.985401 1
vt 0.978102 1
vt 0.985401 0
vt 0.992701 0
vt 0.992701 1
vt 0.985401 1
vt 0.992701 0
vt 1 0
vt 1 1
vt 0.992701 1
vt 0 0
vt 0.027027 0
vt 0.027027 1
vt 0 1
vt 0.027027 0
vt 0.054054 0
vt 0.054054 1
vt 0.027027 1
vt 0.054054 0
vt 0.081081 0
vt 0.081081 1
vt 0.054054 1
vt 0.081081 0
vt 0.108108 0
vt 0.108108 1
vt 0.081081 1
vt 0.108108 0
vt 0.135135 0
vt 0.135135 1
vt 0.108108 1
vt 0.135135 0
vt 0.162162 0
vt 0.162162 1
vt 0.135135 1
vt 0.162162 0
vt 0.189189 0
vt 0.189189 1
vt 0.162162 1
vt 0.189189 0
vt 0.216216 0
vt 0.216216 1
vt 0.189189 1
vt 0.216216 0
vt 0.243243 0
vt 0.243243 1
vt 0.216216 1
vt 0.243243 0
vt 0.27027 0
vt 0.27027 1
vt 0.243243 1
vt 0.27027 0
vt 0.297297 0
vt 0.297297 1
vt 0.27027 1
vt 0.297297 0
vt 0.324324 0
vt 0.324324 1
vt 0.297297 1
vt 0.324324 0
vt 0.351351 0
vt 0.351351 1
vt 0.324324 1
vt 0.351351 0
vt 0.378378 0
vt 0.378378 1
vt 0.351351 1
vt 0.378378 0
vt 0.405405 0
vt 0.405405 1
vt 0.378378 1
vt 0.405405 0
vt 0.432432 0
vt 0.432432 1
vt 0.405405 1
vt 0.432432 0
vt 0.459459 0
vt 0.459459 1
vt 0.432432 1
vt 0.459459 0
vt 0.486486 0
vt 0.486486 1
vt 0.459459 1
vt 0.486486 0
vt 0.513514 0
vt 0.513514 1
vt 0.486486 1
vt 0.513514 0
vt 0.540541 0
vt 0.540541 1
vt 0.513514 1
vt 0.540541 0
vt 0.567568 0
vt 0.567568 1
vt 0.540541 1
vt 0.567568 0
vt 0.594595 0
vt 0.594595 1
vt 0.567568 1
vt 0.594595 0
vt 0.621622 0
vt 0.621622 1
vt 0.594595 1
vt 0.621622 0
vt 0.648649 0
vt 0.648649 1
vt 0.621622 1
vt 0.648649 0
vt 0.675676 0
vt 0.675676 1
vt 0.648649 1
vt 0.675676 0
vt 0.702703 0
vt 0.702703 1
vt 0.675676 1
vt 0.702703 0
vt 0.72973 0
vt 0.72973 1
vt 0.702703 1
vt 0.72973 0
vt 0.756757 0
vt 0.756757 1
vt 0.72973 1
vt 0.756757 0
vt 0.783784 0
vt 0.783784 1
vt 0.756757 1
vt 0.783784 0
vt 0.810811 0
vt 0.810811 1
vt 0.783784 1
vt 0.810811 0
vt 0.837838 0
vt 0.837838 1
vt 0.810811 1
vt 0.837838 0
vt 0.864865 0
vt 0.864865 1
vt 0.837838 1
vt 0.864865 0
vt 0.891892 0
vt 0.891892 1
vt 0.864865 1
vt 0.891892 0
vt 0.918919 0
vt 0.918919 1
vt 0.891892 1
vt 0.918919 0
vt 0.945946 0
vt 0.945946 1
vt 0.918919 1
vt 0.945946 0
vt 0.972973 0
vt 0.972973 1
vt 0.945946 1
vt 0.972973 0
vt 1 0
vt 1 1
vt 0.972973 1
vt 0 0
vt 0.019608 0
vt 0.019608 1
vt 0 1
vt 0.019608 0
vt 0.039216 0
vt 0.039216 1
vt 0.019608 1
vt 0.039216 0
vt 0.058824 0
vt 0.058824 1
vt 0.039216 1
vt 0.058824 0
vt 0.078431 0
vt 0.078431 1
vt 0.058824 1
vt 0.078431 0
vt 0.098039 0
vt 0.098039 1
vt 0.078431 1
vt 0.098039 0
vt 0.117647 0
vt 0.117647 1
vt 0.098039 1
vt 0.117647 0
vt 0.137255 0
vt 0.137255 1
vt 0.117647 1
vt 0.137255 0
vt 0.156863 0
vt 0.156863 1
vt 0.137255 1
vt 0.156863 0
vt 0.176471 0
vt 0.176471 1
vt 0.156863 1
vt 0.176471 0
vt 0.196078 0
vt 0.196078 1
vt 0.176471 1
vt 0.196078 0
vt 0.215686 0
vt 0.215686 1
vt 0.196078 1
vt 0.215686 0
vt 0.235294 0
vt 0.235294 1
vt 0.215686 1
vt 0.235294 0
vt 0.254902 0
vt 0.254902 1
vt 0.235294 1
vt 0.254902 0
vt 0.27451 0
vt 0.27451 1
vt 0.254902 1
vt 0.27451 0
vt 0.294118 0
vt 0.294118 1
vt 0.27451 1
vt 0.294118 0
vt 0.313726 0
vt 0.313726 1
vt 0.294118 1
vt 0.313726 0
vt 0.333333 0
vt 0.333333 1
vt 0.313726 1
vt 0.333333 0
vt 0.352941 0
vt 0.352941 1
vt 0.333333 1
vt 0.352941 0
vt 0.372549 0
vt 0.372549 1
vt 0.352941 1
vt 0.372549 0
vt 0.392157 0
vt 0.392157 1
vt 0.372549 1
vt 0.392157 0
vt 0.411765 0
vt 0.411765 1
vt 0.392157 1
vt 0.411765 0
vt 0.431373 0
vt 0.431373 1
vt 0.411765 1
vt 0.431373 0
vt 0.45098 0
vt 0.45098 1
vt 0.431373 1
vt 0.45098 0
vt 0.470588 0
vt 0.470588 1
vt 0.45098 1
vt 0.470588 0
vt 0.490196 0
vt 0.490196 1
vt 0.470588 1
vt 0.490196 0
vt 0.509804 0
vt 0.509804 1
vt 0.490196 1
vt 0.509804 0
vt 0.529412 0
vt 0.529412 1
vt 0.509804 1
vt 0.529412 0
vt 0.54902 0
vt 0.54902 1
vt 0.529412 1
vt 0.54902 0
vt 0.568627 0
vt 0.568627 1
vt 0.54902 1
vt 0.568627 0
vt 0.588235 0
vt 0.588235 1
vt 0.568627 1
vt 0.588235 0
vt 0.607843 0
vt 0.607843 1
vt 0.588235 1
vt 0.607843 0
vt 0.627451 0
vt 0.627451 1
vt 0.607843 1
vt 0.627451 0
vt 0.647059 0
vt 0.647059 1
vt 0.627451 1
vt 0.647059 0
vt 0.666667 0
vt 0.666667 1
vt 0.647059 1
vt 0.666667 0
vt 0.686275 0
vt 0.686275 1
vt 0.666667 1
vt 0.686275 0
vt 0.705882 0
vt 0.705882 1
vt 0.686275 1
vt 0.705882 0
vt 0.72549 0
vt 0.72549 1
vt 0.705882 1
vt 0.72549 0
vt 0.745098 0
vt 0.745098 1
vt 0.72549 1
vt 0.745098 0
vt 0.764706 0
vt 0.764706 1
vt 0.745098 1
vt 0.764706 0
vt 0.784314 0
vt 0.784314 1
vt 0.764706 1
vt 0.784314 0
vt 0.803922 0
vt 0.803922 1
vt 0.784314 1
vt 0.803922 0
vt 0.823529 0
vt 0.823529 1
vt 0.803922 1
vt 0.823529 0
vt 0.843137 0
vt 0.843137 1
vt 0.823529 1
vt 0.843137 0
vt 0.862745 0
vt 0.862745 1
vt 0.843137 1
vt 0.862745 0
vt 0.882353 0
vt 0.882353 1
vt 0.862745 1
vt 0.882353 0
vt 0.901961 0
vt 0.901961 1
vt 0.882353 1
vt 0.901961 0
vt 0.921569 0
vt 0.921569 1
vt 0.901961 1
vt 0.921569 0
vt 0.941176 0
vt 0.941176 1
vt 0.921569 1
vt 0.941176 0
vt 0.960784 0
vt 0.960784 1
vt 0.941176 1
vt 0.960784 0
vt 0.980392 0
vt 0.980392 1
vt 0.960784 1
vt 0.980392 0
vt 1 0
vt 1 1
vt 0.980392 1
vt 0 0
vt 0.020408 0
vt 0.020408 1
vt 0 1
vt 0.020408 0
vt 0.040816 0
vt 0.040816 1
vt 0.020408 1
vt 0.040816 0
vt 0.061224 0
vt 0.061224 1
vt 0.040816 1
vt 0.061224 0
vt 0.081633 0
vt 0.081633 1
vt 0.061224 1
vt 0.081633 0
vt 0.102041 0
vt 0.102041 1
vt 0.081633 1
vt 0.102041 0
vt 0.122449 0
vt 0.122449 1
vt 0.102041 1
vt 0.122449 0
vt 0.142857 0
vt 0.142857 1
vt 0.122449 1
vt 0.142857 0
vt 0.163265 0
vt 0.163265 1
vt 0.142857 1
vt 0.163265 0
vt 0.183673 0
vt 0.183673 1
vt 0.163265 1
vt 0.183673 0
vt 0.204082 0
vt 0.204082 1
vt 0.183673 1
vt 0.204082 0
vt 0.22449 0
vt 0.22449 1
vt 0.204082 1
vt 0.22449 0
vt 0.244898 0
vt 0.244898 1
vt 0.22449 1
vt 0.244898 0
vt 0.265306 0
vt 0.265306 1
vt 0.244898 1
vt 0.265306 0
vt 0.285714 0
vt 0.285714 1
vt 0.265306 1
vt 0.285714 0
vt 0.306122 0
vt 0.306122 1
vt 0.285714 1
vt 0.306122 0
vt 0.326531 0
vt 0.326531 1
vt 0.306122 1
vt 0.326531 0
vt 0.346939 0
vt 0.346939 1
vt 0.326531 1
vt 0.346939 0
vt 0.367347 0
vt 0.367347 1
vt 0.346939 1
vt 0.367347 0
vt 0.387755 0
vt 0.387755 1
vt 0.367347 1
vt 0.387755 0
vt 0.408163 0
vt 0.408163 1
vt 0.387755 1
vt 0.408163 0
vt 0.428571 0
vt 0.428571 1
vt 0.408163 1
vt 0.428571 0
vt 0.44898 0
vt 0.44898 1
vt 0.428571 1
vt 0.44898 0
vt 0.469388 0
vt 0.469388 1
vt 0.44898 1
vt 0.469388 0
vt 0.489796 0
vt 0.489796 1
vt 0.469388 1
vt 0.489796 0
vt 0.510204 0
vt 0.510204 1
vt 0.489796 1
vt 0.510204 0
vt 0.530612 0
vt 0.530612 1
vt 0.510204 1
vt 0.530612 0
vt 0.55102 0
vt 0.55102 1
vt 0.530612 1
vt 0.55102 0
vt 0.571429 0
vt 0.571429 1
vt 0.55102 1
vt 0.571429 0
vt 0.591837 0
vt 0.591837 1
vt 0.571429 1
vt 0.591837 0
vt 0.612245 0
vt 0.612245 1
vt 0.591837 1
vt 0.612245 0
vt 0.632653 0
vt 0.632653 1
vt 0.612245 1
vt 0.632653 0
vt 0.653061 0
vt 0.653061 1
vt 0.632653 1
vt 0.653061 0
vt 0.673469 0
vt 0.673469 1
vt 0.653061 1
vt 0.673469 0
vt 0.693878 0
vt 0.693878 1
vt 0.673469 1
vt 0.693878 0
vt 0.714286 0
vt 0.714286 1
vt 0.693878 1
vt 0.714286 0
vt 0.734694 0
vt 0.734694 1
vt 0.714286 1
vt 0.734694 0
vt 0.755102 0
vt 0.755102 1
vt 0.734694 1
vt 0.755102 0
vt 0.77551 0
vt 0.77551 1
vt 0.755102 1
vt 0.77551 0
vt 0.795918 0
vt 0.795918 1
vt 0.77551 1
vt 0.795918 0
vt 0.816327 0
vt 0.816327 1
vt 0.795918 1
vt 0.816327 0
vt 0.836735 0
vt 0.836735 1
vt 0.816327 1
vt 0.836735 0
vt 0.857143 0
vt 0.857143 1
vt 0.836735 1
vt 0.857143 0
vt 0.877551 0
vt 0.877551 1
vt 0.857143 1
vt 0.877551 0
vt 0.897959 0
vt 0.897959 1
vt 0.877551 1
vt 0.897959 0
vt 0.918367 0
vt 0.918367 1
vt 0.897959 1
vt 0.918367 0
vt 0.938776 0
vt 0.938776 1
vt 0.918367 1
vt 0.938776 0
vt 0.959184 0
vt 0.959184 1
vt 0.938776 1
vt 0.959184 0
vt 0.979592 0
vt 0.979592 1
vt 0.959184 1
vt 0.979592 0
vt 1 0
vt 1 1
vt 0.979592 1
s off
f 1/1/1 2/2/2 3/3/3
f 4/4/4 5/5/5 6/6/6
f 7/7/7 8/8/8 9/9/9
f 10/10/10 11/11/11 12/12/12
f 13/13/13 14/14/14 15/15/15
f 16/16/16 17/17/17 18/18/18
f 19/19/19 20/20/20 21/21/21
f 22/22/22 23/23/23 24/24/24
f 25/25/25 26/26/26 27/27/27
f 28/28/28 29/29/29 30/30/30
f 31/31/31 32/32/32 33/33/33
f 34/34/34 35/35/35 36/36/36
f 37/37/37 38/38/38 39/39/39
f 40/40/40 41/41/41 42/42/42
f 43/43/43 44/44/44 45/45/45
f 46/46/46 47/47/47 48/48/48
f 49/49/49 50/50/50 51/51/51
f 52/52/52 53/53/53 54/54/54
f 55/55/55 56/56/56 57/57/57
f 58/58/58 59/59/59 60/60/60
f 61/61/61 62/62/62 63/63/63
f 64/64/64 65/65/65 66/66/66
f 67/67/67 68/68/68 69/69/69
f 70/70/70 71/71/71 72/72/72
f 73/73/73 74/74/74 75/75/75
f 76/76/76 77/77/77 78/78/78
f 79/79/79 80/80/80 81/81/81
f 82/82/82 83/83/83 84/84/84
f 85/85/85 86/86/86 87/87/87
f 88/88/88 89/89/89 90/90/90
f 91/91/91 92/92/92 93/93/93
f 94/94/94 95/95/95 96/96/96
f 97/97/97 98/98/98 99/99/99
f 100/100/100 101/101/101 102/102/102
f 103/103/103 104/104/104 105/105/105
f 106/106/106 107/107/107 108/108/108
f 109/109/109 110/110/110 111/111/111
f 112/112/112 113/113/113 114/114/114
f 115/115/115 116/116/116 117/117/117
f 118/118/118 119/119/119 120/120/120
f 121/121/121 122/122/122 123/123/123
f 124/124/124 125/125/125 126/126/126
f 127/127/127 128/128/128 129/129/129
f 130/130/130 131/131/131 132/132/132
f 133/133/133 134/134/134 135/135/135
f 136/136/136 137/137/137 138/138/138
f 139/139/139 140/140/140 141/141/141
f 142/142/142 143/143/143 144/144/144
f 145/145/145 146/146/146 147/147/147
f 148/148/148 149/149/149 150/150/150
f 151/151/151 152/152/152 153/153/153
f 154/154/154 155/155/155 156/156/156
f 157/157/157 158/158/158 159/159/159
f 160/160/160 161/161/161 162/162/162
f 163/163/163 164/164/164 165/165/165
f 166/166/166 167/167/167 168/168/168
f 169/169/169 170/170/170 171/171/171
f 172/172/172 173/173/173 174/174/174
f 175/175/175 176/176/176 177/177/177
f 178/178/178 179/179/179 180/180/180
f 181/181/181 182/182/182 183/183/183
f 184/184/184 185/185/185 186/186/186
f 187/187/187 188/188/188 189/189/189
f 190/190/190 191/191/191 192/192/192
f 193/193/193 194/194/194 195/195/195
f 196/196/196 197/197/197 198/198/198
f 199/199/199 200/200/200 201/201/201
f 202/202/202 203/203/203 204/204/204
f 205/205/205 206/206/206 207/207/207
f 208/208/208 209/209/209 210/210/210
f 211/211/211 212/212/212 213/213/213
f 214/214/214 215/215/215 216/216/216
f 217/217/217 218/218/218 219/219/219
f 220/220/220 221/221/221 222/222/222
f 223/223/223 224/224/224 225/225/225
f 226/226/226 227/227/227 228/228/228
f 229/229/229 230/230/230 231/231/231
f 232/232/232 233/233/233 234/234/234
f 235/235/235 236/236/236 237/237/237
f 238/238/238 239/239/239 240/240/240
f 241/241/241 242/242/242 243/243/243
f 244/244/244 245/245/245 246/246/246
f 247/247/247 248/248/248 249/249/249
f 250/250/250 251/251/251 252/252/252
f 253/253/253 254/254/254 255/255/255
f 256/256/256 257/257/257 258/258/258
f 259/259/259 260/260/260 261/261/261
f 262/262/262 263/263/263 264/264/264
f 265/265/265 266/266/266 267/267/267
f 268/268/268 269/269/269 270/270/270
f 271/271/271 272/272/272 273/273/273
f 274/274/274 275/275/275 276/276/276
f 277/277/277 278/278/278 279/279/279
f 280/280/280 281/281/281 282/282/282
f 283/283/283 284/284/284 285/285/285
f 286/286/286 287/287/287 288/288/288
f 289/289/289 290/290/290 291/291/291
f 292/292/292 293/293/293 294/294/294
f 295/295/295 296/296/296 297/297/297
f 298/298/298 299/299/299 300/300/300
f 301/301/301 302/302/302 303/303/303
f 304/304/304 305/305/305 306/306/306
f 307/307/307 308/308/308 309/309/309
f 310/310/310 311/311/311 312/312/312
f 313/313/313 314/314/314 315/315/315
f 316/316/316 317/317/317 318/318/318
f 319/319/319 320/320/320 321/321/321
f 322/322/322 323/323/323 324/324/324
f 325/325/325 326/326/326 327/327/327
f 328/328/328 329/329/329 330/330/330
f 331/331/331 332/332/332 333/333/333
f 334/334/334 335/335/335 336/336/336
f 337/337/337 338/338/338 339/339/339
f 340/340/340 341/341/341 342/342/342
f 343/343/343 344/344/344 345/345/345
f 346/346/346 347/347/347 348/348/348
f 349/349/349 350/350/350 351/351/351
f 352/352/352 353/353/353 354/354/354
f 355/355/355 356/356/356 357/357/357
f 358/358/358 359/359/359 360/360/360
f 361/361/361 362/362/362 363/363/363
f 364/364/364 365/365/365 366/366/366
f 367/367/367 368/368/368 369/369/369
f 370/370/370 371/371/371 372/372/372
f 373/373/373 374/374/374 375/375/375
f 376/376/376 377/377/377 378/378/378
f 379/379/379 380/380/380 381/381/381
f 382/382/382 383/383/383 384/384/384
f 385/385/385 386/386/386 387/387/387
f 388/388/388 389/389/389 390/390/390
f 391/391/391 392/392/392 393/393/393
f 394/394/394 395/395/395 396/396/396
f 397/397/397 398/398/398 399/399/399
f 400/400/400 401/401/401 402/402/402
f 403/403/403 404/404/404 405/405/405
f 406/406/406 407/407/407 408/408/408
f 409/409/409 410/410/410 411/411/411
f 412/412/412 413/413/413 414/414/414
f 415/415/415 416/416/416 417/417/417
f 418/418/418 419/419/419 420/420/420
f 421/421/421 422/422/422 423/423/423
f 424/424/424 425/425/425 426/426/426
f 427/427/427 428/428/428 429/429/429
f 430/430/430 431/431/431 432/432/432
f 433/433/433 434/434/434 435/435/435
f 436/436/436 437/437/437 438/438/438
f 439/439/439 440/440/440 441/441/441
f 442/442/442 443/443/443 444/444/444
f 445/445/445 446/446/446 447/447/447
f 448/448/448 449/449/449 450/450/450
f 451/451/451 452/452/452 453/453/453
f 454/454/454 455/455/455 456/456/456
f 457/457/457 458/458/458 459/459/459
f 460/460/460 461/461/461 462/462/462
f 463/463/463 464/464/464 465/465/465
f 466/466/466 467/467/467 468/468/468
f 469/469/469 470/470/470 471/471/471
f 472/472/472 473/473/473 474/474/474
f 475/475/475 476/476/476 477/477/477
f 478/478/478 479/479/479 480/480/480
f 481/481/481 482/482/482 483/483/483
f 484/484/484 485/485/485 486/486/486
f 487/487/487 488/488/488 489/489/489
f 490/490/490 491/491/491 492/492/492
f 493/493/493 494/494/494 495/495/495
f 496/496/496 497/497/497 498/498/498
f 499/499/499 500/500/500 501/501/501
f 502/502/502 503/503/503 504/504/504
f 505/505/505 506/506/506 507/507/507
f 508/508/508 509/509/509 510/510/510
f 511/511/511 512/512/512 513/513/513
f 514/514/514 515/515/515 516/516/516
f 517/517/517 518/518/518 519/519/519
f 520/520/520 521/521/521 522/522/522
f 523/523/523 524/524/524 525/525/525
f 526/526/526 527/527/527 528/528/528
f 529/529/529 530/530/530 531/531/531
f 532/532/532 533/533/533 534/534/534
f 535/535/535 536/536/536 537/537/537
f 538/538/538 539/539/539 540/540/540
f 541/541/541 542/542/542 543/543/543
f 544/544/544 545/545/545 546/546/546
f 547/547/547 548/548/548 549/549/549
f 550/550/550 551/551/551 552/552/552
f 553/553/553 554/554/554 555/555/555
f 556/556/556 557/557/557 558/558/558
f 559/559/559 560/560/560 561/561/561
f 562/562/562 563/563/563 564/564/564
f 565/565/565 566/566/566 567/567/567
f 568/568/568 569/569/569 570/570/570
f 571/571/571 572/572/572 573/573/573
f 574/574/574 575/575/575 576/576/576
f 577/577/577 578/578/578 579/579/579
f 580/580/580 581/581/581 582/582/582
f 583/583/583 584/584/584 585/585/585
f 586/586/586 587/587/587 588/588/588
f 589/589/589 590/590/590 591/591/591
f 592/592/592 593/593/593 594/594/594
f 595/595/595 596/596/596 597/597/597
f 598/598/598 599/599/599 600/600/600
f 601/601/601 602/602/602 603/603/603
f 604/604/604 605/605/605 606/606/606
f 607/607/607 608/608/608 609/609/609
f 610/610/610 611/611/611 612/612/612
f 613/613/613 614/614/614 615/615/615
f 616/616/616 617/617/617 618/618/618
f 619/619/619 620/620/620 621/621/621
f 622/622/622 623/623/623 624/624/624
f 625/625/625 626/626/626 627/627/627
f 628/628/628 629/629/629 630/630/630
f 631/631/631 632/632/632 633/633/633
f 634/634/634 635/635/635 636/636/636
f 637/637/637 638/638/638 639/639/639
f 640/640/640 641/641/641 642/642/642
f 643/643/643 644/644/644 645/645/645
f 646/646/646 647/647/647 648/648/648
f 649/649/649 650/650/650 651/651/651
f 652/652/652 653/653/653 654/654/654
f 655/655/655 656/656/656 657/657/657
f 658/658/658 659/659/659 660/660/660
f 661/661/661 662/662/662 663/663/663
f 664/664/664 665/665/665 666/666/666
f 667/667/667 668/668/668 669/669/669
f 670/670/670 671/671/671 672/672/672
f 673/673/673 674/674/674 675/675/675
f 676/676/676 677/677/677 678/678/678
f 679/679/679 680/680/680 681/681/681
f 682/682/682 683/683/683 684/684/684
f 685/685/685 686/686/686 687/687/687
f 688/688/688 689/689/689 690/690/690
f 691/691/691 692/692/692 693/693/693
f 694/694/694 695/695/695 696/696/696
f 697/697/697 698/698/698 699/699/699
f 700/700/700 701/701/701 702/702/702
f 703/703/703 704/704/704 705/705/705
f 706/706/706 707/707/707 708/708/708
f 709/709/709 710/710/710 711/711/711
f 712/712/712 713/713/713 714/714/714
f 715/715/715 716/716/716 717/717/717
f 718/718/718 719/719/719 720/720/720
f 721/721/721 722/722/722 723/723/723
f 724/724/724 725/725/725 726/726/726
f 727/727/727 728/728/728 729/729/729
f 730/730/730 731/731/731 732/732/732
f 733/733/733 734/734/734 735/735/735
f 736/736/736 737/737/737 738/738/738
f 739/739/739 740/740/740 741/741/741
f 742/742/742 743/743/743 744/744/744
f 745/745/745 746/746/746 747/747/747
f 748/748/748 749/749/749 750/750/750
f 751/751/751 752/752/752 753/753/753
f 754/754/754 755/755/755 756/756/756
f 757/757/757 758/758/758 759/759/759
f 760/760/760 761/761/761 762/762/762
f 763/763/763 764/764/764 765/765/765
f 766/766/766 767/767/767 768/768/768
f 769/769/769 770/770/770 771/771/771
f 772/772/772 773/773/773 774/774/774
f 775/775/775 776/776/776 777/777/777
f 778/778/778 779/779/779 780/780/780
f 781/781/781 782/782/782 783/783/783
f 784/784/784 785/785/785 786/786/786
f 787/787/787 788/788/788 789/789/789
f 790/790/790 791/791/791 792/792/792
f 793/793/793 794/794/794 795/795/795
f 796/796/796 797/797/797 798/798/798
f 799/799/799 800/800/800 801/801/801
f 802/802/802 803/803/803 804/804/804
f 805/805/805 806/806/806 807/807/807
f 808/808/808 809/809/809 810/810/810
f 811/811/811 812/812/812 813/813/813
f 814/814/814 815/815/815 816/816/816
f 817/817/817 818/818/818 819/819/819
f 820/820/820 821/821/821 822/822/822
f 823/823/823 824/824/824 825/825/825
f 826/826/826 827/827/827 828/828/828
f 829/829/829 830/830/830 831/831/831
f 832/832/832 833/833/833 834/834/834
f 835/835/835 836/836/836 837/837/837
f 838/838/838 839/839/839 840/840/840
f 841/841/841 842/842/842 843/843/843
f 844/844/844 845/845/845 846/846/846
f 847/847/847 848/848/848 849/849/849
f 850/850/850 851/851/851 852/852/852
f 853/853/853 854/854/854 855/855/855
f 856/856/856 857/857/857 858/858/858
f 859/859/859 860/860/860 861/861/861
f 862/862/862 863/863/863 864/864/864
f 865/865/865 866/866/866 867/867/867
f 868/868/868 869/869/869 870/870/870
f 871/871/871 872/872/872 873/873/873
f 874/874/874 875/875/875 876/876/876
f 877/877/877 878/878/878 879/879/879
f 880/880/880 881/881/881 882/882/882
f 883/883/883 884/884/884 885/885/885
f 886/886/886 887/887/887 888/888/888
f 889/889/889 890/890/890 891/891/891
f 892/892/892 893/893/893 894/894/894
f 895/895/895 896/896/896 897/897/897
f 898/898/898 899/899/899 900/900/900
f 901/901/901 902/902/902 903/903/903
f 904/904/904 905/905/905 906/906/906
f 907/907/907 908/908/908 909/909/909
f 910/910/910 911/911/911 912/912/912
f 913/913/913 914/914/914 915/915/915
f 916/916/916 917/917/917 918/918/918
f 919/919/919 920/920/920 921/921/921
f 922/922/922 923/923/923 924/924/924
f 925/925/925 926/926/926 927/927/927
f 928/928/928 929/929/929 930/930/930
f 931/931/931 932/932/932 933/933/933
f 934/934/934 935/935/935 936/936/936
f 937/937/937 938/938/938 939/939/939
f 940/940/940 941/941/941 942/942/942
f 943/943/943 944/944/944 945/945/945
f 946/946/946 947/947/947 948/948/948
f 949/949/949 950/950/950 951/951/951
f 952/952/952 953/953/953 954/954/954
f 955/955/955 956/956/956 957/957/957
f 958/958/958 959/959/959 960/960/960
f 961/961/961 962/962/962 963/963/963
f 964/964/964 965/965/965 966/966/966
f 967/967/967 968/968/968 969/969/969
f 970/970/970 971/971/971 972/972/972
f 973/973/973 974/974/974 975/975/975
f 976/976/976 977/977/977 978/978/978
f 979/979/979 980/980/980 981/981/981
f 982/982/982 983/983/983 984/984/984
f 985/985/985 986/986/986 987/987/987
f 988/988/988 989/989/989 990/990/990
f 991/991/991 992/992/992 993/993/993
f 994/994/994 995/995/995 996/996/996
f 997/997/997 998/998/998 999/999/999
f 1000/1000/1000 1001/1001/1001 1002/1002/1002
f 1003/1003/1003 1004/1004/1004 1005/1005/1005
f 1006/1006/1006 1007/1007/1007 1008/1008/1008
f 1009/1009/1009 1010/1010/1010 1011/1011/1011
f 1012/1012/1012 1013/1013/1013 1014/1014/1014
f 1015/1015/1015 1016/1016/1016 1017/1017/1017
f 1018/1018/1018 1019/1019/1019 1020/1020/1020
f 1021/1021/1021 1022/1022/1022 1023/1023/1023
f 1024/1024/1024 1025/1025/1025 1026/1026/1026
f 1027/1027/1027 1028/1028/1028 1029/1029/1029
f 1030/1030/1030 1031/1031/1031 1032/1032/1032
f 1033/1033/1033 1034/1034/1034 1035/1035/1035
f 1036/1036/1036 1037/1037/1037 1038/1038/1038
f 1039/1039/1039 1040/1040/1040 1041/1041/1041
f 1042/1042/1042 1043/1043/1043 1044/1044/1044
f 1045/1045/1045 1046/1046/1046 1047/1047/1047
f 1048/1048/1048 1049/1049/1049 1050/1050/1050
f 1051/1051/1051 1052/1052/1052 1053/1053/1053
f 1054/1054/1054 1055/1055/1055 1056/1056/1056
f 1057/1057/1057 1058/1058/1058 1059/1059/1059
f 1060/1060/1060 1061/1061/1061 1062/1062/1062
f 1063/1063/1063 1064/1064/1064 1065/1065/1065
f 1066/1066/1066 1067/1067/1067 1068/1068/1068
f 1069/1069/1069 1070/1070/1070 1071/1071/1071
f 1072/1072/1072 1073/1073/1073 1074/1074/1074
f 1075/1075/1075 1076/1076/1076 1077/1077/1077
f 1078/1078/1078 1079/1079/1079 1080/1080/1080
f 1081/1081/1081 1082/1082/1082 1083/1083/1083
f 1084/1084/1084 1085/1085/1085 1086/1086/1086
f 1087/1087/1087 1088/1088/1088 1089/1089/1089
f 1090/1090/1090 1091/1091/1091 1092/1092/1092
f 1093/1093/1093 1094/1094/1094 1095/1095/1095
f 1096/1096/1096 1097/1097/1097 1098/1098/1098
f 1099/1099/1099 1100/1100/1100 1101/1101/1101
f 1102/1102/1102 1103/1103/1103 1104/1104/1104
f 1105/1105/1105 1106/1106/1106 1107/1107/1107
f 1108/1108/1108 1109/1109/1109 1110/1110/1110
f 1111/1111/1111 1112/1112/1112 1113/1113/1113
f 1114/1114/1114 1115/1115/1115 1116/1116/1116
f 1117/1117/1117 1118/1118/1118 1119/1119/1119
f 1120/1120/1120 1121/1121/1121 1122/1122/1122
f 1123/1123/1123 1124/1124/1124 1125/1125/1125
f 1126/1126/1126 1127/1127/1127 1128/1128/1128
f 1129/1129/1129 1130/1130/1130 1131/1131/1131
f 1132/1132/1132 1133/1133/1133 1134/1134/1134
f 1135/1135/1135 1136/1136/1136 1137/1137/1137
f 1138/1138/1138 1139/1139/1139 1140/1140/1140
f 1141/1141/1141 1142/1142/1142 1143/1143/1143
f 1144/1144/1144 1145/1145/1145 1146/1146/1146
f 1147/1147/1147 1148/1148/1148 1149/1149/1149
f 1150/1150/1150 1151/1151/1151 1152/1152/1152
f 1153/1153/1153 1154/1154/1154 1155/1155/1155
f 1156/1156/1156 1157/1157/1157 1158/1158/1158
f 1159/1159/1159 1160/1160/1160 1161/1161/1161
f 1162/1162/1162 1163/1163/1163 1164/1164/1164
f 1165/1165/1165 1166/1166/1166 1167/1167/1167
f 1168/1168/1168 1169/1169/1169 1170/1170/1170
f 1171/1171/1171 1172/1172/1172 1173/1173/1173
f 1174/1174/1174 1175/1175/1175 1176/1176/1176
f 1177/1177/1177 1178/1178/1178 1179/1179/1179
f 1180/1180/1180 1181/1181/1181 1182/1182/1182
f 1183/1183/1183 1184/1184/1184 1185/1185/1185
f 1186/1186/1186 1187/1187/1187 1188/1188/1188
f 1189/1189/1189 1190/1190/1190 1191/1191/1191
f 1192/1192/1192 1193/1193/1193 1194/1194/1194
f 1195/1195/1195 1196/1196/1196 1197/1197/1197
f 1198/1198/1198 1199/1199/1199 1200/1200/1200
f 1201/1201/1201 1202/1202/1202 1203/1203/1203
f 1204/1204/1204 1205/1205/1205 1206/1206/1206
f 1207/1207/1207 1208/1208/1208 1209/1209/1209
f 1210/1210/1210 1211/1211/1211 1212/1212/1212
f 1213/1213/1213 1214/1214/1214 1215/1215/1215
f 1216/1216/1216 1217/1217/1217 1218/1218/1218
f 1219/1219/1219 1220/1220/1220 1221/1221/1221
f 1222/1222/1222 1223/1223/1223 1224/1224/1224
f 1225/1225/1225 1226/1226/1226 1227/1227/1227
f 1228/1228/1228 1229/1229/1229 1230/1230/1230
f 1231/1231/1231 1232/1232/1232 1233/1233/1233
f 1234/1234/1234 1235/1235/1235 1236/1236/1236
f 1237/1237/1237 1238/1238/1238 1239/1239/1239
f 1240/1240/1240 1241/1241/1241 1242/1242/1242
f 1243/1243/1243 1244/1244/1244 1245/1245/1245
f 1246/1246/1246 1247/1247/1247 1248/1248/1248
f 1249/1249/1249 1250/1250/1250 1251/1251/1251
f 1252/1252/1252 1253/1253/1253 1254/1254/1254
f 1255/1255/1255 1256/1256/1256 1257/1257/1257
f 1258/1258/1258 1259/1259/1259 1260/1260/1260
f 1261/1261/1261 1262/1262/1262 1263/1263/1263
f 1264/1264/1264 1265/1265/1265 1266/1266/1266
f 1267/1267/1267 1268/1268/1268 1269/1269/1269
f 1270/1270/1270 1271/1271/1271 1272/1272/1272
f 1273/1273/1273 1274/1274/1274 1275/1275/1275
f 1276/1276/1276 1277/1277/1277 1278/1278/1278
f 1279/1279/1279 1280/1280/1280 1281/1281/1281
f 1282/1282/1282 1283/1283/1283 1284/1284/1284
f 1285/1285/1285 1286/1286/1286 1287/1287/1287
f 1288/1288/1288 1289/1289/1289 1290/1290/1290
f 1291/1291/1291 1292/1292/1292 1293/1293/1293
f 1294/1294/1294 1295/1295/1295 1296/1296/1296
f 1297/1297/1297 1298/1298/1298 1299/1299/1299
f 1300/1300/1300 1301/1301/1301 1302/1302/1302
f 1303/1303/1303 1304/1304/1304 1305/1305/1305
f 1306/1306/1306 1307/1307/1307 1308/1308/1308
f 1309/1309/1309 1310/1310/1310 1311/1311/1311
f 1312/1312/1312 1313/1313/1313 1314/1314/1314
f 1315/1315/1315 1316/1316/1316 1317/1317/1317
f 1318/1318/1318 1319/1319/1319 1320/1320/1320
f 1321/1321/1321 1322/1322/1322 1323/1323/1323
f 1324/1324/1324 1325/1325/1325 1326/1326/1326
f 1327/1327/1327 1328/1328/1328 1329/1329/1329
f 1330/1330/1330 1331/1331/1331 1332/1332/1332
f 1333/1333/1333 1334/1334/1334 1335/1335/1335
f 1336/1336/1336 1337/1337/1337 1338/1338/1338
f 1339/1339/1339 1340/1340/1340 1341/1341/1341
f 1342/1342/1342 1343/1343/1343 1344/1344/1344
f 1345/1345/1345 1346/1346/1346 1347/1347/1347
f 1348/1348/1348 1349/1349/1349 1350/1350/1350
f 1351/1351/1351 1352/1352/1352 1353/1353/1353
f 1354/1354/1354 1355/1355/1355 1356/1356/1356
f 1357/1357/1357 1358/1358/1358 1359/1359/1359
f 1360/1360/1360 1361/1361/1361 1362/1362/1362
f 1363/1363/1363 1364/1364/1364 1365/1365/1365
f 1366/1366/1366 1367/1367/1367 1368/1368/1368
f 1369/1369/1369 1370/1370/1370 1371/1371/1371
f 1372/1372/1372 1373/1373/1373 1374/1374/1374
f 1375/1375/1375 1376/1376/1376 1377/1377/1377
f 1378/1378/1378 1379/1379/1379 1380/1380/1380
f 1381/1381/1381 1382/1382/1382 1383/1383/1383
f 1384/1384/1384 1385/1385/1385 1386/1386/1386
f 1387/1387/1387 1388/1388/1388 1389/1389/1389
f 1390/1390/1390 1391/1391/1391 1392/1392/1392
f 1393/1393/1393 1394/1394/1394 1395/1395/1395
f 1396/1396/1396 1397/1397/1397 1398/1398/1398
f 1399/1399/1399 1400/1400/1400 1401/1401/1401
f 1402/1402/1402 1403/1403/1403 1404/1404/1404
f 1405/1405/1405 1406/1406/1406 1407/1407/1407
f 1408/1408/1408 1409/1409/1409 1410/1410/1410
f 1411/1411/1411 1412/1412/1412 1413/1413/1413
f 1414/1414/1414 1415/1415/1415 1416/1416/1416
f 1417/1417/1417 1418/1418/1418 1419/1419/1419
f 1420/1420/1420 1421/1421/1421 1422/1422/1422
f 1423/1423/1423 1424/1424/1424 1425/1425/1425
f 1426/1426/1426 1427/1427/1427 1428/1428/1428
f 1429/1429/1429 1430/1430/1430 1431/1431/1431
f 1432/1432/1432 1433/1433/1433 1434/1434/1434
f 1435/1435/1435 1436/1436/1436 1437/1437/1437
f 1438/1438/1438 1439/1439/1439 1440/1440/1440
f 1441/1441/1441 1442/1442/1442 1443/1443/1443
f 1444/1444/1444 1445/1445/1445 1446/1446/1446
f 1447/1447/1447 1448/1448/1448 1449/1449/1449
f 1450/1450/1450 1451/1451/1451 1452/1452/1452
f 1453/1453/1453 1454/1454/1454 1455/1455/1455
f 1456/1456/1456 1457/1457/1457 1458/1458/1458
f 1459/1459/1459 1460/1460/1460 1461/1461/1461
f 1462/1462/1462 1463/1463/1463 1464/1464/1464
f 1465/1465/1465 1466/1466/1466 1467/1467/1467
f 1468/1468/1468 1469/1469/1469 1470/1470/1470
f 1471/1471/1471 1472/1472/1472 1473/1473/1473
f 1474/1474/1474 1475/1475/1475 1476/1476/1476
f 1477/1477/1477 1478/1478/1478 1479/1479/1479
f 1480/1480/1480 1481/1481/1481 1482/1482/1482
f 1483/1483/1483 1484/1484/1484 1485/1485/1485
f 1486/1486/1486 1487/1487/1487 1488/1488/1488
f 1489/1489/1489 1490/1490/1490 1491/1491/1491
f 1492/1492/1492 1493/1493/1493 1494/1494/1494
f 1495/1495/1495 1496/1496/1496 1497/1497/1497
f 1498/1498/1498 1499/1499/1499 1500/1500/1500
f 1501/1501/1501 1502/1502/1502 1503/1503/1503
f 1504/1504/1504 1505/1505/1505 1506/1506/1506
f 1507/1507/1507 1508/1508/1508 1509/1509/1509
f 1510/1510/1510 1511/1511/1511 1512/1512/1512
f 1513/1513/1513 1514/1514/1514 1515/1515/1515
f 1516/1516/1516 1517/1517/1517 1518/1518/1518
f 1519/1519/1519 1520/1520/1520 1521/1521/1521
f 1522/1522/1522 1523/1523/1523 1524/1524/1524
f 1525/1525/1525 1526/1526/1526 1527/1527/1527
f 1528/1528/1528 1529/1529/1529 1530/1530/1530
f 1531/1531/1531 1532/1532/1532 1533/1533/1533
f 1534/1534/1534 1535/1535/1535 1536/1536/1536
f 1537/1537/1537 1538/1538/1538 1539/1539/1539
f 1540/1540/1540 1541/1541/1541 1542/1542/1542
f 1543/1543/1543 1544/1544/1544 1545/1545/1545
f 1546/1546/1546 1547/1547/1547 1548/1548/1548
f 1549/1549/1549 1550/1550/1550 1551/1551/1551
f 1552/1552/1552 1553/1553/1553 1554/1554/1554
f 1555/1555/1555 1556/1556/1556 1557/1557/1557
f 1558/1558/1558 1559/1559/1559 1560/1560/1560
f 1561/1561/1561 1562/1562/1562 1563/1563/1563
f 1564/1564/1564 1565/1565/1565 1566/1566/1566
f 1567/1567/1567 1568/1568/1568 1569/1569/1569
f 1570/1570/1570 1571/1571/1571 1572/1572/1572
f 1573/1573/1573 1574/1574/1574 1575/1575/1575
f 1576/1576/1576 1577/1577/1577 1578/1578/1578
f 1579/1579/1579 1580/1580/1580 1581/1581/1581
f 1582/1582/1582 1583/1583/1583 1584/1584/1584
f 1585/1585/1585 1586/1586/1586 1587/1587/1587
f 1588/1588/1588 1589/1589/1589 1590/1590/1590
f 1591/1591/1591 1592/1592/1592 1593/1593/1593
f 1594/1594/1594 1595/1595/1595 1596/1596/1596
f 1597/1597/1597 1598/1598/1598 1599/1599/1599
f 1600/1600/1600 1601/1601/1601 1602/1602/1602
f 1603/1603/1603 1604/1604/1604 1605/1605/1605
f 1606/1606/1606 1607/1607/1607 1608/1608/1608
f 1609/1609/1609 1610/1610/1610 1611/1611/1611
f 1612/1612/1612 1613/1613/1613 1614/1614/1614
f 1615/1615/1615 1616/1616/1616 1617/1617/1617
f 1618/1618/1618 1619/1619/1619 1620/1620/1620
f 1621/1621/1621 1622/1622/1622 1623/1623/1623
f 1624/1624/1624 1625/1625/1625 1626/1626/1626
f 1627/1627/1627 1628/1628/1628 1629/1629/1629
f 1630/1630/1630 1631/1631/1631 1632/1632/1632
f 1633/1633/1633 1634/1634/1634 1635/1635/1635
f 1636/1636/1636 1637/1637/1637 1638/1638/1638
f 1639/1639/1639 1640/1640/1640 1641/1641/1641
f 1642/1642/1642 1643/1643/1643 1644/1644/1644
f 1645/1645/1645 1646/1646/1646 1647/1647/1647
f 1648/1648/1648 1649/1649/1649 1650/1650/1650
f 1651/1651/1651 1652/1652/1652 1653/1653/1653
f 1654/1654/1654 1655/1655/1655 1656/1656/1656
f 1657/1657/1657 1658/1658/1658 1659/1659/1659
f 1660/1660/1660 1661/1661/1661 1662/1662/1662
f 1663/1663/1663 1664/1664/1664 1665/1665/1665
f 1666/1666/1666 1667/1667/1667 1668/1668/1668
f 1669/1669/1669 1670/1670/1670 1671/1671/1671
f 1672/1672/1672 1673/1673/1673 1674/1674/1674
f 1675/1675/1675 1676/1676/1676 1677/1677/1677
f 1678/1678/1678 1679/1679/1679 1680/1680/1680
f 1681/1681/1681 1682/1682/1682 1683/1683/1683
f 1684/1684/1684 1685/1685/1685 1686/1686/1686
f 1687/1687/1687 1688/1688/1688 1689/1689/1689
f 1690/1690/1690 1691/1691/1691 1692/1692/1692
f 1693/1693/1693 1694/1694/1694 1695/1695/1695
f 1696/1696/1696 1697/1697/1697 1698/1698/1698
f 1699/1699/1699 1700/1700/1700 1701/1701/1701
f 1702/1702/1702 1703/1703/1703 1704/1704/1704
f 1705/1705/1705 1706/1706/1706 1707/1707/1707
f 1708/1708/1708 1709/1709/1709 1710/1710/1710
f 1711/1711/1711 1712/1712/1712 1713/1713/1713
f 1714/1714/1714 1715/1715/1715 1716/1716/1716
f 1717/1717/1717 1718/1718/1718 1719/1719/1719
f 1720/1720/1720 1721/1721/1721 1722/1722/1722
f 1723/1723/1723 1724/1724/1724 1725/1725/1725
f 1726/1726/1726 1727/1727/1727 1728/1728/1728
f 1729/1729/1729 1730/1730/1730 1731/1731/1731
f 1732/1732/1732 1733/1733/1733 1734/1734/1734
f 1735/1735/1735 1736/1736/1736 1737/1737/1737
f 1738/1738/1738 1739/1739/1739 1740/1740/1740
f 1741/1741/1741 1742/1742/1742 1743/1743/1743
f 1744/1744/1744 1745/1745/1745 1746/1746/1746
f 1747/1747/1747 1748/1748/1748 1749/1749/1749
f 1750/1750/1750 1751/1751/1751 1752/1752/1752
f 1753/1753/1753 1754/1754/1754 1755/1755/1755
f 1756/1756/1756 1757/1757/1757 1758/1758/1758
f 1759/1759/1759 1760/1760/1760 1761/1761/1761
f 1762/1762/1762 1763/1763/1763 1764/1764/1764
f 1765/1765/1765 1766/1766/1766 1767/1767/1767
f 1768/1768/1768 1769/1769/1769 1770/1770/1770
f 1771/1771/1771 1772/1772/1772 1773/1773/1773
f 1774/1774/1774 1775/1775/1775 1776/1776/1776
f 1777/1777/1777 1778/1778/1778 1779/1779/1779
f 1780/1780/1780 1781/1781/1781 1782/1782/1782
f 1783/1783/1783 1784/1784/1784 1785/1785/1785
f 1786/1786/1786 1787/1787/1787 1788/1788/1788
f 1789/1789/1789 1790/1790/1790 1791/1791/1791
f 1792/1792/1792 1793/1793/1793 1794/1794/1794
f 1795/1795/1795 1796/1796/1796 1797/1797/1797
f 1798/1798/1798 1799/1799/1799 1800/1800/1800
f 1801/1801/1801 1802/1802/1802 1803/1803/1803
f 1804/1804/1804 1805/1805/1805 1806/1806/1806
f 1807/1807/1807 1808/1808/1808 1809/1809/1809
f 1810/1810/1810 1811/1811/1811 1812/1812/1812
f 1813/1813/1813 1814/1814/1814 1815/1815/1815
f 1816/1816/1816 1817/1817/1817 1818/1818/1818
f 1819/1819/1819 1820/1820/1820 1821/1821/1821
f 1822/1822/1822 1823/1823/1823 1824/1824/1824
f 1825/1825/1825 1826/1826/1826 1827/1827/1827
f 1828/1828/1828 1829/1829/1829 1830/1830/1830
f 1831/1831/1831 1832/1832/1832 1833/1833/1833
f 1834/1834/1834 1835/1835/1835 1836/1836/1836
f 1837/1837/1837 1838/1838/1838 1839/1839/1839
f 1840/1840/1840 1841/1841/1841 1842/1842/1842
f 1843/1843/1843 1844/1844/1844 1845/1845/1845
f 1846/1846/1846 1847/1847/1847 1848/1848/1848
f 1849/1849/1849 1850/1850/1850 1851/1851/1851
f 1852/1852/1852 1853/1853/1853 1854/1854/1854
f 1855/1855/1855 1856/1856/1856 1857/1857/1857
f 1858/1858/1858 1859/1859/1859 1860/1860/1860
f 1861/1861/1861 1862/1862/1862 1863/1863/1863
f 1864/1864/1864 1865/1865/1865 1866/1866/1866
f 1867/1867/1867 1868/1868/1868 1869/1869/1869
f 1870/1870/1870 1871/1871/1871 1872/1872/1872
f 1873/1873/1873 1874/1874/1874 1875/1875/1875
f 1876/1876/1876 1877/1877/1877 1878/1878/1878
f 1879/1879/1879 1880/1880/1880 1881/1881/1881
f 1882/1882/1882 1883/1883/1883 1884/1884/1884
f 1885/1885/1885 1886/1886/1886 1887/1887/1887
f 1888/1888/1888 1889/1889/1889 1890/1890/1890
f 1891/1891/1891 1892/1892/1892 1893/1893/1893
f 1894/1894/1894 1895/1895/1895 1896/1896/1896
f 1897/1897/1897 1898/1898/1898 1899/1899/1899
f 1900/1900/1900 1901/1901/1901 1902/1902/1902
f 1903/1903/1903 1904/1904/1904 1905/1905/1905
f 1906/1906/1906 1907/1907/1907 1908/1908/1908
f 1909/1909/1909 1910/1910/1910 1911/1911/1911
f 1912/1912/1912 1913/1913/1913 1914/1914/1914
f 1915/1915/1915 1916/1916/1916 1917/1917/1917
f 1918/1918/1918 1919/1919/1919 1920/1920/1920
f 1921/1921/1921 1922/1922/1922 1923/1923/1923
f 1924/1924/1924 1925/1925/1925 1926/1926/1926
f 1927/1927/1927 1928/1928/1928 1929/1929/1929
f 1930/1930/1930 1931/1931/1931 1932/1932/1932
f 1933/1933/1933 1934/1934/1934 1935/1935/1935
f 1936/1936/1936 1937/1937/1937 1938/1938/1938
f 1939/1939/1939 1940/1940/1940 1941/1941/1941
f 1942/1942/1942 1943/1943/1943 1944/1944/1944
f 1945/1945/1945 1946/1946/1946 1947/1947/1947
f 1948/1948/1948 1949/1949/1949 1950/1950/1950
f 1951/1951/1951 1952/1952/1952 1953/1953/1953
f 1954/1954/1954 1955/1955/1955 1956/1956/1956
f 1957/1957/1957 1958/1958/1958 1959/1959/1959
f 1960/1960/1960 1961/1961/1961 1962/1962/1962
f 1963/1963/1963 1964/1964/1964 1965/1965/1965
f 1966/1966/1966 1967/1967/1967 1968/1968/1968
f 1969/1969/1969 1970/1970/1970 1971/1971/1971
f 1972/1972/1972 1973/1973/1973 1974/1974/1974
f 1975/1975/1975 1976/1976/1976 1977/1977/1977
f 1978/1978/1978 1979/1979/1979 1980/1980/1980
f 1981/1981/1981 1982/1982/1982 1983/1983/1983
f 1981/1981/1981 1983/1983/1983 1984/1984/1984
f 1985/1985/1985 1986/1986/1986 1987/1987/1987
f 1985/1985/1985 1987/1987/1987 1988/1988/1988
f 1989/1989/1989 1990/1990/1990 1991/1991/1991
f 1989/1989/1989 1991/1991/1991 1992/1992/1992
f 1993/1993/1993 1994/1994/1994 1995/1995/1995
f 1993/1993/1993 1995/1995/1995 1996/1996/1996
f 1997/1997/1997 1998/1998/1998 1999/1999/1999
f 1997/1997/1997 1999/1999/1999 2000/2000/2000
f 2001/2001/2001 2002/2002/2002 2003/2003/2003
f 2001/2001/2001 2003/2003/2003 2004/2004/2004
f 2005/2005/2005 2006/2006/2006 2007/2007/2007
f 2005/2005/2005 2007/2007/2007 2008/2008/2008
f 2009/2009/2009 2010/2010/2010 2011/2011/2011
f 2009/2009/2009 2011/2011/2011 2012/2012/2012
f 2013/2013/2013 2014/2014/2014 2015/2015/2015
f 2013/2013/2013 2015/2015/2015 2016/2016/2016
f 2017/2017/2017 2018/2018/2018 2019/2019/2019
f 2017/2017/2017 2019/2019/2019 2020/2020/2020
f 2021/2021/2021 2022/2022/2022 2023/2023/2023
f 2021/2021/2021 2023/2023/2023 2024/2024/2024
f 2025/2025/2025 2026/2026/2026 2027/2027/2027
f 2025/2025/2025 2027/2027/2027 2028/2028/2028
f 2029/2029/2029 2030/2030/2030 2031/2031/2031
f 2029/2029/2029 2031/2031/2031 2032/2032/2032
f 2033/2033/2033 2034/2034/2034 2035/2035/2035
f 2033/2033/2033 2035/2035/2035 2036/2036/2036
f 2037/2037/2037 2038/2038/2038 2039/2039/2039
f 2037/2037/2037 2039/2039/2039 2040/2040/2040
f 2041/2041/2041 2042/2042/2042 2043/2043/2043
f 2041/2041/2041 2043/2043/2043 2044/2044/2044
f 2045/2045/2045 2046/2046/2046 2047/2047/2047
f 2045/2045/2045 2047/2047/2047 2048/2048/2048
f 2049/2049/2049 2050/2050/2050 2051/2051/2051
f 2049/2049/2049 2051/2051/2051 2052/2052/2052
f 2053/2053/2053 2054/2054/2054 2055/2055/2055
f 2053/2053/2053 2055/2055/2055 2056/2056/2056
f 2057/2057/2057 2058/2058/2058 2059/2059/2059
f 2057/2057/2057 2059/2059/2059 2060/2060/2060
f 2061/2061/2061 2062/2062/2062 2063/2063/2063
f 2061/2061/2061 2063/2063/2063 2064/2064/2064
f 2065/2065/2065 2066/2066/2066 2067/2067/2067
f 2065/2065/2065 2067/2067/2067 2068/2068/2068
f 2069/2069/2069 2070/2070/2070 2071/2071/2071
f 2069/2069/2069 2071/2071/2071 2072/2072/2072
f 2073/2073/2073 2074/2074/2074 2075/2075/2075
f 2073/2073/2073 2075/2075/2075 2076/2076/2076
f 2077/2077/2077 2078/2078/2078 2079/2079/2079
f 2077/2077/2077 2079/2079/2079 2080/2080/2080
f 2081/2081/2081 2082/2082/2082 2083/2083/2083
f 2081/2081/2081 2083/2083/2083 2084/2084/2084
f 2085/2085/2085 2086/2086/2086 2087/2087/2087
f 2085/2085/2085 2087/2087/2087 2088/2088/2088
f 2089/2089/2089 2090/2090/2090 2091/2091/2091
f 2089/2089/2089 2091/2091/2091 2092/2092/2092
f 2093/2093/2093 2094/2094/2094 2095/2095/2095
f 2093/2093/2093 2095/2095/2095 2096/2096/2096
f 2097/2097/2097 2098/2098/2098 2099/2099/2099
f 2097/2097/2097 2099/2099/2099 2100/2100/2100
f 2101/2101/2101 2102/2102/2102 2103/2103/2103
f 2101/2101/2101 2103/2103/2103 2104/2104/2104
f 2105/2105/2105 2106/2106/2106 2107/2107/2107
f 2105/2105/2105 2107/2107/2107 2108/2108/2108
f 2109/2109/2109 2110/2110/2110 2111/2111/2111
f 2109/2109/2109 2111/2111/2111 2112/2112/2112
f 2113/2113/2113 2114/2114/2114 2115/2115/2115
f 2113/2113/2113 2115/2115/2115 2116/2116/2116
f 2117/2117/2117 2118/2118/2118 2119/2119/2119
f 2117/2117/2117 2119/2119/2119 2120/2120/2120
f 2121/2121/2121 2122/2122/2122 2123/2123/2123
f 2121/2121/2121 2123/2123/2123 2124/2124/2124
f 2125/2125/2125 2126/2126/2126 2127/2127/2127
f 2125/2125/2125 2127/2127/2127 2128/2128/2128
f 2129/2129/2129 2130/2130/2130 2131/2131/2131
f 2129/2129/2129 2131/2131/2131 2132/2132/2132
f 2133/2133/2133 2134/2134/2134 2135/2135/2135
f 2133/2133/2133 2135/2135/2135 2136/2136/2136
f 2137/2137/2137 2138/2138/2138 2139/2139/2139
f 2137/2137/2137 2139/2139/2139 2140/2140/2140
f 2141/2141/2141 2142/2142/2142 2143/2143/2143
f 2141/2141/2141 2143/2143/2143 2144/2144/2144
f 2145/2145/2145 2146/2146/2146 2147/2147/2147
f 2145/2145/2145 2147/2147/2147 2148/2148/2148
f 2149/2149/2149 2150/2150/2150 2151/2151/2151
f 2149/2149/2149 2151/2151/2151 2152/2152/2152
f 2153/2153/2153 2154/2154/2154 2155/2155/2155
f 2153/2153/2153 2155/2155/2155 2156/2156/2156
f 2157/2157/2157 2158/2158/2158 2159/2159/2159
f 2157/2157/2157 2159/2159/2159 2160/2160/2160
f 2161/2161/2161 2162/2162/2162 2163/2163/2163
f 2161/2161/2161 2163/2163/2163 2164/2164/2164
f 2165/2165/2165 2166/2166/2166 2167/2167/2167
f 2165/2165/2165 2167/2167/2167 2168/2168/2168
f 2169/2169/2169 2170/2170/2170 2171/2171/2171
f 2169/2169/2169 2171/2171/2171 2172/2172/2172
f 2173/2173/2173 2174/2174/2174 2175/2175/2175
f 2173/2173/2173 2175/2175/2175 2176/2176/2176
f 2177/2177/2177 2178/2178/2178 2179/2179/2179
f 2177/2177/2177 2179/2179/2179 2180/2180/2180
f 2181/2181/2181 2182/2182/2182 2183/2183/2183
f 2181/2181/2181 2183/2183/2183 2184/2184/2184
f 2185/2185/2185 2186/2186/2186 2187/2187/2187
f 2185/2185/2185 2187/2187/2187 2188/2188/2188
f 2189/2189/2189 2190/2190/2190 2191/2191/2191
f 2189/2189/2189 2191/2191/2191 2192/2192/2192
f 2193/2193/2193 2194/2194/2194 2195/2195/2195
f 2193/2193/2193 2195/2195/2195 2196/2196/2196
f 2197/2197/2197 2198/2198/2198 2199/2199/2199
f 2197/2197/2197 2199/2199/2199 2200/2200/2200
f 2201/2201/2201 2202/2202/2202 2203/2203/2203
f 2201/2201/2201 2203/2203/2203 2204/2204/2204
f 2205/2205/2205 2206/2206/2206 2207/2207/2207
f 2205/2205/2205 2207/2207/2207 2208/2208/2208
f 2209/2209/2209 2210/2210/2210 2211/2211/2211
f 2209/2209/2209 2211/2211/2211 2212/2212/2212
f 2213/2213/2213 2214/2214/2214 2215/2215/2215
f 2213/2213/2213 2215/2215/2215 2216/2216/2216
f 2217/2217/2217 2218/2218/2218 2219/2219/2219
f 2217/2217/2217 2219/2219/2219 2220/2220/2220
f 2221/2221/2221 2222/2222/2222 2223/2223/2223
f 2221/2221/2221 2223/2223/2223 2224/2224/2224
f 2225/2225/2225 2226/2226/2226 2227/2227/2227
f 2225/2225/2225 2227/2227/2227 2228/2228/2228
f 2229/2229/2229 2230/2230/2230 2231/2231/2231
f 2229/2229/2229 2231/2231/2231 2232/2232/2232
f 2233/2233/2233 2234/2234/2234 2235/2235/2235
f 2233/2233/2233 2235/2235/2235 2236/2236/2236
f 2237/2237/2237 2238/2238/2238 2239/2239/2239
f 2237/2237/2237 2239/2239/2239 2240/2240/2240
f 2241/2241/2241 2242/2242/2242 2243/2243/2243
f 2241/2241/2241 2243/2243/2243 2244/2244/2244
f 2245/2245/2245 2246/2246/2246 2247/2247/2247
f 2245/2245/2245 2247/2247/2247 2248/2248/2248
f 2249/2249/2249 2250/2250/2250 2251/2251/2251
f 2249/2249/2249 2251/2251/2251 2252/2252/2252
f 2253/2253/2253 2254/2254/2254 2255/2255/2255
f 2253/2253/2253 2255/2255/2255 2256/2256/2256
f 2257/2257/2257 2258/2258/2258 2259/2259/2259
f 2257/2257/2257 2259/2259/2259 2260/2260/2260
f 2261/2261/2261 2262/2262/2262 2263/2263/2263
f 2261/2261/2261 2263/2263/2263 2264/2264/2264
f 2265/2265/2265 2266/2266/2266 2267/2267/2267
f 2265/2265/2265 2267/2267/2267 2268/2268/2268
f 2269/2269/2269 2270/2270/2270 2271/2271/2271
f 2269/2269/2269 2271/2271/2271 2272/2272/2272
f 2273/2273/2273 2274/2274/2274 2275/2275/2275
f 2273/2273/2273 2275/2275/2275 2276/2276/2276
f 2277/2277/2277 2278/2278/2278 2279/2279/2279
f 2277/2277/2277 2279/2279/2279 2280/2280/2280
f 2281/2281/2281 2282/2282/2282 2283/2283/2283
f 2281/2281/2281 2283/2283/2283 2284/2284/2284
f 2285/2285/2285 2286/2286/2286 2287/2287/2287
f 2285/2285/2285 2287/2287/2287 2288/2288/2288
f 2289/2289/2289 2290/2290/2290 2291/2291/2291
f 2289/2289/2289 2291/2291/2291 2292/2292/2292
f 2293/2293/2293 2294/2294/2294 2295/2295/2295
f 2293/2293/2293 2295/2295/2295 2296/2296/2296
f 2297/2297/2297 2298/2298/2298 2299/2299/2299
f 2297/2297/2297 2299/2299/2299 2300/2300/2300
f 2301/2301/2301 2302/2302/2302 2303/2303/2303
f 2301/2301/2301 2303/2303/2303 2304/2304/2304
f 2305/2305/2305 2306/2306/2306 2307/2307/2307
f 2305/2305/2305 2307/2307/2307 2308/2308/2308
f 2309/2309/2309 2310/2310/2310 2311/2311/2311
f 2309/2309/2309 2311/2311/2311 2312/2312/2312
f 2313/2313/2313 2314/2314/2314 2315/2315/2315
f 2313/2313/2313 2315/2315/2315 2316/2316/2316
f 2317/2317/2317 2318/2318/2318 2319/2319/2319
f 2317/2317/2317 2319/2319/2319 2320/2320/2320
f 2321/2321/2321 2322/2322/2322 2323/2323/2323
f 2321/2321/2321 2323/2323/2323 2324/2324/2324
f 2325/2325/2325 2326/2326/2326 2327/2327/2327
f 2325/2325/2325 2327/2327/2327 2328/2328/2328
f 2329/2329/2329 2330/2330/2330 2331/2331/2331
f 2329/2329/2329 2331/2331/2331 2332/2332/2332
f 2333/2333/2333 2334/2334/2334 2335/2335/2335
f 2333/2333/2333 2335/2335/2335 2336/2336/2336
f 2337/2337/2337 2338/2338/2338 2339/2339/2339
f 2337/2337/2337 2339/2339/2339 2340/2340/2340
f 2341/2341/2341 2342/2342/2342 2343/2343/2343
f 2341/2341/2341 2343/2343/2343 2344/2344/2344
f 2345/2345/2345 2346/2346/2346 2347/2347/2347
f 2345/2345/2345 2347/2347/2347 2348/2348/2348
f 2349/2349/2349 2350/2350/2350 2351/2351/2351
f 2349/2349/2349 2351/2351/2351 2352/2352/2352
f 2353/2353/2353 2354/2354/2354 2355/2355/2355
f 2353/2353/2353 2355/2355/2355 2356/2356/2356
f 2357/2357/2357 2358/2358/2358 2359/2359/2359
f 2357/2357/2357 2359/2359/2359 2360/2360/2360
f 2361/2361/2361 2362/2362/2362 2363/2363/2363
f 2361/2361/2361 2363/2363/2363 2364/2364/2364
f 2365/2365/2365 2366/2366/2366 2367/2367/2367
f 2365/2365/2365 2367/2367/2367 2368/2368/2368
f 2369/2369/2369 2370/2370/2370 2371/2371/2371
f 2369/2369/2369 2371/2371/2371 2372/2372/2372
f 2373/2373/2373 2374/2374/2374 2375/2375/2375
f 2373/2373/2373 2375/2375/2375 2376/2376/2376
f 2377/2377/2377 2378/2378/2378 2379/2379/2379
f 2377/2377/2377 2379/2379/2379 2380/2380/2380
f 2381/2381/2381 2382/2382/2382 2383/2383/2383
f 2381/2381/2381 2383/2383/2383 2384/2384/2384
f 2385/2385/2385 2386/2386/2386 2387/2387/2387
f 2385/2385/2385 2387/2387/2387 2388/2388/2388
f 2389/2389/2389 2390/2390/2390 2391/2391/2391
f 2389/2389/2389 2391/2391/2391 2392/2392/2392
f 2393/2393/2393 2394/2394/2394 2395/2395/2395
f 2393/2393/2393 2395/2395/2395 2396/2396/2396
f 2397/2397/2397 2398/2398/2398 2399/2399/2399
f 2397/2397/2397 2399/2399/2399 2400/2400/2400
f 2401/2401/2401 2402/2402/2402 2403/2403/2403
f 2401/2401/2401 2403/2403/2403 2404/2404/2404
f 2405/2405/2405 2406/2406/2406 2407/2407/2407
f 2405/2405/2405 2407/2407/2407 2408/2408/2408
f 2409/2409/2409 2410/2410/2410 2411/2411/2411
f 2409/2409/2409 2411/2411/2411 2412/2412/2412
f 2413/2413/2413 2414/2414/2414 2415/2415/2415
f 2413/2413/2413 2415/2415/2415 2416/2416/2416
f 2417/2417/2417 2418/2418/2418 2419/2419/2419
f 2417/2417/2417 2419/2419/2419 2420/2420/2420
f 2421/2421/2421 2422/2422/2422 2423/2423/2423
f 2421/2421/2421 2423/2423/2423 2424/2424/2424
f 2425/2425/2425 2426/2426/2426 2427/2427/2427
f 2425/2425/2425 2427/2427/2427 2428/2428/2428
f 2429/2429/2429 2430/2430/2430 2431/2431/2431
f 2429/2429/2429 2431/2431/2431 2432/2432/2432
f 2433/2433/2433 2434/2434/2434 2435/2435/2435
f 2433/2433/2433 2435/2435/2435 2436/2436/2436
f 2437/2437/2437 2438/2438/2438 2439/2439/2439
f 2437/2437/2437 2439/2439/2439 2440/2440/2440
f 2441/2441/2441 2442/2442/2442 2443/2443/2443
f 2441/2441/2441 2443/2443/2443 2444/2444/2444
f 2445/2445/2445 2446/2446/2446 2447/2447/2447
f 2445/2445/2445 2447/2447/2447 2448/2448/2448
f 2449/2449/2449 2450/2450/2450 2451/2451/2451
f 2449/2449/2449 2451/2451/2451 2452/2452/2452
f 2453/2453/2453 2454/2454/2454 2455/2455/2455
f 2453/2453/2453 2455/2455/2455 2456/2456/2456
f 2457/2457/2457 2458/2458/2458 2459/2459/2459
f 2457/2457/2457 2459/2459/2459 2460/2460/2460
f 2461/2461/2461 2462/2462/2462 2463/2463/2463
f 2461/2461/2461 2463/2463/2463 2464/2464/2464
f 2465/2465/2465 2466/2466/2466 2467/2467/2467
f 2465/2465/2465 2467/2467/2467 2468/2468/2468
f 2469/2469/2469 2470/2470/2470 2471/2471/2471
f 2469/2469/2469 2471/2471/2471 2472/2472/2472
f 2473/2473/2473 2474/2474/2474 2475/2475/2475
f 2473/2473/2473 2475/2475/2475 2476/2476/2476
f 2477/2477/2477 2478/2478/2478 2479/2479/2479
f 2477/2477/2477 2479/2479/2479 2480/2480/2480
f 2481/2481/2481 2482/2482/2482 2483/2483/2483
f 2481/2481/2481 2483/2483/2483 2484/2484/2484
f 2485/2485/2485 2486/2486/2486 2487/2487/2487
f 2485/2485/2485 2487/2487/2487 2488/2488/2488
f 2489/2489/2489 2490/2490/2490 2491/2491/2491
f 2489/2489/2489 2491/2491/2491 2492/2492/2492
f 2493/2493/2493 2494/2494/2494 2495/2495/2495
f 2493/2493/2493 2495/2495/2495 2496/2496/2496
f 2497/2497/2497 2498/2498/2498 2499/2499/2499
f 2497/2497/2497 2499/2499/2499 2500/2500/2500
f 2501/2501/2501 2502/2502/2502 2503/2503/2503
f 2501/2501/2501 2503/2503/2503 2504/2504/2504
f 2505/2505/2505 2506/2506/2506 2507/2507/2507
f 2505/2505/2505 2507/2507/2507 2508/2508/2508
f 2509/2509/2509 2510/2510/2510 2511/2511/2511
f 2509/2509/2509 2511/2511/2511 2512/2512/2512
f 2513/2513/2513 2514/2514/2514 2515/2515/2515
f 2513/2513/2513 2515/2515/2515 2516/2516/2516
f 2517/2517/2517 2518/2518/2518 2519/2519/2519
f 2517/2517/2517 2519/2519/2519 2520/2520/2520
f 2521/2521/2521 2522/2522/2522 2523/2523/2523
f 2521/2521/2521 2523/2523/2523 2524/2524/2524
f 2525/2525/2525 2526/2526/2526 2527/2527/2527
f 2525/2525/2525 2527/2527/2527 2528/2528/2528
f 2529/2529/2529 2530/2530/2530 2531/2531/2531
f 2529/2529/2529 2531/2531/2531 2532/2532/2532
f 2533/2533/2533 2534/2534/2534 2535/2535/2535
f 2533/2533/2533 2535/2535/2535 2536/2536/2536
f 2537/2537/2537 2538/2538/2538 2539/2539/2539
f 2537/2537/2537 2539/2539/2539 2540/2540/2540
f 2541/2541/2541 2542/2542/2542 2543/2543/2543
f 2541/2541/2541 2543/2543/2543 2544/2544/2544
f 2545/2545/2545 2546/2546/2546 2547/2547/2547
f 2545/2545/2545 2547/2547/2547 2548/2548/2548
f 2549/2549/2549 2550/2550/2550 2551/2551/2551
f 2549/2549/2549 2551/2551/2551 2552/2552/2552
f 2553/2553/2553 2554/2554/2554 2555/2555/2555
f 2553/2553/2553 2555/2555/2555 2556/2556/2556
f 2557/2557/2557 2558/2558/2558 2559/2559/2559
f 2557/2557/2557 2559/2559/2559 2560/2560/2560
f 2561/2561/2561 2562/2562/2562 2563/2563/2563
f 2561/2561/2561 2563/2563/2563 2564/2564/2564
f 2565/2565/2565 2566/2566/2566 2567/2567/2567
f 2565/2565/2565 2567/2567/2567 2568/2568/2568
f 2569/2569/2569 2570/2570/2570 2571/2571/2571
f 2569/2569/2569 2571/2571/2571 2572/2572/2572
f 2573/2573/2573 2574/2574/2574 2575/2575/2575
f 2573/2573/2573 2575/2575/2575 2576/2576/2576
f 2577/2577/2577 2578/2578/2578 2579/2579/2579
f 2577/2577/2577 2579/2579/2579 2580/2580/2580
f 2581/2581/2581 2582/2582/2582 2583/2583/2583
f 2581/2581/2581 2583/2583/2583 2584/2584/2584
f 2585/2585/2585 2586/2586/2586 2587/2587/2587
f 2585/2585/2585 2587/2587/2587 2588/2588/2588
f 2589/2589/2589 2590/2590/2590 2591/2591/2591
f 2589/2589/2589 2591/2591/2591 2592/2592/2592
f 2593/2593/2593 2594/2594/2594 2595/2595/2595
f 2593/2593/2593 2595/2595/2595 2596/2596/2596
f 2597/2597/2597 2598/2598/2598 2599/2599/2599
f 2597/2597/2597 2599/2599/2599 2600/2600/2600
f 2601/2601/2601 2602/2602/2602 2603/2603/2603
f 2601/2601/2601 2603/2603/2603 2604/2604/2604
f 2605/2605/2605 2606/2606/2606 2607/2607/2607
f 2605/2605/2605 2607/2607/2607 2608/2608/2608
f 2609/2609/2609 2610/2610/2610 2611/2611/2611
f 2609/2609/2609 2611/2611/2611 2612/2612/2612
f 2613/2613/2613 2614/2614/2614 2615/2615/2615
f 2613/2613/2613 2615/2615/2615 2616/2616/2616
f 2617/2617/2617 2618/2618/2618 2619/2619/2619
f 2617/2617/2617 2619/2619/2619 2620/2620/2620
f 2621/2621/2621 2622/2622/2622 2623/2623/2623
f 2621/2621/2621 2623/2623/2623 2624/2624/2624
f 2625/2625/2625 2626/2626/2626 2627/2627/2627
f 2625/2625/2625 2627/2627/2627 2628/2628/2628
f 2629/2629/2629 2630/2630/2630 2631/2631/2631
f 2629/2629/2629 2631/2631/2631 2632/2632/2632
f 2633/2633/2633 2634/2634/2634 2635/2635/2635
f 2633/2633/2633 2635/2635/2635 2636/2636/2636
f 2637/2637/2637 2638/2638/2638 2639/2639/2639
f 2637/2637/2637 2639/2639/2639 2640/2640/2640
f 2641/2641/2641 2642/2642/2642 2643/2643/2643
f 2641/2641/2641 2643/2643/2643 2644/2644/2644
f 2645/2645/2645 2646/2646/2646 2647/2647/2647
f 2645/2645/2645 2647/2647/2647 2648/2648/2648
f 2649/2649/2649 2650/2650/2650 2651/2651/2651
f 2649/2649/2649 2651/2651/2651 2652/2652/2652
f 2653/2653/2653 2654/2654/2654 2655/2655/2655
f 2653/2653/2653 2655/2655/2655 2656/2656/2656
f 2657/2657/2657 2658/2658/2658 2659/2659/2659
f 2657/2657/2657 2659/2659/2659 2660/2660/2660
f 2661/2661/2661 2662/2662/2662 2663/2663/2663
f 2661/2661/2661 2663/2663/2663 2664/2664/2664
f 2665/2665/2665 2666/2666/2666 2667/2667/2667
f 2665/2665/2665 2667/2667/2667 2668/2668/2668
f 2669/2669/2669 2670/2670/2670 2671/2671/2671
f 2669/2669/2669 2671/2671/2671 2672/2672/2672
f 2673/2673/2673 2674/2674/2674 2675/2675/2675
f 2673/2673/2673 2675/2675/2675 2676/2676/2676
f 2677/2677/2677 2678/2678/2678 2679/2679/2679
f 2677/2677/2677 2679/2679/2679 2680/2680/2680
f 2681/2681/2681 2682/2682/2682 2683/2683/2683
f 2681/2681/2681 2683/2683/2683 2684/2684/2684
f 2685/2685/2685 2686/2686/2686 2687/2687/2687
f 2685/2685/2685 2687/2687/2687 2688/2688/2688
f 2689/2689/2689 2690/2690/2690 2691/2691/2691
f 2689/2689/2689 2691/2691/2691 2692/2692/2692
f 2693/2693/2693 2694/2694/2694 2695/2695/2695
f 2693/2693/2693 2695/2695/2695 2696/2696/2696
f 2697/2697/2697 2698/2698/2698 2699/2699/2699
f 2697/2697/2697 2699/2699/2699 2700/2700/2700
f 2701/2701/2701 2702/2702/2702 2703/2703/2703
f 2701/2701/2701 2703/2703/2703 2704/2704/2704
f 2705/2705/2705 2706/2706/2706 2707/2707/2707
f 2705/2705/2705 2707/2707/2707 2708/2708/2708
f 2709/2709/2709 2710/2710/2710 2711/2711/2711
f 2709/2709/2709 2711/2711/2711 2712/2712/2712
f 2713/2713/2713 2714/2714/2714 2715/2715/2715
f 2713/2713/2713 2715/2715/2715 2716/2716/2716
f 2717/2717/2717 2718/2718/2718 2719/2719/2719
f 2717/2717/2717 2719/2719/2719 2720/2720/2720
f 2721/2721/2721 2722/2722/2722 2723/2723/2723
f 2721/2721/2721 2723/2723/2723 2724/2724/2724
f 2725/2725/2725 2726/2726/2726 2727/2727/2727
f 2725/2725/2725 2727/2727/2727 2728/2728/2728
f 2729/2729/2729 2730/2730/2730 2731/2731/2731
f 2729/2729/2729 2731/2731/2731 2732/2732/2732
f 2733/2733/2733 2734/2734/2734 2735/2735/2735
f 2733/2733/2733 2735/2735/2735 2736/2736/2736
f 2737/2737/2737 2738/2738/2738 2739/2739/2739
f 2737/2737/2737 2739/2739/2739 2740/2740/2740
f 2741/2741/2741 2742/2742/2742 2743/2743/2743
f 2741/2741/2741 2743/2743/2743 2744/2744/2744
f 2745/2745/2745 2746/2746/2746 2747/2747/2747
f 2745/2745/2745 2747/2747/2747 2748/2748/2748
f 2749/2749/2749 2750/2750/2750 2751/2751/2751
f 2749/2749/2749 2751/2751/2751 2752/2752/2752
f 2753/2753/2753 2754/2754/2754 2755/2755/2755
f 2753/2753/2753 2755/2755/2755 2756/2756/2756
f 2757/2757/2757 2758/2758/2758 2759/2759/2759
f 2757/2757/2757 2759/2759/2759 2760/2760/2760
f 2761/2761/2761 2762/2762/2762 2763/2763/2763
f 2761/2761/2761 2763/2763/2763 2764/2764/2764
f 2765/2765/2765 2766/2766/2766 2767/2767/2767
f 2765/2765/2765 2767/2767/2767 2768/2768/2768
f 2769/2769/2769 2770/2770/2770 2771/2771/2771
f 2769/2769/2769 2771/2771/2771 2772/2772/2772
f 2773/2773/2773 2774/2774/2774 2775/2775/2775
f 2773/2773/2773 2775/2775/2775 2776/2776/2776
f 2777/2777/2777 2778/2778/2778 2779/2779/2779
f 2777/2777/2777 2779/2779/2779 2780/2780/2780
f 2781/2781/2781 2782/2782/2782 2783/2783/2783
f 2781/2781/2781 2783/2783/2783 2784/2784/2784
f 2785/2785/2785 2786/2786/2786 2787/2787/2787
f 2785/2785/2785 2787/2787/2787 2788/2788/2788
f 2789/2789/2789 2790/2790/2790 2791/2791/2791
f 2789/2789/2789 2791/2791/2791 2792/2792/2792
f 2793/2793/2793 2794/2794/2794 2795/2795/2795
f 2793/2793/2793 2795/2795/2795 2796/2796/2796
f 2797/2797/2797 2798/2798/2798 2799/2799/2799
f 2797/2797/2797 2799/2799/2799 2800/2800/2800
f 2801/2801/2801 2802/2802/2802 2803/2803/2803
f 2801/2801/2801 2803/2803/2803 2804/2804/2804
f 2805/2805/2805 2806/2806/2806 2807/2807/2807
f 2805/2805/2805 2807/2807/2807 2808/2808/2808
f 2809/2809/2809 2810/2810/2810 2811/2811/2811
f 2809/2809/2809 2811/2811/2811 2812/2812/2812
f 2813/2813/2813 2814/2814/2814 2815/2815/2815
f 2813/2813/2813 2815/2815/2815 2816/2816/2816
f 2817/2817/2817 2818/2818/2818 2819/2819/2819
f 2817/2817/2817 2819/2819/2819 2820/2820/2820
f 2821/2821/2821 2822/2822/2822 2823/2823/2823
f 2821/2821/2821 2823/2823/2823 2824/2824/2824
f 2825/2825/2825 2826/2826/2826 2827/2827/2827
f 2825/2825/2825 2827/2827/2827 2828/2828/2828
f 2829/2829/2829 2830/2830/2830 2831/2831/2831
f 2829/2829/2829 2831/2831/2831 2832/2832/2832
f 2833/2833/2833 2834/2834/2834 2835/2835/2835
f 2833/2833/2833 2835/2835/2835 2836/2836/2836
f 2837/2837/2837 2838/2838/2838 2839/2839/2839
f 2837/2837/2837 2839/2839/2839 2840/2840/2840
f 2841/2841/2841 2842/2842/2842 2843/2843/2843
f 2841/2841/2841 2843/2843/2843 2844/2844/2844
f 2845/2845/2845 2846/2846/2846 2847/2847/2847
f 2845/2845/2845 2847/2847/2847 2848/2848/2848
f 2849/2849/2849 2850/2850/2850 2851/2851/2851
f 2849/2849/2849 2851/2851/2851 2852/2852/2852
f 2853/2853/2853 2854/2854/2854 2855/2855/2855
f 2853/2853/2853 2855/2855/2855 2856/2856/2856
f 2857/2857/2857 2858/2858/2858 2859/2859/2859
f 2857/2857/2857 2859/2859/2859 2860/2860/2860
f 2861/2861/2861 2862/2862/2862 2863/2863/2863
f 2861/2861/2861 2863/2863/2863 2864/2864/2864
f 2865/2865/2865 2866/2866/2866 2867/2867/2867
f 2865/2865/2865 2867/2867/2867 2868/2868/2868
f 2869/2869/2869 2870/2870/2870 2871/2871/2871
f 2869/2869/2869 2871/2871/2871 2872/2872/2872
f 2873/2873/2873 2874/2874/2874 2875/2875/2875
f 2873/2873/2873 2875/2875/2875 2876/2876/2876
f 2877/2877/2877 2878/2878/2878 2879/2879/2879
f 2877/2877/2877 2879/2879/2879 2880/2880/2880
f 2881/2881/2881 2882/2882/2882 2883/2883/2883
f 2881/2881/2881 2883/2883/2883 2884/2884/2884
f 2885/2885/2885 2886/2886/2886 2887/2887/2887
f 2885/2885/2885 2887/2887/2887 2888/2888/2888
f 2889/2889/2889 2890/2890/2890 2891/2891/2891
f 2889/2889/2889 2891/2891/2891 2892/2892/2892
f 2893/2893/2893 2894/2894/2894 2895/2895/2895
f 2893/2893/2893 2895/2895/2895 2896/2896/2896
f 2897/2897/2897 2898/2898/2898 2899/2899/2899
f 2897/2897/2897 2899/2899/2899 2900/2900/2900
f 2901/2901/2901 2902/2902/2902 2903/2903/2903
f 2901/2901/2901 2903/2903/2903 2904/2904/2904
f 2905/2905/2905 2906/2906/2906 2907/2907/2907
f 2905/2905/2905 2907/2907/2907 2908/2908/2908
f 2909/2909/2909 2910/2910/2910 2911/2911/2911
f 2909/2909/2909 2911/2911/2911 2912/2912/2912
f 2913/2913/2913 2914/2914/2914 2915/2915/2915
f 2913/2913/2913 2915/2915/2915 2916/2916/2916
f 2917/2917/2917 2918/2918/2918 2919/2919/2919
f 2917/2917/2917 2919/2919/2919 2920/2920/2920
f 2921/2921/2921 2922/2922/2922 2923/2923/2923
f 2921/2921/2921 2923/2923/2923 2924/2924/2924
f 2925/2925/2925 2926/2926/2926 2927/2927/2927
f 2925/2925/2925 2927/2927/2927 2928/2928/2928
f 2929/2929/2929 2930/2930/2930 2931/2931/2931
f 2929/2929/2929 2931/2931/2931 2932/2932/2932
f 2933/2933/2933 2934/2934/2934 2935/2935/2935
f 2933/2933/2933 2935/2935/2935 2936/2936/2936
f 2937/2937/2937 2938/2938/2938 2939/2939/2939
f 2937/2937/2937 2939/2939/2939 2940/2940/2940
f 2941/2941/2941 2942/2942/2942 2943/2943/2943
f 2941/2941/2941 2943/2943/2943 2944/2944/2944
f 2945/2945/2945 2946/2946/2946 2947/2947/2947
f 2945/2945/2945 2947/2947/2947 2948/2948/2948
f 2949/2949/2949 2950/2950/2950 2951/2951/2951
f 2949/2949/2949 2951/2951/2951 2952/2952/2952
f 2953/2953/2953 2954/2954/2954 2955/2955/2955
f 2953/2953/2953 2955/2955/2955 2956/2956/2956
f 2957/2957/2957 2958/2958/2958 2959/2959/2959
f 2957/2957/2957 2959/2959/2959 2960/2960/2960
f 2961/2961/2961 2962/2962/2962 2963/2963/2963
f 2961/2961/2961 2963/2963/2963 2964/2964/2964
f 2965/2965/2965 2966/2966/2966 2967/2967/2967
f 2965/2965/2965 2967/2967/2967 2968/2968/2968
f 2969/2969/2969 2970/2970/2970 2971/2971/2971
f 2969/2969/2969 2971/2971/2971 2972/2972/2972
f 2973/2973/2973 2974/2974/2974 2975/2975/2975
f 2973/2973/2973 2975/2975/2975 2976/2976/2976
f 2977/2977/2977 2978/2978/2978 2979/2979/2979
f 2977/2977/2977 2979/2979/2979 2980/2980/2980
f 2981/2981/2981 2982/2982/2982 2983/2983/2983
f 2981/2981/2981 2983/2983/2983 2984/2984/2984
f 2985/2985/2985 2986/2986/2986 2987/2987/2987
f 2985/2985/2985 2987/2987/2987 2988/2988/2988
f 2989/2989/2989 2990/2990/2990 2991/2991/2991
f 2989/2989/2989 2991/2991/2991 2992/2992/2992
f 2993/2993/2993 2994/2994/2994 2995/2995/2995
f 2993/2993/2993 2995/2995/2995 2996/2996/2996
f 2997/2997/2997 2998/2998/2998 2999/2999/2999
f 2997/2997/2997 2999/2999/2999 3000/3000/3000
f 3001/3001/3001 3002/3002/3002 3003/3003/3003
f 3001/3001/3001 3003/3003/3003 3004/3004/3004
f 3005/3005/3005 3006/3006/3006 3007/3007/3007
f 3005/3005/3005 3007/3007/3007 3008/3008/3008
f 3009/3009/3009 3010/3010/3010 3011/3011/3011
f 3009/3009/3009 3011/3011/3011 3012/3012/3012
f 3013/3013/3013 3014/3014/3014 3015/3015/3015
f 3013/3013/3013 3015/3015/3015 3016/3016/3016
f 3017/3017/3017 3018/3018/3018 3019/3019/3019
f 3017/3017/3017 3019/3019/3019 3020/3020/3020
f 3021/3021/3021 3022/3022/3022 3023/3023/3023
f 3021/3021/3021 3023/3023/3023 3024/3024/3024
f 3025/3025/3025 3026/3026/3026 3027/3027/3027
f 3025/3025/3025 3027/3027/3027 3028/3028/3028
f 3029/3029/3029 3030/3030/3030 3031/3031/3031
f 3029/3029/3029 3031/3031/3031 3032/3032/3032
f 3033/3033/3033 3034/3034/3034 3035/3035/3035
f 3033/3033/3033 3035/3035/3035 3036/3036/3036
f 3037/3037/3037 3038/3038/3038 3039/3039/3039
f 3037/3037/3037 3039/3039/3039 3040/3040/3040
f 3041/3041/3041 3042/3042/3042 3043/3043/3043
f 3041/3041/3041 3043/3043/3043 3044/3044/3044
f 3045/3045/3045 3046/3046/3046 3047/3047/3047
f 3045/3045/3045 3047/3047/3047 3048/3048/3048
f 3049/3049/3049 3050/3050/3050 3051/3051/3051
f 3049/3049/3049 3051/3051/3051 3052/3052/3052
f 3053/3053/3053 3054/3054/3054 3055/3055/3055
f 3053/3053/3053 3055/3055/3055 3056/3056/3056
f 3057/3057/3057 3058/3058/3058 3059/3059/3059
f 3057/3057/3057 3059/3059/3059 3060/3060/3060
f 3061/3061/3061 3062/3062/3062 3063/3063/3063
f 3061/3061/3061 3063/3063/3063 3064/3064/3064
f 3065/3065/3065 3066/3066/3066 3067/3067/3067
f 3065/3065/3065 3067/3067/3067 3068/3068/3068
f 3069/3069/3069 3070/3070/3070 3071/3071/3071
f 3069/3069/3069 3071/3071/3071 3072/3072/3072
f 3073/3073/3073 3074/3074/3074 3075/3075/3075
f 3073/3073/3073 3075/3075/3075 3076/3076/3076
f 3077/3077/3077 3078/3078/3078 3079/3079/3079
f 3077/3077/3077 3079/3079/3079 3080/3080/3080
f 3081/3081/3081 3082/3082/3082 3083/3083/3083
f 3081/3081/3081 3083/3083/3083 3084/3084/3084
f 3085/3085/3085 3086/3086/3086 3087/3087/3087
f 3085/3085/3085 3087/3087/3087 3088/3088/3088
f 3089/3089/3089 3090/3090/3090 3091/3091/3091
f 3089/3089/3089 3091/3091/3091 3092/3092/3092
f 3093/3093/3093 3094/3094/3094 3095/3095/3095
f 3093/3093/3093 3095/3095/3095 3096/3096/3096
f 3097/3097/3097 3098/3098/3098 3099/3099/3099
f 3097/3097/3097 3099/3099/3099 3100/3100/3100
f 3101/3101/3101 3102/3102/3102 3103/3103/3103
f 3101/3101/3101 3103/3103/3103 3104/3104/3104
f 3105/3105/3105 3106/3106/3106 3107/3107/3107
f 3105/3105/3105 3107/3107/3107 3108/3108/3108
f 3109/3109/3109 3110/3110/3110 3111/3111/3111
f 3109/3109/3109 3111/3111/3111 3112/3112/3112
f 3113/3113/3113 3114/3114/3114 3115/3115/3115
f 3113/3113/3113 3115/3115/3115 3116/3116/3116
f 3117/3117/3117 3118/3118/3118 3119/3119/3119
f 3117/3117/3117 3119/3119/3119 3120/3120/3120
f 3121/3121/3121 3122/3122/3122 3123/3123/3123
f 3121/3121/3121 3123/3123/3123 3124/3124/3124
f 3125/3125/3125 3126/3126/3126 3127/3127/3127
f 3125/3125/3125 3127/3127/3127 3128/3128/3128
f 3129/3129/3129 3130/3130/3130 3131/3131/3131
f 3129/3129/3129 3131/3131/3131 3132/3132/3132
f 3133/3133/3133 3134/3134/3134 3135/3135/3135
f 3133/3133/3133 3135/3135/3135 3136/3136/3136
f 3137/3137/3137 3138/3138/3138 3139/3139/3139
f 3137/3137/3137 3139/3139/3139 3140/3140/3140
f 3141/3141/3141 3142/3142/3142 3143/3143/3143
f 3141/3141/3141 3143/3143/3143 3144/3144/3144
f 3145/3145/3145 3146/3146/3146 3147/3147/3147
f 3145/3145/3145 3147/3147/3147 3148/3148/3148
f 3149/3149/3149 3150/3150/3150 3151/3151/3151
f 3149/3149/3149 3151/3151/3151 3152/3152/3152
f 3153/3153/3153 3154/3154/3154 3155/3155/3155
f 3153/3153/3153 3155/3155/3155 3156/3156/3156
f 3157/3157/3157 3158/3158/3158 3159/3159/3159
f 3157/3157/3157 3159/3159/3159 3160/3160/3160
f 3161/3161/3161 3162/3162/3162 3163/3163/3163
f 3161/3161/3161 3163/3163/3163 3164/3164/3164
f 3165/3165/3165 3166/3166/3166 3167/3167/3167
f 3165/3165/3165 3167/3167/3167 3168/3168/3168
f 3169/3169/3169 3170/3170/3170 3171/3171/3171
f 3169/3169/3169 3171/3171/3171 3172/3172/3172
f 3173/3173/3173 3174/3174/3174 3175/3175/3175
f 3173/3173/3173 3175/3175/3175 3176/3176/3176
f 3177/3177/3177 3178/3178/3178 3179/3179/3179
f 3177/3177/3177 3179/3179/3179 3180/3180/3180
f 3181/3181/3181 3182/3182/3182 3183/3183/3183
f 3181/3181/3181 3183/3183/3183 3184/3184/3184
f 3185/3185/3185 3186/3186/3186 3187/3187/3187
f 3185/3185/3185 3187/3187/3187 3188/3188/3188
f 3189/3189/3189 3190/3190/3190 3191/3191/3191
f 3189/3189/3189 3191/3191/3191 3192/3192/3192
f 3193/3193/3193 3194/3194/3194 3195/3195/3195
f 3193/3193/3193 3195/3195/3195 3196/3196/3196
f 3197/3197/3197 3198/3198/3198 3199/3199/3199
f 3197/3197/3197 3199/3199/3199 3200/3200/3200
f 3201/3201/3201 3202/3202/3202 3203/3203/3203
f 3201/3201/3201 3203/3203/3203 3204/3204/3204
f 3205/3205/3205 3206/3206/3206 3207/3207/3207
f 3205/3205/3205 3207/3207/3207 3208/3208/3208
f 3209/3209/3209 3210/3210/3210 3211/3211/3211
f 3209/3209/3209 3211/3211/3211 3212/3212/3212
f 3213/3213/3213 3214/3214/3214 3215/3215/3215
f 3213/3213/3213 3215/3215/3215 3216/3216/3216
f 3217/3217/3217 3218/3218/3218 3219/3219/3219
f 3217/3217/3217 3219/3219/3219 3220/3220/3220
f 3221/3221/3221 3222/3222/3222 3223/3223/3223
f 3221/3221/3221 3223/3223/3223 3224/3224/3224
f 3225/3225/3225 3226/3226/3226 3227/3227/3227
f 3225/3225/3225 3227/3227/3227 3228/3228/3228
f 3229/3229/3229 3230/3230/3230 3231/3231/3231
f 3229/3229/3229 3231/3231/3231 3232/3232/3232
f 3233/3233/3233 3234/3234/3234 3235/3235/3235
f 3233/3233/3233 3235/3235/3235 3236/3236/3236
f 3237/3237/3237 3238/3238/3238 3239/3239/3239
f 3237/3237/3237 3239/3239/3239 3240/3240/3240
f 3241/3241/3241 3242/3242/3242 3243/3243/3243
f 3241/3241/3241 3243/3243/3243 3244/3244/3244
f 3245/3245/3245 3246/3246/3246 3247/3247/3247
f 3245/3245/3245 3247/3247/3247 3248/3248/3248
f 3249/3249/3249 3250/3250/3250 3251/3251/3251
f 3249/3249/3249 3251/3251/3251 3252/3252/3252
f 3253/3253/3253 3254/3254/3254 3255/3255/3255
f 3253/3253/3253 3255/3255/3255 3256/3256/3256
f 3257/3257/3257 3258/3258/3258 3259/3259/3259
f 3257/3257/3257 3259/3259/3259 3260/3260/3260
f 3261/3261/3261 3262/3262/3262 3263/3263/3263
f 3261/3261/3261 3263/3263/3263 3264/3264/3264
f 3265/3265/3265 3266/3266/3266 3267/3267/3267
f 3265/3265/3265 3267/3267/3267 3268/3268/3268
f 3269/3269/3269 3270/3270/3270 3271/3271/3271
f 3269/3269/3269 3271/3271/3271 3272/3272/3272
f 3273/3273/3273 3274/3274/3274 3275/3275/3275
f 3273/3273/3273 3275/3275/3275 3276/3276/3276
f 3277/3277/3277 3278/3278/3278 3279/3279/3279
f 3277/3277/3277 3279/3279/3279 3280/3280/3280
f 3281/3281/3281 3282/3282/3282 3283/3283/3283
f 3281/3281/3281 3283/3283/3283 3284/3284/3284
f 3285/3285/3285 3286/3286/3286 3287/3287/3287
f 3285/3285/3285 3287/3287/3287 3288/3288/3288
f 3289/3289/3289 3290/3290/3290 3291/3291/3291
f 3289/3289/3289 3291/3291/3291 3292/3292/3292
f 3293/3293/3293 3294/3294/3294 3295/3295/3295
f 3293/3293/3293 3295/3295/3295 3296/3296/3296
f 3297/3297/3297 3298/3298/3298 3299/3299/3299
f 3297/3297/3297 3299/3299/3299 3300/3300/3300
f 3301/3301/3301 3302/3302/3302 3303/3303/3303
f 3301/3301/3301 3303/3303/3303 3304/3304/3304
f 3305/3305/3305 3306/3306/3306 3307/3307/3307
f 3305/3305/3305 3307/3307/3307 3308/3308/3308
