v -0.844956 0.208314 -0.307847
v -0.846414 0.208997 -0.298952
v -0.846066 0.210799 -0.29896
v -0.844637 0.210118 -0.307786
v -0.846599 0.211971 -0.283725
v -0.846066 0.210799 -0.29896
v -0.846414 0.208997 -0.298952
v -0.846957 0.210174 -0.28365
v -0.846663 0.213435 -0.264709
v -0.846599 0.211971 -0.283725
v -0.846957 0.210174 -0.28365
v -0.847019 0.211644 -0.264571
v -0.743728 0.189247 -0.317229
v -0.74155 0.189423 -0.318384
v -0.740362 0.179719 -0.317618
v -0.74254 0.179542 -0.316464
v -0.74457 0.197801 -0.317712
v -0.7424 0.197969 -0.318862
v -0.74155 0.189423 -0.318384
v -0.743728 0.189247 -0.317229
v -0.750176 0.197224 -0.317042
v -0.74457 0.197801 -0.317712
v -0.743728 0.189247 -0.317229
v -0.749355 0.188635 -0.316558
v -0.749355 0.188635 -0.316558
v -0.743728 0.189247 -0.317229
v -0.74254 0.179542 -0.316464
v -0.74817 0.178928 -0.315795
v -0.749355 0.188635 -0.316558
v -0.760299 0.187395 -0.316257
v -0.761078 0.196064 -0.31674
v -0.750176 0.197224 -0.317042
v -0.74817 0.178928 -0.315795
v -0.759121 0.177682 -0.315499
v -0.760299 0.187395 -0.316257
v -0.749355 0.188635 -0.316558
v -0.759121 0.177682 -0.315499
v -0.773264 0.176095 -0.315403
v -0.774434 0.185817 -0.316156
v -0.760299 0.187395 -0.316257
v -0.760299 0.187395 -0.316257
v -0.774434 0.185817 -0.316156
v -0.77516 0.194604 -0.316639
v -0.761078 0.196064 -0.31674
v -0.761541 0.20272 -0.317016
v -0.761078 0.196064 -0.31674
v -0.77516 0.194604 -0.316639
v -0.775561 0.20153 -0.316919
v -0.750686 0.203703 -0.317316
v -0.750176 0.197224 -0.317042
v -0.761078 0.196064 -0.31674
v -0.761541 0.20272 -0.317016
v -0.750988 0.208011 -0.317472
v -0.750686 0.203703 -0.317316
v -0.761541 0.20272 -0.317016
v -0.761809 0.207205 -0.317175
v -0.761809 0.207205 -0.317175
v -0.761541 0.20272 -0.317016
v -0.775561 0.20153 -0.316919
v -0.775778 0.206285 -0.31708
v -0.761809 0.207205 -0.317175
v -0.775778 0.206285 -0.31708
v -0.775915 0.208962 -0.317166
v -0.761967 0.209766 -0.317264
v -0.750988 0.208011 -0.317472
v -0.761809 0.207205 -0.317175
v -0.761967 0.209766 -0.317264
v -0.751161 0.210496 -0.317562
v -0.761967 0.209766 -0.317264
v -0.775915 0.208962 -0.317166
v -0.775891 0.210669 -0.317041
v -0.761929 0.211462 -0.317147
v -0.751161 0.210496 -0.317562
v -0.761967 0.209766 -0.317264
v -0.761929 0.211462 -0.317147
v -0.751112 0.212186 -0.317453
v -0.750988 0.208011 -0.317472
v -0.751161 0.210496 -0.317562
v -0.745602 0.210883 -0.318226
v -0.745422 0.208432 -0.318135
v -0.751161 0.210496 -0.317562
v -0.751112 0.212186 -0.317453
v -0.745556 0.21257 -0.318128
v -0.745602 0.210883 -0.318226
v -0.745602 0.210883 -0.318226
v -0.745556 0.21257 -0.318128
v -0.743408 0.212689 -0.319273
v -0.74345 0.211003 -0.319366
v -0.745422 0.208432 -0.318135
v -0.745602 0.210883 -0.318226
v -0.74345 0.211003 -0.319366
v -0.743267 0.208561 -0.319276
v -0.745103 0.204201 -0.317983
v -0.745422 0.208432 -0.318135
v -0.743267 0.208561 -0.319276
v -0.742941 0.204349 -0.319127
v -0.750686 0.203703 -0.317316
v -0.750988 0.208011 -0.317472
v -0.745422 0.208432 -0.318135
v -0.745103 0.204201 -0.317983
v -0.750176 0.197224 -0.317042
v -0.750686 0.203703 -0.317316
v -0.745103 0.204201 -0.317983
v -0.74457 0.197801 -0.317712
v -0.74457 0.197801 -0.317712
v -0.745103 0.204201 -0.317983
v -0.742941 0.204349 -0.319127
v -0.7424 0.197969 -0.318862
v -0.745556 0.21257 -0.318128
v -0.745182 0.214394 -0.31768
v -0.743029 0.214513 -0.318847
v -0.743408 0.212689 -0.319273
v -0.751112 0.212186 -0.317453
v -0.750748 0.214005 -0.316978
v -0.745182 0.214394 -0.31768
v -0.745556 0.21257 -0.318128
v -0.750748 0.214005 -0.316978
v -0.750125 0.215762 -0.316003
v -0.744467 0.216163 -0.316759
v -0.745182 0.214394 -0.31768
v -0.745182 0.214394 -0.31768
v -0.744467 0.216163 -0.316759
v -0.742225 0.216288 -0.318003
v -0.743029 0.214513 -0.318847
v -0.749321 0.217076 -0.314506
v -0.743446 0.217499 -0.315342
v -0.744467 0.216163 -0.316759
v -0.750125 0.215762 -0.316003
v -0.743446 0.217499 -0.315342
v -0.740982 0.217636 -0.316737
v -0.742225 0.216288 -0.318003
v -0.744467 0.216163 -0.316759
v -0.742246 0.218362 -0.313761
v -0.739553 0.218513 -0.315301
v -0.740982 0.217636 -0.316737
v -0.743446 0.217499 -0.315342
v -0.74835 0.217915 -0.312853
v -0.742246 0.218362 -0.313761
v -0.743446 0.217499 -0.315342
v -0.749321 0.217076 -0.314506
v -0.760389 0.216295 -0.314117
v -0.749321 0.217076 -0.314506
v -0.750125 0.215762 -0.316003
v -0.761063 0.215006 -0.31565
v -0.759566 0.217107 -0.312433
v -0.74835 0.217915 -0.312853
v -0.749321 0.217076 -0.314506
v -0.760389 0.216295 -0.314117
v -0.773804 0.216228 -0.312271
v -0.759566 0.217107 -0.312433
v -0.760389 0.216295 -0.314117
v -0.774538 0.215442 -0.313968
v -0.774538 0.215442 -0.313968
v -0.760389 0.216295 -0.314117
v -0.761063 0.215006 -0.31565
v -0.775143 0.214176 -0.315516
v -0.788523 0.215584 -0.312155
v -0.773804 0.216228 -0.312271
v -0.774538 0.215442 -0.313968
v -0.789186 0.214818 -0.313863
v -0.789186 0.214818 -0.313863
v -0.774538 0.215442 -0.313968
v -0.775143 0.214176 -0.315516
v -0.789744 0.21357 -0.315425
v -0.803196 0.215182 -0.31204
v -0.788523 0.215584 -0.312155
v -0.789186 0.214818 -0.313863
v -0.803794 0.214431 -0.313758
v -0.803794 0.214431 -0.313758
v -0.789186 0.214818 -0.313863
v -0.789744 0.21357 -0.315425
v -0.804317 0.213197 -0.315336
v -0.817322 0.214964 -0.311872
v -0.803196 0.215182 -0.31204
v -0.803794 0.214431 -0.313758
v -0.817881 0.214224 -0.313589
v -0.817881 0.214224 -0.313589
v -0.803794 0.214431 -0.313758
v -0.804317 0.213197 -0.315336
v -0.818401 0.213 -0.315175
v -0.828517 0.214889 -0.311407
v -0.817322 0.214964 -0.311872
v -0.817881 0.214224 -0.313589
v -0.829178 0.214158 -0.313069
v -0.829178 0.214158 -0.313069
v -0.817881 0.214224 -0.313589
v -0.818401 0.213 -0.315175
v -0.829822 0.212944 -0.31461
v -0.834812 0.214924 -0.310376
v -0.828517 0.214889 -0.311407
v -0.829178 0.214158 -0.313069
v -0.835792 0.214205 -0.311883
v -0.835792 0.214205 -0.311883
v -0.829178 0.214158 -0.313069
v -0.829822 0.212944 -0.31461
v -0.836754 0.213004 -0.313284
v -0.837778 0.215051 -0.30861
v -0.834812 0.214924 -0.310376
v -0.835792 0.214205 -0.311883
v -0.839143 0.214352 -0.309838
v -0.839143 0.214352 -0.309838
v -0.835792 0.214205 -0.311883
v -0.836754 0.213004 -0.313284
v -0.840475 0.213169 -0.310978
v -0.841127 0.214631 -0.306229
v -0.839143 0.214352 -0.309838
v -0.840475 0.213169 -0.310978
v -0.842722 0.213475 -0.306998
v -0.839485 0.215301 -0.305397
v -0.837778 0.215051 -0.30861
v -0.839143 0.214352 -0.309838
v -0.841127 0.214631 -0.306229
v -0.840445 0.215893 -0.297762
v -0.839485 0.215301 -0.305397
v -0.841127 0.214631 -0.306229
v -0.842238 0.215252 -0.298202
v -0.842238 0.215252 -0.298202
v -0.841127 0.214631 -0.306229
v -0.842722 0.213475 -0.306998
v -0.843979 0.214124 -0.298599
v -0.843979 0.214124 -0.298599
v -0.844453 0.21527 -0.283701
v -0.842659 0.216377 -0.283579
v -0.842238 0.215252 -0.298202
v -0.842238 0.215252 -0.298202
v -0.842659 0.216377 -0.283579
v -0.840809 0.216997 -0.28342
v -0.840445 0.215893 -0.297762
v -0.844453 0.21527 -0.283701
v -0.844514 0.216714 -0.264962
v -0.842714 0.217805 -0.265047
v -0.842659 0.216377 -0.283579
v -0.842659 0.216377 -0.283579
v -0.842714 0.217805 -0.265047
v -0.840856 0.218408 -0.265095
v -0.840809 0.216997 -0.28342
v -0.839236 0.218629 -0.265113
v -0.839196 0.217242 -0.283129
v -0.840809 0.216997 -0.28342
v -0.840856 0.218408 -0.265095
v -0.839196 0.217242 -0.283129
v -0.838884 0.216161 -0.297185
v -0.840445 0.215893 -0.297762
v -0.840809 0.216997 -0.28342
v -0.837347 0.217343 -0.282003
v -0.837103 0.21631 -0.295487
v -0.838884 0.216161 -0.297185
v -0.839196 0.217242 -0.283129
v -0.837378 0.218642 -0.265115
v -0.837347 0.217343 -0.282003
v -0.839196 0.217242 -0.283129
v -0.839236 0.218629 -0.265113
v -0.837332 0.21995 -0.248226
v -0.837378 0.218642 -0.265115
v -0.839236 0.218629 -0.265113
v -0.839181 0.220023 -0.247095
v -0.839181 0.220023 -0.247095
v -0.839236 0.218629 -0.265113
v -0.840856 0.218408 -0.265095
v -0.840794 0.219826 -0.246768
v -0.837078 0.220998 -0.234739
v -0.837332 0.21995 -0.248226
v -0.839181 0.220023 -0.247095
v -0.838858 0.221112 -0.233035
v -0.838858 0.221112 -0.233035
v -0.839181 0.220023 -0.247095
v -0.840794 0.219826 -0.246768
v -0.840418 0.220936 -0.232421
v -0.838044 0.221679 -0.22566
v -0.838858 0.221112 -0.233035
v -0.840418 0.220936 -0.232421
v -0.839452 0.221523 -0.224784
v -0.836492 0.22159 -0.227099
v -0.837078 0.220998 -0.234739
v -0.838858 0.221112 -0.233035
v -0.838044 0.221679 -0.22566
v -0.83584 0.221824 -0.224085
v -0.836492 0.22159 -0.227099
v -0.838044 0.221679 -0.22566
v -0.836631 0.2219 -0.222755
v -0.836631 0.2219 -0.222755
v -0.838044 0.221679 -0.22566
v -0.839452 0.221523 -0.224784
v -0.837742 0.221769 -0.221571
v -0.834015 0.222015 -0.221361
v -0.836631 0.2219 -0.222755
v -0.837742 0.221769 -0.221571
v -0.834773 0.221914 -0.219808
v -0.833648 0.221827 -0.224071
v -0.83584 0.221824 -0.224085
v -0.836631 0.2219 -0.222755
v -0.834015 0.222015 -0.221361
v -0.827686 0.221843 -0.224293
v -0.833648 0.221827 -0.224071
v -0.834015 0.222015 -0.221361
v -0.827957 0.222118 -0.220604
v -0.827957 0.222118 -0.220604
v -0.834015 0.222015 -0.221361
v -0.834773 0.221914 -0.219808
v -0.828473 0.222037 -0.218792
v -0.816503 0.221932 -0.224378
v -0.827686 0.221843 -0.224293
v -0.827957 0.222118 -0.220604
v -0.816787 0.222256 -0.220274
v -0.816787 0.222256 -0.220274
v -0.827957 0.222118 -0.220604
v -0.828473 0.222037 -0.218792
v -0.81727 0.222182 -0.218359
v -0.802203 0.222162 -0.224352
v -0.816503 0.221932 -0.224378
v -0.816787 0.222256 -0.220274
v -0.80256 0.2225 -0.220178
v -0.80256 0.2225 -0.220178
v -0.816787 0.222256 -0.220274
v -0.81727 0.222182 -0.218359
v -0.803134 0.222421 -0.218248
v -0.787334 0.222594 -0.224331
v -0.802203 0.222162 -0.224352
v -0.80256 0.2225 -0.220178
v -0.787766 0.222927 -0.220148
v -0.787766 0.222927 -0.220148
v -0.80256 0.2225 -0.220178
v -0.803134 0.222421 -0.218248
v -0.788451 0.222832 -0.21822
v -0.772526 0.223276 -0.224333
v -0.787334 0.222594 -0.224331
v -0.787766 0.222927 -0.220148
v -0.772938 0.223601 -0.220156
v -0.772938 0.223601 -0.220156
v -0.787766 0.222927 -0.220148
v -0.788451 0.222832 -0.21822
v -0.773721 0.223484 -0.218232
v -0.758341 0.22419 -0.224313
v -0.772526 0.223276 -0.224333
v -0.772938 0.223601 -0.220156
v -0.758607 0.224518 -0.220153
v -0.758607 0.224518 -0.220153
v -0.772938 0.223601 -0.220156
v -0.773721 0.223484 -0.218232
v -0.759477 0.224375 -0.218235
v -0.746968 0.225085 -0.22405
v -0.758341 0.22419 -0.224313
v -0.758607 0.224518 -0.220153
v -0.747266 0.225406 -0.219876
v -0.747266 0.225406 -0.219876
v -0.758607 0.224518 -0.220153
v -0.759477 0.224375 -0.218235
v -0.748255 0.225236 -0.217967
v -0.746968 0.225085 -0.22405
v -0.747266 0.225406 -0.219876
v -0.740919 0.226017 -0.219026
v -0.739942 0.225755 -0.223252
v -0.747266 0.225406 -0.219876
v -0.748255 0.225236 -0.217967
v -0.742148 0.225816 -0.217151
v -0.740919 0.226017 -0.219026
v -0.740919 0.226017 -0.219026
v -0.742148 0.225816 -0.217151
v -0.739451 0.226201 -0.215657
v -0.737819 0.226457 -0.217349
v -0.739942 0.225755 -0.223252
v -0.740919 0.226017 -0.219026
v -0.737819 0.226457 -0.217349
v -0.733965 0.226491 -0.221239
v -0.732519 0.225653 -0.231502
v -0.739817 0.224951 -0.231813
v -0.739942 0.225755 -0.223252
v -0.733965 0.226491 -0.221239
v -0.739817 0.224951 -0.231813
v -0.747879 0.224225 -0.232277
v -0.746968 0.225085 -0.22405
v -0.739942 0.225755 -0.223252
v -0.740151 0.223871 -0.242756
v -0.749148 0.223084 -0.242984
v -0.747879 0.224225 -0.232277
v -0.739817 0.224951 -0.231813
v -0.731857 0.224663 -0.242634
v -0.740151 0.223871 -0.242756
v -0.739817 0.224951 -0.231813
v -0.732519 0.225653 -0.231502
v -0.722672 0.225544 -0.242762
v -0.731857 0.224663 -0.242634
v -0.732519 0.225653 -0.231502
v -0.723244 0.226463 -0.232041
v -0.701365 0.224991 -0.277397
v -0.712408 0.223836 -0.277275
v -0.712404 0.224704 -0.265696
v -0.701365 0.22588 -0.265799
v -0.712408 0.223836 -0.277275
v -0.712461 0.223035 -0.288413
v -0.722719 0.222018 -0.28846
v -0.722481 0.222791 -0.277149
v -0.701365 0.22588 -0.265799
v -0.712404 0.224704 -0.265696
v -0.712384 0.225623 -0.254119
v -0.70134 0.226781 -0.2542
v -0.712404 0.224704 -0.265696
v -0.722453 0.223632 -0.265602
v -0.722458 0.224573 -0.254061
v -0.712384 0.225623 -0.254119
v -0.712384 0.225623 -0.254119
v -0.722458 0.224573 -0.254061
v -0.722672 0.225544 -0.242762
v -0.712413 0.22654 -0.242987
v -0.722453 0.223632 -0.265602
v -0.731661 0.222672 -0.265518
v -0.731659 0.223631 -0.254046
v -0.722458 0.224573 -0.254061
v -0.722458 0.224573 -0.254061
v -0.731659 0.223631 -0.254046
v -0.731857 0.224663 -0.242634
v -0.722672 0.225544 -0.242762
v -0.731661 0.222672 -0.265518
v -0.740478 0.221807 -0.265442
v -0.740397 0.222779 -0.254089
v -0.731659 0.223631 -0.254046
v -0.731659 0.223631 -0.254046
v -0.740397 0.222779 -0.254089
v -0.740151 0.223871 -0.242756
v -0.731857 0.224663 -0.242634
v -0.740478 0.221807 -0.265442
v -0.75 0.220984 -0.265369
v -0.749834 0.221958 -0.254156
v -0.740397 0.222779 -0.254089
v -0.740397 0.222779 -0.254089
v -0.749834 0.221958 -0.254156
v -0.749148 0.223084 -0.242984
v -0.740151 0.223871 -0.242756
v -0.749834 0.221958 -0.254156
v -0.75 0.220984 -0.265369
v -0.761221 0.220165 -0.265294
v -0.761032 0.221132 -0.254205
v -0.749148 0.223084 -0.242984
v -0.749834 0.221958 -0.254156
v -0.761032 0.221132 -0.254205
v -0.760347 0.222243 -0.243139
v -0.761032 0.221132 -0.254205
v -0.761221 0.220165 -0.265294
v -0.774095 0.219416 -0.265225
v -0.77392 0.22037 -0.254223
v -0.760347 0.222243 -0.243139
v -0.761032 0.221132 -0.254205
v -0.77392 0.22037 -0.254223
v -0.77345 0.221445 -0.243205
v -0.747879 0.224225 -0.232277
v -0.749148 0.223084 -0.242984
v -0.760347 0.222243 -0.243139
v -0.759169 0.223353 -0.232502
v -0.759169 0.223353 -0.232502
v -0.760347 0.222243 -0.243139
v -0.77345 0.221445 -0.243205
v -0.772825 0.222491 -0.232557
v -0.746968 0.225085 -0.22405
v -0.747879 0.224225 -0.232277
v -0.759169 0.223353 -0.232502
v -0.758341 0.22419 -0.224313
v -0.758341 0.22419 -0.224313
v -0.759169 0.223353 -0.232502
v -0.772825 0.222491 -0.232557
v -0.772526 0.223276 -0.224333
v -0.772825 0.222491 -0.232557
v -0.77345 0.221445 -0.243205
v -0.787721 0.220815 -0.24321
v -0.787383 0.221828 -0.232563
v -0.772526 0.223276 -0.224333
v -0.772825 0.222491 -0.232557
v -0.787383 0.221828 -0.232563
v -0.787334 0.222594 -0.224331
v -0.787383 0.221828 -0.232563
v -0.787721 0.220815 -0.24321
v -0.802471 0.220421 -0.24319
v -0.80222 0.221407 -0.232564
v -0.787334 0.222594 -0.224331
v -0.787383 0.221828 -0.232563
v -0.80222 0.221407 -0.232564
v -0.802203 0.222162 -0.224352
v -0.80222 0.221407 -0.232564
v -0.802471 0.220421 -0.24319
v -0.816668 0.220301 -0.242969
v -0.816502 0.221225 -0.232444
v -0.802203 0.222162 -0.224352
v -0.80222 0.221407 -0.232564
v -0.816502 0.221225 -0.232444
v -0.816503 0.221932 -0.224378
v -0.816502 0.221225 -0.232444
v -0.816668 0.220301 -0.242969
v -0.827864 0.220422 -0.241508
v -0.827708 0.221244 -0.231523
v -0.816503 0.221932 -0.224378
v -0.816502 0.221225 -0.232444
v -0.827708 0.221244 -0.231523
v -0.827686 0.221843 -0.224293
v -0.827708 0.221244 -0.231523
v -0.827864 0.220422 -0.241508
v -0.834136 0.22071 -0.238165
v -0.833816 0.221405 -0.229376
v -0.827686 0.221843 -0.224293
v -0.827708 0.221244 -0.231523
v -0.833816 0.221405 -0.229376
v -0.833648 0.221827 -0.224071
v -0.833816 0.221405 -0.229376
v -0.834136 0.22071 -0.238165
v -0.837078 0.220998 -0.234739
v -0.836492 0.22159 -0.227099
v -0.833648 0.221827 -0.224071
v -0.833816 0.221405 -0.229376
v -0.836492 0.22159 -0.227099
v -0.83584 0.221824 -0.224085
v -0.827864 0.220422 -0.241508
v -0.827983 0.219489 -0.252971
v -0.834298 0.219731 -0.250615
v -0.834136 0.22071 -0.238165
v -0.834136 0.22071 -0.238165
v -0.834298 0.219731 -0.250615
v -0.837332 0.21995 -0.248226
v -0.837078 0.220998 -0.234739
v -0.827983 0.219489 -0.252971
v -0.828026 0.218529 -0.265113
v -0.834333 0.218603 -0.265114
v -0.834298 0.219731 -0.250615
v -0.834298 0.219731 -0.250615
v -0.834333 0.218603 -0.265114
v -0.837378 0.218642 -0.265115
v -0.837332 0.21995 -0.248226
v -0.834333 0.218603 -0.265114
v -0.828026 0.218529 -0.265113
v -0.827994 0.217614 -0.277257
v -0.834311 0.217493 -0.279614
v -0.837378 0.218642 -0.265115
v -0.834333 0.218603 -0.265114
v -0.834311 0.217493 -0.279614
v -0.837347 0.217343 -0.282003
v -0.834311 0.217493 -0.279614
v -0.827994 0.217614 -0.277257
v -0.827886 0.216778 -0.288723
v -0.834159 0.21655 -0.292062
v -0.837347 0.217343 -0.282003
v -0.834311 0.217493 -0.279614
v -0.834159 0.21655 -0.292062
v -0.837103 0.21631 -0.295487
v -0.834159 0.21655 -0.292062
v -0.827886 0.216778 -0.288723
v -0.827738 0.216058 -0.298712
v -0.833847 0.215888 -0.300849
v -0.837103 0.21631 -0.295487
v -0.834159 0.21655 -0.292062
v -0.833847 0.215888 -0.300849
v -0.836524 0.215722 -0.303124
v -0.833847 0.215888 -0.300849
v -0.827738 0.216058 -0.298712
v -0.827724 0.215541 -0.305945
v -0.833683 0.215492 -0.306154
v -0.836524 0.215722 -0.303124
v -0.833847 0.215888 -0.300849
v -0.833683 0.215492 -0.306154
v -0.835875 0.215491 -0.306137
v -0.838076 0.215589 -0.304557
v -0.838884 0.216161 -0.297185
v -0.837103 0.21631 -0.295487
v -0.836524 0.215722 -0.303124
v -0.836666 0.215362 -0.307461
v -0.838076 0.215589 -0.304557
v -0.836524 0.215722 -0.303124
v -0.835875 0.215491 -0.306137
v -0.839485 0.215301 -0.305397
v -0.840445 0.215893 -0.297762
v -0.838884 0.216161 -0.297185
v -0.838076 0.215589 -0.304557
v -0.837778 0.215051 -0.30861
v -0.839485 0.215301 -0.305397
v -0.838076 0.215589 -0.304557
v -0.836666 0.215362 -0.307461
v -0.834052 0.215262 -0.308859
v -0.836666 0.215362 -0.307461
v -0.835875 0.215491 -0.306137
v -0.833683 0.215492 -0.306154
v -0.834812 0.214924 -0.310376
v -0.837778 0.215051 -0.30861
v -0.836666 0.215362 -0.307461
v -0.834052 0.215262 -0.308859
v -0.828517 0.214889 -0.311407
v -0.834812 0.214924 -0.310376
v -0.834052 0.215262 -0.308859
v -0.827997 0.215246 -0.30963
v -0.827997 0.215246 -0.30963
v -0.834052 0.215262 -0.308859
v -0.833683 0.215492 -0.306154
v -0.827724 0.215541 -0.305945
v -0.817322 0.214964 -0.311872
v -0.828517 0.214889 -0.311407
v -0.827997 0.215246 -0.30963
v -0.816835 0.215331 -0.309992
v -0.816835 0.215331 -0.309992
v -0.827997 0.215246 -0.30963
v -0.827724 0.215541 -0.305945
v -0.816545 0.215641 -0.30589
v -0.803196 0.215182 -0.31204
v -0.817322 0.214964 -0.311872
v -0.816835 0.215331 -0.309992
v -0.802616 0.215556 -0.310146
v -0.802616 0.215556 -0.310146
v -0.816835 0.215331 -0.309992
v -0.816545 0.215641 -0.30589
v -0.802253 0.215863 -0.305971
v -0.788523 0.215584 -0.312155
v -0.803196 0.215182 -0.31204
v -0.802616 0.215556 -0.310146
v -0.787832 0.215972 -0.310265
v -0.787832 0.215972 -0.310265
v -0.802616 0.215556 -0.310146
v -0.802253 0.215863 -0.305971
v -0.787392 0.216285 -0.306083
v -0.773804 0.216228 -0.312271
v -0.788523 0.215584 -0.312155
v -0.787832 0.215972 -0.310265
v -0.773013 0.216637 -0.310388
v -0.773013 0.216637 -0.310388
v -0.787832 0.215972 -0.310265
v -0.787392 0.216285 -0.306083
v -0.772593 0.216957 -0.306211
v -0.759566 0.217107 -0.312433
v -0.773804 0.216228 -0.312271
v -0.773013 0.216637 -0.310388
v -0.75869 0.217542 -0.310559
v -0.75869 0.217542 -0.310559
v -0.773013 0.216637 -0.310388
v -0.772593 0.216957 -0.306211
v -0.758414 0.217855 -0.306399
v -0.74835 0.217915 -0.312853
v -0.759566 0.217107 -0.312433
v -0.75869 0.217542 -0.310559
v -0.747354 0.218375 -0.310992
v -0.747354 0.218375 -0.310992
v -0.75869 0.217542 -0.310559
v -0.758414 0.217855 -0.306399
v -0.747046 0.218698 -0.30682
v -0.74835 0.217915 -0.312853
v -0.747354 0.218375 -0.310992
v -0.741011 0.218847 -0.311939
v -0.742246 0.218362 -0.313761
v -0.747354 0.218375 -0.310992
v -0.747046 0.218698 -0.30682
v -0.740024 0.219236 -0.307725
v -0.741011 0.218847 -0.311939
v -0.734053 0.219653 -0.30984
v -0.740024 0.219236 -0.307725
v -0.739882 0.219755 -0.299145
v -0.732586 0.220399 -0.299576
v -0.742246 0.218362 -0.313761
v -0.741011 0.218847 -0.311939
v -0.737915 0.219024 -0.31367
v -0.739553 0.218513 -0.315301
v -0.747941 0.219109 -0.298559
v -0.739882 0.219755 -0.299145
v -0.740024 0.219236 -0.307725
v -0.747046 0.218698 -0.30682
v -0.740195 0.220366 -0.28817
v -0.731903 0.221129 -0.28843
v -0.732586 0.220399 -0.299576
v -0.739882 0.219755 -0.299145
v -0.749189 0.219625 -0.287806
v -0.740195 0.220366 -0.28817
v -0.739882 0.219755 -0.299145
v -0.747941 0.219109 -0.298559
v -0.760385 0.218819 -0.287502
v -0.749189 0.219625 -0.287806
v -0.747941 0.219109 -0.298559
v -0.759227 0.218284 -0.298181
v -0.759227 0.218284 -0.298181
v -0.747941 0.219109 -0.298559
v -0.747046 0.218698 -0.30682
v -0.758414 0.217855 -0.306399
v -0.773484 0.218043 -0.287289
v -0.760385 0.218819 -0.287502
v -0.759227 0.218284 -0.298181
v -0.772877 0.217443 -0.297968
v -0.772877 0.217443 -0.297968
v -0.759227 0.218284 -0.298181
v -0.758414 0.217855 -0.306399
v -0.772593 0.216957 -0.306211
v -0.787751 0.217422 -0.287163
v -0.773484 0.218043 -0.287289
v -0.772877 0.217443 -0.297968
v -0.787429 0.216791 -0.297834
v -0.787429 0.216791 -0.297834
v -0.772877 0.217443 -0.297968
v -0.772593 0.216957 -0.306211
v -0.787392 0.216285 -0.306083
v -0.802498 0.217032 -0.287098
v -0.787751 0.217422 -0.287163
v -0.787429 0.216791 -0.297834
v -0.802259 0.216376 -0.297744
v -0.802259 0.216376 -0.297744
v -0.787429 0.216791 -0.297834
v -0.787392 0.216285 -0.306083
v -0.802253 0.215863 -0.305971
v -0.816691 0.216881 -0.287277
v -0.802498 0.217032 -0.287098
v -0.802259 0.216376 -0.297744
v -0.816535 0.216179 -0.297814
v -0.816535 0.216179 -0.297814
v -0.802259 0.216376 -0.297744
v -0.802253 0.215863 -0.305971
v -0.816545 0.215641 -0.30589
v -0.827886 0.216778 -0.288723
v -0.816691 0.216881 -0.287277
v -0.816535 0.216179 -0.297814
v -0.827738 0.216058 -0.298712
v -0.827738 0.216058 -0.298712
v -0.816535 0.216179 -0.297814
v -0.816545 0.215641 -0.30589
v -0.827724 0.215541 -0.305945
v -0.816861 0.217629 -0.276228
v -0.802764 0.21772 -0.276095
v -0.802498 0.217032 -0.287098
v -0.816691 0.216881 -0.287277
v -0.827994 0.217614 -0.277257
v -0.816861 0.217629 -0.276228
v -0.816691 0.216881 -0.287277
v -0.827886 0.216778 -0.288723
v -0.816935 0.21844 -0.265115
v -0.802885 0.218492 -0.265129
v -0.802764 0.21772 -0.276095
v -0.816861 0.217629 -0.276228
v -0.828026 0.218529 -0.265113
v -0.816935 0.21844 -0.265115
v -0.816861 0.217629 -0.276228
v -0.827994 0.217614 -0.277257
v -0.802885 0.218492 -0.265129
v -0.788229 0.21883 -0.265167
v -0.788084 0.218076 -0.276143
v -0.802764 0.21772 -0.276095
v -0.802764 0.21772 -0.276095
v -0.788084 0.218076 -0.276143
v -0.787751 0.217422 -0.287163
v -0.802498 0.217032 -0.287098
v -0.788229 0.21883 -0.265167
v -0.774095 0.219416 -0.265225
v -0.773937 0.218671 -0.276241
v -0.788084 0.218076 -0.276143
v -0.788084 0.218076 -0.276143
v -0.773937 0.218671 -0.276241
v -0.773484 0.218043 -0.287289
v -0.787751 0.217422 -0.287163
v -0.774095 0.219416 -0.265225
v -0.761221 0.220165 -0.265294
v -0.761051 0.219419 -0.276399
v -0.773937 0.218671 -0.276241
v -0.773937 0.218671 -0.276241
v -0.761051 0.219419 -0.276399
v -0.760385 0.218819 -0.287502
v -0.773484 0.218043 -0.287289
v -0.761221 0.220165 -0.265294
v -0.75 0.220984 -0.265369
v -0.749855 0.220226 -0.276597
v -0.761051 0.219419 -0.276399
v -0.761051 0.219419 -0.276399
v -0.749855 0.220226 -0.276597
v -0.749189 0.219625 -0.287806
v -0.760385 0.218819 -0.287502
v -0.75 0.220984 -0.265369
v -0.740478 0.221807 -0.265442
v -0.740419 0.221025 -0.276808
v -0.749855 0.220226 -0.276597
v -0.749855 0.220226 -0.276597
v -0.740419 0.221025 -0.276808
v -0.740195 0.220366 -0.28817
v -0.749189 0.219625 -0.287806
v -0.740478 0.221807 -0.265442
v -0.731661 0.222672 -0.265518
v -0.731682 0.22186 -0.277
v -0.740419 0.221025 -0.276808
v -0.740419 0.221025 -0.276808
v -0.731682 0.22186 -0.277
v -0.731903 0.221129 -0.28843
v -0.740195 0.220366 -0.28817
v -0.722453 0.223632 -0.265602
v -0.722481 0.222791 -0.277149
v -0.731682 0.22186 -0.277
v -0.731661 0.222672 -0.265518
v -0.722481 0.222791 -0.277149
v -0.722719 0.222018 -0.28846
v -0.731903 0.221129 -0.28843
v -0.731682 0.22186 -0.277
v -0.689757 0.227117 -0.265907
v -0.701365 0.224991 -0.277397
v -0.701365 0.22588 -0.265799
v -0.712404 0.224704 -0.265696
v -0.712408 0.223836 -0.277275
v -0.722481 0.222791 -0.277149
v -0.722453 0.223632 -0.265602
v -0.712408 0.223836 -0.277275
v -0.701365 0.224991 -0.277397
v -0.712461 0.223035 -0.288413
v -0.723312 0.221281 -0.299189
v -0.722719 0.222018 -0.28846
v -0.712461 0.223035 -0.288413
v -0.723312 0.221281 -0.299189
v -0.732586 0.220399 -0.299576
v -0.731903 0.221129 -0.28843
v -0.722719 0.222018 -0.28846
v -0.723383 0.151757 -0.223408
v -0.720229 0.152325 -0.220633
v -0.726445 0.159576 -0.215305
v -0.729695 0.159048 -0.217279
v -0.729695 0.159048 -0.217279
v -0.726445 0.159576 -0.215305
v -0.732308 0.161637 -0.20947
v -0.734873 0.161232 -0.210819
v -0.728734 0.150938 -0.225898
v -0.723383 0.151757 -0.223408
v -0.729695 0.159048 -0.217279
v -0.738704 0.157891 -0.218195
v -0.738704 0.157891 -0.218195
v -0.729695 0.159048 -0.217279
v -0.734873 0.161232 -0.210819
v -0.742034 0.160329 -0.211347
v -0.728734 0.150938 -0.225898
v -0.738704 0.157891 -0.218195
v -0.762066 0.155781 -0.216495
v -0.736703 0.149807 -0.228281
v -0.742034 0.160329 -0.211347
v -0.755313 0.158907 -0.210686
v -0.762066 0.155781 -0.216495
v -0.738704 0.157891 -0.218195
v -0.742038 0.148897 -0.232127
v -0.736703 0.149807 -0.228281
v -0.762066 0.155781 -0.216495
v -0.772151 0.15362 -0.221715
v -0.76612 0.158354 -0.209314
v -0.775961 0.156662 -0.209893
v -0.762066 0.155781 -0.216495
v -0.755313 0.158907 -0.210686
v -0.789648 0.155679 -0.208808
v -0.794601 0.15437 -0.210141
v -0.762066 0.155781 -0.216495
v -0.775961 0.156662 -0.209893
v -0.803879 0.153036 -0.212023
v -0.772151 0.15362 -0.221715
v -0.762066 0.155781 -0.216495
v -0.794601 0.15437 -0.210141
v -0.745128 0.148248 -0.23612
v -0.742038 0.148897 -0.232127
v -0.772151 0.15362 -0.221715
v -0.777658 0.152714 -0.225291
v -0.777658 0.152714 -0.225291
v -0.772151 0.15362 -0.221715
v -0.803879 0.153036 -0.212023
v -0.810653 0.152107 -0.214172
v -0.747 0.147748 -0.240078
v -0.745128 0.148248 -0.23612
v -0.777658 0.152714 -0.225291
v -0.780539 0.152133 -0.228747
v -0.780539 0.152133 -0.228747
v -0.777658 0.152714 -0.225291
v -0.810653 0.152107 -0.214172
v -0.814408 0.151482 -0.216997
v -0.748556 0.14751 -0.244521
v -0.747 0.147748 -0.240078
v -0.780539 0.152133 -0.228747
v -0.782845 0.151635 -0.232936
v -0.782845 0.151635 -0.232936
v -0.780539 0.152133 -0.228747
v -0.814408 0.151482 -0.216997
v -0.816952 0.150895 -0.221244
v -0.752669 0.148698 -0.251074
v -0.748556 0.14751 -0.244521
v -0.782845 0.151635 -0.232936
v -0.788548 0.150937 -0.238474
v -0.788548 0.150937 -0.238474
v -0.782845 0.151635 -0.232936
v -0.816952 0.150895 -0.221244
v -0.819899 0.150023 -0.228753
v -0.819899 0.150023 -0.228753
v -0.822389 0.148805 -0.24114
v -0.799482 0.149782 -0.244088
v -0.788548 0.150937 -0.238474
v -0.752669 0.148698 -0.251074
v -0.788548 0.150937 -0.238474
v -0.799482 0.149782 -0.244088
v -0.783941 0.150407 -0.253224
v -0.816284 0.147919 -0.258189
v -0.783941 0.150407 -0.253224
v -0.799482 0.149782 -0.244088
v -0.822389 0.148805 -0.24114
v -0.752669 0.148698 -0.251074
v -0.783941 0.150407 -0.253224
v -0.768867 0.150986 -0.258855
v -0.745945 0.147103 -0.258843
v -0.816284 0.147919 -0.258189
v -0.783981 0.149677 -0.26396
v -0.768867 0.150986 -0.258855
v -0.783941 0.150407 -0.253224
v -0.752734 0.147631 -0.2666
v -0.745945 0.147103 -0.258843
v -0.768867 0.150986 -0.258855
v -0.783981 0.149677 -0.26396
v -0.752734 0.147631 -0.2666
v -0.783981 0.149677 -0.26396
v -0.799574 0.147841 -0.272542
v -0.788682 0.148205 -0.27854
v -0.816284 0.147919 -0.258189
v -0.822485 0.146425 -0.27518
v -0.799574 0.147841 -0.272542
v -0.783981 0.149677 -0.26396
v -0.820066 0.145895 -0.287705
v -0.788682 0.148205 -0.27854
v -0.799574 0.147841 -0.272542
v -0.822485 0.146425 -0.27518
v -0.836291 0.149846 -0.258785
v -0.836618 0.148464 -0.277572
v -0.822485 0.146425 -0.27518
v -0.816284 0.147919 -0.258189
v -0.836618 0.148464 -0.277572
v -0.835871 0.147457 -0.292532
v -0.820066 0.145895 -0.287705
v -0.822485 0.146425 -0.27518
v -0.841595 0.154101 -0.279117
v -0.841049 0.152951 -0.294596
v -0.835871 0.147457 -0.292532
v -0.836618 0.148464 -0.277572
v -0.841642 0.155591 -0.259823
v -0.841595 0.154101 -0.279117
v -0.836618 0.148464 -0.277572
v -0.836291 0.149846 -0.258785
v -0.836532 0.151237 -0.240007
v -0.836291 0.149846 -0.258785
v -0.816284 0.147919 -0.258189
v -0.822389 0.148805 -0.24114
v -0.841526 0.157098 -0.240533
v -0.841642 0.155591 -0.259823
v -0.836291 0.149846 -0.258785
v -0.836532 0.151237 -0.240007
v -0.840924 0.158351 -0.225071
v -0.841526 0.157098 -0.240533
v -0.836532 0.151237 -0.240007
v -0.835716 0.152437 -0.225084
v -0.835716 0.152437 -0.225084
v -0.836532 0.151237 -0.240007
v -0.822389 0.148805 -0.24114
v -0.819899 0.150023 -0.228753
v -0.839398 0.159184 -0.216103
v -0.840924 0.158351 -0.225071
v -0.835716 0.152437 -0.225084
v -0.834037 0.153251 -0.216398
v -0.834037 0.153251 -0.216398
v -0.835716 0.152437 -0.225084
v -0.819899 0.150023 -0.228753
v -0.816952 0.150895 -0.221244
v -0.836692 0.159774 -0.211658
v -0.839398 0.159184 -0.216103
v -0.834037 0.153251 -0.216398
v -0.831401 0.153841 -0.212029
v -0.831401 0.153841 -0.212029
v -0.834037 0.153251 -0.216398
v -0.816952 0.150895 -0.221244
v -0.814408 0.151482 -0.216997
v -0.827198 0.154462 -0.209469
v -0.831401 0.153841 -0.212029
v -0.814408 0.151482 -0.216997
v -0.810653 0.152107 -0.214172
v -0.832334 0.160375 -0.209096
v -0.836692 0.159774 -0.211658
v -0.831401 0.153841 -0.212029
v -0.827198 0.154462 -0.209469
v -0.824785 0.161192 -0.207761
v -0.832334 0.160375 -0.209096
v -0.827198 0.154462 -0.209469
v -0.819881 0.155328 -0.208058
v -0.819881 0.155328 -0.208058
v -0.827198 0.154462 -0.209469
v -0.810653 0.152107 -0.214172
v -0.803879 0.153036 -0.212023
v -0.808606 0.156577 -0.207557
v -0.819881 0.155328 -0.208058
v -0.803879 0.153036 -0.212023
v -0.794601 0.15437 -0.210141
v -0.812966 0.162357 -0.207426
v -0.824785 0.161192 -0.207761
v -0.819881 0.155328 -0.208058
v -0.808606 0.156577 -0.207557
v -0.798695 0.163754 -0.207619
v -0.812966 0.162357 -0.207426
v -0.808606 0.156577 -0.207557
v -0.795549 0.158039 -0.207624
v -0.795549 0.158039 -0.207624
v -0.808606 0.156577 -0.207557
v -0.794601 0.15437 -0.210141
v -0.789648 0.155679 -0.208808
v -0.781438 0.159503 -0.207982
v -0.795549 0.158039 -0.207624
v -0.789648 0.155679 -0.208808
v -0.775961 0.156662 -0.209893
v -0.784092 0.165234 -0.207895
v -0.798695 0.163754 -0.207619
v -0.795549 0.158039 -0.207624
v -0.781438 0.159503 -0.207982
v -0.76958 0.166774 -0.20816
v -0.784092 0.165234 -0.207895
v -0.781438 0.159503 -0.207982
v -0.767707 0.161077 -0.208194
v -0.767707 0.161077 -0.208194
v -0.781438 0.159503 -0.207982
v -0.775961 0.156662 -0.209893
v -0.76612 0.158354 -0.209314
v -0.755666 0.168318 -0.208367
v -0.76958 0.166774 -0.20816
v -0.767707 0.161077 -0.208194
v -0.754338 0.162521 -0.208525
v -0.754338 0.162521 -0.208525
v -0.767707 0.161077 -0.208194
v -0.76612 0.158354 -0.209314
v -0.755313 0.158907 -0.210686
v -0.7449 0.169562 -0.208309
v -0.755666 0.168318 -0.208367
v -0.754338 0.162521 -0.208525
v -0.743417 0.163777 -0.208565
v -0.743417 0.163777 -0.208565
v -0.754338 0.162521 -0.208525
v -0.755313 0.158907 -0.210686
v -0.742034 0.160329 -0.211347
v -0.743417 0.163777 -0.208565
v -0.742034 0.160329 -0.211347
v -0.734873 0.161232 -0.210819
v -0.737737 0.164491 -0.208041
v -0.7449 0.169562 -0.208309
v -0.743417 0.163777 -0.208565
v -0.737737 0.164491 -0.208041
v -0.739362 0.170255 -0.207773
v -0.737737 0.164491 -0.208041
v -0.734873 0.161232 -0.210819
v -0.732308 0.161637 -0.20947
v -0.735558 0.164838 -0.206933
v -0.739362 0.170255 -0.207773
v -0.737737 0.164491 -0.208041
v -0.735558 0.164838 -0.206933
v -0.737217 0.170601 -0.206686
v -0.7449 0.169562 -0.208309
v -0.739362 0.170255 -0.207773
v -0.740932 0.178506 -0.208009
v -0.74653 0.177804 -0.208557
v -0.739362 0.170255 -0.207773
v -0.737217 0.170601 -0.206686
v -0.738765 0.17886 -0.20691
v -0.740932 0.178506 -0.208009
v -0.740932 0.178506 -0.208009
v -0.738765 0.17886 -0.20691
v -0.740257 0.188513 -0.207364
v -0.742436 0.188155 -0.20847
v -0.74653 0.177804 -0.208557
v -0.740932 0.178506 -0.208009
v -0.742436 0.188155 -0.20847
v -0.748065 0.187443 -0.209024
v -0.755666 0.168318 -0.208367
v -0.7449 0.169562 -0.208309
v -0.74653 0.177804 -0.208557
v -0.757417 0.176546 -0.208627
v -0.757417 0.176546 -0.208627
v -0.74653 0.177804 -0.208557
v -0.748065 0.187443 -0.209024
v -0.75901 0.186168 -0.2091
v -0.76958 0.166774 -0.20816
v -0.755666 0.168318 -0.208367
v -0.757417 0.176546 -0.208627
v -0.771486 0.174989 -0.208436
v -0.771486 0.174989 -0.208436
v -0.757417 0.176546 -0.208627
v -0.75901 0.186168 -0.2091
v -0.773147 0.184586 -0.20892
v -0.784092 0.165234 -0.207895
v -0.76958 0.166774 -0.20816
v -0.771486 0.174989 -0.208436
v -0.786154 0.173442 -0.208195
v -0.786154 0.173442 -0.208195
v -0.771486 0.174989 -0.208436
v -0.773147 0.184586 -0.20892
v -0.787871 0.183012 -0.208695
v -0.798695 0.163754 -0.207619
v -0.784092 0.165234 -0.207895
v -0.786154 0.173442 -0.208195
v -0.800908 0.171964 -0.207949
v -0.800908 0.171964 -0.207949
v -0.786154 0.173442 -0.208195
v -0.787871 0.183012 -0.208695
v -0.802665 0.181506 -0.208471
v -0.815323 0.170578 -0.207788
v -0.800908 0.171964 -0.207949
v -0.802665 0.181506 -0.208471
v -0.817106 0.180094 -0.208333
v -0.812966 0.162357 -0.207426
v -0.798695 0.163754 -0.207619
v -0.800908 0.171964 -0.207949
v -0.815323 0.170578 -0.207788
v -0.824785 0.161192 -0.207761
v -0.812966 0.162357 -0.207426
v -0.815323 0.170578 -0.207788
v -0.82726 0.169426 -0.208155
v -0.82726 0.169426 -0.208155
v -0.815323 0.170578 -0.207788
v -0.817106 0.180094 -0.208333
v -0.829057 0.178921 -0.208723
v -0.832334 0.160375 -0.209096
v -0.824785 0.161192 -0.207761
v -0.82726 0.169426 -0.208155
v -0.834882 0.168617 -0.209521
v -0.834882 0.168617 -0.209521
v -0.82726 0.169426 -0.208155
v -0.829057 0.178921 -0.208723
v -0.836685 0.178099 -0.210107
v -0.836692 0.159774 -0.211658
v -0.832334 0.160375 -0.209096
v -0.834882 0.168617 -0.209521
v -0.839281 0.168018 -0.212117
v -0.839281 0.168018 -0.212117
v -0.834882 0.168617 -0.209521
v -0.836685 0.178099 -0.210107
v -0.841086 0.177492 -0.212719
v -0.842011 0.167423 -0.216609
v -0.839281 0.168018 -0.212117
v -0.841086 0.177492 -0.212719
v -0.843816 0.176891 -0.217233
v -0.839398 0.159184 -0.216103
v -0.836692 0.159774 -0.211658
v -0.839281 0.168018 -0.212117
v -0.842011 0.167423 -0.216609
v -0.840924 0.158351 -0.225071
v -0.839398 0.159184 -0.216103
v -0.842011 0.167423 -0.216609
v -0.84355 0.166572 -0.225662
v -0.84355 0.166572 -0.225662
v -0.842011 0.167423 -0.216609
v -0.843816 0.176891 -0.217233
v -0.845354 0.176032 -0.226321
v -0.841526 0.157098 -0.240533
v -0.840924 0.158351 -0.225071
v -0.84355 0.166572 -0.225662
v -0.844152 0.165282 -0.241266
v -0.844152 0.165282 -0.241266
v -0.84355 0.166572 -0.225662
v -0.845354 0.176032 -0.226321
v -0.845955 0.174732 -0.241982
v -0.841642 0.155591 -0.259823
v -0.841526 0.157098 -0.240533
v -0.844152 0.165282 -0.241266
v -0.844263 0.163729 -0.260731
v -0.844263 0.163729 -0.260731
v -0.844152 0.165282 -0.241266
v -0.845955 0.174732 -0.241982
v -0.846063 0.173168 -0.261519
v -0.844209 0.162192 -0.280201
v -0.844263 0.163729 -0.260731
v -0.846063 0.173168 -0.261519
v -0.846006 0.171619 -0.281059
v -0.841595 0.154101 -0.279117
v -0.841642 0.155591 -0.259823
v -0.844263 0.163729 -0.260731
v -0.844209 0.162192 -0.280201
v -0.841049 0.152951 -0.294596
v -0.841595 0.154101 -0.279117
v -0.844209 0.162192 -0.280201
v -0.843652 0.161003 -0.295819
v -0.843652 0.161003 -0.295819
v -0.844209 0.162192 -0.280201
v -0.846006 0.171619 -0.281059
v -0.845446 0.170423 -0.296734
v -0.839554 0.152388 -0.303598
v -0.841049 0.152951 -0.294596
v -0.843652 0.161003 -0.295819
v -0.842139 0.160414 -0.3049
v -0.842139 0.160414 -0.3049
v -0.843652 0.161003 -0.295819
v -0.845446 0.170423 -0.296734
v -0.843931 0.169831 -0.305849
v -0.836864 0.152283 -0.308102
v -0.839554 0.152388 -0.303598
v -0.842139 0.160414 -0.3049
v -0.839421 0.160292 -0.30944
v -0.839421 0.160292 -0.30944
v -0.842139 0.160414 -0.3049
v -0.843931 0.169831 -0.305849
v -0.841212 0.169709 -0.310408
v -0.832514 0.152479 -0.310755
v -0.836864 0.152283 -0.308102
v -0.839421 0.160292 -0.30944
v -0.835029 0.160472 -0.31211
v -0.835029 0.160472 -0.31211
v -0.839421 0.160292 -0.30944
v -0.841212 0.169709 -0.310408
v -0.836818 0.169894 -0.313093
v -0.824969 0.153076 -0.312251
v -0.832514 0.152479 -0.310755
v -0.835029 0.160472 -0.31211
v -0.827409 0.161052 -0.313607
v -0.827409 0.161052 -0.313607
v -0.835029 0.160472 -0.31211
v -0.836818 0.169894 -0.313093
v -0.829191 0.170484 -0.314604
v -0.81547 0.162128 -0.314182
v -0.827409 0.161052 -0.313607
v -0.829191 0.170484 -0.314604
v -0.817239 0.171577 -0.315195
v -0.813147 0.154169 -0.312839
v -0.824969 0.153076 -0.312251
v -0.827409 0.161052 -0.313607
v -0.81547 0.162128 -0.314182
v -0.79887 0.155571 -0.312958
v -0.813147 0.154169 -0.312839
v -0.81547 0.162128 -0.314182
v -0.801049 0.163518 -0.314278
v -0.801049 0.163518 -0.314278
v -0.81547 0.162128 -0.314182
v -0.817239 0.171577 -0.315195
v -0.802794 0.172989 -0.315308
v -0.784259 0.157069 -0.313009
v -0.79887 0.155571 -0.312958
v -0.801049 0.163518 -0.314278
v -0.786288 0.165013 -0.314306
v -0.786288 0.165013 -0.314306
v -0.801049 0.163518 -0.314278
v -0.802794 0.172989 -0.315308
v -0.787994 0.174508 -0.31535
v -0.769739 0.158624 -0.313078
v -0.784259 0.157069 -0.313009
v -0.786288 0.165013 -0.314306
v -0.771612 0.166575 -0.314348
v -0.771612 0.166575 -0.314348
v -0.786288 0.165013 -0.314306
v -0.787994 0.174508 -0.31535
v -0.773264 0.176095 -0.315403
v -0.757536 0.168139 -0.314439
v -0.771612 0.166575 -0.314348
v -0.773264 0.176095 -0.315403
v -0.759121 0.177682 -0.315499
v -0.755817 0.160175 -0.313197
v -0.769739 0.158624 -0.313078
v -0.771612 0.166575 -0.314348
v -0.757536 0.168139 -0.314439
v -0.745045 0.16139 -0.313512
v -0.755817 0.160175 -0.313197
v -0.757536 0.168139 -0.314439
v -0.746643 0.169368 -0.314732
v -0.746643 0.169368 -0.314732
v -0.757536 0.168139 -0.314439
v -0.759121 0.177682 -0.315499
v -0.74817 0.178928 -0.315795
v -0.74817 0.178928 -0.315795
v -0.74254 0.179542 -0.316464
v -0.741043 0.169974 -0.315397
v -0.746643 0.169368 -0.314732
v -0.746643 0.169368 -0.314732
v -0.741043 0.169974 -0.315397
v -0.739506 0.161989 -0.314183
v -0.745045 0.16139 -0.313512
v -0.74254 0.179542 -0.316464
v -0.740362 0.179719 -0.317618
v -0.738877 0.17015 -0.316544
v -0.741043 0.169974 -0.315397
v -0.741043 0.169974 -0.315397
v -0.738877 0.17015 -0.316544
v -0.737363 0.162163 -0.315324
v -0.739506 0.161989 -0.314183
v -0.737949 0.156778 -0.312638
v -0.739506 0.161989 -0.314183
v -0.737363 0.162163 -0.315324
v -0.735775 0.156957 -0.313816
v -0.743629 0.156154 -0.311931
v -0.745045 0.16139 -0.313512
v -0.739506 0.161989 -0.314183
v -0.737949 0.156778 -0.312638
v -0.742315 0.153563 -0.308222
v -0.743629 0.156154 -0.311931
v -0.737949 0.156778 -0.312638
v -0.735162 0.154371 -0.309043
v -0.735162 0.154371 -0.309043
v -0.737949 0.156778 -0.312638
v -0.735775 0.156957 -0.313816
v -0.732608 0.154582 -0.310493
v -0.726811 0.15349 -0.304372
v -0.730038 0.153242 -0.302262
v -0.735162 0.154371 -0.309043
v -0.732608 0.154582 -0.310493
v -0.730038 0.153242 -0.302262
v -0.739025 0.15224 -0.30095
v -0.742315 0.153563 -0.308222
v -0.735162 0.154371 -0.309043
v -0.723735 0.146735 -0.295136
v -0.729053 0.146288 -0.292422
v -0.739025 0.15224 -0.30095
v -0.730038 0.153242 -0.302262
v -0.720612 0.146903 -0.298033
v -0.723735 0.146735 -0.295136
v -0.730038 0.153242 -0.302262
v -0.726811 0.15349 -0.304372
v -0.723735 0.146735 -0.295136
v -0.720612 0.146903 -0.298033
v -0.716334 0.129214 -0.294102
v -0.719314 0.129123 -0.290848
v -0.719314 0.129123 -0.290848
v -0.716334 0.129214 -0.294102
v -0.713381 0.104734 -0.291799
v -0.71635 0.104696 -0.288502
v -0.729053 0.146288 -0.292422
v -0.723735 0.146735 -0.295136
v -0.719314 0.129123 -0.290848
v -0.722311 0.129042 -0.287404
v -0.722311 0.129042 -0.287404
v -0.719314 0.129123 -0.290848
v -0.71635 0.104696 -0.288502
v -0.719025 0.104708 -0.28496
v -0.736988 0.145522 -0.289692
v -0.729053 0.146288 -0.292422
v -0.722311 0.129042 -0.287404
v -0.725358 0.128967 -0.283769
v -0.725358 0.128967 -0.283769
v -0.722311 0.129042 -0.287404
v -0.719025 0.104708 -0.28496
v -0.721382 0.104771 -0.2812
v -0.742286 0.145168 -0.285615
v -0.736988 0.145522 -0.289692
v -0.725358 0.128967 -0.283769
v -0.727784 0.128987 -0.279801
v -0.727784 0.128987 -0.279801
v -0.725358 0.128967 -0.283769
v -0.721382 0.104771 -0.2812
v -0.723406 0.104884 -0.277251
v -0.745337 0.145089 -0.281492
v -0.742286 0.145168 -0.285615
v -0.727784 0.128987 -0.279801
v -0.729623 0.129086 -0.27569
v -0.729623 0.129086 -0.27569
v -0.727784 0.128987 -0.279801
v -0.723406 0.104884 -0.277251
v -0.725081 0.105045 -0.273144
v -0.747168 0.145151 -0.277459
v -0.745337 0.145089 -0.281492
v -0.729623 0.129086 -0.27569
v -0.730993 0.129246 -0.271479
v -0.730993 0.129246 -0.271479
v -0.729623 0.129086 -0.27569
v -0.725081 0.105045 -0.273144
v -0.726393 0.105254 -0.268909
v -0.748679 0.145538 -0.272993
v -0.747168 0.145151 -0.277459
v -0.730993 0.129246 -0.271479
v -0.73201 0.129522 -0.26711
v -0.73201 0.129522 -0.26711
v -0.730993 0.129246 -0.271479
v -0.726393 0.105254 -0.268909
v -0.727333 0.10551 -0.264578
v -0.752734 0.147631 -0.2666
v -0.748679 0.145538 -0.272993
v -0.73201 0.129522 -0.26711
v -0.732617 0.129992 -0.262449
v -0.732617 0.129992 -0.262449
v -0.73201 0.129522 -0.26711
v -0.727333 0.10551 -0.264578
v -0.727893 0.105809 -0.260185
v -0.745945 0.147103 -0.258843
v -0.752734 0.147631 -0.2666
v -0.732617 0.129992 -0.262449
v -0.732341 0.130253 -0.25766
v -0.732341 0.130253 -0.25766
v -0.732617 0.129992 -0.262449
v -0.727893 0.105809 -0.260185
v -0.72807 0.106151 -0.255763
v -0.752669 0.148698 -0.251074
v -0.745945 0.147103 -0.258843
v -0.732341 0.130253 -0.25766
v -0.732573 0.130705 -0.252877
v -0.732573 0.130705 -0.252877
v -0.732341 0.130253 -0.25766
v -0.72807 0.106151 -0.255763
v -0.727862 0.106532 -0.251346
v -0.748556 0.14751 -0.244521
v -0.752669 0.148698 -0.251074
v -0.732573 0.130705 -0.252877
v -0.731923 0.130933 -0.248206
v -0.731923 0.130933 -0.248206
v -0.732573 0.130705 -0.252877
v -0.727862 0.106532 -0.251346
v -0.72727 0.106949 -0.246966
v -0.747 0.147748 -0.240078
v -0.748556 0.14751 -0.244521
v -0.731923 0.130933 -0.248206
v -0.730867 0.131312 -0.243861
v -0.730867 0.131312 -0.243861
v -0.731923 0.130933 -0.248206
v -0.72727 0.106949 -0.246966
v -0.7263 0.107399 -0.242659
v -0.745128 0.148248 -0.23612
v -0.747 0.147748 -0.240078
v -0.730867 0.131312 -0.243861
v -0.729457 0.131781 -0.239696
v -0.729457 0.131781 -0.239696
v -0.730867 0.131312 -0.243861
v -0.7263 0.107399 -0.242659
v -0.724958 0.107879 -0.238456
v -0.742038 0.148897 -0.232127
v -0.745128 0.148248 -0.23612
v -0.729457 0.131781 -0.239696
v -0.72758 0.132295 -0.235647
v -0.72758 0.132295 -0.235647
v -0.729457 0.131781 -0.239696
v -0.724958 0.107879 -0.238456
v -0.723255 0.108386 -0.234389
v -0.725118 0.132865 -0.231764
v -0.72758 0.132295 -0.235647
v -0.723255 0.108386 -0.234389
v -0.721203 0.108915 -0.230489
v -0.736703 0.149807 -0.228281
v -0.742038 0.148897 -0.232127
v -0.72758 0.132295 -0.235647
v -0.725118 0.132865 -0.231764
v -0.728734 0.150938 -0.225898
v -0.736703 0.149807 -0.228281
v -0.725118 0.132865 -0.231764
v -0.722036 0.133481 -0.228237
v -0.722036 0.133481 -0.228237
v -0.725118 0.132865 -0.231764
v -0.721203 0.108915 -0.230489
v -0.718819 0.109462 -0.226787
v -0.723383 0.151757 -0.223408
v -0.728734 0.150938 -0.225898
v -0.722036 0.133481 -0.228237
v -0.719007 0.134074 -0.224895
v -0.719007 0.134074 -0.224895
v -0.722036 0.133481 -0.228237
v -0.718819 0.109462 -0.226787
v -0.71612 0.110023 -0.223309
v -0.720229 0.152325 -0.220633
v -0.723383 0.151757 -0.223408
v -0.719007 0.134074 -0.224895
v -0.715997 0.134647 -0.221738
v -0.715997 0.134647 -0.221738
v -0.719007 0.134074 -0.224895
v -0.71612 0.110023 -0.223309
v -0.713127 0.110594 -0.220083
v -0.748679 0.145538 -0.272993
v -0.752734 0.147631 -0.2666
v -0.788682 0.148205 -0.27854
v -0.783023 0.148131 -0.284278
v -0.747168 0.145151 -0.277459
v -0.748679 0.145538 -0.272993
v -0.783023 0.148131 -0.284278
v -0.780754 0.14805 -0.288558
v -0.783023 0.148131 -0.284278
v -0.788682 0.148205 -0.27854
v -0.820066 0.145895 -0.287705
v -0.817164 0.145706 -0.295342
v -0.780754 0.14805 -0.288558
v -0.783023 0.148131 -0.284278
v -0.817164 0.145706 -0.295342
v -0.814648 0.145693 -0.299691
v -0.745337 0.145089 -0.281492
v -0.747168 0.145151 -0.277459
v -0.780754 0.14805 -0.288558
v -0.777906 0.14815 -0.292138
v -0.777906 0.14815 -0.292138
v -0.780754 0.14805 -0.288558
v -0.814648 0.145693 -0.299691
v -0.810913 0.145916 -0.302665
v -0.742286 0.145168 -0.285615
v -0.745337 0.145089 -0.281492
v -0.777906 0.14815 -0.292138
v -0.772427 0.148551 -0.29596
v -0.772427 0.148551 -0.29596
v -0.777906 0.14815 -0.292138
v -0.810913 0.145916 -0.302665
v -0.804153 0.146529 -0.305088
v -0.742286 0.145168 -0.285615
v -0.772427 0.148551 -0.29596
v -0.762365 0.149958 -0.301743
v -0.736988 0.145522 -0.289692
v -0.804153 0.146529 -0.305088
v -0.79488 0.14756 -0.307402
v -0.762365 0.149958 -0.301743
v -0.772427 0.148551 -0.29596
v -0.729053 0.146288 -0.292422
v -0.736988 0.145522 -0.289692
v -0.762365 0.149958 -0.301743
v -0.739025 0.15224 -0.30095
v -0.789916 0.148572 -0.309191
v -0.776235 0.149749 -0.308426
v -0.762365 0.149958 -0.301743
v -0.79488 0.14756 -0.307402
v -0.766382 0.151257 -0.309564
v -0.755586 0.152068 -0.308384
v -0.762365 0.149958 -0.301743
v -0.776235 0.149749 -0.308426
v -0.742315 0.153563 -0.308222
v -0.739025 0.15224 -0.30095
v -0.762365 0.149958 -0.301743
v -0.755586 0.152068 -0.308384
v -0.754551 0.154915 -0.311629
v -0.755586 0.152068 -0.308384
v -0.766382 0.151257 -0.309564
v -0.767924 0.153442 -0.311566
v -0.743629 0.156154 -0.311931
v -0.742315 0.153563 -0.308222
v -0.755586 0.152068 -0.308384
v -0.754551 0.154915 -0.311629
v -0.745045 0.16139 -0.313512
v -0.743629 0.156154 -0.311931
v -0.754551 0.154915 -0.311629
v -0.755817 0.160175 -0.313197
v -0.755817 0.160175 -0.313197
v -0.754551 0.154915 -0.311629
v -0.767924 0.153442 -0.311566
v -0.769739 0.158624 -0.313078
v -0.767924 0.153442 -0.311566
v -0.766382 0.151257 -0.309564
v -0.776235 0.149749 -0.308426
v -0.781662 0.151875 -0.311332
v -0.769739 0.158624 -0.313078
v -0.767924 0.153442 -0.311566
v -0.781662 0.151875 -0.311332
v -0.784259 0.157069 -0.313009
v -0.781662 0.151875 -0.311332
v -0.776235 0.149749 -0.308426
v -0.789916 0.148572 -0.309191
v -0.795778 0.150382 -0.311271
v -0.784259 0.157069 -0.313009
v -0.781662 0.151875 -0.311332
v -0.795778 0.150382 -0.311271
v -0.79887 0.155571 -0.312958
v -0.79887 0.155571 -0.312958
v -0.795778 0.150382 -0.311271
v -0.80884 0.14895 -0.310906
v -0.813147 0.154169 -0.312839
v -0.795778 0.150382 -0.311271
v -0.789916 0.148572 -0.309191
v -0.79488 0.14756 -0.307402
v -0.80884 0.14895 -0.310906
v -0.80884 0.14895 -0.310906
v -0.79488 0.14756 -0.307402
v -0.804153 0.146529 -0.305088
v -0.820115 0.147802 -0.310046
v -0.813147 0.154169 -0.312839
v -0.80884 0.14895 -0.310906
v -0.820115 0.147802 -0.310046
v -0.824969 0.153076 -0.312251
v -0.824969 0.153076 -0.312251
v -0.820115 0.147802 -0.310046
v -0.827426 0.147158 -0.30841
v -0.832514 0.152479 -0.310755
v -0.820115 0.147802 -0.310046
v -0.804153 0.146529 -0.305088
v -0.810913 0.145916 -0.302665
v -0.827426 0.147158 -0.30841
v -0.827426 0.147158 -0.30841
v -0.810913 0.145916 -0.302665
v -0.814648 0.145693 -0.299691
v -0.831617 0.146924 -0.305723
v -0.832514 0.152479 -0.310755
v -0.827426 0.147158 -0.30841
v -0.831617 0.146924 -0.305723
v -0.836864 0.152283 -0.308102
v -0.831617 0.146924 -0.305723
v -0.814648 0.145693 -0.299691
v -0.817164 0.145706 -0.295342
v -0.834233 0.146984 -0.301273
v -0.836864 0.152283 -0.308102
v -0.831617 0.146924 -0.305723
v -0.834233 0.146984 -0.301273
v -0.839554 0.152388 -0.303598
v -0.834233 0.146984 -0.301273
v -0.817164 0.145706 -0.295342
v -0.820066 0.145895 -0.287705
v -0.835871 0.147457 -0.292532
v -0.839554 0.152388 -0.303598
v -0.834233 0.146984 -0.301273
v -0.835871 0.147457 -0.292532
v -0.841049 0.152951 -0.294596
v -0.773264 0.176095 -0.315403
v -0.787994 0.174508 -0.31535
v -0.789157 0.184241 -0.3161
v -0.774434 0.185817 -0.316156
v -0.787994 0.174508 -0.31535
v -0.802794 0.172989 -0.315308
v -0.803951 0.182733 -0.316056
v -0.789157 0.184241 -0.3161
v -0.789157 0.184241 -0.3161
v -0.803951 0.182733 -0.316056
v -0.804584 0.191841 -0.316554
v -0.789835 0.193178 -0.316588
v -0.774434 0.185817 -0.316156
v -0.789157 0.184241 -0.3161
v -0.789835 0.193178 -0.316588
v -0.77516 0.194604 -0.316639
v -0.790165 0.200447 -0.316873
v -0.789835 0.193178 -0.316588
v -0.804584 0.191841 -0.316554
v -0.804827 0.199506 -0.316846
v -0.775561 0.20153 -0.316919
v -0.77516 0.194604 -0.316639
v -0.789835 0.193178 -0.316588
v -0.790165 0.200447 -0.316873
v -0.775778 0.206285 -0.31708
v -0.775561 0.20153 -0.316919
v -0.790165 0.200447 -0.316873
v -0.790316 0.205543 -0.317037
v -0.790316 0.205543 -0.317037
v -0.790165 0.200447 -0.316873
v -0.804827 0.199506 -0.316846
v -0.804892 0.204999 -0.317009
v -0.790316 0.205543 -0.317037
v -0.804892 0.204999 -0.317009
v -0.804945 0.207998 -0.317084
v -0.790419 0.20837 -0.317119
v -0.775778 0.206285 -0.31708
v -0.790316 0.205543 -0.317037
v -0.790419 0.20837 -0.317119
v -0.775915 0.208962 -0.317166
v -0.790419 0.20837 -0.317119
v -0.804945 0.207998 -0.317084
v -0.804917 0.209742 -0.316935
v -0.7904 0.210093 -0.316983
v -0.775915 0.208962 -0.317166
v -0.790419 0.20837 -0.317119
v -0.7904 0.210093 -0.316983
v -0.775891 0.210669 -0.317041
v -0.790166 0.211871 -0.31646
v -0.775617 0.21246 -0.316534
v -0.775891 0.210669 -0.317041
v -0.7904 0.210093 -0.316983
v -0.804705 0.211511 -0.316392
v -0.790166 0.211871 -0.31646
v -0.7904 0.210093 -0.316983
v -0.804917 0.209742 -0.316935
v -0.789744 0.21357 -0.315425
v -0.775143 0.214176 -0.315516
v -0.775617 0.21246 -0.316534
v -0.790166 0.211871 -0.31646
v -0.804317 0.213197 -0.315336
v -0.789744 0.21357 -0.315425
v -0.790166 0.211871 -0.31646
v -0.804705 0.211511 -0.316392
v -0.818401 0.213 -0.315175
v -0.804317 0.213197 -0.315336
v -0.804705 0.211511 -0.316392
v -0.818788 0.211324 -0.316247
v -0.818788 0.211324 -0.316247
v -0.804705 0.211511 -0.316392
v -0.804917 0.209742 -0.316935
v -0.819006 0.209562 -0.31681
v -0.829822 0.212944 -0.31461
v -0.818401 0.213 -0.315175
v -0.818788 0.211324 -0.316247
v -0.830306 0.211276 -0.315663
v -0.830306 0.211276 -0.315663
v -0.818788 0.211324 -0.316247
v -0.819006 0.209562 -0.31681
v -0.830592 0.20952 -0.316223
v -0.836754 0.213004 -0.313284
v -0.829822 0.212944 -0.31461
v -0.830306 0.211276 -0.315663
v -0.837477 0.211345 -0.314244
v -0.837477 0.211345 -0.314244
v -0.830306 0.211276 -0.315663
v -0.830592 0.20952 -0.316223
v -0.837912 0.209595 -0.314758
v -0.840475 0.213169 -0.310978
v -0.836754 0.213004 -0.313284
v -0.837477 0.211345 -0.314244
v -0.841471 0.211524 -0.311758
v -0.841471 0.211524 -0.311758
v -0.837477 0.211345 -0.314244
v -0.837912 0.209595 -0.314758
v -0.842075 0.209782 -0.312174
v -0.843914 0.211849 -0.307518
v -0.841471 0.211524 -0.311758
v -0.842075 0.209782 -0.312174
v -0.844637 0.210118 -0.307786
v -0.842722 0.213475 -0.306998
v -0.840475 0.213169 -0.310978
v -0.841471 0.211524 -0.311758
v -0.843914 0.211849 -0.307518
v -0.843979 0.214124 -0.298599
v -0.842722 0.213475 -0.306998
v -0.843914 0.211849 -0.307518
v -0.845278 0.212518 -0.29885
v -0.845278 0.212518 -0.29885
v -0.843914 0.211849 -0.307518
v -0.844637 0.210118 -0.307786
v -0.846066 0.210799 -0.29896
v -0.846066 0.210799 -0.29896
v -0.846599 0.211971 -0.283725
v -0.84579 0.21368 -0.283745
v -0.845278 0.212518 -0.29885
v -0.845278 0.212518 -0.29885
v -0.84579 0.21368 -0.283745
v -0.844453 0.21527 -0.283701
v -0.843979 0.214124 -0.298599
v -0.846599 0.211971 -0.283725
v -0.846663 0.213435 -0.264709
v -0.845853 0.215136 -0.26484
v -0.84579 0.21368 -0.283745
v -0.84579 0.21368 -0.283745
v -0.845853 0.215136 -0.26484
v -0.844514 0.216714 -0.264962
v -0.844453 0.21527 -0.283701
v -0.846663 0.213435 -0.264709
v -0.846571 0.214904 -0.245693
v -0.845768 0.216597 -0.245934
v -0.845853 0.215136 -0.26484
v -0.845853 0.215136 -0.26484
v -0.845768 0.216597 -0.245934
v -0.844436 0.218162 -0.246221
v -0.844514 0.216714 -0.264962
v -0.846571 0.214904 -0.245693
v -0.846015 0.216083 -0.230456
v -0.845238 0.217766 -0.230826
v -0.845768 0.216597 -0.245934
v -0.845768 0.216597 -0.245934
v -0.845238 0.217766 -0.230826
v -0.843948 0.219315 -0.23132
v -0.844436 0.218162 -0.246221
v -0.844436 0.218162 -0.246221
v -0.843948 0.219315 -0.23132
v -0.842211 0.22037 -0.231886
v -0.842644 0.219238 -0.246514
v -0.844514 0.216714 -0.264962
v -0.844436 0.218162 -0.246221
v -0.842644 0.219238 -0.246514
v -0.842714 0.217805 -0.265047
v -0.842644 0.219238 -0.246514
v -0.842211 0.22037 -0.231886
v -0.840418 0.220936 -0.232421
v -0.840794 0.219826 -0.246768
v -0.842714 0.217805 -0.265047
v -0.842644 0.219238 -0.246514
v -0.840794 0.219826 -0.246768
v -0.840856 0.218408 -0.265095
v -0.842211 0.22037 -0.231886
v -0.841092 0.220988 -0.223856
v -0.839452 0.221523 -0.224784
v -0.840418 0.220936 -0.232421
v -0.843948 0.219315 -0.23132
v -0.842683 0.219964 -0.222918
v -0.841092 0.220988 -0.223856
v -0.842211 0.22037 -0.231886
v -0.842683 0.219964 -0.222918
v -0.84043 0.220272 -0.218939
v -0.839105 0.221266 -0.220248
v -0.841092 0.220988 -0.223856
v -0.841092 0.220988 -0.223856
v -0.839105 0.221266 -0.220248
v -0.837742 0.221769 -0.221571
v -0.839452 0.221523 -0.224784
v -0.839105 0.221266 -0.220248
v -0.83575 0.221435 -0.218207
v -0.834773 0.221914 -0.219808
v -0.837742 0.221769 -0.221571
v -0.84043 0.220272 -0.218939
v -0.836704 0.220462 -0.216639
v -0.83575 0.221435 -0.218207
v -0.839105 0.221266 -0.220248
v -0.836704 0.220462 -0.216639
v -0.829763 0.220605 -0.215328
v -0.829129 0.221569 -0.217036
v -0.83575 0.221435 -0.218207
v -0.83575 0.221435 -0.218207
v -0.829129 0.221569 -0.217036
v -0.828473 0.222037 -0.218792
v -0.834773 0.221914 -0.219808
v -0.829763 0.220605 -0.215328
v -0.81833 0.220745 -0.214797
v -0.817822 0.221712 -0.216549
v -0.829129 0.221569 -0.217036
v -0.829129 0.221569 -0.217036
v -0.817822 0.221712 -0.216549
v -0.81727 0.222182 -0.218359
v -0.828473 0.222037 -0.218792
v -0.81833 0.220745 -0.214797
v -0.804234 0.220962 -0.214691
v -0.803723 0.221941 -0.216437
v -0.817822 0.221712 -0.216549
v -0.817822 0.221712 -0.216549
v -0.803723 0.221941 -0.216437
v -0.803134 0.222421 -0.218248
v -0.81727 0.222182 -0.218359
v -0.804234 0.220962 -0.214691
v -0.789651 0.221342 -0.214686
v -0.789104 0.222336 -0.216417
v -0.803723 0.221941 -0.216437
v -0.803723 0.221941 -0.216437
v -0.789104 0.222336 -0.216417
v -0.788451 0.222832 -0.21822
v -0.803134 0.222421 -0.218248
v -0.789651 0.221342 -0.214686
v -0.775042 0.221951 -0.214716
v -0.774447 0.222967 -0.216437
v -0.789104 0.222336 -0.216417
v -0.789104 0.222336 -0.216417
v -0.774447 0.222967 -0.216437
v -0.773721 0.223484 -0.218232
v -0.788451 0.222832 -0.21822
v -0.775042 0.221951 -0.214716
v -0.760957 0.222789 -0.214738
v -0.760292 0.22383 -0.216448
v -0.774447 0.222967 -0.216437
v -0.774447 0.222967 -0.216437
v -0.760292 0.22383 -0.216448
v -0.759477 0.224375 -0.218235
v -0.773721 0.223484 -0.218232
v -0.760957 0.222789 -0.214738
v -0.750016 0.223589 -0.214528
v -0.749219 0.224659 -0.216206
v -0.760292 0.22383 -0.216448
v -0.760292 0.22383 -0.216448
v -0.749219 0.224659 -0.216206
v -0.748255 0.225236 -0.217967
v -0.759477 0.224375 -0.218235
v -0.748255 0.225236 -0.217967
v -0.749219 0.224659 -0.216206
v -0.743342 0.225204 -0.215457
v -0.742148 0.225816 -0.217151
v -0.749219 0.224659 -0.216206
v -0.750016 0.223589 -0.214528
v -0.744355 0.2241 -0.213854
v -0.743342 0.225204 -0.215457
v -0.743342 0.225204 -0.215457
v -0.744355 0.2241 -0.213854
v -0.74211 0.224414 -0.212649
v -0.740874 0.225554 -0.214105
v -0.742148 0.225816 -0.217151
v -0.743342 0.225204 -0.215457
v -0.740874 0.225554 -0.214105
v -0.739451 0.226201 -0.215657
v -0.743622 0.197857 -0.209235
v -0.741443 0.198214 -0.208128
v -0.742287 0.206686 -0.208995
v -0.744459 0.206339 -0.2101
v -0.742436 0.188155 -0.20847
v -0.740257 0.188513 -0.207364
v -0.741443 0.198214 -0.208128
v -0.743622 0.197857 -0.209235
v -0.748065 0.187443 -0.209024
v -0.742436 0.188155 -0.20847
v -0.743622 0.197857 -0.209235
v -0.749248 0.197148 -0.209792
v -0.749248 0.197148 -0.209792
v -0.743622 0.197857 -0.209235
v -0.744459 0.206339 -0.2101
v -0.750064 0.205665 -0.21066
v -0.75901 0.186168 -0.2091
v -0.748065 0.187443 -0.209024
v -0.749248 0.197148 -0.209792
v -0.760188 0.195877 -0.209875
v -0.760188 0.195877 -0.209875
v -0.749248 0.197148 -0.209792
v -0.750064 0.205665 -0.21066
v -0.760961 0.204472 -0.210758
v -0.773147 0.184586 -0.20892
v -0.75901 0.186168 -0.2091
v -0.760188 0.195877 -0.209875
v -0.774316 0.194303 -0.209702
v -0.774316 0.194303 -0.209702
v -0.760188 0.195877 -0.209875
v -0.760961 0.204472 -0.210758
v -0.775038 0.203017 -0.210605
v -0.787871 0.183012 -0.208695
v -0.773147 0.184586 -0.20892
v -0.774316 0.194303 -0.209702
v -0.789034 0.192739 -0.209485
v -0.789034 0.192739 -0.209485
v -0.774316 0.194303 -0.209702
v -0.775038 0.203017 -0.210605
v -0.789708 0.201601 -0.210407
v -0.802665 0.181506 -0.208471
v -0.787871 0.183012 -0.208695
v -0.789034 0.192739 -0.209485
v -0.803822 0.191244 -0.209266
v -0.803822 0.191244 -0.209266
v -0.789034 0.192739 -0.209485
v -0.789708 0.201601 -0.210407
v -0.804452 0.200277 -0.210207
v -0.818257 0.189843 -0.209133
v -0.803822 0.191244 -0.209266
v -0.804452 0.200277 -0.210207
v -0.818842 0.199055 -0.210093
v -0.817106 0.180094 -0.208333
v -0.802665 0.181506 -0.208471
v -0.803822 0.191244 -0.209266
v -0.818257 0.189843 -0.209133
v -0.829057 0.178921 -0.208723
v -0.817106 0.180094 -0.208333
v -0.818257 0.189843 -0.209133
v -0.830202 0.18868 -0.209526
v -0.830202 0.18868 -0.209526
v -0.818257 0.189843 -0.209133
v -0.818842 0.199055 -0.210093
v -0.83075 0.198043 -0.2105
v -0.836685 0.178099 -0.210107
v -0.829057 0.178921 -0.208723
v -0.830202 0.18868 -0.209526
v -0.837828 0.187863 -0.210912
v -0.837828 0.187863 -0.210912
v -0.830202 0.18868 -0.209526
v -0.83075 0.198043 -0.2105
v -0.83835 0.197323 -0.21189
v -0.841086 0.177492 -0.212719
v -0.836685 0.178099 -0.210107
v -0.837828 0.187863 -0.210912
v -0.842227 0.187258 -0.213523
v -0.842227 0.187258 -0.213523
v -0.837828 0.187863 -0.210912
v -0.83835 0.197323 -0.21189
v -0.842734 0.196775 -0.214496
v -0.844957 0.186658 -0.218035
v -0.842227 0.187258 -0.213523
v -0.842734 0.196775 -0.214496
v -0.845454 0.196211 -0.218991
v -0.843816 0.176891 -0.217233
v -0.841086 0.177492 -0.212719
v -0.842227 0.187258 -0.213523
v -0.844957 0.186658 -0.218035
v -0.845354 0.176032 -0.226321
v -0.843816 0.176891 -0.217233
v -0.844957 0.186658 -0.218035
v -0.846495 0.185801 -0.227118
v -0.846495 0.185801 -0.227118
v -0.844957 0.186658 -0.218035
v -0.845454 0.196211 -0.218991
v -0.846986 0.195379 -0.228037
v -0.845955 0.174732 -0.241982
v -0.845354 0.176032 -0.226321
v -0.846495 0.185801 -0.227118
v -0.847096 0.184502 -0.242771
v -0.847096 0.184502 -0.242771
v -0.846495 0.185801 -0.227118
v -0.846986 0.195379 -0.228037
v -0.847584 0.194098 -0.243621
v -0.846063 0.173168 -0.261519
v -0.845955 0.174732 -0.241982
v -0.847096 0.184502 -0.242771
v -0.847204 0.182938 -0.262297
v -0.847204 0.182938 -0.262297
v -0.847096 0.184502 -0.242771
v -0.847584 0.194098 -0.243621
v -0.847692 0.192549 -0.263061
v -0.847148 0.181391 -0.281826
v -0.847204 0.182938 -0.262297
v -0.847692 0.192549 -0.263061
v -0.847636 0.191015 -0.282504
v -0.846006 0.171619 -0.281059
v -0.846063 0.173168 -0.261519
v -0.847204 0.182938 -0.262297
v -0.847148 0.181391 -0.281826
v -0.845446 0.170423 -0.296734
v -0.846006 0.171619 -0.281059
v -0.847148 0.181391 -0.281826
v -0.846588 0.180196 -0.297492
v -0.846588 0.180196 -0.297492
v -0.847148 0.181391 -0.281826
v -0.847636 0.191015 -0.282504
v -0.84708 0.189824 -0.298101
v -0.843931 0.169831 -0.305849
v -0.845446 0.170423 -0.296734
v -0.846588 0.180196 -0.297492
v -0.845074 0.179604 -0.306602
v -0.845074 0.179604 -0.306602
v -0.846588 0.180196 -0.297492
v -0.84708 0.189824 -0.298101
v -0.845572 0.18922 -0.30717
v -0.841212 0.169709 -0.310408
v -0.843931 0.169831 -0.305849
v -0.845074 0.179604 -0.306602
v -0.842355 0.179482 -0.311159
v -0.842355 0.179482 -0.311159
v -0.845074 0.179604 -0.306602
v -0.845572 0.18922 -0.30717
v -0.842863 0.189067 -0.311704
v -0.836818 0.169894 -0.313093
v -0.841212 0.169709 -0.310408
v -0.842355 0.179482 -0.311159
v -0.837962 0.179664 -0.313841
v -0.837962 0.179664 -0.313841
v -0.842355 0.179482 -0.311159
v -0.842863 0.189067 -0.311704
v -0.838486 0.189197 -0.314373
v -0.829191 0.170484 -0.314604
v -0.836818 0.169894 -0.313093
v -0.837962 0.179664 -0.313841
v -0.830338 0.180249 -0.315352
v -0.830338 0.180249 -0.315352
v -0.837962 0.179664 -0.313841
v -0.838486 0.189197 -0.314373
v -0.830888 0.189687 -0.315871
v -0.81839 0.181333 -0.315943
v -0.830338 0.180249 -0.315352
v -0.830888 0.189687 -0.315871
v -0.818978 0.190619 -0.316451
v -0.817239 0.171577 -0.315195
v -0.829191 0.170484 -0.314604
v -0.830338 0.180249 -0.315352
v -0.81839 0.181333 -0.315943
v -0.802794 0.172989 -0.315308
v -0.817239 0.171577 -0.315195
v -0.81839 0.181333 -0.315943
v -0.803951 0.182733 -0.316056
v -0.803951 0.182733 -0.316056
v -0.81839 0.181333 -0.315943
v -0.818978 0.190619 -0.316451
v -0.804584 0.191841 -0.316554
v -0.819121 0.198701 -0.316748
v -0.818978 0.190619 -0.316451
v -0.830888 0.189687 -0.315871
v -0.830935 0.198125 -0.316175
v -0.804827 0.199506 -0.316846
v -0.804584 0.191841 -0.316554
v -0.818978 0.190619 -0.316451
v -0.819121 0.198701 -0.316748
v -0.804892 0.204999 -0.317009
v -0.804827 0.199506 -0.316846
v -0.819121 0.198701 -0.316748
v -0.819076 0.204612 -0.316909
v -0.819076 0.204612 -0.316909
v -0.819121 0.198701 -0.316748
v -0.830935 0.198125 -0.316175
v -0.830784 0.204394 -0.316335
v -0.819076 0.204612 -0.316909
v -0.830784 0.204394 -0.316335
v -0.830701 0.207732 -0.316394
v -0.819062 0.207794 -0.316975
v -0.804892 0.204999 -0.317009
v -0.819076 0.204612 -0.316909
v -0.819062 0.207794 -0.316975
v -0.804945 0.207998 -0.317084
v -0.819062 0.207794 -0.316975
v -0.830701 0.207732 -0.316394
v -0.830592 0.20952 -0.316223
v -0.819006 0.209562 -0.31681
v -0.804945 0.207998 -0.317084
v -0.819062 0.207794 -0.316975
v -0.819006 0.209562 -0.31681
v -0.804917 0.209742 -0.316935
v -0.830784 0.204394 -0.316335
v -0.838237 0.204358 -0.314854
v -0.838098 0.207796 -0.314915
v -0.830701 0.207732 -0.316394
v -0.830701 0.207732 -0.316394
v -0.838098 0.207796 -0.314915
v -0.837912 0.209595 -0.314758
v -0.830592 0.20952 -0.316223
v -0.838237 0.204358 -0.314854
v -0.842519 0.204484 -0.312222
v -0.842339 0.207978 -0.312294
v -0.838098 0.207796 -0.314915
v -0.838098 0.207796 -0.314915
v -0.842339 0.207978 -0.312294
v -0.842075 0.209782 -0.312174
v -0.837912 0.209595 -0.314758
v -0.842339 0.207978 -0.312294
v -0.844956 0.208314 -0.307847
v -0.844637 0.210118 -0.307786
v -0.842075 0.209782 -0.312174
v -0.842519 0.204484 -0.312222
v -0.845164 0.204788 -0.307753
v -0.844956 0.208314 -0.307847
v -0.842339 0.207978 -0.312294
v -0.845164 0.204788 -0.307753
v -0.846637 0.205457 -0.298817
v -0.846414 0.208997 -0.298952
v -0.844956 0.208314 -0.307847
v -0.846957 0.210174 -0.28365
v -0.846414 0.208997 -0.298952
v -0.846637 0.205457 -0.298817
v -0.847183 0.206637 -0.283451
v -0.847019 0.211644 -0.264571
v -0.846957 0.210174 -0.28365
v -0.847183 0.206637 -0.283451
v -0.847243 0.20812 -0.264295
v -0.846571 0.214904 -0.245693
v -0.846663 0.213435 -0.264709
v -0.847019 0.211644 -0.264571
v -0.846923 0.213119 -0.245492
v -0.846923 0.213119 -0.245492
v -0.847019 0.211644 -0.264571
v -0.847243 0.20812 -0.264295
v -0.847144 0.209609 -0.245139
v -0.846015 0.216083 -0.230456
v -0.846571 0.214904 -0.245693
v -0.846923 0.213119 -0.245492
v -0.846353 0.214304 -0.23019
v -0.846353 0.214304 -0.23019
v -0.846923 0.213119 -0.245492
v -0.847144 0.209609 -0.245139
v -0.846566 0.210812 -0.229775
v -0.844879 0.214994 -0.221296
v -0.846353 0.214304 -0.23019
v -0.846566 0.210812 -0.229775
v -0.845074 0.211529 -0.220845
v -0.844572 0.216765 -0.22163
v -0.846015 0.216083 -0.230456
v -0.846353 0.214304 -0.23019
v -0.844879 0.214994 -0.221296
v -0.842001 0.217105 -0.217245
v -0.844572 0.216765 -0.22163
v -0.844879 0.214994 -0.221296
v -0.842252 0.215345 -0.216853
v -0.842252 0.215345 -0.216853
v -0.844879 0.214994 -0.221296
v -0.845074 0.211529 -0.220845
v -0.842418 0.211918 -0.216386
v -0.838003 0.215567 -0.214241
v -0.842252 0.215345 -0.216853
v -0.842418 0.211918 -0.216386
v -0.838129 0.212199 -0.213773
v -0.83783 0.217316 -0.214668
v -0.842001 0.217105 -0.217245
v -0.842252 0.215345 -0.216853
v -0.838003 0.215567 -0.214241
v -0.830502 0.217465 -0.21322
v -0.83783 0.217316 -0.214668
v -0.838003 0.215567 -0.214241
v -0.830599 0.21573 -0.212781
v -0.830599 0.21573 -0.212781
v -0.838003 0.215567 -0.214241
v -0.838129 0.212199 -0.213773
v -0.830669 0.212461 -0.212328
v -0.818906 0.217595 -0.212665
v -0.830502 0.217465 -0.21322
v -0.830599 0.21573 -0.212781
v -0.818952 0.215878 -0.212236
v -0.818952 0.215878 -0.212236
v -0.830599 0.21573 -0.212781
v -0.830669 0.212461 -0.212328
v -0.818956 0.212764 -0.211814
v -0.804809 0.21779 -0.212593
v -0.818906 0.217595 -0.212665
v -0.818952 0.215878 -0.212236
v -0.804828 0.216095 -0.212182
v -0.804828 0.216095 -0.212182
v -0.818952 0.215878 -0.212236
v -0.818956 0.212764 -0.211814
v -0.804768 0.21316 -0.211797
v -0.790285 0.218142 -0.212623
v -0.804809 0.21779 -0.212593
v -0.804828 0.216095 -0.212182
v -0.790298 0.216465 -0.212229
v -0.790298 0.216465 -0.212229
v -0.804828 0.216095 -0.212182
v -0.804768 0.21316 -0.211797
v -0.790191 0.2137 -0.211879
v -0.775772 0.218717 -0.212681
v -0.790285 0.218142 -0.212623
v -0.790298 0.216465 -0.212229
v -0.775791 0.217055 -0.212299
v -0.775791 0.217055 -0.212299
v -0.790298 0.216465 -0.212229
v -0.790191 0.2137 -0.211879
v -0.775653 0.214437 -0.211976
v -0.761809 0.219515 -0.212725
v -0.775772 0.218717 -0.212681
v -0.775791 0.217055 -0.212299
v -0.761844 0.217862 -0.212353
v -0.761844 0.217862 -0.212353
v -0.775791 0.217055 -0.212299
v -0.775653 0.214437 -0.211976
v -0.761685 0.215359 -0.212051
v -0.75099 0.220275 -0.212555
v -0.761809 0.219515 -0.212725
v -0.761844 0.217862 -0.212353
v -0.751036 0.218627 -0.212192
v -0.751036 0.218627 -0.212192
v -0.761844 0.217862 -0.212353
v -0.761685 0.215359 -0.212051
v -0.750865 0.2162 -0.211903
v -0.75099 0.220275 -0.212555
v -0.751036 0.218627 -0.212192
v -0.745476 0.219111 -0.211607
v -0.745433 0.220757 -0.211959
v -0.751036 0.218627 -0.212192
v -0.750865 0.2162 -0.211903
v -0.745298 0.216717 -0.211324
v -0.745476 0.219111 -0.211607
v -0.745476 0.219111 -0.211607
v -0.745298 0.216717 -0.211324
v -0.74314 0.21702 -0.210222
v -0.743322 0.219404 -0.210504
v -0.745433 0.220757 -0.211959
v -0.745476 0.219111 -0.211607
v -0.743322 0.219404 -0.210504
v -0.743283 0.22105 -0.21085
v -0.75099 0.220275 -0.212555
v -0.745433 0.220757 -0.211959
v -0.745063 0.222492 -0.212677
v -0.750632 0.222 -0.2133
v -0.745433 0.220757 -0.211959
v -0.743283 0.22105 -0.21085
v -0.742908 0.222789 -0.211547
v -0.745063 0.222492 -0.212677
v -0.745063 0.222492 -0.212677
v -0.742908 0.222789 -0.211547
v -0.74211 0.224414 -0.212649
v -0.744355 0.2241 -0.213854
v -0.750632 0.222 -0.2133
v -0.745063 0.222492 -0.212677
v -0.744355 0.2241 -0.213854
v -0.750016 0.223589 -0.214528
v -0.76149 0.221225 -0.213486
v -0.750632 0.222 -0.2133
v -0.750016 0.223589 -0.214528
v -0.760957 0.222789 -0.214738
v -0.761809 0.219515 -0.212725
v -0.75099 0.220275 -0.212555
v -0.750632 0.222 -0.2133
v -0.76149 0.221225 -0.213486
v -0.775772 0.218717 -0.212681
v -0.761809 0.219515 -0.212725
v -0.76149 0.221225 -0.213486
v -0.775506 0.22041 -0.213451
v -0.775506 0.22041 -0.213451
v -0.76149 0.221225 -0.213486
v -0.760957 0.222789 -0.214738
v -0.775042 0.221951 -0.214716
v -0.790285 0.218142 -0.212623
v -0.775772 0.218717 -0.212681
v -0.775506 0.22041 -0.213451
v -0.790061 0.21982 -0.213407
v -0.790061 0.21982 -0.213407
v -0.775506 0.22041 -0.213451
v -0.775042 0.221951 -0.214716
v -0.789651 0.221342 -0.214686
v -0.804809 0.21779 -0.212593
v -0.790285 0.218142 -0.212623
v -0.790061 0.21982 -0.213407
v -0.804609 0.219456 -0.213395
v -0.804609 0.219456 -0.213395
v -0.790061 0.21982 -0.213407
v -0.789651 0.221342 -0.214686
v -0.804234 0.220962 -0.214691
v -0.818906 0.217595 -0.212665
v -0.804809 0.21779 -0.212593
v -0.804609 0.219456 -0.213395
v -0.818703 0.219251 -0.213485
v -0.818703 0.219251 -0.213485
v -0.804609 0.219456 -0.213395
v -0.804234 0.220962 -0.214691
v -0.81833 0.220745 -0.214797
v -0.830502 0.217465 -0.21322
v -0.818906 0.217595 -0.212665
v -0.818703 0.219251 -0.213485
v -0.830232 0.219117 -0.214037
v -0.830232 0.219117 -0.214037
v -0.818703 0.219251 -0.213485
v -0.81833 0.220745 -0.214797
v -0.829763 0.220605 -0.215328
v -0.83783 0.217316 -0.214668
v -0.830502 0.217465 -0.21322
v -0.830232 0.219117 -0.214037
v -0.837411 0.218969 -0.215439
v -0.837411 0.218969 -0.215439
v -0.830232 0.219117 -0.214037
v -0.829763 0.220605 -0.215328
v -0.836704 0.220462 -0.216639
v -0.842001 0.217105 -0.217245
v -0.83783 0.217316 -0.214668
v -0.837411 0.218969 -0.215439
v -0.841413 0.218765 -0.217918
v -0.841413 0.218765 -0.217918
v -0.837411 0.218969 -0.215439
v -0.836704 0.220462 -0.216639
v -0.84043 0.220272 -0.218939
v -0.843863 0.218436 -0.222157
v -0.841413 0.218765 -0.217918
v -0.84043 0.220272 -0.218939
v -0.842683 0.219964 -0.222918
v -0.844572 0.216765 -0.22163
v -0.842001 0.217105 -0.217245
v -0.841413 0.218765 -0.217918
v -0.843863 0.218436 -0.222157
v -0.846015 0.216083 -0.230456
v -0.844572 0.216765 -0.22163
v -0.843863 0.218436 -0.222157
v -0.845238 0.217766 -0.230826
v -0.845238 0.217766 -0.230826
v -0.843863 0.218436 -0.222157
v -0.842683 0.219964 -0.222918
v -0.843948 0.219315 -0.23132
v -0.744984 0.212608 -0.210826
v -0.744459 0.206339 -0.2101
v -0.742287 0.206686 -0.208995
v -0.74282 0.212933 -0.209723
v -0.745298 0.216717 -0.211324
v -0.744984 0.212608 -0.210826
v -0.74282 0.212933 -0.209723
v -0.74314 0.21702 -0.210222
v -0.750567 0.212013 -0.211396
v -0.750064 0.205665 -0.21066
v -0.744459 0.206339 -0.2101
v -0.744984 0.212608 -0.210826
v -0.750865 0.2162 -0.211903
v -0.750567 0.212013 -0.211396
v -0.744984 0.212608 -0.210826
v -0.745298 0.216717 -0.211324
v -0.750865 0.2162 -0.211903
v -0.761685 0.215359 -0.212051
v -0.761419 0.210997 -0.211519
v -0.750567 0.212013 -0.211396
v -0.750567 0.212013 -0.211396
v -0.761419 0.210997 -0.211519
v -0.760961 0.204472 -0.210758
v -0.750064 0.205665 -0.21066
v -0.761685 0.215359 -0.212051
v -0.775653 0.214437 -0.211976
v -0.775436 0.209809 -0.211405
v -0.761419 0.210997 -0.211519
v -0.761419 0.210997 -0.211519
v -0.775436 0.209809 -0.211405
v -0.775038 0.203017 -0.210605
v -0.760961 0.204472 -0.210758
v -0.775653 0.214437 -0.211976
v -0.790191 0.2137 -0.211879
v -0.790037 0.208733 -0.211255
v -0.775436 0.209809 -0.211405
v -0.775436 0.209809 -0.211405
v -0.790037 0.208733 -0.211255
v -0.789708 0.201601 -0.210407
v -0.775038 0.203017 -0.210605
v -0.790191 0.2137 -0.211879
v -0.804768 0.21316 -0.211797
v -0.804698 0.207801 -0.211112
v -0.790037 0.208733 -0.211255
v -0.790037 0.208733 -0.211255
v -0.804698 0.207801 -0.211112
v -0.804452 0.200277 -0.210207
v -0.789708 0.201601 -0.210407
v -0.804698 0.207801 -0.211112
v -0.81899 0.206992 -0.21106
v -0.818842 0.199055 -0.210093
v -0.804452 0.200277 -0.210207
v -0.804768 0.21316 -0.211797
v -0.818956 0.212764 -0.211814
v -0.81899 0.206992 -0.21106
v -0.804698 0.207801 -0.211112
v -0.818956 0.212764 -0.211814
v -0.830669 0.212461 -0.212328
v -0.830806 0.206335 -0.211517
v -0.81899 0.206992 -0.21106
v -0.81899 0.206992 -0.21106
v -0.830806 0.206335 -0.211517
v -0.83075 0.198043 -0.2105
v -0.818842 0.199055 -0.210093
v -0.830669 0.212461 -0.212328
v -0.838129 0.212199 -0.213773
v -0.83834 0.205843 -0.212931
v -0.830806 0.206335 -0.211517
v -0.830806 0.206335 -0.211517
v -0.83834 0.205843 -0.212931
v -0.83835 0.197323 -0.21189
v -0.83075 0.198043 -0.2105
v -0.838129 0.212199 -0.213773
v -0.842418 0.211918 -0.216386
v -0.84268 0.205428 -0.215539
v -0.83834 0.205843 -0.212931
v -0.83834 0.205843 -0.212931
v -0.84268 0.205428 -0.215539
v -0.842734 0.196775 -0.214496
v -0.83835 0.197323 -0.21189
v -0.84268 0.205428 -0.215539
v -0.84537 0.204952 -0.220014
v -0.845454 0.196211 -0.218991
v -0.842734 0.196775 -0.214496
v -0.842418 0.211918 -0.216386
v -0.845074 0.211529 -0.220845
v -0.84537 0.204952 -0.220014
v -0.84268 0.205428 -0.215539
v -0.845074 0.211529 -0.220845
v -0.846566 0.210812 -0.229775
v -0.846883 0.204177 -0.229
v -0.84537 0.204952 -0.220014
v -0.84537 0.204952 -0.220014
v -0.846883 0.204177 -0.229
v -0.846986 0.195379 -0.228037
v -0.845454 0.196211 -0.218991
v -0.846566 0.210812 -0.229775
v -0.847144 0.209609 -0.245139
v -0.847472 0.202935 -0.244471
v -0.846883 0.204177 -0.229
v -0.846883 0.204177 -0.229
v -0.847472 0.202935 -0.244471
v -0.847584 0.194098 -0.243621
v -0.846986 0.195379 -0.228037
v -0.847144 0.209609 -0.245139
v -0.847243 0.20812 -0.264295
v -0.847576 0.201416 -0.263765
v -0.847472 0.202935 -0.244471
v -0.847472 0.202935 -0.244471
v -0.847576 0.201416 -0.263765
v -0.847692 0.192549 -0.263061
v -0.847584 0.194098 -0.243621
v -0.847576 0.201416 -0.263765
v -0.847519 0.199908 -0.283061
v -0.847636 0.191015 -0.282504
v -0.847692 0.192549 -0.263061
v -0.847243 0.20812 -0.264295
v -0.847183 0.206637 -0.283451
v -0.847519 0.199908 -0.283061
v -0.847576 0.201416 -0.263765
v -0.847183 0.206637 -0.283451
v -0.846637 0.205457 -0.298817
v -0.846968 0.198723 -0.298539
v -0.847519 0.199908 -0.283061
v -0.847519 0.199908 -0.283061
v -0.846968 0.198723 -0.298539
v -0.84708 0.189824 -0.298101
v -0.847636 0.191015 -0.282504
v -0.845477 0.198087 -0.307539
v -0.845572 0.18922 -0.30717
v -0.84708 0.189824 -0.298101
v -0.846968 0.198723 -0.298539
v -0.845164 0.204788 -0.307753
v -0.845477 0.198087 -0.307539
v -0.846968 0.198723 -0.298539
v -0.846637 0.205457 -0.298817
v -0.842798 0.197859 -0.31204
v -0.842863 0.189067 -0.311704
v -0.845572 0.18922 -0.30717
v -0.845477 0.198087 -0.307539
v -0.842519 0.204484 -0.312222
v -0.842798 0.197859 -0.31204
v -0.845477 0.198087 -0.307539
v -0.845164 0.204788 -0.307753
v -0.838465 0.197861 -0.314688
v -0.838486 0.189197 -0.314373
v -0.842863 0.189067 -0.311704
v -0.842798 0.197859 -0.31204
v -0.838237 0.204358 -0.314854
v -0.838465 0.197861 -0.314688
v -0.842798 0.197859 -0.31204
v -0.842519 0.204484 -0.312222
v -0.830935 0.198125 -0.316175
v -0.830888 0.189687 -0.315871
v -0.838486 0.189197 -0.314373
v -0.838465 0.197861 -0.314688
v -0.830784 0.204394 -0.316335
v -0.830935 0.198125 -0.316175
v -0.838465 0.197861 -0.314688
v -0.838237 0.204358 -0.314854
v -0.775143 0.214176 -0.315516
v -0.761063 0.215006 -0.31565
v -0.761604 0.213268 -0.316653
v -0.775617 0.21246 -0.316534
v -0.775617 0.21246 -0.316534
v -0.761604 0.213268 -0.316653
v -0.761929 0.211462 -0.317147
v -0.775891 0.210669 -0.317041
v -0.761063 0.215006 -0.31565
v -0.750125 0.215762 -0.316003
v -0.750748 0.214005 -0.316978
v -0.761604 0.213268 -0.316653
v -0.761604 0.213268 -0.316653
v -0.750748 0.214005 -0.316978
v -0.751112 0.212186 -0.317453
v -0.761929 0.211462 -0.317147
v -0.77392 0.22037 -0.254223
v -0.774095 0.219416 -0.265225
v -0.788229 0.21883 -0.265167
v -0.788068 0.219769 -0.254204
v -0.788068 0.219769 -0.254204
v -0.788229 0.21883 -0.265167
v -0.802885 0.218492 -0.265129
v -0.802751 0.219412 -0.254173
v -0.77345 0.221445 -0.243205
v -0.77392 0.22037 -0.254223
v -0.788068 0.219769 -0.254204
v -0.787721 0.220815 -0.24321
v -0.787721 0.220815 -0.24321
v -0.788068 0.219769 -0.254204
v -0.802751 0.219412 -0.254173
v -0.802471 0.220421 -0.24319
v -0.802751 0.219412 -0.254173
v -0.802885 0.218492 -0.265129
v -0.816935 0.21844 -0.265115
v -0.816849 0.219345 -0.254007
v -0.802471 0.220421 -0.24319
v -0.802751 0.219412 -0.254173
v -0.816849 0.219345 -0.254007
v -0.816668 0.220301 -0.242969
v -0.816849 0.219345 -0.254007
v -0.816935 0.21844 -0.265115
v -0.828026 0.218529 -0.265113
v -0.827983 0.219489 -0.252971
v -0.816668 0.220301 -0.242969
v -0.816849 0.219345 -0.254007
v -0.827983 0.219489 -0.252971
v -0.827864 0.220422 -0.241508
v -0.70134 0.226781 -0.2542
v -0.689757 0.227117 -0.265907
v -0.701365 0.22588 -0.265799
v -0.712413 0.22654 -0.242987
v -0.70134 0.226781 -0.2542
v -0.712384 0.225623 -0.254119
v -0.733965 0.226491 -0.221239
v -0.723244 0.226463 -0.232041
v -0.732519 0.225653 -0.231502
v -0.723244 0.226463 -0.232041
v -0.712413 0.22654 -0.242987
v -0.722672 0.225544 -0.242762
v -0.740024 0.219236 -0.307725
v -0.734053 0.219653 -0.30984
v -0.737915 0.219024 -0.31367
v -0.741011 0.218847 -0.311939
v -0.734053 0.219653 -0.30984
v -0.732586 0.220399 -0.299576
v -0.723312 0.221281 -0.299189
vn -0.9318 0.1095 -0.346
vn -0.9867 0.1223 -0.1075
vn -0.946 0.3027 -0.1163
vn -0.8936 0.2891 -0.3434
vn -0.9496 0.3106 -0.0421
vn -0.946 0.3027 -0.1163
vn -0.9867 0.1223 -0.1075
vn -0.9914 0.1276 -0.029
vn -0.9497 0.3124 -0.0234
vn -0.9496 0.3106 -0.0421
vn -0.9914 0.1276 -0.029
vn -0.9916 0.1287 -0.0091
vn -0.2881 -0.0962 -0.9528
vn -0.7036 -0.1252 -0.6995
vn -0.6989 -0.1636 -0.6963
vn -0.2834 -0.1299 -0.9502
vn -0.2913 -0.0734 -0.9538
vn -0.7062 -0.0991 -0.7011
vn -0.7036 -0.1252 -0.6995
vn -0.2881 -0.0962 -0.9528
vn -0.0672 -0.0549 -0.9962
vn -0.2913 -0.0734 -0.9538
vn -0.2881 -0.0962 -0.9528
vn -0.0643 -0.074 -0.9952
vn -0.0643 -0.074 -0.9952
vn -0.2881 -0.0962 -0.9528
vn -0.2834 -0.1299 -0.9502
vn -0.0605 -0.1026 -0.9929
vn -0.0643 -0.074 -0.9952
vn -0.0096 -0.0677 -0.9977
vn -0.0122 -0.0495 -0.9987
vn -0.0672 -0.0549 -0.9962
vn -0.0605 -0.1026 -0.9929
vn -0.0061 -0.0949 -0.9955
vn -0.0096 -0.0677 -0.9977
vn -0.0643 -0.074 -0.9952
vn -0.0061 -0.0949 -0.9955
vn 0.0051 -0.0929 -0.9957
vn 0.0018 -0.0659 -0.9978
vn -0.0096 -0.0677 -0.9977
vn -0.0096 -0.0677 -0.9977
vn 0.0018 -0.0659 -0.9978
vn -0.0006 -0.0477 -0.9989
vn -0.0122 -0.0495 -0.9987
vn -0.0138 -0.0392 -0.9991
vn -0.0122 -0.0495 -0.9987
vn -0.0006 -0.0477 -0.9989
vn -0.0021 -0.0372 -0.9993
vn -0.069 -0.0441 -0.9966
vn -0.0672 -0.0549 -0.9962
vn -0.0122 -0.0495 -0.9987
vn -0.0138 -0.0392 -0.9991
vn -0.0699 -0.0408 -0.9967
vn -0.069 -0.0441 -0.9966
vn -0.0138 -0.0392 -0.9991
vn -0.0146 -0.0357 -0.9993
vn -0.0146 -0.0357 -0.9993
vn -0.0138 -0.0392 -0.9991
vn -0.0021 -0.0372 -0.9993
vn -0.0029 -0.033 -0.9995
vn -0.0146 -0.0357 -0.9993
vn -0.0029 -0.033 -0.9995
vn -0.0061 0.0205 -0.9998
vn -0.0181 0.0169 -0.9997
vn -0.0699 -0.0408 -0.9967
vn -0.0146 -0.0357 -0.9993
vn -0.0181 0.0169 -0.9997
vn -0.0729 0.0125 -0.9973
vn -0.0181 0.0169 -0.9997
vn -0.0061 0.0205 -0.9998
vn -0.0141 0.1751 -0.9845
vn -0.0278 0.1699 -0.9851
vn -0.0729 0.0125 -0.9973
vn -0.0181 0.0169 -0.9997
vn -0.0278 0.1699 -0.9851
vn -0.0832 0.1681 -0.9823
vn -0.0699 -0.0408 -0.9967
vn -0.0729 0.0125 -0.9973
vn -0.2953 0.0041 -0.9554
vn -0.2942 -0.0566 -0.9541
vn -0.0729 0.0125 -0.9973
vn -0.0832 0.1681 -0.9823
vn -0.3007 0.179 -0.9368
vn -0.2953 0.0041 -0.9554
vn -0.2953 0.0041 -0.9554
vn -0.3007 0.179 -0.9368
vn -0.7016 0.1879 -0.6874
vn -0.711 -0.0092 -0.7031
vn -0.2942 -0.0566 -0.9541
vn -0.2953 0.0041 -0.9554
vn -0.711 -0.0092 -0.7031
vn -0.7079 -0.079 -0.7019
vn -0.2932 -0.0605 -0.9541
vn -0.2942 -0.0566 -0.9541
vn -0.7079 -0.079 -0.7019
vn -0.7076 -0.0843 -0.7016
vn -0.069 -0.0441 -0.9966
vn -0.0699 -0.0408 -0.9967
vn -0.2942 -0.0566 -0.9541
vn -0.2932 -0.0605 -0.9541
vn -0.0672 -0.0549 -0.9962
vn -0.069 -0.0441 -0.9966
vn -0.2932 -0.0605 -0.9541
vn -0.2913 -0.0734 -0.9538
vn -0.2913 -0.0734 -0.9538
vn -0.2932 -0.0605 -0.9541
vn -0.7076 -0.0843 -0.7016
vn -0.7062 -0.0991 -0.7011
vn -0.3007 0.179 -0.9368
vn -0.2981 0.4201 -0.8571
vn -0.6441 0.444 -0.6229
vn -0.7016 0.1879 -0.6874
vn -0.0832 0.1681 -0.9823
vn -0.0977 0.3934 -0.9142
vn -0.2981 0.4201 -0.8571
vn -0.3007 0.179 -0.9368
vn -0.0977 0.3934 -0.9142
vn -0.1081 0.6551 -0.7477
vn -0.2672 0.6816 -0.6812
vn -0.2981 0.4201 -0.8571
vn -0.2981 0.4201 -0.8571
vn -0.2672 0.6816 -0.6812
vn -0.5169 0.7021 -0.4898
vn -0.6441 0.444 -0.6229
vn -0.1063 0.8515 -0.5135
vn -0.2097 0.8651 -0.4557
vn -0.2672 0.6816 -0.6812
vn -0.1081 0.6551 -0.7477
vn -0.2097 0.8651 -0.4557
vn -0.3586 0.8738 -0.3285
vn -0.5169 0.7021 -0.4898
vn -0.2672 0.6816 -0.6812
vn -0.1526 0.9545 -0.2561
vn -0.2219 0.9561 -0.1913
vn -0.3586 0.8738 -0.3285
vn -0.2097 0.8651 -0.4557
vn -0.0976 0.9505 -0.2949
vn -0.1526 0.9545 -0.2561
vn -0.2097 0.8651 -0.4557
vn -0.1063 0.8515 -0.5135
vn -0.0675 0.8516 -0.5199
vn -0.1063 0.8515 -0.5135
vn -0.1081 0.6551 -0.7477
vn -0.0576 0.6541 -0.7542
vn -0.0712 0.9511 -0.3007
vn -0.0976 0.9505 -0.2949
vn -0.1063 0.8515 -0.5135
vn -0.0675 0.8516 -0.5199
vn -0.053 0.953 -0.2983
vn -0.0712 0.9511 -0.3007
vn -0.0675 0.8516 -0.5199
vn -0.0482 0.8549 -0.5165
vn -0.0482 0.8549 -0.5165
vn -0.0675 0.8516 -0.5199
vn -0.0576 0.6541 -0.7542
vn -0.0387 0.659 -0.7512
vn -0.0362 0.9547 -0.2955
vn -0.053 0.953 -0.2983
vn -0.0482 0.8549 -0.5165
vn -0.033 0.8582 -0.5122
vn -0.033 0.8582 -0.5122
vn -0.0482 0.8549 -0.5165
vn -0.0387 0.659 -0.7512
vn -0.0266 0.6651 -0.7463
vn -0.0232 0.9557 -0.2934
vn -0.0362 0.9547 -0.2955
vn -0.033 0.8582 -0.5122
vn -0.0223 0.8612 -0.5078
vn -0.0223 0.8612 -0.5078
vn -0.033 0.8582 -0.5122
vn -0.0266 0.6651 -0.7463
vn -0.0195 0.6714 -0.7408
vn -0.0181 0.9558 -0.2936
vn -0.0232 0.9557 -0.2934
vn -0.0223 0.8612 -0.5078
vn -0.0231 0.8625 -0.5055
vn -0.0231 0.8625 -0.5055
vn -0.0223 0.8612 -0.5078
vn -0.0195 0.6714 -0.7408
vn -0.0284 0.6757 -0.7366
vn -0.03 0.9541 -0.2978
vn -0.0181 0.9558 -0.2936
vn -0.0231 0.8625 -0.5055
vn -0.0552 0.8617 -0.5044
vn -0.0552 0.8617 -0.5044
vn -0.0231 0.8625 -0.5055
vn -0.0284 0.6757 -0.7366
vn -0.0854 0.6777 -0.7303
vn -0.0813 0.9529 -0.292
vn -0.03 0.9541 -0.2978
vn -0.0552 0.8617 -0.5044
vn -0.1561 0.866 -0.475
vn -0.1561 0.866 -0.475
vn -0.0552 0.8617 -0.5044
vn -0.0854 0.6777 -0.7303
vn -0.2452 0.69 -0.681
vn -0.1686 0.9574 -0.2343
vn -0.0813 0.9529 -0.292
vn -0.1561 0.866 -0.475
vn -0.3083 0.8795 -0.3626
vn -0.3083 0.8795 -0.3626
vn -0.1561 0.866 -0.475
vn -0.2452 0.69 -0.681
vn -0.475 0.7154 -0.5124
vn -0.408 0.8902 -0.2026
vn -0.3083 0.8795 -0.3626
vn -0.475 0.7154 -0.5124
vn -0.6243 0.7328 -0.2705
vn -0.2246 0.9637 -0.1445
vn -0.1686 0.9574 -0.2343
vn -0.3083 0.8795 -0.3626
vn -0.408 0.8902 -0.2026
vn -0.2309 0.9686 -0.0923
vn -0.2246 0.9637 -0.1445
vn -0.408 0.8902 -0.2026
vn -0.4264 0.8985 -0.1048
vn -0.4264 0.8985 -0.1048
vn -0.408 0.8902 -0.2026
vn -0.6243 0.7328 -0.2705
vn -0.6566 0.7452 -0.1167
vn -0.6566 0.7452 -0.1167
vn -0.6527 0.7544 -0.0695
vn -0.4207 0.904 -0.0763
vn -0.4264 0.8985 -0.1048
vn -0.4264 0.8985 -0.1048
vn -0.4207 0.904 -0.0763
vn -0.2261 0.971 -0.078
vn -0.2309 0.9686 -0.0923
vn -0.6527 0.7544 -0.0695
vn -0.6507 0.7571 -0.0581
vn -0.4183 0.9056 -0.0697
vn -0.4207 0.904 -0.0763
vn -0.4207 0.904 -0.0763
vn -0.4183 0.9056 -0.0697
vn -0.2242 0.9717 -0.0749
vn -0.2261 0.971 -0.078
vn -0.0719 0.9945 -0.0767
vn -0.0732 0.9943 -0.0774
vn -0.2261 0.971 -0.078
vn -0.2242 0.9717 -0.0749
vn -0.0732 0.9943 -0.0774
vn -0.0766 0.9937 -0.0815
vn -0.2309 0.9686 -0.0923
vn -0.2261 0.971 -0.078
vn 0.0008 0.9971 -0.0764
vn -0.0021 0.9971 -0.0764
vn -0.0766 0.9937 -0.0815
vn -0.0732 0.9943 -0.0774
vn 0.0022 0.997 -0.077
vn 0.0008 0.9971 -0.0764
vn -0.0732 0.9943 -0.0774
vn -0.0719 0.9945 -0.0767
vn 0.0008 0.997 -0.0775
vn 0.0022 0.997 -0.077
vn -0.0719 0.9945 -0.0767
vn -0.0731 0.9944 -0.0761
vn -0.0731 0.9944 -0.0761
vn -0.0719 0.9945 -0.0767
vn -0.2242 0.9717 -0.0749
vn -0.226 0.9715 -0.0717
vn -0.0022 0.997 -0.0775
vn 0.0008 0.997 -0.0775
vn -0.0731 0.9944 -0.0761
vn -0.0765 0.9945 -0.0719
vn -0.0765 0.9945 -0.0719
vn -0.0731 0.9944 -0.0761
vn -0.226 0.9715 -0.0717
vn -0.231 0.9713 -0.0572
vn -0.0799 0.9953 -0.0546
vn -0.0765 0.9945 -0.0719
vn -0.231 0.9713 -0.0572
vn -0.2248 0.9744 -0.0048
vn -0.0054 0.9971 -0.0765
vn -0.0022 0.997 -0.0775
vn -0.0765 0.9945 -0.0719
vn -0.0799 0.9953 -0.0546
vn -0.007 0.9974 -0.072
vn -0.0054 0.9971 -0.0765
vn -0.0799 0.9953 -0.0546
vn -0.0614 0.9979 -0.0203
vn -0.0614 0.9979 -0.0203
vn -0.0799 0.9953 -0.0546
vn -0.2248 0.9744 -0.0048
vn -0.1686 0.982 0.0849
vn -0.0275 0.9996 -0.0077
vn -0.0614 0.9979 -0.0203
vn -0.1686 0.982 0.0849
vn -0.0811 0.9865 0.1426
vn -0.0038 0.9972 -0.0749
vn -0.007 0.9974 -0.072
vn -0.0614 0.9979 -0.0203
vn -0.0275 0.9996 -0.0077
vn -0.0067 0.9968 -0.0792
vn -0.0038 0.9972 -0.0749
vn -0.0275 0.9996 -0.0077
vn -0.0135 0.9998 -0.0154
vn -0.0135 0.9998 -0.0154
vn -0.0275 0.9996 -0.0077
vn -0.0811 0.9865 0.1426
vn -0.0295 0.9886 0.1479
vn -0.0118 0.9965 -0.0832
vn -0.0067 0.9968 -0.0792
vn -0.0135 0.9998 -0.0154
vn -0.0143 0.9997 -0.021
vn -0.0143 0.9997 -0.021
vn -0.0135 0.9998 -0.0154
vn -0.0295 0.9886 0.1479
vn -0.0177 0.9894 0.1441
vn -0.0222 0.996 -0.0863
vn -0.0118 0.9965 -0.0832
vn -0.0143 0.9997 -0.021
vn -0.0231 0.9995 -0.0231
vn -0.0231 0.9995 -0.0231
vn -0.0143 0.9997 -0.021
vn -0.0177 0.9894 0.1441
vn -0.0228 0.9893 0.144
vn -0.0374 0.9955 -0.0876
vn -0.0222 0.996 -0.0863
vn -0.0231 0.9995 -0.0231
vn -0.0376 0.999 -0.0229
vn -0.0376 0.999 -0.0229
vn -0.0231 0.9995 -0.0231
vn -0.0228 0.9893 0.144
vn -0.0357 0.9886 0.1465
vn -0.0549 0.9946 -0.0882
vn -0.0374 0.9955 -0.0876
vn -0.0376 0.999 -0.0229
vn -0.0553 0.9982 -0.0219
vn -0.0553 0.9982 -0.0219
vn -0.0376 0.999 -0.0229
vn -0.0357 0.9886 0.1465
vn -0.0525 0.9873 0.1497
vn -0.0699 0.9936 -0.0886
vn -0.0549 0.9946 -0.0882
vn -0.0553 0.9982 -0.0219
vn -0.0713 0.9972 -0.0208
vn -0.0713 0.9972 -0.0208
vn -0.0553 0.9982 -0.0219
vn -0.0525 0.9873 0.1497
vn -0.0707 0.9858 0.1524
vn -0.0803 0.9928 -0.0885
vn -0.0699 0.9936 -0.0886
vn -0.0713 0.9972 -0.0208
vn -0.0863 0.996 -0.023
vn -0.0863 0.996 -0.023
vn -0.0713 0.9972 -0.0208
vn -0.0707 0.9858 0.1524
vn -0.0972 0.9844 0.1468
vn -0.0803 0.9928 -0.0885
vn -0.0863 0.996 -0.023
vn -0.1068 0.9936 -0.0369
vn -0.0887 0.9921 -0.089
vn -0.0863 0.996 -0.023
vn -0.0972 0.9844 0.1468
vn -0.1526 0.9824 0.1079
vn -0.1068 0.9936 -0.0369
vn -0.1068 0.9936 -0.0369
vn -0.1526 0.9824 0.1079
vn -0.2223 0.974 0.0435
vn -0.1263 0.9904 -0.0562
vn -0.0887 0.9921 -0.089
vn -0.1068 0.9936 -0.0369
vn -0.1263 0.9904 -0.0562
vn -0.0924 0.9916 -0.0905
vn -0.0923 0.9913 -0.0936
vn -0.0879 0.9916 -0.0946
vn -0.0887 0.9921 -0.089
vn -0.0924 0.9916 -0.0905
vn -0.0879 0.9916 -0.0946
vn -0.0794 0.9923 -0.0952
vn -0.0803 0.9928 -0.0885
vn -0.0887 0.9921 -0.089
vn -0.0891 0.9916 -0.0941
vn -0.079 0.9923 -0.0953
vn -0.0794 0.9923 -0.0952
vn -0.0879 0.9916 -0.0946
vn -0.0951 0.9912 -0.0919
vn -0.0891 0.9916 -0.0941
vn -0.0879 0.9916 -0.0946
vn -0.0923 0.9913 -0.0936
vn -0.0981 0.9912 -0.089
vn -0.0951 0.9912 -0.0919
vn -0.0923 0.9913 -0.0936
vn -0.0927 0.9916 -0.0901
vn -0.1045 0.9917 -0.0752
vn -0.104 0.992 -0.0719
vn -0.1053 0.9915 -0.0764
vn -0.1059 0.9914 -0.0764
vn -0.104 0.992 -0.0719
vn -0.0986 0.9927 -0.07
vn -0.0981 0.9931 -0.064
vn -0.102 0.9924 -0.069
vn -0.1059 0.9914 -0.0764
vn -0.1053 0.9915 -0.0764
vn -0.104 0.9913 -0.0809
vn -0.1051 0.9914 -0.0781
vn -0.1053 0.9915 -0.0764
vn -0.104 0.9916 -0.0764
vn -0.102 0.9913 -0.0838
vn -0.104 0.9913 -0.0809
vn -0.104 0.9913 -0.0809
vn -0.102 0.9913 -0.0838
vn -0.0981 0.9912 -0.089
vn -0.0992 0.9916 -0.0834
vn -0.104 0.9916 -0.0764
vn -0.1 0.992 -0.0765
vn -0.0985 0.9914 -0.0867
vn -0.102 0.9913 -0.0838
vn -0.102 0.9913 -0.0838
vn -0.0985 0.9914 -0.0867
vn -0.0951 0.9912 -0.0919
vn -0.0981 0.9912 -0.089
vn -0.1 0.992 -0.0765
vn -0.0916 0.9928 -0.0765
vn -0.0907 0.9919 -0.0887
vn -0.0985 0.9914 -0.0867
vn -0.0985 0.9914 -0.0867
vn -0.0907 0.9919 -0.0887
vn -0.0891 0.9916 -0.0941
vn -0.0951 0.9912 -0.0919
vn -0.0916 0.9928 -0.0765
vn -0.0795 0.9939 -0.0766
vn -0.0792 0.9928 -0.0899
vn -0.0907 0.9919 -0.0887
vn -0.0907 0.9919 -0.0887
vn -0.0792 0.9928 -0.0899
vn -0.079 0.9923 -0.0953
vn -0.0891 0.9916 -0.0941
vn -0.0792 0.9928 -0.0899
vn -0.0795 0.9939 -0.0766
vn -0.0657 0.9949 -0.0767
vn -0.0659 0.9937 -0.0904
vn -0.079 0.9923 -0.0953
vn -0.0792 0.9928 -0.0899
vn -0.0659 0.9937 -0.0904
vn -0.0668 0.9932 -0.0956
vn -0.0659 0.9937 -0.0904
vn -0.0657 0.9949 -0.0767
vn -0.0502 0.9958 -0.0768
vn -0.0507 0.9946 -0.09
vn -0.0668 0.9932 -0.0956
vn -0.0659 0.9937 -0.0904
vn -0.0507 0.9946 -0.09
vn -0.052 0.9941 -0.0948
vn -0.0794 0.9923 -0.0952
vn -0.079 0.9923 -0.0953
vn -0.0668 0.9932 -0.0956
vn -0.0684 0.9931 -0.095
vn -0.0684 0.9931 -0.095
vn -0.0668 0.9932 -0.0956
vn -0.052 0.9941 -0.0948
vn -0.0537 0.9941 -0.0941
vn -0.0803 0.9928 -0.0885
vn -0.0794 0.9923 -0.0952
vn -0.0684 0.9931 -0.095
vn -0.0699 0.9936 -0.0886
vn -0.0699 0.9936 -0.0886
vn -0.0684 0.9931 -0.095
vn -0.0537 0.9941 -0.0941
vn -0.0549 0.9946 -0.0882
vn -0.0537 0.9941 -0.0941
vn -0.052 0.9941 -0.0948
vn -0.0352 0.995 -0.0934
vn -0.0366 0.995 -0.0929
vn -0.0549 0.9946 -0.0882
vn -0.0537 0.9941 -0.0941
vn -0.0366 0.995 -0.0929
vn -0.0374 0.9955 -0.0876
vn -0.0366 0.995 -0.0929
vn -0.0352 0.995 -0.0934
vn -0.0181 0.9957 -0.0909
vn -0.0206 0.9956 -0.091
vn -0.0374 0.9955 -0.0876
vn -0.0366 0.995 -0.0929
vn -0.0206 0.9956 -0.091
vn -0.0222 0.996 -0.0863
vn -0.0206 0.9956 -0.091
vn -0.0181 0.9957 -0.0909
vn -0.0048 0.9962 -0.0867
vn -0.009 0.9961 -0.0873
vn -0.0222 0.996 -0.0863
vn -0.0206 0.9956 -0.091
vn -0.009 0.9961 -0.0873
vn -0.0118 0.9965 -0.0832
vn -0.009 0.9961 -0.0873
vn -0.0048 0.9962 -0.0867
vn 0.0018 0.9966 -0.0822
vn -0.0031 0.9966 -0.0829
vn -0.0118 0.9965 -0.0832
vn -0.009 0.9961 -0.0873
vn -0.0031 0.9966 -0.0829
vn -0.0067 0.9968 -0.0792
vn -0.0031 0.9966 -0.0829
vn 0.0018 0.9966 -0.0822
vn 0.005 0.9968 -0.0792
vn 0.0006 0.9968 -0.0797
vn -0.0067 0.9968 -0.0792
vn -0.0031 0.9966 -0.0829
vn 0.0006 0.9968 -0.0797
vn -0.0038 0.9972 -0.0749
vn 0.0006 0.9968 -0.0797
vn 0.005 0.9968 -0.0792
vn -0.0022 0.997 -0.0775
vn -0.0054 0.9971 -0.0765
vn -0.0038 0.9972 -0.0749
vn 0.0006 0.9968 -0.0797
vn -0.0054 0.9971 -0.0765
vn -0.007 0.9974 -0.072
vn 0.0018 0.9966 -0.0822
vn 0.0066 0.9967 -0.0804
vn 0.0093 0.9969 -0.0784
vn 0.005 0.9968 -0.0792
vn 0.005 0.9968 -0.0792
vn 0.0093 0.9969 -0.0784
vn 0.0008 0.997 -0.0775
vn -0.0022 0.997 -0.0775
vn 0.0066 0.9967 -0.0804
vn 0.0086 0.997 -0.077
vn 0.0111 0.997 -0.077
vn 0.0093 0.9969 -0.0784
vn 0.0093 0.9969 -0.0784
vn 0.0111 0.997 -0.077
vn 0.0022 0.997 -0.077
vn 0.0008 0.997 -0.0775
vn 0.0111 0.997 -0.077
vn 0.0086 0.997 -0.077
vn 0.0066 0.9973 -0.0735
vn 0.0093 0.9971 -0.0755
vn 0.0022 0.997 -0.077
vn 0.0111 0.997 -0.077
vn 0.0093 0.9971 -0.0755
vn 0.0008 0.9971 -0.0764
vn 0.0093 0.9971 -0.0755
vn 0.0066 0.9973 -0.0735
vn 0.0018 0.9974 -0.0717
vn 0.0051 0.9972 -0.0747
vn 0.0008 0.9971 -0.0764
vn 0.0093 0.9971 -0.0755
vn 0.0051 0.9972 -0.0747
vn -0.0021 0.9971 -0.0764
vn 0.0051 0.9972 -0.0747
vn 0.0018 0.9974 -0.0717
vn -0.0031 0.9975 -0.071
vn 0.0007 0.9972 -0.0742
vn -0.0021 0.9971 -0.0764
vn 0.0051 0.9972 -0.0747
vn 0.0007 0.9972 -0.0742
vn -0.0054 0.997 -0.0774
vn 0.0007 0.9972 -0.0742
vn -0.0031 0.9975 -0.071
vn -0.0067 0.9972 -0.0748
vn -0.0038 0.9969 -0.079
vn -0.0054 0.997 -0.0774
vn 0.0007 0.9972 -0.0742
vn -0.0038 0.9969 -0.079
vn -0.0071 0.9966 -0.0819
vn -0.0799 0.9919 -0.0987
vn -0.0766 0.9937 -0.0815
vn -0.0021 0.9971 -0.0764
vn -0.0054 0.997 -0.0774
vn -0.0615 0.9892 -0.133
vn -0.0799 0.9919 -0.0987
vn -0.0054 0.997 -0.0774
vn -0.0071 0.9966 -0.0819
vn -0.2246 0.9637 -0.1445
vn -0.2309 0.9686 -0.0923
vn -0.0766 0.9937 -0.0815
vn -0.0799 0.9919 -0.0987
vn -0.1686 0.9574 -0.2343
vn -0.2246 0.9637 -0.1445
vn -0.0799 0.9919 -0.0987
vn -0.0615 0.9892 -0.133
vn -0.0276 0.9889 -0.1457
vn -0.0615 0.9892 -0.133
vn -0.0071 0.9966 -0.0819
vn -0.0038 0.9969 -0.079
vn -0.0813 0.9529 -0.292
vn -0.1686 0.9574 -0.2343
vn -0.0615 0.9892 -0.133
vn -0.0276 0.9889 -0.1457
vn -0.03 0.9541 -0.2978
vn -0.0813 0.9529 -0.292
vn -0.0276 0.9889 -0.1457
vn -0.0135 0.9903 -0.1382
vn -0.0135 0.9903 -0.1382
vn -0.0276 0.9889 -0.1457
vn -0.0038 0.9969 -0.079
vn -0.0067 0.9972 -0.0748
vn -0.0181 0.9558 -0.2936
vn -0.03 0.9541 -0.2978
vn -0.0135 0.9903 -0.1382
vn -0.0144 0.9911 -0.1326
vn -0.0144 0.9911 -0.1326
vn -0.0135 0.9903 -0.1382
vn -0.0067 0.9972 -0.0748
vn -0.0119 0.9974 -0.0707
vn -0.0232 0.9557 -0.2934
vn -0.0181 0.9558 -0.2936
vn -0.0144 0.9911 -0.1326
vn -0.0232 0.9912 -0.1304
vn -0.0232 0.9912 -0.1304
vn -0.0144 0.9911 -0.1326
vn -0.0119 0.9974 -0.0707
vn -0.0222 0.9975 -0.0676
vn -0.0362 0.9547 -0.2955
vn -0.0232 0.9557 -0.2934
vn -0.0232 0.9912 -0.1304
vn -0.0377 0.9908 -0.1302
vn -0.0377 0.9908 -0.1302
vn -0.0232 0.9912 -0.1304
vn -0.0222 0.9975 -0.0676
vn -0.0374 0.9971 -0.0662
vn -0.053 0.953 -0.2983
vn -0.0362 0.9547 -0.2955
vn -0.0377 0.9908 -0.1302
vn -0.0554 0.9898 -0.131
vn -0.0554 0.9898 -0.131
vn -0.0377 0.9908 -0.1302
vn -0.0374 0.9971 -0.0662
vn -0.0549 0.9964 -0.0653
vn -0.0712 0.9511 -0.3007
vn -0.053 0.953 -0.2983
vn -0.0554 0.9898 -0.131
vn -0.0715 0.9887 -0.1319
vn -0.0715 0.9887 -0.1319
vn -0.0554 0.9898 -0.131
vn -0.0549 0.9964 -0.0653
vn -0.0699 0.9955 -0.0647
vn -0.0976 0.9505 -0.2949
vn -0.0712 0.9511 -0.3007
vn -0.0715 0.9887 -0.1319
vn -0.0864 0.9878 -0.1295
vn -0.0864 0.9878 -0.1295
vn -0.0715 0.9887 -0.1319
vn -0.0699 0.9955 -0.0647
vn -0.0803 0.9947 -0.0646
vn -0.0976 0.9505 -0.2949
vn -0.0864 0.9878 -0.1295
vn -0.1074 0.9873 -0.1174
vn -0.1526 0.9545 -0.2561
vn -0.0864 0.9878 -0.1295
vn -0.0803 0.9947 -0.0646
vn -0.0893 0.9939 -0.0648
vn -0.1074 0.9873 -0.1174
vn -0.0923 0.9938 -0.0625
vn -0.0893 0.9939 -0.0648
vn -0.0876 0.9945 -0.0578
vn -0.0923 0.994 -0.0594
vn -0.1526 0.9545 -0.2561
vn -0.1074 0.9873 -0.1174
vn -0.1268 0.9871 -0.098
vn -0.2219 0.9561 -0.1913
vn -0.0794 0.9952 -0.058
vn -0.0876 0.9945 -0.0578
vn -0.0893 0.9939 -0.0648
vn -0.0803 0.9947 -0.0646
vn -0.0891 0.9943 -0.059
vn -0.0951 0.9936 -0.061
vn -0.0923 0.994 -0.0594
vn -0.0876 0.9945 -0.0578
vn -0.0789 0.9952 -0.0579
vn -0.0891 0.9943 -0.059
vn -0.0876 0.9945 -0.0578
vn -0.0794 0.9952 -0.058
vn -0.0668 0.9961 -0.0578
vn -0.0789 0.9952 -0.0579
vn -0.0794 0.9952 -0.058
vn -0.0684 0.996 -0.0583
vn -0.0684 0.996 -0.0583
vn -0.0794 0.9952 -0.058
vn -0.0803 0.9947 -0.0646
vn -0.0699 0.9955 -0.0647
vn -0.052 0.9969 -0.0588
vn -0.0668 0.9961 -0.0578
vn -0.0684 0.996 -0.0583
vn -0.0536 0.9968 -0.0595
vn -0.0536 0.9968 -0.0595
vn -0.0684 0.996 -0.0583
vn -0.0699 0.9955 -0.0647
vn -0.0549 0.9964 -0.0653
vn -0.0352 0.9976 -0.0603
vn -0.052 0.9969 -0.0588
vn -0.0536 0.9968 -0.0595
vn -0.0366 0.9975 -0.0608
vn -0.0366 0.9975 -0.0608
vn -0.0536 0.9968 -0.0595
vn -0.0549 0.9964 -0.0653
vn -0.0374 0.9971 -0.0662
vn -0.0181 0.9979 -0.0629
vn -0.0352 0.9976 -0.0603
vn -0.0366 0.9975 -0.0608
vn -0.0206 0.9978 -0.0628
vn -0.0206 0.9978 -0.0628
vn -0.0366 0.9975 -0.0608
vn -0.0374 0.9971 -0.0662
vn -0.0222 0.9975 -0.0676
vn -0.0048 0.9977 -0.0672
vn -0.0181 0.9979 -0.0629
vn -0.0206 0.9978 -0.0628
vn -0.009 0.9977 -0.0666
vn -0.009 0.9977 -0.0666
vn -0.0206 0.9978 -0.0628
vn -0.0222 0.9975 -0.0676
vn -0.0119 0.9974 -0.0707
vn 0.0018 0.9974 -0.0717
vn -0.0048 0.9977 -0.0672
vn -0.009 0.9977 -0.0666
vn -0.0031 0.9975 -0.071
vn -0.0031 0.9975 -0.071
vn -0.009 0.9977 -0.0666
vn -0.0119 0.9974 -0.0707
vn -0.0067 0.9972 -0.0748
vn -0.0008 0.9975 -0.0703
vn -0.0154 0.9976 -0.067
vn -0.0181 0.9979 -0.0629
vn -0.0048 0.9977 -0.0672
vn 0.0066 0.9973 -0.0735
vn -0.0008 0.9975 -0.0703
vn -0.0048 0.9977 -0.0672
vn 0.0018 0.9974 -0.0717
vn 0.001 0.997 -0.077
vn -0.0142 0.9969 -0.0769
vn -0.0154 0.9976 -0.067
vn -0.0008 0.9975 -0.0703
vn 0.0086 0.997 -0.077
vn 0.001 0.997 -0.077
vn -0.0008 0.9975 -0.0703
vn 0.0066 0.9973 -0.0735
vn -0.0142 0.9969 -0.0769
vn -0.0328 0.9965 -0.0769
vn -0.0336 0.9973 -0.0648
vn -0.0154 0.9976 -0.067
vn -0.0154 0.9976 -0.067
vn -0.0336 0.9973 -0.0648
vn -0.0352 0.9976 -0.0603
vn -0.0181 0.9979 -0.0629
vn -0.0328 0.9965 -0.0769
vn -0.0502 0.9958 -0.0768
vn -0.0507 0.9967 -0.0636
vn -0.0336 0.9973 -0.0648
vn -0.0336 0.9973 -0.0648
vn -0.0507 0.9967 -0.0636
vn -0.052 0.9969 -0.0588
vn -0.0352 0.9976 -0.0603
vn -0.0502 0.9958 -0.0768
vn -0.0657 0.9949 -0.0767
vn -0.0659 0.9958 -0.0631
vn -0.0507 0.9967 -0.0636
vn -0.0507 0.9967 -0.0636
vn -0.0659 0.9958 -0.0631
vn -0.0668 0.9961 -0.0578
vn -0.052 0.9969 -0.0588
vn -0.0657 0.9949 -0.0767
vn -0.0795 0.9939 -0.0766
vn -0.0792 0.9948 -0.0633
vn -0.0659 0.9958 -0.0631
vn -0.0659 0.9958 -0.0631
vn -0.0792 0.9948 -0.0633
vn -0.0789 0.9952 -0.0579
vn -0.0668 0.9961 -0.0578
vn -0.0795 0.9939 -0.0766
vn -0.0916 0.9928 -0.0765
vn -0.0908 0.9938 -0.0644
vn -0.0792 0.9948 -0.0633
vn -0.0792 0.9948 -0.0633
vn -0.0908 0.9938 -0.0644
vn -0.0891 0.9943 -0.059
vn -0.0789 0.9952 -0.0579
vn -0.0916 0.9928 -0.0765
vn -0.1 0.992 -0.0765
vn -0.0985 0.9929 -0.0662
vn -0.0908 0.9938 -0.0644
vn -0.0908 0.9938 -0.0644
vn -0.0985 0.9929 -0.0662
vn -0.0951 0.9936 -0.061
vn -0.0891 0.9943 -0.059
vn -0.104 0.9916 -0.0764
vn -0.102 0.9924 -0.069
vn -0.0985 0.9929 -0.0662
vn -0.1 0.992 -0.0765
vn -0.102 0.9924 -0.069
vn -0.0981 0.9931 -0.064
vn -0.0951 0.9936 -0.061
vn -0.0985 0.9929 -0.0662
vn -0.1064 0.9914 -0.0764
vn -0.1045 0.9917 -0.0752
vn -0.1059 0.9914 -0.0764
vn -0.1053 0.9915 -0.0764
vn -0.104 0.992 -0.0719
vn -0.102 0.9924 -0.069
vn -0.104 0.9916 -0.0764
vn -0.104 0.992 -0.0719
vn -0.1045 0.9917 -0.0752
vn -0.0986 0.9927 -0.07
vn -0.0923 0.9937 -0.0633
vn -0.0981 0.9931 -0.064
vn -0.0986 0.9927 -0.07
vn -0.0923 0.9937 -0.0633
vn -0.0923 0.994 -0.0594
vn -0.0951 0.9936 -0.061
vn -0.0981 0.9931 -0.064
vn -0.1964 -0.7419 0.6411
vn -0.3819 -0.7536 0.535
vn -0.2547 -0.8686 0.4251
vn -0.0885 -0.8484 0.5219
vn -0.0885 -0.8484 0.5219
vn -0.2547 -0.8686 0.4251
vn -0.0751 -0.9628 0.2597
vn 0.041 -0.9365 0.3483
vn -0.0141 -0.7475 0.6641
vn -0.1964 -0.7419 0.6411
vn -0.0885 -0.8484 0.5219
vn 0.061 -0.849 0.5248
vn 0.061 -0.849 0.5248
vn -0.0885 -0.8484 0.5219
vn 0.041 -0.9365 0.3483
vn 0.1018 -0.9217 0.3743
vn -0.0141 -0.7475 0.6641
vn 0.061 -0.849 0.5248
vn 0.0582 -0.9213 0.3844
vn 0.0351 -0.832 0.5536
vn 0.1018 -0.9217 0.3743
vn 0.1132 -0.9185 0.3788
vn 0.0582 -0.9213 0.3844
vn 0.061 -0.849 0.5248
vn -0.0399 -0.9437 0.3284
vn 0.0351 -0.832 0.5536
vn 0.0582 -0.9213 0.3844
vn 0.02 -0.9673 0.2528
vn 0.1143 -0.913 0.3917
vn 0.1092 -0.9191 0.3785
vn 0.0582 -0.9213 0.3844
vn 0.1132 -0.9185 0.3788
vn 0.1082 -0.9203 0.3759
vn 0.0918 -0.9621 0.2567
vn 0.0582 -0.9213 0.3844
vn 0.1092 -0.9191 0.3785
vn 0.0738 -0.9817 0.1756
vn 0.02 -0.9673 0.2528
vn 0.0582 -0.9213 0.3844
vn 0.0918 -0.9621 0.2567
vn -0.0602 -0.9719 0.2276
vn -0.0399 -0.9437 0.3284
vn 0.02 -0.9673 0.2528
vn 0.008 -0.984 0.1781
vn 0.008 -0.984 0.1781
vn 0.02 -0.9673 0.2528
vn 0.0738 -0.9817 0.1756
vn 0.0636 -0.9889 0.134
vn -0.0756 -0.985 0.1553
vn -0.0602 -0.9719 0.2276
vn 0.008 -0.984 0.1781
vn -0.0054 -0.9915 0.1302
vn -0.0054 -0.9915 0.1302
vn 0.008 -0.984 0.1781
vn 0.0636 -0.9889 0.134
vn 0.0565 -0.9927 0.107
vn -0.0824 -0.9935 0.0779
vn -0.0756 -0.985 0.1553
vn -0.0054 -0.9915 0.1302
vn -0.0208 -0.9968 0.0775
vn -0.0208 -0.9968 0.0775
vn -0.0054 -0.9915 0.1302
vn 0.0565 -0.9927 0.107
vn 0.0533 -0.9945 0.0903
vn -0.0846 -0.996 -0.0297
vn -0.0824 -0.9935 0.0779
vn -0.0208 -0.9968 0.0775
vn 0.0029 -0.9985 0.0548
vn 0.0029 -0.9985 0.0548
vn -0.0208 -0.9968 0.0775
vn 0.0533 -0.9945 0.0903
vn 0.0542 -0.9947 0.0871
vn 0.0542 -0.9947 0.0871
vn 0.0576 -0.9954 0.077
vn 0.0458 -0.9967 0.0671
vn 0.0029 -0.9985 0.0548
vn -0.0846 -0.996 -0.0297
vn 0.0029 -0.9985 0.0548
vn 0.0458 -0.9967 0.0671
vn 0.0196 -0.999 0.041
vn 0.0613 -0.9958 0.0683
vn 0.0196 -0.999 0.041
vn 0.0458 -0.9967 0.0671
vn 0.0576 -0.9954 0.077
vn -0.0846 -0.996 -0.0297
vn 0.0196 -0.999 0.041
vn -0.0801 -0.9944 0.0687
vn -0.0983 -0.9927 0.0694
vn 0.0613 -0.9958 0.0683
vn 0.0203 -0.9953 0.0949
vn -0.0801 -0.9944 0.0687
vn 0.0196 -0.999 0.041
vn -0.0828 -0.9826 0.1662
vn -0.0983 -0.9927 0.0694
vn -0.0801 -0.9944 0.0687
vn 0.0203 -0.9953 0.0949
vn -0.0828 -0.9826 0.1662
vn 0.0203 -0.9953 0.0949
vn 0.0472 -0.9964 0.071
vn 0.0043 -0.9965 0.0834
vn 0.0613 -0.9958 0.0683
vn 0.0592 -0.9963 0.0616
vn 0.0472 -0.9964 0.071
vn 0.0203 -0.9953 0.0949
vn 0.0563 -0.997 0.0526
vn 0.0043 -0.9965 0.0834
vn 0.0472 -0.9964 0.071
vn 0.0592 -0.9963 0.0616
vn -0.4632 -0.8838 0.066
vn -0.4698 -0.881 0.0563
vn -0.126 -0.9892 0.0752
vn -0.1248 -0.9897 0.0707
vn -0.4698 -0.881 0.0563
vn -0.4542 -0.8909 -0.0024
vn -0.1102 -0.9935 0.0279
vn -0.126 -0.9892 0.0752
vn -0.8672 -0.4975 0.0204
vn -0.856 -0.5139 -0.0562
vn -0.4542 -0.8909 -0.0024
vn -0.4698 -0.881 0.0563
vn -0.8687 -0.4937 0.0395
vn -0.8672 -0.4975 0.0204
vn -0.4698 -0.881 0.0563
vn -0.4632 -0.8838 0.066
vn -0.4789 -0.8746 0.0758
vn -0.4632 -0.8838 0.066
vn -0.1248 -0.9897 0.0707
vn -0.1335 -0.9886 0.0698
vn -0.8708 -0.4882 0.0577
vn -0.8687 -0.4937 0.0395
vn -0.4632 -0.8838 0.066
vn -0.4789 -0.8746 0.0758
vn -0.866 -0.4813 0.1357
vn -0.8708 -0.4882 0.0577
vn -0.4789 -0.8746 0.0758
vn -0.4742 -0.8692 0.14
vn -0.4742 -0.8692 0.14
vn -0.4789 -0.8746 0.0758
vn -0.1335 -0.9886 0.0698
vn -0.125 -0.985 0.1193
vn -0.8181 -0.4513 0.3563
vn -0.866 -0.4813 0.1357
vn -0.4742 -0.8692 0.14
vn -0.4478 -0.8498 0.278
vn -0.4478 -0.8498 0.278
vn -0.4742 -0.8692 0.14
vn -0.125 -0.985 0.1193
vn -0.0943 -0.9824 0.161
vn -0.6326 -0.355 0.6883
vn -0.8181 -0.4513 0.3563
vn -0.4478 -0.8498 0.278
vn -0.3496 -0.7788 0.5208
vn -0.3496 -0.7788 0.5208
vn -0.4478 -0.8498 0.278
vn -0.0943 -0.9824 0.161
vn -0.0622 -0.9656 0.2524
vn -0.1732 -0.6609 0.7302
vn -0.3496 -0.7788 0.5208
vn -0.0622 -0.9656 0.2524
vn -0.0164 -0.9089 0.4167
vn -0.3346 -0.1996 0.921
vn -0.6326 -0.355 0.6883
vn -0.3496 -0.7788 0.5208
vn -0.1732 -0.6609 0.7302
vn -0.1071 -0.0654 0.9921
vn -0.3346 -0.1996 0.921
vn -0.1732 -0.6609 0.7302
vn -0.0411 -0.541 0.84
vn -0.0411 -0.541 0.84
vn -0.1732 -0.6609 0.7302
vn -0.0164 -0.9089 0.4167
vn 0.0182 -0.7959 0.6052
vn 0.0112 -0.4214 0.9068
vn -0.0411 -0.541 0.84
vn 0.0182 -0.7959 0.6052
vn 0.0274 -0.5973 0.8015
vn -0.0135 -0.0009 0.9999
vn -0.1071 -0.0654 0.9921
vn -0.0411 -0.541 0.84
vn 0.0112 -0.4214 0.9068
vn 0.0127 0.0204 0.9997
vn -0.0135 -0.0009 0.9999
vn 0.0112 -0.4214 0.9068
vn 0.0281 -0.2754 0.9609
vn 0.0281 -0.2754 0.9609
vn 0.0112 -0.4214 0.9068
vn 0.0274 -0.5973 0.8015
vn 0.0693 -0.4167 0.9064
vn 0.0474 -0.1979 0.9791
vn 0.0281 -0.2754 0.9609
vn 0.0693 -0.4167 0.9064
vn 0.0527 -0.421 0.9055
vn 0.0167 0.0201 0.9997
vn 0.0127 0.0204 0.9997
vn 0.0281 -0.2754 0.9609
vn 0.0474 -0.1979 0.9791
vn 0.0153 0.0148 0.9998
vn 0.0167 0.0201 0.9997
vn 0.0474 -0.1979 0.9791
vn 0.0437 -0.2286 0.9725
vn 0.0437 -0.2286 0.9725
vn 0.0474 -0.1979 0.9791
vn 0.0527 -0.421 0.9055
vn 0.0793 -0.4434 0.8928
vn 0.0063 0.0048 1
vn 0.0153 0.0148 0.9998
vn 0.0437 -0.2286 0.9725
vn 0.0537 -0.2835 0.9575
vn 0.0537 -0.2835 0.9575
vn 0.0437 -0.2286 0.9725
vn 0.0793 -0.4434 0.8928
vn 0.0944 -0.5004 0.8606
vn -0.0467 -0.0157 0.9988
vn 0.0063 0.0048 1
vn 0.0537 -0.2835 0.9575
vn 0.0062 -0.3437 0.9391
vn 0.0062 -0.3437 0.9391
vn 0.0537 -0.2835 0.9575
vn 0.0944 -0.5004 0.8606
vn 0.0467 -0.6051 0.7948
vn 0.0062 -0.3437 0.9391
vn 0.0467 -0.6051 0.7948
vn -0.126 -0.7009 0.7021
vn -0.1809 -0.4387 0.8802
vn -0.0467 -0.0157 0.9988
vn 0.0062 -0.3437 0.9391
vn -0.1809 -0.4387 0.8802
vn -0.2643 -0.0703 0.9619
vn -0.1809 -0.4387 0.8802
vn -0.126 -0.7009 0.7021
vn -0.3604 -0.7778 0.515
vn -0.5256 -0.5592 0.6411
vn -0.2643 -0.0703 0.9619
vn -0.1809 -0.4387 0.8802
vn -0.5256 -0.5592 0.6411
vn -0.6742 -0.167 0.7194
vn -0.0467 -0.0157 0.9988
vn -0.2643 -0.0703 0.9619
vn -0.2763 -0.011 0.961
vn -0.0548 0.0296 0.9981
vn -0.2643 -0.0703 0.9619
vn -0.6742 -0.167 0.7194
vn -0.6902 -0.0916 0.7178
vn -0.2763 -0.011 0.961
vn -0.2763 -0.011 0.961
vn -0.6902 -0.0916 0.7178
vn -0.6972 -0.0516 0.715
vn -0.2813 0.0216 0.9594
vn -0.0548 0.0296 0.9981
vn -0.2763 -0.011 0.961
vn -0.2813 0.0216 0.9594
vn -0.0586 0.0554 0.9967
vn 0.0063 0.0048 1
vn -0.0467 -0.0157 0.9988
vn -0.0548 0.0296 0.9981
vn -0.0007 0.0404 0.9992
vn -0.0007 0.0404 0.9992
vn -0.0548 0.0296 0.9981
vn -0.0586 0.0554 0.9967
vn -0.0042 0.0639 0.9979
vn 0.0153 0.0148 0.9998
vn 0.0063 0.0048 1
vn -0.0007 0.0404 0.9992
vn 0.0104 0.0443 0.999
vn 0.0104 0.0443 0.999
vn -0.0007 0.0404 0.9992
vn -0.0042 0.0639 0.9979
vn 0.0069 0.0664 0.9978
vn 0.0167 0.0201 0.9997
vn 0.0153 0.0148 0.9998
vn 0.0104 0.0443 0.999
vn 0.0118 0.0472 0.9988
vn 0.0118 0.0472 0.9988
vn 0.0104 0.0443 0.999
vn 0.0069 0.0664 0.9978
vn 0.0084 0.0679 0.9977
vn 0.0127 0.0204 0.9997
vn 0.0167 0.0201 0.9997
vn 0.0118 0.0472 0.9988
vn 0.0091 0.0496 0.9987
vn 0.0091 0.0496 0.9987
vn 0.0118 0.0472 0.9988
vn 0.0084 0.0679 0.9977
vn 0.0057 0.0689 0.9976
vn -0.0148 0.047 0.9988
vn 0.0091 0.0496 0.9987
vn 0.0057 0.0689 0.9976
vn -0.0181 0.0667 0.9976
vn -0.0135 -0.0009 0.9999
vn 0.0127 0.0204 0.9997
vn 0.0091 0.0496 0.9987
vn -0.0148 0.047 0.9988
vn -0.1071 -0.0654 0.9921
vn -0.0135 -0.0009 0.9999
vn -0.0148 0.047 0.9988
vn -0.1087 0.0265 0.9937
vn -0.1087 0.0265 0.9937
vn -0.0148 0.047 0.9988
vn -0.0181 0.0667 0.9976
vn -0.1122 0.0532 0.9923
vn -0.3346 -0.1996 0.921
vn -0.1071 -0.0654 0.9921
vn -0.1087 0.0265 0.9937
vn -0.3489 -0.0345 0.9365
vn -0.3489 -0.0345 0.9365
vn -0.1087 0.0265 0.9937
vn -0.1122 0.0532 0.9923
vn -0.3538 0.013 0.9352
vn -0.6326 -0.355 0.6883
vn -0.3346 -0.1996 0.921
vn -0.3489 -0.0345 0.9365
vn -0.6892 -0.1307 0.7126
vn -0.6892 -0.1307 0.7126
vn -0.3489 -0.0345 0.9365
vn -0.3538 0.013 0.9352
vn -0.7 -0.0554 0.712
vn -0.9098 -0.2064 0.3601
vn -0.6892 -0.1307 0.7126
vn -0.7 -0.0554 0.712
vn -0.9269 -0.1157 0.357
vn -0.8181 -0.4513 0.3563
vn -0.6326 -0.355 0.6883
vn -0.6892 -0.1307 0.7126
vn -0.9098 -0.2064 0.3601
vn -0.866 -0.4813 0.1357
vn -0.8181 -0.4513 0.3563
vn -0.9098 -0.2064 0.3601
vn -0.9642 -0.2361 0.1205
vn -0.9642 -0.2361 0.1205
vn -0.9098 -0.2064 0.3601
vn -0.9269 -0.1157 0.357
vn -0.9832 -0.1423 0.1144
vn -0.8708 -0.4882 0.0577
vn -0.866 -0.4813 0.1357
vn -0.9642 -0.2361 0.1205
vn -0.969 -0.2434 0.0411
vn -0.969 -0.2434 0.0411
vn -0.9642 -0.2361 0.1205
vn -0.9832 -0.1423 0.1144
vn -0.9882 -0.1491 0.0339
vn -0.8687 -0.4937 0.0395
vn -0.8708 -0.4882 0.0577
vn -0.969 -0.2434 0.0411
vn -0.9692 -0.2454 0.0208
vn -0.9692 -0.2454 0.0208
vn -0.969 -0.2434 0.0411
vn -0.9882 -0.1491 0.0339
vn -0.9885 -0.1507 0.0133
vn -0.9689 -0.2476 0.0003
vn -0.9692 -0.2454 0.0208
vn -0.9885 -0.1507 0.0133
vn -0.9883 -0.1523 -0.0073
vn -0.8672 -0.4975 0.0204
vn -0.8687 -0.4937 0.0395
vn -0.9692 -0.2454 0.0208
vn -0.9689 -0.2476 0.0003
vn -0.856 -0.5139 -0.0562
vn -0.8672 -0.4975 0.0204
vn -0.9689 -0.2476 0.0003
vn -0.9634 -0.2558 -0.0798
vn -0.9634 -0.2558 -0.0798
vn -0.9689 -0.2476 0.0003
vn -0.9883 -0.1523 -0.0073
vn -0.9834 -0.1585 -0.088
vn -0.7987 -0.5366 -0.2724
vn -0.856 -0.5139 -0.0562
vn -0.9634 -0.2558 -0.0798
vn -0.9071 -0.272 -0.3214
vn -0.9071 -0.272 -0.3214
vn -0.9634 -0.2558 -0.0798
vn -0.9834 -0.1585 -0.088
vn -0.9275 -0.1715 -0.3321
vn -0.6073 -0.5203 -0.6004
vn -0.7987 -0.5366 -0.2724
vn -0.9071 -0.272 -0.3214
vn -0.6853 -0.2638 -0.6788
vn -0.6853 -0.2638 -0.6788
vn -0.9071 -0.272 -0.3214
vn -0.9275 -0.1715 -0.3321
vn -0.7011 -0.1695 -0.6926
vn -0.3164 -0.4346 -0.8432
vn -0.6073 -0.5203 -0.6004
vn -0.6853 -0.2638 -0.6788
vn -0.3472 -0.2119 -0.9135
vn -0.3472 -0.2119 -0.9135
vn -0.6853 -0.2638 -0.6788
vn -0.7011 -0.1695 -0.6926
vn -0.3554 -0.1381 -0.9245
vn -0.0992 -0.3309 -0.9385
vn -0.3164 -0.4346 -0.8432
vn -0.3472 -0.2119 -0.9135
vn -0.1088 -0.162 -0.9808
vn -0.1088 -0.162 -0.9808
vn -0.3472 -0.2119 -0.9135
vn -0.3554 -0.1381 -0.9245
vn -0.1138 -0.1075 -0.9877
vn -0.0153 -0.1401 -0.99
vn -0.1088 -0.162 -0.9808
vn -0.1138 -0.1075 -0.9877
vn -0.0198 -0.0945 -0.9953
vn -0.0092 -0.2666 -0.9638
vn -0.0992 -0.3309 -0.9385
vn -0.1088 -0.162 -0.9808
vn -0.0153 -0.1401 -0.99
vn 0.0158 -0.2359 -0.9716
vn -0.0092 -0.2666 -0.9638
vn -0.0153 -0.1401 -0.99
vn 0.0084 -0.1341 -0.9909
vn 0.0084 -0.1341 -0.9909
vn -0.0153 -0.1401 -0.99
vn -0.0198 -0.0945 -0.9953
vn 0.004 -0.0917 -0.9958
vn 0.019 -0.2249 -0.9742
vn 0.0158 -0.2359 -0.9716
vn 0.0084 -0.1341 -0.9909
vn 0.0109 -0.1328 -0.9911
vn 0.0109 -0.1328 -0.9911
vn 0.0084 -0.1341 -0.9909
vn 0.004 -0.0917 -0.9958
vn 0.0066 -0.092 -0.9957
vn 0.0169 -0.2188 -0.9756
vn 0.019 -0.2249 -0.9742
vn 0.0109 -0.1328 -0.9911
vn 0.0092 -0.1321 -0.9912
vn 0.0092 -0.1321 -0.9912
vn 0.0109 -0.1328 -0.9911
vn 0.0066 -0.092 -0.9957
vn 0.0051 -0.0929 -0.9957
vn -0.0021 -0.1327 -0.9912
vn 0.0092 -0.1321 -0.9912
vn 0.0051 -0.0929 -0.9957
vn -0.0061 -0.0949 -0.9955
vn 0.0073 -0.2182 -0.9759
vn 0.0169 -0.2188 -0.9756
vn 0.0092 -0.1321 -0.9912
vn -0.0021 -0.1327 -0.9912
vn -0.0463 -0.2302 -0.9721
vn 0.0073 -0.2182 -0.9759
vn -0.0021 -0.1327 -0.9912
vn -0.0563 -0.1408 -0.9884
vn -0.0563 -0.1408 -0.9884
vn -0.0021 -0.1327 -0.9912
vn -0.0061 -0.0949 -0.9955
vn -0.0605 -0.1026 -0.9929
vn -0.0605 -0.1026 -0.9929
vn -0.2834 -0.1299 -0.9502
vn -0.278 -0.1732 -0.9448
vn -0.0563 -0.1408 -0.9884
vn -0.0563 -0.1408 -0.9884
vn -0.278 -0.1732 -0.9448
vn -0.2626 -0.2717 -0.9259
vn -0.0463 -0.2302 -0.9721
vn -0.2834 -0.1299 -0.9502
vn -0.6989 -0.1636 -0.6963
vn -0.6918 -0.2111 -0.6905
vn -0.278 -0.1732 -0.9448
vn -0.278 -0.1732 -0.9448
vn -0.6918 -0.2111 -0.6905
vn -0.6705 -0.3158 -0.6713
vn -0.2626 -0.2717 -0.9259
vn -0.1661 -0.6497 -0.7418
vn -0.2626 -0.2717 -0.9259
vn -0.6705 -0.3158 -0.6713
vn -0.4878 -0.7091 -0.5091
vn 0.0085 -0.582 -0.8132
vn -0.0463 -0.2302 -0.9721
vn -0.2626 -0.2717 -0.9259
vn -0.1661 -0.6497 -0.7418
vn 0.0505 -0.8039 -0.5927
vn 0.0085 -0.582 -0.8132
vn -0.1661 -0.6497 -0.7418
vn -0.0965 -0.8579 -0.5047
vn -0.0965 -0.8579 -0.5047
vn -0.1661 -0.6497 -0.7418
vn -0.4878 -0.7091 -0.5091
vn -0.302 -0.8892 -0.3437
vn -0.2582 -0.9202 -0.2941
vn -0.0971 -0.9159 -0.3894
vn 0.0402 -0.9805 -0.1925
vn -0.0658 -0.9917 -0.11
vn -0.0971 -0.9159 -0.3894
vn 0.0501 -0.9195 -0.3898
vn 0.0957 -0.9719 -0.215
vn 0.0402 -0.9805 -0.1925
vn -0.2101 -0.8216 -0.5299
vn -0.0295 -0.8332 -0.5522
vn 0.0501 -0.9195 -0.3898
vn -0.0971 -0.9159 -0.3894
vn -0.394 -0.8155 -0.4239
vn -0.2101 -0.8216 -0.5299
vn -0.0971 -0.9159 -0.3894
vn -0.2582 -0.9202 -0.2941
vn -0.6027 -0.3486 -0.7178
vn -0.6723 -0.321 -0.6671
vn -0.6907 -0.2372 -0.6831
vn -0.6804 -0.2543 -0.6873
vn -0.6804 -0.2543 -0.6873
vn -0.6907 -0.2372 -0.6831
vn -0.7042 -0.1513 -0.6937
vn -0.7482 -0.1556 -0.6449
vn -0.4709 -0.431 -0.7698
vn -0.6027 -0.3486 -0.7178
vn -0.6804 -0.2543 -0.6873
vn -0.6438 -0.3046 -0.702
vn -0.6438 -0.3046 -0.702
vn -0.6804 -0.2543 -0.6873
vn -0.7482 -0.1556 -0.6449
vn -0.7802 -0.1691 -0.6022
vn -0.498 -0.5762 -0.6481
vn -0.4709 -0.431 -0.7698
vn -0.6438 -0.3046 -0.702
vn -0.6763 -0.3879 -0.6262
vn -0.6763 -0.3879 -0.6262
vn -0.6438 -0.3046 -0.702
vn -0.7802 -0.1691 -0.6022
vn -0.8264 -0.189 -0.5304
vn -0.5869 -0.6779 -0.4427
vn -0.498 -0.5762 -0.6481
vn -0.6763 -0.3879 -0.6262
vn -0.7583 -0.4575 -0.4644
vn -0.7583 -0.4575 -0.4644
vn -0.6763 -0.3879 -0.6262
vn -0.8264 -0.189 -0.5304
vn -0.88 -0.2032 -0.4293
vn -0.6307 -0.7194 -0.2911
vn -0.5869 -0.6779 -0.4427
vn -0.7583 -0.4575 -0.4644
vn -0.8082 -0.4876 -0.3302
vn -0.8082 -0.4876 -0.3302
vn -0.7583 -0.4575 -0.4644
vn -0.88 -0.2032 -0.4293
vn -0.9193 -0.2081 -0.3339
vn -0.6558 -0.7328 -0.1816
vn -0.6307 -0.7194 -0.2911
vn -0.8082 -0.4876 -0.3302
vn -0.8395 -0.4949 -0.2242
vn -0.8395 -0.4949 -0.2242
vn -0.8082 -0.4876 -0.3302
vn -0.9193 -0.2081 -0.3339
vn -0.9469 -0.2077 -0.2454
vn -0.6601 -0.742 -0.1174
vn -0.6558 -0.7328 -0.1816
vn -0.8395 -0.4949 -0.2242
vn -0.8548 -0.4986 -0.144
vn -0.8548 -0.4986 -0.144
vn -0.8395 -0.4949 -0.2242
vn -0.9469 -0.2077 -0.2454
vn -0.9666 -0.2038 -0.1555
vn -0.6928 -0.7126 0.1106
vn -0.6601 -0.742 -0.1174
vn -0.8548 -0.4986 -0.144
vn -0.8775 -0.4759 0.0596
vn -0.8775 -0.4759 0.0596
vn -0.8548 -0.4986 -0.144
vn -0.9666 -0.2038 -0.1555
vn -0.9806 -0.1914 -0.0429
vn -0.7324 -0.6788 0.0539
vn -0.6928 -0.7126 0.1106
vn -0.8775 -0.4759 0.0596
vn -0.9001 -0.4342 0.0362
vn -0.9001 -0.4342 0.0362
vn -0.8775 -0.4759 0.0596
vn -0.9806 -0.1914 -0.0429
vn -0.9832 -0.1816 0.0182
vn -0.6917 -0.7222 -0.002
vn -0.7324 -0.6788 0.0539
vn -0.9001 -0.4342 0.0362
vn -0.8773 -0.4796 0.0176
vn -0.8773 -0.4796 0.0176
vn -0.9001 -0.4342 0.0362
vn -0.9832 -0.1816 0.0182
vn -0.9801 -0.1817 0.0799
vn -0.6556 -0.7197 0.2285
vn -0.6917 -0.7222 -0.002
vn -0.8773 -0.4796 0.0176
vn -0.8526 -0.4729 0.2225
vn -0.8526 -0.4729 0.2225
vn -0.8773 -0.4796 0.0176
vn -0.9801 -0.1817 0.0799
vn -0.9652 -0.1764 0.1931
vn -0.6495 -0.7022 0.2916
vn -0.6556 -0.7197 0.2285
vn -0.8526 -0.4729 0.2225
vn -0.8362 -0.4577 0.302
vn -0.8362 -0.4577 0.302
vn -0.8526 -0.4729 0.2225
vn -0.9652 -0.1764 0.1931
vn -0.9448 -0.1661 0.2825
vn -0.6226 -0.6737 0.3981
vn -0.6495 -0.7022 0.2916
vn -0.8362 -0.4577 0.302
vn -0.8038 -0.4347 0.4062
vn -0.8038 -0.4347 0.4062
vn -0.8362 -0.4577 0.302
vn -0.9448 -0.1661 0.2825
vn -0.9164 -0.1523 0.3701
vn -0.577 -0.6106 0.5425
vn -0.6226 -0.6737 0.3981
vn -0.8038 -0.4347 0.4062
vn -0.7522 -0.3843 0.5352
vn -0.7522 -0.3843 0.5352
vn -0.8038 -0.4347 0.4062
vn -0.9164 -0.1523 0.3701
vn -0.8762 -0.132 0.4635
vn -0.6674 -0.2884 0.6866
vn -0.7522 -0.3843 0.5352
vn -0.8762 -0.132 0.4635
vn -0.8214 -0.1012 0.5613
vn -0.4852 -0.4772 0.7327
vn -0.577 -0.6106 0.5425
vn -0.7522 -0.3843 0.5352
vn -0.6674 -0.2884 0.6866
vn -0.4553 -0.31 0.8346
vn -0.4852 -0.4772 0.7327
vn -0.6674 -0.2884 0.6866
vn -0.6342 -0.1914 0.7491
vn -0.6342 -0.1914 0.7491
vn -0.6674 -0.2884 0.6866
vn -0.8214 -0.1012 0.5613
vn -0.7745 -0.0691 0.6288
vn -0.5912 -0.2343 0.7717
vn -0.4553 -0.31 0.8346
vn -0.6342 -0.1914 0.7491
vn -0.6725 -0.1423 0.7262
vn -0.6725 -0.1423 0.7262
vn -0.6342 -0.1914 0.7491
vn -0.7745 -0.0691 0.6288
vn -0.7424 -0.048 0.6683
vn -0.6639 -0.2141 0.7165
vn -0.5912 -0.2343 0.7717
vn -0.6725 -0.1423 0.7262
vn -0.6838 -0.1253 0.7189
vn -0.6838 -0.1253 0.7189
vn -0.6725 -0.1423 0.7262
vn -0.7424 -0.048 0.6683
vn -0.698 -0.0351 0.7152
vn -0.084 -0.9947 0.0595
vn -0.0828 -0.9826 0.1662
vn 0.0043 -0.9965 0.0834
vn -0.0202 -0.9979 0.0613
vn -0.0794 -0.9967 -0.0182
vn -0.084 -0.9947 0.0595
vn -0.0202 -0.9979 0.0613
vn -0.0059 -0.9999 0.0087
vn -0.0202 -0.9979 0.0613
vn 0.0043 -0.9965 0.0834
vn 0.0563 -0.997 0.0526
vn 0.0557 -0.9972 0.0491
vn -0.0059 -0.9999 0.0087
vn -0.0202 -0.9979 0.0613
vn 0.0557 -0.9972 0.0491
vn 0.059 -0.9977 0.0324
vn -0.0659 -0.9936 -0.092
vn -0.0794 -0.9967 -0.0182
vn -0.0059 -0.9999 0.0087
vn 0.0063 -0.9992 -0.0385
vn 0.0063 -0.9992 -0.0385
vn -0.0059 -0.9999 0.0087
vn 0.059 -0.9977 0.0324
vn 0.0656 -0.9978 0.0065
vn -0.0482 -0.9795 -0.1956
vn -0.0659 -0.9936 -0.092
vn 0.0063 -0.9992 -0.0385
vn 0.0165 -0.9935 -0.1124
vn 0.0165 -0.9935 -0.1124
vn 0.0063 -0.9992 -0.0385
vn 0.0656 -0.9978 0.0065
vn 0.0748 -0.9967 -0.0328
vn -0.0482 -0.9795 -0.1956
vn 0.0165 -0.9935 -0.1124
vn 0.0513 -0.9711 -0.2332
vn 0.0215 -0.9015 -0.4323
vn 0.0748 -0.9967 -0.0328
vn 0.0909 -0.9902 -0.106
vn 0.0513 -0.9711 -0.2332
vn 0.0165 -0.9935 -0.1124
vn -0.0295 -0.8332 -0.5522
vn 0.0215 -0.9015 -0.4323
vn 0.0513 -0.9711 -0.2332
vn 0.0501 -0.9195 -0.3898
vn 0.1033 -0.9741 -0.201
vn 0.1044 -0.9734 -0.2038
vn 0.0513 -0.9711 -0.2332
vn 0.0909 -0.9902 -0.106
vn 0.1094 -0.97 -0.2173
vn 0.1067 -0.9709 -0.2143
vn 0.0513 -0.9711 -0.2332
vn 0.1044 -0.9734 -0.2038
vn 0.0957 -0.9719 -0.215
vn 0.0501 -0.9195 -0.3898
vn 0.0513 -0.9711 -0.2332
vn 0.1067 -0.9709 -0.2143
vn 0.0549 -0.5427 -0.8381
vn 0.0935 -0.7436 -0.6621
vn 0.0814 -0.7132 -0.6962
vn 0.0479 -0.5128 -0.8572
vn 0.0085 -0.582 -0.8132
vn 0.0505 -0.8039 -0.5927
vn 0.0935 -0.7436 -0.6621
vn 0.0549 -0.5427 -0.8381
vn -0.0463 -0.2302 -0.9721
vn 0.0085 -0.582 -0.8132
vn 0.0549 -0.5427 -0.8381
vn 0.0073 -0.2182 -0.9759
vn 0.0073 -0.2182 -0.9759
vn 0.0549 -0.5427 -0.8381
vn 0.0479 -0.5128 -0.8572
vn 0.0169 -0.2188 -0.9756
vn 0.0479 -0.5128 -0.8572
vn 0.0814 -0.7132 -0.6962
vn 0.0586 -0.7062 -0.7055
vn 0.0518 -0.5031 -0.8626
vn 0.0169 -0.2188 -0.9756
vn 0.0479 -0.5128 -0.8572
vn 0.0518 -0.5031 -0.8626
vn 0.019 -0.2249 -0.9742
vn 0.0518 -0.5031 -0.8626
vn 0.0586 -0.7062 -0.7055
vn 0.0732 -0.7121 -0.6982
vn 0.0358 -0.5677 -0.8225
vn 0.019 -0.2249 -0.9742
vn 0.0518 -0.5031 -0.8626
vn 0.0358 -0.5677 -0.8225
vn 0.0158 -0.2359 -0.9716
vn 0.0158 -0.2359 -0.9716
vn 0.0358 -0.5677 -0.8225
vn 0.0207 -0.6693 -0.7427
vn -0.0092 -0.2666 -0.9638
vn 0.0358 -0.5677 -0.8225
vn 0.0732 -0.7121 -0.6982
vn 0.0373 -0.8252 -0.5636
vn 0.0207 -0.6693 -0.7427
vn 0.0207 -0.6693 -0.7427
vn 0.0373 -0.8252 -0.5636
vn 0.0293 -0.9255 -0.3777
vn -0.026 -0.7501 -0.6608
vn -0.0092 -0.2666 -0.9638
vn 0.0207 -0.6693 -0.7427
vn -0.026 -0.7501 -0.6608
vn -0.0992 -0.3309 -0.9385
vn -0.0992 -0.3309 -0.9385
vn -0.026 -0.7501 -0.6608
vn -0.1451 -0.8275 -0.5424
vn -0.3164 -0.4346 -0.8432
vn -0.026 -0.7501 -0.6608
vn 0.0293 -0.9255 -0.3777
vn -0.001 -0.9754 -0.2205
vn -0.1451 -0.8275 -0.5424
vn -0.1451 -0.8275 -0.5424
vn -0.001 -0.9754 -0.2205
vn -0.0434 -0.9954 -0.0855
vn -0.3096 -0.8871 -0.3424
vn -0.3164 -0.4346 -0.8432
vn -0.1451 -0.8275 -0.5424
vn -0.3096 -0.8871 -0.3424
vn -0.6073 -0.5203 -0.6004
vn -0.3096 -0.8871 -0.3424
vn -0.0434 -0.9954 -0.0855
vn -0.0763 -0.9971 -0.0083
vn -0.4146 -0.9014 -0.1248
vn -0.6073 -0.5203 -0.6004
vn -0.3096 -0.8871 -0.3424
vn -0.4146 -0.9014 -0.1248
vn -0.7987 -0.5366 -0.2724
vn -0.4146 -0.9014 -0.1248
vn -0.0763 -0.9971 -0.0083
vn -0.1102 -0.9935 0.0279
vn -0.4542 -0.8909 -0.0024
vn -0.7987 -0.5366 -0.2724
vn -0.4146 -0.9014 -0.1248
vn -0.4542 -0.8909 -0.0024
vn -0.856 -0.5139 -0.0562
vn 0.0051 -0.0929 -0.9957
vn 0.0066 -0.092 -0.9957
vn 0.0035 -0.0654 -0.9979
vn 0.0018 -0.0659 -0.9978
vn 0.0066 -0.092 -0.9957
vn 0.004 -0.0917 -0.9958
vn 0.0011 -0.0655 -0.9979
vn 0.0035 -0.0654 -0.9979
vn 0.0035 -0.0654 -0.9979
vn 0.0011 -0.0655 -0.9979
vn -0.0009 -0.0463 -0.9989
vn 0.0014 -0.0468 -0.9989
vn 0.0018 -0.0659 -0.9978
vn 0.0035 -0.0654 -0.9979
vn 0.0014 -0.0468 -0.9989
vn -0.0006 -0.0477 -0.9989
vn -0.0001 -0.0356 -0.9994
vn 0.0014 -0.0468 -0.9989
vn -0.0009 -0.0463 -0.9989
vn -0.0024 -0.0338 -0.9994
vn -0.0021 -0.0372 -0.9993
vn -0.0006 -0.0477 -0.9989
vn 0.0014 -0.0468 -0.9989
vn -0.0001 -0.0356 -0.9994
vn -0.0029 -0.033 -0.9995
vn -0.0021 -0.0372 -0.9993
vn -0.0001 -0.0356 -0.9994
vn -0.0011 -0.0304 -0.9995
vn -0.0011 -0.0304 -0.9995
vn -0.0001 -0.0356 -0.9994
vn -0.0024 -0.0338 -0.9994
vn -0.0036 -0.0273 -0.9996
vn -0.0011 -0.0304 -0.9995
vn -0.0036 -0.0273 -0.9996
vn -0.0057 0.0302 -0.9995
vn -0.0036 0.0249 -0.9997
vn -0.0029 -0.033 -0.9995
vn -0.0011 -0.0304 -0.9995
vn -0.0036 0.0249 -0.9997
vn -0.0061 0.0205 -0.9998
vn -0.0036 0.0249 -0.9997
vn -0.0057 0.0302 -0.9995
vn -0.0096 0.191 -0.9815
vn -0.0094 0.1823 -0.9832
vn -0.0061 0.0205 -0.9998
vn -0.0036 0.0249 -0.9997
vn -0.0094 0.1823 -0.9832
vn -0.0141 0.1751 -0.9845
vn -0.0176 0.4074 -0.9131
vn -0.0256 0.399 -0.9166
vn -0.0141 0.1751 -0.9845
vn -0.0094 0.1823 -0.9832
vn -0.0146 0.4171 -0.9088
vn -0.0176 0.4074 -0.9131
vn -0.0094 0.1823 -0.9832
vn -0.0096 0.191 -0.9815
vn -0.0266 0.6651 -0.7463
vn -0.0387 0.659 -0.7512
vn -0.0256 0.399 -0.9166
vn -0.0176 0.4074 -0.9131
vn -0.0195 0.6714 -0.7408
vn -0.0266 0.6651 -0.7463
vn -0.0176 0.4074 -0.9131
vn -0.0146 0.4171 -0.9088
vn -0.0284 0.6757 -0.7366
vn -0.0195 0.6714 -0.7408
vn -0.0146 0.4171 -0.9088
vn -0.0312 0.4258 -0.9043
vn -0.0312 0.4258 -0.9043
vn -0.0146 0.4171 -0.9088
vn -0.0096 0.191 -0.9815
vn -0.0312 0.1998 -0.9793
vn -0.0854 0.6777 -0.7303
vn -0.0284 0.6757 -0.7366
vn -0.0312 0.4258 -0.9043
vn -0.1094 0.4337 -0.8944
vn -0.1094 0.4337 -0.8944
vn -0.0312 0.4258 -0.9043
vn -0.0312 0.1998 -0.9793
vn -0.1213 0.2088 -0.9704
vn -0.2452 0.69 -0.681
vn -0.0854 0.6777 -0.7303
vn -0.1094 0.4337 -0.8944
vn -0.316 0.4557 -0.8321
vn -0.316 0.4557 -0.8321
vn -0.1094 0.4337 -0.8944
vn -0.1213 0.2088 -0.9704
vn -0.3542 0.2297 -0.9065
vn -0.475 0.7154 -0.5124
vn -0.2452 0.69 -0.681
vn -0.316 0.4557 -0.8321
vn -0.6066 0.4918 -0.6247
vn -0.6066 0.4918 -0.6247
vn -0.316 0.4557 -0.8321
vn -0.3542 0.2297 -0.9065
vn -0.6816 0.2638 -0.6825
vn -0.7952 0.5147 -0.3206
vn -0.6066 0.4918 -0.6247
vn -0.6816 0.2638 -0.6825
vn -0.8935 0.2892 -0.3435
vn -0.6243 0.7328 -0.2705
vn -0.475 0.7154 -0.5124
vn -0.6066 0.4918 -0.6247
vn -0.7952 0.5147 -0.3206
vn -0.6566 0.7452 -0.1167
vn -0.6243 0.7328 -0.2705
vn -0.7952 0.5147 -0.3206
vn -0.841 0.5274 -0.1208
vn -0.841 0.5274 -0.1208
vn -0.7952 0.5147 -0.3206
vn -0.8935 0.2892 -0.3435
vn -0.9459 0.3029 -0.1163
vn -0.9459 0.3029 -0.1163
vn -0.9495 0.3108 -0.0421
vn -0.8416 0.537 -0.057
vn -0.841 0.5274 -0.1208
vn -0.841 0.5274 -0.1208
vn -0.8416 0.537 -0.057
vn -0.6527 0.7544 -0.0695
vn -0.6566 0.7452 -0.1167
vn -0.9495 0.3108 -0.0421
vn -0.9496 0.3126 -0.0234
vn -0.8409 0.5396 -0.0411
vn -0.8416 0.537 -0.057
vn -0.8416 0.537 -0.057
vn -0.8409 0.5396 -0.0411
vn -0.6507 0.7571 -0.0581
vn -0.6527 0.7544 -0.0695
vn -0.9496 0.3126 -0.0234
vn -0.9504 0.3111 -0.0044
vn -0.8429 0.5375 -0.0249
vn -0.8409 0.5396 -0.0411
vn -0.8409 0.5396 -0.0411
vn -0.8429 0.5375 -0.0249
vn -0.6537 0.7554 -0.0463
vn -0.6507 0.7571 -0.0581
vn -0.9504 0.3111 -0.0044
vn -0.9473 0.3125 0.0704
vn -0.8432 0.5361 0.04
vn -0.8429 0.5375 -0.0249
vn -0.8429 0.5375 -0.0249
vn -0.8432 0.5361 0.04
vn -0.6582 0.7528 0.0019
vn -0.6537 0.7554 -0.0463
vn -0.6537 0.7554 -0.0463
vn -0.6582 0.7528 0.0019
vn -0.427 0.9036 -0.0338
vn -0.4211 0.9048 -0.0629
vn -0.6507 0.7571 -0.0581
vn -0.6537 0.7554 -0.0463
vn -0.4211 0.9048 -0.0629
vn -0.4183 0.9056 -0.0697
vn -0.4211 0.9048 -0.0629
vn -0.427 0.9036 -0.0338
vn -0.231 0.9713 -0.0572
vn -0.226 0.9715 -0.0717
vn -0.4183 0.9056 -0.0697
vn -0.4211 0.9048 -0.0629
vn -0.226 0.9715 -0.0717
vn -0.2242 0.9717 -0.0749
vn -0.427 0.9036 -0.0338
vn -0.4086 0.9105 0.0642
vn -0.2248 0.9744 -0.0048
vn -0.231 0.9713 -0.0572
vn -0.6582 0.7528 0.0019
vn -0.6261 0.7639 0.1563
vn -0.4086 0.9105 0.0642
vn -0.427 0.9036 -0.0338
vn -0.6261 0.7639 0.1563
vn -0.4761 0.7838 0.3988
vn -0.3086 0.9244 0.2241
vn -0.4086 0.9105 0.0642
vn -0.4086 0.9105 0.0642
vn -0.3086 0.9244 0.2241
vn -0.1686 0.982 0.0849
vn -0.2248 0.9744 -0.0048
vn -0.3086 0.9244 0.2241
vn -0.1558 0.9284 0.3374
vn -0.0811 0.9865 0.1426
vn -0.1686 0.982 0.0849
vn -0.4761 0.7838 0.3988
vn -0.2451 0.7847 0.5693
vn -0.1558 0.9284 0.3374
vn -0.3086 0.9244 0.2241
vn -0.2451 0.7847 0.5693
vn -0.0845 0.7803 0.6196
vn -0.0546 0.9286 0.3671
vn -0.1558 0.9284 0.3374
vn -0.1558 0.9284 0.3374
vn -0.0546 0.9286 0.3671
vn -0.0295 0.9886 0.1479
vn -0.0811 0.9865 0.1426
vn -0.0845 0.7803 0.6196
vn -0.0272 0.7794 0.626
vn -0.0225 0.9294 0.3684
vn -0.0546 0.9286 0.3671
vn -0.0546 0.9286 0.3671
vn -0.0225 0.9294 0.3684
vn -0.0177 0.9894 0.1441
vn -0.0295 0.9886 0.1479
vn -0.0272 0.7794 0.626
vn -0.0182 0.7757 0.6309
vn -0.0215 0.9284 0.3711
vn -0.0225 0.9294 0.3684
vn -0.0225 0.9294 0.3684
vn -0.0215 0.9284 0.3711
vn -0.0228 0.9893 0.144
vn -0.0177 0.9894 0.1441
vn -0.0182 0.7757 0.6309
vn -0.0252 0.7702 0.6373
vn -0.0321 0.9261 0.3759
vn -0.0215 0.9284 0.3711
vn -0.0215 0.9284 0.3711
vn -0.0321 0.9261 0.3759
vn -0.0357 0.9886 0.1465
vn -0.0228 0.9893 0.144
vn -0.0252 0.7702 0.6373
vn -0.0372 0.7649 0.6431
vn -0.0473 0.9234 0.3809
vn -0.0321 0.9261 0.3759
vn -0.0321 0.9261 0.3759
vn -0.0473 0.9234 0.3809
vn -0.0525 0.9873 0.1497
vn -0.0357 0.9886 0.1465
vn -0.0372 0.7649 0.6431
vn -0.0561 0.7604 0.6471
vn -0.0665 0.9206 0.3848
vn -0.0473 0.9234 0.3809
vn -0.0473 0.9234 0.3809
vn -0.0665 0.9206 0.3848
vn -0.0707 0.9858 0.1524
vn -0.0525 0.9873 0.1497
vn -0.0561 0.7604 0.6471
vn -0.1066 0.7604 0.6406
vn -0.1054 0.9195 0.3786
vn -0.0665 0.9206 0.3848
vn -0.0665 0.9206 0.3848
vn -0.1054 0.9195 0.3786
vn -0.0972 0.9844 0.1468
vn -0.0707 0.9858 0.1524
vn -0.0972 0.9844 0.1468
vn -0.1054 0.9195 0.3786
vn -0.2093 0.9241 0.3196
vn -0.1526 0.9824 0.1079
vn -0.1054 0.9195 0.3786
vn -0.1066 0.7604 0.6406
vn -0.2663 0.7765 0.5711
vn -0.2093 0.9241 0.3196
vn -0.2093 0.9241 0.3196
vn -0.2663 0.7765 0.5711
vn -0.5171 0.7675 0.3789
vn -0.359 0.9133 0.1925
vn -0.1526 0.9824 0.1079
vn -0.2093 0.9241 0.3196
vn -0.359 0.9133 0.1925
vn -0.2223 0.974 0.0435
vn -0.2862 0.0549 0.9566
vn -0.7021 -0.0133 0.7119
vn -0.7048 0.0126 0.7093
vn -0.2895 0.0776 0.954
vn -0.2813 0.0216 0.9594
vn -0.6972 -0.0516 0.715
vn -0.7021 -0.0133 0.7119
vn -0.2862 0.0549 0.9566
vn -0.0586 0.0554 0.9967
vn -0.2813 0.0216 0.9594
vn -0.2862 0.0549 0.9566
vn -0.0626 0.0834 0.9946
vn -0.0626 0.0834 0.9946
vn -0.2862 0.0549 0.9566
vn -0.2895 0.0776 0.954
vn -0.0655 0.1025 0.9926
vn -0.0042 0.0639 0.9979
vn -0.0586 0.0554 0.9967
vn -0.0626 0.0834 0.9946
vn -0.0079 0.0901 0.9959
vn -0.0079 0.0901 0.9959
vn -0.0626 0.0834 0.9946
vn -0.0655 0.1025 0.9926
vn -0.0105 0.1082 0.9941
vn 0.0069 0.0664 0.9978
vn -0.0042 0.0639 0.9979
vn -0.0079 0.0901 0.9959
vn 0.0035 0.092 0.9958
vn 0.0035 0.092 0.9958
vn -0.0079 0.0901 0.9959
vn -0.0105 0.1082 0.9941
vn 0.0011 0.11 0.9939
vn 0.0084 0.0679 0.9977
vn 0.0069 0.0664 0.9978
vn 0.0035 0.092 0.9958
vn 0.0052 0.0927 0.9957
vn 0.0052 0.0927 0.9957
vn 0.0035 0.092 0.9958
vn 0.0011 0.11 0.9939
vn 0.003 0.111 0.9938
vn 0.0057 0.0689 0.9976
vn 0.0084 0.0679 0.9977
vn 0.0052 0.0927 0.9957
vn 0.0028 0.0928 0.9957
vn 0.0028 0.0928 0.9957
vn 0.0052 0.0927 0.9957
vn 0.003 0.111 0.9938
vn 0.0007 0.1116 0.9938
vn -0.0209 0.0908 0.9956
vn 0.0028 0.0928 0.9957
vn 0.0007 0.1116 0.9938
vn -0.023 0.1113 0.9935
vn -0.0181 0.0667 0.9976
vn 0.0057 0.0689 0.9976
vn 0.0028 0.0928 0.9957
vn -0.0209 0.0908 0.9956
vn -0.1122 0.0532 0.9923
vn -0.0181 0.0667 0.9976
vn -0.0209 0.0908 0.9956
vn -0.1153 0.0821 0.9899
vn -0.1153 0.0821 0.9899
vn -0.0209 0.0908 0.9956
vn -0.023 0.1113 0.9935
vn -0.1176 0.1081 0.9872
vn -0.3538 0.013 0.9352
vn -0.1122 0.0532 0.9923
vn -0.1153 0.0821 0.9899
vn -0.358 0.0557 0.9321
vn -0.358 0.0557 0.9321
vn -0.1153 0.0821 0.9899
vn -0.1176 0.1081 0.9872
vn -0.361 0.0949 0.9277
vn -0.7 -0.0554 0.712
vn -0.3538 0.013 0.9352
vn -0.358 0.0557 0.9321
vn -0.7063 0.0052 0.7079
vn -0.7063 0.0052 0.7079
vn -0.358 0.0557 0.9321
vn -0.361 0.0949 0.9277
vn -0.7097 0.0612 0.7019
vn -0.9348 -0.0468 0.3522
vn -0.7063 0.0052 0.7079
vn -0.7097 0.0612 0.7019
vn -0.9381 0.0174 0.346
vn -0.9269 -0.1157 0.357
vn -0.7 -0.0554 0.712
vn -0.7063 0.0052 0.7079
vn -0.9348 -0.0468 0.3522
vn -0.9832 -0.1423 0.1144
vn -0.9269 -0.1157 0.357
vn -0.9348 -0.0468 0.3522
vn -0.9913 -0.0735 0.1091
vn -0.9913 -0.0735 0.1091
vn -0.9348 -0.0468 0.3522
vn -0.9381 0.0174 0.346
vn -0.9946 -0.0091 0.1037
vn -0.9882 -0.1491 0.0339
vn -0.9832 -0.1423 0.1144
vn -0.9913 -0.0735 0.1091
vn -0.9963 -0.081 0.0285
vn -0.9963 -0.081 0.0285
vn -0.9913 -0.0735 0.1091
vn -0.9946 -0.0091 0.1037
vn -0.9996 -0.017 0.0233
vn -0.9885 -0.1507 0.0133
vn -0.9882 -0.1491 0.0339
vn -0.9963 -0.081 0.0285
vn -0.9965 -0.0828 0.0079
vn -0.9965 -0.0828 0.0079
vn -0.9963 -0.081 0.0285
vn -0.9996 -0.017 0.0233
vn -0.9998 -0.0186 0.0028
vn -0.9964 -0.0843 -0.0127
vn -0.9965 -0.0828 0.0079
vn -0.9998 -0.0186 0.0028
vn -0.9996 -0.02 -0.0177
vn -0.9883 -0.1523 -0.0073
vn -0.9885 -0.1507 0.0133
vn -0.9965 -0.0828 0.0079
vn -0.9964 -0.0843 -0.0127
vn -0.9834 -0.1585 -0.088
vn -0.9883 -0.1523 -0.0073
vn -0.9964 -0.0843 -0.0127
vn -0.9916 -0.0897 -0.0935
vn -0.9916 -0.0897 -0.0935
vn -0.9964 -0.0843 -0.0127
vn -0.9996 -0.02 -0.0177
vn -0.9948 -0.0248 -0.0984
vn -0.9275 -0.1715 -0.3321
vn -0.9834 -0.1585 -0.088
vn -0.9916 -0.0897 -0.0935
vn -0.9356 -0.1018 -0.338
vn -0.9356 -0.1018 -0.338
vn -0.9916 -0.0897 -0.0935
vn -0.9948 -0.0248 -0.0984
vn -0.9389 -0.0368 -0.3421
vn -0.7011 -0.1695 -0.6926
vn -0.9275 -0.1715 -0.3321
vn -0.9356 -0.1018 -0.338
vn -0.7079 -0.1068 -0.6982
vn -0.7079 -0.1068 -0.6982
vn -0.9356 -0.1018 -0.338
vn -0.9389 -0.0368 -0.3421
vn -0.7113 -0.0497 -0.7011
vn -0.3554 -0.1381 -0.9245
vn -0.7011 -0.1695 -0.6926
vn -0.7079 -0.1068 -0.6982
vn -0.3598 -0.0924 -0.9284
vn -0.3598 -0.0924 -0.9284
vn -0.7079 -0.1068 -0.6982
vn -0.7113 -0.0497 -0.7011
vn -0.3628 -0.0524 -0.9304
vn -0.1138 -0.1075 -0.9877
vn -0.3554 -0.1381 -0.9245
vn -0.3598 -0.0924 -0.9284
vn -0.1169 -0.0754 -0.9903
vn -0.1169 -0.0754 -0.9903
vn -0.3598 -0.0924 -0.9284
vn -0.3628 -0.0524 -0.9304
vn -0.1193 -0.0489 -0.9917
vn -0.0226 -0.0675 -0.9975
vn -0.1169 -0.0754 -0.9903
vn -0.1193 -0.0489 -0.9917
vn -0.0246 -0.0466 -0.9986
vn -0.0198 -0.0945 -0.9953
vn -0.1138 -0.1075 -0.9877
vn -0.1169 -0.0754 -0.9903
vn -0.0226 -0.0675 -0.9975
vn 0.004 -0.0917 -0.9958
vn -0.0198 -0.0945 -0.9953
vn -0.0226 -0.0675 -0.9975
vn 0.0011 -0.0655 -0.9979
vn 0.0011 -0.0655 -0.9979
vn -0.0226 -0.0675 -0.9975
vn -0.0246 -0.0466 -0.9986
vn -0.0009 -0.0463 -0.9989
vn -0.0262 -0.0321 -0.9991
vn -0.0246 -0.0466 -0.9986
vn -0.1193 -0.0489 -0.9917
vn -0.1209 -0.0294 -0.9922
vn -0.0024 -0.0338 -0.9994
vn -0.0009 -0.0463 -0.9989
vn -0.0246 -0.0466 -0.9986
vn -0.0262 -0.0321 -0.9991
vn -0.0036 -0.0273 -0.9996
vn -0.0024 -0.0338 -0.9994
vn -0.0262 -0.0321 -0.9991
vn -0.0274 -0.0238 -0.9993
vn -0.0274 -0.0238 -0.9993
vn -0.0262 -0.0321 -0.9991
vn -0.1209 -0.0294 -0.9922
vn -0.1219 -0.0186 -0.9924
vn -0.0274 -0.0238 -0.9993
vn -0.1219 -0.0186 -0.9924
vn -0.1233 0.0429 -0.9914
vn -0.0292 0.036 -0.9989
vn -0.0036 -0.0273 -0.9996
vn -0.0274 -0.0238 -0.9993
vn -0.0292 0.036 -0.9989
vn -0.0057 0.0302 -0.9995
vn -0.0292 0.036 -0.9989
vn -0.1233 0.0429 -0.9914
vn -0.1213 0.2088 -0.9704
vn -0.0312 0.1998 -0.9793
vn -0.0057 0.0302 -0.9995
vn -0.0292 0.036 -0.9989
vn -0.0312 0.1998 -0.9793
vn -0.0096 0.191 -0.9815
vn -0.1219 -0.0186 -0.9924
vn -0.365 -0.0063 -0.931
vn -0.3654 0.0581 -0.929
vn -0.1233 0.0429 -0.9914
vn -0.1233 0.0429 -0.9914
vn -0.3654 0.0581 -0.929
vn -0.3542 0.2297 -0.9065
vn -0.1213 0.2088 -0.9704
vn -0.365 -0.0063 -0.931
vn -0.7123 0.0164 -0.7017
vn -0.709 0.085 -0.7
vn -0.3654 0.0581 -0.929
vn -0.3654 0.0581 -0.929
vn -0.709 0.085 -0.7
vn -0.6816 0.2638 -0.6825
vn -0.3542 0.2297 -0.9065
vn -0.709 0.085 -0.7
vn -0.9318 0.1094 -0.3462
vn -0.8935 0.2892 -0.3435
vn -0.6816 0.2638 -0.6825
vn -0.7123 0.0164 -0.7017
vn -0.9381 0.0392 -0.3441
vn -0.9318 0.1094 -0.3462
vn -0.709 0.085 -0.7
vn -0.9381 0.0392 -0.3441
vn -0.9934 0.0513 -0.103
vn -0.9867 0.1223 -0.1075
vn -0.9318 0.1094 -0.3462
vn -0.9914 0.1276 -0.029
vn -0.9867 0.1223 -0.1075
vn -0.9934 0.0513 -0.103
vn -0.9982 0.0553 -0.0236
vn -0.9917 0.1286 -0.0091
vn -0.9914 0.1276 -0.029
vn -0.9982 0.0553 -0.0236
vn -0.9984 0.0562 -0.0033
vn -0.9504 0.3111 -0.0044
vn -0.9496 0.3126 -0.0234
vn -0.9917 0.1286 -0.0091
vn -0.9916 0.1288 0.011
vn -0.9916 0.1288 0.011
vn -0.9917 0.1286 -0.0091
vn -0.9984 0.0562 -0.0033
vn -0.9982 0.0575 0.0169
vn -0.9473 0.3125 0.0704
vn -0.9504 0.3111 -0.0044
vn -0.9916 0.1288 0.011
vn -0.9869 0.1342 0.0895
vn -0.9869 0.1342 0.0895
vn -0.9916 0.1288 0.011
vn -0.9982 0.0575 0.0169
vn -0.9932 0.0651 0.0961
vn -0.9317 0.1574 0.3274
vn -0.9869 0.1342 0.0895
vn -0.9932 0.0651 0.0961
vn -0.9375 0.0903 0.3361
vn -0.8948 0.3326 0.2977
vn -0.9473 0.3125 0.0704
vn -0.9869 0.1342 0.0895
vn -0.9317 0.1574 0.3274
vn -0.6819 0.3595 0.637
vn -0.8948 0.3326 0.2977
vn -0.9317 0.1574 0.3274
vn -0.7081 0.1883 0.6806
vn -0.7081 0.1883 0.6806
vn -0.9317 0.1574 0.3274
vn -0.9375 0.0903 0.3361
vn -0.7109 0.1239 0.6923
vn -0.3638 0.1983 0.9101
vn -0.7081 0.1883 0.6806
vn -0.7109 0.1239 0.6923
vn -0.3632 0.1379 0.9214
vn -0.3532 0.3615 0.8629
vn -0.6819 0.3595 0.637
vn -0.7081 0.1883 0.6806
vn -0.3638 0.1983 0.9101
vn -0.1198 0.3519 0.9283
vn -0.3532 0.3615 0.8629
vn -0.3638 0.1983 0.9101
vn -0.1216 0.1937 0.9735
vn -0.1216 0.1937 0.9735
vn -0.3638 0.1983 0.9101
vn -0.3632 0.1379 0.9214
vn -0.1202 0.1358 0.9834
vn -0.0296 0.3449 0.9382
vn -0.1198 0.3519 0.9283
vn -0.1216 0.1937 0.9735
vn -0.0275 0.1884 0.9817
vn -0.0275 0.1884 0.9817
vn -0.1216 0.1937 0.9735
vn -0.1202 0.1358 0.9834
vn -0.0258 0.1319 0.9909
vn -0.008 0.3369 0.9415
vn -0.0296 0.3449 0.9382
vn -0.0275 0.1884 0.9817
vn -0.004 0.183 0.9831
vn -0.004 0.183 0.9831
vn -0.0275 0.1884 0.9817
vn -0.0258 0.1319 0.9909
vn -0.002 0.1285 0.9917
vn -0.0077 0.3286 0.9444
vn -0.008 0.3369 0.9415
vn -0.004 0.183 0.9831
vn -0.0019 0.1777 0.9841
vn -0.0019 0.1777 0.9841
vn -0.004 0.183 0.9831
vn -0.002 0.1285 0.9917
vn 0.0006 0.1253 0.9921
vn -0.0121 0.3218 0.9467
vn -0.0077 0.3286 0.9444
vn -0.0019 0.1777 0.9841
vn -0.0042 0.1733 0.9849
vn -0.0042 0.1733 0.9849
vn -0.0019 0.1777 0.9841
vn 0.0006 0.1253 0.9921
vn -0.0012 0.1226 0.9925
vn -0.0258 0.3169 0.9481
vn -0.0121 0.3218 0.9467
vn -0.0042 0.1733 0.9849
vn -0.0161 0.1697 0.9854
vn -0.0161 0.1697 0.9854
vn -0.0042 0.1733 0.9849
vn -0.0012 0.1226 0.9925
vn -0.0127 0.1198 0.9927
vn -0.0811 0.3147 0.9457
vn -0.0258 0.3169 0.9481
vn -0.0161 0.1697 0.9854
vn -0.0708 0.165 0.9838
vn -0.0708 0.165 0.9838
vn -0.0161 0.1697 0.9854
vn -0.0127 0.1198 0.9927
vn -0.0679 0.1143 0.9911
vn -0.0811 0.3147 0.9457
vn -0.0708 0.165 0.9838
vn -0.2932 0.1501 0.9442
vn -0.2988 0.3183 0.8997
vn -0.0708 0.165 0.9838
vn -0.0679 0.1143 0.9911
vn -0.2921 0.092 0.9519
vn -0.2932 0.1501 0.9442
vn -0.2932 0.1501 0.9442
vn -0.2921 0.092 0.9519
vn -0.7062 0.0307 0.7073
vn -0.7093 0.0982 0.698
vn -0.2988 0.3183 0.8997
vn -0.2932 0.1501 0.9442
vn -0.7093 0.0982 0.698
vn -0.7002 0.2889 0.6529
vn -0.0811 0.3147 0.9457
vn -0.2988 0.3183 0.8997
vn -0.2967 0.5441 0.7848
vn -0.0957 0.5265 0.8448
vn -0.2988 0.3183 0.8997
vn -0.7002 0.2889 0.6529
vn -0.6437 0.5318 0.5503
vn -0.2967 0.5441 0.7848
vn -0.2967 0.5441 0.7848
vn -0.6437 0.5318 0.5503
vn -0.5171 0.7675 0.3789
vn -0.2663 0.7765 0.5711
vn -0.0957 0.5265 0.8448
vn -0.2967 0.5441 0.7848
vn -0.2663 0.7765 0.5711
vn -0.1066 0.7604 0.6406
vn -0.0402 0.5268 0.849
vn -0.0957 0.5265 0.8448
vn -0.1066 0.7604 0.6406
vn -0.0561 0.7604 0.6471
vn -0.0258 0.3169 0.9481
vn -0.0811 0.3147 0.9457
vn -0.0957 0.5265 0.8448
vn -0.0402 0.5268 0.849
vn -0.0121 0.3218 0.9467
vn -0.0258 0.3169 0.9481
vn -0.0402 0.5268 0.849
vn -0.0237 0.5324 0.8462
vn -0.0237 0.5324 0.8462
vn -0.0402 0.5268 0.849
vn -0.0561 0.7604 0.6471
vn -0.0372 0.7649 0.6431
vn -0.0077 0.3286 0.9444
vn -0.0121 0.3218 0.9467
vn -0.0237 0.5324 0.8462
vn -0.0159 0.54 0.8415
vn -0.0159 0.54 0.8415
vn -0.0237 0.5324 0.8462
vn -0.0372 0.7649 0.6431
vn -0.0252 0.7702 0.6373
vn -0.008 0.3369 0.9415
vn -0.0077 0.3286 0.9444
vn -0.0159 0.54 0.8415
vn -0.0131 0.5488 0.8358
vn -0.0131 0.5488 0.8358
vn -0.0159 0.54 0.8415
vn -0.0252 0.7702 0.6373
vn -0.0182 0.7757 0.6309
vn -0.0296 0.3449 0.9382
vn -0.008 0.3369 0.9415
vn -0.0131 0.5488 0.8358
vn -0.0298 0.5566 0.8302
vn -0.0298 0.5566 0.8302
vn -0.0131 0.5488 0.8358
vn -0.0182 0.7757 0.6309
vn -0.0272 0.7794 0.626
vn -0.1198 0.3519 0.9283
vn -0.0296 0.3449 0.9382
vn -0.0298 0.5566 0.8302
vn -0.1083 0.5626 0.8196
vn -0.1083 0.5626 0.8196
vn -0.0298 0.5566 0.8302
vn -0.0272 0.7794 0.626
vn -0.0845 0.7803 0.6196
vn -0.3532 0.3615 0.8629
vn -0.1198 0.3519 0.9283
vn -0.1083 0.5626 0.8196
vn -0.3157 0.5744 0.7552
vn -0.3157 0.5744 0.7552
vn -0.1083 0.5626 0.8196
vn -0.0845 0.7803 0.6196
vn -0.2451 0.7847 0.5693
vn -0.6819 0.3595 0.637
vn -0.3532 0.3615 0.8629
vn -0.3157 0.5744 0.7552
vn -0.608 0.577 0.5453
vn -0.608 0.577 0.5453
vn -0.3157 0.5744 0.7552
vn -0.2451 0.7847 0.5693
vn -0.4761 0.7838 0.3988
vn -0.7977 0.5531 0.2403
vn -0.608 0.577 0.5453
vn -0.4761 0.7838 0.3988
vn -0.6261 0.7639 0.1563
vn -0.8948 0.3326 0.2977
vn -0.6819 0.3595 0.637
vn -0.608 0.577 0.5453
vn -0.7977 0.5531 0.2403
vn -0.9473 0.3125 0.0704
vn -0.8948 0.3326 0.2977
vn -0.7977 0.5531 0.2403
vn -0.8432 0.5361 0.04
vn -0.8432 0.5361 0.04
vn -0.7977 0.5531 0.2403
vn -0.6261 0.7639 0.1563
vn -0.6582 0.7528 0.0019
vn -0.2913 0.0897 0.9524
vn -0.2895 0.0776 0.954
vn -0.7048 0.0126 0.7093
vn -0.7059 0.0267 0.7078
vn -0.2921 0.092 0.9519
vn -0.2913 0.0897 0.9524
vn -0.7059 0.0267 0.7078
vn -0.7062 0.0307 0.7073
vn -0.0672 0.1126 0.9914
vn -0.0655 0.1025 0.9926
vn -0.2895 0.0776 0.954
vn -0.2913 0.0897 0.9524
vn -0.0679 0.1143 0.9911
vn -0.0672 0.1126 0.9914
vn -0.2913 0.0897 0.9524
vn -0.2921 0.092 0.9519
vn -0.0679 0.1143 0.9911
vn -0.0127 0.1198 0.9927
vn -0.012 0.1178 0.993
vn -0.0672 0.1126 0.9914
vn -0.0672 0.1126 0.9914
vn -0.012 0.1178 0.993
vn -0.0105 0.1082 0.9941
vn -0.0655 0.1025 0.9926
vn -0.0127 0.1198 0.9927
vn -0.0012 0.1226 0.9925
vn -0.0004 0.1198 0.9928
vn -0.012 0.1178 0.993
vn -0.012 0.1178 0.993
vn -0.0004 0.1198 0.9928
vn 0.0011 0.11 0.9939
vn -0.0105 0.1082 0.9941
vn -0.0012 0.1226 0.9925
vn 0.0006 0.1253 0.9921
vn 0.0016 0.1215 0.9926
vn -0.0004 0.1198 0.9928
vn -0.0004 0.1198 0.9928
vn 0.0016 0.1215 0.9926
vn 0.003 0.111 0.9938
vn 0.0011 0.11 0.9939
vn 0.0006 0.1253 0.9921
vn -0.002 0.1285 0.9917
vn -0.0008 0.1232 0.9924
vn 0.0016 0.1215 0.9926
vn 0.0016 0.1215 0.9926
vn -0.0008 0.1232 0.9924
vn 0.0007 0.1116 0.9938
vn 0.003 0.111 0.9938
vn -0.0008 0.1232 0.9924
vn -0.0246 0.125 0.9918
vn -0.023 0.1113 0.9935
vn 0.0007 0.1116 0.9938
vn -0.002 0.1285 0.9917
vn -0.0258 0.1319 0.9909
vn -0.0246 0.125 0.9918
vn -0.0008 0.1232 0.9924
vn -0.0258 0.1319 0.9909
vn -0.1202 0.1358 0.9834
vn -0.1192 0.1265 0.9848
vn -0.0246 0.125 0.9918
vn -0.0246 0.125 0.9918
vn -0.1192 0.1265 0.9848
vn -0.1176 0.1081 0.9872
vn -0.023 0.1113 0.9935
vn -0.1202 0.1358 0.9834
vn -0.3632 0.1379 0.9214
vn -0.3625 0.1239 0.9237
vn -0.1192 0.1265 0.9848
vn -0.1192 0.1265 0.9848
vn -0.3625 0.1239 0.9237
vn -0.361 0.0949 0.9277
vn -0.1176 0.1081 0.9872
vn -0.3632 0.1379 0.9214
vn -0.7109 0.1239 0.6923
vn -0.7106 0.1037 0.6959
vn -0.3625 0.1239 0.9237
vn -0.3625 0.1239 0.9237
vn -0.7106 0.1037 0.6959
vn -0.7097 0.0612 0.7019
vn -0.361 0.0949 0.9277
vn -0.7106 0.1037 0.6959
vn -0.9381 0.0667 0.3399
vn -0.9381 0.0174 0.346
vn -0.7097 0.0612 0.7019
vn -0.7109 0.1239 0.6923
vn -0.9375 0.0903 0.3361
vn -0.9381 0.0667 0.3399
vn -0.7106 0.1037 0.6959
vn -0.9375 0.0903 0.3361
vn -0.9932 0.0651 0.0961
vn -0.9943 0.0406 0.0989
vn -0.9381 0.0667 0.3399
vn -0.9381 0.0667 0.3399
vn -0.9943 0.0406 0.0989
vn -0.9946 -0.0091 0.1037
vn -0.9381 0.0174 0.346
vn -0.9932 0.0651 0.0961
vn -0.9982 0.0575 0.0169
vn -0.9993 0.0327 0.0191
vn -0.9943 0.0406 0.0989
vn -0.9943 0.0406 0.0989
vn -0.9993 0.0327 0.0191
vn -0.9996 -0.017 0.0233
vn -0.9946 -0.0091 0.1037
vn -0.9982 0.0575 0.0169
vn -0.9984 0.0562 -0.0033
vn -0.9995 0.0312 -0.0012
vn -0.9993 0.0327 0.0191
vn -0.9993 0.0327 0.0191
vn -0.9995 0.0312 -0.0012
vn -0.9998 -0.0186 0.0028
vn -0.9996 -0.017 0.0233
vn -0.9995 0.0312 -0.0012
vn -0.9993 0.0301 -0.0216
vn -0.9996 -0.02 -0.0177
vn -0.9998 -0.0186 0.0028
vn -0.9984 0.0562 -0.0033
vn -0.9982 0.0553 -0.0236
vn -0.9993 0.0301 -0.0216
vn -0.9995 0.0312 -0.0012
vn -0.9982 0.0553 -0.0236
vn -0.9934 0.0513 -0.103
vn -0.9945 0.0259 -0.1017
vn -0.9993 0.0301 -0.0216
vn -0.9993 0.0301 -0.0216
vn -0.9945 0.0259 -0.1017
vn -0.9948 -0.0248 -0.0984
vn -0.9996 -0.02 -0.0177
vn -0.9389 0.0139 -0.344
vn -0.9389 -0.0368 -0.3421
vn -0.9948 -0.0248 -0.0984
vn -0.9945 0.0259 -0.1017
vn -0.9381 0.0392 -0.3441
vn -0.9389 0.0139 -0.344
vn -0.9945 0.0259 -0.1017
vn -0.9934 0.0513 -0.103
vn -0.7121 -0.0056 -0.702
vn -0.7113 -0.0497 -0.7011
vn -0.9389 -0.0368 -0.3421
vn -0.9389 0.0139 -0.344
vn -0.7123 0.0164 -0.7017
vn -0.7121 -0.0056 -0.702
vn -0.9389 0.0139 -0.344
vn -0.9381 0.0392 -0.3441
vn -0.3643 -0.022 -0.931
vn -0.3628 -0.0524 -0.9304
vn -0.7113 -0.0497 -0.7011
vn -0.7121 -0.0056 -0.702
vn -0.365 -0.0063 -0.931
vn -0.3643 -0.022 -0.931
vn -0.7121 -0.0056 -0.702
vn -0.7123 0.0164 -0.7017
vn -0.1209 -0.0294 -0.9922
vn -0.1193 -0.0489 -0.9917
vn -0.3628 -0.0524 -0.9304
vn -0.3643 -0.022 -0.931
vn -0.1219 -0.0186 -0.9924
vn -0.1209 -0.0294 -0.9922
vn -0.3643 -0.022 -0.931
vn -0.365 -0.0063 -0.931
vn -0.0387 0.659 -0.7512
vn -0.0576 0.6541 -0.7542
vn -0.0421 0.3929 -0.9186
vn -0.0256 0.399 -0.9166
vn -0.0256 0.399 -0.9166
vn -0.0421 0.3929 -0.9186
vn -0.0278 0.1699 -0.9851
vn -0.0141 0.1751 -0.9845
vn -0.0576 0.6541 -0.7542
vn -0.1081 0.6551 -0.7477
vn -0.0977 0.3934 -0.9142
vn -0.0421 0.3929 -0.9186
vn -0.0421 0.3929 -0.9186
vn -0.0977 0.3934 -0.9142
vn -0.0832 0.1681 -0.9823
vn -0.0278 0.1699 -0.9851
vn -0.0507 0.9946 -0.09
vn -0.0502 0.9958 -0.0768
vn -0.0328 0.9965 -0.0769
vn -0.0336 0.9955 -0.089
vn -0.0336 0.9955 -0.089
vn -0.0328 0.9965 -0.0769
vn -0.0142 0.9969 -0.0769
vn -0.0154 0.9961 -0.0869
vn -0.052 0.9941 -0.0948
vn -0.0507 0.9946 -0.09
vn -0.0336 0.9955 -0.089
vn -0.0352 0.995 -0.0934
vn -0.0352 0.995 -0.0934
vn -0.0336 0.9955 -0.089
vn -0.0154 0.9961 -0.0869
vn -0.0181 0.9957 -0.0909
vn -0.0154 0.9961 -0.0869
vn -0.0142 0.9969 -0.0769
vn 0.001 0.997 -0.077
vn -0.0008 0.9965 -0.0836
vn -0.0181 0.9957 -0.0909
vn -0.0154 0.9961 -0.0869
vn -0.0008 0.9965 -0.0836
vn -0.0048 0.9962 -0.0867
vn -0.0008 0.9965 -0.0836
vn 0.001 0.997 -0.077
vn 0.0086 0.997 -0.077
vn 0.0066 0.9967 -0.0804
vn -0.0048 0.9962 -0.0867
vn -0.0008 0.9965 -0.0836
vn 0.0066 0.9967 -0.0804
vn 0.0018 0.9966 -0.0822
vn -0.1051 0.9914 -0.0781
vn -0.1064 0.9914 -0.0764
vn -0.1059 0.9914 -0.0764
vn -0.0992 0.9916 -0.0834
vn -0.1051 0.9914 -0.0781
vn -0.104 0.9913 -0.0809
vn -0.0924 0.9916 -0.0905
vn -0.0927 0.9916 -0.0901
vn -0.0923 0.9913 -0.0936
vn -0.0927 0.9916 -0.0901
vn -0.0992 0.9916 -0.0834
vn -0.0981 0.9912 -0.089
vn -0.0893 0.9939 -0.0648
vn -0.0923 0.9938 -0.0625
vn -0.1268 0.9871 -0.098
vn -0.1074 0.9873 -0.1174
vn -0.0923 0.9938 -0.0625
vn -0.0923 0.994 -0.0594
vn -0.0923 0.9937 -0.0633
vt 0.054975 0.060811
vt 0.0593 0.06075
vt 0.057273 0.059937
vt 0.054727 0.060019
vt 0.066448 0.059998
vt 0.057273 0.059937
vt 0.0593 0.06075
vt 0.066666 0.060771
vt 0.075623 0.06006
vt 0.066448 0.059998
vt 0.066666 0.060771
vt 0.075585 0.060908
vt 0.004512 0.077465
vt 0.003174 0.077455
vt 0.003545 0.082438
vt 0.004788 0.082381
vt 0.004175 0.073127
vt 0.002802 0.072472
vt 0.003174 0.077455
vt 0.004512 0.077465
vt 0.007072 0.072997
vt 0.004175 0.073127
vt 0.004512 0.077465
vt 0.007422 0.077299
vt 0.007422 0.077299
vt 0.004512 0.077465
vt 0.004788 0.082381
vt 0.007701 0.082204
vt 0.007422 0.077299
vt 0.01294 0.076936
vt 0.012556 0.072611
vt 0.007072 0.072997
vt 0.007701 0.082204
vt 0.013237 0.081828
vt 0.01294 0.076936
vt 0.007422 0.077299
vt 0.013237 0.081828
vt 0.020317 0.0813
vt 0.020001 0.076441
vt 0.01294 0.076936
vt 0.01294 0.076936
vt 0.020001 0.076441
vt 0.01958 0.072092
vt 0.012556 0.072611
vt 0.012205 0.069305
vt 0.012556 0.072611
vt 0.01958 0.072092
vt 0.019181 0.068679
vt 0.00676 0.069765
vt 0.007072 0.072997
vt 0.012556 0.072611
vt 0.012205 0.069305
vt 0.006537 0.067619
vt 0.00676 0.069765
vt 0.012205 0.069305
vt 0.011952 0.067081
vt 0.011952 0.067081
vt 0.012205 0.069305
vt 0.019181 0.068679
vt 0.018887 0.066338
vt 0.011952 0.067081
vt 0.018887 0.066338
vt 0.018745 0.065036
vt 0.011783 0.06583
vt 0.006537 0.067619
vt 0.011952 0.067081
vt 0.011783 0.06583
vt 0.006251 0.066415
vt 0.011783 0.06583
vt 0.018745 0.065036
vt 0.018712 0.064365
vt 0.011519 0.065128
vt 0.006251 0.066415
vt 0.011783 0.06583
vt 0.011519 0.065128
vt 0.004327 0.065892
vt 0.006537 0.067619
vt 0.006251 0.066415
vt 0.003522 0.066671
vt 0.003672 0.067835
vt 0.006251 0.066415
vt 0.004327 0.065892
vt 0.003255 0.065979
vt 0.003522 0.066671
vt 0.003522 0.066671
vt 0.003255 0.065979
vt 0.002183 0.066067
vt 0.002233 0.066717
vt 0.003672 0.067835
vt 0.003522 0.066671
vt 0.002233 0.066717
vt 0.002283 0.067366
vt 0.003884 0.069968
vt 0.003672 0.067835
vt 0.002283 0.067366
vt 0.002542 0.069919
vt 0.00676 0.069765
vt 0.006537 0.067619
vt 0.003672 0.067835
vt 0.003884 0.069968
vt 0.007072 0.072997
vt 0.00676 0.069765
vt 0.003884 0.069968
vt 0.004175 0.073127
vt 0.004175 0.073127
vt 0.003884 0.069968
vt 0.002542 0.069919
vt 0.002802 0.072472
vt 0.509923 0.350487
vt 0.510653 0.350161
vt 0.510199 0.349293
vt 0.509687 0.349806
vt 0.510159 0.351168
vt 0.510915 0.352505
vt 0.510653 0.350161
vt 0.509923 0.350487
vt 0.510915 0.352505
vt 0.51179 0.352217
vt 0.51145 0.349634
vt 0.510653 0.350161
vt 0.510653 0.350161
vt 0.51145 0.349634
vt 0.510884 0.348611
vt 0.510199 0.349293
vt 0.512714 0.351745
vt 0.512316 0.349017
vt 0.51145 0.349634
vt 0.51179 0.352217
vt 0.512316 0.349017
vt 0.511651 0.347849
vt 0.510884 0.348611
vt 0.51145 0.349634
vt 0.513148 0.348382
vt 0.512411 0.347094
vt 0.511651 0.347849
vt 0.512316 0.349017
vt 0.513578 0.351237
vt 0.513148 0.348382
vt 0.512316 0.349017
vt 0.512714 0.351745
vt 0.512887 0.356856
vt 0.512714 0.351745
vt 0.51179 0.352217
vt 0.511932 0.357226
vt 0.51376 0.35644
vt 0.513578 0.351237
vt 0.512714 0.351745
vt 0.512887 0.356856
vt 0.513801 0.363028
vt 0.51376 0.35644
vt 0.512887 0.356856
vt 0.512924 0.363384
vt 0.512924 0.363384
vt 0.512887 0.356856
vt 0.511932 0.357226
vt 0.511954 0.363693
vt 0.513804 0.369833
vt 0.513801 0.363028
vt 0.512924 0.363384
vt 0.512921 0.370148
vt 0.512921 0.370148
vt 0.512924 0.363384
vt 0.511954 0.363693
vt 0.51194 0.370423
vt 0.513819 0.376604
vt 0.513804 0.369833
vt 0.512921 0.370148
vt 0.512934 0.376891
vt 0.512934 0.376891
vt 0.512921 0.370148
vt 0.51194 0.370423
vt 0.511952 0.377155
vt 0.513891 0.383103
vt 0.513819 0.376604
vt 0.512934 0.376891
vt 0.513023 0.383379
vt 0.513023 0.383379
vt 0.512934 0.376891
vt 0.511952 0.377155
vt 0.512056 0.383659
vt 0.514115 0.388226
vt 0.513891 0.383103
vt 0.513023 0.383379
vt 0.513293 0.388552
vt 0.513293 0.388552
vt 0.513023 0.383379
vt 0.512056 0.383659
vt 0.512377 0.38891
vt 0.514592 0.391069
vt 0.514115 0.388226
vt 0.513293 0.388552
vt 0.513856 0.391534
vt 0.513856 0.391534
vt 0.513293 0.388552
vt 0.512377 0.38891
vt 0.513035 0.392055
vt 0.515382 0.392388
vt 0.514592 0.391069
vt 0.513856 0.391534
vt 0.514777 0.393023
vt 0.514777 0.393023
vt 0.513856 0.391534
vt 0.513035 0.392055
vt 0.514104 0.393734
vt 0.516377 0.393942
vt 0.514777 0.393023
vt 0.514104 0.393734
vt 0.515894 0.394803
vt 0.516809 0.393172
vt 0.515382 0.392388
vt 0.514777 0.393023
vt 0.516377 0.393942
vt 0.520277 0.393677
vt 0.516809 0.393172
vt 0.516377 0.393942
vt 0.52002 0.394535
vt 0.52002 0.394535
vt 0.516377 0.393942
vt 0.515894 0.394803
vt 0.519727 0.395495
vt 0.519727 0.395495
vt 0.526614 0.395887
vt 0.526753 0.394875
vt 0.52002 0.394535
vt 0.52002 0.394535
vt 0.526753 0.394875
vt 0.526874 0.39397
vt 0.520277 0.393677
vt 0.526614 0.395887
vt 0.535311 0.39606
vt 0.535321 0.395033
vt 0.526753 0.394875
vt 0.526753 0.394875
vt 0.535321 0.395033
vt 0.53533 0.394114
vt 0.526874 0.39397
vt 0.535337 0.393349
vt 0.527033 0.393219
vt 0.526874 0.39397
vt 0.53533 0.394114
vt 0.527033 0.393219
vt 0.520569 0.392966
vt 0.520277 0.393677
vt 0.526874 0.39397
vt 0.527567 0.392379
vt 0.521367 0.392174
vt 0.520569 0.392966
vt 0.527033 0.393219
vt 0.535346 0.392492
vt 0.527567 0.392379
vt 0.527033 0.393219
vt 0.535337 0.393349
vt 0.543126 0.392537
vt 0.535346 0.392492
vt 0.535337 0.393349
vt 0.543644 0.393387
vt 0.543644 0.393387
vt 0.535337 0.393349
vt 0.53533 0.394114
vt 0.543789 0.394142
vt 0.549331 0.392458
vt 0.543126 0.392537
vt 0.543644 0.393387
vt 0.550113 0.393266
vt 0.550113 0.393266
vt 0.543644 0.393387
vt 0.543789 0.394142
vt 0.550391 0.393982
vt 0.553481 0.392909
vt 0.550113 0.393266
vt 0.550391 0.393982
vt 0.55387 0.393548
vt 0.55283 0.392214
vt 0.549331 0.392458
vt 0.550113 0.393266
vt 0.553481 0.392909
vt 0.554201 0.391932
vt 0.55283 0.392214
vt 0.553481 0.392909
vt 0.554793 0.392288
vt 0.554793 0.392288
vt 0.553481 0.392909
vt 0.55387 0.393548
vt 0.555312 0.392793
vt 0.555442 0.391132
vt 0.554793 0.392288
vt 0.555312 0.392793
vt 0.556129 0.391491
vt 0.55422 0.390953
vt 0.554201 0.391932
vt 0.554793 0.392288
vt 0.555442 0.391132
vt 0.554169 0.388251
vt 0.55422 0.390953
vt 0.555442 0.391132
vt 0.555848 0.388397
vt 0.555848 0.388397
vt 0.555442 0.391132
vt 0.556129 0.391491
vt 0.556663 0.388657
vt 0.554232 0.383141
vt 0.554169 0.388251
vt 0.555848 0.388397
vt 0.556112 0.38329
vt 0.556112 0.38329
vt 0.555848 0.388397
vt 0.556663 0.388657
vt 0.55699 0.383537
vt 0.554373 0.376576
vt 0.554232 0.383141
vt 0.556112 0.38329
vt 0.556294 0.376752
vt 0.556294 0.376752
vt 0.556112 0.38329
vt 0.55699 0.383537
vt 0.55719 0.377036
vt 0.554516 0.369706
vt 0.554373 0.376576
vt 0.556294 0.376752
vt 0.556442 0.369927
vt 0.556442 0.369927
vt 0.556294 0.376752
vt 0.55719 0.377036
vt 0.557337 0.370262
vt 0.554653 0.362778
vt 0.554516 0.369706
vt 0.556442 0.369927
vt 0.556581 0.363059
vt 0.556581 0.363059
vt 0.556442 0.369927
vt 0.557337 0.370262
vt 0.557473 0.363454
vt 0.554811 0.35605
vt 0.554653 0.362778
vt 0.556581 0.363059
vt 0.556748 0.356397
vt 0.556748 0.356397
vt 0.556581 0.363059
vt 0.557473 0.363454
vt 0.557641 0.356863
vt 0.555072 0.350713
vt 0.554811 0.35605
vt 0.556748 0.356397
vt 0.557029 0.351121
vt 0.557029 0.351121
vt 0.556748 0.356397
vt 0.557641 0.356863
vt 0.557924 0.351662
vt 0.555072 0.350713
vt 0.557029 0.351121
vt 0.557531 0.348175
vt 0.555564 0.347612
vt 0.557029 0.351121
vt 0.557924 0.351662
vt 0.558411 0.348814
vt 0.557531 0.348175
vt 0.557531 0.348175
vt 0.558411 0.348814
vt 0.559174 0.347539
vt 0.558388 0.346729
vt 0.555564 0.347612
vt 0.557531 0.348175
vt 0.558388 0.346729
vt 0.556686 0.344982
vt 0.551934 0.344576
vt 0.551556 0.347372
vt 0.555564 0.347612
vt 0.556686 0.344982
vt 0.551556 0.347372
vt 0.551205 0.350567
vt 0.555072 0.350713
vt 0.555564 0.347612
vt 0.546417 0.347333
vt 0.546182 0.35058
vt 0.551205 0.350567
vt 0.551556 0.347372
vt 0.546637 0.34449
vt 0.546417 0.347333
vt 0.551556 0.347372
vt 0.551934 0.344576
vt 0.546763 0.340204
vt 0.546637 0.34449
vt 0.551934 0.344576
vt 0.552064 0.340255
vt 0.530484 0.329296
vt 0.530437 0.334755
vt 0.535899 0.334804
vt 0.535948 0.329346
vt 0.530437 0.334755
vt 0.524976 0.334707
vt 0.524944 0.339999
vt 0.530397 0.340047
vt 0.535948 0.329346
vt 0.535899 0.334804
vt 0.541362 0.334856
vt 0.541413 0.329397
vt 0.535899 0.334804
vt 0.535851 0.340096
vt 0.541306 0.340149
vt 0.541362 0.334856
vt 0.541362 0.334856
vt 0.541306 0.340149
vt 0.546763 0.340204
vt 0.546826 0.33491
vt 0.535851 0.340096
vt 0.535812 0.3444
vt 0.541224 0.344448
vt 0.541306 0.340149
vt 0.541306 0.340149
vt 0.541224 0.344448
vt 0.546637 0.34449
vt 0.546763 0.340204
vt 0.535812 0.3444
vt 0.535785 0.347292
vt 0.5411 0.347324
vt 0.541224 0.344448
vt 0.541224 0.344448
vt 0.5411 0.347324
vt 0.546417 0.347333
vt 0.546637 0.34449
vt 0.535785 0.347292
vt 0.535754 0.3506
vt 0.540967 0.350613
vt 0.5411 0.347324
vt 0.5411 0.347324
vt 0.540967 0.350613
vt 0.546182 0.35058
vt 0.546417 0.347333
vt 0.540967 0.350613
vt 0.535754 0.3506
vt 0.535702 0.356082
vt 0.540859 0.356078
vt 0.546182 0.35058
vt 0.540967 0.350613
vt 0.540859 0.356078
vt 0.546018 0.356007
vt 0.540859 0.356078
vt 0.535702 0.356082
vt 0.535636 0.362941
vt 0.540768 0.362922
vt 0.546018 0.356007
vt 0.540859 0.356078
vt 0.540768 0.362922
vt 0.545902 0.362821
vt 0.551205 0.350567
vt 0.546182 0.35058
vt 0.546018 0.356007
vt 0.550986 0.355952
vt 0.550986 0.355952
vt 0.546018 0.356007
vt 0.545902 0.362821
vt 0.550846 0.362729
vt 0.555072 0.350713
vt 0.551205 0.350567
vt 0.550986 0.355952
vt 0.554811 0.35605
vt 0.554811 0.35605
vt 0.550986 0.355952
vt 0.550846 0.362729
vt 0.554653 0.362778
vt 0.550846 0.362729
vt 0.545902 0.362821
vt 0.545795 0.369813
vt 0.550721 0.369695
vt 0.554653 0.362778
vt 0.550846 0.362729
vt 0.550721 0.369695
vt 0.554516 0.369706
vt 0.550721 0.369695
vt 0.545795 0.369813
vt 0.545686 0.376685
vt 0.550593 0.376577
vt 0.554516 0.369706
vt 0.550721 0.369695
vt 0.550593 0.376577
vt 0.554373 0.376576
vt 0.550593 0.376577
vt 0.545686 0.376685
vt 0.545675 0.383178
vt 0.550524 0.383123
vt 0.554373 0.376576
vt 0.550593 0.376577
vt 0.550524 0.383123
vt 0.554232 0.383141
vt 0.550524 0.383123
vt 0.545675 0.383178
vt 0.546262 0.388265
vt 0.550854 0.388231
vt 0.554232 0.383141
vt 0.550524 0.383123
vt 0.550854 0.388231
vt 0.554169 0.388251
vt 0.550854 0.388231
vt 0.546262 0.388265
vt 0.547763 0.391117
vt 0.551797 0.391006
vt 0.554169 0.388251
vt 0.550854 0.388231
vt 0.551797 0.391006
vt 0.55422 0.390953
vt 0.551797 0.391006
vt 0.547763 0.391117
vt 0.549331 0.392458
vt 0.55283 0.392214
vt 0.55422 0.390953
vt 0.551797 0.391006
vt 0.55283 0.392214
vt 0.554201 0.391932
vt 0.546262 0.388265
vt 0.540983 0.388275
vt 0.542035 0.391146
vt 0.547763 0.391117
vt 0.547763 0.391117
vt 0.542035 0.391146
vt 0.543126 0.392537
vt 0.549331 0.392458
vt 0.540983 0.388275
vt 0.535388 0.388242
vt 0.53536 0.3911
vt 0.542035 0.391146
vt 0.542035 0.391146
vt 0.53536 0.3911
vt 0.535346 0.392492
vt 0.543126 0.392537
vt 0.53536 0.3911
vt 0.535388 0.388242
vt 0.529794 0.388162
vt 0.528685 0.39101
vt 0.535346 0.392492
vt 0.53536 0.3911
vt 0.528685 0.39101
vt 0.527567 0.392379
vt 0.528685 0.39101
vt 0.529794 0.388162
vt 0.524518 0.388045
vt 0.522961 0.390866
vt 0.527567 0.392379
vt 0.528685 0.39101
vt 0.522961 0.390866
vt 0.521367 0.392174
vt 0.522961 0.390866
vt 0.524518 0.388045
vt 0.51993 0.387918
vt 0.518932 0.390673
vt 0.521367 0.392174
vt 0.522961 0.390866
vt 0.518932 0.390673
vt 0.517875 0.391859
vt 0.518932 0.390673
vt 0.51993 0.387918
vt 0.516616 0.38787
vt 0.516511 0.39057
vt 0.517875 0.391859
vt 0.518932 0.390673
vt 0.516511 0.39057
vt 0.516511 0.39155
vt 0.51721 0.392541
vt 0.520569 0.392966
vt 0.521367 0.392174
vt 0.517875 0.391859
vt 0.515911 0.391893
vt 0.51721 0.392541
vt 0.517875 0.391859
vt 0.516511 0.39155
vt 0.516809 0.393172
vt 0.520277 0.393677
vt 0.520569 0.392966
vt 0.51721 0.392541
vt 0.515382 0.392388
vt 0.516809 0.393172
vt 0.51721 0.392541
vt 0.515911 0.391893
vt 0.515286 0.390725
vt 0.515911 0.391893
vt 0.516511 0.39155
vt 0.516511 0.39057
vt 0.514592 0.391069
vt 0.515382 0.392388
vt 0.515911 0.391893
vt 0.515286 0.390725
vt 0.514115 0.388226
vt 0.514592 0.391069
vt 0.515286 0.390725
vt 0.514935 0.387982
vt 0.514935 0.387982
vt 0.515286 0.390725
vt 0.516511 0.39057
vt 0.516616 0.38787
vt 0.513891 0.383103
vt 0.514115 0.388226
vt 0.514935 0.387982
vt 0.514773 0.382874
vt 0.514773 0.382874
vt 0.514935 0.387982
vt 0.516616 0.38787
vt 0.516655 0.382762
vt 0.513819 0.376604
vt 0.513891 0.383103
vt 0.514773 0.382874
vt 0.514721 0.376337
vt 0.514721 0.376337
vt 0.514773 0.382874
vt 0.516655 0.382762
vt 0.516644 0.376199
vt 0.513804 0.369833
vt 0.513819 0.376604
vt 0.514721 0.376337
vt 0.514707 0.369515
vt 0.514707 0.369515
vt 0.514721 0.376337
vt 0.516644 0.376199
vt 0.516636 0.369331
vt 0.513801 0.363028
vt 0.513804 0.369833
vt 0.514707 0.369515
vt 0.5147 0.36265
vt 0.5147 0.36265
vt 0.514707 0.369515
vt 0.516636 0.369331
vt 0.516633 0.362406
vt 0.51376 0.35644
vt 0.513801 0.363028
vt 0.5147 0.36265
vt 0.514663 0.35599
vt 0.514663 0.35599
vt 0.5147 0.36265
vt 0.516633 0.362406
vt 0.516605 0.35568
vt 0.513578 0.351237
vt 0.51376 0.35644
vt 0.514663 0.35599
vt 0.514484 0.350712
vt 0.514484 0.350712
vt 0.514663 0.35599
vt 0.516605 0.35568
vt 0.516447 0.350343
vt 0.513578 0.351237
vt 0.514484 0.350712
vt 0.514039 0.34776
vt 0.513148 0.348382
vt 0.514484 0.350712
vt 0.516447 0.350343
vt 0.516015 0.347236
vt 0.514039 0.34776
vt 0.514943 0.344587
vt 0.516015 0.347236
vt 0.520024 0.347072
vt 0.519698 0.344271
vt 0.513148 0.348382
vt 0.514039 0.34776
vt 0.513212 0.346299
vt 0.512411 0.347094
vt 0.520314 0.350271
vt 0.520024 0.347072
vt 0.516015 0.347236
vt 0.516447 0.350343
vt 0.525159 0.347131
vt 0.524991 0.344286
vt 0.519698 0.344271
vt 0.520024 0.347072
vt 0.525332 0.35038
vt 0.525159 0.347131
vt 0.520024 0.347072
vt 0.520314 0.350271
vt 0.525393 0.355808
vt 0.525332 0.35038
vt 0.520314 0.350271
vt 0.52043 0.355656
vt 0.52043 0.355656
vt 0.520314 0.350271
vt 0.516447 0.350343
vt 0.516605 0.35568
vt 0.525378 0.36262
vt 0.525393 0.355808
vt 0.52043 0.355656
vt 0.520439 0.362431
vt 0.520439 0.362431
vt 0.52043 0.355656
vt 0.516605 0.35568
vt 0.516633 0.362406
vt 0.525348 0.36961
vt 0.525378 0.36262
vt 0.520439 0.362431
vt 0.520428 0.369395
vt 0.520428 0.369395
vt 0.520439 0.362431
vt 0.516633 0.362406
vt 0.516636 0.369331
vt 0.525322 0.376481
vt 0.525348 0.36961
vt 0.520428 0.369395
vt 0.520421 0.376276
vt 0.520421 0.376276
vt 0.520428 0.369395
vt 0.516636 0.369331
vt 0.516644 0.376199
vt 0.525206 0.382972
vt 0.525322 0.376481
vt 0.520421 0.376276
vt 0.52036 0.382818
vt 0.52036 0.382818
vt 0.520421 0.376276
vt 0.516644 0.376199
vt 0.516655 0.382762
vt 0.524518 0.388045
vt 0.525206 0.382972
vt 0.52036 0.382818
vt 0.51993 0.387918
vt 0.51993 0.387918
vt 0.52036 0.382818
vt 0.516655 0.382762
vt 0.516616 0.38787
vt 0.530301 0.383129
vt 0.53041 0.376694
vt 0.525322 0.376481
vt 0.525206 0.382972
vt 0.529794 0.388162
vt 0.530301 0.383129
vt 0.525206 0.382972
vt 0.524518 0.388045
vt 0.535437 0.383229
vt 0.5355 0.376819
vt 0.53041 0.376694
vt 0.530301 0.383129
vt 0.535388 0.388242
vt 0.535437 0.383229
vt 0.530301 0.383129
vt 0.529794 0.388162
vt 0.5355 0.376819
vt 0.535567 0.369963
vt 0.530457 0.369834
vt 0.53041 0.376694
vt 0.53041 0.376694
vt 0.530457 0.369834
vt 0.525348 0.36961
vt 0.525322 0.376481
vt 0.535567 0.369963
vt 0.535636 0.362941
vt 0.530506 0.362822
vt 0.530457 0.369834
vt 0.530457 0.369834
vt 0.530506 0.362822
vt 0.525378 0.36262
vt 0.525348 0.36961
vt 0.535636 0.362941
vt 0.535702 0.356082
vt 0.530547 0.355978
vt 0.530506 0.362822
vt 0.530506 0.362822
vt 0.530547 0.355978
vt 0.525393 0.355808
vt 0.525378 0.36262
vt 0.535702 0.356082
vt 0.535754 0.3506
vt 0.530543 0.350513
vt 0.530547 0.355978
vt 0.530547 0.355978
vt 0.530543 0.350513
vt 0.525332 0.35038
vt 0.525393 0.355808
vt 0.535754 0.3506
vt 0.535785 0.347292
vt 0.530472 0.347223
vt 0.530543 0.350513
vt 0.530543 0.350513
vt 0.530472 0.347223
vt 0.525159 0.347131
vt 0.525332 0.35038
vt 0.535785 0.347292
vt 0.535812 0.3444
vt 0.530401 0.344345
vt 0.530472 0.347223
vt 0.530472 0.347223
vt 0.530401 0.344345
vt 0.524991 0.344286
vt 0.525159 0.347131
vt 0.535851 0.340096
vt 0.530397 0.340047
vt 0.530401 0.344345
vt 0.535812 0.3444
vt 0.530397 0.340047
vt 0.524944 0.339999
vt 0.524991 0.344286
vt 0.530401 0.344345
vt 0.535998 0.323885
vt 0.530484 0.329296
vt 0.535948 0.329346
vt 0.535899 0.334804
vt 0.530437 0.334755
vt 0.530397 0.340047
vt 0.535851 0.340096
vt 0.530437 0.334755
vt 0.530484 0.329296
vt 0.524976 0.334707
vt 0.519646 0.339951
vt 0.524944 0.339999
vt 0.524976 0.334707
vt 0.519646 0.339951
vt 0.519698 0.344271
vt 0.524991 0.344286
vt 0.524944 0.339999
vt 0.595874 0.562408
vt 0.597447 0.563725
vt 0.60143 0.560003
vt 0.600485 0.558564
vt 0.600485 0.558564
vt 0.60143 0.560003
vt 0.605337 0.556356
vt 0.604968 0.555466
vt 0.594302 0.56109
vt 0.595874 0.562408
vt 0.600485 0.558564
vt 0.599934 0.554734
vt 0.599934 0.554734
vt 0.600485 0.558564
vt 0.604968 0.555466
vt 0.604599 0.554575
vt 0.594302 0.56109
vt 0.599934 0.554734
vt 0.600688 0.543316
vt 0.592523 0.560068
vt 0.604599 0.554575
vt 0.604622 0.54809
vt 0.600688 0.543316
vt 0.599934 0.554734
vt 0.590744 0.559045
vt 0.592523 0.560068
vt 0.600688 0.543316
vt 0.598065 0.538549
vt 0.604646 0.541606
vt 0.604681 0.535131
vt 0.600688 0.543316
vt 0.604622 0.54809
vt 0.604715 0.528656
vt 0.604753 0.522181
vt 0.600688 0.543316
vt 0.604681 0.535131
vt 0.60479 0.515706
vt 0.598065 0.538549
vt 0.600688 0.543316
vt 0.604753 0.522181
vt 0.588812 0.558348
vt 0.590744 0.559045
vt 0.598065 0.538549
vt 0.596396 0.536145
vt 0.596396 0.536145
vt 0.598065 0.538549
vt 0.60479 0.515706
vt 0.603935 0.513637
vt 0.586881 0.557651
vt 0.588812 0.558348
vt 0.596396 0.536145
vt 0.594797 0.534828
vt 0.594797 0.534828
vt 0.596396 0.536145
vt 0.603935 0.513637
vt 0.603081 0.511568
vt 0.584855 0.557301
vt 0.586881 0.557651
vt 0.594797 0.534828
vt 0.592874 0.533833
vt 0.592874 0.533833
vt 0.594797 0.534828
vt 0.603081 0.511568
vt 0.600997 0.510722
vt 0.58283 0.55695
vt 0.584855 0.557301
vt 0.592874 0.533833
vt 0.590472 0.531193
vt 0.590472 0.531193
vt 0.592874 0.533833
vt 0.600997 0.510722
vt 0.598913 0.509876
vt 0.598913 0.509876
vt 0.589971 0.509934
vt 0.587731 0.525304
vt 0.590472 0.531193
vt 0.58283 0.55695
vt 0.590472 0.531193
vt 0.587731 0.525304
vt 0.583292 0.533411
vt 0.581029 0.509992
vt 0.583292 0.533411
vt 0.587731 0.525304
vt 0.589971 0.509934
vt 0.58283 0.55695
vt 0.583292 0.533411
vt 0.580858 0.541302
vt 0.580772 0.556957
vt 0.581029 0.509992
vt 0.578511 0.533438
vt 0.580858 0.541302
vt 0.583292 0.533411
vt 0.578715 0.556964
vt 0.580772 0.556957
vt 0.580858 0.541302
vt 0.578511 0.533438
vt 0.578715 0.556964
vt 0.578511 0.533438
vt 0.57416 0.525388
vt 0.571355 0.53131
vt 0.581029 0.509992
vt 0.572088 0.51005
vt 0.57416 0.525388
vt 0.578511 0.533438
vt 0.563146 0.510108
vt 0.571355 0.53131
vt 0.57416 0.525388
vt 0.572088 0.51005
vt 0.075506 0.089886
vt 0.066789 0.089652
vt 0.066874 0.092608
vt 0.075884 0.093008
vt 0.066789 0.089652
vt 0.059624 0.089385
vt 0.057864 0.092208
vt 0.066874 0.092608
vt 0.066625 0.086356
vt 0.059672 0.086142
vt 0.059624 0.089385
vt 0.066789 0.089652
vt 0.075262 0.086554
vt 0.066625 0.086356
vt 0.066789 0.089652
vt 0.075506 0.089886
vt 0.084197 0.089926
vt 0.075506 0.089886
vt 0.075884 0.093008
vt 0.084805 0.092904
vt 0.083889 0.08662
vt 0.075262 0.086554
vt 0.075506 0.089886
vt 0.084197 0.089926
vt 0.090823 0.086625
vt 0.083889 0.08662
vt 0.084197 0.089926
vt 0.09131 0.089887
vt 0.09131 0.089887
vt 0.084197 0.089926
vt 0.084805 0.092904
vt 0.093726 0.0928
vt 0.094952 0.086675
vt 0.090823 0.086625
vt 0.09131 0.089887
vt 0.095396 0.089894
vt 0.095396 0.089894
vt 0.09131 0.089887
vt 0.093726 0.0928
vt 0.096193 0.092776
vt 0.097409 0.086828
vt 0.094952 0.086675
vt 0.095396 0.089894
vt 0.097919 0.090005
vt 0.097919 0.090005
vt 0.095396 0.089894
vt 0.096193 0.092776
vt 0.098659 0.092751
vt 0.100359 0.090284
vt 0.097919 0.090005
vt 0.098659 0.092751
vt 0.101048 0.093044
vt 0.099793 0.087129
vt 0.097409 0.086828
vt 0.097919 0.090005
vt 0.100359 0.090284
vt 0.103312 0.087614
vt 0.099793 0.087129
vt 0.100359 0.090284
vt 0.103829 0.090729
vt 0.103829 0.090729
vt 0.100359 0.090284
vt 0.101048 0.093044
vt 0.103437 0.093337
vt 0.10928 0.091349
vt 0.103829 0.090729
vt 0.103437 0.093337
vt 0.109957 0.093919
vt 0.108704 0.088288
vt 0.103312 0.087614
vt 0.103829 0.090729
vt 0.10928 0.091349
vt 0.115229 0.089027
vt 0.108704 0.088288
vt 0.10928 0.091349
vt 0.115758 0.092022
vt 0.115758 0.092022
vt 0.10928 0.091349
vt 0.109957 0.093919
vt 0.116477 0.094502
vt 0.12238 0.092639
vt 0.115758 0.092022
vt 0.116477 0.094502
vt 0.122943 0.094992
vt 0.121953 0.089706
vt 0.115229 0.089027
vt 0.115758 0.092022
vt 0.12238 0.092639
vt 0.128673 0.090318
vt 0.121953 0.089706
vt 0.12238 0.092639
vt 0.128989 0.093204
vt 0.128989 0.093204
vt 0.12238 0.092639
vt 0.122943 0.094992
vt 0.129409 0.095483
vt 0.135135 0.090863
vt 0.128673 0.090318
vt 0.128989 0.093204
vt 0.135387 0.09372
vt 0.135387 0.09372
vt 0.128989 0.093204
vt 0.129409 0.095483
vt 0.135877 0.095962
vt 0.140159 0.091262
vt 0.135135 0.090863
vt 0.135387 0.09372
vt 0.14045 0.094109
vt 0.14045 0.094109
vt 0.135387 0.09372
vt 0.135877 0.095962
vt 0.142344 0.096442
vt 0.14045 0.094109
vt 0.142344 0.096442
vt 0.143305 0.096487
vt 0.142944 0.0943
vt 0.140159 0.091262
vt 0.14045 0.094109
vt 0.142944 0.0943
vt 0.1428 0.091522
vt 0.142944 0.0943
vt 0.143305 0.096487
vt 0.144266 0.096533
vt 0.144105 0.094449
vt 0.1428 0.091522
vt 0.142944 0.0943
vt 0.144105 0.094449
vt 0.143944 0.092365
vt 0.140159 0.091262
vt 0.1428 0.091522
vt 0.142831 0.087582
vt 0.140157 0.087369
vt 0.1428 0.091522
vt 0.143944 0.092365
vt 0.144049 0.087743
vt 0.142831 0.087582
vt 0.142831 0.087582
vt 0.144049 0.087743
vt 0.144154 0.08312
vt 0.143006 0.083043
vt 0.140157 0.087369
vt 0.142831 0.087582
vt 0.143006 0.083043
vt 0.140322 0.082845
vt 0.135135 0.090863
vt 0.140159 0.091262
vt 0.140157 0.087369
vt 0.135078 0.086967
vt 0.135078 0.086967
vt 0.140157 0.087369
vt 0.140322 0.082845
vt 0.135215 0.082446
vt 0.128673 0.090318
vt 0.135135 0.090863
vt 0.135078 0.086967
vt 0.128551 0.086418
vt 0.128551 0.086418
vt 0.135078 0.086967
vt 0.135215 0.082446
vt 0.128659 0.08191
vt 0.121953 0.089706
vt 0.128673 0.090318
vt 0.128551 0.086418
vt 0.121774 0.085805
vt 0.121774 0.085805
vt 0.128551 0.086418
vt 0.128659 0.08191
vt 0.121863 0.08132
vt 0.115229 0.089027
vt 0.121953 0.089706
vt 0.121774 0.085805
vt 0.115012 0.085132
vt 0.115012 0.085132
vt 0.121774 0.085805
vt 0.121863 0.08132
vt 0.115096 0.080692
vt 0.108475 0.084416
vt 0.115012 0.085132
vt 0.115096 0.080692
vt 0.108566 0.080049
vt 0.108704 0.088288
vt 0.115229 0.089027
vt 0.115012 0.085132
vt 0.108475 0.084416
vt 0.103312 0.087614
vt 0.108704 0.088288
vt 0.108475 0.084416
vt 0.103092 0.083779
vt 0.103092 0.083779
vt 0.108475 0.084416
vt 0.108566 0.080049
vt 0.103194 0.0795
vt 0.099793 0.087129
vt 0.103312 0.087614
vt 0.103092 0.083779
vt 0.099602 0.083336
vt 0.099602 0.083336
vt 0.103092 0.083779
vt 0.103194 0.0795
vt 0.099708 0.07914
vt 0.097409 0.086828
vt 0.099793 0.087129
vt 0.099602 0.083336
vt 0.097257 0.083063
vt 0.097257 0.083063
vt 0.099602 0.083336
vt 0.099708 0.07914
vt 0.097361 0.078921
vt 0.094843 0.082902
vt 0.097257 0.083063
vt 0.097361 0.078921
vt 0.09494 0.078766
vt 0.094952 0.086675
vt 0.097409 0.086828
vt 0.097257 0.083063
vt 0.094843 0.082902
vt 0.090823 0.086625
vt 0.094952 0.086675
vt 0.094843 0.082902
vt 0.090747 0.082811
vt 0.090747 0.082811
vt 0.094843 0.082902
vt 0.09494 0.078766
vt 0.090833 0.078633
vt 0.083889 0.08662
vt 0.090823 0.086625
vt 0.090747 0.082811
vt 0.083827 0.082745
vt 0.083827 0.082745
vt 0.090747 0.082811
vt 0.090833 0.078633
vt 0.083898 0.078497
vt 0.075262 0.086554
vt 0.083889 0.08662
vt 0.083827 0.082745
vt 0.075204 0.082646
vt 0.075204 0.082646
vt 0.083827 0.082745
vt 0.083898 0.078497
vt 0.075258 0.078355
vt 0.066573 0.082479
vt 0.075204 0.082646
vt 0.075258 0.078355
vt 0.066604 0.07822
vt 0.066625 0.086356
vt 0.075262 0.086554
vt 0.075204 0.082646
vt 0.066573 0.082479
vt 0.059672 0.086142
vt 0.066625 0.086356
vt 0.066573 0.082479
vt 0.05964 0.082327
vt 0.05964 0.082327
vt 0.066573 0.082479
vt 0.066604 0.07822
vt 0.059646 0.078134
vt 0.05554 0.086054
vt 0.059672 0.086142
vt 0.05964 0.082327
vt 0.055547 0.082287
vt 0.055547 0.082287
vt 0.05964 0.082327
vt 0.059646 0.078134
vt 0.055523 0.078138
vt 0.053089 0.086144
vt 0.05554 0.086054
vt 0.055547 0.082287
vt 0.053146 0.082385
vt 0.053146 0.082385
vt 0.055547 0.082287
vt 0.055523 0.078138
vt 0.053089 0.078231
vt 0.050703 0.086446
vt 0.053089 0.086144
vt 0.053146 0.082385
vt 0.050807 0.082644
vt 0.050807 0.082644
vt 0.053146 0.082385
vt 0.053089 0.078231
vt 0.050719 0.078417
vt 0.047119 0.087007
vt 0.050703 0.086446
vt 0.050807 0.082644
vt 0.047261 0.083126
vt 0.047261 0.083126
vt 0.050807 0.082644
vt 0.050719 0.078417
vt 0.047152 0.078771
vt 0.041711 0.083859
vt 0.047261 0.083126
vt 0.047152 0.078771
vt 0.041596 0.079345
vt 0.04154 0.087834
vt 0.047119 0.087007
vt 0.047261 0.083126
vt 0.041711 0.083859
vt 0.0347 0.088749
vt 0.04154 0.087834
vt 0.041711 0.083859
vt 0.03488 0.084692
vt 0.03488 0.084692
vt 0.041711 0.083859
vt 0.041596 0.079345
vt 0.03477 0.080028
vt 0.027536 0.08957
vt 0.0347 0.088749
vt 0.03488 0.084692
vt 0.027703 0.085461
vt 0.027703 0.085461
vt 0.03488 0.084692
vt 0.03477 0.080028
vt 0.0276 0.080692
vt 0.020282 0.090274
vt 0.027536 0.08957
vt 0.027703 0.085461
vt 0.020416 0.086136
vt 0.020416 0.086136
vt 0.027703 0.085461
vt 0.0276 0.080692
vt 0.020317 0.0813
vt 0.01334 0.086705
vt 0.020416 0.086136
vt 0.020317 0.0813
vt 0.013237 0.081828
vt 0.013247 0.090861
vt 0.020282 0.090274
vt 0.020416 0.086136
vt 0.01334 0.086705
vt 0.00775 0.09126
vt 0.013247 0.090861
vt 0.01334 0.086705
vt 0.00781 0.087099
vt 0.00781 0.087099
vt 0.01334 0.086705
vt 0.013237 0.081828
vt 0.007701 0.082204
vt 0.007701 0.082204
vt 0.004788 0.082381
vt 0.004891 0.087291
vt 0.00781 0.087099
vt 0.00781 0.087099
vt 0.004891 0.087291
vt 0.004847 0.091502
vt 0.00775 0.09126
vt 0.004788 0.082381
vt 0.003545 0.082438
vt 0.003557 0.087435
vt 0.004891 0.087291
vt 0.004891 0.087291
vt 0.003557 0.087435
vt 0.00357 0.092432
vt 0.004847 0.091502
vt 0.004629 0.094349
vt 0.004847 0.091502
vt 0.00357 0.092432
vt 0.003324 0.094454
vt 0.007389 0.094195
vt 0.00775 0.09126
vt 0.004847 0.091502
vt 0.004629 0.094349
vt 0.005285 0.096533
vt 0.007389 0.094195
vt 0.004629 0.094349
vt 0.004182 0.096505
vt 0.004182 0.096505
vt 0.004629 0.094349
vt 0.003324 0.094454
vt 0.003079 0.096476
vt 0.560118 0.560221
vt 0.561073 0.558775
vt 0.556626 0.555782
vt 0.556252 0.556678
vt 0.561073 0.558775
vt 0.561658 0.554945
vt 0.557001 0.554887
vt 0.556626 0.555782
vt 0.565639 0.562511
vt 0.567219 0.561183
vt 0.561658 0.554945
vt 0.561073 0.558775
vt 0.564059 0.563839
vt 0.565639 0.562511
vt 0.561073 0.558775
vt 0.560118 0.560221
vt 0.512474 0.055295
vt 0.514537 0.055342
vt 0.514584 0.043375
vt 0.512521 0.043351
vt 0.512521 0.043351
vt 0.514584 0.043375
vt 0.514632 0.031407
vt 0.512568 0.031407
vt 0.51041 0.055249
vt 0.512474 0.055295
vt 0.512521 0.043351
vt 0.510457 0.043328
vt 0.510457 0.043328
vt 0.512521 0.043351
vt 0.512568 0.031407
vt 0.510504 0.031407
vt 0.508347 0.055205
vt 0.51041 0.055249
vt 0.510457 0.043328
vt 0.508393 0.043305
vt 0.508393 0.043305
vt 0.510457 0.043328
vt 0.510504 0.031407
vt 0.508439 0.031406
vt 0.506285 0.05516
vt 0.508347 0.055205
vt 0.508393 0.043305
vt 0.50633 0.043283
vt 0.50633 0.043283
vt 0.508393 0.043305
vt 0.508439 0.031406
vt 0.506375 0.031405
vt 0.504223 0.055119
vt 0.506285 0.05516
vt 0.50633 0.043283
vt 0.504267 0.043262
vt 0.504267 0.043262
vt 0.50633 0.043283
vt 0.506375 0.031405
vt 0.50431 0.031404
vt 0.502162 0.055079
vt 0.504223 0.055119
vt 0.504267 0.043262
vt 0.502204 0.043241
vt 0.502204 0.043241
vt 0.504267 0.043262
vt 0.50431 0.031404
vt 0.502246 0.031403
vt 0.500102 0.055042
vt 0.502162 0.055079
vt 0.502204 0.043241
vt 0.500142 0.043222
vt 0.500142 0.043222
vt 0.502204 0.043241
vt 0.502246 0.031403
vt 0.500181 0.031401
vt 0.498043 0.055006
vt 0.500102 0.055042
vt 0.500142 0.043222
vt 0.49808 0.043203
vt 0.49808 0.043203
vt 0.500142 0.043222
vt 0.500181 0.031401
vt 0.498117 0.031399
vt 0.495985 0.054975
vt 0.498043 0.055006
vt 0.49808 0.043203
vt 0.496019 0.043186
vt 0.496019 0.043186
vt 0.49808 0.043203
vt 0.498117 0.031399
vt 0.496053 0.031397
vt 0.493928 0.054944
vt 0.495985 0.054975
vt 0.496019 0.043186
vt 0.493958 0.04317
vt 0.493958 0.04317
vt 0.496019 0.043186
vt 0.496053 0.031397
vt 0.493988 0.031394
vt 0.491873 0.05492
vt 0.493928 0.054944
vt 0.493958 0.04317
vt 0.491898 0.043156
vt 0.491898 0.043156
vt 0.493958 0.04317
vt 0.493988 0.031394
vt 0.491924 0.031391
vt 0.489817 0.054895
vt 0.491873 0.05492
vt 0.491898 0.043156
vt 0.489839 0.043143
vt 0.489839 0.043143
vt 0.491898 0.043156
vt 0.491924 0.031391
vt 0.489859 0.031388
vt 0.487764 0.054878
vt 0.489817 0.054895
vt 0.489839 0.043143
vt 0.48778 0.043131
vt 0.48778 0.043131
vt 0.489839 0.043143
vt 0.489859 0.031388
vt 0.487795 0.031384
vt 0.485711 0.054861
vt 0.487764 0.054878
vt 0.48778 0.043131
vt 0.485721 0.043122
vt 0.485721 0.043122
vt 0.48778 0.043131
vt 0.487795 0.031384
vt 0.485731 0.031381
vt 0.483663 0.043114
vt 0.485721 0.043122
vt 0.485731 0.031381
vt 0.483667 0.031376
vt 0.483659 0.054851
vt 0.485711 0.054861
vt 0.485721 0.043122
vt 0.483663 0.043114
vt 0.481607 0.054841
vt 0.483659 0.054851
vt 0.483663 0.043114
vt 0.481605 0.043107
vt 0.481605 0.043107
vt 0.483663 0.043114
vt 0.483667 0.031376
vt 0.481603 0.031372
vt 0.479555 0.054839
vt 0.481607 0.054841
vt 0.481605 0.043107
vt 0.479547 0.043103
vt 0.479547 0.043103
vt 0.481605 0.043107
vt 0.481603 0.031372
vt 0.479539 0.031367
vt 0.477504 0.054837
vt 0.479555 0.054839
vt 0.479547 0.043103
vt 0.477489 0.043101
vt 0.477489 0.043101
vt 0.479547 0.043103
vt 0.479539 0.031367
vt 0.477475 0.031363
vt 0.576687 0.557329
vt 0.578715 0.556964
vt 0.571355 0.53131
vt 0.568925 0.533976
vt 0.57466 0.557693
vt 0.576687 0.557329
vt 0.568925 0.533976
vt 0.566992 0.534989
vt 0.568925 0.533976
vt 0.571355 0.53131
vt 0.563146 0.510108
vt 0.561053 0.510981
vt 0.566992 0.534989
vt 0.568925 0.533976
vt 0.561053 0.510981
vt 0.558961 0.511855
vt 0.572724 0.558403
vt 0.57466 0.557693
vt 0.566992 0.534989
vt 0.565381 0.536322
vt 0.565381 0.536322
vt 0.566992 0.534989
vt 0.558961 0.511855
vt 0.558085 0.513935
vt 0.570789 0.559114
vt 0.572724 0.558403
vt 0.565381 0.536322
vt 0.563688 0.538744
vt 0.563688 0.538744
vt 0.565381 0.536322
vt 0.558085 0.513935
vt 0.557209 0.516015
vt 0.570789 0.559114
vt 0.563688 0.538744
vt 0.561015 0.543551
vt 0.569004 0.560148
vt 0.557209 0.516015
vt 0.557172 0.52249
vt 0.561015 0.543551
vt 0.563688 0.538744
vt 0.567219 0.561183
vt 0.569004 0.560148
vt 0.561015 0.543551
vt 0.561658 0.554945
vt 0.557135 0.528965
vt 0.557099 0.535441
vt 0.561015 0.543551
vt 0.557172 0.52249
vt 0.557062 0.541917
vt 0.557031 0.548402
vt 0.561015 0.543551
vt 0.557099 0.535441
vt 0.557001 0.554887
vt 0.561658 0.554945
vt 0.561015 0.543551
vt 0.557031 0.548402
vt 0.012951 0.093803
vt 0.012403 0.096031
vt 0.019521 0.095528
vt 0.019942 0.09324
vt 0.007389 0.094195
vt 0.005285 0.096533
vt 0.012403 0.096031
vt 0.012951 0.093803
vt 0.00775 0.09126
vt 0.007389 0.094195
vt 0.012951 0.093803
vt 0.013247 0.090861
vt 0.013247 0.090861
vt 0.012951 0.093803
vt 0.019942 0.09324
vt 0.020282 0.090274
vt 0.019942 0.09324
vt 0.019521 0.095528
vt 0.026525 0.09493
vt 0.027103 0.092577
vt 0.020282 0.090274
vt 0.019942 0.09324
vt 0.027103 0.092577
vt 0.027536 0.08957
vt 0.027103 0.092577
vt 0.026525 0.09493
vt 0.03353 0.094332
vt 0.034198 0.09181
vt 0.027536 0.08957
vt 0.027103 0.092577
vt 0.034198 0.09181
vt 0.0347 0.088749
vt 0.0347 0.088749
vt 0.034198 0.09181
vt 0.041048 0.090935
vt 0.04154 0.087834
vt 0.034198 0.09181
vt 0.03353 0.094332
vt 0.040477 0.093508
vt 0.041048 0.090935
vt 0.041048 0.090935
vt 0.040477 0.093508
vt 0.047425 0.092684
vt 0.046763 0.090135
vt 0.04154 0.087834
vt 0.041048 0.090935
vt 0.046763 0.090135
vt 0.047119 0.087007
vt 0.047119 0.087007
vt 0.046763 0.090135
vt 0.050373 0.089602
vt 0.050703 0.086446
vt 0.046763 0.090135
vt 0.047425 0.092684
vt 0.050013 0.092354
vt 0.050373 0.089602
vt 0.050373 0.089602
vt 0.050013 0.092354
vt 0.052602 0.092023
vt 0.052891 0.089313
vt 0.050703 0.086446
vt 0.050373 0.089602
vt 0.052891 0.089313
vt 0.053089 0.086144
vt 0.052891 0.089313
vt 0.052602 0.092023
vt 0.055233 0.092116
vt 0.055477 0.089259
vt 0.053089 0.086144
vt 0.052891 0.089313
vt 0.055477 0.089259
vt 0.05554 0.086054
vt 0.055477 0.089259
vt 0.055233 0.092116
vt 0.057864 0.092208
vt 0.059624 0.089385
vt 0.05554 0.086054
vt 0.055477 0.089259
vt 0.059624 0.089385
vt 0.059672 0.086142
vt 0.020317 0.0813
vt 0.0276 0.080692
vt 0.027272 0.075888
vt 0.020001 0.076441
vt 0.0276 0.080692
vt 0.03477 0.080028
vt 0.034448 0.075312
vt 0.027272 0.075888
vt 0.027272 0.075888
vt 0.034448 0.075312
vt 0.034003 0.070937
vt 0.026827 0.071518
vt 0.020001 0.076441
vt 0.027272 0.075888
vt 0.026827 0.071518
vt 0.01958 0.072092
vt 0.026384 0.067974
vt 0.026827 0.071518
vt 0.034003 0.070937
vt 0.033536 0.067253
vt 0.019181 0.068679
vt 0.01958 0.072092
vt 0.026827 0.071518
vt 0.026384 0.067974
vt 0.018887 0.066338
vt 0.019181 0.068679
vt 0.026384 0.067974
vt 0.026049 0.065489
vt 0.026049 0.065489
vt 0.026384 0.067974
vt 0.033536 0.067253
vt 0.033169 0.064606
vt 0.026049 0.065489
vt 0.033169 0.064606
vt 0.032993 0.063163
vt 0.025887 0.06412
vt 0.018887 0.066338
vt 0.026049 0.065489
vt 0.025887 0.06412
vt 0.018745 0.065036
vt 0.025887 0.06412
vt 0.032993 0.063163
vt 0.032956 0.062399
vt 0.025834 0.063382
vt 0.018745 0.065036
vt 0.025887 0.06412
vt 0.025834 0.063382
vt 0.018712 0.064365
vt 0.510947 0.370652
vt 0.51098 0.363961
vt 0.510009 0.364155
vt 0.509951 0.370849
vt 0.510951 0.377376
vt 0.510947 0.370652
vt 0.509951 0.370849
vt 0.509894 0.377543
vt 0.51194 0.370423
vt 0.511954 0.363693
vt 0.51098 0.363961
vt 0.510947 0.370652
vt 0.511952 0.377155
vt 0.51194 0.370423
vt 0.510947 0.370652
vt 0.510951 0.377376
vt 0.512056 0.383659
vt 0.511952 0.377155
vt 0.510951 0.377376
vt 0.51107 0.383947
vt 0.51107 0.383947
vt 0.510951 0.377376
vt 0.509894 0.377543
vt 0.510055 0.384344
vt 0.512377 0.38891
vt 0.512056 0.383659
vt 0.51107 0.383947
vt 0.511422 0.389391
vt 0.511422 0.389391
vt 0.51107 0.383947
vt 0.510055 0.384344
vt 0.510216 0.391144
vt 0.513035 0.392055
vt 0.512377 0.38891
vt 0.511422 0.389391
vt 0.512191 0.392619
vt 0.512191 0.392619
vt 0.511422 0.389391
vt 0.510216 0.391144
vt 0.511294 0.393337
vt 0.514104 0.393734
vt 0.513035 0.392055
vt 0.512191 0.392619
vt 0.513392 0.394481
vt 0.513392 0.394481
vt 0.512191 0.392619
vt 0.511294 0.393337
vt 0.512372 0.39553
vt 0.515345 0.395684
vt 0.513392 0.394481
vt 0.512372 0.39553
vt 0.514569 0.396613
vt 0.515894 0.394803
vt 0.514104 0.393734
vt 0.513392 0.394481
vt 0.515345 0.395684
vt 0.519727 0.395495
vt 0.515894 0.394803
vt 0.515345 0.395684
vt 0.519228 0.396486
vt 0.519228 0.396486
vt 0.515345 0.395684
vt 0.514569 0.396613
vt 0.516765 0.397696
vt 0.516765 0.397696
vt 0.526027 0.397968
vt 0.526419 0.396915
vt 0.519228 0.396486
vt 0.519228 0.396486
vt 0.526419 0.396915
vt 0.526614 0.395887
vt 0.519727 0.395495
vt 0.526027 0.397968
vt 0.535287 0.39824
vt 0.5353 0.397104
vt 0.526419 0.396915
vt 0.526419 0.396915
vt 0.5353 0.397104
vt 0.535311 0.39606
vt 0.526614 0.395887
vt 0.535287 0.39824
vt 0.544555 0.398153
vt 0.544184 0.397093
vt 0.5353 0.397104
vt 0.5353 0.397104
vt 0.544184 0.397093
vt 0.54401 0.396063
vt 0.535311 0.39606
vt 0.544555 0.398153
vt 0.553821 0.398066
vt 0.551383 0.396809
vt 0.544184 0.397093
vt 0.544184 0.397093
vt 0.551383 0.396809
vt 0.550906 0.39581
vt 0.54401 0.396063
vt 0.54401 0.396063
vt 0.550906 0.39581
vt 0.550632 0.394845
vt 0.543892 0.395049
vt 0.535311 0.39606
vt 0.54401 0.396063
vt 0.543892 0.395049
vt 0.535321 0.395033
vt 0.543892 0.395049
vt 0.550632 0.394845
vt 0.550391 0.393982
vt 0.543789 0.394142
vt 0.535321 0.395033
vt 0.543892 0.395049
vt 0.543789 0.394142
vt 0.53533 0.394114
vt 0.550632 0.394845
vt 0.554286 0.394326
vt 0.55387 0.393548
vt 0.550391 0.393982
vt 0.550906 0.39581
vt 0.554753 0.395196
vt 0.554286 0.394326
vt 0.550632 0.394845
vt 0.554753 0.395196
vt 0.556564 0.394162
vt 0.555905 0.39344
vt 0.554286 0.394326
vt 0.554286 0.394326
vt 0.555905 0.39344
vt 0.555312 0.392793
vt 0.55387 0.393548
vt 0.555905 0.39344
vt 0.556856 0.391969
vt 0.556129 0.391491
vt 0.555312 0.392793
vt 0.556564 0.394162
vt 0.557666 0.392504
vt 0.556856 0.391969
vt 0.555905 0.39344
vt 0.557666 0.392504
vt 0.558387 0.389371
vt 0.557478 0.388998
vt 0.556856 0.391969
vt 0.556856 0.391969
vt 0.557478 0.388998
vt 0.556663 0.388657
vt 0.556129 0.391491
vt 0.558387 0.389371
vt 0.558812 0.384123
vt 0.557852 0.383828
vt 0.557478 0.388998
vt 0.557478 0.388998
vt 0.557852 0.383828
vt 0.55699 0.383537
vt 0.556663 0.388657
vt 0.558812 0.384123
vt 0.559044 0.377616
vt 0.558068 0.377337
vt 0.557852 0.383828
vt 0.557852 0.383828
vt 0.558068 0.377337
vt 0.55719 0.377036
vt 0.55699 0.383537
vt 0.559044 0.377616
vt 0.559187 0.370881
vt 0.558213 0.370591
vt 0.558068 0.377337
vt 0.558068 0.377337
vt 0.558213 0.370591
vt 0.557337 0.370262
vt 0.55719 0.377036
vt 0.559187 0.370881
vt 0.559304 0.364148
vt 0.558342 0.363824
vt 0.558213 0.370591
vt 0.558213 0.370591
vt 0.558342 0.363824
vt 0.557473 0.363454
vt 0.557337 0.370262
vt 0.559304 0.364148
vt 0.559452 0.357681
vt 0.558506 0.357295
vt 0.558342 0.363824
vt 0.558342 0.363824
vt 0.558506 0.357295
vt 0.557641 0.356863
vt 0.557473 0.363454
vt 0.559452 0.357681
vt 0.559691 0.352675
vt 0.558777 0.352187
vt 0.558506 0.357295
vt 0.558506 0.357295
vt 0.558777 0.352187
vt 0.557924 0.351662
vt 0.557641 0.356863
vt 0.557924 0.351662
vt 0.558777 0.352187
vt 0.55923 0.349465
vt 0.558411 0.348814
vt 0.558777 0.352187
vt 0.559691 0.352675
vt 0.560083 0.350098
vt 0.55923 0.349465
vt 0.55923 0.349465
vt 0.560083 0.350098
vt 0.56067 0.349087
vt 0.559919 0.348309
vt 0.558411 0.348814
vt 0.55923 0.349465
vt 0.559919 0.348309
vt 0.559174 0.347539
vt 0.143338 0.078502
vt 0.144576 0.078511
vt 0.144999 0.073903
vt 0.143715 0.074508
vt 0.143006 0.083043
vt 0.144154 0.08312
vt 0.144576 0.078511
vt 0.143338 0.078502
vt 0.140322 0.082845
vt 0.143006 0.083043
vt 0.143338 0.078502
vt 0.140648 0.078313
vt 0.140648 0.078313
vt 0.143338 0.078502
vt 0.143715 0.074508
vt 0.141033 0.074349
vt 0.135215 0.082446
vt 0.140322 0.082845
vt 0.140648 0.078313
vt 0.135544 0.077914
vt 0.135544 0.077914
vt 0.140648 0.078313
vt 0.141033 0.074349
vt 0.135954 0.073918
vt 0.128659 0.08191
vt 0.135215 0.082446
vt 0.135544 0.077914
vt 0.128991 0.077383
vt 0.128991 0.077383
vt 0.135544 0.077914
vt 0.135954 0.073918
vt 0.129429 0.073344
vt 0.121863 0.08132
vt 0.128659 0.08191
vt 0.128991 0.077383
vt 0.122195 0.076806
vt 0.122195 0.076806
vt 0.128991 0.077383
vt 0.129429 0.073344
vt 0.122656 0.072717
vt 0.115096 0.080692
vt 0.121863 0.08132
vt 0.122195 0.076806
vt 0.115422 0.076211
vt 0.115422 0.076211
vt 0.122195 0.076806
vt 0.122656 0.072717
vt 0.115889 0.072076
vt 0.108877 0.075629
vt 0.115422 0.076211
vt 0.115889 0.072076
vt 0.109329 0.071463
vt 0.108566 0.080049
vt 0.115096 0.080692
vt 0.115422 0.076211
vt 0.108877 0.075629
vt 0.103194 0.0795
vt 0.108566 0.080049
vt 0.108877 0.075629
vt 0.103481 0.075153
vt 0.103481 0.075153
vt 0.108877 0.075629
vt 0.109329 0.071463
vt 0.103898 0.070975
vt 0.099708 0.07914
vt 0.103194 0.0795
vt 0.103481 0.075153
vt 0.099964 0.074859
vt 0.099964 0.074859
vt 0.103481 0.075153
vt 0.103898 0.070975
vt 0.10033 0.070683
vt 0.097361 0.078921
vt 0.099708 0.07914
vt 0.099964 0.074859
vt 0.097584 0.07468
vt 0.097584 0.07468
vt 0.099964 0.074859
vt 0.10033 0.070683
vt 0.097889 0.070505
vt 0.095129 0.074527
vt 0.097584 0.07468
vt 0.097889 0.070505
vt 0.095372 0.070335
vt 0.09494 0.078766
vt 0.097361 0.078921
vt 0.097584 0.07468
vt 0.095129 0.074527
vt 0.090833 0.078633
vt 0.09494 0.078766
vt 0.095129 0.074527
vt 0.090987 0.074355
vt 0.090987 0.074355
vt 0.095129 0.074527
vt 0.095372 0.070335
vt 0.091171 0.070124
vt 0.083898 0.078497
vt 0.090833 0.078633
vt 0.090987 0.074355
vt 0.084014 0.074152
vt 0.084014 0.074152
vt 0.090987 0.074355
vt 0.091171 0.070124
vt 0.084145 0.069864
vt 0.075258 0.078355
vt 0.083898 0.078497
vt 0.084014 0.074152
vt 0.075332 0.073967
vt 0.075332 0.073967
vt 0.084014 0.074152
vt 0.084145 0.069864
vt 0.07541 0.06964
vt 0.066634 0.073855
vt 0.075332 0.073967
vt 0.07541 0.06964
vt 0.066655 0.069536
vt 0.066604 0.07822
vt 0.075258 0.078355
vt 0.075332 0.073967
vt 0.066634 0.073855
vt 0.059646 0.078134
vt 0.066604 0.07822
vt 0.066634 0.073855
vt 0.059626 0.073822
vt 0.059626 0.073822
vt 0.066634 0.073855
vt 0.066655 0.069536
vt 0.059583 0.069532
vt 0.055523 0.078138
vt 0.059646 0.078134
vt 0.059626 0.073822
vt 0.055449 0.073857
vt 0.055449 0.073857
vt 0.059626 0.073822
vt 0.059583 0.069532
vt 0.055333 0.069587
vt 0.053089 0.078231
vt 0.055523 0.078138
vt 0.055449 0.073857
vt 0.052958 0.07394
vt 0.052958 0.07394
vt 0.055449 0.073857
vt 0.055333 0.069587
vt 0.052762 0.069669
vt 0.050719 0.078417
vt 0.053089 0.078231
vt 0.052958 0.07394
vt 0.050528 0.074066
vt 0.050528 0.074066
vt 0.052958 0.07394
vt 0.052762 0.069669
vt 0.050252 0.069774
vt 0.047152 0.078771
vt 0.050719 0.078417
vt 0.050528 0.074066
vt 0.046905 0.074315
vt 0.046905 0.074315
vt 0.050528 0.074066
vt 0.050252 0.069774
vt 0.046554 0.069991
vt 0.041302 0.074756
vt 0.046905 0.074315
vt 0.046554 0.069991
vt 0.040892 0.070399
vt 0.041596 0.079345
vt 0.047152 0.078771
vt 0.046905 0.074315
vt 0.041302 0.074756
vt 0.03477 0.080028
vt 0.041596 0.079345
vt 0.041302 0.074756
vt 0.034448 0.075312
vt 0.034448 0.075312
vt 0.041302 0.074756
vt 0.040892 0.070399
vt 0.034003 0.070937
vt 0.040431 0.066582
vt 0.040892 0.070399
vt 0.046554 0.069991
vt 0.046135 0.066069
vt 0.033536 0.067253
vt 0.034003 0.070937
vt 0.040892 0.070399
vt 0.040431 0.066582
vt 0.033169 0.064606
vt 0.033536 0.067253
vt 0.040431 0.066582
vt 0.040054 0.063768
vt 0.040054 0.063768
vt 0.040431 0.066582
vt 0.046135 0.066069
vt 0.045781 0.063117
vt 0.040054 0.063768
vt 0.045781 0.063117
vt 0.045727 0.061513
vt 0.039899 0.062246
vt 0.033169 0.064606
vt 0.040054 0.063768
vt 0.039899 0.062246
vt 0.032993 0.063163
vt 0.039899 0.062246
vt 0.045727 0.061513
vt 0.04702 0.060509
vt 0.039988 0.061454
vt 0.032993 0.063163
vt 0.039899 0.062246
vt 0.039988 0.061454
vt 0.032956 0.062399
vt 0.045781 0.063117
vt 0.049618 0.062754
vt 0.049501 0.061123
vt 0.045727 0.061513
vt 0.045727 0.061513
vt 0.049501 0.061123
vt 0.049601 0.060306
vt 0.04702 0.060509
vt 0.049618 0.062754
vt 0.052313 0.062577
vt 0.052209 0.060929
vt 0.049501 0.061123
vt 0.049501 0.061123
vt 0.052209 0.060929
vt 0.052181 0.060103
vt 0.049601 0.060306
vt 0.052209 0.060929
vt 0.054975 0.060811
vt 0.054727 0.060019
vt 0.052181 0.060103
vt 0.052313 0.062577
vt 0.055077 0.062461
vt 0.054975 0.060811
vt 0.052209 0.060929
vt 0.055077 0.062461
vt 0.059499 0.062394
vt 0.0593 0.06075
vt 0.054975 0.060811
vt 0.066666 0.060771
vt 0.0593 0.06075
vt 0.059499 0.062394
vt 0.066698 0.062401
vt 0.075585 0.060908
vt 0.066666 0.060771
vt 0.066698 0.062401
vt 0.075549 0.062531
vt 0.084734 0.060449
vt 0.075623 0.06006
vt 0.075585 0.060908
vt 0.084474 0.061203
vt 0.084474 0.061203
vt 0.075585 0.060908
vt 0.075549 0.062531
vt 0.084373 0.062811
vt 0.093845 0.060839
vt 0.084734 0.060449
vt 0.084474 0.061203
vt 0.091776 0.061544
vt 0.091776 0.061544
vt 0.084474 0.061203
vt 0.084373 0.062811
vt 0.091511 0.06314
vt 0.096027 0.061825
vt 0.091776 0.061544
vt 0.091511 0.06314
vt 0.095862 0.063419
vt 0.096313 0.061068
vt 0.093845 0.060839
vt 0.091776 0.061544
vt 0.096027 0.061825
vt 0.098781 0.061297
vt 0.096313 0.061068
vt 0.096027 0.061825
vt 0.098706 0.062085
vt 0.098706 0.062085
vt 0.096027 0.061825
vt 0.095862 0.063419
vt 0.098546 0.063667
vt 0.101301 0.062399
vt 0.098706 0.062085
vt 0.098546 0.063667
vt 0.101136 0.063955
vt 0.101238 0.061615
vt 0.098781 0.061297
vt 0.098706 0.062085
vt 0.101301 0.062399
vt 0.103694 0.061933
vt 0.101238 0.061615
vt 0.101301 0.062399
vt 0.104896 0.062911
vt 0.104896 0.062911
vt 0.101301 0.062399
vt 0.101136 0.063955
vt 0.1048 0.064433
vt 0.110371 0.063027
vt 0.103694 0.061933
vt 0.104896 0.062911
vt 0.110433 0.063777
vt 0.110433 0.063777
vt 0.104896 0.062911
vt 0.1048 0.064433
vt 0.110252 0.065209
vt 0.117048 0.06412
vt 0.110371 0.063027
vt 0.110433 0.063777
vt 0.116966 0.06482
vt 0.116966 0.06482
vt 0.110433 0.063777
vt 0.110252 0.065209
vt 0.116771 0.066164
vt 0.123705 0.065187
vt 0.117048 0.06412
vt 0.116966 0.06482
vt 0.123636 0.065873
vt 0.123636 0.065873
vt 0.116966 0.06482
vt 0.116771 0.066164
vt 0.123463 0.067139
vt 0.130362 0.066254
vt 0.123705 0.065187
vt 0.123636 0.065873
vt 0.130299 0.066867
vt 0.130299 0.066867
vt 0.123636 0.065873
vt 0.123463 0.067139
vt 0.130147 0.068061
vt 0.137019 0.067081
vt 0.130362 0.066254
vt 0.130299 0.066867
vt 0.136761 0.067726
vt 0.136761 0.067726
vt 0.130299 0.066867
vt 0.130147 0.068061
vt 0.136586 0.068868
vt 0.143675 0.067908
vt 0.137019 0.067081
vt 0.136761 0.067726
vt 0.141883 0.068359
vt 0.141883 0.068359
vt 0.136761 0.067726
vt 0.136586 0.068868
vt 0.141602 0.069454
vt 0.143675 0.067908
vt 0.141883 0.068359
vt 0.144409 0.068642
vt 0.144668 0.068007
vt 0.141883 0.068359
vt 0.141602 0.069454
vt 0.144254 0.069702
vt 0.144409 0.068642
vt 0.144409 0.068642
vt 0.144254 0.069702
vt 0.145547 0.06931
vt 0.145604 0.068709
vt 0.144668 0.068007
vt 0.144409 0.068642
vt 0.145604 0.068709
vt 0.14566 0.068107
vt 0.56134 0.351656
vt 0.561591 0.350981
vt 0.560869 0.350642
vt 0.56056 0.352979
vt 0.561591 0.350981
vt 0.561841 0.350307
vt 0.56134 0.349783
vt 0.560869 0.350642
vt 0.560869 0.350642
vt 0.56134 0.349783
vt 0.56067 0.349087
vt 0.560083 0.350098
vt 0.56056 0.352979
vt 0.560869 0.350642
vt 0.560083 0.350098
vt 0.559691 0.352675
vt 0.560382 0.358003
vt 0.56056 0.352979
vt 0.559691 0.352675
vt 0.559452 0.357681
vt 0.561289 0.358148
vt 0.56134 0.351656
vt 0.56056 0.352979
vt 0.560382 0.358003
vt 0.561239 0.36464
vt 0.561289 0.358148
vt 0.560382 0.358003
vt 0.560272 0.364432
vt 0.560272 0.364432
vt 0.560382 0.358003
vt 0.559452 0.357681
vt 0.559304 0.364148
vt 0.561166 0.371336
vt 0.561239 0.36464
vt 0.560272 0.364432
vt 0.560175 0.371125
vt 0.560175 0.371125
vt 0.560272 0.364432
vt 0.559304 0.364148
vt 0.559187 0.370881
vt 0.561093 0.378032
vt 0.561166 0.371336
vt 0.560175 0.371125
vt 0.560039 0.377851
vt 0.560039 0.377851
vt 0.560175 0.371125
vt 0.559187 0.370881
vt 0.559044 0.377616
vt 0.560799 0.384833
vt 0.561093 0.378032
vt 0.560039 0.377851
vt 0.559792 0.384424
vt 0.559792 0.384424
vt 0.560039 0.377851
vt 0.559044 0.377616
vt 0.558812 0.384123
vt 0.560504 0.391635
vt 0.560799 0.384833
vt 0.559792 0.384424
vt 0.559332 0.389865
vt 0.559332 0.389865
vt 0.559792 0.384424
vt 0.558812 0.384123
vt 0.558387 0.389371
vt 0.559381 0.393809
vt 0.560504 0.391635
vt 0.559332 0.389865
vt 0.558499 0.39308
vt 0.558499 0.39308
vt 0.559332 0.389865
vt 0.558387 0.389371
vt 0.557666 0.392504
vt 0.558259 0.395983
vt 0.559381 0.393809
vt 0.558499 0.39308
vt 0.557261 0.394919
vt 0.557261 0.394919
vt 0.558499 0.39308
vt 0.557666 0.392504
vt 0.556564 0.394162
vt 0.555283 0.396084
vt 0.557261 0.394919
vt 0.556564 0.394162
vt 0.554753 0.395196
vt 0.55604 0.397025
vt 0.558259 0.395983
vt 0.557261 0.394919
vt 0.555283 0.396084
vt 0.553821 0.398066
vt 0.55604 0.397025
vt 0.555283 0.396084
vt 0.551383 0.396809
vt 0.551383 0.396809
vt 0.555283 0.396084
vt 0.554753 0.395196
vt 0.550906 0.39581
vt 0.144029 0.071631
vt 0.143715 0.074508
vt 0.144999 0.073903
vt 0.145273 0.071606
vt 0.144254 0.069702
vt 0.144029 0.071631
vt 0.145273 0.071606
vt 0.145547 0.06931
vt 0.141366 0.071398
vt 0.141033 0.074349
vt 0.143715 0.074508
vt 0.144029 0.071631
vt 0.141602 0.069454
vt 0.141366 0.071398
vt 0.144029 0.071631
vt 0.144254 0.069702
vt 0.141602 0.069454
vt 0.136586 0.068868
vt 0.136322 0.070891
vt 0.141366 0.071398
vt 0.141366 0.071398
vt 0.136322 0.070891
vt 0.135954 0.073918
vt 0.141033 0.074349
vt 0.136586 0.068868
vt 0.130147 0.068061
vt 0.129842 0.070202
vt 0.136322 0.070891
vt 0.136322 0.070891
vt 0.129842 0.070202
vt 0.129429 0.073344
vt 0.135954 0.073918
vt 0.130147 0.068061
vt 0.123463 0.067139
vt 0.123114 0.06943
vt 0.129842 0.070202
vt 0.129842 0.070202
vt 0.123114 0.06943
vt 0.122656 0.072717
vt 0.129429 0.073344
vt 0.123463 0.067139
vt 0.116771 0.066164
vt 0.116382 0.068627
vt 0.123114 0.06943
vt 0.123114 0.06943
vt 0.116382 0.068627
vt 0.115889 0.072076
vt 0.122656 0.072717
vt 0.116382 0.068627
vt 0.109836 0.067852
vt 0.109329 0.071463
vt 0.115889 0.072076
vt 0.116771 0.066164
vt 0.110252 0.065209
vt 0.109836 0.067852
vt 0.116382 0.068627
vt 0.110252 0.065209
vt 0.1048 0.064433
vt 0.104388 0.067231
vt 0.109836 0.067852
vt 0.109836 0.067852
vt 0.104388 0.067231
vt 0.103898 0.070975
vt 0.109329 0.071463
vt 0.1048 0.064433
vt 0.101136 0.063955
vt 0.100765 0.066855
vt 0.104388 0.067231
vt 0.104388 0.067231
vt 0.100765 0.066855
vt 0.10033 0.070683
vt 0.103898 0.070975
vt 0.101136 0.063955
vt 0.098546 0.063667
vt 0.098244 0.066627
vt 0.100765 0.066855
vt 0.100765 0.066855
vt 0.098244 0.066627
vt 0.097889 0.070505
vt 0.10033 0.070683
vt 0.098244 0.066627
vt 0.09564 0.066418
vt 0.095372 0.070335
vt 0.097889 0.070505
vt 0.098546 0.063667
vt 0.095862 0.063419
vt 0.09564 0.066418
vt 0.098244 0.066627
vt 0.095862 0.063419
vt 0.091511 0.06314
vt 0.09136 0.066167
vt 0.09564 0.066418
vt 0.09564 0.066418
vt 0.09136 0.066167
vt 0.091171 0.070124
vt 0.095372 0.070335
vt 0.091511 0.06314
vt 0.084373 0.062811
vt 0.084273 0.065863
vt 0.09136 0.066167
vt 0.09136 0.066167
vt 0.084273 0.065863
vt 0.084145 0.069864
vt 0.091171 0.070124
vt 0.084373 0.062811
vt 0.075549 0.062531
vt 0.075487 0.065606
vt 0.084273 0.065863
vt 0.084273 0.065863
vt 0.075487 0.065606
vt 0.07541 0.06964
vt 0.084145 0.069864
vt 0.075487 0.065606
vt 0.066677 0.065492
vt 0.066655 0.069536
vt 0.07541 0.06964
vt 0.075549 0.062531
vt 0.066698 0.062401
vt 0.066677 0.065492
vt 0.075487 0.065606
vt 0.066698 0.062401
vt 0.059499 0.062394
vt 0.059535 0.065494
vt 0.066677 0.065492
vt 0.066677 0.065492
vt 0.059535 0.065494
vt 0.059583 0.069532
vt 0.066655 0.069536
vt 0.055194 0.06556
vt 0.055333 0.069587
vt 0.059583 0.069532
vt 0.059535 0.065494
vt 0.055077 0.062461
vt 0.055194 0.06556
vt 0.059535 0.065494
vt 0.059499 0.062394
vt 0.05252 0.065658
vt 0.052762 0.069669
vt 0.055333 0.069587
vt 0.055194 0.06556
vt 0.052313 0.062577
vt 0.05252 0.065658
vt 0.055194 0.06556
vt 0.055077 0.062461
vt 0.049911 0.065792
vt 0.050252 0.069774
vt 0.052762 0.069669
vt 0.05252 0.065658
vt 0.049618 0.062754
vt 0.049911 0.065792
vt 0.05252 0.065658
vt 0.052313 0.062577
vt 0.046135 0.066069
vt 0.046554 0.069991
vt 0.050252 0.069774
vt 0.049911 0.065792
vt 0.045781 0.063117
vt 0.046135 0.066069
vt 0.049911 0.065792
vt 0.049618 0.062754
vt 0.511954 0.363693
vt 0.511932 0.357226
vt 0.510995 0.357532
vt 0.51098 0.363961
vt 0.51098 0.363961
vt 0.510995 0.357532
vt 0.510084 0.357661
vt 0.510009 0.364155
vt 0.511932 0.357226
vt 0.51179 0.352217
vt 0.510915 0.352505
vt 0.510995 0.357532
vt 0.510995 0.357532
vt 0.510915 0.352505
vt 0.510159 0.351168
vt 0.510084 0.357661
vt 0.540768 0.362922
vt 0.535636 0.362941
vt 0.535567 0.369963
vt 0.54068 0.369935
vt 0.54068 0.369935
vt 0.535567 0.369963
vt 0.5355 0.376819
vt 0.540593 0.376796
vt 0.545902 0.362821
vt 0.540768 0.362922
vt 0.54068 0.369935
vt 0.545795 0.369813
vt 0.545795 0.369813
vt 0.54068 0.369935
vt 0.540593 0.376796
vt 0.545686 0.376685
vt 0.540593 0.376796
vt 0.5355 0.376819
vt 0.535437 0.383229
vt 0.540575 0.383233
vt 0.545686 0.376685
vt 0.540593 0.376796
vt 0.540575 0.383233
vt 0.545675 0.383178
vt 0.540575 0.383233
vt 0.535437 0.383229
vt 0.535388 0.388242
vt 0.540983 0.388275
vt 0.545675 0.383178
vt 0.540575 0.383233
vt 0.540983 0.388275
vt 0.546262 0.388265
vt 0.541413 0.329397
vt 0.535998 0.323885
vt 0.535948 0.329346
vt 0.546826 0.33491
vt 0.541413 0.329397
vt 0.541362 0.334856
vt 0.556686 0.344982
vt 0.552064 0.340255
vt 0.551934 0.344576
vt 0.552064 0.340255
vt 0.546826 0.33491
vt 0.546763 0.340204
vt 0.516015 0.347236
vt 0.514943 0.344587
vt 0.513212 0.346299
vt 0.514039 0.34776
vt 0.514943 0.344587
vt 0.519698 0.344271
vt 0.519646 0.339951
s off
f 1/1/1 2/2/2 3/3/3
f 1/1/1 3/3/3 4/4/4
f 5/5/5 6/6/6 7/7/7
f 5/5/5 7/7/7 8/8/8
f 9/9/9 10/10/10 11/11/11
f 9/9/9 11/11/11 12/12/12
f 13/13/13 14/14/14 15/15/15
f 13/13/13 15/15/15 16/16/16
f 17/17/17 18/18/18 19/19/19
f 17/17/17 19/19/19 20/20/20
f 21/21/21 22/22/22 23/23/23
f 21/21/21 23/23/23 24/24/24
f 25/25/25 26/26/26 27/27/27
f 25/25/25 27/27/27 28/28/28
f 29/29/29 30/30/30 31/31/31
f 29/29/29 31/31/31 32/32/32
f 33/33/33 34/34/34 35/35/35
f 33/33/33 35/35/35 36/36/36
f 37/37/37 38/38/38 39/39/39
f 37/37/37 39/39/39 40/40/40
f 41/41/41 42/42/42 43/43/43
f 41/41/41 43/43/43 44/44/44
f 45/45/45 46/46/46 47/47/47
f 45/45/45 47/47/47 48/48/48
f 49/49/49 50/50/50 51/51/51
f 49/49/49 51/51/51 52/52/52
f 53/53/53 54/54/54 55/55/55
f 53/53/53 55/55/55 56/56/56
f 57/57/57 58/58/58 59/59/59
f 57/57/57 59/59/59 60/60/60
f 61/61/61 62/62/62 63/63/63
f 61/61/61 63/63/63 64/64/64
f 65/65/65 66/66/66 67/67/67
f 65/65/65 67/67/67 68/68/68
f 69/69/69 70/70/70 71/71/71
f 69/69/69 71/71/71 72/72/72
f 73/73/73 74/74/74 75/75/75
f 73/73/73 75/75/75 76/76/76
f 77/77/77 78/78/78 79/79/79
f 77/77/77 79/79/79 80/80/80
f 81/81/81 82/82/82 83/83/83
f 81/81/81 83/83/83 84/84/84
f 85/85/85 86/86/86 87/87/87
f 85/85/85 87/87/87 88/88/88
f 89/89/89 90/90/90 91/91/91
f 89/89/89 91/91/91 92/92/92
f 93/93/93 94/94/94 95/95/95
f 93/93/93 95/95/95 96/96/96
f 97/97/97 98/98/98 99/99/99
f 97/97/97 99/99/99 100/100/100
f 101/101/101 102/102/102 103/103/103
f 101/101/101 103/103/103 104/104/104
f 105/105/105 106/106/106 107/107/107
f 105/105/105 107/107/107 108/108/108
f 109/109/109 110/110/110 111/111/111
f 109/109/109 111/111/111 112/112/112
f 113/113/113 114/114/114 115/115/115
f 113/113/113 115/115/115 116/116/116
f 117/117/117 118/118/118 119/119/119
f 117/117/117 119/119/119 120/120/120
f 121/121/121 122/122/122 123/123/123
f 121/121/121 123/123/123 124/124/124
f 125/125/125 126/126/126 127/127/127
f 125/125/125 127/127/127 128/128/128
f 129/129/129 130/130/130 131/131/131
f 129/129/129 131/131/131 132/132/132
f 133/133/133 134/134/134 135/135/135
f 133/133/133 135/135/135 136/136/136
f 137/137/137 138/138/138 139/139/139
f 137/137/137 139/139/139 140/140/140
f 141/141/141 142/142/142 143/143/143
f 141/141/141 143/143/143 144/144/144
f 145/145/145 146/146/146 147/147/147
f 145/145/145 147/147/147 148/148/148
f 149/149/149 150/150/150 151/151/151
f 149/149/149 151/151/151 152/152/152
f 153/153/153 154/154/154 155/155/155
f 153/153/153 155/155/155 156/156/156
f 157/157/157 158/158/158 159/159/159
f 157/157/157 159/159/159 160/160/160
f 161/161/161 162/162/162 163/163/163
f 161/161/161 163/163/163 164/164/164
f 165/165/165 166/166/166 167/167/167
f 165/165/165 167/167/167 168/168/168
f 169/169/169 170/170/170 171/171/171
f 169/169/169 171/171/171 172/172/172
f 173/173/173 174/174/174 175/175/175
f 173/173/173 175/175/175 176/176/176
f 177/177/177 178/178/178 179/179/179
f 177/177/177 179/179/179 180/180/180
f 181/181/181 182/182/182 183/183/183
f 181/181/181 183/183/183 184/184/184
f 185/185/185 186/186/186 187/187/187
f 185/185/185 187/187/187 188/188/188
f 189/189/189 190/190/190 191/191/191
f 189/189/189 191/191/191 192/192/192
f 193/193/193 194/194/194 195/195/195
f 193/193/193 195/195/195 196/196/196
f 197/197/197 198/198/198 199/199/199
f 197/197/197 199/199/199 200/200/200
f 201/201/201 202/202/202 203/203/203
f 201/201/201 203/203/203 204/204/204
f 205/205/205 206/206/206 207/207/207
f 205/205/205 207/207/207 208/208/208
f 209/209/209 210/210/210 211/211/211
f 209/209/209 211/211/211 212/212/212
f 213/213/213 214/214/214 215/215/215
f 213/213/213 215/215/215 216/216/216
f 217/217/217 218/218/218 219/219/219
f 217/217/217 219/219/219 220/220/220
f 221/221/221 222/222/222 223/223/223
f 221/221/221 223/223/223 224/224/224
f 225/225/225 226/226/226 227/227/227
f 225/225/225 227/227/227 228/228/228
f 229/229/229 230/230/230 231/231/231
f 229/229/229 231/231/231 232/232/232
f 233/233/233 234/234/234 235/235/235
f 233/233/233 235/235/235 236/236/236
f 237/237/237 238/238/238 239/239/239
f 237/237/237 239/239/239 240/240/240
f 241/241/241 242/242/242 243/243/243
f 241/241/241 243/243/243 244/244/244
f 245/245/245 246/246/246 247/247/247
f 245/245/245 247/247/247 248/248/248
f 249/249/249 250/250/250 251/251/251
f 249/249/249 251/251/251 252/252/252
f 253/253/253 254/254/254 255/255/255
f 253/253/253 255/255/255 256/256/256
f 257/257/257 258/258/258 259/259/259
f 257/257/257 259/259/259 260/260/260
f 261/261/261 262/262/262 263/263/263
f 261/261/261 263/263/263 264/264/264
f 265/265/265 266/266/266 267/267/267
f 265/265/265 267/267/267 268/268/268
f 269/269/269 270/270/270 271/271/271
f 269/269/269 271/271/271 272/272/272
f 273/273/273 274/274/274 275/275/275
f 273/273/273 275/275/275 276/276/276
f 277/277/277 278/278/278 279/279/279
f 277/277/277 279/279/279 280/280/280
f 281/281/281 282/282/282 283/283/283
f 281/281/281 283/283/283 284/284/284
f 285/285/285 286/286/286 287/287/287
f 285/285/285 287/287/287 288/288/288
f 289/289/289 290/290/290 291/291/291
f 289/289/289 291/291/291 292/292/292
f 293/293/293 294/294/294 295/295/295
f 293/293/293 295/295/295 296/296/296
f 297/297/297 298/298/298 299/299/299
f 297/297/297 299/299/299 300/300/300
f 301/301/301 302/302/302 303/303/303
f 301/301/301 303/303/303 304/304/304
f 305/305/305 306/306/306 307/307/307
f 305/305/305 307/307/307 308/308/308
f 309/309/309 310/310/310 311/311/311
f 309/309/309 311/311/311 312/312/312
f 313/313/313 314/314/314 315/315/315
f 313/313/313 315/315/315 316/316/316
f 317/317/317 318/318/318 319/319/319
f 317/317/317 319/319/319 320/320/320
f 321/321/321 322/322/322 323/323/323
f 321/321/321 323/323/323 324/324/324
f 325/325/325 326/326/326 327/327/327
f 325/325/325 327/327/327 328/328/328
f 329/329/329 330/330/330 331/331/331
f 329/329/329 331/331/331 332/332/332
f 333/333/333 334/334/334 335/335/335
f 333/333/333 335/335/335 336/336/336
f 337/337/337 338/338/338 339/339/339
f 337/337/337 339/339/339 340/340/340
f 341/341/341 342/342/342 343/343/343
f 341/341/341 343/343/343 344/344/344
f 345/345/345 346/346/346 347/347/347
f 345/345/345 347/347/347 348/348/348
f 349/349/349 350/350/350 351/351/351
f 349/349/349 351/351/351 352/352/352
f 353/353/353 354/354/354 355/355/355
f 353/353/353 355/355/355 356/356/356
f 357/357/357 358/358/358 359/359/359
f 357/357/357 359/359/359 360/360/360
f 361/361/361 362/362/362 363/363/363
f 361/361/361 363/363/363 364/364/364
f 365/365/365 366/366/366 367/367/367
f 365/365/365 367/367/367 368/368/368
f 369/369/369 370/370/370 371/371/371
f 369/369/369 371/371/371 372/372/372
f 373/373/373 374/374/374 375/375/375
f 373/373/373 375/375/375 376/376/376
f 377/377/377 378/378/378 379/379/379
f 377/377/377 379/379/379 380/380/380
f 381/381/381 382/382/382 383/383/383
f 381/381/381 383/383/383 384/384/384
f 385/385/385 386/386/386 387/387/387
f 385/385/385 387/387/387 388/388/388
f 389/389/389 390/390/390 391/391/391
f 389/389/389 391/391/391 392/392/392
f 393/393/393 394/394/394 395/395/395
f 393/393/393 395/395/395 396/396/396
f 397/397/397 398/398/398 399/399/399
f 397/397/397 399/399/399 400/400/400
f 401/401/401 402/402/402 403/403/403
f 401/401/401 403/403/403 404/404/404
f 405/405/405 406/406/406 407/407/407
f 405/405/405 407/407/407 408/408/408
f 409/409/409 410/410/410 411/411/411
f 409/409/409 411/411/411 412/412/412
f 413/413/413 414/414/414 415/415/415
f 413/413/413 415/415/415 416/416/416
f 417/417/417 418/418/418 419/419/419
f 417/417/417 419/419/419 420/420/420
f 421/421/421 422/422/422 423/423/423
f 421/421/421 423/423/423 424/424/424
f 425/425/425 426/426/426 427/427/427
f 425/425/425 427/427/427 428/428/428
f 429/429/429 430/430/430 431/431/431
f 429/429/429 431/431/431 432/432/432
f 433/433/433 434/434/434 435/435/435
f 433/433/433 435/435/435 436/436/436
f 437/437/437 438/438/438 439/439/439
f 437/437/437 439/439/439 440/440/440
f 441/441/441 442/442/442 443/443/443
f 441/441/441 443/443/443 444/444/444
f 445/445/445 446/446/446 447/447/447
f 445/445/445 447/447/447 448/448/448
f 449/449/449 450/450/450 451/451/451
f 449/449/449 451/451/451 452/452/452
f 453/453/453 454/454/454 455/455/455
f 453/453/453 455/455/455 456/456/456
f 457/457/457 458/458/458 459/459/459
f 457/457/457 459/459/459 460/460/460
f 461/461/461 462/462/462 463/463/463
f 461/461/461 463/463/463 464/464/464
f 465/465/465 466/466/466 467/467/467
f 465/465/465 467/467/467 468/468/468
f 469/469/469 470/470/470 471/471/471
f 469/469/469 471/471/471 472/472/472
f 473/473/473 474/474/474 475/475/475
f 473/473/473 475/475/475 476/476/476
f 477/477/477 478/478/478 479/479/479
f 477/477/477 479/479/479 480/480/480
f 481/481/481 482/482/482 483/483/483
f 481/481/481 483/483/483 484/484/484
f 485/485/485 486/486/486 487/487/487
f 485/485/485 487/487/487 488/488/488
f 489/489/489 490/490/490 491/491/491
f 489/489/489 491/491/491 492/492/492
f 493/493/493 494/494/494 495/495/495
f 493/493/493 495/495/495 496/496/496
f 497/497/497 498/498/498 499/499/499
f 497/497/497 499/499/499 500/500/500
f 501/501/501 502/502/502 503/503/503
f 501/501/501 503/503/503 504/504/504
f 505/505/505 506/506/506 507/507/507
f 505/505/505 507/507/507 508/508/508
f 509/509/509 510/510/510 511/511/511
f 509/509/509 511/511/511 512/512/512
f 513/513/513 514/514/514 515/515/515
f 513/513/513 515/515/515 516/516/516
f 517/517/517 518/518/518 519/519/519
f 517/517/517 519/519/519 520/520/520
f 521/521/521 522/522/522 523/523/523
f 521/521/521 523/523/523 524/524/524
f 525/525/525 526/526/526 527/527/527
f 525/525/525 527/527/527 528/528/528
f 529/529/529 530/530/530 531/531/531
f 529/529/529 531/531/531 532/532/532
f 533/533/533 534/534/534 535/535/535
f 533/533/533 535/535/535 536/536/536
f 537/537/537 538/538/538 539/539/539
f 537/537/537 539/539/539 540/540/540
f 541/541/541 542/542/542 543/543/543
f 541/541/541 543/543/543 544/544/544
f 545/545/545 546/546/546 547/547/547
f 545/545/545 547/547/547 548/548/548
f 549/549/549 550/550/550 551/551/551
f 549/549/549 551/551/551 552/552/552
f 553/553/553 554/554/554 555/555/555
f 553/553/553 555/555/555 556/556/556
f 557/557/557 558/558/558 559/559/559
f 557/557/557 559/559/559 560/560/560
f 561/561/561 562/562/562 563/563/563
f 561/561/561 563/563/563 564/564/564
f 565/565/565 566/566/566 567/567/567
f 565/565/565 567/567/567 568/568/568
f 569/569/569 570/570/570 571/571/571
f 569/569/569 571/571/571 572/572/572
f 573/573/573 574/574/574 575/575/575
f 573/573/573 575/575/575 576/576/576
f 577/577/577 578/578/578 579/579/579
f 577/577/577 579/579/579 580/580/580
f 581/581/581 582/582/582 583/583/583
f 581/581/581 583/583/583 584/584/584
f 585/585/585 586/586/586 587/587/587
f 585/585/585 587/587/587 588/588/588
f 589/589/589 590/590/590 591/591/591
f 589/589/589 591/591/591 592/592/592
f 593/593/593 594/594/594 595/595/595
f 593/593/593 595/595/595 596/596/596
f 597/597/597 598/598/598 599/599/599
f 597/597/597 599/599/599 600/600/600
f 601/601/601 602/602/602 603/603/603
f 601/601/601 603/603/603 604/604/604
f 605/605/605 606/606/606 607/607/607
f 605/605/605 607/607/607 608/608/608
f 609/609/609 610/610/610 611/611/611
f 609/609/609 611/611/611 612/612/612
f 613/613/613 614/614/614 615/615/615
f 613/613/613 615/615/615 616/616/616
f 617/617/617 618/618/618 619/619/619
f 617/617/617 619/619/619 620/620/620
f 621/621/621 622/622/622 623/623/623
f 621/621/621 623/623/623 624/624/624
f 625/625/625 626/626/626 627/627/627
f 625/625/625 627/627/627 628/628/628
f 629/629/629 630/630/630 631/631/631
f 629/629/629 631/631/631 632/632/632
f 633/633/633 634/634/634 635/635/635
f 633/633/633 635/635/635 636/636/636
f 637/637/637 638/638/638 639/639/639
f 637/637/637 639/639/639 640/640/640
f 641/641/641 642/642/642 643/643/643
f 641/641/641 643/643/643 644/644/644
f 645/645/645 646/646/646 647/647/647
f 645/645/645 647/647/647 648/648/648
f 649/649/649 650/650/650 651/651/651
f 649/649/649 651/651/651 652/652/652
f 653/653/653 654/654/654 655/655/655
f 653/653/653 655/655/655 656/656/656
f 657/657/657 658/658/658 659/659/659
f 657/657/657 659/659/659 660/660/660
f 661/661/661 662/662/662 663/663/663
f 661/661/661 663/663/663 664/664/664
f 665/665/665 666/666/666 667/667/667
f 665/665/665 667/667/667 668/668/668
f 669/669/669 670/670/670 671/671/671
f 669/669/669 671/671/671 672/672/672
f 673/673/673 674/674/674 675/675/675
f 673/673/673 675/675/675 676/676/676
f 677/677/677 678/678/678 679/679/679
f 677/677/677 679/679/679 680/680/680
f 681/681/681 682/682/682 683/683/683
f 681/681/681 683/683/683 684/684/684
f 685/685/685 686/686/686 687/687/687
f 685/685/685 687/687/687 688/688/688
f 689/689/689 690/690/690 691/691/691
f 689/689/689 691/691/691 692/692/692
f 693/693/693 694/694/694 695/695/695
f 693/693/693 695/695/695 696/696/696
f 697/697/697 698/698/698 699/699/699
f 697/697/697 699/699/699 700/700/700
f 701/701/701 702/702/702 703/703/703
f 701/701/701 703/703/703 704/704/704
f 705/705/705 706/706/706 707/707/707
f 705/705/705 707/707/707 708/708/708
f 709/709/709 710/710/710 711/711/711
f 709/709/709 711/711/711 712/712/712
f 713/713/713 714/714/714 715/715/715
f 713/713/713 715/715/715 716/716/716
f 717/717/717 718/718/718 719/719/719
f 717/717/717 719/719/719 720/720/720
f 721/721/721 722/722/722 723/723/723
f 721/721/721 723/723/723 724/724/724
f 725/725/725 726/726/726 727/727/727
f 725/725/725 727/727/727 728/728/728
f 729/729/729 730/730/730 731/731/731
f 729/729/729 731/731/731 732/732/732
f 733/733/733 734/734/734 735/735/735
f 733/733/733 735/735/735 736/736/736
f 737/737/737 738/738/738 739/739/739
f 737/737/737 739/739/739 740/740/740
f 741/741/741 742/742/742 743/743/743
f 741/741/741 743/743/743 744/744/744
f 745/745/745 746/746/746 747/747/747
f 745/745/745 747/747/747 748/748/748
f 749/749/749 750/750/750 751/751/751
f 749/749/749 751/751/751 752/752/752
f 753/753/753 754/754/754 755/755/755
f 753/753/753 755/755/755 756/756/756
f 757/757/757 758/758/758 759/759/759
f 757/757/757 759/759/759 760/760/760
f 761/761/761 762/762/762 763/763/763
f 761/761/761 763/763/763 764/764/764
f 765/765/765 766/766/766 767/767/767
f 765/765/765 767/767/767 768/768/768
f 769/769/769 770/770/770 771/771/771
f 769/769/769 771/771/771 772/772/772
f 773/773/773 774/774/774 775/775/775
f 773/773/773 775/775/775 776/776/776
f 777/777/777 778/778/778 779/779/779
f 777/777/777 779/779/779 780/780/780
f 781/781/781 782/782/782 783/783/783
f 781/781/781 783/783/783 784/784/784
f 785/785/785 786/786/786 787/787/787
f 788/788/788 789/789/789 790/790/790
f 788/788/788 790/790/790 791/791/791
f 792/792/792 793/793/793 794/794/794
f 795/795/795 796/796/796 797/797/797
f 798/798/798 799/799/799 800/800/800
f 798/798/798 800/800/800 801/801/801
f 802/802/802 803/803/803 804/804/804
f 802/802/802 804/804/804 805/805/805
f 806/806/806 807/807/807 808/808/808
f 806/806/806 808/808/808 809/809/809
f 810/810/810 811/811/811 812/812/812
f 810/810/810 812/812/812 813/813/813
f 814/814/814 815/815/815 816/816/816
f 814/814/814 816/816/816 817/817/817
f 818/818/818 819/819/819 820/820/820
f 818/818/818 820/820/820 821/821/821
f 822/822/822 823/823/823 824/824/824
f 822/822/822 824/824/824 825/825/825
f 826/826/826 827/827/827 828/828/828
f 826/826/826 828/828/828 829/829/829
f 830/830/830 831/831/831 832/832/832
f 830/830/830 832/832/832 833/833/833
f 834/834/834 835/835/835 836/836/836
f 834/834/834 836/836/836 837/837/837
f 838/838/838 839/839/839 840/840/840
f 838/838/838 840/840/840 841/841/841
f 842/842/842 843/843/843 844/844/844
f 842/842/842 844/844/844 845/845/845
f 846/846/846 847/847/847 848/848/848
f 846/846/846 848/848/848 849/849/849
f 850/850/850 851/851/851 852/852/852
f 850/850/850 852/852/852 853/853/853
f 854/854/854 855/855/855 856/856/856
f 854/854/854 856/856/856 857/857/857
f 858/858/858 859/859/859 860/860/860
f 858/858/858 860/860/860 861/861/861
f 862/862/862 863/863/863 864/864/864
f 862/862/862 864/864/864 865/865/865
f 866/866/866 867/867/867 868/868/868
f 866/866/866 868/868/868 869/869/869
f 870/870/870 871/871/871 872/872/872
f 870/870/870 872/872/872 873/873/873
f 874/874/874 875/875/875 876/876/876
f 874/874/874 876/876/876 877/877/877
f 878/878/878 879/879/879 880/880/880
f 878/878/878 880/880/880 881/881/881
f 882/882/882 883/883/883 884/884/884
f 882/882/882 884/884/884 885/885/885
f 886/886/886 887/887/887 888/888/888
f 886/886/886 888/888/888 889/889/889
f 890/890/890 891/891/891 892/892/892
f 890/890/890 892/892/892 893/893/893
f 894/894/894 895/895/895 896/896/896
f 894/894/894 896/896/896 897/897/897
f 898/898/898 899/899/899 900/900/900
f 898/898/898 900/900/900 901/901/901
f 902/902/902 903/903/903 904/904/904
f 902/902/902 904/904/904 905/905/905
f 906/906/906 907/907/907 908/908/908
f 906/906/906 908/908/908 909/909/909
f 910/910/910 911/911/911 912/912/912
f 910/910/910 912/912/912 913/913/913
f 914/914/914 915/915/915 916/916/916
f 914/914/914 916/916/916 917/917/917
f 918/918/918 919/919/919 920/920/920
f 918/918/918 920/920/920 921/921/921
f 922/922/922 923/923/923 924/924/924
f 922/922/922 924/924/924 925/925/925
f 926/926/926 927/927/927 928/928/928
f 926/926/926 928/928/928 929/929/929
f 930/930/930 931/931/931 932/932/932
f 930/930/930 932/932/932 933/933/933
f 934/934/934 935/935/935 936/936/936
f 934/934/934 936/936/936 937/937/937
f 938/938/938 939/939/939 940/940/940
f 938/938/938 940/940/940 941/941/941
f 942/942/942 943/943/943 944/944/944
f 942/942/942 944/944/944 945/945/945
f 946/946/946 947/947/947 948/948/948
f 946/946/946 948/948/948 949/949/949
f 950/950/950 951/951/951 952/952/952
f 950/950/950 952/952/952 953/953/953
f 954/954/954 955/955/955 956/956/956
f 954/954/954 956/956/956 957/957/957
f 958/958/958 959/959/959 960/960/960
f 958/958/958 960/960/960 961/961/961
f 962/962/962 963/963/963 964/964/964
f 962/962/962 964/964/964 965/965/965
f 966/966/966 967/967/967 968/968/968
f 966/966/966 968/968/968 969/969/969
f 970/970/970 971/971/971 972/972/972
f 970/970/970 972/972/972 973/973/973
f 974/974/974 975/975/975 976/976/976
f 974/974/974 976/976/976 977/977/977
f 978/978/978 979/979/979 980/980/980
f 978/978/978 980/980/980 981/981/981
f 982/982/982 983/983/983 984/984/984
f 982/982/982 984/984/984 985/985/985
f 986/986/986 987/987/987 988/988/988
f 986/986/986 988/988/988 989/989/989
f 990/990/990 991/991/991 992/992/992
f 990/990/990 992/992/992 993/993/993
f 994/994/994 995/995/995 996/996/996
f 994/994/994 996/996/996 997/997/997
f 998/998/998 999/999/999 1000/1000/1000
f 998/998/998 1000/1000/1000 1001/1001/1001
f 1002/1002/1002 1003/1003/1003 1004/1004/1004
f 1002/1002/1002 1004/1004/1004 1005/1005/1005
f 1006/1006/1006 1007/1007/1007 1008/1008/1008
f 1006/1006/1006 1008/1008/1008 1009/1009/1009
f 1010/1010/1010 1011/1011/1011 1012/1012/1012
f 1010/1010/1010 1012/1012/1012 1013/1013/1013
f 1014/1014/1014 1015/1015/1015 1016/1016/1016
f 1014/1014/1014 1016/1016/1016 1017/1017/1017
f 1018/1018/1018 1019/1019/1019 1020/1020/1020
f 1018/1018/1018 1020/1020/1020 1021/1021/1021
f 1022/1022/1022 1023/1023/1023 1024/1024/1024
f 1022/1022/1022 1024/1024/1024 1025/1025/1025
f 1026/1026/1026 1027/1027/1027 1028/1028/1028
f 1026/1026/1026 1028/1028/1028 1029/1029/1029
f 1030/1030/1030 1031/1031/1031 1032/1032/1032
f 1030/1030/1030 1032/1032/1032 1033/1033/1033
f 1034/1034/1034 1035/1035/1035 1036/1036/1036
f 1034/1034/1034 1036/1036/1036 1037/1037/1037
f 1038/1038/1038 1039/1039/1039 1040/1040/1040
f 1038/1038/1038 1040/1040/1040 1041/1041/1041
f 1042/1042/1042 1043/1043/1043 1044/1044/1044
f 1042/1042/1042 1044/1044/1044 1045/1045/1045
f 1046/1046/1046 1047/1047/1047 1048/1048/1048
f 1046/1046/1046 1048/1048/1048 1049/1049/1049
f 1050/1050/1050 1051/1051/1051 1052/1052/1052
f 1050/1050/1050 1052/1052/1052 1053/1053/1053
f 1054/1054/1054 1055/1055/1055 1056/1056/1056
f 1054/1054/1054 1056/1056/1056 1057/1057/1057
f 1058/1058/1058 1059/1059/1059 1060/1060/1060
f 1058/1058/1058 1060/1060/1060 1061/1061/1061
f 1062/1062/1062 1063/1063/1063 1064/1064/1064
f 1062/1062/1062 1064/1064/1064 1065/1065/1065
f 1066/1066/1066 1067/1067/1067 1068/1068/1068
f 1066/1066/1066 1068/1068/1068 1069/1069/1069
f 1070/1070/1070 1071/1071/1071 1072/1072/1072
f 1070/1070/1070 1072/1072/1072 1073/1073/1073
f 1074/1074/1074 1075/1075/1075 1076/1076/1076
f 1074/1074/1074 1076/1076/1076 1077/1077/1077
f 1078/1078/1078 1079/1079/1079 1080/1080/1080
f 1078/1078/1078 1080/1080/1080 1081/1081/1081
f 1082/1082/1082 1083/1083/1083 1084/1084/1084
f 1082/1082/1082 1084/1084/1084 1085/1085/1085
f 1086/1086/1086 1087/1087/1087 1088/1088/1088
f 1086/1086/1086 1088/1088/1088 1089/1089/1089
f 1090/1090/1090 1091/1091/1091 1092/1092/1092
f 1090/1090/1090 1092/1092/1092 1093/1093/1093
f 1094/1094/1094 1095/1095/1095 1096/1096/1096
f 1094/1094/1094 1096/1096/1096 1097/1097/1097
f 1098/1098/1098 1099/1099/1099 1100/1100/1100
f 1098/1098/1098 1100/1100/1100 1101/1101/1101
f 1102/1102/1102 1103/1103/1103 1104/1104/1104
f 1102/1102/1102 1104/1104/1104 1105/1105/1105
f 1106/1106/1106 1107/1107/1107 1108/1108/1108
f 1106/1106/1106 1108/1108/1108 1109/1109/1109
f 1110/1110/1110 1111/1111/1111 1112/1112/1112
f 1110/1110/1110 1112/1112/1112 1113/1113/1113
f 1114/1114/1114 1115/1115/1115 1116/1116/1116
f 1114/1114/1114 1116/1116/1116 1117/1117/1117
f 1118/1118/1118 1119/1119/1119 1120/1120/1120
f 1118/1118/1118 1120/1120/1120 1121/1121/1121
f 1122/1122/1122 1123/1123/1123 1124/1124/1124
f 1122/1122/1122 1124/1124/1124 1125/1125/1125
f 1126/1126/1126 1127/1127/1127 1128/1128/1128
f 1126/1126/1126 1128/1128/1128 1129/1129/1129
f 1130/1130/1130 1131/1131/1131 1132/1132/1132
f 1130/1130/1130 1132/1132/1132 1133/1133/1133
f 1134/1134/1134 1135/1135/1135 1136/1136/1136
f 1134/1134/1134 1136/1136/1136 1137/1137/1137
f 1138/1138/1138 1139/1139/1139 1140/1140/1140
f 1138/1138/1138 1140/1140/1140 1141/1141/1141
f 1142/1142/1142 1143/1143/1143 1144/1144/1144
f 1142/1142/1142 1144/1144/1144 1145/1145/1145
f 1146/1146/1146 1147/1147/1147 1148/1148/1148
f 1146/1146/1146 1148/1148/1148 1149/1149/1149
f 1150/1150/1150 1151/1151/1151 1152/1152/1152
f 1150/1150/1150 1152/1152/1152 1153/1153/1153
f 1154/1154/1154 1155/1155/1155 1156/1156/1156
f 1154/1154/1154 1156/1156/1156 1157/1157/1157
f 1158/1158/1158 1159/1159/1159 1160/1160/1160
f 1158/1158/1158 1160/1160/1160 1161/1161/1161
f 1162/1162/1162 1163/1163/1163 1164/1164/1164
f 1162/1162/1162 1164/1164/1164 1165/1165/1165
f 1166/1166/1166 1167/1167/1167 1168/1168/1168
f 1166/1166/1166 1168/1168/1168 1169/1169/1169
f 1170/1170/1170 1171/1171/1171 1172/1172/1172
f 1170/1170/1170 1172/1172/1172 1173/1173/1173
f 1174/1174/1174 1175/1175/1175 1176/1176/1176
f 1174/1174/1174 1176/1176/1176 1177/1177/1177
f 1178/1178/1178 1179/1179/1179 1180/1180/1180
f 1178/1178/1178 1180/1180/1180 1181/1181/1181
f 1182/1182/1182 1183/1183/1183 1184/1184/1184
f 1182/1182/1182 1184/1184/1184 1185/1185/1185
f 1186/1186/1186 1187/1187/1187 1188/1188/1188
f 1186/1186/1186 1188/1188/1188 1189/1189/1189
f 1190/1190/1190 1191/1191/1191 1192/1192/1192
f 1190/1190/1190 1192/1192/1192 1193/1193/1193
f 1194/1194/1194 1195/1195/1195 1196/1196/1196
f 1194/1194/1194 1196/1196/1196 1197/1197/1197
f 1198/1198/1198 1199/1199/1199 1200/1200/1200
f 1198/1198/1198 1200/1200/1200 1201/1201/1201
f 1202/1202/1202 1203/1203/1203 1204/1204/1204
f 1202/1202/1202 1204/1204/1204 1205/1205/1205
f 1206/1206/1206 1207/1207/1207 1208/1208/1208
f 1206/1206/1206 1208/1208/1208 1209/1209/1209
f 1210/1210/1210 1211/1211/1211 1212/1212/1212
f 1210/1210/1210 1212/1212/1212 1213/1213/1213
f 1214/1214/1214 1215/1215/1215 1216/1216/1216
f 1214/1214/1214 1216/1216/1216 1217/1217/1217
f 1218/1218/1218 1219/1219/1219 1220/1220/1220
f 1218/1218/1218 1220/1220/1220 1221/1221/1221
f 1222/1222/1222 1223/1223/1223 1224/1224/1224
f 1222/1222/1222 1224/1224/1224 1225/1225/1225
f 1226/1226/1226 1227/1227/1227 1228/1228/1228
f 1226/1226/1226 1228/1228/1228 1229/1229/1229
f 1230/1230/1230 1231/1231/1231 1232/1232/1232
f 1230/1230/1230 1232/1232/1232 1233/1233/1233
f 1234/1234/1234 1235/1235/1235 1236/1236/1236
f 1234/1234/1234 1236/1236/1236 1237/1237/1237
f 1238/1238/1238 1239/1239/1239 1240/1240/1240
f 1238/1238/1238 1240/1240/1240 1241/1241/1241
f 1242/1242/1242 1243/1243/1243 1244/1244/1244
f 1242/1242/1242 1244/1244/1244 1245/1245/1245
f 1246/1246/1246 1247/1247/1247 1248/1248/1248
f 1246/1246/1246 1248/1248/1248 1249/1249/1249
f 1250/1250/1250 1251/1251/1251 1252/1252/1252
f 1250/1250/1250 1252/1252/1252 1253/1253/1253
f 1254/1254/1254 1255/1255/1255 1256/1256/1256
f 1254/1254/1254 1256/1256/1256 1257/1257/1257
f 1258/1258/1258 1259/1259/1259 1260/1260/1260
f 1258/1258/1258 1260/1260/1260 1261/1261/1261
f 1262/1262/1262 1263/1263/1263 1264/1264/1264
f 1262/1262/1262 1264/1264/1264 1265/1265/1265
f 1266/1266/1266 1267/1267/1267 1268/1268/1268
f 1266/1266/1266 1268/1268/1268 1269/1269/1269
f 1270/1270/1270 1271/1271/1271 1272/1272/1272
f 1270/1270/1270 1272/1272/1272 1273/1273/1273
f 1274/1274/1274 1275/1275/1275 1276/1276/1276
f 1274/1274/1274 1276/1276/1276 1277/1277/1277
f 1278/1278/1278 1279/1279/1279 1280/1280/1280
f 1278/1278/1278 1280/1280/1280 1281/1281/1281
f 1282/1282/1282 1283/1283/1283 1284/1284/1284
f 1282/1282/1282 1284/1284/1284 1285/1285/1285
f 1286/1286/1286 1287/1287/1287 1288/1288/1288
f 1286/1286/1286 1288/1288/1288 1289/1289/1289
f 1290/1290/1290 1291/1291/1291 1292/1292/1292
f 1290/1290/1290 1292/1292/1292 1293/1293/1293
f 1294/1294/1294 1295/1295/1295 1296/1296/1296
f 1294/1294/1294 1296/1296/1296 1297/1297/1297
f 1298/1298/1298 1299/1299/1299 1300/1300/1300
f 1298/1298/1298 1300/1300/1300 1301/1301/1301
f 1302/1302/1302 1303/1303/1303 1304/1304/1304
f 1302/1302/1302 1304/1304/1304 1305/1305/1305
f 1306/1306/1306 1307/1307/1307 1308/1308/1308
f 1306/1306/1306 1308/1308/1308 1309/1309/1309
f 1310/1310/1310 1311/1311/1311 1312/1312/1312
f 1310/1310/1310 1312/1312/1312 1313/1313/1313
f 1314/1314/1314 1315/1315/1315 1316/1316/1316
f 1314/1314/1314 1316/1316/1316 1317/1317/1317
f 1318/1318/1318 1319/1319/1319 1320/1320/1320
f 1318/1318/1318 1320/1320/1320 1321/1321/1321
f 1322/1322/1322 1323/1323/1323 1324/1324/1324
f 1322/1322/1322 1324/1324/1324 1325/1325/1325
f 1326/1326/1326 1327/1327/1327 1328/1328/1328
f 1326/1326/1326 1328/1328/1328 1329/1329/1329
f 1330/1330/1330 1331/1331/1331 1332/1332/1332
f 1330/1330/1330 1332/1332/1332 1333/1333/1333
f 1334/1334/1334 1335/1335/1335 1336/1336/1336
f 1334/1334/1334 1336/1336/1336 1337/1337/1337
f 1338/1338/1338 1339/1339/1339 1340/1340/1340
f 1338/1338/1338 1340/1340/1340 1341/1341/1341
f 1342/1342/1342 1343/1343/1343 1344/1344/1344
f 1342/1342/1342 1344/1344/1344 1345/1345/1345
f 1346/1346/1346 1347/1347/1347 1348/1348/1348
f 1346/1346/1346 1348/1348/1348 1349/1349/1349
f 1350/1350/1350 1351/1351/1351 1352/1352/1352
f 1350/1350/1350 1352/1352/1352 1353/1353/1353
f 1354/1354/1354 1355/1355/1355 1356/1356/1356
f 1354/1354/1354 1356/1356/1356 1357/1357/1357
f 1358/1358/1358 1359/1359/1359 1360/1360/1360
f 1358/1358/1358 1360/1360/1360 1361/1361/1361
f 1362/1362/1362 1363/1363/1363 1364/1364/1364
f 1362/1362/1362 1364/1364/1364 1365/1365/1365
f 1366/1366/1366 1367/1367/1367 1368/1368/1368
f 1366/1366/1366 1368/1368/1368 1369/1369/1369
f 1370/1370/1370 1371/1371/1371 1372/1372/1372
f 1370/1370/1370 1372/1372/1372 1373/1373/1373
f 1374/1374/1374 1375/1375/1375 1376/1376/1376
f 1374/1374/1374 1376/1376/1376 1377/1377/1377
f 1378/1378/1378 1379/1379/1379 1380/1380/1380
f 1378/1378/1378 1380/1380/1380 1381/1381/1381
f 1382/1382/1382 1383/1383/1383 1384/1384/1384
f 1382/1382/1382 1384/1384/1384 1385/1385/1385
f 1386/1386/1386 1387/1387/1387 1388/1388/1388
f 1386/1386/1386 1388/1388/1388 1389/1389/1389
f 1390/1390/1390 1391/1391/1391 1392/1392/1392
f 1390/1390/1390 1392/1392/1392 1393/1393/1393
f 1394/1394/1394 1395/1395/1395 1396/1396/1396
f 1394/1394/1394 1396/1396/1396 1397/1397/1397
f 1398/1398/1398 1399/1399/1399 1400/1400/1400
f 1398/1398/1398 1400/1400/1400 1401/1401/1401
f 1402/1402/1402 1403/1403/1403 1404/1404/1404
f 1402/1402/1402 1404/1404/1404 1405/1405/1405
f 1406/1406/1406 1407/1407/1407 1408/1408/1408
f 1406/1406/1406 1408/1408/1408 1409/1409/1409
f 1410/1410/1410 1411/1411/1411 1412/1412/1412
f 1410/1410/1410 1412/1412/1412 1413/1413/1413
f 1414/1414/1414 1415/1415/1415 1416/1416/1416
f 1414/1414/1414 1416/1416/1416 1417/1417/1417
f 1418/1418/1418 1419/1419/1419 1420/1420/1420
f 1418/1418/1418 1420/1420/1420 1421/1421/1421
f 1422/1422/1422 1423/1423/1423 1424/1424/1424
f 1422/1422/1422 1424/1424/1424 1425/1425/1425
f 1426/1426/1426 1427/1427/1427 1428/1428/1428
f 1426/1426/1426 1428/1428/1428 1429/1429/1429
f 1430/1430/1430 1431/1431/1431 1432/1432/1432
f 1430/1430/1430 1432/1432/1432 1433/1433/1433
f 1434/1434/1434 1435/1435/1435 1436/1436/1436
f 1434/1434/1434 1436/1436/1436 1437/1437/1437
f 1438/1438/1438 1439/1439/1439 1440/1440/1440
f 1438/1438/1438 1440/1440/1440 1441/1441/1441
f 1442/1442/1442 1443/1443/1443 1444/1444/1444
f 1442/1442/1442 1444/1444/1444 1445/1445/1445
f 1446/1446/1446 1447/1447/1447 1448/1448/1448
f 1446/1446/1446 1448/1448/1448 1449/1449/1449
f 1450/1450/1450 1451/1451/1451 1452/1452/1452
f 1450/1450/1450 1452/1452/1452 1453/1453/1453
f 1454/1454/1454 1455/1455/1455 1456/1456/1456
f 1454/1454/1454 1456/1456/1456 1457/1457/1457
f 1458/1458/1458 1459/1459/1459 1460/1460/1460
f 1458/1458/1458 1460/1460/1460 1461/1461/1461
f 1462/1462/1462 1463/1463/1463 1464/1464/1464
f 1462/1462/1462 1464/1464/1464 1465/1465/1465
f 1466/1466/1466 1467/1467/1467 1468/1468/1468
f 1466/1466/1466 1468/1468/1468 1469/1469/1469
f 1470/1470/1470 1471/1471/1471 1472/1472/1472
f 1470/1470/1470 1472/1472/1472 1473/1473/1473
f 1474/1474/1474 1475/1475/1475 1476/1476/1476
f 1474/1474/1474 1476/1476/1476 1477/1477/1477
f 1478/1478/1478 1479/1479/1479 1480/1480/1480
f 1478/1478/1478 1480/1480/1480 1481/1481/1481
f 1482/1482/1482 1483/1483/1483 1484/1484/1484
f 1482/1482/1482 1484/1484/1484 1485/1485/1485
f 1486/1486/1486 1487/1487/1487 1488/1488/1488
f 1486/1486/1486 1488/1488/1488 1489/1489/1489
f 1490/1490/1490 1491/1491/1491 1492/1492/1492
f 1490/1490/1490 1492/1492/1492 1493/1493/1493
f 1494/1494/1494 1495/1495/1495 1496/1496/1496
f 1494/1494/1494 1496/1496/1496 1497/1497/1497
f 1498/1498/1498 1499/1499/1499 1500/1500/1500
f 1498/1498/1498 1500/1500/1500 1501/1501/1501
f 1502/1502/1502 1503/1503/1503 1504/1504/1504
f 1502/1502/1502 1504/1504/1504 1505/1505/1505
f 1506/1506/1506 1507/1507/1507 1508/1508/1508
f 1506/1506/1506 1508/1508/1508 1509/1509/1509
f 1510/1510/1510 1511/1511/1511 1512/1512/1512
f 1510/1510/1510 1512/1512/1512 1513/1513/1513
f 1514/1514/1514 1515/1515/1515 1516/1516/1516
f 1514/1514/1514 1516/1516/1516 1517/1517/1517
f 1518/1518/1518 1519/1519/1519 1520/1520/1520
f 1518/1518/1518 1520/1520/1520 1521/1521/1521
f 1522/1522/1522 1523/1523/1523 1524/1524/1524
f 1522/1522/1522 1524/1524/1524 1525/1525/1525
f 1526/1526/1526 1527/1527/1527 1528/1528/1528
f 1526/1526/1526 1528/1528/1528 1529/1529/1529
f 1530/1530/1530 1531/1531/1531 1532/1532/1532
f 1530/1530/1530 1532/1532/1532 1533/1533/1533
f 1534/1534/1534 1535/1535/1535 1536/1536/1536
f 1534/1534/1534 1536/1536/1536 1537/1537/1537
f 1538/1538/1538 1539/1539/1539 1540/1540/1540
f 1538/1538/1538 1540/1540/1540 1541/1541/1541
f 1542/1542/1542 1543/1543/1543 1544/1544/1544
f 1542/1542/1542 1544/1544/1544 1545/1545/1545
f 1546/1546/1546 1547/1547/1547 1548/1548/1548
f 1546/1546/1546 1548/1548/1548 1549/1549/1549
f 1550/1550/1550 1551/1551/1551 1552/1552/1552
f 1550/1550/1550 1552/1552/1552 1553/1553/1553
f 1554/1554/1554 1555/1555/1555 1556/1556/1556
f 1554/1554/1554 1556/1556/1556 1557/1557/1557
f 1558/1558/1558 1559/1559/1559 1560/1560/1560
f 1558/1558/1558 1560/1560/1560 1561/1561/1561
f 1562/1562/1562 1563/1563/1563 1564/1564/1564
f 1562/1562/1562 1564/1564/1564 1565/1565/1565
f 1566/1566/1566 1567/1567/1567 1568/1568/1568
f 1566/1566/1566 1568/1568/1568 1569/1569/1569
f 1570/1570/1570 1571/1571/1571 1572/1572/1572
f 1570/1570/1570 1572/1572/1572 1573/1573/1573
f 1574/1574/1574 1575/1575/1575 1576/1576/1576
f 1574/1574/1574 1576/1576/1576 1577/1577/1577
f 1578/1578/1578 1579/1579/1579 1580/1580/1580
f 1578/1578/1578 1580/1580/1580 1581/1581/1581
f 1582/1582/1582 1583/1583/1583 1584/1584/1584
f 1582/1582/1582 1584/1584/1584 1585/1585/1585
f 1586/1586/1586 1587/1587/1587 1588/1588/1588
f 1586/1586/1586 1588/1588/1588 1589/1589/1589
f 1590/1590/1590 1591/1591/1591 1592/1592/1592
f 1590/1590/1590 1592/1592/1592 1593/1593/1593
f 1594/1594/1594 1595/1595/1595 1596/1596/1596
f 1594/1594/1594 1596/1596/1596 1597/1597/1597
f 1598/1598/1598 1599/1599/1599 1600/1600/1600
f 1598/1598/1598 1600/1600/1600 1601/1601/1601
f 1602/1602/1602 1603/1603/1603 1604/1604/1604
f 1602/1602/1602 1604/1604/1604 1605/1605/1605
f 1606/1606/1606 1607/1607/1607 1608/1608/1608
f 1606/1606/1606 1608/1608/1608 1609/1609/1609
f 1610/1610/1610 1611/1611/1611 1612/1612/1612
f 1610/1610/1610 1612/1612/1612 1613/1613/1613
f 1614/1614/1614 1615/1615/1615 1616/1616/1616
f 1614/1614/1614 1616/1616/1616 1617/1617/1617
f 1618/1618/1618 1619/1619/1619 1620/1620/1620
f 1618/1618/1618 1620/1620/1620 1621/1621/1621
f 1622/1622/1622 1623/1623/1623 1624/1624/1624
f 1622/1622/1622 1624/1624/1624 1625/1625/1625
f 1626/1626/1626 1627/1627/1627 1628/1628/1628
f 1626/1626/1626 1628/1628/1628 1629/1629/1629
f 1630/1630/1630 1631/1631/1631 1632/1632/1632
f 1630/1630/1630 1632/1632/1632 1633/1633/1633
f 1634/1634/1634 1635/1635/1635 1636/1636/1636
f 1634/1634/1634 1636/1636/1636 1637/1637/1637
f 1638/1638/1638 1639/1639/1639 1640/1640/1640
f 1638/1638/1638 1640/1640/1640 1641/1641/1641
f 1642/1642/1642 1643/1643/1643 1644/1644/1644
f 1642/1642/1642 1644/1644/1644 1645/1645/1645
f 1646/1646/1646 1647/1647/1647 1648/1648/1648
f 1646/1646/1646 1648/1648/1648 1649/1649/1649
f 1650/1650/1650 1651/1651/1651 1652/1652/1652
f 1650/1650/1650 1652/1652/1652 1653/1653/1653
f 1654/1654/1654 1655/1655/1655 1656/1656/1656
f 1654/1654/1654 1656/1656/1656 1657/1657/1657
f 1658/1658/1658 1659/1659/1659 1660/1660/1660
f 1658/1658/1658 1660/1660/1660 1661/1661/1661
f 1662/1662/1662 1663/1663/1663 1664/1664/1664
f 1662/1662/1662 1664/1664/1664 1665/1665/1665
f 1666/1666/1666 1667/1667/1667 1668/1668/1668
f 1666/1666/1666 1668/1668/1668 1669/1669/1669
f 1670/1670/1670 1671/1671/1671 1672/1672/1672
f 1670/1670/1670 1672/1672/1672 1673/1673/1673
f 1674/1674/1674 1675/1675/1675 1676/1676/1676
f 1674/1674/1674 1676/1676/1676 1677/1677/1677
f 1678/1678/1678 1679/1679/1679 1680/1680/1680
f 1678/1678/1678 1680/1680/1680 1681/1681/1681
f 1682/1682/1682 1683/1683/1683 1684/1684/1684
f 1682/1682/1682 1684/1684/1684 1685/1685/1685
f 1686/1686/1686 1687/1687/1687 1688/1688/1688
f 1686/1686/1686 1688/1688/1688 1689/1689/1689
f 1690/1690/1690 1691/1691/1691 1692/1692/1692
f 1690/1690/1690 1692/1692/1692 1693/1693/1693
f 1694/1694/1694 1695/1695/1695 1696/1696/1696
f 1694/1694/1694 1696/1696/1696 1697/1697/1697
f 1698/1698/1698 1699/1699/1699 1700/1700/1700
f 1698/1698/1698 1700/1700/1700 1701/1701/1701
f 1702/1702/1702 1703/1703/1703 1704/1704/1704
f 1702/1702/1702 1704/1704/1704 1705/1705/1705
f 1706/1706/1706 1707/1707/1707 1708/1708/1708
f 1706/1706/1706 1708/1708/1708 1709/1709/1709
f 1710/1710/1710 1711/1711/1711 1712/1712/1712
f 1710/1710/1710 1712/1712/1712 1713/1713/1713
f 1714/1714/1714 1715/1715/1715 1716/1716/1716
f 1714/1714/1714 1716/1716/1716 1717/1717/1717
f 1718/1718/1718 1719/1719/1719 1720/1720/1720
f 1718/1718/1718 1720/1720/1720 1721/1721/1721
f 1722/1722/1722 1723/1723/1723 1724/1724/1724
f 1722/1722/1722 1724/1724/1724 1725/1725/1725
f 1726/1726/1726 1727/1727/1727 1728/1728/1728
f 1726/1726/1726 1728/1728/1728 1729/1729/1729
f 1730/1730/1730 1731/1731/1731 1732/1732/1732
f 1730/1730/1730 1732/1732/1732 1733/1733/1733
f 1734/1734/1734 1735/1735/1735 1736/1736/1736
f 1734/1734/1734 1736/1736/1736 1737/1737/1737
f 1738/1738/1738 1739/1739/1739 1740/1740/1740
f 1738/1738/1738 1740/1740/1740 1741/1741/1741
f 1742/1742/1742 1743/1743/1743 1744/1744/1744
f 1742/1742/1742 1744/1744/1744 1745/1745/1745
f 1746/1746/1746 1747/1747/1747 1748/1748/1748
f 1746/1746/1746 1748/1748/1748 1749/1749/1749
f 1750/1750/1750 1751/1751/1751 1752/1752/1752
f 1750/1750/1750 1752/1752/1752 1753/1753/1753
f 1754/1754/1754 1755/1755/1755 1756/1756/1756
f 1754/1754/1754 1756/1756/1756 1757/1757/1757
f 1758/1758/1758 1759/1759/1759 1760/1760/1760
f 1758/1758/1758 1760/1760/1760 1761/1761/1761
f 1762/1762/1762 1763/1763/1763 1764/1764/1764
f 1762/1762/1762 1764/1764/1764 1765/1765/1765
f 1766/1766/1766 1767/1767/1767 1768/1768/1768
f 1766/1766/1766 1768/1768/1768 1769/1769/1769
f 1770/1770/1770 1771/1771/1771 1772/1772/1772
f 1770/1770/1770 1772/1772/1772 1773/1773/1773
f 1774/1774/1774 1775/1775/1775 1776/1776/1776
f 1774/1774/1774 1776/1776/1776 1777/1777/1777
f 1778/1778/1778 1779/1779/1779 1780/1780/1780
f 1778/1778/1778 1780/1780/1780 1781/1781/1781
f 1782/1782/1782 1783/1783/1783 1784/1784/1784
f 1782/1782/1782 1784/1784/1784 1785/1785/1785
f 1786/1786/1786 1787/1787/1787 1788/1788/1788
f 1786/1786/1786 1788/1788/1788 1789/1789/1789
f 1790/1790/1790 1791/1791/1791 1792/1792/1792
f 1790/1790/1790 1792/1792/1792 1793/1793/1793
f 1794/1794/1794 1795/1795/1795 1796/1796/1796
f 1794/1794/1794 1796/1796/1796 1797/1797/1797
f 1798/1798/1798 1799/1799/1799 1800/1800/1800
f 1798/1798/1798 1800/1800/1800 1801/1801/1801
f 1802/1802/1802 1803/1803/1803 1804/1804/1804
f 1802/1802/1802 1804/1804/1804 1805/1805/1805
f 1806/1806/1806 1807/1807/1807 1808/1808/1808
f 1806/1806/1806 1808/1808/1808 1809/1809/1809
f 1810/1810/1810 1811/1811/1811 1812/1812/1812
f 1810/1810/1810 1812/1812/1812 1813/1813/1813
f 1814/1814/1814 1815/1815/1815 1816/1816/1816
f 1814/1814/1814 1816/1816/1816 1817/1817/1817
f 1818/1818/1818 1819/1819/1819 1820/1820/1820
f 1818/1818/1818 1820/1820/1820 1821/1821/1821
f 1822/1822/1822 1823/1823/1823 1824/1824/1824
f 1822/1822/1822 1824/1824/1824 1825/1825/1825
f 1826/1826/1826 1827/1827/1827 1828/1828/1828
f 1826/1826/1826 1828/1828/1828 1829/1829/1829
f 1830/1830/1830 1831/1831/1831 1832/1832/1832
f 1830/1830/1830 1832/1832/1832 1833/1833/1833
f 1834/1834/1834 1835/1835/1835 1836/1836/1836
f 1834/1834/1834 1836/1836/1836 1837/1837/1837
f 1838/1838/1838 1839/1839/1839 1840/1840/1840
f 1838/1838/1838 1840/1840/1840 1841/1841/1841
f 1842/1842/1842 1843/1843/1843 1844/1844/1844
f 1842/1842/1842 1844/1844/1844 1845/1845/1845
f 1846/1846/1846 1847/1847/1847 1848/1848/1848
f 1846/1846/1846 1848/1848/1848 1849/1849/1849
f 1850/1850/1850 1851/1851/1851 1852/1852/1852
f 1850/1850/1850 1852/1852/1852 1853/1853/1853
f 1854/1854/1854 1855/1855/1855 1856/1856/1856
f 1854/1854/1854 1856/1856/1856 1857/1857/1857
f 1858/1858/1858 1859/1859/1859 1860/1860/1860
f 1858/1858/1858 1860/1860/1860 1861/1861/1861
f 1862/1862/1862 1863/1863/1863 1864/1864/1864
f 1862/1862/1862 1864/1864/1864 1865/1865/1865
f 1866/1866/1866 1867/1867/1867 1868/1868/1868
f 1866/1866/1866 1868/1868/1868 1869/1869/1869
f 1870/1870/1870 1871/1871/1871 1872/1872/1872
f 1870/1870/1870 1872/1872/1872 1873/1873/1873
f 1874/1874/1874 1875/1875/1875 1876/1876/1876
f 1874/1874/1874 1876/1876/1876 1877/1877/1877
f 1878/1878/1878 1879/1879/1879 1880/1880/1880
f 1878/1878/1878 1880/1880/1880 1881/1881/1881
f 1882/1882/1882 1883/1883/1883 1884/1884/1884
f 1882/1882/1882 1884/1884/1884 1885/1885/1885
f 1886/1886/1886 1887/1887/1887 1888/1888/1888
f 1886/1886/1886 1888/1888/1888 1889/1889/1889
f 1890/1890/1890 1891/1891/1891 1892/1892/1892
f 1890/1890/1890 1892/1892/1892 1893/1893/1893
f 1894/1894/1894 1895/1895/1895 1896/1896/1896
f 1894/1894/1894 1896/1896/1896 1897/1897/1897
f 1898/1898/1898 1899/1899/1899 1900/1900/1900
f 1898/1898/1898 1900/1900/1900 1901/1901/1901
f 1902/1902/1902 1903/1903/1903 1904/1904/1904
f 1902/1902/1902 1904/1904/1904 1905/1905/1905
f 1906/1906/1906 1907/1907/1907 1908/1908/1908
f 1906/1906/1906 1908/1908/1908 1909/1909/1909
f 1910/1910/1910 1911/1911/1911 1912/1912/1912
f 1910/1910/1910 1912/1912/1912 1913/1913/1913
f 1914/1914/1914 1915/1915/1915 1916/1916/1916
f 1914/1914/1914 1916/1916/1916 1917/1917/1917
f 1918/1918/1918 1919/1919/1919 1920/1920/1920
f 1918/1918/1918 1920/1920/1920 1921/1921/1921
f 1922/1922/1922 1923/1923/1923 1924/1924/1924
f 1922/1922/1922 1924/1924/1924 1925/1925/1925
f 1926/1926/1926 1927/1927/1927 1928/1928/1928
f 1926/1926/1926 1928/1928/1928 1929/1929/1929
f 1930/1930/1930 1931/1931/1931 1932/1932/1932
f 1930/1930/1930 1932/1932/1932 1933/1933/1933
f 1934/1934/1934 1935/1935/1935 1936/1936/1936
f 1934/1934/1934 1936/1936/1936 1937/1937/1937
f 1938/1938/1938 1939/1939/1939 1940/1940/1940
f 1938/1938/1938 1940/1940/1940 1941/1941/1941
f 1942/1942/1942 1943/1943/1943 1944/1944/1944
f 1942/1942/1942 1944/1944/1944 1945/1945/1945
f 1946/1946/1946 1947/1947/1947 1948/1948/1948
f 1946/1946/1946 1948/1948/1948 1949/1949/1949
f 1950/1950/1950 1951/1951/1951 1952/1952/1952
f 1950/1950/1950 1952/1952/1952 1953/1953/1953
f 1954/1954/1954 1955/1955/1955 1956/1956/1956
f 1954/1954/1954 1956/1956/1956 1957/1957/1957
f 1958/1958/1958 1959/1959/1959 1960/1960/1960
f 1958/1958/1958 1960/1960/1960 1961/1961/1961
f 1962/1962/1962 1963/1963/1963 1964/1964/1964
f 1962/1962/1962 1964/1964/1964 1965/1965/1965
f 1966/1966/1966 1967/1967/1967 1968/1968/1968
f 1966/1966/1966 1968/1968/1968 1969/1969/1969
f 1970/1970/1970 1971/1971/1971 1972/1972/1972
f 1970/1970/1970 1972/1972/1972 1973/1973/1973
f 1974/1974/1974 1975/1975/1975 1976/1976/1976
f 1974/1974/1974 1976/1976/1976 1977/1977/1977
f 1978/1978/1978 1979/1979/1979 1980/1980/1980
f 1978/1978/1978 1980/1980/1980 1981/1981/1981
f 1982/1982/1982 1983/1983/1983 1984/1984/1984
f 1982/1982/1982 1984/1984/1984 1985/1985/1985
f 1986/1986/1986 1987/1987/1987 1988/1988/1988
f 1986/1986/1986 1988/1988/1988 1989/1989/1989
f 1990/1990/1990 1991/1991/1991 1992/1992/1992
f 1990/1990/1990 1992/1992/1992 1993/1993/1993
f 1994/1994/1994 1995/1995/1995 1996/1996/1996
f 1994/1994/1994 1996/1996/1996 1997/1997/1997
f 1998/1998/1998 1999/1999/1999 2000/2000/2000
f 1998/1998/1998 2000/2000/2000 2001/2001/2001
f 2002/2002/2002 2003/2003/2003 2004/2004/2004
f 2002/2002/2002 2004/2004/2004 2005/2005/2005
f 2006/2006/2006 2007/2007/2007 2008/2008/2008
f 2006/2006/2006 2008/2008/2008 2009/2009/2009
f 2010/2010/2010 2011/2011/2011 2012/2012/2012
f 2010/2010/2010 2012/2012/2012 2013/2013/2013
f 2014/2014/2014 2015/2015/2015 2016/2016/2016
f 2014/2014/2014 2016/2016/2016 2017/2017/2017
f 2018/2018/2018 2019/2019/2019 2020/2020/2020
f 2018/2018/2018 2020/2020/2020 2021/2021/2021
f 2022/2022/2022 2023/2023/2023 2024/2024/2024
f 2022/2022/2022 2024/2024/2024 2025/2025/2025
f 2026/2026/2026 2027/2027/2027 2028/2028/2028
f 2026/2026/2026 2028/2028/2028 2029/2029/2029
f 2030/2030/2030 2031/2031/2031 2032/2032/2032
f 2030/2030/2030 2032/2032/2032 2033/2033/2033
f 2034/2034/2034 2035/2035/2035 2036/2036/2036
f 2034/2034/2034 2036/2036/2036 2037/2037/2037
f 2038/2038/2038 2039/2039/2039 2040/2040/2040
f 2038/2038/2038 2040/2040/2040 2041/2041/2041
f 2042/2042/2042 2043/2043/2043 2044/2044/2044
f 2042/2042/2042 2044/2044/2044 2045/2045/2045
f 2046/2046/2046 2047/2047/2047 2048/2048/2048
f 2046/2046/2046 2048/2048/2048 2049/2049/2049
f 2050/2050/2050 2051/2051/2051 2052/2052/2052
f 2050/2050/2050 2052/2052/2052 2053/2053/2053
f 2054/2054/2054 2055/2055/2055 2056/2056/2056
f 2054/2054/2054 2056/2056/2056 2057/2057/2057
f 2058/2058/2058 2059/2059/2059 2060/2060/2060
f 2058/2058/2058 2060/2060/2060 2061/2061/2061
f 2062/2062/2062 2063/2063/2063 2064/2064/2064
f 2062/2062/2062 2064/2064/2064 2065/2065/2065
f 2066/2066/2066 2067/2067/2067 2068/2068/2068
f 2066/2066/2066 2068/2068/2068 2069/2069/2069
f 2070/2070/2070 2071/2071/2071 2072/2072/2072
f 2070/2070/2070 2072/2072/2072 2073/2073/2073
f 2074/2074/2074 2075/2075/2075 2076/2076/2076
f 2074/2074/2074 2076/2076/2076 2077/2077/2077
f 2078/2078/2078 2079/2079/2079 2080/2080/2080
f 2078/2078/2078 2080/2080/2080 2081/2081/2081
f 2082/2082/2082 2083/2083/2083 2084/2084/2084
f 2082/2082/2082 2084/2084/2084 2085/2085/2085
f 2086/2086/2086 2087/2087/2087 2088/2088/2088
f 2086/2086/2086 2088/2088/2088 2089/2089/2089
f 2090/2090/2090 2091/2091/2091 2092/2092/2092
f 2090/2090/2090 2092/2092/2092 2093/2093/2093
f 2094/2094/2094 2095/2095/2095 2096/2096/2096
f 2094/2094/2094 2096/2096/2096 2097/2097/2097
f 2098/2098/2098 2099/2099/2099 2100/2100/2100
f 2098/2098/2098 2100/2100/2100 2101/2101/2101
f 2102/2102/2102 2103/2103/2103 2104/2104/2104
f 2102/2102/2102 2104/2104/2104 2105/2105/2105
f 2106/2106/2106 2107/2107/2107 2108/2108/2108
f 2106/2106/2106 2108/2108/2108 2109/2109/2109
f 2110/2110/2110 2111/2111/2111 2112/2112/2112
f 2110/2110/2110 2112/2112/2112 2113/2113/2113
f 2114/2114/2114 2115/2115/2115 2116/2116/2116
f 2114/2114/2114 2116/2116/2116 2117/2117/2117
f 2118/2118/2118 2119/2119/2119 2120/2120/2120
f 2118/2118/2118 2120/2120/2120 2121/2121/2121
f 2122/2122/2122 2123/2123/2123 2124/2124/2124
f 2122/2122/2122 2124/2124/2124 2125/2125/2125
f 2126/2126/2126 2127/2127/2127 2128/2128/2128
f 2126/2126/2126 2128/2128/2128 2129/2129/2129
f 2130/2130/2130 2131/2131/2131 2132/2132/2132
f 2130/2130/2130 2132/2132/2132 2133/2133/2133
f 2134/2134/2134 2135/2135/2135 2136/2136/2136
f 2134/2134/2134 2136/2136/2136 2137/2137/2137
f 2138/2138/2138 2139/2139/2139 2140/2140/2140
f 2138/2138/2138 2140/2140/2140 2141/2141/2141
f 2142/2142/2142 2143/2143/2143 2144/2144/2144
f 2142/2142/2142 2144/2144/2144 2145/2145/2145
f 2146/2146/2146 2147/2147/2147 2148/2148/2148
f 2146/2146/2146 2148/2148/2148 2149/2149/2149
f 2150/2150/2150 2151/2151/2151 2152/2152/2152
f 2150/2150/2150 2152/2152/2152 2153/2153/2153
f 2154/2154/2154 2155/2155/2155 2156/2156/2156
f 2154/2154/2154 2156/2156/2156 2157/2157/2157
f 2158/2158/2158 2159/2159/2159 2160/2160/2160
f 2158/2158/2158 2160/2160/2160 2161/2161/2161
f 2162/2162/2162 2163/2163/2163 2164/2164/2164
f 2162/2162/2162 2164/2164/2164 2165/2165/2165
f 2166/2166/2166 2167/2167/2167 2168/2168/2168
f 2166/2166/2166 2168/2168/2168 2169/2169/2169
f 2170/2170/2170 2171/2171/2171 2172/2172/2172
f 2170/2170/2170 2172/2172/2172 2173/2173/2173
f 2174/2174/2174 2175/2175/2175 2176/2176/2176
f 2174/2174/2174 2176/2176/2176 2177/2177/2177
f 2178/2178/2178 2179/2179/2179 2180/2180/2180
f 2178/2178/2178 2180/2180/2180 2181/2181/2181
f 2182/2182/2182 2183/2183/2183 2184/2184/2184
f 2182/2182/2182 2184/2184/2184 2185/2185/2185
f 2186/2186/2186 2187/2187/2187 2188/2188/2188
f 2186/2186/2186 2188/2188/2188 2189/2189/2189
f 2190/2190/2190 2191/2191/2191 2192/2192/2192
f 2190/2190/2190 2192/2192/2192 2193/2193/2193
f 2194/2194/2194 2195/2195/2195 2196/2196/2196
f 2194/2194/2194 2196/2196/2196 2197/2197/2197
f 2198/2198/2198 2199/2199/2199 2200/2200/2200
f 2198/2198/2198 2200/2200/2200 2201/2201/2201
f 2202/2202/2202 2203/2203/2203 2204/2204/2204
f 2202/2202/2202 2204/2204/2204 2205/2205/2205
f 2206/2206/2206 2207/2207/2207 2208/2208/2208
f 2206/2206/2206 2208/2208/2208 2209/2209/2209
f 2210/2210/2210 2211/2211/2211 2212/2212/2212
f 2210/2210/2210 2212/2212/2212 2213/2213/2213
f 2214/2214/2214 2215/2215/2215 2216/2216/2216
f 2214/2214/2214 2216/2216/2216 2217/2217/2217
f 2218/2218/2218 2219/2219/2219 2220/2220/2220
f 2218/2218/2218 2220/2220/2220 2221/2221/2221
f 2222/2222/2222 2223/2223/2223 2224/2224/2224
f 2222/2222/2222 2224/2224/2224 2225/2225/2225
f 2226/2226/2226 2227/2227/2227 2228/2228/2228
f 2226/2226/2226 2228/2228/2228 2229/2229/2229
f 2230/2230/2230 2231/2231/2231 2232/2232/2232
f 2230/2230/2230 2232/2232/2232 2233/2233/2233
f 2234/2234/2234 2235/2235/2235 2236/2236/2236
f 2234/2234/2234 2236/2236/2236 2237/2237/2237
f 2238/2238/2238 2239/2239/2239 2240/2240/2240
f 2238/2238/2238 2240/2240/2240 2241/2241/2241
f 2242/2242/2242 2243/2243/2243 2244/2244/2244
f 2242/2242/2242 2244/2244/2244 2245/2245/2245
f 2246/2246/2246 2247/2247/2247 2248/2248/2248
f 2246/2246/2246 2248/2248/2248 2249/2249/2249
f 2250/2250/2250 2251/2251/2251 2252/2252/2252
f 2250/2250/2250 2252/2252/2252 2253/2253/2253
f 2254/2254/2254 2255/2255/2255 2256/2256/2256
f 2254/2254/2254 2256/2256/2256 2257/2257/2257
f 2258/2258/2258 2259/2259/2259 2260/2260/2260
f 2258/2258/2258 2260/2260/2260 2261/2261/2261
f 2262/2262/2262 2263/2263/2263 2264/2264/2264
f 2262/2262/2262 2264/2264/2264 2265/2265/2265
f 2266/2266/2266 2267/2267/2267 2268/2268/2268
f 2266/2266/2266 2268/2268/2268 2269/2269/2269
f 2270/2270/2270 2271/2271/2271 2272/2272/2272
f 2270/2270/2270 2272/2272/2272 2273/2273/2273
f 2274/2274/2274 2275/2275/2275 2276/2276/2276
f 2274/2274/2274 2276/2276/2276 2277/2277/2277
f 2278/2278/2278 2279/2279/2279 2280/2280/2280
f 2278/2278/2278 2280/2280/2280 2281/2281/2281
f 2282/2282/2282 2283/2283/2283 2284/2284/2284
f 2282/2282/2282 2284/2284/2284 2285/2285/2285
f 2286/2286/2286 2287/2287/2287 2288/2288/2288
f 2286/2286/2286 2288/2288/2288 2289/2289/2289
f 2290/2290/2290 2291/2291/2291 2292/2292/2292
f 2290/2290/2290 2292/2292/2292 2293/2293/2293
f 2294/2294/2294 2295/2295/2295 2296/2296/2296
f 2294/2294/2294 2296/2296/2296 2297/2297/2297
f 2298/2298/2298 2299/2299/2299 2300/2300/2300
f 2298/2298/2298 2300/2300/2300 2301/2301/2301
f 2302/2302/2302 2303/2303/2303 2304/2304/2304
f 2302/2302/2302 2304/2304/2304 2305/2305/2305
f 2306/2306/2306 2307/2307/2307 2308/2308/2308
f 2306/2306/2306 2308/2308/2308 2309/2309/2309
f 2310/2310/2310 2311/2311/2311 2312/2312/2312
f 2310/2310/2310 2312/2312/2312 2313/2313/2313
f 2314/2314/2314 2315/2315/2315 2316/2316/2316
f 2314/2314/2314 2316/2316/2316 2317/2317/2317
f 2318/2318/2318 2319/2319/2319 2320/2320/2320
f 2318/2318/2318 2320/2320/2320 2321/2321/2321
f 2322/2322/2322 2323/2323/2323 2324/2324/2324
f 2322/2322/2322 2324/2324/2324 2325/2325/2325
f 2326/2326/2326 2327/2327/2327 2328/2328/2328
f 2326/2326/2326 2328/2328/2328 2329/2329/2329
f 2330/2330/2330 2331/2331/2331 2332/2332/2332
f 2330/2330/2330 2332/2332/2332 2333/2333/2333
f 2334/2334/2334 2335/2335/2335 2336/2336/2336
f 2334/2334/2334 2336/2336/2336 2337/2337/2337
f 2338/2338/2338 2339/2339/2339 2340/2340/2340
f 2338/2338/2338 2340/2340/2340 2341/2341/2341
f 2342/2342/2342 2343/2343/2343 2344/2344/2344
f 2342/2342/2342 2344/2344/2344 2345/2345/2345
f 2346/2346/2346 2347/2347/2347 2348/2348/2348
f 2346/2346/2346 2348/2348/2348 2349/2349/2349
f 2350/2350/2350 2351/2351/2351 2352/2352/2352
f 2350/2350/2350 2352/2352/2352 2353/2353/2353
f 2354/2354/2354 2355/2355/2355 2356/2356/2356
f 2354/2354/2354 2356/2356/2356 2357/2357/2357
f 2358/2358/2358 2359/2359/2359 2360/2360/2360
f 2358/2358/2358 2360/2360/2360 2361/2361/2361
f 2362/2362/2362 2363/2363/2363 2364/2364/2364
f 2362/2362/2362 2364/2364/2364 2365/2365/2365
f 2366/2366/2366 2367/2367/2367 2368/2368/2368
f 2366/2366/2366 2368/2368/2368 2369/2369/2369
f 2370/2370/2370 2371/2371/2371 2372/2372/2372
f 2370/2370/2370 2372/2372/2372 2373/2373/2373
f 2374/2374/2374 2375/2375/2375 2376/2376/2376
f 2374/2374/2374 2376/2376/2376 2377/2377/2377
f 2378/2378/2378 2379/2379/2379 2380/2380/2380
f 2378/2378/2378 2380/2380/2380 2381/2381/2381
f 2382/2382/2382 2383/2383/2383 2384/2384/2384
f 2382/2382/2382 2384/2384/2384 2385/2385/2385
f 2386/2386/2386 2387/2387/2387 2388/2388/2388
f 2386/2386/2386 2388/2388/2388 2389/2389/2389
f 2390/2390/2390 2391/2391/2391 2392/2392/2392
f 2390/2390/2390 2392/2392/2392 2393/2393/2393
f 2394/2394/2394 2395/2395/2395 2396/2396/2396
f 2394/2394/2394 2396/2396/2396 2397/2397/2397
f 2398/2398/2398 2399/2399/2399 2400/2400/2400
f 2398/2398/2398 2400/2400/2400 2401/2401/2401
f 2402/2402/2402 2403/2403/2403 2404/2404/2404
f 2402/2402/2402 2404/2404/2404 2405/2405/2405
f 2406/2406/2406 2407/2407/2407 2408/2408/2408
f 2406/2406/2406 2408/2408/2408 2409/2409/2409
f 2410/2410/2410 2411/2411/2411 2412/2412/2412
f 2410/2410/2410 2412/2412/2412 2413/2413/2413
f 2414/2414/2414 2415/2415/2415 2416/2416/2416
f 2414/2414/2414 2416/2416/2416 2417/2417/2417
f 2418/2418/2418 2419/2419/2419 2420/2420/2420
f 2418/2418/2418 2420/2420/2420 2421/2421/2421
f 2422/2422/2422 2423/2423/2423 2424/2424/2424
f 2422/2422/2422 2424/2424/2424 2425/2425/2425
f 2426/2426/2426 2427/2427/2427 2428/2428/2428
f 2426/2426/2426 2428/2428/2428 2429/2429/2429
f 2430/2430/2430 2431/2431/2431 2432/2432/2432
f 2430/2430/2430 2432/2432/2432 2433/2433/2433
f 2434/2434/2434 2435/2435/2435 2436/2436/2436
f 2434/2434/2434 2436/2436/2436 2437/2437/2437
f 2438/2438/2438 2439/2439/2439 2440/2440/2440
f 2438/2438/2438 2440/2440/2440 2441/2441/2441
f 2442/2442/2442 2443/2443/2443 2444/2444/2444
f 2442/2442/2442 2444/2444/2444 2445/2445/2445
f 2446/2446/2446 2447/2447/2447 2448/2448/2448
f 2446/2446/2446 2448/2448/2448 2449/2449/2449
f 2450/2450/2450 2451/2451/2451 2452/2452/2452
f 2450/2450/2450 2452/2452/2452 2453/2453/2453
f 2454/2454/2454 2455/2455/2455 2456/2456/2456
f 2454/2454/2454 2456/2456/2456 2457/2457/2457
f 2458/2458/2458 2459/2459/2459 2460/2460/2460
f 2458/2458/2458 2460/2460/2460 2461/2461/2461
f 2462/2462/2462 2463/2463/2463 2464/2464/2464
f 2462/2462/2462 2464/2464/2464 2465/2465/2465
f 2466/2466/2466 2467/2467/2467 2468/2468/2468
f 2466/2466/2466 2468/2468/2468 2469/2469/2469
f 2470/2470/2470 2471/2471/2471 2472/2472/2472
f 2470/2470/2470 2472/2472/2472 2473/2473/2473
f 2474/2474/2474 2475/2475/2475 2476/2476/2476
f 2474/2474/2474 2476/2476/2476 2477/2477/2477
f 2478/2478/2478 2479/2479/2479 2480/2480/2480
f 2478/2478/2478 2480/2480/2480 2481/2481/2481
f 2482/2482/2482 2483/2483/2483 2484/2484/2484
f 2482/2482/2482 2484/2484/2484 2485/2485/2485
f 2486/2486/2486 2487/2487/2487 2488/2488/2488
f 2486/2486/2486 2488/2488/2488 2489/2489/2489
f 2490/2490/2490 2491/2491/2491 2492/2492/2492
f 2493/2493/2493 2494/2494/2494 2495/2495/2495
f 2496/2496/2496 2497/2497/2497 2498/2498/2498
f 2499/2499/2499 2500/2500/2500 2501/2501/2501
f 2502/2502/2502 2503/2503/2503 2504/2504/2504
f 2502/2502/2502 2504/2504/2504 2505/2505/2505
f 2506/2506/2506 2507/2507/2507 2508/2508/2508
