v -0.678144 0.229255 -0.254412
v -0.667049 0.231379 -0.243392
v -0.667092 0.230452 -0.254533
v -0.678143 0.228356 -0.266016
v -0.678144 0.229255 -0.254412
v -0.667092 0.230452 -0.254533
v -0.667092 0.229534 -0.266119
v -0.689757 0.227117 -0.265907
v -0.678143 0.228356 -0.266016
v -0.678171 0.227464 -0.27762
v -0.678143 0.228356 -0.266016
v -0.667092 0.229534 -0.266119
v -0.667119 0.228663 -0.277709
v -0.678171 0.227464 -0.27762
v -0.667102 0.227871 -0.288858
v -0.656848 0.22904 -0.289105
v -0.656304 0.228426 -0.29986
v -0.656848 0.22904 -0.289105
v -0.647674 0.230108 -0.289254
v -0.647046 0.229521 -0.300431
v -0.656304 0.228426 -0.29986
v -0.647674 0.230108 -0.289254
v -0.639403 0.231111 -0.289153
v -0.639765 0.23043 -0.300141
v -0.647046 0.229521 -0.300431
v -0.647046 0.229521 -0.300431
v -0.639765 0.23043 -0.300141
v -0.639664 0.229937 -0.308735
v -0.645636 0.229082 -0.310738
v -0.639403 0.231111 -0.289153
v -0.630448 0.232285 -0.288963
v -0.631732 0.231502 -0.299713
v -0.639765 0.23043 -0.300141
v -0.639765 0.23043 -0.300141
v -0.631732 0.231502 -0.299713
v -0.632657 0.230895 -0.307968
v -0.639664 0.229937 -0.308735
v -0.639664 0.229937 -0.308735
v -0.638698 0.229752 -0.312965
v -0.641799 0.229269 -0.314638
v -0.645636 0.229082 -0.310738
v -0.632657 0.230895 -0.307968
v -0.632367 0.230631 -0.312143
v -0.638698 0.229752 -0.312965
v -0.639664 0.229937 -0.308735
v -0.632367 0.230631 -0.312143
v -0.631349 0.230378 -0.314009
v -0.637436 0.229524 -0.314797
v -0.638698 0.229752 -0.312965
v -0.638698 0.229752 -0.312965
v -0.637436 0.229524 -0.314797
v -0.640133 0.229101 -0.316287
v -0.641799 0.229269 -0.314638
v -0.637436 0.229524 -0.314797
v -0.636133 0.228918 -0.316381
v -0.638599 0.228531 -0.317729
v -0.640133 0.229101 -0.316287
v -0.631349 0.230378 -0.314009
v -0.630282 0.229745 -0.31566
v -0.636133 0.228918 -0.316381
v -0.637436 0.229524 -0.314797
v -0.630282 0.229745 -0.31566
v -0.629282 0.228613 -0.317147
v -0.634908 0.227813 -0.317793
v -0.636133 0.228918 -0.316381
v -0.636133 0.228918 -0.316381
v -0.634908 0.227813 -0.317793
v -0.637149 0.227461 -0.318995
v -0.638599 0.228531 -0.317729
v -0.628357 0.227013 -0.318107
v -0.633883 0.226222 -0.318704
v -0.634908 0.227813 -0.317793
v -0.629282 0.228613 -0.317147
v -0.633883 0.226222 -0.318704
v -0.636032 0.225885 -0.319831
v -0.637149 0.227461 -0.318995
v -0.634908 0.227813 -0.317793
v -0.633167 0.224511 -0.31914
v -0.635308 0.224174 -0.320246
v -0.636032 0.225885 -0.319831
v -0.633883 0.226222 -0.318704
v -0.627659 0.225303 -0.318568
v -0.633167 0.224511 -0.31914
v -0.633883 0.226222 -0.318704
v -0.628357 0.227013 -0.318107
v -0.617607 0.228577 -0.317988
v -0.628357 0.227013 -0.318107
v -0.629282 0.228613 -0.317147
v -0.618431 0.230179 -0.317007
v -0.616964 0.226867 -0.318461
v -0.627659 0.225303 -0.318568
v -0.628357 0.227013 -0.318107
v -0.617607 0.228577 -0.317988
v -0.603197 0.229026 -0.318617
v -0.616964 0.226867 -0.318461
v -0.617607 0.228577 -0.317988
v -0.603765 0.230736 -0.31814
v -0.603765 0.230736 -0.31814
v -0.617607 0.228577 -0.317988
v -0.618431 0.230179 -0.317007
v -0.604492 0.232339 -0.317154
v -0.588943 0.231516 -0.318839
v -0.603197 0.229026 -0.318617
v -0.603765 0.230736 -0.31814
v -0.589437 0.233231 -0.318358
v -0.589437 0.233231 -0.318358
v -0.603765 0.230736 -0.31814
v -0.604492 0.232339 -0.317154
v -0.590076 0.234837 -0.317367
v -0.574712 0.234235 -0.319082
v -0.588943 0.231516 -0.318839
v -0.589437 0.233231 -0.318358
v -0.57514 0.235957 -0.318595
v -0.57514 0.235957 -0.318595
v -0.589437 0.233231 -0.318358
v -0.590076 0.234837 -0.317367
v -0.575699 0.23757 -0.317597
v -0.560904 0.237038 -0.319252
v -0.574712 0.234235 -0.319082
v -0.57514 0.235957 -0.318595
v -0.561285 0.238767 -0.31876
v -0.561285 0.238767 -0.31876
v -0.57514 0.235957 -0.318595
v -0.575699 0.23757 -0.317597
v -0.56179 0.240385 -0.317759
v -0.549541 0.239453 -0.318915
v -0.560904 0.237038 -0.319252
v -0.561285 0.238767 -0.31876
v -0.549937 0.241176 -0.318437
v -0.549937 0.241176 -0.318437
v -0.561285 0.238767 -0.31876
v -0.56179 0.240385 -0.317759
v -0.550491 0.242779 -0.317465
v -0.542348 0.241084 -0.317609
v -0.549541 0.239453 -0.318915
v -0.549937 0.241176 -0.318437
v -0.542855 0.24278 -0.317181
v -0.542855 0.24278 -0.317181
v -0.549937 0.241176 -0.318437
v -0.550491 0.242779 -0.317465
v -0.543611 0.244332 -0.316302
v -0.538245 0.242159 -0.315114
v -0.542348 0.241084 -0.317609
v -0.542855 0.24278 -0.317181
v -0.538894 0.243818 -0.314783
v -0.538894 0.243818 -0.314783
v -0.542855 0.24278 -0.317181
v -0.543611 0.244332 -0.316302
v -0.539902 0.245303 -0.314077
v -0.536465 0.244669 -0.310584
v -0.538894 0.243818 -0.314783
v -0.539902 0.245303 -0.314077
v -0.537655 0.246098 -0.31013
v -0.535711 0.243043 -0.310775
v -0.538245 0.242159 -0.315114
v -0.538894 0.243818 -0.314783
v -0.536465 0.244669 -0.310584
v -0.534286 0.24403 -0.30196
v -0.535711 0.243043 -0.310775
v -0.536465 0.244669 -0.310584
v -0.535098 0.245634 -0.301909
v -0.535098 0.245634 -0.301909
v -0.536465 0.244669 -0.310584
v -0.537655 0.246098 -0.31013
v -0.536389 0.247023 -0.301706
v -0.536389 0.247023 -0.301706
v -0.535892 0.24828 -0.286722
v -0.534565 0.246913 -0.286748
v -0.535098 0.245634 -0.301909
v -0.535098 0.245634 -0.301909
v -0.534565 0.246913 -0.286748
v -0.533732 0.245321 -0.286699
v -0.534286 0.24403 -0.30196
v -0.535892 0.24828 -0.286722
v -0.535798 0.249748 -0.267861
v -0.534468 0.248391 -0.267759
v -0.534565 0.246913 -0.286748
v -0.534565 0.246913 -0.286748
v -0.534468 0.248391 -0.267759
v -0.533635 0.246805 -0.267639
v -0.533732 0.245321 -0.286699
v -0.533173 0.245182 -0.267515
v -0.53327 0.243694 -0.286606
v -0.533732 0.245321 -0.286699
v -0.533635 0.246805 -0.267639
v -0.53327 0.243694 -0.286606
v -0.533832 0.242399 -0.301908
v -0.534286 0.24403 -0.30196
v -0.533732 0.245321 -0.286699
v -0.532667 0.241076 -0.286438
v -0.533231 0.239776 -0.301769
v -0.533832 0.242399 -0.301908
v -0.53327 0.243694 -0.286606
v -0.532573 0.242572 -0.267312
v -0.532667 0.241076 -0.286438
v -0.53327 0.243694 -0.286606
v -0.533173 0.245182 -0.267515
v -0.532635 0.24404 -0.248185
v -0.532573 0.242572 -0.267312
v -0.533173 0.245182 -0.267515
v -0.533232 0.24664 -0.248422
v -0.533232 0.24664 -0.248422
v -0.533173 0.245182 -0.267515
v -0.533635 0.246805 -0.267639
v -0.53369 0.248261 -0.248577
v -0.533173 0.245119 -0.232837
v -0.532635 0.24404 -0.248185
v -0.533232 0.24664 -0.248422
v -0.533763 0.247707 -0.233103
v -0.533763 0.247707 -0.233103
v -0.533232 0.24664 -0.248422
v -0.53369 0.248261 -0.248577
v -0.534211 0.249325 -0.233298
v -0.535193 0.248085 -0.224182
v -0.533763 0.247707 -0.233103
v -0.534211 0.249325 -0.233298
v -0.535617 0.249701 -0.224431
v -0.534615 0.245512 -0.223897
v -0.533173 0.245119 -0.232837
v -0.533763 0.247707 -0.233103
v -0.535193 0.248085 -0.224182
v -0.537202 0.245325 -0.2194
v -0.534615 0.245512 -0.223897
v -0.535193 0.248085 -0.224182
v -0.537762 0.247876 -0.219696
v -0.537762 0.247876 -0.219696
v -0.535193 0.248085 -0.224182
v -0.535617 0.249701 -0.224431
v -0.538141 0.249493 -0.22
v -0.541919 0.247194 -0.217016
v -0.537762 0.247876 -0.219696
v -0.538141 0.249493 -0.22
v -0.542241 0.248815 -0.217357
v -0.541387 0.244675 -0.216716
v -0.537202 0.245325 -0.2194
v -0.537762 0.247876 -0.219696
v -0.541919 0.247194 -0.217016
v -0.548661 0.243322 -0.21514
v -0.541387 0.244675 -0.216716
v -0.541919 0.247194 -0.217016
v -0.549157 0.245785 -0.215435
v -0.549157 0.245785 -0.215435
v -0.541919 0.247194 -0.217016
v -0.542241 0.248815 -0.217357
v -0.549431 0.247405 -0.215795
v -0.560082 0.241089 -0.214412
v -0.548661 0.243322 -0.21514
v -0.549157 0.245785 -0.215435
v -0.560533 0.243464 -0.214695
v -0.560533 0.243464 -0.214695
v -0.549157 0.245785 -0.215435
v -0.549431 0.247405 -0.215795
v -0.560794 0.245072 -0.215057
v -0.573923 0.238413 -0.214131
v -0.560082 0.241089 -0.214412
v -0.560533 0.243464 -0.214695
v -0.574329 0.240688 -0.214398
v -0.574329 0.240688 -0.214398
v -0.560533 0.243464 -0.214695
v -0.560794 0.245072 -0.215057
v -0.574603 0.242279 -0.214754
v -0.588168 0.235798 -0.213932
v -0.573923 0.238413 -0.214131
v -0.574329 0.240688 -0.214398
v -0.588538 0.237983 -0.214185
v -0.588538 0.237983 -0.214185
v -0.574329 0.240688 -0.214398
v -0.574603 0.242279 -0.214754
v -0.588835 0.239558 -0.214535
v -0.60242 0.233384 -0.213744
v -0.588168 0.235798 -0.213932
v -0.588538 0.237983 -0.214185
v -0.602764 0.235502 -0.213987
v -0.602764 0.235502 -0.213987
v -0.588538 0.237983 -0.214185
v -0.588835 0.239558 -0.214535
v -0.603089 0.237066 -0.214333
v -0.616172 0.231274 -0.213539
v -0.60242 0.233384 -0.213744
v -0.602764 0.235502 -0.213987
v -0.616499 0.233355 -0.213776
v -0.616499 0.233355 -0.213776
v -0.602764 0.235502 -0.213987
v -0.603089 0.237066 -0.214333
v -0.616854 0.234912 -0.214119
v -0.626854 0.229763 -0.213173
v -0.616172 0.231274 -0.213539
v -0.616499 0.233355 -0.213776
v -0.627172 0.231828 -0.213408
v -0.627172 0.231828 -0.213408
v -0.616499 0.233355 -0.213776
v -0.616854 0.234912 -0.214119
v -0.627548 0.233385 -0.213746
v -0.626854 0.229763 -0.213173
v -0.627172 0.231828 -0.213408
v -0.632675 0.231132 -0.212716
v -0.632362 0.22907 -0.212483
v -0.627172 0.231828 -0.213408
v -0.627548 0.233385 -0.213746
v -0.633054 0.232691 -0.213045
v -0.632675 0.231132 -0.212716
v -0.632675 0.231132 -0.212716
v -0.633054 0.232691 -0.213045
v -0.635192 0.232528 -0.211896
v -0.634817 0.230968 -0.211572
v -0.632362 0.22907 -0.212483
v -0.632675 0.231132 -0.212716
v -0.634817 0.230968 -0.211572
v -0.634505 0.228902 -0.211338
v -0.631816 0.22571 -0.212086
v -0.632362 0.22907 -0.212483
v -0.634505 0.228902 -0.211338
v -0.633963 0.225536 -0.210938
v -0.626292 0.226398 -0.212778
v -0.626854 0.229763 -0.213173
v -0.632362 0.22907 -0.212483
v -0.631816 0.22571 -0.212086
v -0.625388 0.220893 -0.212147
v -0.626292 0.226398 -0.212778
v -0.631816 0.22571 -0.212086
v -0.630933 0.220209 -0.211453
v -0.630933 0.220209 -0.211453
v -0.631816 0.22571 -0.212086
v -0.633963 0.225536 -0.210938
v -0.633087 0.220027 -0.2103
v -0.625388 0.220893 -0.212147
v -0.630933 0.220209 -0.211453
v -0.629738 0.212092 -0.210619
v -0.624173 0.212775 -0.211315
v -0.630933 0.220209 -0.211453
v -0.633087 0.220027 -0.2103
v -0.6319 0.211907 -0.209461
v -0.629738 0.212092 -0.210619
v -0.629738 0.212092 -0.210619
v -0.6319 0.211907 -0.209461
v -0.630728 0.20223 -0.208699
v -0.628567 0.202416 -0.209857
v -0.624173 0.212775 -0.211315
v -0.629738 0.212092 -0.210619
v -0.628567 0.202416 -0.209857
v -0.623001 0.203099 -0.210553
v -0.624173 0.212775 -0.211315
v -0.613368 0.214205 -0.211674
v -0.614623 0.222335 -0.212505
v -0.625388 0.220893 -0.212147
v -0.623001 0.203099 -0.210553
v -0.612194 0.204528 -0.210912
v -0.613368 0.214205 -0.211674
v -0.624173 0.212775 -0.211315
v -0.612194 0.204528 -0.210912
v -0.59826 0.206434 -0.211093
v -0.599436 0.216114 -0.211855
v -0.613368 0.214205 -0.211674
v -0.613368 0.214205 -0.211674
v -0.599436 0.216114 -0.211855
v -0.600746 0.224276 -0.212689
v -0.614623 0.222335 -0.212505
v -0.615575 0.227874 -0.213139
v -0.614623 0.222335 -0.212505
v -0.600746 0.224276 -0.212689
v -0.601768 0.229899 -0.213333
v -0.626292 0.226398 -0.212778
v -0.625388 0.220893 -0.212147
v -0.614623 0.222335 -0.212505
v -0.615575 0.227874 -0.213139
v -0.626854 0.229763 -0.213173
v -0.626292 0.226398 -0.212778
v -0.615575 0.227874 -0.213139
v -0.616172 0.231274 -0.213539
v -0.616172 0.231274 -0.213539
v -0.615575 0.227874 -0.213139
v -0.601768 0.229899 -0.213333
v -0.60242 0.233384 -0.213744
v -0.601768 0.229899 -0.213333
v -0.600746 0.224276 -0.212689
v -0.58633 0.226391 -0.212839
v -0.587441 0.232162 -0.213501
v -0.60242 0.233384 -0.213744
v -0.601768 0.229899 -0.213333
v -0.587441 0.232162 -0.213501
v -0.588168 0.235798 -0.213932
v -0.587441 0.232162 -0.213501
v -0.58633 0.226391 -0.212839
v -0.571883 0.228605 -0.212983
v -0.573102 0.234576 -0.213672
v -0.588168 0.235798 -0.213932
v -0.587441 0.232162 -0.213501
v -0.573102 0.234576 -0.213672
v -0.573923 0.238413 -0.214131
v -0.573923 0.238413 -0.214131
v -0.573102 0.234576 -0.213672
v -0.559153 0.237023 -0.213921
v -0.560082 0.241089 -0.214412
v -0.573102 0.234576 -0.213672
v -0.571883 0.228605 -0.212983
v -0.55781 0.230827 -0.213201
v -0.559153 0.237023 -0.213921
v -0.559153 0.237023 -0.213921
v -0.55781 0.230827 -0.213201
v -0.546181 0.232661 -0.213875
v -0.547634 0.239056 -0.214621
v -0.560082 0.241089 -0.214412
v -0.559153 0.237023 -0.213921
v -0.547634 0.239056 -0.214621
v -0.548661 0.243322 -0.21514
v -0.547634 0.239056 -0.214621
v -0.546181 0.232661 -0.213875
v -0.538767 0.233755 -0.215426
v -0.540294 0.240278 -0.216184
v -0.548661 0.243322 -0.21514
v -0.547634 0.239056 -0.214621
v -0.540294 0.240278 -0.216184
v -0.541387 0.244675 -0.216716
v -0.540294 0.240278 -0.216184
v -0.538767 0.233755 -0.215426
v -0.534499 0.234251 -0.218112
v -0.536069 0.240851 -0.218866
v -0.541387 0.244675 -0.216716
v -0.540294 0.240278 -0.216184
v -0.536069 0.240851 -0.218866
v -0.537202 0.245325 -0.2194
v -0.537202 0.245325 -0.2194
v -0.536069 0.240851 -0.218866
v -0.533455 0.240987 -0.223373
v -0.534615 0.245512 -0.223897
v -0.536069 0.240851 -0.218866
v -0.534499 0.234251 -0.218112
v -0.531857 0.234336 -0.222634
v -0.533455 0.240987 -0.223373
v -0.533455 0.240987 -0.223373
v -0.531857 0.234336 -0.222634
v -0.53038 0.233871 -0.231645
v -0.531995 0.240558 -0.232344
v -0.534615 0.245512 -0.223897
v -0.533455 0.240987 -0.223373
v -0.531995 0.240558 -0.232344
v -0.533173 0.245119 -0.232837
v -0.532635 0.24404 -0.248185
v -0.533173 0.245119 -0.232837
v -0.531995 0.240558 -0.232344
v -0.531447 0.239453 -0.24775
v -0.531447 0.239453 -0.24775
v -0.531995 0.240558 -0.232344
v -0.53038 0.233871 -0.231645
v -0.529822 0.232738 -0.247124
v -0.532573 0.242572 -0.267312
v -0.532635 0.24404 -0.248185
v -0.531447 0.239453 -0.24775
v -0.531378 0.237962 -0.266951
v -0.531378 0.237962 -0.266951
v -0.531447 0.239453 -0.24775
v -0.529822 0.232738 -0.247124
v -0.529747 0.231222 -0.266419
v -0.532667 0.241076 -0.286438
v -0.532573 0.242572 -0.267312
v -0.531378 0.237962 -0.266951
v -0.531468 0.236444 -0.286151
v -0.531468 0.236444 -0.286151
v -0.531378 0.237962 -0.266951
v -0.529747 0.231222 -0.266419
v -0.529833 0.229682 -0.285714
v -0.533231 0.239776 -0.301769
v -0.532667 0.241076 -0.286438
v -0.531468 0.236444 -0.286151
v -0.532034 0.235137 -0.301542
v -0.532034 0.235137 -0.301542
v -0.531468 0.236444 -0.286151
v -0.529833 0.229682 -0.285714
v -0.530401 0.228365 -0.301182
v -0.534688 0.238787 -0.310661
v -0.533231 0.239776 -0.301769
v -0.532034 0.235137 -0.301542
v -0.533503 0.234163 -0.310469
v -0.533503 0.234163 -0.310469
v -0.532034 0.235137 -0.301542
v -0.530401 0.228365 -0.301182
v -0.531884 0.227406 -0.310154
v -0.537283 0.23791 -0.315068
v -0.534688 0.238787 -0.310661
v -0.533503 0.234163 -0.310469
v -0.536123 0.233328 -0.314895
v -0.536123 0.233328 -0.314895
v -0.533503 0.234163 -0.310469
v -0.531884 0.227406 -0.310154
v -0.534529 0.226611 -0.314604
v -0.541472 0.236855 -0.317609
v -0.537283 0.23791 -0.315068
v -0.536123 0.233328 -0.314895
v -0.540352 0.232344 -0.317447
v -0.540352 0.232344 -0.317447
v -0.536123 0.233328 -0.314895
v -0.534529 0.226611 -0.314604
v -0.538801 0.225698 -0.317169
v -0.548749 0.235277 -0.318937
v -0.541472 0.236855 -0.317609
v -0.540352 0.232344 -0.317447
v -0.547695 0.230894 -0.318782
v -0.547695 0.230894 -0.318782
v -0.540352 0.232344 -0.317447
v -0.538801 0.225698 -0.317169
v -0.546218 0.224374 -0.318514
v -0.560172 0.23296 -0.319278
v -0.548749 0.235277 -0.318937
v -0.547695 0.230894 -0.318782
v -0.559217 0.228779 -0.319128
v -0.559217 0.228779 -0.319128
v -0.547695 0.230894 -0.318782
v -0.546218 0.224374 -0.318514
v -0.557852 0.222457 -0.318865
v -0.574014 0.230276 -0.319104
v -0.560172 0.23296 -0.319278
v -0.559217 0.228779 -0.319128
v -0.57317 0.226323 -0.318958
v -0.57317 0.226323 -0.318958
v -0.559217 0.228779 -0.319128
v -0.557852 0.222457 -0.318865
v -0.57193 0.220228 -0.318699
v -0.587513 0.223914 -0.318715
v -0.57317 0.226323 -0.318958
v -0.57193 0.220228 -0.318699
v -0.586383 0.21802 -0.318462
v -0.588261 0.227663 -0.318858
v -0.574014 0.230276 -0.319104
v -0.57317 0.226323 -0.318958
v -0.587513 0.223914 -0.318715
v -0.602516 0.225251 -0.318634
v -0.588261 0.227663 -0.318858
v -0.587513 0.223914 -0.318715
v -0.601844 0.221653 -0.318495
v -0.601844 0.221653 -0.318495
v -0.587513 0.223914 -0.318715
v -0.586383 0.21802 -0.318462
v -0.600805 0.215908 -0.318246
v -0.61627 0.223137 -0.318476
v -0.602516 0.225251 -0.318634
v -0.601844 0.221653 -0.318495
v -0.615655 0.219625 -0.318339
v -0.615655 0.219625 -0.318339
v -0.601844 0.221653 -0.318495
v -0.600805 0.215908 -0.318246
v -0.614687 0.213963 -0.318094
v -0.626955 0.22159 -0.318579
v -0.61627 0.223137 -0.318476
v -0.615655 0.219625 -0.318339
v -0.626376 0.218112 -0.318443
v -0.626376 0.218112 -0.318443
v -0.615655 0.219625 -0.318339
v -0.614687 0.213963 -0.318094
v -0.625455 0.212483 -0.3182
v -0.626955 0.22159 -0.318579
v -0.626376 0.218112 -0.318443
v -0.631902 0.217325 -0.319007
v -0.632465 0.220799 -0.319141
v -0.626376 0.218112 -0.318443
v -0.625455 0.212483 -0.3182
v -0.631003 0.211699 -0.318767
v -0.631902 0.217325 -0.319007
v -0.631902 0.217325 -0.319007
v -0.631003 0.211699 -0.318767
v -0.63316 0.211338 -0.319874
v -0.634052 0.216974 -0.32011
v -0.632465 0.220799 -0.319141
v -0.631902 0.217325 -0.319007
v -0.634052 0.216974 -0.32011
v -0.634611 0.220457 -0.320242
v -0.627281 0.223707 -0.318666
v -0.626955 0.22159 -0.318579
v -0.632465 0.220799 -0.319141
v -0.632786 0.222914 -0.31923
v -0.632786 0.222914 -0.31923
v -0.632465 0.220799 -0.319141
v -0.634611 0.220457 -0.320242
v -0.634931 0.222577 -0.32033
v -0.627659 0.225303 -0.318568
v -0.627281 0.223707 -0.318666
v -0.632786 0.222914 -0.31923
v -0.633167 0.224511 -0.31914
v -0.633167 0.224511 -0.31914
v -0.632786 0.222914 -0.31923
v -0.634931 0.222577 -0.32033
v -0.635308 0.224174 -0.320246
v -0.627659 0.225303 -0.318568
v -0.616964 0.226867 -0.318461
v -0.616606 0.22527 -0.318564
v -0.627281 0.223707 -0.318666
v -0.627281 0.223707 -0.318666
v -0.616606 0.22527 -0.318564
v -0.61627 0.223137 -0.318476
v -0.626955 0.22159 -0.318579
v -0.616964 0.226867 -0.318461
v -0.603197 0.229026 -0.318617
v -0.60287 0.227422 -0.318722
v -0.616606 0.22527 -0.318564
v -0.616606 0.22527 -0.318564
v -0.60287 0.227422 -0.318722
v -0.602516 0.225251 -0.318634
v -0.61627 0.223137 -0.318476
v -0.603197 0.229026 -0.318617
v -0.588943 0.231516 -0.318839
v -0.588642 0.2299 -0.318946
v -0.60287 0.227422 -0.318722
v -0.60287 0.227422 -0.318722
v -0.588642 0.2299 -0.318946
v -0.588261 0.227663 -0.318858
v -0.602516 0.225251 -0.318634
v -0.588943 0.231516 -0.318839
v -0.574712 0.234235 -0.319082
v -0.574433 0.232603 -0.319192
v -0.588642 0.2299 -0.318946
v -0.588642 0.2299 -0.318946
v -0.574433 0.232603 -0.319192
v -0.574014 0.230276 -0.319104
v -0.588261 0.227663 -0.318858
v -0.574712 0.234235 -0.319082
v -0.560904 0.237038 -0.319252
v -0.560636 0.235388 -0.319366
v -0.574433 0.232603 -0.319192
v -0.574433 0.232603 -0.319192
v -0.560636 0.235388 -0.319366
v -0.560172 0.23296 -0.319278
v -0.574014 0.230276 -0.319104
v -0.560904 0.237038 -0.319252
v -0.549541 0.239453 -0.318915
v -0.54926 0.237793 -0.319025
v -0.560636 0.235388 -0.319366
v -0.560636 0.235388 -0.319366
v -0.54926 0.237793 -0.319025
v -0.548749 0.235277 -0.318937
v -0.560172 0.23296 -0.319278
v -0.549541 0.239453 -0.318915
v -0.542348 0.241084 -0.317609
v -0.542019 0.239426 -0.317702
v -0.54926 0.237793 -0.319025
v -0.54926 0.237793 -0.319025
v -0.542019 0.239426 -0.317702
v -0.541472 0.236855 -0.317609
v -0.548749 0.235277 -0.318937
v -0.542348 0.241084 -0.317609
v -0.538245 0.242159 -0.315114
v -0.537857 0.24051 -0.31517
v -0.542019 0.239426 -0.317702
v -0.542019 0.239426 -0.317702
v -0.537857 0.24051 -0.31517
v -0.537283 0.23791 -0.315068
v -0.541472 0.236855 -0.317609
v -0.537857 0.24051 -0.31517
v -0.53528 0.241404 -0.310777
v -0.534688 0.238787 -0.310661
v -0.537283 0.23791 -0.315068
v -0.538245 0.242159 -0.315114
v -0.535711 0.243043 -0.310775
v -0.53528 0.241404 -0.310777
v -0.537857 0.24051 -0.31517
v -0.535711 0.243043 -0.310775
v -0.534286 0.24403 -0.30196
v -0.533832 0.242399 -0.301908
v -0.53528 0.241404 -0.310777
v -0.53528 0.241404 -0.310777
v -0.533832 0.242399 -0.301908
v -0.533231 0.239776 -0.301769
v -0.534688 0.238787 -0.310661
v -0.629803 0.20351 -0.318315
v -0.631966 0.203144 -0.319426
v -0.63316 0.211338 -0.319874
v -0.631003 0.211699 -0.318767
v -0.628629 0.19383 -0.317555
v -0.630793 0.193463 -0.318666
v -0.631966 0.203144 -0.319426
v -0.629803 0.20351 -0.318315
v -0.623061 0.194615 -0.316986
v -0.628629 0.19383 -0.317555
v -0.629803 0.20351 -0.318315
v -0.624234 0.204294 -0.317745
v -0.624234 0.204294 -0.317745
v -0.629803 0.20351 -0.318315
v -0.631003 0.211699 -0.318767
v -0.625455 0.212483 -0.3182
v -0.61225 0.196082 -0.316878
v -0.623061 0.194615 -0.316986
v -0.624234 0.204294 -0.317745
v -0.613425 0.205763 -0.317637
v -0.613425 0.205763 -0.317637
v -0.624234 0.204294 -0.317745
v -0.625455 0.212483 -0.3182
v -0.614687 0.213963 -0.318094
v -0.598311 0.197992 -0.317026
v -0.61225 0.196082 -0.316878
v -0.613425 0.205763 -0.317637
v -0.599488 0.207675 -0.317787
v -0.599488 0.207675 -0.317787
v -0.613425 0.205763 -0.317637
v -0.614687 0.213963 -0.318094
v -0.600805 0.215908 -0.318246
v -0.583823 0.200038 -0.317236
v -0.598311 0.197992 -0.317026
v -0.599488 0.207675 -0.317787
v -0.585005 0.209725 -0.317997
v -0.585005 0.209725 -0.317997
v -0.599488 0.207675 -0.317787
v -0.600805 0.215908 -0.318246
v -0.586383 0.21802 -0.318462
v -0.569284 0.202157 -0.31747
v -0.583823 0.200038 -0.317236
v -0.585005 0.209725 -0.317997
v -0.570478 0.21185 -0.31823
v -0.570478 0.21185 -0.31823
v -0.585005 0.209725 -0.317997
v -0.586383 0.21802 -0.318462
v -0.57193 0.220228 -0.318699
v -0.556313 0.213986 -0.318396
v -0.570478 0.21185 -0.31823
v -0.57193 0.220228 -0.318699
v -0.557852 0.222457 -0.318865
v -0.555099 0.204289 -0.317641
v -0.569284 0.202157 -0.31747
v -0.570478 0.21185 -0.31823
v -0.556313 0.213986 -0.318396
v -0.543367 0.206123 -0.317293
v -0.555099 0.204289 -0.317641
v -0.556313 0.213986 -0.318396
v -0.544601 0.215823 -0.318043
v -0.544601 0.215823 -0.318043
v -0.556313 0.213986 -0.318396
v -0.557852 0.222457 -0.318865
v -0.546218 0.224374 -0.318514
v -0.535893 0.207394 -0.315944
v -0.543367 0.206123 -0.317293
v -0.544601 0.215823 -0.318043
v -0.537138 0.217096 -0.316693
v -0.537138 0.217096 -0.316693
v -0.544601 0.215823 -0.318043
v -0.546218 0.224374 -0.318514
v -0.538801 0.225698 -0.317169
v -0.531593 0.208279 -0.313365
v -0.535893 0.207394 -0.315944
v -0.537138 0.217096 -0.316693
v -0.532842 0.217981 -0.314115
v -0.532842 0.217981 -0.314115
v -0.537138 0.217096 -0.316693
v -0.538801 0.225698 -0.317169
v -0.534529 0.226611 -0.314604
v -0.530181 0.218761 -0.309647
v -0.532842 0.217981 -0.314115
v -0.534529 0.226611 -0.314604
v -0.531884 0.227406 -0.310154
v -0.528928 0.20906 -0.308896
v -0.531593 0.208279 -0.313365
v -0.532842 0.217981 -0.314115
v -0.530181 0.218761 -0.309647
v -0.527433 0.210015 -0.299885
v -0.528928 0.20906 -0.308896
v -0.530181 0.218761 -0.309647
v -0.528689 0.219716 -0.300639
v -0.528689 0.219716 -0.300639
v -0.530181 0.218761 -0.309647
v -0.531884 0.227406 -0.310154
v -0.530401 0.228365 -0.301182
v -0.526863 0.211341 -0.28435
v -0.527433 0.210015 -0.299885
v -0.528689 0.219716 -0.300639
v -0.528119 0.22104 -0.285109
v -0.528119 0.22104 -0.285109
v -0.528689 0.219716 -0.300639
v -0.530401 0.228365 -0.301182
v -0.529833 0.229682 -0.285714
v -0.526778 0.212895 -0.26497
v -0.526863 0.211341 -0.28435
v -0.528119 0.22104 -0.285109
v -0.528034 0.222593 -0.265737
v -0.528034 0.222593 -0.265737
v -0.528119 0.22104 -0.285109
v -0.529833 0.229682 -0.285714
v -0.529747 0.231222 -0.266419
v -0.528111 0.224122 -0.246365
v -0.528034 0.222593 -0.265737
v -0.529747 0.231222 -0.266419
v -0.529822 0.232738 -0.247124
v -0.526856 0.214425 -0.245592
v -0.526778 0.212895 -0.26497
v -0.528034 0.222593 -0.265737
v -0.528111 0.224122 -0.246365
v -0.527421 0.215572 -0.230046
v -0.526856 0.214425 -0.245592
v -0.528111 0.224122 -0.246365
v -0.528674 0.225269 -0.230824
v -0.528674 0.225269 -0.230824
v -0.528111 0.224122 -0.246365
v -0.529822 0.232738 -0.247124
v -0.53038 0.233871 -0.231645
v -0.528912 0.216053 -0.220998
v -0.527421 0.215572 -0.230046
v -0.528674 0.225269 -0.230824
v -0.530162 0.22575 -0.221779
v -0.530162 0.22575 -0.221779
v -0.528674 0.225269 -0.230824
v -0.53038 0.233871 -0.231645
v -0.531857 0.234336 -0.222634
v -0.531574 0.21599 -0.216459
v -0.528912 0.216053 -0.220998
v -0.530162 0.22575 -0.221779
v -0.532819 0.225687 -0.217241
v -0.532819 0.225687 -0.217241
v -0.530162 0.22575 -0.221779
v -0.531857 0.234336 -0.222634
v -0.534499 0.234251 -0.218112
v -0.537113 0.225222 -0.214549
v -0.532819 0.225687 -0.217241
v -0.534499 0.234251 -0.218112
v -0.538767 0.233755 -0.215426
v -0.535872 0.215526 -0.213767
v -0.531574 0.21599 -0.216459
v -0.532819 0.225687 -0.217241
v -0.537113 0.225222 -0.214549
v -0.543342 0.214486 -0.21222
v -0.535872 0.215526 -0.213767
v -0.537113 0.225222 -0.214549
v -0.544573 0.224181 -0.213
v -0.544573 0.224181 -0.213
v -0.537113 0.225222 -0.214549
v -0.538767 0.233755 -0.215426
v -0.546181 0.232661 -0.213875
v -0.556278 0.222428 -0.212338
v -0.544573 0.224181 -0.213
v -0.546181 0.232661 -0.213875
v -0.55781 0.230827 -0.213201
v -0.555067 0.212735 -0.211564
v -0.543342 0.214486 -0.21222
v -0.544573 0.224181 -0.213
v -0.556278 0.222428 -0.212338
v -0.569245 0.210608 -0.211368
v -0.555067 0.212735 -0.211564
v -0.556278 0.222428 -0.212338
v -0.570437 0.220297 -0.212135
v -0.570437 0.220297 -0.212135
v -0.556278 0.222428 -0.212338
v -0.55781 0.230827 -0.213201
v -0.571883 0.228605 -0.212983
v -0.583777 0.208483 -0.211236
v -0.569245 0.210608 -0.211368
v -0.570437 0.220297 -0.212135
v -0.584958 0.218167 -0.212
v -0.584958 0.218167 -0.212
v -0.570437 0.220297 -0.212135
v -0.571883 0.228605 -0.212983
v -0.58633 0.226391 -0.212839
v -0.59826 0.206434 -0.211093
v -0.583777 0.208483 -0.211236
v -0.584958 0.218167 -0.212
v -0.599436 0.216114 -0.211855
v -0.599436 0.216114 -0.211855
v -0.584958 0.218167 -0.212
v -0.58633 0.226391 -0.212839
v -0.600746 0.224276 -0.212689
v -0.583198 0.198659 -0.210798
v -0.568732 0.200783 -0.210923
v -0.569245 0.210608 -0.211368
v -0.583777 0.208483 -0.211236
v -0.59761 0.196614 -0.210659
v -0.583198 0.198659 -0.210798
v -0.583777 0.208483 -0.211236
v -0.59826 0.206434 -0.211093
v -0.583115 0.19001 -0.210734
v -0.568779 0.192073 -0.210872
v -0.568732 0.200783 -0.210923
v -0.583198 0.198659 -0.210798
v -0.597401 0.188018 -0.210584
v -0.583115 0.19001 -0.210734
v -0.583198 0.198659 -0.210798
v -0.59761 0.196614 -0.210659
v -0.611469 0.194717 -0.210481
v -0.59761 0.196614 -0.210659
v -0.59826 0.206434 -0.211093
v -0.612194 0.204528 -0.210912
v -0.611137 0.186165 -0.210393
v -0.597401 0.188018 -0.210584
v -0.59761 0.196614 -0.210659
v -0.611469 0.194717 -0.210481
v -0.621784 0.184775 -0.210029
v -0.611137 0.186165 -0.210393
v -0.611469 0.194717 -0.210481
v -0.622214 0.193295 -0.210125
v -0.622214 0.193295 -0.210125
v -0.611469 0.194717 -0.210481
v -0.612194 0.204528 -0.210912
v -0.623001 0.203099 -0.210553
v -0.623001 0.203099 -0.210553
v -0.628567 0.202416 -0.209857
v -0.627746 0.192616 -0.209433
v -0.622214 0.193295 -0.210125
v -0.622214 0.193295 -0.210125
v -0.627746 0.192616 -0.209433
v -0.627266 0.18411 -0.209337
v -0.621784 0.184775 -0.210029
v -0.628567 0.202416 -0.209857
v -0.630728 0.20223 -0.208699
v -0.629894 0.192432 -0.208282
v -0.627746 0.192616 -0.209433
v -0.627746 0.192616 -0.209433
v -0.629894 0.192432 -0.208282
v -0.629393 0.183928 -0.208194
v -0.627266 0.18411 -0.209337
v -0.627349 0.177976 -0.209866
v -0.627266 0.18411 -0.209337
v -0.629393 0.183928 -0.208194
v -0.629516 0.177792 -0.208687
v -0.621691 0.178643 -0.21058
v -0.621784 0.184775 -0.210029
v -0.627266 0.18411 -0.209337
v -0.627349 0.177976 -0.209866
v -0.622307 0.174802 -0.213633
v -0.621691 0.178643 -0.21058
v -0.627349 0.177976 -0.209866
v -0.629509 0.173971 -0.212824
v -0.629509 0.173971 -0.212824
v -0.627349 0.177976 -0.209866
v -0.629516 0.177792 -0.208687
v -0.63207 0.173758 -0.211375
v -0.637996 0.170195 -0.217081
v -0.634751 0.170446 -0.219186
v -0.629509 0.173971 -0.212824
v -0.63207 0.173758 -0.211375
v -0.634751 0.170446 -0.219186
v -0.625649 0.171465 -0.220474
v -0.622307 0.174802 -0.213633
v -0.629509 0.173971 -0.212824
v -0.640117 0.161536 -0.225006
v -0.634747 0.161991 -0.227709
v -0.625649 0.171465 -0.220474
v -0.634751 0.170446 -0.219186
v -0.643247 0.161367 -0.22211
v -0.640117 0.161536 -0.225006
v -0.634751 0.170446 -0.219186
v -0.637996 0.170195 -0.217081
v -0.62781 0.184116 -0.316478
v -0.62996 0.183753 -0.317582
v -0.630793 0.193463 -0.318666
v -0.628629 0.19383 -0.317555
v -0.627363 0.175876 -0.315412
v -0.629493 0.17552 -0.316503
v -0.62996 0.183753 -0.317582
v -0.62781 0.184116 -0.316478
v -0.621878 0.176638 -0.31486
v -0.627363 0.175876 -0.315412
v -0.62781 0.184116 -0.316478
v -0.622274 0.184895 -0.315914
v -0.622274 0.184895 -0.315914
v -0.62781 0.184116 -0.316478
v -0.628629 0.19383 -0.317555
v -0.623061 0.194615 -0.316986
v -0.611226 0.178064 -0.314769
v -0.621878 0.176638 -0.31486
v -0.622274 0.184895 -0.315914
v -0.611525 0.186354 -0.31581
v -0.611525 0.186354 -0.31581
v -0.622274 0.184895 -0.315914
v -0.623061 0.194615 -0.316986
v -0.61225 0.196082 -0.316878
v -0.597485 0.179921 -0.314937
v -0.611226 0.178064 -0.314769
v -0.611525 0.186354 -0.31581
v -0.59766 0.188256 -0.315964
v -0.59766 0.188256 -0.315964
v -0.611525 0.186354 -0.31581
v -0.61225 0.196082 -0.316878
v -0.598311 0.197992 -0.317026
v -0.583193 0.181908 -0.315166
v -0.597485 0.179921 -0.314937
v -0.59766 0.188256 -0.315964
v -0.583242 0.190296 -0.316182
v -0.583242 0.190296 -0.316182
v -0.59766 0.188256 -0.315964
v -0.598311 0.197992 -0.317026
v -0.583823 0.200038 -0.317236
v -0.568849 0.183965 -0.315415
v -0.583193 0.181908 -0.315166
v -0.583242 0.190296 -0.316182
v -0.568768 0.192414 -0.316424
v -0.568768 0.192414 -0.316424
v -0.583242 0.190296 -0.316182
v -0.583823 0.200038 -0.317236
v -0.569284 0.202157 -0.31747
v -0.554643 0.194544 -0.316602
v -0.568768 0.192414 -0.316424
v -0.569284 0.202157 -0.31747
v -0.555099 0.204289 -0.317641
v -0.55486 0.186028 -0.315595
v -0.568849 0.183965 -0.315415
v -0.568768 0.192414 -0.316424
v -0.554643 0.194544 -0.316602
v -0.543292 0.187799 -0.315261
v -0.55486 0.186028 -0.315595
v -0.554643 0.194544 -0.316602
v -0.542961 0.196377 -0.316263
v -0.542961 0.196377 -0.316263
v -0.554643 0.194544 -0.316602
v -0.555099 0.204289 -0.317641
v -0.543367 0.206123 -0.317293
v -0.535921 0.189028 -0.313937
v -0.543292 0.187799 -0.315261
v -0.542961 0.196377 -0.316263
v -0.535518 0.197649 -0.314925
v -0.535518 0.197649 -0.314925
v -0.542961 0.196377 -0.316263
v -0.543367 0.206123 -0.317293
v -0.535893 0.207394 -0.315944
v -0.531674 0.189882 -0.311402
v -0.535921 0.189028 -0.313937
v -0.535518 0.197649 -0.314925
v -0.531233 0.198533 -0.312363
v -0.531233 0.198533 -0.312363
v -0.535518 0.197649 -0.314925
v -0.535893 0.207394 -0.315944
v -0.531593 0.208279 -0.313365
v -0.528573 0.199311 -0.30792
v -0.531233 0.198533 -0.312363
v -0.531593 0.208279 -0.313365
v -0.528928 0.20906 -0.308896
v -0.529034 0.190633 -0.307003
v -0.531674 0.189882 -0.311402
v -0.531233 0.198533 -0.312363
v -0.528573 0.199311 -0.30792
v -0.527548 0.191551 -0.298127
v -0.529034 0.190633 -0.307003
v -0.528573 0.199311 -0.30792
v -0.527079 0.20026 -0.298959
v -0.527079 0.20026 -0.298959
v -0.528573 0.199311 -0.30792
v -0.528928 0.20906 -0.308896
v -0.527433 0.210015 -0.299885
v -0.526978 0.192824 -0.282818
v -0.527548 0.191551 -0.298127
v -0.527079 0.20026 -0.298959
v -0.52651 0.201575 -0.283505
v -0.52651 0.201575 -0.283505
v -0.527079 0.20026 -0.298959
v -0.527433 0.210015 -0.299885
v -0.526863 0.211341 -0.28435
v -0.52689 0.194316 -0.26372
v -0.526978 0.192824 -0.282818
v -0.52651 0.201575 -0.283505
v -0.526427 0.203114 -0.264227
v -0.526427 0.203114 -0.264227
v -0.52651 0.201575 -0.283505
v -0.526863 0.211341 -0.28435
v -0.526778 0.212895 -0.26497
v -0.526505 0.20463 -0.24495
v -0.526427 0.203114 -0.264227
v -0.526778 0.212895 -0.26497
v -0.526856 0.214425 -0.245592
v -0.526962 0.195784 -0.244623
v -0.52689 0.194316 -0.26372
v -0.526427 0.203114 -0.264227
v -0.526505 0.20463 -0.24495
v -0.527519 0.196885 -0.229304
v -0.526962 0.195784 -0.244623
v -0.526505 0.20463 -0.24495
v -0.527071 0.205766 -0.229486
v -0.527071 0.205766 -0.229486
v -0.526505 0.20463 -0.24495
v -0.526856 0.214425 -0.245592
v -0.527421 0.215572 -0.230046
v -0.528996 0.197345 -0.22039
v -0.527519 0.196885 -0.229304
v -0.527071 0.205766 -0.229486
v -0.528562 0.20624 -0.220488
v -0.528562 0.20624 -0.220488
v -0.527071 0.205766 -0.229486
v -0.527421 0.215572 -0.230046
v -0.528912 0.216053 -0.220998
v -0.531631 0.197282 -0.215918
v -0.528996 0.197345 -0.22039
v -0.528562 0.20624 -0.220488
v -0.53122 0.206172 -0.215975
v -0.53122 0.206172 -0.215975
v -0.528562 0.20624 -0.220488
v -0.528912 0.216053 -0.220998
v -0.531574 0.21599 -0.216459
v -0.535502 0.205704 -0.213299
v -0.53122 0.206172 -0.215975
v -0.531574 0.21599 -0.216459
v -0.535872 0.215526 -0.213767
v -0.535873 0.19683 -0.213264
v -0.531631 0.197282 -0.215918
v -0.53122 0.206172 -0.215975
v -0.535502 0.205704 -0.213299
v -0.543239 0.195824 -0.211733
v -0.535873 0.19683 -0.213264
v -0.535502 0.205704 -0.213299
v -0.54294 0.204661 -0.211763
v -0.54294 0.204661 -0.211763
v -0.535502 0.205704 -0.213299
v -0.535872 0.215526 -0.213767
v -0.543342 0.214486 -0.21222
v -0.554615 0.202909 -0.211114
v -0.54294 0.204661 -0.211763
v -0.543342 0.214486 -0.21222
v -0.555067 0.212735 -0.211564
v -0.554798 0.194132 -0.211076
v -0.543239 0.195824 -0.211733
v -0.54294 0.204661 -0.211763
v -0.554615 0.202909 -0.211114
v -0.568779 0.192073 -0.210872
v -0.554798 0.194132 -0.211076
v -0.554615 0.202909 -0.211114
v -0.568732 0.200783 -0.210923
v -0.568732 0.200783 -0.210923
v -0.554615 0.202909 -0.211114
v -0.555067 0.212735 -0.211564
v -0.569245 0.210608 -0.211368
v -0.568779 0.192073 -0.210872
v -0.569969 0.185547 -0.211375
v -0.557049 0.187235 -0.211756
v -0.554798 0.194132 -0.211076
v -0.554798 0.194132 -0.211076
v -0.557049 0.187235 -0.211756
v -0.545921 0.188702 -0.212635
v -0.543239 0.195824 -0.211733
v -0.569969 0.185547 -0.211375
v -0.574818 0.181697 -0.212792
v -0.56973 0.181554 -0.214422
v -0.557049 0.187235 -0.211756
v -0.557049 0.187235 -0.211756
v -0.56973 0.181554 -0.214422
v -0.560508 0.182442 -0.216687
v -0.545921 0.188702 -0.212635
v -0.543239 0.195824 -0.211733
v -0.545921 0.188702 -0.212635
v -0.538717 0.189598 -0.214282
v -0.535873 0.19683 -0.213264
v -0.545921 0.188702 -0.212635
v -0.560508 0.182442 -0.216687
v -0.553793 0.18314 -0.219096
v -0.538717 0.189598 -0.214282
v -0.538717 0.189598 -0.214282
v -0.553793 0.18314 -0.219096
v -0.550072 0.183417 -0.222059
v -0.534588 0.18999 -0.216964
v -0.535873 0.19683 -0.213264
v -0.538717 0.189598 -0.214282
v -0.534588 0.18999 -0.216964
v -0.531631 0.197282 -0.215918
v -0.531631 0.197282 -0.215918
v -0.534588 0.18999 -0.216964
v -0.532002 0.190034 -0.221388
v -0.528996 0.197345 -0.22039
v -0.534588 0.18999 -0.216964
v -0.550072 0.183417 -0.222059
v -0.547553 0.183441 -0.226393
v -0.532002 0.190034 -0.221388
v -0.532002 0.190034 -0.221388
v -0.547553 0.183441 -0.226393
v -0.544607 0.18328 -0.233999
v -0.530365 0.189626 -0.230068
v -0.528996 0.197345 -0.22039
v -0.532002 0.190034 -0.221388
v -0.530365 0.189626 -0.230068
v -0.527519 0.196885 -0.229304
v -0.529597 0.188624 -0.24492
v -0.530365 0.189626 -0.230068
v -0.544607 0.18328 -0.233999
v -0.542102 0.182661 -0.246469
v -0.526962 0.195784 -0.244623
v -0.527519 0.196885 -0.229304
v -0.530365 0.189626 -0.230068
v -0.529597 0.188624 -0.24492
v -0.52689 0.194316 -0.26372
v -0.526962 0.195784 -0.244623
v -0.529597 0.188624 -0.24492
v -0.529897 0.187175 -0.26357
v -0.529897 0.187175 -0.26357
v -0.529597 0.188624 -0.24492
v -0.542102 0.182661 -0.246469
v -0.548229 0.180267 -0.26335
v -0.526978 0.192824 -0.282818
v -0.52689 0.194316 -0.26372
v -0.529897 0.187175 -0.26357
v -0.52965 0.185875 -0.28223
v -0.52965 0.185875 -0.28223
v -0.529897 0.187175 -0.26357
v -0.548229 0.180267 -0.26335
v -0.542188 0.180289 -0.280423
v -0.527548 0.191551 -0.298127
v -0.526978 0.192824 -0.282818
v -0.52965 0.185875 -0.28223
v -0.53046 0.18469 -0.297058
v -0.53046 0.18469 -0.297058
v -0.52965 0.185875 -0.28223
v -0.542188 0.180289 -0.280423
v -0.544754 0.179167 -0.292797
v -0.529034 0.190633 -0.307003
v -0.527548 0.191551 -0.298127
v -0.53046 0.18469 -0.297058
v -0.532121 0.183823 -0.305688
v -0.532121 0.183823 -0.305688
v -0.53046 0.18469 -0.297058
v -0.544754 0.179167 -0.292797
v -0.547741 0.17827 -0.300298
v -0.531674 0.189882 -0.311402
v -0.529034 0.190633 -0.307003
v -0.532121 0.183823 -0.305688
v -0.534722 0.183133 -0.310031
v -0.534722 0.183133 -0.310031
v -0.532121 0.183823 -0.305688
v -0.547741 0.17827 -0.300298
v -0.550286 0.177648 -0.304543
v -0.535921 0.189028 -0.313937
v -0.531674 0.189882 -0.311402
v -0.534722 0.183133 -0.310031
v -0.538861 0.182356 -0.312583
v -0.538861 0.182356 -0.312583
v -0.534722 0.183133 -0.310031
v -0.550286 0.177648 -0.304543
v -0.554027 0.176968 -0.307376
v -0.543292 0.187799 -0.315261
v -0.535921 0.189028 -0.313937
v -0.538861 0.182356 -0.312583
v -0.546073 0.181235 -0.314005
v -0.546073 0.181235 -0.314005
v -0.538861 0.182356 -0.312583
v -0.554027 0.176968 -0.307376
v -0.560758 0.175954 -0.309554
v -0.557208 0.179661 -0.314541
v -0.546073 0.181235 -0.314005
v -0.560758 0.175954 -0.309554
v -0.569987 0.174761 -0.311503
v -0.55486 0.186028 -0.315595
v -0.543292 0.187799 -0.315261
v -0.546073 0.181235 -0.314005
v -0.557208 0.179661 -0.314541
v -0.568849 0.183965 -0.315415
v -0.55486 0.186028 -0.315595
v -0.557208 0.179661 -0.314541
v -0.570132 0.177938 -0.314526
v -0.570132 0.177938 -0.314526
v -0.557208 0.179661 -0.314541
v -0.569987 0.174761 -0.311503
v -0.575059 0.17461 -0.312956
v -0.584093 0.176008 -0.314211
v -0.570132 0.177938 -0.314526
v -0.575059 0.17461 -0.312956
v -0.588596 0.172453 -0.311859
v -0.583193 0.181908 -0.315166
v -0.568849 0.183965 -0.315415
v -0.570132 0.177938 -0.314526
v -0.584093 0.176008 -0.314211
v -0.597485 0.179921 -0.314937
v -0.583193 0.181908 -0.315166
v -0.584093 0.176008 -0.314211
v -0.597725 0.174243 -0.314053
v -0.597725 0.174243 -0.314053
v -0.584093 0.176008 -0.314211
v -0.588596 0.172453 -0.311859
v -0.598522 0.171602 -0.312549
v -0.611226 0.178064 -0.314769
v -0.597485 0.179921 -0.314937
v -0.597725 0.174243 -0.314053
v -0.610999 0.172461 -0.313754
v -0.610999 0.172461 -0.313754
v -0.597725 0.174243 -0.314053
v -0.598522 0.171602 -0.312549
v -0.609231 0.169768 -0.311125
v -0.621878 0.176638 -0.31486
v -0.611226 0.178064 -0.314769
v -0.610999 0.172461 -0.313754
v -0.621873 0.171041 -0.313741
v -0.621873 0.171041 -0.313741
v -0.610999 0.172461 -0.313754
v -0.609231 0.169768 -0.311125
v -0.622585 0.168038 -0.310485
v -0.621873 0.171041 -0.313741
v -0.622585 0.168038 -0.310485
v -0.629797 0.167113 -0.311031
v -0.627536 0.170281 -0.314278
v -0.621878 0.176638 -0.31486
v -0.621873 0.171041 -0.313741
v -0.627536 0.170281 -0.314278
v -0.627363 0.175876 -0.315412
v -0.627536 0.170281 -0.314278
v -0.629797 0.167113 -0.311031
v -0.632369 0.166705 -0.312383
v -0.629708 0.169929 -0.315389
v -0.627363 0.175876 -0.315412
v -0.627536 0.170281 -0.314278
v -0.629708 0.169929 -0.315389
v -0.629493 0.17552 -0.316503
v -0.640471 0.156513 -0.296749
v -0.643632 0.155944 -0.299525
v -0.638366 0.164106 -0.306181
v -0.635099 0.164636 -0.304204
v -0.635099 0.164636 -0.304204
v -0.638366 0.164106 -0.306181
v -0.632369 0.166705 -0.312383
v -0.629797 0.167113 -0.311031
v -0.635069 0.157338 -0.294248
v -0.640471 0.156513 -0.296749
v -0.635099 0.164636 -0.304204
v -0.625976 0.165811 -0.303262
v -0.625976 0.165811 -0.303262
v -0.635099 0.164636 -0.304204
v -0.629797 0.167113 -0.311031
v -0.622585 0.168038 -0.310485
v -0.635069 0.157338 -0.294248
v -0.625976 0.165811 -0.303262
v -0.602398 0.169198 -0.30498
v -0.627018 0.158481 -0.291841
v -0.622585 0.168038 -0.310485
v -0.609231 0.169768 -0.311125
v -0.602398 0.169198 -0.30498
v -0.625976 0.165811 -0.303262
v -0.621709 0.15939 -0.287973
v -0.627018 0.158481 -0.291841
v -0.602398 0.169198 -0.30498
v -0.592393 0.170184 -0.299597
v -0.598522 0.171602 -0.312549
v -0.588596 0.172453 -0.311859
v -0.602398 0.169198 -0.30498
v -0.609231 0.169768 -0.311125
v -0.575059 0.17461 -0.312956
v -0.569987 0.174761 -0.311503
v -0.602398 0.169198 -0.30498
v -0.588596 0.172453 -0.311859
v -0.560758 0.175954 -0.309554
v -0.592393 0.170184 -0.299597
v -0.602398 0.169198 -0.30498
v -0.569987 0.174761 -0.311503
v -0.618642 0.160037 -0.283968
v -0.621709 0.15939 -0.287973
v -0.592393 0.170184 -0.299597
v -0.58694 0.171097 -0.295991
v -0.58694 0.171097 -0.295991
v -0.592393 0.170184 -0.299597
v -0.560758 0.175954 -0.309554
v -0.554027 0.176968 -0.307376
v -0.616771 0.160536 -0.280007
v -0.618642 0.160037 -0.283968
v -0.58694 0.171097 -0.295991
v -0.584061 0.171686 -0.292525
v -0.584061 0.171686 -0.292525
v -0.58694 0.171097 -0.295991
v -0.554027 0.176968 -0.307376
v -0.550286 0.177648 -0.304543
v -0.615261 0.16129 -0.275605
v -0.616771 0.160536 -0.280007
v -0.584061 0.171686 -0.292525
v -0.581749 0.172319 -0.28834
v -0.581749 0.172319 -0.28834
v -0.584061 0.171686 -0.292525
v -0.550286 0.177648 -0.304543
v -0.547741 0.17827 -0.300298
v -0.611525 0.164392 -0.269407
v -0.615261 0.16129 -0.275605
v -0.581749 0.172319 -0.28834
v -0.575999 0.173778 -0.282845
v -0.575999 0.173778 -0.282845
v -0.581749 0.172319 -0.28834
v -0.547741 0.17827 -0.300298
v -0.544754 0.179167 -0.292797
v -0.544754 0.179167 -0.292797
v -0.542188 0.180289 -0.280423
v -0.564929 0.17608 -0.277285
v -0.575999 0.173778 -0.282845
v -0.611525 0.164392 -0.269407
v -0.575999 0.173778 -0.282845
v -0.564929 0.17608 -0.277285
v -0.580693 0.174111 -0.268106
v -0.548229 0.180267 -0.26335
v -0.580693 0.174111 -0.268106
v -0.564929 0.17608 -0.277285
v -0.542188 0.180289 -0.280423
v -0.611525 0.164392 -0.269407
v -0.580693 0.174111 -0.268106
v -0.595955 0.171731 -0.262388
v -0.618025 0.162198 -0.261342
v -0.548229 0.180267 -0.26335
v -0.580654 0.174841 -0.257371
v -0.595955 0.171731 -0.262388
v -0.580693 0.174111 -0.268106
v -0.61146 0.16546 -0.253881
v -0.618025 0.162198 -0.261342
v -0.595955 0.171731 -0.262388
v -0.580654 0.174841 -0.257371
v -0.61146 0.16546 -0.253881
v -0.580654 0.174841 -0.257371
v -0.564837 0.178019 -0.248846
v -0.575866 0.176508 -0.242798
v -0.548229 0.180267 -0.26335
v -0.542102 0.182661 -0.246469
v -0.564837 0.178019 -0.248846
v -0.580654 0.174841 -0.257371
v -0.544607 0.18328 -0.233999
v -0.575866 0.176508 -0.242798
v -0.564837 0.178019 -0.248846
v -0.542102 0.182661 -0.246469
v -0.581573 0.175821 -0.237021
v -0.575866 0.176508 -0.242798
v -0.544607 0.18328 -0.233999
v -0.547553 0.183441 -0.226393
v -0.615137 0.163262 -0.247132
v -0.61146 0.16546 -0.253881
v -0.575866 0.176508 -0.242798
v -0.581573 0.175821 -0.237021
v -0.616602 0.163134 -0.242625
v -0.615137 0.163262 -0.247132
v -0.581573 0.175821 -0.237021
v -0.583847 0.175766 -0.232738
v -0.583847 0.175766 -0.232738
v -0.581573 0.175821 -0.237021
v -0.547553 0.183441 -0.226393
v -0.550072 0.183417 -0.222059
v -0.618432 0.163196 -0.238595
v -0.616602 0.163134 -0.242625
v -0.583847 0.175766 -0.232738
v -0.586693 0.175659 -0.229166
v -0.586693 0.175659 -0.229166
v -0.583847 0.175766 -0.232738
v -0.550072 0.183417 -0.222059
v -0.553793 0.18314 -0.219096
v -0.621459 0.16312 -0.234479
v -0.618432 0.163196 -0.238595
v -0.586693 0.175659 -0.229166
v -0.592117 0.175252 -0.225363
v -0.592117 0.175252 -0.225363
v -0.586693 0.175659 -0.229166
v -0.553793 0.18314 -0.219096
v -0.560508 0.182442 -0.216687
v -0.621459 0.16312 -0.234479
v -0.592117 0.175252 -0.225363
v -0.602096 0.175022 -0.21972
v -0.626731 0.162767 -0.230417
v -0.560508 0.182442 -0.216687
v -0.56973 0.181554 -0.214422
v -0.602096 0.175022 -0.21972
v -0.592117 0.175252 -0.225363
v -0.634747 0.161991 -0.227709
v -0.626731 0.162767 -0.230417
v -0.602096 0.175022 -0.21972
v -0.625649 0.171465 -0.220474
v -0.574818 0.181697 -0.212792
v -0.588337 0.179355 -0.213446
v -0.602096 0.175022 -0.21972
v -0.56973 0.181554 -0.214422
v -0.598277 0.178686 -0.212425
v -0.608964 0.176601 -0.213475
v -0.602096 0.175022 -0.21972
v -0.588337 0.179355 -0.213446
v -0.622307 0.174802 -0.213633
v -0.625649 0.171465 -0.220474
v -0.602096 0.175022 -0.21972
v -0.608964 0.176601 -0.213475
v -0.610821 0.180042 -0.210905
v -0.608964 0.176601 -0.213475
v -0.598277 0.178686 -0.212425
v -0.597553 0.181847 -0.211012
v -0.621691 0.178643 -0.21058
v -0.622307 0.174802 -0.213633
v -0.608964 0.176601 -0.213475
v -0.610821 0.180042 -0.210905
v -0.621784 0.184775 -0.210029
v -0.621691 0.178643 -0.21058
v -0.610821 0.180042 -0.210905
v -0.611137 0.186165 -0.210393
v -0.611137 0.186165 -0.210393
v -0.610821 0.180042 -0.210905
v -0.597553 0.181847 -0.211012
v -0.597401 0.188018 -0.210584
v -0.597553 0.181847 -0.211012
v -0.598277 0.178686 -0.212425
v -0.588337 0.179355 -0.213446
v -0.583923 0.183598 -0.211267
v -0.597401 0.188018 -0.210584
v -0.597553 0.181847 -0.211012
v -0.583923 0.183598 -0.211267
v -0.583115 0.19001 -0.210734
v -0.583923 0.183598 -0.211267
v -0.588337 0.179355 -0.213446
v -0.574818 0.181697 -0.212792
v -0.569969 0.185547 -0.211375
v -0.583115 0.19001 -0.210734
v -0.583923 0.183598 -0.211267
v -0.569969 0.185547 -0.211375
v -0.568779 0.192073 -0.210872
v -0.621459 0.16312 -0.234479
v -0.626731 0.162767 -0.230417
v -0.634868 0.142891 -0.233231
v -0.632446 0.14287 -0.237197
v -0.626731 0.162767 -0.230417
v -0.634747 0.161991 -0.227709
v -0.637926 0.142813 -0.229598
v -0.634868 0.142891 -0.233231
v -0.634868 0.142891 -0.233231
v -0.637926 0.142813 -0.229598
v -0.635945 0.117926 -0.227784
v -0.633587 0.117863 -0.231543
v -0.632446 0.14287 -0.237197
v -0.634868 0.142891 -0.233231
v -0.633587 0.117863 -0.231543
v -0.631563 0.117751 -0.235492
v -0.618432 0.163196 -0.238595
v -0.621459 0.16312 -0.234479
v -0.632446 0.14287 -0.237197
v -0.63061 0.142771 -0.241307
v -0.63061 0.142771 -0.241307
v -0.632446 0.14287 -0.237197
v -0.631563 0.117751 -0.235492
v -0.629889 0.117589 -0.2396
v -0.616602 0.163134 -0.242625
v -0.618432 0.163196 -0.238595
v -0.63061 0.142771 -0.241307
v -0.629239 0.14261 -0.245517
v -0.629239 0.14261 -0.245517
v -0.63061 0.142771 -0.241307
v -0.629889 0.117589 -0.2396
v -0.628576 0.11738 -0.243835
v -0.615137 0.163262 -0.247132
v -0.616602 0.163134 -0.242625
v -0.629239 0.14261 -0.245517
v -0.628235 0.142463 -0.249898
v -0.628235 0.142463 -0.249898
v -0.629239 0.14261 -0.245517
v -0.628576 0.11738 -0.243835
v -0.627637 0.117125 -0.248165
v -0.61146 0.16546 -0.253881
v -0.615137 0.163262 -0.247132
v -0.628235 0.142463 -0.249898
v -0.62767 0.142378 -0.254591
v -0.62767 0.142378 -0.254591
v -0.628235 0.142463 -0.249898
v -0.627637 0.117125 -0.248165
v -0.627076 0.116825 -0.252558
v -0.618025 0.162198 -0.261342
v -0.61146 0.16546 -0.253881
v -0.62767 0.142378 -0.254591
v -0.627929 0.141859 -0.25936
v -0.627929 0.141859 -0.25936
v -0.62767 0.142378 -0.254591
v -0.627076 0.116825 -0.252558
v -0.626899 0.116484 -0.25698
v -0.611525 0.164392 -0.269407
v -0.618025 0.162198 -0.261342
v -0.627929 0.141859 -0.25936
v -0.627713 0.141665 -0.264164
v -0.627713 0.141665 -0.264164
v -0.627929 0.141859 -0.25936
v -0.626899 0.116484 -0.25698
v -0.627107 0.116103 -0.261398
v -0.615261 0.16129 -0.275605
v -0.611525 0.164392 -0.269407
v -0.627713 0.141665 -0.264164
v -0.628322 0.141053 -0.268801
v -0.628322 0.141053 -0.268801
v -0.627713 0.141665 -0.264164
v -0.627107 0.116103 -0.261398
v -0.627699 0.115686 -0.265777
v -0.616771 0.160536 -0.280007
v -0.615261 0.16129 -0.275605
v -0.628322 0.141053 -0.268801
v -0.629366 0.140545 -0.273136
v -0.629366 0.140545 -0.273136
v -0.628322 0.141053 -0.268801
v -0.627699 0.115686 -0.265777
v -0.628669 0.115235 -0.270085
v -0.618642 0.160037 -0.283968
v -0.616771 0.160536 -0.280007
v -0.629366 0.140545 -0.273136
v -0.630776 0.140076 -0.277301
v -0.630776 0.140076 -0.277301
v -0.629366 0.140545 -0.273136
v -0.628669 0.115235 -0.270085
v -0.630011 0.114755 -0.274288
v -0.621709 0.15939 -0.287973
v -0.618642 0.160037 -0.283968
v -0.630776 0.140076 -0.277301
v -0.63265 0.139562 -0.281351
v -0.63265 0.139562 -0.281351
v -0.630776 0.140076 -0.277301
v -0.630011 0.114755 -0.274288
v -0.631714 0.114249 -0.278355
v -0.627018 0.158481 -0.291841
v -0.621709 0.15939 -0.287973
v -0.63265 0.139562 -0.281351
v -0.635109 0.138992 -0.285237
v -0.635109 0.138992 -0.285237
v -0.63265 0.139562 -0.281351
v -0.631714 0.114249 -0.278355
v -0.633766 0.11372 -0.282254
v -0.635069 0.157338 -0.294248
v -0.627018 0.158481 -0.291841
v -0.635109 0.138992 -0.285237
v -0.6382 0.138375 -0.288767
v -0.6382 0.138375 -0.288767
v -0.635109 0.138992 -0.285237
v -0.633766 0.11372 -0.282254
v -0.63615 0.113173 -0.285957
v -0.640471 0.156513 -0.296749
v -0.635069 0.157338 -0.294248
v -0.6382 0.138375 -0.288767
v -0.641235 0.137781 -0.292111
v -0.641235 0.137781 -0.292111
v -0.6382 0.138375 -0.288767
v -0.63615 0.113173 -0.285957
v -0.638849 0.112612 -0.289434
v -0.643632 0.155944 -0.299525
v -0.640471 0.156513 -0.296749
v -0.641235 0.137781 -0.292111
v -0.644247 0.137208 -0.295268
v -0.644247 0.137208 -0.295268
v -0.641235 0.137781 -0.292111
v -0.638849 0.112612 -0.289434
v -0.641842 0.112041 -0.29266
v -0.640117 0.161536 -0.225006
v -0.643247 0.161367 -0.22211
v -0.64391 0.142641 -0.222902
v -0.640928 0.142732 -0.226156
v -0.640928 0.142732 -0.226156
v -0.64391 0.142641 -0.222902
v -0.641589 0.117901 -0.220944
v -0.638619 0.117938 -0.224242
v -0.634747 0.161991 -0.227709
v -0.640117 0.161536 -0.225006
v -0.640928 0.142732 -0.226156
v -0.637926 0.142813 -0.229598
v -0.637926 0.142813 -0.229598
v -0.640928 0.142732 -0.226156
v -0.638619 0.117938 -0.224242
v -0.635945 0.117926 -0.227784
v -0.656224 0.233615 -0.232627
v -0.645529 0.23593 -0.222
v -0.646964 0.234783 -0.232251
v -0.656793 0.232571 -0.24335
v -0.656224 0.233615 -0.232627
v -0.646964 0.234783 -0.232251
v -0.647619 0.233648 -0.243388
v -0.667092 0.230452 -0.254533
v -0.667049 0.231379 -0.243392
v -0.656793 0.232571 -0.24335
v -0.657011 0.23155 -0.254659
v -0.657011 0.23155 -0.254659
v -0.656793 0.232571 -0.24335
v -0.647619 0.233648 -0.243388
v -0.647816 0.23257 -0.254813
v -0.667092 0.229534 -0.266119
v -0.667092 0.230452 -0.254533
v -0.657011 0.23155 -0.254659
v -0.657033 0.230606 -0.266214
v -0.657033 0.230606 -0.266214
v -0.657011 0.23155 -0.254659
v -0.647816 0.23257 -0.254813
v -0.647828 0.231607 -0.266302
v -0.667092 0.229534 -0.266119
v -0.657033 0.230606 -0.266214
v -0.657039 0.229766 -0.277776
v -0.667119 0.228663 -0.277709
v -0.657033 0.230606 -0.266214
v -0.647828 0.231607 -0.266302
v -0.647844 0.230796 -0.277801
v -0.657039 0.229766 -0.277776
v -0.657039 0.229766 -0.277776
v -0.647844 0.230796 -0.277801
v -0.647674 0.230108 -0.289254
v -0.656848 0.22904 -0.289105
v -0.667119 0.228663 -0.277709
v -0.657039 0.229766 -0.277776
v -0.656848 0.22904 -0.289105
v -0.667102 0.227871 -0.288858
v -0.647828 0.231607 -0.266302
v -0.639039 0.232619 -0.266391
v -0.639132 0.231821 -0.277775
v -0.647844 0.230796 -0.277801
v -0.647844 0.230796 -0.277801
v -0.639132 0.231821 -0.277775
v -0.639403 0.231111 -0.289153
v -0.647674 0.230108 -0.289254
v -0.639039 0.232619 -0.266391
v -0.629573 0.233822 -0.266495
v -0.629748 0.23303 -0.277744
v -0.639132 0.231821 -0.277775
v -0.639132 0.231821 -0.277775
v -0.629748 0.23303 -0.277744
v -0.630448 0.232285 -0.288963
v -0.639403 0.231111 -0.289153
v -0.629748 0.23303 -0.277744
v -0.629573 0.233822 -0.266495
v -0.618437 0.235391 -0.26663
v -0.618629 0.234607 -0.27776
v -0.630448 0.232285 -0.288963
v -0.629748 0.23303 -0.277744
v -0.618629 0.234607 -0.27776
v -0.619316 0.233866 -0.288879
v -0.618629 0.234607 -0.27776
v -0.618437 0.235391 -0.26663
v -0.605666 0.237389 -0.266801
v -0.60584 0.236608 -0.277851
v -0.619316 0.233866 -0.288879
v -0.618629 0.234607 -0.27776
v -0.60584 0.236608 -0.277851
v -0.606301 0.235886 -0.288928
v -0.631732 0.231502 -0.299713
v -0.630448 0.232285 -0.288963
v -0.619316 0.233866 -0.288879
v -0.620493 0.233084 -0.299561
v -0.620493 0.233084 -0.299561
v -0.619316 0.233866 -0.288879
v -0.606301 0.235886 -0.288928
v -0.606916 0.235158 -0.299629
v -0.632657 0.230895 -0.307968
v -0.631732 0.231502 -0.299713
v -0.620493 0.233084 -0.299561
v -0.621327 0.232478 -0.307779
v -0.621327 0.232478 -0.307779
v -0.620493 0.233084 -0.299561
v -0.606916 0.235158 -0.299629
v -0.607218 0.234608 -0.307888
v -0.621327 0.232478 -0.307779
v -0.607218 0.234608 -0.307888
v -0.606826 0.234368 -0.312072
v -0.621073 0.232215 -0.311942
v -0.632657 0.230895 -0.307968
v -0.621327 0.232478 -0.307779
v -0.621073 0.232215 -0.311942
v -0.632367 0.230631 -0.312143
v -0.621073 0.232215 -0.311942
v -0.606826 0.234368 -0.312072
v -0.606041 0.234115 -0.313951
v -0.620186 0.231959 -0.313816
v -0.632367 0.230631 -0.312143
v -0.621073 0.232215 -0.311942
v -0.620186 0.231959 -0.313816
v -0.631349 0.230378 -0.314009
v -0.619282 0.231318 -0.315492
v -0.630282 0.229745 -0.31566
v -0.631349 0.230378 -0.314009
v -0.620186 0.231959 -0.313816
v -0.605249 0.233476 -0.315632
v -0.619282 0.231318 -0.315492
v -0.620186 0.231959 -0.313816
v -0.606041 0.234115 -0.313951
v -0.618431 0.230179 -0.317007
v -0.629282 0.228613 -0.317147
v -0.630282 0.229745 -0.31566
v -0.619282 0.231318 -0.315492
v -0.604492 0.232339 -0.317154
v -0.618431 0.230179 -0.317007
v -0.619282 0.231318 -0.315492
v -0.605249 0.233476 -0.315632
v -0.590076 0.234837 -0.317367
v -0.604492 0.232339 -0.317154
v -0.605249 0.233476 -0.315632
v -0.590752 0.235975 -0.315841
v -0.590752 0.235975 -0.315841
v -0.605249 0.233476 -0.315632
v -0.606041 0.234115 -0.313951
v -0.591447 0.236615 -0.314157
v -0.575699 0.23757 -0.317597
v -0.590076 0.234837 -0.317367
v -0.590752 0.235975 -0.315841
v -0.576304 0.238712 -0.316064
v -0.576304 0.238712 -0.316064
v -0.590752 0.235975 -0.315841
v -0.591447 0.236615 -0.314157
v -0.57691 0.239358 -0.314375
v -0.56179 0.240385 -0.317759
v -0.575699 0.23757 -0.317597
v -0.576304 0.238712 -0.316064
v -0.562353 0.241528 -0.316226
v -0.562353 0.241528 -0.316226
v -0.576304 0.238712 -0.316064
v -0.57691 0.239358 -0.314375
v -0.562902 0.242178 -0.314539
v -0.550491 0.242779 -0.317465
v -0.56179 0.240385 -0.317759
v -0.562353 0.241528 -0.316226
v -0.551148 0.243895 -0.315977
v -0.551148 0.243895 -0.315977
v -0.562353 0.241528 -0.316226
v -0.562902 0.242178 -0.314539
v -0.551784 0.244517 -0.314341
v -0.543611 0.244332 -0.316302
v -0.550491 0.242779 -0.317465
v -0.551148 0.243895 -0.315977
v -0.544566 0.245372 -0.314949
v -0.544566 0.245372 -0.314949
v -0.551148 0.243895 -0.315977
v -0.551784 0.244517 -0.314341
v -0.545516 0.245915 -0.313459
v -0.539902 0.245303 -0.314077
v -0.543611 0.244332 -0.316302
v -0.544566 0.245372 -0.314949
v -0.541215 0.246248 -0.312976
v -0.541215 0.246248 -0.312976
v -0.544566 0.245372 -0.314949
v -0.545516 0.245915 -0.313459
v -0.542547 0.246688 -0.311755
v -0.539226 0.246961 -0.309391
v -0.541215 0.246248 -0.312976
v -0.542547 0.246688 -0.311755
v -0.540833 0.247313 -0.308558
v -0.537655 0.246098 -0.31013
v -0.539902 0.245303 -0.314077
v -0.541215 0.246248 -0.312976
v -0.539226 0.246961 -0.309391
v -0.536389 0.247023 -0.301706
v -0.537655 0.246098 -0.31013
v -0.539226 0.246961 -0.309391
v -0.538102 0.247828 -0.301327
v -0.538102 0.247828 -0.301327
v -0.539226 0.246961 -0.309391
v -0.540833 0.247313 -0.308558
v -0.53986 0.24812 -0.30088
v -0.53986 0.24812 -0.30088
v -0.539469 0.249314 -0.286418
v -0.537657 0.249055 -0.286595
v -0.538102 0.247828 -0.301327
v -0.538102 0.247828 -0.301327
v -0.537657 0.249055 -0.286595
v -0.535892 0.24828 -0.286722
v -0.536389 0.247023 -0.301706
v -0.539469 0.249314 -0.286418
v -0.539387 0.250751 -0.267931
v -0.537569 0.250508 -0.267915
v -0.537657 0.249055 -0.286595
v -0.537657 0.249055 -0.286595
v -0.537569 0.250508 -0.267915
v -0.535798 0.249748 -0.267861
v -0.535892 0.24828 -0.286722
v -0.539387 0.250751 -0.267931
v -0.539412 0.25217 -0.24944
v -0.537603 0.25194 -0.249233
v -0.537569 0.250508 -0.267915
v -0.537569 0.250508 -0.267915
v -0.537603 0.25194 -0.249233
v -0.535841 0.251192 -0.248996
v -0.535798 0.249748 -0.267861
v -0.539412 0.25217 -0.24944
v -0.539758 0.253212 -0.234962
v -0.538005 0.25299 -0.234484
v -0.537603 0.25194 -0.249233
v -0.537603 0.25194 -0.249233
v -0.538005 0.25299 -0.234484
v -0.536299 0.252249 -0.233993
v -0.535841 0.251192 -0.248996
v -0.535841 0.251192 -0.248996
v -0.536299 0.252249 -0.233993
v -0.535016 0.250905 -0.233588
v -0.534519 0.249843 -0.248768
v -0.535798 0.249748 -0.267861
v -0.535841 0.251192 -0.248996
v -0.534519 0.249843 -0.248768
v -0.534468 0.248391 -0.267759
v -0.534519 0.249843 -0.248768
v -0.535016 0.250905 -0.233588
v -0.534211 0.249325 -0.233298
v -0.53369 0.248261 -0.248577
v -0.534468 0.248391 -0.267759
v -0.534519 0.249843 -0.248768
v -0.53369 0.248261 -0.248577
v -0.533635 0.246805 -0.267639
v -0.535016 0.250905 -0.233588
v -0.536362 0.251282 -0.224863
v -0.535617 0.249701 -0.224431
v -0.534211 0.249325 -0.233298
v -0.536299 0.252249 -0.233993
v -0.537543 0.252628 -0.225523
v -0.536362 0.251282 -0.224863
v -0.535016 0.250905 -0.233588
v -0.537543 0.252628 -0.225523
v -0.539781 0.252449 -0.221493
v -0.538782 0.251085 -0.220575
v -0.536362 0.251282 -0.224863
v -0.536362 0.251282 -0.224863
v -0.538782 0.251085 -0.220575
v -0.538141 0.249493 -0.22
v -0.535617 0.249701 -0.224431
v -0.538782 0.251085 -0.220575
v -0.542739 0.250428 -0.218034
v -0.542241 0.248815 -0.217357
v -0.538141 0.249493 -0.22
v -0.539781 0.252449 -0.221493
v -0.543486 0.251831 -0.219134
v -0.542739 0.250428 -0.218034
v -0.538782 0.251085 -0.220575
v -0.543486 0.251831 -0.219134
v -0.550366 0.250475 -0.217725
v -0.54982 0.249037 -0.216525
v -0.542739 0.250428 -0.218034
v -0.542739 0.250428 -0.218034
v -0.54982 0.249037 -0.216525
v -0.549431 0.247405 -0.215795
v -0.542241 0.248815 -0.217357
v -0.550366 0.250475 -0.217725
v -0.561668 0.248156 -0.217033
v -0.561169 0.246707 -0.215802
v -0.54982 0.249037 -0.216525
v -0.54982 0.249037 -0.216525
v -0.561169 0.246707 -0.215802
v -0.560794 0.245072 -0.215057
v -0.549431 0.247405 -0.215795
v -0.561668 0.248156 -0.217033
v -0.575581 0.245351 -0.21672
v -0.575027 0.243908 -0.215493
v -0.561169 0.246707 -0.215802
v -0.561169 0.246707 -0.215802
v -0.575027 0.243908 -0.215493
v -0.574603 0.242279 -0.214754
v -0.560794 0.245072 -0.215057
v -0.575581 0.245351 -0.21672
v -0.589961 0.242617 -0.216487
v -0.589325 0.24118 -0.215268
v -0.575027 0.243908 -0.215493
v -0.575027 0.243908 -0.215493
v -0.589325 0.24118 -0.215268
v -0.588835 0.239558 -0.214535
v -0.574603 0.242279 -0.214754
v -0.589961 0.242617 -0.216487
v -0.604379 0.240119 -0.216274
v -0.603654 0.238685 -0.215061
v -0.589325 0.24118 -0.215268
v -0.589325 0.24118 -0.215268
v -0.603654 0.238685 -0.215061
v -0.603089 0.237066 -0.214333
v -0.588835 0.239558 -0.214535
v -0.604379 0.240119 -0.216274
v -0.618318 0.237964 -0.216052
v -0.617496 0.23653 -0.214843
v -0.603654 0.238685 -0.215061
v -0.603654 0.238685 -0.215061
v -0.617496 0.23653 -0.214843
v -0.616854 0.234912 -0.214119
v -0.603089 0.237066 -0.214333
v -0.618318 0.237964 -0.216052
v -0.629168 0.236441 -0.215646
v -0.628245 0.235005 -0.214458
v -0.617496 0.23653 -0.214843
v -0.617496 0.23653 -0.214843
v -0.628245 0.235005 -0.214458
v -0.627548 0.233385 -0.213746
v -0.616854 0.234912 -0.214119
v -0.627548 0.233385 -0.213746
v -0.628245 0.235005 -0.214458
v -0.633769 0.234316 -0.213733
v -0.633054 0.232691 -0.213045
v -0.628245 0.235005 -0.214458
v -0.629168 0.236441 -0.215646
v -0.634793 0.23575 -0.21487
v -0.633769 0.234316 -0.213733
v -0.633769 0.234316 -0.213733
v -0.634793 0.23575 -0.21487
v -0.637031 0.235587 -0.213624
v -0.635915 0.234156 -0.212563
v -0.633054 0.232691 -0.213045
v -0.633769 0.234316 -0.213733
v -0.635915 0.234156 -0.212563
v -0.635192 0.232528 -0.211896
v -0.638586 0.236931 -0.219919
v -0.639561 0.236466 -0.224124
v -0.645529 0.23593 -0.222
v -0.641684 0.236711 -0.218184
v -0.637323 0.236986 -0.21808
v -0.638586 0.236931 -0.219919
v -0.641684 0.236711 -0.218184
v -0.640016 0.236797 -0.216536
v -0.632258 0.237673 -0.220882
v -0.632555 0.237294 -0.225047
v -0.639561 0.236466 -0.224124
v -0.638586 0.236931 -0.219919
v -0.631237 0.237707 -0.219004
v -0.632258 0.237673 -0.220882
v -0.638586 0.236931 -0.219919
v -0.637323 0.236986 -0.21808
v -0.631237 0.237707 -0.219004
v -0.637323 0.236986 -0.21808
v -0.636018 0.236628 -0.216428
v -0.630169 0.237333 -0.217282
v -0.637323 0.236986 -0.21808
v -0.640016 0.236797 -0.216536
v -0.638482 0.236453 -0.215031
v -0.636018 0.236628 -0.216428
v -0.636018 0.236628 -0.216428
v -0.638482 0.236453 -0.215031
v -0.637031 0.235587 -0.213624
v -0.634793 0.23575 -0.21487
v -0.630169 0.237333 -0.217282
v -0.636018 0.236628 -0.216428
v -0.634793 0.23575 -0.21487
v -0.629168 0.236441 -0.215646
v -0.619169 0.23886 -0.217717
v -0.630169 0.237333 -0.217282
v -0.629168 0.236441 -0.215646
v -0.618318 0.237964 -0.216052
v -0.620074 0.239238 -0.219465
v -0.631237 0.237707 -0.219004
v -0.630169 0.237333 -0.217282
v -0.619169 0.23886 -0.217717
v -0.605927 0.241387 -0.2197
v -0.620074 0.239238 -0.219465
v -0.619169 0.23886 -0.217717
v -0.605135 0.241011 -0.217946
v -0.605135 0.241011 -0.217946
v -0.619169 0.23886 -0.217717
v -0.618318 0.237964 -0.216052
v -0.604379 0.240119 -0.216274
v -0.591329 0.243887 -0.219921
v -0.605927 0.241387 -0.2197
v -0.605135 0.241011 -0.217946
v -0.590635 0.24351 -0.218163
v -0.590635 0.24351 -0.218163
v -0.605135 0.241011 -0.217946
v -0.604379 0.240119 -0.216274
v -0.589961 0.242617 -0.216487
v -0.576787 0.246629 -0.220168
v -0.591329 0.243887 -0.219921
v -0.590635 0.24351 -0.218163
v -0.576183 0.246247 -0.218404
v -0.576183 0.246247 -0.218404
v -0.590635 0.24351 -0.218163
v -0.589961 0.242617 -0.216487
v -0.575581 0.245351 -0.21672
v -0.562773 0.24944 -0.22048
v -0.576787 0.246629 -0.220168
v -0.576183 0.246247 -0.218404
v -0.562227 0.249053 -0.218717
v -0.562227 0.249053 -0.218717
v -0.576183 0.246247 -0.218404
v -0.575581 0.245351 -0.21672
v -0.561668 0.248156 -0.217033
v -0.55165 0.25172 -0.221068
v -0.562773 0.24944 -0.22048
v -0.562227 0.249053 -0.218717
v -0.551017 0.251353 -0.21936
v -0.551017 0.251353 -0.21936
v -0.562227 0.249053 -0.218717
v -0.561668 0.248156 -0.217033
v -0.550366 0.250475 -0.217725
v -0.54538 0.252965 -0.222173
v -0.55165 0.25172 -0.221068
v -0.551017 0.251353 -0.21936
v -0.544435 0.252655 -0.220623
v -0.544435 0.252655 -0.220623
v -0.551017 0.251353 -0.21936
v -0.550366 0.250475 -0.217725
v -0.543486 0.251831 -0.219134
v -0.542413 0.253468 -0.223985
v -0.54538 0.252965 -0.222173
v -0.544435 0.252655 -0.220623
v -0.541087 0.253217 -0.222718
v -0.541087 0.253217 -0.222718
v -0.544435 0.252655 -0.220623
v -0.543486 0.251831 -0.219134
v -0.539781 0.252449 -0.221493
v -0.539107 0.25337 -0.226377
v -0.541087 0.253217 -0.222718
v -0.539781 0.252449 -0.221493
v -0.537543 0.252628 -0.225523
v -0.540707 0.253594 -0.227246
v -0.542413 0.253468 -0.223985
v -0.541087 0.253217 -0.222718
v -0.539107 0.25337 -0.226377
v -0.539758 0.253212 -0.234962
v -0.540707 0.253594 -0.227246
v -0.539107 0.25337 -0.226377
v -0.538005 0.25299 -0.234484
v -0.538005 0.25299 -0.234484
v -0.539107 0.25337 -0.226377
v -0.537543 0.252628 -0.225523
v -0.536299 0.252249 -0.233993
v -0.540707 0.253594 -0.227246
v -0.539758 0.253212 -0.234962
v -0.54128 0.253073 -0.23554
v -0.54208 0.253468 -0.228088
v -0.542413 0.253468 -0.223985
v -0.540707 0.253594 -0.227246
v -0.54208 0.253468 -0.228088
v -0.54349 0.253382 -0.22514
v -0.54208 0.253468 -0.228088
v -0.54128 0.253073 -0.23554
v -0.543034 0.252582 -0.237227
v -0.543608 0.253051 -0.229511
v -0.54349 0.253382 -0.22514
v -0.54208 0.253468 -0.228088
v -0.543608 0.253051 -0.229511
v -0.544262 0.253142 -0.226464
v -0.546104 0.252926 -0.223702
v -0.54349 0.253382 -0.22514
v -0.544262 0.253142 -0.226464
v -0.546447 0.252669 -0.22642
v -0.54538 0.252965 -0.222173
v -0.542413 0.253468 -0.223985
v -0.54349 0.253382 -0.22514
v -0.546104 0.252926 -0.223702
v -0.55165 0.25172 -0.221068
v -0.54538 0.252965 -0.222173
v -0.546104 0.252926 -0.223702
v -0.552133 0.251713 -0.222858
v -0.552133 0.251713 -0.222858
v -0.546104 0.252926 -0.223702
v -0.546447 0.252669 -0.22642
v -0.552377 0.25139 -0.226561
v -0.562773 0.24944 -0.22048
v -0.55165 0.25172 -0.221068
v -0.552133 0.251713 -0.222858
v -0.563223 0.249434 -0.22237
v -0.563223 0.249434 -0.22237
v -0.552133 0.251713 -0.222858
v -0.552377 0.25139 -0.226561
v -0.563479 0.249061 -0.226484
v -0.576787 0.246629 -0.220168
v -0.562773 0.24944 -0.22048
v -0.563223 0.249434 -0.22237
v -0.577335 0.246608 -0.222069
v -0.577335 0.246608 -0.222069
v -0.563223 0.249434 -0.22237
v -0.563479 0.249061 -0.226484
v -0.577665 0.246205 -0.226245
v -0.591329 0.243887 -0.219921
v -0.576787 0.246629 -0.220168
v -0.577335 0.246608 -0.222069
v -0.592001 0.243854 -0.221817
v -0.592001 0.243854 -0.221817
v -0.577335 0.246608 -0.222069
v -0.577665 0.246205 -0.226245
v -0.592413 0.243439 -0.225995
v -0.605927 0.241387 -0.2197
v -0.591329 0.243887 -0.219921
v -0.592001 0.243854 -0.221817
v -0.606713 0.24135 -0.221592
v -0.606713 0.24135 -0.221592
v -0.592001 0.243854 -0.221817
v -0.592413 0.243439 -0.225995
v -0.607114 0.240946 -0.225761
v -0.620074 0.239238 -0.219465
v -0.605927 0.241387 -0.2197
v -0.606713 0.24135 -0.221592
v -0.620963 0.239205 -0.221352
v -0.620963 0.239205 -0.221352
v -0.606713 0.24135 -0.221592
v -0.607114 0.240946 -0.225761
v -0.621225 0.238827 -0.225506
v -0.631237 0.237707 -0.219004
v -0.620074 0.239238 -0.219465
v -0.620963 0.239205 -0.221352
v -0.632258 0.237673 -0.220882
v -0.632258 0.237673 -0.220882
v -0.620963 0.239205 -0.221352
v -0.621225 0.238827 -0.225506
v -0.632555 0.237294 -0.225047
v -0.63165 0.236627 -0.233302
v -0.632555 0.237294 -0.225047
v -0.621225 0.238827 -0.225506
v -0.620411 0.238165 -0.233723
v -0.620411 0.238165 -0.233723
v -0.621225 0.238827 -0.225506
v -0.607114 0.240946 -0.225761
v -0.606832 0.240223 -0.234009
v -0.630393 0.235751 -0.244051
v -0.63165 0.236627 -0.233302
v -0.620411 0.238165 -0.233723
v -0.61926 0.237298 -0.244405
v -0.61926 0.237298 -0.244405
v -0.620411 0.238165 -0.233723
v -0.606832 0.240223 -0.234009
v -0.606244 0.2393 -0.244701
v -0.62972 0.234766 -0.255256
v -0.630393 0.235751 -0.244051
v -0.61926 0.237298 -0.244405
v -0.618601 0.236324 -0.25551
v -0.618601 0.236324 -0.25551
v -0.61926 0.237298 -0.244405
v -0.606244 0.2393 -0.244701
v -0.605811 0.238314 -0.255761
v -0.629573 0.233822 -0.266495
v -0.62972 0.234766 -0.255256
v -0.618601 0.236324 -0.25551
v -0.618437 0.235391 -0.26663
v -0.618437 0.235391 -0.26663
v -0.618601 0.236324 -0.25551
v -0.605811 0.238314 -0.255761
v -0.605666 0.237389 -0.266801
v -0.605811 0.238314 -0.255761
v -0.606244 0.2393 -0.244701
v -0.592074 0.241727 -0.244952
v -0.591768 0.240743 -0.255997
v -0.605666 0.237389 -0.266801
v -0.605811 0.238314 -0.255761
v -0.591768 0.240743 -0.255997
v -0.59164 0.239829 -0.267009
v -0.591768 0.240743 -0.255997
v -0.592074 0.241727 -0.244952
v -0.57743 0.244506 -0.245184
v -0.577188 0.243544 -0.25623
v -0.59164 0.239829 -0.267009
v -0.591768 0.240743 -0.255997
v -0.577188 0.243544 -0.25623
v -0.577084 0.242644 -0.267247
v -0.60584 0.236608 -0.277851
v -0.605666 0.237389 -0.266801
v -0.59164 0.239829 -0.267009
v -0.591798 0.239042 -0.278029
v -0.591798 0.239042 -0.278029
v -0.59164 0.239829 -0.267009
v -0.577084 0.242644 -0.267247
v -0.577219 0.241842 -0.278271
v -0.606301 0.235886 -0.288928
v -0.60584 0.236608 -0.277851
v -0.591798 0.239042 -0.278029
v -0.592133 0.23832 -0.28909
v -0.592133 0.23832 -0.28909
v -0.591798 0.239042 -0.278029
v -0.577219 0.241842 -0.278271
v -0.577492 0.241098 -0.28933
v -0.606916 0.235158 -0.299629
v -0.606301 0.235886 -0.288928
v -0.592133 0.23832 -0.28909
v -0.592463 0.237621 -0.299802
v -0.592463 0.237621 -0.299802
v -0.592133 0.23832 -0.28909
v -0.577492 0.241098 -0.28933
v -0.577744 0.24039 -0.300032
v -0.607218 0.234608 -0.307888
v -0.606916 0.235158 -0.299629
v -0.592463 0.237621 -0.299802
v -0.592521 0.237103 -0.30808
v -0.592521 0.237103 -0.30808
v -0.592463 0.237621 -0.299802
v -0.577744 0.24039 -0.300032
v -0.577778 0.23987 -0.308299
v -0.592521 0.237103 -0.30808
v -0.577778 0.23987 -0.308299
v -0.577457 0.239628 -0.312489
v -0.592117 0.236873 -0.312274
v -0.607218 0.234608 -0.307888
v -0.592521 0.237103 -0.30808
v -0.592117 0.236873 -0.312274
v -0.606826 0.234368 -0.312072
v -0.592117 0.236873 -0.312274
v -0.577457 0.239628 -0.312489
v -0.57691 0.239358 -0.314375
v -0.591447 0.236615 -0.314157
v -0.606826 0.234368 -0.312072
v -0.592117 0.236873 -0.312274
v -0.591447 0.236615 -0.314157
v -0.606041 0.234115 -0.313951
v -0.577778 0.23987 -0.308299
v -0.563599 0.242723 -0.308544
v -0.563352 0.242461 -0.312666
v -0.577457 0.239628 -0.312489
v -0.577457 0.239628 -0.312489
v -0.563352 0.242461 -0.312666
v -0.562902 0.242178 -0.314539
v -0.57691 0.239358 -0.314375
v -0.563599 0.242723 -0.308544
v -0.552503 0.245033 -0.308858
v -0.552267 0.244784 -0.312568
v -0.563352 0.242461 -0.312666
v -0.563352 0.242461 -0.312666
v -0.552267 0.244784 -0.312568
v -0.551784 0.244517 -0.314341
v -0.562902 0.242178 -0.314539
v -0.552503 0.245033 -0.308858
v -0.546578 0.246272 -0.309211
v -0.546241 0.24611 -0.311938
v -0.552267 0.244784 -0.312568
v -0.552267 0.244784 -0.312568
v -0.546241 0.24611 -0.311938
v -0.545516 0.245915 -0.313459
v -0.551784 0.244517 -0.314341
v -0.546578 0.246272 -0.309211
v -0.544394 0.246745 -0.309247
v -0.543625 0.24678 -0.310595
v -0.546241 0.24611 -0.311938
v -0.546241 0.24611 -0.311938
v -0.543625 0.24678 -0.310595
v -0.542547 0.246688 -0.311755
v -0.545516 0.245915 -0.313459
v -0.543625 0.24678 -0.310595
v -0.542207 0.247317 -0.307701
v -0.540833 0.247313 -0.308558
v -0.542547 0.246688 -0.311755
v -0.544394 0.246745 -0.309247
v -0.543732 0.247123 -0.306225
v -0.542207 0.247317 -0.307701
v -0.543625 0.24678 -0.310595
v -0.543732 0.247123 -0.306225
v -0.543134 0.247844 -0.298533
v -0.541385 0.248071 -0.300282
v -0.542207 0.247317 -0.307701
v -0.542207 0.247317 -0.307701
v -0.541385 0.248071 -0.300282
v -0.53986 0.24812 -0.30088
v -0.540833 0.247313 -0.308558
v -0.539469 0.249314 -0.286418
v -0.53986 0.24812 -0.30088
v -0.541385 0.248071 -0.300282
v -0.541045 0.249232 -0.286102
v -0.541045 0.249232 -0.286102
v -0.541385 0.248071 -0.300282
v -0.543134 0.247844 -0.298533
v -0.542861 0.248943 -0.284931
v -0.539387 0.250751 -0.267931
v -0.539469 0.249314 -0.286418
v -0.541045 0.249232 -0.286102
v -0.540969 0.250644 -0.267919
v -0.540969 0.250644 -0.267919
v -0.541045 0.249232 -0.286102
v -0.542861 0.248943 -0.284931
v -0.542794 0.250264 -0.267887
v -0.539412 0.25217 -0.24944
v -0.539387 0.250751 -0.267931
v -0.540969 0.250644 -0.267919
v -0.540987 0.252042 -0.249734
v -0.540987 0.252042 -0.249734
v -0.540969 0.250644 -0.267919
v -0.542794 0.250264 -0.267887
v -0.542805 0.251578 -0.250841
v -0.539758 0.253212 -0.234962
v -0.539412 0.25217 -0.24944
v -0.540987 0.252042 -0.249734
v -0.54128 0.253073 -0.23554
v -0.54128 0.253073 -0.23554
v -0.540987 0.252042 -0.249734
v -0.542805 0.251578 -0.250841
v -0.543034 0.252582 -0.237227
v -0.545811 0.249569 -0.267829
v -0.545819 0.250702 -0.253199
v -0.542805 0.251578 -0.250841
v -0.542794 0.250264 -0.267887
v -0.545819 0.250702 -0.253199
v -0.545962 0.251655 -0.240637
v -0.543034 0.252582 -0.237227
v -0.542805 0.251578 -0.250841
v -0.552104 0.249088 -0.255467
v -0.552205 0.250003 -0.24391
v -0.545962 0.251655 -0.240637
v -0.545819 0.250702 -0.253199
v -0.552083 0.248129 -0.267708
v -0.552104 0.249088 -0.255467
v -0.545819 0.250702 -0.253199
v -0.545811 0.249569 -0.267829
v -0.552143 0.247196 -0.27995
v -0.552083 0.248129 -0.267708
v -0.545811 0.249569 -0.267829
v -0.545867 0.248441 -0.282458
v -0.545867 0.248441 -0.282458
v -0.545811 0.249569 -0.267829
v -0.542794 0.250264 -0.267887
v -0.542861 0.248943 -0.284931
v -0.552279 0.246326 -0.291507
v -0.552143 0.247196 -0.27995
v -0.545867 0.248441 -0.282458
v -0.54605 0.247453 -0.295013
v -0.54605 0.247453 -0.295013
v -0.545867 0.248441 -0.282458
v -0.542861 0.248943 -0.284931
v -0.543134 0.247844 -0.298533
v -0.552456 0.245564 -0.301572
v -0.552279 0.246326 -0.291507
v -0.54605 0.247453 -0.295013
v -0.546388 0.246713 -0.303868
v -0.546388 0.246713 -0.303868
v -0.54605 0.247453 -0.295013
v -0.543134 0.247844 -0.298533
v -0.543732 0.247123 -0.306225
v -0.552503 0.245033 -0.308858
v -0.552456 0.245564 -0.301572
v -0.546388 0.246713 -0.303868
v -0.546578 0.246272 -0.309211
v -0.546578 0.246272 -0.309211
v -0.546388 0.246713 -0.303868
v -0.543732 0.247123 -0.306225
v -0.544394 0.246745 -0.309247
v -0.563576 0.243268 -0.300416
v -0.563397 0.244009 -0.289809
v -0.552279 0.246326 -0.291507
v -0.552456 0.245564 -0.301572
v -0.563599 0.242723 -0.308544
v -0.563576 0.243268 -0.300416
v -0.552456 0.245564 -0.301572
v -0.552503 0.245033 -0.308858
v -0.577744 0.24039 -0.300032
v -0.577492 0.241098 -0.28933
v -0.563397 0.244009 -0.289809
v -0.563576 0.243268 -0.300416
v -0.577778 0.23987 -0.308299
v -0.577744 0.24039 -0.300032
v -0.563576 0.243268 -0.300416
v -0.563599 0.242723 -0.308544
v -0.577492 0.241098 -0.28933
v -0.577219 0.241842 -0.278271
v -0.563209 0.244799 -0.278687
v -0.563397 0.244009 -0.289809
v -0.563397 0.244009 -0.289809
v -0.563209 0.244799 -0.278687
v -0.552143 0.247196 -0.27995
v -0.552279 0.246326 -0.291507
v -0.577219 0.241842 -0.278271
v -0.577084 0.242644 -0.267247
v -0.563115 0.245632 -0.267499
v -0.563209 0.244799 -0.278687
v -0.563209 0.244799 -0.278687
v -0.563115 0.245632 -0.267499
v -0.552083 0.248129 -0.267708
v -0.552143 0.247196 -0.27995
v -0.577084 0.242644 -0.267247
v -0.577188 0.243544 -0.25623
v -0.563176 0.246527 -0.256314
v -0.563115 0.245632 -0.267499
v -0.563115 0.245632 -0.267499
v -0.563176 0.246527 -0.256314
v -0.552104 0.249088 -0.255467
v -0.552083 0.248129 -0.267708
v -0.577188 0.243544 -0.25623
v -0.57743 0.244506 -0.245184
v -0.563331 0.247455 -0.245199
v -0.563176 0.246527 -0.256314
v -0.563176 0.246527 -0.256314
v -0.563331 0.247455 -0.245199
v -0.552205 0.250003 -0.24391
v -0.552104 0.249088 -0.255467
v -0.57743 0.244506 -0.245184
v -0.577652 0.24545 -0.234497
v -0.563479 0.248351 -0.2346
v -0.563331 0.247455 -0.245199
v -0.563331 0.247455 -0.245199
v -0.563479 0.248351 -0.2346
v -0.552351 0.250797 -0.233844
v -0.552205 0.250003 -0.24391
v -0.577652 0.24545 -0.234497
v -0.577665 0.246205 -0.226245
v -0.563479 0.249061 -0.226484
v -0.563479 0.248351 -0.2346
v -0.563479 0.248351 -0.2346
v -0.563479 0.249061 -0.226484
v -0.552377 0.25139 -0.226561
v -0.552351 0.250797 -0.233844
v -0.552351 0.250797 -0.233844
v -0.552377 0.25139 -0.226561
v -0.546447 0.252669 -0.22642
v -0.546272 0.252284 -0.231769
v -0.552205 0.250003 -0.24391
v -0.552351 0.250797 -0.233844
v -0.546272 0.252284 -0.231769
v -0.545962 0.251655 -0.240637
v -0.546272 0.252284 -0.231769
v -0.546447 0.252669 -0.22642
v -0.544262 0.253142 -0.226464
v -0.543608 0.253051 -0.229511
v -0.545962 0.251655 -0.240637
v -0.546272 0.252284 -0.231769
v -0.543608 0.253051 -0.229511
v -0.543034 0.252582 -0.237227
v -0.592375 0.24268 -0.234256
v -0.592413 0.243439 -0.225995
v -0.577665 0.246205 -0.226245
v -0.577652 0.24545 -0.234497
v -0.592074 0.241727 -0.244952
v -0.592375 0.24268 -0.234256
v -0.577652 0.24545 -0.234497
v -0.57743 0.244506 -0.245184
v -0.606832 0.240223 -0.234009
v -0.607114 0.240946 -0.225761
v -0.592413 0.243439 -0.225995
v -0.592375 0.24268 -0.234256
v -0.606244 0.2393 -0.244701
v -0.606832 0.240223 -0.234009
v -0.592375 0.24268 -0.234256
v -0.592074 0.241727 -0.244952
v -0.62972 0.234766 -0.255256
v -0.639104 0.233578 -0.255017
v -0.639348 0.234622 -0.243661
v -0.630393 0.235751 -0.244051
v -0.629573 0.233822 -0.266495
v -0.639039 0.232619 -0.266391
v -0.639104 0.233578 -0.255017
v -0.62972 0.234766 -0.255256
v -0.639039 0.232619 -0.266391
v -0.647828 0.231607 -0.266302
v -0.647816 0.23257 -0.254813
v -0.639104 0.233578 -0.255017
v -0.639104 0.233578 -0.255017
v -0.647816 0.23257 -0.254813
v -0.647619 0.233648 -0.243388
v -0.639348 0.234622 -0.243661
v -0.639348 0.234622 -0.243661
v -0.647619 0.233648 -0.243388
v -0.646964 0.234783 -0.232251
v -0.639683 0.235636 -0.232694
v -0.630393 0.235751 -0.244051
v -0.639348 0.234622 -0.243661
v -0.639683 0.235636 -0.232694
v -0.63165 0.236627 -0.233302
v -0.639683 0.235636 -0.232694
v -0.646964 0.234783 -0.232251
v -0.645529 0.23593 -0.222
v -0.639561 0.236466 -0.224124
v -0.63165 0.236627 -0.233302
v -0.639683 0.235636 -0.232694
v -0.639561 0.236466 -0.224124
v -0.632555 0.237294 -0.225047
v -0.656224 0.233615 -0.232627
v -0.656793 0.232571 -0.24335
v -0.667049 0.231379 -0.243392
v -0.678144 0.229255 -0.254412
v -0.678143 0.228356 -0.266016
v -0.689757 0.227117 -0.265907
v -0.667102 0.227871 -0.288858
v -0.678171 0.227464 -0.27762
v -0.667119 0.228663 -0.277709
v -0.645636 0.229082 -0.310738
v -0.656304 0.228426 -0.29986
v -0.647046 0.229521 -0.300431
vn -0.1077 0.9911 -0.0782
vn -0.1136 0.99 -0.0834
vn -0.1087 0.9908 -0.081
vn -0.1069 0.9913 -0.0764
vn -0.1077 0.9911 -0.0782
vn -0.1087 0.9908 -0.081
vn -0.1075 0.9913 -0.0764
vn -0.1065 0.9914 -0.0764
vn -0.1069 0.9913 -0.0764
vn -0.1082 0.9913 -0.075
vn -0.1069 0.9913 -0.0764
vn -0.1075 0.9913 -0.0764
vn -0.1087 0.9915 -0.0717
vn -0.1082 0.9913 -0.075
vn -0.1136 0.9911 -0.0692
vn -0.1147 0.9914 -0.0636
vn -0.1201 0.9908 -0.0625
vn -0.1147 0.9914 -0.0636
vn -0.1177 0.9912 -0.0606
vn -0.1204 0.991 -0.059
vn -0.1201 0.9908 -0.0625
vn -0.1177 0.9912 -0.0606
vn -0.1238 0.9906 -0.0584
vn -0.1249 0.9905 -0.058
vn -0.1204 0.991 -0.059
vn -0.1204 0.991 -0.059
vn -0.1249 0.9905 -0.058
vn -0.1239 0.9902 -0.0642
vn -0.1202 0.9908 -0.0625
vn -0.1238 0.9906 -0.0584
vn -0.1341 0.9893 -0.0571
vn -0.1336 0.9894 -0.0574
vn -0.1249 0.9905 -0.058
vn -0.1249 0.9905 -0.058
vn -0.1336 0.9894 -0.0574
vn -0.1326 0.989 -0.0647
vn -0.1239 0.9902 -0.0642
vn -0.1239 0.9902 -0.0642
vn -0.105 0.9874 -0.1181
vn -0.0849 0.9915 -0.0981
vn -0.1202 0.9908 -0.0625
vn -0.1326 0.989 -0.0647
vn -0.1262 0.9831 -0.1324
vn -0.105 0.9874 -0.1181
vn -0.1239 0.9902 -0.0642
vn -0.1262 0.9831 -0.1324
vn -0.1102 0.9468 -0.3022
vn -0.0546 0.9632 -0.2633
vn -0.105 0.9874 -0.1181
vn -0.105 0.9874 -0.1181
vn -0.0546 0.9632 -0.2633
vn 0.0162 0.9801 -0.1978
vn -0.0849 0.9915 -0.0981
vn -0.0546 0.9632 -0.2633
vn 0.0175 0.8841 -0.4669
vn 0.1672 0.9255 -0.3399
vn 0.0162 0.9801 -0.1978
vn -0.1102 0.9468 -0.3022
vn -0.0842 0.8477 -0.5238
vn 0.0175 0.8841 -0.4669
vn -0.0546 0.9632 -0.2633
vn -0.0842 0.8477 -0.5238
vn -0.0446 0.6508 -0.758
vn 0.1091 0.7115 -0.6942
vn 0.0175 0.8841 -0.4669
vn 0.0175 0.8841 -0.4669
vn 0.1091 0.7115 -0.6942
vn 0.3569 0.7857 -0.5053
vn 0.1672 0.9255 -0.3399
vn -0.0022 0.3895 -0.921
vn 0.1914 0.4582 -0.868
vn 0.1091 0.7115 -0.6942
vn -0.0446 0.6508 -0.758
vn 0.1914 0.4582 -0.868
vn 0.5326 0.5549 -0.6391
vn 0.3569 0.7857 -0.5053
vn 0.1091 0.7115 -0.6942
vn 0.2422 0.2258 -0.9436
vn 0.6378 0.3188 -0.7011
vn 0.5326 0.5549 -0.6391
vn 0.1914 0.4582 -0.868
vn 0.0298 0.1692 -0.9851
vn 0.2422 0.2258 -0.9436
vn 0.1914 0.4582 -0.868
vn -0.0022 0.3895 -0.921
vn -0.0567 0.3752 -0.9252
vn -0.0022 0.3895 -0.921
vn -0.0446 0.6508 -0.758
vn -0.0945 0.6375 -0.7646
vn -0.0249 0.1574 -0.9872
vn 0.0298 0.1692 -0.9851
vn -0.0022 0.3895 -0.921
vn -0.0567 0.3752 -0.9252
vn -0.0393 0.1562 -0.9869
vn -0.0249 0.1574 -0.9872
vn -0.0567 0.3752 -0.9252
vn -0.074 0.3739 -0.9245
vn -0.074 0.3739 -0.9245
vn -0.0567 0.3752 -0.9252
vn -0.0945 0.6375 -0.7646
vn -0.1142 0.6358 -0.7634
vn -0.0449 0.1574 -0.9865
vn -0.0393 0.1562 -0.9869
vn -0.074 0.3739 -0.9245
vn -0.0833 0.3755 -0.9231
vn -0.0833 0.3755 -0.9231
vn -0.074 0.3739 -0.9245
vn -0.1142 0.6358 -0.7634
vn -0.1275 0.636 -0.7611
vn -0.0459 0.16 -0.986
vn -0.0449 0.1574 -0.9865
vn -0.0833 0.3755 -0.9231
vn -0.0876 0.3784 -0.9215
vn -0.0876 0.3784 -0.9215
vn -0.0833 0.3755 -0.9231
vn -0.1275 0.636 -0.7611
vn -0.1357 0.6373 -0.7585
vn -0.0254 0.1646 -0.986
vn -0.0459 0.16 -0.986
vn -0.0876 0.3784 -0.9215
vn -0.0716 0.3825 -0.9212
vn -0.0716 0.3825 -0.9212
vn -0.0876 0.3784 -0.9215
vn -0.1357 0.6373 -0.7585
vn -0.1269 0.6392 -0.7585
vn 0.0649 0.1766 -0.9821
vn -0.0254 0.1646 -0.986
vn -0.0716 0.3825 -0.9212
vn 0.0092 0.3923 -0.9198
vn 0.0092 0.3923 -0.9198
vn -0.0716 0.3825 -0.9212
vn -0.1269 0.6392 -0.7585
vn -0.0665 0.6456 -0.7608
vn 0.3021 0.2149 -0.9288
vn 0.0649 0.1766 -0.9821
vn 0.0092 0.3923 -0.9198
vn 0.2274 0.4308 -0.8734
vn 0.2274 0.4308 -0.8734
vn 0.0092 0.3923 -0.9198
vn -0.0665 0.6456 -0.7608
vn 0.1062 0.6788 -0.7266
vn 0.6439 0.2813 -0.7115
vn 0.3021 0.2149 -0.9288
vn 0.2274 0.4308 -0.8734
vn 0.5455 0.4988 -0.6735
vn 0.5455 0.4988 -0.6735
vn 0.2274 0.4308 -0.8734
vn 0.1062 0.6788 -0.7266
vn 0.3639 0.7413 -0.564
vn 0.7589 0.5477 -0.3524
vn 0.5455 0.4988 -0.6735
vn 0.3639 0.7413 -0.564
vn 0.538 0.7862 -0.3039
vn 0.8698 0.3333 -0.3638
vn 0.6439 0.2813 -0.7115
vn 0.5455 0.4988 -0.6735
vn 0.7589 0.5477 -0.3524
vn 0.9257 0.3564 -0.1265
vn 0.8698 0.3333 -0.3638
vn 0.7589 0.5477 -0.3524
vn 0.8109 0.5697 -0.1337
vn 0.8109 0.5697 -0.1337
vn 0.7589 0.5477 -0.3524
vn 0.538 0.7862 -0.3039
vn 0.5756 0.8072 -0.1307
vn 0.5756 0.8072 -0.1307
vn 0.5698 0.8182 -0.077
vn 0.8108 0.5819 -0.0635
vn 0.8109 0.5697 -0.1337
vn 0.8109 0.5697 -0.1337
vn 0.8108 0.5819 -0.0635
vn 0.9292 0.3664 -0.049
vn 0.9257 0.3564 -0.1265
vn 0.5698 0.8182 -0.077
vn 0.5671 0.8212 -0.0641
vn 0.8097 0.5851 -0.0461
vn 0.8108 0.5819 -0.0635
vn 0.8108 0.5819 -0.0635
vn 0.8097 0.5851 -0.0461
vn 0.9291 0.3687 -0.0295
vn 0.9292 0.3664 -0.049
vn 0.9687 0.2472 -0.02
vn 0.9685 0.2458 -0.0402
vn 0.9292 0.3664 -0.049
vn 0.9291 0.3687 -0.0295
vn 0.9685 0.2458 -0.0402
vn 0.9637 0.2386 -0.1195
vn 0.9257 0.3564 -0.1265
vn 0.9292 0.3664 -0.049
vn 0.9712 0.2349 -0.0394
vn 0.9661 0.2291 -0.1188
vn 0.9637 0.2386 -0.1195
vn 0.9685 0.2458 -0.0402
vn 0.9716 0.236 -0.0191
vn 0.9712 0.2349 -0.0394
vn 0.9685 0.2458 -0.0402
vn 0.9687 0.2472 -0.02
vn 0.9714 0.2373 0.0011
vn 0.9716 0.236 -0.0191
vn 0.9687 0.2472 -0.02
vn 0.9689 0.2475 0.0002
vn 0.9689 0.2475 0.0002
vn 0.9687 0.2472 -0.02
vn 0.9291 0.3687 -0.0295
vn 0.93 0.3675 -0.0097
vn 0.9666 0.2433 0.0806
vn 0.9714 0.2373 0.0011
vn 0.9689 0.2475 0.0002
vn 0.9646 0.2516 0.0797
vn 0.9646 0.2516 0.0797
vn 0.9689 0.2475 0.0002
vn 0.93 0.3675 -0.0097
vn 0.9273 0.368 0.0686
vn 0.9091 0.2641 0.3222
vn 0.9646 0.2516 0.0797
vn 0.9273 0.368 0.0686
vn 0.8723 0.3806 0.3071
vn 0.9113 0.2558 0.3227
vn 0.9666 0.2433 0.0806
vn 0.9646 0.2516 0.0797
vn 0.9091 0.2641 0.3222
vn 0.6873 0.2431 0.6845
vn 0.9113 0.2558 0.3227
vn 0.9091 0.2641 0.3222
vn 0.6827 0.2594 0.6831
vn 0.6827 0.2594 0.6831
vn 0.9091 0.2641 0.3222
vn 0.8723 0.3806 0.3071
vn 0.6473 0.3825 0.6593
vn 0.3383 0.2204 0.9149
vn 0.6827 0.2594 0.6831
vn 0.6473 0.3825 0.6593
vn 0.3056 0.3513 0.885
vn 0.3458 0.1899 0.9189
vn 0.6873 0.2431 0.6845
vn 0.6827 0.2594 0.6831
vn 0.3383 0.2204 0.9149
vn 0.109 0.1428 0.9837
vn 0.3458 0.1899 0.9189
vn 0.3383 0.2204 0.9149
vn 0.0997 0.1848 0.9777
vn 0.0997 0.1848 0.9777
vn 0.3383 0.2204 0.9149
vn 0.3056 0.3513 0.885
vn 0.0684 0.3228 0.944
vn 0.0175 0.1226 0.9923
vn 0.109 0.1428 0.9837
vn 0.0997 0.1848 0.9777
vn 0.0079 0.17 0.9854
vn 0.0079 0.17 0.9854
vn 0.0997 0.1848 0.9777
vn 0.0684 0.3228 0.944
vn -0.0221 0.3122 0.9498
vn -0.005 0.1167 0.9931
vn 0.0175 0.1226 0.9923
vn 0.0079 0.17 0.9854
vn -0.0143 0.1651 0.9862
vn -0.0143 0.1651 0.9862
vn 0.0079 0.17 0.9854
vn -0.0221 0.3122 0.9498
vn -0.0427 0.3078 0.9505
vn -0.0068 0.1152 0.9933
vn -0.005 0.1167 0.9931
vn -0.0143 0.1651 0.9862
vn -0.0155 0.1633 0.9865
vn -0.0155 0.1633 0.9865
vn -0.0143 0.1651 0.9862
vn -0.0427 0.3078 0.9505
vn -0.0417 0.305 0.9514
vn -0.0046 0.1148 0.9934
vn -0.0068 0.1152 0.9933
vn -0.0155 0.1633 0.9865
vn -0.0125 0.1626 0.9866
vn -0.0125 0.1626 0.9866
vn -0.0155 0.1633 0.9865
vn -0.0417 0.305 0.9514
vn -0.0363 0.3043 0.9519
vn 0.0073 0.1163 0.9932
vn -0.0046 0.1148 0.9934
vn -0.0125 0.1626 0.9866
vn -0.0001 0.1638 0.9865
vn -0.0001 0.1638 0.9865
vn -0.0125 0.1626 0.9866
vn -0.0363 0.3043 0.9519
vn -0.0221 0.3055 0.9519
vn 0.0625 0.1245 0.9903
vn 0.0073 0.1163 0.9932
vn -0.0001 0.1638 0.9865
vn 0.0546 0.1723 0.9835
vn 0.0546 0.1723 0.9835
vn -0.0001 0.1638 0.9865
vn -0.0221 0.3055 0.9519
vn 0.0326 0.3167 0.948
vn 0.0625 0.1245 0.9903
vn 0.0546 0.1723 0.9835
vn 0.275 0.2062 0.9391
vn 0.2857 0.1543 0.9458
vn 0.0546 0.1723 0.9835
vn 0.0326 0.3167 0.948
vn 0.2449 0.366 0.8978
vn 0.275 0.2062 0.9391
vn 0.275 0.2062 0.9391
vn 0.2449 0.366 0.8978
vn 0.6398 0.4207 0.6432
vn 0.6868 0.2455 0.6841
vn 0.2857 0.1543 0.9458
vn 0.275 0.2062 0.9391
vn 0.6868 0.2455 0.6841
vn 0.6966 0.1891 0.6921
vn 0.2848 0.1562 0.9458
vn 0.2857 0.1543 0.9458
vn 0.6966 0.1891 0.6921
vn 0.6958 0.1926 0.6919
vn 0.0621 0.1252 0.9902
vn 0.0625 0.1245 0.9903
vn 0.2857 0.1543 0.9458
vn 0.2848 0.1562 0.9458
vn 0.0631 0.1174 0.9911
vn 0.0621 0.1252 0.9902
vn 0.2848 0.1562 0.9458
vn 0.2857 0.1471 0.947
vn 0.2857 0.1471 0.947
vn 0.2848 0.1562 0.9458
vn 0.6958 0.1926 0.6919
vn 0.6976 0.1824 0.6929
vn 0.0631 0.1174 0.9911
vn 0.2857 0.1471 0.947
vn 0.2883 0.1248 0.9494
vn 0.0655 0.0988 0.993
vn 0.2857 0.1471 0.947
vn 0.6976 0.1824 0.6929
vn 0.7012 0.157 0.6955
vn 0.2883 0.1248 0.9494
vn 0.2883 0.1248 0.9494
vn 0.7012 0.157 0.6955
vn 0.7064 0.1149 0.6984
vn 0.2927 0.0879 0.9522
vn 0.0655 0.0988 0.993
vn 0.2883 0.1248 0.9494
vn 0.2927 0.0879 0.9522
vn 0.0694 0.0678 0.9953
vn 0.0655 0.0988 0.993
vn 0.0106 0.0915 0.9957
vn 0.0082 0.109 0.994
vn 0.0631 0.1174 0.9911
vn 0.0694 0.0678 0.9953
vn 0.0145 0.0625 0.9979
vn 0.0106 0.0915 0.9957
vn 0.0655 0.0988 0.993
vn 0.0145 0.0625 0.9979
vn 0.0028 0.0615 0.9981
vn -0.0011 0.0899 0.996
vn 0.0106 0.0915 0.9957
vn 0.0106 0.0915 0.9957
vn -0.0011 0.0899 0.996
vn -0.0036 0.1071 0.9942
vn 0.0082 0.109 0.994
vn 0.0072 0.1165 0.9932
vn 0.0082 0.109 0.994
vn -0.0036 0.1071 0.9942
vn -0.0046 0.1146 0.9934
vn 0.0621 0.1252 0.9902
vn 0.0631 0.1174 0.9911
vn 0.0082 0.109 0.994
vn 0.0072 0.1165 0.9932
vn 0.0625 0.1245 0.9903
vn 0.0621 0.1252 0.9902
vn 0.0072 0.1165 0.9932
vn 0.0073 0.1163 0.9932
vn 0.0073 0.1163 0.9932
vn 0.0072 0.1165 0.9932
vn -0.0046 0.1146 0.9934
vn -0.0046 0.1148 0.9934
vn -0.0046 0.1146 0.9934
vn -0.0036 0.1071 0.9942
vn -0.0058 0.1068 0.9943
vn -0.0069 0.1146 0.9934
vn -0.0046 0.1148 0.9934
vn -0.0046 0.1146 0.9934
vn -0.0069 0.1146 0.9934
vn -0.0068 0.1152 0.9933
vn -0.0069 0.1146 0.9934
vn -0.0058 0.1068 0.9943
vn -0.004 0.1074 0.9942
vn -0.0051 0.1157 0.9933
vn -0.0068 0.1152 0.9933
vn -0.0069 0.1146 0.9934
vn -0.0051 0.1157 0.9933
vn -0.005 0.1167 0.9931
vn -0.005 0.1167 0.9931
vn -0.0051 0.1157 0.9933
vn 0.0177 0.1216 0.9924
vn 0.0175 0.1226 0.9923
vn -0.0051 0.1157 0.9933
vn -0.004 0.1074 0.9942
vn 0.0189 0.1125 0.9935
vn 0.0177 0.1216 0.9924
vn 0.0177 0.1216 0.9924
vn 0.0189 0.1125 0.9935
vn 0.1117 0.1315 0.985
vn 0.1097 0.1428 0.9837
vn 0.0175 0.1226 0.9923
vn 0.0177 0.1216 0.9924
vn 0.1097 0.1428 0.9837
vn 0.109 0.1428 0.9837
vn 0.1097 0.1428 0.9837
vn 0.1117 0.1315 0.985
vn 0.3507 0.1756 0.9199
vn 0.3468 0.1925 0.918
vn 0.109 0.1428 0.9837
vn 0.1097 0.1428 0.9837
vn 0.3468 0.1925 0.918
vn 0.3458 0.1899 0.9189
vn 0.3468 0.1925 0.918
vn 0.3507 0.1756 0.9199
vn 0.6926 0.2241 0.6857
vn 0.6869 0.2484 0.683
vn 0.3458 0.1899 0.9189
vn 0.3468 0.1925 0.918
vn 0.6869 0.2484 0.683
vn 0.6873 0.2431 0.6845
vn 0.6873 0.2431 0.6845
vn 0.6869 0.2484 0.683
vn 0.9096 0.2623 0.3222
vn 0.9113 0.2558 0.3227
vn 0.6869 0.2484 0.683
vn 0.6926 0.2241 0.6857
vn 0.9161 0.2345 0.3253
vn 0.9096 0.2623 0.3222
vn 0.9096 0.2623 0.3222
vn 0.9161 0.2345 0.3253
vn 0.9716 0.2218 0.083
vn 0.965 0.2496 0.0804
vn 0.9113 0.2558 0.3227
vn 0.9096 0.2623 0.3222
vn 0.965 0.2496 0.0804
vn 0.9666 0.2433 0.0806
vn 0.9714 0.2373 0.0011
vn 0.9666 0.2433 0.0806
vn 0.965 0.2496 0.0804
vn 0.97 0.243 0.0008
vn 0.97 0.243 0.0008
vn 0.965 0.2496 0.0804
vn 0.9716 0.2218 0.083
vn 0.9765 0.2153 0.0032
vn 0.9716 0.236 -0.0191
vn 0.9714 0.2373 0.0011
vn 0.97 0.243 0.0008
vn 0.9702 0.2415 -0.0195
vn 0.9702 0.2415 -0.0195
vn 0.97 0.243 0.0008
vn 0.9765 0.2153 0.0032
vn 0.9768 0.2137 -0.0172
vn 0.9712 0.2349 -0.0394
vn 0.9716 0.236 -0.0191
vn 0.9702 0.2415 -0.0195
vn 0.9699 0.2402 -0.0398
vn 0.9699 0.2402 -0.0398
vn 0.9702 0.2415 -0.0195
vn 0.9768 0.2137 -0.0172
vn 0.9765 0.2122 -0.0376
vn 0.9661 0.2291 -0.1188
vn 0.9712 0.2349 -0.0394
vn 0.9699 0.2402 -0.0398
vn 0.9647 0.2346 -0.1194
vn 0.9647 0.2346 -0.1194
vn 0.9699 0.2402 -0.0398
vn 0.9765 0.2122 -0.0376
vn 0.9714 0.2063 -0.1175
vn 0.9103 0.2041 -0.3601
vn 0.9661 0.2291 -0.1188
vn 0.9647 0.2346 -0.1194
vn 0.909 0.2094 -0.3603
vn 0.909 0.2094 -0.3603
vn 0.9647 0.2346 -0.1194
vn 0.9714 0.2063 -0.1175
vn 0.9157 0.1808 -0.3589
vn 0.6856 0.135 -0.7153
vn 0.9103 0.2041 -0.3601
vn 0.909 0.2094 -0.3603
vn 0.6857 0.139 -0.7145
vn 0.6857 0.139 -0.7145
vn 0.909 0.2094 -0.3603
vn 0.9157 0.1808 -0.3589
vn 0.6916 0.1137 -0.7133
vn 0.3435 0.0455 -0.938
vn 0.6856 0.135 -0.7153
vn 0.6857 0.139 -0.7145
vn 0.3449 0.0466 -0.9375
vn 0.3449 0.0466 -0.9375
vn 0.6857 0.139 -0.7145
vn 0.6916 0.1137 -0.7133
vn 0.3489 0.0288 -0.9367
vn 0.1064 -0.0115 -0.9943
vn 0.3435 0.0455 -0.938
vn 0.3449 0.0466 -0.9375
vn 0.1074 -0.013 -0.9941
vn 0.1074 -0.013 -0.9941
vn 0.3449 0.0466 -0.9375
vn 0.3489 0.0288 -0.9367
vn 0.1095 -0.0251 -0.9937
vn 0.0149 -0.0329 -0.9993
vn 0.1064 -0.0115 -0.9943
vn 0.1074 -0.013 -0.9941
vn 0.0153 -0.0353 -0.9993
vn 0.0153 -0.0353 -0.9993
vn 0.1074 -0.013 -0.9941
vn 0.1095 -0.0251 -0.9937
vn 0.0167 -0.0451 -0.9988
vn -0.0076 -0.0388 -0.9992
vn 0.0149 -0.0329 -0.9993
vn 0.0153 -0.0353 -0.9993
vn -0.0075 -0.0412 -0.9991
vn -0.0075 -0.0412 -0.9991
vn 0.0153 -0.0353 -0.9993
vn 0.0167 -0.0451 -0.9988
vn -0.0062 -0.0502 -0.9987
vn -0.0092 -0.0422 -0.9991
vn -0.0075 -0.0412 -0.9991
vn -0.0062 -0.0502 -0.9987
vn -0.008 -0.0508 -0.9987
vn -0.0094 -0.0403 -0.9991
vn -0.0076 -0.0388 -0.9992
vn -0.0075 -0.0412 -0.9991
vn -0.0092 -0.0422 -0.9991
vn -0.007 -0.0407 -0.9991
vn -0.0094 -0.0403 -0.9991
vn -0.0092 -0.0422 -0.9991
vn -0.0069 -0.0422 -0.9991
vn -0.0069 -0.0422 -0.9991
vn -0.0092 -0.0422 -0.9991
vn -0.008 -0.0508 -0.9987
vn -0.0057 -0.0505 -0.9987
vn 0.005 -0.0392 -0.9992
vn -0.007 -0.0407 -0.9991
vn -0.0069 -0.0422 -0.9991
vn 0.005 -0.0402 -0.9992
vn 0.005 -0.0402 -0.9992
vn -0.0069 -0.0422 -0.9991
vn -0.0057 -0.0505 -0.9987
vn 0.0061 -0.0485 -0.9988
vn 0.0602 -0.0305 -0.9977
vn 0.005 -0.0392 -0.9992
vn 0.005 -0.0402 -0.9992
vn 0.06 -0.0311 -0.9977
vn 0.06 -0.0311 -0.9977
vn 0.005 -0.0402 -0.9992
vn 0.0061 -0.0485 -0.9988
vn 0.0611 -0.0397 -0.9973
vn 0.0602 -0.0305 -0.9977
vn 0.06 -0.0311 -0.9977
vn 0.2829 0.0065 -0.9591
vn 0.2836 0.006 -0.9589
vn 0.06 -0.0311 -0.9977
vn 0.0611 -0.0397 -0.9973
vn 0.2839 -0.0034 -0.9588
vn 0.2829 0.0065 -0.9591
vn 0.2829 0.0065 -0.9591
vn 0.2839 -0.0034 -0.9588
vn 0.6965 0.0714 -0.714
vn 0.6949 0.0823 -0.7144
vn 0.2836 0.006 -0.9589
vn 0.2829 0.0065 -0.9591
vn 0.6949 0.0823 -0.7144
vn 0.6952 0.08 -0.7143
vn 0.052 0.0196 -0.9985
vn 0.0602 -0.0305 -0.9977
vn 0.2836 0.006 -0.9589
vn 0.2726 0.0601 -0.9602
vn 0.2726 0.0601 -0.9602
vn 0.2836 0.006 -0.9589
vn 0.6952 0.08 -0.7143
vn 0.6854 0.1383 -0.7149
vn 0.0298 0.1692 -0.9851
vn 0.052 0.0196 -0.9985
vn 0.2726 0.0601 -0.9602
vn 0.2422 0.2258 -0.9436
vn 0.2422 0.2258 -0.9436
vn 0.2726 0.0601 -0.9602
vn 0.6854 0.1383 -0.7149
vn 0.6378 0.3188 -0.7011
vn 0.0298 0.1692 -0.9851
vn -0.0249 0.1574 -0.9872
vn -0.0027 0.0106 -0.9999
vn 0.052 0.0196 -0.9985
vn 0.052 0.0196 -0.9985
vn -0.0027 0.0106 -0.9999
vn 0.005 -0.0392 -0.9992
vn 0.0602 -0.0305 -0.9977
vn -0.0249 0.1574 -0.9872
vn -0.0393 0.1562 -0.9869
vn -0.0152 0.0092 -0.9998
vn -0.0027 0.0106 -0.9999
vn -0.0027 0.0106 -0.9999
vn -0.0152 0.0092 -0.9998
vn -0.007 -0.0407 -0.9991
vn 0.005 -0.0392 -0.9992
vn -0.0393 0.1562 -0.9869
vn -0.0449 0.1574 -0.9865
vn -0.0183 0.0099 -0.9998
vn -0.0152 0.0092 -0.9998
vn -0.0152 0.0092 -0.9998
vn -0.0183 0.0099 -0.9998
vn -0.0094 -0.0403 -0.9991
vn -0.007 -0.0407 -0.9991
vn -0.0449 0.1574 -0.9865
vn -0.0459 0.16 -0.986
vn -0.0173 0.0121 -0.9998
vn -0.0183 0.0099 -0.9998
vn -0.0183 0.0099 -0.9998
vn -0.0173 0.0121 -0.9998
vn -0.0076 -0.0388 -0.9992
vn -0.0094 -0.0403 -0.9991
vn -0.0459 0.16 -0.986
vn -0.0254 0.1646 -0.986
vn 0.0049 0.0167 -0.9998
vn -0.0173 0.0121 -0.9998
vn -0.0173 0.0121 -0.9998
vn 0.0049 0.0167 -0.9998
vn 0.0149 -0.0329 -0.9993
vn -0.0076 -0.0388 -0.9992
vn -0.0254 0.1646 -0.986
vn 0.0649 0.1766 -0.9821
vn 0.0966 0.0331 -0.9948
vn 0.0049 0.0167 -0.9998
vn 0.0049 0.0167 -0.9998
vn 0.0966 0.0331 -0.9948
vn 0.1064 -0.0115 -0.9943
vn 0.0149 -0.0329 -0.9993
vn 0.0649 0.1766 -0.9821
vn 0.3021 0.2149 -0.9288
vn 0.3353 0.0787 -0.9388
vn 0.0966 0.0331 -0.9948
vn 0.0966 0.0331 -0.9948
vn 0.3353 0.0787 -0.9388
vn 0.3435 0.0455 -0.938
vn 0.1064 -0.0115 -0.9943
vn 0.3021 0.2149 -0.9288
vn 0.6439 0.2813 -0.7115
vn 0.6804 0.154 -0.7165
vn 0.3353 0.0787 -0.9388
vn 0.3353 0.0787 -0.9388
vn 0.6804 0.154 -0.7165
vn 0.6856 0.135 -0.7153
vn 0.3435 0.0455 -0.938
vn 0.6804 0.154 -0.7165
vn 0.9076 0.2143 -0.3611
vn 0.9103 0.2041 -0.3601
vn 0.6856 0.135 -0.7153
vn 0.6439 0.2813 -0.7115
vn 0.8698 0.3333 -0.3638
vn 0.9076 0.2143 -0.3611
vn 0.6804 0.154 -0.7165
vn 0.8698 0.3333 -0.3638
vn 0.9257 0.3564 -0.1265
vn 0.9637 0.2386 -0.1195
vn 0.9076 0.2143 -0.3611
vn 0.9076 0.2143 -0.3611
vn 0.9637 0.2386 -0.1195
vn 0.9661 0.2291 -0.1188
vn 0.9103 0.2041 -0.3601
vn 0.2861 -0.0259 -0.9578
vn 0.7 0.046 -0.7126
vn 0.6965 0.0714 -0.714
vn 0.2839 -0.0034 -0.9588
vn 0.2906 -0.0606 -0.9549
vn 0.705 0.0054 -0.7092
vn 0.7 0.046 -0.7126
vn 0.2861 -0.0259 -0.9578
vn 0.067 -0.087 -0.9939
vn 0.2906 -0.0606 -0.9549
vn 0.2861 -0.0259 -0.9578
vn 0.0635 -0.0582 -0.9963
vn 0.0635 -0.0582 -0.9963
vn 0.2861 -0.0259 -0.9578
vn 0.2839 -0.0034 -0.9588
vn 0.0611 -0.0397 -0.9973
vn 0.012 -0.0925 -0.9956
vn 0.067 -0.087 -0.9939
vn 0.0635 -0.0582 -0.9963
vn 0.0085 -0.0658 -0.9978
vn 0.0085 -0.0658 -0.9978
vn 0.0635 -0.0582 -0.9963
vn 0.0611 -0.0397 -0.9973
vn 0.0061 -0.0485 -0.9988
vn 0.0003 -0.0934 -0.9956
vn 0.012 -0.0925 -0.9956
vn 0.0085 -0.0658 -0.9978
vn -0.0032 -0.0675 -0.9977
vn -0.0032 -0.0675 -0.9977
vn 0.0085 -0.0658 -0.9978
vn 0.0061 -0.0485 -0.9988
vn -0.0057 -0.0505 -0.9987
vn -0.002 -0.0932 -0.9956
vn 0.0003 -0.0934 -0.9956
vn -0.0032 -0.0675 -0.9977
vn -0.0055 -0.0679 -0.9977
vn -0.0055 -0.0679 -0.9977
vn -0.0032 -0.0675 -0.9977
vn -0.0057 -0.0505 -0.9987
vn -0.008 -0.0508 -0.9987
vn -0.0003 -0.0925 -0.9957
vn -0.002 -0.0932 -0.9956
vn -0.0055 -0.0679 -0.9977
vn -0.0038 -0.0675 -0.9977
vn -0.0038 -0.0675 -0.9977
vn -0.0055 -0.0679 -0.9977
vn -0.008 -0.0508 -0.9987
vn -0.0062 -0.0502 -0.9987
vn 0.0193 -0.0635 -0.9978
vn -0.0038 -0.0675 -0.9977
vn -0.0062 -0.0502 -0.9987
vn 0.0167 -0.0451 -0.9988
vn 0.023 -0.0899 -0.9957
vn -0.0003 -0.0925 -0.9957
vn -0.0038 -0.0675 -0.9977
vn 0.0193 -0.0635 -0.9978
vn 0.1184 -0.0808 -0.9897
vn 0.023 -0.0899 -0.9957
vn 0.0193 -0.0635 -0.9978
vn 0.1133 -0.0479 -0.9924
vn 0.1133 -0.0479 -0.9924
vn 0.0193 -0.0635 -0.9978
vn 0.0167 -0.0451 -0.9988
vn 0.1095 -0.0251 -0.9937
vn 0.3636 -0.0545 -0.9299
vn 0.1184 -0.0808 -0.9897
vn 0.1133 -0.0479 -0.9924
vn 0.3554 -0.005 -0.9347
vn 0.3554 -0.005 -0.9347
vn 0.1133 -0.0479 -0.9924
vn 0.1095 -0.0251 -0.9937
vn 0.3489 0.0288 -0.9367
vn 0.7111 -0.0043 -0.7031
vn 0.3636 -0.0545 -0.9299
vn 0.3554 -0.005 -0.9347
vn 0.7009 0.0659 -0.7102
vn 0.7009 0.0659 -0.7102
vn 0.3554 -0.005 -0.9347
vn 0.3489 0.0288 -0.9367
vn 0.6916 0.1137 -0.7133
vn 0.9261 0.1266 -0.3553
vn 0.7009 0.0659 -0.7102
vn 0.6916 0.1137 -0.7133
vn 0.9157 0.1808 -0.3589
vn 0.9362 0.0468 -0.3484
vn 0.7111 -0.0043 -0.7031
vn 0.7009 0.0659 -0.7102
vn 0.9261 0.1266 -0.3553
vn 0.9916 0.0728 -0.1072
vn 0.9362 0.0468 -0.3484
vn 0.9261 0.1266 -0.3553
vn 0.9818 0.1525 -0.1136
vn 0.9818 0.1525 -0.1136
vn 0.9261 0.1266 -0.3553
vn 0.9157 0.1808 -0.3589
vn 0.9714 0.2063 -0.1175
vn 0.9964 0.0801 -0.0271
vn 0.9916 0.0728 -0.1072
vn 0.9818 0.1525 -0.1136
vn 0.9867 0.1591 -0.0335
vn 0.9867 0.1591 -0.0335
vn 0.9818 0.1525 -0.1136
vn 0.9714 0.2063 -0.1175
vn 0.9765 0.2122 -0.0376
vn 0.9966 0.0817 -0.0067
vn 0.9964 0.0801 -0.0271
vn 0.9867 0.1591 -0.0335
vn 0.9869 0.1606 -0.013
vn 0.9869 0.1606 -0.013
vn 0.9867 0.1591 -0.0335
vn 0.9765 0.2122 -0.0376
vn 0.9768 0.2137 -0.0172
vn 0.9867 0.1622 0.0075
vn 0.9869 0.1606 -0.013
vn 0.9768 0.2137 -0.0172
vn 0.9765 0.2153 0.0032
vn 0.9964 0.0831 0.0138
vn 0.9966 0.0817 -0.0067
vn 0.9869 0.1606 -0.013
vn 0.9867 0.1622 0.0075
vn 0.9917 0.0881 0.0941
vn 0.9964 0.0831 0.0138
vn 0.9867 0.1622 0.0075
vn 0.9818 0.1683 0.0877
vn 0.9818 0.1683 0.0877
vn 0.9867 0.1622 0.0075
vn 0.9765 0.2153 0.0032
vn 0.9716 0.2218 0.083
vn 0.9364 0.0995 0.3364
vn 0.9917 0.0881 0.0941
vn 0.9818 0.1683 0.0877
vn 0.9264 0.1807 0.3303
vn 0.9264 0.1807 0.3303
vn 0.9818 0.1683 0.0877
vn 0.9716 0.2218 0.083
vn 0.9161 0.2345 0.3253
vn 0.7119 0.1038 0.6946
vn 0.9364 0.0995 0.3364
vn 0.9264 0.1807 0.3303
vn 0.7019 0.1765 0.6901
vn 0.7019 0.1765 0.6901
vn 0.9264 0.1807 0.3303
vn 0.9161 0.2345 0.3253
vn 0.6926 0.2241 0.6857
vn 0.3571 0.1419 0.9232
vn 0.7019 0.1765 0.6901
vn 0.6926 0.2241 0.6857
vn 0.3507 0.1756 0.9199
vn 0.3656 0.0894 0.9265
vn 0.7119 0.1038 0.6946
vn 0.7019 0.1765 0.6901
vn 0.3571 0.1419 0.9232
vn 0.121 0.0727 0.99
vn 0.3656 0.0894 0.9265
vn 0.3571 0.1419 0.9232
vn 0.1154 0.1088 0.9873
vn 0.1154 0.1088 0.9873
vn 0.3571 0.1419 0.9232
vn 0.3507 0.1756 0.9199
vn 0.1117 0.1315 0.985
vn 0.0215 0.0941 0.9953
vn 0.1154 0.1088 0.9873
vn 0.1117 0.1315 0.985
vn 0.0189 0.1125 0.9935
vn 0.0257 0.0647 0.9976
vn 0.121 0.0727 0.99
vn 0.1154 0.1088 0.9873
vn 0.0215 0.0941 0.9953
vn 0.0022 0.0622 0.9981
vn 0.0257 0.0647 0.9976
vn 0.0215 0.0941 0.9953
vn -0.0016 0.0901 0.9959
vn -0.0016 0.0901 0.9959
vn 0.0215 0.0941 0.9953
vn 0.0189 0.1125 0.9935
vn -0.004 0.1074 0.9942
vn 0.0005 0.0616 0.9981
vn 0.0022 0.0622 0.9981
vn -0.0016 0.0901 0.9959
vn -0.0034 0.0896 0.996
vn -0.0034 0.0896 0.996
vn -0.0016 0.0901 0.9959
vn -0.004 0.1074 0.9942
vn -0.0058 0.1068 0.9943
vn 0.0028 0.0615 0.9981
vn 0.0005 0.0616 0.9981
vn -0.0034 0.0896 0.996
vn -0.0011 0.0899 0.996
vn -0.0011 0.0899 0.996
vn -0.0034 0.0896 0.996
vn -0.0058 0.1068 0.9943
vn -0.0036 0.1071 0.9942
vn 0.0057 0.026 0.9996
vn 0.0077 0.0255 0.9996
vn 0.0022 0.0622 0.9981
vn 0.0005 0.0616 0.9981
vn 0.0078 0.0267 0.9996
vn 0.0057 0.026 0.9996
vn 0.0005 0.0616 0.9981
vn 0.0028 0.0615 0.9981
vn 0.0155 -0.0368 0.9992
vn 0.0199 -0.0428 0.9989
vn 0.0077 0.0255 0.9996
vn 0.0057 0.026 0.9996
vn 0.017 -0.0341 0.9993
vn 0.0155 -0.0368 0.9992
vn 0.0057 0.026 0.9996
vn 0.0078 0.0267 0.9996
vn 0.0194 0.0281 0.9994
vn 0.0078 0.0267 0.9996
vn 0.0028 0.0615 0.9981
vn 0.0145 0.0625 0.9979
vn 0.0271 -0.0347 0.999
vn 0.017 -0.0341 0.9993
vn 0.0078 0.0267 0.9996
vn 0.0194 0.0281 0.9994
vn 0.0829 -0.0356 0.9959
vn 0.0271 -0.0347 0.999
vn 0.0194 0.0281 0.9994
vn 0.0745 0.0321 0.9967
vn 0.0745 0.0321 0.9967
vn 0.0194 0.0281 0.9994
vn 0.0145 0.0625 0.9979
vn 0.0694 0.0678 0.9953
vn 0.0694 0.0678 0.9953
vn 0.2927 0.0879 0.9522
vn 0.2982 0.0467 0.9534
vn 0.0745 0.0321 0.9967
vn 0.0745 0.0321 0.9967
vn 0.2982 0.0467 0.9534
vn 0.3055 -0.0298 0.9517
vn 0.0829 -0.0356 0.9959
vn 0.2927 0.0879 0.9522
vn 0.7064 0.1149 0.6984
vn 0.711 0.0694 0.6998
vn 0.2982 0.0467 0.9534
vn 0.2982 0.0467 0.9534
vn 0.711 0.0694 0.6998
vn 0.7157 -0.0126 0.6983
vn 0.3055 -0.0298 0.9517
vn 0.3071 -0.4078 0.8599
vn 0.3055 -0.0298 0.9517
vn 0.7157 -0.0126 0.6983
vn 0.6565 -0.429 0.6204
vn 0.1108 -0.3706 0.9222
vn 0.0829 -0.0356 0.9959
vn 0.3055 -0.0298 0.9517
vn 0.3071 -0.4078 0.8599
vn 0.1291 -0.6208 0.7733
vn 0.1108 -0.3706 0.9222
vn 0.3071 -0.4078 0.8599
vn 0.3091 -0.6637 0.6811
vn 0.3091 -0.6637 0.6811
vn 0.3071 -0.4078 0.8599
vn 0.6565 -0.429 0.6204
vn 0.5435 -0.6773 0.4959
vn 0.4595 -0.7885 0.4088
vn 0.3026 -0.8012 0.5162
vn 0.1938 -0.9175 0.3474
vn 0.3052 -0.9184 0.2518
vn 0.3026 -0.8012 0.5162
vn 0.1619 -0.8323 0.5301
vn 0.1343 -0.9163 0.3774
vn 0.1938 -0.9175 0.3474
vn 0.3907 -0.6717 0.6294
vn 0.2174 -0.7111 0.6686
vn 0.1619 -0.8323 0.5301
vn 0.3026 -0.8012 0.5162
vn 0.5606 -0.6514 0.5113
vn 0.3907 -0.6717 0.6294
vn 0.3026 -0.8012 0.5162
vn 0.4595 -0.7885 0.4088
vn 0.2942 -0.0938 -0.9511
vn 0.7082 -0.0353 -0.7051
vn 0.705 0.0054 -0.7092
vn 0.2906 -0.0606 -0.9549
vn 0.2964 -0.1524 -0.9428
vn 0.7103 -0.1098 -0.6953
vn 0.7082 -0.0353 -0.7051
vn 0.2942 -0.0938 -0.9511
vn 0.0727 -0.1575 -0.9848
vn 0.2964 -0.1524 -0.9428
vn 0.2942 -0.0938 -0.9511
vn 0.0701 -0.1133 -0.9911
vn 0.0701 -0.1133 -0.9911
vn 0.2942 -0.0938 -0.9511
vn 0.2906 -0.0606 -0.9549
vn 0.067 -0.087 -0.9939
vn 0.0161 -0.1499 -0.9886
vn 0.0727 -0.1575 -0.9848
vn 0.0701 -0.1133 -0.9911
vn 0.0147 -0.1159 -0.9931
vn 0.0147 -0.1159 -0.9931
vn 0.0701 -0.1133 -0.9911
vn 0.067 -0.087 -0.9939
vn 0.012 -0.0925 -0.9956
vn 0.005 -0.1419 -0.9899
vn 0.0161 -0.1499 -0.9886
vn 0.0147 -0.1159 -0.9931
vn 0.0028 -0.1152 -0.9933
vn 0.0028 -0.1152 -0.9933
vn 0.0147 -0.1159 -0.9931
vn 0.012 -0.0925 -0.9956
vn 0.0003 -0.0934 -0.9956
vn 0.0026 -0.1377 -0.9905
vn 0.005 -0.1419 -0.9899
vn 0.0028 -0.1152 -0.9933
vn 0.0004 -0.1139 -0.9935
vn 0.0004 -0.1139 -0.9935
vn 0.0028 -0.1152 -0.9933
vn 0.0003 -0.0934 -0.9956
vn -0.002 -0.0932 -0.9956
vn 0.0063 -0.1379 -0.9904
vn 0.0026 -0.1377 -0.9905
vn 0.0004 -0.1139 -0.9935
vn 0.0022 -0.1127 -0.9936
vn 0.0022 -0.1127 -0.9936
vn 0.0004 -0.1139 -0.9935
vn -0.002 -0.0932 -0.9956
vn -0.0003 -0.0925 -0.9957
vn 0.0258 -0.1115 -0.9934
vn 0.0022 -0.1127 -0.9936
vn -0.0003 -0.0925 -0.9957
vn 0.023 -0.0899 -0.9957
vn 0.0365 -0.1526 -0.9876
vn 0.0063 -0.1379 -0.9904
vn 0.0022 -0.1127 -0.9936
vn 0.0258 -0.1115 -0.9934
vn 0.142 -0.1873 -0.972
vn 0.0365 -0.1526 -0.9876
vn 0.0258 -0.1115 -0.9934
vn 0.1222 -0.1099 -0.9864
vn 0.1222 -0.1099 -0.9864
vn 0.0258 -0.1115 -0.9934
vn 0.023 -0.0899 -0.9957
vn 0.1184 -0.0808 -0.9897
vn 0.3927 -0.2395 -0.888
vn 0.142 -0.1873 -0.972
vn 0.1222 -0.1099 -0.9864
vn 0.3693 -0.1032 -0.9236
vn 0.3693 -0.1032 -0.9236
vn 0.1222 -0.1099 -0.9864
vn 0.1184 -0.0808 -0.9897
vn 0.3636 -0.0545 -0.9299
vn 0.7169 -0.2692 -0.6431
vn 0.3927 -0.2395 -0.888
vn 0.3693 -0.1032 -0.9236
vn 0.7168 -0.0788 -0.6928
vn 0.7168 -0.0788 -0.6928
vn 0.3693 -0.1032 -0.9236
vn 0.3636 -0.0545 -0.9299
vn 0.7111 -0.0043 -0.7031
vn 0.9402 -0.0419 -0.3379
vn 0.7168 -0.0788 -0.6928
vn 0.7111 -0.0043 -0.7031
vn 0.9362 0.0468 -0.3484
vn 0.9173 -0.2564 -0.3047
vn 0.7169 -0.2692 -0.6431
vn 0.7168 -0.0788 -0.6928
vn 0.9402 -0.0419 -0.3379
vn 0.9695 -0.2308 -0.0822
vn 0.9173 -0.2564 -0.3047
vn 0.9402 -0.0419 -0.3379
vn 0.9949 -0.0179 -0.0989
vn 0.9949 -0.0179 -0.0989
vn 0.9402 -0.0419 -0.3379
vn 0.9362 0.0468 -0.3484
vn 0.9916 0.0728 -0.1072
vn 0.9762 -0.2168 -0.0033
vn 0.9695 -0.2308 -0.0822
vn 0.9949 -0.0179 -0.0989
vn 0.9998 -0.0103 -0.0198
vn 0.9998 -0.0103 -0.0198
vn 0.9949 -0.0179 -0.0989
vn 0.9916 0.0728 -0.1072
vn 0.9964 0.0801 -0.0271
vn 0.9768 -0.2137 0.0156
vn 0.9762 -0.2168 -0.0033
vn 0.9998 -0.0103 -0.0198
vn 1 -0.0083 0.0004
vn 1 -0.0083 0.0004
vn 0.9998 -0.0103 -0.0198
vn 0.9964 0.0801 -0.0271
vn 0.9966 0.0817 -0.0067
vn 0.9998 -0.0069 0.0209
vn 1 -0.0083 0.0004
vn 0.9966 0.0817 -0.0067
vn 0.9964 0.0831 0.0138
vn 0.9773 -0.2089 0.0351
vn 0.9768 -0.2137 0.0156
vn 1 -0.0083 0.0004
vn 0.9998 -0.0069 0.0209
vn 0.9705 -0.2115 0.1158
vn 0.9773 -0.2089 0.0351
vn 0.9998 -0.0069 0.0209
vn 0.9949 -0.0033 0.1008
vn 0.9949 -0.0033 0.1008
vn 0.9998 -0.0069 0.0209
vn 0.9964 0.0831 0.0138
vn 0.9917 0.0881 0.0941
vn 0.916 -0.213 0.3399
vn 0.9705 -0.2115 0.1158
vn 0.9949 -0.0033 0.1008
vn 0.9399 0.0055 0.3415
vn 0.9399 0.0055 0.3415
vn 0.9949 -0.0033 0.1008
vn 0.9917 0.0881 0.0941
vn 0.9364 0.0995 0.3364
vn 0.7145 -0.193 0.6724
vn 0.916 -0.213 0.3399
vn 0.9399 0.0055 0.3415
vn 0.7171 0.0167 0.6967
vn 0.7171 0.0167 0.6967
vn 0.9399 0.0055 0.3415
vn 0.9364 0.0995 0.3364
vn 0.7119 0.1038 0.6946
vn 0.3727 0.0231 0.9277
vn 0.7171 0.0167 0.6967
vn 0.7119 0.1038 0.6946
vn 0.3656 0.0894 0.9265
vn 0.3965 -0.1474 0.9061
vn 0.7145 -0.193 0.6724
vn 0.7171 0.0167 0.6967
vn 0.3727 0.0231 0.9277
vn 0.1535 -0.0958 0.9835
vn 0.3965 -0.1474 0.9061
vn 0.3727 0.0231 0.9277
vn 0.1277 0.0249 0.9915
vn 0.1277 0.0249 0.9915
vn 0.3727 0.0231 0.9277
vn 0.3656 0.0894 0.9265
vn 0.121 0.0727 0.99
vn 0.0315 0.0252 0.9992
vn 0.1277 0.0249 0.9915
vn 0.121 0.0727 0.99
vn 0.0257 0.0647 0.9976
vn 0.0504 -0.0611 0.9969
vn 0.1535 -0.0958 0.9835
vn 0.1277 0.0249 0.9915
vn 0.0315 0.0252 0.9992
vn 0.0199 -0.0428 0.9989
vn 0.0504 -0.0611 0.9969
vn 0.0315 0.0252 0.9992
vn 0.0077 0.0255 0.9996
vn 0.0077 0.0255 0.9996
vn 0.0315 0.0252 0.9992
vn 0.0257 0.0647 0.9976
vn 0.0022 0.0622 0.9981
vn 0.0199 -0.0428 0.9989
vn 0.0776 -0.3404 0.9371
vn 0.1248 -0.4611 0.8785
vn 0.0504 -0.0611 0.9969
vn 0.0504 -0.0611 0.9969
vn 0.1248 -0.4611 0.8785
vn 0.2002 -0.5512 0.81
vn 0.1535 -0.0958 0.9835
vn 0.0776 -0.3404 0.9371
vn 0.0753 -0.4926 0.867
vn 0.148 -0.6287 0.7634
vn 0.1248 -0.4611 0.8785
vn 0.1248 -0.4611 0.8785
vn 0.148 -0.6287 0.7634
vn 0.1942 -0.7875 0.5849
vn 0.2002 -0.5512 0.81
vn 0.1535 -0.0958 0.9835
vn 0.2002 -0.5512 0.81
vn 0.3536 -0.6185 0.7017
vn 0.3965 -0.1474 0.9061
vn 0.2002 -0.5512 0.81
vn 0.1942 -0.7875 0.5849
vn 0.2498 -0.8763 0.4119
vn 0.3536 -0.6185 0.7017
vn 0.3536 -0.6185 0.7017
vn 0.2498 -0.8763 0.4119
vn 0.3077 -0.9169 0.2541
vn 0.5526 -0.6648 0.5028
vn 0.3965 -0.1474 0.9061
vn 0.3536 -0.6185 0.7017
vn 0.5526 -0.6648 0.5028
vn 0.7145 -0.193 0.6724
vn 0.7145 -0.193 0.6724
vn 0.5526 -0.6648 0.5028
vn 0.6743 -0.688 0.2684
vn 0.916 -0.213 0.3399
vn 0.5526 -0.6648 0.5028
vn 0.3077 -0.9169 0.2541
vn 0.3453 -0.9244 0.162
vn 0.6743 -0.688 0.2684
vn 0.6743 -0.688 0.2684
vn 0.3453 -0.9244 0.162
vn 0.3798 -0.9175 0.1178
vn 0.7127 -0.6894 0.1292
vn 0.916 -0.213 0.3399
vn 0.6743 -0.688 0.2684
vn 0.7127 -0.6894 0.1292
vn 0.9705 -0.2115 0.1158
vn 0.7218 -0.6895 0.0605
vn 0.7127 -0.6894 0.1292
vn 0.3798 -0.9175 0.1178
vn 0.3906 -0.9185 0.0619
vn 0.9773 -0.2089 0.0351
vn 0.9705 -0.2115 0.1158
vn 0.7127 -0.6894 0.1292
vn 0.7218 -0.6895 0.0605
vn 0.9768 -0.2137 0.0156
vn 0.9773 -0.2089 0.0351
vn 0.7218 -0.6895 0.0605
vn 0.709 -0.7034 0.05
vn 0.709 -0.7034 0.05
vn 0.7218 -0.6895 0.0605
vn 0.3906 -0.9185 0.0619
vn 0.3816 -0.922 0.0655
vn 0.9762 -0.2168 -0.0033
vn 0.9768 -0.2137 0.0156
vn 0.709 -0.7034 0.05
vn 0.7156 -0.6974 0.039
vn 0.7156 -0.6974 0.039
vn 0.709 -0.7034 0.05
vn 0.3816 -0.922 0.0655
vn 0.3833 -0.9211 0.0681
vn 0.9695 -0.2308 -0.0822
vn 0.9762 -0.2168 -0.0033
vn 0.7156 -0.6974 0.039
vn 0.704 -0.7096 -0.0287
vn 0.704 -0.7096 -0.0287
vn 0.7156 -0.6974 0.039
vn 0.3833 -0.9211 0.0681
vn 0.3677 -0.9298 0.0158
vn 0.9173 -0.2564 -0.3047
vn 0.9695 -0.2308 -0.0822
vn 0.704 -0.7096 -0.0287
vn 0.6684 -0.7239 -0.1707
vn 0.6684 -0.7239 -0.1707
vn 0.704 -0.7096 -0.0287
vn 0.3677 -0.9298 0.0158
vn 0.3321 -0.9429 -0.0244
vn 0.7169 -0.2692 -0.6431
vn 0.9173 -0.2564 -0.3047
vn 0.6684 -0.7239 -0.1707
vn 0.5502 -0.723 -0.4178
vn 0.5502 -0.723 -0.4178
vn 0.6684 -0.7239 -0.1707
vn 0.3321 -0.9429 -0.0244
vn 0.296 -0.9484 -0.1138
vn 0.3927 -0.2395 -0.888
vn 0.7169 -0.2692 -0.6431
vn 0.5502 -0.723 -0.4178
vn 0.3473 -0.6936 -0.6311
vn 0.3473 -0.6936 -0.6311
vn 0.5502 -0.723 -0.4178
vn 0.296 -0.9484 -0.1138
vn 0.2409 -0.9302 -0.2769
vn 0.142 -0.1873 -0.972
vn 0.3927 -0.2395 -0.888
vn 0.3473 -0.6936 -0.6311
vn 0.1896 -0.6348 -0.749
vn 0.1896 -0.6348 -0.749
vn 0.3473 -0.6936 -0.6311
vn 0.2409 -0.9302 -0.2769
vn 0.1861 -0.8627 -0.4702
vn 0.1119 -0.5481 -0.8289
vn 0.1896 -0.6348 -0.749
vn 0.1861 -0.8627 -0.4702
vn 0.1369 -0.7108 -0.69
vn 0.0365 -0.1526 -0.9876
vn 0.142 -0.1873 -0.972
vn 0.1896 -0.6348 -0.749
vn 0.1119 -0.5481 -0.8289
vn 0.0063 -0.1379 -0.9904
vn 0.0365 -0.1526 -0.9876
vn 0.1119 -0.5481 -0.8289
vn 0.0627 -0.4231 -0.9039
vn 0.0627 -0.4231 -0.9039
vn 0.1119 -0.5481 -0.8289
vn 0.1369 -0.7108 -0.69
vn 0.0566 -0.5668 -0.8219
vn 0.0258 -0.3566 -0.9339
vn 0.0627 -0.4231 -0.9039
vn 0.0566 -0.5668 -0.8219
vn 0.0733 -0.5678 -0.8199
vn 0.0026 -0.1377 -0.9905
vn 0.0063 -0.1379 -0.9904
vn 0.0627 -0.4231 -0.9039
vn 0.0258 -0.3566 -0.9339
vn 0.005 -0.1419 -0.9899
vn 0.0026 -0.1377 -0.9905
vn 0.0258 -0.3566 -0.9339
vn 0.0362 -0.3856 -0.922
vn 0.0362 -0.3856 -0.922
vn 0.0258 -0.3566 -0.9339
vn 0.0733 -0.5678 -0.8199
vn 0.0531 -0.5962 -0.8011
vn 0.0161 -0.1499 -0.9886
vn 0.005 -0.1419 -0.9899
vn 0.0362 -0.3856 -0.922
vn 0.0395 -0.4422 -0.8961
vn 0.0395 -0.4422 -0.8961
vn 0.0362 -0.3856 -0.922
vn 0.0531 -0.5962 -0.8011
vn 0.0508 -0.6517 -0.7568
vn 0.0727 -0.1575 -0.9848
vn 0.0161 -0.1499 -0.9886
vn 0.0395 -0.4422 -0.8961
vn 0.0982 -0.488 -0.8673
vn 0.0982 -0.488 -0.8673
vn 0.0395 -0.4422 -0.8961
vn 0.0508 -0.6517 -0.7568
vn 0.1191 -0.7345 -0.6681
vn 0.0982 -0.488 -0.8673
vn 0.1191 -0.7345 -0.6681
vn 0.2976 -0.7758 -0.5564
vn 0.2958 -0.53 -0.7947
vn 0.0727 -0.1575 -0.9848
vn 0.0982 -0.488 -0.8673
vn 0.2958 -0.53 -0.7947
vn 0.2964 -0.1524 -0.9428
vn 0.2958 -0.53 -0.7947
vn 0.2976 -0.7758 -0.5564
vn 0.517 -0.773 -0.3676
vn 0.6432 -0.5358 -0.547
vn 0.2964 -0.1524 -0.9428
vn 0.2958 -0.53 -0.7947
vn 0.6432 -0.5358 -0.547
vn 0.7103 -0.1098 -0.6953
vn 0.376 -0.7612 -0.5284
vn 0.5479 -0.724 -0.4191
vn 0.4468 -0.8451 -0.2935
vn 0.2907 -0.8722 -0.3933
vn 0.2907 -0.8722 -0.3933
vn 0.4468 -0.8451 -0.2935
vn 0.2894 -0.9504 -0.1142
vn 0.1838 -0.9614 -0.2049
vn 0.2041 -0.8042 -0.5582
vn 0.376 -0.7612 -0.5284
vn 0.2907 -0.8722 -0.3933
vn 0.1527 -0.9035 -0.4004
vn 0.1527 -0.9035 -0.4004
vn 0.2907 -0.8722 -0.3933
vn 0.1838 -0.9614 -0.2049
vn 0.1283 -0.9641 -0.2325
vn 0.2041 -0.8042 -0.5582
vn 0.1527 -0.9035 -0.4004
vn 0.1723 -0.9533 -0.2481
vn 0.1752 -0.8802 -0.4411
vn 0.1283 -0.9641 -0.2325
vn 0.1182 -0.9645 -0.2363
vn 0.1723 -0.9533 -0.2481
vn 0.1527 -0.9035 -0.4004
vn 0.2724 -0.9411 -0.2004
vn 0.1752 -0.8802 -0.4411
vn 0.1723 -0.9533 -0.2481
vn 0.2172 -0.9687 -0.1198
vn 0.1165 -0.9623 -0.246
vn 0.1229 -0.9649 -0.2323
vn 0.1723 -0.9533 -0.2481
vn 0.1182 -0.9645 -0.2363
vn 0.1241 -0.9653 -0.2296
vn 0.1453 -0.9823 -0.1184
vn 0.1723 -0.9533 -0.2481
vn 0.1229 -0.9649 -0.2323
vn 0.1655 -0.9854 -0.039
vn 0.2172 -0.9687 -0.1198
vn 0.1723 -0.9533 -0.2481
vn 0.1453 -0.9823 -0.1184
vn 0.2969 -0.9499 -0.0978
vn 0.2724 -0.9411 -0.2004
vn 0.2172 -0.9687 -0.1198
vn 0.2313 -0.9719 -0.0443
vn 0.2313 -0.9719 -0.0443
vn 0.2172 -0.9687 -0.1198
vn 0.1655 -0.9854 -0.039
vn 0.1762 -0.9844 0.0022
vn 0.3135 -0.9493 -0.0245
vn 0.2969 -0.9499 -0.0978
vn 0.2313 -0.9719 -0.0443
vn 0.2451 -0.9695 0.0037
vn 0.2451 -0.9695 0.0037
vn 0.2313 -0.9719 -0.0443
vn 0.1762 -0.9844 0.0022
vn 0.1835 -0.9826 0.0289
vn 0.3207 -0.9456 0.0542
vn 0.3135 -0.9493 -0.0245
vn 0.2451 -0.9695 0.0037
vn 0.2607 -0.9637 0.0574
vn 0.2607 -0.9637 0.0574
vn 0.2451 -0.9695 0.0037
vn 0.1835 -0.9826 0.0289
vn 0.1871 -0.9813 0.0458
vn 0.3212 -0.9326 0.1646
vn 0.3207 -0.9456 0.0542
vn 0.2607 -0.9637 0.0574
vn 0.2372 -0.9681 0.0804
vn 0.2372 -0.9681 0.0804
vn 0.2607 -0.9637 0.0574
vn 0.1871 -0.9813 0.0458
vn 0.1867 -0.9812 0.0489
vn 0.1867 -0.9812 0.0489
vn 0.1841 -0.9811 0.0592
vn 0.1955 -0.9783 0.0686
vn 0.2372 -0.9681 0.0804
vn 0.3212 -0.9326 0.1646
vn 0.2372 -0.9681 0.0804
vn 0.1955 -0.9783 0.0686
vn 0.2215 -0.9707 0.0932
vn 0.1819 -0.981 0.0669
vn 0.2215 -0.9707 0.0932
vn 0.1955 -0.9783 0.0686
vn 0.1841 -0.9811 0.0592
vn 0.3212 -0.9326 0.1646
vn 0.2215 -0.9707 0.0932
vn 0.3177 -0.946 0.0644
vn 0.3345 -0.9403 0.0625
vn 0.1819 -0.981 0.0669
vn 0.2209 -0.9746 0.038
vn 0.3177 -0.946 0.0644
vn 0.2215 -0.9707 0.0932
vn 0.3181 -0.9473 -0.0371
vn 0.3345 -0.9403 0.0625
vn 0.3177 -0.946 0.0644
vn 0.2209 -0.9746 0.038
vn 0.3181 -0.9473 -0.0371
vn 0.2209 -0.9746 0.038
vn 0.1968 -0.9782 0.0658
vn 0.2375 -0.97 0.0523
vn 0.1819 -0.981 0.0669
vn 0.1859 -0.9796 0.0763
vn 0.1968 -0.9782 0.0658
vn 0.2209 -0.9746 0.038
vn 0.1892 -0.978 0.0875
vn 0.2375 -0.97 0.0523
vn 0.1968 -0.9782 0.0658
vn 0.1859 -0.9796 0.0763
vn 0.2615 -0.9623 0.0741
vn 0.2375 -0.97 0.0523
vn 0.1892 -0.978 0.0875
vn 0.1901 -0.9776 0.0901
vn 0.3202 -0.9445 0.0738
vn 0.3181 -0.9473 -0.0371
vn 0.2375 -0.97 0.0523
vn 0.2615 -0.9623 0.0741
vn 0.3147 -0.9369 0.1522
vn 0.3202 -0.9445 0.0738
vn 0.2615 -0.9623 0.0741
vn 0.2477 -0.9603 0.1285
vn 0.2477 -0.9603 0.1285
vn 0.2615 -0.9623 0.0741
vn 0.1901 -0.9776 0.0901
vn 0.1871 -0.9765 0.1069
vn 0.2997 -0.927 0.2253
vn 0.3147 -0.9369 0.1522
vn 0.2477 -0.9603 0.1285
vn 0.2347 -0.9558 0.1774
vn 0.2347 -0.9558 0.1774
vn 0.2477 -0.9603 0.1285
vn 0.1871 -0.9765 0.1069
vn 0.1801 -0.9744 0.1348
vn 0.2775 -0.9034 0.327
vn 0.2997 -0.927 0.2253
vn 0.2347 -0.9558 0.1774
vn 0.2218 -0.9417 0.253
vn 0.2218 -0.9417 0.253
vn 0.2347 -0.9558 0.1774
vn 0.1801 -0.9744 0.1348
vn 0.1697 -0.9694 0.1775
vn 0.2775 -0.9034 0.327
vn 0.2218 -0.9417 0.253
vn 0.1783 -0.9053 0.3855
vn 0.1847 -0.806 0.5624
vn 0.1697 -0.9694 0.1775
vn 0.1499 -0.9537 0.2607
vn 0.1783 -0.9053 0.3855
vn 0.2218 -0.9417 0.253
vn 0.2174 -0.7111 0.6686
vn 0.1847 -0.806 0.5624
vn 0.1783 -0.9053 0.3855
vn 0.1619 -0.8323 0.5301
vn 0.1282 -0.9167 0.3785
vn 0.127 -0.9157 0.3812
vn 0.1783 -0.9053 0.3855
vn 0.1499 -0.9537 0.2607
vn 0.1211 -0.911 0.3942
vn 0.1231 -0.9157 0.3826
vn 0.1783 -0.9053 0.3855
vn 0.127 -0.9157 0.3812
vn 0.1343 -0.9163 0.3774
vn 0.1619 -0.8323 0.5301
vn 0.1783 -0.9053 0.3855
vn 0.1231 -0.9157 0.3826
vn 0.0534 -0.3348 0.9408
vn 0.0641 -0.5485 0.8337
vn 0.0684 -0.5012 0.8626
vn 0.0516 -0.2935 0.9546
vn 0.1108 -0.3706 0.9222
vn 0.1291 -0.6208 0.7733
vn 0.0641 -0.5485 0.8337
vn 0.0534 -0.3348 0.9408
vn 0.0829 -0.0356 0.9959
vn 0.1108 -0.3706 0.9222
vn 0.0534 -0.3348 0.9408
vn 0.0271 -0.0347 0.999
vn 0.0271 -0.0347 0.999
vn 0.0534 -0.3348 0.9408
vn 0.0516 -0.2935 0.9546
vn 0.017 -0.0341 0.9993
vn 0.0516 -0.2935 0.9546
vn 0.0684 -0.5012 0.8626
vn 0.0876 -0.4813 0.8722
vn 0.0443 -0.2783 0.9595
vn 0.017 -0.0341 0.9993
vn 0.0516 -0.2935 0.9546
vn 0.0443 -0.2783 0.9595
vn 0.0155 -0.0368 0.9992
vn 0.0443 -0.2783 0.9595
vn 0.0876 -0.4813 0.8722
vn 0.0753 -0.4926 0.867
vn 0.0776 -0.3404 0.9371
vn 0.0155 -0.0368 0.9992
vn 0.0443 -0.2783 0.9595
vn 0.0776 -0.3404 0.9371
vn 0.0199 -0.0428 0.9989
vn 0.7215 -0.4562 0.5209
vn 0.6089 -0.3466 0.7135
vn 0.7354 -0.1262 0.6658
vn 0.8351 -0.2021 0.5117
vn 0.6089 -0.3466 0.7135
vn 0.5398 -0.1928 0.8194
vn 0.6832 -0.0409 0.7291
vn 0.7354 -0.1262 0.6658
vn 0.7354 -0.1262 0.6658
vn 0.6832 -0.0409 0.7291
vn 0.787 0.1038 0.6082
vn 0.8379 0.0824 0.5395
vn 0.8351 -0.2021 0.5117
vn 0.7354 -0.1262 0.6658
vn 0.8379 0.0824 0.5395
vn 0.8956 0.0633 0.4403
vn 0.7743 -0.5079 0.3774
vn 0.7215 -0.4562 0.5209
vn 0.8351 -0.2021 0.5117
vn 0.892 -0.2408 0.3825
vn 0.892 -0.2408 0.3825
vn 0.8351 -0.2021 0.5117
vn 0.8956 0.0633 0.4403
vn 0.9367 0.0512 0.3465
vn 0.8027 -0.5308 0.2717
vn 0.7743 -0.5079 0.3774
vn 0.892 -0.2408 0.3825
vn 0.9253 -0.2573 0.2787
vn 0.9253 -0.2573 0.2787
vn 0.892 -0.2408 0.3825
vn 0.9367 0.0512 0.3465
vn 0.965 0.0427 0.2587
vn 0.8101 -0.5475 0.2099
vn 0.8027 -0.5308 0.2717
vn 0.9253 -0.2573 0.2787
vn 0.9421 -0.2696 0.1992
vn 0.9421 -0.2696 0.1992
vn 0.9253 -0.2573 0.2787
vn 0.965 0.0427 0.2587
vn 0.985 0.0356 0.1689
vn 0.8368 -0.5468 -0.0272
vn 0.8101 -0.5475 0.2099
vn 0.9421 -0.2696 0.1992
vn 0.9611 -0.2761 -0.0057
vn 0.9611 -0.2761 -0.0057
vn 0.9421 -0.2696 0.1992
vn 0.985 0.0356 0.1689
vn 0.998 0.0316 0.0552
vn 0.8676 -0.496 0.0354
vn 0.8368 -0.5468 -0.0272
vn 0.9611 -0.2761 -0.0057
vn 0.974 -0.2263 0.0104
vn 0.974 -0.2263 0.0104
vn 0.9611 -0.2761 -0.0057
vn 0.998 0.0316 0.0552
vn 0.9995 0.0314 -0.0065
vn 0.839 -0.5365 0.0901
vn 0.8676 -0.496 0.0354
vn 0.974 -0.2263 0.0104
vn 0.9619 -0.2708 0.0388
vn 0.9619 -0.2708 0.0388
vn 0.974 -0.2263 0.0104
vn 0.9995 0.0314 -0.0065
vn 0.9976 0.0206 -0.0664
vn 0.8061 -0.5758 -0.1368
vn 0.839 -0.5365 0.0901
vn 0.9619 -0.2708 0.0388
vn 0.9387 -0.3016 -0.1668
vn 0.9387 -0.3016 -0.1668
vn 0.9619 -0.2708 0.0388
vn 0.9976 0.0206 -0.0664
vn 0.9838 0.0036 -0.1794
vn 0.7973 -0.5693 -0.2003
vn 0.8061 -0.5758 -0.1368
vn 0.9387 -0.3016 -0.1668
vn 0.9208 -0.3028 -0.2459
vn 0.9208 -0.3028 -0.2459
vn 0.9387 -0.3016 -0.1668
vn 0.9838 0.0036 -0.1794
vn 0.9632 -0.0058 -0.2689
vn 0.7663 -0.5643 -0.3073
vn 0.7973 -0.5693 -0.2003
vn 0.9208 -0.3028 -0.2459
vn 0.8859 -0.3047 -0.3499
vn 0.8859 -0.3047 -0.3499
vn 0.9208 -0.3028 -0.2459
vn 0.9632 -0.0058 -0.2689
vn 0.9342 -0.0134 -0.3565
vn 0.7099 -0.5378 -0.4548
vn 0.7663 -0.5643 -0.3073
vn 0.8859 -0.3047 -0.3499
vn 0.8272 -0.2897 -0.4815
vn 0.8272 -0.2897 -0.4815
vn 0.8859 -0.3047 -0.3499
vn 0.9342 -0.0134 -0.3565
vn 0.8924 -0.0184 -0.4508
vn 0.5935 -0.4646 -0.6572
vn 0.7099 -0.5378 -0.4548
vn 0.8272 -0.2897 -0.4815
vn 0.7261 -0.2437 -0.643
vn 0.7261 -0.2437 -0.643
vn 0.8272 -0.2897 -0.4815
vn 0.8924 -0.0184 -0.4508
vn 0.8341 -0.0177 -0.5514
vn 0.5257 -0.3349 -0.782
vn 0.5935 -0.4646 -0.6572
vn 0.7261 -0.2437 -0.643
vn 0.6733 -0.1721 -0.7191
vn 0.6733 -0.1721 -0.7191
vn 0.7261 -0.2437 -0.643
vn 0.8341 -0.0177 -0.5514
vn 0.7825 -0.0091 -0.6226
vn 0.6394 -0.2297 -0.7338
vn 0.5257 -0.3349 -0.782
vn 0.6733 -0.1721 -0.7191
vn 0.6996 -0.1169 -0.7049
vn 0.6996 -0.1169 -0.7049
vn 0.6733 -0.1721 -0.7191
vn 0.7825 -0.0091 -0.6226
vn 0.7476 -0.0026 -0.6642
vn 0.7057 -0.1881 -0.6831
vn 0.6394 -0.2297 -0.7338
vn 0.6996 -0.1169 -0.7049
vn 0.707 -0.0985 -0.7003
vn 0.707 -0.0985 -0.7003
vn 0.6996 -0.1169 -0.7049
vn 0.7476 -0.0026 -0.6642
vn 0.7026 -0.0076 -0.7115
vn 0.6507 -0.0965 0.7532
vn 0.7161 -0.0645 0.695
vn 0.7153 0.0279 0.6983
vn 0.7086 0.0111 0.7055
vn 0.7086 0.0111 0.7055
vn 0.7153 0.0279 0.6983
vn 0.7076 0.1204 0.6963
vn 0.7523 0.1173 0.6483
vn 0.5398 -0.1928 0.8194
vn 0.6507 -0.0965 0.7532
vn 0.7086 0.0111 0.7055
vn 0.6832 -0.0409 0.7291
vn 0.6832 -0.0409 0.7291
vn 0.7086 0.0111 0.7055
vn 0.7523 0.1173 0.6483
vn 0.787 0.1038 0.6082
vn -0.1201 0.9887 -0.09
vn -0.1202 0.9887 -0.0899
vn -0.1205 0.9883 -0.0934
vn -0.1147 0.9894 -0.089
vn -0.1201 0.9887 -0.09
vn -0.1205 0.9883 -0.0934
vn -0.1178 0.9888 -0.092
vn -0.1087 0.9908 -0.081
vn -0.1136 0.99 -0.0834
vn -0.1147 0.9894 -0.089
vn -0.1108 0.9903 -0.0838
vn -0.1108 0.9903 -0.0838
vn -0.1147 0.9894 -0.089
vn -0.1178 0.9888 -0.092
vn -0.1143 0.9896 -0.0867
vn -0.1075 0.9913 -0.0764
vn -0.1087 0.9908 -0.081
vn -0.1108 0.9903 -0.0838
vn -0.1088 0.9911 -0.0764
vn -0.1088 0.9911 -0.0764
vn -0.1108 0.9903 -0.0838
vn -0.1143 0.9896 -0.0867
vn -0.1127 0.9907 -0.0763
vn -0.1075 0.9913 -0.0764
vn -0.1088 0.9911 -0.0764
vn -0.1108 0.9915 -0.0688
vn -0.1087 0.9915 -0.0717
vn -0.1088 0.9911 -0.0764
vn -0.1127 0.9907 -0.0763
vn -0.1143 0.9913 -0.0659
vn -0.1108 0.9915 -0.0688
vn -0.1108 0.9915 -0.0688
vn -0.1143 0.9913 -0.0659
vn -0.1177 0.9912 -0.0606
vn -0.1147 0.9914 -0.0636
vn -0.1087 0.9915 -0.0717
vn -0.1108 0.9915 -0.0688
vn -0.1147 0.9914 -0.0636
vn -0.1136 0.9911 -0.0692
vn -0.1127 0.9907 -0.0763
vn -0.1213 0.9897 -0.0762
vn -0.1221 0.9905 -0.0639
vn -0.1143 0.9913 -0.0659
vn -0.1143 0.9913 -0.0659
vn -0.1221 0.9905 -0.0639
vn -0.1238 0.9906 -0.0584
vn -0.1177 0.9912 -0.0606
vn -0.1213 0.9897 -0.0762
vn -0.1336 0.9881 -0.0761
vn -0.1339 0.989 -0.0626
vn -0.1221 0.9905 -0.0639
vn -0.1221 0.9905 -0.0639
vn -0.1339 0.989 -0.0626
vn -0.1341 0.9893 -0.0571
vn -0.1238 0.9906 -0.0584
vn -0.1339 0.989 -0.0626
vn -0.1336 0.9881 -0.0761
vn -0.1476 0.9861 -0.0759
vn -0.1474 0.9871 -0.0621
vn -0.1341 0.9893 -0.0571
vn -0.1339 0.989 -0.0626
vn -0.1474 0.9871 -0.0621
vn -0.1465 0.9876 -0.0568
vn -0.1474 0.9871 -0.0621
vn -0.1476 0.9861 -0.0759
vn -0.1633 0.9837 -0.0757
vn -0.1628 0.9847 -0.0623
vn -0.1465 0.9876 -0.0568
vn -0.1474 0.9871 -0.0621
vn -0.1628 0.9847 -0.0623
vn -0.1615 0.9852 -0.0575
vn -0.1336 0.9894 -0.0574
vn -0.1341 0.9893 -0.0571
vn -0.1465 0.9876 -0.0568
vn -0.1448 0.9878 -0.0575
vn -0.1448 0.9878 -0.0575
vn -0.1465 0.9876 -0.0568
vn -0.1615 0.9852 -0.0575
vn -0.1598 0.9854 -0.0584
vn -0.1326 0.989 -0.0647
vn -0.1336 0.9894 -0.0574
vn -0.1448 0.9878 -0.0575
vn -0.1433 0.9875 -0.0648
vn -0.1433 0.9875 -0.0648
vn -0.1448 0.9878 -0.0575
vn -0.1598 0.9854 -0.0584
vn -0.1586 0.9852 -0.0652
vn -0.1433 0.9875 -0.0648
vn -0.1586 0.9852 -0.0652
vn -0.1581 0.9782 -0.1343
vn -0.1416 0.9807 -0.135
vn -0.1326 0.989 -0.0647
vn -0.1433 0.9875 -0.0648
vn -0.1416 0.9807 -0.135
vn -0.1262 0.9831 -0.1324
vn -0.1416 0.9807 -0.135
vn -0.1581 0.9782 -0.1343
vn -0.1557 0.9389 -0.3071
vn -0.137 0.9413 -0.3085
vn -0.1262 0.9831 -0.1324
vn -0.1416 0.9807 -0.135
vn -0.137 0.9413 -0.3085
vn -0.1102 0.9468 -0.3022
vn -0.1231 0.8386 -0.5307
vn -0.0842 0.8477 -0.5238
vn -0.1102 0.9468 -0.3022
vn -0.137 0.9413 -0.3085
vn -0.1431 0.8366 -0.5288
vn -0.1231 0.8386 -0.5307
vn -0.137 0.9413 -0.3085
vn -0.1557 0.9389 -0.3071
vn -0.0945 0.6375 -0.7646
vn -0.0446 0.6508 -0.758
vn -0.0842 0.8477 -0.5238
vn -0.1231 0.8386 -0.5307
vn -0.1142 0.6358 -0.7634
vn -0.0945 0.6375 -0.7646
vn -0.1231 0.8386 -0.5307
vn -0.1431 0.8366 -0.5288
vn -0.1275 0.636 -0.7611
vn -0.1142 0.6358 -0.7634
vn -0.1431 0.8366 -0.5288
vn -0.1592 0.8353 -0.5262
vn -0.1592 0.8353 -0.5262
vn -0.1431 0.8366 -0.5288
vn -0.1557 0.9389 -0.3071
vn -0.1731 0.9365 -0.305
vn -0.1357 0.6373 -0.7585
vn -0.1275 0.636 -0.7611
vn -0.1592 0.8353 -0.5262
vn -0.1706 0.8347 -0.5237
vn -0.1706 0.8347 -0.5237
vn -0.1592 0.8353 -0.5262
vn -0.1731 0.9365 -0.305
vn -0.1864 0.9345 -0.3031
vn -0.1269 0.6392 -0.7585
vn -0.1357 0.6373 -0.7585
vn -0.1706 0.8347 -0.5237
vn -0.1698 0.8349 -0.5236
vn -0.1698 0.8349 -0.5236
vn -0.1706 0.8347 -0.5237
vn -0.1864 0.9345 -0.3031
vn -0.1915 0.9333 -0.3037
vn -0.0665 0.6456 -0.7608
vn -0.1269 0.6392 -0.7585
vn -0.1698 0.8349 -0.5236
vn -0.1358 0.8388 -0.5272
vn -0.1358 0.8388 -0.5272
vn -0.1698 0.8349 -0.5236
vn -0.1915 0.9333 -0.3037
vn -0.1786 0.934 -0.3095
vn 0.1062 0.6788 -0.7266
vn -0.0665 0.6456 -0.7608
vn -0.1358 0.8388 -0.5272
vn -0.0273 0.8617 -0.5066
vn -0.0273 0.8617 -0.5066
vn -0.1358 0.8388 -0.5272
vn -0.1786 0.934 -0.3095
vn -0.1239 0.9435 -0.3072
vn 0.3639 0.7413 -0.564
vn 0.1062 0.6788 -0.7266
vn -0.0273 0.8617 -0.5066
vn 0.1419 0.9068 -0.397
vn 0.1419 0.9068 -0.397
vn -0.0273 0.8617 -0.5066
vn -0.1239 0.9435 -0.3072
vn -0.029 0.9677 -0.2504
vn 0.257 0.94 -0.2243
vn 0.1419 0.9068 -0.397
vn -0.029 0.9677 -0.2504
vn 0.0338 0.9875 -0.1542
vn 0.538 0.7862 -0.3039
vn 0.3639 0.7413 -0.564
vn 0.1419 0.9068 -0.397
vn 0.257 0.94 -0.2243
vn 0.5756 0.8072 -0.1307
vn 0.538 0.7862 -0.3039
vn 0.257 0.94 -0.2243
vn 0.2778 0.9538 -0.1144
vn 0.2778 0.9538 -0.1144
vn 0.257 0.94 -0.2243
vn 0.0338 0.9875 -0.1542
vn 0.0408 0.9945 -0.0965
vn 0.0408 0.9945 -0.0965
vn 0.0352 0.9961 -0.0805
vn 0.2704 0.9593 -0.082
vn 0.2778 0.9538 -0.1144
vn 0.2778 0.9538 -0.1144
vn 0.2704 0.9593 -0.082
vn 0.5698 0.8182 -0.077
vn 0.5756 0.8072 -0.1307
vn 0.0352 0.9961 -0.0805
vn 0.033 0.9965 -0.077
vn 0.2675 0.9607 -0.0746
vn 0.2704 0.9593 -0.082
vn 0.2704 0.9593 -0.082
vn 0.2675 0.9607 -0.0746
vn 0.5671 0.8212 -0.0641
vn 0.5698 0.8182 -0.077
vn 0.033 0.9965 -0.077
vn 0.0358 0.9966 -0.0736
vn 0.2714 0.9601 -0.067
vn 0.2675 0.9607 -0.0746
vn 0.2675 0.9607 -0.0746
vn 0.2714 0.9601 -0.067
vn 0.5714 0.8191 -0.0508
vn 0.5671 0.8212 -0.0641
vn 0.0358 0.9966 -0.0736
vn 0.0418 0.9975 -0.0574
vn 0.28 0.9594 -0.0339
vn 0.2714 0.9601 -0.067
vn 0.2714 0.9601 -0.067
vn 0.28 0.9594 -0.0339
vn 0.5786 0.8156 0.0043
vn 0.5714 0.8191 -0.0508
vn 0.5714 0.8191 -0.0508
vn 0.5786 0.8156 0.0043
vn 0.8135 0.5799 0.0433
vn 0.8121 0.5828 -0.0283
vn 0.5671 0.8212 -0.0641
vn 0.5714 0.8191 -0.0508
vn 0.8121 0.5828 -0.0283
vn 0.8097 0.5851 -0.0461
vn 0.8121 0.5828 -0.0283
vn 0.8135 0.5799 0.0433
vn 0.9273 0.368 0.0686
vn 0.93 0.3675 -0.0097
vn 0.8097 0.5851 -0.0461
vn 0.8121 0.5828 -0.0283
vn 0.93 0.3675 -0.0097
vn 0.9291 0.3687 -0.0295
vn 0.8135 0.5799 0.0433
vn 0.7627 0.5907 0.2635
vn 0.8723 0.3806 0.3071
vn 0.9273 0.368 0.0686
vn 0.5786 0.8156 0.0043
vn 0.5421 0.821 0.1794
vn 0.7627 0.5907 0.2635
vn 0.8135 0.5799 0.0433
vn 0.5421 0.821 0.1794
vn 0.3681 0.8164 0.4449
vn 0.5498 0.5917 0.5896
vn 0.7627 0.5907 0.2635
vn 0.7627 0.5907 0.2635
vn 0.5498 0.5917 0.5896
vn 0.6473 0.3825 0.6593
vn 0.8723 0.3806 0.3071
vn 0.5498 0.5917 0.5896
vn 0.2313 0.5561 0.7983
vn 0.3056 0.3513 0.885
vn 0.6473 0.3825 0.6593
vn 0.3681 0.8164 0.4449
vn 0.1096 0.7802 0.6159
vn 0.2313 0.5561 0.7983
vn 0.5498 0.5917 0.5896
vn 0.1096 0.7802 0.6159
vn -0.0638 0.7531 0.6548
vn 0.0126 0.5262 0.8503
vn 0.2313 0.5561 0.7983
vn 0.2313 0.5561 0.7983
vn 0.0126 0.5262 0.8503
vn 0.0684 0.3228 0.944
vn 0.3056 0.3513 0.885
vn -0.0638 0.7531 0.6548
vn -0.1245 0.7467 0.6534
vn -0.0684 0.5171 0.8532
vn 0.0126 0.5262 0.8503
vn 0.0126 0.5262 0.8503
vn -0.0684 0.5171 0.8532
vn -0.0221 0.3122 0.9498
vn 0.0684 0.3228 0.944
vn -0.1245 0.7467 0.6534
vn -0.1334 0.7449 0.6536
vn -0.0846 0.5133 0.854
vn -0.0684 0.5171 0.8532
vn -0.0684 0.5171 0.8532
vn -0.0846 0.5133 0.854
vn -0.0427 0.3078 0.9505
vn -0.0221 0.3122 0.9498
vn -0.1334 0.7449 0.6536
vn -0.1253 0.744 0.6563
vn -0.0804 0.5107 0.856
vn -0.0846 0.5133 0.854
vn -0.0846 0.5133 0.854
vn -0.0804 0.5107 0.856
vn -0.0417 0.305 0.9514
vn -0.0427 0.3078 0.9505
vn -0.1253 0.744 0.6563
vn -0.1121 0.7441 0.6586
vn -0.0713 0.5095 0.8575
vn -0.0804 0.5107 0.856
vn -0.0804 0.5107 0.856
vn -0.0713 0.5095 0.8575
vn -0.0363 0.3043 0.9519
vn -0.0417 0.305 0.9514
vn -0.1121 0.7441 0.6586
vn -0.0924 0.7461 0.6594
vn -0.0541 0.5109 0.8579
vn -0.0713 0.5095 0.8575
vn -0.0713 0.5095 0.8575
vn -0.0541 0.5109 0.8579
vn -0.0221 0.3055 0.9519
vn -0.0363 0.3043 0.9519
vn -0.0924 0.7461 0.6594
vn -0.0426 0.7581 0.6508
vn 0.0005 0.5244 0.8515
vn -0.0541 0.5109 0.8579
vn -0.0541 0.5109 0.8579
vn 0.0005 0.5244 0.8515
vn 0.0326 0.3167 0.948
vn -0.0221 0.3055 0.9519
vn 0.0326 0.3167 0.948
vn 0.0005 0.5244 0.8515
vn 0.1939 0.584 0.7882
vn 0.2449 0.366 0.8978
vn 0.0005 0.5244 0.8515
vn -0.0426 0.7581 0.6508
vn 0.1113 0.8082 0.5782
vn 0.1939 0.584 0.7882
vn 0.1939 0.584 0.7882
vn 0.1113 0.8082 0.5782
vn 0.3592 0.8528 0.3791
vn 0.535 0.6443 0.5465
vn 0.2449 0.366 0.8978
vn 0.1939 0.584 0.7882
vn 0.535 0.6443 0.5465
vn 0.6398 0.4207 0.6432
vn -0.1048 0.9939 -0.0343
vn -0.1239 0.9884 -0.0881
vn -0.1202 0.9887 -0.0899
vn -0.0846 0.9949 -0.0548
vn -0.0539 0.9921 0.1133
vn -0.1048 0.9939 -0.0343
vn -0.0846 0.9949 -0.0548
vn 0.0171 0.9988 0.0457
vn -0.126 0.9918 -0.0194
vn -0.1327 0.9873 -0.0874
vn -0.1239 0.9884 -0.0881
vn -0.1048 0.9939 -0.0343
vn -0.1095 0.9819 0.1546
vn -0.126 0.9918 -0.0194
vn -0.1048 0.9939 -0.0343
vn -0.0539 0.9921 0.1133
vn -0.1095 0.9819 0.1546
vn -0.0539 0.9921 0.1133
vn 0.019 0.9448 0.3271
vn -0.0828 0.9174 0.3892
vn -0.0539 0.9921 0.1133
vn 0.0171 0.9988 0.0457
vn 0.1688 0.9663 0.1946
vn 0.019 0.9448 0.3271
vn 0.019 0.9448 0.3271
vn 0.1688 0.9663 0.1946
vn 0.3592 0.8528 0.3791
vn 0.1113 0.8082 0.5782
vn -0.0828 0.9174 0.3892
vn 0.019 0.9448 0.3271
vn 0.1113 0.8082 0.5782
vn -0.0426 0.7581 0.6508
vn -0.1218 0.9095 0.3975
vn -0.0828 0.9174 0.3892
vn -0.0426 0.7581 0.6508
vn -0.0924 0.7461 0.6594
vn -0.1363 0.9774 0.1617
vn -0.1095 0.9819 0.1546
vn -0.0828 0.9174 0.3892
vn -0.1218 0.9095 0.3975
vn -0.155 0.9748 0.1606
vn -0.1363 0.9774 0.1617
vn -0.1218 0.9095 0.3975
vn -0.1418 0.9072 0.396
vn -0.1418 0.9072 0.396
vn -0.1218 0.9095 0.3975
vn -0.0924 0.7461 0.6594
vn -0.1121 0.7441 0.6586
vn -0.1724 0.9721 0.1589
vn -0.155 0.9748 0.1606
vn -0.1418 0.9072 0.396
vn -0.1578 0.9056 0.3936
vn -0.1578 0.9056 0.3936
vn -0.1418 0.9072 0.396
vn -0.1121 0.7441 0.6586
vn -0.1253 0.744 0.6563
vn -0.1857 0.9699 0.1574
vn -0.1724 0.9721 0.1589
vn -0.1578 0.9056 0.3936
vn -0.1692 0.9046 0.3912
vn -0.1692 0.9046 0.3912
vn -0.1578 0.9056 0.3936
vn -0.1253 0.744 0.6563
vn -0.1334 0.7449 0.6536
vn -0.1908 0.9688 0.1582
vn -0.1857 0.9699 0.1574
vn -0.1692 0.9046 0.3912
vn -0.1683 0.9048 0.3911
vn -0.1683 0.9048 0.3911
vn -0.1692 0.9046 0.3912
vn -0.1334 0.7449 0.6536
vn -0.1245 0.7467 0.6534
vn -0.1778 0.9704 0.1637
vn -0.1908 0.9688 0.1582
vn -0.1683 0.9048 0.3911
vn -0.1341 0.9092 0.3941
vn -0.1341 0.9092 0.3941
vn -0.1683 0.9048 0.3911
vn -0.1245 0.7467 0.6534
vn -0.0638 0.7531 0.6548
vn -0.1227 0.9794 0.1604
vn -0.1778 0.9704 0.1637
vn -0.1341 0.9092 0.3941
vn -0.0251 0.9286 0.3703
vn -0.0251 0.9286 0.3703
vn -0.1341 0.9092 0.3941
vn -0.0638 0.7531 0.6548
vn 0.1096 0.7802 0.6159
vn -0.0274 0.9946 0.0998
vn -0.1227 0.9794 0.1604
vn -0.0251 0.9286 0.3703
vn 0.1449 0.9562 0.2544
vn 0.1449 0.9562 0.2544
vn -0.0251 0.9286 0.3703
vn 0.1096 0.7802 0.6159
vn 0.3681 0.8164 0.4449
vn 0.26 0.9625 0.0775
vn 0.1449 0.9562 0.2544
vn 0.3681 0.8164 0.4449
vn 0.5421 0.821 0.1794
vn 0.0355 0.9994 0.0011
vn -0.0274 0.9946 0.0998
vn 0.1449 0.9562 0.2544
vn 0.26 0.9625 0.0775
vn 0.0418 0.9975 -0.0574
vn 0.0355 0.9994 0.0011
vn 0.26 0.9625 0.0775
vn 0.28 0.9594 -0.0339
vn 0.28 0.9594 -0.0339
vn 0.26 0.9625 0.0775
vn 0.5421 0.821 0.1794
vn 0.5786 0.8156 0.0043
vn 0.0355 0.9994 0.0011
vn 0.0418 0.9975 -0.0574
vn -0.1309 0.9889 -0.0708
vn -0.1276 0.9905 -0.0517
vn -0.0274 0.9946 0.0998
vn 0.0355 0.9994 0.0011
vn -0.1276 0.9905 -0.0517
vn -0.1481 0.9889 -0.0139
vn -0.1276 0.9905 -0.0517
vn -0.1309 0.9889 -0.0708
vn -0.2103 0.9747 -0.0754
vn -0.2073 0.9755 -0.074
vn -0.1481 0.9889 -0.0139
vn -0.1276 0.9905 -0.0517
vn -0.2073 0.9755 -0.074
vn -0.2058 0.9762 -0.0688
vn -0.1849 0.9828 -0.0004
vn -0.1481 0.9889 -0.0139
vn -0.2058 0.9762 -0.0688
vn -0.2099 0.9751 -0.0718
vn -0.1227 0.9794 0.1604
vn -0.0274 0.9946 0.0998
vn -0.1481 0.9889 -0.0139
vn -0.1849 0.9828 -0.0004
vn -0.1778 0.9704 0.1637
vn -0.1227 0.9794 0.1604
vn -0.1849 0.9828 -0.0004
vn -0.2 0.9798 -0.0088
vn -0.2 0.9798 -0.0088
vn -0.1849 0.9828 -0.0004
vn -0.2099 0.9751 -0.0718
vn -0.2072 0.9753 -0.0763
vn -0.1908 0.9688 0.1582
vn -0.1778 0.9704 0.1637
vn -0.2 0.9798 -0.0088
vn -0.1994 0.9798 -0.0146
vn -0.1994 0.9798 -0.0146
vn -0.2 0.9798 -0.0088
vn -0.2072 0.9753 -0.0763
vn -0.202 0.9761 -0.0805
vn -0.1857 0.9699 0.1574
vn -0.1908 0.9688 0.1582
vn -0.1994 0.9798 -0.0146
vn -0.1906 0.9815 -0.0167
vn -0.1906 0.9815 -0.0167
vn -0.1994 0.9798 -0.0146
vn -0.202 0.9761 -0.0805
vn -0.1917 0.9779 -0.0837
vn -0.1724 0.9721 0.1589
vn -0.1857 0.9699 0.1574
vn -0.1906 0.9815 -0.0167
vn -0.176 0.9843 -0.017
vn -0.176 0.9843 -0.017
vn -0.1906 0.9815 -0.0167
vn -0.1917 0.9779 -0.0837
vn -0.1764 0.9806 -0.0853
vn -0.155 0.9748 0.1606
vn -0.1724 0.9721 0.1589
vn -0.176 0.9843 -0.017
vn -0.1579 0.9873 -0.0167
vn -0.1579 0.9873 -0.0167
vn -0.176 0.9843 -0.017
vn -0.1764 0.9806 -0.0853
vn -0.1587 0.9836 -0.0862
vn -0.1363 0.9774 0.1617
vn -0.155 0.9748 0.1606
vn -0.1579 0.9873 -0.0167
vn -0.1414 0.9898 -0.0164
vn -0.1414 0.9898 -0.0164
vn -0.1579 0.9873 -0.0167
vn -0.1587 0.9836 -0.0862
vn -0.1434 0.9858 -0.0871
vn -0.1095 0.9819 0.1546
vn -0.1363 0.9774 0.1617
vn -0.1414 0.9898 -0.0164
vn -0.126 0.9918 -0.0194
vn -0.126 0.9918 -0.0194
vn -0.1414 0.9898 -0.0164
vn -0.1434 0.9858 -0.0871
vn -0.1327 0.9873 -0.0874
vn -0.1337 0.9865 -0.0947
vn -0.1327 0.9873 -0.0874
vn -0.1434 0.9858 -0.0871
vn -0.1449 0.9849 -0.0943
vn -0.1449 0.9849 -0.0943
vn -0.1434 0.9858 -0.0871
vn -0.1587 0.9836 -0.0862
vn -0.1599 0.9827 -0.093
vn -0.1341 0.9864 -0.095
vn -0.1337 0.9865 -0.0947
vn -0.1449 0.9849 -0.0943
vn -0.1465 0.9846 -0.095
vn -0.1465 0.9846 -0.095
vn -0.1449 0.9849 -0.0943
vn -0.1599 0.9827 -0.093
vn -0.1615 0.9824 -0.0939
vn -0.1339 0.9869 -0.0895
vn -0.1341 0.9864 -0.095
vn -0.1465 0.9846 -0.095
vn -0.1474 0.985 -0.0897
vn -0.1474 0.985 -0.0897
vn -0.1465 0.9846 -0.095
vn -0.1615 0.9824 -0.0939
vn -0.1629 0.9826 -0.0891
vn -0.1336 0.9881 -0.0761
vn -0.1339 0.9869 -0.0895
vn -0.1474 0.985 -0.0897
vn -0.1476 0.9861 -0.0759
vn -0.1476 0.9861 -0.0759
vn -0.1474 0.985 -0.0897
vn -0.1629 0.9826 -0.0891
vn -0.1633 0.9837 -0.0757
vn -0.1629 0.9826 -0.0891
vn -0.1615 0.9824 -0.0939
vn -0.1785 0.9796 -0.0921
vn -0.1801 0.9797 -0.0876
vn -0.1633 0.9837 -0.0757
vn -0.1629 0.9826 -0.0891
vn -0.1801 0.9797 -0.0876
vn -0.1808 0.9806 -0.0755
vn -0.1801 0.9797 -0.0876
vn -0.1785 0.9796 -0.0921
vn -0.1957 0.9766 -0.0892
vn -0.1983 0.9764 -0.0851
vn -0.1808 0.9806 -0.0755
vn -0.1801 0.9797 -0.0876
vn -0.1983 0.9764 -0.0851
vn -0.1995 0.977 -0.0752
vn -0.1628 0.9847 -0.0623
vn -0.1633 0.9837 -0.0757
vn -0.1808 0.9806 -0.0755
vn -0.1801 0.9816 -0.0633
vn -0.1801 0.9816 -0.0633
vn -0.1808 0.9806 -0.0755
vn -0.1995 0.977 -0.0752
vn -0.1983 0.978 -0.0652
vn -0.1615 0.9852 -0.0575
vn -0.1628 0.9847 -0.0623
vn -0.1801 0.9816 -0.0633
vn -0.1785 0.9822 -0.0588
vn -0.1785 0.9822 -0.0588
vn -0.1801 0.9816 -0.0633
vn -0.1983 0.978 -0.0652
vn -0.1956 0.9788 -0.0612
vn -0.1598 0.9854 -0.0584
vn -0.1615 0.9852 -0.0575
vn -0.1785 0.9822 -0.0588
vn -0.1771 0.9824 -0.0595
vn -0.1771 0.9824 -0.0595
vn -0.1785 0.9822 -0.0588
vn -0.1956 0.9788 -0.0612
vn -0.1931 0.9793 -0.0613
vn -0.1586 0.9852 -0.0652
vn -0.1598 0.9854 -0.0584
vn -0.1771 0.9824 -0.0595
vn -0.1764 0.9821 -0.0657
vn -0.1764 0.9821 -0.0657
vn -0.1771 0.9824 -0.0595
vn -0.1931 0.9793 -0.0613
vn -0.1916 0.9792 -0.0668
vn -0.1764 0.9821 -0.0657
vn -0.1916 0.9792 -0.0668
vn -0.1907 0.9725 -0.1333
vn -0.1761 0.9753 -0.1336
vn -0.1586 0.9852 -0.0652
vn -0.1764 0.9821 -0.0657
vn -0.1761 0.9753 -0.1336
vn -0.1581 0.9782 -0.1343
vn -0.1761 0.9753 -0.1336
vn -0.1907 0.9725 -0.1333
vn -0.1864 0.9345 -0.3031
vn -0.1731 0.9365 -0.305
vn -0.1581 0.9782 -0.1343
vn -0.1761 0.9753 -0.1336
vn -0.1731 0.9365 -0.305
vn -0.1557 0.9389 -0.3071
vn -0.1916 0.9792 -0.0668
vn -0.202 0.9769 -0.0697
vn -0.1995 0.9705 -0.1352
vn -0.1907 0.9725 -0.1333
vn -0.1907 0.9725 -0.1333
vn -0.1995 0.9705 -0.1352
vn -0.1915 0.9333 -0.3037
vn -0.1864 0.9345 -0.3031
vn -0.202 0.9769 -0.0697
vn -0.2071 0.9755 -0.0737
vn -0.2002 0.9696 -0.141
vn -0.1995 0.9705 -0.1352
vn -0.1995 0.9705 -0.1352
vn -0.2002 0.9696 -0.141
vn -0.1786 0.934 -0.3095
vn -0.1915 0.9333 -0.3037
vn -0.2071 0.9755 -0.0737
vn -0.2099 0.9746 -0.078
vn -0.1852 0.9713 -0.1496
vn -0.2002 0.9696 -0.141
vn -0.2002 0.9696 -0.141
vn -0.1852 0.9713 -0.1496
vn -0.1239 0.9435 -0.3072
vn -0.1786 0.934 -0.3095
vn -0.2099 0.9746 -0.078
vn -0.206 0.9752 -0.0811
vn -0.1485 0.9793 -0.1374
vn -0.1852 0.9713 -0.1496
vn -0.1852 0.9713 -0.1496
vn -0.1485 0.9793 -0.1374
vn -0.029 0.9677 -0.2504
vn -0.1239 0.9435 -0.3072
vn -0.1485 0.9793 -0.1374
vn -0.1282 0.9866 -0.1005
vn 0.0338 0.9875 -0.1542
vn -0.029 0.9677 -0.2504
vn -0.206 0.9752 -0.0811
vn -0.2072 0.9753 -0.0759
vn -0.1282 0.9866 -0.1005
vn -0.1485 0.9793 -0.1374
vn -0.2072 0.9753 -0.0759
vn -0.2102 0.9748 -0.0745
vn -0.1309 0.988 -0.0815
vn -0.1282 0.9866 -0.1005
vn -0.1282 0.9866 -0.1005
vn -0.1309 0.988 -0.0815
vn 0.0408 0.9945 -0.0965
vn 0.0338 0.9875 -0.1542
vn 0.0352 0.9961 -0.0805
vn 0.0408 0.9945 -0.0965
vn -0.1309 0.988 -0.0815
vn -0.1348 0.9879 -0.0768
vn -0.1348 0.9879 -0.0768
vn -0.1309 0.988 -0.0815
vn -0.2102 0.9748 -0.0745
vn -0.2129 0.9742 -0.0744
vn 0.033 0.9965 -0.077
vn 0.0352 0.9961 -0.0805
vn -0.1348 0.9879 -0.0768
vn -0.1359 0.9878 -0.0761
vn -0.1359 0.9878 -0.0761
vn -0.1348 0.9879 -0.0768
vn -0.2129 0.9742 -0.0744
vn -0.2142 0.9739 -0.0749
vn 0.0358 0.9966 -0.0736
vn 0.033 0.9965 -0.077
vn -0.1359 0.9878 -0.0761
vn -0.1344 0.9881 -0.0754
vn -0.1344 0.9881 -0.0754
vn -0.1359 0.9878 -0.0761
vn -0.2142 0.9739 -0.0749
vn -0.2128 0.9742 -0.0755
vn 0.0418 0.9975 -0.0574
vn 0.0358 0.9966 -0.0736
vn -0.1344 0.9881 -0.0754
vn -0.1309 0.9889 -0.0708
vn -0.1309 0.9889 -0.0708
vn -0.1344 0.9881 -0.0754
vn -0.2128 0.9742 -0.0755
vn -0.2103 0.9747 -0.0754
vn -0.2239 0.9717 -0.0747
vn -0.2222 0.972 -0.0761
vn -0.2128 0.9742 -0.0755
vn -0.2142 0.9739 -0.0749
vn -0.2222 0.972 -0.0761
vn -0.2182 0.9729 -0.077
vn -0.2103 0.9747 -0.0754
vn -0.2128 0.9742 -0.0755
vn -0.2199 0.9724 -0.0781
vn -0.2154 0.9732 -0.08
vn -0.2182 0.9729 -0.077
vn -0.2222 0.972 -0.0761
vn -0.2218 0.9722 -0.0748
vn -0.2199 0.9724 -0.0781
vn -0.2222 0.972 -0.0761
vn -0.2239 0.9717 -0.0747
vn -0.2199 0.9729 -0.0715
vn -0.2218 0.9722 -0.0748
vn -0.2239 0.9717 -0.0747
vn -0.2221 0.9722 -0.0734
vn -0.2221 0.9722 -0.0734
vn -0.2239 0.9717 -0.0747
vn -0.2142 0.9739 -0.0749
vn -0.2129 0.9742 -0.0744
vn -0.2154 0.974 -0.0698
vn -0.2199 0.9729 -0.0715
vn -0.2221 0.9722 -0.0734
vn -0.2181 0.9732 -0.0727
vn -0.2181 0.9732 -0.0727
vn -0.2221 0.9722 -0.0734
vn -0.2129 0.9742 -0.0744
vn -0.2102 0.9748 -0.0745
vn -0.2106 0.9751 -0.0693
vn -0.2154 0.974 -0.0698
vn -0.2181 0.9732 -0.0727
vn -0.2141 0.9741 -0.0724
vn -0.2141 0.9741 -0.0724
vn -0.2181 0.9732 -0.0727
vn -0.2102 0.9748 -0.0745
vn -0.2072 0.9753 -0.0759
vn -0.2071 0.9755 -0.0737
vn -0.2106 0.9751 -0.0693
vn -0.2141 0.9741 -0.0724
vn -0.2099 0.9746 -0.078
vn -0.2099 0.9746 -0.078
vn -0.2141 0.9741 -0.0724
vn -0.2072 0.9753 -0.0759
vn -0.206 0.9752 -0.0811
vn -0.2048 0.9767 -0.0649
vn -0.2088 0.9758 -0.0653
vn -0.2154 0.974 -0.0698
vn -0.2106 0.9751 -0.0693
vn -0.202 0.9769 -0.0697
vn -0.2048 0.9767 -0.0649
vn -0.2106 0.9751 -0.0693
vn -0.2071 0.9755 -0.0737
vn -0.1931 0.9793 -0.0613
vn -0.1956 0.9788 -0.0612
vn -0.2088 0.9758 -0.0653
vn -0.2048 0.9767 -0.0649
vn -0.1916 0.9792 -0.0668
vn -0.1931 0.9793 -0.0613
vn -0.2048 0.9767 -0.0649
vn -0.202 0.9769 -0.0697
vn -0.1956 0.9788 -0.0612
vn -0.1983 0.978 -0.0652
vn -0.2129 0.9747 -0.0683
vn -0.2088 0.9758 -0.0653
vn -0.2088 0.9758 -0.0653
vn -0.2129 0.9747 -0.0683
vn -0.2199 0.9729 -0.0715
vn -0.2154 0.974 -0.0698
vn -0.1983 0.978 -0.0652
vn -0.1995 0.977 -0.0752
vn -0.2146 0.9738 -0.0749
vn -0.2129 0.9747 -0.0683
vn -0.2129 0.9747 -0.0683
vn -0.2146 0.9738 -0.0749
vn -0.2218 0.9722 -0.0748
vn -0.2199 0.9729 -0.0715
vn -0.1995 0.977 -0.0752
vn -0.1983 0.9764 -0.0851
vn -0.2129 0.9737 -0.0816
vn -0.2146 0.9738 -0.0749
vn -0.2146 0.9738 -0.0749
vn -0.2129 0.9737 -0.0816
vn -0.2199 0.9724 -0.0781
vn -0.2218 0.9722 -0.0748
vn -0.1983 0.9764 -0.0851
vn -0.1957 0.9766 -0.0892
vn -0.2089 0.9743 -0.0847
vn -0.2129 0.9737 -0.0816
vn -0.2129 0.9737 -0.0816
vn -0.2089 0.9743 -0.0847
vn -0.2154 0.9732 -0.08
vn -0.2199 0.9724 -0.0781
vn -0.1957 0.9766 -0.0892
vn -0.1932 0.9771 -0.0893
vn -0.2048 0.9751 -0.0852
vn -0.2089 0.9743 -0.0847
vn -0.2089 0.9743 -0.0847
vn -0.2048 0.9751 -0.0852
vn -0.2106 0.9742 -0.0806
vn -0.2154 0.9732 -0.08
vn -0.1932 0.9771 -0.0893
vn -0.1917 0.9779 -0.0837
vn -0.202 0.9761 -0.0805
vn -0.2048 0.9751 -0.0852
vn -0.2048 0.9751 -0.0852
vn -0.202 0.9761 -0.0805
vn -0.2072 0.9753 -0.0763
vn -0.2106 0.9742 -0.0806
vn -0.2106 0.9742 -0.0806
vn -0.2072 0.9753 -0.0763
vn -0.2099 0.9751 -0.0718
vn -0.2141 0.9737 -0.0774
vn -0.2154 0.9732 -0.08
vn -0.2106 0.9742 -0.0806
vn -0.2141 0.9737 -0.0774
vn -0.2182 0.9729 -0.077
vn -0.2141 0.9737 -0.0774
vn -0.2099 0.9751 -0.0718
vn -0.2058 0.9762 -0.0688
vn -0.2073 0.9755 -0.074
vn -0.2182 0.9729 -0.077
vn -0.2141 0.9737 -0.0774
vn -0.2073 0.9755 -0.074
vn -0.2103 0.9747 -0.0754
vn -0.1771 0.9799 -0.0915
vn -0.1764 0.9806 -0.0853
vn -0.1917 0.9779 -0.0837
vn -0.1932 0.9771 -0.0893
vn -0.1785 0.9796 -0.0921
vn -0.1771 0.9799 -0.0915
vn -0.1932 0.9771 -0.0893
vn -0.1957 0.9766 -0.0892
vn -0.1599 0.9827 -0.093
vn -0.1587 0.9836 -0.0862
vn -0.1764 0.9806 -0.0853
vn -0.1771 0.9799 -0.0915
vn -0.1615 0.9824 -0.0939
vn -0.1599 0.9827 -0.093
vn -0.1771 0.9799 -0.0915
vn -0.1785 0.9796 -0.0921
vn -0.1339 0.9869 -0.0895
vn -0.1221 0.9886 -0.0886
vn -0.1238 0.9878 -0.094
vn -0.1341 0.9864 -0.095
vn -0.1336 0.9881 -0.0761
vn -0.1213 0.9897 -0.0762
vn -0.1221 0.9886 -0.0886
vn -0.1339 0.9869 -0.0895
vn -0.1213 0.9897 -0.0762
vn -0.1127 0.9907 -0.0763
vn -0.1143 0.9896 -0.0867
vn -0.1221 0.9886 -0.0886
vn -0.1221 0.9886 -0.0886
vn -0.1143 0.9896 -0.0867
vn -0.1178 0.9888 -0.092
vn -0.1238 0.9878 -0.094
vn -0.1238 0.9878 -0.094
vn -0.1178 0.9888 -0.092
vn -0.1205 0.9883 -0.0934
vn -0.1249 0.9877 -0.0943
vn -0.1341 0.9864 -0.095
vn -0.1238 0.9878 -0.094
vn -0.1249 0.9877 -0.0943
vn -0.1337 0.9865 -0.0947
vn -0.1249 0.9877 -0.0943
vn -0.1205 0.9883 -0.0934
vn -0.1202 0.9887 -0.0899
vn -0.1239 0.9884 -0.0881
vn -0.1337 0.9865 -0.0947
vn -0.1249 0.9877 -0.0943
vn -0.1239 0.9884 -0.0881
vn -0.1327 0.9873 -0.0874
vn -0.1201 0.9887 -0.09
vn -0.1147 0.9894 -0.089
vn -0.1136 0.99 -0.0834
vn -0.1077 0.9911 -0.0782
vn -0.1069 0.9913 -0.0764
vn -0.1065 0.9914 -0.0764
vn -0.1136 0.9911 -0.0692
vn -0.1082 0.9913 -0.075
vn -0.1087 0.9915 -0.0717
vn -0.1202 0.9908 -0.0625
vn -0.1201 0.9908 -0.0625
vn -0.1204 0.991 -0.059
vt 0.541513 0.318468
vt 0.547028 0.313043
vt 0.541563 0.312999
vt 0.536047 0.31842
vt 0.541513 0.318468
vt 0.541563 0.312999
vt 0.536097 0.312951
vt 0.535998 0.323885
vt 0.536047 0.31842
vt 0.530582 0.318368
vt 0.536047 0.31842
vt 0.536097 0.312951
vt 0.530632 0.312898
vt 0.530582 0.318368
vt 0.525168 0.312842
vt 0.525229 0.307537
vt 0.519925 0.307484
vt 0.525229 0.307537
vt 0.525353 0.303247
vt 0.520054 0.303156
vt 0.519925 0.307484
vt 0.525353 0.303247
vt 0.525575 0.30041
vt 0.520433 0.300362
vt 0.520054 0.303156
vt 0.520054 0.303156
vt 0.520433 0.300362
vt 0.516425 0.300115
vt 0.5153 0.302746
vt 0.525575 0.30041
vt 0.52581 0.297175
vt 0.520786 0.297171
vt 0.520433 0.300362
vt 0.520433 0.300362
vt 0.520786 0.297171
vt 0.51692 0.297014
vt 0.516425 0.300115
vt 0.516425 0.300115
vt 0.514462 0.299553
vt 0.513602 0.300999
vt 0.5153 0.302746
vt 0.51692 0.297014
vt 0.514966 0.296606
vt 0.514462 0.299553
vt 0.516425 0.300115
vt 0.514966 0.296606
vt 0.514077 0.296071
vt 0.513588 0.298919
vt 0.514462 0.299553
vt 0.514462 0.299553
vt 0.513588 0.298919
vt 0.512823 0.300193
vt 0.513602 0.300999
vt 0.513588 0.298919
vt 0.512777 0.298276
vt 0.512086 0.29943
vt 0.512823 0.300193
vt 0.514077 0.296071
vt 0.513231 0.295558
vt 0.512777 0.298276
vt 0.513588 0.298919
vt 0.513231 0.295558
vt 0.512324 0.295083
vt 0.511931 0.297652
vt 0.512777 0.298276
vt 0.512777 0.298276
vt 0.511931 0.297652
vt 0.511344 0.298661
vt 0.512086 0.29943
vt 0.511461 0.294791
vt 0.511151 0.297117
vt 0.511931 0.297652
vt 0.512324 0.295083
vt 0.511151 0.297117
vt 0.51068 0.297971
vt 0.511344 0.298661
vt 0.511931 0.297652
vt 0.510435 0.296784
vt 0.510185 0.297451
vt 0.51068 0.297971
vt 0.511151 0.297117
vt 0.510684 0.296118
vt 0.510435 0.296784
vt 0.511151 0.297117
vt 0.511461 0.294791
vt 0.51164 0.28979
vt 0.511461 0.294791
vt 0.512324 0.295083
vt 0.512565 0.29009
vt 0.510738 0.289668
vt 0.510684 0.296118
vt 0.511461 0.294791
vt 0.51164 0.28979
vt 0.510792 0.283218
vt 0.510738 0.289668
vt 0.51164 0.28979
vt 0.511749 0.28339
vt 0.511749 0.28339
vt 0.51164 0.28979
vt 0.512565 0.29009
vt 0.512709 0.283638
vt 0.510853 0.276567
vt 0.510792 0.283218
vt 0.511749 0.28339
vt 0.511838 0.276722
vt 0.511838 0.276722
vt 0.511749 0.28339
vt 0.512709 0.283638
vt 0.512818 0.276914
vt 0.510914 0.269916
vt 0.510853 0.276567
vt 0.511838 0.276722
vt 0.511961 0.270009
vt 0.511961 0.270009
vt 0.511838 0.276722
vt 0.512818 0.276914
vt 0.512948 0.270173
vt 0.511185 0.263115
vt 0.510914 0.269916
vt 0.511961 0.270009
vt 0.512191 0.263427
vt 0.512191 0.263427
vt 0.511961 0.270009
vt 0.512948 0.270173
vt 0.513166 0.263639
vt 0.511455 0.256315
vt 0.511185 0.263115
vt 0.512191 0.263427
vt 0.512636 0.257967
vt 0.512636 0.257967
vt 0.512191 0.263427
vt 0.513166 0.263639
vt 0.513577 0.258359
vt 0.512574 0.254112
vt 0.511455 0.256315
vt 0.512636 0.257967
vt 0.513461 0.254731
vt 0.513461 0.254731
vt 0.512636 0.257967
vt 0.513577 0.258359
vt 0.51429 0.255204
vt 0.513692 0.25191
vt 0.512574 0.254112
vt 0.513461 0.254731
vt 0.51469 0.25287
vt 0.51469 0.25287
vt 0.513461 0.254731
vt 0.51429 0.255204
vt 0.515382 0.253531
vt 0.516655 0.251677
vt 0.51469 0.25287
vt 0.515382 0.253531
vt 0.517178 0.252481
vt 0.515902 0.250824
vt 0.513692 0.25191
vt 0.51469 0.25287
vt 0.516655 0.251677
vt 0.518111 0.249738
vt 0.515902 0.250824
vt 0.516655 0.251677
vt 0.52055 0.250921
vt 0.52055 0.250921
vt 0.516655 0.251677
vt 0.517178 0.252481
vt 0.521019 0.251844
vt 0.521019 0.251844
vt 0.527933 0.251566
vt 0.527765 0.250605
vt 0.52055 0.250921
vt 0.52055 0.250921
vt 0.527765 0.250605
vt 0.527398 0.24961
vt 0.518111 0.249738
vt 0.527933 0.251566
vt 0.536667 0.251554
vt 0.536676 0.250576
vt 0.527765 0.250605
vt 0.527765 0.250605
vt 0.536676 0.250576
vt 0.536685 0.249482
vt 0.527398 0.24961
vt 0.589202 0.096076
vt 0.580289 0.095976
vt 0.580048 0.096684
vt 0.589204 0.096831
vt 0.580289 0.095976
vt 0.572953 0.095832
vt 0.570892 0.096537
vt 0.580048 0.096684
vt 0.580356 0.094733
vt 0.573174 0.09458
vt 0.572953 0.095832
vt 0.580289 0.095976
vt 0.589209 0.094837
vt 0.580356 0.094733
vt 0.580289 0.095976
vt 0.589202 0.096076
vt 0.598053 0.094845
vt 0.589209 0.094837
vt 0.589202 0.096076
vt 0.598105 0.09608
vt 0.598105 0.09608
vt 0.589202 0.096076
vt 0.589204 0.096831
vt 0.59834 0.09679
vt 0.605219 0.094778
vt 0.598053 0.094845
vt 0.598105 0.09608
vt 0.605427 0.096017
vt 0.605427 0.096017
vt 0.598105 0.09608
vt 0.59834 0.09679
vt 0.607476 0.09675
vt 0.609689 0.095905
vt 0.605427 0.096017
vt 0.607476 0.09675
vt 0.609929 0.096631
vt 0.6096 0.094664
vt 0.605219 0.094778
vt 0.605427 0.096017
vt 0.609689 0.095905
vt 0.612314 0.094511
vt 0.6096 0.094664
vt 0.609689 0.095905
vt 0.612378 0.09575
vt 0.612378 0.09575
vt 0.609689 0.095905
vt 0.609929 0.096631
vt 0.612383 0.096512
vt 0.614992 0.095516
vt 0.612378 0.09575
vt 0.612383 0.096512
vt 0.614854 0.096263
vt 0.614937 0.094294
vt 0.612314 0.094511
vt 0.612378 0.09575
vt 0.614992 0.095516
vt 0.618645 0.093889
vt 0.614937 0.094294
vt 0.614992 0.095516
vt 0.618628 0.09509
vt 0.618628 0.09509
vt 0.614992 0.095516
vt 0.614854 0.096263
vt 0.617326 0.096014
vt 0.624157 0.093204
vt 0.618645 0.093889
vt 0.618628 0.09509
vt 0.624238 0.094339
vt 0.624238 0.094339
vt 0.618628 0.09509
vt 0.617326 0.096014
vt 0.62411 0.095056
vt 0.630746 0.092356
vt 0.624157 0.093204
vt 0.624238 0.094339
vt 0.630859 0.093432
vt 0.630859 0.093432
vt 0.624238 0.094339
vt 0.62411 0.095056
vt 0.630893 0.094099
vt 0.63751 0.091497
vt 0.630746 0.092356
vt 0.630859 0.093432
vt 0.637617 0.092526
vt 0.637617 0.092526
vt 0.630859 0.093432
vt 0.630893 0.094099
vt 0.637645 0.093189
vt 0.644273 0.090695
vt 0.63751 0.091497
vt 0.637617 0.092526
vt 0.644372 0.091688
vt 0.644372 0.091688
vt 0.637617 0.092526
vt 0.637645 0.093189
vt 0.644397 0.092279
vt 0.6508 0.090007
vt 0.644273 0.090695
vt 0.644372 0.091688
vt 0.650934 0.090983
vt 0.650934 0.090983
vt 0.644372 0.091688
vt 0.644397 0.092279
vt 0.651168 0.091618
vt 0.655889 0.089516
vt 0.6508 0.090007
vt 0.650934 0.090983
vt 0.656141 0.090473
vt 0.656141 0.090473
vt 0.650934 0.090983
vt 0.651168 0.091618
vt 0.657939 0.090958
vt 0.655889 0.089516
vt 0.656141 0.090473
vt 0.65871 0.090248
vt 0.658583 0.089305
vt 0.656141 0.090473
vt 0.657939 0.090958
vt 0.658952 0.090883
vt 0.65871 0.090248
vt 0.65871 0.090248
vt 0.658952 0.090883
vt 0.659964 0.090809
vt 0.659925 0.090196
vt 0.658583 0.089305
vt 0.65871 0.090248
vt 0.659925 0.090196
vt 0.659886 0.089582
vt 0.658399 0.087693
vt 0.658583 0.089305
vt 0.659886 0.089582
vt 0.659663 0.087728
vt 0.655701 0.087907
vt 0.655889 0.089516
vt 0.658583 0.089305
vt 0.658399 0.087693
vt 0.655401 0.085276
vt 0.655701 0.087907
vt 0.658399 0.087693
vt 0.658114 0.085116
vt 0.658114 0.085116
vt 0.658399 0.087693
vt 0.659663 0.087728
vt 0.65944 0.085874
vt 0.655401 0.085276
vt 0.658114 0.085116
vt 0.657727 0.08119
vt 0.655011 0.081404
vt 0.658114 0.085116
vt 0.65944 0.085874
vt 0.658983 0.081187
vt 0.657727 0.08119
vt 0.657727 0.08119
vt 0.658983 0.081187
vt 0.658525 0.076501
vt 0.657379 0.076572
vt 0.655011 0.081404
vt 0.657727 0.08119
vt 0.657379 0.076572
vt 0.654669 0.0768
vt 0.655011 0.081404
vt 0.649865 0.08186
vt 0.650275 0.085735
vt 0.655401 0.085276
vt 0.654669 0.0768
vt 0.64952 0.07726
vt 0.649865 0.08186
vt 0.655011 0.081404
vt 0.64952 0.07726
vt 0.642921 0.077875
vt 0.643267 0.082463
vt 0.649865 0.08186
vt 0.649865 0.08186
vt 0.643267 0.082463
vt 0.643699 0.086346
vt 0.650275 0.085735
vt 0.650597 0.088381
vt 0.650275 0.085735
vt 0.643699 0.086346
vt 0.644049 0.089028
vt 0.655701 0.087907
vt 0.655401 0.085276
vt 0.650275 0.085735
vt 0.650597 0.088381
vt 0.655889 0.089516
vt 0.655701 0.087907
vt 0.650597 0.088381
vt 0.6508 0.090007
vt 0.6508 0.090007
vt 0.650597 0.088381
vt 0.644049 0.089028
vt 0.644273 0.090695
vt 0.644049 0.089028
vt 0.643699 0.086346
vt 0.636887 0.08701
vt 0.637263 0.089758
vt 0.644273 0.090695
vt 0.644049 0.089028
vt 0.637263 0.089758
vt 0.63751 0.091497
vt 0.637263 0.089758
vt 0.636887 0.08701
vt 0.630092 0.087685
vt 0.630483 0.09052
vt 0.63751 0.091497
vt 0.637263 0.089758
vt 0.630483 0.09052
vt 0.630746 0.092356
vt 0.630746 0.092356
vt 0.630483 0.09052
vt 0.62389 0.091255
vt 0.624157 0.093204
vt 0.630483 0.09052
vt 0.630092 0.087685
vt 0.623504 0.088326
vt 0.62389 0.091255
vt 0.62389 0.091255
vt 0.623504 0.088326
vt 0.61804 0.088826
vt 0.618395 0.091838
vt 0.624157 0.093204
vt 0.62389 0.091255
vt 0.618395 0.091838
vt 0.618645 0.093889
vt 0.618395 0.091838
vt 0.61804 0.088826
vt 0.614429 0.089109
vt 0.614725 0.092174
vt 0.618645 0.093889
vt 0.618395 0.091838
vt 0.614725 0.092174
vt 0.614937 0.094294
vt 0.614725 0.092174
vt 0.614429 0.089109
vt 0.611936 0.089256
vt 0.612155 0.092352
vt 0.614937 0.094294
vt 0.614725 0.092174
vt 0.612155 0.092352
vt 0.612314 0.094511
vt 0.612314 0.094511
vt 0.612155 0.092352
vt 0.609499 0.092486
vt 0.6096 0.094664
vt 0.612155 0.092352
vt 0.611936 0.089256
vt 0.609359 0.089369
vt 0.609499 0.092486
vt 0.609499 0.092486
vt 0.609359 0.089369
vt 0.605101 0.089455
vt 0.605169 0.092591
vt 0.6096 0.094664
vt 0.609499 0.092486
vt 0.605169 0.092591
vt 0.605219 0.094778
vt 0.598053 0.094845
vt 0.605219 0.094778
vt 0.605169 0.092591
vt 0.59804 0.092652
vt 0.59804 0.092652
vt 0.605169 0.092591
vt 0.605101 0.089455
vt 0.598026 0.089494
vt 0.589209 0.094837
vt 0.598053 0.094845
vt 0.59804 0.092652
vt 0.589225 0.092635
vt 0.589225 0.092635
vt 0.59804 0.092652
vt 0.598026 0.089494
vt 0.589251 0.08946
vt 0.580356 0.094733
vt 0.589209 0.094837
vt 0.589225 0.092635
vt 0.580398 0.09252
vt 0.580398 0.09252
vt 0.589225 0.092635
vt 0.589251 0.08946
vt 0.580461 0.089337
vt 0.573174 0.09458
vt 0.580356 0.094733
vt 0.580398 0.09252
vt 0.573249 0.092357
vt 0.573249 0.092357
vt 0.580398 0.09252
vt 0.580461 0.089337
vt 0.573358 0.089175
vt 0.568783 0.094426
vt 0.573174 0.09458
vt 0.573249 0.092357
vt 0.568905 0.092202
vt 0.568905 0.092202
vt 0.573249 0.092357
vt 0.573358 0.089175
vt 0.569079 0.089026
vt 0.566063 0.094263
vt 0.568783 0.094426
vt 0.568905 0.092202
vt 0.566238 0.092051
vt 0.566238 0.092051
vt 0.568905 0.092202
vt 0.569079 0.089026
vt 0.566485 0.088889
vt 0.563427 0.094047
vt 0.566063 0.094263
vt 0.566238 0.092051
vt 0.563652 0.091868
vt 0.563652 0.091868
vt 0.566238 0.092051
vt 0.566485 0.088889
vt 0.563969 0.088729
vt 0.559682 0.093652
vt 0.563427 0.094047
vt 0.563652 0.091868
vt 0.559942 0.091536
vt 0.559942 0.091536
vt 0.563652 0.091868
vt 0.563969 0.088729
vt 0.560311 0.088444
vt 0.554098 0.092984
vt 0.559682 0.093652
vt 0.559942 0.091536
vt 0.554371 0.090967
vt 0.554371 0.090967
vt 0.559942 0.091536
vt 0.560311 0.088444
vt 0.554765 0.087952
vt 0.54741 0.092158
vt 0.554098 0.092984
vt 0.554371 0.090967
vt 0.547678 0.090251
vt 0.547678 0.090251
vt 0.554371 0.090967
vt 0.554765 0.087952
vt 0.548072 0.087329
vt 0.540787 0.08951
vt 0.547678 0.090251
vt 0.548072 0.087329
vt 0.541165 0.086674
vt 0.540535 0.09132
vt 0.54741 0.092158
vt 0.547678 0.090251
vt 0.540787 0.08951
vt 0.533653 0.090535
vt 0.540535 0.09132
vt 0.540787 0.08951
vt 0.533884 0.088795
vt 0.533884 0.088795
vt 0.540787 0.08951
vt 0.541165 0.086674
vt 0.53424 0.086024
vt 0.527004 0.089854
vt 0.533653 0.090535
vt 0.533884 0.088795
vt 0.527219 0.088153
vt 0.527219 0.088153
vt 0.533884 0.088795
vt 0.53424 0.086024
vt 0.527553 0.085418
vt 0.521815 0.089362
vt 0.527004 0.089854
vt 0.527219 0.088153
vt 0.52202 0.087676
vt 0.52202 0.087676
vt 0.527219 0.088153
vt 0.527553 0.085418
vt 0.522339 0.084955
vt 0.521815 0.089362
vt 0.52202 0.087676
vt 0.519268 0.087455
vt 0.519062 0.089147
vt 0.52202 0.087676
vt 0.522339 0.084955
vt 0.519579 0.084788
vt 0.519268 0.087455
vt 0.519268 0.087455
vt 0.519579 0.084788
vt 0.518233 0.085526
vt 0.517976 0.087483
vt 0.519062 0.089147
vt 0.519268 0.087455
vt 0.517976 0.087483
vt 0.517718 0.08944
vt 0.521551 0.090362
vt 0.521815 0.089362
vt 0.519062 0.089147
vt 0.518919 0.090133
vt 0.518919 0.090133
vt 0.519062 0.089147
vt 0.517718 0.08944
vt 0.517663 0.090075
vt 0.519718 0.090871
vt 0.521551 0.090362
vt 0.518919 0.090133
vt 0.518663 0.09079
vt 0.518663 0.09079
vt 0.518919 0.090133
vt 0.517663 0.090075
vt 0.517608 0.09071
vt 0.519718 0.090871
vt 0.526626 0.091525
vt 0.526864 0.09087
vt 0.521551 0.090362
vt 0.521551 0.090362
vt 0.526864 0.09087
vt 0.527004 0.089854
vt 0.521815 0.089362
vt 0.526626 0.091525
vt 0.533534 0.092179
vt 0.533552 0.091566
vt 0.526864 0.09087
vt 0.526864 0.09087
vt 0.533552 0.091566
vt 0.533653 0.090535
vt 0.527004 0.089854
vt 0.533534 0.092179
vt 0.540402 0.093064
vt 0.540427 0.092386
vt 0.533552 0.091566
vt 0.533552 0.091566
vt 0.540427 0.092386
vt 0.540535 0.09132
vt 0.533653 0.090535
vt 0.540402 0.093064
vt 0.54727 0.093949
vt 0.547296 0.093269
vt 0.540427 0.092386
vt 0.540427 0.092386
vt 0.547296 0.093269
vt 0.54741 0.092158
vt 0.540535 0.09132
vt 0.54727 0.093949
vt 0.554148 0.094879
vt 0.554015 0.094152
vt 0.547296 0.093269
vt 0.547296 0.093269
vt 0.554015 0.094152
vt 0.554098 0.092984
vt 0.54741 0.092158
vt 0.554148 0.094879
vt 0.561027 0.095809
vt 0.559698 0.094882
vt 0.554015 0.094152
vt 0.554015 0.094152
vt 0.559698 0.094882
vt 0.559682 0.093652
vt 0.554098 0.092984
vt 0.561027 0.095809
vt 0.563508 0.096048
vt 0.563367 0.095295
vt 0.559698 0.094882
vt 0.559698 0.094882
vt 0.563367 0.095295
vt 0.563427 0.094047
vt 0.559682 0.093652
vt 0.563508 0.096048
vt 0.565989 0.096286
vt 0.565992 0.095524
vt 0.563367 0.095295
vt 0.563367 0.095295
vt 0.565992 0.095524
vt 0.566063 0.094263
vt 0.563427 0.094047
vt 0.565992 0.095524
vt 0.568685 0.095687
vt 0.568783 0.094426
vt 0.566063 0.094263
vt 0.565989 0.096286
vt 0.568441 0.096412
vt 0.568685 0.095687
vt 0.565992 0.095524
vt 0.568441 0.096412
vt 0.570892 0.096537
vt 0.572953 0.095832
vt 0.568685 0.095687
vt 0.568685 0.095687
vt 0.572953 0.095832
vt 0.573174 0.09458
vt 0.568783 0.094426
vt 0.519987 0.080784
vt 0.518712 0.080772
vt 0.518233 0.085526
vt 0.519579 0.084788
vt 0.520353 0.076102
vt 0.519191 0.076019
vt 0.518712 0.080772
vt 0.519987 0.080784
vt 0.5231 0.076336
vt 0.520353 0.076102
vt 0.519987 0.080784
vt 0.522745 0.081004
vt 0.522745 0.081004
vt 0.519987 0.080784
vt 0.519579 0.084788
vt 0.522339 0.084955
vt 0.528319 0.076797
vt 0.5231 0.076336
vt 0.522745 0.081004
vt 0.527971 0.081463
vt 0.527971 0.081463
vt 0.522745 0.081004
vt 0.522339 0.084955
vt 0.527553 0.085418
vt 0.535011 0.077406
vt 0.528319 0.076797
vt 0.527971 0.081463
vt 0.534671 0.082062
vt 0.534671 0.082062
vt 0.527971 0.081463
vt 0.527553 0.085418
vt 0.53424 0.086024
vt 0.541937 0.07806
vt 0.535011 0.077406
vt 0.534671 0.082062
vt 0.541606 0.082697
vt 0.541606 0.082697
vt 0.534671 0.082062
vt 0.53424 0.086024
vt 0.541165 0.086674
vt 0.548832 0.078738
vt 0.541937 0.07806
vt 0.541606 0.082697
vt 0.548514 0.08334
vt 0.548514 0.08334
vt 0.541606 0.082697
vt 0.541165 0.086674
vt 0.548072 0.087329
vt 0.555192 0.083961
vt 0.548514 0.08334
vt 0.548072 0.087329
vt 0.554765 0.087952
vt 0.555493 0.079418
vt 0.548832 0.078738
vt 0.548514 0.08334
vt 0.555192 0.083961
vt 0.560978 0.079987
vt 0.555493 0.079418
vt 0.555192 0.083961
vt 0.560704 0.084462
vt 0.560704 0.084462
vt 0.555192 0.083961
vt 0.554765 0.087952
vt 0.560311 0.088444
vt 0.564543 0.08035
vt 0.560978 0.079987
vt 0.560704 0.084462
vt 0.564304 0.084764
vt 0.564304 0.084764
vt 0.560704 0.084462
vt 0.560311 0.088444
vt 0.563969 0.088729
vt 0.566949 0.080563
vt 0.564543 0.08035
vt 0.564304 0.084764
vt 0.566749 0.084937
vt 0.566749 0.084937
vt 0.564304 0.084764
vt 0.563969 0.088729
vt 0.566485 0.088889
vt 0.569271 0.085072
vt 0.566749 0.084937
vt 0.566485 0.088889
vt 0.569079 0.089026
vt 0.56943 0.080706
vt 0.566949 0.080563
vt 0.566749 0.084937
vt 0.569271 0.085072
vt 0.573607 0.08082
vt 0.56943 0.080706
vt 0.569271 0.085072
vt 0.573487 0.085206
vt 0.573487 0.085206
vt 0.569271 0.085072
vt 0.569079 0.089026
vt 0.573358 0.089175
vt 0.580623 0.080929
vt 0.573607 0.08082
vt 0.573487 0.085206
vt 0.58054 0.085348
vt 0.58054 0.085348
vt 0.573487 0.085206
vt 0.573358 0.089175
vt 0.580461 0.089337
vt 0.589331 0.081036
vt 0.580623 0.080929
vt 0.58054 0.085348
vt 0.589286 0.085466
vt 0.589286 0.085466
vt 0.58054 0.085348
vt 0.580461 0.089337
vt 0.589251 0.08946
vt 0.598014 0.085528
vt 0.589286 0.085466
vt 0.589251 0.08946
vt 0.598026 0.089494
vt 0.598016 0.081132
vt 0.589331 0.081036
vt 0.589286 0.085466
vt 0.598014 0.085528
vt 0.604985 0.081185
vt 0.598016 0.081132
vt 0.598014 0.085528
vt 0.60503 0.085528
vt 0.60503 0.085528
vt 0.598014 0.085528
vt 0.598026 0.089494
vt 0.605101 0.089455
vt 0.609118 0.081163
vt 0.604985 0.081185
vt 0.60503 0.085528
vt 0.609215 0.08547
vt 0.609215 0.08547
vt 0.60503 0.085528
vt 0.605101 0.089455
vt 0.609359 0.089369
vt 0.611556 0.081065
vt 0.609118 0.081163
vt 0.609215 0.08547
vt 0.611709 0.085368
vt 0.611709 0.085368
vt 0.609215 0.08547
vt 0.609359 0.089369
vt 0.611936 0.089256
vt 0.614121 0.085216
vt 0.611709 0.085368
vt 0.611936 0.089256
vt 0.614429 0.089109
vt 0.613912 0.080881
vt 0.611556 0.081065
vt 0.611709 0.085368
vt 0.614121 0.085216
vt 0.617403 0.080529
vt 0.613912 0.080881
vt 0.614121 0.085216
vt 0.617663 0.084922
vt 0.617663 0.084922
vt 0.614121 0.085216
vt 0.614429 0.089109
vt 0.61804 0.088826
vt 0.623081 0.084415
vt 0.617663 0.084922
vt 0.61804 0.088826
vt 0.623504 0.088326
vt 0.622779 0.07995
vt 0.617403 0.080529
vt 0.617663 0.084922
vt 0.623081 0.084415
vt 0.629316 0.07925
vt 0.622779 0.07995
vt 0.623081 0.084415
vt 0.629646 0.083777
vt 0.629646 0.083777
vt 0.623081 0.084415
vt 0.623504 0.088326
vt 0.630092 0.087685
vt 0.636098 0.078547
vt 0.629316 0.07925
vt 0.629646 0.083777
vt 0.636441 0.083114
vt 0.636441 0.083114
vt 0.629646 0.083777
vt 0.630092 0.087685
vt 0.636887 0.08701
vt 0.642921 0.077875
vt 0.636098 0.078547
vt 0.636441 0.083114
vt 0.643267 0.082463
vt 0.643267 0.082463
vt 0.636441 0.083114
vt 0.636887 0.08701
vt 0.643699 0.086346
vt 0.636008 0.073935
vt 0.629248 0.074684
vt 0.629316 0.07925
vt 0.636098 0.078547
vt 0.642806 0.073239
vt 0.636008 0.073935
vt 0.636098 0.078547
vt 0.642921 0.077875
vt 0.636109 0.069879
vt 0.62938 0.070637
vt 0.629248 0.074684
vt 0.636008 0.073935
vt 0.642863 0.069185
vt 0.636109 0.069879
vt 0.636008 0.073935
vt 0.642806 0.073239
vt 0.649377 0.072611
vt 0.642806 0.073239
vt 0.642921 0.077875
vt 0.64952 0.07726
vt 0.649385 0.068565
vt 0.642863 0.069185
vt 0.642806 0.073239
vt 0.649377 0.072611
vt 0.654469 0.068112
vt 0.649385 0.068565
vt 0.649377 0.072611
vt 0.654503 0.072148
vt 0.654503 0.072148
vt 0.649377 0.072611
vt 0.64952 0.07726
vt 0.654669 0.0768
vt 0.654669 0.0768
vt 0.657379 0.076572
vt 0.657208 0.071909
vt 0.654503 0.072148
vt 0.654503 0.072148
vt 0.657208 0.071909
vt 0.657154 0.067831
vt 0.654469 0.068112
vt 0.657379 0.076572
vt 0.658525 0.076501
vt 0.658451 0.071743
vt 0.657208 0.071909
vt 0.657208 0.071909
vt 0.658451 0.071743
vt 0.658377 0.066985
vt 0.657154 0.067831
vt 0.657197 0.064916
vt 0.657154 0.067831
vt 0.658377 0.066985
vt 0.658392 0.064773
vt 0.654652 0.065118
vt 0.654469 0.068112
vt 0.657154 0.067831
vt 0.657197 0.064916
vt 0.656429 0.062619
vt 0.654652 0.065118
vt 0.657197 0.064916
vt 0.657418 0.06259
vt 0.657418 0.06259
vt 0.657197 0.064916
vt 0.658392 0.064773
vt 0.658407 0.062562
vt 0.601319 0.601236
vt 0.600366 0.602689
vt 0.604837 0.606182
vt 0.605211 0.605285
vt 0.600366 0.602689
vt 0.599792 0.606568
vt 0.604463 0.60708
vt 0.604837 0.606182
vt 0.595772 0.59844
vt 0.594192 0.599768
vt 0.599792 0.606568
vt 0.600366 0.602689
vt 0.597352 0.597112
vt 0.595772 0.59844
vt 0.600366 0.602689
vt 0.601319 0.601236
vt 0.520539 0.071398
vt 0.519289 0.071209
vt 0.519191 0.076019
vt 0.520353 0.076102
vt 0.520588 0.067364
vt 0.519387 0.066399
vt 0.519289 0.071209
vt 0.520539 0.071398
vt 0.523295 0.067664
vt 0.520588 0.067364
vt 0.520539 0.071398
vt 0.523274 0.071646
vt 0.523274 0.071646
vt 0.520539 0.071398
vt 0.520353 0.076102
vt 0.5231 0.076336
vt 0.528432 0.068116
vt 0.523295 0.067664
vt 0.523274 0.071646
vt 0.52846 0.072109
vt 0.52846 0.072109
vt 0.523274 0.071646
vt 0.5231 0.076336
vt 0.528319 0.076797
vt 0.535026 0.068724
vt 0.528432 0.068116
vt 0.52846 0.072109
vt 0.535113 0.072726
vt 0.535113 0.072726
vt 0.52846 0.072109
vt 0.528319 0.076797
vt 0.535011 0.077406
vt 0.541866 0.069391
vt 0.535026 0.068724
vt 0.535113 0.072726
vt 0.542007 0.0734
vt 0.542007 0.0734
vt 0.535113 0.072726
vt 0.535011 0.077406
vt 0.541937 0.07806
vt 0.548698 0.070109
vt 0.541866 0.069391
vt 0.542007 0.0734
vt 0.548879 0.074117
vt 0.548879 0.074117
vt 0.542007 0.0734
vt 0.541937 0.07806
vt 0.548832 0.078738
vt 0.555527 0.074858
vt 0.548879 0.074117
vt 0.548832 0.078738
vt 0.555493 0.079418
vt 0.555324 0.070864
vt 0.548698 0.070109
vt 0.548879 0.074117
vt 0.555527 0.074858
vt 0.560812 0.071533
vt 0.555324 0.070864
vt 0.555527 0.074858
vt 0.561012 0.075501
vt 0.561012 0.075501
vt 0.555527 0.074858
vt 0.555493 0.079418
vt 0.560978 0.079987
vt 0.564417 0.071997
vt 0.560812 0.071533
vt 0.561012 0.075501
vt 0.564586 0.075933
vt 0.564586 0.075933
vt 0.561012 0.075501
vt 0.560978 0.079987
vt 0.564543 0.08035
vt 0.566887 0.072281
vt 0.564417 0.071997
vt 0.564586 0.075933
vt 0.567006 0.076192
vt 0.567006 0.076192
vt 0.564586 0.075933
vt 0.564543 0.08035
vt 0.566949 0.080563
vt 0.569501 0.076347
vt 0.567006 0.076192
vt 0.566949 0.080563
vt 0.56943 0.080706
vt 0.569433 0.072436
vt 0.566887 0.072281
vt 0.567006 0.076192
vt 0.569501 0.076347
vt 0.57365 0.072507
vt 0.569433 0.072436
vt 0.569501 0.076347
vt 0.573681 0.076441
vt 0.573681 0.076441
vt 0.569501 0.076347
vt 0.56943 0.080706
vt 0.573607 0.08082
vt 0.58066 0.072539
vt 0.57365 0.072507
vt 0.573681 0.076441
vt 0.580684 0.076513
vt 0.580684 0.076513
vt 0.573681 0.076441
vt 0.573607 0.08082
vt 0.580623 0.080929
vt 0.589334 0.072605
vt 0.58066 0.072539
vt 0.580684 0.076513
vt 0.589368 0.076604
vt 0.589368 0.076604
vt 0.580684 0.076513
vt 0.580623 0.080929
vt 0.589331 0.081036
vt 0.598027 0.076735
vt 0.589368 0.076604
vt 0.589331 0.081036
vt 0.598016 0.081132
vt 0.597983 0.072751
vt 0.589334 0.072605
vt 0.589368 0.076604
vt 0.598027 0.076735
vt 0.604941 0.072896
vt 0.597983 0.072751
vt 0.598027 0.076735
vt 0.604976 0.076845
vt 0.604976 0.076845
vt 0.598027 0.076735
vt 0.598016 0.081132
vt 0.604985 0.081185
vt 0.609104 0.072941
vt 0.604941 0.072896
vt 0.604976 0.076845
vt 0.6091 0.076862
vt 0.6091 0.076862
vt 0.604976 0.076845
vt 0.604985 0.081185
vt 0.609118 0.081163
vt 0.611595 0.072853
vt 0.609104 0.072941
vt 0.6091 0.076862
vt 0.611536 0.076769
vt 0.611536 0.076769
vt 0.6091 0.076862
vt 0.609118 0.081163
vt 0.611556 0.081065
vt 0.613888 0.076546
vt 0.611536 0.076769
vt 0.611556 0.081065
vt 0.613912 0.080881
vt 0.613997 0.072607
vt 0.611595 0.072853
vt 0.611536 0.076769
vt 0.613888 0.076546
vt 0.617512 0.072145
vt 0.613997 0.072607
vt 0.613888 0.076546
vt 0.617369 0.076123
vt 0.617369 0.076123
vt 0.613888 0.076546
vt 0.613912 0.080881
vt 0.617403 0.080529
vt 0.62273 0.07546
vt 0.617369 0.076123
vt 0.617403 0.080529
vt 0.622779 0.07995
vt 0.622879 0.071441
vt 0.617512 0.072145
vt 0.617369 0.076123
vt 0.62273 0.07546
vt 0.62938 0.070637
vt 0.622879 0.071441
vt 0.62273 0.07546
vt 0.629248 0.074684
vt 0.629248 0.074684
vt 0.62273 0.07546
vt 0.622779 0.07995
vt 0.629316 0.07925
vt 0.62938 0.070637
vt 0.629614 0.067473
vt 0.623104 0.068225
vt 0.622879 0.071441
vt 0.622879 0.071441
vt 0.623104 0.068225
vt 0.617631 0.068894
vt 0.617512 0.072145
vt 0.629614 0.067473
vt 0.629892 0.064808
vt 0.623261 0.065499
vt 0.623104 0.068225
vt 0.623104 0.068225
vt 0.623261 0.065499
vt 0.61663 0.066191
vt 0.617631 0.068894
vt 0.617512 0.072145
vt 0.617631 0.068894
vt 0.614135 0.069327
vt 0.613997 0.072607
vt 0.617631 0.068894
vt 0.61663 0.066191
vt 0.614182 0.066457
vt 0.614135 0.069327
vt 0.614135 0.069327
vt 0.614182 0.066457
vt 0.611734 0.066723
vt 0.611663 0.069565
vt 0.613997 0.072607
vt 0.614135 0.069327
vt 0.611663 0.069565
vt 0.611595 0.072853
vt 0.611595 0.072853
vt 0.611663 0.069565
vt 0.60911 0.06964
vt 0.609104 0.072941
vt 0.611663 0.069565
vt 0.611734 0.066723
vt 0.609266 0.066722
vt 0.60911 0.06964
vt 0.60911 0.06964
vt 0.609266 0.066722
vt 0.606797 0.066721
vt 0.605 0.069593
vt 0.609104 0.072941
vt 0.60911 0.06964
vt 0.605 0.069593
vt 0.604941 0.072896
vt 0.597873 0.069451
vt 0.605 0.069593
vt 0.606797 0.066721
vt 0.597874 0.066558
vt 0.597983 0.072751
vt 0.604941 0.072896
vt 0.605 0.069593
vt 0.597873 0.069451
vt 0.589334 0.072605
vt 0.597983 0.072751
vt 0.597873 0.069451
vt 0.589176 0.069321
vt 0.589176 0.069321
vt 0.597873 0.069451
vt 0.597874 0.066558
vt 0.58895 0.066396
vt 0.58066 0.072539
vt 0.589334 0.072605
vt 0.589176 0.069321
vt 0.580459 0.069302
vt 0.580459 0.069302
vt 0.589176 0.069321
vt 0.58895 0.066396
vt 0.58 0.066502
vt 0.57365 0.072507
vt 0.58066 0.072539
vt 0.580459 0.069302
vt 0.573296 0.069316
vt 0.573296 0.069316
vt 0.580459 0.069302
vt 0.58 0.066502
vt 0.571049 0.066609
vt 0.569433 0.072436
vt 0.57365 0.072507
vt 0.573296 0.069316
vt 0.56916 0.069275
vt 0.56916 0.069275
vt 0.573296 0.069316
vt 0.571049 0.066609
vt 0.568613 0.066573
vt 0.566887 0.072281
vt 0.569433 0.072436
vt 0.56916 0.069275
vt 0.566586 0.069146
vt 0.566586 0.069146
vt 0.56916 0.069275
vt 0.568613 0.066573
vt 0.566176 0.066537
vt 0.564417 0.071997
vt 0.566887 0.072281
vt 0.566586 0.069146
vt 0.564088 0.06888
vt 0.564088 0.06888
vt 0.566586 0.069146
vt 0.566176 0.066537
vt 0.563775 0.066268
vt 0.560812 0.071533
vt 0.564417 0.071997
vt 0.564088 0.06888
vt 0.560546 0.068454
vt 0.560546 0.068454
vt 0.564088 0.06888
vt 0.563775 0.066268
vt 0.561373 0.065999
vt 0.554986 0.067836
vt 0.560546 0.068454
vt 0.561373 0.065999
vt 0.554683 0.065394
vt 0.555324 0.070864
vt 0.560812 0.071533
vt 0.560546 0.068454
vt 0.554986 0.067836
vt 0.548698 0.070109
vt 0.555324 0.070864
vt 0.554986 0.067836
vt 0.548379 0.067144
vt 0.548379 0.067144
vt 0.554986 0.067836
vt 0.554683 0.065394
vt 0.547994 0.064788
vt 0.541611 0.066489
vt 0.548379 0.067144
vt 0.547994 0.064788
vt 0.541303 0.064251
vt 0.541866 0.069391
vt 0.548698 0.070109
vt 0.548379 0.067144
vt 0.541611 0.066489
vt 0.535026 0.068724
vt 0.541866 0.069391
vt 0.541611 0.066489
vt 0.534841 0.065874
vt 0.534841 0.065874
vt 0.541611 0.066489
vt 0.541303 0.064251
vt 0.534613 0.063713
vt 0.528432 0.068116
vt 0.535026 0.068724
vt 0.534841 0.065874
vt 0.528272 0.065302
vt 0.528272 0.065302
vt 0.534841 0.065874
vt 0.534613 0.063713
vt 0.527911 0.063186
vt 0.523295 0.067664
vt 0.528432 0.068116
vt 0.528272 0.065302
vt 0.523066 0.064867
vt 0.523066 0.064867
vt 0.528272 0.065302
vt 0.527911 0.063186
vt 0.521208 0.062658
vt 0.523066 0.064867
vt 0.521208 0.062658
vt 0.520214 0.06261
vt 0.520502 0.064652
vt 0.523295 0.067664
vt 0.523066 0.064867
vt 0.520502 0.064652
vt 0.520588 0.067364
vt 0.520502 0.064652
vt 0.520214 0.06261
vt 0.51922 0.062562
vt 0.519303 0.06448
vt 0.520588 0.067364
vt 0.520502 0.064652
vt 0.519303 0.06448
vt 0.519387 0.066399
vt 0.565536 0.598543
vt 0.563964 0.597226
vt 0.559986 0.601451
vt 0.560933 0.602898
vt 0.560933 0.602898
vt 0.559986 0.601451
vt 0.556084 0.605601
vt 0.556453 0.606493
vt 0.567109 0.59986
vt 0.565536 0.598543
vt 0.560933 0.602898
vt 0.561495 0.606776
vt 0.561495 0.606776
vt 0.560933 0.602898
vt 0.556453 0.606493
vt 0.556821 0.607386
vt 0.567109 0.59986
vt 0.561495 0.606776
vt 0.560785 0.618386
vt 0.568888 0.600883
vt 0.556821 0.607386
vt 0.556813 0.613901
vt 0.560785 0.618386
vt 0.561495 0.606776
vt 0.570667 0.601906
vt 0.568888 0.600883
vt 0.560785 0.618386
vt 0.563438 0.623049
vt 0.556804 0.620416
vt 0.556808 0.626933
vt 0.560785 0.618386
vt 0.556813 0.613901
vt 0.556812 0.633449
vt 0.556817 0.639965
vt 0.560785 0.618386
vt 0.556808 0.626933
vt 0.556822 0.646481
vt 0.563438 0.623049
vt 0.560785 0.618386
vt 0.556817 0.639965
vt 0.572599 0.602603
vt 0.570667 0.601906
vt 0.563438 0.623049
vt 0.565119 0.625434
vt 0.565119 0.625434
vt 0.563438 0.623049
vt 0.556822 0.646481
vt 0.557687 0.648561
vt 0.57453 0.6033
vt 0.572599 0.602603
vt 0.565119 0.625434
vt 0.566724 0.626752
vt 0.566724 0.626752
vt 0.565119 0.625434
vt 0.557687 0.648561
vt 0.558552 0.650642
vt 0.576556 0.60365
vt 0.57453 0.6033
vt 0.566724 0.626752
vt 0.568651 0.627755
vt 0.568651 0.627755
vt 0.566724 0.626752
vt 0.558552 0.650642
vt 0.56064 0.651492
vt 0.578581 0.604001
vt 0.576556 0.60365
vt 0.568651 0.627755
vt 0.571065 0.630455
vt 0.571065 0.630455
vt 0.568651 0.627755
vt 0.56064 0.651492
vt 0.562728 0.652343
vt 0.562728 0.652343
vt 0.57167 0.652285
vt 0.573835 0.636501
vt 0.571065 0.630455
vt 0.578581 0.604001
vt 0.571065 0.630455
vt 0.573835 0.636501
vt 0.578235 0.628176
vt 0.580612 0.652227
vt 0.578235 0.628176
vt 0.573835 0.636501
vt 0.57167 0.652285
vt 0.578581 0.604001
vt 0.578235 0.628176
vt 0.58063 0.620072
vt 0.580639 0.603994
vt 0.580612 0.652227
vt 0.583016 0.628149
vt 0.58063 0.620072
vt 0.578235 0.628176
vt 0.582696 0.603987
vt 0.580639 0.603994
vt 0.58063 0.620072
vt 0.583016 0.628149
vt 0.582696 0.603987
vt 0.583016 0.628149
vt 0.587406 0.636417
vt 0.590183 0.630339
vt 0.580612 0.652227
vt 0.589554 0.65217
vt 0.587406 0.636417
vt 0.583016 0.628149
vt 0.598496 0.652112
vt 0.590183 0.630339
vt 0.587406 0.636417
vt 0.589554 0.65217
vt 0.592601 0.627613
vt 0.590183 0.630339
vt 0.598496 0.652112
vt 0.600585 0.651235
vt 0.584724 0.603622
vt 0.582696 0.603987
vt 0.590183 0.630339
vt 0.592601 0.627613
vt 0.586751 0.603258
vt 0.584724 0.603622
vt 0.592601 0.627613
vt 0.59453 0.626591
vt 0.59453 0.626591
vt 0.592601 0.627613
vt 0.600585 0.651235
vt 0.602674 0.650357
vt 0.588687 0.602548
vt 0.586751 0.603258
vt 0.59453 0.626591
vt 0.596138 0.625258
vt 0.596138 0.625258
vt 0.59453 0.626591
vt 0.602674 0.650357
vt 0.603542 0.648266
vt 0.590622 0.601837
vt 0.588687 0.602548
vt 0.596138 0.625258
vt 0.597822 0.622855
vt 0.597822 0.622855
vt 0.596138 0.625258
vt 0.603542 0.648266
vt 0.604409 0.646175
vt 0.590622 0.601837
vt 0.597822 0.622855
vt 0.600478 0.618154
vt 0.592407 0.600802
vt 0.604409 0.646175
vt 0.604414 0.63966
vt 0.600478 0.618154
vt 0.597822 0.622855
vt 0.594192 0.599768
vt 0.592407 0.600802
vt 0.600478 0.618154
vt 0.599792 0.606568
vt 0.60442 0.633145
vt 0.604428 0.626628
vt 0.600478 0.618154
vt 0.604414 0.63966
vt 0.604437 0.620112
vt 0.60445 0.613596
vt 0.600478 0.618154
vt 0.604428 0.626628
vt 0.604463 0.60708
vt 0.599792 0.606568
vt 0.600478 0.618154
vt 0.60445 0.613596
vt 0.649495 0.065553
vt 0.649789 0.06315
vt 0.643148 0.063681
vt 0.642993 0.066135
vt 0.654652 0.065118
vt 0.656429 0.062619
vt 0.649789 0.06315
vt 0.649495 0.065553
vt 0.654469 0.068112
vt 0.654652 0.065118
vt 0.649495 0.065553
vt 0.649385 0.068565
vt 0.649385 0.068565
vt 0.649495 0.065553
vt 0.642993 0.066135
vt 0.642863 0.069185
vt 0.642993 0.066135
vt 0.643148 0.063681
vt 0.63652 0.064244
vt 0.636296 0.066776
vt 0.642863 0.069185
vt 0.642993 0.066135
vt 0.636296 0.066776
vt 0.636109 0.069879
vt 0.636296 0.066776
vt 0.63652 0.064244
vt 0.629892 0.064808
vt 0.629614 0.067473
vt 0.636109 0.069879
vt 0.636296 0.066776
vt 0.629614 0.067473
vt 0.62938 0.070637
vt 0.58035 0.055642
vt 0.582413 0.05561
vt 0.582577 0.043496
vt 0.580513 0.043506
vt 0.582413 0.05561
vt 0.584476 0.055579
vt 0.58464 0.043487
vt 0.582577 0.043496
vt 0.582577 0.043496
vt 0.58464 0.043487
vt 0.584805 0.031394
vt 0.58274 0.031382
vt 0.580513 0.043506
vt 0.582577 0.043496
vt 0.58274 0.031382
vt 0.580676 0.03137
vt 0.578288 0.055674
vt 0.58035 0.055642
vt 0.580513 0.043506
vt 0.57845 0.043518
vt 0.57845 0.043518
vt 0.580513 0.043506
vt 0.580676 0.03137
vt 0.578612 0.031361
vt 0.576227 0.055705
vt 0.578288 0.055674
vt 0.57845 0.043518
vt 0.576387 0.04353
vt 0.576387 0.04353
vt 0.57845 0.043518
vt 0.578612 0.031361
vt 0.576547 0.031353
vt 0.574167 0.055736
vt 0.576227 0.055705
vt 0.576387 0.04353
vt 0.574325 0.043542
vt 0.574325 0.043542
vt 0.576387 0.04353
vt 0.576547 0.031353
vt 0.574483 0.031349
vt 0.572107 0.055766
vt 0.574167 0.055736
vt 0.574325 0.043542
vt 0.572263 0.043555
vt 0.572263 0.043555
vt 0.574325 0.043542
vt 0.574483 0.031349
vt 0.572418 0.031345
vt 0.57005 0.055793
vt 0.572107 0.055766
vt 0.572263 0.043555
vt 0.570202 0.043568
vt 0.570202 0.043568
vt 0.572263 0.043555
vt 0.572418 0.031345
vt 0.570354 0.031343
vt 0.567992 0.05582
vt 0.57005 0.055793
vt 0.570202 0.043568
vt 0.568141 0.043581
vt 0.568141 0.043581
vt 0.570202 0.043568
vt 0.570354 0.031343
vt 0.568289 0.031342
vt 0.565937 0.055843
vt 0.567992 0.05582
vt 0.568141 0.043581
vt 0.566081 0.043593
vt 0.566081 0.043593
vt 0.568141 0.043581
vt 0.568289 0.031342
vt 0.566225 0.031343
vt 0.563882 0.055865
vt 0.565937 0.055843
vt 0.566081 0.043593
vt 0.564021 0.043604
vt 0.564021 0.043604
vt 0.566081 0.043593
vt 0.566225 0.031343
vt 0.56416 0.031345
vt 0.561828 0.055882
vt 0.563882 0.055865
vt 0.564021 0.043604
vt 0.561962 0.043615
vt 0.561962 0.043615
vt 0.564021 0.043604
vt 0.56416 0.031345
vt 0.562096 0.031347
vt 0.559775 0.055898
vt 0.561828 0.055882
vt 0.561962 0.043615
vt 0.559904 0.043624
vt 0.559904 0.043624
vt 0.561962 0.043615
vt 0.562096 0.031347
vt 0.560032 0.03135
vt 0.557723 0.055908
vt 0.559775 0.055898
vt 0.559904 0.043624
vt 0.557845 0.043631
vt 0.557845 0.043631
vt 0.559904 0.043624
vt 0.560032 0.03135
vt 0.557968 0.031354
vt 0.555671 0.055917
vt 0.557723 0.055908
vt 0.557845 0.043631
vt 0.555788 0.043637
vt 0.555788 0.043637
vt 0.557845 0.043631
vt 0.557968 0.031354
vt 0.555904 0.031358
vt 0.55362 0.055919
vt 0.555671 0.055917
vt 0.555788 0.043637
vt 0.55373 0.04364
vt 0.55373 0.04364
vt 0.555788 0.043637
vt 0.555904 0.031358
vt 0.55384 0.031363
vt 0.551568 0.055921
vt 0.55362 0.055919
vt 0.55373 0.04364
vt 0.551672 0.043643
vt 0.551672 0.043643
vt 0.55373 0.04364
vt 0.55384 0.031363
vt 0.551776 0.031367
vt 0.58654 0.05555
vt 0.588603 0.05552
vt 0.588768 0.043475
vt 0.586704 0.04348
vt 0.586704 0.04348
vt 0.588768 0.043475
vt 0.588933 0.031428
vt 0.586869 0.031411
vt 0.584476 0.055579
vt 0.58654 0.05555
vt 0.586704 0.04348
vt 0.58464 0.043487
vt 0.58464 0.043487
vt 0.586704 0.04348
vt 0.586869 0.031411
vt 0.584805 0.031394
vt 0.552366 0.307785
vt 0.557075 0.303137
vt 0.552316 0.303457
vt 0.547063 0.30774
vt 0.552366 0.307785
vt 0.552316 0.303457
vt 0.547017 0.303449
vt 0.541563 0.312999
vt 0.547028 0.313043
vt 0.547063 0.30774
vt 0.541604 0.307696
vt 0.541604 0.307696
vt 0.547063 0.30774
vt 0.547017 0.303449
vt 0.541601 0.303395
vt 0.536097 0.312951
vt 0.541563 0.312999
vt 0.541604 0.307696
vt 0.536146 0.307648
vt 0.536146 0.307648
vt 0.541604 0.307696
vt 0.541601 0.303395
vt 0.536185 0.303343
vt 0.536097 0.312951
vt 0.536146 0.307648
vt 0.530687 0.307595
vt 0.530632 0.312898
vt 0.536146 0.307648
vt 0.536185 0.303343
vt 0.530769 0.303294
vt 0.530687 0.307595
vt 0.530687 0.307595
vt 0.530769 0.303294
vt 0.525353 0.303247
vt 0.525229 0.307537
vt 0.530632 0.312898
vt 0.530687 0.307595
vt 0.525229 0.307537
vt 0.525168 0.312842
vt 0.536185 0.303343
vt 0.536212 0.300465
vt 0.530893 0.300429
vt 0.530769 0.303294
vt 0.530769 0.303294
vt 0.530893 0.300429
vt 0.525575 0.30041
vt 0.525353 0.303247
vt 0.536212 0.300465
vt 0.536242 0.297178
vt 0.531026 0.297158
vt 0.530893 0.300429
vt 0.530893 0.300429
vt 0.531026 0.297158
vt 0.52581 0.297175
vt 0.525575 0.30041
vt 0.531026 0.297158
vt 0.536242 0.297178
vt 0.536294 0.291715
vt 0.531134 0.29171
vt 0.52581 0.297175
vt 0.531026 0.297158
vt 0.531134 0.29171
vt 0.525973 0.291756
vt 0.531134 0.29171
vt 0.536294 0.291715
vt 0.536358 0.284867
vt 0.531221 0.284872
vt 0.525973 0.291756
vt 0.531134 0.29171
vt 0.531221 0.284872
vt 0.526084 0.284942
vt 0.520786 0.297171
vt 0.52581 0.297175
vt 0.525973 0.291756
vt 0.521003 0.291786
vt 0.521003 0.291786
vt 0.525973 0.291756
vt 0.526084 0.284942
vt 0.521136 0.285002
vt 0.51692 0.297014
vt 0.520786 0.297171
vt 0.521003 0.291786
vt 0.517178 0.291673
vt 0.517178 0.291673
vt 0.521003 0.291786
vt 0.521136 0.285002
vt 0.517329 0.284932
vt 0.517178 0.291673
vt 0.517329 0.284932
vt 0.515405 0.284652
vt 0.515245 0.291324
vt 0.51692 0.297014
vt 0.517178 0.291673
vt 0.515245 0.291324
vt 0.514966 0.296606
vt 0.515245 0.291324
vt 0.515405 0.284652
vt 0.514521 0.284275
vt 0.514359 0.29087
vt 0.514966 0.296606
vt 0.515245 0.291324
vt 0.514359 0.29087
vt 0.514077 0.296071
vt 0.513502 0.290456
vt 0.513231 0.295558
vt 0.514077 0.296071
vt 0.514359 0.29087
vt 0.513662 0.283931
vt 0.513502 0.290456
vt 0.514359 0.29087
vt 0.514521 0.284275
vt 0.512565 0.29009
vt 0.512324 0.295083
vt 0.513231 0.295558
vt 0.513502 0.290456
vt 0.512709 0.283638
vt 0.512565 0.29009
vt 0.513502 0.290456
vt 0.513662 0.283931
vt 0.512818 0.276914
vt 0.512709 0.283638
vt 0.513662 0.283931
vt 0.513781 0.277159
vt 0.513781 0.277159
vt 0.513662 0.283931
vt 0.514521 0.284275
vt 0.514645 0.277451
vt 0.512948 0.270173
vt 0.512818 0.276914
vt 0.513781 0.277159
vt 0.513911 0.270391
vt 0.513911 0.270391
vt 0.513781 0.277159
vt 0.514645 0.277451
vt 0.514775 0.270646
vt 0.513166 0.263639
vt 0.512948 0.270173
vt 0.513911 0.270391
vt 0.514112 0.26386
vt 0.514112 0.26386
vt 0.513911 0.270391
vt 0.514775 0.270646
vt 0.514958 0.264097
vt 0.513577 0.258359
vt 0.513166 0.263639
vt 0.514112 0.26386
vt 0.514472 0.258649
vt 0.514472 0.258649
vt 0.514112 0.26386
vt 0.514958 0.264097
vt 0.51527 0.25893
vt 0.51429 0.255204
vt 0.513577 0.258359
vt 0.514472 0.258649
vt 0.515085 0.255654
vt 0.515085 0.255654
vt 0.514472 0.258649
vt 0.51527 0.25893
vt 0.515795 0.256071
vt 0.515382 0.253531
vt 0.51429 0.255204
vt 0.515085 0.255654
vt 0.516027 0.25417
vt 0.516027 0.25417
vt 0.515085 0.255654
vt 0.515795 0.256071
vt 0.516603 0.254755
vt 0.517631 0.253271
vt 0.516027 0.25417
vt 0.516603 0.254755
vt 0.518035 0.253989
vt 0.517178 0.252481
vt 0.515382 0.253531
vt 0.516027 0.25417
vt 0.517631 0.253271
vt 0.521019 0.251844
vt 0.517178 0.252481
vt 0.517631 0.253271
vt 0.521283 0.252735
vt 0.521283 0.252735
vt 0.517631 0.253271
vt 0.518035 0.253989
vt 0.521517 0.253541
vt 0.521517 0.253541
vt 0.528147 0.253363
vt 0.528047 0.252511
vt 0.521283 0.252735
vt 0.521283 0.252735
vt 0.528047 0.252511
vt 0.527933 0.251566
vt 0.521019 0.251844
vt 0.528147 0.253363
vt 0.536651 0.253378
vt 0.536659 0.252512
vt 0.528047 0.252511
vt 0.528047 0.252511
vt 0.536659 0.252512
vt 0.536667 0.251554
vt 0.527933 0.251566
vt 0.536651 0.253378
vt 0.545153 0.253521
vt 0.545269 0.252672
vt 0.536659 0.252512
vt 0.536659 0.252512
vt 0.545269 0.252672
vt 0.5454 0.251732
vt 0.536667 0.251554
vt 0.545153 0.253521
vt 0.551781 0.253822
vt 0.552028 0.253024
vt 0.545269 0.252672
vt 0.545269 0.252672
vt 0.552028 0.253024
vt 0.552307 0.252141
vt 0.5454 0.251732
vt 0.5454 0.251732
vt 0.552307 0.252141
vt 0.552793 0.251229
vt 0.545585 0.250775
vt 0.536667 0.251554
vt 0.5454 0.251732
vt 0.545585 0.250775
vt 0.536676 0.250576
vt 0.545585 0.250775
vt 0.552793 0.251229
vt 0.555252 0.250093
vt 0.545969 0.249788
vt 0.536676 0.250576
vt 0.545585 0.250775
vt 0.545969 0.249788
vt 0.536685 0.249482
vt 0.552793 0.251229
vt 0.556673 0.25206
vt 0.557441 0.251223
vt 0.555252 0.250093
vt 0.552307 0.252141
vt 0.556136 0.25285
vt 0.556673 0.25206
vt 0.552793 0.251229
vt 0.556136 0.25285
vt 0.557911 0.253935
vt 0.558614 0.253291
vt 0.556673 0.25206
vt 0.556673 0.25206
vt 0.558614 0.253291
vt 0.559629 0.252354
vt 0.557441 0.251223
vt 0.558614 0.253291
vt 0.559809 0.255176
vt 0.560707 0.254578
vt 0.559629 0.252354
vt 0.557911 0.253935
vt 0.558972 0.255629
vt 0.559809 0.255176
vt 0.558614 0.253291
vt 0.558972 0.255629
vt 0.559627 0.258798
vt 0.560574 0.258428
vt 0.559809 0.255176
vt 0.559809 0.255176
vt 0.560574 0.258428
vt 0.561785 0.256802
vt 0.560707 0.254578
vt 0.559627 0.258798
vt 0.559941 0.264086
vt 0.560918 0.263896
vt 0.560574 0.258428
vt 0.560574 0.258428
vt 0.560918 0.263896
vt 0.56193 0.263608
vt 0.561785 0.256802
vt 0.559941 0.264086
vt 0.560038 0.270625
vt 0.561027 0.270483
vt 0.560918 0.263896
vt 0.560918 0.263896
vt 0.561027 0.270483
vt 0.562074 0.270414
vt 0.56193 0.263608
vt 0.560038 0.270625
vt 0.560042 0.277369
vt 0.561024 0.277198
vt 0.561027 0.270483
vt 0.561027 0.270483
vt 0.561024 0.277198
vt 0.562011 0.277065
vt 0.562074 0.270414
vt 0.560042 0.277369
vt 0.560023 0.284095
vt 0.560988 0.283867
vt 0.561024 0.277198
vt 0.561024 0.277198
vt 0.560988 0.283867
vt 0.561949 0.283716
vt 0.562011 0.277065
vt 0.560023 0.284095
vt 0.560045 0.290549
vt 0.560974 0.290269
vt 0.560988 0.283867
vt 0.560988 0.283867
vt 0.560974 0.290269
vt 0.561878 0.290166
vt 0.561949 0.283716
vt 0.560045 0.290549
vt 0.560189 0.295545
vt 0.561057 0.295273
vt 0.560974 0.290269
vt 0.560974 0.290269
vt 0.561057 0.295273
vt 0.561808 0.296617
vt 0.561878 0.290166
vt 0.561808 0.296617
vt 0.561057 0.295273
vt 0.56132 0.297604
vt 0.562042 0.297288
vt 0.561057 0.295273
vt 0.560189 0.295545
vt 0.560531 0.29812
vt 0.56132 0.297604
vt 0.56132 0.297604
vt 0.560531 0.29812
vt 0.561097 0.29914
vt 0.561772 0.298467
vt 0.562042 0.297288
vt 0.56132 0.297604
vt 0.561772 0.298467
vt 0.562276 0.29796
vt 0.557972 0.299964
vt 0.556 0.300488
vt 0.557075 0.303137
vt 0.558802 0.301426
vt 0.558855 0.299349
vt 0.557972 0.299964
vt 0.558802 0.301426
vt 0.559594 0.300638
vt 0.557524 0.297009
vt 0.555564 0.297379
vt 0.556 0.300488
vt 0.557972 0.299964
vt 0.558422 0.296494
vt 0.557524 0.297009
vt 0.557972 0.299964
vt 0.558855 0.299349
vt 0.558422 0.296494
vt 0.558855 0.299349
vt 0.559676 0.298725
vt 0.559276 0.296
vt 0.558855 0.299349
vt 0.559594 0.300638
vt 0.560343 0.299892
vt 0.559676 0.298725
vt 0.559676 0.298725
vt 0.560343 0.299892
vt 0.561097 0.29914
vt 0.560531 0.29812
vt 0.559276 0.296
vt 0.559676 0.298725
vt 0.560531 0.29812
vt 0.560189 0.295545
vt 0.559102 0.290894
vt 0.559276 0.296
vt 0.560189 0.295545
vt 0.560045 0.290549
vt 0.55824 0.291288
vt 0.558422 0.296494
vt 0.559276 0.296
vt 0.559102 0.290894
vt 0.558203 0.284691
vt 0.55824 0.291288
vt 0.559102 0.290894
vt 0.559067 0.284366
vt 0.559067 0.284366
vt 0.559102 0.290894
vt 0.560045 0.290549
vt 0.560023 0.284095
vt 0.558208 0.277866
vt 0.558203 0.284691
vt 0.559067 0.284366
vt 0.559076 0.277592
vt 0.559076 0.277592
vt 0.559067 0.284366
vt 0.560023 0.284095
vt 0.560042 0.277369
vt 0.558204 0.271057
vt 0.558208 0.277866
vt 0.559076 0.277592
vt 0.559071 0.270821
vt 0.559071 0.270821
vt 0.559076 0.277592
vt 0.560042 0.277369
vt 0.560038 0.270625
vt 0.558143 0.264503
vt 0.558204 0.271057
vt 0.559071 0.270821
vt 0.558992 0.264285
vt 0.558992 0.264285
vt 0.559071 0.270821
vt 0.560038 0.270625
vt 0.559941 0.264086
vt 0.557927 0.259329
vt 0.558143 0.264503
vt 0.558992 0.264285
vt 0.558728 0.259066
vt 0.558728 0.259066
vt 0.558992 0.264285
vt 0.559941 0.264086
vt 0.559627 0.258798
vt 0.557455 0.256459
vt 0.557927 0.259329
vt 0.558728 0.259066
vt 0.55817 0.256059
vt 0.55817 0.256059
vt 0.558728 0.259066
vt 0.559627 0.258798
vt 0.558972 0.255629
vt 0.556671 0.255128
vt 0.557455 0.256459
vt 0.55817 0.256059
vt 0.557256 0.254558
vt 0.557256 0.254558
vt 0.55817 0.256059
vt 0.558972 0.255629
vt 0.557911 0.253935
vt 0.555669 0.253628
vt 0.557256 0.254558
vt 0.557911 0.253935
vt 0.556136 0.25285
vt 0.555253 0.254335
vt 0.556671 0.255128
vt 0.557256 0.254558
vt 0.555669 0.253628
vt 0.551781 0.253822
vt 0.555253 0.254335
vt 0.555669 0.253628
vt 0.552028 0.253024
vt 0.552028 0.253024
vt 0.555669 0.253628
vt 0.556136 0.25285
vt 0.552307 0.252141
vt 0.555253 0.254335
vt 0.551781 0.253822
vt 0.551492 0.254503
vt 0.554859 0.254934
vt 0.556671 0.255128
vt 0.555253 0.254335
vt 0.554859 0.254934
vt 0.556153 0.255592
vt 0.554859 0.254934
vt 0.551492 0.254503
vt 0.550689 0.25529
vt 0.554193 0.25561
vt 0.556153 0.255592
vt 0.554859 0.254934
vt 0.554193 0.25561
vt 0.555556 0.255926
vt 0.556774 0.256772
vt 0.556153 0.255592
vt 0.555556 0.255926
vt 0.555553 0.256915
vt 0.557455 0.256459
vt 0.556671 0.255128
vt 0.556153 0.255592
vt 0.556774 0.256772
vt 0.557927 0.259329
vt 0.557455 0.256459
vt 0.556774 0.256772
vt 0.557119 0.259542
vt 0.557119 0.259542
vt 0.556774 0.256772
vt 0.555553 0.256915
vt 0.555441 0.259644
vt 0.558143 0.264503
vt 0.557927 0.259329
vt 0.557119 0.259542
vt 0.557272 0.264702
vt 0.557272 0.264702
vt 0.557119 0.259542
vt 0.555441 0.259644
vt 0.555392 0.264807
vt 0.558204 0.271057
vt 0.558143 0.264503
vt 0.557272 0.264702
vt 0.557313 0.271295
vt 0.557313 0.271295
vt 0.557272 0.264702
vt 0.555392 0.264807
vt 0.555393 0.271429
vt 0.558208 0.277866
vt 0.558204 0.271057
vt 0.557313 0.271295
vt 0.557316 0.278159
vt 0.557316 0.278159
vt 0.557313 0.271295
vt 0.555393 0.271429
vt 0.55539 0.27834
vt 0.558203 0.284691
vt 0.558208 0.277866
vt 0.557316 0.278159
vt 0.557313 0.28505
vt 0.557313 0.28505
vt 0.557316 0.278159
vt 0.55539 0.27834
vt 0.555384 0.285292
vt 0.55824 0.291288
vt 0.558203 0.284691
vt 0.557313 0.28505
vt 0.557346 0.291724
vt 0.557346 0.291724
vt 0.557313 0.28505
vt 0.555384 0.285292
vt 0.555408 0.292035
vt 0.558422 0.296494
vt 0.55824 0.291288
vt 0.557346 0.291724
vt 0.557524 0.297009
vt 0.557524 0.297009
vt 0.557346 0.291724
vt 0.555408 0.292035
vt 0.555564 0.297379
vt 0.551696 0.297463
vt 0.555564 0.297379
vt 0.555408 0.292035
vt 0.551581 0.292076
vt 0.551581 0.292076
vt 0.555408 0.292035
vt 0.555384 0.285292
vt 0.551576 0.28529
vt 0.546673 0.297371
vt 0.551696 0.297463
vt 0.551581 0.292076
vt 0.546613 0.291951
vt 0.546613 0.291951
vt 0.551581 0.292076
vt 0.551576 0.28529
vt 0.54663 0.285137
vt 0.541458 0.297257
vt 0.546673 0.297371
vt 0.546613 0.291951
vt 0.541453 0.291807
vt 0.541453 0.291807
vt 0.546613 0.291951
vt 0.54663 0.285137
vt 0.541494 0.28497
vt 0.536242 0.297178
vt 0.541458 0.297257
vt 0.541453 0.291807
vt 0.536294 0.291715
vt 0.536294 0.291715
vt 0.541453 0.291807
vt 0.541494 0.28497
vt 0.536358 0.284867
vt 0.541494 0.28497
vt 0.54663 0.285137
vt 0.546662 0.278129
vt 0.541543 0.277946
vt 0.536358 0.284867
vt 0.541494 0.28497
vt 0.541543 0.277946
vt 0.536424 0.277837
vt 0.541543 0.277946
vt 0.546662 0.278129
vt 0.546693 0.27121
vt 0.541591 0.271037
vt 0.536424 0.277837
vt 0.541543 0.277946
vt 0.541591 0.271037
vt 0.536488 0.270932
vt 0.531221 0.284872
vt 0.536358 0.284867
vt 0.536424 0.277837
vt 0.531303 0.27785
vt 0.531303 0.27785
vt 0.536424 0.277837
vt 0.536488 0.270932
vt 0.531385 0.270941
vt 0.526084 0.284942
vt 0.531221 0.284872
vt 0.531303 0.27785
vt 0.526183 0.277936
vt 0.526183 0.277936
vt 0.531303 0.27785
vt 0.531385 0.270941
vt 0.526281 0.271019
vt 0.521136 0.285002
vt 0.526084 0.284942
vt 0.526183 0.277936
vt 0.521251 0.278016
vt 0.521251 0.278016
vt 0.526183 0.277936
vt 0.526281 0.271019
vt 0.521365 0.271093
vt 0.517329 0.284932
vt 0.521136 0.285002
vt 0.521251 0.278016
vt 0.517454 0.277982
vt 0.517454 0.277982
vt 0.521251 0.278016
vt 0.521365 0.271093
vt 0.51758 0.271074
vt 0.517454 0.277982
vt 0.51758 0.271074
vt 0.515662 0.270903
vt 0.515532 0.277763
vt 0.517329 0.284932
vt 0.517454 0.277982
vt 0.515532 0.277763
vt 0.515405 0.284652
vt 0.515532 0.277763
vt 0.515662 0.270903
vt 0.514775 0.270646
vt 0.514645 0.277451
vt 0.515405 0.284652
vt 0.515532 0.277763
vt 0.514645 0.277451
vt 0.514521 0.284275
vt 0.51758 0.271074
vt 0.517703 0.264456
vt 0.515826 0.264314
vt 0.515662 0.270903
vt 0.515662 0.270903
vt 0.515826 0.264314
vt 0.514958 0.264097
vt 0.514775 0.270646
vt 0.517703 0.264456
vt 0.517751 0.259296
vt 0.516074 0.259161
vt 0.515826 0.264314
vt 0.515826 0.264314
vt 0.516074 0.259161
vt 0.51527 0.25893
vt 0.514958 0.264097
vt 0.517751 0.259296
vt 0.517689 0.256566
vt 0.51647 0.256399
vt 0.516074 0.259161
vt 0.516074 0.259161
vt 0.51647 0.256399
vt 0.515795 0.256071
vt 0.51527 0.25893
vt 0.517689 0.256566
vt 0.517704 0.255578
vt 0.517113 0.255231
vt 0.51647 0.256399
vt 0.51647 0.256399
vt 0.517113 0.255231
vt 0.516603 0.254755
vt 0.515795 0.256071
vt 0.517113 0.255231
vt 0.518419 0.254598
vt 0.518035 0.253989
vt 0.516603 0.254755
vt 0.517704 0.255578
vt 0.519073 0.255287
vt 0.518419 0.254598
vt 0.517113 0.255231
vt 0.519073 0.255287
vt 0.522582 0.255032
vt 0.521793 0.254229
vt 0.518419 0.254598
vt 0.518419 0.254598
vt 0.521793 0.254229
vt 0.521517 0.253541
vt 0.518035 0.253989
vt 0.528147 0.253363
vt 0.521517 0.253541
vt 0.521793 0.254229
vt 0.528292 0.254092
vt 0.528292 0.254092
vt 0.521793 0.254229
vt 0.522582 0.255032
vt 0.528815 0.25494
vt 0.536651 0.253378
vt 0.528147 0.253363
vt 0.528292 0.254092
vt 0.536644 0.254118
vt 0.536644 0.254118
vt 0.528292 0.254092
vt 0.528815 0.25494
vt 0.536636 0.254974
vt 0.545153 0.253521
vt 0.536651 0.253378
vt 0.536644 0.254118
vt 0.544996 0.254246
vt 0.544996 0.254246
vt 0.536644 0.254118
vt 0.536636 0.254974
vt 0.544457 0.255084
vt 0.551781 0.253822
vt 0.545153 0.253521
vt 0.544996 0.254246
vt 0.551492 0.254503
vt 0.551492 0.254503
vt 0.544996 0.254246
vt 0.544457 0.255084
vt 0.550689 0.25529
vt 0.536623 0.256386
vt 0.543331 0.256471
vt 0.544457 0.255084
vt 0.536636 0.254974
vt 0.543331 0.256471
vt 0.549083 0.256614
vt 0.550689 0.25529
vt 0.544457 0.255084
vt 0.542213 0.259374
vt 0.547512 0.259482
vt 0.549083 0.256614
vt 0.543331 0.256471
vt 0.536596 0.259301
vt 0.542213 0.259374
vt 0.543331 0.256471
vt 0.536623 0.256386
vt 0.530979 0.25927
vt 0.536596 0.259301
vt 0.536623 0.256386
vt 0.529915 0.256348
vt 0.529915 0.256348
vt 0.536623 0.256386
vt 0.536636 0.254974
vt 0.528815 0.25494
vt 0.52568 0.25928
vt 0.530979 0.25927
vt 0.529915 0.256348
vt 0.524163 0.256385
vt 0.524163 0.256385
vt 0.529915 0.256348
vt 0.528815 0.25494
vt 0.522582 0.255032
vt 0.521073 0.259313
vt 0.52568 0.25928
vt 0.524163 0.256385
vt 0.520116 0.256505
vt 0.520116 0.256505
vt 0.524163 0.256385
vt 0.522582 0.255032
vt 0.519073 0.255287
vt 0.517751 0.259296
vt 0.521073 0.259313
vt 0.520116 0.256505
vt 0.517689 0.256566
vt 0.517689 0.256566
vt 0.520116 0.256505
vt 0.519073 0.255287
vt 0.517704 0.255578
vt 0.521419 0.264484
vt 0.526281 0.264446
vt 0.52568 0.25928
vt 0.521073 0.259313
vt 0.517703 0.264456
vt 0.521419 0.264484
vt 0.521073 0.259313
vt 0.517751 0.259296
vt 0.521365 0.271093
vt 0.526281 0.271019
vt 0.526281 0.264446
vt 0.521419 0.264484
vt 0.51758 0.271074
vt 0.521365 0.271093
vt 0.521419 0.264484
vt 0.517703 0.264456
vt 0.526281 0.271019
vt 0.531385 0.270941
vt 0.531395 0.264409
vt 0.526281 0.264446
vt 0.526281 0.264446
vt 0.531395 0.264409
vt 0.530979 0.25927
vt 0.52568 0.25928
vt 0.531385 0.270941
vt 0.536488 0.270932
vt 0.536548 0.264419
vt 0.531395 0.264409
vt 0.531395 0.264409
vt 0.536548 0.264419
vt 0.536596 0.259301
vt 0.530979 0.25927
vt 0.536488 0.270932
vt 0.541591 0.271037
vt 0.541702 0.264505
vt 0.536548 0.264419
vt 0.536548 0.264419
vt 0.541702 0.264505
vt 0.542213 0.259374
vt 0.536596 0.259301
vt 0.541591 0.271037
vt 0.546693 0.27121
vt 0.546815 0.264637
vt 0.541702 0.264505
vt 0.541702 0.264505
vt 0.546815 0.264637
vt 0.547512 0.259482
vt 0.542213 0.259374
vt 0.546693 0.27121
vt 0.551607 0.271376
vt 0.551677 0.264765
vt 0.546815 0.264637
vt 0.546815 0.264637
vt 0.551677 0.264765
vt 0.552118 0.2596
vt 0.547512 0.259482
vt 0.551607 0.271376
vt 0.555393 0.271429
vt 0.555392 0.264807
vt 0.551677 0.264765
vt 0.551677 0.264765
vt 0.555392 0.264807
vt 0.555441 0.259644
vt 0.552118 0.2596
vt 0.552118 0.2596
vt 0.555441 0.259644
vt 0.555553 0.256915
vt 0.553127 0.256808
vt 0.547512 0.259482
vt 0.552118 0.2596
vt 0.553127 0.256808
vt 0.549083 0.256614
vt 0.553127 0.256808
vt 0.555553 0.256915
vt 0.555556 0.255926
vt 0.554193 0.25561
vt 0.549083 0.256614
vt 0.553127 0.256808
vt 0.554193 0.25561
vt 0.550689 0.25529
vt 0.551593 0.278302
vt 0.55539 0.27834
vt 0.555393 0.271429
vt 0.551607 0.271376
vt 0.546662 0.278129
vt 0.551593 0.278302
vt 0.551607 0.271376
vt 0.546693 0.27121
vt 0.551576 0.28529
vt 0.555384 0.285292
vt 0.55539 0.27834
vt 0.551593 0.278302
vt 0.54663 0.285137
vt 0.551576 0.28529
vt 0.551593 0.278302
vt 0.546662 0.278129
vt 0.541458 0.297257
vt 0.54153 0.300529
vt 0.546847 0.30061
vt 0.546673 0.297371
vt 0.536242 0.297178
vt 0.536212 0.300465
vt 0.54153 0.300529
vt 0.541458 0.297257
vt 0.536212 0.300465
vt 0.536185 0.303343
vt 0.541601 0.303395
vt 0.54153 0.300529
vt 0.54153 0.300529
vt 0.541601 0.303395
vt 0.547017 0.303449
vt 0.546847 0.30061
vt 0.546847 0.30061
vt 0.547017 0.303449
vt 0.552316 0.303457
vt 0.551988 0.300658
vt 0.546673 0.297371
vt 0.546847 0.30061
vt 0.551988 0.300658
vt 0.551696 0.297463
vt 0.551988 0.300658
vt 0.552316 0.303457
vt 0.557075 0.303137
vt 0.556 0.300488
vt 0.551696 0.297463
vt 0.551988 0.300658
vt 0.556 0.300488
vt 0.555564 0.297379
vt 0.552366 0.307785
vt 0.547063 0.30774
vt 0.547028 0.313043
vt 0.541513 0.318468
vt 0.536047 0.31842
vt 0.535998 0.323885
vt 0.525168 0.312842
vt 0.530582 0.318368
vt 0.530632 0.312898
vt 0.5153 0.302746
vt 0.519925 0.307484
vt 0.520054 0.303156
s off
f 1/1/1 2/2/2 3/3/3
f 4/4/4 5/5/5 6/6/6
f 4/4/4 6/6/6 7/7/7
f 8/8/8 9/9/9 10/10/10
f 11/11/11 12/12/12 13/13/13
f 11/11/11 13/13/13 14/14/14
f 15/15/15 16/16/16 17/17/17
f 18/18/18 19/19/19 20/20/20
f 18/18/18 20/20/20 21/21/21
f 22/22/22 23/23/23 24/24/24
f 22/22/22 24/24/24 25/25/25
f 26/26/26 27/27/27 28/28/28
f 26/26/26 28/28/28 29/29/29
f 30/30/30 31/31/31 32/32/32
f 30/30/30 32/32/32 33/33/33
f 34/34/34 35/35/35 36/36/36
f 34/34/34 36/36/36 37/37/37
f 38/38/38 39/39/39 40/40/40
f 38/38/38 40/40/40 41/41/41
f 42/42/42 43/43/43 44/44/44
f 42/42/42 44/44/44 45/45/45
f 46/46/46 47/47/47 48/48/48
f 46/46/46 48/48/48 49/49/49
f 50/50/50 51/51/51 52/52/52
f 50/50/50 52/52/52 53/53/53
f 54/54/54 55/55/55 56/56/56
f 54/54/54 56/56/56 57/57/57
f 58/58/58 59/59/59 60/60/60
f 58/58/58 60/60/60 61/61/61
f 62/62/62 63/63/63 64/64/64
f 62/62/62 64/64/64 65/65/65
f 66/66/66 67/67/67 68/68/68
f 66/66/66 68/68/68 69/69/69
f 70/70/70 71/71/71 72/72/72
f 70/70/70 72/72/72 73/73/73
f 74/74/74 75/75/75 76/76/76
f 74/74/74 76/76/76 77/77/77
f 78/78/78 79/79/79 80/80/80
f 78/78/78 80/80/80 81/81/81
f 82/82/82 83/83/83 84/84/84
f 82/82/82 84/84/84 85/85/85
f 86/86/86 87/87/87 88/88/88
f 86/86/86 88/88/88 89/89/89
f 90/90/90 91/91/91 92/92/92
f 90/90/90 92/92/92 93/93/93
f 94/94/94 95/95/95 96/96/96
f 94/94/94 96/96/96 97/97/97
f 98/98/98 99/99/99 100/100/100
f 98/98/98 100/100/100 101/101/101
f 102/102/102 103/103/103 104/104/104
f 102/102/102 104/104/104 105/105/105
f 106/106/106 107/107/107 108/108/108
f 106/106/106 108/108/108 109/109/109
f 110/110/110 111/111/111 112/112/112
f 110/110/110 112/112/112 113/113/113
f 114/114/114 115/115/115 116/116/116
f 114/114/114 116/116/116 117/117/117
f 118/118/118 119/119/119 120/120/120
f 118/118/118 120/120/120 121/121/121
f 122/122/122 123/123/123 124/124/124
f 122/122/122 124/124/124 125/125/125
f 126/126/126 127/127/127 128/128/128
f 126/126/126 128/128/128 129/129/129
f 130/130/130 131/131/131 132/132/132
f 130/130/130 132/132/132 133/133/133
f 134/134/134 135/135/135 136/136/136
f 134/134/134 136/136/136 137/137/137
f 138/138/138 139/139/139 140/140/140
f 138/138/138 140/140/140 141/141/141
f 142/142/142 143/143/143 144/144/144
f 142/142/142 144/144/144 145/145/145
f 146/146/146 147/147/147 148/148/148
f 146/146/146 148/148/148 149/149/149
f 150/150/150 151/151/151 152/152/152
f 150/150/150 152/152/152 153/153/153
f 154/154/154 155/155/155 156/156/156
f 154/154/154 156/156/156 157/157/157
f 158/158/158 159/159/159 160/160/160
f 158/158/158 160/160/160 161/161/161
f 162/162/162 163/163/163 164/164/164
f 162/162/162 164/164/164 165/165/165
f 166/166/166 167/167/167 168/168/168
f 166/166/166 168/168/168 169/169/169
f 170/170/170 171/171/171 172/172/172
f 170/170/170 172/172/172 173/173/173
f 174/174/174 175/175/175 176/176/176
f 174/174/174 176/176/176 177/177/177
f 178/178/178 179/179/179 180/180/180
f 178/178/178 180/180/180 181/181/181
f 182/182/182 183/183/183 184/184/184
f 182/182/182 184/184/184 185/185/185
f 186/186/186 187/187/187 188/188/188
f 186/186/186 188/188/188 189/189/189
f 190/190/190 191/191/191 192/192/192
f 190/190/190 192/192/192 193/193/193
f 194/194/194 195/195/195 196/196/196
f 194/194/194 196/196/196 197/197/197
f 198/198/198 199/199/199 200/200/200
f 198/198/198 200/200/200 201/201/201
f 202/202/202 203/203/203 204/204/204
f 202/202/202 204/204/204 205/205/205
f 206/206/206 207/207/207 208/208/208
f 206/206/206 208/208/208 209/209/209
f 210/210/210 211/211/211 212/212/212
f 210/210/210 212/212/212 213/213/213
f 214/214/214 215/215/215 216/216/216
f 214/214/214 216/216/216 217/217/217
f 218/218/218 219/219/219 220/220/220
f 218/218/218 220/220/220 221/221/221
f 222/222/222 223/223/223 224/224/224
f 222/222/222 224/224/224 225/225/225
f 226/226/226 227/227/227 228/228/228
f 226/226/226 228/228/228 229/229/229
f 230/230/230 231/231/231 232/232/232
f 230/230/230 232/232/232 233/233/233
f 234/234/234 235/235/235 236/236/236
f 234/234/234 236/236/236 237/237/237
f 238/238/238 239/239/239 240/240/240
f 238/238/238 240/240/240 241/241/241
f 242/242/242 243/243/243 244/244/244
f 242/242/242 244/244/244 245/245/245
f 246/246/246 247/247/247 248/248/248
f 246/246/246 248/248/248 249/249/249
f 250/250/250 251/251/251 252/252/252
f 250/250/250 252/252/252 253/253/253
f 254/254/254 255/255/255 256/256/256
f 254/254/254 256/256/256 257/257/257
f 258/258/258 259/259/259 260/260/260
f 258/258/258 260/260/260 261/261/261
f 262/262/262 263/263/263 264/264/264
f 262/262/262 264/264/264 265/265/265
f 266/266/266 267/267/267 268/268/268
f 266/266/266 268/268/268 269/269/269
f 270/270/270 271/271/271 272/272/272
f 270/270/270 272/272/272 273/273/273
f 274/274/274 275/275/275 276/276/276
f 274/274/274 276/276/276 277/277/277
f 278/278/278 279/279/279 280/280/280
f 278/278/278 280/280/280 281/281/281
f 282/282/282 283/283/283 284/284/284
f 282/282/282 284/284/284 285/285/285
f 286/286/286 287/287/287 288/288/288
f 286/286/286 288/288/288 289/289/289
f 290/290/290 291/291/291 292/292/292
f 290/290/290 292/292/292 293/293/293
f 294/294/294 295/295/295 296/296/296
f 294/294/294 296/296/296 297/297/297
f 298/298/298 299/299/299 300/300/300
f 298/298/298 300/300/300 301/301/301
f 302/302/302 303/303/303 304/304/304
f 302/302/302 304/304/304 305/305/305
f 306/306/306 307/307/307 308/308/308
f 306/306/306 308/308/308 309/309/309
f 310/310/310 311/311/311 312/312/312
f 310/310/310 312/312/312 313/313/313
f 314/314/314 315/315/315 316/316/316
f 314/314/314 316/316/316 317/317/317
f 318/318/318 319/319/319 320/320/320
f 318/318/318 320/320/320 321/321/321
f 322/322/322 323/323/323 324/324/324
f 322/322/322 324/324/324 325/325/325
f 326/326/326 327/327/327 328/328/328
f 326/326/326 328/328/328 329/329/329
f 330/330/330 331/331/331 332/332/332
f 330/330/330 332/332/332 333/333/333
f 334/334/334 335/335/335 336/336/336
f 334/334/334 336/336/336 337/337/337
f 338/338/338 339/339/339 340/340/340
f 338/338/338 340/340/340 341/341/341
f 342/342/342 343/343/343 344/344/344
f 342/342/342 344/344/344 345/345/345
f 346/346/346 347/347/347 348/348/348
f 346/346/346 348/348/348 349/349/349
f 350/350/350 351/351/351 352/352/352
f 350/350/350 352/352/352 353/353/353
f 354/354/354 355/355/355 356/356/356
f 354/354/354 356/356/356 357/357/357
f 358/358/358 359/359/359 360/360/360
f 358/358/358 360/360/360 361/361/361
f 362/362/362 363/363/363 364/364/364
f 362/362/362 364/364/364 365/365/365
f 366/366/366 367/367/367 368/368/368
f 366/366/366 368/368/368 369/369/369
f 370/370/370 371/371/371 372/372/372
f 370/370/370 372/372/372 373/373/373
f 374/374/374 375/375/375 376/376/376
f 374/374/374 376/376/376 377/377/377
f 378/378/378 379/379/379 380/380/380
f 378/378/378 380/380/380 381/381/381
f 382/382/382 383/383/383 384/384/384
f 382/382/382 384/384/384 385/385/385
f 386/386/386 387/387/387 388/388/388
f 386/386/386 388/388/388 389/389/389
f 390/390/390 391/391/391 392/392/392
f 390/390/390 392/392/392 393/393/393
f 394/394/394 395/395/395 396/396/396
f 394/394/394 396/396/396 397/397/397
f 398/398/398 399/399/399 400/400/400
f 398/398/398 400/400/400 401/401/401
f 402/402/402 403/403/403 404/404/404
f 402/402/402 404/404/404 405/405/405
f 406/406/406 407/407/407 408/408/408
f 406/406/406 408/408/408 409/409/409
f 410/410/410 411/411/411 412/412/412
f 410/410/410 412/412/412 413/413/413
f 414/414/414 415/415/415 416/416/416
f 414/414/414 416/416/416 417/417/417
f 418/418/418 419/419/419 420/420/420
f 418/418/418 420/420/420 421/421/421
f 422/422/422 423/423/423 424/424/424
f 422/422/422 424/424/424 425/425/425
f 426/426/426 427/427/427 428/428/428
f 426/426/426 428/428/428 429/429/429
f 430/430/430 431/431/431 432/432/432
f 430/430/430 432/432/432 433/433/433
f 434/434/434 435/435/435 436/436/436
f 434/434/434 436/436/436 437/437/437
f 438/438/438 439/439/439 440/440/440
f 438/438/438 440/440/440 441/441/441
f 442/442/442 443/443/443 444/444/444
f 442/442/442 444/444/444 445/445/445
f 446/446/446 447/447/447 448/448/448
f 446/446/446 448/448/448 449/449/449
f 450/450/450 451/451/451 452/452/452
f 450/450/450 452/452/452 453/453/453
f 454/454/454 455/455/455 456/456/456
f 454/454/454 456/456/456 457/457/457
f 458/458/458 459/459/459 460/460/460
f 458/458/458 460/460/460 461/461/461
f 462/462/462 463/463/463 464/464/464
f 462/462/462 464/464/464 465/465/465
f 466/466/466 467/467/467 468/468/468
f 466/466/466 468/468/468 469/469/469
f 470/470/470 471/471/471 472/472/472
f 470/470/470 472/472/472 473/473/473
f 474/474/474 475/475/475 476/476/476
f 474/474/474 476/476/476 477/477/477
f 478/478/478 479/479/479 480/480/480
f 478/478/478 480/480/480 481/481/481
f 482/482/482 483/483/483 484/484/484
f 482/482/482 484/484/484 485/485/485
f 486/486/486 487/487/487 488/488/488
f 486/486/486 488/488/488 489/489/489
f 490/490/490 491/491/491 492/492/492
f 490/490/490 492/492/492 493/493/493
f 494/494/494 495/495/495 496/496/496
f 494/494/494 496/496/496 497/497/497
f 498/498/498 499/499/499 500/500/500
f 498/498/498 500/500/500 501/501/501
f 502/502/502 503/503/503 504/504/504
f 502/502/502 504/504/504 505/505/505
f 506/506/506 507/507/507 508/508/508
f 506/506/506 508/508/508 509/509/509
f 510/510/510 511/511/511 512/512/512
f 510/510/510 512/512/512 513/513/513
f 514/514/514 515/515/515 516/516/516
f 514/514/514 516/516/516 517/517/517
f 518/518/518 519/519/519 520/520/520
f 518/518/518 520/520/520 521/521/521
f 522/522/522 523/523/523 524/524/524
f 522/522/522 524/524/524 525/525/525
f 526/526/526 527/527/527 528/528/528
f 526/526/526 528/528/528 529/529/529
f 530/530/530 531/531/531 532/532/532
f 530/530/530 532/532/532 533/533/533
f 534/534/534 535/535/535 536/536/536
f 534/534/534 536/536/536 537/537/537
f 538/538/538 539/539/539 540/540/540
f 538/538/538 540/540/540 541/541/541
f 542/542/542 543/543/543 544/544/544
f 542/542/542 544/544/544 545/545/545
f 546/546/546 547/547/547 548/548/548
f 546/546/546 548/548/548 549/549/549
f 550/550/550 551/551/551 552/552/552
f 550/550/550 552/552/552 553/553/553
f 554/554/554 555/555/555 556/556/556
f 554/554/554 556/556/556 557/557/557
f 558/558/558 559/559/559 560/560/560
f 558/558/558 560/560/560 561/561/561
f 562/562/562 563/563/563 564/564/564
f 562/562/562 564/564/564 565/565/565
f 566/566/566 567/567/567 568/568/568
f 566/566/566 568/568/568 569/569/569
f 570/570/570 571/571/571 572/572/572
f 570/570/570 572/572/572 573/573/573
f 574/574/574 575/575/575 576/576/576
f 574/574/574 576/576/576 577/577/577
f 578/578/578 579/579/579 580/580/580
f 578/578/578 580/580/580 581/581/581
f 582/582/582 583/583/583 584/584/584
f 582/582/582 584/584/584 585/585/585
f 586/586/586 587/587/587 588/588/588
f 586/586/586 588/588/588 589/589/589
f 590/590/590 591/591/591 592/592/592
f 590/590/590 592/592/592 593/593/593
f 594/594/594 595/595/595 596/596/596
f 594/594/594 596/596/596 597/597/597
f 598/598/598 599/599/599 600/600/600
f 598/598/598 600/600/600 601/601/601
f 602/602/602 603/603/603 604/604/604
f 602/602/602 604/604/604 605/605/605
f 606/606/606 607/607/607 608/608/608
f 606/606/606 608/608/608 609/609/609
f 610/610/610 611/611/611 612/612/612
f 610/610/610 612/612/612 613/613/613
f 614/614/614 615/615/615 616/616/616
f 614/614/614 616/616/616 617/617/617
f 618/618/618 619/619/619 620/620/620
f 618/618/618 620/620/620 621/621/621
f 622/622/622 623/623/623 624/624/624
f 622/622/622 624/624/624 625/625/625
f 626/626/626 627/627/627 628/628/628
f 626/626/626 628/628/628 629/629/629
f 630/630/630 631/631/631 632/632/632
f 630/630/630 632/632/632 633/633/633
f 634/634/634 635/635/635 636/636/636
f 634/634/634 636/636/636 637/637/637
f 638/638/638 639/639/639 640/640/640
f 638/638/638 640/640/640 641/641/641
f 642/642/642 643/643/643 644/644/644
f 642/642/642 644/644/644 645/645/645
f 646/646/646 647/647/647 648/648/648
f 646/646/646 648/648/648 649/649/649
f 650/650/650 651/651/651 652/652/652
f 650/650/650 652/652/652 653/653/653
f 654/654/654 655/655/655 656/656/656
f 654/654/654 656/656/656 657/657/657
f 658/658/658 659/659/659 660/660/660
f 658/658/658 660/660/660 661/661/661
f 662/662/662 663/663/663 664/664/664
f 662/662/662 664/664/664 665/665/665
f 666/666/666 667/667/667 668/668/668
f 666/666/666 668/668/668 669/669/669
f 670/670/670 671/671/671 672/672/672
f 670/670/670 672/672/672 673/673/673
f 674/674/674 675/675/675 676/676/676
f 674/674/674 676/676/676 677/677/677
f 678/678/678 679/679/679 680/680/680
f 678/678/678 680/680/680 681/681/681
f 682/682/682 683/683/683 684/684/684
f 682/682/682 684/684/684 685/685/685
f 686/686/686 687/687/687 688/688/688
f 686/686/686 688/688/688 689/689/689
f 690/690/690 691/691/691 692/692/692
f 690/690/690 692/692/692 693/693/693
f 694/694/694 695/695/695 696/696/696
f 694/694/694 696/696/696 697/697/697
f 698/698/698 699/699/699 700/700/700
f 698/698/698 700/700/700 701/701/701
f 702/702/702 703/703/703 704/704/704
f 702/702/702 704/704/704 705/705/705
f 706/706/706 707/707/707 708/708/708
f 706/706/706 708/708/708 709/709/709
f 710/710/710 711/711/711 712/712/712
f 710/710/710 712/712/712 713/713/713
f 714/714/714 715/715/715 716/716/716
f 714/714/714 716/716/716 717/717/717
f 718/718/718 719/719/719 720/720/720
f 718/718/718 720/720/720 721/721/721
f 722/722/722 723/723/723 724/724/724
f 722/722/722 724/724/724 725/725/725
f 726/726/726 727/727/727 728/728/728
f 726/726/726 728/728/728 729/729/729
f 730/730/730 731/731/731 732/732/732
f 730/730/730 732/732/732 733/733/733
f 734/734/734 735/735/735 736/736/736
f 734/734/734 736/736/736 737/737/737
f 738/738/738 739/739/739 740/740/740
f 738/738/738 740/740/740 741/741/741
f 742/742/742 743/743/743 744/744/744
f 742/742/742 744/744/744 745/745/745
f 746/746/746 747/747/747 748/748/748
f 746/746/746 748/748/748 749/749/749
f 750/750/750 751/751/751 752/752/752
f 750/750/750 752/752/752 753/753/753
f 754/754/754 755/755/755 756/756/756
f 754/754/754 756/756/756 757/757/757
f 758/758/758 759/759/759 760/760/760
f 758/758/758 760/760/760 761/761/761
f 762/762/762 763/763/763 764/764/764
f 762/762/762 764/764/764 765/765/765
f 766/766/766 767/767/767 768/768/768
f 766/766/766 768/768/768 769/769/769
f 770/770/770 771/771/771 772/772/772
f 770/770/770 772/772/772 773/773/773
f 774/774/774 775/775/775 776/776/776
f 774/774/774 776/776/776 777/777/777
f 778/778/778 779/779/779 780/780/780
f 778/778/778 780/780/780 781/781/781
f 782/782/782 783/783/783 784/784/784
f 782/782/782 784/784/784 785/785/785
f 786/786/786 787/787/787 788/788/788
f 786/786/786 788/788/788 789/789/789
f 790/790/790 791/791/791 792/792/792
f 790/790/790 792/792/792 793/793/793
f 794/794/794 795/795/795 796/796/796
f 794/794/794 796/796/796 797/797/797
f 798/798/798 799/799/799 800/800/800
f 798/798/798 800/800/800 801/801/801
f 802/802/802 803/803/803 804/804/804
f 802/802/802 804/804/804 805/805/805
f 806/806/806 807/807/807 808/808/808
f 806/806/806 808/808/808 809/809/809
f 810/810/810 811/811/811 812/812/812
f 810/810/810 812/812/812 813/813/813
f 814/814/814 815/815/815 816/816/816
f 814/814/814 816/816/816 817/817/817
f 818/818/818 819/819/819 820/820/820
f 818/818/818 820/820/820 821/821/821
f 822/822/822 823/823/823 824/824/824
f 822/822/822 824/824/824 825/825/825
f 826/826/826 827/827/827 828/828/828
f 826/826/826 828/828/828 829/829/829
f 830/830/830 831/831/831 832/832/832
f 830/830/830 832/832/832 833/833/833
f 834/834/834 835/835/835 836/836/836
f 834/834/834 836/836/836 837/837/837
f 838/838/838 839/839/839 840/840/840
f 838/838/838 840/840/840 841/841/841
f 842/842/842 843/843/843 844/844/844
f 842/842/842 844/844/844 845/845/845
f 846/846/846 847/847/847 848/848/848
f 846/846/846 848/848/848 849/849/849
f 850/850/850 851/851/851 852/852/852
f 850/850/850 852/852/852 853/853/853
f 854/854/854 855/855/855 856/856/856
f 854/854/854 856/856/856 857/857/857
f 858/858/858 859/859/859 860/860/860
f 858/858/858 860/860/860 861/861/861
f 862/862/862 863/863/863 864/864/864
f 862/862/862 864/864/864 865/865/865
f 866/866/866 867/867/867 868/868/868
f 866/866/866 868/868/868 869/869/869
f 870/870/870 871/871/871 872/872/872
f 870/870/870 872/872/872 873/873/873
f 874/874/874 875/875/875 876/876/876
f 874/874/874 876/876/876 877/877/877
f 878/878/878 879/879/879 880/880/880
f 878/878/878 880/880/880 881/881/881
f 882/882/882 883/883/883 884/884/884
f 882/882/882 884/884/884 885/885/885
f 886/886/886 887/887/887 888/888/888
f 886/886/886 888/888/888 889/889/889
f 890/890/890 891/891/891 892/892/892
f 890/890/890 892/892/892 893/893/893
f 894/894/894 895/895/895 896/896/896
f 894/894/894 896/896/896 897/897/897
f 898/898/898 899/899/899 900/900/900
f 898/898/898 900/900/900 901/901/901
f 902/902/902 903/903/903 904/904/904
f 902/902/902 904/904/904 905/905/905
f 906/906/906 907/907/907 908/908/908
f 906/906/906 908/908/908 909/909/909
f 910/910/910 911/911/911 912/912/912
f 910/910/910 912/912/912 913/913/913
f 914/914/914 915/915/915 916/916/916
f 914/914/914 916/916/916 917/917/917
f 918/918/918 919/919/919 920/920/920
f 918/918/918 920/920/920 921/921/921
f 922/922/922 923/923/923 924/924/924
f 922/922/922 924/924/924 925/925/925
f 926/926/926 927/927/927 928/928/928
f 926/926/926 928/928/928 929/929/929
f 930/930/930 931/931/931 932/932/932
f 930/930/930 932/932/932 933/933/933
f 934/934/934 935/935/935 936/936/936
f 934/934/934 936/936/936 937/937/937
f 938/938/938 939/939/939 940/940/940
f 938/938/938 940/940/940 941/941/941
f 942/942/942 943/943/943 944/944/944
f 942/942/942 944/944/944 945/945/945
f 946/946/946 947/947/947 948/948/948
f 946/946/946 948/948/948 949/949/949
f 950/950/950 951/951/951 952/952/952
f 950/950/950 952/952/952 953/953/953
f 954/954/954 955/955/955 956/956/956
f 954/954/954 956/956/956 957/957/957
f 958/958/958 959/959/959 960/960/960
f 958/958/958 960/960/960 961/961/961
f 962/962/962 963/963/963 964/964/964
f 962/962/962 964/964/964 965/965/965
f 966/966/966 967/967/967 968/968/968
f 966/966/966 968/968/968 969/969/969
f 970/970/970 971/971/971 972/972/972
f 970/970/970 972/972/972 973/973/973
f 974/974/974 975/975/975 976/976/976
f 974/974/974 976/976/976 977/977/977
f 978/978/978 979/979/979 980/980/980
f 978/978/978 980/980/980 981/981/981
f 982/982/982 983/983/983 984/984/984
f 982/982/982 984/984/984 985/985/985
f 986/986/986 987/987/987 988/988/988
f 986/986/986 988/988/988 989/989/989
f 990/990/990 991/991/991 992/992/992
f 990/990/990 992/992/992 993/993/993
f 994/994/994 995/995/995 996/996/996
f 994/994/994 996/996/996 997/997/997
f 998/998/998 999/999/999 1000/1000/1000
f 998/998/998 1000/1000/1000 1001/1001/1001
f 1002/1002/1002 1003/1003/1003 1004/1004/1004
f 1002/1002/1002 1004/1004/1004 1005/1005/1005
f 1006/1006/1006 1007/1007/1007 1008/1008/1008
f 1006/1006/1006 1008/1008/1008 1009/1009/1009
f 1010/1010/1010 1011/1011/1011 1012/1012/1012
f 1010/1010/1010 1012/1012/1012 1013/1013/1013
f 1014/1014/1014 1015/1015/1015 1016/1016/1016
f 1014/1014/1014 1016/1016/1016 1017/1017/1017
f 1018/1018/1018 1019/1019/1019 1020/1020/1020
f 1018/1018/1018 1020/1020/1020 1021/1021/1021
f 1022/1022/1022 1023/1023/1023 1024/1024/1024
f 1022/1022/1022 1024/1024/1024 1025/1025/1025
f 1026/1026/1026 1027/1027/1027 1028/1028/1028
f 1026/1026/1026 1028/1028/1028 1029/1029/1029
f 1030/1030/1030 1031/1031/1031 1032/1032/1032
f 1030/1030/1030 1032/1032/1032 1033/1033/1033
f 1034/1034/1034 1035/1035/1035 1036/1036/1036
f 1034/1034/1034 1036/1036/1036 1037/1037/1037
f 1038/1038/1038 1039/1039/1039 1040/1040/1040
f 1038/1038/1038 1040/1040/1040 1041/1041/1041
f 1042/1042/1042 1043/1043/1043 1044/1044/1044
f 1042/1042/1042 1044/1044/1044 1045/1045/1045
f 1046/1046/1046 1047/1047/1047 1048/1048/1048
f 1046/1046/1046 1048/1048/1048 1049/1049/1049
f 1050/1050/1050 1051/1051/1051 1052/1052/1052
f 1050/1050/1050 1052/1052/1052 1053/1053/1053
f 1054/1054/1054 1055/1055/1055 1056/1056/1056
f 1054/1054/1054 1056/1056/1056 1057/1057/1057
f 1058/1058/1058 1059/1059/1059 1060/1060/1060
f 1058/1058/1058 1060/1060/1060 1061/1061/1061
f 1062/1062/1062 1063/1063/1063 1064/1064/1064
f 1062/1062/1062 1064/1064/1064 1065/1065/1065
f 1066/1066/1066 1067/1067/1067 1068/1068/1068
f 1066/1066/1066 1068/1068/1068 1069/1069/1069
f 1070/1070/1070 1071/1071/1071 1072/1072/1072
f 1070/1070/1070 1072/1072/1072 1073/1073/1073
f 1074/1074/1074 1075/1075/1075 1076/1076/1076
f 1074/1074/1074 1076/1076/1076 1077/1077/1077
f 1078/1078/1078 1079/1079/1079 1080/1080/1080
f 1078/1078/1078 1080/1080/1080 1081/1081/1081
f 1082/1082/1082 1083/1083/1083 1084/1084/1084
f 1082/1082/1082 1084/1084/1084 1085/1085/1085
f 1086/1086/1086 1087/1087/1087 1088/1088/1088
f 1086/1086/1086 1088/1088/1088 1089/1089/1089
f 1090/1090/1090 1091/1091/1091 1092/1092/1092
f 1090/1090/1090 1092/1092/1092 1093/1093/1093
f 1094/1094/1094 1095/1095/1095 1096/1096/1096
f 1094/1094/1094 1096/1096/1096 1097/1097/1097
f 1098/1098/1098 1099/1099/1099 1100/1100/1100
f 1098/1098/1098 1100/1100/1100 1101/1101/1101
f 1102/1102/1102 1103/1103/1103 1104/1104/1104
f 1102/1102/1102 1104/1104/1104 1105/1105/1105
f 1106/1106/1106 1107/1107/1107 1108/1108/1108
f 1106/1106/1106 1108/1108/1108 1109/1109/1109
f 1110/1110/1110 1111/1111/1111 1112/1112/1112
f 1110/1110/1110 1112/1112/1112 1113/1113/1113
f 1114/1114/1114 1115/1115/1115 1116/1116/1116
f 1114/1114/1114 1116/1116/1116 1117/1117/1117
f 1118/1118/1118 1119/1119/1119 1120/1120/1120
f 1118/1118/1118 1120/1120/1120 1121/1121/1121
f 1122/1122/1122 1123/1123/1123 1124/1124/1124
f 1122/1122/1122 1124/1124/1124 1125/1125/1125
f 1126/1126/1126 1127/1127/1127 1128/1128/1128
f 1126/1126/1126 1128/1128/1128 1129/1129/1129
f 1130/1130/1130 1131/1131/1131 1132/1132/1132
f 1130/1130/1130 1132/1132/1132 1133/1133/1133
f 1134/1134/1134 1135/1135/1135 1136/1136/1136
f 1134/1134/1134 1136/1136/1136 1137/1137/1137
f 1138/1138/1138 1139/1139/1139 1140/1140/1140
f 1138/1138/1138 1140/1140/1140 1141/1141/1141
f 1142/1142/1142 1143/1143/1143 1144/1144/1144
f 1142/1142/1142 1144/1144/1144 1145/1145/1145
f 1146/1146/1146 1147/1147/1147 1148/1148/1148
f 1146/1146/1146 1148/1148/1148 1149/1149/1149
f 1150/1150/1150 1151/1151/1151 1152/1152/1152
f 1150/1150/1150 1152/1152/1152 1153/1153/1153
f 1154/1154/1154 1155/1155/1155 1156/1156/1156
f 1154/1154/1154 1156/1156/1156 1157/1157/1157
f 1158/1158/1158 1159/1159/1159 1160/1160/1160
f 1158/1158/1158 1160/1160/1160 1161/1161/1161
f 1162/1162/1162 1163/1163/1163 1164/1164/1164
f 1162/1162/1162 1164/1164/1164 1165/1165/1165
f 1166/1166/1166 1167/1167/1167 1168/1168/1168
f 1166/1166/1166 1168/1168/1168 1169/1169/1169
f 1170/1170/1170 1171/1171/1171 1172/1172/1172
f 1170/1170/1170 1172/1172/1172 1173/1173/1173
f 1174/1174/1174 1175/1175/1175 1176/1176/1176
f 1174/1174/1174 1176/1176/1176 1177/1177/1177
f 1178/1178/1178 1179/1179/1179 1180/1180/1180
f 1178/1178/1178 1180/1180/1180 1181/1181/1181
f 1182/1182/1182 1183/1183/1183 1184/1184/1184
f 1182/1182/1182 1184/1184/1184 1185/1185/1185
f 1186/1186/1186 1187/1187/1187 1188/1188/1188
f 1186/1186/1186 1188/1188/1188 1189/1189/1189
f 1190/1190/1190 1191/1191/1191 1192/1192/1192
f 1190/1190/1190 1192/1192/1192 1193/1193/1193
f 1194/1194/1194 1195/1195/1195 1196/1196/1196
f 1194/1194/1194 1196/1196/1196 1197/1197/1197
f 1198/1198/1198 1199/1199/1199 1200/1200/1200
f 1198/1198/1198 1200/1200/1200 1201/1201/1201
f 1202/1202/1202 1203/1203/1203 1204/1204/1204
f 1202/1202/1202 1204/1204/1204 1205/1205/1205
f 1206/1206/1206 1207/1207/1207 1208/1208/1208
f 1206/1206/1206 1208/1208/1208 1209/1209/1209
f 1210/1210/1210 1211/1211/1211 1212/1212/1212
f 1210/1210/1210 1212/1212/1212 1213/1213/1213
f 1214/1214/1214 1215/1215/1215 1216/1216/1216
f 1214/1214/1214 1216/1216/1216 1217/1217/1217
f 1218/1218/1218 1219/1219/1219 1220/1220/1220
f 1218/1218/1218 1220/1220/1220 1221/1221/1221
f 1222/1222/1222 1223/1223/1223 1224/1224/1224
f 1222/1222/1222 1224/1224/1224 1225/1225/1225
f 1226/1226/1226 1227/1227/1227 1228/1228/1228
f 1226/1226/1226 1228/1228/1228 1229/1229/1229
f 1230/1230/1230 1231/1231/1231 1232/1232/1232
f 1230/1230/1230 1232/1232/1232 1233/1233/1233
f 1234/1234/1234 1235/1235/1235 1236/1236/1236
f 1234/1234/1234 1236/1236/1236 1237/1237/1237
f 1238/1238/1238 1239/1239/1239 1240/1240/1240
f 1238/1238/1238 1240/1240/1240 1241/1241/1241
f 1242/1242/1242 1243/1243/1243 1244/1244/1244
f 1242/1242/1242 1244/1244/1244 1245/1245/1245
f 1246/1246/1246 1247/1247/1247 1248/1248/1248
f 1246/1246/1246 1248/1248/1248 1249/1249/1249
f 1250/1250/1250 1251/1251/1251 1252/1252/1252
f 1250/1250/1250 1252/1252/1252 1253/1253/1253
f 1254/1254/1254 1255/1255/1255 1256/1256/1256
f 1254/1254/1254 1256/1256/1256 1257/1257/1257
f 1258/1258/1258 1259/1259/1259 1260/1260/1260
f 1258/1258/1258 1260/1260/1260 1261/1261/1261
f 1262/1262/1262 1263/1263/1263 1264/1264/1264
f 1262/1262/1262 1264/1264/1264 1265/1265/1265
f 1266/1266/1266 1267/1267/1267 1268/1268/1268
f 1266/1266/1266 1268/1268/1268 1269/1269/1269
f 1270/1270/1270 1271/1271/1271 1272/1272/1272
f 1270/1270/1270 1272/1272/1272 1273/1273/1273
f 1274/1274/1274 1275/1275/1275 1276/1276/1276
f 1274/1274/1274 1276/1276/1276 1277/1277/1277
f 1278/1278/1278 1279/1279/1279 1280/1280/1280
f 1278/1278/1278 1280/1280/1280 1281/1281/1281
f 1282/1282/1282 1283/1283/1283 1284/1284/1284
f 1282/1282/1282 1284/1284/1284 1285/1285/1285
f 1286/1286/1286 1287/1287/1287 1288/1288/1288
f 1286/1286/1286 1288/1288/1288 1289/1289/1289
f 1290/1290/1290 1291/1291/1291 1292/1292/1292
f 1290/1290/1290 1292/1292/1292 1293/1293/1293
f 1294/1294/1294 1295/1295/1295 1296/1296/1296
f 1294/1294/1294 1296/1296/1296 1297/1297/1297
f 1298/1298/1298 1299/1299/1299 1300/1300/1300
f 1298/1298/1298 1300/1300/1300 1301/1301/1301
f 1302/1302/1302 1303/1303/1303 1304/1304/1304
f 1302/1302/1302 1304/1304/1304 1305/1305/1305
f 1306/1306/1306 1307/1307/1307 1308/1308/1308
f 1306/1306/1306 1308/1308/1308 1309/1309/1309
f 1310/1310/1310 1311/1311/1311 1312/1312/1312
f 1310/1310/1310 1312/1312/1312 1313/1313/1313
f 1314/1314/1314 1315/1315/1315 1316/1316/1316
f 1314/1314/1314 1316/1316/1316 1317/1317/1317
f 1318/1318/1318 1319/1319/1319 1320/1320/1320
f 1318/1318/1318 1320/1320/1320 1321/1321/1321
f 1322/1322/1322 1323/1323/1323 1324/1324/1324
f 1322/1322/1322 1324/1324/1324 1325/1325/1325
f 1326/1326/1326 1327/1327/1327 1328/1328/1328
f 1326/1326/1326 1328/1328/1328 1329/1329/1329
f 1330/1330/1330 1331/1331/1331 1332/1332/1332
f 1330/1330/1330 1332/1332/1332 1333/1333/1333
f 1334/1334/1334 1335/1335/1335 1336/1336/1336
f 1334/1334/1334 1336/1336/1336 1337/1337/1337
f 1338/1338/1338 1339/1339/1339 1340/1340/1340
f 1338/1338/1338 1340/1340/1340 1341/1341/1341
f 1342/1342/1342 1343/1343/1343 1344/1344/1344
f 1342/1342/1342 1344/1344/1344 1345/1345/1345
f 1346/1346/1346 1347/1347/1347 1348/1348/1348
f 1346/1346/1346 1348/1348/1348 1349/1349/1349
f 1350/1350/1350 1351/1351/1351 1352/1352/1352
f 1350/1350/1350 1352/1352/1352 1353/1353/1353
f 1354/1354/1354 1355/1355/1355 1356/1356/1356
f 1354/1354/1354 1356/1356/1356 1357/1357/1357
f 1358/1358/1358 1359/1359/1359 1360/1360/1360
f 1358/1358/1358 1360/1360/1360 1361/1361/1361
f 1362/1362/1362 1363/1363/1363 1364/1364/1364
f 1362/1362/1362 1364/1364/1364 1365/1365/1365
f 1366/1366/1366 1367/1367/1367 1368/1368/1368
f 1366/1366/1366 1368/1368/1368 1369/1369/1369
f 1370/1370/1370 1371/1371/1371 1372/1372/1372
f 1370/1370/1370 1372/1372/1372 1373/1373/1373
f 1374/1374/1374 1375/1375/1375 1376/1376/1376
f 1374/1374/1374 1376/1376/1376 1377/1377/1377
f 1378/1378/1378 1379/1379/1379 1380/1380/1380
f 1378/1378/1378 1380/1380/1380 1381/1381/1381
f 1382/1382/1382 1383/1383/1383 1384/1384/1384
f 1382/1382/1382 1384/1384/1384 1385/1385/1385
f 1386/1386/1386 1387/1387/1387 1388/1388/1388
f 1386/1386/1386 1388/1388/1388 1389/1389/1389
f 1390/1390/1390 1391/1391/1391 1392/1392/1392
f 1390/1390/1390 1392/1392/1392 1393/1393/1393
f 1394/1394/1394 1395/1395/1395 1396/1396/1396
f 1394/1394/1394 1396/1396/1396 1397/1397/1397
f 1398/1398/1398 1399/1399/1399 1400/1400/1400
f 1398/1398/1398 1400/1400/1400 1401/1401/1401
f 1402/1402/1402 1403/1403/1403 1404/1404/1404
f 1402/1402/1402 1404/1404/1404 1405/1405/1405
f 1406/1406/1406 1407/1407/1407 1408/1408/1408
f 1406/1406/1406 1408/1408/1408 1409/1409/1409
f 1410/1410/1410 1411/1411/1411 1412/1412/1412
f 1410/1410/1410 1412/1412/1412 1413/1413/1413
f 1414/1414/1414 1415/1415/1415 1416/1416/1416
f 1414/1414/1414 1416/1416/1416 1417/1417/1417
f 1418/1418/1418 1419/1419/1419 1420/1420/1420
f 1418/1418/1418 1420/1420/1420 1421/1421/1421
f 1422/1422/1422 1423/1423/1423 1424/1424/1424
f 1422/1422/1422 1424/1424/1424 1425/1425/1425
f 1426/1426/1426 1427/1427/1427 1428/1428/1428
f 1426/1426/1426 1428/1428/1428 1429/1429/1429
f 1430/1430/1430 1431/1431/1431 1432/1432/1432
f 1430/1430/1430 1432/1432/1432 1433/1433/1433
f 1434/1434/1434 1435/1435/1435 1436/1436/1436
f 1434/1434/1434 1436/1436/1436 1437/1437/1437
f 1438/1438/1438 1439/1439/1439 1440/1440/1440
f 1438/1438/1438 1440/1440/1440 1441/1441/1441
f 1442/1442/1442 1443/1443/1443 1444/1444/1444
f 1442/1442/1442 1444/1444/1444 1445/1445/1445
f 1446/1446/1446 1447/1447/1447 1448/1448/1448
f 1446/1446/1446 1448/1448/1448 1449/1449/1449
f 1450/1450/1450 1451/1451/1451 1452/1452/1452
f 1450/1450/1450 1452/1452/1452 1453/1453/1453
f 1454/1454/1454 1455/1455/1455 1456/1456/1456
f 1454/1454/1454 1456/1456/1456 1457/1457/1457
f 1458/1458/1458 1459/1459/1459 1460/1460/1460
f 1458/1458/1458 1460/1460/1460 1461/1461/1461
f 1462/1462/1462 1463/1463/1463 1464/1464/1464
f 1462/1462/1462 1464/1464/1464 1465/1465/1465
f 1466/1466/1466 1467/1467/1467 1468/1468/1468
f 1466/1466/1466 1468/1468/1468 1469/1469/1469
f 1470/1470/1470 1471/1471/1471 1472/1472/1472
f 1470/1470/1470 1472/1472/1472 1473/1473/1473
f 1474/1474/1474 1475/1475/1475 1476/1476/1476
f 1474/1474/1474 1476/1476/1476 1477/1477/1477
f 1478/1478/1478 1479/1479/1479 1480/1480/1480
f 1478/1478/1478 1480/1480/1480 1481/1481/1481
f 1482/1482/1482 1483/1483/1483 1484/1484/1484
f 1482/1482/1482 1484/1484/1484 1485/1485/1485
f 1486/1486/1486 1487/1487/1487 1488/1488/1488
f 1486/1486/1486 1488/1488/1488 1489/1489/1489
f 1490/1490/1490 1491/1491/1491 1492/1492/1492
f 1490/1490/1490 1492/1492/1492 1493/1493/1493
f 1494/1494/1494 1495/1495/1495 1496/1496/1496
f 1494/1494/1494 1496/1496/1496 1497/1497/1497
f 1498/1498/1498 1499/1499/1499 1500/1500/1500
f 1498/1498/1498 1500/1500/1500 1501/1501/1501
f 1502/1502/1502 1503/1503/1503 1504/1504/1504
f 1502/1502/1502 1504/1504/1504 1505/1505/1505
f 1506/1506/1506 1507/1507/1507 1508/1508/1508
f 1506/1506/1506 1508/1508/1508 1509/1509/1509
f 1510/1510/1510 1511/1511/1511 1512/1512/1512
f 1510/1510/1510 1512/1512/1512 1513/1513/1513
f 1514/1514/1514 1515/1515/1515 1516/1516/1516
f 1514/1514/1514 1516/1516/1516 1517/1517/1517
f 1518/1518/1518 1519/1519/1519 1520/1520/1520
f 1518/1518/1518 1520/1520/1520 1521/1521/1521
f 1522/1522/1522 1523/1523/1523 1524/1524/1524
f 1522/1522/1522 1524/1524/1524 1525/1525/1525
f 1526/1526/1526 1527/1527/1527 1528/1528/1528
f 1526/1526/1526 1528/1528/1528 1529/1529/1529
f 1530/1530/1530 1531/1531/1531 1532/1532/1532
f 1530/1530/1530 1532/1532/1532 1533/1533/1533
f 1534/1534/1534 1535/1535/1535 1536/1536/1536
f 1534/1534/1534 1536/1536/1536 1537/1537/1537
f 1538/1538/1538 1539/1539/1539 1540/1540/1540
f 1538/1538/1538 1540/1540/1540 1541/1541/1541
f 1542/1542/1542 1543/1543/1543 1544/1544/1544
f 1542/1542/1542 1544/1544/1544 1545/1545/1545
f 1546/1546/1546 1547/1547/1547 1548/1548/1548
f 1546/1546/1546 1548/1548/1548 1549/1549/1549
f 1550/1550/1550 1551/1551/1551 1552/1552/1552
f 1550/1550/1550 1552/1552/1552 1553/1553/1553
f 1554/1554/1554 1555/1555/1555 1556/1556/1556
f 1554/1554/1554 1556/1556/1556 1557/1557/1557
f 1558/1558/1558 1559/1559/1559 1560/1560/1560
f 1558/1558/1558 1560/1560/1560 1561/1561/1561
f 1562/1562/1562 1563/1563/1563 1564/1564/1564
f 1562/1562/1562 1564/1564/1564 1565/1565/1565
f 1566/1566/1566 1567/1567/1567 1568/1568/1568
f 1566/1566/1566 1568/1568/1568 1569/1569/1569
f 1570/1570/1570 1571/1571/1571 1572/1572/1572
f 1570/1570/1570 1572/1572/1572 1573/1573/1573
f 1574/1574/1574 1575/1575/1575 1576/1576/1576
f 1574/1574/1574 1576/1576/1576 1577/1577/1577
f 1578/1578/1578 1579/1579/1579 1580/1580/1580
f 1578/1578/1578 1580/1580/1580 1581/1581/1581
f 1582/1582/1582 1583/1583/1583 1584/1584/1584
f 1582/1582/1582 1584/1584/1584 1585/1585/1585
f 1586/1586/1586 1587/1587/1587 1588/1588/1588
f 1586/1586/1586 1588/1588/1588 1589/1589/1589
f 1590/1590/1590 1591/1591/1591 1592/1592/1592
f 1590/1590/1590 1592/1592/1592 1593/1593/1593
f 1594/1594/1594 1595/1595/1595 1596/1596/1596
f 1594/1594/1594 1596/1596/1596 1597/1597/1597
f 1598/1598/1598 1599/1599/1599 1600/1600/1600
f 1598/1598/1598 1600/1600/1600 1601/1601/1601
f 1602/1602/1602 1603/1603/1603 1604/1604/1604
f 1602/1602/1602 1604/1604/1604 1605/1605/1605
f 1606/1606/1606 1607/1607/1607 1608/1608/1608
f 1606/1606/1606 1608/1608/1608 1609/1609/1609
f 1610/1610/1610 1611/1611/1611 1612/1612/1612
f 1610/1610/1610 1612/1612/1612 1613/1613/1613
f 1614/1614/1614 1615/1615/1615 1616/1616/1616
f 1614/1614/1614 1616/1616/1616 1617/1617/1617
f 1618/1618/1618 1619/1619/1619 1620/1620/1620
f 1618/1618/1618 1620/1620/1620 1621/1621/1621
f 1622/1622/1622 1623/1623/1623 1624/1624/1624
f 1622/1622/1622 1624/1624/1624 1625/1625/1625
f 1626/1626/1626 1627/1627/1627 1628/1628/1628
f 1629/1629/1629 1630/1630/1630 1631/1631/1631
f 1629/1629/1629 1631/1631/1631 1632/1632/1632
f 1633/1633/1633 1634/1634/1634 1635/1635/1635
f 1633/1633/1633 1635/1635/1635 1636/1636/1636
f 1637/1637/1637 1638/1638/1638 1639/1639/1639
f 1637/1637/1637 1639/1639/1639 1640/1640/1640
f 1641/1641/1641 1642/1642/1642 1643/1643/1643
f 1641/1641/1641 1643/1643/1643 1644/1644/1644
f 1645/1645/1645 1646/1646/1646 1647/1647/1647
f 1645/1645/1645 1647/1647/1647 1648/1648/1648
f 1649/1649/1649 1650/1650/1650 1651/1651/1651
f 1649/1649/1649 1651/1651/1651 1652/1652/1652
f 1653/1653/1653 1654/1654/1654 1655/1655/1655
f 1653/1653/1653 1655/1655/1655 1656/1656/1656
f 1657/1657/1657 1658/1658/1658 1659/1659/1659
f 1657/1657/1657 1659/1659/1659 1660/1660/1660
f 1661/1661/1661 1662/1662/1662 1663/1663/1663
f 1661/1661/1661 1663/1663/1663 1664/1664/1664
f 1665/1665/1665 1666/1666/1666 1667/1667/1667
f 1665/1665/1665 1667/1667/1667 1668/1668/1668
f 1669/1669/1669 1670/1670/1670 1671/1671/1671
f 1669/1669/1669 1671/1671/1671 1672/1672/1672
f 1673/1673/1673 1674/1674/1674 1675/1675/1675
f 1673/1673/1673 1675/1675/1675 1676/1676/1676
f 1677/1677/1677 1678/1678/1678 1679/1679/1679
f 1677/1677/1677 1679/1679/1679 1680/1680/1680
f 1681/1681/1681 1682/1682/1682 1683/1683/1683
f 1681/1681/1681 1683/1683/1683 1684/1684/1684
f 1685/1685/1685 1686/1686/1686 1687/1687/1687
f 1685/1685/1685 1687/1687/1687 1688/1688/1688
f 1689/1689/1689 1690/1690/1690 1691/1691/1691
f 1689/1689/1689 1691/1691/1691 1692/1692/1692
f 1693/1693/1693 1694/1694/1694 1695/1695/1695
f 1693/1693/1693 1695/1695/1695 1696/1696/1696
f 1697/1697/1697 1698/1698/1698 1699/1699/1699
f 1697/1697/1697 1699/1699/1699 1700/1700/1700
f 1701/1701/1701 1702/1702/1702 1703/1703/1703
f 1701/1701/1701 1703/1703/1703 1704/1704/1704
f 1705/1705/1705 1706/1706/1706 1707/1707/1707
f 1705/1705/1705 1707/1707/1707 1708/1708/1708
f 1709/1709/1709 1710/1710/1710 1711/1711/1711
f 1709/1709/1709 1711/1711/1711 1712/1712/1712
f 1713/1713/1713 1714/1714/1714 1715/1715/1715
f 1713/1713/1713 1715/1715/1715 1716/1716/1716
f 1717/1717/1717 1718/1718/1718 1719/1719/1719
f 1717/1717/1717 1719/1719/1719 1720/1720/1720
f 1721/1721/1721 1722/1722/1722 1723/1723/1723
f 1721/1721/1721 1723/1723/1723 1724/1724/1724
f 1725/1725/1725 1726/1726/1726 1727/1727/1727
f 1725/1725/1725 1727/1727/1727 1728/1728/1728
f 1729/1729/1729 1730/1730/1730 1731/1731/1731
f 1729/1729/1729 1731/1731/1731 1732/1732/1732
f 1733/1733/1733 1734/1734/1734 1735/1735/1735
f 1733/1733/1733 1735/1735/1735 1736/1736/1736
f 1737/1737/1737 1738/1738/1738 1739/1739/1739
f 1737/1737/1737 1739/1739/1739 1740/1740/1740
f 1741/1741/1741 1742/1742/1742 1743/1743/1743
f 1741/1741/1741 1743/1743/1743 1744/1744/1744
f 1745/1745/1745 1746/1746/1746 1747/1747/1747
f 1745/1745/1745 1747/1747/1747 1748/1748/1748
f 1749/1749/1749 1750/1750/1750 1751/1751/1751
f 1749/1749/1749 1751/1751/1751 1752/1752/1752
f 1753/1753/1753 1754/1754/1754 1755/1755/1755
f 1753/1753/1753 1755/1755/1755 1756/1756/1756
f 1757/1757/1757 1758/1758/1758 1759/1759/1759
f 1757/1757/1757 1759/1759/1759 1760/1760/1760
f 1761/1761/1761 1762/1762/1762 1763/1763/1763
f 1761/1761/1761 1763/1763/1763 1764/1764/1764
f 1765/1765/1765 1766/1766/1766 1767/1767/1767
f 1765/1765/1765 1767/1767/1767 1768/1768/1768
f 1769/1769/1769 1770/1770/1770 1771/1771/1771
f 1769/1769/1769 1771/1771/1771 1772/1772/1772
f 1773/1773/1773 1774/1774/1774 1775/1775/1775
f 1773/1773/1773 1775/1775/1775 1776/1776/1776
f 1777/1777/1777 1778/1778/1778 1779/1779/1779
f 1777/1777/1777 1779/1779/1779 1780/1780/1780
f 1781/1781/1781 1782/1782/1782 1783/1783/1783
f 1781/1781/1781 1783/1783/1783 1784/1784/1784
f 1785/1785/1785 1786/1786/1786 1787/1787/1787
f 1785/1785/1785 1787/1787/1787 1788/1788/1788
f 1789/1789/1789 1790/1790/1790 1791/1791/1791
f 1789/1789/1789 1791/1791/1791 1792/1792/1792
f 1793/1793/1793 1794/1794/1794 1795/1795/1795
f 1793/1793/1793 1795/1795/1795 1796/1796/1796
f 1797/1797/1797 1798/1798/1798 1799/1799/1799
f 1797/1797/1797 1799/1799/1799 1800/1800/1800
f 1801/1801/1801 1802/1802/1802 1803/1803/1803
f 1801/1801/1801 1803/1803/1803 1804/1804/1804
f 1805/1805/1805 1806/1806/1806 1807/1807/1807
f 1805/1805/1805 1807/1807/1807 1808/1808/1808
f 1809/1809/1809 1810/1810/1810 1811/1811/1811
f 1809/1809/1809 1811/1811/1811 1812/1812/1812
f 1813/1813/1813 1814/1814/1814 1815/1815/1815
f 1813/1813/1813 1815/1815/1815 1816/1816/1816
f 1817/1817/1817 1818/1818/1818 1819/1819/1819
f 1817/1817/1817 1819/1819/1819 1820/1820/1820
f 1821/1821/1821 1822/1822/1822 1823/1823/1823
f 1821/1821/1821 1823/1823/1823 1824/1824/1824
f 1825/1825/1825 1826/1826/1826 1827/1827/1827
f 1825/1825/1825 1827/1827/1827 1828/1828/1828
f 1829/1829/1829 1830/1830/1830 1831/1831/1831
f 1829/1829/1829 1831/1831/1831 1832/1832/1832
f 1833/1833/1833 1834/1834/1834 1835/1835/1835
f 1833/1833/1833 1835/1835/1835 1836/1836/1836
f 1837/1837/1837 1838/1838/1838 1839/1839/1839
f 1837/1837/1837 1839/1839/1839 1840/1840/1840
f 1841/1841/1841 1842/1842/1842 1843/1843/1843
f 1841/1841/1841 1843/1843/1843 1844/1844/1844
f 1845/1845/1845 1846/1846/1846 1847/1847/1847
f 1845/1845/1845 1847/1847/1847 1848/1848/1848
f 1849/1849/1849 1850/1850/1850 1851/1851/1851
f 1849/1849/1849 1851/1851/1851 1852/1852/1852
f 1853/1853/1853 1854/1854/1854 1855/1855/1855
f 1853/1853/1853 1855/1855/1855 1856/1856/1856
f 1857/1857/1857 1858/1858/1858 1859/1859/1859
f 1857/1857/1857 1859/1859/1859 1860/1860/1860
f 1861/1861/1861 1862/1862/1862 1863/1863/1863
f 1861/1861/1861 1863/1863/1863 1864/1864/1864
f 1865/1865/1865 1866/1866/1866 1867/1867/1867
f 1865/1865/1865 1867/1867/1867 1868/1868/1868
f 1869/1869/1869 1870/1870/1870 1871/1871/1871
f 1869/1869/1869 1871/1871/1871 1872/1872/1872
f 1873/1873/1873 1874/1874/1874 1875/1875/1875
f 1873/1873/1873 1875/1875/1875 1876/1876/1876
f 1877/1877/1877 1878/1878/1878 1879/1879/1879
f 1877/1877/1877 1879/1879/1879 1880/1880/1880
f 1881/1881/1881 1882/1882/1882 1883/1883/1883
f 1881/1881/1881 1883/1883/1883 1884/1884/1884
f 1885/1885/1885 1886/1886/1886 1887/1887/1887
f 1885/1885/1885 1887/1887/1887 1888/1888/1888
f 1889/1889/1889 1890/1890/1890 1891/1891/1891
f 1889/1889/1889 1891/1891/1891 1892/1892/1892
f 1893/1893/1893 1894/1894/1894 1895/1895/1895
f 1893/1893/1893 1895/1895/1895 1896/1896/1896
f 1897/1897/1897 1898/1898/1898 1899/1899/1899
f 1897/1897/1897 1899/1899/1899 1900/1900/1900
f 1901/1901/1901 1902/1902/1902 1903/1903/1903
f 1901/1901/1901 1903/1903/1903 1904/1904/1904
f 1905/1905/1905 1906/1906/1906 1907/1907/1907
f 1905/1905/1905 1907/1907/1907 1908/1908/1908
f 1909/1909/1909 1910/1910/1910 1911/1911/1911
f 1909/1909/1909 1911/1911/1911 1912/1912/1912
f 1913/1913/1913 1914/1914/1914 1915/1915/1915
f 1913/1913/1913 1915/1915/1915 1916/1916/1916
f 1917/1917/1917 1918/1918/1918 1919/1919/1919
f 1917/1917/1917 1919/1919/1919 1920/1920/1920
f 1921/1921/1921 1922/1922/1922 1923/1923/1923
f 1921/1921/1921 1923/1923/1923 1924/1924/1924
f 1925/1925/1925 1926/1926/1926 1927/1927/1927
f 1925/1925/1925 1927/1927/1927 1928/1928/1928
f 1929/1929/1929 1930/1930/1930 1931/1931/1931
f 1929/1929/1929 1931/1931/1931 1932/1932/1932
f 1933/1933/1933 1934/1934/1934 1935/1935/1935
f 1933/1933/1933 1935/1935/1935 1936/1936/1936
f 1937/1937/1937 1938/1938/1938 1939/1939/1939
f 1937/1937/1937 1939/1939/1939 1940/1940/1940
f 1941/1941/1941 1942/1942/1942 1943/1943/1943
f 1941/1941/1941 1943/1943/1943 1944/1944/1944
f 1945/1945/1945 1946/1946/1946 1947/1947/1947
f 1945/1945/1945 1947/1947/1947 1948/1948/1948
f 1949/1949/1949 1950/1950/1950 1951/1951/1951
f 1949/1949/1949 1951/1951/1951 1952/1952/1952
f 1953/1953/1953 1954/1954/1954 1955/1955/1955
f 1953/1953/1953 1955/1955/1955 1956/1956/1956
f 1957/1957/1957 1958/1958/1958 1959/1959/1959
f 1957/1957/1957 1959/1959/1959 1960/1960/1960
f 1961/1961/1961 1962/1962/1962 1963/1963/1963
f 1961/1961/1961 1963/1963/1963 1964/1964/1964
f 1965/1965/1965 1966/1966/1966 1967/1967/1967
f 1965/1965/1965 1967/1967/1967 1968/1968/1968
f 1969/1969/1969 1970/1970/1970 1971/1971/1971
f 1969/1969/1969 1971/1971/1971 1972/1972/1972
f 1973/1973/1973 1974/1974/1974 1975/1975/1975
f 1973/1973/1973 1975/1975/1975 1976/1976/1976
f 1977/1977/1977 1978/1978/1978 1979/1979/1979
f 1977/1977/1977 1979/1979/1979 1980/1980/1980
f 1981/1981/1981 1982/1982/1982 1983/1983/1983
f 1981/1981/1981 1983/1983/1983 1984/1984/1984
f 1985/1985/1985 1986/1986/1986 1987/1987/1987
f 1985/1985/1985 1987/1987/1987 1988/1988/1988
f 1989/1989/1989 1990/1990/1990 1991/1991/1991
f 1989/1989/1989 1991/1991/1991 1992/1992/1992
f 1993/1993/1993 1994/1994/1994 1995/1995/1995
f 1993/1993/1993 1995/1995/1995 1996/1996/1996
f 1997/1997/1997 1998/1998/1998 1999/1999/1999
f 1997/1997/1997 1999/1999/1999 2000/2000/2000
f 2001/2001/2001 2002/2002/2002 2003/2003/2003
f 2001/2001/2001 2003/2003/2003 2004/2004/2004
f 2005/2005/2005 2006/2006/2006 2007/2007/2007
f 2005/2005/2005 2007/2007/2007 2008/2008/2008
f 2009/2009/2009 2010/2010/2010 2011/2011/2011
f 2009/2009/2009 2011/2011/2011 2012/2012/2012
f 2013/2013/2013 2014/2014/2014 2015/2015/2015
f 2013/2013/2013 2015/2015/2015 2016/2016/2016
f 2017/2017/2017 2018/2018/2018 2019/2019/2019
f 2017/2017/2017 2019/2019/2019 2020/2020/2020
f 2021/2021/2021 2022/2022/2022 2023/2023/2023
f 2021/2021/2021 2023/2023/2023 2024/2024/2024
f 2025/2025/2025 2026/2026/2026 2027/2027/2027
f 2025/2025/2025 2027/2027/2027 2028/2028/2028
f 2029/2029/2029 2030/2030/2030 2031/2031/2031
f 2029/2029/2029 2031/2031/2031 2032/2032/2032
f 2033/2033/2033 2034/2034/2034 2035/2035/2035
f 2033/2033/2033 2035/2035/2035 2036/2036/2036
f 2037/2037/2037 2038/2038/2038 2039/2039/2039
f 2037/2037/2037 2039/2039/2039 2040/2040/2040
f 2041/2041/2041 2042/2042/2042 2043/2043/2043
f 2041/2041/2041 2043/2043/2043 2044/2044/2044
f 2045/2045/2045 2046/2046/2046 2047/2047/2047
f 2045/2045/2045 2047/2047/2047 2048/2048/2048
f 2049/2049/2049 2050/2050/2050 2051/2051/2051
f 2049/2049/2049 2051/2051/2051 2052/2052/2052
f 2053/2053/2053 2054/2054/2054 2055/2055/2055
f 2053/2053/2053 2055/2055/2055 2056/2056/2056
f 2057/2057/2057 2058/2058/2058 2059/2059/2059
f 2057/2057/2057 2059/2059/2059 2060/2060/2060
f 2061/2061/2061 2062/2062/2062 2063/2063/2063
f 2061/2061/2061 2063/2063/2063 2064/2064/2064
f 2065/2065/2065 2066/2066/2066 2067/2067/2067
f 2065/2065/2065 2067/2067/2067 2068/2068/2068
f 2069/2069/2069 2070/2070/2070 2071/2071/2071
f 2069/2069/2069 2071/2071/2071 2072/2072/2072
f 2073/2073/2073 2074/2074/2074 2075/2075/2075
f 2073/2073/2073 2075/2075/2075 2076/2076/2076
f 2077/2077/2077 2078/2078/2078 2079/2079/2079
f 2077/2077/2077 2079/2079/2079 2080/2080/2080
f 2081/2081/2081 2082/2082/2082 2083/2083/2083
f 2081/2081/2081 2083/2083/2083 2084/2084/2084
f 2085/2085/2085 2086/2086/2086 2087/2087/2087
f 2085/2085/2085 2087/2087/2087 2088/2088/2088
f 2089/2089/2089 2090/2090/2090 2091/2091/2091
f 2089/2089/2089 2091/2091/2091 2092/2092/2092
f 2093/2093/2093 2094/2094/2094 2095/2095/2095
f 2093/2093/2093 2095/2095/2095 2096/2096/2096
f 2097/2097/2097 2098/2098/2098 2099/2099/2099
f 2097/2097/2097 2099/2099/2099 2100/2100/2100
f 2101/2101/2101 2102/2102/2102 2103/2103/2103
f 2101/2101/2101 2103/2103/2103 2104/2104/2104
f 2105/2105/2105 2106/2106/2106 2107/2107/2107
f 2105/2105/2105 2107/2107/2107 2108/2108/2108
f 2109/2109/2109 2110/2110/2110 2111/2111/2111
f 2109/2109/2109 2111/2111/2111 2112/2112/2112
f 2113/2113/2113 2114/2114/2114 2115/2115/2115
f 2113/2113/2113 2115/2115/2115 2116/2116/2116
f 2117/2117/2117 2118/2118/2118 2119/2119/2119
f 2117/2117/2117 2119/2119/2119 2120/2120/2120
f 2121/2121/2121 2122/2122/2122 2123/2123/2123
f 2121/2121/2121 2123/2123/2123 2124/2124/2124
f 2125/2125/2125 2126/2126/2126 2127/2127/2127
f 2125/2125/2125 2127/2127/2127 2128/2128/2128
f 2129/2129/2129 2130/2130/2130 2131/2131/2131
f 2129/2129/2129 2131/2131/2131 2132/2132/2132
f 2133/2133/2133 2134/2134/2134 2135/2135/2135
f 2133/2133/2133 2135/2135/2135 2136/2136/2136
f 2137/2137/2137 2138/2138/2138 2139/2139/2139
f 2137/2137/2137 2139/2139/2139 2140/2140/2140
f 2141/2141/2141 2142/2142/2142 2143/2143/2143
f 2141/2141/2141 2143/2143/2143 2144/2144/2144
f 2145/2145/2145 2146/2146/2146 2147/2147/2147
f 2145/2145/2145 2147/2147/2147 2148/2148/2148
f 2149/2149/2149 2150/2150/2150 2151/2151/2151
f 2149/2149/2149 2151/2151/2151 2152/2152/2152
f 2153/2153/2153 2154/2154/2154 2155/2155/2155
f 2153/2153/2153 2155/2155/2155 2156/2156/2156
f 2157/2157/2157 2158/2158/2158 2159/2159/2159
f 2157/2157/2157 2159/2159/2159 2160/2160/2160
f 2161/2161/2161 2162/2162/2162 2163/2163/2163
f 2161/2161/2161 2163/2163/2163 2164/2164/2164
f 2165/2165/2165 2166/2166/2166 2167/2167/2167
f 2165/2165/2165 2167/2167/2167 2168/2168/2168
f 2169/2169/2169 2170/2170/2170 2171/2171/2171
f 2169/2169/2169 2171/2171/2171 2172/2172/2172
f 2173/2173/2173 2174/2174/2174 2175/2175/2175
f 2173/2173/2173 2175/2175/2175 2176/2176/2176
f 2177/2177/2177 2178/2178/2178 2179/2179/2179
f 2177/2177/2177 2179/2179/2179 2180/2180/2180
f 2181/2181/2181 2182/2182/2182 2183/2183/2183
f 2181/2181/2181 2183/2183/2183 2184/2184/2184
f 2185/2185/2185 2186/2186/2186 2187/2187/2187
f 2185/2185/2185 2187/2187/2187 2188/2188/2188
f 2189/2189/2189 2190/2190/2190 2191/2191/2191
f 2189/2189/2189 2191/2191/2191 2192/2192/2192
f 2193/2193/2193 2194/2194/2194 2195/2195/2195
f 2193/2193/2193 2195/2195/2195 2196/2196/2196
f 2197/2197/2197 2198/2198/2198 2199/2199/2199
f 2197/2197/2197 2199/2199/2199 2200/2200/2200
f 2201/2201/2201 2202/2202/2202 2203/2203/2203
f 2201/2201/2201 2203/2203/2203 2204/2204/2204
f 2205/2205/2205 2206/2206/2206 2207/2207/2207
f 2205/2205/2205 2207/2207/2207 2208/2208/2208
f 2209/2209/2209 2210/2210/2210 2211/2211/2211
f 2209/2209/2209 2211/2211/2211 2212/2212/2212
f 2213/2213/2213 2214/2214/2214 2215/2215/2215
f 2213/2213/2213 2215/2215/2215 2216/2216/2216
f 2217/2217/2217 2218/2218/2218 2219/2219/2219
f 2217/2217/2217 2219/2219/2219 2220/2220/2220
f 2221/2221/2221 2222/2222/2222 2223/2223/2223
f 2221/2221/2221 2223/2223/2223 2224/2224/2224
f 2225/2225/2225 2226/2226/2226 2227/2227/2227
f 2225/2225/2225 2227/2227/2227 2228/2228/2228
f 2229/2229/2229 2230/2230/2230 2231/2231/2231
f 2229/2229/2229 2231/2231/2231 2232/2232/2232
f 2233/2233/2233 2234/2234/2234 2235/2235/2235
f 2233/2233/2233 2235/2235/2235 2236/2236/2236
f 2237/2237/2237 2238/2238/2238 2239/2239/2239
f 2237/2237/2237 2239/2239/2239 2240/2240/2240
f 2241/2241/2241 2242/2242/2242 2243/2243/2243
f 2241/2241/2241 2243/2243/2243 2244/2244/2244
f 2245/2245/2245 2246/2246/2246 2247/2247/2247
f 2245/2245/2245 2247/2247/2247 2248/2248/2248
f 2249/2249/2249 2250/2250/2250 2251/2251/2251
f 2249/2249/2249 2251/2251/2251 2252/2252/2252
f 2253/2253/2253 2254/2254/2254 2255/2255/2255
f 2253/2253/2253 2255/2255/2255 2256/2256/2256
f 2257/2257/2257 2258/2258/2258 2259/2259/2259
f 2257/2257/2257 2259/2259/2259 2260/2260/2260
f 2261/2261/2261 2262/2262/2262 2263/2263/2263
f 2261/2261/2261 2263/2263/2263 2264/2264/2264
f 2265/2265/2265 2266/2266/2266 2267/2267/2267
f 2265/2265/2265 2267/2267/2267 2268/2268/2268
f 2269/2269/2269 2270/2270/2270 2271/2271/2271
f 2269/2269/2269 2271/2271/2271 2272/2272/2272
f 2273/2273/2273 2274/2274/2274 2275/2275/2275
f 2273/2273/2273 2275/2275/2275 2276/2276/2276
f 2277/2277/2277 2278/2278/2278 2279/2279/2279
f 2277/2277/2277 2279/2279/2279 2280/2280/2280
f 2281/2281/2281 2282/2282/2282 2283/2283/2283
f 2281/2281/2281 2283/2283/2283 2284/2284/2284
f 2285/2285/2285 2286/2286/2286 2287/2287/2287
f 2285/2285/2285 2287/2287/2287 2288/2288/2288
f 2289/2289/2289 2290/2290/2290 2291/2291/2291
f 2289/2289/2289 2291/2291/2291 2292/2292/2292
f 2293/2293/2293 2294/2294/2294 2295/2295/2295
f 2293/2293/2293 2295/2295/2295 2296/2296/2296
f 2297/2297/2297 2298/2298/2298 2299/2299/2299
f 2297/2297/2297 2299/2299/2299 2300/2300/2300
f 2301/2301/2301 2302/2302/2302 2303/2303/2303
f 2301/2301/2301 2303/2303/2303 2304/2304/2304
f 2305/2305/2305 2306/2306/2306 2307/2307/2307
f 2305/2305/2305 2307/2307/2307 2308/2308/2308
f 2309/2309/2309 2310/2310/2310 2311/2311/2311
f 2309/2309/2309 2311/2311/2311 2312/2312/2312
f 2313/2313/2313 2314/2314/2314 2315/2315/2315
f 2313/2313/2313 2315/2315/2315 2316/2316/2316
f 2317/2317/2317 2318/2318/2318 2319/2319/2319
f 2317/2317/2317 2319/2319/2319 2320/2320/2320
f 2321/2321/2321 2322/2322/2322 2323/2323/2323
f 2321/2321/2321 2323/2323/2323 2324/2324/2324
f 2325/2325/2325 2326/2326/2326 2327/2327/2327
f 2325/2325/2325 2327/2327/2327 2328/2328/2328
f 2329/2329/2329 2330/2330/2330 2331/2331/2331
f 2329/2329/2329 2331/2331/2331 2332/2332/2332
f 2333/2333/2333 2334/2334/2334 2335/2335/2335
f 2333/2333/2333 2335/2335/2335 2336/2336/2336
f 2337/2337/2337 2338/2338/2338 2339/2339/2339
f 2337/2337/2337 2339/2339/2339 2340/2340/2340
f 2341/2341/2341 2342/2342/2342 2343/2343/2343
f 2341/2341/2341 2343/2343/2343 2344/2344/2344
f 2345/2345/2345 2346/2346/2346 2347/2347/2347
f 2345/2345/2345 2347/2347/2347 2348/2348/2348
f 2349/2349/2349 2350/2350/2350 2351/2351/2351
f 2349/2349/2349 2351/2351/2351 2352/2352/2352
f 2353/2353/2353 2354/2354/2354 2355/2355/2355
f 2353/2353/2353 2355/2355/2355 2356/2356/2356
f 2357/2357/2357 2358/2358/2358 2359/2359/2359
f 2357/2357/2357 2359/2359/2359 2360/2360/2360
f 2361/2361/2361 2362/2362/2362 2363/2363/2363
f 2361/2361/2361 2363/2363/2363 2364/2364/2364
f 2365/2365/2365 2366/2366/2366 2367/2367/2367
f 2365/2365/2365 2367/2367/2367 2368/2368/2368
f 2369/2369/2369 2370/2370/2370 2371/2371/2371
f 2369/2369/2369 2371/2371/2371 2372/2372/2372
f 2373/2373/2373 2374/2374/2374 2375/2375/2375
f 2373/2373/2373 2375/2375/2375 2376/2376/2376
f 2377/2377/2377 2378/2378/2378 2379/2379/2379
f 2377/2377/2377 2379/2379/2379 2380/2380/2380
f 2381/2381/2381 2382/2382/2382 2383/2383/2383
f 2381/2381/2381 2383/2383/2383 2384/2384/2384
f 2385/2385/2385 2386/2386/2386 2387/2387/2387
f 2385/2385/2385 2387/2387/2387 2388/2388/2388
f 2389/2389/2389 2390/2390/2390 2391/2391/2391
f 2389/2389/2389 2391/2391/2391 2392/2392/2392
f 2393/2393/2393 2394/2394/2394 2395/2395/2395
f 2393/2393/2393 2395/2395/2395 2396/2396/2396
f 2397/2397/2397 2398/2398/2398 2399/2399/2399
f 2397/2397/2397 2399/2399/2399 2400/2400/2400
f 2401/2401/2401 2402/2402/2402 2403/2403/2403
f 2401/2401/2401 2403/2403/2403 2404/2404/2404
f 2405/2405/2405 2406/2406/2406 2407/2407/2407
f 2405/2405/2405 2407/2407/2407 2408/2408/2408
f 2409/2409/2409 2410/2410/2410 2411/2411/2411
f 2409/2409/2409 2411/2411/2411 2412/2412/2412
f 2413/2413/2413 2414/2414/2414 2415/2415/2415
f 2413/2413/2413 2415/2415/2415 2416/2416/2416
f 2417/2417/2417 2418/2418/2418 2419/2419/2419
f 2417/2417/2417 2419/2419/2419 2420/2420/2420
f 2421/2421/2421 2422/2422/2422 2423/2423/2423
f 2421/2421/2421 2423/2423/2423 2424/2424/2424
f 2425/2425/2425 2426/2426/2426 2427/2427/2427
f 2425/2425/2425 2427/2427/2427 2428/2428/2428
f 2429/2429/2429 2430/2430/2430 2431/2431/2431
f 2429/2429/2429 2431/2431/2431 2432/2432/2432
f 2433/2433/2433 2434/2434/2434 2435/2435/2435
f 2433/2433/2433 2435/2435/2435 2436/2436/2436
f 2437/2437/2437 2438/2438/2438 2439/2439/2439
f 2437/2437/2437 2439/2439/2439 2440/2440/2440
f 2441/2441/2441 2442/2442/2442 2443/2443/2443
f 2441/2441/2441 2443/2443/2443 2444/2444/2444
f 2445/2445/2445 2446/2446/2446 2447/2447/2447
f 2445/2445/2445 2447/2447/2447 2448/2448/2448
f 2449/2449/2449 2450/2450/2450 2451/2451/2451
f 2449/2449/2449 2451/2451/2451 2452/2452/2452
f 2453/2453/2453 2454/2454/2454 2455/2455/2455
f 2453/2453/2453 2455/2455/2455 2456/2456/2456
f 2457/2457/2457 2458/2458/2458 2459/2459/2459
f 2457/2457/2457 2459/2459/2459 2460/2460/2460
f 2461/2461/2461 2462/2462/2462 2463/2463/2463
f 2461/2461/2461 2463/2463/2463 2464/2464/2464
f 2465/2465/2465 2466/2466/2466 2467/2467/2467
f 2465/2465/2465 2467/2467/2467 2468/2468/2468
f 2469/2469/2469 2470/2470/2470 2471/2471/2471
f 2469/2469/2469 2471/2471/2471 2472/2472/2472
f 2473/2473/2473 2474/2474/2474 2475/2475/2475
f 2473/2473/2473 2475/2475/2475 2476/2476/2476
f 2477/2477/2477 2478/2478/2478 2479/2479/2479
f 2477/2477/2477 2479/2479/2479 2480/2480/2480
f 2481/2481/2481 2482/2482/2482 2483/2483/2483
f 2481/2481/2481 2483/2483/2483 2484/2484/2484
f 2485/2485/2485 2486/2486/2486 2487/2487/2487
f 2485/2485/2485 2487/2487/2487 2488/2488/2488
f 2489/2489/2489 2490/2490/2490 2491/2491/2491
f 2489/2489/2489 2491/2491/2491 2492/2492/2492
f 2493/2493/2493 2494/2494/2494 2495/2495/2495
f 2493/2493/2493 2495/2495/2495 2496/2496/2496
f 2497/2497/2497 2498/2498/2498 2499/2499/2499
f 2500/2500/2500 2501/2501/2501 2502/2502/2502
f 2503/2503/2503 2504/2504/2504 2505/2505/2505
f 2506/2506/2506 2507/2507/2507 2508/2508/2508
