v -0.955966 -0.371933 0.344601
v -0.951792 -0.365198 0.321513
v -0.923878 -0.373163 0.322179
v -0.927809 -0.380147 0.345674
v -0.951792 -0.365198 0.321513
v -0.947386 -0.35877 0.298435
v -0.919707 -0.366505 0.298753
v -0.923878 -0.373163 0.322179
v -0.927809 -0.380147 0.345674
v -0.923878 -0.373163 0.322179
v -0.894958 -0.377829 0.322435
v -0.898627 -0.384964 0.346364
v -0.923878 -0.373163 0.322179
v -0.919707 -0.366505 0.298753
v -0.891039 -0.371033 0.298642
v -0.894958 -0.377829 0.322435
v -0.986948 -0.366821 0.365762
v -0.982782 -0.360197 0.343136
v -0.955966 -0.371933 0.344601
v -0.959904 -0.378915 0.367638
v -0.982782 -0.360197 0.343136
v -0.978388 -0.353799 0.320414
v -0.951792 -0.365198 0.321513
v -0.955966 -0.371933 0.344601
v -0.978388 -0.353799 0.320414
v -0.973772 -0.347686 0.297652
v -0.947386 -0.35877 0.298435
v -0.951792 -0.365198 0.321513
v -0.973772 -0.347686 0.297652
v -0.968945 -0.341915 0.274904
v -0.942757 -0.352712 0.275426
v -0.947386 -0.35877 0.298435
v -0.947386 -0.35877 0.298435
v -0.942757 -0.352712 0.275426
v -0.915299 -0.360238 0.275455
v -0.919707 -0.366505 0.298753
v -0.919707 -0.366505 0.298753
v -0.915299 -0.360238 0.275455
v -0.886874 -0.364639 0.275037
v -0.891039 -0.371033 0.298642
v -0.891039 -0.371033 0.298642
v -0.886874 -0.364639 0.275037
v -0.857783 -0.366061 0.274216
v -0.861691 -0.372494 0.298135
v -0.894958 -0.377829 0.322435
v -0.891039 -0.371033 0.298642
v -0.861691 -0.372494 0.298135
v -0.865342 -0.37933 0.322303
v -0.898627 -0.384964 0.346364
v -0.894958 -0.377829 0.322435
v -0.865342 -0.37933 0.322303
v -0.868736 -0.386514 0.346679
v -0.902044 -0.39238 0.370375
v -0.898627 -0.384964 0.346364
v -0.868736 -0.386514 0.346679
v -0.871871 -0.393992 0.371222
v -0.931496 -0.387394 0.369177
v -0.927809 -0.380147 0.345674
v -0.898627 -0.384964 0.346364
v -0.902044 -0.39238 0.370375
v -0.959904 -0.378915 0.367638
v -0.955966 -0.371933 0.344601
v -0.927809 -0.380147 0.345674
v -0.931496 -0.387394 0.369177
v -0.916941 -0.328937 0.162539
v -0.911856 -0.325509 0.141072
v -0.885707 -0.332183 0.140214
v -0.890439 -0.335742 0.161867
v -0.911856 -0.325509 0.141072
v -0.907512 -0.322501 0.120911
v -0.882141 -0.328958 0.119675
v -0.885707 -0.332183 0.140214
v -0.890439 -0.335742 0.161867
v -0.885707 -0.332183 0.140214
v -0.858525 -0.336128 0.138546
v -0.863059 -0.339709 0.16061
v -0.885707 -0.332183 0.140214
v -0.882141 -0.328958 0.119675
v -0.855313 -0.332902 0.117023
v -0.858525 -0.336128 0.138546
v -0.947857 -0.322853 0.184738
v -0.942286 -0.319144 0.162578
v -0.916941 -0.328937 0.162539
v -0.922333 -0.332803 0.184733
v -0.942286 -0.319144 0.162578
v -0.936777 -0.315948 0.141136
v -0.911856 -0.325509 0.141072
v -0.916941 -0.328937 0.162539
v -0.936777 -0.315948 0.141136
v -0.931497 -0.313354 0.120999
v -0.907512 -0.322501 0.120911
v -0.911856 -0.325509 0.141072
v -0.931497 -0.313354 0.120999
v -0.92661 -0.311451 0.102756
v -0.904397 -0.319892 0.102676
v -0.907512 -0.322501 0.120911
v -0.907512 -0.322501 0.120911
v -0.904397 -0.319892 0.102676
v -0.880859 -0.325931 0.101102
v -0.882141 -0.328958 0.119675
v -0.882141 -0.328958 0.119675
v -0.880859 -0.325931 0.101102
v -0.855688 -0.329787 0.097183
v -0.855313 -0.332902 0.117023
v -0.855313 -0.332902 0.117023
v -0.855688 -0.329787 0.097183
v -0.8256 -0.331406 0.088203
v -0.827071 -0.334342 0.113717
v -0.858525 -0.336128 0.138546
v -0.855313 -0.332902 0.117023
v -0.827071 -0.334342 0.113717
v -0.830626 -0.33744 0.136418
v -0.863059 -0.339709 0.16061
v -0.858525 -0.336128 0.138546
v -0.830626 -0.33744 0.136418
v -0.835094 -0.340981 0.158858
v -0.868067 -0.343731 0.182999
v -0.863059 -0.339709 0.16061
v -0.835094 -0.340981 0.158858
v -0.83991 -0.345008 0.181384
v -0.895639 -0.339712 0.184134
v -0.890439 -0.335742 0.161867
v -0.863059 -0.339709 0.16061
v -0.868067 -0.343731 0.182999
v -0.922333 -0.332803 0.184733
v -0.916941 -0.328937 0.162539
v -0.890439 -0.335742 0.161867
v -0.895639 -0.339712 0.184134
v -0.806847 -0.339703 0.156721
v -0.802375 -0.336219 0.134182
v -0.774198 -0.332643 0.131819
v -0.778637 -0.336032 0.154331
v -0.802375 -0.336219 0.134182
v -0.798184 -0.333224 0.111544
v -0.769748 -0.329742 0.109468
v -0.774198 -0.332643 0.131819
v -0.778637 -0.336032 0.154331
v -0.774198 -0.332643 0.131819
v -0.746496 -0.326907 0.129277
v -0.75078 -0.330128 0.151832
v -0.774198 -0.332643 0.131819
v -0.769748 -0.329742 0.109468
v -0.742107 -0.324161 0.106987
v -0.746496 -0.326907 0.129277
v -0.83991 -0.345008 0.181384
v -0.835094 -0.340981 0.158858
v -0.806847 -0.339703 0.156721
v -0.811462 -0.343693 0.179366
v -0.835094 -0.340981 0.158858
v -0.830626 -0.33744 0.136418
v -0.802375 -0.336219 0.134182
v -0.806847 -0.339703 0.156721
v -0.830626 -0.33744 0.136418
v -0.827071 -0.334342 0.113717
v -0.798184 -0.333224 0.111544
v -0.802375 -0.336219 0.134182
v -0.827071 -0.334342 0.113717
v -0.8256 -0.331406 0.088203
v -0.793383 -0.330707 0.088839
v -0.798184 -0.333224 0.111544
v -0.798184 -0.333224 0.111544
v -0.793383 -0.330707 0.088839
v -0.765002 -0.327306 0.08732
v -0.769748 -0.329742 0.109468
v -0.769748 -0.329742 0.109468
v -0.765002 -0.327306 0.08732
v -0.737595 -0.321862 0.084923
v -0.742107 -0.324161 0.106987
v -0.742107 -0.324161 0.106987
v -0.737595 -0.321862 0.084923
v -0.711022 -0.314596 0.082216
v -0.715325 -0.31668 0.104365
v -0.746496 -0.326907 0.129277
v -0.742107 -0.324161 0.106987
v -0.715325 -0.31668 0.104365
v -0.719515 -0.319185 0.126742
v -0.75078 -0.330128 0.151832
v -0.746496 -0.326907 0.129277
v -0.719515 -0.319185 0.126742
v -0.723576 -0.322149 0.149399
v -0.754938 -0.333855 0.174708
v -0.75078 -0.330128 0.151832
v -0.723576 -0.322149 0.149399
v -0.727488 -0.325613 0.172389
v -0.783033 -0.339929 0.177087
v -0.778637 -0.336032 0.154331
v -0.75078 -0.330128 0.151832
v -0.754938 -0.333855 0.174708
v -0.811462 -0.343693 0.179366
v -0.806847 -0.339703 0.156721
v -0.778637 -0.336032 0.154331
v -0.783033 -0.339929 0.177087
v -0.838503 -0.384946 0.346613
v -0.835379 -0.377814 0.321796
v -0.805566 -0.37348 0.320886
v -0.8085 -0.380505 0.346104
v -0.835379 -0.377814 0.321796
v -0.831992 -0.371032 0.297265
v -0.802376 -0.36681 0.296043
v -0.805566 -0.37348 0.320886
v -0.8085 -0.380505 0.346104
v -0.805566 -0.37348 0.320886
v -0.776437 -0.366543 0.319537
v -0.77935 -0.373457 0.345075
v -0.805566 -0.37348 0.320886
v -0.802376 -0.36681 0.296043
v -0.773302 -0.359993 0.294479
v -0.776437 -0.366543 0.319537
v -0.871871 -0.393992 0.371222
v -0.868736 -0.386514 0.346679
v -0.838503 -0.384946 0.346613
v -0.841362 -0.392386 0.371697
v -0.868736 -0.386514 0.346679
v -0.865342 -0.37933 0.322303
v -0.835379 -0.377814 0.321796
v -0.838503 -0.384946 0.346613
v -0.865342 -0.37933 0.322303
v -0.861691 -0.372494 0.298135
v -0.831992 -0.371032 0.297265
v -0.835379 -0.377814 0.321796
v -0.861691 -0.372494 0.298135
v -0.857783 -0.366061 0.274216
v -0.828344 -0.364647 0.273039
v -0.831992 -0.371032 0.297265
v -0.831992 -0.371032 0.297265
v -0.828344 -0.364647 0.273039
v -0.79894 -0.36053 0.271558
v -0.802376 -0.36681 0.296043
v -0.802376 -0.36681 0.296043
v -0.79894 -0.36053 0.271558
v -0.769969 -0.353843 0.269826
v -0.773302 -0.359993 0.294479
v -0.773302 -0.359993 0.294479
v -0.769969 -0.353843 0.269826
v -0.74183 -0.344717 0.267898
v -0.745228 -0.350747 0.292581
v -0.776437 -0.366543 0.319537
v -0.773302 -0.359993 0.294479
v -0.745228 -0.350747 0.292581
v -0.748529 -0.357216 0.317711
v -0.77935 -0.373457 0.345075
v -0.776437 -0.366543 0.319537
v -0.748529 -0.357216 0.317711
v -0.751676 -0.364071 0.343448
v -0.782013 -0.380699 0.371166
v -0.77935 -0.373457 0.345075
v -0.751676 -0.364071 0.343448
v -0.754608 -0.371259 0.369955
v -0.81117 -0.387848 0.371713
v -0.8085 -0.380505 0.346104
v -0.77935 -0.373457 0.345075
v -0.782013 -0.380699 0.371166
v -0.841362 -0.392386 0.371697
v -0.838503 -0.384946 0.346613
v -0.8085 -0.380505 0.346104
v -0.81117 -0.387848 0.371713
v -0.981482 -0.429972 0.53519
v -0.979014 -0.422929 0.509898
v -0.949315 -0.433556 0.51796
v -0.951654 -0.440941 0.544746
v -0.979014 -0.422929 0.509898
v -0.976315 -0.415638 0.485034
v -0.946769 -0.425853 0.491446
v -0.949315 -0.433556 0.51796
v -0.951654 -0.440941 0.544746
v -0.949315 -0.433556 0.51796
v -0.918484 -0.440126 0.526234
v -0.920684 -0.447764 0.554611
v -0.949315 -0.433556 0.51796
v -0.946769 -0.425853 0.491446
v -0.916102 -0.432103 0.497958
v -0.918484 -0.440126 0.526234
v -1.01219 -0.421292 0.551584
v -1.00987 -0.414904 0.526808
v -0.981482 -0.429972 0.53519
v -0.983688 -0.436646 0.560804
v -1.00987 -0.414904 0.526808
v -1.00727 -0.40826 0.502707
v -0.979014 -0.422929 0.509898
v -0.981482 -0.429972 0.53519
v -1.00727 -0.40826 0.502707
v -1.00442 -0.401431 0.479164
v -0.976315 -0.415638 0.485034
v -0.979014 -0.422929 0.509898
v -1.00442 -0.401431 0.479164
v -1.00135 -0.394489 0.456065
v -0.973416 -0.408219 0.460699
v -0.976315 -0.415638 0.485034
v -0.976315 -0.415638 0.485034
v -0.973416 -0.408219 0.460699
v -0.944051 -0.418014 0.465576
v -0.946769 -0.425853 0.491446
v -0.946769 -0.425853 0.491446
v -0.944051 -0.418014 0.465576
v -0.913579 -0.423935 0.470439
v -0.916102 -0.432103 0.497958
v -0.916102 -0.432103 0.497958
v -0.913579 -0.423935 0.470439
v -0.882321 -0.426049 0.47503
v -0.884628 -0.434417 0.504128
v -0.918484 -0.440126 0.526234
v -0.916102 -0.432103 0.497958
v -0.884628 -0.434417 0.504128
v -0.886826 -0.442627 0.534063
v -0.920684 -0.447764 0.554611
v -0.918484 -0.440126 0.526234
v -0.886826 -0.442627 0.534063
v -0.888873 -0.450393 0.563918
v -0.922663 -0.454778 0.58243
v -0.920684 -0.447764 0.554611
v -0.888873 -0.450393 0.563918
v -0.890729 -0.457424 0.592778
v -0.953748 -0.447829 0.571429
v -0.951654 -0.440941 0.544746
v -0.920684 -0.447764 0.554611
v -0.922663 -0.454778 0.58243
v -0.983688 -0.436646 0.560804
v -0.981482 -0.429972 0.53519
v -0.951654 -0.440941 0.544746
v -0.953748 -0.447829 0.571429
v -0.920348 -0.486069 0.845445
v -0.915757 -0.484276 0.867448
v -0.933874 -0.482676 0.873828
v -0.93861 -0.483742 0.857225
v -0.915757 -0.484276 0.867448
v -0.914252 -0.481221 0.889172
v -0.931776 -0.480294 0.891158
v -0.933874 -0.482676 0.873828
v -0.93861 -0.483742 0.857225
v -0.933874 -0.482676 0.873828
v -0.9485 -0.480012 0.88031
v -0.952962 -0.480534 0.867935
v -0.933874 -0.482676 0.873828
v -0.931776 -0.480294 0.891158
v -0.946116 -0.478298 0.893601
v -0.9485 -0.480012 0.88031
v -0.907003 -0.487082 0.804662
v -0.897517 -0.486028 0.836085
v -0.920348 -0.486069 0.845445
v -0.930625 -0.486096 0.826217
v -0.897517 -0.486028 0.836085
v -0.894245 -0.48367 0.863122
v -0.915757 -0.484276 0.867448
v -0.920348 -0.486069 0.845445
v -0.894245 -0.48367 0.863122
v -0.893818 -0.480215 0.888388
v -0.914252 -0.481221 0.889172
v -0.915757 -0.484276 0.867448
v -0.893818 -0.480215 0.888388
v -0.895159 -0.475579 0.91151
v -0.914653 -0.476963 0.9095
v -0.914252 -0.481221 0.889172
v -0.914252 -0.481221 0.889172
v -0.914653 -0.476963 0.9095
v -0.931479 -0.476716 0.907973
v -0.931776 -0.480294 0.891158
v -0.931776 -0.480294 0.891158
v -0.931479 -0.476716 0.907973
v -0.945326 -0.475492 0.906867
v -0.946116 -0.478298 0.893601
v -0.946116 -0.478298 0.893601
v -0.945326 -0.475492 0.906867
v -0.955888 -0.473947 0.906119
v -0.956994 -0.47607 0.895858
v -0.9485 -0.480012 0.88031
v -0.946116 -0.478298 0.893601
v -0.956994 -0.47607 0.895858
v -0.959475 -0.477249 0.885757
v -0.952962 -0.480534 0.867935
v -0.9485 -0.480012 0.88031
v -0.959475 -0.477249 0.885757
v -0.963552 -0.477419 0.876397
v -0.960032 -0.479741 0.857507
v -0.952962 -0.480534 0.867935
v -0.963552 -0.477419 0.876397
v -0.96944 -0.476518 0.868358
v -0.947199 -0.483212 0.843319
v -0.93861 -0.483742 0.857225
v -0.952962 -0.480534 0.867935
v -0.960032 -0.479741 0.857507
v -0.930625 -0.486096 0.826217
v -0.920348 -0.486069 0.845445
v -0.93861 -0.483742 0.857225
v -0.947199 -0.483212 0.843319
v -0.966196 -0.306246 0.161965
v -0.988371 -0.290273 0.160733
v -0.982177 -0.287731 0.13904
v -0.960295 -0.303359 0.140478
v -0.988371 -0.290273 0.160733
v -1.00851 -0.271289 0.158943
v -1.00217 -0.26907 0.136822
v -0.982177 -0.287731 0.13904
v -0.960295 -0.303359 0.140478
v -0.982177 -0.287731 0.13904
v -0.975287 -0.286339 0.118308
v -0.954123 -0.301325 0.120219
v -0.982177 -0.287731 0.13904
v -1.00217 -0.26907 0.136822
v -0.994856 -0.268259 0.115019
v -0.975287 -0.286339 0.118308
v -0.947857 -0.322853 0.184738
v -0.971917 -0.30975 0.184112
v -0.966196 -0.306246 0.161965
v -0.942286 -0.319144 0.162578
v -0.971917 -0.30975 0.184112
v -0.994205 -0.293539 0.182906
v -0.988371 -0.290273 0.160733
v -0.966196 -0.306246 0.161965
v -0.994205 -0.293539 0.182906
v -1.01441 -0.274303 0.181192
v -1.00851 -0.271289 0.158943
v -0.988371 -0.290273 0.160733
v -1.01441 -0.274303 0.181192
v -1.03222 -0.252123 0.179042
v -1.02631 -0.249354 0.1567
v -1.00851 -0.271289 0.158943
v -1.00851 -0.271289 0.158943
v -1.02631 -0.249354 0.1567
v -1.01997 -0.247332 0.134198
v -1.00217 -0.26907 0.136822
v -1.00217 -0.26907 0.136822
v -1.01997 -0.247332 0.134198
v -1.01276 -0.246599 0.111158
v -0.994856 -0.268259 0.115019
v -0.994856 -0.268259 0.115019
v -1.01276 -0.246599 0.111158
v -1.00277 -0.248507 0.084826
v -0.985256 -0.270303 0.094641
v -0.975287 -0.286339 0.118308
v -0.994856 -0.268259 0.115019
v -0.985256 -0.270303 0.094641
v -0.967141 -0.286735 0.099371
v -0.954123 -0.301325 0.120219
v -0.975287 -0.286339 0.118308
v -0.967141 -0.286735 0.099371
v -0.947559 -0.300403 0.101798
v -0.931497 -0.313354 0.120999
v -0.954123 -0.301325 0.120219
v -0.947559 -0.300403 0.101798
v -0.92661 -0.311451 0.102756
v -0.936777 -0.315948 0.141136
v -0.960295 -0.303359 0.140478
v -0.954123 -0.301325 0.120219
v -0.931497 -0.313354 0.120999
v -0.942286 -0.319144 0.162578
v -0.966196 -0.306246 0.161965
v -0.960295 -0.303359 0.140478
v -0.936777 -0.315948 0.141136
v -0.856665 -0.448877 0.57199
v -0.85479 -0.441138 0.540924
v -0.823394 -0.436101 0.546847
v -0.825086 -0.443655 0.578896
v -0.85479 -0.441138 0.540924
v -0.852798 -0.432902 0.5096
v -0.821601 -0.42799 0.514363
v -0.823394 -0.436101 0.546847
v -0.825086 -0.443655 0.578896
v -0.823394 -0.436101 0.546847
v -0.793796 -0.428053 0.551994
v -0.795311 -0.435263 0.584896
v -0.823394 -0.436101 0.546847
v -0.821601 -0.42799 0.514363
v -0.79216 -0.420196 0.518492
v -0.793796 -0.428053 0.551994
v -0.890729 -0.457424 0.592778
v -0.888873 -0.450393 0.563918
v -0.856665 -0.448877 0.57199
v -0.858386 -0.455798 0.601677
v -0.888873 -0.450393 0.563918
v -0.886826 -0.442627 0.534063
v -0.85479 -0.441138 0.540924
v -0.856665 -0.448877 0.57199
v -0.886826 -0.442627 0.534063
v -0.884628 -0.434417 0.504128
v -0.852798 -0.432902 0.5096
v -0.85479 -0.441138 0.540924
v -0.884628 -0.434417 0.504128
v -0.882321 -0.426049 0.47503
v -0.850725 -0.424489 0.479135
v -0.852798 -0.432902 0.5096
v -0.852798 -0.432902 0.5096
v -0.850725 -0.424489 0.479135
v -0.819734 -0.419666 0.482709
v -0.821601 -0.42799 0.514363
v -0.821601 -0.42799 0.514363
v -0.819734 -0.419666 0.482709
v -0.790416 -0.41206 0.485754
v -0.79216 -0.420196 0.518492
v -0.79216 -0.420196 0.518492
v -0.790416 -0.41206 0.485754
v -0.763837 -0.402152 0.488268
v -0.765598 -0.410032 0.522064
v -0.793796 -0.428053 0.551994
v -0.79216 -0.420196 0.518492
v -0.765598 -0.410032 0.522064
v -0.767157 -0.417528 0.556531
v -0.795311 -0.435263 0.584896
v -0.793796 -0.428053 0.551994
v -0.767157 -0.417528 0.556531
v -0.768511 -0.424238 0.590249
v -0.796689 -0.441459 0.615835
v -0.795311 -0.435263 0.584896
v -0.768511 -0.424238 0.590249
v -0.769655 -0.429755 0.621796
v -0.826653 -0.450308 0.609245
v -0.825086 -0.443655 0.578896
v -0.795311 -0.435263 0.584896
v -0.796689 -0.441459 0.615835
v -0.858386 -0.455798 0.601677
v -0.856665 -0.448877 0.57199
v -0.825086 -0.443655 0.578896
v -0.826653 -0.450308 0.609245
v -0.735055 -0.383868 0.931815
v -0.753214 -0.406856 0.921853
v -0.745475 -0.406926 0.894886
v -0.726449 -0.383236 0.904733
v -0.753214 -0.406856 0.921853
v -0.774057 -0.42773 0.912283
v -0.767277 -0.428519 0.885327
v -0.745475 -0.406926 0.894886
v -0.726449 -0.383236 0.904733
v -0.745475 -0.406926 0.894886
v -0.739344 -0.406319 0.867188
v -0.719803 -0.382095 0.876975
v -0.745475 -0.406926 0.894886
v -0.767277 -0.428519 0.885327
v -0.761751 -0.42848 0.85762
v -0.739344 -0.406319 0.867188
v -0.74586 -0.38386 0.957323
v -0.76274 -0.405979 0.947131
v -0.753214 -0.406856 0.921853
v -0.735055 -0.383868 0.931815
v -0.76274 -0.405979 0.947131
v -0.782212 -0.425991 0.937437
v -0.774057 -0.42773 0.912283
v -0.753214 -0.406856 0.921853
v -0.782212 -0.425991 0.937437
v -0.803746 -0.442927 0.929028
v -0.797012 -0.44552 0.903856
v -0.774057 -0.42773 0.912283
v -0.774057 -0.42773 0.912283
v -0.797012 -0.44552 0.903856
v -0.791307 -0.447036 0.87679
v -0.767277 -0.428519 0.885327
v -0.767277 -0.428519 0.885327
v -0.791307 -0.447036 0.87679
v -0.786544 -0.447583 0.848981
v -0.761751 -0.42848 0.85762
v -0.761751 -0.42848 0.85762
v -0.786544 -0.447583 0.848981
v -0.782635 -0.447267 0.821577
v -0.757358 -0.427735 0.830213
v -0.739344 -0.406319 0.867188
v -0.761751 -0.42848 0.85762
v -0.757358 -0.427735 0.830213
v -0.734644 -0.405164 0.839715
v -0.719803 -0.382095 0.876975
v -0.739344 -0.406319 0.867188
v -0.734644 -0.405164 0.839715
v -0.714881 -0.380575 0.849439
v -0.916793 0.106019 0.688123
v -0.939386 0.097288 0.689085
v -0.939817 0.089138 0.721834
v -0.917093 0.098037 0.720444
v -0.939386 0.097288 0.689085
v -0.964366 0.086738 0.688701
v -0.964745 0.078626 0.721339
v -0.939817 0.089138 0.721834
v -0.917093 0.098037 0.720444
v -0.939817 0.089138 0.721834
v -0.939759 0.08047 0.754747
v -0.916566 0.089601 0.753073
v -0.939817 0.089138 0.721834
v -0.964745 0.078626 0.721339
v -0.964715 0.069989 0.754071
v -0.939759 0.08047 0.754747
v -0.897912 0.119843 0.655306
v -0.915821 0.113333 0.656819
v -0.916793 0.106019 0.688123
v -0.898929 0.112865 0.685351
v -0.915821 0.113333 0.656819
v -0.938479 0.104715 0.657354
v -0.939386 0.097288 0.689085
v -0.916793 0.106019 0.688123
v -0.938479 0.104715 0.657354
v -0.963573 0.09414 0.656972
v -0.964366 0.086738 0.688701
v -0.939386 0.097288 0.689085
v -0.963573 0.09414 0.656972
v -0.988786 0.081758 0.655734
v -0.989425 0.074437 0.687361
v -0.964366 0.086738 0.688701
v -0.964366 0.086738 0.688701
v -0.989425 0.074437 0.687361
v -0.989617 0.066439 0.719829
v -0.964745 0.078626 0.721339
v -0.964745 0.078626 0.721339
v -0.989617 0.066439 0.719829
v -0.989355 0.057924 0.752414
v -0.964715 0.069989 0.754071
v -0.964715 0.069989 0.754071
v -0.989355 0.057924 0.752414
v -0.988633 0.049051 0.784393
v -0.964321 0.061003 0.786077
v -0.939759 0.08047 0.754747
v -0.964715 0.069989 0.754071
v -0.964321 0.061003 0.786077
v -0.939512 0.071396 0.786936
v -0.916566 0.089601 0.753073
v -0.939759 0.08047 0.754747
v -0.939512 0.071396 0.786936
v -0.915969 0.080547 0.785606
v -0.897992 0.097855 0.745698
v -0.916566 0.089601 0.753073
v -0.915969 0.080547 0.785606
v -0.894529 0.089495 0.778452
v -0.899119 0.105435 0.71571
v -0.917093 0.098037 0.720444
v -0.916566 0.089601 0.753073
v -0.897992 0.097855 0.745698
v -0.898929 0.112865 0.685351
v -0.916793 0.106019 0.688123
v -0.917093 0.098037 0.720444
v -0.899119 0.105435 0.71571
v -1.04709 -0.00674 0.812958
v -1.04372 -0.016184 0.84425
v -1.02636 0.001355 0.843864
v -1.02914 0.0107 0.813266
v -1.04372 -0.016184 0.84425
v -1.03955 -0.025978 0.87444
v -1.02288 -0.008293 0.873324
v -1.02636 0.001355 0.843864
v -1.02914 0.0107 0.813266
v -1.02636 0.001355 0.843864
v -1.00713 0.016941 0.84397
v -1.00934 0.026259 0.813985
v -1.02636 0.001355 0.843864
v -1.02288 -0.008293 0.873324
v -1.00436 0.007336 0.872772
v -1.00713 0.016941 0.84397
v -1.06649 -0.016838 0.779983
v -1.0634 -0.026064 0.813004
v -1.04709 -0.00674 0.812958
v -1.04969 0.002374 0.780625
v -1.0634 -0.026064 0.813004
v -1.05944 -0.035676 0.845018
v -1.04372 -0.016184 0.84425
v -1.04709 -0.00674 0.812958
v -1.05944 -0.035676 0.845018
v -1.05458 -0.045693 0.875939
v -1.03955 -0.025978 0.87444
v -1.04372 -0.016184 0.84425
v -1.00713 0.016941 0.84397
v -1.00436 0.007336 0.872772
v -0.983767 0.020883 0.872966
v -0.985821 0.030575 0.844679
v -1.00934 0.026259 0.813985
v -1.00713 0.016941 0.84397
v -0.985821 0.030575 0.844679
v -0.98745 0.039943 0.815173
v -1.01099 0.035318 0.782829
v -1.00934 0.026259 0.813985
v -0.98745 0.039943 0.815173
v -0.988633 0.049051 0.784393
v -1.03127 0.019759 0.781574
v -1.02914 0.0107 0.813266
v -1.00934 0.026259 0.813985
v -1.01099 0.035318 0.782829
v -1.04969 0.002374 0.780625
v -1.04709 -0.00674 0.812958
v -1.02914 0.0107 0.813266
v -1.03127 0.019759 0.781574
v -1.02819 0.07883 0.368955
v -1.03141 0.076197 0.391322
v -1.01183 0.094541 0.393011
v -1.00869 0.097319 0.37028
v -1.03141 0.076197 0.391322
v -1.03453 0.073435 0.413863
v -1.01488 0.091645 0.4159
v -1.01183 0.094541 0.393011
v -1.00869 0.097319 0.37028
v -1.01183 0.094541 0.393011
v -0.990412 0.111131 0.394828
v -0.987322 0.114053 0.371667
v -1.01183 0.094541 0.393011
v -1.01488 0.091645 0.4159
v -0.993409 0.108103 0.418093
v -0.990412 0.111131 0.394828
v -1.04263 0.06118 0.345701
v -1.04605 0.058764 0.367777
v -1.02819 0.07883 0.368955
v -1.02487 0.081369 0.346611
v -1.04605 0.058764 0.367777
v -1.04936 0.056244 0.389854
v -1.03141 0.076197 0.391322
v -1.02819 0.07883 0.368955
v -1.04936 0.056244 0.389854
v -1.05256 0.053585 0.412093
v -1.03453 0.073435 0.413863
v -1.03141 0.076197 0.391322
v -1.05256 0.053585 0.412093
v -1.05563 0.050754 0.434659
v -1.03754 0.070506 0.436727
v -1.03453 0.073435 0.413863
v -1.03453 0.073435 0.413863
v -1.03754 0.070506 0.436727
v -1.01782 0.088594 0.439075
v -1.01488 0.091645 0.4159
v -1.01488 0.091645 0.4159
v -1.01782 0.088594 0.439075
v -0.996291 0.104929 0.441567
v -0.993409 0.108103 0.418093
v -0.993409 0.108103 0.418093
v -0.996291 0.104929 0.441567
v -0.972769 0.119426 0.44407
v -0.969917 0.122695 0.42033
v -0.990412 0.111131 0.394828
v -0.993409 0.108103 0.418093
v -0.969917 0.122695 0.42033
v -0.966928 0.125821 0.396677
v -0.987322 0.114053 0.371667
v -0.990412 0.111131 0.394828
v -0.966928 0.125821 0.396677
v -0.963834 0.128852 0.373029
v -0.984159 0.116911 0.348506
v -0.987322 0.114053 0.371667
v -0.963834 0.128852 0.373029
v -0.960662 0.131834 0.349302
v -1.00547 0.100017 0.347577
v -1.00869 0.097319 0.37028
v -0.987322 0.114053 0.371667
v -0.984159 0.116911 0.348506
v -1.02487 0.081369 0.346611
v -1.02819 0.07883 0.368955
v -1.00869 0.097319 0.37028
v -1.00547 0.100017 0.347577
v -1.04985 0.051617 0.560914
v -1.05143 0.046545 0.588715
v -1.0316 0.06411 0.591752
v -1.02996 0.069241 0.563982
v -1.05143 0.046545 0.588715
v -1.05258 0.040858 0.617861
v -1.03285 0.058371 0.620788
v -1.0316 0.06411 0.591752
v -1.02996 0.069241 0.563982
v -1.0316 0.06411 0.591752
v -1.00994 0.079954 0.594518
v -1.00824 0.085131 0.566818
v -1.0316 0.06411 0.591752
v -1.03285 0.058371 0.620788
v -1.01129 0.074173 0.623444
v -1.00994 0.079954 0.594518
v -1.06613 0.036741 0.531333
v -1.06806 0.032261 0.557878
v -1.04985 0.051617 0.560914
v -1.04789 0.056161 0.534298
v -1.06806 0.032261 0.557878
v -1.06959 0.027247 0.585699
v -1.05143 0.046545 0.588715
v -1.04985 0.051617 0.560914
v -1.06959 0.027247 0.585699
v -1.07065 0.02161 0.614967
v -1.05258 0.040858 0.617861
v -1.05143 0.046545 0.588715
v -1.07065 0.02161 0.614967
v -1.07116 0.015267 0.645856
v -1.05323 0.03447 0.648514
v -1.05258 0.040858 0.617861
v -1.05258 0.040858 0.617861
v -1.05323 0.03447 0.648514
v -1.03364 0.051935 0.651237
v -1.03285 0.058371 0.620788
v -1.03285 0.058371 0.620788
v -1.03364 0.051935 0.651237
v -1.01222 0.067688 0.65374
v -1.01129 0.074173 0.623444
v -1.01129 0.074173 0.623444
v -1.01222 0.067688 0.65374
v -0.988786 0.081758 0.655734
v -0.987715 0.088286 0.625524
v -1.00994 0.079954 0.594518
v -1.01129 0.074173 0.623444
v -0.987715 0.088286 0.625524
v -0.986269 0.094091 0.596718
v -1.00824 0.085131 0.566818
v -1.00994 0.079954 0.594518
v -0.986269 0.094091 0.596718
v -0.984515 0.099286 0.569155
v -1.00625 0.089801 0.540202
v -1.00824 0.085131 0.566818
v -0.984515 0.099286 0.569155
v -0.982519 0.103987 0.542674
v -1.02799 0.073853 0.537333
v -1.02996 0.069241 0.563982
v -1.00824 0.085131 0.566818
v -1.00625 0.089801 0.540202
v -1.04789 0.056161 0.534298
v -1.04985 0.051617 0.560914
v -1.02996 0.069241 0.563982
v -1.02799 0.073853 0.537333
v -0.99919 0.097341 0.185158
v -1.00313 0.095273 0.208912
v -0.984666 0.115048 0.208719
v -0.980918 0.117301 0.184944
v -1.00313 0.095273 0.208912
v -1.00698 0.093123 0.232435
v -0.988323 0.112709 0.232281
v -0.984666 0.115048 0.208719
v -0.980918 0.117301 0.184944
v -0.984666 0.115048 0.208719
v -0.963911 0.133028 0.208332
v -0.960273 0.135441 0.184734
v -0.984666 0.115048 0.208719
v -0.988323 0.112709 0.232281
v -0.967459 0.130521 0.231792
v -0.963911 0.133028 0.208332
v -1.01142 0.077898 0.161505
v -1.01568 0.076073 0.185331
v -0.99919 0.097341 0.185158
v -0.995153 0.099322 0.161188
v -1.01568 0.076073 0.185331
v -1.01984 0.074165 0.20897
v -1.00313 0.095273 0.208912
v -0.99919 0.097341 0.185158
v -1.01984 0.074165 0.20897
v -1.0239 0.072178 0.232387
v -1.00698 0.093123 0.232435
v -1.00313 0.095273 0.208912
v -1.0239 0.072178 0.232387
v -1.02786 0.070118 0.255552
v -1.01073 0.0909 0.255714
v -1.00698 0.093123 0.232435
v -1.00698 0.093123 0.232435
v -1.01073 0.0909 0.255714
v -0.991898 0.110293 0.255651
v -0.988323 0.112709 0.232281
v -0.988323 0.112709 0.232281
v -0.991898 0.110293 0.255651
v -0.970928 0.127928 0.255188
v -0.967459 0.130521 0.231792
v -0.967459 0.130521 0.231792
v -0.970928 0.127928 0.255188
v -0.947399 0.143435 0.25415
v -0.943908 0.146144 0.230834
v -0.963911 0.133028 0.208332
v -0.967459 0.130521 0.231792
v -0.943908 0.146144 0.230834
v -0.940331 0.148749 0.207693
v -0.960273 0.135441 0.184734
v -0.963911 0.133028 0.208332
v -0.940331 0.148749 0.207693
v -0.936661 0.151249 0.184572
v -0.956534 0.137752 0.160923
v -0.960273 0.135441 0.184734
v -0.936661 0.151249 0.184572
v -0.932892 0.153644 0.161316
v -0.977072 0.119459 0.160937
v -0.980918 0.117301 0.184944
v -0.960273 0.135441 0.184734
v -0.956534 0.137752 0.160923
v -0.995153 0.099322 0.161188
v -0.99919 0.097341 0.185158
v -0.980918 0.117301 0.184944
v -0.977072 0.119459 0.160937
v -0.749675 -0.423227 0.754357
v -0.727154 -0.400642 0.762785
v -0.728751 -0.401985 0.787666
v -0.751461 -0.424833 0.778741
v -0.727154 -0.400642 0.762785
v -0.707471 -0.375935 0.771796
v -0.709043 -0.377139 0.797061
v -0.728751 -0.401985 0.787666
v -0.751461 -0.424833 0.778741
v -0.728751 -0.401985 0.787666
v -0.731188 -0.403623 0.813224
v -0.753976 -0.426434 0.803936
v -0.728751 -0.401985 0.787666
v -0.709043 -0.377139 0.797061
v -0.711417 -0.378835 0.822828
v -0.731188 -0.403623 0.813224
v -0.773585 -0.440811 0.723198
v -0.748508 -0.421943 0.730512
v -0.749675 -0.423227 0.754357
v -0.77507 -0.44276 0.746624
v -0.748508 -0.421943 0.730512
v -0.726439 -0.40027 0.738305
v -0.727154 -0.400642 0.762785
v -0.749675 -0.423227 0.754357
v -0.726439 -0.40027 0.738305
v -0.707104 -0.376659 0.746423
v -0.707471 -0.375935 0.771796
v -0.727154 -0.400642 0.762785
v -0.731188 -0.403623 0.813224
v -0.711417 -0.378835 0.822828
v -0.714881 -0.380575 0.849439
v -0.734644 -0.405164 0.839715
v -0.753976 -0.426434 0.803936
v -0.731188 -0.403623 0.813224
v -0.734644 -0.405164 0.839715
v -0.757358 -0.427735 0.830213
v -0.779489 -0.446216 0.795481
v -0.753976 -0.426434 0.803936
v -0.757358 -0.427735 0.830213
v -0.782635 -0.447267 0.821577
v -0.777003 -0.444638 0.770607
v -0.751461 -0.424833 0.778741
v -0.753976 -0.426434 0.803936
v -0.779489 -0.446216 0.795481
v -0.77507 -0.44276 0.746624
v -0.749675 -0.423227 0.754357
v -0.751461 -0.424833 0.778741
v -0.777003 -0.444638 0.770607
v -1.0805 -0.383126 0.83905
v -1.06533 -0.40271 0.852822
v -1.06516 -0.398492 0.870691
v -1.07855 -0.379182 0.863247
v -1.06533 -0.40271 0.852822
v -1.05176 -0.418006 0.864621
v -1.05272 -0.413986 0.877744
v -1.06516 -0.398492 0.870691
v -1.07855 -0.379182 0.863247
v -1.06516 -0.398492 0.870691
v -1.06229 -0.396286 0.889651
v -1.07382 -0.377632 0.88739
v -1.06516 -0.398492 0.870691
v -1.05272 -0.413986 0.877744
v -1.05144 -0.411478 0.892104
v -1.06229 -0.396286 0.889651
v -1.09583 -0.366145 0.790916
v -1.07734 -0.392067 0.818531
v -1.0805 -0.383126 0.83905
v -1.09551 -0.358683 0.826643
v -1.07734 -0.392067 0.818531
v -1.06167 -0.41016 0.838357
v -1.06533 -0.40271 0.852822
v -1.0805 -0.383126 0.83905
v -1.06167 -0.41016 0.838357
v -1.04806 -0.424058 0.853932
v -1.05176 -0.418006 0.864621
v -1.06533 -0.40271 0.852822
v -1.04806 -0.424058 0.853932
v -1.03737 -0.434078 0.865463
v -1.04094 -0.429122 0.873631
v -1.05176 -0.418006 0.864621
v -1.05176 -0.418006 0.864621
v -1.04094 -0.429122 0.873631
v -1.04259 -0.425445 0.88347
v -1.05272 -0.413986 0.877744
v -1.05272 -0.413986 0.877744
v -1.04259 -0.425445 0.88347
v -1.04247 -0.422848 0.894275
v -1.05144 -0.411478 0.892104
v -1.09133 -0.356233 0.857269
v -1.07855 -0.379182 0.863247
v -1.07382 -0.377632 0.88739
v -1.08483 -0.355872 0.88591
v -1.09551 -0.358683 0.826643
v -1.0805 -0.383126 0.83905
v -1.07855 -0.379182 0.863247
v -1.09133 -0.356233 0.857269
v -1.05312 -0.229998 0.198971
v -1.05879 -0.23307 0.221387
v -1.07084 -0.205203 0.218891
v -1.06521 -0.202437 0.1964
v -1.05879 -0.23307 0.221387
v -1.06436 -0.236359 0.243742
v -1.07635 -0.208152 0.241303
v -1.07084 -0.205203 0.218891
v -1.06521 -0.202437 0.1964
v -1.07084 -0.205203 0.218891
v -1.07958 -0.175603 0.216463
v -1.07403 -0.173114 0.193875
v -1.07084 -0.205203 0.218891
v -1.07635 -0.208152 0.241303
v -1.085 -0.178247 0.238954
v -1.07958 -0.175603 0.216463
v -1.03222 -0.252123 0.179042
v -1.03801 -0.255248 0.201399
v -1.05312 -0.229998 0.198971
v -1.04734 -0.227157 0.176549
v -1.03801 -0.255248 0.201399
v -1.0437 -0.258642 0.223767
v -1.05879 -0.23307 0.221387
v -1.05312 -0.229998 0.198971
v -1.0437 -0.258642 0.223767
v -1.04927 -0.262291 0.246097
v -1.06436 -0.236359 0.243742
v -1.05879 -0.23307 0.221387
v -1.04927 -0.262291 0.246097
v -1.0547 -0.266183 0.268342
v -1.06977 -0.239853 0.265983
v -1.06436 -0.236359 0.243742
v -1.06436 -0.236359 0.243742
v -1.06977 -0.239853 0.265983
v -1.08171 -0.211272 0.263576
v -1.07635 -0.208152 0.241303
v -1.07635 -0.208152 0.241303
v -1.08171 -0.211272 0.263576
v -1.09027 -0.181035 0.261288
v -1.085 -0.178247 0.238954
v -1.085 -0.178247 0.238954
v -1.09027 -0.181035 0.261288
v -1.09521 -0.149738 0.259281
v -1.09005 -0.147226 0.236869
v -1.07958 -0.175603 0.216463
v -1.085 -0.178247 0.238954
v -1.09005 -0.147226 0.236869
v -1.08474 -0.144836 0.214283
v -1.07403 -0.173114 0.193875
v -1.07958 -0.175603 0.216463
v -1.08474 -0.144836 0.214283
v -1.0793 -0.142577 0.191586
v -1.06837 -0.170789 0.171252
v -1.07403 -0.173114 0.193875
v -1.0793 -0.142577 0.191586
v -1.07374 -0.140458 0.16884
v -1.05948 -0.199867 0.173887
v -1.06521 -0.202437 0.1964
v -1.07403 -0.173114 0.193875
v -1.06837 -0.170789 0.171252
v -1.04734 -0.227157 0.176549
v -1.05312 -0.229998 0.198971
v -1.06521 -0.202437 0.1964
v -1.05948 -0.199867 0.173887
v -1.05648 0.005607 0.185815
v -1.06119 0.003834 0.209099
v -1.04907 0.028724 0.208968
v -1.04453 0.030492 0.185569
v -1.06119 0.003834 0.209099
v -1.06577 0.001976 0.232206
v -1.0535 0.026874 0.232174
v -1.04907 0.028724 0.208968
v -1.04453 0.030492 0.185569
v -1.04907 0.028724 0.208968
v -1.0352 0.052052 0.208957
v -1.03084 0.053861 0.185442
v -1.04907 0.028724 0.208968
v -1.0535 0.026874 0.232174
v -1.03946 0.050164 0.232267
v -1.0352 0.052052 0.208957
v -1.06143 -0.019436 0.163002
v -1.06641 -0.021154 0.186282
v -1.05648 0.005607 0.185815
v -1.05167 0.007294 0.162405
v -1.06641 -0.021154 0.186282
v -1.07128 -0.022963 0.209452
v -1.06119 0.003834 0.209099
v -1.05648 0.005607 0.185815
v -1.07128 -0.022963 0.209452
v -1.07601 -0.024863 0.232457
v -1.06577 0.001976 0.232206
v -1.06119 0.003834 0.209099
v -1.07601 -0.024863 0.232457
v -1.08059 -0.026852 0.255242
v -1.07021 3.3e-05 0.25508
v -1.06577 0.001976 0.232206
v -1.06577 0.001976 0.232206
v -1.07021 3.3e-05 0.25508
v -1.05779 0.024944 0.255138
v -1.0535 0.026874 0.232174
v -1.0535 0.026874 0.232174
v -1.05779 0.024944 0.255138
v -1.04359 0.0482 0.255325
v -1.03946 0.050164 0.232267
v -1.03946 0.050164 0.232267
v -1.04359 0.0482 0.255325
v -1.02786 0.070118 0.255552
v -1.0239 0.072178 0.232387
v -1.0352 0.052052 0.208957
v -1.03946 0.050164 0.232267
v -1.0239 0.072178 0.232387
v -1.01984 0.074165 0.20897
v -1.03084 0.053861 0.185442
v -1.0352 0.052052 0.208957
v -1.01984 0.074165 0.20897
v -1.01568 0.076073 0.185331
v -1.02638 0.055589 0.161765
v -1.03084 0.053861 0.185442
v -1.01568 0.076073 0.185331
v -1.01142 0.077898 0.161505
v -1.03989 0.032178 0.162029
v -1.04453 0.030492 0.185569
v -1.03084 0.053861 0.185442
v -1.02638 0.055589 0.161765
v -1.05167 0.007294 0.162405
v -1.05648 0.005607 0.185815
v -1.04453 0.030492 0.185569
v -1.03989 0.032178 0.162029
v -1.1208 -0.295711 0.55583
v -1.12236 -0.300393 0.583356
v -1.13338 -0.266421 0.581399
v -1.13192 -0.261866 0.553688
v -1.12236 -0.300393 0.583356
v -1.12325 -0.305056 0.612663
v -1.13415 -0.271064 0.610936
v -1.13338 -0.266421 0.581399
v -1.13192 -0.261866 0.553688
v -1.13338 -0.266421 0.581399
v -1.14065 -0.231617 0.579752
v -1.13928 -0.227129 0.55189
v -1.13338 -0.266421 0.581399
v -1.13415 -0.271064 0.610936
v -1.14132 -0.236302 0.60948
v -1.14065 -0.231617 0.579752
v -1.10375 -0.322927 0.532594
v -1.10592 -0.327855 0.558281
v -1.1208 -0.295711 0.55583
v -1.11869 -0.291048 0.529986
v -1.10592 -0.327855 0.558281
v -1.10756 -0.332724 0.585603
v -1.12236 -0.300393 0.583356
v -1.1208 -0.295711 0.55583
v -1.10756 -0.332724 0.585603
v -1.10857 -0.337477 0.614654
v -1.12325 -0.305056 0.612663
v -1.12236 -0.300393 0.583356
v -1.10857 -0.337477 0.614654
v -1.10885 -0.342059 0.645525
v -1.12337 -0.309661 0.643851
v -1.12325 -0.305056 0.612663
v -1.12325 -0.305056 0.612663
v -1.12337 -0.309661 0.643851
v -1.13412 -0.275775 0.642407
v -1.13415 -0.271064 0.610936
v -1.13415 -0.271064 0.610936
v -1.13412 -0.275775 0.642407
v -1.14117 -0.241185 0.641185
v -1.14132 -0.236302 0.60948
v -1.14132 -0.236302 0.60948
v -1.14117 -0.241185 0.641185
v -1.14458 -0.206676 0.640173
v -1.14478 -0.201574 0.608301
v -1.14065 -0.231617 0.579752
v -1.14132 -0.236302 0.60948
v -1.14478 -0.201574 0.608301
v -1.14418 -0.196793 0.578438
v -1.13928 -0.227129 0.55189
v -1.14065 -0.231617 0.579752
v -1.14418 -0.196793 0.578438
v -1.14288 -0.192312 0.550467
v -1.13735 -0.222838 0.52578
v -1.13928 -0.227129 0.55189
v -1.14288 -0.192312 0.550467
v -1.14102 -0.188112 0.52427
v -1.1299 -0.257418 0.5277
v -1.13192 -0.261866 0.553688
v -1.13928 -0.227129 0.55189
v -1.13735 -0.222838 0.52578
v -1.11869 -0.291048 0.529986
v -1.1208 -0.295711 0.55583
v -1.13192 -0.261866 0.553688
v -1.1299 -0.257418 0.5277
v -1.08085 -0.111405 0.189686
v -1.08617 -0.113488 0.212499
v -1.08415 -0.082251 0.211118
v -1.07897 -0.080294 0.188186
v -1.08617 -0.113488 0.212499
v -1.09135 -0.115686 0.235187
v -1.08918 -0.08431 0.233911
v -1.08415 -0.082251 0.211118
v -1.07897 -0.080294 0.188186
v -1.08415 -0.082251 0.211118
v -1.07905 -0.051837 0.210111
v -1.07403 -0.049969 0.187059
v -1.08415 -0.082251 0.211118
v -1.08918 -0.08431 0.233911
v -1.08394 -0.053802 0.233011
v -1.07905 -0.051837 0.210111
v -1.07374 -0.140458 0.16884
v -1.0793 -0.142577 0.191586
v -1.08085 -0.111405 0.189686
v -1.07542 -0.109443 0.166809
v -1.0793 -0.142577 0.191586
v -1.08474 -0.144836 0.214283
v -1.08617 -0.113488 0.212499
v -1.08085 -0.111405 0.189686
v -1.08474 -0.144836 0.214283
v -1.09005 -0.147226 0.236869
v -1.09135 -0.115686 0.235187
v -1.08617 -0.113488 0.212499
v -1.09005 -0.147226 0.236869
v -1.09521 -0.149738 0.259281
v -1.09637 -0.117991 0.257688
v -1.09135 -0.115686 0.235187
v -1.09135 -0.115686 0.235187
v -1.09637 -0.117991 0.257688
v -1.09406 -0.086469 0.256506
v -1.08918 -0.08431 0.233911
v -1.08918 -0.08431 0.233911
v -1.09406 -0.086469 0.256506
v -1.08867 -0.05586 0.255702
v -1.08394 -0.053802 0.233011
v -1.08394 -0.053802 0.233011
v -1.08867 -0.05586 0.255702
v -1.08059 -0.026852 0.255242
v -1.07601 -0.024863 0.232457
v -1.07905 -0.051837 0.210111
v -1.08394 -0.053802 0.233011
v -1.07601 -0.024863 0.232457
v -1.07128 -0.022963 0.209452
v -1.07403 -0.049969 0.187059
v -1.07905 -0.051837 0.210111
v -1.07128 -0.022963 0.209452
v -1.06641 -0.021154 0.186282
v -1.06889 -0.048199 0.163913
v -1.07403 -0.049969 0.187059
v -1.06641 -0.021154 0.186282
v -1.06143 -0.019436 0.163002
v -1.07368 -0.078446 0.165175
v -1.07897 -0.080294 0.188186
v -1.07403 -0.049969 0.187059
v -1.06889 -0.048199 0.163913
v -1.07542 -0.109443 0.166809
v -1.08085 -0.111405 0.189686
v -1.07897 -0.080294 0.188186
v -1.07368 -0.078446 0.165175
v -1.11281 -0.036897 0.550865
v -1.11421 -0.041777 0.578804
v -1.10111 -0.016779 0.580636
v -1.09967 -0.011851 0.552743
v -1.11421 -0.041777 0.578804
v -1.11505 -0.047261 0.608501
v -1.10202 -0.022327 0.610192
v -1.10111 -0.016779 0.580636
v -1.09967 -0.011851 0.552743
v -1.10111 -0.016779 0.580636
v -1.08618 0.00618 0.582964
v -1.0847 0.011149 0.555113
v -1.10111 -0.016779 0.580636
v -1.10202 -0.022327 0.610192
v -1.08716 0.000586 0.612373
v -1.08618 0.00618 0.582964
v -1.12212 -0.059836 0.523283
v -1.12396 -0.064147 0.549576
v -1.11281 -0.036897 0.550865
v -1.11095 -0.032541 0.52453
v -1.12396 -0.064147 0.549576
v -1.12532 -0.06896 0.57756
v -1.11421 -0.041777 0.578804
v -1.11281 -0.036897 0.550865
v -1.12532 -0.06896 0.57756
v -1.12609 -0.074346 0.607377
v -1.11505 -0.047261 0.608501
v -1.11421 -0.041777 0.578804
v -1.12609 -0.074346 0.607377
v -1.12618 -0.080379 0.63917
v -1.11524 -0.053426 0.640112
v -1.11505 -0.047261 0.608501
v -1.11505 -0.047261 0.608501
v -1.11524 -0.053426 0.640112
v -1.10231 -0.028575 0.641579
v -1.10202 -0.022327 0.610192
v -1.10202 -0.022327 0.610192
v -1.10231 -0.028575 0.641579
v -1.08756 -0.005715 0.643513
v -1.08716 0.000586 0.612373
v -1.08716 0.000586 0.612373
v -1.08756 -0.005715 0.643513
v -1.07116 0.015267 0.645856
v -1.07065 0.02161 0.614967
v -1.08618 0.00618 0.582964
v -1.08716 0.000586 0.612373
v -1.07065 0.02161 0.614967
v -1.06959 0.027247 0.585699
v -1.0847 0.011149 0.555113
v -1.08618 0.00618 0.582964
v -1.06959 0.027247 0.585699
v -1.06806 0.032261 0.557878
v -1.08279 0.01558 0.528645
v -1.0847 0.011149 0.555113
v -1.06806 0.032261 0.557878
v -1.06613 0.036741 0.531333
v -1.09778 -0.007458 0.526348
v -1.09967 -0.011851 0.552743
v -1.0847 0.011149 0.555113
v -1.08279 0.01558 0.528645
v -1.11095 -0.032541 0.52453
v -1.11281 -0.036897 0.550865
v -1.09967 -0.011851 0.552743
v -1.09778 -0.007458 0.526348
v -1.14279 -0.158157 0.549458
v -1.14406 -0.162687 0.577486
v -1.14061 -0.129756 0.576968
v -1.13933 -0.125138 0.548928
v -1.14406 -0.162687 0.577486
v -1.14465 -0.167608 0.60742
v -1.14125 -0.134841 0.606912
v -1.14061 -0.129756 0.576968
v -1.13933 -0.125138 0.548928
v -1.14061 -0.129756 0.576968
v -1.13424 -0.098385 0.576966
v -1.13292 -0.093666 0.548944
v -1.14061 -0.129756 0.576968
v -1.14125 -0.134841 0.606912
v -1.13493 -0.103633 0.606868
v -1.13424 -0.098385 0.576966
v -1.14102 -0.188112 0.52427
v -1.14288 -0.192312 0.550467
v -1.14279 -0.158157 0.549458
v -1.14097 -0.153981 0.523215
v -1.14288 -0.192312 0.550467
v -1.14418 -0.196793 0.578438
v -1.14406 -0.162687 0.577486
v -1.14279 -0.158157 0.549458
v -1.14418 -0.196793 0.578438
v -1.14478 -0.201574 0.608301
v -1.14465 -0.167608 0.60742
v -1.14406 -0.162687 0.577486
v -1.14478 -0.201574 0.608301
v -1.14458 -0.206676 0.640173
v -1.14446 -0.172959 0.639382
v -1.14465 -0.167608 0.60742
v -1.14465 -0.167608 0.60742
v -1.14446 -0.172959 0.639382
v -1.14112 -0.140445 0.638888
v -1.14125 -0.134841 0.606912
v -1.14125 -0.134841 0.606912
v -1.14112 -0.140445 0.638888
v -1.13491 -0.109473 0.638785
v -1.13493 -0.103633 0.606868
v -1.13493 -0.103633 0.606868
v -1.13491 -0.109473 0.638785
v -1.12618 -0.080379 0.63917
v -1.12609 -0.074346 0.607377
v -1.13424 -0.098385 0.576966
v -1.13493 -0.103633 0.606868
v -1.12609 -0.074346 0.607377
v -1.12532 -0.06896 0.57756
v -1.13292 -0.093666 0.548944
v -1.13424 -0.098385 0.576966
v -1.12532 -0.06896 0.57756
v -1.12396 -0.064147 0.549576
v -1.1311 -0.089412 0.52267
v -1.13292 -0.093666 0.548944
v -1.12396 -0.064147 0.549576
v -1.12212 -0.059836 0.523283
v -1.13752 -0.120937 0.522664
v -1.13933 -0.125138 0.548928
v -1.13292 -0.093666 0.548944
v -1.1311 -0.089412 0.52267
v -1.14097 -0.153981 0.523215
v -1.14279 -0.158157 0.549458
v -1.13933 -0.125138 0.548928
v -1.13752 -0.120937 0.522664
v -1.09415 -0.259749 0.374692
v -1.09842 -0.264067 0.396018
v -1.11001 -0.232786 0.39348
v -1.10579 -0.228941 0.372182
v -1.09842 -0.264067 0.396018
v -1.10248 -0.268453 0.417349
v -1.114 -0.236708 0.414795
v -1.11001 -0.232786 0.39348
v -1.10579 -0.228941 0.372182
v -1.11001 -0.232786 0.39348
v -1.118 -0.200193 0.391275
v -1.11388 -0.196756 0.369974
v -1.11001 -0.232786 0.39348
v -1.114 -0.236708 0.414795
v -1.1219 -0.203715 0.4126
v -1.118 -0.200193 0.391275
v -1.07464 -0.283747 0.355902
v -1.07913 -0.288496 0.377394
v -1.09415 -0.259749 0.374692
v -1.08966 -0.255518 0.353282
v -1.07913 -0.288496 0.377394
v -1.08341 -0.293331 0.398792
v -1.09842 -0.264067 0.396018
v -1.09415 -0.259749 0.374692
v -1.08341 -0.293331 0.398792
v -1.08746 -0.298227 0.420176
v -1.10248 -0.268453 0.417349
v -1.09842 -0.264067 0.396018
v -1.08746 -0.298227 0.420176
v -1.09129 -0.303157 0.441628
v -1.1063 -0.27289 0.438775
v -1.10248 -0.268453 0.417349
v -1.10248 -0.268453 0.417349
v -1.1063 -0.27289 0.438775
v -1.11777 -0.240698 0.436222
v -1.114 -0.236708 0.414795
v -1.114 -0.236708 0.414795
v -1.11777 -0.240698 0.436222
v -1.12558 -0.20732 0.434048
v -1.1219 -0.203715 0.4126
v -1.1219 -0.203715 0.4126
v -1.12558 -0.20732 0.434048
v -1.12961 -0.173497 0.43233
v -1.12604 -0.170196 0.410853
v -1.118 -0.200193 0.391275
v -1.1219 -0.203715 0.4126
v -1.12604 -0.170196 0.410853
v -1.12224 -0.166991 0.389502
v -1.11388 -0.196756 0.369974
v -1.118 -0.200193 0.391275
v -1.12224 -0.166991 0.389502
v -1.11823 -0.16388 0.368175
v -1.10955 -0.193407 0.348596
v -1.11388 -0.196756 0.369974
v -1.11823 -0.16388 0.368175
v -1.11402 -0.16086 0.346771
v -1.10137 -0.225182 0.350807
v -1.10579 -0.228941 0.372182
v -1.11388 -0.196756 0.369974
v -1.10955 -0.193407 0.348596
v -1.08966 -0.255518 0.353282
v -1.09415 -0.259749 0.374692
v -1.10579 -0.228941 0.372182
v -1.10137 -0.225182 0.350807
v -1.0902 -0.010985 0.365652
v -1.09374 -0.013485 0.387261
v -1.08069 0.011596 0.38782
v -1.07723 0.014061 0.366107
v -1.09374 -0.013485 0.387261
v -1.09711 -0.01612 0.408935
v -1.08401 0.008991 0.409634
v -1.08069 0.011596 0.38782
v -1.07723 0.014061 0.366107
v -1.08069 0.011596 0.38782
v -1.06583 0.034764 0.388683
v -1.06244 0.037231 0.366819
v -1.08069 0.011596 0.38782
v -1.08401 0.008991 0.409634
v -1.06909 0.032156 0.410682
v -1.06583 0.034764 0.388683
v -1.09736 -0.0357 0.343852
v -1.10115 -0.038146 0.365467
v -1.0902 -0.010985 0.365652
v -1.08651 -0.008598 0.343973
v -1.10115 -0.038146 0.365467
v -1.10476 -0.040703 0.386998
v -1.09374 -0.013485 0.387261
v -1.0902 -0.010985 0.365652
v -1.10476 -0.040703 0.386998
v -1.1082 -0.043387 0.408567
v -1.09711 -0.01612 0.408935
v -1.09374 -0.013485 0.387261
v -1.1082 -0.043387 0.408567
v -1.11145 -0.046215 0.430293
v -1.10032 -0.01891 0.430808
v -1.09711 -0.01612 0.408935
v -1.09711 -0.01612 0.408935
v -1.10032 -0.01891 0.430808
v -1.08718 0.00622 0.431699
v -1.08401 0.008991 0.409634
v -1.08401 0.008991 0.409634
v -1.08718 0.00622 0.431699
v -1.07222 0.029375 0.432979
v -1.06909 0.032156 0.410682
v -1.06909 0.032156 0.410682
v -1.07222 0.029375 0.432979
v -1.05563 0.050754 0.434659
v -1.05256 0.053585 0.412093
v -1.06583 0.034764 0.388683
v -1.06909 0.032156 0.410682
v -1.05256 0.053585 0.412093
v -1.04936 0.056244 0.389854
v -1.06244 0.037231 0.366819
v -1.06583 0.034764 0.388683
v -1.04936 0.056244 0.389854
v -1.04605 0.058764 0.367777
v -1.05892 0.039587 0.34493
v -1.06244 0.037231 0.366819
v -1.04605 0.058764 0.367777
v -1.04263 0.06118 0.345701
v -1.07362 0.016413 0.344343
v -1.07723 0.014061 0.366107
v -1.06244 0.037231 0.366819
v -1.05892 0.039587 0.34493
v -1.08651 -0.008598 0.343973
v -1.0902 -0.010985 0.365652
v -1.07723 0.014061 0.366107
v -1.07362 0.016413 0.344343
v -1.11878 -0.130981 0.366867
v -1.12268 -0.133861 0.388231
v -1.11963 -0.101392 0.387429
v -1.11584 -0.098665 0.366019
v -1.12268 -0.133861 0.388231
v -1.12637 -0.136843 0.409616
v -1.12323 -0.104229 0.408859
v -1.11963 -0.101392 0.387429
v -1.11584 -0.098665 0.366019
v -1.11963 -0.101392 0.387429
v -1.11352 -0.07015 0.387038
v -1.10982 -0.067523 0.365572
v -1.11963 -0.101392 0.387429
v -1.12323 -0.104229 0.408859
v -1.11703 -0.072896 0.408528
v -1.11352 -0.07015 0.387038
v -1.11402 -0.16086 0.346771
v -1.11823 -0.16388 0.368175
v -1.11878 -0.130981 0.366867
v -1.11468 -0.128196 0.345422
v -1.11823 -0.16388 0.368175
v -1.12224 -0.166991 0.389502
v -1.12268 -0.133861 0.388231
v -1.11878 -0.130981 0.366867
v -1.12224 -0.166991 0.389502
v -1.12604 -0.170196 0.410853
v -1.12637 -0.136843 0.409616
v -1.12268 -0.133861 0.388231
v -1.12604 -0.170196 0.410853
v -1.12961 -0.173497 0.43233
v -1.12985 -0.139934 0.431127
v -1.12637 -0.136843 0.409616
v -1.12637 -0.136843 0.409616
v -1.12985 -0.139934 0.431127
v -1.12662 -0.107187 0.430414
v -1.12323 -0.104229 0.408859
v -1.12323 -0.104229 0.408859
v -1.12662 -0.107187 0.430414
v -1.12035 -0.075774 0.430151
v -1.11703 -0.072896 0.408528
v -1.11703 -0.072896 0.408528
v -1.12035 -0.075774 0.430151
v -1.11145 -0.046215 0.430293
v -1.1082 -0.043387 0.408567
v -1.11352 -0.07015 0.387038
v -1.11703 -0.072896 0.408528
v -1.1082 -0.043387 0.408567
v -1.10476 -0.040703 0.386998
v -1.10982 -0.067523 0.365572
v -1.11352 -0.07015 0.387038
v -1.10476 -0.040703 0.386998
v -1.10115 -0.038146 0.365467
v -1.10594 -0.065003 0.344018
v -1.10982 -0.067523 0.365572
v -1.10115 -0.038146 0.365467
v -1.09736 -0.0357 0.343852
v -1.11185 -0.09604 0.344523
v -1.11584 -0.098665 0.366019
v -1.10982 -0.067523 0.365572
v -1.10594 -0.065003 0.344018
v -1.11468 -0.128196 0.345422
v -1.11878 -0.130981 0.366867
v -1.11584 -0.098665 0.366019
v -1.11185 -0.09604 0.344523
v -1.00794 -0.344867 0.341288
v -1.03108 -0.326101 0.33913
v -1.02634 -0.320595 0.316977
v -1.00335 -0.338887 0.318879
v -1.03108 -0.326101 0.33913
v -1.05186 -0.304112 0.336754
v -1.04702 -0.29911 0.314798
v -1.02634 -0.320595 0.316977
v -1.00335 -0.338887 0.318879
v -1.02634 -0.320595 0.316977
v -1.0214 -0.315317 0.294713
v -0.998555 -0.333164 0.296389
v -1.02634 -0.320595 0.316977
v -1.04702 -0.29911 0.314798
v -1.04198 -0.294308 0.292708
v -1.0214 -0.315317 0.294713
v -0.986948 -0.366821 0.365762
v -1.0123 -0.351053 0.36357
v -1.00794 -0.344867 0.341288
v -0.982782 -0.360197 0.343136
v -1.0123 -0.351053 0.36357
v -1.03561 -0.331791 0.361137
v -1.03108 -0.326101 0.33913
v -1.00794 -0.344867 0.341288
v -1.03561 -0.331791 0.361137
v -1.05651 -0.309276 0.358552
v -1.05186 -0.304112 0.336754
v -1.03108 -0.326101 0.33913
v -1.05651 -0.309276 0.358552
v -1.07464 -0.283747 0.355902
v -1.06994 -0.279113 0.334249
v -1.05186 -0.304112 0.336754
v -1.05186 -0.304112 0.336754
v -1.06994 -0.279113 0.334249
v -1.06504 -0.274622 0.312431
v -1.04702 -0.29911 0.314798
v -1.04702 -0.29911 0.314798
v -1.06504 -0.274622 0.312431
v -1.05996 -0.270302 0.290459
v -1.04198 -0.294308 0.292708
v -1.04198 -0.294308 0.292708
v -1.05996 -0.270302 0.290459
v -1.0547 -0.266183 0.268342
v -1.03676 -0.289742 0.270503
v -1.0214 -0.315317 0.294713
v -1.04198 -0.294308 0.292708
v -1.03676 -0.289742 0.270503
v -1.01627 -0.310312 0.272372
v -0.998555 -0.333164 0.296389
v -1.0214 -0.315317 0.294713
v -1.01627 -0.310312 0.272372
v -0.993558 -0.32775 0.273866
v -0.973772 -0.347686 0.297652
v -0.998555 -0.333164 0.296389
v -0.993558 -0.32775 0.273866
v -0.968945 -0.341915 0.274904
v -0.978388 -0.353799 0.320414
v -1.00335 -0.338887 0.318879
v -0.998555 -0.333164 0.296389
v -0.973772 -0.347686 0.297652
v -0.982782 -0.360197 0.343136
v -1.00794 -0.344867 0.341288
v -1.00335 -0.338887 0.318879
v -0.978388 -0.353799 0.320414
v -1.10814 -0.329453 0.820766
v -1.10207 -0.330003 0.854267
v -1.11038 -0.301635 0.853447
v -1.11752 -0.298417 0.81893
v -1.10207 -0.330003 0.854267
v -1.09424 -0.331434 0.885627
v -1.10171 -0.305049 0.88615
v -1.11038 -0.301635 0.853447
v -1.11752 -0.298417 0.81893
v -1.11038 -0.301635 0.853447
v -1.1161 -0.272348 0.853551
v -1.12371 -0.267237 0.818536
v -1.11038 -0.301635 0.853447
v -1.10171 -0.305049 0.88615
v -1.10704 -0.277505 0.886901
v -1.1161 -0.272348 0.853551
v -1.09583 -0.366145 0.790916
v -1.09551 -0.358683 0.826643
v -1.10814 -0.329453 0.820766
v -1.11288 -0.328404 0.785198
v -1.09551 -0.358683 0.826643
v -1.09133 -0.356233 0.857269
v -1.10207 -0.330003 0.854267
v -1.10814 -0.329453 0.820766
v -1.09133 -0.356233 0.857269
v -1.08483 -0.355872 0.88591
v -1.09424 -0.331434 0.885627
v -1.10207 -0.330003 0.854267
v -1.1161 -0.272348 0.853551
v -1.10704 -0.277505 0.886901
v -1.11006 -0.249534 0.887352
v -1.11917 -0.242888 0.853736
v -1.12371 -0.267237 0.818536
v -1.1161 -0.272348 0.853551
v -1.11917 -0.242888 0.853736
v -1.12686 -0.236376 0.818496
v -1.12985 -0.262076 0.782513
v -1.12371 -0.267237 0.818536
v -1.12686 -0.236376 0.818496
v -1.13308 -0.230012 0.782276
v -1.12328 -0.294821 0.783192
v -1.11752 -0.298417 0.81893
v -1.12371 -0.267237 0.818536
v -1.12985 -0.262076 0.782513
v -1.11288 -0.328404 0.785198
v -1.10814 -0.329453 0.820766
v -1.11752 -0.298417 0.81893
v -1.12328 -0.294821 0.783192
v -1.10293 -0.094738 0.814697
v -1.09719 -0.104814 0.848663
v -1.08632 -0.080207 0.847303
v -1.09148 -0.070189 0.813929
v -1.09719 -0.104814 0.848663
v -1.09023 -0.115373 0.881363
v -1.08004 -0.090702 0.879493
v -1.08632 -0.080207 0.847303
v -1.09148 -0.070189 0.813929
v -1.08632 -0.080207 0.847303
v -1.07368 -0.057082 0.846063
v -1.07824 -0.047251 0.813347
v -1.08632 -0.080207 0.847303
v -1.08004 -0.090702 0.879493
v -1.0681 -0.067363 0.877657
v -1.07368 -0.057082 0.846063
v -1.11743 -0.111398 0.780137
v -1.11241 -0.120762 0.815595
v -1.10293 -0.094738 0.814697
v -1.10749 -0.085202 0.779747
v -1.11241 -0.120762 0.815595
v -1.10611 -0.13067 0.850065
v -1.09719 -0.104814 0.848663
v -1.10293 -0.094738 0.814697
v -1.10611 -0.13067 0.850065
v -1.09852 -0.14104 0.883182
v -1.09023 -0.115373 0.881363
v -1.09719 -0.104814 0.848663
v -1.07368 -0.057082 0.846063
v -1.0681 -0.067363 0.877657
v -1.05458 -0.045693 0.875939
v -1.05944 -0.035676 0.845018
v -1.07824 -0.047251 0.813347
v -1.07368 -0.057082 0.846063
v -1.05944 -0.035676 0.845018
v -1.0634 -0.026064 0.813004
v -1.08182 -0.037869 0.77964
v -1.07824 -0.047251 0.813347
v -1.0634 -0.026064 0.813004
v -1.06649 -0.016838 0.779983
v -1.09555 -0.060675 0.779571
v -1.09148 -0.070189 0.813929
v -1.07824 -0.047251 0.813347
v -1.08182 -0.037869 0.77964
v -1.10749 -0.085202 0.779747
v -1.10293 -0.094738 0.814697
v -1.09148 -0.070189 0.813929
v -1.09555 -0.060675 0.779571
v -1.12712 -0.206105 0.81814
v -1.11959 -0.213803 0.853413
v -1.11745 -0.185311 0.852589
v -1.12468 -0.176624 0.817447
v -1.11959 -0.213803 0.853413
v -1.11064 -0.221746 0.887105
v -1.10884 -0.19434 0.886215
v -1.11745 -0.185311 0.852589
v -1.12468 -0.176624 0.817447
v -1.11745 -0.185311 0.852589
v -1.11291 -0.157554 0.851422
v -1.11972 -0.148116 0.816552
v -1.11745 -0.185311 0.852589
v -1.10884 -0.19434 0.886215
v -1.10476 -0.167407 0.884851
v -1.11291 -0.157554 0.851422
v -1.13308 -0.230012 0.782276
v -1.12686 -0.236376 0.818496
v -1.12712 -0.206105 0.81814
v -1.13322 -0.198709 0.781885
v -1.12686 -0.236376 0.818496
v -1.11917 -0.242888 0.853736
v -1.11959 -0.213803 0.853413
v -1.12712 -0.206105 0.81814
v -1.11917 -0.242888 0.853736
v -1.11006 -0.249534 0.887352
v -1.11064 -0.221746 0.887105
v -1.11959 -0.213803 0.853413
v -1.11291 -0.157554 0.851422
v -1.10476 -0.167407 0.884851
v -1.09852 -0.14104 0.883182
v -1.10611 -0.13067 0.850065
v -1.11972 -0.148116 0.816552
v -1.11291 -0.157554 0.851422
v -1.10611 -0.13067 0.850065
v -1.11241 -0.120762 0.815595
v -1.12518 -0.139181 0.780696
v -1.11972 -0.148116 0.816552
v -1.11241 -0.120762 0.815595
v -1.11743 -0.111398 0.780137
v -1.13051 -0.168358 0.781319
v -1.12468 -0.176624 0.817447
v -1.11972 -0.148116 0.816552
v -1.12518 -0.139181 0.780696
v -1.13322 -0.198709 0.781885
v -1.12712 -0.206105 0.81814
v -1.12468 -0.176624 0.817447
v -1.13051 -0.168358 0.781319
v -0.902037 0.168981 0.139651
v -0.874114 0.179207 0.142128
v -0.869466 0.181341 0.119883
v -0.8979 0.171128 0.116381
v -0.874114 0.179207 0.142128
v -0.848261 0.186835 0.144686
v -0.842717 0.189004 0.12347
v -0.869466 0.181341 0.119883
v -0.8979 0.171128 0.116381
v -0.869466 0.181341 0.119883
v -0.864529 0.183354 0.095951
v -0.893723 0.173098 0.091956
v -0.869466 0.181341 0.119883
v -0.842717 0.189004 0.12347
v -0.836 0.191245 0.099895
v -0.864529 0.183354 0.095951
v -0.932892 0.153644 0.161316
v -0.906098 0.166704 0.162215
v -0.902037 0.168981 0.139651
v -0.92902 0.155928 0.137757
v -0.906098 0.166704 0.162215
v -0.878505 0.176995 0.163429
v -0.874114 0.179207 0.142128
v -0.902037 0.168981 0.139651
v -0.878505 0.176995 0.163429
v -0.853064 0.184709 0.164696
v -0.848261 0.186835 0.144686
v -0.874114 0.179207 0.142128
v -0.853064 0.184709 0.164696
v -0.832728 0.190035 0.165754
v -0.827564 0.192077 0.146848
v -0.848261 0.186835 0.144686
v -0.848261 0.186835 0.144686
v -0.827564 0.192077 0.146848
v -0.821223 0.194267 0.126652
v -0.842717 0.189004 0.12347
v -0.842717 0.189004 0.12347
v -0.821223 0.194267 0.126652
v -0.812379 0.196804 0.103644
v -0.836 0.191245 0.099895
v -0.836 0.191245 0.099895
v -0.812379 0.196804 0.103644
v -0.797494 0.20031 0.07245
v -0.829371 0.193208 0.072654
v -0.864529 0.183354 0.095951
v -0.836 0.191245 0.099895
v -0.829371 0.193208 0.072654
v -0.859877 0.185069 0.069609
v -0.893723 0.173098 0.091956
v -0.864529 0.183354 0.095951
v -0.859877 0.185069 0.069609
v -0.88962 0.174832 0.065932
v -0.921022 0.160063 0.088827
v -0.893723 0.173098 0.091956
v -0.88962 0.174832 0.065932
v -0.916931 0.161856 0.062987
v -0.925057 0.158077 0.113672
v -0.8979 0.171128 0.116381
v -0.893723 0.173098 0.091956
v -0.921022 0.160063 0.088827
v -0.92902 0.155928 0.137757
v -0.902037 0.168981 0.139651
v -0.8979 0.171128 0.116381
v -0.925057 0.158077 0.113672
v -0.931837 0.147649 0.325276
v -0.906142 0.158201 0.32485
v -0.902558 0.161269 0.299404
v -0.928441 0.150679 0.300646
v -0.906142 0.158201 0.32485
v -0.882816 0.166415 0.324321
v -0.87902 0.169487 0.298092
v -0.902558 0.161269 0.299404
v -0.928441 0.150679 0.300646
v -0.902558 0.161269 0.299404
v -0.898864 0.164262 0.274425
v -0.924965 0.153647 0.276281
v -0.902558 0.161269 0.299404
v -0.87902 0.169487 0.298092
v -0.875081 0.172471 0.272526
v -0.898864 0.164262 0.274425
v -0.960662 0.131834 0.349302
v -0.935163 0.1446 0.349896
v -0.931837 0.147649 0.325276
v -0.957437 0.134801 0.325449
v -0.935163 0.1446 0.349896
v -0.909634 0.155119 0.350306
v -0.906142 0.158201 0.32485
v -0.931837 0.147649 0.325276
v -0.909634 0.155119 0.350306
v -0.886494 0.163331 0.350573
v -0.882816 0.166415 0.324321
v -0.906142 0.158201 0.32485
v -0.886494 0.163331 0.350573
v -0.868163 0.169173 0.35074
v -0.864322 0.172246 0.32384
v -0.882816 0.166415 0.324321
v -0.882816 0.166415 0.324321
v -0.864322 0.172246 0.32384
v -0.860339 0.175311 0.296972
v -0.87902 0.169487 0.298092
v -0.87902 0.169487 0.298092
v -0.860339 0.175311 0.296972
v -0.856187 0.178274 0.270927
v -0.875081 0.172471 0.272526
v -0.875081 0.172471 0.272526
v -0.856187 0.178274 0.270927
v -0.851836 0.181045 0.246499
v -0.870977 0.175289 0.248263
v -0.898864 0.164262 0.274425
v -0.875081 0.172471 0.272526
v -0.870977 0.175289 0.248263
v -0.895042 0.167121 0.250368
v -0.924965 0.153647 0.276281
v -0.898864 0.164262 0.274425
v -0.895042 0.167121 0.250368
v -0.921395 0.156512 0.252452
v -0.950813 0.140627 0.27775
v -0.924965 0.153647 0.276281
v -0.921395 0.156512 0.252452
v -0.947399 0.143435 0.25415
v -0.954156 0.137741 0.301557
v -0.928441 0.150679 0.300646
v -0.924965 0.153647 0.276281
v -0.950813 0.140627 0.27775
v -0.957437 0.134801 0.325449
v -0.931837 0.147649 0.325276
v -0.928441 0.150679 0.300646
v -0.954156 0.137741 0.301557
v -0.704488 -0.319 0.193688
v -0.678856 -0.306546 0.191702
v -0.682092 -0.310339 0.215393
v -0.707913 -0.323192 0.21745
v -0.678856 -0.306546 0.191702
v -0.654497 -0.292541 0.189688
v -0.657535 -0.295883 0.213109
v -0.682092 -0.310339 0.215393
v -0.707913 -0.323192 0.21745
v -0.682092 -0.310339 0.215393
v -0.685416 -0.314797 0.239356
v -0.711334 -0.327961 0.241504
v -0.682092 -0.310339 0.215393
v -0.657535 -0.295883 0.213109
v -0.660659 -0.299965 0.236826
v -0.685416 -0.314797 0.239356
v -0.727488 -0.325613 0.172389
v -0.700967 -0.315363 0.170257
v -0.704488 -0.319 0.193688
v -0.731242 -0.329609 0.195751
v -0.700967 -0.315363 0.170257
v -0.675535 -0.303335 0.168297
v -0.678856 -0.306546 0.191702
v -0.704488 -0.319 0.193688
v -0.675535 -0.303335 0.168297
v -0.651322 -0.289781 0.166461
v -0.654497 -0.292541 0.189688
v -0.678856 -0.306546 0.191702
v -0.685416 -0.314797 0.239356
v -0.660659 -0.299965 0.236826
v -0.664937 -0.30552 0.261047
v -0.689247 -0.320153 0.263553
v -0.711334 -0.327961 0.241504
v -0.685416 -0.314797 0.239356
v -0.689247 -0.320153 0.263553
v -0.714873 -0.333343 0.265812
v -0.73838 -0.339173 0.24353
v -0.711334 -0.327961 0.241504
v -0.714873 -0.333343 0.265812
v -0.74183 -0.344717 0.267898
v -0.734862 -0.334133 0.219473
v -0.707913 -0.323192 0.21745
v -0.711334 -0.327961 0.241504
v -0.73838 -0.339173 0.24353
v -0.731242 -0.329609 0.195751
v -0.704488 -0.319 0.193688
v -0.707913 -0.323192 0.21745
v -0.734862 -0.334133 0.219473
v -1.04464 -0.427769 0.685127
v -1.0438 -0.431883 0.716424
v -1.0675 -0.408339 0.714264
v -1.06881 -0.403932 0.6819
v -1.0438 -0.431883 0.716424
v -1.04176 -0.435875 0.74695
v -1.06454 -0.413199 0.746208
v -1.0675 -0.408339 0.714264
v -1.06881 -0.403932 0.6819
v -1.0675 -0.408339 0.714264
v -1.08855 -0.381293 0.713317
v -1.09018 -0.376637 0.679774
v -1.0675 -0.408339 0.714264
v -1.06454 -0.413199 0.746208
v -1.08507 -0.386934 0.747406
v -1.08855 -0.381293 0.713317
v -1.01787 -0.443173 0.659959
v -1.01815 -0.44751 0.689858
v -1.04464 -0.427769 0.685127
v -1.04459 -0.42336 0.654237
v -1.01815 -0.44751 0.689858
v -1.01788 -0.451301 0.720026
v -1.0438 -0.431883 0.716424
v -1.04464 -0.427769 0.685127
v -1.01788 -0.451301 0.720026
v -1.01701 -0.454496 0.749388
v -1.04176 -0.435875 0.74695
v -1.0438 -0.431883 0.716424
v -1.01701 -0.454496 0.749388
v -1.01548 -0.457043 0.776873
v -1.0382 -0.439956 0.775458
v -1.04176 -0.435875 0.74695
v -1.04176 -0.435875 0.74695
v -1.0382 -0.439956 0.775458
v -1.05915 -0.419259 0.776049
v -1.06454 -0.413199 0.746208
v -1.06454 -0.413199 0.746208
v -1.05915 -0.419259 0.776049
v -1.07816 -0.395406 0.779895
v -1.08507 -0.386934 0.747406
v -1.08507 -0.386934 0.747406
v -1.07816 -0.395406 0.779895
v -1.09583 -0.366145 0.790916
v -1.10289 -0.357129 0.749077
v -1.08855 -0.381293 0.713317
v -1.08507 -0.386934 0.747406
v -1.10289 -0.357129 0.749077
v -1.10642 -0.35131 0.712757
v -1.09018 -0.376637 0.679774
v -1.08855 -0.381293 0.713317
v -1.10642 -0.35131 0.712757
v -1.10824 -0.346517 0.678266
v -1.09059 -0.372216 0.647521
v -1.09018 -0.376637 0.679774
v -1.10824 -0.346517 0.678266
v -1.10885 -0.342059 0.645525
v -1.069 -0.399511 0.650258
v -1.06881 -0.403932 0.6819
v -1.09018 -0.376637 0.679774
v -1.09059 -0.372216 0.647521
v -1.04459 -0.42336 0.654237
v -1.04464 -0.427769 0.685127
v -1.06881 -0.403932 0.6819
v -1.069 -0.399511 0.650258
v -0.807429 -0.462113 0.78828
v -0.837443 -0.474031 0.782326
v -0.83537 -0.472343 0.757275
v -0.80516 -0.460538 0.763526
v -0.837443 -0.474031 0.782326
v -0.869109 -0.481989 0.777377
v -0.866923 -0.479994 0.751435
v -0.83537 -0.472343 0.757275
v -0.80516 -0.460538 0.763526
v -0.83537 -0.472343 0.757275
v -0.833613 -0.470006 0.733297
v -0.803274 -0.458434 0.739722
v -0.83537 -0.472343 0.757275
v -0.866923 -0.479994 0.751435
v -0.865252 -0.477374 0.726859
v -0.833613 -0.470006 0.733297
v -0.782635 -0.447267 0.821577
v -0.810109 -0.462944 0.814369
v -0.807429 -0.462113 0.78828
v -0.779489 -0.446216 0.795481
v -0.810109 -0.462944 0.814369
v -0.839504 -0.474764 0.8088
v -0.837443 -0.474031 0.782326
v -0.807429 -0.462113 0.78828
v -0.839504 -0.474764 0.8088
v -0.870771 -0.482883 0.805127
v -0.869109 -0.481989 0.777377
v -0.837443 -0.474031 0.782326
v -0.870771 -0.482883 0.805127
v -0.907003 -0.487082 0.804662
v -0.901485 -0.48558 0.772235
v -0.869109 -0.481989 0.777377
v -0.869109 -0.481989 0.777377
v -0.901485 -0.48558 0.772235
v -0.898874 -0.483289 0.745296
v -0.866923 -0.479994 0.751435
v -0.866923 -0.479994 0.751435
v -0.898874 -0.483289 0.745296
v -0.897328 -0.480416 0.719884
v -0.865252 -0.477374 0.726859
v -0.865252 -0.477374 0.726859
v -0.897328 -0.480416 0.719884
v -0.896208 -0.477035 0.695194
v -0.863926 -0.47427 0.702992
v -0.833613 -0.470006 0.733297
v -0.865252 -0.477374 0.726859
v -0.863926 -0.47427 0.702992
v -0.832117 -0.467205 0.709906
v -0.803274 -0.458434 0.739722
v -0.833613 -0.470006 0.733297
v -0.832117 -0.467205 0.709906
v -0.801698 -0.455999 0.716464
v -0.77507 -0.44276 0.746624
v -0.803274 -0.458434 0.739722
v -0.801698 -0.455999 0.716464
v -0.773585 -0.440811 0.723198
v -0.777003 -0.444638 0.770607
v -0.80516 -0.460538 0.763526
v -0.803274 -0.458434 0.739722
v -0.77507 -0.44276 0.746624
v -0.779489 -0.446216 0.795481
v -0.807429 -0.462113 0.78828
v -0.80516 -0.460538 0.763526
v -0.777003 -0.444638 0.770607
v -1.14336 -0.178764 0.673367
v -1.14122 -0.185009 0.708869
v -1.13811 -0.153328 0.708398
v -1.14012 -0.14661 0.67289
v -1.14122 -0.185009 0.708869
v -1.13788 -0.191666 0.745252
v -1.13495 -0.160583 0.744758
v -1.13811 -0.153328 0.708398
v -1.14012 -0.14661 0.67289
v -1.13811 -0.153328 0.708398
v -1.13222 -0.123079 0.708126
v -1.13405 -0.115956 0.672717
v -1.13811 -0.153328 0.708398
v -1.13495 -0.160583 0.744758
v -1.12931 -0.130826 0.744342
v -1.13222 -0.123079 0.708126
v -1.14458 -0.206676 0.640173
v -1.14345 -0.212108 0.674049
v -1.14336 -0.178764 0.673367
v -1.14446 -0.172959 0.639382
v -1.14345 -0.212108 0.674049
v -1.14125 -0.217837 0.709435
v -1.14122 -0.185009 0.708869
v -1.14336 -0.178764 0.673367
v -1.14125 -0.217837 0.709435
v -1.13784 -0.22382 0.745716
v -1.13788 -0.191666 0.745252
v -1.14122 -0.185009 0.708869
v -1.13784 -0.22382 0.745716
v -1.13308 -0.230012 0.782276
v -1.13322 -0.198709 0.781885
v -1.13788 -0.191666 0.745252
v -1.13788 -0.191666 0.745252
v -1.13322 -0.198709 0.781885
v -1.13051 -0.168358 0.781319
v -1.13495 -0.160583 0.744758
v -1.13495 -0.160583 0.744758
v -1.13051 -0.168358 0.781319
v -1.12518 -0.139181 0.780696
v -1.12931 -0.130826 0.744342
v -1.12931 -0.130826 0.744342
v -1.12518 -0.139181 0.780696
v -1.11743 -0.111398 0.780137
v -1.12121 -0.102648 0.744113
v -1.13222 -0.123079 0.708126
v -1.12931 -0.130826 0.744342
v -1.12121 -0.102648 0.744113
v -1.12385 -0.094546 0.708154
v -1.13405 -0.115956 0.672717
v -1.13222 -0.123079 0.708126
v -1.12385 -0.094546 0.708154
v -1.12547 -0.087115 0.672945
v -1.13491 -0.109473 0.638785
v -1.13405 -0.115956 0.672717
v -1.12547 -0.087115 0.672945
v -1.12618 -0.080379 0.63917
v -1.14112 -0.140445 0.638888
v -1.14012 -0.14661 0.67289
v -1.13405 -0.115956 0.672717
v -1.13491 -0.109473 0.638785
v -1.14446 -0.172959 0.639382
v -1.14336 -0.178764 0.673367
v -1.14012 -0.14661 0.67289
v -1.14112 -0.140445 0.638888
v -1.11468 -0.060331 0.673651
v -1.11327 -0.067956 0.708565
v -1.10068 -0.043312 0.709362
v -1.10189 -0.035583 0.674819
v -1.11327 -0.067956 0.708565
v -1.1109 -0.07626 0.744161
v -1.0986 -0.051696 0.744511
v -1.10068 -0.043312 0.709362
v -1.10189 -0.035583 0.674819
v -1.10068 -0.043312 0.709362
v -1.08628 -0.020554 0.710529
v -1.08729 -0.012782 0.676413
v -1.10068 -0.043312 0.709362
v -1.0986 -0.051696 0.744511
v -1.08449 -0.028946 0.745168
v -1.08628 -0.020554 0.710529
v -1.12618 -0.080379 0.63917
v -1.12547 -0.087115 0.672945
v -1.11468 -0.060331 0.673651
v -1.11524 -0.053426 0.640112
v -1.12547 -0.087115 0.672945
v -1.12385 -0.094546 0.708154
v -1.11327 -0.067956 0.708565
v -1.11468 -0.060331 0.673651
v -1.12385 -0.094546 0.708154
v -1.12121 -0.102648 0.744113
v -1.1109 -0.07626 0.744161
v -1.11327 -0.067956 0.708565
v -1.12121 -0.102648 0.744113
v -1.11743 -0.111398 0.780137
v -1.10749 -0.085202 0.779747
v -1.1109 -0.07626 0.744161
v -1.1109 -0.07626 0.744161
v -1.10749 -0.085202 0.779747
v -1.09555 -0.060675 0.779571
v -1.0986 -0.051696 0.744511
v -1.0986 -0.051696 0.744511
v -1.09555 -0.060675 0.779571
v -1.08182 -0.037869 0.77964
v -1.08449 -0.028946 0.745168
v -1.08449 -0.028946 0.745168
v -1.08182 -0.037869 0.77964
v -1.06649 -0.016838 0.779983
v -1.06877 -0.007997 0.746138
v -1.08628 -0.020554 0.710529
v -1.08449 -0.028946 0.745168
v -1.06877 -0.007997 0.746138
v -1.07027 0.000372 0.712049
v -1.08729 -0.012782 0.676413
v -1.08628 -0.020554 0.710529
v -1.07027 0.000372 0.712049
v -1.07105 0.008162 0.678396
v -1.08756 -0.005715 0.643513
v -1.08729 -0.012782 0.676413
v -1.07105 0.008162 0.678396
v -1.07116 0.015267 0.645856
v -1.10231 -0.028575 0.641579
v -1.10189 -0.035583 0.674819
v -1.08729 -0.012782 0.676413
v -1.08756 -0.005715 0.643513
v -1.11524 -0.053426 0.640112
v -1.11468 -0.060331 0.673651
v -1.10189 -0.035583 0.674819
v -1.10231 -0.028575 0.641579
v -1.12258 -0.31423 0.676966
v -1.12063 -0.319028 0.711849
v -1.13111 -0.285426 0.710823
v -1.13317 -0.280547 0.675823
v -1.12063 -0.319028 0.711849
v -1.1173 -0.324179 0.748223
v -1.12781 -0.290356 0.746881
v -1.13111 -0.285426 0.710823
v -1.13317 -0.280547 0.675823
v -1.13111 -0.285426 0.710823
v -1.13794 -0.251481 0.710042
v -1.14009 -0.246257 0.674861
v -1.13111 -0.285426 0.710823
v -1.12781 -0.290356 0.746881
v -1.13457 -0.256794 0.746135
v -1.13794 -0.251481 0.710042
v -1.10885 -0.342059 0.645525
v -1.10824 -0.346517 0.678266
v -1.12258 -0.31423 0.676966
v -1.12337 -0.309661 0.643851
v -1.10824 -0.346517 0.678266
v -1.10642 -0.35131 0.712757
v -1.12063 -0.319028 0.711849
v -1.12258 -0.31423 0.676966
v -1.10642 -0.35131 0.712757
v -1.10289 -0.357129 0.749077
v -1.1173 -0.324179 0.748223
v -1.12063 -0.319028 0.711849
v -1.10289 -0.357129 0.749077
v -1.09583 -0.366145 0.790916
v -1.11288 -0.328404 0.785198
v -1.1173 -0.324179 0.748223
v -1.1173 -0.324179 0.748223
v -1.11288 -0.328404 0.785198
v -1.12328 -0.294821 0.783192
v -1.12781 -0.290356 0.746881
v -1.12781 -0.290356 0.746881
v -1.12328 -0.294821 0.783192
v -1.12985 -0.262076 0.782513
v -1.13457 -0.256794 0.746135
v -1.13457 -0.256794 0.746135
v -1.12985 -0.262076 0.782513
v -1.13308 -0.230012 0.782276
v -1.13784 -0.22382 0.745716
v -1.13794 -0.251481 0.710042
v -1.13457 -0.256794 0.746135
v -1.13784 -0.22382 0.745716
v -1.14125 -0.217837 0.709435
v -1.14009 -0.246257 0.674861
v -1.13794 -0.251481 0.710042
v -1.14125 -0.217837 0.709435
v -1.14345 -0.212108 0.674049
v -1.14117 -0.241185 0.641185
v -1.14009 -0.246257 0.674861
v -1.14345 -0.212108 0.674049
v -1.14458 -0.206676 0.640173
v -1.13412 -0.275775 0.642407
v -1.13317 -0.280547 0.675823
v -1.14009 -0.246257 0.674861
v -1.14117 -0.241185 0.641185
v -1.12337 -0.309661 0.643851
v -1.12258 -0.31423 0.676966
v -1.13317 -0.280547 0.675823
v -1.13412 -0.275775 0.642407
v -1.0533 0.027327 0.680696
v -1.05276 0.019517 0.713883
v -1.03362 0.036901 0.715896
v -1.03391 0.044747 0.683113
v -1.05276 0.019517 0.713883
v -1.05157 0.011159 0.747413
v -1.03275 0.028528 0.748934
v -1.03362 0.036901 0.715896
v -1.03391 0.044747 0.683113
v -1.03362 0.036901 0.715896
v -1.01264 0.052537 0.71793
v -1.01268 0.060443 0.685413
v -1.03362 0.036901 0.715896
v -1.03275 0.028528 0.748934
v -1.01208 0.044115 0.750625
v -1.01264 0.052537 0.71793
v -1.07116 0.015267 0.645856
v -1.07105 0.008162 0.678396
v -1.0533 0.027327 0.680696
v -1.05323 0.03447 0.648514
v -1.07105 0.008162 0.678396
v -1.07027 0.000372 0.712049
v -1.05276 0.019517 0.713883
v -1.0533 0.027327 0.680696
v -1.07027 0.000372 0.712049
v -1.06877 -0.007997 0.746138
v -1.05157 0.011159 0.747413
v -1.05276 0.019517 0.713883
v -1.06877 -0.007997 0.746138
v -1.06649 -0.016838 0.779983
v -1.04969 0.002374 0.780625
v -1.05157 0.011159 0.747413
v -1.05157 0.011159 0.747413
v -1.04969 0.002374 0.780625
v -1.03127 0.019759 0.781574
v -1.03275 0.028528 0.748934
v -1.03275 0.028528 0.748934
v -1.03127 0.019759 0.781574
v -1.01099 0.035318 0.782829
v -1.01208 0.044115 0.750625
v -1.01208 0.044115 0.750625
v -1.01099 0.035318 0.782829
v -0.988633 0.049051 0.784393
v -0.989355 0.057924 0.752414
v -1.01264 0.052537 0.71793
v -1.01208 0.044115 0.750625
v -0.989355 0.057924 0.752414
v -0.989617 0.066439 0.719829
v -1.01268 0.060443 0.685413
v -1.01264 0.052537 0.71793
v -0.989617 0.066439 0.719829
v -0.989425 0.074437 0.687361
v -1.01222 0.067688 0.65374
v -1.01268 0.060443 0.685413
v -0.989425 0.074437 0.687361
v -0.988786 0.081758 0.655734
v -1.03364 0.051935 0.651237
v -1.03391 0.044747 0.683113
v -1.01268 0.060443 0.685413
v -1.01222 0.067688 0.65374
v -1.05323 0.03447 0.648514
v -1.0533 0.027327 0.680696
v -1.03391 0.044747 0.683113
v -1.03364 0.051935 0.651237
v -0.929058 -0.479016 0.712056
v -0.93033 -0.482045 0.738369
v -0.960855 -0.476298 0.73134
v -0.960004 -0.473109 0.703939
v -0.93033 -0.482045 0.738369
v -0.932728 -0.484232 0.765123
v -0.96237 -0.478484 0.758372
v -0.960855 -0.476298 0.73134
v -0.960004 -0.473109 0.703939
v -0.960855 -0.476298 0.73134
v -0.990135 -0.466093 0.725082
v -0.989816 -0.462634 0.696302
v -0.960855 -0.476298 0.73134
v -0.96237 -0.478484 0.758372
v -0.990493 -0.468643 0.753154
v -0.990135 -0.466093 0.725082
v -0.896208 -0.477035 0.695194
v -0.897328 -0.480416 0.719884
v -0.929058 -0.479016 0.712056
v -0.928141 -0.47536 0.686222
v -0.897328 -0.480416 0.719884
v -0.898874 -0.483289 0.745296
v -0.93033 -0.482045 0.738369
v -0.929058 -0.479016 0.712056
v -0.898874 -0.483289 0.745296
v -0.901485 -0.48558 0.772235
v -0.932728 -0.484232 0.765123
v -0.93033 -0.482045 0.738369
v -0.901485 -0.48558 0.772235
v -0.907003 -0.487082 0.804662
v -0.938269 -0.484967 0.791218
v -0.932728 -0.484232 0.765123
v -0.932728 -0.484232 0.765123
v -0.938269 -0.484967 0.791218
v -0.96542 -0.479254 0.784047
v -0.96237 -0.478484 0.758372
v -0.96237 -0.478484 0.758372
v -0.96542 -0.479254 0.784047
v -0.991162 -0.470064 0.779589
v -0.990493 -0.468643 0.753154
v -0.990493 -0.468643 0.753154
v -0.991162 -0.470064 0.779589
v -1.01548 -0.457043 0.776873
v -1.01701 -0.454496 0.749388
v -0.990135 -0.466093 0.725082
v -0.990493 -0.468643 0.753154
v -1.01701 -0.454496 0.749388
v -1.01788 -0.451301 0.720026
v -0.989816 -0.462634 0.696302
v -0.990135 -0.466093 0.725082
v -1.01788 -0.451301 0.720026
v -1.01815 -0.44751 0.689858
v -0.989311 -0.458469 0.667689
v -0.989816 -0.462634 0.696302
v -1.01815 -0.44751 0.689858
v -1.01787 -0.443173 0.659959
v -0.959288 -0.469185 0.676748
v -0.960004 -0.473109 0.703939
v -0.989816 -0.462634 0.696302
v -0.989311 -0.458469 0.667689
v -0.928141 -0.47536 0.686222
v -0.929058 -0.479016 0.712056
v -0.960004 -0.473109 0.703939
v -0.959288 -0.469185 0.676748
v -0.821433 -0.459471 0.89719
v -0.846394 -0.469692 0.892388
v -0.84342 -0.472569 0.865036
v -0.816963 -0.461704 0.869924
v -0.846394 -0.469692 0.892388
v -0.870881 -0.476505 0.889436
v -0.869679 -0.479855 0.862477
v -0.84342 -0.472569 0.865036
v -0.816963 -0.461704 0.869924
v -0.84342 -0.472569 0.865036
v -0.841319 -0.474275 0.836733
v -0.813239 -0.462838 0.841906
v -0.84342 -0.472569 0.865036
v -0.869679 -0.479855 0.862477
v -0.870074 -0.482063 0.834025
v -0.841319 -0.474275 0.836733
v -0.803746 -0.442927 0.929028
v -0.826735 -0.456056 0.922495
v -0.821433 -0.459471 0.89719
v -0.797012 -0.44552 0.903856
v -0.826735 -0.456056 0.922495
v -0.850282 -0.465582 0.917653
v -0.846394 -0.469692 0.892388
v -0.821433 -0.459471 0.89719
v -0.850282 -0.465582 0.917653
v -0.873414 -0.471943 0.914118
v -0.870881 -0.476505 0.889436
v -0.846394 -0.469692 0.892388
v -0.873414 -0.471943 0.914118
v -0.895159 -0.475579 0.91151
v -0.893818 -0.480215 0.888388
v -0.870881 -0.476505 0.889436
v -0.870881 -0.476505 0.889436
v -0.893818 -0.480215 0.888388
v -0.894245 -0.48367 0.863122
v -0.869679 -0.479855 0.862477
v -0.869679 -0.479855 0.862477
v -0.894245 -0.48367 0.863122
v -0.897517 -0.486028 0.836085
v -0.870074 -0.482063 0.834025
v -0.870074 -0.482063 0.834025
v -0.897517 -0.486028 0.836085
v -0.907003 -0.487082 0.804662
v -0.870771 -0.482883 0.805127
v -0.841319 -0.474275 0.836733
v -0.870074 -0.482063 0.834025
v -0.870771 -0.482883 0.805127
v -0.839504 -0.474764 0.8088
v -0.813239 -0.462838 0.841906
v -0.841319 -0.474275 0.836733
v -0.839504 -0.474764 0.8088
v -0.810109 -0.462944 0.814369
v -0.786544 -0.447583 0.848981
v -0.813239 -0.462838 0.841906
v -0.810109 -0.462944 0.814369
v -0.782635 -0.447267 0.821577
v -0.791307 -0.447036 0.87679
v -0.816963 -0.461704 0.869924
v -0.813239 -0.462838 0.841906
v -0.786544 -0.447583 0.848981
v -0.797012 -0.44552 0.903856
v -0.821433 -0.459471 0.89719
v -0.816963 -0.461704 0.869924
v -0.791307 -0.447036 0.87679
v -1.03649 -0.395838 0.52025
v -1.0609 -0.373085 0.515292
v -1.05805 -0.367298 0.492267
v -1.03376 -0.389617 0.496881
v -1.0609 -0.373085 0.515292
v -1.08261 -0.347013 0.511491
v -1.07967 -0.341654 0.488552
v -1.05805 -0.367298 0.492267
v -1.03376 -0.389617 0.496881
v -1.05805 -0.367298 0.492267
v -1.05491 -0.361426 0.469985
v -1.03076 -0.383266 0.474174
v -1.05805 -0.367298 0.492267
v -1.07967 -0.341654 0.488552
v -1.07642 -0.336255 0.466413
v -1.05491 -0.361426 0.469985
v -1.01219 -0.421292 0.551584
v -1.03892 -0.401889 0.544534
v -1.03649 -0.395838 0.52025
v -1.00987 -0.414904 0.526808
v -1.03892 -0.401889 0.544534
v -1.06341 -0.378769 0.539378
v -1.0609 -0.373085 0.515292
v -1.03649 -0.395838 0.52025
v -1.06341 -0.378769 0.539378
v -1.08519 -0.352319 0.535577
v -1.08261 -0.347013 0.511491
v -1.0609 -0.373085 0.515292
v -1.08519 -0.352319 0.535577
v -1.10375 -0.322927 0.532594
v -1.10115 -0.317984 0.508408
v -1.08261 -0.347013 0.511491
v -1.08261 -0.347013 0.511491
v -1.10115 -0.317984 0.508408
v -1.09818 -0.31304 0.485418
v -1.07967 -0.341654 0.488552
v -1.07967 -0.341654 0.488552
v -1.09818 -0.31304 0.485418
v -1.09488 -0.308096 0.463274
v -1.07642 -0.336255 0.466413
v -1.07642 -0.336255 0.466413
v -1.09488 -0.308096 0.463274
v -1.09129 -0.303157 0.441628
v -1.0729 -0.330824 0.444729
v -1.05491 -0.361426 0.469985
v -1.07642 -0.336255 0.466413
v -1.0729 -0.330824 0.444729
v -1.0515 -0.355491 0.448122
v -1.03076 -0.383266 0.474174
v -1.05491 -0.361426 0.469985
v -1.0515 -0.355491 0.448122
v -1.02751 -0.376823 0.451878
v -1.00442 -0.401431 0.479164
v -1.03076 -0.383266 0.474174
v -1.02751 -0.376823 0.451878
v -1.00135 -0.394489 0.456065
v -1.00727 -0.40826 0.502707
v -1.03376 -0.389617 0.496881
v -1.03076 -0.383266 0.474174
v -1.00442 -0.401431 0.479164
v -1.00987 -0.414904 0.526808
v -1.03649 -0.395838 0.52025
v -1.03376 -0.389617 0.496881
v -1.00727 -0.40826 0.502707
v -0.954899 0.120699 0.519252
v -0.929623 0.131118 0.520945
v -0.927385 0.135163 0.496576
v -0.952605 0.124723 0.494612
v -0.929623 0.131118 0.520945
v -0.906822 0.139387 0.522229
v -0.904633 0.143437 0.498149
v -0.927385 0.135163 0.496576
v -0.952605 0.124723 0.494612
v -0.927385 0.135163 0.496576
v -0.92497 0.138945 0.472556
v -0.95014 0.128474 0.470422
v -0.927385 0.135163 0.496576
v -0.904633 0.143437 0.498149
v -0.902258 0.147232 0.474326
v -0.92497 0.138945 0.472556
v -0.982519 0.103987 0.542674
v -0.957044 0.116367 0.544572
v -0.954899 0.120699 0.519252
v -0.980338 0.108297 0.517111
v -0.957044 0.116367 0.544572
v -0.931731 0.126789 0.545942
v -0.929623 0.131118 0.520945
v -0.954899 0.120699 0.519252
v -0.931731 0.126789 0.545942
v -0.908895 0.135075 0.546889
v -0.906822 0.139387 0.522229
v -0.929623 0.131118 0.520945
v -0.908895 0.135075 0.546889
v -0.890852 0.141048 0.547516
v -0.888806 0.145338 0.523142
v -0.906822 0.139387 0.522229
v -0.906822 0.139387 0.522229
v -0.888806 0.145338 0.523142
v -0.886656 0.149386 0.49931
v -0.904633 0.143437 0.498149
v -0.904633 0.143437 0.498149
v -0.886656 0.149386 0.49931
v -0.884311 0.153184 0.47566
v -0.902258 0.147232 0.474326
v -0.902258 0.147232 0.474326
v -0.884311 0.153184 0.47566
v -0.88168 0.156724 0.451829
v -0.899626 0.150777 0.450435
v -0.92497 0.138945 0.472556
v -0.902258 0.147232 0.474326
v -0.899626 0.150777 0.450435
v -0.922331 0.142485 0.448609
v -0.95014 0.128474 0.470422
v -0.92497 0.138945 0.472556
v -0.922331 0.142485 0.448609
v -0.947483 0.131988 0.446453
v -0.97546 0.115969 0.467996
v -0.95014 0.128474 0.470422
v -0.947483 0.131988 0.446453
v -0.972769 0.119426 0.44407
v -0.977984 0.112275 0.492281
v -0.952605 0.124723 0.494612
v -0.95014 0.128474 0.470422
v -0.97546 0.115969 0.467996
v -0.980338 0.108297 0.517111
v -0.954899 0.120699 0.519252
v -0.952605 0.124723 0.494612
v -0.977984 0.112275 0.492281
v -0.916531 0.070648 0.817156
v -0.939298 0.061987 0.817671
v -0.938701 0.052244 0.846878
v -0.916262 0.060592 0.846549
v -0.939298 0.061987 0.817671
v -0.963601 0.051791 0.816699
v -0.962539 0.04229 0.845917
v -0.938701 0.052244 0.846878
v -0.916262 0.060592 0.846549
v -0.938701 0.052244 0.846878
v -0.937389 0.042068 0.874732
v -0.913927 0.050307 0.874213
v -0.938701 0.052244 0.846878
v -0.962539 0.04229 0.845917
v -0.961133 0.032379 0.873887
v -0.937389 0.042068 0.874732
v -0.894529 0.089495 0.778452
v -0.915969 0.080547 0.785606
v -0.916531 0.070648 0.817156
v -0.898114 0.077205 0.815351
v -0.915969 0.080547 0.785606
v -0.939512 0.071396 0.786936
v -0.939298 0.061987 0.817671
v -0.916531 0.070648 0.817156
v -0.939512 0.071396 0.786936
v -0.964321 0.061003 0.786077
v -0.963601 0.051791 0.816699
v -0.939298 0.061987 0.817671
v -0.964321 0.061003 0.786077
v -0.988633 0.049051 0.784393
v -0.98745 0.039943 0.815173
v -0.963601 0.051791 0.816699
v -0.963601 0.051791 0.816699
v -0.98745 0.039943 0.815173
v -0.985821 0.030575 0.844679
v -0.962539 0.04229 0.845917
v -0.962539 0.04229 0.845917
v -0.985821 0.030575 0.844679
v -0.983767 0.020883 0.872966
v -0.961133 0.032379 0.873887
v -0.898008 0.067333 0.843832
v -0.916262 0.060592 0.846549
v -0.913927 0.050307 0.874213
v -0.893615 0.057808 0.869432
v -0.898114 0.077205 0.815351
v -0.916531 0.070648 0.817156
v -0.916262 0.060592 0.846549
v -0.898008 0.067333 0.843832
v -0.671617 -0.313303 0.285752
v -0.678124 -0.321222 0.310957
v -0.698651 -0.333448 0.313063
v -0.693852 -0.326529 0.288016
v -0.678124 -0.321222 0.310957
v -0.683137 -0.32826 0.337415
v -0.703038 -0.340431 0.33908
v -0.698651 -0.333448 0.313063
v -0.693852 -0.326529 0.288016
v -0.698651 -0.333448 0.313063
v -0.722393 -0.345863 0.315444
v -0.718604 -0.33935 0.290383
v -0.698651 -0.333448 0.313063
v -0.703038 -0.340431 0.33908
v -0.726075 -0.352749 0.341271
v -0.722393 -0.345863 0.315444
v -0.683137 -0.32826 0.337415
v -0.68744 -0.335051 0.365882
v -0.707156 -0.347587 0.36644
v -0.703038 -0.340431 0.33908
v -0.703038 -0.340431 0.33908
v -0.707156 -0.347587 0.36644
v -0.729577 -0.359949 0.368139
v -0.726075 -0.352749 0.341271
v -0.726075 -0.352749 0.341271
v -0.729577 -0.359949 0.368139
v -0.754608 -0.371259 0.369955
v -0.751676 -0.364071 0.343448
v -0.722393 -0.345863 0.315444
v -0.726075 -0.352749 0.341271
v -0.751676 -0.364071 0.343448
v -0.748529 -0.357216 0.317711
v -0.718604 -0.33935 0.290383
v -0.722393 -0.345863 0.315444
v -0.748529 -0.357216 0.317711
v -0.745228 -0.350747 0.292581
v -0.714873 -0.333343 0.265812
v -0.718604 -0.33935 0.290383
v -0.745228 -0.350747 0.292581
v -0.74183 -0.344717 0.267898
v -0.689247 -0.320153 0.263553
v -0.693852 -0.326529 0.288016
v -0.718604 -0.33935 0.290383
v -0.714873 -0.333343 0.265812
v -0.664937 -0.30552 0.261047
v -0.671617 -0.313303 0.285752
v -0.693852 -0.326529 0.288016
v -0.689247 -0.320153 0.263553
v -0.944624 0.135304 0.4225
v -0.919439 0.14581 0.424492
v -0.916326 0.148979 0.40011
v -0.941592 0.138474 0.398468
v -0.919439 0.14581 0.424492
v -0.896688 0.154088 0.426198
v -0.893481 0.157232 0.401513
v -0.916326 0.148979 0.40011
v -0.941592 0.138474 0.398468
v -0.916326 0.148979 0.40011
v -0.913041 0.15206 0.375401
v -0.938425 0.141554 0.37429
v -0.916326 0.148979 0.40011
v -0.893481 0.157232 0.401513
v -0.890064 0.160287 0.376324
v -0.913041 0.15206 0.375401
v -0.972769 0.119426 0.44407
v -0.947483 0.131988 0.446453
v -0.944624 0.135304 0.4225
v -0.969917 0.122695 0.42033
v -0.947483 0.131988 0.446453
v -0.922331 0.142485 0.448609
v -0.919439 0.14581 0.424492
v -0.944624 0.135304 0.4225
v -0.922331 0.142485 0.448609
v -0.899626 0.150777 0.450435
v -0.896688 0.154088 0.426198
v -0.919439 0.14581 0.424492
v -0.899626 0.150777 0.450435
v -0.88168 0.156724 0.451829
v -0.8787 0.160016 0.427507
v -0.896688 0.154088 0.426198
v -0.896688 0.154088 0.426198
v -0.8787 0.160016 0.427507
v -0.87541 0.16313 0.402589
v -0.893481 0.157232 0.401513
v -0.893481 0.157232 0.401513
v -0.87541 0.16313 0.402589
v -0.871876 0.166153 0.377018
v -0.890064 0.160287 0.376324
v -0.890064 0.160287 0.376324
v -0.871876 0.166153 0.377018
v -0.868163 0.169173 0.35074
v -0.886494 0.163331 0.350573
v -0.913041 0.15206 0.375401
v -0.890064 0.160287 0.376324
v -0.886494 0.163331 0.350573
v -0.909634 0.155119 0.350306
v -0.938425 0.141554 0.37429
v -0.913041 0.15206 0.375401
v -0.909634 0.155119 0.350306
v -0.935163 0.1446 0.349896
v -0.963834 0.128852 0.373029
v -0.938425 0.141554 0.37429
v -0.935163 0.1446 0.349896
v -0.960662 0.131834 0.349302
v -0.966928 0.125821 0.396677
v -0.941592 0.138474 0.398468
v -0.938425 0.141554 0.37429
v -0.963834 0.128852 0.373029
v -0.969917 0.122695 0.42033
v -0.944624 0.135304 0.4225
v -0.941592 0.138474 0.398468
v -0.966928 0.125821 0.396677
v -1.02404 -0.37033 0.42977
v -1.04787 -0.349516 0.426402
v -1.044 -0.343545 0.404711
v -1.02035 -0.363837 0.407738
v -1.04787 -0.349516 0.426402
v -1.06914 -0.325376 0.423201
v -1.06515 -0.319945 0.40171
v -1.044 -0.343545 0.404711
v -1.02035 -0.363837 0.407738
v -1.044 -0.343545 0.404711
v -1.03992 -0.337621 0.38298
v -1.01644 -0.357394 0.385699
v -1.044 -0.343545 0.404711
v -1.06515 -0.319945 0.40171
v -1.06094 -0.314566 0.380185
v -1.03992 -0.337621 0.38298
v -1.00135 -0.394489 0.456065
v -1.02751 -0.376823 0.451878
v -1.02404 -0.37033 0.42977
v -0.99807 -0.387502 0.433295
v -1.02751 -0.376823 0.451878
v -1.0515 -0.355491 0.448122
v -1.04787 -0.349516 0.426402
v -1.02404 -0.37033 0.42977
v -1.0515 -0.355491 0.448122
v -1.0729 -0.330824 0.444729
v -1.06914 -0.325376 0.423201
v -1.04787 -0.349516 0.426402
v -1.0729 -0.330824 0.444729
v -1.09129 -0.303157 0.441628
v -1.08746 -0.298227 0.420176
v -1.06914 -0.325376 0.423201
v -1.06914 -0.325376 0.423201
v -1.08746 -0.298227 0.420176
v -1.08341 -0.293331 0.398792
v -1.06515 -0.319945 0.40171
v -1.06515 -0.319945 0.40171
v -1.08341 -0.293331 0.398792
v -1.07913 -0.288496 0.377394
v -1.06094 -0.314566 0.380185
v -1.06094 -0.314566 0.380185
v -1.07913 -0.288496 0.377394
v -1.07464 -0.283747 0.355902
v -1.05651 -0.309276 0.358552
v -1.03992 -0.337621 0.38298
v -1.06094 -0.314566 0.380185
v -1.05651 -0.309276 0.358552
v -1.03561 -0.331791 0.361137
v -1.01644 -0.357394 0.385699
v -1.03992 -0.337621 0.38298
v -1.03561 -0.331791 0.361137
v -1.0123 -0.351053 0.36357
v -0.990879 -0.373616 0.388264
v -1.01644 -0.357394 0.385699
v -1.0123 -0.351053 0.36357
v -0.986948 -0.366821 0.365762
v -0.994583 -0.380527 0.410735
v -1.02035 -0.363837 0.407738
v -1.01644 -0.357394 0.385699
v -0.990879 -0.373616 0.388264
v -0.99807 -0.387502 0.433295
v -1.02404 -0.37033 0.42977
v -1.02035 -0.363837 0.407738
v -0.994583 -0.380527 0.410735
v -1.10122 -0.120398 0.279954
v -1.1059 -0.122903 0.301988
v -1.10331 -0.091069 0.300965
v -1.09877 -0.088722 0.278856
v -1.1059 -0.122903 0.301988
v -1.11038 -0.125504 0.323805
v -1.10767 -0.093508 0.322848
v -1.10331 -0.091069 0.300965
v -1.09877 -0.088722 0.278856
v -1.10331 -0.091069 0.300965
v -1.09764 -0.060248 0.300326
v -1.09324 -0.058008 0.278139
v -1.10331 -0.091069 0.300965
v -1.10767 -0.093508 0.322848
v -1.10188 -0.062579 0.32228
v -1.09764 -0.060248 0.300326
v -1.09521 -0.149738 0.259281
v -1.10019 -0.152363 0.281471
v -1.10122 -0.120398 0.279954
v -1.09637 -0.117991 0.257688
v -1.10019 -0.152363 0.281471
v -1.10499 -0.155096 0.30344
v -1.1059 -0.122903 0.301988
v -1.10122 -0.120398 0.279954
v -1.10499 -0.155096 0.30344
v -1.1096 -0.15793 0.325202
v -1.11038 -0.125504 0.323805
v -1.1059 -0.122903 0.301988
v -1.1096 -0.15793 0.325202
v -1.11402 -0.16086 0.346771
v -1.11468 -0.128196 0.345422
v -1.11038 -0.125504 0.323805
v -1.11038 -0.125504 0.323805
v -1.11468 -0.128196 0.345422
v -1.11185 -0.09604 0.344523
v -1.10767 -0.093508 0.322848
v -1.10767 -0.093508 0.322848
v -1.11185 -0.09604 0.344523
v -1.10594 -0.065003 0.344018
v -1.10188 -0.062579 0.32228
v -1.10188 -0.062579 0.32228
v -1.10594 -0.065003 0.344018
v -1.09736 -0.0357 0.343852
v -1.09341 -0.033351 0.32205
v -1.09764 -0.060248 0.300326
v -1.10188 -0.062579 0.32228
v -1.09341 -0.033351 0.32205
v -1.0893 -0.031094 0.300026
v -1.09324 -0.058008 0.278139
v -1.09764 -0.060248 0.300326
v -1.0893 -0.031094 0.300026
v -1.08502 -0.028929 0.277763
v -1.08867 -0.05586 0.255702
v -1.09324 -0.058008 0.278139
v -1.08502 -0.028929 0.277763
v -1.08059 -0.026852 0.255242
v -1.09406 -0.086469 0.256506
v -1.09877 -0.088722 0.278856
v -1.09324 -0.058008 0.278139
v -1.08867 -0.05586 0.255702
v -1.09637 -0.117991 0.257688
v -1.10122 -0.120398 0.279954
v -1.09877 -0.088722 0.278856
v -1.09406 -0.086469 0.256506
v -1.07451 -0.001994 0.277682
v -1.07866 -0.004107 0.300017
v -1.06598 0.020845 0.300234
v -1.06196 0.022935 0.277821
v -1.07866 -0.004107 0.300017
v -1.08266 -0.006307 0.322108
v -1.06987 0.018672 0.322401
v -1.06598 0.020845 0.300234
v -1.06196 0.022935 0.277821
v -1.06598 0.020845 0.300234
v -1.0515 0.044048 0.30061
v -1.04761 0.046162 0.278101
v -1.06598 0.020845 0.300234
v -1.06987 0.018672 0.322401
v -1.05528 0.041857 0.322877
v -1.0515 0.044048 0.30061
v -1.08059 -0.026852 0.255242
v -1.08502 -0.028929 0.277763
v -1.07451 -0.001994 0.277682
v -1.07021 3.3e-05 0.25508
v -1.08502 -0.028929 0.277763
v -1.0893 -0.031094 0.300026
v -1.07866 -0.004107 0.300017
v -1.07451 -0.001994 0.277682
v -1.0893 -0.031094 0.300026
v -1.09341 -0.033351 0.32205
v -1.08266 -0.006307 0.322108
v -1.07866 -0.004107 0.300017
v -1.09341 -0.033351 0.32205
v -1.09736 -0.0357 0.343852
v -1.08651 -0.008598 0.343973
v -1.08266 -0.006307 0.322108
v -1.08266 -0.006307 0.322108
v -1.08651 -0.008598 0.343973
v -1.07362 0.016413 0.344343
v -1.06987 0.018672 0.322401
v -1.06987 0.018672 0.322401
v -1.07362 0.016413 0.344343
v -1.05892 0.039587 0.34493
v -1.05528 0.041857 0.322877
v -1.05528 0.041857 0.322877
v -1.05892 0.039587 0.34493
v -1.04263 0.06118 0.345701
v -1.0391 0.06352 0.323484
v -1.0515 0.044048 0.30061
v -1.05528 0.041857 0.322877
v -1.0391 0.06352 0.323484
v -1.03546 0.065789 0.301075
v -1.04761 0.046162 0.278101
v -1.0515 0.044048 0.30061
v -1.03546 0.065789 0.301075
v -1.03171 0.067988 0.278441
v -1.04359 0.0482 0.255325
v -1.04761 0.046162 0.278101
v -1.03171 0.067988 0.278441
v -1.02786 0.070118 0.255552
v -1.05779 0.024944 0.255138
v -1.06196 0.022935 0.277821
v -1.04761 0.046162 0.278101
v -1.04359 0.0482 0.255325
v -1.07021 3.3e-05 0.25508
v -1.07451 -0.001994 0.277682
v -1.06196 0.022935 0.277821
v -1.05779 0.024944 0.255138
v -1.07502 -0.243537 0.288063
v -1.08009 -0.24739 0.309974
v -1.09191 -0.217972 0.307561
v -1.0869 -0.21455 0.285664
v -1.08009 -0.24739 0.309974
v -1.08497 -0.251391 0.331714
v -1.09674 -0.221521 0.329273
v -1.09191 -0.217972 0.307561
v -1.0869 -0.21455 0.285664
v -1.09191 -0.217972 0.307561
v -1.10029 -0.186997 0.305335
v -1.09537 -0.183955 0.283415
v -1.09191 -0.217972 0.307561
v -1.09674 -0.221521 0.329273
v -1.10502 -0.190151 0.327059
v -1.10029 -0.186997 0.305335
v -1.0547 -0.266183 0.268342
v -1.05996 -0.270302 0.290459
v -1.07502 -0.243537 0.288063
v -1.06977 -0.239853 0.265983
v -1.05996 -0.270302 0.290459
v -1.06504 -0.274622 0.312431
v -1.08009 -0.24739 0.309974
v -1.07502 -0.243537 0.288063
v -1.06504 -0.274622 0.312431
v -1.06994 -0.279113 0.334249
v -1.08497 -0.251391 0.331714
v -1.08009 -0.24739 0.309974
v -1.06994 -0.279113 0.334249
v -1.07464 -0.283747 0.355902
v -1.08966 -0.255518 0.353282
v -1.08497 -0.251391 0.331714
v -1.08497 -0.251391 0.331714
v -1.08966 -0.255518 0.353282
v -1.10137 -0.225182 0.350807
v -1.09674 -0.221521 0.329273
v -1.09674 -0.221521 0.329273
v -1.10137 -0.225182 0.350807
v -1.10955 -0.193407 0.348596
v -1.10502 -0.190151 0.327059
v -1.10502 -0.190151 0.327059
v -1.10955 -0.193407 0.348596
v -1.11402 -0.16086 0.346771
v -1.1096 -0.15793 0.325202
v -1.10029 -0.186997 0.305335
v -1.10502 -0.190151 0.327059
v -1.1096 -0.15793 0.325202
v -1.10499 -0.155096 0.30344
v -1.09537 -0.183955 0.283415
v -1.10029 -0.186997 0.305335
v -1.10499 -0.155096 0.30344
v -1.10019 -0.152363 0.281471
v -1.09027 -0.181035 0.261288
v -1.09537 -0.183955 0.283415
v -1.10019 -0.152363 0.281471
v -1.09521 -0.149738 0.259281
v -1.08171 -0.211272 0.263576
v -1.0869 -0.21455 0.285664
v -1.09537 -0.183955 0.283415
v -1.09027 -0.181035 0.261288
v -1.06977 -0.239853 0.265983
v -1.07502 -0.243537 0.288063
v -1.0869 -0.21455 0.285664
v -1.08171 -0.211272 0.263576
v -1.0144 0.088611 0.278743
v -1.01798 0.086258 0.301547
v -0.998826 0.105265 0.301888
v -0.995398 0.10781 0.278847
v -1.01798 0.086258 0.301547
v -1.02147 0.083844 0.324159
v -1.00218 0.102665 0.324792
v -0.998826 0.105265 0.301888
v -0.995398 0.10781 0.278847
v -0.998826 0.105265 0.301888
v -0.977664 0.122522 0.301942
v -0.974328 0.125257 0.278575
v -0.998826 0.105265 0.301888
v -1.00218 0.102665 0.324792
v -0.980939 0.119735 0.325262
v -0.977664 0.122522 0.301942
v -1.02786 0.070118 0.255552
v -1.03171 0.067988 0.278441
v -1.0144 0.088611 0.278743
v -1.01073 0.0909 0.255714
v -1.03171 0.067988 0.278441
v -1.03546 0.065789 0.301075
v -1.01798 0.086258 0.301547
v -1.0144 0.088611 0.278743
v -1.03546 0.065789 0.301075
v -1.0391 0.06352 0.323484
v -1.02147 0.083844 0.324159
v -1.01798 0.086258 0.301547
v -1.0391 0.06352 0.323484
v -1.04263 0.06118 0.345701
v -1.02487 0.081369 0.346611
v -1.02147 0.083844 0.324159
v -1.02147 0.083844 0.324159
v -1.02487 0.081369 0.346611
v -1.00547 0.100017 0.347577
v -1.00218 0.102665 0.324792
v -1.00218 0.102665 0.324792
v -1.00547 0.100017 0.347577
v -0.984159 0.116911 0.348506
v -0.980939 0.119735 0.325262
v -0.980939 0.119735 0.325262
v -0.984159 0.116911 0.348506
v -0.960662 0.131834 0.349302
v -0.957437 0.134801 0.325449
v -0.977664 0.122522 0.301942
v -0.980939 0.119735 0.325262
v -0.957437 0.134801 0.325449
v -0.954156 0.137741 0.301557
v -0.974328 0.125257 0.278575
v -0.977664 0.122522 0.301942
v -0.954156 0.137741 0.301557
v -0.950813 0.140627 0.27775
v -0.970928 0.127928 0.255188
v -0.974328 0.125257 0.278575
v -0.950813 0.140627 0.27775
v -0.947399 0.143435 0.25415
v -0.991898 0.110293 0.255651
v -0.995398 0.10781 0.278847
v -0.974328 0.125257 0.278575
v -0.970928 0.127928 0.255188
v -1.01073 0.0909 0.255714
v -1.0144 0.088611 0.278743
v -0.995398 0.10781 0.278847
v -0.991898 0.110293 0.255651
v -0.848591 -0.416173 0.45039
v -0.846356 -0.40803 0.42319
v -0.815772 -0.403344 0.424708
v -0.817805 -0.411421 0.452872
v -0.846356 -0.40803 0.42319
v -0.843965 -0.400091 0.397103
v -0.813579 -0.395474 0.397796
v -0.815772 -0.403344 0.424708
v -0.817805 -0.411421 0.452872
v -0.815772 -0.403344 0.424708
v -0.786582 -0.396 0.425705
v -0.788568 -0.40396 0.454854
v -0.815772 -0.403344 0.424708
v -0.813579 -0.395474 0.397796
v -0.784412 -0.388229 0.397935
v -0.786582 -0.396 0.425705
v -0.882321 -0.426049 0.47503
v -0.879931 -0.41777 0.447465
v -0.848591 -0.416173 0.45039
v -0.850725 -0.424489 0.479135
v -0.879931 -0.41777 0.447465
v -0.877425 -0.40965 0.421246
v -0.846356 -0.40803 0.42319
v -0.848591 -0.416173 0.45039
v -0.877425 -0.40965 0.421246
v -0.874754 -0.401715 0.395967
v -0.843965 -0.400091 0.397103
v -0.846356 -0.40803 0.42319
v -0.874754 -0.401715 0.395967
v -0.871871 -0.393992 0.371222
v -0.841362 -0.392386 0.371697
v -0.843965 -0.400091 0.397103
v -0.843965 -0.400091 0.397103
v -0.841362 -0.392386 0.371697
v -0.81117 -0.387848 0.371713
v -0.813579 -0.395474 0.397796
v -0.813579 -0.395474 0.397796
v -0.81117 -0.387848 0.371713
v -0.782013 -0.380699 0.371166
v -0.784412 -0.388229 0.397935
v -0.784412 -0.388229 0.397935
v -0.782013 -0.380699 0.371166
v -0.754608 -0.371259 0.369955
v -0.757279 -0.378725 0.397412
v -0.786582 -0.396 0.425705
v -0.784412 -0.388229 0.397935
v -0.757279 -0.378725 0.397412
v -0.759694 -0.386406 0.42609
v -0.788568 -0.40396 0.454854
v -0.786582 -0.396 0.425705
v -0.759694 -0.386406 0.42609
v -0.761874 -0.394236 0.456278
v -0.790416 -0.41206 0.485754
v -0.788568 -0.40396 0.454854
v -0.761874 -0.394236 0.456278
v -0.763837 -0.402152 0.488268
v -0.819734 -0.419666 0.482709
v -0.817805 -0.411421 0.452872
v -0.788568 -0.40396 0.454854
v -0.790416 -0.41206 0.485754
v -0.850725 -0.424489 0.479135
v -0.848591 -0.416173 0.45039
v -0.817805 -0.411421 0.452872
v -0.819734 -0.419666 0.482709
v -0.970339 -0.400783 0.436949
v -0.967073 -0.393389 0.413646
v -0.938159 -0.402459 0.416409
v -0.941187 -0.410195 0.440617
v -0.967073 -0.393389 0.413646
v -0.963601 -0.386083 0.390604
v -0.934938 -0.394846 0.392685
v -0.938159 -0.402459 0.416409
v -0.941187 -0.410195 0.440617
v -0.938159 -0.402459 0.416409
v -0.908167 -0.407845 0.418963
v -0.910942 -0.415827 0.444167
v -0.938159 -0.402459 0.416409
v -0.934938 -0.394846 0.392685
v -0.905214 -0.400018 0.394481
v -0.908167 -0.407845 0.418963
v -1.00135 -0.394489 0.456065
v -0.99807 -0.387502 0.433295
v -0.970339 -0.400783 0.436949
v -0.973416 -0.408219 0.460699
v -0.99807 -0.387502 0.433295
v -0.994583 -0.380527 0.410735
v -0.967073 -0.393389 0.413646
v -0.970339 -0.400783 0.436949
v -0.994583 -0.380527 0.410735
v -0.990879 -0.373616 0.388264
v -0.963601 -0.386083 0.390604
v -0.967073 -0.393389 0.413646
v -0.990879 -0.373616 0.388264
v -0.986948 -0.366821 0.365762
v -0.959904 -0.378915 0.367638
v -0.963601 -0.386083 0.390604
v -0.963601 -0.386083 0.390604
v -0.959904 -0.378915 0.367638
v -0.931496 -0.387394 0.369177
v -0.934938 -0.394846 0.392685
v -0.934938 -0.394846 0.392685
v -0.931496 -0.387394 0.369177
v -0.902044 -0.39238 0.370375
v -0.905214 -0.400018 0.394481
v -0.905214 -0.400018 0.394481
v -0.902044 -0.39238 0.370375
v -0.871871 -0.393992 0.371222
v -0.874754 -0.401715 0.395967
v -0.908167 -0.407845 0.418963
v -0.905214 -0.400018 0.394481
v -0.874754 -0.401715 0.395967
v -0.877425 -0.40965 0.421246
v -0.910942 -0.415827 0.444167
v -0.908167 -0.407845 0.418963
v -0.877425 -0.40965 0.421246
v -0.879931 -0.41777 0.447465
v -0.913579 -0.423935 0.470439
v -0.910942 -0.415827 0.444167
v -0.879931 -0.41777 0.447465
v -0.882321 -0.426049 0.47503
v -0.944051 -0.418014 0.465576
v -0.941187 -0.410195 0.440617
v -0.910942 -0.415827 0.444167
v -0.913579 -0.423935 0.470439
v -0.973416 -0.408219 0.460699
v -0.970339 -0.400783 0.436949
v -0.941187 -0.410195 0.440617
v -0.944051 -0.418014 0.465576
v -0.689447 -0.307468 0.101905
v -0.664526 -0.296643 0.099635
v -0.668364 -0.298446 0.122308
v -0.693439 -0.309646 0.124413
v -0.664526 -0.296643 0.099635
v -0.640617 -0.284314 0.097513
v -0.644368 -0.285738 0.120401
v -0.668364 -0.298446 0.122308
v -0.693439 -0.309646 0.124413
v -0.668364 -0.298446 0.122308
v -0.672039 -0.300656 0.145179
v -0.697284 -0.31226 0.147178
v -0.668364 -0.298446 0.122308
v -0.644368 -0.285738 0.120401
v -0.647944 -0.287536 0.143376
v -0.672039 -0.300656 0.145179
v -0.711022 -0.314596 0.082216
v -0.685324 -0.305671 0.079599
v -0.689447 -0.307468 0.101905
v -0.715325 -0.31668 0.104365
v -0.685324 -0.305671 0.079599
v -0.660542 -0.29518 0.077109
v -0.664526 -0.296643 0.099635
v -0.689447 -0.307468 0.101905
v -0.660542 -0.29518 0.077109
v -0.636716 -0.283196 0.074687
v -0.640617 -0.284314 0.097513
v -0.664526 -0.296643 0.099635
v -0.672039 -0.300656 0.145179
v -0.647944 -0.287536 0.143376
v -0.651322 -0.289781 0.166461
v -0.675535 -0.303335 0.168297
v -0.697284 -0.31226 0.147178
v -0.672039 -0.300656 0.145179
v -0.675535 -0.303335 0.168297
v -0.700967 -0.315363 0.170257
v -0.723576 -0.322149 0.149399
v -0.697284 -0.31226 0.147178
v -0.700967 -0.315363 0.170257
v -0.727488 -0.325613 0.172389
v -0.719515 -0.319185 0.126742
v -0.693439 -0.309646 0.124413
v -0.697284 -0.31226 0.147178
v -0.723576 -0.322149 0.149399
v -0.715325 -0.31668 0.104365
v -0.689447 -0.307468 0.101905
v -0.693439 -0.309646 0.124413
v -0.719515 -0.319185 0.126742
v -0.917722 0.159243 0.229344
v -0.89108 0.169802 0.22755
v -0.88699 0.17232 0.205716
v -0.913945 0.161843 0.20678
v -0.89108 0.169802 0.22755
v -0.866693 0.177885 0.225751
v -0.862256 0.180287 0.204664
v -0.88699 0.17232 0.205716
v -0.913945 0.161843 0.20678
v -0.88699 0.17232 0.205716
v -0.882792 0.174708 0.184474
v -0.91007 0.164326 0.184492
v -0.88699 0.17232 0.205716
v -0.862256 0.180287 0.204664
v -0.857701 0.182545 0.184485
v -0.882792 0.174708 0.184474
v -0.947399 0.143435 0.25415
v -0.921395 0.156512 0.252452
v -0.917722 0.159243 0.229344
v -0.943908 0.146144 0.230834
v -0.921395 0.156512 0.252452
v -0.895042 0.167121 0.250368
v -0.89108 0.169802 0.22755
v -0.917722 0.159243 0.229344
v -0.895042 0.167121 0.250368
v -0.870977 0.175289 0.248263
v -0.866693 0.177885 0.225751
v -0.89108 0.169802 0.22755
v -0.870977 0.175289 0.248263
v -0.851836 0.181045 0.246499
v -0.847273 0.183557 0.224247
v -0.866693 0.177885 0.225751
v -0.866693 0.177885 0.225751
v -0.847273 0.183557 0.224247
v -0.842533 0.185849 0.203784
v -0.862256 0.180287 0.204664
v -0.862256 0.180287 0.204664
v -0.842533 0.185849 0.203784
v -0.837668 0.187986 0.184494
v -0.857701 0.182545 0.184485
v -0.857701 0.182545 0.184485
v -0.837668 0.187986 0.184494
v -0.832728 0.190035 0.165754
v -0.853064 0.184709 0.164696
v -0.882792 0.174708 0.184474
v -0.857701 0.182545 0.184485
v -0.853064 0.184709 0.164696
v -0.878505 0.176995 0.163429
v -0.91007 0.164326 0.184492
v -0.882792 0.174708 0.184474
v -0.878505 0.176995 0.163429
v -0.906098 0.166704 0.162215
v -0.936661 0.151249 0.184572
v -0.91007 0.164326 0.184492
v -0.906098 0.166704 0.162215
v -0.932892 0.153644 0.161316
v -0.940331 0.148749 0.207693
v -0.913945 0.161843 0.20678
v -0.91007 0.164326 0.184492
v -0.936661 0.151249 0.184572
v -0.943908 0.146144 0.230834
v -0.917722 0.159243 0.229344
v -0.913945 0.161843 0.20678
v -0.940331 0.148749 0.207693
v -1.05847 -0.104318 0.098047
v -1.06422 -0.1059 0.121001
v -1.06275 -0.075084 0.119044
v -1.05711 -0.073571 0.095893
v -1.06422 -0.1059 0.121001
v -1.06987 -0.107608 0.143916
v -1.06827 -0.076709 0.14213
v -1.06275 -0.075084 0.119044
v -1.05711 -0.073571 0.095893
v -1.06275 -0.075084 0.119044
v -1.05826 -0.044962 0.117453
v -1.05276 -0.043492 0.094097
v -1.06275 -0.075084 0.119044
v -1.06827 -0.076709 0.14213
v -1.06363 -0.04653 0.140716
v -1.05826 -0.044962 0.117453
v -1.05052 -0.133447 0.077758
v -1.05647 -0.134981 0.100568
v -1.05847 -0.104318 0.098047
v -1.05259 -0.102862 0.075034
v -1.05647 -0.134981 0.100568
v -1.06232 -0.13666 0.12334
v -1.06422 -0.1059 0.121001
v -1.05847 -0.104318 0.098047
v -1.06232 -0.13666 0.12334
v -1.06808 -0.138485 0.146092
v -1.06987 -0.107608 0.143916
v -1.06422 -0.1059 0.121001
v -1.06808 -0.138485 0.146092
v -1.07374 -0.140458 0.16884
v -1.07542 -0.109443 0.166809
v -1.06987 -0.107608 0.143916
v -1.06987 -0.107608 0.143916
v -1.07542 -0.109443 0.166809
v -1.07368 -0.078446 0.165175
v -1.06827 -0.076709 0.14213
v -1.06827 -0.076709 0.14213
v -1.07368 -0.078446 0.165175
v -1.06889 -0.048199 0.163913
v -1.06363 -0.04653 0.140716
v -1.06363 -0.04653 0.140716
v -1.06889 -0.048199 0.163913
v -1.06143 -0.019436 0.163002
v -1.05634 -0.017811 0.139654
v -1.05826 -0.044962 0.117453
v -1.06363 -0.04653 0.140716
v -1.05634 -0.017811 0.139654
v -1.05113 -0.016278 0.116216
v -1.05276 -0.043492 0.094097
v -1.05826 -0.044962 0.117453
v -1.05113 -0.016278 0.116216
v -1.04578 -0.014833 0.092651
v -1.04712 -0.042119 0.070618
v -1.05276 -0.043492 0.094097
v -1.04578 -0.014833 0.092651
v -1.04029 -0.013474 0.068924
v -1.05134 -0.072167 0.072655
v -1.05711 -0.073571 0.095893
v -1.05276 -0.043492 0.094097
v -1.04712 -0.042119 0.070618
v -1.05259 -0.102862 0.075034
v -1.05847 -0.104318 0.098047
v -1.05711 -0.073571 0.095893
v -1.05134 -0.072167 0.072655
v -1.03652 0.011845 0.091525
v -1.0417 0.010409 0.115297
v -1.03027 0.035304 0.11459
v -1.02528 0.036752 0.090605
v -1.0417 0.010409 0.115297
v -1.04674 0.008894 0.138909
v -1.03514 0.033781 0.138381
v -1.03027 0.035304 0.11459
v -1.02528 0.036752 0.090605
v -1.03027 0.035304 0.11459
v -1.01715 0.0588 0.113969
v -1.01235 0.06029 0.089756
v -1.03027 0.035304 0.11459
v -1.03514 0.033781 0.138381
v -1.02182 0.057234 0.137954
v -1.01715 0.0588 0.113969
v -1.04029 -0.013474 0.068924
v -1.04578 -0.014833 0.092651
v -1.03652 0.011845 0.091525
v -1.0312 0.013204 0.067547
v -1.04578 -0.014833 0.092651
v -1.05113 -0.016278 0.116216
v -1.0417 0.010409 0.115297
v -1.03652 0.011845 0.091525
v -1.05113 -0.016278 0.116216
v -1.05634 -0.017811 0.139654
v -1.04674 0.008894 0.138909
v -1.0417 0.010409 0.115297
v -1.05634 -0.017811 0.139654
v -1.06143 -0.019436 0.163002
v -1.05167 0.007294 0.162405
v -1.04674 0.008894 0.138909
v -1.04674 0.008894 0.138909
v -1.05167 0.007294 0.162405
v -1.03989 0.032178 0.162029
v -1.03514 0.033781 0.138381
v -1.03514 0.033781 0.138381
v -1.03989 0.032178 0.162029
v -1.02638 0.055589 0.161765
v -1.02182 0.057234 0.137954
v -1.02182 0.057234 0.137954
v -1.02638 0.055589 0.161765
v -1.01142 0.077898 0.161505
v -1.00707 0.079636 0.13751
v -1.01715 0.0588 0.113969
v -1.02182 0.057234 0.137954
v -1.00707 0.079636 0.13751
v -1.0026 0.08129 0.113307
v -1.01235 0.06029 0.089756
v -1.01715 0.0588 0.113969
v -1.0026 0.08129 0.113307
v -0.998006 0.082862 0.088844
v -1.00741 0.06171 0.06526
v -1.01235 0.06029 0.089756
v -0.998006 0.082862 0.088844
v -0.993259 0.084355 0.064069
v -1.02015 0.038129 0.066373
v -1.02528 0.036752 0.090605
v -1.01235 0.06029 0.089756
v -1.00741 0.06171 0.06526
v -1.0312 0.013204 0.067547
v -1.03652 0.011845 0.091525
v -1.02528 0.036752 0.090605
v -1.02015 0.038129 0.066373
v -1.02871 -0.221267 0.108575
v -1.03528 -0.222594 0.131539
v -1.04768 -0.195476 0.12883
v -1.04154 -0.193755 0.106162
v -1.03528 -0.222594 0.131539
v -1.04145 -0.224607 0.154129
v -1.05365 -0.19752 0.151386
v -1.04768 -0.195476 0.12883
v -1.04154 -0.193755 0.106162
v -1.04768 -0.195476 0.12883
v -1.05677 -0.166675 0.126026
v -1.05083 -0.164897 0.103391
v -1.04768 -0.195476 0.12883
v -1.05365 -0.19752 0.151386
v -1.06262 -0.168639 0.148639
v -1.05677 -0.166675 0.126026
v -1.00277 -0.248507 0.084826
v -1.01276 -0.246599 0.111158
v -1.02871 -0.221267 0.108575
v -1.0223 -0.219794 0.085275
v -1.01276 -0.246599 0.111158
v -1.01997 -0.247332 0.134198
v -1.03528 -0.222594 0.131539
v -1.02871 -0.221267 0.108575
v -1.01997 -0.247332 0.134198
v -1.02631 -0.249354 0.1567
v -1.04145 -0.224607 0.154129
v -1.03528 -0.222594 0.131539
v -1.02631 -0.249354 0.1567
v -1.03222 -0.252123 0.179042
v -1.04734 -0.227157 0.176549
v -1.04145 -0.224607 0.154129
v -1.04145 -0.224607 0.154129
v -1.04734 -0.227157 0.176549
v -1.05948 -0.199867 0.173887
v -1.05365 -0.19752 0.151386
v -1.05365 -0.19752 0.151386
v -1.05948 -0.199867 0.173887
v -1.06837 -0.170789 0.171252
v -1.06262 -0.168639 0.148639
v -1.06262 -0.168639 0.148639
v -1.06837 -0.170789 0.171252
v -1.07374 -0.140458 0.16884
v -1.06808 -0.138485 0.146092
v -1.05677 -0.166675 0.126026
v -1.06262 -0.168639 0.148639
v -1.06808 -0.138485 0.146092
v -1.06232 -0.13666 0.12334
v -1.05083 -0.164897 0.103391
v -1.05677 -0.166675 0.126026
v -1.06232 -0.13666 0.12334
v -1.05647 -0.134981 0.100568
v -1.04481 -0.163263 0.080729
v -1.05083 -0.164897 0.103391
v -1.05647 -0.134981 0.100568
v -1.05052 -0.133447 0.077758
v -1.03546 -0.192055 0.083456
v -1.04154 -0.193755 0.106162
v -1.05083 -0.164897 0.103391
v -1.04481 -0.163263 0.080729
v -1.0223 -0.219794 0.085275
v -1.02871 -0.221267 0.108575
v -1.04154 -0.193755 0.106162
v -1.03546 -0.192055 0.083456
v -0.982363 0.10469 0.087843
v -0.986757 0.102997 0.112571
v -0.969043 0.123455 0.112099
v -0.964829 0.125282 0.087161
v -0.986757 0.102997 0.112571
v -0.991014 0.101207 0.137004
v -0.973118 0.121512 0.136672
v -0.969043 0.123455 0.112099
v -0.964829 0.125282 0.087161
v -0.969043 0.123455 0.112099
v -0.948722 0.142027 0.112322
v -0.944638 0.143963 0.087316
v -0.969043 0.123455 0.112099
v -0.973118 0.121512 0.136672
v -0.952686 0.139952 0.136821
v -0.948722 0.142027 0.112322
v -0.993259 0.084355 0.064069
v -0.998006 0.082862 0.088844
v -0.982363 0.10469 0.087843
v -0.977813 0.106288 0.062774
v -0.998006 0.082862 0.088844
v -1.0026 0.08129 0.113307
v -0.986757 0.102997 0.112571
v -0.982363 0.10469 0.087843
v -1.0026 0.08129 0.113307
v -1.00707 0.079636 0.13751
v -0.991014 0.101207 0.137004
v -0.986757 0.102997 0.112571
v -1.00707 0.079636 0.13751
v -1.01142 0.077898 0.161505
v -0.995153 0.099322 0.161188
v -0.991014 0.101207 0.137004
v -0.991014 0.101207 0.137004
v -0.995153 0.099322 0.161188
v -0.977072 0.119459 0.160937
v -0.973118 0.121512 0.136672
v -0.973118 0.121512 0.136672
v -0.977072 0.119459 0.160937
v -0.956534 0.137752 0.160923
v -0.952686 0.139952 0.136821
v -0.952686 0.139952 0.136821
v -0.956534 0.137752 0.160923
v -0.932892 0.153644 0.161316
v -0.92902 0.155928 0.137757
v -0.948722 0.142027 0.112322
v -0.952686 0.139952 0.136821
v -0.92902 0.155928 0.137757
v -0.925057 0.158077 0.113672
v -0.944638 0.143963 0.087316
v -0.948722 0.142027 0.112322
v -0.925057 0.158077 0.113672
v -0.921022 0.160063 0.088827
v -0.940429 0.145746 0.061693
v -0.944638 0.143963 0.087316
v -0.921022 0.160063 0.088827
v -0.916931 0.161856 0.062987
v -0.960463 0.126988 0.061802
v -0.964829 0.125282 0.087161
v -0.944638 0.143963 0.087316
v -0.940429 0.145746 0.061693
v -0.977813 0.106288 0.062774
v -0.982363 0.10469 0.087843
v -0.964829 0.125282 0.087161
v -0.960463 0.126988 0.061802
v -0.988373 -0.32269 0.251351
v -1.01096 -0.305618 0.249989
v -1.0055 -0.301252 0.227596
v -0.983021 -0.317998 0.228873
v -1.01096 -0.305618 0.249989
v -1.03137 -0.285444 0.248211
v -1.02583 -0.281431 0.225868
v -1.0055 -0.301252 0.227596
v -0.983021 -0.317998 0.228873
v -1.0055 -0.301252 0.227596
v -0.999907 -0.297222 0.205225
v -0.977528 -0.313682 0.206452
v -1.0055 -0.301252 0.227596
v -1.02583 -0.281431 0.225868
v -1.02017 -0.277713 0.203515
v -0.999907 -0.297222 0.205225
v -0.968945 -0.341915 0.274904
v -0.993558 -0.32775 0.273866
v -0.988373 -0.32269 0.251351
v -0.963917 -0.336535 0.25222
v -0.993558 -0.32775 0.273866
v -1.01627 -0.310312 0.272372
v -1.01096 -0.305618 0.249989
v -0.988373 -0.32269 0.251351
v -1.01627 -0.310312 0.272372
v -1.03676 -0.289742 0.270503
v -1.03137 -0.285444 0.248211
v -1.01096 -0.305618 0.249989
v -1.03676 -0.289742 0.270503
v -1.0547 -0.266183 0.268342
v -1.04927 -0.262291 0.246097
v -1.03137 -0.285444 0.248211
v -1.03137 -0.285444 0.248211
v -1.04927 -0.262291 0.246097
v -1.0437 -0.258642 0.223767
v -1.02583 -0.281431 0.225868
v -1.02583 -0.281431 0.225868
v -1.0437 -0.258642 0.223767
v -1.03801 -0.255248 0.201399
v -1.02017 -0.277713 0.203515
v -1.02017 -0.277713 0.203515
v -1.03801 -0.255248 0.201399
v -1.03222 -0.252123 0.179042
v -1.01441 -0.274303 0.181192
v -0.999907 -0.297222 0.205225
v -1.02017 -0.277713 0.203515
v -1.01441 -0.274303 0.181192
v -0.994205 -0.293539 0.182906
v -0.977528 -0.313682 0.206452
v -0.999907 -0.297222 0.205225
v -0.994205 -0.293539 0.182906
v -0.971917 -0.30975 0.184112
v -0.953348 -0.326998 0.207123
v -0.977528 -0.313682 0.206452
v -0.971917 -0.30975 0.184112
v -0.947857 -0.322853 0.184738
v -0.958709 -0.331561 0.229621
v -0.983021 -0.317998 0.228873
v -0.977528 -0.313682 0.206452
v -0.953348 -0.326998 0.207123
v -0.963917 -0.336535 0.25222
v -0.988373 -0.32269 0.251351
v -0.983021 -0.317998 0.228873
v -0.958709 -0.331561 0.229621
v -0.824442 -0.358697 0.249134
v -0.820309 -0.353208 0.225554
v -0.791377 -0.349273 0.223624
v -0.795267 -0.354675 0.247418
v -0.820309 -0.353208 0.225554
v -0.815973 -0.3482 0.202298
v -0.787292 -0.344349 0.200179
v -0.791377 -0.349273 0.223624
v -0.795267 -0.354675 0.247418
v -0.791377 -0.349273 0.223624
v -0.762783 -0.342876 0.221557
v -0.76646 -0.348129 0.24552
v -0.791377 -0.349273 0.223624
v -0.787292 -0.344349 0.200179
v -0.758941 -0.33811 0.197949
v -0.762783 -0.342876 0.221557
v -0.857783 -0.366061 0.274216
v -0.853626 -0.360079 0.250577
v -0.824442 -0.358697 0.249134
v -0.828344 -0.364647 0.273039
v -0.853626 -0.360079 0.250577
v -0.849242 -0.354567 0.227227
v -0.820309 -0.353208 0.225554
v -0.824442 -0.358697 0.249134
v -0.849242 -0.354567 0.227227
v -0.844661 -0.349539 0.204162
v -0.815973 -0.3482 0.202298
v -0.820309 -0.353208 0.225554
v -0.844661 -0.349539 0.204162
v -0.83991 -0.345008 0.181384
v -0.811462 -0.343693 0.179366
v -0.815973 -0.3482 0.202298
v -0.815973 -0.3482 0.202298
v -0.811462 -0.343693 0.179366
v -0.783033 -0.339929 0.177087
v -0.787292 -0.344349 0.200179
v -0.787292 -0.344349 0.200179
v -0.783033 -0.339929 0.177087
v -0.754938 -0.333855 0.174708
v -0.758941 -0.33811 0.197949
v -0.758941 -0.33811 0.197949
v -0.754938 -0.333855 0.174708
v -0.727488 -0.325613 0.172389
v -0.731242 -0.329609 0.195751
v -0.762783 -0.342876 0.221557
v -0.758941 -0.33811 0.197949
v -0.731242 -0.329609 0.195751
v -0.734862 -0.334133 0.219473
v -0.76646 -0.348129 0.24552
v -0.762783 -0.342876 0.221557
v -0.734862 -0.334133 0.219473
v -0.73838 -0.339173 0.24353
v -0.769969 -0.353843 0.269826
v -0.76646 -0.348129 0.24552
v -0.73838 -0.339173 0.24353
v -0.74183 -0.344717 0.267898
v -0.79894 -0.36053 0.271558
v -0.795267 -0.354675 0.247418
v -0.76646 -0.348129 0.24552
v -0.769969 -0.353843 0.269826
v -0.828344 -0.364647 0.273039
v -0.824442 -0.358697 0.249134
v -0.795267 -0.354675 0.247418
v -0.79894 -0.36053 0.271558
v -0.937913 -0.347075 0.252538
v -0.932878 -0.341875 0.229788
v -0.905826 -0.349047 0.229406
v -0.910665 -0.354414 0.252335
v -0.932878 -0.341875 0.229788
v -0.927676 -0.337116 0.207183
v -0.900808 -0.344145 0.206671
v -0.905826 -0.349047 0.229406
v -0.910665 -0.354414 0.252335
v -0.905826 -0.349047 0.229406
v -0.877849 -0.353228 0.228533
v -0.88247 -0.358699 0.251664
v -0.905826 -0.349047 0.229406
v -0.900808 -0.344145 0.206671
v -0.873039 -0.348236 0.205644
v -0.877849 -0.353228 0.228533
v -0.968945 -0.341915 0.274904
v -0.963917 -0.336535 0.25222
v -0.937913 -0.347075 0.252538
v -0.942757 -0.352712 0.275426
v -0.963917 -0.336535 0.25222
v -0.958709 -0.331561 0.229621
v -0.932878 -0.341875 0.229788
v -0.937913 -0.347075 0.252538
v -0.958709 -0.331561 0.229621
v -0.953348 -0.326998 0.207123
v -0.927676 -0.337116 0.207183
v -0.932878 -0.341875 0.229788
v -0.953348 -0.326998 0.207123
v -0.947857 -0.322853 0.184738
v -0.922333 -0.332803 0.184733
v -0.927676 -0.337116 0.207183
v -0.927676 -0.337116 0.207183
v -0.922333 -0.332803 0.184733
v -0.895639 -0.339712 0.184134
v -0.900808 -0.344145 0.206671
v -0.900808 -0.344145 0.206671
v -0.895639 -0.339712 0.184134
v -0.868067 -0.343731 0.182999
v -0.873039 -0.348236 0.205644
v -0.873039 -0.348236 0.205644
v -0.868067 -0.343731 0.182999
v -0.83991 -0.345008 0.181384
v -0.844661 -0.349539 0.204162
v -0.877849 -0.353228 0.228533
v -0.873039 -0.348236 0.205644
v -0.844661 -0.349539 0.204162
v -0.849242 -0.354567 0.227227
v -0.88247 -0.358699 0.251664
v -0.877849 -0.353228 0.228533
v -0.849242 -0.354567 0.227227
v -0.853626 -0.360079 0.250577
v -0.886874 -0.364639 0.275037
v -0.88247 -0.358699 0.251664
v -0.853626 -0.360079 0.250577
v -0.857783 -0.366061 0.274216
v -0.915299 -0.360238 0.275455
v -0.910665 -0.354414 0.252335
v -0.88247 -0.358699 0.251664
v -0.886874 -0.364639 0.275037
v -0.942757 -0.352712 0.275426
v -0.937913 -0.347075 0.252538
v -0.910665 -0.354414 0.252335
v -0.915299 -0.360238 0.275455
v -0.96238 0.100698 0.626795
v -0.937183 0.111256 0.627305
v -0.935576 0.117008 0.59888
v -0.960847 0.106497 0.598139
v -0.937183 0.111256 0.627305
v -0.914442 0.11977 0.627171
v -0.912773 0.125425 0.599121
v -0.935576 0.117008 0.59888
v -0.960847 0.106497 0.598139
v -0.935576 0.117008 0.59888
v -0.933733 0.122131 0.571838
v -0.959045 0.111673 0.570798
v -0.935576 0.117008 0.59888
v -0.912773 0.125425 0.599121
v -0.910897 0.130469 0.572437
v -0.933733 0.122131 0.571838
v -0.988786 0.081758 0.655734
v -0.963573 0.09414 0.656972
v -0.96238 0.100698 0.626795
v -0.987715 0.088286 0.625524
v -0.963573 0.09414 0.656972
v -0.938479 0.104715 0.657354
v -0.937183 0.111256 0.627305
v -0.96238 0.100698 0.626795
v -0.938479 0.104715 0.657354
v -0.915821 0.113333 0.656819
v -0.914442 0.11977 0.627171
v -0.937183 0.111256 0.627305
v -0.915821 0.113333 0.656819
v -0.897912 0.119843 0.655306
v -0.896472 0.12605 0.626511
v -0.914442 0.11977 0.627171
v -0.914442 0.11977 0.627171
v -0.896472 0.12605 0.626511
v -0.894757 0.131548 0.599041
v -0.912773 0.125425 0.599121
v -0.912773 0.125425 0.599121
v -0.894757 0.131548 0.599041
v -0.892855 0.136495 0.572756
v -0.910897 0.130469 0.572437
v -0.910897 0.130469 0.572437
v -0.892855 0.136495 0.572756
v -0.890852 0.141048 0.547516
v -0.908895 0.135075 0.546889
v -0.933733 0.122131 0.571838
v -0.910897 0.130469 0.572437
v -0.908895 0.135075 0.546889
v -0.931731 0.126789 0.545942
v -0.959045 0.111673 0.570798
v -0.933733 0.122131 0.571838
v -0.931731 0.126789 0.545942
v -0.957044 0.116367 0.544572
v -0.984515 0.099286 0.569155
v -0.959045 0.111673 0.570798
v -0.957044 0.116367 0.544572
v -0.982519 0.103987 0.542674
v -0.986269 0.094091 0.596718
v -0.960847 0.106497 0.598139
v -0.959045 0.111673 0.570798
v -0.984515 0.099286 0.569155
v -0.987715 0.088286 0.625524
v -0.96238 0.100698 0.626795
v -0.960847 0.106497 0.598139
v -0.986269 0.094091 0.596718
v -1.0439 -0.418526 0.624709
v -1.06843 -0.394761 0.620162
v -1.06726 -0.389673 0.591707
v -1.04269 -0.413294 0.596649
v -1.06843 -0.394761 0.620162
v -1.09016 -0.367569 0.616998
v -1.08906 -0.362659 0.588224
v -1.06726 -0.389673 0.591707
v -1.04269 -0.413294 0.596649
v -1.06726 -0.389673 0.591707
v -1.06556 -0.384319 0.564808
v -1.041 -0.407728 0.569958
v -1.06726 -0.389673 0.591707
v -1.08906 -0.362659 0.588224
v -1.08737 -0.357554 0.561112
v -1.06556 -0.384319 0.564808
v -1.01787 -0.443173 0.659959
v -1.04459 -0.42336 0.654237
v -1.0439 -0.418526 0.624709
v -1.01708 -0.43834 0.6312
v -1.04459 -0.42336 0.654237
v -1.069 -0.399511 0.650258
v -1.06843 -0.394761 0.620162
v -1.0439 -0.418526 0.624709
v -1.069 -0.399511 0.650258
v -1.09059 -0.372216 0.647521
v -1.09016 -0.367569 0.616998
v -1.06843 -0.394761 0.620162
v -1.09059 -0.372216 0.647521
v -1.10885 -0.342059 0.645525
v -1.10857 -0.337477 0.614654
v -1.09016 -0.367569 0.616998
v -1.09016 -0.367569 0.616998
v -1.10857 -0.337477 0.614654
v -1.10756 -0.332724 0.585603
v -1.08906 -0.362659 0.588224
v -1.08906 -0.362659 0.588224
v -1.10756 -0.332724 0.585603
v -1.10592 -0.327855 0.558281
v -1.08737 -0.357554 0.561112
v -1.08737 -0.357554 0.561112
v -1.10592 -0.327855 0.558281
v -1.10375 -0.322927 0.532594
v -1.08519 -0.352319 0.535577
v -1.06556 -0.384319 0.564808
v -1.08737 -0.357554 0.561112
v -1.08519 -0.352319 0.535577
v -1.06341 -0.378769 0.539378
v -1.041 -0.407728 0.569958
v -1.06556 -0.384319 0.564808
v -1.06341 -0.378769 0.539378
v -1.03892 -0.401889 0.544534
v -1.01419 -0.427358 0.57715
v -1.041 -0.407728 0.569958
v -1.03892 -0.401889 0.544534
v -1.01219 -0.421292 0.551584
v -1.01584 -0.433055 0.603643
v -1.04269 -0.413294 0.596649
v -1.041 -0.407728 0.569958
v -1.01419 -0.427358 0.57715
v -1.01708 -0.43834 0.6312
v -1.0439 -0.418526 0.624709
v -1.04269 -0.413294 0.596649
v -1.01584 -0.433055 0.603643
v -0.710579 -0.386551 0.66605
v -0.710206 -0.384876 0.694056
v -0.726969 -0.402404 0.688608
v -0.727053 -0.402429 0.661669
v -0.710206 -0.384876 0.694056
v -0.708654 -0.380816 0.720494
v -0.726571 -0.401239 0.713843
v -0.726969 -0.402404 0.688608
v -0.727053 -0.402429 0.661669
v -0.726969 -0.402404 0.688608
v -0.747409 -0.420298 0.682383
v -0.747001 -0.418719 0.656225
v -0.726969 -0.402404 0.688608
v -0.726571 -0.401239 0.713843
v -0.747831 -0.421145 0.706812
v -0.747409 -0.420298 0.682383
v -0.708654 -0.380816 0.720494
v -0.707104 -0.376659 0.746423
v -0.726439 -0.40027 0.738305
v -0.726571 -0.401239 0.713843
v -0.726571 -0.401239 0.713843
v -0.726439 -0.40027 0.738305
v -0.748508 -0.421943 0.730512
v -0.747831 -0.421145 0.706812
v -0.747831 -0.421145 0.706812
v -0.748508 -0.421943 0.730512
v -0.773585 -0.440811 0.723198
v -0.772437 -0.438907 0.699894
v -0.747409 -0.420298 0.682383
v -0.747831 -0.421145 0.706812
v -0.772437 -0.438907 0.699894
v -0.771491 -0.436722 0.675862
v -0.747001 -0.418719 0.656225
v -0.747409 -0.420298 0.682383
v -0.771491 -0.436722 0.675862
v -0.77061 -0.433817 0.650148
v -0.746431 -0.415815 0.627319
v -0.747001 -0.418719 0.656225
v -0.77061 -0.433817 0.650148
v -0.769655 -0.429755 0.621796
v -0.726765 -0.400723 0.631957
v -0.727053 -0.402429 0.661669
v -0.747001 -0.418719 0.656225
v -0.746431 -0.415815 0.627319
v -0.710065 -0.385609 0.634972
v -0.710579 -0.386551 0.66605
v -0.727053 -0.402429 0.661669
v -0.726765 -0.400723 0.631957
v -1.13309 -0.143147 0.452909
v -1.13606 -0.146526 0.475279
v -1.1327 -0.113567 0.474657
v -1.12979 -0.110283 0.452243
v -1.13606 -0.146526 0.475279
v -1.13871 -0.15012 0.498595
v -1.13529 -0.117099 0.498013
v -1.1327 -0.113567 0.474657
v -1.12979 -0.110283 0.452243
v -1.1327 -0.113567 0.474657
v -1.12632 -0.082046 0.474551
v -1.12346 -0.078806 0.452057
v -1.1327 -0.113567 0.474657
v -1.13529 -0.117099 0.498013
v -1.12889 -0.08556 0.497975
v -1.12632 -0.082046 0.474551
v -1.12961 -0.173497 0.43233
v -1.13295 -0.176902 0.454079
v -1.13309 -0.143147 0.452909
v -1.12985 -0.139934 0.431127
v -1.13295 -0.176902 0.454079
v -1.136 -0.180446 0.476414
v -1.13606 -0.146526 0.475279
v -1.13309 -0.143147 0.452909
v -1.136 -0.180446 0.476414
v -1.13871 -0.184169 0.499692
v -1.13871 -0.15012 0.498595
v -1.13606 -0.146526 0.475279
v -1.13871 -0.184169 0.499692
v -1.14102 -0.188112 0.52427
v -1.14097 -0.153981 0.523215
v -1.13871 -0.15012 0.498595
v -1.13871 -0.15012 0.498595
v -1.14097 -0.153981 0.523215
v -1.13752 -0.120937 0.522664
v -1.13529 -0.117099 0.498013
v -1.13529 -0.117099 0.498013
v -1.13752 -0.120937 0.522664
v -1.1311 -0.089412 0.52267
v -1.12889 -0.08556 0.497975
v -1.12889 -0.08556 0.497975
v -1.1311 -0.089412 0.52267
v -1.12212 -0.059836 0.523283
v -1.1199 -0.055955 0.498507
v -1.12632 -0.082046 0.474551
v -1.12889 -0.08556 0.497975
v -1.1199 -0.055955 0.498507
v -1.11735 -0.052436 0.474963
v -1.12346 -0.078806 0.452057
v -1.12632 -0.082046 0.474551
v -1.11735 -0.052436 0.474963
v -1.11452 -0.049212 0.45233
v -1.12035 -0.075774 0.430151
v -1.12346 -0.078806 0.452057
v -1.11452 -0.049212 0.45233
v -1.11145 -0.046215 0.430293
v -1.12662 -0.107187 0.430414
v -1.12979 -0.110283 0.452243
v -1.12346 -0.078806 0.452057
v -1.12035 -0.075774 0.430151
v -1.12985 -0.139934 0.431127
v -1.13309 -0.143147 0.452909
v -1.12979 -0.110283 0.452243
v -1.12662 -0.107187 0.430414
v -1.10335 -0.021885 0.453041
v -1.10617 -0.025103 0.475886
v -1.09299 2.6e-05 0.477292
v -1.09019 0.003252 0.454179
v -1.10617 -0.025103 0.475886
v -1.10872 -0.028633 0.499623
v -1.09554 -0.003522 0.501271
v -1.09299 2.6e-05 0.477292
v -1.09019 0.003252 0.454179
v -1.09299 2.6e-05 0.477292
v -1.07799 0.023134 0.479144
v -1.0752 0.026387 0.455738
v -1.09299 2.6e-05 0.477292
v -1.09554 -0.003522 0.501271
v -1.08053 0.019553 0.503384
v -1.07799 0.023134 0.479144
v -1.11145 -0.046215 0.430293
v -1.11452 -0.049212 0.45233
v -1.10335 -0.021885 0.453041
v -1.10032 -0.01891 0.430808
v -1.11452 -0.049212 0.45233
v -1.11735 -0.052436 0.474963
v -1.10617 -0.025103 0.475886
v -1.10335 -0.021885 0.453041
v -1.11735 -0.052436 0.474963
v -1.1199 -0.055955 0.498507
v -1.10872 -0.028633 0.499623
v -1.10617 -0.025103 0.475886
v -1.1199 -0.055955 0.498507
v -1.12212 -0.059836 0.523283
v -1.11095 -0.032541 0.52453
v -1.10872 -0.028633 0.499623
v -1.10872 -0.028633 0.499623
v -1.11095 -0.032541 0.52453
v -1.09778 -0.007458 0.526348
v -1.09554 -0.003522 0.501271
v -1.09554 -0.003522 0.501271
v -1.09778 -0.007458 0.526348
v -1.08279 0.01558 0.528645
v -1.08053 0.019553 0.503384
v -1.08053 0.019553 0.503384
v -1.08279 0.01558 0.528645
v -1.06613 0.036741 0.531333
v -1.06386 0.040766 0.505894
v -1.07799 0.023134 0.479144
v -1.08053 0.019553 0.503384
v -1.06386 0.040766 0.505894
v -1.06133 0.044403 0.481404
v -1.0752 0.026387 0.455738
v -1.07799 0.023134 0.479144
v -1.06133 0.044403 0.481404
v -1.05857 0.047712 0.457711
v -1.07222 0.029375 0.432979
v -1.0752 0.026387 0.455738
v -1.05857 0.047712 0.457711
v -1.05563 0.050754 0.434659
v -1.08718 0.00622 0.431699
v -1.09019 0.003252 0.454179
v -1.0752 0.026387 0.455738
v -1.07222 0.029375 0.432979
v -1.10032 -0.01891 0.430808
v -1.10335 -0.021885 0.453041
v -1.09019 0.003252 0.454179
v -1.08718 0.00622 0.431699
v -1.10988 -0.277364 0.460427
v -1.11317 -0.281878 0.482614
v -1.12452 -0.248874 0.480137
v -1.12129 -0.244748 0.4579
v -1.11317 -0.281878 0.482614
v -1.11613 -0.286437 0.505683
v -1.12741 -0.253091 0.503287
v -1.12452 -0.248874 0.480137
v -1.12129 -0.244748 0.4579
v -1.12452 -0.248874 0.480137
v -1.13215 -0.214804 0.47805
v -1.12901 -0.211008 0.455761
v -1.12452 -0.248874 0.480137
v -1.12741 -0.253091 0.503287
v -1.13495 -0.218738 0.501272
v -1.13215 -0.214804 0.47805
v -1.09129 -0.303157 0.441628
v -1.09488 -0.308096 0.463274
v -1.10988 -0.277364 0.460427
v -1.1063 -0.27289 0.438775
v -1.09488 -0.308096 0.463274
v -1.09818 -0.31304 0.485418
v -1.11317 -0.281878 0.482614
v -1.10988 -0.277364 0.460427
v -1.09818 -0.31304 0.485418
v -1.10115 -0.317984 0.508408
v -1.11613 -0.286437 0.505683
v -1.11317 -0.281878 0.482614
v -1.10115 -0.317984 0.508408
v -1.10375 -0.322927 0.532594
v -1.11869 -0.291048 0.529986
v -1.11613 -0.286437 0.505683
v -1.11613 -0.286437 0.505683
v -1.11869 -0.291048 0.529986
v -1.1299 -0.257418 0.5277
v -1.12741 -0.253091 0.503287
v -1.12741 -0.253091 0.503287
v -1.1299 -0.257418 0.5277
v -1.13735 -0.222838 0.52578
v -1.13495 -0.218738 0.501272
v -1.13495 -0.218738 0.501272
v -1.13735 -0.222838 0.52578
v -1.14102 -0.188112 0.52427
v -1.13871 -0.184169 0.499692
v -1.13215 -0.214804 0.47805
v -1.13495 -0.218738 0.501272
v -1.13871 -0.184169 0.499692
v -1.136 -0.180446 0.476414
v -1.12901 -0.211008 0.455761
v -1.13215 -0.214804 0.47805
v -1.136 -0.180446 0.476414
v -1.13295 -0.176902 0.454079
v -1.12558 -0.20732 0.434048
v -1.12901 -0.211008 0.455761
v -1.13295 -0.176902 0.454079
v -1.12961 -0.173497 0.43233
v -1.11777 -0.240698 0.436222
v -1.12129 -0.244748 0.4579
v -1.12901 -0.211008 0.455761
v -1.12558 -0.20732 0.434048
v -1.1063 -0.27289 0.438775
v -1.10988 -0.277364 0.460427
v -1.12129 -0.244748 0.4579
v -1.11777 -0.240698 0.436222
v -1.04042 0.067372 0.460064
v -1.04313 0.063976 0.484013
v -1.02329 0.081845 0.486815
v -1.02063 0.085345 0.462668
v -1.04313 0.063976 0.484013
v -1.04564 0.060259 0.508712
v -1.02575 0.078034 0.511657
v -1.02329 0.081845 0.486815
v -1.02063 0.085345 0.462668
v -1.02329 0.081845 0.486815
v -1.00163 0.09796 0.489631
v -0.999037 0.101566 0.465364
v -1.02329 0.081845 0.486815
v -1.02575 0.078034 0.511657
v -1.00404 0.094057 0.514524
v -1.00163 0.09796 0.489631
v -1.05563 0.050754 0.434659
v -1.05857 0.047712 0.457711
v -1.04042 0.067372 0.460064
v -1.03754 0.070506 0.436727
v -1.05857 0.047712 0.457711
v -1.06133 0.044403 0.481404
v -1.04313 0.063976 0.484013
v -1.04042 0.067372 0.460064
v -1.06133 0.044403 0.481404
v -1.06386 0.040766 0.505894
v -1.04564 0.060259 0.508712
v -1.04313 0.063976 0.484013
v -1.06386 0.040766 0.505894
v -1.06613 0.036741 0.531333
v -1.04789 0.056161 0.534298
v -1.04564 0.060259 0.508712
v -1.04564 0.060259 0.508712
v -1.04789 0.056161 0.534298
v -1.02799 0.073853 0.537333
v -1.02575 0.078034 0.511657
v -1.02575 0.078034 0.511657
v -1.02799 0.073853 0.537333
v -1.00625 0.089801 0.540202
v -1.00404 0.094057 0.514524
v -1.00404 0.094057 0.514524
v -1.00625 0.089801 0.540202
v -0.982519 0.103987 0.542674
v -0.980338 0.108297 0.517111
v -1.00163 0.09796 0.489631
v -1.00404 0.094057 0.514524
v -0.980338 0.108297 0.517111
v -0.977984 0.112275 0.492281
v -0.999037 0.101566 0.465364
v -1.00163 0.09796 0.489631
v -0.977984 0.112275 0.492281
v -0.97546 0.115969 0.467996
v -0.996291 0.104929 0.441567
v -0.999037 0.101566 0.465364
v -0.97546 0.115969 0.467996
v -0.972769 0.119426 0.44407
v -1.01782 0.088594 0.439075
v -1.02063 0.085345 0.462668
v -0.999037 0.101566 0.465364
v -0.996291 0.104929 0.441567
v -1.03754 0.070506 0.436727
v -1.04042 0.067372 0.460064
v -1.02063 0.085345 0.462668
v -1.01782 0.088594 0.439075
v -0.862655 -0.470718 0.67918
v -0.86134 -0.466577 0.654781
v -0.829425 -0.46031 0.662478
v -0.830748 -0.46403 0.686538
v -0.86134 -0.466577 0.654781
v -0.859933 -0.461665 0.629159
v -0.828082 -0.455815 0.636966
v -0.829425 -0.46031 0.662478
v -0.830748 -0.46403 0.686538
v -0.829425 -0.46031 0.662478
v -0.799121 -0.450246 0.66934
v -0.800344 -0.453346 0.693266
v -0.829425 -0.46031 0.662478
v -0.828082 -0.455815 0.636966
v -0.797933 -0.446387 0.643818
v -0.799121 -0.450246 0.66934
v -0.896208 -0.477035 0.695194
v -0.89507 -0.473168 0.670659
v -0.862655 -0.470718 0.67918
v -0.863926 -0.47427 0.702992
v -0.89507 -0.473168 0.670659
v -0.8938 -0.468705 0.645754
v -0.86134 -0.466577 0.654781
v -0.862655 -0.470718 0.67918
v -0.8938 -0.468705 0.645754
v -0.892364 -0.463505 0.619965
v -0.859933 -0.461665 0.629159
v -0.86134 -0.466577 0.654781
v -0.892364 -0.463505 0.619965
v -0.890729 -0.457424 0.592778
v -0.858386 -0.455798 0.601677
v -0.859933 -0.461665 0.629159
v -0.859933 -0.461665 0.629159
v -0.858386 -0.455798 0.601677
v -0.826653 -0.450308 0.609245
v -0.828082 -0.455815 0.636966
v -0.828082 -0.455815 0.636966
v -0.826653 -0.450308 0.609245
v -0.796689 -0.441459 0.615835
v -0.797933 -0.446387 0.643818
v -0.797933 -0.446387 0.643818
v -0.796689 -0.441459 0.615835
v -0.769655 -0.429755 0.621796
v -0.77061 -0.433817 0.650148
v -0.799121 -0.450246 0.66934
v -0.797933 -0.446387 0.643818
v -0.77061 -0.433817 0.650148
v -0.771491 -0.436722 0.675862
v -0.800344 -0.453346 0.693266
v -0.799121 -0.450246 0.66934
v -0.771491 -0.436722 0.675862
v -0.772437 -0.438907 0.699894
v -0.801698 -0.455999 0.716464
v -0.800344 -0.453346 0.693266
v -0.772437 -0.438907 0.699894
v -0.773585 -0.440811 0.723198
v -0.832117 -0.467205 0.709906
v -0.830748 -0.46403 0.686538
v -0.800344 -0.453346 0.693266
v -0.801698 -0.455999 0.716464
v -0.863926 -0.47427 0.702992
v -0.862655 -0.470718 0.67918
v -0.830748 -0.46403 0.686538
v -0.832117 -0.467205 0.709906
v -0.988442 -0.453764 0.639929
v -0.987196 -0.448556 0.612997
v -0.957102 -0.459689 0.623879
v -0.958344 -0.464711 0.650116
v -0.987196 -0.448556 0.612997
v -0.985603 -0.442848 0.586689
v -0.955568 -0.454077 0.597746
v -0.957102 -0.459689 0.623879
v -0.958344 -0.464711 0.650116
v -0.957102 -0.459689 0.623879
v -0.925866 -0.466418 0.63517
v -0.927112 -0.471179 0.660709
v -0.957102 -0.459689 0.623879
v -0.955568 -0.454077 0.597746
v -0.924388 -0.460982 0.609209
v -0.925866 -0.466418 0.63517
v -1.01787 -0.443173 0.659959
v -1.01708 -0.43834 0.6312
v -0.988442 -0.453764 0.639929
v -0.989311 -0.458469 0.667689
v -1.01708 -0.43834 0.6312
v -1.01584 -0.433055 0.603643
v -0.987196 -0.448556 0.612997
v -0.988442 -0.453764 0.639929
v -1.01584 -0.433055 0.603643
v -1.01419 -0.427358 0.57715
v -0.985603 -0.442848 0.586689
v -0.987196 -0.448556 0.612997
v -1.01419 -0.427358 0.57715
v -1.01219 -0.421292 0.551584
v -0.983688 -0.436646 0.560804
v -0.985603 -0.442848 0.586689
v -0.985603 -0.442848 0.586689
v -0.983688 -0.436646 0.560804
v -0.953748 -0.447829 0.571429
v -0.955568 -0.454077 0.597746
v -0.955568 -0.454077 0.597746
v -0.953748 -0.447829 0.571429
v -0.922663 -0.454778 0.58243
v -0.924388 -0.460982 0.609209
v -0.924388 -0.460982 0.609209
v -0.922663 -0.454778 0.58243
v -0.890729 -0.457424 0.592778
v -0.892364 -0.463505 0.619965
v -0.925866 -0.466418 0.63517
v -0.924388 -0.460982 0.609209
v -0.892364 -0.463505 0.619965
v -0.8938 -0.468705 0.645754
v -0.927112 -0.471179 0.660709
v -0.925866 -0.466418 0.63517
v -0.8938 -0.468705 0.645754
v -0.89507 -0.473168 0.670659
v -0.928141 -0.47536 0.686222
v -0.927112 -0.471179 0.660709
v -0.89507 -0.473168 0.670659
v -0.896208 -0.477035 0.695194
v -0.959288 -0.469185 0.676748
v -0.958344 -0.464711 0.650116
v -0.927112 -0.471179 0.660709
v -0.928141 -0.47536 0.686222
v -0.989311 -0.458469 0.667689
v -0.988442 -0.453764 0.639929
v -0.958344 -0.464711 0.650116
v -0.959288 -0.469185 0.676748
v -0.742765 -0.398069 0.525097
v -0.723421 -0.385102 0.527382
v -0.725067 -0.391661 0.563443
v -0.744345 -0.405122 0.560499
v -0.723421 -0.385102 0.527382
v -0.707051 -0.371985 0.528636
v -0.708762 -0.378034 0.56464
v -0.725067 -0.391661 0.563443
v -0.744345 -0.405122 0.560499
v -0.725067 -0.391661 0.563443
v -0.726141 -0.397026 0.598824
v -0.74556 -0.411189 0.595059
v -0.725067 -0.391661 0.563443
v -0.708762 -0.378034 0.56464
v -0.709653 -0.382718 0.600548
v -0.726141 -0.397026 0.598824
v -0.763837 -0.402152 0.488268
v -0.740819 -0.390486 0.490281
v -0.742765 -0.398069 0.525097
v -0.765598 -0.410032 0.522064
v -0.740819 -0.390486 0.490281
v -0.721193 -0.377858 0.491947
v -0.723421 -0.385102 0.527382
v -0.742765 -0.398069 0.525097
v -0.721193 -0.377858 0.491947
v -0.704547 -0.365129 0.493451
v -0.707051 -0.371985 0.528636
v -0.723421 -0.385102 0.527382
v -0.726141 -0.397026 0.598824
v -0.709653 -0.382718 0.600548
v -0.710065 -0.385609 0.634972
v -0.726765 -0.400723 0.631957
v -0.74556 -0.411189 0.595059
v -0.726141 -0.397026 0.598824
v -0.726765 -0.400723 0.631957
v -0.746431 -0.415815 0.627319
v -0.768511 -0.424238 0.590249
v -0.74556 -0.411189 0.595059
v -0.746431 -0.415815 0.627319
v -0.769655 -0.429755 0.621796
v -0.767157 -0.417528 0.556531
v -0.744345 -0.405122 0.560499
v -0.74556 -0.411189 0.595059
v -0.768511 -0.424238 0.590249
v -0.765598 -0.410032 0.522064
v -0.742765 -0.398069 0.525097
v -0.744345 -0.405122 0.560499
v -0.767157 -0.417528 0.556531
v -0.732851 -0.367413 0.396304
v -0.71123 -0.355084 0.39543
v -0.715064 -0.362751 0.426018
v -0.735843 -0.375051 0.425938
v -0.71123 -0.355084 0.39543
v -0.692463 -0.342679 0.396098
v -0.697273 -0.350441 0.427394
v -0.715064 -0.362751 0.426018
v -0.735843 -0.375051 0.425938
v -0.715064 -0.362751 0.426018
v -0.718405 -0.370368 0.458143
v -0.738506 -0.382768 0.457202
v -0.715064 -0.362751 0.426018
v -0.697273 -0.350441 0.427394
v -0.701303 -0.357928 0.459747
v -0.718405 -0.370368 0.458143
v -0.754608 -0.371259 0.369955
v -0.729577 -0.359949 0.368139
v -0.732851 -0.367413 0.396304
v -0.757279 -0.378725 0.397412
v -0.729577 -0.359949 0.368139
v -0.707156 -0.347587 0.36644
v -0.71123 -0.355084 0.39543
v -0.732851 -0.367413 0.396304
v -0.707156 -0.347587 0.36644
v -0.68744 -0.335051 0.365882
v -0.692463 -0.342679 0.396098
v -0.71123 -0.355084 0.39543
v -0.718405 -0.370368 0.458143
v -0.701303 -0.357928 0.459747
v -0.704547 -0.365129 0.493451
v -0.721193 -0.377858 0.491947
v -0.738506 -0.382768 0.457202
v -0.718405 -0.370368 0.458143
v -0.721193 -0.377858 0.491947
v -0.740819 -0.390486 0.490281
v -0.761874 -0.394236 0.456278
v -0.738506 -0.382768 0.457202
v -0.740819 -0.390486 0.490281
v -0.763837 -0.402152 0.488268
v -0.759694 -0.386406 0.42609
v -0.735843 -0.375051 0.425938
v -0.738506 -0.382768 0.457202
v -0.761874 -0.394236 0.456278
v -0.757279 -0.378725 0.397412
v -0.732851 -0.367413 0.396304
v -0.735843 -0.375051 0.425938
v -0.759694 -0.386406 0.42609
v -1.02868 -0.439118 0.882849
v -1.03082 -0.43596 0.889371
v -1.03557 -0.432717 0.88732
v -1.03357 -0.436097 0.879589
v -1.03082 -0.43596 0.889371
v -1.03176 -0.433431 0.89649
v -1.03617 -0.430128 0.895781
v -1.03557 -0.432717 0.88732
v -1.03557 -0.432717 0.88732
v -1.03617 -0.430128 0.895781
v -1.04247 -0.422848 0.894275
v -1.04259 -0.425445 0.88347
v -1.03357 -0.436097 0.879589
v -1.03557 -0.432717 0.88732
v -1.04259 -0.425445 0.88347
v -1.04094 -0.429122 0.873631
v -1.03015 -0.440298 0.873034
v -1.03357 -0.436097 0.879589
v -1.04094 -0.429122 0.873631
v -1.03737 -0.434078 0.865463
v -1.0254 -0.442852 0.877232
v -1.02868 -0.439118 0.882849
v -1.03357 -0.436097 0.879589
v -1.03015 -0.440298 0.873034
v -1.00989 -0.456057 0.867846
v -1.01581 -0.45156 0.869638
v -1.01932 -0.450714 0.864608
v -1.01241 -0.456196 0.862756
v -1.01581 -0.45156 0.869638
v -1.02104 -0.447073 0.872791
v -1.02532 -0.445281 0.868024
v -1.01932 -0.450714 0.864608
v -1.02104 -0.447073 0.872791
v -1.0254 -0.442852 0.877232
v -1.03015 -0.440298 0.873034
v -1.02532 -0.445281 0.868024
v -1.02532 -0.445281 0.868024
v -1.03015 -0.440298 0.873034
v -1.03737 -0.434078 0.865463
v -1.03178 -0.440369 0.859515
v -1.01932 -0.450714 0.864608
v -1.02532 -0.445281 0.868024
v -1.03178 -0.440369 0.859515
v -1.02448 -0.447463 0.855707
v -1.01241 -0.456196 0.862756
v -1.01932 -0.450714 0.864608
v -1.02448 -0.447463 0.855707
v -1.01586 -0.454686 0.853804
v -1.00487 -0.461324 0.862438
v -1.01241 -0.456196 0.862756
v -1.01586 -0.454686 0.853804
v -1.00632 -0.461362 0.85357
v -1.0035 -0.46031 0.867492
v -1.00989 -0.456057 0.867846
v -1.01241 -0.456196 0.862756
v -1.00487 -0.461324 0.862438
v -0.984081 -0.469812 0.874753
v -0.99029 -0.467287 0.871082
v -0.989194 -0.469379 0.866239
v -0.981897 -0.472153 0.87023
v -0.99029 -0.467287 0.871082
v -0.996871 -0.464091 0.86861
v -0.996996 -0.465754 0.863619
v -0.989194 -0.469379 0.866239
v -0.996871 -0.464091 0.86861
v -1.0035 -0.46031 0.867492
v -1.00487 -0.461324 0.862438
v -0.996996 -0.465754 0.863619
v -0.996996 -0.465754 0.863619
v -1.00487 -0.461324 0.862438
v -1.00632 -0.461362 0.85357
v -0.996296 -0.466931 0.854826
v -0.989194 -0.469379 0.866239
v -0.996996 -0.465754 0.863619
v -0.996296 -0.466931 0.854826
v -0.98638 -0.471299 0.857631
v -0.981897 -0.472153 0.87023
v -0.989194 -0.469379 0.866239
v -0.98638 -0.471299 0.857631
v -0.977215 -0.474487 0.862103
v -0.975538 -0.474027 0.875528
v -0.981897 -0.472153 0.87023
v -0.977215 -0.474487 0.862103
v -0.96944 -0.476518 0.868358
v -0.978562 -0.47158 0.879466
v -0.984081 -0.469812 0.874753
v -0.981897 -0.472153 0.87023
v -0.975538 -0.474027 0.875528
v -0.968046 -0.471998 0.898092
v -0.970489 -0.472654 0.891333
v -0.966716 -0.475 0.889424
v -0.964228 -0.474163 0.897403
v -0.970489 -0.472654 0.891333
v -0.974005 -0.472524 0.885057
v -0.970468 -0.474968 0.882022
v -0.966716 -0.475 0.889424
v -0.974005 -0.472524 0.885057
v -0.978562 -0.47158 0.879466
v -0.975538 -0.474027 0.875528
v -0.970468 -0.474968 0.882022
v -0.970468 -0.474968 0.882022
v -0.975538 -0.474027 0.875528
v -0.96944 -0.476518 0.868358
v -0.963552 -0.477419 0.876397
v -0.966716 -0.475 0.889424
v -0.970468 -0.474968 0.882022
v -0.963552 -0.477419 0.876397
v -0.959475 -0.477249 0.885757
v -0.964228 -0.474163 0.897403
v -0.966716 -0.475 0.889424
v -0.959475 -0.477249 0.885757
v -0.956994 -0.47607 0.895858
v -0.962953 -0.472495 0.905628
v -0.964228 -0.474163 0.897403
v -0.956994 -0.47607 0.895858
v -0.955888 -0.473947 0.906119
v -0.966709 -0.470583 0.905133
v -0.968046 -0.471998 0.898092
v -0.964228 -0.474163 0.897403
v -0.962953 -0.472495 0.905628
v -0.992322 -0.470239 0.803522
v -0.970536 -0.478349 0.807374
v -0.976543 -0.476275 0.827758
v -0.993749 -0.469491 0.824377
v -0.970536 -0.478349 0.807374
v -0.948912 -0.483582 0.814161
v -0.960372 -0.480787 0.833706
v -0.976543 -0.476275 0.827758
v -0.993749 -0.469491 0.824377
v -0.976543 -0.476275 0.827758
v -0.982035 -0.473716 0.844693
v -0.995142 -0.468247 0.841648
v -0.976543 -0.476275 0.827758
v -0.960372 -0.480787 0.833706
v -0.969987 -0.477507 0.84983
v -0.982035 -0.473716 0.844693
v -1.01548 -0.457043 0.776873
v -0.991162 -0.470064 0.779589
v -0.992322 -0.470239 0.803522
v -1.01332 -0.458918 0.801518
v -0.991162 -0.470064 0.779589
v -0.96542 -0.479254 0.784047
v -0.970536 -0.478349 0.807374
v -0.992322 -0.470239 0.803522
v -0.96542 -0.479254 0.784047
v -0.938269 -0.484967 0.791218
v -0.948912 -0.483582 0.814161
v -0.970536 -0.478349 0.807374
v -0.938269 -0.484967 0.791218
v -0.907003 -0.487082 0.804662
v -0.930625 -0.486096 0.826217
v -0.948912 -0.483582 0.814161
v -0.948912 -0.483582 0.814161
v -0.930625 -0.486096 0.826217
v -0.947199 -0.483212 0.843319
v -0.960372 -0.480787 0.833706
v -0.960372 -0.480787 0.833706
v -0.947199 -0.483212 0.843319
v -0.960032 -0.479741 0.857507
v -0.969987 -0.477507 0.84983
v -0.969987 -0.477507 0.84983
v -0.960032 -0.479741 0.857507
v -0.96944 -0.476518 0.868358
v -0.977215 -0.474487 0.862103
v -0.982035 -0.473716 0.844693
v -0.969987 -0.477507 0.84983
v -0.977215 -0.474487 0.862103
v -0.98638 -0.471299 0.857631
v -0.995142 -0.468247 0.841648
v -0.982035 -0.473716 0.844693
v -0.98638 -0.471299 0.857631
v -0.996296 -0.466931 0.854826
v -1.00838 -0.460976 0.840284
v -0.995142 -0.468247 0.841648
v -0.996296 -0.466931 0.854826
v -1.00632 -0.461362 0.85357
v -1.01083 -0.460195 0.822794
v -0.993749 -0.469491 0.824377
v -0.995142 -0.468247 0.841648
v -1.00838 -0.460976 0.840284
v -1.01332 -0.458918 0.801518
v -0.992322 -0.470239 0.803522
v -0.993749 -0.469491 0.824377
v -1.01083 -0.460195 0.822794
v -1.033 -0.444234 0.800836
v -1.0269 -0.448379 0.822586
v -1.04131 -0.435017 0.824377
v -1.05093 -0.426934 0.802248
v -1.0269 -0.448379 0.822586
v -1.02089 -0.451971 0.840361
v -1.03207 -0.442084 0.842275
v -1.04131 -0.435017 0.824377
v -1.05093 -0.426934 0.802248
v -1.04131 -0.435017 0.824377
v -1.05333 -0.421533 0.829159
v -1.06647 -0.408348 0.807144
v -1.04131 -0.435017 0.824377
v -1.03207 -0.442084 0.842275
v -1.04134 -0.432388 0.846591
v -1.05333 -0.421533 0.829159
v -1.01548 -0.457043 0.776873
v -1.01332 -0.458918 0.801518
v -1.033 -0.444234 0.800836
v -1.0382 -0.439956 0.775458
v -1.01332 -0.458918 0.801518
v -1.01083 -0.460195 0.822794
v -1.0269 -0.448379 0.822586
v -1.033 -0.444234 0.800836
v -1.01083 -0.460195 0.822794
v -1.00838 -0.460976 0.840284
v -1.02089 -0.451971 0.840361
v -1.0269 -0.448379 0.822586
v -1.00838 -0.460976 0.840284
v -1.00632 -0.461362 0.85357
v -1.01586 -0.454686 0.853804
v -1.02089 -0.451971 0.840361
v -1.02089 -0.451971 0.840361
v -1.01586 -0.454686 0.853804
v -1.02448 -0.447463 0.855707
v -1.03207 -0.442084 0.842275
v -1.03207 -0.442084 0.842275
v -1.02448 -0.447463 0.855707
v -1.03178 -0.440369 0.859515
v -1.04134 -0.432388 0.846591
v -1.04134 -0.432388 0.846591
v -1.03178 -0.440369 0.859515
v -1.03737 -0.434078 0.865463
v -1.04806 -0.424058 0.853932
v -1.05333 -0.421533 0.829159
v -1.04134 -0.432388 0.846591
v -1.04806 -0.424058 0.853932
v -1.06167 -0.41016 0.838357
v -1.06647 -0.408348 0.807144
v -1.05333 -0.421533 0.829159
v -1.06167 -0.41016 0.838357
v -1.07734 -0.392067 0.818531
v -1.07816 -0.395406 0.779895
v -1.06647 -0.408348 0.807144
v -1.07734 -0.392067 0.818531
v -1.09583 -0.366145 0.790916
v -1.05915 -0.419259 0.776049
v -1.05093 -0.426934 0.802248
v -1.06647 -0.408348 0.807144
v -1.07816 -0.395406 0.779895
v -1.0382 -0.439956 0.775458
v -1.033 -0.444234 0.800836
v -1.05093 -0.426934 0.802248
v -1.05915 -0.419259 0.776049
vn -0.3103 -0.8951 -0.3201
vn -0.3092 -0.898 -0.3129
vn -0.2021 -0.9307 -0.3049
vn -0.2016 -0.9281 -0.3131
vn -0.3092 -0.898 -0.3129
vn -0.3079 -0.9015 -0.3041
vn -0.2024 -0.9338 -0.2949
vn -0.2021 -0.9307 -0.3049
vn -0.2016 -0.9281 -0.3131
vn -0.2021 -0.9307 -0.3049
vn -0.0997 -0.9509 -0.2928
vn -0.0973 -0.9485 -0.3016
vn -0.2021 -0.9307 -0.3049
vn -0.2024 -0.9338 -0.2949
vn -0.1016 -0.9539 -0.2822
vn -0.0997 -0.9509 -0.2928
vn -0.424 -0.8447 -0.3266
vn -0.4212 -0.8478 -0.3224
vn -0.3103 -0.8951 -0.3201
vn -0.3114 -0.8928 -0.3256
vn -0.4212 -0.8478 -0.3224
vn -0.4185 -0.8513 -0.3165
vn -0.3092 -0.898 -0.3129
vn -0.3103 -0.8951 -0.3201
vn -0.4185 -0.8513 -0.3165
vn -0.4159 -0.8553 -0.3092
vn -0.3079 -0.9015 -0.3041
vn -0.3092 -0.898 -0.3129
vn -0.4159 -0.8553 -0.3092
vn -0.4134 -0.8596 -0.3003
vn -0.3066 -0.9055 -0.2935
vn -0.3079 -0.9015 -0.3041
vn -0.3079 -0.9015 -0.3041
vn -0.3066 -0.9055 -0.2935
vn -0.2023 -0.9375 -0.2831
vn -0.2024 -0.9338 -0.2949
vn -0.2024 -0.9338 -0.2949
vn -0.2023 -0.9375 -0.2831
vn -0.1029 -0.9574 -0.2697
vn -0.1016 -0.9539 -0.2822
vn -0.1016 -0.9539 -0.2822
vn -0.1029 -0.9574 -0.2697
vn -0.0088 -0.9673 -0.2535
vn -0.0062 -0.9638 -0.2664
vn -0.0997 -0.9509 -0.2928
vn -0.1016 -0.9539 -0.2822
vn -0.0062 -0.9638 -0.2664
vn -0.0028 -0.9608 -0.2773
vn -0.0973 -0.9485 -0.3016
vn -0.0997 -0.9509 -0.2928
vn -0.0028 -0.9608 -0.2773
vn 0.0014 -0.9581 -0.2864
vn -0.0944 -0.9466 -0.3084
vn -0.0973 -0.9485 -0.3016
vn 0.0014 -0.9581 -0.2864
vn 0.0062 -0.9559 -0.2935
vn -0.2007 -0.9262 -0.3193
vn -0.2016 -0.9281 -0.3131
vn -0.0973 -0.9485 -0.3016
vn -0.0944 -0.9466 -0.3084
vn -0.3114 -0.8928 -0.3256
vn -0.3103 -0.8951 -0.3201
vn -0.2016 -0.9281 -0.3131
vn -0.2007 -0.9262 -0.3193
vn -0.3 -0.9267 -0.2263
vn -0.2997 -0.9305 -0.2106
vn -0.2007 -0.9606 -0.1923
vn -0.1993 -0.9575 -0.2085
vn -0.2997 -0.9305 -0.2106
vn -0.3004 -0.9341 -0.1929
vn -0.2048 -0.9629 -0.1759
vn -0.2007 -0.9606 -0.1923
vn -0.1993 -0.9575 -0.2085
vn -0.2007 -0.9606 -0.1923
vn -0.1061 -0.9795 -0.1713
vn -0.1033 -0.9765 -0.189
vn -0.2007 -0.9606 -0.1923
vn -0.2048 -0.9629 -0.1759
vn -0.1138 -0.9815 -0.1542
vn -0.1061 -0.9795 -0.1713
vn -0.4052 -0.8779 -0.2551
vn -0.4038 -0.8823 -0.2419
vn -0.3 -0.9267 -0.2263
vn -0.301 -0.9227 -0.2411
vn -0.4038 -0.8823 -0.2419
vn -0.4027 -0.8867 -0.2272
vn -0.2997 -0.9305 -0.2106
vn -0.3 -0.9267 -0.2263
vn -0.4027 -0.8867 -0.2272
vn -0.4019 -0.8914 -0.2095
vn -0.3004 -0.9341 -0.1929
vn -0.2997 -0.9305 -0.2106
vn -0.4019 -0.8914 -0.2095
vn -0.4011 -0.8968 -0.1869
vn -0.3025 -0.9376 -0.1716
vn -0.3004 -0.9341 -0.1929
vn -0.3004 -0.9341 -0.1929
vn -0.3025 -0.9376 -0.1716
vn -0.2129 -0.9642 -0.1579
vn -0.2048 -0.9629 -0.1759
vn -0.2048 -0.9629 -0.1759
vn -0.2129 -0.9642 -0.1579
vn -0.1296 -0.9821 -0.1365
vn -0.1138 -0.9815 -0.1542
vn -0.1138 -0.9815 -0.1542
vn -0.1296 -0.9821 -0.1365
vn -0.0357 -0.994 -0.1031
vn -0.0203 -0.9913 -0.1301
vn -0.1061 -0.9795 -0.1713
vn -0.1138 -0.9815 -0.1542
vn -0.0203 -0.9913 -0.1301
vn -0.0139 -0.9887 -0.1491
vn -0.1033 -0.9765 -0.189
vn -0.1061 -0.9795 -0.1713
vn -0.0139 -0.9887 -0.1491
vn -0.0119 -0.9856 -0.1685
vn -0.103 -0.9729 -0.2068
vn -0.1033 -0.9765 -0.189
vn -0.0119 -0.9856 -0.1685
vn -0.0116 -0.9821 -0.1878
vn -0.1996 -0.9538 -0.2248
vn -0.1993 -0.9575 -0.2085
vn -0.1033 -0.9765 -0.189
vn -0.103 -0.9729 -0.2068
vn -0.301 -0.9227 -0.2411
vn -0.3 -0.9267 -0.2263
vn -0.1993 -0.9575 -0.2085
vn -0.1996 -0.9538 -0.2248
vn 0.0746 -0.9862 -0.1479
vn 0.0736 -0.9891 -0.1278
vn 0.1546 -0.9822 -0.1066
vn 0.1564 -0.9796 -0.1266
vn 0.0736 -0.9891 -0.1278
vn 0.0713 -0.9916 -0.1077
vn 0.153 -0.9845 -0.0858
vn 0.1546 -0.9822 -0.1066
vn 0.1564 -0.9796 -0.1266
vn 0.1546 -0.9822 -0.1066
vn 0.2311 -0.9693 -0.0836
vn 0.2346 -0.9666 -0.1035
vn 0.1546 -0.9822 -0.1066
vn 0.153 -0.9845 -0.0858
vn 0.228 -0.9716 -0.064
vn 0.2311 -0.9693 -0.0836
vn -0.0116 -0.9821 -0.1878
vn -0.0119 -0.9856 -0.1685
vn 0.0746 -0.9862 -0.1479
vn 0.075 -0.9829 -0.1679
vn -0.0119 -0.9856 -0.1685
vn -0.0139 -0.9887 -0.1491
vn 0.0736 -0.9891 -0.1278
vn 0.0746 -0.9862 -0.1479
vn -0.0139 -0.9887 -0.1491
vn -0.0203 -0.9913 -0.1301
vn 0.0713 -0.9916 -0.1077
vn 0.0736 -0.9891 -0.1278
vn -0.0203 -0.9913 -0.1301
vn -0.0357 -0.994 -0.1031
vn 0.0724 -0.9943 -0.0786
vn 0.0713 -0.9916 -0.1077
vn 0.0713 -0.9916 -0.1077
vn 0.0724 -0.9943 -0.0786
vn 0.1539 -0.9861 -0.0623
vn 0.153 -0.9845 -0.0858
vn 0.153 -0.9845 -0.0858
vn 0.1539 -0.9861 -0.0623
vn 0.2261 -0.9731 -0.0439
vn 0.228 -0.9716 -0.064
vn 0.228 -0.9716 -0.064
vn 0.2261 -0.9731 -0.0439
vn 0.2943 -0.9554 -0.0227
vn 0.2989 -0.9534 -0.0405
vn 0.2311 -0.9693 -0.0836
vn 0.228 -0.9716 -0.064
vn 0.2989 -0.9534 -0.0405
vn 0.3043 -0.9508 -0.0589
vn 0.2346 -0.9666 -0.1035
vn 0.2311 -0.9693 -0.0836
vn 0.3043 -0.9508 -0.0589
vn 0.3099 -0.9475 -0.0785
vn 0.2379 -0.9633 -0.1239
vn 0.2346 -0.9666 -0.1035
vn 0.3099 -0.9475 -0.0785
vn 0.3154 -0.9438 -0.0989
vn 0.1579 -0.9765 -0.1468
vn 0.1564 -0.9796 -0.1266
vn 0.2346 -0.9666 -0.1035
vn 0.2379 -0.9633 -0.1239
vn 0.075 -0.9829 -0.1679
vn 0.0746 -0.9862 -0.1479
vn 0.1564 -0.9796 -0.1266
vn 0.1579 -0.9765 -0.1468
vn 0.0933 -0.9587 -0.2686
vn 0.0881 -0.9617 -0.2594
vn 0.1738 -0.9551 -0.2401
vn 0.179 -0.9517 -0.2493
vn 0.0881 -0.9617 -0.2594
vn 0.0838 -0.965 -0.2483
vn 0.1697 -0.9585 -0.2289
vn 0.1738 -0.9551 -0.2401
vn 0.179 -0.9517 -0.2493
vn 0.1738 -0.9551 -0.2401
vn 0.2568 -0.9411 -0.2198
vn 0.2616 -0.9377 -0.2288
vn 0.1738 -0.9551 -0.2401
vn 0.1697 -0.9585 -0.2289
vn 0.2533 -0.9447 -0.2085
vn 0.2568 -0.9411 -0.2198
vn 0.0062 -0.9559 -0.2935
vn 0.0014 -0.9581 -0.2864
vn 0.0933 -0.9587 -0.2686
vn 0.0993 -0.9561 -0.2758
vn 0.0014 -0.9581 -0.2864
vn -0.0028 -0.9608 -0.2773
vn 0.0881 -0.9617 -0.2594
vn 0.0933 -0.9587 -0.2686
vn -0.0028 -0.9608 -0.2773
vn -0.0062 -0.9638 -0.2664
vn 0.0838 -0.965 -0.2483
vn 0.0881 -0.9617 -0.2594
vn -0.0062 -0.9638 -0.2664
vn -0.0088 -0.9673 -0.2535
vn 0.0805 -0.9686 -0.2354
vn 0.0838 -0.965 -0.2483
vn 0.0838 -0.965 -0.2483
vn 0.0805 -0.9686 -0.2354
vn 0.1663 -0.9622 -0.2157
vn 0.1697 -0.9585 -0.2289
vn 0.1697 -0.9585 -0.2289
vn 0.1663 -0.9622 -0.2157
vn 0.2503 -0.9484 -0.1948
vn 0.2533 -0.9447 -0.2085
vn 0.2533 -0.9447 -0.2085
vn 0.2503 -0.9484 -0.1948
vn 0.3326 -0.9272 -0.1723
vn 0.3352 -0.9235 -0.1867
vn 0.2568 -0.9411 -0.2198
vn 0.2533 -0.9447 -0.2085
vn 0.3352 -0.9235 -0.1867
vn 0.3384 -0.92 -0.198
vn 0.2616 -0.9377 -0.2288
vn 0.2568 -0.9411 -0.2198
vn 0.3384 -0.92 -0.198
vn 0.3434 -0.9163 -0.2059
vn 0.2682 -0.9342 -0.2351
vn 0.2616 -0.9377 -0.2288
vn 0.3434 -0.9163 -0.2059
vn 0.3513 -0.9123 -0.2106
vn 0.1853 -0.9486 -0.2564
vn 0.179 -0.9517 -0.2493
vn 0.2616 -0.9377 -0.2288
vn 0.2682 -0.9342 -0.2351
vn 0.0993 -0.9561 -0.2758
vn 0.0933 -0.9587 -0.2686
vn 0.179 -0.9517 -0.2493
vn 0.1853 -0.9486 -0.2564
vn -0.3219 -0.9066 -0.2728
vn -0.3181 -0.9027 -0.2897
vn -0.1912 -0.9399 -0.2828
vn -0.1917 -0.9444 -0.2671
vn -0.3181 -0.9027 -0.2897
vn -0.3161 -0.8988 -0.3037
vn -0.1925 -0.9355 -0.2962
vn -0.1912 -0.9399 -0.2828
vn -0.1917 -0.9444 -0.2671
vn -0.1912 -0.9399 -0.2828
vn -0.0702 -0.9602 -0.2705
vn -0.0678 -0.9644 -0.2557
vn -0.1912 -0.9399 -0.2828
vn -0.1925 -0.9355 -0.2962
vn -0.0742 -0.9561 -0.2835
vn -0.0702 -0.9602 -0.2705
vn -0.462 -0.8511 -0.2494
vn -0.4533 -0.8492 -0.271
vn -0.3219 -0.9066 -0.2728
vn -0.3279 -0.9103 -0.2529
vn -0.4533 -0.8492 -0.271
vn -0.4464 -0.8468 -0.2894
vn -0.3181 -0.9027 -0.2897
vn -0.3219 -0.9066 -0.2728
vn -0.4464 -0.8468 -0.2894
vn -0.4412 -0.8443 -0.3042
vn -0.3161 -0.8988 -0.3037
vn -0.3181 -0.9027 -0.2897
vn -0.4412 -0.8443 -0.3042
vn -0.4372 -0.8423 -0.3152
vn -0.3152 -0.8953 -0.3148
vn -0.3161 -0.8988 -0.3037
vn -0.3161 -0.8988 -0.3037
vn -0.3152 -0.8953 -0.3148
vn -0.1946 -0.9314 -0.3076
vn -0.1925 -0.9355 -0.2962
vn -0.1925 -0.9355 -0.2962
vn -0.1946 -0.9314 -0.3076
vn -0.0788 -0.9522 -0.2952
vn -0.0742 -0.9561 -0.2835
vn -0.0742 -0.9561 -0.2835
vn -0.0788 -0.9522 -0.2952
vn 0.0302 -0.9598 -0.2792
vn 0.0368 -0.9629 -0.2673
vn -0.0702 -0.9602 -0.2705
vn -0.0742 -0.9561 -0.2835
vn 0.0368 -0.9629 -0.2673
vn 0.043 -0.9661 -0.2546
vn -0.0678 -0.9644 -0.2557
vn -0.0702 -0.9602 -0.2705
vn 0.043 -0.9661 -0.2546
vn 0.048 -0.9695 -0.2404
vn -0.0675 -0.9689 -0.2382
vn -0.0678 -0.9644 -0.2557
vn 0.048 -0.9695 -0.2404
vn 0.051 -0.9734 -0.2236
vn -0.1945 -0.9489 -0.2486
vn -0.1917 -0.9444 -0.2671
vn -0.0678 -0.9644 -0.2557
vn -0.0675 -0.9689 -0.2382
vn -0.3279 -0.9103 -0.2529
vn -0.3219 -0.9066 -0.2728
vn -0.1917 -0.9444 -0.2671
vn -0.1945 -0.9489 -0.2486
vn -0.0314 -0.9979 0.0575
vn -0.0003 -0.994 0.1095
vn -0.0869 -0.9891 0.1185
vn -0.121 -0.9899 0.074
vn -0.0003 -0.994 0.1095
vn 0.0109 -0.9853 0.1704
vn -0.0693 -0.982 0.1758
vn -0.0869 -0.9891 0.1185
vn -0.121 -0.9899 0.074
vn -0.0869 -0.9891 0.1185
vn -0.153 -0.98 0.1271
vn -0.1864 -0.9787 0.0861
vn -0.0869 -0.9891 0.1185
vn -0.0693 -0.982 0.1758
vn -0.1331 -0.9743 0.1816
vn -0.153 -0.98 0.1271
vn 0.0264 -0.9996 -0.012
vn 0.0798 -0.9959 0.0423
vn -0.0314 -0.9979 0.0575
vn -0.0858 -0.9962 0.0173
vn 0.0798 -0.9959 0.0423
vn 0.1011 -0.9896 0.1019
vn -0.0003 -0.994 0.1095
vn -0.0314 -0.9979 0.0575
vn 0.1011 -0.9896 0.1019
vn 0.1023 -0.9809 0.1655
vn 0.0109 -0.9853 0.1704
vn -0.0003 -0.994 0.1095
vn 0.1023 -0.9809 0.1655
vn 0.0882 -0.9663 0.2419
vn 0.0043 -0.9696 0.2446
vn 0.0109 -0.9853 0.1704
vn 0.0109 -0.9853 0.1704
vn 0.0043 -0.9696 0.2446
vn -0.0698 -0.9667 0.2462
vn -0.0693 -0.982 0.1758
vn -0.0693 -0.982 0.1758
vn -0.0698 -0.9667 0.2462
vn -0.1301 -0.9601 0.2476
vn -0.1331 -0.9743 0.1816
vn -0.1331 -0.9743 0.1816
vn -0.1301 -0.9601 0.2476
vn -0.1829 -0.9508 0.25
vn -0.1854 -0.9642 0.1895
vn -0.153 -0.98 0.1271
vn -0.1331 -0.9743 0.1816
vn -0.1854 -0.9642 0.1895
vn -0.2038 -0.9693 0.1373
vn -0.1864 -0.9787 0.0861
vn -0.153 -0.98 0.1271
vn -0.2038 -0.9693 0.1373
vn -0.2355 -0.967 0.0975
vn -0.2287 -0.9716 0.0606
vn -0.1864 -0.9787 0.0861
vn -0.2355 -0.967 0.0975
vn -0.2755 -0.9585 0.0732
vn -0.1691 -0.9846 0.0437
vn -0.121 -0.9899 0.074
vn -0.1864 -0.9787 0.0861
vn -0.2287 -0.9716 0.0606
vn -0.0858 -0.9962 0.0173
vn -0.0314 -0.9979 0.0575
vn -0.121 -0.9899 0.074
vn -0.1691 -0.9846 0.0437
vn -0.5061 -0.824 -0.2549
vn -0.6027 -0.7529 -0.2643
vn -0.5992 -0.7595 -0.2533
vn -0.5041 -0.829 -0.2422
vn -0.6027 -0.7529 -0.2643
vn -0.6924 -0.6692 -0.2699
vn -0.6886 -0.6768 -0.2604
vn -0.5992 -0.7595 -0.2533
vn -0.5041 -0.829 -0.2422
vn -0.5992 -0.7595 -0.2533
vn -0.593 -0.7687 -0.2399
vn -0.5013 -0.8351 -0.2265
vn -0.5992 -0.7595 -0.2533
vn -0.6886 -0.6768 -0.2604
vn -0.6806 -0.6894 -0.2481
vn -0.593 -0.7687 -0.2399
vn -0.4052 -0.8779 -0.2551
vn -0.5078 -0.8193 -0.2661
vn -0.5061 -0.824 -0.2549
vn -0.4038 -0.8823 -0.2419
vn -0.5078 -0.8193 -0.2661
vn -0.605 -0.7478 -0.2735
vn -0.6027 -0.7529 -0.2643
vn -0.5061 -0.824 -0.2549
vn -0.605 -0.7478 -0.2735
vn -0.6946 -0.6638 -0.2773
vn -0.6924 -0.6692 -0.2699
vn -0.6027 -0.7529 -0.2643
vn -0.6946 -0.6638 -0.2773
vn -0.7744 -0.5685 -0.2777
vn -0.7724 -0.5736 -0.2727
vn -0.6924 -0.6692 -0.2699
vn -0.6924 -0.6692 -0.2699
vn -0.7724 -0.5736 -0.2727
vn -0.7702 -0.5798 -0.2659
vn -0.6886 -0.6768 -0.2604
vn -0.6886 -0.6768 -0.2604
vn -0.7702 -0.5798 -0.2659
vn -0.7655 -0.5897 -0.2576
vn -0.6806 -0.6894 -0.2481
vn -0.6806 -0.6894 -0.2481
vn -0.7655 -0.5897 -0.2576
vn -0.7552 -0.6116 -0.2359
vn -0.6648 -0.7111 -0.2289
vn -0.593 -0.7687 -0.2399
vn -0.6806 -0.6894 -0.2481
vn -0.6648 -0.7111 -0.2289
vn -0.5825 -0.7822 -0.2212
vn -0.5013 -0.8351 -0.2265
vn -0.593 -0.7687 -0.2399
vn -0.5825 -0.7822 -0.2212
vn -0.497 -0.8431 -0.2056
vn -0.4019 -0.8914 -0.2095
vn -0.5013 -0.8351 -0.2265
vn -0.497 -0.8431 -0.2056
vn -0.4011 -0.8968 -0.1869
vn -0.4027 -0.8867 -0.2272
vn -0.5041 -0.829 -0.2422
vn -0.5013 -0.8351 -0.2265
vn -0.4019 -0.8914 -0.2095
vn -0.4038 -0.8823 -0.2419
vn -0.5061 -0.824 -0.2549
vn -0.5041 -0.829 -0.2422
vn -0.4027 -0.8867 -0.2272
vn 0.1541 -0.9627 -0.2223
vn 0.1468 -0.9605 -0.2363
vn 0.2432 -0.9457 -0.2158
vn 0.2534 -0.9462 -0.2011
vn 0.1468 -0.9605 -0.2363
vn 0.1386 -0.9586 -0.2488
vn 0.2327 -0.9453 -0.2286
vn 0.2432 -0.9457 -0.2158
vn 0.2534 -0.9462 -0.2011
vn 0.2432 -0.9457 -0.2158
vn 0.3395 -0.9208 -0.1921
vn 0.3531 -0.9189 -0.1758
vn 0.2432 -0.9457 -0.2158
vn 0.2327 -0.9453 -0.2286
vn 0.3263 -0.9226 -0.2057
vn 0.3395 -0.9208 -0.1921
vn 0.051 -0.9734 -0.2236
vn 0.048 -0.9695 -0.2404
vn 0.1541 -0.9627 -0.2223
vn 0.1602 -0.9655 -0.2054
vn 0.048 -0.9695 -0.2404
vn 0.043 -0.9661 -0.2546
vn 0.1468 -0.9605 -0.2363
vn 0.1541 -0.9627 -0.2223
vn 0.043 -0.9661 -0.2546
vn 0.0368 -0.9629 -0.2673
vn 0.1386 -0.9586 -0.2488
vn 0.1468 -0.9605 -0.2363
vn 0.0368 -0.9629 -0.2673
vn 0.0302 -0.9598 -0.2792
vn 0.1301 -0.9566 -0.2608
vn 0.1386 -0.9586 -0.2488
vn 0.1386 -0.9586 -0.2488
vn 0.1301 -0.9566 -0.2608
vn 0.2222 -0.9448 -0.2406
vn 0.2327 -0.9453 -0.2286
vn 0.2327 -0.9453 -0.2286
vn 0.2222 -0.9448 -0.2406
vn 0.3132 -0.9244 -0.2178
vn 0.3263 -0.9226 -0.2057
vn 0.3263 -0.9226 -0.2057
vn 0.3132 -0.9244 -0.2178
vn 0.4086 -0.8926 -0.1908
vn 0.4248 -0.8875 -0.1788
vn 0.3395 -0.9208 -0.1921
vn 0.3263 -0.9226 -0.2057
vn 0.4248 -0.8875 -0.1788
vn 0.4411 -0.8823 -0.1644
vn 0.3531 -0.9189 -0.1758
vn 0.3395 -0.9208 -0.1921
vn 0.4411 -0.8823 -0.1644
vn 0.458 -0.8769 -0.1459
vn 0.3672 -0.9171 -0.1549
vn 0.3531 -0.9189 -0.1758
vn 0.458 -0.8769 -0.1459
vn 0.4759 -0.8711 -0.1212
vn 0.2633 -0.9472 -0.183
vn 0.2534 -0.9462 -0.2011
vn 0.3531 -0.9189 -0.1758
vn 0.3672 -0.9171 -0.1549
vn 0.1602 -0.9655 -0.2054
vn 0.1541 -0.9627 -0.2223
vn 0.2534 -0.9462 -0.2011
vn 0.2633 -0.9472 -0.183
vn 0.7359 -0.6233 0.2645
vn 0.6729 -0.7012 0.2356
vn 0.6958 -0.6979 0.1697
vn 0.7617 -0.6188 0.1921
vn 0.6729 -0.7012 0.2356
vn 0.5977 -0.7738 0.2097
vn 0.6175 -0.7722 0.1496
vn 0.6958 -0.6979 0.1697
vn 0.7617 -0.6188 0.1921
vn 0.6958 -0.6979 0.1697
vn 0.7127 -0.6916 0.1175
vn 0.7797 -0.6117 0.1339
vn 0.6958 -0.6979 0.1697
vn 0.6175 -0.7722 0.1496
vn 0.6325 -0.7678 0.1022
vn 0.7127 -0.6916 0.1175
vn 0.6966 -0.6243 0.3535
vn 0.6391 -0.7001 0.3186
vn 0.6729 -0.7012 0.2356
vn 0.7359 -0.6233 0.2645
vn 0.6391 -0.7001 0.3186
vn 0.5685 -0.7711 0.2867
vn 0.5977 -0.7738 0.2097
vn 0.6729 -0.7012 0.2356
vn 0.5685 -0.7711 0.2867
vn 0.478 -0.8389 0.2604
vn 0.5042 -0.843 0.1875
vn 0.5977 -0.7738 0.2097
vn 0.5977 -0.7738 0.2097
vn 0.5042 -0.843 0.1875
vn 0.5217 -0.843 0.1311
vn 0.6175 -0.7722 0.1496
vn 0.6175 -0.7722 0.1496
vn 0.5217 -0.843 0.1311
vn 0.5343 -0.8409 0.0864
vn 0.6325 -0.7678 0.1022
vn 0.6325 -0.7678 0.1022
vn 0.5343 -0.8409 0.0864
vn 0.544 -0.8377 0.0488
vn 0.6448 -0.7617 0.0632
vn 0.7127 -0.6916 0.1175
vn 0.6325 -0.7678 0.1022
vn 0.6448 -0.7617 0.0632
vn 0.7263 -0.6833 0.0751
vn 0.7797 -0.6117 0.1339
vn 0.7127 -0.6916 0.1175
vn 0.7263 -0.6833 0.0751
vn 0.7932 -0.6028 0.0867
vn -0.332 0.9186 0.2142
vn -0.3637 0.9072 0.2115
vn -0.3623 0.9034 0.2296
vn -0.3289 0.9152 0.233
vn -0.3637 0.9072 0.2115
vn -0.4119 0.8876 0.2063
vn -0.4113 0.8835 0.2243
vn -0.3623 0.9034 0.2296
vn -0.3289 0.9152 0.233
vn -0.3623 0.9034 0.2296
vn -0.3602 0.8995 0.2474
vn -0.3216 0.9127 0.2522
vn -0.3623 0.9034 0.2296
vn -0.4113 0.8835 0.2243
vn -0.4109 0.8789 0.2423
vn -0.3602 0.8995 0.2474
vn -0.3142 0.9291 0.1949
vn -0.3326 0.9227 0.195
vn -0.332 0.9186 0.2142
vn -0.314 0.9248 0.2147
vn -0.3326 0.9227 0.195
vn -0.3642 0.9112 0.1927
vn -0.3637 0.9072 0.2115
vn -0.332 0.9186 0.2142
vn -0.3642 0.9112 0.1927
vn -0.4123 0.8915 0.1875
vn -0.4119 0.8876 0.2063
vn -0.3637 0.9072 0.2115
vn -0.4123 0.8915 0.1875
vn -0.4797 0.859 0.1789
vn -0.4796 0.8549 0.198
vn -0.4119 0.8876 0.2063
vn -0.4119 0.8876 0.2063
vn -0.4796 0.8549 0.198
vn -0.4796 0.8504 0.2165
vn -0.4113 0.8835 0.2243
vn -0.4113 0.8835 0.2243
vn -0.4796 0.8504 0.2165
vn -0.4799 0.8452 0.2351
vn -0.4109 0.8789 0.2423
vn -0.4109 0.8789 0.2423
vn -0.4799 0.8452 0.2351
vn -0.4807 0.8389 0.2553
vn -0.4109 0.8734 0.2615
vn -0.3602 0.8995 0.2474
vn -0.4109 0.8789 0.2423
vn -0.4109 0.8734 0.2615
vn -0.3585 0.8948 0.2661
vn -0.3216 0.9127 0.2522
vn -0.3602 0.8995 0.2474
vn -0.3585 0.8948 0.2661
vn -0.3157 0.9097 0.2699
vn -0.2756 0.9259 0.2583
vn -0.3216 0.9127 0.2522
vn -0.3157 0.9097 0.2699
vn -0.2302 0.9332 0.2759
vn -0.3047 0.9228 0.2359
vn -0.3289 0.9152 0.233
vn -0.3216 0.9127 0.2522
vn -0.2756 0.9259 0.2583
vn -0.314 0.9248 0.2147
vn -0.332 0.9186 0.2142
vn -0.3289 0.9152 0.233
vn -0.3047 0.9228 0.2359
vn -0.708 0.6572 0.2586
vn -0.7098 0.6426 0.2886
vn -0.6412 0.7097 0.2919
vn -0.6394 0.7221 0.2642
vn -0.7098 0.6426 0.2886
vn -0.7114 0.6249 0.3215
vn -0.6432 0.6946 0.3221
vn -0.6412 0.7097 0.2919
vn -0.6394 0.7221 0.2642
vn -0.6412 0.7097 0.2919
vn -0.5632 0.7713 0.2967
vn -0.5619 0.7816 0.2709
vn -0.6412 0.7097 0.2919
vn -0.6432 0.6946 0.3221
vn -0.5643 0.759 0.3249
vn -0.5632 0.7713 0.2967
vn -0.7644 0.6043 0.2249
vn -0.7657 0.5907 0.2545
vn -0.708 0.6572 0.2586
vn -0.7062 0.6691 0.2314
vn -0.7657 0.5907 0.2545
vn -0.7668 0.5741 0.287
vn -0.7098 0.6426 0.2886
vn -0.708 0.6572 0.2586
vn -0.7668 0.5741 0.287
vn -0.7673 0.5542 0.3226
vn -0.7114 0.6249 0.3215
vn -0.7098 0.6426 0.2886
vn -0.5632 0.7713 0.2967
vn -0.5643 0.759 0.3249
vn -0.4801 0.8125 0.3306
vn -0.4815 0.8225 0.3029
vn -0.5619 0.7816 0.2709
vn -0.5632 0.7713 0.2967
vn -0.4815 0.8225 0.3029
vn -0.4815 0.8313 0.2777
vn -0.5606 0.7903 0.2473
vn -0.5619 0.7816 0.2709
vn -0.4815 0.8313 0.2777
vn -0.4807 0.8389 0.2553
vn -0.6378 0.7322 0.239
vn -0.6394 0.7221 0.2642
vn -0.5619 0.7816 0.2709
vn -0.5606 0.7903 0.2473
vn -0.7062 0.6691 0.2314
vn -0.708 0.6572 0.2586
vn -0.6394 0.7221 0.2642
vn -0.6378 0.7322 0.239
vn -0.7173 0.6963 -0.0242
vn -0.7136 0.7004 -0.0165
vn -0.6492 0.7606 0.0063
vn -0.6532 0.7572 -0.0005
vn -0.7136 0.7004 -0.0165
vn -0.7104 0.7038 -0.0075
vn -0.6457 0.7635 0.0145
vn -0.6492 0.7606 0.0063
vn -0.6532 0.7572 -0.0005
vn -0.6492 0.7606 0.0063
vn -0.5735 0.8187 0.0291
vn -0.5765 0.8168 0.0233
vn -0.6492 0.7606 0.0063
vn -0.6457 0.7635 0.0145
vn -0.5708 0.8203 0.0365
vn -0.5735 0.8187 0.0291
vn -0.7731 0.6321 -0.053
vn -0.77 0.6364 -0.0458
vn -0.7173 0.6963 -0.0242
vn -0.7217 0.6916 -0.0307
vn -0.77 0.6364 -0.0458
vn -0.7675 0.64 -0.0374
vn -0.7136 0.7004 -0.0165
vn -0.7173 0.6963 -0.0242
vn -0.7675 0.64 -0.0374
vn -0.7653 0.643 -0.0279
vn -0.7104 0.7038 -0.0075
vn -0.7136 0.7004 -0.0165
vn -0.7653 0.643 -0.0279
vn -0.7636 0.6455 -0.0172
vn -0.7076 0.7066 0.0027
vn -0.7104 0.7038 -0.0075
vn -0.7104 0.7038 -0.0075
vn -0.7076 0.7066 0.0027
vn -0.6425 0.7659 0.024
vn -0.6457 0.7635 0.0145
vn -0.6457 0.7635 0.0145
vn -0.6425 0.7659 0.024
vn -0.5681 0.8217 0.0456
vn -0.5708 0.8203 0.0365
vn -0.5708 0.8203 0.0365
vn -0.5681 0.8217 0.0456
vn -0.4891 0.8698 0.0653
vn -0.4904 0.8697 0.0562
vn -0.5735 0.8187 0.0291
vn -0.5708 0.8203 0.0365
vn -0.4904 0.8697 0.0562
vn -0.4913 0.8696 0.0491
vn -0.5765 0.8168 0.0233
vn -0.5735 0.8187 0.0291
vn -0.4913 0.8696 0.0491
vn -0.4921 0.8694 0.0442
vn -0.58 0.8144 0.0191
vn -0.5765 0.8168 0.0233
vn -0.4921 0.8694 0.0442
vn -0.4932 0.869 0.0412
vn -0.6578 0.7531 -0.006
vn -0.6532 0.7572 -0.0005
vn -0.5765 0.8168 0.0233
vn -0.58 0.8144 0.0191
vn -0.7217 0.6916 -0.0307
vn -0.7173 0.6963 -0.0242
vn -0.6532 0.7572 -0.0005
vn -0.6578 0.7531 -0.006
vn -0.7011 0.7087 0.0795
vn -0.7013 0.7059 0.0994
vn -0.6331 0.7656 0.1141
vn -0.6331 0.7682 0.0953
vn -0.7013 0.7059 0.0994
vn -0.7018 0.7021 0.1204
vn -0.6335 0.762 0.134
vn -0.6331 0.7656 0.1141
vn -0.6331 0.7682 0.0953
vn -0.6331 0.7656 0.1141
vn -0.5575 0.8202 0.1285
vn -0.5576 0.8226 0.1111
vn -0.6331 0.7656 0.1141
vn -0.6335 0.762 0.134
vn -0.5577 0.8168 0.1475
vn -0.5575 0.8202 0.1285
vn -0.7605 0.6478 0.0446
vn -0.7607 0.6459 0.0641
vn -0.7011 0.7087 0.0795
vn -0.7013 0.7103 0.061
vn -0.7607 0.6459 0.0641
vn -0.7611 0.6431 0.0851
vn -0.7013 0.7059 0.0994
vn -0.7011 0.7087 0.0795
vn -0.7611 0.6431 0.0851
vn -0.7615 0.6393 0.1071
vn -0.7018 0.7021 0.1204
vn -0.7013 0.7059 0.0994
vn -0.7615 0.6393 0.1071
vn -0.7618 0.6348 0.1293
vn -0.7024 0.6975 0.1419
vn -0.7018 0.7021 0.1204
vn -0.7018 0.7021 0.1204
vn -0.7024 0.6975 0.1419
vn -0.6341 0.7576 0.1547
vn -0.6335 0.762 0.134
vn -0.6335 0.762 0.134
vn -0.6341 0.7576 0.1547
vn -0.5581 0.8127 0.1674
vn -0.5577 0.8168 0.1475
vn -0.5577 0.8168 0.1475
vn -0.5581 0.8127 0.1674
vn -0.4797 0.859 0.1789
vn -0.4796 0.8628 0.1596
vn -0.5575 0.8202 0.1285
vn -0.5577 0.8168 0.1475
vn -0.4796 0.8628 0.1596
vn -0.4795 0.866 0.1415
vn -0.5576 0.8226 0.1111
vn -0.5575 0.8202 0.1285
vn -0.4795 0.866 0.1415
vn -0.4797 0.8684 0.1255
vn -0.5584 0.824 0.0956
vn -0.5576 0.8226 0.1111
vn -0.4797 0.8684 0.1255
vn -0.4805 0.8698 0.1118
vn -0.6337 0.7696 0.0783
vn -0.6331 0.7682 0.0953
vn -0.5576 0.8226 0.1111
vn -0.5584 0.824 0.0956
vn -0.7013 0.7103 0.061
vn -0.7011 0.7087 0.0795
vn -0.6331 0.7682 0.0953
vn -0.6337 0.7696 0.0783
vn -0.7628 0.6425 -0.0731
vn -0.7566 0.6505 -0.0667
vn -0.6935 0.7194 -0.0395
vn -0.6993 0.7133 -0.0461
vn -0.7566 0.6505 -0.0667
vn -0.7502 0.6584 -0.0604
vn -0.6874 0.7255 -0.0331
vn -0.6935 0.7194 -0.0395
vn -0.6993 0.7133 -0.0461
vn -0.6935 0.7194 -0.0395
vn -0.606 0.7954 -0.0107
vn -0.6095 0.7926 -0.0172
vn -0.6935 0.7194 -0.0395
vn -0.6874 0.7255 -0.0331
vn -0.6022 0.7984 -0.0046
vn -0.606 0.7954 -0.0107
vn -0.8101 0.5772 -0.1025
vn -0.805 0.5854 -0.0962
vn -0.7628 0.6425 -0.0731
vn -0.7689 0.6344 -0.0798
vn -0.805 0.5854 -0.0962
vn -0.7998 0.5935 -0.0901
vn -0.7566 0.6505 -0.0667
vn -0.7628 0.6425 -0.0731
vn -0.7998 0.5935 -0.0901
vn -0.7947 0.6012 -0.084
vn -0.7502 0.6584 -0.0604
vn -0.7566 0.6505 -0.0667
vn -0.7947 0.6012 -0.084
vn -0.7897 0.6085 -0.0779
vn -0.744 0.666 -0.0543
vn -0.7502 0.6584 -0.0604
vn -0.7502 0.6584 -0.0604
vn -0.744 0.666 -0.0543
vn -0.6812 0.7316 -0.0271
vn -0.6874 0.7255 -0.0331
vn -0.6874 0.7255 -0.0331
vn -0.6812 0.7316 -0.0271
vn -0.5978 0.8016 0.0012
vn -0.6022 0.7984 -0.0046
vn -0.6022 0.7984 -0.0046
vn -0.5978 0.8016 0.0012
vn -0.4993 0.866 0.0269
vn -0.5001 0.8657 0.0214
vn -0.606 0.7954 -0.0107
vn -0.6022 0.7984 -0.0046
vn -0.5001 0.8657 0.0214
vn -0.5003 0.8657 0.0156
vn -0.6095 0.7926 -0.0172
vn -0.606 0.7954 -0.0107
vn -0.5003 0.8657 0.0156
vn -0.5 0.866 0.0097
vn -0.6127 0.7899 -0.024
vn -0.6095 0.7926 -0.0172
vn -0.5 0.866 0.0097
vn -0.4995 0.8663 0.0037
vn -0.7049 0.7073 -0.053
vn -0.6993 0.7133 -0.0461
vn -0.6095 0.7926 -0.0172
vn -0.6127 0.7899 -0.024
vn -0.7689 0.6344 -0.0798
vn -0.7628 0.6425 -0.0731
vn -0.6993 0.7133 -0.0461
vn -0.7049 0.7073 -0.053
vn 0.6601 -0.7511 -0.0049
vn 0.7428 -0.6694 0.0124
vn 0.7431 -0.6689 0.0198
vn 0.6603 -0.751 0.0077
vn 0.7428 -0.6694 0.0124
vn 0.8073 -0.5896 0.0265
vn 0.8087 -0.5875 0.0292
vn 0.7431 -0.6689 0.0198
vn 0.6603 -0.751 0.0077
vn 0.7431 -0.6689 0.0198
vn 0.7369 -0.6747 0.0418
vn 0.6545 -0.7554 0.0312
vn 0.7431 -0.6689 0.0198
vn 0.8087 -0.5875 0.0292
vn 0.8031 -0.5937 0.0507
vn 0.7369 -0.6747 0.0418
vn 0.5451 -0.8375 -0.0381
vn 0.6519 -0.7583 -0.007
vn 0.6601 -0.7511 -0.0049
vn 0.5532 -0.8326 -0.028
vn 0.6519 -0.7583 -0.007
vn 0.7326 -0.6804 0.0198
vn 0.7428 -0.6694 0.0124
vn 0.6601 -0.7511 -0.0049
vn 0.7326 -0.6804 0.0198
vn 0.7921 -0.6086 0.0474
vn 0.8073 -0.5896 0.0265
vn 0.7428 -0.6694 0.0124
vn 0.7369 -0.6747 0.0418
vn 0.8031 -0.5937 0.0507
vn 0.7932 -0.6028 0.0867
vn 0.7263 -0.6833 0.0751
vn 0.6545 -0.7554 0.0312
vn 0.7369 -0.6747 0.0418
vn 0.7263 -0.6833 0.0751
vn 0.6448 -0.7617 0.0632
vn 0.5513 -0.8342 0.0163
vn 0.6545 -0.7554 0.0312
vn 0.6448 -0.7617 0.0632
vn 0.544 -0.8377 0.0488
vn 0.5549 -0.8319 -0.01
vn 0.6603 -0.751 0.0077
vn 0.6545 -0.7554 0.0312
vn 0.5513 -0.8342 0.0163
vn 0.5532 -0.8326 -0.028
vn 0.6601 -0.7511 -0.0049
vn 0.6603 -0.751 0.0077
vn 0.5549 -0.8319 -0.01
vn -0.8504 -0.5107 0.1262
vn -0.8077 -0.5763 0.1247
vn -0.822 -0.5454 0.1638
vn -0.8595 -0.4811 0.1727
vn -0.8077 -0.5763 0.1247
vn -0.7725 -0.6241 0.1171
vn -0.7903 -0.5936 0.1518
vn -0.822 -0.5454 0.1638
vn -0.8595 -0.4811 0.1727
vn -0.822 -0.5454 0.1638
vn -0.8266 -0.5201 0.2148
vn -0.8582 -0.4606 0.2266
vn -0.822 -0.5454 0.1638
vn -0.7903 -0.5936 0.1518
vn -0.7999 -0.5656 0.2006
vn -0.8266 -0.5201 0.2148
vn -0.8804 -0.4685 0.0731
vn -0.8297 -0.551 0.0887
vn -0.8504 -0.5107 0.1262
vn -0.8964 -0.4251 0.1258
vn -0.8297 -0.551 0.0887
vn -0.7857 -0.6108 0.0983
vn -0.8077 -0.5763 0.1247
vn -0.8504 -0.5107 0.1262
vn -0.7857 -0.6108 0.0983
vn -0.7502 -0.6539 0.0976
vn -0.7725 -0.6241 0.1171
vn -0.8077 -0.5763 0.1247
vn -0.7502 -0.6539 0.0976
vn -0.7184 -0.6895 0.0923
vn -0.742 -0.6617 0.1079
vn -0.7725 -0.6241 0.1171
vn -0.7725 -0.6241 0.1171
vn -0.742 -0.6617 0.1079
vn -0.7623 -0.632 0.1394
vn -0.7903 -0.5936 0.1518
vn -0.7903 -0.5936 0.1518
vn -0.7623 -0.632 0.1394
vn -0.7753 -0.6036 0.1859
vn -0.7999 -0.5656 0.2006
vn -0.8986 -0.4001 0.1801
vn -0.8595 -0.4811 0.1727
vn -0.8582 -0.4606 0.2266
vn -0.8911 -0.3872 0.2366
vn -0.8964 -0.4251 0.1258
vn -0.8504 -0.5107 0.1262
vn -0.8595 -0.4811 0.1727
vn -0.8986 -0.4001 0.1801
vn -0.8434 -0.4608 -0.2762
vn -0.8462 -0.4553 -0.2771
vn -0.8986 -0.348 -0.2672
vn -0.8961 -0.3536 -0.2682
vn -0.8462 -0.4553 -0.2771
vn -0.8492 -0.4495 -0.2773
vn -0.9013 -0.3422 -0.2657
vn -0.8986 -0.348 -0.2672
vn -0.8961 -0.3536 -0.2682
vn -0.8986 -0.348 -0.2672
vn -0.9378 -0.2354 -0.2552
vn -0.9357 -0.2409 -0.2577
vn -0.8986 -0.348 -0.2672
vn -0.9013 -0.3422 -0.2657
vn -0.94 -0.2297 -0.2522
vn -0.9378 -0.2354 -0.2552
vn -0.7744 -0.5685 -0.2777
vn -0.7768 -0.5634 -0.2813
vn -0.8434 -0.4608 -0.2762
vn -0.8411 -0.466 -0.2747
vn -0.7768 -0.5634 -0.2813
vn -0.7796 -0.558 -0.2843
vn -0.8462 -0.4553 -0.2771
vn -0.8434 -0.4608 -0.2762
vn -0.7796 -0.558 -0.2843
vn -0.7828 -0.5524 -0.2865
vn -0.8492 -0.4495 -0.2773
vn -0.8462 -0.4553 -0.2771
vn -0.7828 -0.5524 -0.2865
vn -0.7863 -0.5466 -0.288
vn -0.8524 -0.4435 -0.2769
vn -0.8492 -0.4495 -0.2773
vn -0.8492 -0.4495 -0.2773
vn -0.8524 -0.4435 -0.2769
vn -0.9041 -0.3362 -0.2636
vn -0.9013 -0.3422 -0.2657
vn -0.9013 -0.3422 -0.2657
vn -0.9041 -0.3362 -0.2636
vn -0.9423 -0.224 -0.2486
vn -0.94 -0.2297 -0.2522
vn -0.94 -0.2297 -0.2522
vn -0.9423 -0.224 -0.2486
vn -0.9668 -0.1067 -0.2321
vn -0.9651 -0.1121 -0.2368
vn -0.9378 -0.2354 -0.2552
vn -0.94 -0.2297 -0.2522
vn -0.9651 -0.1121 -0.2368
vn -0.9634 -0.1175 -0.241
vn -0.9357 -0.2409 -0.2577
vn -0.9378 -0.2354 -0.2552
vn -0.9634 -0.1175 -0.241
vn -0.9618 -0.1229 -0.2448
vn -0.9337 -0.2462 -0.2599
vn -0.9357 -0.2409 -0.2577
vn -0.9618 -0.1229 -0.2448
vn -0.9602 -0.1282 -0.2483
vn -0.8939 -0.3588 -0.2687
vn -0.8961 -0.3536 -0.2682
vn -0.9357 -0.2409 -0.2577
vn -0.9337 -0.2462 -0.2599
vn -0.8411 -0.466 -0.2747
vn -0.8434 -0.4608 -0.2762
vn -0.8961 -0.3536 -0.2682
vn -0.8939 -0.3588 -0.2687
vn -0.9098 0.3842 -0.157
vn -0.9085 0.3897 -0.1512
vn -0.8727 0.4704 -0.131
vn -0.875 0.4644 -0.1368
vn -0.9085 0.3897 -0.1512
vn -0.9072 0.3948 -0.1453
vn -0.8705 0.4759 -0.1251
vn -0.8727 0.4704 -0.131
vn -0.875 0.4644 -0.1368
vn -0.8727 0.4704 -0.131
vn -0.8358 0.5378 -0.1108
vn -0.8394 0.5309 -0.1167
vn -0.8727 0.4704 -0.131
vn -0.8705 0.4759 -0.1251
vn -0.8323 0.5443 -0.1049
vn -0.8358 0.5378 -0.1108
vn -0.9401 0.288 -0.1825
vn -0.9394 0.2938 -0.1768
vn -0.9098 0.3842 -0.157
vn -0.9113 0.3782 -0.1627
vn -0.9394 0.2938 -0.1768
vn -0.9387 0.2992 -0.171
vn -0.9085 0.3897 -0.1512
vn -0.9098 0.3842 -0.157
vn -0.9387 0.2992 -0.171
vn -0.9382 0.3043 -0.1651
vn -0.9072 0.3948 -0.1453
vn -0.9085 0.3897 -0.1512
vn -0.9382 0.3043 -0.1651
vn -0.9377 0.309 -0.159
vn -0.9061 0.3994 -0.1392
vn -0.9072 0.3948 -0.1453
vn -0.9072 0.3948 -0.1453
vn -0.9061 0.3994 -0.1392
vn -0.8686 0.481 -0.1192
vn -0.8705 0.4759 -0.1251
vn -0.8705 0.4759 -0.1251
vn -0.8686 0.481 -0.1192
vn -0.829 0.5504 -0.0989
vn -0.8323 0.5443 -0.1049
vn -0.8323 0.5443 -0.1049
vn -0.829 0.5504 -0.0989
vn -0.7897 0.6085 -0.0779
vn -0.7947 0.6012 -0.084
vn -0.8358 0.5378 -0.1108
vn -0.8323 0.5443 -0.1049
vn -0.7947 0.6012 -0.084
vn -0.7998 0.5935 -0.0901
vn -0.8394 0.5309 -0.1167
vn -0.8358 0.5378 -0.1108
vn -0.7998 0.5935 -0.0901
vn -0.805 0.5854 -0.0962
vn -0.8431 0.5236 -0.1225
vn -0.8394 0.5309 -0.1167
vn -0.805 0.5854 -0.0962
vn -0.8101 0.5772 -0.1025
vn -0.8775 0.458 -0.1425
vn -0.875 0.4644 -0.1368
vn -0.8394 0.5309 -0.1167
vn -0.8431 0.5236 -0.1225
vn -0.9113 0.3782 -0.1627
vn -0.9098 0.3842 -0.157
vn -0.875 0.4644 -0.1368
vn -0.8775 0.458 -0.1425
vn -0.9195 -0.3715 -0.1289
vn -0.9248 -0.3668 -0.1009
vn -0.9623 -0.2601 -0.08
vn -0.9584 -0.2645 -0.1073
vn -0.9248 -0.3668 -0.1009
vn -0.9293 -0.3622 -0.0718
vn -0.9653 -0.256 -0.0518
vn -0.9623 -0.2601 -0.08
vn -0.9584 -0.2645 -0.1073
vn -0.9623 -0.2601 -0.08
vn -0.986 -0.1552 -0.0603
vn -0.9835 -0.1588 -0.0867
vn -0.9623 -0.2601 -0.08
vn -0.9653 -0.256 -0.0518
vn -0.9878 -0.1521 -0.033
vn -0.986 -0.1552 -0.0603
vn -0.8563 -0.4848 -0.1782
vn -0.8639 -0.4803 -0.1514
vn -0.9195 -0.3715 -0.1289
vn -0.9134 -0.3763 -0.1553
vn -0.8639 -0.4803 -0.1514
vn -0.8709 -0.4758 -0.1228
vn -0.9248 -0.3668 -0.1009
vn -0.9195 -0.3715 -0.1289
vn -0.8709 -0.4758 -0.1228
vn -0.8771 -0.4712 -0.093
vn -0.9293 -0.3622 -0.0718
vn -0.9248 -0.3668 -0.1009
vn -0.8771 -0.4712 -0.093
vn -0.8824 -0.4664 -0.0625
vn -0.9328 -0.3579 -0.042
vn -0.9293 -0.3622 -0.0718
vn -0.9293 -0.3622 -0.0718
vn -0.9328 -0.3579 -0.042
vn -0.9674 -0.2524 -0.0229
vn -0.9653 -0.256 -0.0518
vn -0.9653 -0.256 -0.0518
vn -0.9674 -0.2524 -0.0229
vn -0.9887 -0.1496 -0.0051
vn -0.9878 -0.1521 -0.033
vn -0.9878 -0.1521 -0.033
vn -0.9887 -0.1496 -0.0051
vn -0.9988 -0.0474 0.0118
vn -0.9987 -0.0485 -0.0152
vn -0.986 -0.1552 -0.0603
vn -0.9878 -0.1521 -0.033
vn -0.9987 -0.0485 -0.0152
vn -0.9979 -0.0502 -0.0417
vn -0.9835 -0.1588 -0.0867
vn -0.986 -0.1552 -0.0603
vn -0.9979 -0.0502 -0.0417
vn -0.9964 -0.0525 -0.0673
vn -0.9803 -0.1627 -0.1117
vn -0.9835 -0.1588 -0.0867
vn -0.9964 -0.0525 -0.0673
vn -0.9943 -0.0552 -0.0915
vn -0.9539 -0.2691 -0.133
vn -0.9584 -0.2645 -0.1073
vn -0.9835 -0.1588 -0.0867
vn -0.9803 -0.1627 -0.1117
vn -0.9134 -0.3763 -0.1553
vn -0.9195 -0.3715 -0.1289
vn -0.9584 -0.2645 -0.1073
vn -0.9539 -0.2691 -0.133
vn -0.9732 -0.0072 -0.2297
vn -0.9744 -0.0018 -0.225
vn -0.9725 0.1047 -0.2079
vn -0.9719 0.0993 -0.2132
vn -0.9744 -0.0018 -0.225
vn -0.9755 0.0034 -0.2199
vn -0.9731 0.11 -0.2024
vn -0.9725 0.1047 -0.2079
vn -0.9719 0.0993 -0.2132
vn -0.9725 0.1047 -0.2079
vn -0.9604 0.2039 -0.19
vn -0.9604 0.1984 -0.1956
vn -0.9725 0.1047 -0.2079
vn -0.9731 0.11 -0.2024
vn -0.9604 0.2091 -0.1841
vn -0.9604 0.2039 -0.19
vn -0.9602 -0.1282 -0.2483
vn -0.9618 -0.1229 -0.2448
vn -0.9732 -0.0072 -0.2297
vn -0.9721 -0.0126 -0.2342
vn -0.9618 -0.1229 -0.2448
vn -0.9634 -0.1175 -0.241
vn -0.9744 -0.0018 -0.225
vn -0.9732 -0.0072 -0.2297
vn -0.9634 -0.1175 -0.241
vn -0.9651 -0.1121 -0.2368
vn -0.9755 0.0034 -0.2199
vn -0.9744 -0.0018 -0.225
vn -0.9651 -0.1121 -0.2368
vn -0.9668 -0.1067 -0.2321
vn -0.9767 0.0086 -0.2146
vn -0.9755 0.0034 -0.2199
vn -0.9755 0.0034 -0.2199
vn -0.9767 0.0086 -0.2146
vn -0.9737 0.115 -0.1966
vn -0.9731 0.11 -0.2024
vn -0.9731 0.11 -0.2024
vn -0.9737 0.115 -0.1966
vn -0.9605 0.214 -0.1781
vn -0.9604 0.2091 -0.1841
vn -0.9604 0.2091 -0.1841
vn -0.9605 0.214 -0.1781
vn -0.9377 0.309 -0.159
vn -0.9382 0.3043 -0.1651
vn -0.9604 0.2039 -0.19
vn -0.9604 0.2091 -0.1841
vn -0.9382 0.3043 -0.1651
vn -0.9387 0.2992 -0.171
vn -0.9604 0.1984 -0.1956
vn -0.9604 0.2039 -0.19
vn -0.9387 0.2992 -0.171
vn -0.9394 0.2938 -0.1768
vn -0.9604 0.1927 -0.2011
vn -0.9604 0.1984 -0.1956
vn -0.9394 0.2938 -0.1768
vn -0.9401 0.288 -0.1825
vn -0.9714 0.0937 -0.2184
vn -0.9719 0.0993 -0.2132
vn -0.9604 0.1984 -0.1956
vn -0.9604 0.1927 -0.2011
vn -0.9721 -0.0126 -0.2342
vn -0.9732 -0.0072 -0.2297
vn -0.9719 0.0993 -0.2132
vn -0.9714 0.0937 -0.2184
vn -0.9069 0.421 0.0168
vn -0.907 0.4192 0.0396
vn -0.8639 0.5006 0.0555
vn -0.8637 0.503 0.0331
vn -0.907 0.4192 0.0396
vn -0.9067 0.4169 0.0635
vn -0.8638 0.4976 0.0788
vn -0.8639 0.5006 0.0555
vn -0.8637 0.503 0.0331
vn -0.8639 0.5006 0.0555
vn -0.8147 0.5755 0.0707
vn -0.8144 0.5782 0.0489
vn -0.8639 0.5006 0.0555
vn -0.8638 0.4976 0.0788
vn -0.8149 0.572 0.0934
vn -0.8147 0.5755 0.0707
vn -0.9418 0.3355 -0.0215
vn -0.9423 0.3348 0.0004
vn -0.9069 0.421 0.0168
vn -0.9064 0.4223 -0.0047
vn -0.9423 0.3348 0.0004
vn -0.9424 0.3336 0.0237
vn -0.907 0.4192 0.0396
vn -0.9069 0.421 0.0168
vn -0.9424 0.3336 0.0237
vn -0.9421 0.3318 0.0479
vn -0.9067 0.4169 0.0635
vn -0.907 0.4192 0.0396
vn -0.9421 0.3318 0.0479
vn -0.9414 0.3295 0.0727
vn -0.906 0.414 0.0877
vn -0.9067 0.4169 0.0635
vn -0.9067 0.4169 0.0635
vn -0.906 0.414 0.0877
vn -0.8633 0.4941 0.1026
vn -0.8638 0.4976 0.0788
vn -0.8638 0.4976 0.0788
vn -0.8633 0.4941 0.1026
vn -0.8148 0.5679 0.1165
vn -0.8149 0.572 0.0934
vn -0.8149 0.572 0.0934
vn -0.8148 0.5679 0.1165
vn -0.7618 0.6348 0.1293
vn -0.7615 0.6393 0.1071
vn -0.8147 0.5755 0.0707
vn -0.8149 0.572 0.0934
vn -0.7615 0.6393 0.1071
vn -0.7611 0.6431 0.0851
vn -0.8144 0.5782 0.0489
vn -0.8147 0.5755 0.0707
vn -0.7611 0.6431 0.0851
vn -0.7607 0.6459 0.0641
vn -0.814 0.5802 0.0285
vn -0.8144 0.5782 0.0489
vn -0.7607 0.6459 0.0641
vn -0.7605 0.6478 0.0446
vn -0.8632 0.5047 0.0121
vn -0.8637 0.503 0.0331
vn -0.8144 0.5782 0.0489
vn -0.814 0.5802 0.0285
vn -0.9064 0.4223 -0.0047
vn -0.9069 0.421 0.0168
vn -0.8637 0.503 0.0331
vn -0.8632 0.5047 0.0121
vn -0.9974 0.0522 -0.0491
vn -0.9983 0.0531 -0.0242
vn -0.9884 0.1515 -0.0078
vn -0.9879 0.1515 -0.0321
vn -0.9983 0.0531 -0.0242
vn -0.9986 0.0535 0.0016
vn -0.9884 0.1509 0.0173
vn -0.9884 0.1515 -0.0078
vn -0.9879 0.1515 -0.0321
vn -0.9884 0.1515 -0.0078
vn -0.9696 0.2446 0.0079
vn -0.9693 0.2453 -0.0158
vn -0.9884 0.1515 -0.0078
vn -0.9884 0.1509 0.0173
vn -0.9694 0.2434 0.0326
vn -0.9696 0.2446 0.0079
vn -0.9943 -0.0552 -0.0915
vn -0.9964 -0.0525 -0.0673
vn -0.9974 0.0522 -0.0491
vn -0.9961 0.0507 -0.0726
vn -0.9964 -0.0525 -0.0673
vn -0.9979 -0.0502 -0.0417
vn -0.9983 0.0531 -0.0242
vn -0.9974 0.0522 -0.0491
vn -0.9979 -0.0502 -0.0417
vn -0.9987 -0.0485 -0.0152
vn -0.9986 0.0535 0.0016
vn -0.9983 0.0531 -0.0242
vn -0.9987 -0.0485 -0.0152
vn -0.9988 -0.0474 0.0118
vn -0.9982 0.0532 0.0279
vn -0.9986 0.0535 0.0016
vn -0.9986 0.0535 0.0016
vn -0.9982 0.0532 0.0279
vn -0.9878 0.1497 0.043
vn -0.9884 0.1509 0.0173
vn -0.9884 0.1509 0.0173
vn -0.9878 0.1497 0.043
vn -0.9687 0.2415 0.0578
vn -0.9694 0.2434 0.0326
vn -0.9694 0.2434 0.0326
vn -0.9687 0.2415 0.0578
vn -0.9414 0.3295 0.0727
vn -0.9421 0.3318 0.0479
vn -0.9696 0.2446 0.0079
vn -0.9694 0.2434 0.0326
vn -0.9421 0.3318 0.0479
vn -0.9424 0.3336 0.0237
vn -0.9693 0.2453 -0.0158
vn -0.9696 0.2446 0.0079
vn -0.9424 0.3336 0.0237
vn -0.9423 0.3348 0.0004
vn -0.9687 0.2454 -0.0382
vn -0.9693 0.2453 -0.0158
vn -0.9423 0.3348 0.0004
vn -0.9418 0.3355 -0.0215
vn -0.987 0.151 -0.055
vn -0.9879 0.1515 -0.0321
vn -0.9693 0.2453 -0.0158
vn -0.9687 0.2454 -0.0382
vn -0.9961 0.0507 -0.0726
vn -0.9974 0.0522 -0.0491
vn -0.9879 0.1515 -0.0321
vn -0.987 0.151 -0.055
vn -0.8722 -0.4135 -0.2615
vn -0.877 -0.4077 -0.2544
vn -0.9248 -0.3007 -0.2332
vn -0.9208 -0.3064 -0.2412
vn -0.877 -0.4077 -0.2544
vn -0.8821 -0.4021 -0.2455
vn -0.929 -0.2951 -0.2235
vn -0.9248 -0.3007 -0.2332
vn -0.9208 -0.3064 -0.2412
vn -0.9248 -0.3007 -0.2332
vn -0.9585 -0.1908 -0.2119
vn -0.9554 -0.1961 -0.2207
vn -0.9248 -0.3007 -0.2332
vn -0.929 -0.2951 -0.2235
vn -0.9617 -0.1857 -0.2017
vn -0.9585 -0.1908 -0.2119
vn -0.8031 -0.5234 -0.2848
vn -0.808 -0.5179 -0.2808
vn -0.8722 -0.4135 -0.2615
vn -0.8677 -0.4193 -0.2668
vn -0.808 -0.5179 -0.2808
vn -0.8134 -0.5126 -0.2749
vn -0.877 -0.4077 -0.2544
vn -0.8722 -0.4135 -0.2615
vn -0.8134 -0.5126 -0.2749
vn -0.8193 -0.5074 -0.2671
vn -0.8821 -0.4021 -0.2455
vn -0.877 -0.4077 -0.2544
vn -0.8193 -0.5074 -0.2671
vn -0.8255 -0.5025 -0.257
vn -0.8875 -0.3966 -0.2347
vn -0.8821 -0.4021 -0.2455
vn -0.8821 -0.4021 -0.2455
vn -0.8875 -0.3966 -0.2347
vn -0.9334 -0.2896 -0.2121
vn -0.929 -0.2951 -0.2235
vn -0.929 -0.2951 -0.2235
vn -0.9334 -0.2896 -0.2121
vn -0.965 -0.1808 -0.1899
vn -0.9617 -0.1857 -0.2017
vn -0.9617 -0.1857 -0.2017
vn -0.965 -0.1808 -0.1899
vn -0.9833 -0.0692 -0.1683
vn -0.9809 -0.0732 -0.1803
vn -0.9585 -0.1908 -0.2119
vn -0.9617 -0.1857 -0.2017
vn -0.9809 -0.0732 -0.1803
vn -0.9786 -0.0774 -0.1908
vn -0.9554 -0.1961 -0.2207
vn -0.9585 -0.1908 -0.2119
vn -0.9786 -0.0774 -0.1908
vn -0.9763 -0.0819 -0.2001
vn -0.9526 -0.2015 -0.2281
vn -0.9554 -0.1961 -0.2207
vn -0.9763 -0.0819 -0.2001
vn -0.9743 -0.0865 -0.2081
vn -0.9171 -0.3123 -0.2477
vn -0.9208 -0.3064 -0.2412
vn -0.9554 -0.1961 -0.2207
vn -0.9526 -0.2015 -0.2281
vn -0.8677 -0.4193 -0.2668
vn -0.8722 -0.4135 -0.2615
vn -0.9208 -0.3064 -0.2412
vn -0.9171 -0.3123 -0.2477
vn -0.9034 0.416 -0.1039
vn -0.9034 0.4181 -0.0947
vn -0.8619 0.5013 -0.0758
vn -0.8624 0.4991 -0.0848
vn -0.9034 0.4181 -0.0947
vn -0.9036 0.4199 -0.0844
vn -0.8617 0.5031 -0.0656
vn -0.8619 0.5013 -0.0758
vn -0.8624 0.4991 -0.0848
vn -0.8619 0.5013 -0.0758
vn -0.8159 0.5754 -0.0568
vn -0.8172 0.5727 -0.0656
vn -0.8619 0.5013 -0.0758
vn -0.8617 0.5031 -0.0656
vn -0.8149 0.5777 -0.0469
vn -0.8159 0.5754 -0.0568
vn -0.937 0.3237 -0.1313
vn -0.9372 0.3265 -0.123
vn -0.9034 0.416 -0.1039
vn -0.9035 0.4136 -0.1121
vn -0.9372 0.3265 -0.123
vn -0.9375 0.3288 -0.1135
vn -0.9034 0.4181 -0.0947
vn -0.9034 0.416 -0.1039
vn -0.9375 0.3288 -0.1135
vn -0.938 0.3309 -0.1031
vn -0.9036 0.4199 -0.0844
vn -0.9034 0.4181 -0.0947
vn -0.938 0.3309 -0.1031
vn -0.9386 0.3327 -0.0915
vn -0.904 0.4214 -0.0729
vn -0.9036 0.4199 -0.0844
vn -0.9036 0.4199 -0.0844
vn -0.904 0.4214 -0.0729
vn -0.8617 0.5046 -0.0544
vn -0.8617 0.5031 -0.0656
vn -0.8617 0.5031 -0.0656
vn -0.8617 0.5046 -0.0544
vn -0.8142 0.5795 -0.0359
vn -0.8149 0.5777 -0.0469
vn -0.8149 0.5777 -0.0469
vn -0.8142 0.5795 -0.0359
vn -0.7636 0.6455 -0.0172
vn -0.7653 0.643 -0.0279
vn -0.8159 0.5754 -0.0568
vn -0.8149 0.5777 -0.0469
vn -0.7653 0.643 -0.0279
vn -0.7675 0.64 -0.0374
vn -0.8172 0.5727 -0.0656
vn -0.8159 0.5754 -0.0568
vn -0.7675 0.64 -0.0374
vn -0.77 0.6364 -0.0458
vn -0.8188 0.5693 -0.0731
vn -0.8172 0.5727 -0.0656
vn -0.77 0.6364 -0.0458
vn -0.7731 0.6321 -0.053
vn -0.8631 0.4965 -0.0927
vn -0.8624 0.4991 -0.0848
vn -0.8172 0.5727 -0.0656
vn -0.8188 0.5693 -0.0731
vn -0.9035 0.4136 -0.1121
vn -0.9034 0.416 -0.1039
vn -0.8624 0.4991 -0.0848
vn -0.8631 0.4965 -0.0927
vn -0.9832 0.0306 -0.18
vn -0.9848 0.0343 -0.1704
vn -0.9788 0.1385 -0.1511
vn -0.9777 0.1354 -0.1606
vn -0.9848 0.0343 -0.1704
vn -0.9864 0.0377 -0.1598
vn -0.9799 0.1414 -0.1404
vn -0.9788 0.1385 -0.1511
vn -0.9777 0.1354 -0.1606
vn -0.9788 0.1385 -0.1511
vn -0.9627 0.2359 -0.1323
vn -0.9621 0.2331 -0.1418
vn -0.9788 0.1385 -0.1511
vn -0.9799 0.1414 -0.1404
vn -0.9635 0.2384 -0.1217
vn -0.9627 0.2359 -0.1323
vn -0.9743 -0.0865 -0.2081
vn -0.9763 -0.0819 -0.2001
vn -0.9832 0.0306 -0.18
vn -0.9818 0.0267 -0.1883
vn -0.9763 -0.0819 -0.2001
vn -0.9786 -0.0774 -0.1908
vn -0.9848 0.0343 -0.1704
vn -0.9832 0.0306 -0.18
vn -0.9786 -0.0774 -0.1908
vn -0.9809 -0.0732 -0.1803
vn -0.9864 0.0377 -0.1598
vn -0.9848 0.0343 -0.1704
vn -0.9809 -0.0732 -0.1803
vn -0.9833 -0.0692 -0.1683
vn -0.9882 0.0408 -0.1478
vn -0.9864 0.0377 -0.1598
vn -0.9864 0.0377 -0.1598
vn -0.9882 0.0408 -0.1478
vn -0.9812 0.144 -0.1285
vn -0.9799 0.1414 -0.1404
vn -0.9799 0.1414 -0.1404
vn -0.9812 0.144 -0.1285
vn -0.9644 0.2405 -0.1099
vn -0.9635 0.2384 -0.1217
vn -0.9635 0.2384 -0.1217
vn -0.9644 0.2405 -0.1099
vn -0.9386 0.3327 -0.0915
vn -0.938 0.3309 -0.1031
vn -0.9627 0.2359 -0.1323
vn -0.9635 0.2384 -0.1217
vn -0.938 0.3309 -0.1031
vn -0.9375 0.3288 -0.1135
vn -0.9621 0.2331 -0.1418
vn -0.9627 0.2359 -0.1323
vn -0.9375 0.3288 -0.1135
vn -0.9372 0.3265 -0.123
vn -0.9615 0.23 -0.1502
vn -0.9621 0.2331 -0.1418
vn -0.9372 0.3265 -0.123
vn -0.937 0.3237 -0.1313
vn -0.9767 0.1319 -0.1691
vn -0.9777 0.1354 -0.1606
vn -0.9621 0.2331 -0.1418
vn -0.9615 0.23 -0.1502
vn -0.9818 0.0267 -0.1883
vn -0.9832 0.0306 -0.18
vn -0.9777 0.1354 -0.1606
vn -0.9767 0.1319 -0.1691
vn -0.5287 -0.7863 -0.3195
vn -0.6286 -0.7123 -0.3122
vn -0.6243 -0.7171 -0.3099
vn -0.525 -0.7906 -0.3154
vn -0.6286 -0.7123 -0.3122
vn -0.7192 -0.6261 -0.3012
vn -0.7147 -0.6315 -0.3007
vn -0.6243 -0.7171 -0.3099
vn -0.525 -0.7906 -0.3154
vn -0.6243 -0.7171 -0.3099
vn -0.6203 -0.7221 -0.3063
vn -0.5214 -0.7951 -0.3098
vn -0.6243 -0.7171 -0.3099
vn -0.7147 -0.6315 -0.3007
vn -0.7105 -0.637 -0.2991
vn -0.6203 -0.7221 -0.3063
vn -0.424 -0.8447 -0.3266
vn -0.5328 -0.7825 -0.3223
vn -0.5287 -0.7863 -0.3195
vn -0.4212 -0.8478 -0.3224
vn -0.5328 -0.7825 -0.3223
vn -0.6333 -0.7077 -0.3132
vn -0.6286 -0.7123 -0.3122
vn -0.5287 -0.7863 -0.3195
vn -0.6333 -0.7077 -0.3132
vn -0.724 -0.621 -0.3005
vn -0.7192 -0.6261 -0.3012
vn -0.6286 -0.7123 -0.3122
vn -0.724 -0.621 -0.3005
vn -0.8031 -0.5234 -0.2848
vn -0.7985 -0.5291 -0.2871
vn -0.7192 -0.6261 -0.3012
vn -0.7192 -0.6261 -0.3012
vn -0.7985 -0.5291 -0.2871
vn -0.7941 -0.5349 -0.2885
vn -0.7147 -0.6315 -0.3007
vn -0.7147 -0.6315 -0.3007
vn -0.7941 -0.5349 -0.2885
vn -0.7901 -0.5407 -0.2887
vn -0.7105 -0.637 -0.2991
vn -0.7105 -0.637 -0.2991
vn -0.7901 -0.5407 -0.2887
vn -0.7863 -0.5466 -0.288
vn -0.7067 -0.6425 -0.2964
vn -0.6203 -0.7221 -0.3063
vn -0.7105 -0.637 -0.2991
vn -0.7067 -0.6425 -0.2964
vn -0.6165 -0.7273 -0.3014
vn -0.5214 -0.7951 -0.3098
vn -0.6203 -0.7221 -0.3063
vn -0.6165 -0.7273 -0.3014
vn -0.5181 -0.7999 -0.3029
vn -0.4159 -0.8553 -0.3092
vn -0.5214 -0.7951 -0.3098
vn -0.5181 -0.7999 -0.3029
vn -0.4134 -0.8596 -0.3003
vn -0.4185 -0.8513 -0.3165
vn -0.525 -0.7906 -0.3154
vn -0.5214 -0.7951 -0.3098
vn -0.4159 -0.8553 -0.3092
vn -0.4212 -0.8478 -0.3224
vn -0.5287 -0.7863 -0.3195
vn -0.525 -0.7906 -0.3154
vn -0.4185 -0.8513 -0.3165
vn -0.9347 -0.3287 0.1356
vn -0.9304 -0.3138 0.1892
vn -0.9522 -0.2305 0.2006
vn -0.9599 -0.2353 0.1522
vn -0.9304 -0.3138 0.1892
vn -0.919 -0.3083 0.2459
vn -0.9391 -0.2303 0.2551
vn -0.9522 -0.2305 0.2006
vn -0.9599 -0.2353 0.1522
vn -0.9522 -0.2305 0.2006
vn -0.966 -0.1462 0.2131
vn -0.9752 -0.1454 0.167
vn -0.9522 -0.2305 0.2006
vn -0.9391 -0.2303 0.2551
vn -0.9525 -0.1497 0.2653
vn -0.966 -0.1462 0.2131
vn -0.8804 -0.4685 0.0731
vn -0.8964 -0.4251 0.1258
vn -0.9347 -0.3287 0.1356
vn -0.9347 -0.3433 0.0919
vn -0.8964 -0.4251 0.1258
vn -0.8986 -0.4001 0.1801
vn -0.9304 -0.3138 0.1892
vn -0.9347 -0.3287 0.1356
vn -0.8986 -0.4001 0.1801
vn -0.8911 -0.3872 0.2366
vn -0.919 -0.3083 0.2459
vn -0.9304 -0.3138 0.1892
vn -0.966 -0.1462 0.2131
vn -0.9525 -0.1497 0.2653
vn -0.9588 -0.0629 0.2772
vn -0.9724 -0.0572 0.2263
vn -0.9752 -0.1454 0.167
vn -0.966 -0.1462 0.2131
vn -0.9724 -0.0572 0.2263
vn -0.982 -0.0533 0.1812
vn -0.9813 -0.1459 0.1254
vn -0.9752 -0.1454 0.167
vn -0.982 -0.0533 0.1812
vn -0.9888 -0.0506 0.1401
vn -0.9643 -0.2411 0.1097
vn -0.9599 -0.2353 0.1522
vn -0.9752 -0.1454 0.167
vn -0.9813 -0.1459 0.1254
vn -0.9347 -0.3433 0.0919
vn -0.9347 -0.3287 0.1356
vn -0.9599 -0.2353 0.1522
vn -0.9643 -0.2411 0.1097
vn -0.8941 0.3777 0.2407
vn -0.8883 0.3632 0.2811
vn -0.8539 0.4356 0.2848
vn -0.857 0.4522 0.2469
vn -0.8883 0.3632 0.2811
vn -0.8801 0.3462 0.325
vn -0.849 0.4159 0.326
vn -0.8539 0.4356 0.2848
vn -0.857 0.4522 0.2469
vn -0.8539 0.4356 0.2848
vn -0.8139 0.5055 0.2863
vn -0.8145 0.523 0.2511
vn -0.8539 0.4356 0.2848
vn -0.849 0.4159 0.326
vn -0.8122 0.4848 0.3246
vn -0.8139 0.5055 0.2863
vn -0.9314 0.3087 0.1927
vn -0.9256 0.2991 0.2319
vn -0.8941 0.3777 0.2407
vn -0.8983 0.3895 0.2032
vn -0.9256 0.2991 0.2319
vn -0.9176 0.2876 0.2743
vn -0.8883 0.3632 0.2811
vn -0.8941 0.3777 0.2407
vn -0.9176 0.2876 0.2743
vn -0.9067 0.2739 0.3207
vn -0.8801 0.3462 0.325
vn -0.8883 0.3632 0.2811
vn -0.8139 0.5055 0.2863
vn -0.8122 0.4848 0.3246
vn -0.7673 0.5542 0.3226
vn -0.7668 0.5741 0.287
vn -0.8145 0.523 0.2511
vn -0.8139 0.5055 0.2863
vn -0.7668 0.5741 0.287
vn -0.7657 0.5907 0.2545
vn -0.8145 0.5373 0.2188
vn -0.8145 0.523 0.2511
vn -0.7657 0.5907 0.2545
vn -0.7644 0.6043 0.2249
vn -0.8591 0.4659 0.2119
vn -0.857 0.4522 0.2469
vn -0.8145 0.523 0.2511
vn -0.8145 0.5373 0.2188
vn -0.8983 0.3895 0.2032
vn -0.8941 0.3777 0.2407
vn -0.857 0.4522 0.2469
vn -0.8591 0.4659 0.2119
vn -0.98 0.0395 0.1951
vn -0.9702 0.034 0.2398
vn -0.9597 0.1229 0.2529
vn -0.9694 0.1298 0.2085
vn -0.9702 0.034 0.2398
vn -0.9566 0.0271 0.29
vn -0.9463 0.1146 0.3023
vn -0.9597 0.1229 0.2529
vn -0.9694 0.1298 0.2085
vn -0.9597 0.1229 0.2529
vn -0.9417 0.2076 0.2647
vn -0.9509 0.2165 0.2209
vn -0.9597 0.1229 0.2529
vn -0.9463 0.1146 0.3023
vn -0.9291 0.1971 0.313
vn -0.9417 0.2076 0.2647
vn -0.9888 -0.0506 0.1401
vn -0.982 -0.0533 0.1812
vn -0.98 0.0395 0.1951
vn -0.9871 0.0439 0.1542
vn -0.982 -0.0533 0.1812
vn -0.9724 -0.0572 0.2263
vn -0.9702 0.034 0.2398
vn -0.98 0.0395 0.1951
vn -0.9724 -0.0572 0.2263
vn -0.9588 -0.0629 0.2772
vn -0.9566 0.0271 0.29
vn -0.9702 0.034 0.2398
vn -0.9417 0.2076 0.2647
vn -0.9291 0.1971 0.313
vn -0.9067 0.2739 0.3207
vn -0.9176 0.2876 0.2743
vn -0.9509 0.2165 0.2209
vn -0.9417 0.2076 0.2647
vn -0.9176 0.2876 0.2743
vn -0.9256 0.2991 0.2319
vn -0.9577 0.2241 0.1806
vn -0.9509 0.2165 0.2209
vn -0.9256 0.2991 0.2319
vn -0.9314 0.3087 0.1927
vn -0.9764 0.1358 0.1677
vn -0.9694 0.1298 0.2085
vn -0.9509 0.2165 0.2209
vn -0.9577 0.2241 0.1806
vn -0.9871 0.0439 0.1542
vn -0.98 0.0395 0.1951
vn -0.9694 0.1298 0.2085
vn -0.9764 0.1358 0.1677
vn -0.3913 0.9201 0.018
vn -0.3157 0.9484 0.029
vn -0.3088 0.9509 0.0211
vn -0.3869 0.922 0.011
vn -0.3157 0.9484 0.029
vn -0.2672 0.963 0.0339
vn -0.2594 0.9655 0.0251
vn -0.3088 0.9509 0.0211
vn -0.3869 0.922 0.011
vn -0.3088 0.9509 0.0211
vn -0.3004 0.9537 0.0128
vn -0.3821 0.9241 0.0038
vn -0.3088 0.9509 0.0211
vn -0.2594 0.9655 0.0251
vn -0.2487 0.9685 0.015
vn -0.3004 0.9537 0.0128
vn -0.4995 0.8663 0.0037
vn -0.3951 0.9183 0.0238
vn -0.3913 0.9201 0.018
vn -0.4989 0.8667 -0.0027
vn -0.3951 0.9183 0.0238
vn -0.3214 0.9463 0.0345
vn -0.3157 0.9484 0.029
vn -0.3913 0.9201 0.018
vn -0.3214 0.9463 0.0345
vn -0.2736 0.961 0.039
vn -0.2672 0.963 0.0339
vn -0.3157 0.9484 0.029
vn -0.2736 0.961 0.039
vn -0.2451 0.9687 0.0402
vn -0.2388 0.9704 0.0357
vn -0.2672 0.963 0.0339
vn -0.2672 0.963 0.0339
vn -0.2388 0.9704 0.0357
vn -0.2313 0.9725 0.0267
vn -0.2594 0.9655 0.0251
vn -0.2594 0.9655 0.0251
vn -0.2313 0.9725 0.0267
vn -0.2204 0.9753 0.0151
vn -0.2487 0.9685 0.015
vn -0.2487 0.9685 0.015
vn -0.2204 0.9753 0.0151
vn -0.2042 0.9789 0.0048
vn -0.2382 0.9712 0.0069
vn -0.3004 0.9537 0.0128
vn -0.2487 0.9685 0.015
vn -0.2382 0.9712 0.0069
vn -0.2924 0.9563 0.0058
vn -0.3821 0.9241 0.0038
vn -0.3004 0.9537 0.0128
vn -0.2924 0.9563 0.0058
vn -0.3777 0.9259 -0.003
vn -0.4977 0.8672 -0.0165
vn -0.3821 0.9241 0.0038
vn -0.3777 0.9259 -0.003
vn -0.4976 0.8671 -0.0235
vn -0.4982 0.867 -0.0095
vn -0.3869 0.922 0.011
vn -0.3821 0.9241 0.0038
vn -0.4977 0.8672 -0.0165
vn -0.4989 0.8667 -0.0027
vn -0.3913 0.9201 0.018
vn -0.3869 0.922 0.011
vn -0.4982 0.867 -0.0095
vn -0.4134 0.9089 0.055
vn -0.3544 0.933 0.0632
vn -0.3508 0.9344 0.0614
vn -0.412 0.9096 0.0527
vn -0.3544 0.933 0.0632
vn -0.3143 0.947 0.0664
vn -0.3096 0.9487 0.0648
vn -0.3508 0.9344 0.0614
vn -0.412 0.9096 0.0527
vn -0.3508 0.9344 0.0614
vn -0.3472 0.936 0.0582
vn -0.4105 0.9105 0.0493
vn -0.3508 0.9344 0.0614
vn -0.3096 0.9487 0.0648
vn -0.3048 0.9504 0.0616
vn -0.3472 0.936 0.0582
vn -0.4932 0.869 0.0412
vn -0.415 0.9081 0.0564
vn -0.4134 0.9089 0.055
vn -0.4946 0.8683 0.0388
vn -0.415 0.9081 0.0564
vn -0.3579 0.9316 0.0641
vn -0.3544 0.933 0.0632
vn -0.4134 0.9089 0.055
vn -0.3579 0.9316 0.0641
vn -0.319 0.9454 0.067
vn -0.3143 0.947 0.0664
vn -0.3544 0.933 0.0632
vn -0.319 0.9454 0.067
vn -0.2926 0.9538 0.0681
vn -0.2876 0.9554 0.0676
vn -0.3143 0.947 0.0664
vn -0.3143 0.947 0.0664
vn -0.2876 0.9554 0.0676
vn -0.2825 0.957 0.066
vn -0.3096 0.9487 0.0648
vn -0.3096 0.9487 0.0648
vn -0.2825 0.957 0.066
vn -0.2774 0.9587 0.0626
vn -0.3048 0.9504 0.0616
vn -0.3048 0.9504 0.0616
vn -0.2774 0.9587 0.0626
vn -0.2719 0.9606 0.0572
vn -0.2995 0.9524 0.0567
vn -0.3472 0.936 0.0582
vn -0.3048 0.9504 0.0616
vn -0.2995 0.9524 0.0567
vn -0.3431 0.9378 0.0535
vn -0.4105 0.9105 0.0493
vn -0.3472 0.936 0.0582
vn -0.3431 0.9378 0.0535
vn -0.4086 0.9116 0.0447
vn -0.4979 0.8666 0.0318
vn -0.4105 0.9105 0.0493
vn -0.4086 0.9116 0.0447
vn -0.4993 0.866 0.0269
vn -0.4962 0.8675 0.0358
vn -0.412 0.9096 0.0527
vn -0.4105 0.9105 0.0493
vn -0.4979 0.8666 0.0318
vn -0.4946 0.8683 0.0388
vn -0.4134 0.9089 0.055
vn -0.412 0.9096 0.0527
vn -0.4962 0.8675 0.0358
vn 0.3953 -0.9138 -0.093
vn 0.4626 -0.884 -0.0669
vn 0.4688 -0.8789 -0.0877
vn 0.4012 -0.909 -0.1127
vn 0.4626 -0.884 -0.0669
vn 0.5235 -0.851 -0.0414
vn 0.5299 -0.8457 -0.0636
vn 0.4688 -0.8789 -0.0877
vn 0.4012 -0.909 -0.1127
vn 0.4688 -0.8789 -0.0877
vn 0.4726 -0.8746 -0.1086
vn 0.4057 -0.9045 -0.1316
vn 0.4688 -0.8789 -0.0877
vn 0.5299 -0.8457 -0.0636
vn 0.5332 -0.8415 -0.0867
vn 0.4726 -0.8746 -0.1086
vn 0.3154 -0.9438 -0.0989
vn 0.3884 -0.9186 -0.0724
vn 0.3953 -0.9138 -0.093
vn 0.3206 -0.9397 -0.1191
vn 0.3884 -0.9186 -0.0724
vn 0.455 -0.8893 -0.0457
vn 0.4626 -0.884 -0.0669
vn 0.3953 -0.9138 -0.093
vn 0.455 -0.8893 -0.0457
vn 0.5154 -0.8567 -0.0195
vn 0.5235 -0.851 -0.0414
vn 0.4626 -0.884 -0.0669
vn 0.4726 -0.8746 -0.1086
vn 0.5332 -0.8415 -0.0867
vn 0.5288 -0.841 -0.1144
vn 0.4725 -0.8717 -0.1298
vn 0.4057 -0.9045 -0.1316
vn 0.4726 -0.8746 -0.1086
vn 0.4725 -0.8717 -0.1298
vn 0.4082 -0.9005 -0.1498
vn 0.3294 -0.9312 -0.1558
vn 0.4057 -0.9045 -0.1316
vn 0.4082 -0.9005 -0.1498
vn 0.3326 -0.9272 -0.1723
vn 0.3254 -0.9355 -0.1381
vn 0.4012 -0.909 -0.1127
vn 0.4057 -0.9045 -0.1316
vn 0.3294 -0.9312 -0.1558
vn 0.3206 -0.9397 -0.1191
vn 0.3953 -0.9138 -0.093
vn 0.4012 -0.909 -0.1127
vn 0.3254 -0.9355 -0.1381
vn -0.6396 -0.7627 -0.0963
vn -0.6475 -0.759 -0.0693
vn -0.7459 -0.6644 -0.0467
vn -0.7402 -0.6682 -0.0752
vn -0.6475 -0.759 -0.0693
vn -0.6524 -0.7567 -0.042
vn -0.7477 -0.6638 -0.0175
vn -0.7459 -0.6644 -0.0467
vn -0.7402 -0.6682 -0.0752
vn -0.7459 -0.6644 -0.0467
vn -0.8249 -0.5647 -0.0239
vn -0.8213 -0.568 -0.0535
vn -0.7459 -0.6644 -0.0467
vn -0.7477 -0.6638 -0.0175
vn -0.8242 -0.5662 0.008
vn -0.8249 -0.5647 -0.0239
vn -0.5053 -0.8512 -0.142
vn -0.5155 -0.8492 -0.1146
vn -0.6396 -0.7627 -0.0963
vn -0.6298 -0.7666 -0.125
vn -0.5155 -0.8492 -0.1146
vn -0.5241 -0.847 -0.0889
vn -0.6475 -0.759 -0.0693
vn -0.6396 -0.7627 -0.0963
vn -0.5241 -0.847 -0.0889
vn -0.5308 -0.8452 -0.0628
vn -0.6524 -0.7567 -0.042
vn -0.6475 -0.759 -0.0693
vn -0.5308 -0.8452 -0.0628
vn -0.5353 -0.844 -0.0342
vn -0.6527 -0.7575 -0.0125
vn -0.6524 -0.7567 -0.042
vn -0.6524 -0.7567 -0.042
vn -0.6527 -0.7575 -0.0125
vn -0.7423 -0.67 0.0132
vn -0.7477 -0.6638 -0.0175
vn -0.7477 -0.6638 -0.0175
vn -0.7423 -0.67 0.0132
vn -0.8139 -0.5797 0.0388
vn -0.8242 -0.5662 0.008
vn -0.8242 -0.5662 0.008
vn -0.8139 -0.5797 0.0388
vn -0.8804 -0.4685 0.0731
vn -0.8882 -0.4581 0.0339
vn -0.8249 -0.5647 -0.0239
vn -0.8242 -0.5662 0.008
vn -0.8882 -0.4581 0.0339
vn -0.8889 -0.4581 -0.0013
vn -0.8213 -0.568 -0.0535
vn -0.8249 -0.5647 -0.0239
vn -0.8889 -0.4581 -0.0013
vn -0.8864 -0.4617 -0.032
vn -0.8153 -0.573 -0.0838
vn -0.8213 -0.568 -0.0535
vn -0.8864 -0.4617 -0.032
vn -0.8824 -0.4664 -0.0625
vn -0.7321 -0.6731 -0.105
vn -0.7402 -0.6682 -0.0752
vn -0.8213 -0.568 -0.0535
vn -0.8153 -0.573 -0.0838
vn -0.6298 -0.7666 -0.125
vn -0.6396 -0.7627 -0.0963
vn -0.7402 -0.6682 -0.0752
vn -0.7321 -0.6731 -0.105
vn 0.4326 -0.9016 -0.002
vn 0.3099 -0.9505 -0.0212
vn 0.3093 -0.9494 -0.0543
vn 0.4338 -0.9004 -0.0319
vn 0.3099 -0.9505 -0.0212
vn 0.1821 -0.9825 -0.0392
vn 0.183 -0.9802 -0.0753
vn 0.3093 -0.9494 -0.0543
vn 0.4338 -0.9004 -0.0319
vn 0.3093 -0.9494 -0.0543
vn 0.3062 -0.9485 -0.0814
vn 0.4308 -0.9007 -0.0552
vn 0.3093 -0.9494 -0.0543
vn 0.183 -0.9802 -0.0753
vn 0.1813 -0.978 -0.1036
vn 0.3062 -0.9485 -0.0814
vn 0.544 -0.8377 0.0488
vn 0.4289 -0.9028 0.0324
vn 0.4326 -0.9016 -0.002
vn 0.5513 -0.8342 0.0163
vn 0.4289 -0.9028 0.0324
vn 0.3103 -0.9505 0.0156
vn 0.3099 -0.9505 -0.0212
vn 0.4326 -0.9016 -0.002
vn 0.3103 -0.9505 0.0156
vn 0.1846 -0.9828 -0.0012
vn 0.1821 -0.9825 -0.0392
vn 0.3099 -0.9505 -0.0212
vn 0.1846 -0.9828 -0.0012
vn 0.0264 -0.9996 -0.012
vn 0.0442 -0.9974 -0.0561
vn 0.1821 -0.9825 -0.0392
vn 0.1821 -0.9825 -0.0392
vn 0.0442 -0.9974 -0.0561
vn 0.0506 -0.9944 -0.0924
vn 0.183 -0.9802 -0.0753
vn 0.183 -0.9802 -0.0753
vn 0.0506 -0.9944 -0.0924
vn 0.0528 -0.9914 -0.1199
vn 0.1813 -0.978 -0.1036
vn 0.1813 -0.978 -0.1036
vn 0.0528 -0.9914 -0.1199
vn 0.0531 -0.9884 -0.1421
vn 0.178 -0.976 -0.1253
vn 0.3062 -0.9485 -0.0814
vn 0.1813 -0.978 -0.1036
vn 0.178 -0.976 -0.1253
vn 0.3001 -0.9485 -0.1016
vn 0.4308 -0.9007 -0.0552
vn 0.3062 -0.9485 -0.0814
vn 0.3001 -0.9485 -0.1016
vn 0.4229 -0.9033 -0.0714
vn 0.5532 -0.8326 -0.028
vn 0.4308 -0.9007 -0.0552
vn 0.4229 -0.9033 -0.0714
vn 0.5451 -0.8375 -0.0381
vn 0.5549 -0.8319 -0.01
vn 0.4338 -0.9004 -0.0319
vn 0.4308 -0.9007 -0.0552
vn 0.5532 -0.8326 -0.028
vn 0.5513 -0.8342 0.0163
vn 0.4326 -0.9016 -0.002
vn 0.4338 -0.9004 -0.0319
vn 0.5549 -0.8319 -0.01
vn -0.9971 0.0522 0.0551
vn -0.9952 0.0503 0.0844
vn -0.9846 0.1447 0.0986
vn -0.9866 0.1476 0.0697
vn -0.9952 0.0503 0.0844
vn -0.992 0.0476 0.1172
vn -0.9813 0.1407 0.1309
vn -0.9846 0.1447 0.0986
vn -0.9866 0.1476 0.0697
vn -0.9846 0.1447 0.0986
vn -0.9654 0.2352 0.1124
vn -0.9674 0.2389 0.084
vn -0.9846 0.1447 0.0986
vn -0.9813 0.1407 0.1309
vn -0.9624 0.2303 0.1443
vn -0.9654 0.2352 0.1124
vn -0.9988 -0.0474 0.0118
vn -0.9981 -0.047 0.0398
vn -0.9971 0.0522 0.0551
vn -0.9982 0.0532 0.0279
vn -0.9981 -0.047 0.0398
vn -0.9964 -0.0474 0.0697
vn -0.9952 0.0503 0.0844
vn -0.9971 0.0522 0.0551
vn -0.9964 -0.0474 0.0697
vn -0.9935 -0.0486 0.1028
vn -0.992 0.0476 0.1172
vn -0.9952 0.0503 0.0844
vn -0.9935 -0.0486 0.1028
vn -0.9888 -0.0506 0.1401
vn -0.9871 0.0439 0.1542
vn -0.992 0.0476 0.1172
vn -0.992 0.0476 0.1172
vn -0.9871 0.0439 0.1542
vn -0.9764 0.1358 0.1677
vn -0.9813 0.1407 0.1309
vn -0.9813 0.1407 0.1309
vn -0.9764 0.1358 0.1677
vn -0.9577 0.2241 0.1806
vn -0.9624 0.2303 0.1443
vn -0.9624 0.2303 0.1443
vn -0.9577 0.2241 0.1806
vn -0.9314 0.3087 0.1927
vn -0.9355 0.3164 0.1572
vn -0.9654 0.2352 0.1124
vn -0.9624 0.2303 0.1443
vn -0.9355 0.3164 0.1572
vn -0.9382 0.3222 0.1261
vn -0.9674 0.2389 0.084
vn -0.9654 0.2352 0.1124
vn -0.9382 0.3222 0.1261
vn -0.9401 0.3264 0.0983
vn -0.9687 0.2415 0.0578
vn -0.9674 0.2389 0.084
vn -0.9401 0.3264 0.0983
vn -0.9414 0.3295 0.0727
vn -0.9878 0.1497 0.043
vn -0.9866 0.1476 0.0697
vn -0.9674 0.2389 0.084
vn -0.9687 0.2415 0.0578
vn -0.9982 0.0532 0.0279
vn -0.9971 0.0522 0.0551
vn -0.9866 0.1476 0.0697
vn -0.9878 0.1497 0.043
vn -0.9049 0.4104 0.1128
vn -0.9034 0.4055 0.1396
vn -0.8616 0.4841 0.1523
vn -0.8626 0.4898 0.1268
vn -0.9034 0.4055 0.1396
vn -0.9013 0.3987 0.1694
vn -0.8605 0.4764 0.1803
vn -0.8616 0.4841 0.1523
vn -0.8626 0.4898 0.1268
vn -0.8616 0.4841 0.1523
vn -0.8144 0.5567 0.1638
vn -0.8146 0.5629 0.1397
vn -0.8616 0.4841 0.1523
vn -0.8605 0.4764 0.1803
vn -0.8144 0.5484 0.1898
vn -0.8144 0.5567 0.1638
vn -0.9414 0.3295 0.0727
vn -0.9401 0.3264 0.0983
vn -0.9049 0.4104 0.1128
vn -0.906 0.414 0.0877
vn -0.9401 0.3264 0.0983
vn -0.9382 0.3222 0.1261
vn -0.9034 0.4055 0.1396
vn -0.9049 0.4104 0.1128
vn -0.9382 0.3222 0.1261
vn -0.9355 0.3164 0.1572
vn -0.9013 0.3987 0.1694
vn -0.9034 0.4055 0.1396
vn -0.9355 0.3164 0.1572
vn -0.9314 0.3087 0.1927
vn -0.8983 0.3895 0.2032
vn -0.9013 0.3987 0.1694
vn -0.9013 0.3987 0.1694
vn -0.8983 0.3895 0.2032
vn -0.8591 0.4659 0.2119
vn -0.8605 0.4764 0.1803
vn -0.8605 0.4764 0.1803
vn -0.8591 0.4659 0.2119
vn -0.8145 0.5373 0.2188
vn -0.8144 0.5484 0.1898
vn -0.8144 0.5484 0.1898
vn -0.8145 0.5373 0.2188
vn -0.7644 0.6043 0.2249
vn -0.7633 0.6149 0.1982
vn -0.8144 0.5567 0.1638
vn -0.8144 0.5484 0.1898
vn -0.7633 0.6149 0.1982
vn -0.7625 0.6231 0.1742
vn -0.8146 0.5629 0.1397
vn -0.8144 0.5567 0.1638
vn -0.7625 0.6231 0.1742
vn -0.7621 0.6295 0.1516
vn -0.8148 0.5679 0.1165
vn -0.8146 0.5629 0.1397
vn -0.7621 0.6295 0.1516
vn -0.7618 0.6348 0.1293
vn -0.8633 0.4941 0.1026
vn -0.8626 0.4898 0.1268
vn -0.8146 0.5629 0.1397
vn -0.8148 0.5679 0.1165
vn -0.906 0.414 0.0877
vn -0.9049 0.4104 0.1128
vn -0.8626 0.4898 0.1268
vn -0.8633 0.4941 0.1026
vn -0.9353 -0.3538 -0.0116
vn -0.9365 -0.3502 0.0199
vn -0.9683 -0.2469 0.0382
vn -0.9684 -0.2493 0.0068
vn -0.9365 -0.3502 0.0199
vn -0.9359 -0.348 0.0549
vn -0.9669 -0.2447 0.0722
vn -0.9683 -0.2469 0.0382
vn -0.9684 -0.2493 0.0068
vn -0.9683 -0.2469 0.0382
vn -0.9877 -0.1467 0.0544
vn -0.9887 -0.1477 0.0237
vn -0.9683 -0.2469 0.0382
vn -0.9669 -0.2447 0.0722
vn -0.9853 -0.1463 0.088
vn -0.9877 -0.1467 0.0544
vn -0.8824 -0.4664 -0.0625
vn -0.8864 -0.4617 -0.032
vn -0.9353 -0.3538 -0.0116
vn -0.9328 -0.3579 -0.042
vn -0.8864 -0.4617 -0.032
vn -0.8889 -0.4581 -0.0013
vn -0.9365 -0.3502 0.0199
vn -0.9353 -0.3538 -0.0116
vn -0.8889 -0.4581 -0.0013
vn -0.8882 -0.4581 0.0339
vn -0.9359 -0.348 0.0549
vn -0.9365 -0.3502 0.0199
vn -0.8882 -0.4581 0.0339
vn -0.8804 -0.4685 0.0731
vn -0.9347 -0.3433 0.0919
vn -0.9359 -0.348 0.0549
vn -0.9359 -0.348 0.0549
vn -0.9347 -0.3433 0.0919
vn -0.9643 -0.2411 0.1097
vn -0.9669 -0.2447 0.0722
vn -0.9669 -0.2447 0.0722
vn -0.9643 -0.2411 0.1097
vn -0.9813 -0.1459 0.1254
vn -0.9853 -0.1463 0.088
vn -0.9853 -0.1463 0.088
vn -0.9813 -0.1459 0.1254
vn -0.9888 -0.0506 0.1401
vn -0.9935 -0.0486 0.1028
vn -0.9877 -0.1467 0.0544
vn -0.9853 -0.1463 0.088
vn -0.9935 -0.0486 0.1028
vn -0.9964 -0.0474 0.0697
vn -0.9887 -0.1477 0.0237
vn -0.9877 -0.1467 0.0544
vn -0.9964 -0.0474 0.0697
vn -0.9981 -0.047 0.0398
vn -0.9887 -0.1496 -0.0051
vn -0.9887 -0.1477 0.0237
vn -0.9981 -0.047 0.0398
vn -0.9988 -0.0474 0.0118
vn -0.9674 -0.2524 -0.0229
vn -0.9684 -0.2493 0.0068
vn -0.9887 -0.1477 0.0237
vn -0.9887 -0.1496 -0.0051
vn -0.9328 -0.3579 -0.042
vn -0.9353 -0.3538 -0.0116
vn -0.9684 -0.2493 0.0068
vn -0.9674 -0.2524 -0.0229
vn -0.703 0.6922 0.1632
vn -0.7037 0.6861 0.1845
vn -0.6354 0.7471 0.1953
vn -0.6347 0.7527 0.1751
vn -0.7037 0.6861 0.1845
vn -0.7048 0.6786 0.2068
vn -0.6364 0.7404 0.2162
vn -0.6354 0.7471 0.1953
vn -0.6347 0.7527 0.1751
vn -0.6354 0.7471 0.1953
vn -0.5588 0.8032 0.2063
vn -0.5583 0.8082 0.1871
vn -0.6354 0.7471 0.1953
vn -0.6364 0.7404 0.2162
vn -0.5595 0.7974 0.226
vn -0.5588 0.8032 0.2063
vn -0.7618 0.6348 0.1293
vn -0.7621 0.6295 0.1516
vn -0.703 0.6922 0.1632
vn -0.7024 0.6975 0.1419
vn -0.7621 0.6295 0.1516
vn -0.7625 0.6231 0.1742
vn -0.7037 0.6861 0.1845
vn -0.703 0.6922 0.1632
vn -0.7625 0.6231 0.1742
vn -0.7633 0.6149 0.1982
vn -0.7048 0.6786 0.2068
vn -0.7037 0.6861 0.1845
vn -0.7633 0.6149 0.1982
vn -0.7644 0.6043 0.2249
vn -0.7062 0.6691 0.2314
vn -0.7048 0.6786 0.2068
vn -0.7048 0.6786 0.2068
vn -0.7062 0.6691 0.2314
vn -0.6378 0.7322 0.239
vn -0.6364 0.7404 0.2162
vn -0.6364 0.7404 0.2162
vn -0.6378 0.7322 0.239
vn -0.5606 0.7903 0.2473
vn -0.5595 0.7974 0.226
vn -0.5595 0.7974 0.226
vn -0.5606 0.7903 0.2473
vn -0.4807 0.8389 0.2553
vn -0.4799 0.8452 0.2351
vn -0.5588 0.8032 0.2063
vn -0.5595 0.7974 0.226
vn -0.4799 0.8452 0.2351
vn -0.4796 0.8504 0.2165
vn -0.5583 0.8082 0.1871
vn -0.5588 0.8032 0.2063
vn -0.4796 0.8504 0.2165
vn -0.4796 0.8549 0.198
vn -0.5581 0.8127 0.1674
vn -0.5583 0.8082 0.1871
vn -0.4796 0.8549 0.198
vn -0.4797 0.859 0.1789
vn -0.6341 0.7576 0.1547
vn -0.6347 0.7527 0.1751
vn -0.5583 0.8082 0.1871
vn -0.5581 0.8127 0.1674
vn -0.7024 0.6975 0.1419
vn -0.703 0.6922 0.1632
vn -0.6347 0.7527 0.1751
vn -0.6341 0.7576 0.1547
vn -0.083 -0.9881 -0.1293
vn -0.0893 -0.9907 -0.1029
vn -0.2344 -0.9664 -0.1058
vn -0.2264 -0.9651 -0.1318
vn -0.0893 -0.9907 -0.1029
vn -0.1005 -0.9924 -0.0705
vn -0.2449 -0.9665 -0.0768
vn -0.2344 -0.9664 -0.1058
vn -0.2264 -0.9651 -0.1318
vn -0.2344 -0.9664 -0.1058
vn -0.3818 -0.9187 -0.1015
vn -0.3734 -0.919 -0.1269
vn -0.2344 -0.9664 -0.1058
vn -0.2449 -0.9665 -0.0768
vn -0.3898 -0.9179 -0.0747
vn -0.3818 -0.9187 -0.1015
vn 0.0531 -0.9884 -0.1421
vn 0.0528 -0.9914 -0.1199
vn -0.083 -0.9881 -0.1293
vn -0.0789 -0.9851 -0.1525
vn 0.0528 -0.9914 -0.1199
vn 0.0506 -0.9944 -0.0924
vn -0.0893 -0.9907 -0.1029
vn -0.083 -0.9881 -0.1293
vn 0.0506 -0.9944 -0.0924
vn 0.0442 -0.9974 -0.0561
vn -0.1005 -0.9924 -0.0705
vn -0.0893 -0.9907 -0.1029
vn 0.0442 -0.9974 -0.0561
vn 0.0264 -0.9996 -0.012
vn -0.125 -0.9915 -0.036
vn -0.1005 -0.9924 -0.0705
vn -0.1005 -0.9924 -0.0705
vn -0.125 -0.9915 -0.036
vn -0.2618 -0.9641 -0.0445
vn -0.2449 -0.9665 -0.0768
vn -0.2449 -0.9665 -0.0768
vn -0.2618 -0.9641 -0.0445
vn -0.3989 -0.9159 -0.045
vn -0.3898 -0.9179 -0.0747
vn -0.3898 -0.9179 -0.0747
vn -0.3989 -0.9159 -0.045
vn -0.5353 -0.844 -0.0342
vn -0.5308 -0.8452 -0.0628
vn -0.3818 -0.9187 -0.1015
vn -0.3898 -0.9179 -0.0747
vn -0.5308 -0.8452 -0.0628
vn -0.5241 -0.847 -0.0889
vn -0.3734 -0.919 -0.1269
vn -0.3818 -0.9187 -0.1015
vn -0.5241 -0.847 -0.0889
vn -0.5155 -0.8492 -0.1146
vn -0.3642 -0.9187 -0.1528
vn -0.3734 -0.919 -0.1269
vn -0.5155 -0.8492 -0.1146
vn -0.5053 -0.8512 -0.142
vn -0.2193 -0.9631 -0.1563
vn -0.2264 -0.9651 -0.1318
vn -0.3734 -0.919 -0.1269
vn -0.3642 -0.9187 -0.1528
vn -0.0789 -0.9851 -0.1525
vn -0.083 -0.9881 -0.1293
vn -0.2264 -0.9651 -0.1318
vn -0.2193 -0.9631 -0.1563
vn 0.3992 -0.9006 0.1718
vn 0.2959 -0.941 0.164
vn 0.3078 -0.9456 0.1052
vn 0.4144 -0.9027 0.1158
vn 0.2959 -0.941 0.164
vn 0.1978 -0.9667 0.1626
vn 0.2048 -0.9737 0.1002
vn 0.3078 -0.9456 0.1052
vn 0.4144 -0.9027 0.1158
vn 0.3078 -0.9456 0.1052
vn 0.3111 -0.9487 0.0567
vn 0.4233 -0.9032 0.0708
vn 0.3078 -0.9456 0.1052
vn 0.2048 -0.9737 0.1002
vn 0.1974 -0.9793 0.0442
vn 0.3111 -0.9487 0.0567
vn 0.478 -0.8389 0.2604
vn 0.3744 -0.8947 0.2438
vn 0.3992 -0.9006 0.1718
vn 0.5042 -0.843 0.1875
vn 0.3744 -0.8947 0.2438
vn 0.2728 -0.9322 0.2378
vn 0.2959 -0.941 0.164
vn 0.3992 -0.9006 0.1718
vn 0.2728 -0.9322 0.2378
vn 0.1779 -0.9547 0.2386
vn 0.1978 -0.9667 0.1626
vn 0.2959 -0.941 0.164
vn 0.1779 -0.9547 0.2386
vn 0.0882 -0.9663 0.2419
vn 0.1023 -0.9809 0.1655
vn 0.1978 -0.9667 0.1626
vn 0.1978 -0.9667 0.1626
vn 0.1023 -0.9809 0.1655
vn 0.1011 -0.9896 0.1019
vn 0.2048 -0.9737 0.1002
vn 0.2048 -0.9737 0.1002
vn 0.1011 -0.9896 0.1019
vn 0.0798 -0.9959 0.0423
vn 0.1974 -0.9793 0.0442
vn 0.1974 -0.9793 0.0442
vn 0.0798 -0.9959 0.0423
vn 0.0264 -0.9996 -0.012
vn 0.1846 -0.9828 -0.0012
vn 0.3111 -0.9487 0.0567
vn 0.1974 -0.9793 0.0442
vn 0.1846 -0.9828 -0.0012
vn 0.3103 -0.9505 0.0156
vn 0.4233 -0.9032 0.0708
vn 0.3111 -0.9487 0.0567
vn 0.3103 -0.9505 0.0156
vn 0.4289 -0.9028 0.0324
vn 0.5343 -0.8409 0.0864
vn 0.4233 -0.9032 0.0708
vn 0.4289 -0.9028 0.0324
vn 0.544 -0.8377 0.0488
vn 0.5217 -0.843 0.1311
vn 0.4144 -0.9027 0.1158
vn 0.4233 -0.9032 0.0708
vn 0.5343 -0.8409 0.0864
vn 0.5042 -0.843 0.1875
vn 0.3992 -0.9006 0.1718
vn 0.4144 -0.9027 0.1158
vn 0.5217 -0.843 0.1311
vn -0.5757 -0.7748 -0.2612
vn -0.6822 -0.6888 -0.2452
vn -0.6727 -0.6904 -0.2662
vn -0.5668 -0.7745 -0.281
vn -0.6822 -0.6888 -0.2452
vn -0.7729 -0.5932 -0.2253
vn -0.7638 -0.5964 -0.247
vn -0.6727 -0.6904 -0.2662
vn -0.5668 -0.7745 -0.281
vn -0.6727 -0.6904 -0.2662
vn -0.6641 -0.692 -0.283
vn -0.5592 -0.7741 -0.2968
vn -0.6727 -0.6904 -0.2662
vn -0.7638 -0.5964 -0.247
vn -0.7553 -0.5996 -0.2647
vn -0.6641 -0.692 -0.283
vn -0.462 -0.8511 -0.2494
vn -0.5858 -0.7747 -0.2381
vn -0.5757 -0.7748 -0.2612
vn -0.4533 -0.8492 -0.271
vn -0.5858 -0.7747 -0.2381
vn -0.6924 -0.6868 -0.2211
vn -0.6822 -0.6888 -0.2452
vn -0.5757 -0.7748 -0.2612
vn -0.6924 -0.6868 -0.2211
vn -0.7822 -0.5898 -0.2006
vn -0.7729 -0.5932 -0.2253
vn -0.6822 -0.6888 -0.2452
vn -0.7822 -0.5898 -0.2006
vn -0.8563 -0.4848 -0.1782
vn -0.8483 -0.4891 -0.203
vn -0.7729 -0.5932 -0.2253
vn -0.7729 -0.5932 -0.2253
vn -0.8483 -0.4891 -0.203
vn -0.8402 -0.4934 -0.2251
vn -0.7638 -0.5964 -0.247
vn -0.7638 -0.5964 -0.247
vn -0.8402 -0.4934 -0.2251
vn -0.8324 -0.4979 -0.2433
vn -0.7553 -0.5996 -0.2647
vn -0.7553 -0.5996 -0.2647
vn -0.8324 -0.4979 -0.2433
vn -0.8255 -0.5025 -0.257
vn -0.7477 -0.6032 -0.2776
vn -0.6641 -0.692 -0.283
vn -0.7553 -0.5996 -0.2647
vn -0.7477 -0.6032 -0.2776
vn -0.6566 -0.6941 -0.2952
vn -0.5592 -0.7741 -0.2968
vn -0.6641 -0.692 -0.283
vn -0.6566 -0.6941 -0.2952
vn -0.5528 -0.7742 -0.3083
vn -0.4412 -0.8443 -0.3042
vn -0.5592 -0.7741 -0.2968
vn -0.5528 -0.7742 -0.3083
vn -0.4372 -0.8423 -0.3152
vn -0.4464 -0.8468 -0.2894
vn -0.5668 -0.7745 -0.281
vn -0.5592 -0.7741 -0.2968
vn -0.4412 -0.8443 -0.3042
vn -0.4533 -0.8492 -0.271
vn -0.5757 -0.7748 -0.2612
vn -0.5668 -0.7745 -0.281
vn -0.4464 -0.8468 -0.2894
vn -0.4145 0.9029 0.114
vn -0.3651 0.9226 0.1242
vn -0.3671 0.9232 0.1138
vn -0.4167 0.9032 0.103
vn -0.3651 0.9226 0.1242
vn -0.3309 0.9345 0.1312
vn -0.3327 0.9352 0.1213
vn -0.3671 0.9232 0.1138
vn -0.4167 0.9032 0.103
vn -0.3671 0.9232 0.1138
vn -0.3685 0.924 0.102
vn -0.4186 0.9036 0.0915
vn -0.3671 0.9232 0.1138
vn -0.3327 0.9352 0.1213
vn -0.3339 0.9363 0.1089
vn -0.3685 0.924 0.102
vn -0.4805 0.8698 0.1118
vn -0.4129 0.9022 0.1246
vn -0.4145 0.9029 0.114
vn -0.4823 0.8703 0.0995
vn -0.4129 0.9022 0.1246
vn -0.3637 0.9219 0.1332
vn -0.3651 0.9226 0.1242
vn -0.4145 0.9029 0.114
vn -0.3637 0.9219 0.1332
vn -0.3297 0.9338 0.1389
vn -0.3309 0.9345 0.1312
vn -0.3651 0.9226 0.1242
vn -0.3297 0.9338 0.1389
vn -0.3059 0.9413 0.1427
vn -0.3069 0.942 0.136
vn -0.3309 0.9345 0.1312
vn -0.3309 0.9345 0.1312
vn -0.3069 0.942 0.136
vn -0.3084 0.9428 0.1264
vn -0.3327 0.9352 0.1213
vn -0.3327 0.9352 0.1213
vn -0.3084 0.9428 0.1264
vn -0.3093 0.9442 0.1134
vn -0.3339 0.9363 0.1089
vn -0.3339 0.9363 0.1089
vn -0.3093 0.9442 0.1134
vn -0.3086 0.9461 0.0984
vn -0.3336 0.9379 0.095
vn -0.3685 0.924 0.102
vn -0.3339 0.9363 0.1089
vn -0.3336 0.9379 0.095
vn -0.3687 0.9252 0.0895
vn -0.4186 0.9036 0.0915
vn -0.3685 0.924 0.102
vn -0.3687 0.9252 0.0895
vn -0.4196 0.9042 0.0802
vn -0.4871 0.87 0.076
vn -0.4186 0.9036 0.0915
vn -0.4196 0.9042 0.0802
vn -0.4891 0.8698 0.0653
vn -0.4847 0.8703 0.0876
vn -0.4167 0.9032 0.103
vn -0.4186 0.9036 0.0915
vn -0.4871 0.87 0.076
vn -0.4823 0.8703 0.0995
vn -0.4145 0.9029 0.114
vn -0.4167 0.9032 0.103
vn -0.4847 0.8703 0.0876
vn -0.3122 0.9032 0.2945
vn -0.3562 0.8884 0.2896
vn -0.3483 0.8806 0.3211
vn -0.2979 0.8942 0.3341
vn -0.3562 0.8884 0.2896
vn -0.4106 0.8665 0.284
vn -0.4078 0.8586 0.3107
vn -0.3483 0.8806 0.3211
vn -0.2979 0.8942 0.3341
vn -0.3483 0.8806 0.3211
vn -0.3309 0.8733 0.3575
vn -0.2603 0.8866 0.3824
vn -0.3483 0.8806 0.3211
vn -0.4078 0.8586 0.3107
vn -0.4007 0.8505 0.3408
vn -0.3309 0.8733 0.3575
vn -0.2302 0.9332 0.2759
vn -0.3157 0.9097 0.2699
vn -0.3122 0.9032 0.2945
vn -0.2596 0.9184 0.2984
vn -0.3157 0.9097 0.2699
vn -0.3585 0.8948 0.2661
vn -0.3562 0.8884 0.2896
vn -0.3122 0.9032 0.2945
vn -0.3585 0.8948 0.2661
vn -0.4109 0.8734 0.2615
vn -0.4106 0.8665 0.284
vn -0.3562 0.8884 0.2896
vn -0.4109 0.8734 0.2615
vn -0.4807 0.8389 0.2553
vn -0.4815 0.8313 0.2777
vn -0.4106 0.8665 0.284
vn -0.4106 0.8665 0.284
vn -0.4815 0.8313 0.2777
vn -0.4815 0.8225 0.3029
vn -0.4078 0.8586 0.3107
vn -0.4078 0.8586 0.3107
vn -0.4815 0.8225 0.3029
vn -0.4801 0.8125 0.3306
vn -0.4007 0.8505 0.3408
vn -0.2402 0.9066 0.3469
vn -0.2979 0.8942 0.3341
vn -0.2603 0.8866 0.3824
vn -0.1752 0.899 0.4014
vn -0.2596 0.9184 0.2984
vn -0.3122 0.9032 0.2945
vn -0.2979 0.8942 0.3341
vn -0.2402 0.9066 0.3469
vn 0.5186 -0.845 -0.1307
vn 0.518 -0.8456 -0.1294
vn 0.4725 -0.8683 -0.151
vn 0.4703 -0.8704 -0.1454
vn 0.518 -0.8456 -0.1294
vn 0.5335 -0.8374 -0.1191
vn 0.4828 -0.8627 -0.1504
vn 0.4725 -0.8683 -0.151
vn 0.4703 -0.8704 -0.1454
vn 0.4725 -0.8683 -0.151
vn 0.4124 -0.8941 -0.1745
vn 0.4094 -0.8973 -0.1649
vn 0.4725 -0.8683 -0.151
vn 0.4828 -0.8627 -0.1504
vn 0.4193 -0.8899 -0.1797
vn 0.4124 -0.8941 -0.1745
vn 0.5335 -0.8374 -0.1191
vn 0.5555 -0.8238 -0.1129
vn 0.4987 -0.8539 -0.1486
vn 0.4828 -0.8627 -0.1504
vn 0.4828 -0.8627 -0.1504
vn 0.4987 -0.8539 -0.1486
vn 0.4304 -0.8842 -0.1815
vn 0.4193 -0.8899 -0.1797
vn 0.4193 -0.8899 -0.1797
vn 0.4304 -0.8842 -0.1815
vn 0.3513 -0.9123 -0.2106
vn 0.3434 -0.9163 -0.2059
vn 0.4124 -0.8941 -0.1745
vn 0.4193 -0.8899 -0.1797
vn 0.3434 -0.9163 -0.2059
vn 0.3384 -0.92 -0.198
vn 0.4094 -0.8973 -0.1649
vn 0.4124 -0.8941 -0.1745
vn 0.3384 -0.92 -0.198
vn 0.3352 -0.9235 -0.1867
vn 0.4082 -0.9005 -0.1498
vn 0.4094 -0.8973 -0.1649
vn 0.3352 -0.9235 -0.1867
vn 0.3326 -0.9272 -0.1723
vn 0.4725 -0.8717 -0.1298
vn 0.4703 -0.8704 -0.1454
vn 0.4094 -0.8973 -0.1649
vn 0.4082 -0.9005 -0.1498
vn 0.5288 -0.841 -0.1144
vn 0.5186 -0.845 -0.1307
vn 0.4703 -0.8704 -0.1454
vn 0.4725 -0.8717 -0.1298
vn -0.4193 0.9051 0.0704
vn -0.3674 0.9268 0.0784
vn -0.3647 0.9284 0.0705
vn -0.4182 0.9062 0.0631
vn -0.3674 0.9268 0.0784
vn -0.3314 0.9399 0.0825
vn -0.3279 0.9418 0.0736
vn -0.3647 0.9284 0.0705
vn -0.4182 0.9062 0.0631
vn -0.3647 0.9284 0.0705
vn -0.3614 0.9301 0.0659
vn -0.4166 0.9072 0.0586
vn -0.3647 0.9284 0.0705
vn -0.3279 0.9418 0.0736
vn -0.3236 0.9437 0.0687
vn -0.3614 0.9301 0.0659
vn -0.4891 0.8698 0.0653
vn -0.4196 0.9042 0.0802
vn -0.4193 0.9051 0.0704
vn -0.4904 0.8697 0.0562
vn -0.4196 0.9042 0.0802
vn -0.3687 0.9252 0.0895
vn -0.3674 0.9268 0.0784
vn -0.4193 0.9051 0.0704
vn -0.3687 0.9252 0.0895
vn -0.3336 0.9379 0.095
vn -0.3314 0.9399 0.0825
vn -0.3674 0.9268 0.0784
vn -0.3336 0.9379 0.095
vn -0.3086 0.9461 0.0984
vn -0.3061 0.9482 0.0847
vn -0.3314 0.9399 0.0825
vn -0.3314 0.9399 0.0825
vn -0.3061 0.9482 0.0847
vn -0.3023 0.9503 0.075
vn -0.3279 0.9418 0.0736
vn -0.3279 0.9418 0.0736
vn -0.3023 0.9503 0.075
vn -0.2976 0.9521 0.0698
vn -0.3236 0.9437 0.0687
vn -0.3236 0.9437 0.0687
vn -0.2976 0.9521 0.0698
vn -0.2926 0.9538 0.0681
vn -0.319 0.9454 0.067
vn -0.3614 0.9301 0.0659
vn -0.3236 0.9437 0.0687
vn -0.319 0.9454 0.067
vn -0.3579 0.9316 0.0641
vn -0.4166 0.9072 0.0586
vn -0.3614 0.9301 0.0659
vn -0.3579 0.9316 0.0641
vn -0.415 0.9081 0.0564
vn -0.4921 0.8694 0.0442
vn -0.4166 0.9072 0.0586
vn -0.415 0.9081 0.0564
vn -0.4932 0.869 0.0412
vn -0.4913 0.8696 0.0491
vn -0.4182 0.9062 0.0631
vn -0.4166 0.9072 0.0586
vn -0.4921 0.8694 0.0442
vn -0.4904 0.8697 0.0562
vn -0.4193 0.9051 0.0704
vn -0.4182 0.9062 0.0631
vn -0.4913 0.8696 0.0491
vn -0.5472 -0.775 -0.316
vn -0.65 -0.6967 -0.3035
vn -0.644 -0.6998 -0.3092
vn -0.542 -0.7767 -0.3208
vn -0.65 -0.6967 -0.3035
vn -0.741 -0.6071 -0.2868
vn -0.7349 -0.6114 -0.2935
vn -0.644 -0.6998 -0.3092
vn -0.542 -0.7767 -0.3208
vn -0.644 -0.6998 -0.3092
vn -0.6384 -0.7035 -0.3124
vn -0.5372 -0.7792 -0.3229
vn -0.644 -0.6998 -0.3092
vn -0.7349 -0.6114 -0.2935
vn -0.7292 -0.616 -0.2981
vn -0.6384 -0.7035 -0.3124
vn -0.4372 -0.8423 -0.3152
vn -0.5528 -0.7742 -0.3083
vn -0.5472 -0.775 -0.316
vn -0.4337 -0.8413 -0.3228
vn -0.5528 -0.7742 -0.3083
vn -0.6566 -0.6941 -0.2952
vn -0.65 -0.6967 -0.3035
vn -0.5472 -0.775 -0.316
vn -0.6566 -0.6941 -0.2952
vn -0.7477 -0.6032 -0.2776
vn -0.741 -0.6071 -0.2868
vn -0.65 -0.6967 -0.3035
vn -0.7477 -0.6032 -0.2776
vn -0.8255 -0.5025 -0.257
vn -0.8193 -0.5074 -0.2671
vn -0.741 -0.6071 -0.2868
vn -0.741 -0.6071 -0.2868
vn -0.8193 -0.5074 -0.2671
vn -0.8134 -0.5126 -0.2749
vn -0.7349 -0.6114 -0.2935
vn -0.7349 -0.6114 -0.2935
vn -0.8134 -0.5126 -0.2749
vn -0.808 -0.5179 -0.2808
vn -0.7292 -0.616 -0.2981
vn -0.7292 -0.616 -0.2981
vn -0.808 -0.5179 -0.2808
vn -0.8031 -0.5234 -0.2848
vn -0.724 -0.621 -0.3005
vn -0.6384 -0.7035 -0.3124
vn -0.7292 -0.616 -0.2981
vn -0.724 -0.621 -0.3005
vn -0.6333 -0.7077 -0.3132
vn -0.5372 -0.7792 -0.3229
vn -0.6384 -0.7035 -0.3124
vn -0.6333 -0.7077 -0.3132
vn -0.5328 -0.7825 -0.3223
vn -0.427 -0.8425 -0.3285
vn -0.5372 -0.7792 -0.3229
vn -0.5328 -0.7825 -0.3223
vn -0.424 -0.8447 -0.3266
vn -0.4302 -0.8413 -0.3273
vn -0.542 -0.7767 -0.3208
vn -0.5372 -0.7792 -0.3229
vn -0.427 -0.8425 -0.3285
vn -0.4337 -0.8413 -0.3228
vn -0.5472 -0.775 -0.316
vn -0.542 -0.7767 -0.3208
vn -0.4302 -0.8413 -0.3273
vn -0.9779 0.0135 -0.2088
vn -0.9791 0.0181 -0.2025
vn -0.9751 0.1241 -0.1838
vn -0.9744 0.1197 -0.1904
vn -0.9791 0.0181 -0.2025
vn -0.9804 0.0226 -0.1957
vn -0.9759 0.1282 -0.1767
vn -0.9751 0.1241 -0.1838
vn -0.9744 0.1197 -0.1904
vn -0.9751 0.1241 -0.1838
vn -0.9608 0.2227 -0.165
vn -0.9606 0.2185 -0.1718
vn -0.9751 0.1241 -0.1838
vn -0.9759 0.1282 -0.1767
vn -0.9611 0.2265 -0.1579
vn -0.9608 0.2227 -0.165
vn -0.9668 -0.1067 -0.2321
vn -0.9686 -0.1014 -0.227
vn -0.9779 0.0135 -0.2088
vn -0.9767 0.0086 -0.2146
vn -0.9686 -0.1014 -0.227
vn -0.9704 -0.0962 -0.2213
vn -0.9791 0.0181 -0.2025
vn -0.9779 0.0135 -0.2088
vn -0.9704 -0.0962 -0.2213
vn -0.9723 -0.0913 -0.215
vn -0.9804 0.0226 -0.1957
vn -0.9791 0.0181 -0.2025
vn -0.9723 -0.0913 -0.215
vn -0.9743 -0.0865 -0.2081
vn -0.9818 0.0267 -0.1883
vn -0.9804 0.0226 -0.1957
vn -0.9804 0.0226 -0.1957
vn -0.9818 0.0267 -0.1883
vn -0.9767 0.1319 -0.1691
vn -0.9759 0.1282 -0.1767
vn -0.9759 0.1282 -0.1767
vn -0.9767 0.1319 -0.1691
vn -0.9615 0.23 -0.1502
vn -0.9611 0.2265 -0.1579
vn -0.9611 0.2265 -0.1579
vn -0.9615 0.23 -0.1502
vn -0.937 0.3237 -0.1313
vn -0.937 0.3207 -0.1388
vn -0.9608 0.2227 -0.165
vn -0.9611 0.2265 -0.1579
vn -0.937 0.3207 -0.1388
vn -0.9371 0.3172 -0.1459
vn -0.9606 0.2185 -0.1718
vn -0.9608 0.2227 -0.165
vn -0.9371 0.3172 -0.1459
vn -0.9373 0.3133 -0.1526
vn -0.9605 0.214 -0.1781
vn -0.9606 0.2185 -0.1718
vn -0.9373 0.3133 -0.1526
vn -0.9377 0.309 -0.159
vn -0.9737 0.115 -0.1966
vn -0.9744 0.1197 -0.1904
vn -0.9606 0.2185 -0.1718
vn -0.9605 0.214 -0.1781
vn -0.9767 0.0086 -0.2146
vn -0.9779 0.0135 -0.2088
vn -0.9744 0.1197 -0.1904
vn -0.9737 0.115 -0.1966
vn -0.9052 0.4037 -0.1329
vn -0.9045 0.4074 -0.1263
vn -0.8653 0.4898 -0.1065
vn -0.8668 0.4856 -0.113
vn -0.9045 0.4074 -0.1263
vn -0.9039 0.4107 -0.1194
vn -0.8641 0.4934 -0.0998
vn -0.8653 0.4898 -0.1065
vn -0.8668 0.4856 -0.113
vn -0.8653 0.4898 -0.1065
vn -0.8233 0.561 -0.0865
vn -0.826 0.556 -0.0928
vn -0.8653 0.4898 -0.1065
vn -0.8641 0.4934 -0.0998
vn -0.8209 0.5655 -0.08
vn -0.8233 0.561 -0.0865
vn -0.9377 0.309 -0.159
vn -0.9373 0.3133 -0.1526
vn -0.9052 0.4037 -0.1329
vn -0.9061 0.3994 -0.1392
vn -0.9373 0.3133 -0.1526
vn -0.9371 0.3172 -0.1459
vn -0.9045 0.4074 -0.1263
vn -0.9052 0.4037 -0.1329
vn -0.9371 0.3172 -0.1459
vn -0.937 0.3207 -0.1388
vn -0.9039 0.4107 -0.1194
vn -0.9045 0.4074 -0.1263
vn -0.937 0.3207 -0.1388
vn -0.937 0.3237 -0.1313
vn -0.9035 0.4136 -0.1121
vn -0.9039 0.4107 -0.1194
vn -0.9039 0.4107 -0.1194
vn -0.9035 0.4136 -0.1121
vn -0.8631 0.4965 -0.0927
vn -0.8641 0.4934 -0.0998
vn -0.8641 0.4934 -0.0998
vn -0.8631 0.4965 -0.0927
vn -0.8188 0.5693 -0.0731
vn -0.8209 0.5655 -0.08
vn -0.8209 0.5655 -0.08
vn -0.8188 0.5693 -0.0731
vn -0.7731 0.6321 -0.053
vn -0.7766 0.6271 -0.0594
vn -0.8233 0.561 -0.0865
vn -0.8209 0.5655 -0.08
vn -0.7766 0.6271 -0.0594
vn -0.7806 0.6215 -0.0657
vn -0.826 0.556 -0.0928
vn -0.8233 0.561 -0.0865
vn -0.7806 0.6215 -0.0657
vn -0.785 0.6153 -0.0719
vn -0.829 0.5504 -0.0989
vn -0.826 0.556 -0.0928
vn -0.785 0.6153 -0.0719
vn -0.7897 0.6085 -0.0779
vn -0.8686 0.481 -0.1192
vn -0.8668 0.4856 -0.113
vn -0.826 0.556 -0.0928
vn -0.829 0.5504 -0.0989
vn -0.9061 0.3994 -0.1392
vn -0.9052 0.4037 -0.1329
vn -0.8668 0.4856 -0.113
vn -0.8686 0.481 -0.1192
vn -0.8559 -0.4375 -0.2757
vn -0.8597 -0.4314 -0.2737
vn -0.9103 -0.3242 -0.2573
vn -0.9072 -0.3302 -0.2608
vn -0.8597 -0.4314 -0.2737
vn -0.8636 -0.4253 -0.2707
vn -0.9137 -0.3182 -0.2529
vn -0.9103 -0.3242 -0.2573
vn -0.9072 -0.3302 -0.2608
vn -0.9103 -0.3242 -0.2573
vn -0.9473 -0.2126 -0.2397
vn -0.9448 -0.2183 -0.2445
vn -0.9103 -0.3242 -0.2573
vn -0.9137 -0.3182 -0.2529
vn -0.9499 -0.207 -0.2343
vn -0.9473 -0.2126 -0.2397
vn -0.7863 -0.5466 -0.288
vn -0.7901 -0.5407 -0.2887
vn -0.8559 -0.4375 -0.2757
vn -0.8524 -0.4435 -0.2769
vn -0.7901 -0.5407 -0.2887
vn -0.7941 -0.5349 -0.2885
vn -0.8597 -0.4314 -0.2737
vn -0.8559 -0.4375 -0.2757
vn -0.7941 -0.5349 -0.2885
vn -0.7985 -0.5291 -0.2871
vn -0.8636 -0.4253 -0.2707
vn -0.8597 -0.4314 -0.2737
vn -0.7985 -0.5291 -0.2871
vn -0.8031 -0.5234 -0.2848
vn -0.8677 -0.4193 -0.2668
vn -0.8636 -0.4253 -0.2707
vn -0.8636 -0.4253 -0.2707
vn -0.8677 -0.4193 -0.2668
vn -0.9171 -0.3123 -0.2477
vn -0.9137 -0.3182 -0.2529
vn -0.9137 -0.3182 -0.2529
vn -0.9171 -0.3123 -0.2477
vn -0.9526 -0.2015 -0.2281
vn -0.9499 -0.207 -0.2343
vn -0.9499 -0.207 -0.2343
vn -0.9526 -0.2015 -0.2281
vn -0.9743 -0.0865 -0.2081
vn -0.9723 -0.0913 -0.215
vn -0.9473 -0.2126 -0.2397
vn -0.9499 -0.207 -0.2343
vn -0.9723 -0.0913 -0.215
vn -0.9704 -0.0962 -0.2213
vn -0.9448 -0.2183 -0.2445
vn -0.9473 -0.2126 -0.2397
vn -0.9704 -0.0962 -0.2213
vn -0.9686 -0.1014 -0.227
vn -0.9423 -0.224 -0.2486
vn -0.9448 -0.2183 -0.2445
vn -0.9686 -0.1014 -0.227
vn -0.9668 -0.1067 -0.2321
vn -0.9041 -0.3362 -0.2636
vn -0.9072 -0.3302 -0.2608
vn -0.9448 -0.2183 -0.2445
vn -0.9423 -0.224 -0.2486
vn -0.8524 -0.4435 -0.2769
vn -0.8559 -0.4375 -0.2757
vn -0.9072 -0.3302 -0.2608
vn -0.9041 -0.3362 -0.2636
vn -0.7378 0.6732 -0.0483
vn -0.732 0.68 -0.0424
vn -0.6689 0.7432 -0.016
vn -0.675 0.7375 -0.0214
vn -0.732 0.68 -0.0424
vn -0.7266 0.6861 -0.0366
vn -0.6631 0.7485 -0.0109
vn -0.6689 0.7432 -0.016
vn -0.675 0.7375 -0.0214
vn -0.6689 0.7432 -0.016
vn -0.5885 0.8084 0.0113
vn -0.5932 0.805 0.0065
vn -0.6689 0.7432 -0.016
vn -0.6631 0.7485 -0.0109
vn -0.5841 0.8116 0.0154
vn -0.5885 0.8084 0.0113
vn -0.7897 0.6085 -0.0779
vn -0.785 0.6153 -0.0719
vn -0.7378 0.6732 -0.0483
vn -0.744 0.666 -0.0543
vn -0.785 0.6153 -0.0719
vn -0.7806 0.6215 -0.0657
vn -0.732 0.68 -0.0424
vn -0.7378 0.6732 -0.0483
vn -0.7806 0.6215 -0.0657
vn -0.7766 0.6271 -0.0594
vn -0.7266 0.6861 -0.0366
vn -0.732 0.68 -0.0424
vn -0.7766 0.6271 -0.0594
vn -0.7731 0.6321 -0.053
vn -0.7217 0.6916 -0.0307
vn -0.7266 0.6861 -0.0366
vn -0.7266 0.6861 -0.0366
vn -0.7217 0.6916 -0.0307
vn -0.6578 0.7531 -0.006
vn -0.6631 0.7485 -0.0109
vn -0.6631 0.7485 -0.0109
vn -0.6578 0.7531 -0.006
vn -0.58 0.8144 0.0191
vn -0.5841 0.8116 0.0154
vn -0.5841 0.8116 0.0154
vn -0.58 0.8144 0.0191
vn -0.4932 0.869 0.0412
vn -0.4946 0.8683 0.0388
vn -0.5885 0.8084 0.0113
vn -0.5841 0.8116 0.0154
vn -0.4946 0.8683 0.0388
vn -0.4962 0.8675 0.0358
vn -0.5932 0.805 0.0065
vn -0.5885 0.8084 0.0113
vn -0.4962 0.8675 0.0358
vn -0.4979 0.8666 0.0318
vn -0.5978 0.8016 0.0012
vn -0.5932 0.805 0.0065
vn -0.4979 0.8666 0.0318
vn -0.4993 0.866 0.0269
vn -0.6812 0.7316 -0.0271
vn -0.675 0.7375 -0.0214
vn -0.5932 0.805 0.0065
vn -0.5978 0.8016 0.0012
vn -0.744 0.666 -0.0543
vn -0.7378 0.6732 -0.0483
vn -0.675 0.7375 -0.0214
vn -0.6812 0.7316 -0.0271
vn 0.1217 -0.9548 -0.2711
vn 0.1136 -0.9539 -0.2776
vn 0.202 -0.9449 -0.2577
vn 0.2119 -0.9445 -0.251
vn 0.1136 -0.9539 -0.2776
vn 0.1061 -0.9543 -0.2793
vn 0.193 -0.9462 -0.2596
vn 0.202 -0.9449 -0.2577
vn 0.2119 -0.9445 -0.251
vn 0.202 -0.9449 -0.2577
vn 0.288 -0.9283 -0.235
vn 0.3003 -0.9262 -0.228
vn 0.202 -0.9449 -0.2577
vn 0.193 -0.9462 -0.2596
vn 0.2771 -0.931 -0.2375
vn 0.288 -0.9283 -0.235
vn 0.0302 -0.9598 -0.2792
vn 0.0236 -0.957 -0.2892
vn 0.1217 -0.9548 -0.2711
vn 0.1301 -0.9566 -0.2608
vn 0.0236 -0.957 -0.2892
vn 0.0174 -0.9552 -0.2955
vn 0.1136 -0.9539 -0.2776
vn 0.1217 -0.9548 -0.2711
vn 0.0174 -0.9552 -0.2955
vn 0.0115 -0.9548 -0.297
vn 0.1061 -0.9543 -0.2793
vn 0.1136 -0.9539 -0.2776
vn 0.0115 -0.9548 -0.297
vn 0.0062 -0.9559 -0.2935
vn 0.0993 -0.9561 -0.2758
vn 0.1061 -0.9543 -0.2793
vn 0.1061 -0.9543 -0.2793
vn 0.0993 -0.9561 -0.2758
vn 0.1853 -0.9486 -0.2564
vn 0.193 -0.9462 -0.2596
vn 0.193 -0.9462 -0.2596
vn 0.1853 -0.9486 -0.2564
vn 0.2682 -0.9342 -0.2351
vn 0.2771 -0.931 -0.2375
vn 0.2771 -0.931 -0.2375
vn 0.2682 -0.9342 -0.2351
vn 0.3513 -0.9123 -0.2106
vn 0.3625 -0.9077 -0.2113
vn 0.288 -0.9283 -0.235
vn 0.2771 -0.931 -0.2375
vn 0.3625 -0.9077 -0.2113
vn 0.3765 -0.9028 -0.2078
vn 0.3003 -0.9262 -0.228
vn 0.288 -0.9283 -0.235
vn 0.3765 -0.9028 -0.2078
vn 0.3923 -0.8977 -0.2006
vn 0.3132 -0.9244 -0.2178
vn 0.3003 -0.9262 -0.228
vn 0.3923 -0.8977 -0.2006
vn 0.4086 -0.8926 -0.1908
vn 0.2222 -0.9448 -0.2406
vn 0.2119 -0.9445 -0.251
vn 0.3003 -0.9262 -0.228
vn 0.3132 -0.9244 -0.2178
vn 0.1301 -0.9566 -0.2608
vn 0.1217 -0.9548 -0.2711
vn 0.2119 -0.9445 -0.251
vn 0.2222 -0.9448 -0.2406
vn -0.3145 -0.8927 -0.3228
vn -0.3135 -0.8913 -0.3274
vn -0.1982 -0.9259 -0.3216
vn -0.1966 -0.928 -0.3164
vn -0.3135 -0.8913 -0.3274
vn -0.3125 -0.8914 -0.3283
vn -0.1996 -0.9253 -0.3225
vn -0.1982 -0.9259 -0.3216
vn -0.1966 -0.928 -0.3164
vn -0.1982 -0.9259 -0.3216
vn -0.0874 -0.9465 -0.3106
vn -0.0833 -0.9488 -0.3048
vn -0.1982 -0.9259 -0.3216
vn -0.1996 -0.9253 -0.3225
vn -0.0911 -0.9458 -0.3118
vn -0.0874 -0.9465 -0.3106
vn -0.4372 -0.8423 -0.3152
vn -0.4337 -0.8413 -0.3228
vn -0.3145 -0.8927 -0.3228
vn -0.3152 -0.8953 -0.3148
vn -0.4337 -0.8413 -0.3228
vn -0.4302 -0.8413 -0.3273
vn -0.3135 -0.8913 -0.3274
vn -0.3145 -0.8927 -0.3228
vn -0.4302 -0.8413 -0.3273
vn -0.427 -0.8425 -0.3285
vn -0.3125 -0.8914 -0.3283
vn -0.3135 -0.8913 -0.3274
vn -0.427 -0.8425 -0.3285
vn -0.424 -0.8447 -0.3266
vn -0.3114 -0.8928 -0.3256
vn -0.3125 -0.8914 -0.3283
vn -0.3125 -0.8914 -0.3283
vn -0.3114 -0.8928 -0.3256
vn -0.2007 -0.9262 -0.3193
vn -0.1996 -0.9253 -0.3225
vn -0.1996 -0.9253 -0.3225
vn -0.2007 -0.9262 -0.3193
vn -0.0944 -0.9466 -0.3084
vn -0.0911 -0.9458 -0.3118
vn -0.0911 -0.9458 -0.3118
vn -0.0944 -0.9466 -0.3084
vn 0.0062 -0.9559 -0.2935
vn 0.0115 -0.9548 -0.297
vn -0.0874 -0.9465 -0.3106
vn -0.0911 -0.9458 -0.3118
vn 0.0115 -0.9548 -0.297
vn 0.0174 -0.9552 -0.2955
vn -0.0833 -0.9488 -0.3048
vn -0.0874 -0.9465 -0.3106
vn 0.0174 -0.9552 -0.2955
vn 0.0236 -0.957 -0.2892
vn -0.0788 -0.9522 -0.2952
vn -0.0833 -0.9488 -0.3048
vn 0.0236 -0.957 -0.2892
vn 0.0302 -0.9598 -0.2792
vn -0.1946 -0.9314 -0.3076
vn -0.1966 -0.928 -0.3164
vn -0.0833 -0.9488 -0.3048
vn -0.0788 -0.9522 -0.2952
vn -0.3152 -0.8953 -0.3148
vn -0.3145 -0.8927 -0.3228
vn -0.1966 -0.928 -0.3164
vn -0.1946 -0.9314 -0.3076
vn 0.3661 -0.9305 -0.0157
vn 0.4295 -0.903 0.0093
vn 0.4379 -0.899 -0.0068
vn 0.3734 -0.9271 -0.033
vn 0.4295 -0.903 0.0093
vn 0.4891 -0.8716 0.0333
vn 0.4976 -0.8672 0.0185
vn 0.4379 -0.899 -0.0068
vn 0.3734 -0.9271 -0.033
vn 0.4379 -0.899 -0.0068
vn 0.4465 -0.8944 -0.0252
vn 0.381 -0.9231 -0.052
vn 0.4379 -0.899 -0.0068
vn 0.4976 -0.8672 0.0185
vn 0.5065 -0.8622 0.0008
vn 0.4465 -0.8944 -0.0252
vn 0.2943 -0.9554 -0.0227
vn 0.3596 -0.9331 0.0003
vn 0.3661 -0.9305 -0.0157
vn 0.2989 -0.9534 -0.0405
vn 0.3596 -0.9331 0.0003
vn 0.422 -0.9063 0.0236
vn 0.4295 -0.903 0.0093
vn 0.3661 -0.9305 -0.0157
vn 0.422 -0.9063 0.0236
vn 0.4815 -0.8752 0.0461
vn 0.4891 -0.8716 0.0333
vn 0.4295 -0.903 0.0093
vn 0.4465 -0.8944 -0.0252
vn 0.5065 -0.8622 0.0008
vn 0.5154 -0.8567 -0.0195
vn 0.455 -0.8893 -0.0457
vn 0.381 -0.9231 -0.052
vn 0.4465 -0.8944 -0.0252
vn 0.455 -0.8893 -0.0457
vn 0.3884 -0.9186 -0.0724
vn 0.3099 -0.9475 -0.0785
vn 0.381 -0.9231 -0.052
vn 0.3884 -0.9186 -0.0724
vn 0.3154 -0.9438 -0.0989
vn 0.3043 -0.9508 -0.0589
vn 0.3734 -0.9271 -0.033
vn 0.381 -0.9231 -0.052
vn 0.3099 -0.9475 -0.0785
vn 0.2989 -0.9534 -0.0405
vn 0.3661 -0.9305 -0.0157
vn 0.3734 -0.9271 -0.033
vn 0.3043 -0.9508 -0.0589
vn -0.4059 0.913 0.0394
vn -0.3383 0.9398 0.0481
vn -0.3328 0.942 0.043
vn -0.4026 0.9147 0.0341
vn -0.3383 0.9398 0.0481
vn -0.2936 0.9546 0.0509
vn -0.287 0.9568 0.0458
vn -0.3328 0.942 0.043
vn -0.4026 0.9147 0.0341
vn -0.3328 0.942 0.043
vn -0.327 0.9442 0.0385
vn -0.3989 0.9165 0.0289
vn -0.3328 0.942 0.043
vn -0.287 0.9568 0.0458
vn -0.2802 0.959 0.042
vn -0.327 0.9442 0.0385
vn -0.4993 0.866 0.0269
vn -0.4086 0.9116 0.0447
vn -0.4059 0.913 0.0394
vn -0.5001 0.8657 0.0214
vn -0.4086 0.9116 0.0447
vn -0.3431 0.9378 0.0535
vn -0.3383 0.9398 0.0481
vn -0.4059 0.913 0.0394
vn -0.3431 0.9378 0.0535
vn -0.2995 0.9524 0.0567
vn -0.2936 0.9546 0.0509
vn -0.3383 0.9398 0.0481
vn -0.2995 0.9524 0.0567
vn -0.2719 0.9606 0.0572
vn -0.2657 0.9627 0.051
vn -0.2936 0.9546 0.0509
vn -0.2936 0.9546 0.0509
vn -0.2657 0.9627 0.051
vn -0.2589 0.9648 0.0457
vn -0.287 0.9568 0.0458
vn -0.287 0.9568 0.0458
vn -0.2589 0.9648 0.0457
vn -0.2517 0.9669 0.0423
vn -0.2802 0.959 0.042
vn -0.2802 0.959 0.042
vn -0.2517 0.9669 0.0423
vn -0.2451 0.9687 0.0402
vn -0.2736 0.961 0.039
vn -0.327 0.9442 0.0385
vn -0.2802 0.959 0.042
vn -0.2736 0.961 0.039
vn -0.3214 0.9463 0.0345
vn -0.3989 0.9165 0.0289
vn -0.327 0.9442 0.0385
vn -0.3214 0.9463 0.0345
vn -0.3951 0.9183 0.0238
vn -0.5 0.866 0.0097
vn -0.3989 0.9165 0.0289
vn -0.3951 0.9183 0.0238
vn -0.4995 0.8663 0.0037
vn -0.5003 0.8657 0.0156
vn -0.4026 0.9147 0.0341
vn -0.3989 0.9165 0.0289
vn -0.5 0.866 0.0097
vn -0.5001 0.8657 0.0214
vn -0.4059 0.913 0.0394
vn -0.4026 0.9147 0.0341
vn -0.5003 0.8657 0.0156
vn -0.9686 -0.0286 -0.2468
vn -0.9698 -0.0234 -0.2427
vn -0.9701 0.0822 -0.2284
vn -0.9694 0.0763 -0.2334
vn -0.9698 -0.0234 -0.2427
vn -0.971 -0.0181 -0.2385
vn -0.9707 0.088 -0.2234
vn -0.9701 0.0822 -0.2284
vn -0.9694 0.0763 -0.2334
vn -0.9701 0.0822 -0.2284
vn -0.9604 0.1805 -0.2122
vn -0.9604 0.1741 -0.2177
vn -0.9701 0.0822 -0.2284
vn -0.9707 0.088 -0.2234
vn -0.9604 0.1867 -0.2066
vn -0.9604 0.1805 -0.2122
vn -0.9543 -0.1472 -0.26
vn -0.9556 -0.143 -0.2575
vn -0.9686 -0.0286 -0.2468
vn -0.9675 -0.0337 -0.2508
vn -0.9556 -0.143 -0.2575
vn -0.9571 -0.1384 -0.2546
vn -0.9698 -0.0234 -0.2427
vn -0.9686 -0.0286 -0.2468
vn -0.9571 -0.1384 -0.2546
vn -0.9586 -0.1334 -0.2515
vn -0.971 -0.0181 -0.2385
vn -0.9698 -0.0234 -0.2427
vn -0.9586 -0.1334 -0.2515
vn -0.9602 -0.1282 -0.2483
vn -0.9721 -0.0126 -0.2342
vn -0.971 -0.0181 -0.2385
vn -0.971 -0.0181 -0.2385
vn -0.9721 -0.0126 -0.2342
vn -0.9714 0.0937 -0.2184
vn -0.9707 0.088 -0.2234
vn -0.9707 0.088 -0.2234
vn -0.9714 0.0937 -0.2184
vn -0.9604 0.1927 -0.2011
vn -0.9604 0.1867 -0.2066
vn -0.9604 0.1867 -0.2066
vn -0.9604 0.1927 -0.2011
vn -0.9401 0.288 -0.1825
vn -0.9408 0.2818 -0.1882
vn -0.9604 0.1805 -0.2122
vn -0.9604 0.1867 -0.2066
vn -0.9408 0.2818 -0.1882
vn -0.9416 0.2753 -0.194
vn -0.9604 0.1741 -0.2177
vn -0.9604 0.1805 -0.2122
vn -0.9416 0.2753 -0.194
vn -0.9424 0.2684 -0.1998
vn -0.9603 0.1675 -0.2232
vn -0.9604 0.1741 -0.2177
vn -0.9424 0.2684 -0.1998
vn -0.9431 0.2611 -0.2057
vn -0.9686 0.0704 -0.2383
vn -0.9694 0.0763 -0.2334
vn -0.9604 0.1741 -0.2177
vn -0.9603 0.1675 -0.2232
vn -0.9675 -0.0337 -0.2508
vn -0.9686 -0.0286 -0.2468
vn -0.9694 0.0763 -0.2334
vn -0.9686 0.0704 -0.2383
vn -0.9163 0.3577 -0.1803
vn -0.9145 0.365 -0.1744
vn -0.8827 0.444 -0.1542
vn -0.8854 0.4363 -0.1602
vn -0.9145 0.365 -0.1744
vn -0.9129 0.3718 -0.1685
vn -0.88 0.4512 -0.1483
vn -0.8827 0.444 -0.1542
vn -0.8854 0.4363 -0.1602
vn -0.8827 0.444 -0.1542
vn -0.8506 0.5083 -0.1346
vn -0.8544 0.5002 -0.1408
vn -0.8827 0.444 -0.1542
vn -0.88 0.4512 -0.1483
vn -0.8468 0.5161 -0.1285
vn -0.8506 0.5083 -0.1346
vn -0.9431 0.2611 -0.2057
vn -0.9424 0.2684 -0.1998
vn -0.9163 0.3577 -0.1803
vn -0.918 0.35 -0.1863
vn -0.9424 0.2684 -0.1998
vn -0.9416 0.2753 -0.194
vn -0.9145 0.365 -0.1744
vn -0.9163 0.3577 -0.1803
vn -0.9416 0.2753 -0.194
vn -0.9408 0.2818 -0.1882
vn -0.9129 0.3718 -0.1685
vn -0.9145 0.365 -0.1744
vn -0.9408 0.2818 -0.1882
vn -0.9401 0.288 -0.1825
vn -0.9113 0.3782 -0.1627
vn -0.9129 0.3718 -0.1685
vn -0.9129 0.3718 -0.1685
vn -0.9113 0.3782 -0.1627
vn -0.8775 0.458 -0.1425
vn -0.88 0.4512 -0.1483
vn -0.88 0.4512 -0.1483
vn -0.8775 0.458 -0.1425
vn -0.8431 0.5236 -0.1225
vn -0.8468 0.5161 -0.1285
vn -0.8468 0.5161 -0.1285
vn -0.8431 0.5236 -0.1225
vn -0.8101 0.5772 -0.1025
vn -0.8152 0.5688 -0.1088
vn -0.8506 0.5083 -0.1346
vn -0.8468 0.5161 -0.1285
vn -0.8152 0.5688 -0.1088
vn -0.8201 0.5604 -0.1153
vn -0.8544 0.5002 -0.1408
vn -0.8506 0.5083 -0.1346
vn -0.8201 0.5604 -0.1153
vn -0.8249 0.552 -0.122
vn -0.8581 0.4919 -0.1471
vn -0.8544 0.5002 -0.1408
vn -0.8249 0.552 -0.122
vn -0.8295 0.5435 -0.1288
vn -0.8882 0.4283 -0.1663
vn -0.8854 0.4363 -0.1602
vn -0.8544 0.5002 -0.1408
vn -0.8581 0.4919 -0.1471
vn -0.918 0.35 -0.1863
vn -0.9163 0.3577 -0.1803
vn -0.8854 0.4363 -0.1602
vn -0.8882 0.4283 -0.1663
vn -0.8357 -0.4809 -0.2652
vn -0.8375 -0.4754 -0.2695
vn -0.89 -0.3684 -0.2688
vn -0.8888 -0.3724 -0.2671
vn -0.8375 -0.4754 -0.2695
vn -0.8392 -0.4707 -0.2725
vn -0.8919 -0.3637 -0.2689
vn -0.89 -0.3684 -0.2688
vn -0.8888 -0.3724 -0.2671
vn -0.89 -0.3684 -0.2688
vn -0.93 -0.2561 -0.2635
vn -0.9286 -0.2604 -0.2645
vn -0.89 -0.3684 -0.2688
vn -0.8919 -0.3637 -0.2689
vn -0.9318 -0.2512 -0.2618
vn -0.93 -0.2561 -0.2635
vn -0.7552 -0.6116 -0.2359
vn -0.7655 -0.5897 -0.2576
vn -0.8357 -0.4809 -0.2652
vn -0.8385 -0.4829 -0.2525
vn -0.7655 -0.5897 -0.2576
vn -0.7702 -0.5798 -0.2659
vn -0.8375 -0.4754 -0.2695
vn -0.8357 -0.4809 -0.2652
vn -0.7702 -0.5798 -0.2659
vn -0.7724 -0.5736 -0.2727
vn -0.8392 -0.4707 -0.2725
vn -0.8375 -0.4754 -0.2695
vn -0.7724 -0.5736 -0.2727
vn -0.7744 -0.5685 -0.2777
vn -0.8411 -0.466 -0.2747
vn -0.8392 -0.4707 -0.2725
vn -0.8392 -0.4707 -0.2725
vn -0.8411 -0.466 -0.2747
vn -0.8939 -0.3588 -0.2687
vn -0.8919 -0.3637 -0.2689
vn -0.8919 -0.3637 -0.2689
vn -0.8939 -0.3588 -0.2687
vn -0.9337 -0.2462 -0.2599
vn -0.9318 -0.2512 -0.2618
vn -0.9318 -0.2512 -0.2618
vn -0.9337 -0.2462 -0.2599
vn -0.9602 -0.1282 -0.2483
vn -0.9586 -0.1334 -0.2515
vn -0.93 -0.2561 -0.2635
vn -0.9318 -0.2512 -0.2618
vn -0.9586 -0.1334 -0.2515
vn -0.9571 -0.1384 -0.2546
vn -0.9286 -0.2604 -0.2645
vn -0.93 -0.2561 -0.2635
vn -0.9571 -0.1384 -0.2546
vn -0.9556 -0.143 -0.2575
vn -0.9278 -0.2631 -0.2644
vn -0.9286 -0.2604 -0.2645
vn -0.9556 -0.143 -0.2575
vn -0.9543 -0.1472 -0.26
vn -0.8899 -0.3733 -0.2622
vn -0.8888 -0.3724 -0.2671
vn -0.9286 -0.2604 -0.2645
vn -0.9278 -0.2631 -0.2644
vn -0.8385 -0.4829 -0.2525
vn -0.8357 -0.4809 -0.2652
vn -0.8888 -0.3724 -0.2671
vn -0.8899 -0.3733 -0.2622
vn -0.7857 0.6103 -0.1009
vn -0.7803 0.6183 -0.0937
vn -0.7152 0.6956 -0.0675
vn -0.7202 0.6897 -0.075
vn -0.7803 0.6183 -0.0937
vn -0.7747 0.6263 -0.0867
vn -0.7102 0.7014 -0.0602
vn -0.7152 0.6956 -0.0675
vn -0.7202 0.6897 -0.075
vn -0.7152 0.6956 -0.0675
vn -0.6186 0.7848 -0.0381
vn -0.6216 0.782 -0.0454
vn -0.7152 0.6956 -0.0675
vn -0.7102 0.7014 -0.0602
vn -0.6157 0.7874 -0.0309
vn -0.6186 0.7848 -0.0381
vn -0.8295 0.5435 -0.1288
vn -0.8249 0.552 -0.122
vn -0.7857 0.6103 -0.1009
vn -0.7908 0.6024 -0.1084
vn -0.8249 0.552 -0.122
vn -0.8201 0.5604 -0.1153
vn -0.7803 0.6183 -0.0937
vn -0.7857 0.6103 -0.1009
vn -0.8201 0.5604 -0.1153
vn -0.8152 0.5688 -0.1088
vn -0.7747 0.6263 -0.0867
vn -0.7803 0.6183 -0.0937
vn -0.8152 0.5688 -0.1088
vn -0.8101 0.5772 -0.1025
vn -0.7689 0.6344 -0.0798
vn -0.7747 0.6263 -0.0867
vn -0.7747 0.6263 -0.0867
vn -0.7689 0.6344 -0.0798
vn -0.7049 0.7073 -0.053
vn -0.7102 0.7014 -0.0602
vn -0.7102 0.7014 -0.0602
vn -0.7049 0.7073 -0.053
vn -0.6127 0.7899 -0.024
vn -0.6157 0.7874 -0.0309
vn -0.6157 0.7874 -0.0309
vn -0.6127 0.7899 -0.024
vn -0.4995 0.8663 0.0037
vn -0.4989 0.8667 -0.0027
vn -0.6186 0.7848 -0.0381
vn -0.6157 0.7874 -0.0309
vn -0.4989 0.8667 -0.0027
vn -0.4982 0.867 -0.0095
vn -0.6216 0.782 -0.0454
vn -0.6186 0.7848 -0.0381
vn -0.4982 0.867 -0.0095
vn -0.4977 0.8672 -0.0165
vn -0.625 0.7789 -0.0529
vn -0.6216 0.782 -0.0454
vn -0.4977 0.8672 -0.0165
vn -0.4976 0.8671 -0.0235
vn -0.7251 0.6837 -0.0827
vn -0.7202 0.6897 -0.075
vn -0.6216 0.782 -0.0454
vn -0.625 0.7789 -0.0529
vn -0.7908 0.6024 -0.1084
vn -0.7857 0.6103 -0.1009
vn -0.7202 0.6897 -0.075
vn -0.7251 0.6837 -0.0827
vn -0.5151 -0.8048 -0.2948
vn -0.6131 -0.7326 -0.2955
vn -0.61 -0.7378 -0.2889
vn -0.5123 -0.8098 -0.286
vn -0.6131 -0.7326 -0.2955
vn -0.7031 -0.648 -0.2927
vn -0.6999 -0.6535 -0.2883
vn -0.61 -0.7378 -0.2889
vn -0.5123 -0.8098 -0.286
vn -0.61 -0.7378 -0.2889
vn -0.6073 -0.7429 -0.2816
vn -0.5099 -0.8146 -0.2764
vn -0.61 -0.7378 -0.2889
vn -0.6999 -0.6535 -0.2883
vn -0.6971 -0.6587 -0.2832
vn -0.6073 -0.7429 -0.2816
vn -0.4134 -0.8596 -0.3003
vn -0.5181 -0.7999 -0.3029
vn -0.5151 -0.8048 -0.2948
vn -0.4111 -0.8642 -0.2902
vn -0.5181 -0.7999 -0.3029
vn -0.6165 -0.7273 -0.3014
vn -0.6131 -0.7326 -0.2955
vn -0.5151 -0.8048 -0.2948
vn -0.6165 -0.7273 -0.3014
vn -0.7067 -0.6425 -0.2964
vn -0.7031 -0.648 -0.2927
vn -0.6131 -0.7326 -0.2955
vn -0.7067 -0.6425 -0.2964
vn -0.7863 -0.5466 -0.288
vn -0.7828 -0.5524 -0.2865
vn -0.7031 -0.648 -0.2927
vn -0.7031 -0.648 -0.2927
vn -0.7828 -0.5524 -0.2865
vn -0.7796 -0.558 -0.2843
vn -0.6999 -0.6535 -0.2883
vn -0.6999 -0.6535 -0.2883
vn -0.7796 -0.558 -0.2843
vn -0.7768 -0.5634 -0.2813
vn -0.6971 -0.6587 -0.2832
vn -0.6971 -0.6587 -0.2832
vn -0.7768 -0.5634 -0.2813
vn -0.7744 -0.5685 -0.2777
vn -0.6946 -0.6638 -0.2773
vn -0.6073 -0.7429 -0.2816
vn -0.6971 -0.6587 -0.2832
vn -0.6946 -0.6638 -0.2773
vn -0.605 -0.7478 -0.2735
vn -0.5099 -0.8146 -0.2764
vn -0.6073 -0.7429 -0.2816
vn -0.605 -0.7478 -0.2735
vn -0.5078 -0.8193 -0.2661
vn -0.4069 -0.8734 -0.2676
vn -0.5099 -0.8146 -0.2764
vn -0.5078 -0.8193 -0.2661
vn -0.4052 -0.8779 -0.2551
vn -0.4089 -0.8688 -0.2792
vn -0.5123 -0.8098 -0.286
vn -0.5099 -0.8146 -0.2764
vn -0.4069 -0.8734 -0.2676
vn -0.4111 -0.8642 -0.2902
vn -0.5151 -0.8048 -0.2948
vn -0.5123 -0.8098 -0.286
vn -0.4089 -0.8688 -0.2792
vn 0.0781 -0.9722 -0.2207
vn 0.0765 -0.9759 -0.2045
vn 0.1614 -0.9695 -0.1843
vn 0.1636 -0.9659 -0.2008
vn 0.0765 -0.9759 -0.2045
vn 0.0756 -0.9795 -0.1869
vn 0.1595 -0.9731 -0.1663
vn 0.1614 -0.9695 -0.1843
vn 0.1636 -0.9659 -0.2008
vn 0.1614 -0.9695 -0.1843
vn 0.2443 -0.956 -0.1623
vn 0.2473 -0.9522 -0.1792
vn 0.1614 -0.9695 -0.1843
vn 0.1595 -0.9731 -0.1663
vn 0.2411 -0.9598 -0.1438
vn 0.2443 -0.956 -0.1623
vn -0.0088 -0.9673 -0.2535
vn -0.0105 -0.971 -0.239
vn 0.0781 -0.9722 -0.2207
vn 0.0805 -0.9686 -0.2354
vn -0.0105 -0.971 -0.239
vn -0.0113 -0.9747 -0.2232
vn 0.0765 -0.9759 -0.2045
vn 0.0781 -0.9722 -0.2207
vn -0.0113 -0.9747 -0.2232
vn -0.0116 -0.9785 -0.2061
vn 0.0756 -0.9795 -0.1869
vn 0.0765 -0.9759 -0.2045
vn -0.0116 -0.9785 -0.2061
vn -0.0116 -0.9821 -0.1878
vn 0.075 -0.9829 -0.1679
vn 0.0756 -0.9795 -0.1869
vn 0.0756 -0.9795 -0.1869
vn 0.075 -0.9829 -0.1679
vn 0.1579 -0.9765 -0.1468
vn 0.1595 -0.9731 -0.1663
vn 0.1595 -0.9731 -0.1663
vn 0.1579 -0.9765 -0.1468
vn 0.2379 -0.9633 -0.1239
vn 0.2411 -0.9598 -0.1438
vn 0.2411 -0.9598 -0.1438
vn 0.2379 -0.9633 -0.1239
vn 0.3154 -0.9438 -0.0989
vn 0.3206 -0.9397 -0.1191
vn 0.2443 -0.956 -0.1623
vn 0.2411 -0.9598 -0.1438
vn 0.3206 -0.9397 -0.1191
vn 0.3254 -0.9355 -0.1381
vn 0.2473 -0.9522 -0.1792
vn 0.2443 -0.956 -0.1623
vn 0.3254 -0.9355 -0.1381
vn 0.3294 -0.9312 -0.1558
vn 0.2503 -0.9484 -0.1948
vn 0.2473 -0.9522 -0.1792
vn 0.3294 -0.9312 -0.1558
vn 0.3326 -0.9272 -0.1723
vn 0.1663 -0.9622 -0.2157
vn 0.1636 -0.9659 -0.2008
vn 0.2473 -0.9522 -0.1792
vn 0.2503 -0.9484 -0.1948
vn 0.0805 -0.9686 -0.2354
vn 0.0781 -0.9722 -0.2207
vn 0.1636 -0.9659 -0.2008
vn 0.1663 -0.9622 -0.2157
vn -0.3051 -0.9097 -0.2817
vn -0.3036 -0.914 -0.2689
vn -0.2012 -0.9456 -0.2557
vn -0.2019 -0.9415 -0.2699
vn -0.3036 -0.914 -0.2689
vn -0.3022 -0.9184 -0.2554
vn -0.2004 -0.9497 -0.2406
vn -0.2012 -0.9456 -0.2557
vn -0.2019 -0.9415 -0.2699
vn -0.2012 -0.9456 -0.2557
vn -0.1036 -0.9651 -0.2403
vn -0.1035 -0.9612 -0.2555
vn -0.2012 -0.9456 -0.2557
vn -0.2004 -0.9497 -0.2406
vn -0.1034 -0.9691 -0.224
vn -0.1036 -0.9651 -0.2403
vn -0.4134 -0.8596 -0.3003
vn -0.4111 -0.8642 -0.2902
vn -0.3051 -0.9097 -0.2817
vn -0.3066 -0.9055 -0.2935
vn -0.4111 -0.8642 -0.2902
vn -0.4089 -0.8688 -0.2792
vn -0.3036 -0.914 -0.2689
vn -0.3051 -0.9097 -0.2817
vn -0.4089 -0.8688 -0.2792
vn -0.4069 -0.8734 -0.2676
vn -0.3022 -0.9184 -0.2554
vn -0.3036 -0.914 -0.2689
vn -0.4069 -0.8734 -0.2676
vn -0.4052 -0.8779 -0.2551
vn -0.301 -0.9227 -0.2411
vn -0.3022 -0.9184 -0.2554
vn -0.3022 -0.9184 -0.2554
vn -0.301 -0.9227 -0.2411
vn -0.1996 -0.9538 -0.2248
vn -0.2004 -0.9497 -0.2406
vn -0.2004 -0.9497 -0.2406
vn -0.1996 -0.9538 -0.2248
vn -0.103 -0.9729 -0.2068
vn -0.1034 -0.9691 -0.224
vn -0.1034 -0.9691 -0.224
vn -0.103 -0.9729 -0.2068
vn -0.0116 -0.9821 -0.1878
vn -0.0116 -0.9785 -0.2061
vn -0.1036 -0.9651 -0.2403
vn -0.1034 -0.9691 -0.224
vn -0.0116 -0.9785 -0.2061
vn -0.0113 -0.9747 -0.2232
vn -0.1035 -0.9612 -0.2555
vn -0.1036 -0.9651 -0.2403
vn -0.0113 -0.9747 -0.2232
vn -0.0105 -0.971 -0.239
vn -0.1029 -0.9574 -0.2697
vn -0.1035 -0.9612 -0.2555
vn -0.0105 -0.971 -0.239
vn -0.0088 -0.9673 -0.2535
vn -0.2023 -0.9375 -0.2831
vn -0.2019 -0.9415 -0.2699
vn -0.1035 -0.9612 -0.2555
vn -0.1029 -0.9574 -0.2697
vn -0.3066 -0.9055 -0.2935
vn -0.3051 -0.9097 -0.2817
vn -0.2019 -0.9415 -0.2699
vn -0.2023 -0.9375 -0.2831
vn -0.4124 0.8953 0.1686
vn -0.3641 0.915 0.1739
vn -0.3636 0.9182 0.1571
vn -0.4122 0.8984 0.1512
vn -0.3641 0.915 0.1739
vn -0.3318 0.9267 0.1763
vn -0.3305 0.9301 0.1601
vn -0.3636 0.9182 0.1571
vn -0.4122 0.8984 0.1512
vn -0.3636 0.9182 0.1571
vn -0.3632 0.9206 0.1435
vn -0.4122 0.9008 0.1365
vn -0.3636 0.9182 0.1571
vn -0.3305 0.9301 0.1601
vn -0.3296 0.9325 0.1476
vn -0.3632 0.9206 0.1435
vn -0.4797 0.859 0.1789
vn -0.4123 0.8915 0.1875
vn -0.4124 0.8953 0.1686
vn -0.4796 0.8628 0.1596
vn -0.4123 0.8915 0.1875
vn -0.3642 0.9112 0.1927
vn -0.3641 0.915 0.1739
vn -0.4124 0.8953 0.1686
vn -0.3642 0.9112 0.1927
vn -0.3326 0.9227 0.195
vn -0.3318 0.9267 0.1763
vn -0.3641 0.915 0.1739
vn -0.3326 0.9227 0.195
vn -0.3142 0.9291 0.1949
vn -0.3115 0.9337 0.1765
vn -0.3318 0.9267 0.1763
vn -0.3318 0.9267 0.1763
vn -0.3115 0.9337 0.1765
vn -0.3084 0.9375 0.1612
vn -0.3305 0.9301 0.1601
vn -0.3305 0.9301 0.1601
vn -0.3084 0.9375 0.1612
vn -0.3064 0.94 0.1499
vn -0.3296 0.9325 0.1476
vn -0.3296 0.9325 0.1476
vn -0.3064 0.94 0.1499
vn -0.3059 0.9413 0.1427
vn -0.3297 0.9338 0.1389
vn -0.3632 0.9206 0.1435
vn -0.3296 0.9325 0.1476
vn -0.3297 0.9338 0.1389
vn -0.3637 0.9219 0.1332
vn -0.4122 0.9008 0.1365
vn -0.3632 0.9206 0.1435
vn -0.3637 0.9219 0.1332
vn -0.4129 0.9022 0.1246
vn -0.4797 0.8684 0.1255
vn -0.4122 0.9008 0.1365
vn -0.4129 0.9022 0.1246
vn -0.4805 0.8698 0.1118
vn -0.4795 0.866 0.1415
vn -0.4122 0.8984 0.1512
vn -0.4122 0.9008 0.1365
vn -0.4797 0.8684 0.1255
vn -0.4796 0.8628 0.1596
vn -0.4124 0.8953 0.1686
vn -0.4122 0.8984 0.1512
vn -0.4795 0.866 0.1415
vn -0.619 -0.7699 -0.1551
vn -0.7228 -0.6775 -0.1358
vn -0.713 -0.6813 -0.1659
vn -0.6079 -0.7723 -0.1845
vn -0.7228 -0.6775 -0.1358
vn -0.8081 -0.5778 -0.1147
vn -0.8 -0.5822 -0.1449
vn -0.713 -0.6813 -0.1659
vn -0.6079 -0.7723 -0.1845
vn -0.713 -0.6813 -0.1659
vn -0.7027 -0.6844 -0.1945
vn -0.5967 -0.7739 -0.2123
vn -0.713 -0.6813 -0.1659
vn -0.8 -0.5822 -0.1449
vn -0.7913 -0.5862 -0.1737
vn -0.7027 -0.6844 -0.1945
vn -0.5053 -0.8512 -0.142
vn -0.6298 -0.7666 -0.125
vn -0.619 -0.7699 -0.1551
vn -0.4942 -0.8525 -0.1706
vn -0.6298 -0.7666 -0.125
vn -0.7321 -0.6731 -0.105
vn -0.7228 -0.6775 -0.1358
vn -0.619 -0.7699 -0.1551
vn -0.7321 -0.6731 -0.105
vn -0.8153 -0.573 -0.0838
vn -0.8081 -0.5778 -0.1147
vn -0.7228 -0.6775 -0.1358
vn -0.8153 -0.573 -0.0838
vn -0.8824 -0.4664 -0.0625
vn -0.8771 -0.4712 -0.093
vn -0.8081 -0.5778 -0.1147
vn -0.8081 -0.5778 -0.1147
vn -0.8771 -0.4712 -0.093
vn -0.8709 -0.4758 -0.1228
vn -0.8 -0.5822 -0.1449
vn -0.8 -0.5822 -0.1449
vn -0.8709 -0.4758 -0.1228
vn -0.8639 -0.4803 -0.1514
vn -0.7913 -0.5862 -0.1737
vn -0.7913 -0.5862 -0.1737
vn -0.8639 -0.4803 -0.1514
vn -0.8563 -0.4848 -0.1782
vn -0.7822 -0.5898 -0.2006
vn -0.7027 -0.6844 -0.1945
vn -0.7913 -0.5862 -0.1737
vn -0.7822 -0.5898 -0.2006
vn -0.6924 -0.6868 -0.2211
vn -0.5967 -0.7739 -0.2123
vn -0.7027 -0.6844 -0.1945
vn -0.6924 -0.6868 -0.2211
vn -0.5858 -0.7747 -0.2381
vn -0.472 -0.8524 -0.225
vn -0.5967 -0.7739 -0.2123
vn -0.5858 -0.7747 -0.2381
vn -0.462 -0.8511 -0.2494
vn -0.4829 -0.8528 -0.1986
vn -0.6079 -0.7723 -0.1845
vn -0.5967 -0.7739 -0.2123
vn -0.472 -0.8524 -0.225
vn -0.4942 -0.8525 -0.1706
vn -0.619 -0.7699 -0.1551
vn -0.6079 -0.7723 -0.1845
vn -0.4829 -0.8528 -0.1986
vn 0.7098 -0.7044 0.01
vn 0.7342 -0.6776 0.0437
vn 0.6895 -0.7242 0.0107
vn 0.6675 -0.7443 -0.0195
vn 0.7342 -0.6776 0.0437
vn 0.7632 -0.6435 0.0589
vn 0.7127 -0.701 0.0248
vn 0.6895 -0.7242 0.0107
vn 0.6675 -0.7443 -0.0195
vn 0.6895 -0.7242 0.0107
vn 0.6162 -0.7871 -0.0265
vn 0.5954 -0.8016 -0.054
vn 0.6895 -0.7242 0.0107
vn 0.7127 -0.701 0.0248
vn 0.6361 -0.7716 -0.0103
vn 0.6162 -0.7871 -0.0265
vn 0.7632 -0.6435 0.0589
vn 0.7921 -0.6086 0.0474
vn 0.7326 -0.6804 0.0198
vn 0.7127 -0.701 0.0248
vn 0.7127 -0.701 0.0248
vn 0.7326 -0.6804 0.0198
vn 0.6519 -0.7583 -0.007
vn 0.6361 -0.7716 -0.0103
vn 0.6361 -0.7716 -0.0103
vn 0.6519 -0.7583 -0.007
vn 0.5451 -0.8375 -0.0381
vn 0.5311 -0.8459 -0.0485
vn 0.6162 -0.7871 -0.0265
vn 0.6361 -0.7716 -0.0103
vn 0.5311 -0.8459 -0.0485
vn 0.5136 -0.8554 -0.0672
vn 0.5954 -0.8016 -0.054
vn 0.6162 -0.7871 -0.0265
vn 0.5136 -0.8554 -0.0672
vn 0.4947 -0.8641 -0.0929
vn 0.5752 -0.8135 -0.0862
vn 0.5954 -0.8016 -0.054
vn 0.4947 -0.8641 -0.0929
vn 0.4759 -0.8711 -0.1212
vn 0.6478 -0.7598 -0.0558
vn 0.6675 -0.7443 -0.0195
vn 0.5954 -0.8016 -0.054
vn 0.5752 -0.8135 -0.0862
vn 0.6899 -0.7232 -0.0314
vn 0.7098 -0.7044 0.01
vn 0.6675 -0.7443 -0.0195
vn 0.6478 -0.7598 -0.0558
vn -0.9901 0.0438 -0.1333
vn -0.9922 0.0464 -0.1153
vn -0.9842 0.1483 -0.0966
vn -0.9826 0.1463 -0.1142
vn -0.9922 0.0464 -0.1153
vn -0.9943 0.0488 -0.0948
vn -0.9857 0.1499 -0.0766
vn -0.9842 0.1483 -0.0966
vn -0.9826 0.1463 -0.1142
vn -0.9842 0.1483 -0.0966
vn -0.9666 0.2439 -0.0787
vn -0.9654 0.2424 -0.0958
vn -0.9842 0.1483 -0.0966
vn -0.9857 0.1499 -0.0766
vn -0.9677 0.2449 -0.0592
vn -0.9666 0.2439 -0.0787
vn -0.9833 -0.0692 -0.1683
vn -0.986 -0.0653 -0.1537
vn -0.9901 0.0438 -0.1333
vn -0.9882 0.0408 -0.1478
vn -0.986 -0.0653 -0.1537
vn -0.9889 -0.0617 -0.1354
vn -0.9922 0.0464 -0.1153
vn -0.9901 0.0438 -0.1333
vn -0.9889 -0.0617 -0.1354
vn -0.9917 -0.0583 -0.1143
vn -0.9943 0.0488 -0.0948
vn -0.9922 0.0464 -0.1153
vn -0.9917 -0.0583 -0.1143
vn -0.9943 -0.0552 -0.0915
vn -0.9961 0.0507 -0.0726
vn -0.9943 0.0488 -0.0948
vn -0.9943 0.0488 -0.0948
vn -0.9961 0.0507 -0.0726
vn -0.987 0.151 -0.055
vn -0.9857 0.1499 -0.0766
vn -0.9857 0.1499 -0.0766
vn -0.987 0.151 -0.055
vn -0.9687 0.2454 -0.0382
vn -0.9677 0.2449 -0.0592
vn -0.9677 0.2449 -0.0592
vn -0.9687 0.2454 -0.0382
vn -0.9418 0.3355 -0.0215
vn -0.9411 0.3356 -0.042
vn -0.9666 0.2439 -0.0787
vn -0.9677 0.2449 -0.0592
vn -0.9411 0.3356 -0.042
vn -0.9402 0.3352 -0.061
vn -0.9654 0.2424 -0.0958
vn -0.9666 0.2439 -0.0787
vn -0.9402 0.3352 -0.061
vn -0.9393 0.3341 -0.0777
vn -0.9644 0.2405 -0.1099
vn -0.9654 0.2424 -0.0958
vn -0.9393 0.3341 -0.0777
vn -0.9386 0.3327 -0.0915
vn -0.9812 0.144 -0.1285
vn -0.9826 0.1463 -0.1142
vn -0.9654 0.2424 -0.0958
vn -0.9644 0.2405 -0.1099
vn -0.9882 0.0408 -0.1478
vn -0.9901 0.0438 -0.1333
vn -0.9826 0.1463 -0.1142
vn -0.9812 0.144 -0.1285
vn -0.9044 0.4224 -0.0594
vn -0.9051 0.423 -0.0431
vn -0.8622 0.506 -0.0253
vn -0.8618 0.5056 -0.0412
vn -0.9051 0.423 -0.0431
vn -0.9058 0.423 -0.0247
vn -0.8627 0.5057 -0.0074
vn -0.8622 0.506 -0.0253
vn -0.8618 0.5056 -0.0412
vn -0.8622 0.506 -0.0253
vn -0.8136 0.5814 -0.0077
vn -0.8137 0.5808 -0.023
vn -0.8622 0.506 -0.0253
vn -0.8627 0.5057 -0.0074
vn -0.8137 0.5812 0.0097
vn -0.8136 0.5814 -0.0077
vn -0.9386 0.3327 -0.0915
vn -0.9393 0.3341 -0.0777
vn -0.9044 0.4224 -0.0594
vn -0.904 0.4214 -0.0729
vn -0.9393 0.3341 -0.0777
vn -0.9402 0.3352 -0.061
vn -0.9051 0.423 -0.0431
vn -0.9044 0.4224 -0.0594
vn -0.9402 0.3352 -0.061
vn -0.9411 0.3356 -0.042
vn -0.9058 0.423 -0.0247
vn -0.9051 0.423 -0.0431
vn -0.9411 0.3356 -0.042
vn -0.9418 0.3355 -0.0215
vn -0.9064 0.4223 -0.0047
vn -0.9058 0.423 -0.0247
vn -0.9058 0.423 -0.0247
vn -0.9064 0.4223 -0.0047
vn -0.8632 0.5047 0.0121
vn -0.8627 0.5057 -0.0074
vn -0.8627 0.5057 -0.0074
vn -0.8632 0.5047 0.0121
vn -0.814 0.5802 0.0285
vn -0.8137 0.5812 0.0097
vn -0.8137 0.5812 0.0097
vn -0.814 0.5802 0.0285
vn -0.7605 0.6478 0.0446
vn -0.7607 0.6486 0.0265
vn -0.8136 0.5814 -0.0077
vn -0.8137 0.5812 0.0097
vn -0.7607 0.6486 0.0265
vn -0.7612 0.6484 0.0099
vn -0.8137 0.5808 -0.023
vn -0.8136 0.5814 -0.0077
vn -0.7612 0.6484 0.0099
vn -0.7622 0.6473 -0.0048
vn -0.8142 0.5795 -0.0359
vn -0.8137 0.5808 -0.023
vn -0.7622 0.6473 -0.0048
vn -0.7636 0.6455 -0.0172
vn -0.8617 0.5046 -0.0544
vn -0.8618 0.5056 -0.0412
vn -0.8137 0.5808 -0.023
vn -0.8142 0.5795 -0.0359
vn -0.904 0.4214 -0.0729
vn -0.9044 0.4224 -0.0594
vn -0.8618 0.5056 -0.0412
vn -0.8617 0.5046 -0.0544
vn -0.8934 -0.3913 -0.2205
vn -0.9 -0.3862 -0.2019
vn -0.9435 -0.2791 -0.1789
vn -0.9382 -0.2843 -0.1976
vn -0.9 -0.3862 -0.2019
vn -0.9068 -0.3812 -0.1798
vn -0.9488 -0.274 -0.157
vn -0.9435 -0.2791 -0.1789
vn -0.9382 -0.2843 -0.1976
vn -0.9435 -0.2791 -0.1789
vn -0.9727 -0.1714 -0.1567
vn -0.9687 -0.176 -0.1752
vn -0.9435 -0.2791 -0.1789
vn -0.9488 -0.274 -0.157
vn -0.9767 -0.1669 -0.1352
vn -0.9727 -0.1714 -0.1567
vn -0.8255 -0.5025 -0.257
vn -0.8324 -0.4979 -0.2433
vn -0.8934 -0.3913 -0.2205
vn -0.8875 -0.3966 -0.2347
vn -0.8324 -0.4979 -0.2433
vn -0.8402 -0.4934 -0.2251
vn -0.9 -0.3862 -0.2019
vn -0.8934 -0.3913 -0.2205
vn -0.8402 -0.4934 -0.2251
vn -0.8483 -0.4891 -0.203
vn -0.9068 -0.3812 -0.1798
vn -0.9 -0.3862 -0.2019
vn -0.8483 -0.4891 -0.203
vn -0.8563 -0.4848 -0.1782
vn -0.9134 -0.3763 -0.1553
vn -0.9068 -0.3812 -0.1798
vn -0.9068 -0.3812 -0.1798
vn -0.9134 -0.3763 -0.1553
vn -0.9539 -0.2691 -0.133
vn -0.9488 -0.274 -0.157
vn -0.9488 -0.274 -0.157
vn -0.9539 -0.2691 -0.133
vn -0.9803 -0.1627 -0.1117
vn -0.9767 -0.1669 -0.1352
vn -0.9767 -0.1669 -0.1352
vn -0.9803 -0.1627 -0.1117
vn -0.9943 -0.0552 -0.0915
vn -0.9917 -0.0583 -0.1143
vn -0.9727 -0.1714 -0.1567
vn -0.9767 -0.1669 -0.1352
vn -0.9917 -0.0583 -0.1143
vn -0.9889 -0.0617 -0.1354
vn -0.9687 -0.176 -0.1752
vn -0.9727 -0.1714 -0.1567
vn -0.9889 -0.0617 -0.1354
vn -0.986 -0.0653 -0.1537
vn -0.965 -0.1808 -0.1899
vn -0.9687 -0.176 -0.1752
vn -0.986 -0.0653 -0.1537
vn -0.9833 -0.0692 -0.1683
vn -0.9334 -0.2896 -0.2121
vn -0.9382 -0.2843 -0.1976
vn -0.9687 -0.176 -0.1752
vn -0.965 -0.1808 -0.1899
vn -0.8875 -0.3966 -0.2347
vn -0.8934 -0.3913 -0.2205
vn -0.9382 -0.2843 -0.1976
vn -0.9334 -0.2896 -0.2121
vn -0.7053 0.7088 0.0145
vn -0.7034 0.7102 0.0284
vn -0.637 0.7693 0.0482
vn -0.6396 0.7679 0.0352
vn -0.7034 0.7102 0.0284
vn -0.7021 0.7108 0.044
vn -0.635 0.77 0.0626
vn -0.637 0.7693 0.0482
vn -0.6396 0.7679 0.0352
vn -0.637 0.7693 0.0482
vn -0.5625 0.8239 0.0685
vn -0.5653 0.823 0.0563
vn -0.637 0.7693 0.0482
vn -0.635 0.77 0.0626
vn -0.5602 0.8244 0.0816
vn -0.5625 0.8239 0.0685
vn -0.7636 0.6455 -0.0172
vn -0.7622 0.6473 -0.0048
vn -0.7053 0.7088 0.0145
vn -0.7076 0.7066 0.0027
vn -0.7622 0.6473 -0.0048
vn -0.7612 0.6484 0.0099
vn -0.7034 0.7102 0.0284
vn -0.7053 0.7088 0.0145
vn -0.7612 0.6484 0.0099
vn -0.7607 0.6486 0.0265
vn -0.7021 0.7108 0.044
vn -0.7034 0.7102 0.0284
vn -0.7607 0.6486 0.0265
vn -0.7605 0.6478 0.0446
vn -0.7013 0.7103 0.061
vn -0.7021 0.7108 0.044
vn -0.7021 0.7108 0.044
vn -0.7013 0.7103 0.061
vn -0.6337 0.7696 0.0783
vn -0.635 0.77 0.0626
vn -0.635 0.77 0.0626
vn -0.6337 0.7696 0.0783
vn -0.5584 0.824 0.0956
vn -0.5602 0.8244 0.0816
vn -0.5602 0.8244 0.0816
vn -0.5584 0.824 0.0956
vn -0.4805 0.8698 0.1118
vn -0.4823 0.8703 0.0995
vn -0.5625 0.8239 0.0685
vn -0.5602 0.8244 0.0816
vn -0.4823 0.8703 0.0995
vn -0.4847 0.8703 0.0876
vn -0.5653 0.823 0.0563
vn -0.5625 0.8239 0.0685
vn -0.4847 0.8703 0.0876
vn -0.4871 0.87 0.076
vn -0.5681 0.8217 0.0456
vn -0.5653 0.823 0.0563
vn -0.4871 0.87 0.076
vn -0.4891 0.8698 0.0653
vn -0.6425 0.7659 0.024
vn -0.6396 0.7679 0.0352
vn -0.5653 0.823 0.0563
vn -0.5681 0.8217 0.0456
vn -0.7076 0.7066 0.0027
vn -0.7053 0.7088 0.0145
vn -0.6396 0.7679 0.0352
vn -0.6425 0.7659 0.024
vn 0.1739 -0.9741 -0.1446
vn 0.1695 -0.9716 -0.1649
vn 0.2824 -0.949 -0.1399
vn 0.2917 -0.949 -0.1196
vn 0.1695 -0.9716 -0.1649
vn 0.1651 -0.9686 -0.1858
vn 0.2728 -0.9483 -0.1618
vn 0.2824 -0.949 -0.1399
vn 0.2917 -0.949 -0.1196
vn 0.2824 -0.949 -0.1399
vn 0.3969 -0.9116 -0.1068
vn 0.411 -0.9075 -0.0867
vn 0.2824 -0.949 -0.1399
vn 0.2728 -0.9483 -0.1618
vn 0.3819 -0.9149 -0.1306
vn 0.3969 -0.9116 -0.1068
vn 0.0531 -0.9884 -0.1421
vn 0.0529 -0.9853 -0.1624
vn 0.1739 -0.9741 -0.1446
vn 0.178 -0.976 -0.1253
vn 0.0529 -0.9853 -0.1624
vn 0.0527 -0.9816 -0.1833
vn 0.1695 -0.9716 -0.1649
vn 0.1739 -0.9741 -0.1446
vn 0.0527 -0.9816 -0.1833
vn 0.0523 -0.9776 -0.2041
vn 0.1651 -0.9686 -0.1858
vn 0.1695 -0.9716 -0.1649
vn 0.0523 -0.9776 -0.2041
vn 0.051 -0.9734 -0.2236
vn 0.1602 -0.9655 -0.2054
vn 0.1651 -0.9686 -0.1858
vn 0.1651 -0.9686 -0.1858
vn 0.1602 -0.9655 -0.2054
vn 0.2633 -0.9472 -0.183
vn 0.2728 -0.9483 -0.1618
vn 0.2728 -0.9483 -0.1618
vn 0.2633 -0.9472 -0.183
vn 0.3672 -0.9171 -0.1549
vn 0.3819 -0.9149 -0.1306
vn 0.3819 -0.9149 -0.1306
vn 0.3672 -0.9171 -0.1549
vn 0.4759 -0.8711 -0.1212
vn 0.4947 -0.8641 -0.0929
vn 0.3969 -0.9116 -0.1068
vn 0.3819 -0.9149 -0.1306
vn 0.4947 -0.8641 -0.0929
vn 0.5136 -0.8554 -0.0672
vn 0.411 -0.9075 -0.0867
vn 0.3969 -0.9116 -0.1068
vn 0.5136 -0.8554 -0.0672
vn 0.5311 -0.8459 -0.0485
vn 0.4229 -0.9033 -0.0714
vn 0.411 -0.9075 -0.0867
vn 0.5311 -0.8459 -0.0485
vn 0.5451 -0.8375 -0.0381
vn 0.3001 -0.9485 -0.1016
vn 0.2917 -0.949 -0.1196
vn 0.411 -0.9075 -0.0867
vn 0.4229 -0.9033 -0.0714
vn 0.178 -0.976 -0.1253
vn 0.1739 -0.9741 -0.1446
vn 0.2917 -0.949 -0.1196
vn 0.3001 -0.9485 -0.1016
vn -0.3545 -0.9177 -0.1793
vn -0.3448 -0.9159 -0.2054
vn -0.2056 -0.9571 -0.2043
vn -0.2123 -0.9604 -0.1804
vn -0.3448 -0.9159 -0.2054
vn -0.3358 -0.9134 -0.2301
vn -0.1994 -0.9532 -0.2273
vn -0.2056 -0.9571 -0.2043
vn -0.2123 -0.9604 -0.1804
vn -0.2056 -0.9571 -0.2043
vn -0.0721 -0.9778 -0.1965
vn -0.0755 -0.9818 -0.1744
vn -0.2056 -0.9571 -0.2043
vn -0.1994 -0.9532 -0.2273
vn -0.0692 -0.9735 -0.2181
vn -0.0721 -0.9778 -0.1965
vn -0.5053 -0.8512 -0.142
vn -0.4942 -0.8525 -0.1706
vn -0.3545 -0.9177 -0.1793
vn -0.3642 -0.9187 -0.1528
vn -0.4942 -0.8525 -0.1706
vn -0.4829 -0.8528 -0.1986
vn -0.3448 -0.9159 -0.2054
vn -0.3545 -0.9177 -0.1793
vn -0.4829 -0.8528 -0.1986
vn -0.472 -0.8524 -0.225
vn -0.3358 -0.9134 -0.2301
vn -0.3448 -0.9159 -0.2054
vn -0.472 -0.8524 -0.225
vn -0.462 -0.8511 -0.2494
vn -0.3279 -0.9103 -0.2529
vn -0.3358 -0.9134 -0.2301
vn -0.3358 -0.9134 -0.2301
vn -0.3279 -0.9103 -0.2529
vn -0.1945 -0.9489 -0.2486
vn -0.1994 -0.9532 -0.2273
vn -0.1994 -0.9532 -0.2273
vn -0.1945 -0.9489 -0.2486
vn -0.0675 -0.9689 -0.2382
vn -0.0692 -0.9735 -0.2181
vn -0.0692 -0.9735 -0.2181
vn -0.0675 -0.9689 -0.2382
vn 0.051 -0.9734 -0.2236
vn 0.0523 -0.9776 -0.2041
vn -0.0721 -0.9778 -0.1965
vn -0.0692 -0.9735 -0.2181
vn 0.0523 -0.9776 -0.2041
vn 0.0527 -0.9816 -0.1833
vn -0.0755 -0.9818 -0.1744
vn -0.0721 -0.9778 -0.1965
vn 0.0527 -0.9816 -0.1833
vn 0.0529 -0.9853 -0.1624
vn -0.0789 -0.9851 -0.1525
vn -0.0755 -0.9818 -0.1744
vn 0.0529 -0.9853 -0.1624
vn 0.0531 -0.9884 -0.1421
vn -0.2193 -0.9631 -0.1563
vn -0.2123 -0.9604 -0.1804
vn -0.0755 -0.9818 -0.1744
vn -0.0789 -0.9851 -0.1525
vn -0.3642 -0.9187 -0.1528
vn -0.3545 -0.9177 -0.1793
vn -0.2123 -0.9604 -0.1804
vn -0.2193 -0.9631 -0.1563
vn 0.5194 -0.8414 -0.1495
vn 0.5949 -0.7945 -0.122
vn 0.6122 -0.7833 -0.1082
vn 0.5375 -0.8324 -0.1348
vn 0.5949 -0.7945 -0.122
vn 0.6445 -0.758 -0.1006
vn 0.6582 -0.7475 -0.0891
vn 0.6122 -0.7833 -0.1082
vn 0.5375 -0.8324 -0.1348
vn 0.6122 -0.7833 -0.1082
vn 0.6296 -0.772 -0.087
vn 0.556 -0.8233 -0.1143
vn 0.6122 -0.7833 -0.1082
vn 0.6582 -0.7475 -0.0891
vn 0.6728 -0.7367 -0.0675
vn 0.6296 -0.772 -0.087
vn 0.4086 -0.8926 -0.1908
vn 0.501 -0.8505 -0.1604
vn 0.5194 -0.8414 -0.1495
vn 0.4248 -0.8875 -0.1788
vn 0.501 -0.8505 -0.1604
vn 0.5769 -0.8063 -0.1306
vn 0.5949 -0.7945 -0.122
vn 0.5194 -0.8414 -0.1495
vn 0.5769 -0.8063 -0.1306
vn 0.6298 -0.7695 -0.1058
vn 0.6445 -0.758 -0.1006
vn 0.5949 -0.7945 -0.122
vn 0.6296 -0.772 -0.087
vn 0.6728 -0.7367 -0.0675
vn 0.6899 -0.7232 -0.0314
vn 0.6478 -0.7598 -0.0558
vn 0.556 -0.8233 -0.1143
vn 0.6296 -0.772 -0.087
vn 0.6478 -0.7598 -0.0558
vn 0.5752 -0.8135 -0.0862
vn 0.458 -0.8769 -0.1459
vn 0.556 -0.8233 -0.1143
vn 0.5752 -0.8135 -0.0862
vn 0.4759 -0.8711 -0.1212
vn 0.4411 -0.8823 -0.1644
vn 0.5375 -0.8324 -0.1348
vn 0.556 -0.8233 -0.1143
vn 0.458 -0.8769 -0.1459
vn 0.4248 -0.8875 -0.1788
vn 0.5194 -0.8414 -0.1495
vn 0.5375 -0.8324 -0.1348
vn 0.4411 -0.8823 -0.1644
vn 0.4453 -0.8771 -0.1802
vn 0.5174 -0.8433 -0.1458
vn 0.5373 -0.8314 -0.1415
vn 0.4629 -0.8688 -0.1757
vn 0.5174 -0.8433 -0.1458
vn 0.5763 -0.8096 -0.1112
vn 0.5956 -0.7958 -0.1094
vn 0.5373 -0.8314 -0.1415
vn 0.4629 -0.8688 -0.1757
vn 0.5373 -0.8314 -0.1415
vn 0.5576 -0.8188 -0.1365
vn 0.4819 -0.8598 -0.1689
vn 0.5373 -0.8314 -0.1415
vn 0.5956 -0.7958 -0.1094
vn 0.6135 -0.7823 -0.1079
vn 0.5576 -0.8188 -0.1365
vn 0.3513 -0.9123 -0.2106
vn 0.4304 -0.8842 -0.1815
vn 0.4453 -0.8771 -0.1802
vn 0.3625 -0.9077 -0.2113
vn 0.4304 -0.8842 -0.1815
vn 0.4987 -0.8539 -0.1486
vn 0.5174 -0.8433 -0.1458
vn 0.4453 -0.8771 -0.1802
vn 0.4987 -0.8539 -0.1486
vn 0.5555 -0.8238 -0.1129
vn 0.5763 -0.8096 -0.1112
vn 0.5174 -0.8433 -0.1458
vn 0.5576 -0.8188 -0.1365
vn 0.6135 -0.7823 -0.1079
vn 0.6298 -0.7695 -0.1058
vn 0.5769 -0.8063 -0.1306
vn 0.4819 -0.8598 -0.1689
vn 0.5576 -0.8188 -0.1365
vn 0.5769 -0.8063 -0.1306
vn 0.501 -0.8505 -0.1604
vn 0.3923 -0.8977 -0.2006
vn 0.4819 -0.8598 -0.1689
vn 0.501 -0.8505 -0.1604
vn 0.4086 -0.8926 -0.1908
vn 0.3765 -0.9028 -0.2078
vn 0.4629 -0.8688 -0.1757
vn 0.4819 -0.8598 -0.1689
vn 0.3923 -0.8977 -0.2006
vn 0.3625 -0.9077 -0.2113
vn 0.4453 -0.8771 -0.1802
vn 0.4629 -0.8688 -0.1757
vn 0.3765 -0.9028 -0.2078
vn -0.3272 -0.8751 0.3566
vn -0.302 -0.9008 0.312
vn -0.6842 -0.7117 0.1592
vn -0.6696 -0.7294 0.1402
vn -0.302 -0.9008 0.312
vn -0.2788 -0.922 0.2686
vn -0.6924 -0.6957 0.1914
vn -0.6842 -0.7117 0.1592
vn -0.6842 -0.7117 0.1592
vn -0.6924 -0.6957 0.1914
vn -0.7753 -0.6036 0.1859
vn -0.7623 -0.632 0.1394
vn -0.6696 -0.7294 0.1402
vn -0.6842 -0.7117 0.1592
vn -0.7623 -0.632 0.1394
vn -0.742 -0.6617 0.1079
vn -0.6511 -0.7465 0.1371
vn -0.6696 -0.7294 0.1402
vn -0.742 -0.6617 0.1079
vn -0.7184 -0.6895 0.0923
vn -0.349 -0.8431 0.4091
vn -0.3272 -0.8751 0.3566
vn -0.6696 -0.7294 0.1402
vn -0.6511 -0.7465 0.1371
vn -0.4079 -0.7113 0.5725
vn -0.3818 -0.7584 0.5282
vn -0.5995 -0.7834 0.1641
vn -0.5655 -0.8052 0.1787
vn -0.3818 -0.7584 0.5282
vn -0.3652 -0.8038 0.4697
vn -0.6279 -0.7641 0.1477
vn -0.5995 -0.7834 0.1641
vn -0.3652 -0.8038 0.4697
vn -0.349 -0.8431 0.4091
vn -0.6511 -0.7465 0.1371
vn -0.6279 -0.7641 0.1477
vn -0.6279 -0.7641 0.1477
vn -0.6511 -0.7465 0.1371
vn -0.7184 -0.6895 0.0923
vn -0.6902 -0.7184 0.0867
vn -0.5995 -0.7834 0.1641
vn -0.6279 -0.7641 0.1477
vn -0.6902 -0.7184 0.0867
vn -0.6528 -0.753 0.0825
vn -0.5655 -0.8052 0.1787
vn -0.5995 -0.7834 0.1641
vn -0.6528 -0.753 0.0825
vn -0.6013 -0.7954 0.0762
vn -0.5243 -0.8316 0.1829
vn -0.5655 -0.8052 0.1787
vn -0.6013 -0.7954 0.0762
vn -0.5309 -0.8447 0.0678
vn -0.4468 -0.6724 0.5902
vn -0.4079 -0.7113 0.5725
vn -0.5655 -0.8052 0.1787
vn -0.5243 -0.8316 0.1829
vn -0.5813 -0.6478 0.4923
vn -0.5404 -0.6447 0.5407
vn -0.4396 -0.8842 0.1582
vn -0.4004 -0.9048 0.1445
vn -0.5404 -0.6447 0.5407
vn -0.494 -0.65 0.5774
vn -0.4808 -0.8594 0.1742
vn -0.4396 -0.8842 0.1582
vn -0.494 -0.65 0.5774
vn -0.4468 -0.6724 0.5902
vn -0.5243 -0.8316 0.1829
vn -0.4808 -0.8594 0.1742
vn -0.4808 -0.8594 0.1742
vn -0.5243 -0.8316 0.1829
vn -0.5309 -0.8447 0.0678
vn -0.4529 -0.8895 0.0612
vn -0.4396 -0.8842 0.1582
vn -0.4808 -0.8594 0.1742
vn -0.4529 -0.8895 0.0612
vn -0.3831 -0.9218 0.0592
vn -0.4004 -0.9048 0.1445
vn -0.4396 -0.8842 0.1582
vn -0.3831 -0.9218 0.0592
vn -0.324 -0.944 0.0623
vn -0.366 -0.9197 0.142
vn -0.4004 -0.9048 0.1445
vn -0.324 -0.944 0.0623
vn -0.2755 -0.9585 0.0732
vn -0.62 -0.648 0.4425
vn -0.5813 -0.6478 0.4923
vn -0.4004 -0.9048 0.1445
vn -0.366 -0.9197 0.142
vn -0.7459 -0.598 0.2933
vn -0.7053 -0.6172 0.3487
vn -0.3259 -0.9274 0.1838
vn -0.3247 -0.9201 0.2189
vn -0.7053 -0.6172 0.3487
vn -0.6614 -0.6368 0.3962
vn -0.3403 -0.9273 0.1558
vn -0.3259 -0.9274 0.1838
vn -0.6614 -0.6368 0.3962
vn -0.62 -0.648 0.4425
vn -0.366 -0.9197 0.142
vn -0.3403 -0.9273 0.1558
vn -0.3403 -0.9273 0.1558
vn -0.366 -0.9197 0.142
vn -0.2755 -0.9585 0.0732
vn -0.2355 -0.967 0.0975
vn -0.3259 -0.9274 0.1838
vn -0.3403 -0.9273 0.1558
vn -0.2355 -0.967 0.0975
vn -0.2038 -0.9693 0.1373
vn -0.3247 -0.9201 0.2189
vn -0.3259 -0.9274 0.1838
vn -0.2038 -0.9693 0.1373
vn -0.1854 -0.9642 0.1895
vn -0.3334 -0.9075 0.2554
vn -0.3247 -0.9201 0.2189
vn -0.1854 -0.9642 0.1895
vn -0.1829 -0.9508 0.25
vn -0.7743 -0.5895 0.2301
vn -0.7459 -0.598 0.2933
vn -0.3247 -0.9201 0.2189
vn -0.3334 -0.9075 0.2554
vn -0.4102 -0.9119 -0.0147
vn -0.2881 -0.9575 -0.0123
vn -0.3199 -0.9473 0.0164
vn -0.4235 -0.9058 0.013
vn -0.2881 -0.9575 -0.0123
vn -0.1764 -0.9843 -0.003
vn -0.2347 -0.9717 0.0265
vn -0.3199 -0.9473 0.0164
vn -0.4235 -0.9058 0.013
vn -0.3199 -0.9473 0.0164
vn -0.3516 -0.9354 0.0388
vn -0.4375 -0.8985 0.0362
vn -0.3199 -0.9473 0.0164
vn -0.2347 -0.9717 0.0265
vn -0.2821 -0.9582 0.0469
vn -0.3516 -0.9354 0.0388
vn -0.5353 -0.844 -0.0342
vn -0.3989 -0.9159 -0.045
vn -0.4102 -0.9119 -0.0147
vn -0.5371 -0.8435 -0.005
vn -0.3989 -0.9159 -0.045
vn -0.2618 -0.9641 -0.0445
vn -0.2881 -0.9575 -0.0123
vn -0.4102 -0.9119 -0.0147
vn -0.2618 -0.9641 -0.0445
vn -0.125 -0.9915 -0.036
vn -0.1764 -0.9843 -0.003
vn -0.2881 -0.9575 -0.0123
vn -0.125 -0.9915 -0.036
vn 0.0264 -0.9996 -0.012
vn -0.0858 -0.9962 0.0173
vn -0.1764 -0.9843 -0.003
vn -0.1764 -0.9843 -0.003
vn -0.0858 -0.9962 0.0173
vn -0.1691 -0.9846 0.0437
vn -0.2347 -0.9717 0.0265
vn -0.2347 -0.9717 0.0265
vn -0.1691 -0.9846 0.0437
vn -0.2287 -0.9716 0.0606
vn -0.2821 -0.9582 0.0469
vn -0.2821 -0.9582 0.0469
vn -0.2287 -0.9716 0.0606
vn -0.2755 -0.9585 0.0732
vn -0.324 -0.944 0.0623
vn -0.3516 -0.9354 0.0388
vn -0.2821 -0.9582 0.0469
vn -0.324 -0.944 0.0623
vn -0.3831 -0.9218 0.0592
vn -0.4375 -0.8985 0.0362
vn -0.3516 -0.9354 0.0388
vn -0.3831 -0.9218 0.0592
vn -0.4529 -0.8895 0.0612
vn -0.5342 -0.8443 0.043
vn -0.4375 -0.8985 0.0362
vn -0.4529 -0.8895 0.0612
vn -0.5309 -0.8447 0.0678
vn -0.5365 -0.8436 0.0213
vn -0.4235 -0.9058 0.013
vn -0.4375 -0.8985 0.0362
vn -0.5342 -0.8443 0.043
vn -0.5371 -0.8435 -0.005
vn -0.4102 -0.9119 -0.0147
vn -0.4235 -0.9058 0.013
vn -0.5365 -0.8436 0.0213
vn -0.6467 -0.7625 0.0164
vn -0.6352 -0.7713 0.0408
vn -0.7053 -0.7061 0.0626
vn -0.7273 -0.6851 0.0414
vn -0.6352 -0.7713 0.0408
vn -0.6199 -0.7825 0.0584
vn -0.6803 -0.7292 0.0744
vn -0.7053 -0.7061 0.0626
vn -0.7273 -0.6851 0.0414
vn -0.7053 -0.7061 0.0626
vn -0.7531 -0.653 0.0808
vn -0.7868 -0.6139 0.0639
vn -0.7053 -0.7061 0.0626
vn -0.6803 -0.7292 0.0744
vn -0.7214 -0.687 0.0867
vn -0.7531 -0.653 0.0808
vn -0.5353 -0.844 -0.0342
vn -0.5371 -0.8435 -0.005
vn -0.6467 -0.7625 0.0164
vn -0.6527 -0.7575 -0.0125
vn -0.5371 -0.8435 -0.005
vn -0.5365 -0.8436 0.0213
vn -0.6352 -0.7713 0.0408
vn -0.6467 -0.7625 0.0164
vn -0.5365 -0.8436 0.0213
vn -0.5342 -0.8443 0.043
vn -0.6199 -0.7825 0.0584
vn -0.6352 -0.7713 0.0408
vn -0.5342 -0.8443 0.043
vn -0.5309 -0.8447 0.0678
vn -0.6013 -0.7954 0.0762
vn -0.6199 -0.7825 0.0584
vn -0.6199 -0.7825 0.0584
vn -0.6013 -0.7954 0.0762
vn -0.6528 -0.753 0.0825
vn -0.6803 -0.7292 0.0744
vn -0.6803 -0.7292 0.0744
vn -0.6528 -0.753 0.0825
vn -0.6902 -0.7184 0.0867
vn -0.7214 -0.687 0.0867
vn -0.7214 -0.687 0.0867
vn -0.6902 -0.7184 0.0867
vn -0.7184 -0.6895 0.0923
vn -0.7502 -0.6539 0.0976
vn -0.7531 -0.653 0.0808
vn -0.7214 -0.687 0.0867
vn -0.7502 -0.6539 0.0976
vn -0.7857 -0.6108 0.0983
vn -0.7868 -0.6139 0.0639
vn -0.7531 -0.653 0.0808
vn -0.7857 -0.6108 0.0983
vn -0.8297 -0.551 0.0887
vn -0.8139 -0.5797 0.0388
vn -0.7868 -0.6139 0.0639
vn -0.8297 -0.551 0.0887
vn -0.8804 -0.4685 0.0731
vn -0.7423 -0.67 0.0132
vn -0.7273 -0.6851 0.0414
vn -0.7868 -0.6139 0.0639
vn -0.8139 -0.5797 0.0388
vn -0.6527 -0.7575 -0.0125
vn -0.6467 -0.7625 0.0164
vn -0.7273 -0.6851 0.0414
vn -0.7423 -0.67 0.0132
vt 0.759784 0.838883
vt 0.759938 0.832613
vt 0.752378 0.832003
vt 0.752315 0.838439
vt 0.759938 0.832613
vt 0.760049 0.826205
vt 0.752402 0.82544
vt 0.752378 0.832003
vt 0.752315 0.838439
vt 0.752378 0.832003
vt 0.744687 0.831212
vt 0.744723 0.837828
vt 0.752378 0.832003
vt 0.752402 0.82544
vt 0.744618 0.824483
vt 0.744687 0.831212
vt 0.766923 0.845096
vt 0.767194 0.839139
vt 0.759784 0.838883
vt 0.759596 0.844996
vt 0.767194 0.839139
vt 0.767427 0.833019
vt 0.759938 0.832613
vt 0.759784 0.838883
vt 0.767427 0.833019
vt 0.767615 0.826753
vt 0.760049 0.826205
vt 0.759938 0.832613
vt 0.767615 0.826753
vt 0.767751 0.820362
vt 0.760109 0.819683
vt 0.760049 0.826205
vt 0.760049 0.826205
vt 0.760109 0.819683
vt 0.752378 0.818773
vt 0.752402 0.82544
vt 0.752402 0.82544
vt 0.752378 0.818773
vt 0.744505 0.817665
vt 0.744618 0.824483
vt 0.744618 0.824483
vt 0.744505 0.817665
vt 0.736457 0.816389
vt 0.73666 0.823366
vt 0.744687 0.831212
vt 0.744618 0.824483
vt 0.73666 0.823366
vt 0.736827 0.830266
vt 0.744723 0.837828
vt 0.744687 0.831212
vt 0.736827 0.830266
vt 0.736964 0.837069
vt 0.74473 0.844309
vt 0.744723 0.837828
vt 0.736964 0.837069
vt 0.73708 0.843756
vt 0.752219 0.844729
vt 0.752315 0.838439
vt 0.744723 0.837828
vt 0.74473 0.844309
vt 0.759596 0.844996
vt 0.759784 0.838883
vt 0.752315 0.838439
vt 0.752219 0.844729
vt 0.759614 0.785904
vt 0.75948 0.779192
vt 0.75141 0.77764
vt 0.751529 0.784462
vt 0.75948 0.779192
vt 0.759492 0.772842
vt 0.751599 0.771147
vt 0.75141 0.77764
vt 0.751529 0.784462
vt 0.75141 0.77764
vt 0.743151 0.775757
vt 0.743297 0.782768
vt 0.75141 0.77764
vt 0.751599 0.771147
vt 0.743412 0.768907
vt 0.743151 0.775757
vt 0.767727 0.793845
vt 0.767597 0.787061
vt 0.759614 0.785904
vt 0.759797 0.792761
vt 0.767597 0.787061
vt 0.767427 0.780406
vt 0.75948 0.779192
vt 0.759614 0.785904
vt 0.767427 0.780406
vt 0.76722 0.77408
vt 0.759492 0.772842
vt 0.75948 0.779192
vt 0.76722 0.77408
vt 0.766975 0.768295
vt 0.759758 0.767095
vt 0.759492 0.772842
vt 0.759492 0.772842
vt 0.759758 0.767095
vt 0.752398 0.765331
vt 0.751599 0.771147
vt 0.751599 0.771147
vt 0.752398 0.765331
vt 0.744734 0.762718
vt 0.743412 0.768907
vt 0.743412 0.768907
vt 0.744734 0.762718
vt 0.735786 0.7582
vt 0.734797 0.766357
vt 0.743151 0.775757
vt 0.743412 0.768907
vt 0.734797 0.766357
vt 0.734679 0.773669
vt 0.743297 0.782768
vt 0.743151 0.775757
vt 0.734679 0.773669
vt 0.734898 0.780868
vt 0.743593 0.789815
vt 0.743297 0.782768
vt 0.734898 0.780868
vt 0.735251 0.788026
vt 0.751767 0.791406
vt 0.751529 0.784462
vt 0.743297 0.782768
vt 0.743593 0.789815
vt 0.759797 0.792761
vt 0.759614 0.785904
vt 0.751529 0.784462
vt 0.751767 0.791406
vt 0.726329 0.778819
vt 0.726004 0.771509
vt 0.71719 0.769307
vt 0.717611 0.776681
vt 0.726004 0.771509
vt 0.72582 0.764103
vt 0.716813 0.761906
vt 0.71719 0.769307
vt 0.717611 0.776681
vt 0.71719 0.769307
vt 0.708314 0.767072
vt 0.70878 0.774522
vt 0.71719 0.769307
vt 0.716813 0.761906
vt 0.707868 0.759627
vt 0.708314 0.767072
vt 0.735251 0.788026
vt 0.734898 0.780868
vt 0.726329 0.778819
vt 0.726737 0.786082
vt 0.734898 0.780868
vt 0.734679 0.773669
vt 0.726004 0.771509
vt 0.726329 0.778819
vt 0.734679 0.773669
vt 0.734797 0.766357
vt 0.72582 0.764103
vt 0.726004 0.771509
vt 0.734797 0.766357
vt 0.735786 0.7582
vt 0.725496 0.75657
vt 0.72582 0.764103
vt 0.72582 0.764103
vt 0.725496 0.75657
vt 0.716385 0.754485
vt 0.716813 0.761906
vt 0.716813 0.761906
vt 0.716385 0.754485
vt 0.707434 0.752183
vt 0.707868 0.759627
vt 0.707868 0.759627
vt 0.707434 0.752183
vt 0.698534 0.749838
vt 0.698958 0.757357
vt 0.708314 0.767072
vt 0.707868 0.759627
vt 0.698958 0.757357
vt 0.699405 0.76488
vt 0.70878 0.774522
vt 0.708314 0.767072
vt 0.699405 0.76488
vt 0.699873 0.772417
vt 0.70926 0.781988
vt 0.70878 0.774522
vt 0.699873 0.772417
vt 0.700363 0.779977
vt 0.718065 0.784046
vt 0.717611 0.776681
vt 0.70878 0.774522
vt 0.70926 0.781988
vt 0.726737 0.786082
vt 0.726329 0.778819
vt 0.717611 0.776681
vt 0.718065 0.784046
vt 0.729026 0.836185
vt 0.728782 0.82919
vt 0.720598 0.828003
vt 0.720967 0.835187
vt 0.728782 0.82919
vt 0.728515 0.822116
vt 0.720215 0.820763
vt 0.720598 0.828003
vt 0.720967 0.835187
vt 0.720598 0.828003
vt 0.712351 0.826715
vt 0.712887 0.834078
vt 0.720598 0.828003
vt 0.720215 0.820763
vt 0.711815 0.819327
vt 0.712351 0.826715
vt 0.73708 0.843756
vt 0.736964 0.837069
vt 0.729026 0.836185
vt 0.729253 0.843086
vt 0.736964 0.837069
vt 0.736827 0.830266
vt 0.728782 0.82919
vt 0.729026 0.836185
vt 0.736827 0.830266
vt 0.73666 0.823366
vt 0.728515 0.822116
vt 0.728782 0.82919
vt 0.73666 0.823366
vt 0.736457 0.816389
vt 0.728219 0.81498
vt 0.728515 0.822116
vt 0.728515 0.822116
vt 0.728219 0.81498
vt 0.719815 0.813475
vt 0.720215 0.820763
vt 0.720215 0.820763
vt 0.719815 0.813475
vt 0.711282 0.811906
vt 0.711815 0.819327
vt 0.711815 0.819327
vt 0.711282 0.811906
vt 0.70267 0.810304
vt 0.70338 0.817824
vt 0.712351 0.826715
vt 0.711815 0.819327
vt 0.70338 0.817824
vt 0.704131 0.825328
vt 0.712887 0.834078
vt 0.712351 0.826715
vt 0.704131 0.825328
vt 0.7049 0.832843
vt 0.713418 0.841421
vt 0.712887 0.834078
vt 0.7049 0.832843
vt 0.705672 0.840397
vt 0.721326 0.84231
vt 0.720967 0.835187
vt 0.712887 0.834078
vt 0.713418 0.841421
vt 0.729253 0.843086
vt 0.729026 0.836185
vt 0.720967 0.835187
vt 0.721326 0.84231
vt 0.757847 0.884753
vt 0.758096 0.87929
vt 0.751396 0.880727
vt 0.751296 0.886505
vt 0.758096 0.87929
vt 0.758355 0.873737
vt 0.75152 0.874803
vt 0.751396 0.880727
vt 0.751296 0.886505
vt 0.751396 0.880727
vt 0.744682 0.882206
vt 0.744758 0.888329
vt 0.751396 0.880727
vt 0.75152 0.874803
vt 0.744645 0.875876
vt 0.744682 0.882206
vt 0.764104 0.888418
vt 0.76448 0.883226
vt 0.757847 0.884753
vt 0.75761 0.890102
vt 0.76448 0.883226
vt 0.764853 0.878009
vt 0.758096 0.87929
vt 0.757847 0.884753
vt 0.764853 0.878009
vt 0.765223 0.872748
vt 0.758355 0.873737
vt 0.758096 0.87929
vt 0.765223 0.872748
vt 0.765588 0.867426
vt 0.758619 0.868122
vt 0.758355 0.873737
vt 0.758355 0.873737
vt 0.758619 0.868122
vt 0.751662 0.868823
vt 0.75152 0.874803
vt 0.75152 0.874803
vt 0.751662 0.868823
vt 0.744642 0.869489
vt 0.744645 0.875876
vt 0.744645 0.875876
vt 0.744642 0.869489
vt 0.737499 0.870088
vt 0.737667 0.876882
vt 0.744682 0.882206
vt 0.744645 0.875876
vt 0.737667 0.876882
vt 0.737888 0.883616
vt 0.744758 0.888329
vt 0.744682 0.882206
vt 0.737888 0.883616
vt 0.738164 0.890079
vt 0.74487 0.894114
vt 0.744758 0.888329
vt 0.738164 0.890079
vt 0.738483 0.896093
vt 0.751221 0.892061
vt 0.751296 0.886505
vt 0.744758 0.888329
vt 0.74487 0.894114
vt 0.75761 0.890102
vt 0.757847 0.884753
vt 0.751296 0.886505
vt 0.751221 0.892061
vt 0.745238 0.939583
vt 0.744838 0.942815
vt 0.74748 0.943526
vt 0.748003 0.941122
vt 0.744838 0.942815
vt 0.74492 0.945922
vt 0.747378 0.945989
vt 0.74748 0.943526
vt 0.748003 0.941122
vt 0.74748 0.943526
vt 0.749607 0.944334
vt 0.750152 0.942568
vt 0.74748 0.943526
vt 0.747378 0.945989
vt 0.749396 0.94621
vt 0.749607 0.944334
vt 0.74278 0.93363
vt 0.741756 0.938508
vt 0.745238 0.939583
vt 0.746577 0.936656
vt 0.741756 0.938508
vt 0.741695 0.942519
vt 0.744838 0.942815
vt 0.745238 0.939583
vt 0.741695 0.942519
vt 0.74205 0.946147
vt 0.74492 0.945922
vt 0.744838 0.942815
vt 0.74205 0.946147
vt 0.742632 0.949398
vt 0.745273 0.94878
vt 0.74492 0.945922
vt 0.74492 0.945922
vt 0.745273 0.94878
vt 0.747551 0.948352
vt 0.747378 0.945989
vt 0.747378 0.945989
vt 0.747551 0.948352
vt 0.749436 0.948073
vt 0.749396 0.94621
vt 0.749396 0.94621
vt 0.749436 0.948073
vt 0.750883 0.947905
vt 0.750932 0.946465
vt 0.749607 0.944334
vt 0.749396 0.94621
vt 0.750932 0.946465
vt 0.7512 0.945047
vt 0.750152 0.942568
vt 0.749607 0.944334
vt 0.7512 0.945047
vt 0.751725 0.943728
vt 0.751125 0.941061
vt 0.750152 0.942568
vt 0.751725 0.943728
vt 0.752549 0.942591
vt 0.749159 0.939062
vt 0.748003 0.941122
vt 0.750152 0.942568
vt 0.751125 0.941061
vt 0.746577 0.936656
vt 0.745238 0.939583
vt 0.748003 0.941122
vt 0.749159 0.939062
vt 0.775539 0.787916
vt 0.783487 0.78847
vt 0.783272 0.78184
vt 0.775335 0.781295
vt 0.783487 0.78847
vt 0.791493 0.788738
vt 0.791307 0.782039
vt 0.783272 0.78184
vt 0.775335 0.781295
vt 0.783272 0.78184
vt 0.782685 0.775383
vt 0.774914 0.774952
vt 0.783272 0.78184
vt 0.791307 0.782039
vt 0.790654 0.775308
vt 0.782685 0.775383
vt 0.767727 0.793845
vt 0.775616 0.794634
vt 0.775539 0.787916
vt 0.767597 0.787061
vt 0.775616 0.794634
vt 0.78351 0.795137
vt 0.783487 0.78847
vt 0.775539 0.787916
vt 0.78351 0.795137
vt 0.791459 0.795369
vt 0.791493 0.788738
vt 0.783487 0.78847
vt 0.791459 0.795369
vt 0.79952 0.795347
vt 0.799617 0.788743
vt 0.791493 0.788738
vt 0.791493 0.788738
vt 0.799617 0.788743
vt 0.799513 0.781994
vt 0.791307 0.782039
vt 0.791307 0.782039
vt 0.799513 0.781994
vt 0.799005 0.77497
vt 0.790654 0.775308
vt 0.790654 0.775308
vt 0.799005 0.77497
vt 0.797513 0.766756
vt 0.788899 0.768807
vt 0.782685 0.775383
vt 0.790654 0.775308
vt 0.788899 0.768807
vt 0.781429 0.769329
vt 0.774914 0.774952
vt 0.782685 0.775383
vt 0.781429 0.769329
vt 0.774167 0.76908
vt 0.76722 0.77408
vt 0.774914 0.774952
vt 0.774167 0.76908
vt 0.766975 0.768295
vt 0.767427 0.780406
vt 0.775335 0.781295
vt 0.774914 0.774952
vt 0.76722 0.77408
vt 0.767597 0.787061
vt 0.775539 0.787916
vt 0.775335 0.781295
vt 0.767427 0.780406
vt 0.731465 0.891651
vt 0.730975 0.884877
vt 0.724039 0.88603
vt 0.724745 0.893092
vt 0.730975 0.884877
vt 0.730554 0.877774
vt 0.723413 0.878584
vt 0.724039 0.88603
vt 0.724745 0.893092
vt 0.724039 0.88603
vt 0.717243 0.887118
vt 0.718151 0.894464
vt 0.724039 0.88603
vt 0.723413 0.878584
vt 0.716418 0.879337
vt 0.717243 0.887118
vt 0.738483 0.896093
vt 0.738164 0.890079
vt 0.731465 0.891651
vt 0.732002 0.897874
vt 0.738164 0.890079
vt 0.737888 0.883616
vt 0.730975 0.884877
vt 0.731465 0.891651
vt 0.737888 0.883616
vt 0.737667 0.876882
vt 0.730554 0.877774
vt 0.730975 0.884877
vt 0.737667 0.876882
vt 0.737499 0.870088
vt 0.730209 0.870598
vt 0.730554 0.877774
vt 0.730554 0.877774
vt 0.730209 0.870598
vt 0.722882 0.871043
vt 0.723413 0.878584
vt 0.723413 0.878584
vt 0.722882 0.871043
vt 0.715694 0.871436
vt 0.716418 0.879337
vt 0.716418 0.879337
vt 0.715694 0.871436
vt 0.708842 0.871766
vt 0.709764 0.880034
vt 0.717243 0.887118
vt 0.716418 0.879337
vt 0.709764 0.880034
vt 0.710777 0.888158
vt 0.718151 0.894464
vt 0.717243 0.887118
vt 0.710777 0.888158
vt 0.711857 0.895802
vt 0.719092 0.901098
vt 0.718151 0.894464
vt 0.711857 0.895802
vt 0.712942 0.902676
vt 0.725496 0.899516
vt 0.724745 0.893092
vt 0.718151 0.894464
vt 0.719092 0.901098
vt 0.732002 0.897874
vt 0.731465 0.891651
vt 0.724745 0.893092
vt 0.725496 0.899516
vt 0.717255 0.961115
vt 0.720651 0.957587
vt 0.718049 0.953962
vt 0.714282 0.957572
vt 0.720651 0.957587
vt 0.724233 0.954396
vt 0.722004 0.950688
vt 0.718049 0.953962
vt 0.714282 0.957572
vt 0.718049 0.953962
vt 0.715521 0.950037
vt 0.711406 0.953722
vt 0.718049 0.953962
vt 0.722004 0.950688
vt 0.71983 0.946693
vt 0.715521 0.950037
vt 0.720286 0.964281
vt 0.723282 0.960829
vt 0.720651 0.957587
vt 0.717255 0.961115
vt 0.723282 0.960829
vt 0.726466 0.957718
vt 0.724233 0.954396
vt 0.720651 0.957587
vt 0.726466 0.957718
vt 0.729773 0.955088
vt 0.727921 0.951682
vt 0.724233 0.954396
vt 0.724233 0.954396
vt 0.727921 0.951682
vt 0.726062 0.94789
vt 0.722004 0.950688
vt 0.722004 0.950688
vt 0.726062 0.94789
vt 0.724243 0.943829
vt 0.71983 0.946693
vt 0.71983 0.946693
vt 0.724243 0.943829
vt 0.722518 0.939649
vt 0.717765 0.942542
vt 0.715521 0.950037
vt 0.71983 0.946693
vt 0.717765 0.942542
vt 0.713119 0.945924
vt 0.711406 0.953722
vt 0.715521 0.950037
vt 0.713119 0.945924
vt 0.708674 0.949666
vt 0.339823 0.906209
vt 0.340139 0.912038
vt 0.348158 0.912674
vt 0.347761 0.906895
vt 0.340139 0.912038
vt 0.340267 0.91855
vt 0.348251 0.919064
vt 0.348158 0.912674
vt 0.347761 0.906895
vt 0.348158 0.912674
vt 0.356104 0.913258
vt 0.355672 0.907463
vt 0.348158 0.912674
vt 0.348251 0.919064
vt 0.356145 0.919531
vt 0.356104 0.913258
vt 0.331666 0.900766
vt 0.332049 0.905436
vt 0.339823 0.906209
vt 0.339143 0.901585
vt 0.332049 0.905436
vt 0.332274 0.911357
vt 0.340139 0.912038
vt 0.339823 0.906209
vt 0.332274 0.911357
vt 0.33241 0.917995
vt 0.340267 0.91855
vt 0.340139 0.912038
vt 0.33241 0.917995
vt 0.332507 0.924842
vt 0.340345 0.925255
vt 0.340267 0.91855
vt 0.340267 0.91855
vt 0.340345 0.925255
vt 0.348293 0.925608
vt 0.348251 0.919064
vt 0.348251 0.919064
vt 0.348293 0.925608
vt 0.356161 0.925893
vt 0.356145 0.919531
vt 0.356145 0.919531
vt 0.356161 0.925893
vt 0.363766 0.926104
vt 0.363745 0.91995
vt 0.356104 0.913258
vt 0.356145 0.919531
vt 0.363745 0.91995
vt 0.363752 0.913849
vt 0.355672 0.907463
vt 0.356104 0.913258
vt 0.363752 0.913849
vt 0.363432 0.908107
vt 0.353961 0.902694
vt 0.355672 0.907463
vt 0.363432 0.908107
vt 0.36188 0.902755
vt 0.346629 0.902264
vt 0.347761 0.906895
vt 0.355672 0.907463
vt 0.353961 0.902694
vt 0.339143 0.901585
vt 0.339823 0.906209
vt 0.347761 0.906895
vt 0.346629 0.902264
vt 0.373189 0.9431
vt 0.380518 0.942419
vt 0.379227 0.937125
vt 0.37211 0.937563
vt 0.380518 0.942419
vt 0.387494 0.941616
vt 0.385984 0.93658
vt 0.379227 0.937125
vt 0.37211 0.937563
vt 0.379227 0.937125
vt 0.378308 0.931783
vt 0.371368 0.931974
vt 0.379227 0.937125
vt 0.385984 0.93658
vt 0.384881 0.931504
vt 0.378308 0.931783
vt 0.366689 0.949461
vt 0.374604 0.948679
vt 0.373189 0.9431
vt 0.365506 0.943654
vt 0.374604 0.948679
vt 0.382173 0.947757
vt 0.380518 0.942419
vt 0.373189 0.9431
vt 0.382173 0.947757
vt 0.389395 0.946699
vt 0.387494 0.941616
vt 0.380518 0.942419
vt 0.378308 0.931783
vt 0.384881 0.931504
vt 0.384216 0.926298
vt 0.37778 0.926298
vt 0.371368 0.931974
vt 0.378308 0.931783
vt 0.37778 0.926298
vt 0.370974 0.926237
vt 0.364048 0.932072
vt 0.371368 0.931974
vt 0.370974 0.926237
vt 0.363766 0.926104
vt 0.364629 0.937889
vt 0.37211 0.937563
vt 0.371368 0.931974
vt 0.364048 0.932072
vt 0.365506 0.943654
vt 0.373189 0.9431
vt 0.37211 0.937563
vt 0.364629 0.937889
vt 0.259087 0.939961
vt 0.265229 0.940617
vt 0.265136 0.933363
vt 0.258934 0.932657
vt 0.265229 0.940617
vt 0.271382 0.941234
vt 0.271344 0.934031
vt 0.265136 0.933363
vt 0.258934 0.932657
vt 0.265136 0.933363
vt 0.265136 0.926069
vt 0.25885 0.925313
vt 0.265136 0.933363
vt 0.271344 0.934031
vt 0.271413 0.92679
vt 0.265136 0.926069
vt 0.253182 0.946649
vt 0.259324 0.947303
vt 0.259087 0.939961
vt 0.252919 0.939264
vt 0.259324 0.947303
vt 0.265433 0.947913
vt 0.265229 0.940617
vt 0.259087 0.939961
vt 0.265433 0.947913
vt 0.271551 0.948482
vt 0.271382 0.941234
vt 0.265229 0.940617
vt 0.271551 0.948482
vt 0.277721 0.94901
vt 0.277584 0.941813
vt 0.271382 0.941234
vt 0.271382 0.941234
vt 0.277584 0.941813
vt 0.277589 0.934662
vt 0.271344 0.934031
vt 0.271344 0.934031
vt 0.277589 0.934662
vt 0.277706 0.927474
vt 0.271413 0.92679
vt 0.271413 0.92679
vt 0.277706 0.927474
vt 0.27791 0.920155
vt 0.271571 0.919418
vt 0.265136 0.926069
vt 0.271413 0.92679
vt 0.271571 0.919418
vt 0.265216 0.918642
vt 0.25885 0.925313
vt 0.265136 0.926069
vt 0.265216 0.918642
vt 0.258824 0.917829
vt 0.252529 0.92452
vt 0.25885 0.925313
vt 0.258824 0.917829
vt 0.252375 0.916981
vt 0.252707 0.931914
vt 0.258934 0.932657
vt 0.25885 0.925313
vt 0.252529 0.92452
vt 0.252919 0.939264
vt 0.259087 0.939961
vt 0.258934 0.932657
vt 0.252707 0.931914
vt 0.310517 0.944023
vt 0.317713 0.944286
vt 0.317648 0.93756
vt 0.310505 0.937203
vt 0.317713 0.944286
vt 0.325188 0.944467
vt 0.325047 0.937849
vt 0.317648 0.93756
vt 0.310505 0.937203
vt 0.317648 0.93756
vt 0.317649 0.930789
vt 0.310557 0.930338
vt 0.317648 0.93756
vt 0.325047 0.937849
vt 0.324987 0.931187
vt 0.317649 0.930789
vt 0.303671 0.950638
vt 0.310658 0.950891
vt 0.310517 0.944023
vt 0.303568 0.94369
vt 0.310658 0.950891
vt 0.317917 0.95106
vt 0.317713 0.944286
vt 0.310517 0.944023
vt 0.317917 0.95106
vt 0.325485 0.951133
vt 0.325188 0.944467
vt 0.317713 0.944286
vt 0.325485 0.951133
vt 0.333394 0.951089
vt 0.332972 0.94455
vt 0.325188 0.944467
vt 0.325188 0.944467
vt 0.332972 0.94455
vt 0.33273 0.93806
vt 0.325047 0.937849
vt 0.325047 0.937849
vt 0.33273 0.93806
vt 0.332597 0.931525
vt 0.324987 0.931187
vt 0.324987 0.931187
vt 0.332597 0.931525
vt 0.332507 0.924842
vt 0.32494 0.924379
vt 0.317649 0.930789
vt 0.324987 0.931187
vt 0.32494 0.924379
vt 0.317652 0.923872
vt 0.310557 0.930338
vt 0.317649 0.930789
vt 0.317652 0.923872
vt 0.310614 0.923328
vt 0.303683 0.929842
vt 0.310557 0.930338
vt 0.310614 0.923328
vt 0.303794 0.922753
vt 0.303591 0.936788
vt 0.310505 0.937203
vt 0.310557 0.930338
vt 0.303683 0.929842
vt 0.303568 0.94369
vt 0.310517 0.944023
vt 0.310505 0.937203
vt 0.303591 0.936788
vt 0.207656 0.933228
vt 0.214368 0.934214
vt 0.214089 0.926656
vt 0.207418 0.925649
vt 0.214368 0.934214
vt 0.221002 0.935159
vt 0.220688 0.927625
vt 0.214089 0.926656
vt 0.207418 0.925649
vt 0.214089 0.926656
vt 0.213752 0.919027
vt 0.207168 0.917994
vt 0.214089 0.926656
vt 0.220688 0.927625
vt 0.220287 0.920027
vt 0.213752 0.919027
vt 0.201066 0.9398
vt 0.207866 0.940813
vt 0.207656 0.933228
vt 0.200871 0.932201
vt 0.207866 0.940813
vt 0.2146 0.941783
vt 0.214368 0.934214
vt 0.207656 0.933228
vt 0.2146 0.941783
vt 0.221258 0.942707
vt 0.221002 0.935159
vt 0.214368 0.934214
vt 0.221258 0.942707
vt 0.227828 0.943586
vt 0.227552 0.936062
vt 0.221002 0.935159
vt 0.221002 0.935159
vt 0.227552 0.936062
vt 0.227219 0.928557
vt 0.220688 0.927625
vt 0.220688 0.927625
vt 0.227219 0.928557
vt 0.22679 0.920993
vt 0.220287 0.920027
vt 0.220287 0.920027
vt 0.22679 0.920993
vt 0.226233 0.913248
vt 0.219779 0.912234
vt 0.213752 0.919027
vt 0.220287 0.920027
vt 0.219779 0.912234
vt 0.21336 0.911189
vt 0.207168 0.917994
vt 0.213752 0.919027
vt 0.21336 0.911189
vt 0.206936 0.910114
vt 0.200515 0.916927
vt 0.207168 0.917994
vt 0.206936 0.910114
vt 0.200465 0.909008
vt 0.200671 0.924605
vt 0.207418 0.925649
vt 0.207168 0.917994
vt 0.200515 0.916927
vt 0.200871 0.932201
vt 0.207656 0.933228
vt 0.207418 0.925649
vt 0.200671 0.924605
vt 0.712567 0.929833
vt 0.70704 0.932992
vt 0.708852 0.937435
vt 0.714118 0.934135
vt 0.70704 0.932992
vt 0.701641 0.936668
vt 0.703777 0.941192
vt 0.708852 0.937435
vt 0.714118 0.934135
vt 0.708852 0.937435
vt 0.71089 0.941728
vt 0.715856 0.938358
vt 0.708852 0.937435
vt 0.703777 0.941192
vt 0.706132 0.945497
vt 0.71089 0.941728
vt 0.716953 0.922919
vt 0.711238 0.92541
vt 0.712567 0.929833
vt 0.718138 0.927172
vt 0.711238 0.92541
vt 0.705577 0.928334
vt 0.70704 0.932992
vt 0.712567 0.929833
vt 0.705577 0.928334
vt 0.7 0.931712
vt 0.701641 0.936668
vt 0.70704 0.932992
vt 0.71089 0.941728
vt 0.706132 0.945497
vt 0.708674 0.949666
vt 0.713119 0.945924
vt 0.715856 0.938358
vt 0.71089 0.941728
vt 0.713119 0.945924
vt 0.717765 0.942542
vt 0.720923 0.93549
vt 0.715856 0.938358
vt 0.717765 0.942542
vt 0.722518 0.939649
vt 0.719464 0.931347
vt 0.714118 0.934135
vt 0.715856 0.938358
vt 0.720923 0.93549
vt 0.718138 0.927172
vt 0.712567 0.929833
vt 0.714118 0.934135
vt 0.719464 0.931347
vt 0.77504 0.94063
vt 0.770775 0.942094
vt 0.770771 0.944947
vt 0.774637 0.944562
vt 0.770775 0.942094
vt 0.76737 0.943367
vt 0.767586 0.945432
vt 0.770771 0.944947
vt 0.774637 0.944562
vt 0.770771 0.944947
vt 0.770184 0.947859
vt 0.773581 0.948331
vt 0.770771 0.944947
vt 0.767586 0.945432
vt 0.767346 0.94761
vt 0.770184 0.947859
vt 0.78008 0.93336
vt 0.774125 0.93709
vt 0.77504 0.94063
vt 0.780089 0.939527
vt 0.774125 0.93709
vt 0.76988 0.939647
vt 0.770775 0.942094
vt 0.77504 0.94063
vt 0.76988 0.939647
vt 0.766569 0.941596
vt 0.76737 0.943367
vt 0.770775 0.942094
vt 0.766569 0.941596
vt 0.764156 0.943011
vt 0.764868 0.944341
vt 0.76737 0.943367
vt 0.76737 0.943367
vt 0.764868 0.944341
vt 0.765193 0.945872
vt 0.767586 0.945432
vt 0.767586 0.945432
vt 0.765193 0.945872
vt 0.765186 0.9475
vt 0.767346 0.94761
vt 0.779028 0.944588
vt 0.774637 0.944562
vt 0.773581 0.948331
vt 0.777419 0.949138
vt 0.780089 0.939527
vt 0.77504 0.94063
vt 0.774637 0.944562
vt 0.779028 0.944588
vt 0.807524 0.801584
vt 0.807265 0.807976
vt 0.815537 0.807526
vt 0.815845 0.801146
vt 0.807265 0.807976
vt 0.806964 0.814256
vt 0.815191 0.813794
vt 0.815537 0.807526
vt 0.815845 0.801146
vt 0.815537 0.807526
vt 0.823927 0.806983
vt 0.824283 0.800601
vt 0.815537 0.807526
vt 0.815191 0.813794
vt 0.823537 0.813253
vt 0.823927 0.806983
vt 0.79952 0.795347
vt 0.799355 0.801861
vt 0.807524 0.801584
vt 0.807745 0.795096
vt 0.799355 0.801861
vt 0.799147 0.808281
vt 0.807265 0.807976
vt 0.807524 0.801584
vt 0.799147 0.808281
vt 0.798895 0.814589
vt 0.806964 0.814256
vt 0.807265 0.807976
vt 0.798895 0.814589
vt 0.798596 0.820771
vt 0.806621 0.820406
vt 0.806964 0.814256
vt 0.806964 0.814256
vt 0.806621 0.820406
vt 0.814806 0.81993
vt 0.815191 0.813794
vt 0.815191 0.813794
vt 0.814806 0.81993
vt 0.823112 0.819392
vt 0.823537 0.813253
vt 0.823537 0.813253
vt 0.823112 0.819392
vt 0.831501 0.818831
vt 0.831966 0.812675
vt 0.823927 0.806983
vt 0.823537 0.813253
vt 0.831966 0.812675
vt 0.832399 0.806391
vt 0.824283 0.800601
vt 0.823927 0.806983
vt 0.832399 0.806391
vt 0.832802 0.799996
vt 0.824606 0.794126
vt 0.824283 0.800601
vt 0.832802 0.799996
vt 0.833176 0.793509
vt 0.816119 0.794671
vt 0.815845 0.801146
vt 0.824283 0.800601
vt 0.824606 0.794126
vt 0.807745 0.795096
vt 0.807524 0.801584
vt 0.815845 0.801146
vt 0.816119 0.794671
vt 0.208326 0.964163
vt 0.215161 0.965121
vt 0.214988 0.957151
vt 0.208195 0.956195
vt 0.215161 0.965121
vt 0.221931 0.966024
vt 0.221712 0.958054
vt 0.214988 0.957151
vt 0.208195 0.956195
vt 0.214988 0.957151
vt 0.214803 0.949405
vt 0.208043 0.948446
vt 0.214988 0.957151
vt 0.221712 0.958054
vt 0.22149 0.950316
vt 0.214803 0.949405
vt 0.201508 0.971466
vt 0.208437 0.972486
vt 0.208326 0.964163
vt 0.201444 0.963152
vt 0.208437 0.972486
vt 0.215325 0.973451
vt 0.215161 0.965121
vt 0.208326 0.964163
vt 0.215325 0.973451
vt 0.222152 0.974359
vt 0.221931 0.966024
vt 0.215161 0.965121
vt 0.222152 0.974359
vt 0.2289 0.975207
vt 0.228618 0.96687
vt 0.221931 0.966024
vt 0.221931 0.966024
vt 0.228618 0.96687
vt 0.228349 0.958904
vt 0.221712 0.958054
vt 0.221712 0.958054
vt 0.228349 0.958904
vt 0.228088 0.951177
vt 0.22149 0.950316
vt 0.22149 0.950316
vt 0.228088 0.951177
vt 0.227828 0.943586
vt 0.221258 0.942707
vt 0.214803 0.949405
vt 0.22149 0.950316
vt 0.221258 0.942707
vt 0.2146 0.941783
vt 0.208043 0.948446
vt 0.214803 0.949405
vt 0.2146 0.941783
vt 0.207866 0.940813
vt 0.201225 0.94744
vt 0.208043 0.948446
vt 0.207866 0.940813
vt 0.201066 0.9398
vt 0.20135 0.955189
vt 0.208195 0.956195
vt 0.208043 0.948446
vt 0.201225 0.94744
vt 0.201444 0.963152
vt 0.208326 0.964163
vt 0.208195 0.956195
vt 0.20135 0.955189
vt 0.798296 0.890392
vt 0.797236 0.896047
vt 0.804597 0.896093
vt 0.805786 0.890309
vt 0.797236 0.896047
vt 0.796059 0.901914
vt 0.803266 0.902111
vt 0.804597 0.896093
vt 0.805786 0.890309
vt 0.804597 0.896093
vt 0.812082 0.896286
vt 0.813402 0.890366
vt 0.804597 0.896093
vt 0.803266 0.902111
vt 0.810595 0.902459
vt 0.812082 0.896286
vt 0.79184 0.885251
vt 0.790986 0.8906
vt 0.798296 0.890392
vt 0.799257 0.884946
vt 0.790986 0.8906
vt 0.790052 0.896136
vt 0.797236 0.896047
vt 0.798296 0.890392
vt 0.790052 0.896136
vt 0.789025 0.901862
vt 0.796059 0.901914
vt 0.797236 0.896047
vt 0.789025 0.901862
vt 0.78789 0.907781
vt 0.794748 0.907996
vt 0.796059 0.901914
vt 0.796059 0.901914
vt 0.794748 0.907996
vt 0.801771 0.908366
vt 0.803266 0.902111
vt 0.803266 0.902111
vt 0.801771 0.908366
vt 0.808913 0.90889
vt 0.810595 0.902459
vt 0.810595 0.902459
vt 0.808913 0.90889
vt 0.816103 0.909559
vt 0.817972 0.902955
vt 0.812082 0.896286
vt 0.810595 0.902459
vt 0.817972 0.902955
vt 0.819617 0.896627
vt 0.813402 0.890366
vt 0.812082 0.896286
vt 0.819617 0.896627
vt 0.821069 0.89057
vt 0.814579 0.884693
vt 0.813402 0.890366
vt 0.821069 0.89057
vt 0.822357 0.884776
vt 0.806854 0.884753
vt 0.805786 0.890309
vt 0.813402 0.890366
vt 0.814579 0.884693
vt 0.799257 0.884946
vt 0.798296 0.890392
vt 0.805786 0.890309
vt 0.806854 0.884753
vt 0.841374 0.79937
vt 0.840923 0.805788
vt 0.84944 0.805198
vt 0.849938 0.798752
vt 0.840923 0.805788
vt 0.840445 0.812097
vt 0.848917 0.81154
vt 0.84944 0.805198
vt 0.208571 0.990473
vt 0.215601 0.991467
vt 0.215476 0.982257
vt 0.208523 0.981281
vt 0.215601 0.991467
vt 0.222581 0.992401
vt 0.222373 0.983174
vt 0.215476 0.982257
vt 0.833176 0.793509
vt 0.832802 0.799996
vt 0.841374 0.79937
vt 0.8418 0.792863
vt 0.832802 0.799996
vt 0.832399 0.806391
vt 0.840923 0.805788
vt 0.841374 0.79937
vt 0.832399 0.806391
vt 0.831966 0.812675
vt 0.840445 0.812097
vt 0.840923 0.805788
vt 0.831966 0.812675
vt 0.831501 0.818831
vt 0.839936 0.818281
vt 0.840445 0.812097
vt 0.840445 0.812097
vt 0.839936 0.818281
vt 0.848365 0.81776
vt 0.848917 0.81154
vt 0.222581 0.992401
vt 0.229494 0.993271
vt 0.229196 0.984029
vt 0.222373 0.983174
vt 0.222373 0.983174
vt 0.229196 0.984029
vt 0.2289 0.975207
vt 0.222152 0.974359
vt 0.215476 0.982257
vt 0.222373 0.983174
vt 0.222152 0.974359
vt 0.215325 0.973451
vt 0.208523 0.981281
vt 0.215476 0.982257
vt 0.215325 0.973451
vt 0.208437 0.972486
vt 0.201535 0.980248
vt 0.208523 0.981281
vt 0.208437 0.972486
vt 0.201508 0.971466
vt 0.201512 0.989422
vt 0.208571 0.990473
vt 0.208523 0.981281
vt 0.201535 0.980248
vt 0.8418 0.792863
vt 0.841374 0.79937
vt 0.849938 0.798752
vt 0.850414 0.792216
vt 0.312401 0.972558
vt 0.319961 0.97244
vt 0.318998 0.965063
vt 0.311558 0.96508
vt 0.319961 0.97244
vt 0.327925 0.972168
vt 0.32681 0.964914
vt 0.318998 0.965063
vt 0.311558 0.96508
vt 0.318998 0.965063
vt 0.318331 0.957963
vt 0.310991 0.957885
vt 0.318998 0.965063
vt 0.32681 0.964914
vt 0.326011 0.957927
vt 0.318331 0.957963
vt 0.306272 0.980509
vt 0.31357 0.980425
vt 0.312401 0.972558
vt 0.305214 0.97255
vt 0.31357 0.980425
vt 0.321274 0.980192
vt 0.319961 0.97244
vt 0.312401 0.972558
vt 0.321274 0.980192
vt 0.329407 0.979779
vt 0.327925 0.972168
vt 0.319961 0.97244
vt 0.329407 0.979779
vt 0.337988 0.979144
vt 0.336315 0.971709
vt 0.327925 0.972168
vt 0.327925 0.972168
vt 0.336315 0.971709
vt 0.335024 0.964606
vt 0.32681 0.964914
vt 0.32681 0.964914
vt 0.335024 0.964606
vt 0.334064 0.957755
vt 0.326011 0.957927
vt 0.326011 0.957927
vt 0.334064 0.957755
vt 0.333394 0.951089
vt 0.325485 0.951133
vt 0.318331 0.957963
vt 0.326011 0.957927
vt 0.325485 0.951133
vt 0.317917 0.95106
vt 0.310991 0.957885
vt 0.318331 0.957963
vt 0.317917 0.95106
vt 0.310658 0.950891
vt 0.303955 0.957713
vt 0.310991 0.957885
vt 0.310658 0.950891
vt 0.303671 0.950638
vt 0.304457 0.964987
vt 0.311558 0.96508
vt 0.310991 0.957885
vt 0.303955 0.957713
vt 0.305214 0.97255
vt 0.312401 0.972558
vt 0.311558 0.96508
vt 0.304457 0.964987
vt 0.828714 0.890926
vt 0.827126 0.897118
vt 0.834582 0.897776
vt 0.836309 0.891451
vt 0.827126 0.897118
vt 0.825322 0.903595
vt 0.832619 0.904395
vt 0.834582 0.897776
vt 0.317027 0.997608
vt 0.325095 0.997108
vt 0.322984 0.98841
vt 0.315112 0.988772
vt 0.325095 0.997108
vt 0.333643 0.996359
vt 0.331308 0.987834
vt 0.322984 0.98841
vt 0.822357 0.884776
vt 0.821069 0.89057
vt 0.828714 0.890926
vt 0.830117 0.88501
vt 0.821069 0.89057
vt 0.819617 0.896627
vt 0.827126 0.897118
vt 0.828714 0.890926
vt 0.819617 0.896627
vt 0.817972 0.902955
vt 0.825322 0.903595
vt 0.827126 0.897118
vt 0.817972 0.902955
vt 0.816103 0.909559
vt 0.823268 0.910363
vt 0.825322 0.903595
vt 0.825322 0.903595
vt 0.823268 0.910363
vt 0.830382 0.911315
vt 0.832619 0.904395
vt 0.333643 0.996359
vt 0.342652 0.995251
vt 0.340093 0.986988
vt 0.331308 0.987834
vt 0.331308 0.987834
vt 0.340093 0.986988
vt 0.337988 0.979144
vt 0.329407 0.979779
vt 0.322984 0.98841
vt 0.331308 0.987834
vt 0.329407 0.979779
vt 0.321274 0.980192
vt 0.315112 0.988772
vt 0.322984 0.98841
vt 0.321274 0.980192
vt 0.31357 0.980425
vt 0.30767 0.988961
vt 0.315112 0.988772
vt 0.31357 0.980425
vt 0.306272 0.980509
vt 0.30941 0.997909
vt 0.317027 0.997608
vt 0.315112 0.988772
vt 0.30767 0.988961
vt 0.830117 0.88501
vt 0.828714 0.890926
vt 0.836309 0.891451
vt 0.837833 0.885411
vt 0.804261 0.848953
vt 0.803671 0.85424
vt 0.811642 0.85373
vt 0.81227 0.848434
vt 0.803671 0.85424
vt 0.803044 0.85942
vt 0.810974 0.858929
vt 0.811642 0.85373
vt 0.81227 0.848434
vt 0.811642 0.85373
vt 0.819739 0.853275
vt 0.820404 0.84795
vt 0.811642 0.85373
vt 0.810974 0.858929
vt 0.819029 0.858511
vt 0.819739 0.853275
vt 0.796937 0.844037
vt 0.796422 0.849473
vt 0.804261 0.848953
vt 0.804813 0.843538
vt 0.796422 0.849473
vt 0.795871 0.854771
vt 0.803671 0.85424
vt 0.804261 0.848953
vt 0.795871 0.854771
vt 0.795288 0.859951
vt 0.803044 0.85942
vt 0.803671 0.85424
vt 0.795288 0.859951
vt 0.794675 0.86503
vt 0.802381 0.864511
vt 0.803044 0.85942
vt 0.803044 0.85942
vt 0.802381 0.864511
vt 0.810263 0.864052
vt 0.810974 0.858929
vt 0.810974 0.858929
vt 0.810263 0.864052
vt 0.818271 0.863681
vt 0.819029 0.858511
vt 0.819029 0.858511
vt 0.818271 0.863681
vt 0.826343 0.863417
vt 0.82715 0.858187
vt 0.819739 0.853275
vt 0.819029 0.858511
vt 0.82715 0.858187
vt 0.827905 0.852898
vt 0.820404 0.84795
vt 0.819739 0.853275
vt 0.827905 0.852898
vt 0.82861 0.847528
vt 0.821026 0.842513
vt 0.820404 0.84795
vt 0.82861 0.847528
vt 0.829269 0.842053
vt 0.812858 0.843018
vt 0.81227 0.848434
vt 0.820404 0.84795
vt 0.821026 0.842513
vt 0.804813 0.843538
vt 0.804261 0.848953
vt 0.81227 0.848434
vt 0.812858 0.843018
vt 0.260632 0.970255
vt 0.266809 0.970766
vt 0.266225 0.962902
vt 0.260096 0.962364
vt 0.266809 0.970766
vt 0.272973 0.971222
vt 0.272349 0.963391
vt 0.266225 0.962902
vt 0.260096 0.962364
vt 0.266225 0.962902
vt 0.265765 0.955317
vt 0.259659 0.954746
vt 0.266225 0.962902
vt 0.272349 0.963391
vt 0.271874 0.955843
vt 0.265765 0.955317
vt 0.254963 0.977997
vt 0.261265 0.978544
vt 0.260632 0.970255
vt 0.254404 0.96969
vt 0.261265 0.978544
vt 0.267515 0.979031
vt 0.266809 0.970766
vt 0.260632 0.970255
vt 0.267515 0.979031
vt 0.273745 0.979457
vt 0.272973 0.971222
vt 0.266809 0.970766
vt 0.273745 0.979457
vt 0.279987 0.979818
vt 0.279159 0.971621
vt 0.272973 0.971222
vt 0.272973 0.971222
vt 0.279159 0.971621
vt 0.278506 0.963829
vt 0.272349 0.963391
vt 0.272349 0.963391
vt 0.278506 0.963829
vt 0.278027 0.956323
vt 0.271874 0.955843
vt 0.271874 0.955843
vt 0.278027 0.956323
vt 0.277721 0.94901
vt 0.271551 0.948482
vt 0.265765 0.955317
vt 0.271874 0.955843
vt 0.271551 0.948482
vt 0.265433 0.947913
vt 0.259659 0.954746
vt 0.265765 0.955317
vt 0.265433 0.947913
vt 0.259324 0.947303
vt 0.253515 0.954129
vt 0.259659 0.954746
vt 0.259324 0.947303
vt 0.253182 0.946649
vt 0.253922 0.961776
vt 0.260096 0.962364
vt 0.259659 0.954746
vt 0.253515 0.954129
vt 0.254404 0.96969
vt 0.260632 0.970255
vt 0.260096 0.962364
vt 0.253922 0.961776
vt 0.83684 0.847186
vt 0.836089 0.852615
vt 0.844257 0.852425
vt 0.845056 0.846926
vt 0.836089 0.852615
vt 0.835284 0.857969
vt 0.843399 0.857858
vt 0.844257 0.852425
vt 0.262817 0.996606
vt 0.269281 0.997059
vt 0.26834 0.987805
vt 0.261996 0.98734
vt 0.269281 0.997059
vt 0.275727 0.997436
vt 0.274664 0.988202
vt 0.26834 0.987805
vt 0.829269 0.842053
vt 0.82861 0.847528
vt 0.83684 0.847186
vt 0.837542 0.841659
vt 0.82861 0.847528
vt 0.827905 0.852898
vt 0.836089 0.852615
vt 0.83684 0.847186
vt 0.827905 0.852898
vt 0.82715 0.858187
vt 0.835284 0.857969
vt 0.836089 0.852615
vt 0.82715 0.858187
vt 0.826343 0.863417
vt 0.834421 0.863273
vt 0.835284 0.857969
vt 0.835284 0.857969
vt 0.834421 0.863273
vt 0.842476 0.863247
vt 0.843399 0.857858
vt 0.275727 0.997436
vt 0.282183 0.997731
vt 0.280996 0.988527
vt 0.274664 0.988202
vt 0.274664 0.988202
vt 0.280996 0.988527
vt 0.279987 0.979818
vt 0.273745 0.979457
vt 0.26834 0.987805
vt 0.274664 0.988202
vt 0.273745 0.979457
vt 0.267515 0.979031
vt 0.261996 0.98734
vt 0.26834 0.987805
vt 0.267515 0.979031
vt 0.261265 0.978544
vt 0.2556 0.986808
vt 0.261996 0.98734
vt 0.261265 0.978544
vt 0.254963 0.977997
vt 0.256306 0.99608
vt 0.262817 0.996606
vt 0.261996 0.98734
vt 0.2556 0.986808
vt 0.837542 0.841659
vt 0.83684 0.847186
vt 0.845056 0.846926
vt 0.845803 0.841334
vt 0.774617 0.839199
vt 0.782101 0.839085
vt 0.782455 0.833201
vt 0.774917 0.833208
vt 0.782101 0.839085
vt 0.789686 0.838827
vt 0.790085 0.833025
vt 0.782455 0.833201
vt 0.774917 0.833208
vt 0.782455 0.833201
vt 0.782764 0.827165
vt 0.775171 0.827067
vt 0.782455 0.833201
vt 0.790085 0.833025
vt 0.790439 0.827072
vt 0.782764 0.827165
vt 0.766923 0.845096
vt 0.774277 0.845026
vt 0.774617 0.839199
vt 0.767194 0.839139
vt 0.774277 0.845026
vt 0.781706 0.844807
vt 0.782101 0.839085
vt 0.774617 0.839199
vt 0.781706 0.844807
vt 0.789246 0.844469
vt 0.789686 0.838827
vt 0.782101 0.839085
vt 0.789246 0.844469
vt 0.796937 0.844037
vt 0.797415 0.838448
vt 0.789686 0.838827
vt 0.789686 0.838827
vt 0.797415 0.838448
vt 0.797853 0.832705
vt 0.790085 0.833025
vt 0.790085 0.833025
vt 0.797853 0.832705
vt 0.798248 0.826811
vt 0.790439 0.827072
vt 0.790439 0.827072
vt 0.798248 0.826811
vt 0.798596 0.820771
vt 0.790745 0.820975
vt 0.782764 0.827165
vt 0.790439 0.827072
vt 0.790745 0.820975
vt 0.783021 0.82099
vt 0.775171 0.827067
vt 0.782764 0.827165
vt 0.783021 0.82099
vt 0.775372 0.820793
vt 0.767615 0.826753
vt 0.775171 0.827067
vt 0.775372 0.820793
vt 0.767751 0.820362
vt 0.767427 0.833019
vt 0.774917 0.833208
vt 0.775171 0.827067
vt 0.767615 0.826753
vt 0.767194 0.839139
vt 0.774617 0.839199
vt 0.774917 0.833208
vt 0.767427 0.833019
vt 0.785639 0.939706
vt 0.783785 0.945308
vt 0.788802 0.946613
vt 0.791326 0.940758
vt 0.783785 0.945308
vt 0.781593 0.950372
vt 0.786047 0.951982
vt 0.788802 0.946613
vt 0.791326 0.940758
vt 0.788802 0.946613
vt 0.793985 0.948274
vt 0.797028 0.942215
vt 0.788802 0.946613
vt 0.786047 0.951982
vt 0.790736 0.95386
vt 0.793985 0.948274
vt 0.78008 0.93336
vt 0.780089 0.939527
vt 0.785639 0.939706
vt 0.787367 0.933617
vt 0.780089 0.939527
vt 0.779028 0.944588
vt 0.783785 0.945308
vt 0.785639 0.939706
vt 0.779028 0.944588
vt 0.777419 0.949138
vt 0.781593 0.950372
vt 0.783785 0.945308
vt 0.793985 0.948274
vt 0.790736 0.95386
vt 0.795618 0.955896
vt 0.799299 0.950127
vt 0.797028 0.942215
vt 0.793985 0.948274
vt 0.799299 0.950127
vt 0.802758 0.943878
vt 0.799855 0.935797
vt 0.797028 0.942215
vt 0.802758 0.943878
vt 0.805967 0.937263
vt 0.793696 0.934532
vt 0.791326 0.940758
vt 0.797028 0.942215
vt 0.799855 0.935797
vt 0.787367 0.933617
vt 0.785639 0.939706
vt 0.791326 0.940758
vt 0.793696 0.934532
vt 0.380925 0.966158
vt 0.389308 0.964462
vt 0.386572 0.958782
vt 0.378465 0.960198
vt 0.389308 0.964462
vt 0.397324 0.962591
vt 0.394323 0.957204
vt 0.386572 0.958782
vt 0.378465 0.960198
vt 0.386572 0.958782
vt 0.384192 0.95321
vt 0.376361 0.954373
vt 0.386572 0.958782
vt 0.394323 0.957204
vt 0.391675 0.951897
vt 0.384192 0.95321
vt 0.374778 0.974092
vt 0.383751 0.972266
vt 0.380925 0.966158
vt 0.372215 0.967674
vt 0.383751 0.972266
vt 0.392399 0.970244
vt 0.389308 0.964462
vt 0.380925 0.966158
vt 0.392399 0.970244
vt 0.40066 0.968035
vt 0.397324 0.962591
vt 0.389308 0.964462
vt 0.384192 0.95321
vt 0.391675 0.951897
vt 0.389395 0.946699
vt 0.382173 0.947757
vt 0.376361 0.954373
vt 0.384192 0.95321
vt 0.382173 0.947757
vt 0.374604 0.948679
vt 0.368192 0.955384
vt 0.376361 0.954373
vt 0.374604 0.948679
vt 0.366689 0.949461
vt 0.370028 0.961448
vt 0.378465 0.960198
vt 0.376361 0.954373
vt 0.368192 0.955384
vt 0.372215 0.967674
vt 0.380925 0.966158
vt 0.378465 0.960198
vt 0.370028 0.961448
vt 0.808552 0.945614
vt 0.804731 0.95204
vt 0.810293 0.953995
vt 0.814421 0.947405
vt 0.804731 0.95204
vt 0.800666 0.957985
vt 0.805897 0.960117
vt 0.810293 0.953995
vt 0.390539 0.985019
vt 0.399632 0.982159
vt 0.395841 0.976131
vt 0.386955 0.978542
vt 0.399632 0.982159
vt 0.408287 0.979089
vt 0.404317 0.973521
vt 0.395841 0.976131
vt 0.805967 0.937263
vt 0.802758 0.943878
vt 0.808552 0.945614
vt 0.812095 0.938818
vt 0.802758 0.943878
vt 0.799299 0.950127
vt 0.804731 0.95204
vt 0.808552 0.945614
vt 0.799299 0.950127
vt 0.795618 0.955896
vt 0.800666 0.957985
vt 0.804731 0.95204
vt 0.395841 0.976131
vt 0.404317 0.973521
vt 0.40066 0.968035
vt 0.392399 0.970244
vt 0.386955 0.978542
vt 0.395841 0.976131
vt 0.392399 0.970244
vt 0.383751 0.972266
vt 0.377741 0.980737
vt 0.386955 0.978542
vt 0.383751 0.972266
vt 0.374778 0.974092
vt 0.381107 0.987637
vt 0.390539 0.985019
vt 0.386955 0.978542
vt 0.377741 0.980737
vt 0.812095 0.938818
vt 0.808552 0.945614
vt 0.814421 0.947405
vt 0.818254 0.940446
vt 0.194311 0.899549
vt 0.194914 0.891311
vt 0.188743 0.889949
vt 0.187843 0.898333
vt 0.194914 0.891311
vt 0.195575 0.883855
vt 0.189698 0.88224
vt 0.188743 0.889949
vt 0.187843 0.898333
vt 0.188743 0.889949
vt 0.182098 0.888516
vt 0.181049 0.897114
vt 0.188743 0.889949
vt 0.189698 0.88224
vt 0.183158 0.880303
vt 0.182098 0.888516
vt 0.200465 0.909008
vt 0.200577 0.900748
vt 0.194311 0.899549
vt 0.193903 0.907872
vt 0.200577 0.900748
vt 0.200817 0.892605
vt 0.194914 0.891311
vt 0.194311 0.899549
vt 0.200817 0.892605
vt 0.201113 0.885264
vt 0.195575 0.883855
vt 0.194914 0.891311
vt 0.201113 0.885264
vt 0.201382 0.879463
vt 0.196155 0.877954
vt 0.195575 0.883855
vt 0.195575 0.883855
vt 0.196155 0.877954
vt 0.190565 0.876113
vt 0.189698 0.88224
vt 0.189698 0.88224
vt 0.190565 0.876113
vt 0.184186 0.873573
vt 0.183158 0.880303
vt 0.183158 0.880303
vt 0.184186 0.873573
vt 0.175523 0.869335
vt 0.175593 0.878404
vt 0.182098 0.888516
vt 0.183158 0.880303
vt 0.175593 0.878404
vt 0.174777 0.887176
vt 0.181049 0.897114
vt 0.182098 0.888516
vt 0.174777 0.887176
vt 0.173803 0.895927
vt 0.180256 0.905538
vt 0.181049 0.897114
vt 0.173803 0.895927
vt 0.17304 0.904356
vt 0.187188 0.906713
vt 0.187843 0.898333
vt 0.181049 0.897114
vt 0.180256 0.905538
vt 0.193903 0.907872
vt 0.194311 0.899549
vt 0.187843 0.898333
vt 0.187188 0.906713
vt 0.245538 0.908329
vt 0.245233 0.900807
vt 0.238285 0.899742
vt 0.238801 0.907345
vt 0.245233 0.900807
vt 0.244976 0.894112
vt 0.237822 0.892965
vt 0.238285 0.899742
vt 0.238801 0.907345
vt 0.238285 0.899742
vt 0.23144 0.898639
vt 0.232111 0.906326
vt 0.238285 0.899742
vt 0.237822 0.892965
vt 0.230823 0.891777
vt 0.23144 0.898639
vt 0.252375 0.916981
vt 0.252243 0.909279
vt 0.245538 0.908329
vt 0.245859 0.916098
vt 0.252243 0.909279
vt 0.252151 0.901834
vt 0.245233 0.900807
vt 0.245538 0.908329
vt 0.252151 0.901834
vt 0.252103 0.895218
vt 0.244976 0.894112
vt 0.245233 0.900807
vt 0.252103 0.895218
vt 0.252089 0.890033
vt 0.24479 0.88886
vt 0.244976 0.894112
vt 0.244976 0.894112
vt 0.24479 0.88886
vt 0.237464 0.887645
vt 0.237822 0.892965
vt 0.237822 0.892965
vt 0.237464 0.887645
vt 0.230337 0.886384
vt 0.230823 0.891777
vt 0.230823 0.891777
vt 0.230337 0.886384
vt 0.223633 0.885077
vt 0.224161 0.890546
vt 0.23144 0.898639
vt 0.230823 0.891777
vt 0.224161 0.890546
vt 0.224828 0.897499
vt 0.232111 0.906326
vt 0.23144 0.898639
vt 0.224828 0.897499
vt 0.22555 0.905272
vt 0.23275 0.914231
vt 0.232111 0.906326
vt 0.22555 0.905272
vt 0.226233 0.913248
vt 0.239305 0.915181
vt 0.238801 0.907345
vt 0.232111 0.906326
vt 0.23275 0.914231
vt 0.245859 0.916098
vt 0.245538 0.908329
vt 0.238801 0.907345
vt 0.239305 0.915181
vt 0.691936 0.785736
vt 0.682963 0.783995
vt 0.683568 0.791709
vt 0.692522 0.793409
vt 0.682963 0.783995
vt 0.674004 0.782322
vt 0.674605 0.79001
vt 0.683568 0.791709
vt 0.692522 0.793409
vt 0.683568 0.791709
vt 0.684326 0.799413
vt 0.693205 0.80107
vt 0.683568 0.791709
vt 0.674605 0.79001
vt 0.675385 0.797708
vt 0.684326 0.799413
vt 0.700363 0.779977
vt 0.691415 0.778071
vt 0.691936 0.785736
vt 0.700876 0.787562
vt 0.691415 0.778071
vt 0.682447 0.776284
vt 0.682963 0.783995
vt 0.691936 0.785736
vt 0.682447 0.776284
vt 0.673495 0.774616
vt 0.674004 0.782322
vt 0.682963 0.783995
vt 0.684326 0.799413
vt 0.675385 0.797708
vt 0.676739 0.805503
vt 0.68538 0.807098
vt 0.693205 0.80107
vt 0.684326 0.799413
vt 0.68538 0.807098
vt 0.694024 0.808696
vt 0.702019 0.802745
vt 0.693205 0.80107
vt 0.694024 0.808696
vt 0.70267 0.810304
vt 0.701424 0.795158
vt 0.692522 0.793409
vt 0.693205 0.80107
vt 0.702019 0.802745
vt 0.700876 0.787562
vt 0.691936 0.785736
vt 0.692522 0.793409
vt 0.701424 0.795158
vt 0.767819 0.913952
vt 0.767029 0.919371
vt 0.772797 0.919311
vt 0.773862 0.913646
vt 0.767029 0.919371
vt 0.766083 0.924477
vt 0.771455 0.924704
vt 0.772797 0.919311
vt 0.773862 0.913646
vt 0.772797 0.919311
vt 0.778812 0.919601
vt 0.780133 0.913647
vt 0.772797 0.919311
vt 0.771455 0.924704
vt 0.777098 0.925426
vt 0.778812 0.919601
vt 0.76249 0.909307
vt 0.762023 0.914614
vt 0.767819 0.913952
vt 0.768502 0.908423
vt 0.762023 0.914614
vt 0.761518 0.919791
vt 0.767029 0.919371
vt 0.767819 0.913952
vt 0.761518 0.919791
vt 0.760975 0.924663
vt 0.766083 0.924477
vt 0.767029 0.919371
vt 0.760975 0.924663
vt 0.760398 0.929076
vt 0.764943 0.929079
vt 0.766083 0.924477
vt 0.766083 0.924477
vt 0.764943 0.929079
vt 0.769699 0.929539
vt 0.771455 0.924704
vt 0.771455 0.924704
vt 0.769699 0.929539
vt 0.774644 0.930702
vt 0.777098 0.925426
vt 0.777098 0.925426
vt 0.774644 0.930702
vt 0.78008 0.93336
vt 0.783081 0.926439
vt 0.778812 0.919601
vt 0.777098 0.925426
vt 0.783081 0.926439
vt 0.78506 0.920114
vt 0.780133 0.913647
vt 0.778812 0.919601
vt 0.78506 0.920114
vt 0.786608 0.913883
vt 0.781219 0.907733
vt 0.780133 0.913647
vt 0.786608 0.913883
vt 0.78789 0.907781
vt 0.77475 0.907921
vt 0.773862 0.913646
vt 0.780133 0.913647
vt 0.781219 0.907733
vt 0.768502 0.908423
vt 0.767819 0.913952
vt 0.773862 0.913646
vt 0.77475 0.907921
vt 0.726029 0.933163
vt 0.73118 0.931317
vt 0.73021 0.927206
vt 0.724835 0.929069
vt 0.73118 0.931317
vt 0.736381 0.929872
vt 0.73556 0.925647
vt 0.73021 0.927206
vt 0.724835 0.929069
vt 0.73021 0.927206
vt 0.729318 0.923121
vt 0.723732 0.924975
vt 0.73021 0.927206
vt 0.73556 0.925647
vt 0.734856 0.921488
vt 0.729318 0.923121
vt 0.722518 0.939649
vt 0.727315 0.937313
vt 0.726029 0.933163
vt 0.720923 0.93549
vt 0.727315 0.937313
vt 0.732174 0.935512
vt 0.73118 0.931317
vt 0.726029 0.933163
vt 0.732174 0.935512
vt 0.737153 0.934233
vt 0.736381 0.929872
vt 0.73118 0.931317
vt 0.737153 0.934233
vt 0.74278 0.93363
vt 0.741541 0.928614
vt 0.736381 0.929872
vt 0.736381 0.929872
vt 0.741541 0.928614
vt 0.740823 0.924239
vt 0.73556 0.925647
vt 0.73556 0.925647
vt 0.740823 0.924239
vt 0.740313 0.919949
vt 0.734856 0.921488
vt 0.734856 0.921488
vt 0.740313 0.919949
vt 0.739909 0.915631
vt 0.734241 0.9173
vt 0.729318 0.923121
vt 0.734856 0.921488
vt 0.734241 0.9173
vt 0.728498 0.918988
vt 0.723732 0.924975
vt 0.729318 0.923121
vt 0.728498 0.918988
vt 0.722719 0.920819
vt 0.718138 0.927172
vt 0.723732 0.924975
vt 0.722719 0.920819
vt 0.716953 0.922919
vt 0.719464 0.931347
vt 0.724835 0.929069
vt 0.723732 0.924975
vt 0.718138 0.927172
vt 0.720923 0.93549
vt 0.726029 0.933163
vt 0.724835 0.929069
vt 0.719464 0.931347
vt 0.820928 0.917401
vt 0.818287 0.924583
vt 0.824966 0.925869
vt 0.827835 0.918516
vt 0.818287 0.924583
vt 0.815342 0.931767
vt 0.821772 0.933225
vt 0.824966 0.925869
vt 0.35206 0.993814
vt 0.361718 0.992056
vt 0.358761 0.984411
vt 0.3493 0.985845
vt 0.361718 0.992056
vt 0.371453 0.98999
vt 0.368296 0.982702
vt 0.358761 0.984411
vt 0.816103 0.909559
vt 0.813977 0.916418
vt 0.820928 0.917401
vt 0.823268 0.910363
vt 0.813977 0.916418
vt 0.81158 0.923411
vt 0.818287 0.924583
vt 0.820928 0.917401
vt 0.81158 0.923411
vt 0.80891 0.930401
vt 0.815342 0.931767
vt 0.818287 0.924583
vt 0.80891 0.930401
vt 0.805967 0.937263
vt 0.812095 0.938818
vt 0.815342 0.931767
vt 0.815342 0.931767
vt 0.812095 0.938818
vt 0.818254 0.940446
vt 0.821772 0.933225
vt 0.371453 0.98999
vt 0.381107 0.987637
vt 0.377741 0.980737
vt 0.368296 0.982702
vt 0.368296 0.982702
vt 0.377741 0.980737
vt 0.374778 0.974092
vt 0.365563 0.975713
vt 0.358761 0.984411
vt 0.368296 0.982702
vt 0.365563 0.975713
vt 0.356243 0.977108
vt 0.3493 0.985845
vt 0.358761 0.984411
vt 0.356243 0.977108
vt 0.346989 0.978255
vt 0.340093 0.986988
vt 0.3493 0.985845
vt 0.346989 0.978255
vt 0.337988 0.979144
vt 0.342652 0.995251
vt 0.35206 0.993814
vt 0.3493 0.985845
vt 0.340093 0.986988
vt 0.823268 0.910363
vt 0.820928 0.917401
vt 0.827835 0.918516
vt 0.830382 0.911315
vt 0.345114 0.971033
vt 0.354154 0.970129
vt 0.352451 0.963418
vt 0.343625 0.964112
vt 0.354154 0.970129
vt 0.363245 0.969004
vt 0.36131 0.962527
vt 0.352451 0.963418
vt 0.343625 0.964112
vt 0.352451 0.963418
vt 0.351094 0.956918
vt 0.342478 0.957423
vt 0.352451 0.963418
vt 0.36131 0.962527
vt 0.359724 0.956236
vt 0.351094 0.956918
vt 0.337988 0.979144
vt 0.346989 0.978255
vt 0.345114 0.971033
vt 0.336315 0.971709
vt 0.346989 0.978255
vt 0.356243 0.977108
vt 0.354154 0.970129
vt 0.345114 0.971033
vt 0.356243 0.977108
vt 0.365563 0.975713
vt 0.363245 0.969004
vt 0.354154 0.970129
vt 0.365563 0.975713
vt 0.374778 0.974092
vt 0.372215 0.967674
vt 0.363245 0.969004
vt 0.363245 0.969004
vt 0.372215 0.967674
vt 0.370028 0.961448
vt 0.36131 0.962527
vt 0.36131 0.962527
vt 0.370028 0.961448
vt 0.368192 0.955384
vt 0.359724 0.956236
vt 0.359724 0.956236
vt 0.368192 0.955384
vt 0.366689 0.949461
vt 0.35846 0.950098
vt 0.351094 0.956918
vt 0.359724 0.956236
vt 0.35846 0.950098
vt 0.35005 0.950582
vt 0.342478 0.957423
vt 0.351094 0.956918
vt 0.35005 0.950582
vt 0.341633 0.95091
vt 0.334064 0.957755
vt 0.342478 0.957423
vt 0.341633 0.95091
vt 0.333394 0.951089
vt 0.335024 0.964606
vt 0.343625 0.964112
vt 0.342478 0.957423
vt 0.334064 0.957755
vt 0.336315 0.971709
vt 0.345114 0.971033
vt 0.343625 0.964112
vt 0.335024 0.964606
vt 0.793266 0.914283
vt 0.791529 0.920714
vt 0.798161 0.921442
vt 0.800081 0.914841
vt 0.791529 0.920714
vt 0.789487 0.927208
vt 0.796001 0.928053
vt 0.798161 0.921442
vt 0.800081 0.914841
vt 0.798161 0.921442
vt 0.80486 0.92235
vt 0.807006 0.915558
vt 0.798161 0.921442
vt 0.796001 0.928053
vt 0.802472 0.929137
vt 0.80486 0.92235
vt 0.78789 0.907781
vt 0.786608 0.913883
vt 0.793266 0.914283
vt 0.794748 0.907996
vt 0.786608 0.913883
vt 0.78506 0.920114
vt 0.791529 0.920714
vt 0.793266 0.914283
vt 0.78506 0.920114
vt 0.783081 0.926439
vt 0.789487 0.927208
vt 0.791529 0.920714
vt 0.783081 0.926439
vt 0.78008 0.93336
vt 0.787367 0.933617
vt 0.789487 0.927208
vt 0.789487 0.927208
vt 0.787367 0.933617
vt 0.793696 0.934532
vt 0.796001 0.928053
vt 0.796001 0.928053
vt 0.793696 0.934532
vt 0.799855 0.935797
vt 0.802472 0.929137
vt 0.802472 0.929137
vt 0.799855 0.935797
vt 0.805967 0.937263
vt 0.80891 0.930401
vt 0.80486 0.92235
vt 0.802472 0.929137
vt 0.80891 0.930401
vt 0.81158 0.923411
vt 0.807006 0.915558
vt 0.80486 0.92235
vt 0.81158 0.923411
vt 0.813977 0.916418
vt 0.808913 0.90889
vt 0.807006 0.915558
vt 0.813977 0.916418
vt 0.816103 0.909559
vt 0.801771 0.908366
vt 0.800081 0.914841
vt 0.807006 0.915558
vt 0.808913 0.90889
vt 0.794748 0.907996
vt 0.793266 0.914283
vt 0.800081 0.914841
vt 0.801771 0.908366
vt 0.341056 0.944522
vt 0.349291 0.944366
vt 0.348771 0.938196
vt 0.340687 0.93818
vt 0.349291 0.944366
vt 0.357497 0.944078
vt 0.356806 0.9381
vt 0.348771 0.938196
vt 0.340687 0.93818
vt 0.348771 0.938196
vt 0.348449 0.931977
vt 0.340467 0.931792
vt 0.348771 0.938196
vt 0.356806 0.9381
vt 0.356366 0.932073
vt 0.348449 0.931977
vt 0.333394 0.951089
vt 0.341633 0.95091
vt 0.341056 0.944522
vt 0.332972 0.94455
vt 0.341633 0.95091
vt 0.35005 0.950582
vt 0.349291 0.944366
vt 0.341056 0.944522
vt 0.35005 0.950582
vt 0.35846 0.950098
vt 0.357497 0.944078
vt 0.349291 0.944366
vt 0.35846 0.950098
vt 0.366689 0.949461
vt 0.365506 0.943654
vt 0.357497 0.944078
vt 0.357497 0.944078
vt 0.365506 0.943654
vt 0.364629 0.937889
vt 0.356806 0.9381
vt 0.356806 0.9381
vt 0.364629 0.937889
vt 0.364048 0.932072
vt 0.356366 0.932073
vt 0.356366 0.932073
vt 0.364048 0.932072
vt 0.363766 0.926104
vt 0.356161 0.925893
vt 0.348449 0.931977
vt 0.356366 0.932073
vt 0.356161 0.925893
vt 0.348293 0.925608
vt 0.340467 0.931792
vt 0.348449 0.931977
vt 0.348293 0.925608
vt 0.340345 0.925255
vt 0.332597 0.931525
vt 0.340467 0.931792
vt 0.340345 0.925255
vt 0.332507 0.924842
vt 0.33273 0.93806
vt 0.340687 0.93818
vt 0.340467 0.931792
vt 0.332597 0.931525
vt 0.332972 0.94455
vt 0.341056 0.944522
vt 0.340687 0.93818
vt 0.33273 0.93806
vt 0.745686 0.918415
vt 0.745976 0.922857
vt 0.751087 0.921587
vt 0.75104 0.916946
vt 0.745976 0.922857
vt 0.746478 0.927208
vt 0.751286 0.926009
vt 0.751087 0.921587
vt 0.75104 0.916946
vt 0.751087 0.921587
vt 0.756237 0.920547
vt 0.756457 0.915643
vt 0.751087 0.921587
vt 0.751286 0.926009
vt 0.756082 0.92517
vt 0.756237 0.920547
vt 0.739909 0.915631
vt 0.740313 0.919949
vt 0.745686 0.918415
vt 0.745494 0.913897
vt 0.740313 0.919949
vt 0.740823 0.924239
vt 0.745976 0.922857
vt 0.745686 0.918415
vt 0.740823 0.924239
vt 0.741541 0.928614
vt 0.746478 0.927208
vt 0.745976 0.922857
vt 0.741541 0.928614
vt 0.74278 0.93363
vt 0.747484 0.931278
vt 0.746478 0.927208
vt 0.746478 0.927208
vt 0.747484 0.931278
vt 0.751766 0.930067
vt 0.751286 0.926009
vt 0.751286 0.926009
vt 0.751766 0.930067
vt 0.756038 0.929387
vt 0.756082 0.92517
vt 0.756082 0.92517
vt 0.756038 0.929387
vt 0.760398 0.929076
vt 0.760975 0.924663
vt 0.756237 0.920547
vt 0.756082 0.92517
vt 0.760975 0.924663
vt 0.761518 0.919791
vt 0.756457 0.915643
vt 0.756237 0.920547
vt 0.761518 0.919791
vt 0.762023 0.914614
vt 0.756702 0.9106
vt 0.756457 0.915643
vt 0.762023 0.914614
vt 0.76249 0.909307
vt 0.751064 0.912177
vt 0.75104 0.916946
vt 0.756457 0.915643
vt 0.756702 0.9106
vt 0.745494 0.913897
vt 0.745686 0.918415
vt 0.75104 0.916946
vt 0.751064 0.912177
vt 0.731637 0.94953
vt 0.735299 0.947915
vt 0.734183 0.943997
vt 0.730143 0.945658
vt 0.735299 0.947915
vt 0.738809 0.946795
vt 0.73809 0.942918
vt 0.734183 0.943997
vt 0.730143 0.945658
vt 0.734183 0.943997
vt 0.733155 0.939799
vt 0.728692 0.94153
vt 0.734183 0.943997
vt 0.73809 0.942918
vt 0.737588 0.938682
vt 0.733155 0.939799
vt 0.729773 0.955088
vt 0.733132 0.953019
vt 0.731637 0.94953
vt 0.727921 0.951682
vt 0.733132 0.953019
vt 0.736462 0.95144
vt 0.735299 0.947915
vt 0.731637 0.94953
vt 0.736462 0.95144
vt 0.739663 0.95026
vt 0.738809 0.946795
vt 0.735299 0.947915
vt 0.739663 0.95026
vt 0.742632 0.949398
vt 0.74205 0.946147
vt 0.738809 0.946795
vt 0.738809 0.946795
vt 0.74205 0.946147
vt 0.741695 0.942519
vt 0.73809 0.942918
vt 0.73809 0.942918
vt 0.741695 0.942519
vt 0.741756 0.938508
vt 0.737588 0.938682
vt 0.737588 0.938682
vt 0.741756 0.938508
vt 0.74278 0.93363
vt 0.737153 0.934233
vt 0.733155 0.939799
vt 0.737588 0.938682
vt 0.737153 0.934233
vt 0.732174 0.935512
vt 0.728692 0.94153
vt 0.733155 0.939799
vt 0.732174 0.935512
vt 0.727315 0.937313
vt 0.724243 0.943829
vt 0.728692 0.94153
vt 0.727315 0.937313
vt 0.722518 0.939649
vt 0.726062 0.94789
vt 0.730143 0.945658
vt 0.728692 0.94153
vt 0.724243 0.943829
vt 0.727921 0.951682
vt 0.731637 0.94953
vt 0.730143 0.945658
vt 0.726062 0.94789
vt 0.771256 0.882047
vt 0.7782 0.881181
vt 0.778766 0.876174
vt 0.771733 0.876978
vt 0.7782 0.881181
vt 0.785319 0.880552
vt 0.785967 0.875543
vt 0.778766 0.876174
vt 0.771733 0.876978
vt 0.778766 0.876174
vt 0.779307 0.871185
vt 0.772195 0.871901
vt 0.778766 0.876174
vt 0.785967 0.875543
vt 0.786579 0.870574
vt 0.779307 0.871185
vt 0.764104 0.888418
vt 0.770761 0.887153
vt 0.771256 0.882047
vt 0.76448 0.883226
vt 0.770761 0.887153
vt 0.777601 0.886266
vt 0.7782 0.881181
vt 0.771256 0.882047
vt 0.777601 0.886266
vt 0.784625 0.885665
vt 0.785319 0.880552
vt 0.7782 0.881181
vt 0.784625 0.885665
vt 0.79184 0.885251
vt 0.792624 0.880078
vt 0.785319 0.880552
vt 0.785319 0.880552
vt 0.792624 0.880078
vt 0.793351 0.875027
vt 0.785967 0.875543
vt 0.785967 0.875543
vt 0.793351 0.875027
vt 0.794032 0.870034
vt 0.786579 0.870574
vt 0.786579 0.870574
vt 0.794032 0.870034
vt 0.794675 0.86503
vt 0.787163 0.865576
vt 0.779307 0.871185
vt 0.786579 0.870574
vt 0.787163 0.865576
vt 0.779827 0.866153
vt 0.772195 0.871901
vt 0.779307 0.871185
vt 0.779827 0.866153
vt 0.772643 0.866768
vt 0.765223 0.872748
vt 0.772195 0.871901
vt 0.772643 0.866768
vt 0.765588 0.867426
vt 0.764853 0.878009
vt 0.771733 0.876978
vt 0.772195 0.871901
vt 0.765223 0.872748
vt 0.76448 0.883226
vt 0.771256 0.882047
vt 0.771733 0.876978
vt 0.764853 0.878009
vt 0.297322 0.914849
vt 0.297503 0.907803
vt 0.291138 0.907073
vt 0.290885 0.914164
vt 0.297503 0.907803
vt 0.297691 0.901548
vt 0.291396 0.900786
vt 0.291138 0.907073
vt 0.290885 0.914164
vt 0.291138 0.907073
vt 0.284827 0.906318
vt 0.284523 0.913451
vt 0.291138 0.907073
vt 0.291396 0.900786
vt 0.285137 0.899998
vt 0.284827 0.906318
vt 0.303794 0.922753
vt 0.30389 0.915513
vt 0.297322 0.914849
vt 0.297155 0.92215
vt 0.30389 0.915513
vt 0.303989 0.90852
vt 0.297503 0.907803
vt 0.297322 0.914849
vt 0.303989 0.90852
vt 0.304097 0.902307
vt 0.297691 0.901548
vt 0.297503 0.907803
vt 0.304097 0.902307
vt 0.304205 0.897435
vt 0.297862 0.896649
vt 0.297691 0.901548
vt 0.297691 0.901548
vt 0.297862 0.896649
vt 0.291625 0.895865
vt 0.291396 0.900786
vt 0.291396 0.900786
vt 0.291625 0.895865
vt 0.28541 0.895056
vt 0.285137 0.899998
vt 0.285137 0.899998
vt 0.28541 0.895056
vt 0.279123 0.894193
vt 0.278831 0.899163
vt 0.284827 0.906318
vt 0.285137 0.899998
vt 0.278831 0.899163
vt 0.2785 0.905522
vt 0.284523 0.913451
vt 0.284827 0.906318
vt 0.2785 0.905522
vt 0.278181 0.912702
vt 0.284258 0.920854
vt 0.284523 0.913451
vt 0.278181 0.912702
vt 0.27791 0.920155
vt 0.290657 0.921518
vt 0.290885 0.914164
vt 0.284523 0.913451
vt 0.284258 0.920854
vt 0.297155 0.92215
vt 0.297322 0.914849
vt 0.290885 0.914164
vt 0.290657 0.921518
vt 0.370818 0.909071
vt 0.370933 0.914476
vt 0.377652 0.91504
vt 0.377589 0.909851
vt 0.370933 0.914476
vt 0.370901 0.92032
vt 0.377627 0.920639
vt 0.377652 0.91504
vt 0.377589 0.909851
vt 0.377652 0.91504
vt 0.383986 0.915482
vt 0.383922 0.910211
vt 0.377652 0.91504
vt 0.377627 0.920639
vt 0.38398 0.920915
vt 0.383986 0.915482
vt 0.36188 0.902755
vt 0.363432 0.908107
vt 0.370818 0.909071
vt 0.370531 0.904709
vt 0.363432 0.908107
vt 0.363752 0.913849
vt 0.370933 0.914476
vt 0.370818 0.909071
vt 0.363752 0.913849
vt 0.363745 0.91995
vt 0.370901 0.92032
vt 0.370933 0.914476
vt 0.363745 0.91995
vt 0.363766 0.926104
vt 0.370974 0.926237
vt 0.370901 0.92032
vt 0.370901 0.92032
vt 0.370974 0.926237
vt 0.37778 0.926298
vt 0.377627 0.920639
vt 0.377627 0.920639
vt 0.37778 0.926298
vt 0.384216 0.926298
vt 0.38398 0.920915
vt 0.377105 0.90561
vt 0.377589 0.909851
vt 0.383922 0.910211
vt 0.383059 0.905573
vt 0.370531 0.904709
vt 0.370818 0.909071
vt 0.377589 0.909851
vt 0.377105 0.90561
vt 0.679076 0.813399
vt 0.681367 0.821256
vt 0.688347 0.822454
vt 0.686801 0.814763
vt 0.681367 0.821256
vt 0.683118 0.829237
vt 0.689787 0.830237
vt 0.688347 0.822454
vt 0.686801 0.814763
vt 0.688347 0.822454
vt 0.696055 0.823862
vt 0.694995 0.816279
vt 0.688347 0.822454
vt 0.689787 0.830237
vt 0.697141 0.831502
vt 0.696055 0.823862
vt 0.683118 0.829237
vt 0.684634 0.837572
vt 0.691177 0.838208
vt 0.689787 0.830237
vt 0.689787 0.830237
vt 0.691177 0.838208
vt 0.698227 0.839254
vt 0.697141 0.831502
vt 0.697141 0.831502
vt 0.698227 0.839254
vt 0.705672 0.840397
vt 0.7049 0.832843
vt 0.696055 0.823862
vt 0.697141 0.831502
vt 0.7049 0.832843
vt 0.704131 0.825328
vt 0.694995 0.816279
vt 0.696055 0.823862
vt 0.704131 0.825328
vt 0.70338 0.817824
vt 0.694024 0.808696
vt 0.694995 0.816279
vt 0.70338 0.817824
vt 0.70267 0.810304
vt 0.68538 0.807098
vt 0.686801 0.814763
vt 0.694995 0.816279
vt 0.694024 0.808696
vt 0.676739 0.805503
vt 0.679076 0.813399
vt 0.686801 0.814763
vt 0.68538 0.807098
vt 0.271804 0.911908
vt 0.272093 0.904674
vt 0.265577 0.903773
vt 0.265367 0.911072
vt 0.272093 0.904674
vt 0.272401 0.898264
vt 0.265815 0.897302
vt 0.265577 0.903773
vt 0.265367 0.911072
vt 0.265577 0.903773
vt 0.258935 0.902825
vt 0.258853 0.910194
vt 0.265577 0.903773
vt 0.265815 0.897302
vt 0.259055 0.896284
vt 0.258935 0.902825
vt 0.27791 0.920155
vt 0.278181 0.912702
vt 0.271804 0.911908
vt 0.271571 0.919418
vt 0.278181 0.912702
vt 0.2785 0.905522
vt 0.272093 0.904674
vt 0.271804 0.911908
vt 0.2785 0.905522
vt 0.278831 0.899163
vt 0.272401 0.898264
vt 0.272093 0.904674
vt 0.278831 0.899163
vt 0.279123 0.894193
vt 0.272677 0.893254
vt 0.272401 0.898264
vt 0.272401 0.898264
vt 0.272677 0.893254
vt 0.266037 0.892241
vt 0.265815 0.897302
vt 0.265815 0.897302
vt 0.266037 0.892241
vt 0.25918 0.891163
vt 0.259055 0.896284
vt 0.259055 0.896284
vt 0.25918 0.891163
vt 0.252089 0.890033
vt 0.252103 0.895218
vt 0.258935 0.902825
vt 0.259055 0.896284
vt 0.252103 0.895218
vt 0.252151 0.901834
vt 0.258853 0.910194
vt 0.258935 0.902825
vt 0.252151 0.901834
vt 0.252243 0.909279
vt 0.258824 0.917829
vt 0.258853 0.910194
vt 0.252243 0.909279
vt 0.252375 0.916981
vt 0.265216 0.918642
vt 0.265367 0.911072
vt 0.258853 0.910194
vt 0.258824 0.917829
vt 0.271571 0.919418
vt 0.271804 0.911908
vt 0.265367 0.911072
vt 0.265216 0.918642
vt 0.773081 0.861534
vt 0.780331 0.861019
vt 0.780816 0.85576
vt 0.773503 0.856177
vt 0.780331 0.861019
vt 0.787724 0.860488
vt 0.788261 0.855285
vt 0.780816 0.85576
vt 0.773503 0.856177
vt 0.780816 0.85576
vt 0.781276 0.850361
vt 0.773904 0.850681
vt 0.780816 0.85576
vt 0.788261 0.855285
vt 0.78877 0.849951
vt 0.781276 0.850361
vt 0.765588 0.867426
vt 0.772643 0.866768
vt 0.773081 0.861534
vt 0.765946 0.862022
vt 0.772643 0.866768
vt 0.779827 0.866153
vt 0.780331 0.861019
vt 0.773081 0.861534
vt 0.779827 0.866153
vt 0.787163 0.865576
vt 0.787724 0.860488
vt 0.780331 0.861019
vt 0.787163 0.865576
vt 0.794675 0.86503
vt 0.795288 0.859951
vt 0.787724 0.860488
vt 0.787724 0.860488
vt 0.795288 0.859951
vt 0.795871 0.854771
vt 0.788261 0.855285
vt 0.788261 0.855285
vt 0.795871 0.854771
vt 0.796422 0.849473
vt 0.78877 0.849951
vt 0.78877 0.849951
vt 0.796422 0.849473
vt 0.796937 0.844037
vt 0.789246 0.844469
vt 0.781276 0.850361
vt 0.78877 0.849951
vt 0.789246 0.844469
vt 0.781706 0.844807
vt 0.773904 0.850681
vt 0.781276 0.850361
vt 0.781706 0.844807
vt 0.774277 0.845026
vt 0.766621 0.850882
vt 0.773904 0.850681
vt 0.774277 0.845026
vt 0.766923 0.845096
vt 0.766293 0.856516
vt 0.773503 0.856177
vt 0.773904 0.850681
vt 0.766621 0.850882
vt 0.765946 0.862022
vt 0.773081 0.861534
vt 0.773503 0.856177
vt 0.766293 0.856516
vt 0.839395 0.824326
vt 0.838817 0.830235
vt 0.847162 0.829801
vt 0.847781 0.823846
vt 0.838817 0.830235
vt 0.838201 0.836011
vt 0.846504 0.835629
vt 0.847162 0.829801
vt 0.236321 0.994076
vt 0.243064 0.994813
vt 0.242573 0.985547
vt 0.23593 0.98482
vt 0.243064 0.994813
vt 0.249725 0.995481
vt 0.249128 0.98621
vt 0.242573 0.985547
vt 0.831501 0.818831
vt 0.831 0.824845
vt 0.839395 0.824326
vt 0.839936 0.818281
vt 0.831 0.824845
vt 0.830463 0.830717
vt 0.838817 0.830235
vt 0.839395 0.824326
vt 0.830463 0.830717
vt 0.829886 0.836452
vt 0.838201 0.836011
vt 0.838817 0.830235
vt 0.829886 0.836452
vt 0.829269 0.842053
vt 0.837542 0.841659
vt 0.838201 0.836011
vt 0.838201 0.836011
vt 0.837542 0.841659
vt 0.845803 0.841334
vt 0.846504 0.835629
vt 0.249725 0.995481
vt 0.256306 0.99608
vt 0.2556 0.986808
vt 0.249128 0.98621
vt 0.249128 0.98621
vt 0.2556 0.986808
vt 0.254963 0.977997
vt 0.248582 0.97739
vt 0.242573 0.985547
vt 0.249128 0.98621
vt 0.248582 0.97739
vt 0.242114 0.976722
vt 0.23593 0.98482
vt 0.242573 0.985547
vt 0.242114 0.976722
vt 0.235554 0.975995
vt 0.229196 0.984029
vt 0.23593 0.98482
vt 0.235554 0.975995
vt 0.2289 0.975207
vt 0.229494 0.993271
vt 0.236321 0.994076
vt 0.23593 0.98482
vt 0.229196 0.984029
vt 0.839936 0.818281
vt 0.839395 0.824326
vt 0.847781 0.823846
vt 0.848365 0.81776
vt 0.235207 0.967659
vt 0.241698 0.968392
vt 0.241324 0.960445
vt 0.234886 0.959701
vt 0.241698 0.968392
vt 0.248096 0.969069
vt 0.247668 0.961136
vt 0.241324 0.960445
vt 0.234886 0.959701
vt 0.241324 0.960445
vt 0.240986 0.95275
vt 0.234586 0.951988
vt 0.241324 0.960445
vt 0.247668 0.961136
vt 0.247294 0.953464
vt 0.240986 0.95275
vt 0.2289 0.975207
vt 0.235554 0.975995
vt 0.235207 0.967659
vt 0.228618 0.96687
vt 0.235554 0.975995
vt 0.242114 0.976722
vt 0.241698 0.968392
vt 0.235207 0.967659
vt 0.242114 0.976722
vt 0.248582 0.97739
vt 0.248096 0.969069
vt 0.241698 0.968392
vt 0.248582 0.97739
vt 0.254963 0.977997
vt 0.254404 0.96969
vt 0.248096 0.969069
vt 0.248096 0.969069
vt 0.254404 0.96969
vt 0.253922 0.961776
vt 0.247668 0.961136
vt 0.247668 0.961136
vt 0.253922 0.961776
vt 0.253515 0.954129
vt 0.247294 0.953464
vt 0.247294 0.953464
vt 0.253515 0.954129
vt 0.253182 0.946649
vt 0.246971 0.945951
vt 0.240986 0.95275
vt 0.247294 0.953464
vt 0.246971 0.945951
vt 0.24068 0.945208
vt 0.234586 0.951988
vt 0.240986 0.95275
vt 0.24068 0.945208
vt 0.234301 0.94442
vt 0.228088 0.951177
vt 0.234586 0.951988
vt 0.234301 0.94442
vt 0.227828 0.943586
vt 0.228349 0.958904
vt 0.234886 0.959701
vt 0.234586 0.951988
vt 0.228088 0.951177
vt 0.228618 0.96687
vt 0.235207 0.967659
vt 0.234886 0.959701
vt 0.228349 0.958904
vt 0.806233 0.826411
vt 0.805801 0.832269
vt 0.813913 0.831765
vt 0.81438 0.825921
vt 0.805801 0.832269
vt 0.805327 0.837978
vt 0.813405 0.837463
vt 0.813913 0.831765
vt 0.81438 0.825921
vt 0.813913 0.831765
vt 0.822149 0.831236
vt 0.82265 0.825386
vt 0.813913 0.831765
vt 0.813405 0.837463
vt 0.821608 0.836944
vt 0.822149 0.831236
vt 0.798596 0.820771
vt 0.798248 0.826811
vt 0.806233 0.826411
vt 0.806621 0.820406
vt 0.798248 0.826811
vt 0.797853 0.832705
vt 0.805801 0.832269
vt 0.806233 0.826411
vt 0.797853 0.832705
vt 0.797415 0.838448
vt 0.805327 0.837978
vt 0.805801 0.832269
vt 0.797415 0.838448
vt 0.796937 0.844037
vt 0.804813 0.843538
vt 0.805327 0.837978
vt 0.805327 0.837978
vt 0.804813 0.843538
vt 0.812858 0.843018
vt 0.813405 0.837463
vt 0.813405 0.837463
vt 0.812858 0.843018
vt 0.821026 0.842513
vt 0.821608 0.836944
vt 0.821608 0.836944
vt 0.821026 0.842513
vt 0.829269 0.842053
vt 0.829886 0.836452
vt 0.822149 0.831236
vt 0.821608 0.836944
vt 0.829886 0.836452
vt 0.830463 0.830717
vt 0.82265 0.825386
vt 0.822149 0.831236
vt 0.830463 0.830717
vt 0.831 0.824845
vt 0.823112 0.819392
vt 0.82265 0.825386
vt 0.831 0.824845
vt 0.831501 0.818831
vt 0.814806 0.81993
vt 0.81438 0.825921
vt 0.82265 0.825386
vt 0.823112 0.819392
vt 0.806621 0.820406
vt 0.806233 0.826411
vt 0.81438 0.825921
vt 0.814806 0.81993
vt 0.234013 0.936925
vt 0.240391 0.937746
vt 0.240086 0.930311
vt 0.233684 0.929453
vt 0.240391 0.937746
vt 0.24669 0.938526
vt 0.246426 0.931132
vt 0.240086 0.930311
vt 0.233684 0.929453
vt 0.240086 0.930311
vt 0.239732 0.922826
vt 0.233274 0.921926
vt 0.240086 0.930311
vt 0.246426 0.931132
vt 0.246155 0.923691
vt 0.239732 0.922826
vt 0.227828 0.943586
vt 0.234301 0.94442
vt 0.234013 0.936925
vt 0.227552 0.936062
vt 0.234301 0.94442
vt 0.24068 0.945208
vt 0.240391 0.937746
vt 0.234013 0.936925
vt 0.24068 0.945208
vt 0.246971 0.945951
vt 0.24669 0.938526
vt 0.240391 0.937746
vt 0.246971 0.945951
vt 0.253182 0.946649
vt 0.252919 0.939264
vt 0.24669 0.938526
vt 0.24669 0.938526
vt 0.252919 0.939264
vt 0.252707 0.931914
vt 0.246426 0.931132
vt 0.246426 0.931132
vt 0.252707 0.931914
vt 0.252529 0.92452
vt 0.246155 0.923691
vt 0.246155 0.923691
vt 0.252529 0.92452
vt 0.252375 0.916981
vt 0.245859 0.916098
vt 0.239732 0.922826
vt 0.246155 0.923691
vt 0.245859 0.916098
vt 0.239305 0.915181
vt 0.233274 0.921926
vt 0.239732 0.922826
vt 0.239305 0.915181
vt 0.23275 0.914231
vt 0.22679 0.920993
vt 0.233274 0.921926
vt 0.23275 0.914231
vt 0.226233 0.913248
vt 0.227219 0.928557
vt 0.233684 0.929453
vt 0.233274 0.921926
vt 0.22679 0.920993
vt 0.227552 0.936062
vt 0.234013 0.936925
vt 0.233684 0.929453
vt 0.227219 0.928557
vt 0.729929 0.863575
vt 0.72969 0.8567
vt 0.722043 0.856474
vt 0.722435 0.863671
vt 0.72969 0.8567
vt 0.72947 0.849899
vt 0.721679 0.849381
vt 0.722043 0.856474
vt 0.722435 0.863671
vt 0.722043 0.856474
vt 0.714488 0.856169
vt 0.715061 0.863707
vt 0.722043 0.856474
vt 0.721679 0.849381
vt 0.713947 0.848764
vt 0.714488 0.856169
vt 0.737499 0.870088
vt 0.737374 0.863417
vt 0.729929 0.863575
vt 0.730209 0.870598
vt 0.737374 0.863417
vt 0.737273 0.856854
vt 0.72969 0.8567
vt 0.729929 0.863575
vt 0.737273 0.856854
vt 0.737179 0.850327
vt 0.72947 0.849899
vt 0.72969 0.8567
vt 0.737179 0.850327
vt 0.73708 0.843756
vt 0.729253 0.843086
vt 0.72947 0.849899
vt 0.72947 0.849899
vt 0.729253 0.843086
vt 0.721326 0.84231
vt 0.721679 0.849381
vt 0.721679 0.849381
vt 0.721326 0.84231
vt 0.713418 0.841421
vt 0.713947 0.848764
vt 0.713947 0.848764
vt 0.713418 0.841421
vt 0.705672 0.840397
vt 0.706439 0.848021
vt 0.714488 0.856169
vt 0.713947 0.848764
vt 0.706439 0.848021
vt 0.707209 0.855761
vt 0.715061 0.863707
vt 0.714488 0.856169
vt 0.707209 0.855761
vt 0.708001 0.863663
vt 0.715694 0.871436
vt 0.715061 0.863707
vt 0.708001 0.863663
vt 0.708842 0.871766
vt 0.722882 0.871043
vt 0.722435 0.863671
vt 0.715061 0.863707
vt 0.715694 0.871436
vt 0.730209 0.870598
vt 0.729929 0.863575
vt 0.722435 0.863671
vt 0.722882 0.871043
vt 0.758883 0.862469
vt 0.759138 0.856754
vt 0.751961 0.856887
vt 0.751812 0.862857
vt 0.759138 0.856754
vt 0.759378 0.850942
vt 0.752099 0.850863
vt 0.751961 0.856887
vt 0.751812 0.862857
vt 0.751961 0.856887
vt 0.744691 0.856919
vt 0.744662 0.863177
vt 0.751961 0.856887
vt 0.752099 0.850863
vt 0.744717 0.850653
vt 0.744691 0.856919
vt 0.765588 0.867426
vt 0.765946 0.862022
vt 0.758883 0.862469
vt 0.758619 0.868122
vt 0.765946 0.862022
vt 0.766293 0.856516
vt 0.759138 0.856754
vt 0.758883 0.862469
vt 0.766293 0.856516
vt 0.766621 0.850882
vt 0.759378 0.850942
vt 0.759138 0.856754
vt 0.766621 0.850882
vt 0.766923 0.845096
vt 0.759596 0.844996
vt 0.759378 0.850942
vt 0.759378 0.850942
vt 0.759596 0.844996
vt 0.752219 0.844729
vt 0.752099 0.850863
vt 0.752099 0.850863
vt 0.752219 0.844729
vt 0.74473 0.844309
vt 0.744717 0.850653
vt 0.744717 0.850653
vt 0.74473 0.844309
vt 0.73708 0.843756
vt 0.737179 0.850327
vt 0.744691 0.856919
vt 0.744717 0.850653
vt 0.737179 0.850327
vt 0.737273 0.856854
vt 0.744662 0.863177
vt 0.744691 0.856919
vt 0.737273 0.856854
vt 0.737374 0.863417
vt 0.744642 0.869489
vt 0.744662 0.863177
vt 0.737374 0.863417
vt 0.737499 0.870088
vt 0.751662 0.868823
vt 0.751812 0.862857
vt 0.744662 0.863177
vt 0.744642 0.869489
vt 0.758619 0.868122
vt 0.758883 0.862469
vt 0.751812 0.862857
vt 0.751662 0.868823
vt 0.690056 0.755201
vt 0.681157 0.75318
vt 0.681555 0.760885
vt 0.690482 0.762811
vt 0.681157 0.75318
vt 0.672263 0.751289
vt 0.672637 0.759104
vt 0.681555 0.760885
vt 0.690482 0.762811
vt 0.681555 0.760885
vt 0.681982 0.768583
vt 0.690934 0.770431
vt 0.681555 0.760885
vt 0.672637 0.759104
vt 0.673044 0.766878
vt 0.681982 0.768583
vt 0.698534 0.749838
vt 0.689654 0.747588
vt 0.690056 0.755201
vt 0.698958 0.757357
vt 0.689654 0.747588
vt 0.680782 0.745456
vt 0.681157 0.75318
vt 0.690056 0.755201
vt 0.680782 0.745456
vt 0.671915 0.743429
vt 0.672263 0.751289
vt 0.681157 0.75318
vt 0.681982 0.768583
vt 0.673044 0.766878
vt 0.673495 0.774616
vt 0.682447 0.776284
vt 0.690934 0.770431
vt 0.681982 0.768583
vt 0.682447 0.776284
vt 0.691415 0.778071
vt 0.699873 0.772417
vt 0.690934 0.770431
vt 0.691415 0.778071
vt 0.700363 0.779977
vt 0.699405 0.76488
vt 0.690482 0.762811
vt 0.690934 0.770431
vt 0.699873 0.772417
vt 0.698958 0.757357
vt 0.690056 0.755201
vt 0.690482 0.762811
vt 0.699405 0.76488
vt 0.219171 0.904186
vt 0.218541 0.89632
vt 0.212515 0.895109
vt 0.21293 0.903068
vt 0.218541 0.89632
vt 0.217966 0.889273
vt 0.212153 0.887963
vt 0.212515 0.895109
vt 0.21293 0.903068
vt 0.212515 0.895109
vt 0.206642 0.893869
vt 0.206756 0.901922
vt 0.212515 0.895109
vt 0.212153 0.887963
vt 0.206583 0.886625
vt 0.206642 0.893869
vt 0.226233 0.913248
vt 0.22555 0.905272
vt 0.219171 0.904186
vt 0.219779 0.912234
vt 0.22555 0.905272
vt 0.224828 0.897499
vt 0.218541 0.89632
vt 0.219171 0.904186
vt 0.224828 0.897499
vt 0.224161 0.890546
vt 0.217966 0.889273
vt 0.218541 0.89632
vt 0.224161 0.890546
vt 0.223633 0.885077
vt 0.217513 0.883723
vt 0.217966 0.889273
vt 0.217966 0.889273
vt 0.217513 0.883723
vt 0.211876 0.88233
vt 0.212153 0.887963
vt 0.212153 0.887963
vt 0.211876 0.88233
vt 0.206556 0.880907
vt 0.206583 0.886625
vt 0.206583 0.886625
vt 0.206556 0.880907
vt 0.201382 0.879463
vt 0.201113 0.885264
vt 0.206642 0.893869
vt 0.206583 0.886625
vt 0.201113 0.885264
vt 0.200817 0.892605
vt 0.206756 0.901922
vt 0.206642 0.893869
vt 0.200817 0.892605
vt 0.200577 0.900748
vt 0.206936 0.910114
vt 0.206756 0.901922
vt 0.200577 0.900748
vt 0.200465 0.909008
vt 0.21336 0.911189
vt 0.21293 0.903068
vt 0.206756 0.901922
vt 0.206936 0.910114
vt 0.219779 0.912234
vt 0.219171 0.904186
vt 0.21293 0.903068
vt 0.21336 0.911189
vt 0.84295 0.772878
vt 0.842585 0.779619
vt 0.851309 0.778915
vt 0.851735 0.77214
vt 0.842585 0.779619
vt 0.842202 0.786279
vt 0.85087 0.785605
vt 0.851309 0.778915
vt 0.180248 0.985958
vt 0.187354 0.987164
vt 0.187495 0.978023
vt 0.180433 0.976831
vt 0.187354 0.987164
vt 0.19444 0.988319
vt 0.194526 0.979162
vt 0.187495 0.978023
vt 0.834438 0.766792
vt 0.834153 0.77359
vt 0.84295 0.772878
vt 0.843299 0.766052
vt 0.834153 0.77359
vt 0.833849 0.780307
vt 0.842585 0.779619
vt 0.84295 0.772878
vt 0.833849 0.780307
vt 0.833524 0.786945
vt 0.842202 0.786279
vt 0.842585 0.779619
vt 0.833524 0.786945
vt 0.833176 0.793509
vt 0.8418 0.792863
vt 0.842202 0.786279
vt 0.842202 0.786279
vt 0.8418 0.792863
vt 0.850414 0.792216
vt 0.85087 0.785605
vt 0.19444 0.988319
vt 0.201512 0.989422
vt 0.201535 0.980248
vt 0.194526 0.979162
vt 0.194526 0.979162
vt 0.201535 0.980248
vt 0.201508 0.971466
vt 0.194551 0.970392
vt 0.187495 0.978023
vt 0.194526 0.979162
vt 0.194551 0.970392
vt 0.187563 0.969266
vt 0.180433 0.976831
vt 0.187495 0.978023
vt 0.187563 0.969266
vt 0.180534 0.968085
vt 0.173335 0.975585
vt 0.180433 0.976831
vt 0.180534 0.968085
vt 0.173456 0.966848
vt 0.173118 0.9847
vt 0.180248 0.985958
vt 0.180433 0.976831
vt 0.173335 0.975585
vt 0.843299 0.766052
vt 0.84295 0.772878
vt 0.851735 0.77214
vt 0.852149 0.765273
vt 0.180566 0.959804
vt 0.187573 0.960974
vt 0.18753 0.953028
vt 0.180535 0.951867
vt 0.187573 0.960974
vt 0.194528 0.962089
vt 0.194464 0.954134
vt 0.18753 0.953028
vt 0.180535 0.951867
vt 0.18753 0.953028
vt 0.187436 0.945286
vt 0.180442 0.944131
vt 0.18753 0.953028
vt 0.194464 0.954134
vt 0.194359 0.946387
vt 0.187436 0.945286
vt 0.173456 0.966848
vt 0.180534 0.968085
vt 0.180566 0.959804
vt 0.173497 0.958576
vt 0.180534 0.968085
vt 0.187563 0.969266
vt 0.187573 0.960974
vt 0.180566 0.959804
vt 0.187563 0.969266
vt 0.194551 0.970392
vt 0.194528 0.962089
vt 0.187573 0.960974
vt 0.194551 0.970392
vt 0.201508 0.971466
vt 0.201444 0.963152
vt 0.194528 0.962089
vt 0.194528 0.962089
vt 0.201444 0.963152
vt 0.20135 0.955189
vt 0.194464 0.954134
vt 0.194464 0.954134
vt 0.20135 0.955189
vt 0.201225 0.94744
vt 0.194359 0.946387
vt 0.194359 0.946387
vt 0.201225 0.94744
vt 0.201066 0.9398
vt 0.194209 0.938743
vt 0.187436 0.945286
vt 0.194359 0.946387
vt 0.194209 0.938743
vt 0.187285 0.93764
vt 0.180442 0.944131
vt 0.187436 0.945286
vt 0.187285 0.93764
vt 0.180281 0.936486
vt 0.173362 0.942919
vt 0.180442 0.944131
vt 0.180281 0.936486
vt 0.173184 0.935277
vt 0.173465 0.950648
vt 0.180535 0.951867
vt 0.180442 0.944131
vt 0.173362 0.942919
vt 0.173497 0.958576
vt 0.180566 0.959804
vt 0.180535 0.951867
vt 0.173465 0.950648
vt 0.807791 0.774876
vt 0.807944 0.781801
vt 0.816524 0.781458
vt 0.816628 0.774685
vt 0.807944 0.781801
vt 0.807911 0.78852
vt 0.816353 0.788114
vt 0.816524 0.781458
vt 0.816628 0.774685
vt 0.816524 0.781458
vt 0.825163 0.780941
vt 0.825397 0.774228
vt 0.816524 0.781458
vt 0.816353 0.788114
vt 0.8249 0.787573
vt 0.825163 0.780941
vt 0.797513 0.766756
vt 0.799005 0.77497
vt 0.807791 0.774876
vt 0.807749 0.767782
vt 0.799005 0.77497
vt 0.799513 0.781994
vt 0.807944 0.781801
vt 0.807791 0.774876
vt 0.799513 0.781994
vt 0.799617 0.788743
vt 0.807911 0.78852
vt 0.807944 0.781801
vt 0.799617 0.788743
vt 0.79952 0.795347
vt 0.807745 0.795096
vt 0.807911 0.78852
vt 0.807911 0.78852
vt 0.807745 0.795096
vt 0.816119 0.794671
vt 0.816353 0.788114
vt 0.816353 0.788114
vt 0.816119 0.794671
vt 0.824606 0.794126
vt 0.8249 0.787573
vt 0.8249 0.787573
vt 0.824606 0.794126
vt 0.833176 0.793509
vt 0.833524 0.786945
vt 0.825163 0.780941
vt 0.8249 0.787573
vt 0.833524 0.786945
vt 0.833849 0.780307
vt 0.825397 0.774228
vt 0.825163 0.780941
vt 0.833849 0.780307
vt 0.834153 0.77359
vt 0.825618 0.767436
vt 0.825397 0.774228
vt 0.834153 0.77359
vt 0.834438 0.766792
vt 0.81677 0.767833
vt 0.816628 0.774685
vt 0.825397 0.774228
vt 0.825618 0.767436
vt 0.807749 0.767782
vt 0.807791 0.774876
vt 0.816628 0.774685
vt 0.81677 0.767833
vt 0.180064 0.928863
vt 0.187085 0.930022
vt 0.186922 0.9224
vt 0.179892 0.921236
vt 0.187085 0.930022
vt 0.194017 0.931133
vt 0.193843 0.923523
vt 0.186922 0.9224
vt 0.179892 0.921236
vt 0.186922 0.9224
vt 0.186912 0.914689
vt 0.179904 0.913521
vt 0.186922 0.9224
vt 0.193843 0.923523
vt 0.193772 0.915825
vt 0.186912 0.914689
vt 0.173184 0.935277
vt 0.180281 0.936486
vt 0.180064 0.928863
vt 0.172941 0.927652
vt 0.180281 0.936486
vt 0.187285 0.93764
vt 0.187085 0.930022
vt 0.180064 0.928863
vt 0.187285 0.93764
vt 0.194209 0.938743
vt 0.194017 0.931133
vt 0.187085 0.930022
vt 0.194209 0.938743
vt 0.201066 0.9398
vt 0.200871 0.932201
vt 0.194017 0.931133
vt 0.194017 0.931133
vt 0.200871 0.932201
vt 0.200671 0.924605
vt 0.193843 0.923523
vt 0.193843 0.923523
vt 0.200671 0.924605
vt 0.200515 0.916927
vt 0.193772 0.915825
vt 0.193772 0.915825
vt 0.200515 0.916927
vt 0.200465 0.909008
vt 0.193903 0.907872
vt 0.186912 0.914689
vt 0.193772 0.915825
vt 0.193903 0.907872
vt 0.187188 0.906713
vt 0.179904 0.913521
vt 0.186912 0.914689
vt 0.187188 0.906713
vt 0.180256 0.905538
vt 0.172718 0.912321
vt 0.179904 0.913521
vt 0.180256 0.905538
vt 0.17304 0.904356
vt 0.172738 0.920025
vt 0.179892 0.921236
vt 0.179904 0.913521
vt 0.172718 0.912321
vt 0.172941 0.927652
vt 0.180064 0.928863
vt 0.179892 0.921236
vt 0.172738 0.920025
vt 0.775515 0.8144
vt 0.783222 0.814686
vt 0.783369 0.808267
vt 0.775601 0.807902
vt 0.783222 0.814686
vt 0.790997 0.814742
vt 0.791199 0.808387
vt 0.783369 0.808267
vt 0.775601 0.807902
vt 0.783369 0.808267
vt 0.783464 0.801746
vt 0.775634 0.801309
vt 0.783369 0.808267
vt 0.791199 0.808387
vt 0.791352 0.801924
vt 0.783464 0.801746
vt 0.767751 0.820362
vt 0.775372 0.820793
vt 0.775515 0.8144
vt 0.767828 0.813865
vt 0.775372 0.820793
vt 0.783021 0.82099
vt 0.783222 0.814686
vt 0.775515 0.8144
vt 0.783021 0.82099
vt 0.790745 0.820975
vt 0.790997 0.814742
vt 0.783222 0.814686
vt 0.790745 0.820975
vt 0.798596 0.820771
vt 0.798895 0.814589
vt 0.790997 0.814742
vt 0.790997 0.814742
vt 0.798895 0.814589
vt 0.799147 0.808281
vt 0.791199 0.808387
vt 0.791199 0.808387
vt 0.799147 0.808281
vt 0.799355 0.801861
vt 0.791352 0.801924
vt 0.791352 0.801924
vt 0.799355 0.801861
vt 0.79952 0.795347
vt 0.791459 0.795369
vt 0.783464 0.801746
vt 0.791352 0.801924
vt 0.791459 0.795369
vt 0.78351 0.795137
vt 0.775634 0.801309
vt 0.783464 0.801746
vt 0.78351 0.795137
vt 0.775616 0.794634
vt 0.767812 0.800596
vt 0.775634 0.801309
vt 0.775616 0.794634
vt 0.767727 0.793845
vt 0.767847 0.807273
vt 0.775601 0.807902
vt 0.775634 0.801309
vt 0.767812 0.800596
vt 0.767828 0.813865
vt 0.775515 0.8144
vt 0.775601 0.807902
vt 0.767847 0.807273
vt 0.727891 0.807796
vt 0.727531 0.800578
vt 0.718964 0.798789
vt 0.719398 0.806146
vt 0.727531 0.800578
vt 0.727145 0.793336
vt 0.718519 0.791418
vt 0.718964 0.798789
vt 0.719398 0.806146
vt 0.718964 0.798789
vt 0.71025 0.796965
vt 0.710761 0.804448
vt 0.718964 0.798789
vt 0.718519 0.791418
vt 0.709751 0.789473
vt 0.71025 0.796965
vt 0.736457 0.816389
vt 0.736211 0.809355
vt 0.727891 0.807796
vt 0.728219 0.81498
vt 0.736211 0.809355
vt 0.735926 0.802276
vt 0.727531 0.800578
vt 0.727891 0.807796
vt 0.735926 0.802276
vt 0.735604 0.795163
vt 0.727145 0.793336
vt 0.727531 0.800578
vt 0.735604 0.795163
vt 0.735251 0.788026
vt 0.726737 0.786082
vt 0.727145 0.793336
vt 0.727145 0.793336
vt 0.726737 0.786082
vt 0.718065 0.784046
vt 0.718519 0.791418
vt 0.718519 0.791418
vt 0.718065 0.784046
vt 0.70926 0.781988
vt 0.709751 0.789473
vt 0.709751 0.789473
vt 0.70926 0.781988
vt 0.700363 0.779977
vt 0.700876 0.787562
vt 0.71025 0.796965
vt 0.709751 0.789473
vt 0.700876 0.787562
vt 0.701424 0.795158
vt 0.710761 0.804448
vt 0.71025 0.796965
vt 0.701424 0.795158
vt 0.702019 0.802745
vt 0.711282 0.811906
vt 0.710761 0.804448
vt 0.702019 0.802745
vt 0.70267 0.810304
vt 0.719815 0.813475
vt 0.719398 0.806146
vt 0.710761 0.804448
vt 0.711282 0.811906
vt 0.728219 0.81498
vt 0.727891 0.807796
vt 0.719398 0.806146
vt 0.719815 0.813475
vt 0.760111 0.813066
vt 0.760057 0.806368
vt 0.75217 0.80521
vt 0.7523 0.812026
vt 0.760057 0.806368
vt 0.759951 0.799596
vt 0.75199 0.798333
vt 0.75217 0.80521
vt 0.7523 0.812026
vt 0.75217 0.80521
vt 0.744136 0.803834
vt 0.744344 0.810777
vt 0.75217 0.80521
vt 0.75199 0.798333
vt 0.743883 0.796843
vt 0.744136 0.803834
vt 0.767751 0.820362
vt 0.767828 0.813865
vt 0.760111 0.813066
vt 0.760109 0.819683
vt 0.767828 0.813865
vt 0.767847 0.807273
vt 0.760057 0.806368
vt 0.760111 0.813066
vt 0.767847 0.807273
vt 0.767812 0.800596
vt 0.759951 0.799596
vt 0.760057 0.806368
vt 0.767812 0.800596
vt 0.767727 0.793845
vt 0.759797 0.792761
vt 0.759951 0.799596
vt 0.759951 0.799596
vt 0.759797 0.792761
vt 0.751767 0.791406
vt 0.75199 0.798333
vt 0.75199 0.798333
vt 0.751767 0.791406
vt 0.743593 0.789815
vt 0.743883 0.796843
vt 0.743883 0.796843
vt 0.743593 0.789815
vt 0.735251 0.788026
vt 0.735604 0.795163
vt 0.744136 0.803834
vt 0.743883 0.796843
vt 0.735604 0.795163
vt 0.735926 0.802276
vt 0.744344 0.810777
vt 0.744136 0.803834
vt 0.735926 0.802276
vt 0.736211 0.809355
vt 0.744505 0.817665
vt 0.744344 0.810777
vt 0.736211 0.809355
vt 0.736457 0.816389
vt 0.752378 0.818773
vt 0.7523 0.812026
vt 0.744344 0.810777
vt 0.744505 0.817665
vt 0.760109 0.819683
vt 0.760111 0.813066
vt 0.7523 0.812026
vt 0.752378 0.818773
vt 0.324857 0.917408
vt 0.324747 0.910659
vt 0.317558 0.90995
vt 0.317613 0.916796
vt 0.324747 0.910659
vt 0.324611 0.904646
vt 0.317506 0.903858
vt 0.317558 0.90995
vt 0.317613 0.916796
vt 0.317558 0.90995
vt 0.310656 0.909236
vt 0.310639 0.916163
vt 0.317558 0.90995
vt 0.317506 0.903858
vt 0.310684 0.903077
vt 0.310656 0.909236
vt 0.332507 0.924842
vt 0.33241 0.917995
vt 0.324857 0.917408
vt 0.32494 0.924379
vt 0.33241 0.917995
vt 0.332274 0.911357
vt 0.324747 0.910659
vt 0.324857 0.917408
vt 0.332274 0.911357
vt 0.332049 0.905436
vt 0.324611 0.904646
vt 0.324747 0.910659
vt 0.332049 0.905436
vt 0.331666 0.900766
vt 0.32443 0.899918
vt 0.324611 0.904646
vt 0.324611 0.904646
vt 0.32443 0.899918
vt 0.317459 0.899074
vt 0.317506 0.903858
vt 0.317506 0.903858
vt 0.317459 0.899074
vt 0.310726 0.898244
vt 0.310684 0.903077
vt 0.310684 0.903077
vt 0.310726 0.898244
vt 0.304205 0.897435
vt 0.304097 0.902307
vt 0.310656 0.909236
vt 0.310684 0.903077
vt 0.304097 0.902307
vt 0.303989 0.90852
vt 0.310639 0.916163
vt 0.310656 0.909236
vt 0.303989 0.90852
vt 0.30389 0.915513
vt 0.310614 0.923328
vt 0.310639 0.916163
vt 0.30389 0.915513
vt 0.303794 0.922753
vt 0.317652 0.923872
vt 0.317613 0.916796
vt 0.310639 0.916163
vt 0.310614 0.923328
vt 0.32494 0.924379
vt 0.324857 0.917408
vt 0.317613 0.916796
vt 0.317652 0.923872
vt 0.769123 0.90296
vt 0.775547 0.9023
vt 0.776282 0.896819
vt 0.769701 0.897599
vt 0.775547 0.9023
vt 0.782186 0.901965
vt 0.783068 0.896365
vt 0.776282 0.896819
vt 0.769701 0.897599
vt 0.776282 0.896819
vt 0.776964 0.891475
vt 0.770245 0.892333
vt 0.776282 0.896819
vt 0.783068 0.896365
vt 0.783878 0.890932
vt 0.776964 0.891475
vt 0.76249 0.909307
vt 0.768502 0.908423
vt 0.769123 0.90296
vt 0.762924 0.904029
vt 0.768502 0.908423
vt 0.77475 0.907921
vt 0.775547 0.9023
vt 0.769123 0.90296
vt 0.77475 0.907921
vt 0.781219 0.907733
vt 0.782186 0.901965
vt 0.775547 0.9023
vt 0.781219 0.907733
vt 0.78789 0.907781
vt 0.789025 0.901862
vt 0.782186 0.901965
vt 0.782186 0.901965
vt 0.789025 0.901862
vt 0.790052 0.896136
vt 0.783068 0.896365
vt 0.783068 0.896365
vt 0.790052 0.896136
vt 0.790986 0.8906
vt 0.783878 0.890932
vt 0.783878 0.890932
vt 0.790986 0.8906
vt 0.79184 0.885251
vt 0.784625 0.885665
vt 0.776964 0.891475
vt 0.783878 0.890932
vt 0.784625 0.885665
vt 0.777601 0.886266
vt 0.770245 0.892333
vt 0.776964 0.891475
vt 0.777601 0.886266
vt 0.770761 0.887153
vt 0.763723 0.893602
vt 0.770245 0.892333
vt 0.770761 0.887153
vt 0.764104 0.888418
vt 0.763333 0.898799
vt 0.769701 0.897599
vt 0.770245 0.892333
vt 0.763723 0.893602
vt 0.762924 0.904029
vt 0.769123 0.90296
vt 0.769701 0.897599
vt 0.763333 0.898799
vt 0.697888 0.914076
vt 0.698748 0.920332
vt 0.703719 0.918121
vt 0.702815 0.912333
vt 0.698748 0.920332
vt 0.699271 0.926176
vt 0.704548 0.923404
vt 0.703719 0.918121
vt 0.702815 0.912333
vt 0.703719 0.918121
vt 0.709178 0.915901
vt 0.708215 0.910469
vt 0.703719 0.918121
vt 0.704548 0.923404
vt 0.710144 0.920814
vt 0.709178 0.915901
vt 0.699271 0.926176
vt 0.7 0.931712
vt 0.705577 0.928334
vt 0.704548 0.923404
vt 0.704548 0.923404
vt 0.705577 0.928334
vt 0.711238 0.92541
vt 0.710144 0.920814
vt 0.710144 0.920814
vt 0.711238 0.92541
vt 0.716953 0.922919
vt 0.715905 0.918521
vt 0.709178 0.915901
vt 0.710144 0.920814
vt 0.715905 0.918521
vt 0.71493 0.913822
vt 0.708215 0.910469
vt 0.709178 0.915901
vt 0.71493 0.913822
vt 0.713961 0.90862
vt 0.707168 0.904269
vt 0.708215 0.910469
vt 0.713961 0.90862
vt 0.712942 0.902676
vt 0.701752 0.905774
vt 0.702815 0.912333
vt 0.708215 0.910469
vt 0.707168 0.904269
vt 0.696676 0.907
vt 0.697888 0.914076
vt 0.702815 0.912333
vt 0.701752 0.905774
vt 0.833492 0.868557
vt 0.83248 0.873891
vt 0.84039 0.874064
vt 0.84148 0.868626
vt 0.83248 0.873891
vt 0.831363 0.879351
vt 0.839184 0.879635
vt 0.84039 0.874064
vt 0.288689 0.997937
vt 0.295331 0.998047
vt 0.293887 0.98894
vt 0.287376 0.988775
vt 0.295331 0.998047
vt 0.302207 0.998045
vt 0.300622 0.989008
vt 0.293887 0.98894
vt 0.826343 0.863417
vt 0.825477 0.868621
vt 0.833492 0.868557
vt 0.834421 0.863273
vt 0.825477 0.868621
vt 0.824537 0.873866
vt 0.83248 0.873891
vt 0.833492 0.868557
vt 0.824537 0.873866
vt 0.823504 0.879227
vt 0.831363 0.879351
vt 0.83248 0.873891
vt 0.823504 0.879227
vt 0.822357 0.884776
vt 0.830117 0.88501
vt 0.831363 0.879351
vt 0.831363 0.879351
vt 0.830117 0.88501
vt 0.837833 0.885411
vt 0.839184 0.879635
vt 0.302207 0.998045
vt 0.30941 0.997909
vt 0.30767 0.988961
vt 0.300622 0.989008
vt 0.300622 0.989008
vt 0.30767 0.988961
vt 0.306272 0.980509
vt 0.29934 0.980471
vt 0.293887 0.98894
vt 0.300622 0.989008
vt 0.29934 0.980471
vt 0.292705 0.980333
vt 0.287376 0.988775
vt 0.293887 0.98894
vt 0.292705 0.980333
vt 0.286282 0.980113
vt 0.280996 0.988527
vt 0.287376 0.988775
vt 0.286282 0.980113
vt 0.279987 0.979818
vt 0.282183 0.997731
vt 0.288689 0.997937
vt 0.287376 0.988775
vt 0.280996 0.988527
vt 0.834421 0.863273
vt 0.833492 0.868557
vt 0.84148 0.868626
vt 0.842476 0.863247
vt 0.285407 0.97196
vt 0.291784 0.972235
vt 0.291103 0.964541
vt 0.284739 0.964214
vt 0.291784 0.972235
vt 0.298363 0.972436
vt 0.297656 0.964802
vt 0.291103 0.964541
vt 0.284739 0.964214
vt 0.291103 0.964541
vt 0.290636 0.957137
vt 0.284266 0.956756
vt 0.291103 0.964541
vt 0.297656 0.964802
vt 0.297184 0.957459
vt 0.290636 0.957137
vt 0.279987 0.979818
vt 0.286282 0.980113
vt 0.285407 0.97196
vt 0.279159 0.971621
vt 0.286282 0.980113
vt 0.292705 0.980333
vt 0.291784 0.972235
vt 0.285407 0.97196
vt 0.292705 0.980333
vt 0.29934 0.980471
vt 0.298363 0.972436
vt 0.291784 0.972235
vt 0.29934 0.980471
vt 0.306272 0.980509
vt 0.305214 0.97255
vt 0.298363 0.972436
vt 0.298363 0.972436
vt 0.305214 0.97255
vt 0.304457 0.964987
vt 0.297656 0.964802
vt 0.297656 0.964802
vt 0.304457 0.964987
vt 0.303955 0.957713
vt 0.297184 0.957459
vt 0.297184 0.957459
vt 0.303955 0.957713
vt 0.303671 0.950638
vt 0.296919 0.950315
vt 0.290636 0.957137
vt 0.297184 0.957459
vt 0.296919 0.950315
vt 0.290368 0.949931
vt 0.284266 0.956756
vt 0.290636 0.957137
vt 0.290368 0.949931
vt 0.28398 0.949494
vt 0.278027 0.956323
vt 0.284266 0.956756
vt 0.28398 0.949494
vt 0.277721 0.94901
vt 0.278506 0.963829
vt 0.284739 0.964214
vt 0.284266 0.956756
vt 0.278027 0.956323
vt 0.279159 0.971621
vt 0.285407 0.97196
vt 0.284739 0.964214
vt 0.278506 0.963829
vt 0.801681 0.869544
vt 0.800935 0.874581
vt 0.808698 0.874224
vt 0.809508 0.869129
vt 0.800935 0.874581
vt 0.800132 0.879693
vt 0.807819 0.879409
vt 0.808698 0.874224
vt 0.809508 0.869129
vt 0.808698 0.874224
vt 0.816588 0.87398
vt 0.817462 0.868815
vt 0.808698 0.874224
vt 0.807819 0.879409
vt 0.815634 0.879249
vt 0.816588 0.87398
vt 0.794675 0.86503
vt 0.794032 0.870034
vt 0.801681 0.869544
vt 0.802381 0.864511
vt 0.794032 0.870034
vt 0.793351 0.875027
vt 0.800935 0.874581
vt 0.801681 0.869544
vt 0.793351 0.875027
vt 0.792624 0.880078
vt 0.800132 0.879693
vt 0.800935 0.874581
vt 0.792624 0.880078
vt 0.79184 0.885251
vt 0.799257 0.884946
vt 0.800132 0.879693
vt 0.800132 0.879693
vt 0.799257 0.884946
vt 0.806854 0.884753
vt 0.807819 0.879409
vt 0.807819 0.879409
vt 0.806854 0.884753
vt 0.814579 0.884693
vt 0.815634 0.879249
vt 0.815634 0.879249
vt 0.814579 0.884693
vt 0.822357 0.884776
vt 0.823504 0.879227
vt 0.816588 0.87398
vt 0.815634 0.879249
vt 0.823504 0.879227
vt 0.824537 0.873866
vt 0.817462 0.868815
vt 0.816588 0.87398
vt 0.824537 0.873866
vt 0.825477 0.868621
vt 0.818271 0.863681
vt 0.817462 0.868815
vt 0.825477 0.868621
vt 0.826343 0.863417
vt 0.810263 0.864052
vt 0.809508 0.869129
vt 0.817462 0.868815
vt 0.818271 0.863681
vt 0.802381 0.864511
vt 0.801681 0.869544
vt 0.809508 0.869129
vt 0.810263 0.864052
vt 0.283871 0.942352
vt 0.290276 0.942848
vt 0.290321 0.93581
vt 0.283904 0.935256
vt 0.290276 0.942848
vt 0.296831 0.943296
vt 0.296873 0.936322
vt 0.290321 0.93581
vt 0.283904 0.935256
vt 0.290321 0.93581
vt 0.29046 0.928732
vt 0.284043 0.928121
vt 0.290321 0.93581
vt 0.296873 0.936322
vt 0.296995 0.929306
vt 0.29046 0.928732
vt 0.277721 0.94901
vt 0.28398 0.949494
vt 0.283871 0.942352
vt 0.277584 0.941813
vt 0.28398 0.949494
vt 0.290368 0.949931
vt 0.290276 0.942848
vt 0.283871 0.942352
vt 0.290368 0.949931
vt 0.296919 0.950315
vt 0.296831 0.943296
vt 0.290276 0.942848
vt 0.296919 0.950315
vt 0.303671 0.950638
vt 0.303568 0.94369
vt 0.296831 0.943296
vt 0.296831 0.943296
vt 0.303568 0.94369
vt 0.303591 0.936788
vt 0.296873 0.936322
vt 0.296873 0.936322
vt 0.303591 0.936788
vt 0.303683 0.929842
vt 0.296995 0.929306
vt 0.296995 0.929306
vt 0.303683 0.929842
vt 0.303794 0.922753
vt 0.297155 0.92215
vt 0.29046 0.928732
vt 0.296995 0.929306
vt 0.297155 0.92215
vt 0.290657 0.921518
vt 0.284043 0.928121
vt 0.29046 0.928732
vt 0.290657 0.921518
vt 0.284258 0.920854
vt 0.277706 0.927474
vt 0.284043 0.928121
vt 0.284258 0.920854
vt 0.27791 0.920155
vt 0.277589 0.934662
vt 0.283904 0.935256
vt 0.284043 0.928121
vt 0.277706 0.927474
vt 0.277584 0.941813
vt 0.283871 0.942352
vt 0.283904 0.935256
vt 0.277589 0.934662
vt 0.733665 0.912978
vt 0.733105 0.908397
vt 0.726986 0.910159
vt 0.72773 0.914713
vt 0.733105 0.908397
vt 0.732552 0.903416
vt 0.726245 0.905157
vt 0.726986 0.910159
vt 0.72773 0.914713
vt 0.726986 0.910159
vt 0.720896 0.911934
vt 0.721786 0.916522
vt 0.726986 0.910159
vt 0.726245 0.905157
vt 0.720007 0.906865
vt 0.720896 0.911934
vt 0.739909 0.915631
vt 0.739536 0.911195
vt 0.733665 0.912978
vt 0.734241 0.9173
vt 0.739536 0.911195
vt 0.739175 0.906539
vt 0.733105 0.908397
vt 0.733665 0.912978
vt 0.739175 0.906539
vt 0.738823 0.901548
vt 0.732552 0.903416
vt 0.733105 0.908397
vt 0.738823 0.901548
vt 0.738483 0.896093
vt 0.732002 0.897874
vt 0.732552 0.903416
vt 0.732552 0.903416
vt 0.732002 0.897874
vt 0.725496 0.899516
vt 0.726245 0.905157
vt 0.726245 0.905157
vt 0.725496 0.899516
vt 0.719092 0.901098
vt 0.720007 0.906865
vt 0.720007 0.906865
vt 0.719092 0.901098
vt 0.712942 0.902676
vt 0.713961 0.90862
vt 0.720896 0.911934
vt 0.720007 0.906865
vt 0.713961 0.90862
vt 0.71493 0.913822
vt 0.721786 0.916522
vt 0.720896 0.911934
vt 0.71493 0.913822
vt 0.715905 0.918521
vt 0.722719 0.920819
vt 0.721786 0.916522
vt 0.715905 0.918521
vt 0.716953 0.922919
vt 0.728498 0.918988
vt 0.72773 0.914713
vt 0.721786 0.916522
vt 0.722719 0.920819
vt 0.734241 0.9173
vt 0.733665 0.912978
vt 0.72773 0.914713
vt 0.728498 0.918988
vt 0.756938 0.905538
vt 0.757163 0.900459
vt 0.75113 0.902424
vt 0.751098 0.907346
vt 0.757163 0.900459
vt 0.757384 0.895326
vt 0.751169 0.89735
vt 0.75113 0.902424
vt 0.751098 0.907346
vt 0.75113 0.902424
vt 0.745161 0.904508
vt 0.745324 0.909284
vt 0.75113 0.902424
vt 0.751169 0.89735
vt 0.745007 0.899484
vt 0.745161 0.904508
vt 0.76249 0.909307
vt 0.762924 0.904029
vt 0.756938 0.905538
vt 0.756702 0.9106
vt 0.762924 0.904029
vt 0.763333 0.898799
vt 0.757163 0.900459
vt 0.756938 0.905538
vt 0.763333 0.898799
vt 0.763723 0.893602
vt 0.757384 0.895326
vt 0.757163 0.900459
vt 0.763723 0.893602
vt 0.764104 0.888418
vt 0.75761 0.890102
vt 0.757384 0.895326
vt 0.757384 0.895326
vt 0.75761 0.890102
vt 0.751221 0.892061
vt 0.751169 0.89735
vt 0.751169 0.89735
vt 0.751221 0.892061
vt 0.74487 0.894114
vt 0.745007 0.899484
vt 0.745007 0.899484
vt 0.74487 0.894114
vt 0.738483 0.896093
vt 0.738823 0.901548
vt 0.745161 0.904508
vt 0.745007 0.899484
vt 0.738823 0.901548
vt 0.739175 0.906539
vt 0.745324 0.909284
vt 0.745161 0.904508
vt 0.739175 0.906539
vt 0.739536 0.911195
vt 0.745494 0.913897
vt 0.745324 0.909284
vt 0.739536 0.911195
vt 0.739909 0.915631
vt 0.751064 0.912177
vt 0.751098 0.907346
vt 0.745324 0.909284
vt 0.745494 0.913897
vt 0.756702 0.9106
vt 0.756938 0.905538
vt 0.751098 0.907346
vt 0.751064 0.912177
vt 0.703617 0.880651
vt 0.697958 0.881129
vt 0.699258 0.889904
vt 0.704794 0.889126
vt 0.697958 0.881129
vt 0.692768 0.881395
vt 0.694141 0.890305
vt 0.699258 0.889904
vt 0.704794 0.889126
vt 0.699258 0.889904
vt 0.700539 0.89823
vt 0.706 0.897099
vt 0.699258 0.889904
vt 0.694141 0.890305
vt 0.695435 0.898942
vt 0.700539 0.89823
vt 0.708842 0.871766
vt 0.702496 0.872017
vt 0.703617 0.880651
vt 0.709764 0.880034
vt 0.702496 0.872017
vt 0.696658 0.872223
vt 0.697958 0.881129
vt 0.703617 0.880651
vt 0.696658 0.872223
vt 0.691333 0.872437
vt 0.692768 0.881395
vt 0.697958 0.881129
vt 0.700539 0.89823
vt 0.695435 0.898942
vt 0.696676 0.907
vt 0.701752 0.905774
vt 0.706 0.897099
vt 0.700539 0.89823
vt 0.701752 0.905774
vt 0.707168 0.904269
vt 0.711857 0.895802
vt 0.706 0.897099
vt 0.707168 0.904269
vt 0.712942 0.902676
vt 0.710777 0.888158
vt 0.704794 0.889126
vt 0.706 0.897099
vt 0.711857 0.895802
vt 0.709764 0.880034
vt 0.703617 0.880651
vt 0.704794 0.889126
vt 0.710777 0.888158
vt 0.699304 0.847167
vt 0.692601 0.846432
vt 0.694012 0.854864
vt 0.700367 0.855256
vt 0.692601 0.846432
vt 0.686436 0.846203
vt 0.688223 0.854889
vt 0.694012 0.854864
vt 0.700367 0.855256
vt 0.694012 0.854864
vt 0.695357 0.863456
vt 0.701424 0.863534
vt 0.694012 0.854864
vt 0.688223 0.854889
vt 0.68984 0.863609
vt 0.695357 0.863456
vt 0.705672 0.840397
vt 0.698227 0.839254
vt 0.699304 0.847167
vt 0.706439 0.848021
vt 0.698227 0.839254
vt 0.691177 0.838208
vt 0.692601 0.846432
vt 0.699304 0.847167
vt 0.691177 0.838208
vt 0.684634 0.837572
vt 0.686436 0.846203
vt 0.692601 0.846432
vt 0.695357 0.863456
vt 0.68984 0.863609
vt 0.691333 0.872437
vt 0.696658 0.872223
vt 0.701424 0.863534
vt 0.695357 0.863456
vt 0.696658 0.872223
vt 0.702496 0.872017
vt 0.708001 0.863663
vt 0.701424 0.863534
vt 0.702496 0.872017
vt 0.708842 0.871766
vt 0.707209 0.855761
vt 0.700367 0.855256
vt 0.701424 0.863534
vt 0.708001 0.863663
vt 0.706439 0.848021
vt 0.699304 0.847167
vt 0.700367 0.855256
vt 0.707209 0.855761
vt 0.762383 0.945363
vt 0.762781 0.946376
vt 0.763645 0.946187
vt 0.763267 0.944988
vt 0.762781 0.946376
vt 0.762971 0.947453
vt 0.763772 0.94746
vt 0.763645 0.946187
vt 0.763645 0.946187
vt 0.763772 0.94746
vt 0.765186 0.9475
vt 0.765193 0.945872
vt 0.763267 0.944988
vt 0.763645 0.946187
vt 0.765193 0.945872
vt 0.764868 0.944341
vt 0.762622 0.943933
vt 0.763267 0.944988
vt 0.764868 0.944341
vt 0.764156 0.943011
vt 0.761782 0.944463
vt 0.762383 0.945363
vt 0.763267 0.944988
vt 0.762622 0.943933
vt 0.759008 0.942813
vt 0.760048 0.943168
vt 0.760599 0.942461
vt 0.759357 0.942073
vt 0.760048 0.943168
vt 0.760989 0.943723
vt 0.761712 0.943083
vt 0.760599 0.942461
vt 0.760989 0.943723
vt 0.761782 0.944463
vt 0.762622 0.943933
vt 0.761712 0.943083
vt 0.761712 0.943083
vt 0.762622 0.943933
vt 0.764156 0.943011
vt 0.763038 0.941976
vt 0.760599 0.942461
vt 0.761712 0.943083
vt 0.763038 0.941976
vt 0.761611 0.941249
vt 0.759357 0.942073
vt 0.760599 0.942461
vt 0.761611 0.941249
vt 0.759997 0.940816
vt 0.758055 0.941925
vt 0.759357 0.942073
vt 0.759997 0.940816
vt 0.758311 0.940655
vt 0.757918 0.942676
vt 0.759008 0.942813
vt 0.759357 0.942073
vt 0.758055 0.941925
vt 0.754809 0.943542
vt 0.755771 0.943062
vt 0.755524 0.942339
vt 0.754408 0.942873
vt 0.755771 0.943062
vt 0.756823 0.942765
vt 0.756759 0.942018
vt 0.755524 0.942339
vt 0.756823 0.942765
vt 0.757918 0.942676
vt 0.758055 0.941925
vt 0.756759 0.942018
vt 0.756759 0.942018
vt 0.758055 0.941925
vt 0.758311 0.940655
vt 0.756647 0.940747
vt 0.755524 0.942339
vt 0.756759 0.942018
vt 0.756647 0.940747
vt 0.75508 0.941097
vt 0.754408 0.942873
vt 0.755524 0.942339
vt 0.75508 0.941097
vt 0.753688 0.941709
vt 0.753468 0.943603
vt 0.754408 0.942873
vt 0.753688 0.941709
vt 0.752549 0.942591
vt 0.753982 0.944181
vt 0.754809 0.943542
vt 0.754408 0.942873
vt 0.753468 0.943603
vt 0.752555 0.946776
vt 0.752852 0.945828
vt 0.752252 0.94554
vt 0.75196 0.946657
vt 0.752852 0.945828
vt 0.753328 0.944953
vt 0.75275 0.944507
vt 0.752252 0.94554
vt 0.753328 0.944953
vt 0.753982 0.944181
vt 0.753468 0.943603
vt 0.75275 0.944507
vt 0.75275 0.944507
vt 0.753468 0.943603
vt 0.752549 0.942591
vt 0.751725 0.943728
vt 0.752252 0.94554
vt 0.75275 0.944507
vt 0.751725 0.943728
vt 0.7512 0.945047
vt 0.75196 0.946657
vt 0.752252 0.94554
vt 0.7512 0.945047
vt 0.750932 0.946465
vt 0.751861 0.947812
vt 0.75196 0.946657
vt 0.750932 0.946465
vt 0.750883 0.947905
vt 0.752436 0.947771
vt 0.752555 0.946776
vt 0.75196 0.946657
vt 0.751861 0.947812
vt 0.75613 0.933097
vt 0.752588 0.933652
vt 0.753542 0.936714
vt 0.756298 0.936255
vt 0.752588 0.933652
vt 0.749249 0.934736
vt 0.751074 0.937607
vt 0.753542 0.936714
vt 0.756298 0.936255
vt 0.753542 0.936714
vt 0.754405 0.939213
vt 0.756484 0.93882
vt 0.753542 0.936714
vt 0.751074 0.937607
vt 0.752575 0.939945
vt 0.754405 0.939213
vt 0.760398 0.929076
vt 0.756038 0.929387
vt 0.75613 0.933097
vt 0.7598 0.932913
vt 0.756038 0.929387
vt 0.751766 0.930067
vt 0.752588 0.933652
vt 0.75613 0.933097
vt 0.751766 0.930067
vt 0.747484 0.931278
vt 0.749249 0.934736
vt 0.752588 0.933652
vt 0.747484 0.931278
vt 0.74278 0.93363
vt 0.746577 0.936656
vt 0.749249 0.934736
vt 0.749249 0.934736
vt 0.746577 0.936656
vt 0.749159 0.939062
vt 0.751074 0.937607
vt 0.751074 0.937607
vt 0.749159 0.939062
vt 0.751125 0.941061
vt 0.752575 0.939945
vt 0.752575 0.939945
vt 0.751125 0.941061
vt 0.752549 0.942591
vt 0.753688 0.941709
vt 0.754405 0.939213
vt 0.752575 0.939945
vt 0.753688 0.941709
vt 0.75508 0.941097
vt 0.756484 0.93882
vt 0.754405 0.939213
vt 0.75508 0.941097
vt 0.756647 0.940747
vt 0.75871 0.938726
vt 0.756484 0.93882
vt 0.756647 0.940747
vt 0.758311 0.940655
vt 0.759221 0.936137
vt 0.756298 0.936255
vt 0.756484 0.93882
vt 0.75871 0.938726
vt 0.7598 0.932913
vt 0.75613 0.933097
vt 0.756298 0.936255
vt 0.759221 0.936137
vt 0.763612 0.93303
vt 0.762239 0.936304
vt 0.765213 0.936851
vt 0.767505 0.933587
vt 0.762239 0.936304
vt 0.760988 0.9389
vt 0.763183 0.939394
vt 0.765213 0.936851
vt 0.767505 0.933587
vt 0.765213 0.936851
vt 0.767907 0.937913
vt 0.771265 0.934808
vt 0.765213 0.936851
vt 0.763183 0.939394
vt 0.765116 0.940273
vt 0.767907 0.937913
vt 0.760398 0.929076
vt 0.7598 0.932913
vt 0.763612 0.93303
vt 0.764943 0.929079
vt 0.7598 0.932913
vt 0.759221 0.936137
vt 0.762239 0.936304
vt 0.763612 0.93303
vt 0.759221 0.936137
vt 0.75871 0.938726
vt 0.760988 0.9389
vt 0.762239 0.936304
vt 0.75871 0.938726
vt 0.758311 0.940655
vt 0.759997 0.940816
vt 0.760988 0.9389
vt 0.760988 0.9389
vt 0.759997 0.940816
vt 0.761611 0.941249
vt 0.763183 0.939394
vt 0.763183 0.939394
vt 0.761611 0.941249
vt 0.763038 0.941976
vt 0.765116 0.940273
vt 0.765116 0.940273
vt 0.763038 0.941976
vt 0.764156 0.943011
vt 0.766569 0.941596
vt 0.767907 0.937913
vt 0.765116 0.940273
vt 0.766569 0.941596
vt 0.76988 0.939647
vt 0.771265 0.934808
vt 0.767907 0.937913
vt 0.76988 0.939647
vt 0.774125 0.93709
vt 0.774644 0.930702
vt 0.771265 0.934808
vt 0.774125 0.93709
vt 0.78008 0.93336
vt 0.769699 0.929539
vt 0.767505 0.933587
vt 0.771265 0.934808
vt 0.774644 0.930702
vt 0.764943 0.929079
vt 0.763612 0.93303
vt 0.767505 0.933587
vt 0.769699 0.929539
s off
f 1/1/1 2/2/2 3/3/3
f 1/1/1 3/3/3 4/4/4
f 5/5/5 6/6/6 7/7/7
f 5/5/5 7/7/7 8/8/8
f 9/9/9 10/10/10 11/11/11
f 9/9/9 11/11/11 12/12/12
f 13/13/13 14/14/14 15/15/15
f 13/13/13 15/15/15 16/16/16
f 17/17/17 18/18/18 19/19/19
f 17/17/17 19/19/19 20/20/20
f 21/21/21 22/22/22 23/23/23
f 21/21/21 23/23/23 24/24/24
f 25/25/25 26/26/26 27/27/27
f 25/25/25 27/27/27 28/28/28
f 29/29/29 30/30/30 31/31/31
f 29/29/29 31/31/31 32/32/32
f 33/33/33 34/34/34 35/35/35
f 33/33/33 35/35/35 36/36/36
f 37/37/37 38/38/38 39/39/39
f 37/37/37 39/39/39 40/40/40
f 41/41/41 42/42/42 43/43/43
f 41/41/41 43/43/43 44/44/44
f 45/45/45 46/46/46 47/47/47
f 45/45/45 47/47/47 48/48/48
f 49/49/49 50/50/50 51/51/51
f 49/49/49 51/51/51 52/52/52
f 53/53/53 54/54/54 55/55/55
f 53/53/53 55/55/55 56/56/56
f 57/57/57 58/58/58 59/59/59
f 57/57/57 59/59/59 60/60/60
f 61/61/61 62/62/62 63/63/63
f 61/61/61 63/63/63 64/64/64
f 65/65/65 66/66/66 67/67/67
f 65/65/65 67/67/67 68/68/68
f 69/69/69 70/70/70 71/71/71
f 69/69/69 71/71/71 72/72/72
f 73/73/73 74/74/74 75/75/75
f 73/73/73 75/75/75 76/76/76
f 77/77/77 78/78/78 79/79/79
f 77/77/77 79/79/79 80/80/80
f 81/81/81 82/82/82 83/83/83
f 81/81/81 83/83/83 84/84/84
f 85/85/85 86/86/86 87/87/87
f 85/85/85 87/87/87 88/88/88
f 89/89/89 90/90/90 91/91/91
f 89/89/89 91/91/91 92/92/92
f 93/93/93 94/94/94 95/95/95
f 93/93/93 95/95/95 96/96/96
f 97/97/97 98/98/98 99/99/99
f 97/97/97 99/99/99 100/100/100
f 101/101/101 102/102/102 103/103/103
f 101/101/101 103/103/103 104/104/104
f 105/105/105 106/106/106 107/107/107
f 105/105/105 107/107/107 108/108/108
f 109/109/109 110/110/110 111/111/111
f 109/109/109 111/111/111 112/112/112
f 113/113/113 114/114/114 115/115/115
f 113/113/113 115/115/115 116/116/116
f 117/117/117 118/118/118 119/119/119
f 117/117/117 119/119/119 120/120/120
f 121/121/121 122/122/122 123/123/123
f 121/121/121 123/123/123 124/124/124
f 125/125/125 126/126/126 127/127/127
f 125/125/125 127/127/127 128/128/128
f 129/129/129 130/130/130 131/131/131
f 129/129/129 131/131/131 132/132/132
f 133/133/133 134/134/134 135/135/135
f 133/133/133 135/135/135 136/136/136
f 137/137/137 138/138/138 139/139/139
f 137/137/137 139/139/139 140/140/140
f 141/141/141 142/142/142 143/143/143
f 141/141/141 143/143/143 144/144/144
f 145/145/145 146/146/146 147/147/147
f 145/145/145 147/147/147 148/148/148
f 149/149/149 150/150/150 151/151/151
f 149/149/149 151/151/151 152/152/152
f 153/153/153 154/154/154 155/155/155
f 153/153/153 155/155/155 156/156/156
f 157/157/157 158/158/158 159/159/159
f 157/157/157 159/159/159 160/160/160
f 161/161/161 162/162/162 163/163/163
f 161/161/161 163/163/163 164/164/164
f 165/165/165 166/166/166 167/167/167
f 165/165/165 167/167/167 168/168/168
f 169/169/169 170/170/170 171/171/171
f 169/169/169 171/171/171 172/172/172
f 173/173/173 174/174/174 175/175/175
f 173/173/173 175/175/175 176/176/176
f 177/177/177 178/178/178 179/179/179
f 177/177/177 179/179/179 180/180/180
f 181/181/181 182/182/182 183/183/183
f 181/181/181 183/183/183 184/184/184
f 185/185/185 186/186/186 187/187/187
f 185/185/185 187/187/187 188/188/188
f 189/189/189 190/190/190 191/191/191
f 189/189/189 191/191/191 192/192/192
f 193/193/193 194/194/194 195/195/195
f 193/193/193 195/195/195 196/196/196
f 197/197/197 198/198/198 199/199/199
f 197/197/197 199/199/199 200/200/200
f 201/201/201 202/202/202 203/203/203
f 201/201/201 203/203/203 204/204/204
f 205/205/205 206/206/206 207/207/207
f 205/205/205 207/207/207 208/208/208
f 209/209/209 210/210/210 211/211/211
f 209/209/209 211/211/211 212/212/212
f 213/213/213 214/214/214 215/215/215
f 213/213/213 215/215/215 216/216/216
f 217/217/217 218/218/218 219/219/219
f 217/217/217 219/219/219 220/220/220
f 221/221/221 222/222/222 223/223/223
f 221/221/221 223/223/223 224/224/224
f 225/225/225 226/226/226 227/227/227
f 225/225/225 227/227/227 228/228/228
f 229/229/229 230/230/230 231/231/231
f 229/229/229 231/231/231 232/232/232
f 233/233/233 234/234/234 235/235/235
f 233/233/233 235/235/235 236/236/236
f 237/237/237 238/238/238 239/239/239
f 237/237/237 239/239/239 240/240/240
f 241/241/241 242/242/242 243/243/243
f 241/241/241 243/243/243 244/244/244
f 245/245/245 246/246/246 247/247/247
f 245/245/245 247/247/247 248/248/248
f 249/249/249 250/250/250 251/251/251
f 249/249/249 251/251/251 252/252/252
f 253/253/253 254/254/254 255/255/255
f 253/253/253 255/255/255 256/256/256
f 257/257/257 258/258/258 259/259/259
f 257/257/257 259/259/259 260/260/260
f 261/261/261 262/262/262 263/263/263
f 261/261/261 263/263/263 264/264/264
f 265/265/265 266/266/266 267/267/267
f 265/265/265 267/267/267 268/268/268
f 269/269/269 270/270/270 271/271/271
f 269/269/269 271/271/271 272/272/272
f 273/273/273 274/274/274 275/275/275
f 273/273/273 275/275/275 276/276/276
f 277/277/277 278/278/278 279/279/279
f 277/277/277 279/279/279 280/280/280
f 281/281/281 282/282/282 283/283/283
f 281/281/281 283/283/283 284/284/284
f 285/285/285 286/286/286 287/287/287
f 285/285/285 287/287/287 288/288/288
f 289/289/289 290/290/290 291/291/291
f 289/289/289 291/291/291 292/292/292
f 293/293/293 294/294/294 295/295/295
f 293/293/293 295/295/295 296/296/296
f 297/297/297 298/298/298 299/299/299
f 297/297/297 299/299/299 300/300/300
f 301/301/301 302/302/302 303/303/303
f 301/301/301 303/303/303 304/304/304
f 305/305/305 306/306/306 307/307/307
f 305/305/305 307/307/307 308/308/308
f 309/309/309 310/310/310 311/311/311
f 309/309/309 311/311/311 312/312/312
f 313/313/313 314/314/314 315/315/315
f 313/313/313 315/315/315 316/316/316
f 317/317/317 318/318/318 319/319/319
f 317/317/317 319/319/319 320/320/320
f 321/321/321 322/322/322 323/323/323
f 321/321/321 323/323/323 324/324/324
f 325/325/325 326/326/326 327/327/327
f 325/325/325 327/327/327 328/328/328
f 329/329/329 330/330/330 331/331/331
f 329/329/329 331/331/331 332/332/332
f 333/333/333 334/334/334 335/335/335
f 333/333/333 335/335/335 336/336/336
f 337/337/337 338/338/338 339/339/339
f 337/337/337 339/339/339 340/340/340
f 341/341/341 342/342/342 343/343/343
f 341/341/341 343/343/343 344/344/344
f 345/345/345 346/346/346 347/347/347
f 345/345/345 347/347/347 348/348/348
f 349/349/349 350/350/350 351/351/351
f 349/349/349 351/351/351 352/352/352
f 353/353/353 354/354/354 355/355/355
f 353/353/353 355/355/355 356/356/356
f 357/357/357 358/358/358 359/359/359
f 357/357/357 359/359/359 360/360/360
f 361/361/361 362/362/362 363/363/363
f 361/361/361 363/363/363 364/364/364
f 365/365/365 366/366/366 367/367/367
f 365/365/365 367/367/367 368/368/368
f 369/369/369 370/370/370 371/371/371
f 369/369/369 371/371/371 372/372/372
f 373/373/373 374/374/374 375/375/375
f 373/373/373 375/375/375 376/376/376
f 377/377/377 378/378/378 379/379/379
f 377/377/377 379/379/379 380/380/380
f 381/381/381 382/382/382 383/383/383
f 381/381/381 383/383/383 384/384/384
f 385/385/385 386/386/386 387/387/387
f 385/385/385 387/387/387 388/388/388
f 389/389/389 390/390/390 391/391/391
f 389/389/389 391/391/391 392/392/392
f 393/393/393 394/394/394 395/395/395
f 393/393/393 395/395/395 396/396/396
f 397/397/397 398/398/398 399/399/399
f 397/397/397 399/399/399 400/400/400
f 401/401/401 402/402/402 403/403/403
f 401/401/401 403/403/403 404/404/404
f 405/405/405 406/406/406 407/407/407
f 405/405/405 407/407/407 408/408/408
f 409/409/409 410/410/410 411/411/411
f 409/409/409 411/411/411 412/412/412
f 413/413/413 414/414/414 415/415/415
f 413/413/413 415/415/415 416/416/416
f 417/417/417 418/418/418 419/419/419
f 417/417/417 419/419/419 420/420/420
f 421/421/421 422/422/422 423/423/423
f 421/421/421 423/423/423 424/424/424
f 425/425/425 426/426/426 427/427/427
f 425/425/425 427/427/427 428/428/428
f 429/429/429 430/430/430 431/431/431
f 429/429/429 431/431/431 432/432/432
f 433/433/433 434/434/434 435/435/435
f 433/433/433 435/435/435 436/436/436
f 437/437/437 438/438/438 439/439/439
f 437/437/437 439/439/439 440/440/440
f 441/441/441 442/442/442 443/443/443
f 441/441/441 443/443/443 444/444/444
f 445/445/445 446/446/446 447/447/447
f 445/445/445 447/447/447 448/448/448
f 449/449/449 450/450/450 451/451/451
f 449/449/449 451/451/451 452/452/452
f 453/453/453 454/454/454 455/455/455
f 453/453/453 455/455/455 456/456/456
f 457/457/457 458/458/458 459/459/459
f 457/457/457 459/459/459 460/460/460
f 461/461/461 462/462/462 463/463/463
f 461/461/461 463/463/463 464/464/464
f 465/465/465 466/466/466 467/467/467
f 465/465/465 467/467/467 468/468/468
f 469/469/469 470/470/470 471/471/471
f 469/469/469 471/471/471 472/472/472
f 473/473/473 474/474/474 475/475/475
f 473/473/473 475/475/475 476/476/476
f 477/477/477 478/478/478 479/479/479
f 477/477/477 479/479/479 480/480/480
f 481/481/481 482/482/482 483/483/483
f 481/481/481 483/483/483 484/484/484
f 485/485/485 486/486/486 487/487/487
f 485/485/485 487/487/487 488/488/488
f 489/489/489 490/490/490 491/491/491
f 489/489/489 491/491/491 492/492/492
f 493/493/493 494/494/494 495/495/495
f 493/493/493 495/495/495 496/496/496
f 497/497/497 498/498/498 499/499/499
f 497/497/497 499/499/499 500/500/500
f 501/501/501 502/502/502 503/503/503
f 501/501/501 503/503/503 504/504/504
f 505/505/505 506/506/506 507/507/507
f 505/505/505 507/507/507 508/508/508
f 509/509/509 510/510/510 511/511/511
f 509/509/509 511/511/511 512/512/512
f 513/513/513 514/514/514 515/515/515
f 513/513/513 515/515/515 516/516/516
f 517/517/517 518/518/518 519/519/519
f 517/517/517 519/519/519 520/520/520
f 521/521/521 522/522/522 523/523/523
f 521/521/521 523/523/523 524/524/524
f 525/525/525 526/526/526 527/527/527
f 525/525/525 527/527/527 528/528/528
f 529/529/529 530/530/530 531/531/531
f 529/529/529 531/531/531 532/532/532
f 533/533/533 534/534/534 535/535/535
f 533/533/533 535/535/535 536/536/536
f 537/537/537 538/538/538 539/539/539
f 537/537/537 539/539/539 540/540/540
f 541/541/541 542/542/542 543/543/543
f 541/541/541 543/543/543 544/544/544
f 545/545/545 546/546/546 547/547/547
f 545/545/545 547/547/547 548/548/548
f 549/549/549 550/550/550 551/551/551
f 549/549/549 551/551/551 552/552/552
f 553/553/553 554/554/554 555/555/555
f 553/553/553 555/555/555 556/556/556
f 557/557/557 558/558/558 559/559/559
f 557/557/557 559/559/559 560/560/560
f 561/561/561 562/562/562 563/563/563
f 561/561/561 563/563/563 564/564/564
f 565/565/565 566/566/566 567/567/567
f 565/565/565 567/567/567 568/568/568
f 569/569/569 570/570/570 571/571/571
f 569/569/569 571/571/571 572/572/572
f 573/573/573 574/574/574 575/575/575
f 573/573/573 575/575/575 576/576/576
f 577/577/577 578/578/578 579/579/579
f 577/577/577 579/579/579 580/580/580
f 581/581/581 582/582/582 583/583/583
f 581/581/581 583/583/583 584/584/584
f 585/585/585 586/586/586 587/587/587
f 585/585/585 587/587/587 588/588/588
f 589/589/589 590/590/590 591/591/591
f 589/589/589 591/591/591 592/592/592
f 593/593/593 594/594/594 595/595/595
f 593/593/593 595/595/595 596/596/596
f 597/597/597 598/598/598 599/599/599
f 597/597/597 599/599/599 600/600/600
f 601/601/601 602/602/602 603/603/603
f 601/601/601 603/603/603 604/604/604
f 605/605/605 606/606/606 607/607/607
f 605/605/605 607/607/607 608/608/608
f 609/609/609 610/610/610 611/611/611
f 609/609/609 611/611/611 612/612/612
f 613/613/613 614/614/614 615/615/615
f 613/613/613 615/615/615 616/616/616
f 617/617/617 618/618/618 619/619/619
f 617/617/617 619/619/619 620/620/620
f 621/621/621 622/622/622 623/623/623
f 621/621/621 623/623/623 624/624/624
f 625/625/625 626/626/626 627/627/627
f 625/625/625 627/627/627 628/628/628
f 629/629/629 630/630/630 631/631/631
f 629/629/629 631/631/631 632/632/632
f 633/633/633 634/634/634 635/635/635
f 633/633/633 635/635/635 636/636/636
f 637/637/637 638/638/638 639/639/639
f 637/637/637 639/639/639 640/640/640
f 641/641/641 642/642/642 643/643/643
f 641/641/641 643/643/643 644/644/644
f 645/645/645 646/646/646 647/647/647
f 645/645/645 647/647/647 648/648/648
f 649/649/649 650/650/650 651/651/651
f 649/649/649 651/651/651 652/652/652
f 653/653/653 654/654/654 655/655/655
f 653/653/653 655/655/655 656/656/656
f 657/657/657 658/658/658 659/659/659
f 657/657/657 659/659/659 660/660/660
f 661/661/661 662/662/662 663/663/663
f 661/661/661 663/663/663 664/664/664
f 665/665/665 666/666/666 667/667/667
f 665/665/665 667/667/667 668/668/668
f 669/669/669 670/670/670 671/671/671
f 669/669/669 671/671/671 672/672/672
f 673/673/673 674/674/674 675/675/675
f 673/673/673 675/675/675 676/676/676
f 677/677/677 678/678/678 679/679/679
f 677/677/677 679/679/679 680/680/680
f 681/681/681 682/682/682 683/683/683
f 681/681/681 683/683/683 684/684/684
f 685/685/685 686/686/686 687/687/687
f 685/685/685 687/687/687 688/688/688
f 689/689/689 690/690/690 691/691/691
f 689/689/689 691/691/691 692/692/692
f 693/693/693 694/694/694 695/695/695
f 693/693/693 695/695/695 696/696/696
f 697/697/697 698/698/698 699/699/699
f 697/697/697 699/699/699 700/700/700
f 701/701/701 702/702/702 703/703/703
f 701/701/701 703/703/703 704/704/704
f 705/705/705 706/706/706 707/707/707
f 705/705/705 707/707/707 708/708/708
f 709/709/709 710/710/710 711/711/711
f 709/709/709 711/711/711 712/712/712
f 713/713/713 714/714/714 715/715/715
f 713/713/713 715/715/715 716/716/716
f 717/717/717 718/718/718 719/719/719
f 717/717/717 719/719/719 720/720/720
f 721/721/721 722/722/722 723/723/723
f 721/721/721 723/723/723 724/724/724
f 725/725/725 726/726/726 727/727/727
f 725/725/725 727/727/727 728/728/728
f 729/729/729 730/730/730 731/731/731
f 729/729/729 731/731/731 732/732/732
f 733/733/733 734/734/734 735/735/735
f 733/733/733 735/735/735 736/736/736
f 737/737/737 738/738/738 739/739/739
f 737/737/737 739/739/739 740/740/740
f 741/741/741 742/742/742 743/743/743
f 741/741/741 743/743/743 744/744/744
f 745/745/745 746/746/746 747/747/747
f 745/745/745 747/747/747 748/748/748
f 749/749/749 750/750/750 751/751/751
f 749/749/749 751/751/751 752/752/752
f 753/753/753 754/754/754 755/755/755
f 753/753/753 755/755/755 756/756/756
f 757/757/757 758/758/758 759/759/759
f 757/757/757 759/759/759 760/760/760
f 761/761/761 762/762/762 763/763/763
f 761/761/761 763/763/763 764/764/764
f 765/765/765 766/766/766 767/767/767
f 765/765/765 767/767/767 768/768/768
f 769/769/769 770/770/770 771/771/771
f 769/769/769 771/771/771 772/772/772
f 773/773/773 774/774/774 775/775/775
f 773/773/773 775/775/775 776/776/776
f 777/777/777 778/778/778 779/779/779
f 777/777/777 779/779/779 780/780/780
f 781/781/781 782/782/782 783/783/783
f 781/781/781 783/783/783 784/784/784
f 785/785/785 786/786/786 787/787/787
f 785/785/785 787/787/787 788/788/788
f 789/789/789 790/790/790 791/791/791
f 789/789/789 791/791/791 792/792/792
f 793/793/793 794/794/794 795/795/795
f 793/793/793 795/795/795 796/796/796
f 797/797/797 798/798/798 799/799/799
f 797/797/797 799/799/799 800/800/800
f 801/801/801 802/802/802 803/803/803
f 801/801/801 803/803/803 804/804/804
f 805/805/805 806/806/806 807/807/807
f 805/805/805 807/807/807 808/808/808
f 809/809/809 810/810/810 811/811/811
f 809/809/809 811/811/811 812/812/812
f 813/813/813 814/814/814 815/815/815
f 813/813/813 815/815/815 816/816/816
f 817/817/817 818/818/818 819/819/819
f 817/817/817 819/819/819 820/820/820
f 821/821/821 822/822/822 823/823/823
f 821/821/821 823/823/823 824/824/824
f 825/825/825 826/826/826 827/827/827
f 825/825/825 827/827/827 828/828/828
f 829/829/829 830/830/830 831/831/831
f 829/829/829 831/831/831 832/832/832
f 833/833/833 834/834/834 835/835/835
f 833/833/833 835/835/835 836/836/836
f 837/837/837 838/838/838 839/839/839
f 837/837/837 839/839/839 840/840/840
f 841/841/841 842/842/842 843/843/843
f 841/841/841 843/843/843 844/844/844
f 845/845/845 846/846/846 847/847/847
f 845/845/845 847/847/847 848/848/848
f 849/849/849 850/850/850 851/851/851
f 849/849/849 851/851/851 852/852/852
f 853/853/853 854/854/854 855/855/855
f 853/853/853 855/855/855 856/856/856
f 857/857/857 858/858/858 859/859/859
f 857/857/857 859/859/859 860/860/860
f 861/861/861 862/862/862 863/863/863
f 861/861/861 863/863/863 864/864/864
f 865/865/865 866/866/866 867/867/867
f 865/865/865 867/867/867 868/868/868
f 869/869/869 870/870/870 871/871/871
f 869/869/869 871/871/871 872/872/872
f 873/873/873 874/874/874 875/875/875
f 873/873/873 875/875/875 876/876/876
f 877/877/877 878/878/878 879/879/879
f 877/877/877 879/879/879 880/880/880
f 881/881/881 882/882/882 883/883/883
f 881/881/881 883/883/883 884/884/884
f 885/885/885 886/886/886 887/887/887
f 885/885/885 887/887/887 888/888/888
f 889/889/889 890/890/890 891/891/891
f 889/889/889 891/891/891 892/892/892
f 893/893/893 894/894/894 895/895/895
f 893/893/893 895/895/895 896/896/896
f 897/897/897 898/898/898 899/899/899
f 897/897/897 899/899/899 900/900/900
f 901/901/901 902/902/902 903/903/903
f 901/901/901 903/903/903 904/904/904
f 905/905/905 906/906/906 907/907/907
f 905/905/905 907/907/907 908/908/908
f 909/909/909 910/910/910 911/911/911
f 909/909/909 911/911/911 912/912/912
f 913/913/913 914/914/914 915/915/915
f 913/913/913 915/915/915 916/916/916
f 917/917/917 918/918/918 919/919/919
f 917/917/917 919/919/919 920/920/920
f 921/921/921 922/922/922 923/923/923
f 921/921/921 923/923/923 924/924/924
f 925/925/925 926/926/926 927/927/927
f 925/925/925 927/927/927 928/928/928
f 929/929/929 930/930/930 931/931/931
f 929/929/929 931/931/931 932/932/932
f 933/933/933 934/934/934 935/935/935
f 933/933/933 935/935/935 936/936/936
f 937/937/937 938/938/938 939/939/939
f 937/937/937 939/939/939 940/940/940
f 941/941/941 942/942/942 943/943/943
f 941/941/941 943/943/943 944/944/944
f 945/945/945 946/946/946 947/947/947
f 945/945/945 947/947/947 948/948/948
f 949/949/949 950/950/950 951/951/951
f 949/949/949 951/951/951 952/952/952
f 953/953/953 954/954/954 955/955/955
f 953/953/953 955/955/955 956/956/956
f 957/957/957 958/958/958 959/959/959
f 957/957/957 959/959/959 960/960/960
f 961/961/961 962/962/962 963/963/963
f 961/961/961 963/963/963 964/964/964
f 965/965/965 966/966/966 967/967/967
f 965/965/965 967/967/967 968/968/968
f 969/969/969 970/970/970 971/971/971
f 969/969/969 971/971/971 972/972/972
f 973/973/973 974/974/974 975/975/975
f 973/973/973 975/975/975 976/976/976
f 977/977/977 978/978/978 979/979/979
f 977/977/977 979/979/979 980/980/980
f 981/981/981 982/982/982 983/983/983
f 981/981/981 983/983/983 984/984/984
f 985/985/985 986/986/986 987/987/987
f 985/985/985 987/987/987 988/988/988
f 989/989/989 990/990/990 991/991/991
f 989/989/989 991/991/991 992/992/992
f 993/993/993 994/994/994 995/995/995
f 993/993/993 995/995/995 996/996/996
f 997/997/997 998/998/998 999/999/999
f 997/997/997 999/999/999 1000/1000/1000
f 1001/1001/1001 1002/1002/1002 1003/1003/1003
f 1001/1001/1001 1003/1003/1003 1004/1004/1004
f 1005/1005/1005 1006/1006/1006 1007/1007/1007
f 1005/1005/1005 1007/1007/1007 1008/1008/1008
f 1009/1009/1009 1010/1010/1010 1011/1011/1011
f 1009/1009/1009 1011/1011/1011 1012/1012/1012
f 1013/1013/1013 1014/1014/1014 1015/1015/1015
f 1013/1013/1013 1015/1015/1015 1016/1016/1016
f 1017/1017/1017 1018/1018/1018 1019/1019/1019
f 1017/1017/1017 1019/1019/1019 1020/1020/1020
f 1021/1021/1021 1022/1022/1022 1023/1023/1023
f 1021/1021/1021 1023/1023/1023 1024/1024/1024
f 1025/1025/1025 1026/1026/1026 1027/1027/1027
f 1025/1025/1025 1027/1027/1027 1028/1028/1028
f 1029/1029/1029 1030/1030/1030 1031/1031/1031
f 1029/1029/1029 1031/1031/1031 1032/1032/1032
f 1033/1033/1033 1034/1034/1034 1035/1035/1035
f 1033/1033/1033 1035/1035/1035 1036/1036/1036
f 1037/1037/1037 1038/1038/1038 1039/1039/1039
f 1037/1037/1037 1039/1039/1039 1040/1040/1040
f 1041/1041/1041 1042/1042/1042 1043/1043/1043
f 1041/1041/1041 1043/1043/1043 1044/1044/1044
f 1045/1045/1045 1046/1046/1046 1047/1047/1047
f 1045/1045/1045 1047/1047/1047 1048/1048/1048
f 1049/1049/1049 1050/1050/1050 1051/1051/1051
f 1049/1049/1049 1051/1051/1051 1052/1052/1052
f 1053/1053/1053 1054/1054/1054 1055/1055/1055
f 1053/1053/1053 1055/1055/1055 1056/1056/1056
f 1057/1057/1057 1058/1058/1058 1059/1059/1059
f 1057/1057/1057 1059/1059/1059 1060/1060/1060
f 1061/1061/1061 1062/1062/1062 1063/1063/1063
f 1061/1061/1061 1063/1063/1063 1064/1064/1064
f 1065/1065/1065 1066/1066/1066 1067/1067/1067
f 1065/1065/1065 1067/1067/1067 1068/1068/1068
f 1069/1069/1069 1070/1070/1070 1071/1071/1071
f 1069/1069/1069 1071/1071/1071 1072/1072/1072
f 1073/1073/1073 1074/1074/1074 1075/1075/1075
f 1073/1073/1073 1075/1075/1075 1076/1076/1076
f 1077/1077/1077 1078/1078/1078 1079/1079/1079
f 1077/1077/1077 1079/1079/1079 1080/1080/1080
f 1081/1081/1081 1082/1082/1082 1083/1083/1083
f 1081/1081/1081 1083/1083/1083 1084/1084/1084
f 1085/1085/1085 1086/1086/1086 1087/1087/1087
f 1085/1085/1085 1087/1087/1087 1088/1088/1088
f 1089/1089/1089 1090/1090/1090 1091/1091/1091
f 1089/1089/1089 1091/1091/1091 1092/1092/1092
f 1093/1093/1093 1094/1094/1094 1095/1095/1095
f 1093/1093/1093 1095/1095/1095 1096/1096/1096
f 1097/1097/1097 1098/1098/1098 1099/1099/1099
f 1097/1097/1097 1099/1099/1099 1100/1100/1100
f 1101/1101/1101 1102/1102/1102 1103/1103/1103
f 1101/1101/1101 1103/1103/1103 1104/1104/1104
f 1105/1105/1105 1106/1106/1106 1107/1107/1107
f 1105/1105/1105 1107/1107/1107 1108/1108/1108
f 1109/1109/1109 1110/1110/1110 1111/1111/1111
f 1109/1109/1109 1111/1111/1111 1112/1112/1112
f 1113/1113/1113 1114/1114/1114 1115/1115/1115
f 1113/1113/1113 1115/1115/1115 1116/1116/1116
f 1117/1117/1117 1118/1118/1118 1119/1119/1119
f 1117/1117/1117 1119/1119/1119 1120/1120/1120
f 1121/1121/1121 1122/1122/1122 1123/1123/1123
f 1121/1121/1121 1123/1123/1123 1124/1124/1124
f 1125/1125/1125 1126/1126/1126 1127/1127/1127
f 1125/1125/1125 1127/1127/1127 1128/1128/1128
f 1129/1129/1129 1130/1130/1130 1131/1131/1131
f 1129/1129/1129 1131/1131/1131 1132/1132/1132
f 1133/1133/1133 1134/1134/1134 1135/1135/1135
f 1133/1133/1133 1135/1135/1135 1136/1136/1136
f 1137/1137/1137 1138/1138/1138 1139/1139/1139
f 1137/1137/1137 1139/1139/1139 1140/1140/1140
f 1141/1141/1141 1142/1142/1142 1143/1143/1143
f 1141/1141/1141 1143/1143/1143 1144/1144/1144
f 1145/1145/1145 1146/1146/1146 1147/1147/1147
f 1145/1145/1145 1147/1147/1147 1148/1148/1148
f 1149/1149/1149 1150/1150/1150 1151/1151/1151
f 1149/1149/1149 1151/1151/1151 1152/1152/1152
f 1153/1153/1153 1154/1154/1154 1155/1155/1155
f 1153/1153/1153 1155/1155/1155 1156/1156/1156
f 1157/1157/1157 1158/1158/1158 1159/1159/1159
f 1157/1157/1157 1159/1159/1159 1160/1160/1160
f 1161/1161/1161 1162/1162/1162 1163/1163/1163
f 1161/1161/1161 1163/1163/1163 1164/1164/1164
f 1165/1165/1165 1166/1166/1166 1167/1167/1167
f 1165/1165/1165 1167/1167/1167 1168/1168/1168
f 1169/1169/1169 1170/1170/1170 1171/1171/1171
f 1169/1169/1169 1171/1171/1171 1172/1172/1172
f 1173/1173/1173 1174/1174/1174 1175/1175/1175
f 1173/1173/1173 1175/1175/1175 1176/1176/1176
f 1177/1177/1177 1178/1178/1178 1179/1179/1179
f 1177/1177/1177 1179/1179/1179 1180/1180/1180
f 1181/1181/1181 1182/1182/1182 1183/1183/1183
f 1181/1181/1181 1183/1183/1183 1184/1184/1184
f 1185/1185/1185 1186/1186/1186 1187/1187/1187
f 1185/1185/1185 1187/1187/1187 1188/1188/1188
f 1189/1189/1189 1190/1190/1190 1191/1191/1191
f 1189/1189/1189 1191/1191/1191 1192/1192/1192
f 1193/1193/1193 1194/1194/1194 1195/1195/1195
f 1193/1193/1193 1195/1195/1195 1196/1196/1196
f 1197/1197/1197 1198/1198/1198 1199/1199/1199
f 1197/1197/1197 1199/1199/1199 1200/1200/1200
f 1201/1201/1201 1202/1202/1202 1203/1203/1203
f 1201/1201/1201 1203/1203/1203 1204/1204/1204
f 1205/1205/1205 1206/1206/1206 1207/1207/1207
f 1205/1205/1205 1207/1207/1207 1208/1208/1208
f 1209/1209/1209 1210/1210/1210 1211/1211/1211
f 1209/1209/1209 1211/1211/1211 1212/1212/1212
f 1213/1213/1213 1214/1214/1214 1215/1215/1215
f 1213/1213/1213 1215/1215/1215 1216/1216/1216
f 1217/1217/1217 1218/1218/1218 1219/1219/1219
f 1217/1217/1217 1219/1219/1219 1220/1220/1220
f 1221/1221/1221 1222/1222/1222 1223/1223/1223
f 1221/1221/1221 1223/1223/1223 1224/1224/1224
f 1225/1225/1225 1226/1226/1226 1227/1227/1227
f 1225/1225/1225 1227/1227/1227 1228/1228/1228
f 1229/1229/1229 1230/1230/1230 1231/1231/1231
f 1229/1229/1229 1231/1231/1231 1232/1232/1232
f 1233/1233/1233 1234/1234/1234 1235/1235/1235
f 1233/1233/1233 1235/1235/1235 1236/1236/1236
f 1237/1237/1237 1238/1238/1238 1239/1239/1239
f 1237/1237/1237 1239/1239/1239 1240/1240/1240
f 1241/1241/1241 1242/1242/1242 1243/1243/1243
f 1241/1241/1241 1243/1243/1243 1244/1244/1244
f 1245/1245/1245 1246/1246/1246 1247/1247/1247
f 1245/1245/1245 1247/1247/1247 1248/1248/1248
f 1249/1249/1249 1250/1250/1250 1251/1251/1251
f 1249/1249/1249 1251/1251/1251 1252/1252/1252
f 1253/1253/1253 1254/1254/1254 1255/1255/1255
f 1253/1253/1253 1255/1255/1255 1256/1256/1256
f 1257/1257/1257 1258/1258/1258 1259/1259/1259
f 1257/1257/1257 1259/1259/1259 1260/1260/1260
f 1261/1261/1261 1262/1262/1262 1263/1263/1263
f 1261/1261/1261 1263/1263/1263 1264/1264/1264
f 1265/1265/1265 1266/1266/1266 1267/1267/1267
f 1265/1265/1265 1267/1267/1267 1268/1268/1268
f 1269/1269/1269 1270/1270/1270 1271/1271/1271
f 1269/1269/1269 1271/1271/1271 1272/1272/1272
f 1273/1273/1273 1274/1274/1274 1275/1275/1275
f 1273/1273/1273 1275/1275/1275 1276/1276/1276
f 1277/1277/1277 1278/1278/1278 1279/1279/1279
f 1277/1277/1277 1279/1279/1279 1280/1280/1280
f 1281/1281/1281 1282/1282/1282 1283/1283/1283
f 1281/1281/1281 1283/1283/1283 1284/1284/1284
f 1285/1285/1285 1286/1286/1286 1287/1287/1287
f 1285/1285/1285 1287/1287/1287 1288/1288/1288
f 1289/1289/1289 1290/1290/1290 1291/1291/1291
f 1289/1289/1289 1291/1291/1291 1292/1292/1292
f 1293/1293/1293 1294/1294/1294 1295/1295/1295
f 1293/1293/1293 1295/1295/1295 1296/1296/1296
f 1297/1297/1297 1298/1298/1298 1299/1299/1299
f 1297/1297/1297 1299/1299/1299 1300/1300/1300
f 1301/1301/1301 1302/1302/1302 1303/1303/1303
f 1301/1301/1301 1303/1303/1303 1304/1304/1304
f 1305/1305/1305 1306/1306/1306 1307/1307/1307
f 1305/1305/1305 1307/1307/1307 1308/1308/1308
f 1309/1309/1309 1310/1310/1310 1311/1311/1311
f 1309/1309/1309 1311/1311/1311 1312/1312/1312
f 1313/1313/1313 1314/1314/1314 1315/1315/1315
f 1313/1313/1313 1315/1315/1315 1316/1316/1316
f 1317/1317/1317 1318/1318/1318 1319/1319/1319
f 1317/1317/1317 1319/1319/1319 1320/1320/1320
f 1321/1321/1321 1322/1322/1322 1323/1323/1323
f 1321/1321/1321 1323/1323/1323 1324/1324/1324
f 1325/1325/1325 1326/1326/1326 1327/1327/1327
f 1325/1325/1325 1327/1327/1327 1328/1328/1328
f 1329/1329/1329 1330/1330/1330 1331/1331/1331
f 1329/1329/1329 1331/1331/1331 1332/1332/1332
f 1333/1333/1333 1334/1334/1334 1335/1335/1335
f 1333/1333/1333 1335/1335/1335 1336/1336/1336
f 1337/1337/1337 1338/1338/1338 1339/1339/1339
f 1337/1337/1337 1339/1339/1339 1340/1340/1340
f 1341/1341/1341 1342/1342/1342 1343/1343/1343
f 1341/1341/1341 1343/1343/1343 1344/1344/1344
f 1345/1345/1345 1346/1346/1346 1347/1347/1347
f 1345/1345/1345 1347/1347/1347 1348/1348/1348
f 1349/1349/1349 1350/1350/1350 1351/1351/1351
f 1349/1349/1349 1351/1351/1351 1352/1352/1352
f 1353/1353/1353 1354/1354/1354 1355/1355/1355
f 1353/1353/1353 1355/1355/1355 1356/1356/1356
f 1357/1357/1357 1358/1358/1358 1359/1359/1359
f 1357/1357/1357 1359/1359/1359 1360/1360/1360
f 1361/1361/1361 1362/1362/1362 1363/1363/1363
f 1361/1361/1361 1363/1363/1363 1364/1364/1364
f 1365/1365/1365 1366/1366/1366 1367/1367/1367
f 1365/1365/1365 1367/1367/1367 1368/1368/1368
f 1369/1369/1369 1370/1370/1370 1371/1371/1371
f 1369/1369/1369 1371/1371/1371 1372/1372/1372
f 1373/1373/1373 1374/1374/1374 1375/1375/1375
f 1373/1373/1373 1375/1375/1375 1376/1376/1376
f 1377/1377/1377 1378/1378/1378 1379/1379/1379
f 1377/1377/1377 1379/1379/1379 1380/1380/1380
f 1381/1381/1381 1382/1382/1382 1383/1383/1383
f 1381/1381/1381 1383/1383/1383 1384/1384/1384
f 1385/1385/1385 1386/1386/1386 1387/1387/1387
f 1385/1385/1385 1387/1387/1387 1388/1388/1388
f 1389/1389/1389 1390/1390/1390 1391/1391/1391
f 1389/1389/1389 1391/1391/1391 1392/1392/1392
f 1393/1393/1393 1394/1394/1394 1395/1395/1395
f 1393/1393/1393 1395/1395/1395 1396/1396/1396
f 1397/1397/1397 1398/1398/1398 1399/1399/1399
f 1397/1397/1397 1399/1399/1399 1400/1400/1400
f 1401/1401/1401 1402/1402/1402 1403/1403/1403
f 1401/1401/1401 1403/1403/1403 1404/1404/1404
f 1405/1405/1405 1406/1406/1406 1407/1407/1407
f 1405/1405/1405 1407/1407/1407 1408/1408/1408
f 1409/1409/1409 1410/1410/1410 1411/1411/1411
f 1409/1409/1409 1411/1411/1411 1412/1412/1412
f 1413/1413/1413 1414/1414/1414 1415/1415/1415
f 1413/1413/1413 1415/1415/1415 1416/1416/1416
f 1417/1417/1417 1418/1418/1418 1419/1419/1419
f 1417/1417/1417 1419/1419/1419 1420/1420/1420
f 1421/1421/1421 1422/1422/1422 1423/1423/1423
f 1421/1421/1421 1423/1423/1423 1424/1424/1424
f 1425/1425/1425 1426/1426/1426 1427/1427/1427
f 1425/1425/1425 1427/1427/1427 1428/1428/1428
f 1429/1429/1429 1430/1430/1430 1431/1431/1431
f 1429/1429/1429 1431/1431/1431 1432/1432/1432
f 1433/1433/1433 1434/1434/1434 1435/1435/1435
f 1433/1433/1433 1435/1435/1435 1436/1436/1436
f 1437/1437/1437 1438/1438/1438 1439/1439/1439
f 1437/1437/1437 1439/1439/1439 1440/1440/1440
f 1441/1441/1441 1442/1442/1442 1443/1443/1443
f 1441/1441/1441 1443/1443/1443 1444/1444/1444
f 1445/1445/1445 1446/1446/1446 1447/1447/1447
f 1445/1445/1445 1447/1447/1447 1448/1448/1448
f 1449/1449/1449 1450/1450/1450 1451/1451/1451
f 1449/1449/1449 1451/1451/1451 1452/1452/1452
f 1453/1453/1453 1454/1454/1454 1455/1455/1455
f 1453/1453/1453 1455/1455/1455 1456/1456/1456
f 1457/1457/1457 1458/1458/1458 1459/1459/1459
f 1457/1457/1457 1459/1459/1459 1460/1460/1460
f 1461/1461/1461 1462/1462/1462 1463/1463/1463
f 1461/1461/1461 1463/1463/1463 1464/1464/1464
f 1465/1465/1465 1466/1466/1466 1467/1467/1467
f 1465/1465/1465 1467/1467/1467 1468/1468/1468
f 1469/1469/1469 1470/1470/1470 1471/1471/1471
f 1469/1469/1469 1471/1471/1471 1472/1472/1472
f 1473/1473/1473 1474/1474/1474 1475/1475/1475
f 1473/1473/1473 1475/1475/1475 1476/1476/1476
f 1477/1477/1477 1478/1478/1478 1479/1479/1479
f 1477/1477/1477 1479/1479/1479 1480/1480/1480
f 1481/1481/1481 1482/1482/1482 1483/1483/1483
f 1481/1481/1481 1483/1483/1483 1484/1484/1484
f 1485/1485/1485 1486/1486/1486 1487/1487/1487
f 1485/1485/1485 1487/1487/1487 1488/1488/1488
f 1489/1489/1489 1490/1490/1490 1491/1491/1491
f 1489/1489/1489 1491/1491/1491 1492/1492/1492
f 1493/1493/1493 1494/1494/1494 1495/1495/1495
f 1493/1493/1493 1495/1495/1495 1496/1496/1496
f 1497/1497/1497 1498/1498/1498 1499/1499/1499
f 1497/1497/1497 1499/1499/1499 1500/1500/1500
f 1501/1501/1501 1502/1502/1502 1503/1503/1503
f 1501/1501/1501 1503/1503/1503 1504/1504/1504
f 1505/1505/1505 1506/1506/1506 1507/1507/1507
f 1505/1505/1505 1507/1507/1507 1508/1508/1508
f 1509/1509/1509 1510/1510/1510 1511/1511/1511
f 1509/1509/1509 1511/1511/1511 1512/1512/1512
f 1513/1513/1513 1514/1514/1514 1515/1515/1515
f 1513/1513/1513 1515/1515/1515 1516/1516/1516
f 1517/1517/1517 1518/1518/1518 1519/1519/1519
f 1517/1517/1517 1519/1519/1519 1520/1520/1520
f 1521/1521/1521 1522/1522/1522 1523/1523/1523
f 1521/1521/1521 1523/1523/1523 1524/1524/1524
f 1525/1525/1525 1526/1526/1526 1527/1527/1527
f 1525/1525/1525 1527/1527/1527 1528/1528/1528
f 1529/1529/1529 1530/1530/1530 1531/1531/1531
f 1529/1529/1529 1531/1531/1531 1532/1532/1532
f 1533/1533/1533 1534/1534/1534 1535/1535/1535
f 1533/1533/1533 1535/1535/1535 1536/1536/1536
f 1537/1537/1537 1538/1538/1538 1539/1539/1539
f 1537/1537/1537 1539/1539/1539 1540/1540/1540
f 1541/1541/1541 1542/1542/1542 1543/1543/1543
f 1541/1541/1541 1543/1543/1543 1544/1544/1544
f 1545/1545/1545 1546/1546/1546 1547/1547/1547
f 1545/1545/1545 1547/1547/1547 1548/1548/1548
f 1549/1549/1549 1550/1550/1550 1551/1551/1551
f 1549/1549/1549 1551/1551/1551 1552/1552/1552
f 1553/1553/1553 1554/1554/1554 1555/1555/1555
f 1553/1553/1553 1555/1555/1555 1556/1556/1556
f 1557/1557/1557 1558/1558/1558 1559/1559/1559
f 1557/1557/1557 1559/1559/1559 1560/1560/1560
f 1561/1561/1561 1562/1562/1562 1563/1563/1563
f 1561/1561/1561 1563/1563/1563 1564/1564/1564
f 1565/1565/1565 1566/1566/1566 1567/1567/1567
f 1565/1565/1565 1567/1567/1567 1568/1568/1568
f 1569/1569/1569 1570/1570/1570 1571/1571/1571
f 1569/1569/1569 1571/1571/1571 1572/1572/1572
f 1573/1573/1573 1574/1574/1574 1575/1575/1575
f 1573/1573/1573 1575/1575/1575 1576/1576/1576
f 1577/1577/1577 1578/1578/1578 1579/1579/1579
f 1577/1577/1577 1579/1579/1579 1580/1580/1580
f 1581/1581/1581 1582/1582/1582 1583/1583/1583
f 1581/1581/1581 1583/1583/1583 1584/1584/1584
f 1585/1585/1585 1586/1586/1586 1587/1587/1587
f 1585/1585/1585 1587/1587/1587 1588/1588/1588
f 1589/1589/1589 1590/1590/1590 1591/1591/1591
f 1589/1589/1589 1591/1591/1591 1592/1592/1592
f 1593/1593/1593 1594/1594/1594 1595/1595/1595
f 1593/1593/1593 1595/1595/1595 1596/1596/1596
f 1597/1597/1597 1598/1598/1598 1599/1599/1599
f 1597/1597/1597 1599/1599/1599 1600/1600/1600
f 1601/1601/1601 1602/1602/1602 1603/1603/1603
f 1601/1601/1601 1603/1603/1603 1604/1604/1604
f 1605/1605/1605 1606/1606/1606 1607/1607/1607
f 1605/1605/1605 1607/1607/1607 1608/1608/1608
f 1609/1609/1609 1610/1610/1610 1611/1611/1611
f 1609/1609/1609 1611/1611/1611 1612/1612/1612
f 1613/1613/1613 1614/1614/1614 1615/1615/1615
f 1613/1613/1613 1615/1615/1615 1616/1616/1616
f 1617/1617/1617 1618/1618/1618 1619/1619/1619
f 1617/1617/1617 1619/1619/1619 1620/1620/1620
f 1621/1621/1621 1622/1622/1622 1623/1623/1623
f 1621/1621/1621 1623/1623/1623 1624/1624/1624
f 1625/1625/1625 1626/1626/1626 1627/1627/1627
f 1625/1625/1625 1627/1627/1627 1628/1628/1628
f 1629/1629/1629 1630/1630/1630 1631/1631/1631
f 1629/1629/1629 1631/1631/1631 1632/1632/1632
f 1633/1633/1633 1634/1634/1634 1635/1635/1635
f 1633/1633/1633 1635/1635/1635 1636/1636/1636
f 1637/1637/1637 1638/1638/1638 1639/1639/1639
f 1637/1637/1637 1639/1639/1639 1640/1640/1640
f 1641/1641/1641 1642/1642/1642 1643/1643/1643
f 1641/1641/1641 1643/1643/1643 1644/1644/1644
f 1645/1645/1645 1646/1646/1646 1647/1647/1647
f 1645/1645/1645 1647/1647/1647 1648/1648/1648
f 1649/1649/1649 1650/1650/1650 1651/1651/1651
f 1649/1649/1649 1651/1651/1651 1652/1652/1652
f 1653/1653/1653 1654/1654/1654 1655/1655/1655
f 1653/1653/1653 1655/1655/1655 1656/1656/1656
f 1657/1657/1657 1658/1658/1658 1659/1659/1659
f 1657/1657/1657 1659/1659/1659 1660/1660/1660
f 1661/1661/1661 1662/1662/1662 1663/1663/1663
f 1661/1661/1661 1663/1663/1663 1664/1664/1664
f 1665/1665/1665 1666/1666/1666 1667/1667/1667
f 1665/1665/1665 1667/1667/1667 1668/1668/1668
f 1669/1669/1669 1670/1670/1670 1671/1671/1671
f 1669/1669/1669 1671/1671/1671 1672/1672/1672
f 1673/1673/1673 1674/1674/1674 1675/1675/1675
f 1673/1673/1673 1675/1675/1675 1676/1676/1676
f 1677/1677/1677 1678/1678/1678 1679/1679/1679
f 1677/1677/1677 1679/1679/1679 1680/1680/1680
f 1681/1681/1681 1682/1682/1682 1683/1683/1683
f 1681/1681/1681 1683/1683/1683 1684/1684/1684
f 1685/1685/1685 1686/1686/1686 1687/1687/1687
f 1685/1685/1685 1687/1687/1687 1688/1688/1688
f 1689/1689/1689 1690/1690/1690 1691/1691/1691
f 1689/1689/1689 1691/1691/1691 1692/1692/1692
f 1693/1693/1693 1694/1694/1694 1695/1695/1695
f 1693/1693/1693 1695/1695/1695 1696/1696/1696
f 1697/1697/1697 1698/1698/1698 1699/1699/1699
f 1697/1697/1697 1699/1699/1699 1700/1700/1700
f 1701/1701/1701 1702/1702/1702 1703/1703/1703
f 1701/1701/1701 1703/1703/1703 1704/1704/1704
f 1705/1705/1705 1706/1706/1706 1707/1707/1707
f 1705/1705/1705 1707/1707/1707 1708/1708/1708
f 1709/1709/1709 1710/1710/1710 1711/1711/1711
f 1709/1709/1709 1711/1711/1711 1712/1712/1712
f 1713/1713/1713 1714/1714/1714 1715/1715/1715
f 1713/1713/1713 1715/1715/1715 1716/1716/1716
f 1717/1717/1717 1718/1718/1718 1719/1719/1719
f 1717/1717/1717 1719/1719/1719 1720/1720/1720
f 1721/1721/1721 1722/1722/1722 1723/1723/1723
f 1721/1721/1721 1723/1723/1723 1724/1724/1724
f 1725/1725/1725 1726/1726/1726 1727/1727/1727
f 1725/1725/1725 1727/1727/1727 1728/1728/1728
f 1729/1729/1729 1730/1730/1730 1731/1731/1731
f 1729/1729/1729 1731/1731/1731 1732/1732/1732
f 1733/1733/1733 1734/1734/1734 1735/1735/1735
f 1733/1733/1733 1735/1735/1735 1736/1736/1736
f 1737/1737/1737 1738/1738/1738 1739/1739/1739
f 1737/1737/1737 1739/1739/1739 1740/1740/1740
f 1741/1741/1741 1742/1742/1742 1743/1743/1743
f 1741/1741/1741 1743/1743/1743 1744/1744/1744
f 1745/1745/1745 1746/1746/1746 1747/1747/1747
f 1745/1745/1745 1747/1747/1747 1748/1748/1748
f 1749/1749/1749 1750/1750/1750 1751/1751/1751
f 1749/1749/1749 1751/1751/1751 1752/1752/1752
f 1753/1753/1753 1754/1754/1754 1755/1755/1755
f 1753/1753/1753 1755/1755/1755 1756/1756/1756
f 1757/1757/1757 1758/1758/1758 1759/1759/1759
f 1757/1757/1757 1759/1759/1759 1760/1760/1760
f 1761/1761/1761 1762/1762/1762 1763/1763/1763
f 1761/1761/1761 1763/1763/1763 1764/1764/1764
f 1765/1765/1765 1766/1766/1766 1767/1767/1767
f 1765/1765/1765 1767/1767/1767 1768/1768/1768
f 1769/1769/1769 1770/1770/1770 1771/1771/1771
f 1769/1769/1769 1771/1771/1771 1772/1772/1772
f 1773/1773/1773 1774/1774/1774 1775/1775/1775
f 1773/1773/1773 1775/1775/1775 1776/1776/1776
f 1777/1777/1777 1778/1778/1778 1779/1779/1779
f 1777/1777/1777 1779/1779/1779 1780/1780/1780
f 1781/1781/1781 1782/1782/1782 1783/1783/1783
f 1781/1781/1781 1783/1783/1783 1784/1784/1784
f 1785/1785/1785 1786/1786/1786 1787/1787/1787
f 1785/1785/1785 1787/1787/1787 1788/1788/1788
f 1789/1789/1789 1790/1790/1790 1791/1791/1791
f 1789/1789/1789 1791/1791/1791 1792/1792/1792
f 1793/1793/1793 1794/1794/1794 1795/1795/1795
f 1793/1793/1793 1795/1795/1795 1796/1796/1796
f 1797/1797/1797 1798/1798/1798 1799/1799/1799
f 1797/1797/1797 1799/1799/1799 1800/1800/1800
f 1801/1801/1801 1802/1802/1802 1803/1803/1803
f 1801/1801/1801 1803/1803/1803 1804/1804/1804
f 1805/1805/1805 1806/1806/1806 1807/1807/1807
f 1805/1805/1805 1807/1807/1807 1808/1808/1808
f 1809/1809/1809 1810/1810/1810 1811/1811/1811
f 1809/1809/1809 1811/1811/1811 1812/1812/1812
f 1813/1813/1813 1814/1814/1814 1815/1815/1815
f 1813/1813/1813 1815/1815/1815 1816/1816/1816
f 1817/1817/1817 1818/1818/1818 1819/1819/1819
f 1817/1817/1817 1819/1819/1819 1820/1820/1820
f 1821/1821/1821 1822/1822/1822 1823/1823/1823
f 1821/1821/1821 1823/1823/1823 1824/1824/1824
f 1825/1825/1825 1826/1826/1826 1827/1827/1827
f 1825/1825/1825 1827/1827/1827 1828/1828/1828
f 1829/1829/1829 1830/1830/1830 1831/1831/1831
f 1829/1829/1829 1831/1831/1831 1832/1832/1832
f 1833/1833/1833 1834/1834/1834 1835/1835/1835
f 1833/1833/1833 1835/1835/1835 1836/1836/1836
f 1837/1837/1837 1838/1838/1838 1839/1839/1839
f 1837/1837/1837 1839/1839/1839 1840/1840/1840
f 1841/1841/1841 1842/1842/1842 1843/1843/1843
f 1841/1841/1841 1843/1843/1843 1844/1844/1844
f 1845/1845/1845 1846/1846/1846 1847/1847/1847
f 1845/1845/1845 1847/1847/1847 1848/1848/1848
f 1849/1849/1849 1850/1850/1850 1851/1851/1851
f 1849/1849/1849 1851/1851/1851 1852/1852/1852
f 1853/1853/1853 1854/1854/1854 1855/1855/1855
f 1853/1853/1853 1855/1855/1855 1856/1856/1856
f 1857/1857/1857 1858/1858/1858 1859/1859/1859
f 1857/1857/1857 1859/1859/1859 1860/1860/1860
f 1861/1861/1861 1862/1862/1862 1863/1863/1863
f 1861/1861/1861 1863/1863/1863 1864/1864/1864
f 1865/1865/1865 1866/1866/1866 1867/1867/1867
f 1865/1865/1865 1867/1867/1867 1868/1868/1868
f 1869/1869/1869 1870/1870/1870 1871/1871/1871
f 1869/1869/1869 1871/1871/1871 1872/1872/1872
f 1873/1873/1873 1874/1874/1874 1875/1875/1875
f 1873/1873/1873 1875/1875/1875 1876/1876/1876
f 1877/1877/1877 1878/1878/1878 1879/1879/1879
f 1877/1877/1877 1879/1879/1879 1880/1880/1880
f 1881/1881/1881 1882/1882/1882 1883/1883/1883
f 1881/1881/1881 1883/1883/1883 1884/1884/1884
f 1885/1885/1885 1886/1886/1886 1887/1887/1887
f 1885/1885/1885 1887/1887/1887 1888/1888/1888
f 1889/1889/1889 1890/1890/1890 1891/1891/1891
f 1889/1889/1889 1891/1891/1891 1892/1892/1892
f 1893/1893/1893 1894/1894/1894 1895/1895/1895
f 1893/1893/1893 1895/1895/1895 1896/1896/1896
f 1897/1897/1897 1898/1898/1898 1899/1899/1899
f 1897/1897/1897 1899/1899/1899 1900/1900/1900
f 1901/1901/1901 1902/1902/1902 1903/1903/1903
f 1901/1901/1901 1903/1903/1903 1904/1904/1904
f 1905/1905/1905 1906/1906/1906 1907/1907/1907
f 1905/1905/1905 1907/1907/1907 1908/1908/1908
f 1909/1909/1909 1910/1910/1910 1911/1911/1911
f 1909/1909/1909 1911/1911/1911 1912/1912/1912
f 1913/1913/1913 1914/1914/1914 1915/1915/1915
f 1913/1913/1913 1915/1915/1915 1916/1916/1916
f 1917/1917/1917 1918/1918/1918 1919/1919/1919
f 1917/1917/1917 1919/1919/1919 1920/1920/1920
f 1921/1921/1921 1922/1922/1922 1923/1923/1923
f 1921/1921/1921 1923/1923/1923 1924/1924/1924
f 1925/1925/1925 1926/1926/1926 1927/1927/1927
f 1925/1925/1925 1927/1927/1927 1928/1928/1928
f 1929/1929/1929 1930/1930/1930 1931/1931/1931
f 1929/1929/1929 1931/1931/1931 1932/1932/1932
f 1933/1933/1933 1934/1934/1934 1935/1935/1935
f 1933/1933/1933 1935/1935/1935 1936/1936/1936
f 1937/1937/1937 1938/1938/1938 1939/1939/1939
f 1937/1937/1937 1939/1939/1939 1940/1940/1940
f 1941/1941/1941 1942/1942/1942 1943/1943/1943
f 1941/1941/1941 1943/1943/1943 1944/1944/1944
f 1945/1945/1945 1946/1946/1946 1947/1947/1947
f 1945/1945/1945 1947/1947/1947 1948/1948/1948
f 1949/1949/1949 1950/1950/1950 1951/1951/1951
f 1949/1949/1949 1951/1951/1951 1952/1952/1952
f 1953/1953/1953 1954/1954/1954 1955/1955/1955
f 1953/1953/1953 1955/1955/1955 1956/1956/1956
f 1957/1957/1957 1958/1958/1958 1959/1959/1959
f 1957/1957/1957 1959/1959/1959 1960/1960/1960
f 1961/1961/1961 1962/1962/1962 1963/1963/1963
f 1961/1961/1961 1963/1963/1963 1964/1964/1964
f 1965/1965/1965 1966/1966/1966 1967/1967/1967
f 1965/1965/1965 1967/1967/1967 1968/1968/1968
f 1969/1969/1969 1970/1970/1970 1971/1971/1971
f 1969/1969/1969 1971/1971/1971 1972/1972/1972
f 1973/1973/1973 1974/1974/1974 1975/1975/1975
f 1973/1973/1973 1975/1975/1975 1976/1976/1976
f 1977/1977/1977 1978/1978/1978 1979/1979/1979
f 1977/1977/1977 1979/1979/1979 1980/1980/1980
f 1981/1981/1981 1982/1982/1982 1983/1983/1983
f 1981/1981/1981 1983/1983/1983 1984/1984/1984
f 1985/1985/1985 1986/1986/1986 1987/1987/1987
f 1985/1985/1985 1987/1987/1987 1988/1988/1988
f 1989/1989/1989 1990/1990/1990 1991/1991/1991
f 1989/1989/1989 1991/1991/1991 1992/1992/1992
f 1993/1993/1993 1994/1994/1994 1995/1995/1995
f 1993/1993/1993 1995/1995/1995 1996/1996/1996
f 1997/1997/1997 1998/1998/1998 1999/1999/1999
f 1997/1997/1997 1999/1999/1999 2000/2000/2000
f 2001/2001/2001 2002/2002/2002 2003/2003/2003
f 2001/2001/2001 2003/2003/2003 2004/2004/2004
f 2005/2005/2005 2006/2006/2006 2007/2007/2007
f 2005/2005/2005 2007/2007/2007 2008/2008/2008
f 2009/2009/2009 2010/2010/2010 2011/2011/2011
f 2009/2009/2009 2011/2011/2011 2012/2012/2012
f 2013/2013/2013 2014/2014/2014 2015/2015/2015
f 2013/2013/2013 2015/2015/2015 2016/2016/2016
f 2017/2017/2017 2018/2018/2018 2019/2019/2019
f 2017/2017/2017 2019/2019/2019 2020/2020/2020
f 2021/2021/2021 2022/2022/2022 2023/2023/2023
f 2021/2021/2021 2023/2023/2023 2024/2024/2024
f 2025/2025/2025 2026/2026/2026 2027/2027/2027
f 2025/2025/2025 2027/2027/2027 2028/2028/2028
f 2029/2029/2029 2030/2030/2030 2031/2031/2031
f 2029/2029/2029 2031/2031/2031 2032/2032/2032
f 2033/2033/2033 2034/2034/2034 2035/2035/2035
f 2033/2033/2033 2035/2035/2035 2036/2036/2036
f 2037/2037/2037 2038/2038/2038 2039/2039/2039
f 2037/2037/2037 2039/2039/2039 2040/2040/2040
f 2041/2041/2041 2042/2042/2042 2043/2043/2043
f 2041/2041/2041 2043/2043/2043 2044/2044/2044
f 2045/2045/2045 2046/2046/2046 2047/2047/2047
f 2045/2045/2045 2047/2047/2047 2048/2048/2048
f 2049/2049/2049 2050/2050/2050 2051/2051/2051
f 2049/2049/2049 2051/2051/2051 2052/2052/2052
f 2053/2053/2053 2054/2054/2054 2055/2055/2055
f 2053/2053/2053 2055/2055/2055 2056/2056/2056
f 2057/2057/2057 2058/2058/2058 2059/2059/2059
f 2057/2057/2057 2059/2059/2059 2060/2060/2060
f 2061/2061/2061 2062/2062/2062 2063/2063/2063
f 2061/2061/2061 2063/2063/2063 2064/2064/2064
f 2065/2065/2065 2066/2066/2066 2067/2067/2067
f 2065/2065/2065 2067/2067/2067 2068/2068/2068
f 2069/2069/2069 2070/2070/2070 2071/2071/2071
f 2069/2069/2069 2071/2071/2071 2072/2072/2072
f 2073/2073/2073 2074/2074/2074 2075/2075/2075
f 2073/2073/2073 2075/2075/2075 2076/2076/2076
f 2077/2077/2077 2078/2078/2078 2079/2079/2079
f 2077/2077/2077 2079/2079/2079 2080/2080/2080
f 2081/2081/2081 2082/2082/2082 2083/2083/2083
f 2081/2081/2081 2083/2083/2083 2084/2084/2084
f 2085/2085/2085 2086/2086/2086 2087/2087/2087
f 2085/2085/2085 2087/2087/2087 2088/2088/2088
f 2089/2089/2089 2090/2090/2090 2091/2091/2091
f 2089/2089/2089 2091/2091/2091 2092/2092/2092
f 2093/2093/2093 2094/2094/2094 2095/2095/2095
f 2093/2093/2093 2095/2095/2095 2096/2096/2096
f 2097/2097/2097 2098/2098/2098 2099/2099/2099
f 2097/2097/2097 2099/2099/2099 2100/2100/2100
f 2101/2101/2101 2102/2102/2102 2103/2103/2103
f 2101/2101/2101 2103/2103/2103 2104/2104/2104
f 2105/2105/2105 2106/2106/2106 2107/2107/2107
f 2105/2105/2105 2107/2107/2107 2108/2108/2108
f 2109/2109/2109 2110/2110/2110 2111/2111/2111
f 2109/2109/2109 2111/2111/2111 2112/2112/2112
f 2113/2113/2113 2114/2114/2114 2115/2115/2115
f 2113/2113/2113 2115/2115/2115 2116/2116/2116
f 2117/2117/2117 2118/2118/2118 2119/2119/2119
f 2117/2117/2117 2119/2119/2119 2120/2120/2120
f 2121/2121/2121 2122/2122/2122 2123/2123/2123
f 2121/2121/2121 2123/2123/2123 2124/2124/2124
f 2125/2125/2125 2126/2126/2126 2127/2127/2127
f 2125/2125/2125 2127/2127/2127 2128/2128/2128
f 2129/2129/2129 2130/2130/2130 2131/2131/2131
f 2129/2129/2129 2131/2131/2131 2132/2132/2132
f 2133/2133/2133 2134/2134/2134 2135/2135/2135
f 2133/2133/2133 2135/2135/2135 2136/2136/2136
f 2137/2137/2137 2138/2138/2138 2139/2139/2139
f 2137/2137/2137 2139/2139/2139 2140/2140/2140
f 2141/2141/2141 2142/2142/2142 2143/2143/2143
f 2141/2141/2141 2143/2143/2143 2144/2144/2144
f 2145/2145/2145 2146/2146/2146 2147/2147/2147
f 2145/2145/2145 2147/2147/2147 2148/2148/2148
f 2149/2149/2149 2150/2150/2150 2151/2151/2151
f 2149/2149/2149 2151/2151/2151 2152/2152/2152
f 2153/2153/2153 2154/2154/2154 2155/2155/2155
f 2153/2153/2153 2155/2155/2155 2156/2156/2156
f 2157/2157/2157 2158/2158/2158 2159/2159/2159
f 2157/2157/2157 2159/2159/2159 2160/2160/2160
f 2161/2161/2161 2162/2162/2162 2163/2163/2163
f 2161/2161/2161 2163/2163/2163 2164/2164/2164
f 2165/2165/2165 2166/2166/2166 2167/2167/2167
f 2165/2165/2165 2167/2167/2167 2168/2168/2168
f 2169/2169/2169 2170/2170/2170 2171/2171/2171
f 2169/2169/2169 2171/2171/2171 2172/2172/2172
f 2173/2173/2173 2174/2174/2174 2175/2175/2175
f 2173/2173/2173 2175/2175/2175 2176/2176/2176
f 2177/2177/2177 2178/2178/2178 2179/2179/2179
f 2177/2177/2177 2179/2179/2179 2180/2180/2180
f 2181/2181/2181 2182/2182/2182 2183/2183/2183
f 2181/2181/2181 2183/2183/2183 2184/2184/2184
f 2185/2185/2185 2186/2186/2186 2187/2187/2187
f 2185/2185/2185 2187/2187/2187 2188/2188/2188
f 2189/2189/2189 2190/2190/2190 2191/2191/2191
f 2189/2189/2189 2191/2191/2191 2192/2192/2192
f 2193/2193/2193 2194/2194/2194 2195/2195/2195
f 2193/2193/2193 2195/2195/2195 2196/2196/2196
f 2197/2197/2197 2198/2198/2198 2199/2199/2199
f 2197/2197/2197 2199/2199/2199 2200/2200/2200
f 2201/2201/2201 2202/2202/2202 2203/2203/2203
f 2201/2201/2201 2203/2203/2203 2204/2204/2204
f 2205/2205/2205 2206/2206/2206 2207/2207/2207
f 2205/2205/2205 2207/2207/2207 2208/2208/2208
f 2209/2209/2209 2210/2210/2210 2211/2211/2211
f 2209/2209/2209 2211/2211/2211 2212/2212/2212
f 2213/2213/2213 2214/2214/2214 2215/2215/2215
f 2213/2213/2213 2215/2215/2215 2216/2216/2216
f 2217/2217/2217 2218/2218/2218 2219/2219/2219
f 2217/2217/2217 2219/2219/2219 2220/2220/2220
f 2221/2221/2221 2222/2222/2222 2223/2223/2223
f 2221/2221/2221 2223/2223/2223 2224/2224/2224
f 2225/2225/2225 2226/2226/2226 2227/2227/2227
f 2225/2225/2225 2227/2227/2227 2228/2228/2228
f 2229/2229/2229 2230/2230/2230 2231/2231/2231
f 2229/2229/2229 2231/2231/2231 2232/2232/2232
f 2233/2233/2233 2234/2234/2234 2235/2235/2235
f 2233/2233/2233 2235/2235/2235 2236/2236/2236
f 2237/2237/2237 2238/2238/2238 2239/2239/2239
f 2237/2237/2237 2239/2239/2239 2240/2240/2240
f 2241/2241/2241 2242/2242/2242 2243/2243/2243
f 2241/2241/2241 2243/2243/2243 2244/2244/2244
f 2245/2245/2245 2246/2246/2246 2247/2247/2247
f 2245/2245/2245 2247/2247/2247 2248/2248/2248
f 2249/2249/2249 2250/2250/2250 2251/2251/2251
f 2249/2249/2249 2251/2251/2251 2252/2252/2252
f 2253/2253/2253 2254/2254/2254 2255/2255/2255
f 2253/2253/2253 2255/2255/2255 2256/2256/2256
f 2257/2257/2257 2258/2258/2258 2259/2259/2259
f 2257/2257/2257 2259/2259/2259 2260/2260/2260
f 2261/2261/2261 2262/2262/2262 2263/2263/2263
f 2261/2261/2261 2263/2263/2263 2264/2264/2264
f 2265/2265/2265 2266/2266/2266 2267/2267/2267
f 2265/2265/2265 2267/2267/2267 2268/2268/2268
f 2269/2269/2269 2270/2270/2270 2271/2271/2271
f 2269/2269/2269 2271/2271/2271 2272/2272/2272
f 2273/2273/2273 2274/2274/2274 2275/2275/2275
f 2273/2273/2273 2275/2275/2275 2276/2276/2276
f 2277/2277/2277 2278/2278/2278 2279/2279/2279
f 2277/2277/2277 2279/2279/2279 2280/2280/2280
f 2281/2281/2281 2282/2282/2282 2283/2283/2283
f 2281/2281/2281 2283/2283/2283 2284/2284/2284
f 2285/2285/2285 2286/2286/2286 2287/2287/2287
f 2285/2285/2285 2287/2287/2287 2288/2288/2288
f 2289/2289/2289 2290/2290/2290 2291/2291/2291
f 2289/2289/2289 2291/2291/2291 2292/2292/2292
f 2293/2293/2293 2294/2294/2294 2295/2295/2295
f 2293/2293/2293 2295/2295/2295 2296/2296/2296
f 2297/2297/2297 2298/2298/2298 2299/2299/2299
f 2297/2297/2297 2299/2299/2299 2300/2300/2300
f 2301/2301/2301 2302/2302/2302 2303/2303/2303
f 2301/2301/2301 2303/2303/2303 2304/2304/2304
f 2305/2305/2305 2306/2306/2306 2307/2307/2307
f 2305/2305/2305 2307/2307/2307 2308/2308/2308
f 2309/2309/2309 2310/2310/2310 2311/2311/2311
f 2309/2309/2309 2311/2311/2311 2312/2312/2312
f 2313/2313/2313 2314/2314/2314 2315/2315/2315
f 2313/2313/2313 2315/2315/2315 2316/2316/2316
f 2317/2317/2317 2318/2318/2318 2319/2319/2319
f 2317/2317/2317 2319/2319/2319 2320/2320/2320
f 2321/2321/2321 2322/2322/2322 2323/2323/2323
f 2321/2321/2321 2323/2323/2323 2324/2324/2324
f 2325/2325/2325 2326/2326/2326 2327/2327/2327
f 2325/2325/2325 2327/2327/2327 2328/2328/2328
f 2329/2329/2329 2330/2330/2330 2331/2331/2331
f 2329/2329/2329 2331/2331/2331 2332/2332/2332
f 2333/2333/2333 2334/2334/2334 2335/2335/2335
f 2333/2333/2333 2335/2335/2335 2336/2336/2336
f 2337/2337/2337 2338/2338/2338 2339/2339/2339
f 2337/2337/2337 2339/2339/2339 2340/2340/2340
f 2341/2341/2341 2342/2342/2342 2343/2343/2343
f 2341/2341/2341 2343/2343/2343 2344/2344/2344
f 2345/2345/2345 2346/2346/2346 2347/2347/2347
f 2345/2345/2345 2347/2347/2347 2348/2348/2348
f 2349/2349/2349 2350/2350/2350 2351/2351/2351
f 2349/2349/2349 2351/2351/2351 2352/2352/2352
f 2353/2353/2353 2354/2354/2354 2355/2355/2355
f 2353/2353/2353 2355/2355/2355 2356/2356/2356
f 2357/2357/2357 2358/2358/2358 2359/2359/2359
f 2357/2357/2357 2359/2359/2359 2360/2360/2360
f 2361/2361/2361 2362/2362/2362 2363/2363/2363
f 2361/2361/2361 2363/2363/2363 2364/2364/2364
f 2365/2365/2365 2366/2366/2366 2367/2367/2367
f 2365/2365/2365 2367/2367/2367 2368/2368/2368
f 2369/2369/2369 2370/2370/2370 2371/2371/2371
f 2369/2369/2369 2371/2371/2371 2372/2372/2372
f 2373/2373/2373 2374/2374/2374 2375/2375/2375
f 2373/2373/2373 2375/2375/2375 2376/2376/2376
f 2377/2377/2377 2378/2378/2378 2379/2379/2379
f 2377/2377/2377 2379/2379/2379 2380/2380/2380
f 2381/2381/2381 2382/2382/2382 2383/2383/2383
f 2381/2381/2381 2383/2383/2383 2384/2384/2384
f 2385/2385/2385 2386/2386/2386 2387/2387/2387
f 2385/2385/2385 2387/2387/2387 2388/2388/2388
f 2389/2389/2389 2390/2390/2390 2391/2391/2391
f 2389/2389/2389 2391/2391/2391 2392/2392/2392
f 2393/2393/2393 2394/2394/2394 2395/2395/2395
f 2393/2393/2393 2395/2395/2395 2396/2396/2396
f 2397/2397/2397 2398/2398/2398 2399/2399/2399
f 2397/2397/2397 2399/2399/2399 2400/2400/2400
f 2401/2401/2401 2402/2402/2402 2403/2403/2403
f 2401/2401/2401 2403/2403/2403 2404/2404/2404
f 2405/2405/2405 2406/2406/2406 2407/2407/2407
f 2405/2405/2405 2407/2407/2407 2408/2408/2408
f 2409/2409/2409 2410/2410/2410 2411/2411/2411
f 2409/2409/2409 2411/2411/2411 2412/2412/2412
f 2413/2413/2413 2414/2414/2414 2415/2415/2415
f 2413/2413/2413 2415/2415/2415 2416/2416/2416
f 2417/2417/2417 2418/2418/2418 2419/2419/2419
f 2417/2417/2417 2419/2419/2419 2420/2420/2420
f 2421/2421/2421 2422/2422/2422 2423/2423/2423
f 2421/2421/2421 2423/2423/2423 2424/2424/2424
f 2425/2425/2425 2426/2426/2426 2427/2427/2427
f 2425/2425/2425 2427/2427/2427 2428/2428/2428
f 2429/2429/2429 2430/2430/2430 2431/2431/2431
f 2429/2429/2429 2431/2431/2431 2432/2432/2432
f 2433/2433/2433 2434/2434/2434 2435/2435/2435
f 2433/2433/2433 2435/2435/2435 2436/2436/2436
f 2437/2437/2437 2438/2438/2438 2439/2439/2439
f 2437/2437/2437 2439/2439/2439 2440/2440/2440
f 2441/2441/2441 2442/2442/2442 2443/2443/2443
f 2441/2441/2441 2443/2443/2443 2444/2444/2444
f 2445/2445/2445 2446/2446/2446 2447/2447/2447
f 2445/2445/2445 2447/2447/2447 2448/2448/2448
f 2449/2449/2449 2450/2450/2450 2451/2451/2451
f 2449/2449/2449 2451/2451/2451 2452/2452/2452
f 2453/2453/2453 2454/2454/2454 2455/2455/2455
f 2453/2453/2453 2455/2455/2455 2456/2456/2456
f 2457/2457/2457 2458/2458/2458 2459/2459/2459
f 2457/2457/2457 2459/2459/2459 2460/2460/2460
f 2461/2461/2461 2462/2462/2462 2463/2463/2463
f 2461/2461/2461 2463/2463/2463 2464/2464/2464
f 2465/2465/2465 2466/2466/2466 2467/2467/2467
f 2465/2465/2465 2467/2467/2467 2468/2468/2468
f 2469/2469/2469 2470/2470/2470 2471/2471/2471
f 2469/2469/2469 2471/2471/2471 2472/2472/2472
f 2473/2473/2473 2474/2474/2474 2475/2475/2475
f 2473/2473/2473 2475/2475/2475 2476/2476/2476
f 2477/2477/2477 2478/2478/2478 2479/2479/2479
f 2477/2477/2477 2479/2479/2479 2480/2480/2480
f 2481/2481/2481 2482/2482/2482 2483/2483/2483
f 2481/2481/2481 2483/2483/2483 2484/2484/2484
f 2485/2485/2485 2486/2486/2486 2487/2487/2487
f 2485/2485/2485 2487/2487/2487 2488/2488/2488
f 2489/2489/2489 2490/2490/2490 2491/2491/2491
f 2489/2489/2489 2491/2491/2491 2492/2492/2492
f 2493/2493/2493 2494/2494/2494 2495/2495/2495
f 2493/2493/2493 2495/2495/2495 2496/2496/2496
f 2497/2497/2497 2498/2498/2498 2499/2499/2499
f 2497/2497/2497 2499/2499/2499 2500/2500/2500
f 2501/2501/2501 2502/2502/2502 2503/2503/2503
f 2501/2501/2501 2503/2503/2503 2504/2504/2504
f 2505/2505/2505 2506/2506/2506 2507/2507/2507
f 2505/2505/2505 2507/2507/2507 2508/2508/2508
f 2509/2509/2509 2510/2510/2510 2511/2511/2511
f 2509/2509/2509 2511/2511/2511 2512/2512/2512
f 2513/2513/2513 2514/2514/2514 2515/2515/2515
f 2513/2513/2513 2515/2515/2515 2516/2516/2516
f 2517/2517/2517 2518/2518/2518 2519/2519/2519
f 2517/2517/2517 2519/2519/2519 2520/2520/2520
f 2521/2521/2521 2522/2522/2522 2523/2523/2523
f 2521/2521/2521 2523/2523/2523 2524/2524/2524
f 2525/2525/2525 2526/2526/2526 2527/2527/2527
f 2525/2525/2525 2527/2527/2527 2528/2528/2528
f 2529/2529/2529 2530/2530/2530 2531/2531/2531
f 2529/2529/2529 2531/2531/2531 2532/2532/2532
f 2533/2533/2533 2534/2534/2534 2535/2535/2535
f 2533/2533/2533 2535/2535/2535 2536/2536/2536
f 2537/2537/2537 2538/2538/2538 2539/2539/2539
f 2537/2537/2537 2539/2539/2539 2540/2540/2540
f 2541/2541/2541 2542/2542/2542 2543/2543/2543
f 2541/2541/2541 2543/2543/2543 2544/2544/2544
f 2545/2545/2545 2546/2546/2546 2547/2547/2547
f 2545/2545/2545 2547/2547/2547 2548/2548/2548
f 2549/2549/2549 2550/2550/2550 2551/2551/2551
f 2549/2549/2549 2551/2551/2551 2552/2552/2552
f 2553/2553/2553 2554/2554/2554 2555/2555/2555
f 2553/2553/2553 2555/2555/2555 2556/2556/2556
f 2557/2557/2557 2558/2558/2558 2559/2559/2559
f 2557/2557/2557 2559/2559/2559 2560/2560/2560
f 2561/2561/2561 2562/2562/2562 2563/2563/2563
f 2561/2561/2561 2563/2563/2563 2564/2564/2564
f 2565/2565/2565 2566/2566/2566 2567/2567/2567
f 2565/2565/2565 2567/2567/2567 2568/2568/2568
f 2569/2569/2569 2570/2570/2570 2571/2571/2571
f 2569/2569/2569 2571/2571/2571 2572/2572/2572
f 2573/2573/2573 2574/2574/2574 2575/2575/2575
f 2573/2573/2573 2575/2575/2575 2576/2576/2576
f 2577/2577/2577 2578/2578/2578 2579/2579/2579
f 2577/2577/2577 2579/2579/2579 2580/2580/2580
f 2581/2581/2581 2582/2582/2582 2583/2583/2583
f 2581/2581/2581 2583/2583/2583 2584/2584/2584
f 2585/2585/2585 2586/2586/2586 2587/2587/2587
f 2585/2585/2585 2587/2587/2587 2588/2588/2588
f 2589/2589/2589 2590/2590/2590 2591/2591/2591
f 2589/2589/2589 2591/2591/2591 2592/2592/2592
f 2593/2593/2593 2594/2594/2594 2595/2595/2595
f 2593/2593/2593 2595/2595/2595 2596/2596/2596
f 2597/2597/2597 2598/2598/2598 2599/2599/2599
f 2597/2597/2597 2599/2599/2599 2600/2600/2600
f 2601/2601/2601 2602/2602/2602 2603/2603/2603
f 2601/2601/2601 2603/2603/2603 2604/2604/2604
f 2605/2605/2605 2606/2606/2606 2607/2607/2607
f 2605/2605/2605 2607/2607/2607 2608/2608/2608
f 2609/2609/2609 2610/2610/2610 2611/2611/2611
f 2609/2609/2609 2611/2611/2611 2612/2612/2612
f 2613/2613/2613 2614/2614/2614 2615/2615/2615
f 2613/2613/2613 2615/2615/2615 2616/2616/2616
f 2617/2617/2617 2618/2618/2618 2619/2619/2619
f 2617/2617/2617 2619/2619/2619 2620/2620/2620
f 2621/2621/2621 2622/2622/2622 2623/2623/2623
f 2621/2621/2621 2623/2623/2623 2624/2624/2624
f 2625/2625/2625 2626/2626/2626 2627/2627/2627
f 2625/2625/2625 2627/2627/2627 2628/2628/2628
f 2629/2629/2629 2630/2630/2630 2631/2631/2631
f 2629/2629/2629 2631/2631/2631 2632/2632/2632
f 2633/2633/2633 2634/2634/2634 2635/2635/2635
f 2633/2633/2633 2635/2635/2635 2636/2636/2636
f 2637/2637/2637 2638/2638/2638 2639/2639/2639
f 2637/2637/2637 2639/2639/2639 2640/2640/2640
f 2641/2641/2641 2642/2642/2642 2643/2643/2643
f 2641/2641/2641 2643/2643/2643 2644/2644/2644
f 2645/2645/2645 2646/2646/2646 2647/2647/2647
f 2645/2645/2645 2647/2647/2647 2648/2648/2648
f 2649/2649/2649 2650/2650/2650 2651/2651/2651
f 2649/2649/2649 2651/2651/2651 2652/2652/2652
f 2653/2653/2653 2654/2654/2654 2655/2655/2655
f 2653/2653/2653 2655/2655/2655 2656/2656/2656
f 2657/2657/2657 2658/2658/2658 2659/2659/2659
f 2657/2657/2657 2659/2659/2659 2660/2660/2660
f 2661/2661/2661 2662/2662/2662 2663/2663/2663
f 2661/2661/2661 2663/2663/2663 2664/2664/2664
f 2665/2665/2665 2666/2666/2666 2667/2667/2667
f 2665/2665/2665 2667/2667/2667 2668/2668/2668
f 2669/2669/2669 2670/2670/2670 2671/2671/2671
f 2669/2669/2669 2671/2671/2671 2672/2672/2672
f 2673/2673/2673 2674/2674/2674 2675/2675/2675
f 2673/2673/2673 2675/2675/2675 2676/2676/2676
f 2677/2677/2677 2678/2678/2678 2679/2679/2679
f 2677/2677/2677 2679/2679/2679 2680/2680/2680
f 2681/2681/2681 2682/2682/2682 2683/2683/2683
f 2681/2681/2681 2683/2683/2683 2684/2684/2684
f 2685/2685/2685 2686/2686/2686 2687/2687/2687
f 2685/2685/2685 2687/2687/2687 2688/2688/2688
f 2689/2689/2689 2690/2690/2690 2691/2691/2691
f 2689/2689/2689 2691/2691/2691 2692/2692/2692
f 2693/2693/2693 2694/2694/2694 2695/2695/2695
f 2693/2693/2693 2695/2695/2695 2696/2696/2696
f 2697/2697/2697 2698/2698/2698 2699/2699/2699
f 2697/2697/2697 2699/2699/2699 2700/2700/2700
f 2701/2701/2701 2702/2702/2702 2703/2703/2703
f 2701/2701/2701 2703/2703/2703 2704/2704/2704
f 2705/2705/2705 2706/2706/2706 2707/2707/2707
f 2705/2705/2705 2707/2707/2707 2708/2708/2708
f 2709/2709/2709 2710/2710/2710 2711/2711/2711
f 2709/2709/2709 2711/2711/2711 2712/2712/2712
f 2713/2713/2713 2714/2714/2714 2715/2715/2715
f 2713/2713/2713 2715/2715/2715 2716/2716/2716
f 2717/2717/2717 2718/2718/2718 2719/2719/2719
f 2717/2717/2717 2719/2719/2719 2720/2720/2720
f 2721/2721/2721 2722/2722/2722 2723/2723/2723
f 2721/2721/2721 2723/2723/2723 2724/2724/2724
f 2725/2725/2725 2726/2726/2726 2727/2727/2727
f 2725/2725/2725 2727/2727/2727 2728/2728/2728
f 2729/2729/2729 2730/2730/2730 2731/2731/2731
f 2729/2729/2729 2731/2731/2731 2732/2732/2732
f 2733/2733/2733 2734/2734/2734 2735/2735/2735
f 2733/2733/2733 2735/2735/2735 2736/2736/2736
f 2737/2737/2737 2738/2738/2738 2739/2739/2739
f 2737/2737/2737 2739/2739/2739 2740/2740/2740
f 2741/2741/2741 2742/2742/2742 2743/2743/2743
f 2741/2741/2741 2743/2743/2743 2744/2744/2744
f 2745/2745/2745 2746/2746/2746 2747/2747/2747
f 2745/2745/2745 2747/2747/2747 2748/2748/2748
f 2749/2749/2749 2750/2750/2750 2751/2751/2751
f 2749/2749/2749 2751/2751/2751 2752/2752/2752
f 2753/2753/2753 2754/2754/2754 2755/2755/2755
f 2753/2753/2753 2755/2755/2755 2756/2756/2756
f 2757/2757/2757 2758/2758/2758 2759/2759/2759
f 2757/2757/2757 2759/2759/2759 2760/2760/2760
f 2761/2761/2761 2762/2762/2762 2763/2763/2763
f 2761/2761/2761 2763/2763/2763 2764/2764/2764
f 2765/2765/2765 2766/2766/2766 2767/2767/2767
f 2765/2765/2765 2767/2767/2767 2768/2768/2768
f 2769/2769/2769 2770/2770/2770 2771/2771/2771
f 2769/2769/2769 2771/2771/2771 2772/2772/2772
f 2773/2773/2773 2774/2774/2774 2775/2775/2775
f 2773/2773/2773 2775/2775/2775 2776/2776/2776
f 2777/2777/2777 2778/2778/2778 2779/2779/2779
f 2777/2777/2777 2779/2779/2779 2780/2780/2780
f 2781/2781/2781 2782/2782/2782 2783/2783/2783
f 2781/2781/2781 2783/2783/2783 2784/2784/2784
f 2785/2785/2785 2786/2786/2786 2787/2787/2787
f 2785/2785/2785 2787/2787/2787 2788/2788/2788
f 2789/2789/2789 2790/2790/2790 2791/2791/2791
f 2789/2789/2789 2791/2791/2791 2792/2792/2792
f 2793/2793/2793 2794/2794/2794 2795/2795/2795
f 2793/2793/2793 2795/2795/2795 2796/2796/2796
f 2797/2797/2797 2798/2798/2798 2799/2799/2799
f 2797/2797/2797 2799/2799/2799 2800/2800/2800
f 2801/2801/2801 2802/2802/2802 2803/2803/2803
f 2801/2801/2801 2803/2803/2803 2804/2804/2804
f 2805/2805/2805 2806/2806/2806 2807/2807/2807
f 2805/2805/2805 2807/2807/2807 2808/2808/2808
f 2809/2809/2809 2810/2810/2810 2811/2811/2811
f 2809/2809/2809 2811/2811/2811 2812/2812/2812
f 2813/2813/2813 2814/2814/2814 2815/2815/2815
f 2813/2813/2813 2815/2815/2815 2816/2816/2816
f 2817/2817/2817 2818/2818/2818 2819/2819/2819
f 2817/2817/2817 2819/2819/2819 2820/2820/2820
f 2821/2821/2821 2822/2822/2822 2823/2823/2823
f 2821/2821/2821 2823/2823/2823 2824/2824/2824
f 2825/2825/2825 2826/2826/2826 2827/2827/2827
f 2825/2825/2825 2827/2827/2827 2828/2828/2828
f 2829/2829/2829 2830/2830/2830 2831/2831/2831
f 2829/2829/2829 2831/2831/2831 2832/2832/2832
f 2833/2833/2833 2834/2834/2834 2835/2835/2835
f 2833/2833/2833 2835/2835/2835 2836/2836/2836
f 2837/2837/2837 2838/2838/2838 2839/2839/2839
f 2837/2837/2837 2839/2839/2839 2840/2840/2840
f 2841/2841/2841 2842/2842/2842 2843/2843/2843
f 2841/2841/2841 2843/2843/2843 2844/2844/2844
f 2845/2845/2845 2846/2846/2846 2847/2847/2847
f 2845/2845/2845 2847/2847/2847 2848/2848/2848
f 2849/2849/2849 2850/2850/2850 2851/2851/2851
f 2849/2849/2849 2851/2851/2851 2852/2852/2852
f 2853/2853/2853 2854/2854/2854 2855/2855/2855
f 2853/2853/2853 2855/2855/2855 2856/2856/2856
f 2857/2857/2857 2858/2858/2858 2859/2859/2859
f 2857/2857/2857 2859/2859/2859 2860/2860/2860
f 2861/2861/2861 2862/2862/2862 2863/2863/2863
f 2861/2861/2861 2863/2863/2863 2864/2864/2864
f 2865/2865/2865 2866/2866/2866 2867/2867/2867
f 2865/2865/2865 2867/2867/2867 2868/2868/2868
f 2869/2869/2869 2870/2870/2870 2871/2871/2871
f 2869/2869/2869 2871/2871/2871 2872/2872/2872
f 2873/2873/2873 2874/2874/2874 2875/2875/2875
f 2873/2873/2873 2875/2875/2875 2876/2876/2876
f 2877/2877/2877 2878/2878/2878 2879/2879/2879
f 2877/2877/2877 2879/2879/2879 2880/2880/2880
f 2881/2881/2881 2882/2882/2882 2883/2883/2883
f 2881/2881/2881 2883/2883/2883 2884/2884/2884
f 2885/2885/2885 2886/2886/2886 2887/2887/2887
f 2885/2885/2885 2887/2887/2887 2888/2888/2888
f 2889/2889/2889 2890/2890/2890 2891/2891/2891
f 2889/2889/2889 2891/2891/2891 2892/2892/2892
f 2893/2893/2893 2894/2894/2894 2895/2895/2895
f 2893/2893/2893 2895/2895/2895 2896/2896/2896
f 2897/2897/2897 2898/2898/2898 2899/2899/2899
f 2897/2897/2897 2899/2899/2899 2900/2900/2900
f 2901/2901/2901 2902/2902/2902 2903/2903/2903
f 2901/2901/2901 2903/2903/2903 2904/2904/2904
f 2905/2905/2905 2906/2906/2906 2907/2907/2907
f 2905/2905/2905 2907/2907/2907 2908/2908/2908
f 2909/2909/2909 2910/2910/2910 2911/2911/2911
f 2909/2909/2909 2911/2911/2911 2912/2912/2912
f 2913/2913/2913 2914/2914/2914 2915/2915/2915
f 2913/2913/2913 2915/2915/2915 2916/2916/2916
f 2917/2917/2917 2918/2918/2918 2919/2919/2919
f 2917/2917/2917 2919/2919/2919 2920/2920/2920
f 2921/2921/2921 2922/2922/2922 2923/2923/2923
f 2921/2921/2921 2923/2923/2923 2924/2924/2924
f 2925/2925/2925 2926/2926/2926 2927/2927/2927
f 2925/2925/2925 2927/2927/2927 2928/2928/2928
f 2929/2929/2929 2930/2930/2930 2931/2931/2931
f 2929/2929/2929 2931/2931/2931 2932/2932/2932
f 2933/2933/2933 2934/2934/2934 2935/2935/2935
f 2933/2933/2933 2935/2935/2935 2936/2936/2936
f 2937/2937/2937 2938/2938/2938 2939/2939/2939
f 2937/2937/2937 2939/2939/2939 2940/2940/2940
f 2941/2941/2941 2942/2942/2942 2943/2943/2943
f 2941/2941/2941 2943/2943/2943 2944/2944/2944
f 2945/2945/2945 2946/2946/2946 2947/2947/2947
f 2945/2945/2945 2947/2947/2947 2948/2948/2948
f 2949/2949/2949 2950/2950/2950 2951/2951/2951
f 2949/2949/2949 2951/2951/2951 2952/2952/2952
f 2953/2953/2953 2954/2954/2954 2955/2955/2955
f 2953/2953/2953 2955/2955/2955 2956/2956/2956
f 2957/2957/2957 2958/2958/2958 2959/2959/2959
f 2957/2957/2957 2959/2959/2959 2960/2960/2960
f 2961/2961/2961 2962/2962/2962 2963/2963/2963
f 2961/2961/2961 2963/2963/2963 2964/2964/2964
f 2965/2965/2965 2966/2966/2966 2967/2967/2967
f 2965/2965/2965 2967/2967/2967 2968/2968/2968
f 2969/2969/2969 2970/2970/2970 2971/2971/2971
f 2969/2969/2969 2971/2971/2971 2972/2972/2972
f 2973/2973/2973 2974/2974/2974 2975/2975/2975
f 2973/2973/2973 2975/2975/2975 2976/2976/2976
f 2977/2977/2977 2978/2978/2978 2979/2979/2979
f 2977/2977/2977 2979/2979/2979 2980/2980/2980
f 2981/2981/2981 2982/2982/2982 2983/2983/2983
f 2981/2981/2981 2983/2983/2983 2984/2984/2984
f 2985/2985/2985 2986/2986/2986 2987/2987/2987
f 2985/2985/2985 2987/2987/2987 2988/2988/2988
f 2989/2989/2989 2990/2990/2990 2991/2991/2991
f 2989/2989/2989 2991/2991/2991 2992/2992/2992
f 2993/2993/2993 2994/2994/2994 2995/2995/2995
f 2993/2993/2993 2995/2995/2995 2996/2996/2996
f 2997/2997/2997 2998/2998/2998 2999/2999/2999
f 2997/2997/2997 2999/2999/2999 3000/3000/3000
f 3001/3001/3001 3002/3002/3002 3003/3003/3003
f 3001/3001/3001 3003/3003/3003 3004/3004/3004
f 3005/3005/3005 3006/3006/3006 3007/3007/3007
f 3005/3005/3005 3007/3007/3007 3008/3008/3008
f 3009/3009/3009 3010/3010/3010 3011/3011/3011
f 3009/3009/3009 3011/3011/3011 3012/3012/3012
f 3013/3013/3013 3014/3014/3014 3015/3015/3015
f 3013/3013/3013 3015/3015/3015 3016/3016/3016
f 3017/3017/3017 3018/3018/3018 3019/3019/3019
f 3017/3017/3017 3019/3019/3019 3020/3020/3020
f 3021/3021/3021 3022/3022/3022 3023/3023/3023
f 3021/3021/3021 3023/3023/3023 3024/3024/3024
f 3025/3025/3025 3026/3026/3026 3027/3027/3027
f 3025/3025/3025 3027/3027/3027 3028/3028/3028
f 3029/3029/3029 3030/3030/3030 3031/3031/3031
f 3029/3029/3029 3031/3031/3031 3032/3032/3032
f 3033/3033/3033 3034/3034/3034 3035/3035/3035
f 3033/3033/3033 3035/3035/3035 3036/3036/3036
f 3037/3037/3037 3038/3038/3038 3039/3039/3039
f 3037/3037/3037 3039/3039/3039 3040/3040/3040
f 3041/3041/3041 3042/3042/3042 3043/3043/3043
f 3041/3041/3041 3043/3043/3043 3044/3044/3044
f 3045/3045/3045 3046/3046/3046 3047/3047/3047
f 3045/3045/3045 3047/3047/3047 3048/3048/3048
f 3049/3049/3049 3050/3050/3050 3051/3051/3051
f 3049/3049/3049 3051/3051/3051 3052/3052/3052
f 3053/3053/3053 3054/3054/3054 3055/3055/3055
f 3053/3053/3053 3055/3055/3055 3056/3056/3056
f 3057/3057/3057 3058/3058/3058 3059/3059/3059
f 3057/3057/3057 3059/3059/3059 3060/3060/3060
f 3061/3061/3061 3062/3062/3062 3063/3063/3063
f 3061/3061/3061 3063/3063/3063 3064/3064/3064
f 3065/3065/3065 3066/3066/3066 3067/3067/3067
f 3065/3065/3065 3067/3067/3067 3068/3068/3068
f 3069/3069/3069 3070/3070/3070 3071/3071/3071
f 3069/3069/3069 3071/3071/3071 3072/3072/3072
f 3073/3073/3073 3074/3074/3074 3075/3075/3075
f 3073/3073/3073 3075/3075/3075 3076/3076/3076
f 3077/3077/3077 3078/3078/3078 3079/3079/3079
f 3077/3077/3077 3079/3079/3079 3080/3080/3080
f 3081/3081/3081 3082/3082/3082 3083/3083/3083
f 3081/3081/3081 3083/3083/3083 3084/3084/3084
f 3085/3085/3085 3086/3086/3086 3087/3087/3087
f 3085/3085/3085 3087/3087/3087 3088/3088/3088
f 3089/3089/3089 3090/3090/3090 3091/3091/3091
f 3089/3089/3089 3091/3091/3091 3092/3092/3092
f 3093/3093/3093 3094/3094/3094 3095/3095/3095
f 3093/3093/3093 3095/3095/3095 3096/3096/3096
f 3097/3097/3097 3098/3098/3098 3099/3099/3099
f 3097/3097/3097 3099/3099/3099 3100/3100/3100
f 3101/3101/3101 3102/3102/3102 3103/3103/3103
f 3101/3101/3101 3103/3103/3103 3104/3104/3104
f 3105/3105/3105 3106/3106/3106 3107/3107/3107
f 3105/3105/3105 3107/3107/3107 3108/3108/3108
f 3109/3109/3109 3110/3110/3110 3111/3111/3111
f 3109/3109/3109 3111/3111/3111 3112/3112/3112
f 3113/3113/3113 3114/3114/3114 3115/3115/3115
f 3113/3113/3113 3115/3115/3115 3116/3116/3116
f 3117/3117/3117 3118/3118/3118 3119/3119/3119
f 3117/3117/3117 3119/3119/3119 3120/3120/3120
f 3121/3121/3121 3122/3122/3122 3123/3123/3123
f 3121/3121/3121 3123/3123/3123 3124/3124/3124
f 3125/3125/3125 3126/3126/3126 3127/3127/3127
f 3125/3125/3125 3127/3127/3127 3128/3128/3128
f 3129/3129/3129 3130/3130/3130 3131/3131/3131
f 3129/3129/3129 3131/3131/3131 3132/3132/3132
f 3133/3133/3133 3134/3134/3134 3135/3135/3135
f 3133/3133/3133 3135/3135/3135 3136/3136/3136
f 3137/3137/3137 3138/3138/3138 3139/3139/3139
f 3137/3137/3137 3139/3139/3139 3140/3140/3140
f 3141/3141/3141 3142/3142/3142 3143/3143/3143
f 3141/3141/3141 3143/3143/3143 3144/3144/3144
f 3145/3145/3145 3146/3146/3146 3147/3147/3147
f 3145/3145/3145 3147/3147/3147 3148/3148/3148
f 3149/3149/3149 3150/3150/3150 3151/3151/3151
f 3149/3149/3149 3151/3151/3151 3152/3152/3152
f 3153/3153/3153 3154/3154/3154 3155/3155/3155
f 3153/3153/3153 3155/3155/3155 3156/3156/3156
f 3157/3157/3157 3158/3158/3158 3159/3159/3159
f 3157/3157/3157 3159/3159/3159 3160/3160/3160
f 3161/3161/3161 3162/3162/3162 3163/3163/3163
f 3161/3161/3161 3163/3163/3163 3164/3164/3164
f 3165/3165/3165 3166/3166/3166 3167/3167/3167
f 3165/3165/3165 3167/3167/3167 3168/3168/3168
f 3169/3169/3169 3170/3170/3170 3171/3171/3171
f 3169/3169/3169 3171/3171/3171 3172/3172/3172
f 3173/3173/3173 3174/3174/3174 3175/3175/3175
f 3173/3173/3173 3175/3175/3175 3176/3176/3176
f 3177/3177/3177 3178/3178/3178 3179/3179/3179
f 3177/3177/3177 3179/3179/3179 3180/3180/3180
f 3181/3181/3181 3182/3182/3182 3183/3183/3183
f 3181/3181/3181 3183/3183/3183 3184/3184/3184
f 3185/3185/3185 3186/3186/3186 3187/3187/3187
f 3185/3185/3185 3187/3187/3187 3188/3188/3188
f 3189/3189/3189 3190/3190/3190 3191/3191/3191
f 3189/3189/3189 3191/3191/3191 3192/3192/3192
f 3193/3193/3193 3194/3194/3194 3195/3195/3195
f 3193/3193/3193 3195/3195/3195 3196/3196/3196
f 3197/3197/3197 3198/3198/3198 3199/3199/3199
f 3197/3197/3197 3199/3199/3199 3200/3200/3200
f 3201/3201/3201 3202/3202/3202 3203/3203/3203
f 3201/3201/3201 3203/3203/3203 3204/3204/3204
f 3205/3205/3205 3206/3206/3206 3207/3207/3207
f 3205/3205/3205 3207/3207/3207 3208/3208/3208
f 3209/3209/3209 3210/3210/3210 3211/3211/3211
f 3209/3209/3209 3211/3211/3211 3212/3212/3212
f 3213/3213/3213 3214/3214/3214 3215/3215/3215
f 3213/3213/3213 3215/3215/3215 3216/3216/3216
f 3217/3217/3217 3218/3218/3218 3219/3219/3219
f 3217/3217/3217 3219/3219/3219 3220/3220/3220
f 3221/3221/3221 3222/3222/3222 3223/3223/3223
f 3221/3221/3221 3223/3223/3223 3224/3224/3224
f 3225/3225/3225 3226/3226/3226 3227/3227/3227
f 3225/3225/3225 3227/3227/3227 3228/3228/3228
f 3229/3229/3229 3230/3230/3230 3231/3231/3231
f 3229/3229/3229 3231/3231/3231 3232/3232/3232
f 3233/3233/3233 3234/3234/3234 3235/3235/3235
f 3233/3233/3233 3235/3235/3235 3236/3236/3236
f 3237/3237/3237 3238/3238/3238 3239/3239/3239
f 3237/3237/3237 3239/3239/3239 3240/3240/3240
f 3241/3241/3241 3242/3242/3242 3243/3243/3243
f 3241/3241/3241 3243/3243/3243 3244/3244/3244
f 3245/3245/3245 3246/3246/3246 3247/3247/3247
f 3245/3245/3245 3247/3247/3247 3248/3248/3248
f 3249/3249/3249 3250/3250/3250 3251/3251/3251
f 3249/3249/3249 3251/3251/3251 3252/3252/3252
f 3253/3253/3253 3254/3254/3254 3255/3255/3255
f 3253/3253/3253 3255/3255/3255 3256/3256/3256
f 3257/3257/3257 3258/3258/3258 3259/3259/3259
f 3257/3257/3257 3259/3259/3259 3260/3260/3260
f 3261/3261/3261 3262/3262/3262 3263/3263/3263
f 3261/3261/3261 3263/3263/3263 3264/3264/3264
f 3265/3265/3265 3266/3266/3266 3267/3267/3267
f 3265/3265/3265 3267/3267/3267 3268/3268/3268
f 3269/3269/3269 3270/3270/3270 3271/3271/3271
f 3269/3269/3269 3271/3271/3271 3272/3272/3272
f 3273/3273/3273 3274/3274/3274 3275/3275/3275
f 3273/3273/3273 3275/3275/3275 3276/3276/3276
f 3277/3277/3277 3278/3278/3278 3279/3279/3279
f 3277/3277/3277 3279/3279/3279 3280/3280/3280
f 3281/3281/3281 3282/3282/3282 3283/3283/3283
f 3281/3281/3281 3283/3283/3283 3284/3284/3284
f 3285/3285/3285 3286/3286/3286 3287/3287/3287
f 3285/3285/3285 3287/3287/3287 3288/3288/3288
f 3289/3289/3289 3290/3290/3290 3291/3291/3291
f 3289/3289/3289 3291/3291/3291 3292/3292/3292
f 3293/3293/3293 3294/3294/3294 3295/3295/3295
f 3293/3293/3293 3295/3295/3295 3296/3296/3296
f 3297/3297/3297 3298/3298/3298 3299/3299/3299
f 3297/3297/3297 3299/3299/3299 3300/3300/3300
f 3301/3301/3301 3302/3302/3302 3303/3303/3303
f 3301/3301/3301 3303/3303/3303 3304/3304/3304
f 3305/3305/3305 3306/3306/3306 3307/3307/3307
f 3305/3305/3305 3307/3307/3307 3308/3308/3308
f 3309/3309/3309 3310/3310/3310 3311/3311/3311
f 3309/3309/3309 3311/3311/3311 3312/3312/3312
f 3313/3313/3313 3314/3314/3314 3315/3315/3315
f 3313/3313/3313 3315/3315/3315 3316/3316/3316
f 3317/3317/3317 3318/3318/3318 3319/3319/3319
f 3317/3317/3317 3319/3319/3319 3320/3320/3320
f 3321/3321/3321 3322/3322/3322 3323/3323/3323
f 3321/3321/3321 3323/3323/3323 3324/3324/3324
f 3325/3325/3325 3326/3326/3326 3327/3327/3327
f 3325/3325/3325 3327/3327/3327 3328/3328/3328
f 3329/3329/3329 3330/3330/3330 3331/3331/3331
f 3329/3329/3329 3331/3331/3331 3332/3332/3332
f 3333/3333/3333 3334/3334/3334 3335/3335/3335
f 3333/3333/3333 3335/3335/3335 3336/3336/3336
f 3337/3337/3337 3338/3338/3338 3339/3339/3339
f 3337/3337/3337 3339/3339/3339 3340/3340/3340
f 3341/3341/3341 3342/3342/3342 3343/3343/3343
f 3341/3341/3341 3343/3343/3343 3344/3344/3344
f 3345/3345/3345 3346/3346/3346 3347/3347/3347
f 3345/3345/3345 3347/3347/3347 3348/3348/3348
f 3349/3349/3349 3350/3350/3350 3351/3351/3351
f 3349/3349/3349 3351/3351/3351 3352/3352/3352
f 3353/3353/3353 3354/3354/3354 3355/3355/3355
f 3353/3353/3353 3355/3355/3355 3356/3356/3356
f 3357/3357/3357 3358/3358/3358 3359/3359/3359
f 3357/3357/3357 3359/3359/3359 3360/3360/3360
f 3361/3361/3361 3362/3362/3362 3363/3363/3363
f 3361/3361/3361 3363/3363/3363 3364/3364/3364
f 3365/3365/3365 3366/3366/3366 3367/3367/3367
f 3365/3365/3365 3367/3367/3367 3368/3368/3368
f 3369/3369/3369 3370/3370/3370 3371/3371/3371
f 3369/3369/3369 3371/3371/3371 3372/3372/3372
f 3373/3373/3373 3374/3374/3374 3375/3375/3375
f 3373/3373/3373 3375/3375/3375 3376/3376/3376
f 3377/3377/3377 3378/3378/3378 3379/3379/3379
f 3377/3377/3377 3379/3379/3379 3380/3380/3380
f 3381/3381/3381 3382/3382/3382 3383/3383/3383
f 3381/3381/3381 3383/3383/3383 3384/3384/3384
f 3385/3385/3385 3386/3386/3386 3387/3387/3387
f 3385/3385/3385 3387/3387/3387 3388/3388/3388
f 3389/3389/3389 3390/3390/3390 3391/3391/3391
f 3389/3389/3389 3391/3391/3391 3392/3392/3392
f 3393/3393/3393 3394/3394/3394 3395/3395/3395
f 3393/3393/3393 3395/3395/3395 3396/3396/3396
f 3397/3397/3397 3398/3398/3398 3399/3399/3399
f 3397/3397/3397 3399/3399/3399 3400/3400/3400
f 3401/3401/3401 3402/3402/3402 3403/3403/3403
f 3401/3401/3401 3403/3403/3403 3404/3404/3404
f 3405/3405/3405 3406/3406/3406 3407/3407/3407
f 3405/3405/3405 3407/3407/3407 3408/3408/3408
f 3409/3409/3409 3410/3410/3410 3411/3411/3411
f 3409/3409/3409 3411/3411/3411 3412/3412/3412
f 3413/3413/3413 3414/3414/3414 3415/3415/3415
f 3413/3413/3413 3415/3415/3415 3416/3416/3416
f 3417/3417/3417 3418/3418/3418 3419/3419/3419
f 3417/3417/3417 3419/3419/3419 3420/3420/3420
f 3421/3421/3421 3422/3422/3422 3423/3423/3423
f 3421/3421/3421 3423/3423/3423 3424/3424/3424
f 3425/3425/3425 3426/3426/3426 3427/3427/3427
f 3425/3425/3425 3427/3427/3427 3428/3428/3428
f 3429/3429/3429 3430/3430/3430 3431/3431/3431
f 3429/3429/3429 3431/3431/3431 3432/3432/3432
f 3433/3433/3433 3434/3434/3434 3435/3435/3435
f 3433/3433/3433 3435/3435/3435 3436/3436/3436
f 3437/3437/3437 3438/3438/3438 3439/3439/3439
f 3437/3437/3437 3439/3439/3439 3440/3440/3440
f 3441/3441/3441 3442/3442/3442 3443/3443/3443
f 3441/3441/3441 3443/3443/3443 3444/3444/3444
f 3445/3445/3445 3446/3446/3446 3447/3447/3447
f 3445/3445/3445 3447/3447/3447 3448/3448/3448
f 3449/3449/3449 3450/3450/3450 3451/3451/3451
f 3449/3449/3449 3451/3451/3451 3452/3452/3452
f 3453/3453/3453 3454/3454/3454 3455/3455/3455
f 3453/3453/3453 3455/3455/3455 3456/3456/3456
f 3457/3457/3457 3458/3458/3458 3459/3459/3459
f 3457/3457/3457 3459/3459/3459 3460/3460/3460
f 3461/3461/3461 3462/3462/3462 3463/3463/3463
f 3461/3461/3461 3463/3463/3463 3464/3464/3464
f 3465/3465/3465 3466/3466/3466 3467/3467/3467
f 3465/3465/3465 3467/3467/3467 3468/3468/3468
f 3469/3469/3469 3470/3470/3470 3471/3471/3471
f 3469/3469/3469 3471/3471/3471 3472/3472/3472
f 3473/3473/3473 3474/3474/3474 3475/3475/3475
f 3473/3473/3473 3475/3475/3475 3476/3476/3476
f 3477/3477/3477 3478/3478/3478 3479/3479/3479
f 3477/3477/3477 3479/3479/3479 3480/3480/3480
f 3481/3481/3481 3482/3482/3482 3483/3483/3483
f 3481/3481/3481 3483/3483/3483 3484/3484/3484
f 3485/3485/3485 3486/3486/3486 3487/3487/3487
f 3485/3485/3485 3487/3487/3487 3488/3488/3488
f 3489/3489/3489 3490/3490/3490 3491/3491/3491
f 3489/3489/3489 3491/3491/3491 3492/3492/3492
f 3493/3493/3493 3494/3494/3494 3495/3495/3495
f 3493/3493/3493 3495/3495/3495 3496/3496/3496
f 3497/3497/3497 3498/3498/3498 3499/3499/3499
f 3497/3497/3497 3499/3499/3499 3500/3500/3500
f 3501/3501/3501 3502/3502/3502 3503/3503/3503
f 3501/3501/3501 3503/3503/3503 3504/3504/3504
f 3505/3505/3505 3506/3506/3506 3507/3507/3507
f 3505/3505/3505 3507/3507/3507 3508/3508/3508
f 3509/3509/3509 3510/3510/3510 3511/3511/3511
f 3509/3509/3509 3511/3511/3511 3512/3512/3512
f 3513/3513/3513 3514/3514/3514 3515/3515/3515
f 3513/3513/3513 3515/3515/3515 3516/3516/3516
f 3517/3517/3517 3518/3518/3518 3519/3519/3519
f 3517/3517/3517 3519/3519/3519 3520/3520/3520
f 3521/3521/3521 3522/3522/3522 3523/3523/3523
f 3521/3521/3521 3523/3523/3523 3524/3524/3524
f 3525/3525/3525 3526/3526/3526 3527/3527/3527
f 3525/3525/3525 3527/3527/3527 3528/3528/3528
f 3529/3529/3529 3530/3530/3530 3531/3531/3531
f 3529/3529/3529 3531/3531/3531 3532/3532/3532
f 3533/3533/3533 3534/3534/3534 3535/3535/3535
f 3533/3533/3533 3535/3535/3535 3536/3536/3536
f 3537/3537/3537 3538/3538/3538 3539/3539/3539
f 3537/3537/3537 3539/3539/3539 3540/3540/3540
f 3541/3541/3541 3542/3542/3542 3543/3543/3543
f 3541/3541/3541 3543/3543/3543 3544/3544/3544
f 3545/3545/3545 3546/3546/3546 3547/3547/3547
f 3545/3545/3545 3547/3547/3547 3548/3548/3548
f 3549/3549/3549 3550/3550/3550 3551/3551/3551
f 3549/3549/3549 3551/3551/3551 3552/3552/3552
f 3553/3553/3553 3554/3554/3554 3555/3555/3555
f 3553/3553/3553 3555/3555/3555 3556/3556/3556
f 3557/3557/3557 3558/3558/3558 3559/3559/3559
f 3557/3557/3557 3559/3559/3559 3560/3560/3560
f 3561/3561/3561 3562/3562/3562 3563/3563/3563
f 3561/3561/3561 3563/3563/3563 3564/3564/3564
f 3565/3565/3565 3566/3566/3566 3567/3567/3567
f 3565/3565/3565 3567/3567/3567 3568/3568/3568
f 3569/3569/3569 3570/3570/3570 3571/3571/3571
f 3569/3569/3569 3571/3571/3571 3572/3572/3572
f 3573/3573/3573 3574/3574/3574 3575/3575/3575
f 3573/3573/3573 3575/3575/3575 3576/3576/3576
f 3577/3577/3577 3578/3578/3578 3579/3579/3579
f 3577/3577/3577 3579/3579/3579 3580/3580/3580
f 3581/3581/3581 3582/3582/3582 3583/3583/3583
f 3581/3581/3581 3583/3583/3583 3584/3584/3584
f 3585/3585/3585 3586/3586/3586 3587/3587/3587
f 3585/3585/3585 3587/3587/3587 3588/3588/3588
f 3589/3589/3589 3590/3590/3590 3591/3591/3591
f 3589/3589/3589 3591/3591/3591 3592/3592/3592
f 3593/3593/3593 3594/3594/3594 3595/3595/3595
f 3593/3593/3593 3595/3595/3595 3596/3596/3596
f 3597/3597/3597 3598/3598/3598 3599/3599/3599
f 3597/3597/3597 3599/3599/3599 3600/3600/3600
f 3601/3601/3601 3602/3602/3602 3603/3603/3603
f 3601/3601/3601 3603/3603/3603 3604/3604/3604
f 3605/3605/3605 3606/3606/3606 3607/3607/3607
f 3605/3605/3605 3607/3607/3607 3608/3608/3608
f 3609/3609/3609 3610/3610/3610 3611/3611/3611
f 3609/3609/3609 3611/3611/3611 3612/3612/3612
f 3613/3613/3613 3614/3614/3614 3615/3615/3615
f 3613/3613/3613 3615/3615/3615 3616/3616/3616
f 3617/3617/3617 3618/3618/3618 3619/3619/3619
f 3617/3617/3617 3619/3619/3619 3620/3620/3620
f 3621/3621/3621 3622/3622/3622 3623/3623/3623
f 3621/3621/3621 3623/3623/3623 3624/3624/3624
f 3625/3625/3625 3626/3626/3626 3627/3627/3627
f 3625/3625/3625 3627/3627/3627 3628/3628/3628
f 3629/3629/3629 3630/3630/3630 3631/3631/3631
f 3629/3629/3629 3631/3631/3631 3632/3632/3632
f 3633/3633/3633 3634/3634/3634 3635/3635/3635
f 3633/3633/3633 3635/3635/3635 3636/3636/3636
f 3637/3637/3637 3638/3638/3638 3639/3639/3639
f 3637/3637/3637 3639/3639/3639 3640/3640/3640
f 3641/3641/3641 3642/3642/3642 3643/3643/3643
f 3641/3641/3641 3643/3643/3643 3644/3644/3644
f 3645/3645/3645 3646/3646/3646 3647/3647/3647
f 3645/3645/3645 3647/3647/3647 3648/3648/3648
f 3649/3649/3649 3650/3650/3650 3651/3651/3651
f 3649/3649/3649 3651/3651/3651 3652/3652/3652
f 3653/3653/3653 3654/3654/3654 3655/3655/3655
f 3653/3653/3653 3655/3655/3655 3656/3656/3656
f 3657/3657/3657 3658/3658/3658 3659/3659/3659
f 3657/3657/3657 3659/3659/3659 3660/3660/3660
f 3661/3661/3661 3662/3662/3662 3663/3663/3663
f 3661/3661/3661 3663/3663/3663 3664/3664/3664
f 3665/3665/3665 3666/3666/3666 3667/3667/3667
f 3665/3665/3665 3667/3667/3667 3668/3668/3668
f 3669/3669/3669 3670/3670/3670 3671/3671/3671
f 3669/3669/3669 3671/3671/3671 3672/3672/3672
f 3673/3673/3673 3674/3674/3674 3675/3675/3675
f 3673/3673/3673 3675/3675/3675 3676/3676/3676
f 3677/3677/3677 3678/3678/3678 3679/3679/3679
f 3677/3677/3677 3679/3679/3679 3680/3680/3680
f 3681/3681/3681 3682/3682/3682 3683/3683/3683
f 3681/3681/3681 3683/3683/3683 3684/3684/3684
f 3685/3685/3685 3686/3686/3686 3687/3687/3687
f 3685/3685/3685 3687/3687/3687 3688/3688/3688
f 3689/3689/3689 3690/3690/3690 3691/3691/3691
f 3689/3689/3689 3691/3691/3691 3692/3692/3692
f 3693/3693/3693 3694/3694/3694 3695/3695/3695
f 3693/3693/3693 3695/3695/3695 3696/3696/3696
f 3697/3697/3697 3698/3698/3698 3699/3699/3699
f 3697/3697/3697 3699/3699/3699 3700/3700/3700
f 3701/3701/3701 3702/3702/3702 3703/3703/3703
f 3701/3701/3701 3703/3703/3703 3704/3704/3704
f 3705/3705/3705 3706/3706/3706 3707/3707/3707
f 3705/3705/3705 3707/3707/3707 3708/3708/3708
f 3709/3709/3709 3710/3710/3710 3711/3711/3711
f 3709/3709/3709 3711/3711/3711 3712/3712/3712
f 3713/3713/3713 3714/3714/3714 3715/3715/3715
f 3713/3713/3713 3715/3715/3715 3716/3716/3716
f 3717/3717/3717 3718/3718/3718 3719/3719/3719
f 3717/3717/3717 3719/3719/3719 3720/3720/3720
f 3721/3721/3721 3722/3722/3722 3723/3723/3723
f 3721/3721/3721 3723/3723/3723 3724/3724/3724
f 3725/3725/3725 3726/3726/3726 3727/3727/3727
f 3725/3725/3725 3727/3727/3727 3728/3728/3728
f 3729/3729/3729 3730/3730/3730 3731/3731/3731
f 3729/3729/3729 3731/3731/3731 3732/3732/3732
f 3733/3733/3733 3734/3734/3734 3735/3735/3735
f 3733/3733/3733 3735/3735/3735 3736/3736/3736
f 3737/3737/3737 3738/3738/3738 3739/3739/3739
f 3737/3737/3737 3739/3739/3739 3740/3740/3740
f 3741/3741/3741 3742/3742/3742 3743/3743/3743
f 3741/3741/3741 3743/3743/3743 3744/3744/3744
f 3745/3745/3745 3746/3746/3746 3747/3747/3747
f 3745/3745/3745 3747/3747/3747 3748/3748/3748
f 3749/3749/3749 3750/3750/3750 3751/3751/3751
f 3749/3749/3749 3751/3751/3751 3752/3752/3752
f 3753/3753/3753 3754/3754/3754 3755/3755/3755
f 3753/3753/3753 3755/3755/3755 3756/3756/3756
f 3757/3757/3757 3758/3758/3758 3759/3759/3759
f 3757/3757/3757 3759/3759/3759 3760/3760/3760
f 3761/3761/3761 3762/3762/3762 3763/3763/3763
f 3761/3761/3761 3763/3763/3763 3764/3764/3764
f 3765/3765/3765 3766/3766/3766 3767/3767/3767
f 3765/3765/3765 3767/3767/3767 3768/3768/3768
f 3769/3769/3769 3770/3770/3770 3771/3771/3771
f 3769/3769/3769 3771/3771/3771 3772/3772/3772
f 3773/3773/3773 3774/3774/3774 3775/3775/3775
f 3773/3773/3773 3775/3775/3775 3776/3776/3776
f 3777/3777/3777 3778/3778/3778 3779/3779/3779
f 3777/3777/3777 3779/3779/3779 3780/3780/3780
f 3781/3781/3781 3782/3782/3782 3783/3783/3783
f 3781/3781/3781 3783/3783/3783 3784/3784/3784
f 3785/3785/3785 3786/3786/3786 3787/3787/3787
f 3785/3785/3785 3787/3787/3787 3788/3788/3788
f 3789/3789/3789 3790/3790/3790 3791/3791/3791
f 3789/3789/3789 3791/3791/3791 3792/3792/3792
f 3793/3793/3793 3794/3794/3794 3795/3795/3795
f 3793/3793/3793 3795/3795/3795 3796/3796/3796
f 3797/3797/3797 3798/3798/3798 3799/3799/3799
f 3797/3797/3797 3799/3799/3799 3800/3800/3800
f 3801/3801/3801 3802/3802/3802 3803/3803/3803
f 3801/3801/3801 3803/3803/3803 3804/3804/3804
f 3805/3805/3805 3806/3806/3806 3807/3807/3807
f 3805/3805/3805 3807/3807/3807 3808/3808/3808
f 3809/3809/3809 3810/3810/3810 3811/3811/3811
f 3809/3809/3809 3811/3811/3811 3812/3812/3812
f 3813/3813/3813 3814/3814/3814 3815/3815/3815
f 3813/3813/3813 3815/3815/3815 3816/3816/3816
f 3817/3817/3817 3818/3818/3818 3819/3819/3819
f 3817/3817/3817 3819/3819/3819 3820/3820/3820
f 3821/3821/3821 3822/3822/3822 3823/3823/3823
f 3821/3821/3821 3823/3823/3823 3824/3824/3824
f 3825/3825/3825 3826/3826/3826 3827/3827/3827
f 3825/3825/3825 3827/3827/3827 3828/3828/3828
f 3829/3829/3829 3830/3830/3830 3831/3831/3831
f 3829/3829/3829 3831/3831/3831 3832/3832/3832
f 3833/3833/3833 3834/3834/3834 3835/3835/3835
f 3833/3833/3833 3835/3835/3835 3836/3836/3836
f 3837/3837/3837 3838/3838/3838 3839/3839/3839
f 3837/3837/3837 3839/3839/3839 3840/3840/3840
f 3841/3841/3841 3842/3842/3842 3843/3843/3843
f 3841/3841/3841 3843/3843/3843 3844/3844/3844
f 3845/3845/3845 3846/3846/3846 3847/3847/3847
f 3845/3845/3845 3847/3847/3847 3848/3848/3848
f 3849/3849/3849 3850/3850/3850 3851/3851/3851
f 3849/3849/3849 3851/3851/3851 3852/3852/3852
f 3853/3853/3853 3854/3854/3854 3855/3855/3855
f 3853/3853/3853 3855/3855/3855 3856/3856/3856
f 3857/3857/3857 3858/3858/3858 3859/3859/3859
f 3857/3857/3857 3859/3859/3859 3860/3860/3860
f 3861/3861/3861 3862/3862/3862 3863/3863/3863
f 3861/3861/3861 3863/3863/3863 3864/3864/3864
f 3865/3865/3865 3866/3866/3866 3867/3867/3867
f 3865/3865/3865 3867/3867/3867 3868/3868/3868
f 3869/3869/3869 3870/3870/3870 3871/3871/3871
f 3869/3869/3869 3871/3871/3871 3872/3872/3872
f 3873/3873/3873 3874/3874/3874 3875/3875/3875
f 3873/3873/3873 3875/3875/3875 3876/3876/3876
f 3877/3877/3877 3878/3878/3878 3879/3879/3879
f 3877/3877/3877 3879/3879/3879 3880/3880/3880
f 3881/3881/3881 3882/3882/3882 3883/3883/3883
f 3881/3881/3881 3883/3883/3883 3884/3884/3884
f 3885/3885/3885 3886/3886/3886 3887/3887/3887
f 3885/3885/3885 3887/3887/3887 3888/3888/3888
f 3889/3889/3889 3890/3890/3890 3891/3891/3891
f 3889/3889/3889 3891/3891/3891 3892/3892/3892
f 3893/3893/3893 3894/3894/3894 3895/3895/3895
f 3893/3893/3893 3895/3895/3895 3896/3896/3896
f 3897/3897/3897 3898/3898/3898 3899/3899/3899
f 3897/3897/3897 3899/3899/3899 3900/3900/3900
f 3901/3901/3901 3902/3902/3902 3903/3903/3903
f 3901/3901/3901 3903/3903/3903 3904/3904/3904
f 3905/3905/3905 3906/3906/3906 3907/3907/3907
f 3905/3905/3905 3907/3907/3907 3908/3908/3908
f 3909/3909/3909 3910/3910/3910 3911/3911/3911
f 3909/3909/3909 3911/3911/3911 3912/3912/3912
f 3913/3913/3913 3914/3914/3914 3915/3915/3915
f 3913/3913/3913 3915/3915/3915 3916/3916/3916
f 3917/3917/3917 3918/3918/3918 3919/3919/3919
f 3917/3917/3917 3919/3919/3919 3920/3920/3920
f 3921/3921/3921 3922/3922/3922 3923/3923/3923
f 3921/3921/3921 3923/3923/3923 3924/3924/3924
f 3925/3925/3925 3926/3926/3926 3927/3927/3927
f 3925/3925/3925 3927/3927/3927 3928/3928/3928
f 3929/3929/3929 3930/3930/3930 3931/3931/3931
f 3929/3929/3929 3931/3931/3931 3932/3932/3932
f 3933/3933/3933 3934/3934/3934 3935/3935/3935
f 3933/3933/3933 3935/3935/3935 3936/3936/3936
f 3937/3937/3937 3938/3938/3938 3939/3939/3939
f 3937/3937/3937 3939/3939/3939 3940/3940/3940
f 3941/3941/3941 3942/3942/3942 3943/3943/3943
f 3941/3941/3941 3943/3943/3943 3944/3944/3944
f 3945/3945/3945 3946/3946/3946 3947/3947/3947
f 3945/3945/3945 3947/3947/3947 3948/3948/3948
f 3949/3949/3949 3950/3950/3950 3951/3951/3951
f 3949/3949/3949 3951/3951/3951 3952/3952/3952
f 3953/3953/3953 3954/3954/3954 3955/3955/3955
f 3953/3953/3953 3955/3955/3955 3956/3956/3956
f 3957/3957/3957 3958/3958/3958 3959/3959/3959
f 3957/3957/3957 3959/3959/3959 3960/3960/3960
f 3961/3961/3961 3962/3962/3962 3963/3963/3963
f 3961/3961/3961 3963/3963/3963 3964/3964/3964
f 3965/3965/3965 3966/3966/3966 3967/3967/3967
f 3965/3965/3965 3967/3967/3967 3968/3968/3968
f 3969/3969/3969 3970/3970/3970 3971/3971/3971
f 3969/3969/3969 3971/3971/3971 3972/3972/3972
f 3973/3973/3973 3974/3974/3974 3975/3975/3975
f 3973/3973/3973 3975/3975/3975 3976/3976/3976
f 3977/3977/3977 3978/3978/3978 3979/3979/3979
f 3977/3977/3977 3979/3979/3979 3980/3980/3980
f 3981/3981/3981 3982/3982/3982 3983/3983/3983
f 3981/3981/3981 3983/3983/3983 3984/3984/3984
f 3985/3985/3985 3986/3986/3986 3987/3987/3987
f 3985/3985/3985 3987/3987/3987 3988/3988/3988
f 3989/3989/3989 3990/3990/3990 3991/3991/3991
f 3989/3989/3989 3991/3991/3991 3992/3992/3992
f 3993/3993/3993 3994/3994/3994 3995/3995/3995
f 3993/3993/3993 3995/3995/3995 3996/3996/3996
f 3997/3997/3997 3998/3998/3998 3999/3999/3999
f 3997/3997/3997 3999/3999/3999 4000/4000/4000
f 4001/4001/4001 4002/4002/4002 4003/4003/4003
f 4001/4001/4001 4003/4003/4003 4004/4004/4004
f 4005/4005/4005 4006/4006/4006 4007/4007/4007
f 4005/4005/4005 4007/4007/4007 4008/4008/4008
f 4009/4009/4009 4010/4010/4010 4011/4011/4011
f 4009/4009/4009 4011/4011/4011 4012/4012/4012
f 4013/4013/4013 4014/4014/4014 4015/4015/4015
f 4013/4013/4013 4015/4015/4015 4016/4016/4016
f 4017/4017/4017 4018/4018/4018 4019/4019/4019
f 4017/4017/4017 4019/4019/4019 4020/4020/4020
f 4021/4021/4021 4022/4022/4022 4023/4023/4023
f 4021/4021/4021 4023/4023/4023 4024/4024/4024
f 4025/4025/4025 4026/4026/4026 4027/4027/4027
f 4025/4025/4025 4027/4027/4027 4028/4028/4028
f 4029/4029/4029 4030/4030/4030 4031/4031/4031
f 4029/4029/4029 4031/4031/4031 4032/4032/4032
f 4033/4033/4033 4034/4034/4034 4035/4035/4035
f 4033/4033/4033 4035/4035/4035 4036/4036/4036
f 4037/4037/4037 4038/4038/4038 4039/4039/4039
f 4037/4037/4037 4039/4039/4039 4040/4040/4040
f 4041/4041/4041 4042/4042/4042 4043/4043/4043
f 4041/4041/4041 4043/4043/4043 4044/4044/4044
f 4045/4045/4045 4046/4046/4046 4047/4047/4047
f 4045/4045/4045 4047/4047/4047 4048/4048/4048
f 4049/4049/4049 4050/4050/4050 4051/4051/4051
f 4049/4049/4049 4051/4051/4051 4052/4052/4052
f 4053/4053/4053 4054/4054/4054 4055/4055/4055
f 4053/4053/4053 4055/4055/4055 4056/4056/4056
f 4057/4057/4057 4058/4058/4058 4059/4059/4059
f 4057/4057/4057 4059/4059/4059 4060/4060/4060
f 4061/4061/4061 4062/4062/4062 4063/4063/4063
f 4061/4061/4061 4063/4063/4063 4064/4064/4064
f 4065/4065/4065 4066/4066/4066 4067/4067/4067
f 4065/4065/4065 4067/4067/4067 4068/4068/4068
f 4069/4069/4069 4070/4070/4070 4071/4071/4071
f 4069/4069/4069 4071/4071/4071 4072/4072/4072
f 4073/4073/4073 4074/4074/4074 4075/4075/4075
f 4073/4073/4073 4075/4075/4075 4076/4076/4076
f 4077/4077/4077 4078/4078/4078 4079/4079/4079
f 4077/4077/4077 4079/4079/4079 4080/4080/4080
f 4081/4081/4081 4082/4082/4082 4083/4083/4083
f 4081/4081/4081 4083/4083/4083 4084/4084/4084
f 4085/4085/4085 4086/4086/4086 4087/4087/4087
f 4085/4085/4085 4087/4087/4087 4088/4088/4088
f 4089/4089/4089 4090/4090/4090 4091/4091/4091
f 4089/4089/4089 4091/4091/4091 4092/4092/4092
f 4093/4093/4093 4094/4094/4094 4095/4095/4095
f 4093/4093/4093 4095/4095/4095 4096/4096/4096
f 4097/4097/4097 4098/4098/4098 4099/4099/4099
f 4097/4097/4097 4099/4099/4099 4100/4100/4100
f 4101/4101/4101 4102/4102/4102 4103/4103/4103
f 4101/4101/4101 4103/4103/4103 4104/4104/4104
f 4105/4105/4105 4106/4106/4106 4107/4107/4107
f 4105/4105/4105 4107/4107/4107 4108/4108/4108
f 4109/4109/4109 4110/4110/4110 4111/4111/4111
f 4109/4109/4109 4111/4111/4111 4112/4112/4112
f 4113/4113/4113 4114/4114/4114 4115/4115/4115
f 4113/4113/4113 4115/4115/4115 4116/4116/4116
f 4117/4117/4117 4118/4118/4118 4119/4119/4119
f 4117/4117/4117 4119/4119/4119 4120/4120/4120
f 4121/4121/4121 4122/4122/4122 4123/4123/4123
f 4121/4121/4121 4123/4123/4123 4124/4124/4124
f 4125/4125/4125 4126/4126/4126 4127/4127/4127
f 4125/4125/4125 4127/4127/4127 4128/4128/4128
f 4129/4129/4129 4130/4130/4130 4131/4131/4131
f 4129/4129/4129 4131/4131/4131 4132/4132/4132
f 4133/4133/4133 4134/4134/4134 4135/4135/4135
f 4133/4133/4133 4135/4135/4135 4136/4136/4136
f 4137/4137/4137 4138/4138/4138 4139/4139/4139
f 4137/4137/4137 4139/4139/4139 4140/4140/4140
f 4141/4141/4141 4142/4142/4142 4143/4143/4143
f 4141/4141/4141 4143/4143/4143 4144/4144/4144
f 4145/4145/4145 4146/4146/4146 4147/4147/4147
f 4145/4145/4145 4147/4147/4147 4148/4148/4148
f 4149/4149/4149 4150/4150/4150 4151/4151/4151
f 4149/4149/4149 4151/4151/4151 4152/4152/4152
f 4153/4153/4153 4154/4154/4154 4155/4155/4155
f 4153/4153/4153 4155/4155/4155 4156/4156/4156
f 4157/4157/4157 4158/4158/4158 4159/4159/4159
f 4157/4157/4157 4159/4159/4159 4160/4160/4160
f 4161/4161/4161 4162/4162/4162 4163/4163/4163
f 4161/4161/4161 4163/4163/4163 4164/4164/4164
f 4165/4165/4165 4166/4166/4166 4167/4167/4167
f 4165/4165/4165 4167/4167/4167 4168/4168/4168
f 4169/4169/4169 4170/4170/4170 4171/4171/4171
f 4169/4169/4169 4171/4171/4171 4172/4172/4172
f 4173/4173/4173 4174/4174/4174 4175/4175/4175
f 4173/4173/4173 4175/4175/4175 4176/4176/4176
f 4177/4177/4177 4178/4178/4178 4179/4179/4179
f 4177/4177/4177 4179/4179/4179 4180/4180/4180
f 4181/4181/4181 4182/4182/4182 4183/4183/4183
f 4181/4181/4181 4183/4183/4183 4184/4184/4184
f 4185/4185/4185 4186/4186/4186 4187/4187/4187
f 4185/4185/4185 4187/4187/4187 4188/4188/4188
f 4189/4189/4189 4190/4190/4190 4191/4191/4191
f 4189/4189/4189 4191/4191/4191 4192/4192/4192
f 4193/4193/4193 4194/4194/4194 4195/4195/4195
f 4193/4193/4193 4195/4195/4195 4196/4196/4196
f 4197/4197/4197 4198/4198/4198 4199/4199/4199
f 4197/4197/4197 4199/4199/4199 4200/4200/4200
f 4201/4201/4201 4202/4202/4202 4203/4203/4203
f 4201/4201/4201 4203/4203/4203 4204/4204/4204
f 4205/4205/4205 4206/4206/4206 4207/4207/4207
f 4205/4205/4205 4207/4207/4207 4208/4208/4208
f 4209/4209/4209 4210/4210/4210 4211/4211/4211
f 4209/4209/4209 4211/4211/4211 4212/4212/4212
f 4213/4213/4213 4214/4214/4214 4215/4215/4215
f 4213/4213/4213 4215/4215/4215 4216/4216/4216
f 4217/4217/4217 4218/4218/4218 4219/4219/4219
f 4217/4217/4217 4219/4219/4219 4220/4220/4220
f 4221/4221/4221 4222/4222/4222 4223/4223/4223
f 4221/4221/4221 4223/4223/4223 4224/4224/4224
f 4225/4225/4225 4226/4226/4226 4227/4227/4227
f 4225/4225/4225 4227/4227/4227 4228/4228/4228
f 4229/4229/4229 4230/4230/4230 4231/4231/4231
f 4229/4229/4229 4231/4231/4231 4232/4232/4232
f 4233/4233/4233 4234/4234/4234 4235/4235/4235
f 4233/4233/4233 4235/4235/4235 4236/4236/4236
f 4237/4237/4237 4238/4238/4238 4239/4239/4239
f 4237/4237/4237 4239/4239/4239 4240/4240/4240
f 4241/4241/4241 4242/4242/4242 4243/4243/4243
f 4241/4241/4241 4243/4243/4243 4244/4244/4244
f 4245/4245/4245 4246/4246/4246 4247/4247/4247
f 4245/4245/4245 4247/4247/4247 4248/4248/4248
f 4249/4249/4249 4250/4250/4250 4251/4251/4251
f 4249/4249/4249 4251/4251/4251 4252/4252/4252
f 4253/4253/4253 4254/4254/4254 4255/4255/4255
f 4253/4253/4253 4255/4255/4255 4256/4256/4256
f 4257/4257/4257 4258/4258/4258 4259/4259/4259
f 4257/4257/4257 4259/4259/4259 4260/4260/4260
f 4261/4261/4261 4262/4262/4262 4263/4263/4263
f 4261/4261/4261 4263/4263/4263 4264/4264/4264
f 4265/4265/4265 4266/4266/4266 4267/4267/4267
f 4265/4265/4265 4267/4267/4267 4268/4268/4268
f 4269/4269/4269 4270/4270/4270 4271/4271/4271
f 4269/4269/4269 4271/4271/4271 4272/4272/4272
f 4273/4273/4273 4274/4274/4274 4275/4275/4275
f 4273/4273/4273 4275/4275/4275 4276/4276/4276
f 4277/4277/4277 4278/4278/4278 4279/4279/4279
f 4277/4277/4277 4279/4279/4279 4280/4280/4280
f 4281/4281/4281 4282/4282/4282 4283/4283/4283
f 4281/4281/4281 4283/4283/4283 4284/4284/4284
f 4285/4285/4285 4286/4286/4286 4287/4287/4287
f 4285/4285/4285 4287/4287/4287 4288/4288/4288
f 4289/4289/4289 4290/4290/4290 4291/4291/4291
f 4289/4289/4289 4291/4291/4291 4292/4292/4292
f 4293/4293/4293 4294/4294/4294 4295/4295/4295
f 4293/4293/4293 4295/4295/4295 4296/4296/4296
f 4297/4297/4297 4298/4298/4298 4299/4299/4299
f 4297/4297/4297 4299/4299/4299 4300/4300/4300
f 4301/4301/4301 4302/4302/4302 4303/4303/4303
f 4301/4301/4301 4303/4303/4303 4304/4304/4304
f 4305/4305/4305 4306/4306/4306 4307/4307/4307
f 4305/4305/4305 4307/4307/4307 4308/4308/4308
f 4309/4309/4309 4310/4310/4310 4311/4311/4311
f 4309/4309/4309 4311/4311/4311 4312/4312/4312
f 4313/4313/4313 4314/4314/4314 4315/4315/4315
f 4313/4313/4313 4315/4315/4315 4316/4316/4316
f 4317/4317/4317 4318/4318/4318 4319/4319/4319
f 4317/4317/4317 4319/4319/4319 4320/4320/4320
f 4321/4321/4321 4322/4322/4322 4323/4323/4323
f 4321/4321/4321 4323/4323/4323 4324/4324/4324
f 4325/4325/4325 4326/4326/4326 4327/4327/4327
f 4325/4325/4325 4327/4327/4327 4328/4328/4328
f 4329/4329/4329 4330/4330/4330 4331/4331/4331
f 4329/4329/4329 4331/4331/4331 4332/4332/4332
f 4333/4333/4333 4334/4334/4334 4335/4335/4335
f 4333/4333/4333 4335/4335/4335 4336/4336/4336
f 4337/4337/4337 4338/4338/4338 4339/4339/4339
f 4337/4337/4337 4339/4339/4339 4340/4340/4340
f 4341/4341/4341 4342/4342/4342 4343/4343/4343
f 4341/4341/4341 4343/4343/4343 4344/4344/4344
f 4345/4345/4345 4346/4346/4346 4347/4347/4347
f 4345/4345/4345 4347/4347/4347 4348/4348/4348
f 4349/4349/4349 4350/4350/4350 4351/4351/4351
f 4349/4349/4349 4351/4351/4351 4352/4352/4352
f 4353/4353/4353 4354/4354/4354 4355/4355/4355
f 4353/4353/4353 4355/4355/4355 4356/4356/4356
f 4357/4357/4357 4358/4358/4358 4359/4359/4359
f 4357/4357/4357 4359/4359/4359 4360/4360/4360
f 4361/4361/4361 4362/4362/4362 4363/4363/4363
f 4361/4361/4361 4363/4363/4363 4364/4364/4364
f 4365/4365/4365 4366/4366/4366 4367/4367/4367
f 4365/4365/4365 4367/4367/4367 4368/4368/4368
f 4369/4369/4369 4370/4370/4370 4371/4371/4371
f 4369/4369/4369 4371/4371/4371 4372/4372/4372
f 4373/4373/4373 4374/4374/4374 4375/4375/4375
f 4373/4373/4373 4375/4375/4375 4376/4376/4376
f 4377/4377/4377 4378/4378/4378 4379/4379/4379
f 4377/4377/4377 4379/4379/4379 4380/4380/4380
f 4381/4381/4381 4382/4382/4382 4383/4383/4383
f 4381/4381/4381 4383/4383/4383 4384/4384/4384
f 4385/4385/4385 4386/4386/4386 4387/4387/4387
f 4385/4385/4385 4387/4387/4387 4388/4388/4388
f 4389/4389/4389 4390/4390/4390 4391/4391/4391
f 4389/4389/4389 4391/4391/4391 4392/4392/4392
f 4393/4393/4393 4394/4394/4394 4395/4395/4395
f 4393/4393/4393 4395/4395/4395 4396/4396/4396
f 4397/4397/4397 4398/4398/4398 4399/4399/4399
f 4397/4397/4397 4399/4399/4399 4400/4400/4400
f 4401/4401/4401 4402/4402/4402 4403/4403/4403
f 4401/4401/4401 4403/4403/4403 4404/4404/4404
f 4405/4405/4405 4406/4406/4406 4407/4407/4407
f 4405/4405/4405 4407/4407/4407 4408/4408/4408
f 4409/4409/4409 4410/4410/4410 4411/4411/4411
f 4409/4409/4409 4411/4411/4411 4412/4412/4412
f 4413/4413/4413 4414/4414/4414 4415/4415/4415
f 4413/4413/4413 4415/4415/4415 4416/4416/4416
f 4417/4417/4417 4418/4418/4418 4419/4419/4419
f 4417/4417/4417 4419/4419/4419 4420/4420/4420
f 4421/4421/4421 4422/4422/4422 4423/4423/4423
f 4421/4421/4421 4423/4423/4423 4424/4424/4424
f 4425/4425/4425 4426/4426/4426 4427/4427/4427
f 4425/4425/4425 4427/4427/4427 4428/4428/4428
f 4429/4429/4429 4430/4430/4430 4431/4431/4431
f 4429/4429/4429 4431/4431/4431 4432/4432/4432
f 4433/4433/4433 4434/4434/4434 4435/4435/4435
f 4433/4433/4433 4435/4435/4435 4436/4436/4436
f 4437/4437/4437 4438/4438/4438 4439/4439/4439
f 4437/4437/4437 4439/4439/4439 4440/4440/4440
f 4441/4441/4441 4442/4442/4442 4443/4443/4443
f 4441/4441/4441 4443/4443/4443 4444/4444/4444
f 4445/4445/4445 4446/4446/4446 4447/4447/4447
f 4445/4445/4445 4447/4447/4447 4448/4448/4448
f 4449/4449/4449 4450/4450/4450 4451/4451/4451
f 4449/4449/4449 4451/4451/4451 4452/4452/4452
f 4453/4453/4453 4454/4454/4454 4455/4455/4455
f 4453/4453/4453 4455/4455/4455 4456/4456/4456
f 4457/4457/4457 4458/4458/4458 4459/4459/4459
f 4457/4457/4457 4459/4459/4459 4460/4460/4460
f 4461/4461/4461 4462/4462/4462 4463/4463/4463
f 4461/4461/4461 4463/4463/4463 4464/4464/4464
f 4465/4465/4465 4466/4466/4466 4467/4467/4467
f 4465/4465/4465 4467/4467/4467 4468/4468/4468
f 4469/4469/4469 4470/4470/4470 4471/4471/4471
f 4469/4469/4469 4471/4471/4471 4472/4472/4472
f 4473/4473/4473 4474/4474/4474 4475/4475/4475
f 4473/4473/4473 4475/4475/4475 4476/4476/4476
f 4477/4477/4477 4478/4478/4478 4479/4479/4479
f 4477/4477/4477 4479/4479/4479 4480/4480/4480
f 4481/4481/4481 4482/4482/4482 4483/4483/4483
f 4481/4481/4481 4483/4483/4483 4484/4484/4484
f 4485/4485/4485 4486/4486/4486 4487/4487/4487
f 4485/4485/4485 4487/4487/4487 4488/4488/4488
f 4489/4489/4489 4490/4490/4490 4491/4491/4491
f 4489/4489/4489 4491/4491/4491 4492/4492/4492
f 4493/4493/4493 4494/4494/4494 4495/4495/4495
f 4493/4493/4493 4495/4495/4495 4496/4496/4496
f 4497/4497/4497 4498/4498/4498 4499/4499/4499
f 4497/4497/4497 4499/4499/4499 4500/4500/4500
f 4501/4501/4501 4502/4502/4502 4503/4503/4503
f 4501/4501/4501 4503/4503/4503 4504/4504/4504
f 4505/4505/4505 4506/4506/4506 4507/4507/4507
f 4505/4505/4505 4507/4507/4507 4508/4508/4508
f 4509/4509/4509 4510/4510/4510 4511/4511/4511
f 4509/4509/4509 4511/4511/4511 4512/4512/4512
f 4513/4513/4513 4514/4514/4514 4515/4515/4515
f 4513/4513/4513 4515/4515/4515 4516/4516/4516
f 4517/4517/4517 4518/4518/4518 4519/4519/4519
f 4517/4517/4517 4519/4519/4519 4520/4520/4520
f 4521/4521/4521 4522/4522/4522 4523/4523/4523
f 4521/4521/4521 4523/4523/4523 4524/4524/4524
f 4525/4525/4525 4526/4526/4526 4527/4527/4527
f 4525/4525/4525 4527/4527/4527 4528/4528/4528
f 4529/4529/4529 4530/4530/4530 4531/4531/4531
f 4529/4529/4529 4531/4531/4531 4532/4532/4532
f 4533/4533/4533 4534/4534/4534 4535/4535/4535
f 4533/4533/4533 4535/4535/4535 4536/4536/4536
f 4537/4537/4537 4538/4538/4538 4539/4539/4539
f 4537/4537/4537 4539/4539/4539 4540/4540/4540
f 4541/4541/4541 4542/4542/4542 4543/4543/4543
f 4541/4541/4541 4543/4543/4543 4544/4544/4544
f 4545/4545/4545 4546/4546/4546 4547/4547/4547
f 4545/4545/4545 4547/4547/4547 4548/4548/4548
f 4549/4549/4549 4550/4550/4550 4551/4551/4551
f 4549/4549/4549 4551/4551/4551 4552/4552/4552
f 4553/4553/4553 4554/4554/4554 4555/4555/4555
f 4553/4553/4553 4555/4555/4555 4556/4556/4556
f 4557/4557/4557 4558/4558/4558 4559/4559/4559
f 4557/4557/4557 4559/4559/4559 4560/4560/4560
f 4561/4561/4561 4562/4562/4562 4563/4563/4563
f 4561/4561/4561 4563/4563/4563 4564/4564/4564
f 4565/4565/4565 4566/4566/4566 4567/4567/4567
f 4565/4565/4565 4567/4567/4567 4568/4568/4568
f 4569/4569/4569 4570/4570/4570 4571/4571/4571
f 4569/4569/4569 4571/4571/4571 4572/4572/4572
f 4573/4573/4573 4574/4574/4574 4575/4575/4575
f 4573/4573/4573 4575/4575/4575 4576/4576/4576
f 4577/4577/4577 4578/4578/4578 4579/4579/4579
f 4577/4577/4577 4579/4579/4579 4580/4580/4580
f 4581/4581/4581 4582/4582/4582 4583/4583/4583
f 4581/4581/4581 4583/4583/4583 4584/4584/4584
f 4585/4585/4585 4586/4586/4586 4587/4587/4587
f 4585/4585/4585 4587/4587/4587 4588/4588/4588
f 4589/4589/4589 4590/4590/4590 4591/4591/4591
f 4589/4589/4589 4591/4591/4591 4592/4592/4592
f 4593/4593/4593 4594/4594/4594 4595/4595/4595
f 4593/4593/4593 4595/4595/4595 4596/4596/4596
f 4597/4597/4597 4598/4598/4598 4599/4599/4599
f 4597/4597/4597 4599/4599/4599 4600/4600/4600
f 4601/4601/4601 4602/4602/4602 4603/4603/4603
f 4601/4601/4601 4603/4603/4603 4604/4604/4604
f 4605/4605/4605 4606/4606/4606 4607/4607/4607
f 4605/4605/4605 4607/4607/4607 4608/4608/4608
f 4609/4609/4609 4610/4610/4610 4611/4611/4611
f 4609/4609/4609 4611/4611/4611 4612/4612/4612
f 4613/4613/4613 4614/4614/4614 4615/4615/4615
f 4613/4613/4613 4615/4615/4615 4616/4616/4616
f 4617/4617/4617 4618/4618/4618 4619/4619/4619
f 4617/4617/4617 4619/4619/4619 4620/4620/4620
f 4621/4621/4621 4622/4622/4622 4623/4623/4623
f 4621/4621/4621 4623/4623/4623 4624/4624/4624
f 4625/4625/4625 4626/4626/4626 4627/4627/4627
f 4625/4625/4625 4627/4627/4627 4628/4628/4628
f 4629/4629/4629 4630/4630/4630 4631/4631/4631
f 4629/4629/4629 4631/4631/4631 4632/4632/4632
