v -0.54378 -0.291143 -0.502013
v -0.533431 -0.274502 -0.499523
v -0.539588 -0.271846 -0.495389
v -0.549959 -0.287346 -0.49749
v -0.54378 -0.291143 -0.502013
v -0.536721 -0.293677 -0.520834
v -0.526148 -0.275934 -0.518619
v -0.533431 -0.274502 -0.499523
v -0.533431 -0.274502 -0.499523
v -0.524394 -0.257057 -0.497624
v -0.530343 -0.255374 -0.493823
v -0.539588 -0.271846 -0.495389
v -0.524394 -0.257057 -0.497624
v -0.533431 -0.274502 -0.499523
v -0.526148 -0.275934 -0.518619
v -0.51713 -0.25754 -0.517067
v -0.52534 -0.27617 -0.523227
v -0.516381 -0.257708 -0.521694
v -0.51713 -0.25754 -0.517067
v -0.526148 -0.275934 -0.518619
v -0.526148 -0.275934 -0.518619
v -0.536721 -0.293677 -0.520834
v -0.535875 -0.294006 -0.525427
v -0.52534 -0.27617 -0.523227
v -0.509527 -0.23859 -0.516199
v -0.51713 -0.25754 -0.517067
v -0.516381 -0.257708 -0.521694
v -0.508861 -0.238728 -0.52085
v -0.524394 -0.257057 -0.497624
v -0.51713 -0.25754 -0.517067
v -0.509527 -0.23859 -0.516199
v -0.516574 -0.238892 -0.496326
v -0.508861 -0.238728 -0.52085
v -0.516381 -0.257708 -0.521694
v -0.517002 -0.25795 -0.526364
v -0.509583 -0.239161 -0.525505
v -0.525848 -0.276254 -0.527906
v -0.517002 -0.25795 -0.526364
v -0.516381 -0.257708 -0.521694
v -0.52534 -0.27617 -0.523227
v -0.511709 -0.239962 -0.531318
v -0.509583 -0.239161 -0.525505
v -0.517002 -0.25795 -0.526364
v -0.518889 -0.258301 -0.53194
v -0.527444 -0.27623 -0.533154
v -0.518889 -0.258301 -0.53194
v -0.517002 -0.25795 -0.526364
v -0.525848 -0.276254 -0.527906
v -0.523163 -0.258961 -0.538519
v -0.516289 -0.24139 -0.537979
v -0.511709 -0.239962 -0.531318
v -0.518889 -0.258301 -0.53194
v -0.518889 -0.258301 -0.53194
v -0.527444 -0.27623 -0.533154
v -0.53135 -0.276203 -0.539576
v -0.523163 -0.258961 -0.538519
v -0.53135 -0.276203 -0.539576
v -0.527444 -0.27623 -0.533154
v -0.53748 -0.293584 -0.534941
v -0.540919 -0.29291 -0.541124
v -0.527444 -0.27623 -0.533154
v -0.525848 -0.276254 -0.527906
v -0.536239 -0.293939 -0.530107
v -0.53748 -0.293584 -0.534941
v -0.53748 -0.293584 -0.534941
v -0.536239 -0.293939 -0.530107
v -0.548059 -0.31087 -0.532907
v -0.548935 -0.310246 -0.5373
v -0.551847 -0.308971 -0.543192
v -0.540919 -0.29291 -0.541124
v -0.53748 -0.293584 -0.534941
v -0.548935 -0.310246 -0.5373
v -0.52534 -0.27617 -0.523227
v -0.535875 -0.294006 -0.525427
v -0.536239 -0.293939 -0.530107
v -0.525848 -0.276254 -0.527906
v -0.535875 -0.294006 -0.525427
v -0.547861 -0.31108 -0.528238
v -0.548059 -0.31087 -0.532907
v -0.536239 -0.293939 -0.530107
v -0.547861 -0.31108 -0.528238
v -0.561108 -0.327248 -0.531597
v -0.561147 -0.326925 -0.536247
v -0.548059 -0.31087 -0.532907
v -0.548935 -0.310246 -0.5373
v -0.548059 -0.31087 -0.532907
v -0.561147 -0.326925 -0.536247
v -0.561706 -0.326108 -0.540235
v -0.575358 -0.34199 -0.540075
v -0.561147 -0.326925 -0.536247
v -0.561108 -0.327248 -0.531597
v -0.575435 -0.342373 -0.535446
v -0.575687 -0.341063 -0.543751
v -0.561706 -0.326108 -0.540235
v -0.561147 -0.326925 -0.536247
v -0.575358 -0.34199 -0.540075
v -0.564088 -0.324299 -0.545823
v -0.551847 -0.308971 -0.543192
v -0.548935 -0.310246 -0.5373
v -0.561706 -0.326108 -0.540235
v -0.561706 -0.326108 -0.540235
v -0.575687 -0.341063 -0.543751
v -0.577596 -0.338807 -0.549059
v -0.564088 -0.324299 -0.545823
v -0.577596 -0.338807 -0.549059
v -0.575687 -0.341063 -0.543751
v -0.590738 -0.354951 -0.547777
v -0.592277 -0.352351 -0.55286
v -0.575687 -0.341063 -0.543751
v -0.575358 -0.34199 -0.540075
v -0.590528 -0.355912 -0.544292
v -0.590738 -0.354951 -0.547777
v -0.590738 -0.354951 -0.547777
v -0.590528 -0.355912 -0.544292
v -0.606378 -0.368341 -0.548567
v -0.606561 -0.367402 -0.55195
v -0.607841 -0.364561 -0.55686
v -0.592277 -0.352351 -0.55286
v -0.590738 -0.354951 -0.547777
v -0.606561 -0.367402 -0.55195
v -0.575435 -0.342373 -0.535446
v -0.590639 -0.356279 -0.539672
v -0.590528 -0.355912 -0.544292
v -0.575358 -0.34199 -0.540075
v -0.590639 -0.356279 -0.539672
v -0.606439 -0.368637 -0.543945
v -0.606378 -0.368341 -0.548567
v -0.590528 -0.355912 -0.544292
v -0.606439 -0.368637 -0.543945
v -0.622526 -0.379073 -0.547873
v -0.622591 -0.378879 -0.552506
v -0.606378 -0.368341 -0.548567
v -0.606561 -0.367402 -0.55195
v -0.606378 -0.368341 -0.548567
v -0.622591 -0.378879 -0.552506
v -0.62282 -0.377994 -0.555831
v -0.638847 -0.387121 -0.555707
v -0.622591 -0.378879 -0.552506
v -0.622526 -0.379073 -0.547873
v -0.638595 -0.387216 -0.551062
v -0.639179 -0.386306 -0.558981
v -0.62282 -0.377994 -0.555831
v -0.622591 -0.378879 -0.552506
v -0.638847 -0.387121 -0.555707
v -0.623949 -0.375011 -0.560611
v -0.607841 -0.364561 -0.55686
v -0.606561 -0.367402 -0.55195
v -0.62282 -0.377994 -0.555831
v -0.62282 -0.377994 -0.555831
v -0.639179 -0.386306 -0.558981
v -0.640263 -0.383272 -0.563664
v -0.623949 -0.375011 -0.560611
v -0.639179 -0.386306 -0.558981
v -0.655358 -0.392032 -0.561033
v -0.656494 -0.38903 -0.565642
v -0.640263 -0.383272 -0.563664
v -0.638847 -0.387121 -0.555707
v -0.654883 -0.392783 -0.557827
v -0.655358 -0.392032 -0.561033
v -0.639179 -0.386306 -0.558981
v -0.656494 -0.38903 -0.565642
v -0.655358 -0.392032 -0.561033
v -0.6713 -0.395336 -0.561903
v -0.672538 -0.39241 -0.566462
v -0.655358 -0.392032 -0.561033
v -0.654883 -0.392783 -0.557827
v -0.670664 -0.396038 -0.558767
v -0.6713 -0.395336 -0.561903
v -0.638595 -0.387216 -0.551062
v -0.654395 -0.392802 -0.553177
v -0.654883 -0.392783 -0.557827
v -0.638847 -0.387121 -0.555707
v -0.654395 -0.392802 -0.553177
v -0.669914 -0.39601 -0.554125
v -0.670664 -0.396038 -0.558767
v -0.654883 -0.392783 -0.557827
v -0.669914 -0.39601 -0.554125
v -0.685197 -0.397129 -0.553875
v -0.686209 -0.397174 -0.558495
v -0.670664 -0.396038 -0.558767
v -0.6713 -0.395336 -0.561903
v -0.670664 -0.396038 -0.558767
v -0.686209 -0.397174 -0.558495
v -0.687003 -0.396496 -0.561574
v -0.701536 -0.396478 -0.556982
v -0.686209 -0.397174 -0.558495
v -0.685197 -0.397129 -0.553875
v -0.700287 -0.396451 -0.552401
v -0.687003 -0.396496 -0.561574
v -0.686209 -0.397174 -0.558495
v -0.701536 -0.396478 -0.556982
v -0.702465 -0.395793 -0.560033
v -0.672538 -0.39241 -0.566462
v -0.6713 -0.395336 -0.561903
v -0.687003 -0.396496 -0.561574
v -0.688342 -0.393653 -0.566113
v -0.688342 -0.393653 -0.566113
v -0.687003 -0.396496 -0.561574
v -0.702465 -0.395793 -0.560033
v -0.703851 -0.392996 -0.564584
v -0.673573 -0.387244 -0.568329
v -0.672538 -0.39241 -0.566462
v -0.688342 -0.393653 -0.566113
v -0.689109 -0.38861 -0.568013
v -0.689109 -0.38861 -0.568013
v -0.688342 -0.393653 -0.566113
v -0.703851 -0.392996 -0.564584
v -0.70432 -0.388077 -0.566586
v -0.674391 -0.380983 -0.568211
v -0.673573 -0.387244 -0.568329
v -0.689109 -0.38861 -0.568013
v -0.689525 -0.382458 -0.567935
v -0.689525 -0.382458 -0.567935
v -0.689109 -0.38861 -0.568013
v -0.70432 -0.388077 -0.566586
v -0.704321 -0.38206 -0.566629
v -0.675207 -0.373444 -0.566898
v -0.674391 -0.380983 -0.568211
v -0.689525 -0.382458 -0.567935
v -0.690108 -0.37497 -0.566594
v -0.704654 -0.37467 -0.565334
v -0.690108 -0.37497 -0.566594
v -0.689525 -0.382458 -0.567935
v -0.704321 -0.38206 -0.566629
v -0.705244 -0.368369 -0.563546
v -0.69073 -0.368592 -0.564831
v -0.690108 -0.37497 -0.566594
v -0.704654 -0.37467 -0.565334
v -0.69073 -0.368592 -0.564831
v -0.675845 -0.367051 -0.56521
v -0.675207 -0.373444 -0.566898
v -0.690108 -0.37497 -0.566594
v -0.704321 -0.38206 -0.566629
v -0.718624 -0.379878 -0.564268
v -0.718668 -0.372611 -0.563086
v -0.704654 -0.37467 -0.565334
v -0.719198 -0.366436 -0.561321
v -0.705244 -0.368369 -0.563546
v -0.704654 -0.37467 -0.565334
v -0.718668 -0.372611 -0.563086
v -0.732377 -0.362964 -0.558227
v -0.719198 -0.366436 -0.561321
v -0.718668 -0.372611 -0.563086
v -0.731935 -0.368954 -0.559912
v -0.718668 -0.372611 -0.563086
v -0.718624 -0.379878 -0.564268
v -0.732227 -0.376033 -0.560884
v -0.731935 -0.368954 -0.559912
v -0.704321 -0.38206 -0.566629
v -0.70432 -0.388077 -0.566586
v -0.719082 -0.385789 -0.564032
v -0.718624 -0.379878 -0.564268
v -0.732227 -0.376033 -0.560884
v -0.718624 -0.379878 -0.564268
v -0.719082 -0.385789 -0.564032
v -0.733177 -0.381825 -0.560361
v -0.719082 -0.385789 -0.564032
v -0.718976 -0.390638 -0.561864
v -0.733481 -0.386615 -0.557948
v -0.733177 -0.381825 -0.560361
v -0.70432 -0.388077 -0.566586
v -0.703851 -0.392996 -0.564584
v -0.718976 -0.390638 -0.561864
v -0.719082 -0.385789 -0.564032
v -0.702465 -0.395793 -0.560033
v -0.717634 -0.393449 -0.557266
v -0.718976 -0.390638 -0.561864
v -0.703851 -0.392996 -0.564584
v -0.733481 -0.386615 -0.557948
v -0.718976 -0.390638 -0.561864
v -0.717634 -0.393449 -0.557266
v -0.732263 -0.389458 -0.553262
v -0.717634 -0.393449 -0.557266
v -0.716609 -0.394175 -0.554214
v -0.73118 -0.390235 -0.55019
v -0.732263 -0.389458 -0.553262
v -0.701536 -0.396478 -0.556982
v -0.716609 -0.394175 -0.554214
v -0.717634 -0.393449 -0.557266
v -0.702465 -0.395793 -0.560033
v -0.700287 -0.396451 -0.552401
v -0.71517 -0.394199 -0.54968
v -0.716609 -0.394175 -0.554214
v -0.701536 -0.396478 -0.556982
v -0.71517 -0.394199 -0.54968
v -0.729596 -0.390328 -0.545705
v -0.73118 -0.390235 -0.55019
v -0.716609 -0.394175 -0.554214
v -0.729596 -0.390328 -0.545705
v -0.743258 -0.384722 -0.540467
v -0.744947 -0.384569 -0.544912
v -0.73118 -0.390235 -0.55019
v -0.732263 -0.389458 -0.553262
v -0.73118 -0.390235 -0.55019
v -0.744947 -0.384569 -0.544912
v -0.746053 -0.383759 -0.548009
v -0.757607 -0.377085 -0.538379
v -0.744947 -0.384569 -0.544912
v -0.743258 -0.384722 -0.540467
v -0.755846 -0.377268 -0.533956
v -0.758705 -0.376288 -0.541498
v -0.746053 -0.383759 -0.548009
v -0.744947 -0.384569 -0.544912
v -0.757607 -0.377085 -0.538379
v -0.747095 -0.380925 -0.552831
v -0.733481 -0.386615 -0.557948
v -0.732263 -0.389458 -0.553262
v -0.746053 -0.383759 -0.548009
v -0.746053 -0.383759 -0.548009
v -0.758705 -0.376288 -0.541498
v -0.759549 -0.373564 -0.546509
v -0.747095 -0.380925 -0.552831
v -0.770005 -0.367002 -0.533779
v -0.77065 -0.364531 -0.539044
v -0.759549 -0.373564 -0.546509
v -0.758705 -0.376288 -0.541498
v -0.768939 -0.367719 -0.53064
v -0.770005 -0.367002 -0.533779
v -0.758705 -0.376288 -0.541498
v -0.757607 -0.377085 -0.538379
v -0.779035 -0.356518 -0.521932
v -0.780063 -0.355931 -0.525152
v -0.770005 -0.367002 -0.533779
v -0.768939 -0.367719 -0.53064
v -0.780063 -0.355931 -0.525152
v -0.780514 -0.353843 -0.530763
v -0.77065 -0.364531 -0.539044
v -0.770005 -0.367002 -0.533779
v -0.779035 -0.356518 -0.521932
v -0.768939 -0.367719 -0.53064
v -0.767132 -0.367883 -0.52621
v -0.777216 -0.356618 -0.51746
v -0.755846 -0.377268 -0.533956
v -0.767132 -0.367883 -0.52621
v -0.768939 -0.367719 -0.53064
v -0.757607 -0.377085 -0.538379
v -0.777216 -0.356618 -0.51746
v -0.767132 -0.367883 -0.52621
v -0.764963 -0.366806 -0.521972
v -0.774925 -0.35566 -0.513236
v -0.753847 -0.376074 -0.529682
v -0.764963 -0.366806 -0.521972
v -0.767132 -0.367883 -0.52621
v -0.755846 -0.377268 -0.533956
v -0.755846 -0.377268 -0.533956
v -0.743258 -0.384722 -0.540467
v -0.74147 -0.383416 -0.536144
v -0.753847 -0.376074 -0.529682
v -0.753847 -0.376074 -0.529682
v -0.745842 -0.36806 -0.514274
v -0.756142 -0.359696 -0.507052
v -0.764963 -0.366806 -0.521972
v -0.73449 -0.374629 -0.52023
v -0.745842 -0.36806 -0.514274
v -0.753847 -0.376074 -0.529682
v -0.74147 -0.383416 -0.536144
v -0.756142 -0.359696 -0.507052
v -0.745842 -0.36806 -0.514274
v -0.741441 -0.357316 -0.508797
v -0.751281 -0.350006 -0.502155
v -0.745842 -0.36806 -0.514274
v -0.73449 -0.374629 -0.52023
v -0.730671 -0.363075 -0.514275
v -0.741441 -0.357316 -0.508797
v -0.731919 -0.330995 -0.49736
v -0.740764 -0.326209 -0.49215
v -0.751281 -0.350006 -0.502155
v -0.741441 -0.357316 -0.508797
v -0.741441 -0.357316 -0.508797
v -0.730671 -0.363075 -0.514275
v -0.722408 -0.334829 -0.501681
v -0.731919 -0.330995 -0.49736
v -0.76552 -0.349551 -0.498724
v -0.756142 -0.359696 -0.507052
v -0.751281 -0.350006 -0.502155
v -0.760339 -0.341098 -0.494465
v -0.751281 -0.350006 -0.502155
v -0.740764 -0.326209 -0.49215
v -0.74913 -0.320267 -0.486072
v -0.760339 -0.341098 -0.494465
v -0.740764 -0.326209 -0.49215
v -0.733787 -0.309685 -0.482306
v -0.741649 -0.305628 -0.477405
v -0.74913 -0.320267 -0.486072
v -0.731919 -0.330995 -0.49736
v -0.725626 -0.312858 -0.486489
v -0.733787 -0.309685 -0.482306
v -0.740764 -0.326209 -0.49215
v -0.733787 -0.309685 -0.482306
v -0.730836 -0.302491 -0.458104
v -0.738241 -0.298194 -0.453926
v -0.741649 -0.305628 -0.477405
v -0.725626 -0.312858 -0.486489
v -0.723109 -0.305839 -0.461707
v -0.730836 -0.302491 -0.458104
v -0.733787 -0.309685 -0.482306
v -0.723109 -0.305839 -0.461707
v -0.722058 -0.300989 -0.429185
v -0.729451 -0.296739 -0.426032
v -0.730836 -0.302491 -0.458104
v -0.730836 -0.302491 -0.458104
v -0.729451 -0.296739 -0.426032
v -0.736424 -0.291377 -0.422452
v -0.738241 -0.298194 -0.453926
v -0.729451 -0.296739 -0.426032
v -0.728037 -0.281349 -0.384068
v -0.734596 -0.275261 -0.381379
v -0.736424 -0.291377 -0.422452
v -0.722058 -0.300989 -0.429185
v -0.720957 -0.286246 -0.386528
v -0.728037 -0.281349 -0.384068
v -0.729451 -0.296739 -0.426032
v -0.720957 -0.286246 -0.386528
v -0.720187 -0.25659 -0.339222
v -0.727122 -0.251867 -0.337694
v -0.728037 -0.281349 -0.384068
v -0.734596 -0.275261 -0.381379
v -0.728037 -0.281349 -0.384068
v -0.727122 -0.251867 -0.337694
v -0.733463 -0.246075 -0.336164
v -0.727122 -0.251867 -0.337694
v -0.726544 -0.214062 -0.28948
v -0.732793 -0.209209 -0.289256
v -0.733463 -0.246075 -0.336164
v -0.720187 -0.25659 -0.339222
v -0.719643 -0.218091 -0.289941
v -0.726544 -0.214062 -0.28948
v -0.727122 -0.251867 -0.337694
v -0.733463 -0.246075 -0.336164
v -0.732793 -0.209209 -0.289256
v -0.738509 -0.203591 -0.28924
v -0.739384 -0.239172 -0.334644
v -0.745061 -0.231117 -0.333145
v -0.739384 -0.239172 -0.334644
v -0.738509 -0.203591 -0.28924
v -0.743812 -0.197266 -0.289405
v -0.740856 -0.267827 -0.378487
v -0.734596 -0.275261 -0.381379
v -0.733463 -0.246075 -0.336164
v -0.739384 -0.239172 -0.334644
v -0.739384 -0.239172 -0.334644
v -0.745061 -0.231117 -0.333145
v -0.747037 -0.258893 -0.37542
v -0.740856 -0.267827 -0.378487
v -0.743812 -0.197266 -0.289405
v -0.748788 -0.190311 -0.289722
v -0.750613 -0.221934 -0.33169
v -0.745061 -0.231117 -0.333145
v -0.745061 -0.231117 -0.333145
v -0.750613 -0.221934 -0.33169
v -0.753277 -0.248408 -0.372232
v -0.747037 -0.258893 -0.37542
v -0.750613 -0.221934 -0.33169
v -0.748788 -0.190311 -0.289722
v -0.753403 -0.182874 -0.290175
v -0.755925 -0.211908 -0.330353
v -0.759384 -0.236731 -0.369095
v -0.753277 -0.248408 -0.372232
v -0.750613 -0.221934 -0.33169
v -0.755925 -0.211908 -0.330353
v -0.755925 -0.211908 -0.330353
v -0.753403 -0.182874 -0.290175
v -0.757593 -0.175123 -0.290747
v -0.760827 -0.201388 -0.329219
v -0.765147 -0.190724 -0.328374
v -0.760827 -0.201388 -0.329219
v -0.757593 -0.175123 -0.290747
v -0.761291 -0.167224 -0.291421
v -0.765081 -0.224325 -0.366208
v -0.759384 -0.236731 -0.369095
v -0.755925 -0.211908 -0.330353
v -0.760827 -0.201388 -0.329219
v -0.760827 -0.201388 -0.329219
v -0.765147 -0.190724 -0.328374
v -0.770094 -0.211651 -0.363773
v -0.765081 -0.224325 -0.366208
v -0.761291 -0.167224 -0.291421
v -0.764451 -0.159306 -0.292184
v -0.768764 -0.180187 -0.32788
v -0.765147 -0.190724 -0.328374
v -0.765147 -0.190724 -0.328374
v -0.768764 -0.180187 -0.32788
v -0.774227 -0.199068 -0.361944
v -0.770094 -0.211651 -0.363773
v -0.768764 -0.180187 -0.32788
v -0.764451 -0.159306 -0.292184
v -0.767106 -0.151352 -0.293035
v -0.771756 -0.169728 -0.327712
v -0.777596 -0.186523 -0.360694
v -0.774227 -0.199068 -0.361944
v -0.768764 -0.180187 -0.32788
v -0.771756 -0.169728 -0.327712
v -0.771756 -0.169728 -0.327712
v -0.767106 -0.151352 -0.293035
v -0.769307 -0.143308 -0.293972
v -0.77425 -0.159219 -0.327824
v -0.776373 -0.148533 -0.328168
v -0.77425 -0.159219 -0.327824
v -0.769307 -0.143308 -0.293972
v -0.771105 -0.13512 -0.294998
v -0.780399 -0.173855 -0.359949
v -0.777596 -0.186523 -0.360694
v -0.771756 -0.169728 -0.327712
v -0.77425 -0.159219 -0.327824
v -0.77425 -0.159219 -0.327824
v -0.776373 -0.148533 -0.328168
v -0.782831 -0.160909 -0.359634
v -0.780399 -0.173855 -0.359949
v -0.782831 -0.160909 -0.359634
v -0.776373 -0.148533 -0.328168
v -0.778202 -0.13768 -0.328696
v -0.785017 -0.147697 -0.359677
v -0.776373 -0.148533 -0.328168
v -0.771105 -0.13512 -0.294998
v -0.772534 -0.126828 -0.2961
v -0.778202 -0.13768 -0.328696
v -0.778202 -0.13768 -0.328696
v -0.772534 -0.126828 -0.2961
v -0.773554 -0.118861 -0.297214
v -0.779615 -0.127226 -0.329349
v -0.786787 -0.134927 -0.360001
v -0.785017 -0.147697 -0.359677
v -0.778202 -0.13768 -0.328696
v -0.779615 -0.127226 -0.329349
v -0.779615 -0.127226 -0.329349
v -0.773554 -0.118861 -0.297214
v -0.774108 -0.111744 -0.298268
v -0.780437 -0.117874 -0.330072
v -0.780497 -0.110329 -0.330805
v -0.780437 -0.117874 -0.330072
v -0.774108 -0.111744 -0.298268
v -0.774139 -0.106001 -0.299184
v -0.787896 -0.123478 -0.36053
v -0.786787 -0.134927 -0.360001
v -0.779615 -0.127226 -0.329349
v -0.780437 -0.117874 -0.330072
v -0.780437 -0.117874 -0.330072
v -0.780497 -0.110329 -0.330805
v -0.788102 -0.114229 -0.361189
v -0.787896 -0.123478 -0.36053
v -0.774139 -0.106001 -0.299184
v -0.773515 -0.102008 -0.299925
v -0.779589 -0.105095 -0.331524
v -0.780497 -0.110329 -0.330805
v -0.780497 -0.110329 -0.330805
v -0.779589 -0.105095 -0.331524
v -0.787148 -0.107811 -0.361943
v -0.788102 -0.114229 -0.361189
v -0.779589 -0.105095 -0.331524
v -0.773515 -0.102008 -0.299925
v -0.771797 -0.099551 -0.300595
v -0.777382 -0.101881 -0.33234
v -0.784725 -0.10387 -0.362931
v -0.787148 -0.107811 -0.361943
v -0.779589 -0.105095 -0.331524
v -0.777382 -0.101881 -0.33234
v -0.777382 -0.101881 -0.33234
v -0.771797 -0.099551 -0.300595
v -0.768472 -0.098266 -0.301335
v -0.773514 -0.100194 -0.333398
v -0.767621 -0.099543 -0.334844
v -0.773514 -0.100194 -0.333398
v -0.768472 -0.098266 -0.301335
v -0.763025 -0.097791 -0.302285
v -0.780512 -0.101801 -0.364332
v -0.784725 -0.10387 -0.362931
v -0.777382 -0.101881 -0.33234
v -0.773514 -0.100194 -0.333398
v -0.773514 -0.100194 -0.333398
v -0.767621 -0.099543 -0.334844
v -0.774187 -0.101002 -0.366325
v -0.780512 -0.101801 -0.364332
v -0.763025 -0.097791 -0.302285
v -0.755118 -0.097805 -0.303552
v -0.759467 -0.099497 -0.33678
v -0.767621 -0.099543 -0.334844
v -0.767621 -0.099543 -0.334844
v -0.759467 -0.099497 -0.33678
v -0.765543 -0.100941 -0.369035
v -0.774187 -0.101002 -0.366325
v -0.759467 -0.099497 -0.33678
v -0.755118 -0.097805 -0.303552
v -0.745115 -0.098154 -0.305101
v -0.749316 -0.099861 -0.339146
v -0.754827 -0.101378 -0.372353
v -0.765543 -0.100941 -0.369035
v -0.759467 -0.099497 -0.33678
v -0.749316 -0.099861 -0.339146
v -0.749316 -0.099861 -0.339146
v -0.745115 -0.098154 -0.305101
v -0.733556 -0.098726 -0.306864
v -0.73756 -0.100498 -0.341838
v -0.72459 -0.101276 -0.344754
v -0.73756 -0.100498 -0.341838
v -0.733556 -0.098726 -0.306864
v -0.72098 -0.099408 -0.308772
v -0.7424 -0.102142 -0.376114
v -0.754827 -0.101378 -0.372353
v -0.749316 -0.099861 -0.339146
v -0.73756 -0.100498 -0.341838
v -0.73756 -0.100498 -0.341838
v -0.72459 -0.101276 -0.344754
v -0.728622 -0.103064 -0.380152
v -0.7424 -0.102142 -0.376114
v -0.728622 -0.103064 -0.380152
v -0.72459 -0.101276 -0.344754
v -0.710756 -0.10208 -0.347795
v -0.713826 -0.104004 -0.384306
v -0.72459 -0.101276 -0.344754
v -0.72098 -0.099408 -0.308772
v -0.707847 -0.100107 -0.310767
v -0.710756 -0.10208 -0.347795
v -0.710756 -0.10208 -0.347795
v -0.707847 -0.100107 -0.310767
v -0.694303 -0.100809 -0.312828
v -0.696246 -0.102891 -0.350873
v -0.698224 -0.10494 -0.388431
v -0.713826 -0.104004 -0.384306
v -0.710756 -0.10208 -0.347795
v -0.696246 -0.102891 -0.350873
v -0.696246 -0.102891 -0.350873
v -0.694303 -0.100809 -0.312828
v -0.680412 -0.101515 -0.314943
v -0.681208 -0.103711 -0.353906
v -0.665788 -0.104543 -0.356811
v -0.681208 -0.103711 -0.353906
v -0.680412 -0.101515 -0.314943
v -0.666241 -0.102231 -0.317103
v -0.682001 -0.105879 -0.392386
v -0.698224 -0.10494 -0.388431
v -0.696246 -0.102891 -0.350873
v -0.681208 -0.103711 -0.353906
v -0.681208 -0.103711 -0.353906
v -0.665788 -0.104543 -0.356811
v -0.665341 -0.106826 -0.396029
v -0.682001 -0.105879 -0.392386
v -0.666241 -0.102231 -0.317103
v -0.651868 -0.102952 -0.319293
v -0.650151 -0.10538 -0.359511
v -0.665788 -0.104543 -0.356811
v -0.665788 -0.104543 -0.356811
v -0.650151 -0.10538 -0.359511
v -0.648451 -0.107778 -0.399234
v -0.665341 -0.106826 -0.396029
v -0.650151 -0.10538 -0.359511
v -0.651868 -0.102952 -0.319293
v -0.637432 -0.103651 -0.321497
v -0.634534 -0.106182 -0.361962
v -0.631632 -0.10868 -0.401932
v -0.648451 -0.107778 -0.399234
v -0.650151 -0.10538 -0.359511
v -0.634534 -0.106182 -0.361962
v -0.634534 -0.106182 -0.361962
v -0.637432 -0.103651 -0.321497
v -0.623083 -0.104297 -0.323696
v -0.619189 -0.106899 -0.364124
v -0.604372 -0.107484 -0.365958
v -0.619189 -0.106899 -0.364124
v -0.623083 -0.104297 -0.323696
v -0.608974 -0.104855 -0.32587
v -0.615209 -0.109468 -0.40407
v -0.631632 -0.10868 -0.401932
v -0.634534 -0.106182 -0.361962
v -0.619189 -0.106899 -0.364124
v -0.619189 -0.106899 -0.364124
v -0.604372 -0.107484 -0.365958
v -0.599507 -0.110075 -0.405593
v -0.615209 -0.109468 -0.40407
v -0.599507 -0.110075 -0.405593
v -0.604372 -0.107484 -0.365958
v -0.590378 -0.107918 -0.367438
v -0.584871 -0.110479 -0.406483
v -0.604372 -0.107484 -0.365958
v -0.608974 -0.104855 -0.32587
v -0.595336 -0.105314 -0.327985
v -0.590378 -0.107918 -0.367438
v -0.590378 -0.107918 -0.367438
v -0.595336 -0.105314 -0.327985
v -0.582721 -0.105752 -0.329939
v -0.577675 -0.108314 -0.368576
v -0.571727 -0.110821 -0.406862
v -0.584871 -0.110479 -0.406483
v -0.590378 -0.107918 -0.367438
v -0.577675 -0.108314 -0.368576
v -0.577675 -0.108314 -0.368576
v -0.582721 -0.105752 -0.329939
v -0.571763 -0.106269 -0.331614
v -0.566776 -0.108816 -0.369398
v -0.558192 -0.109568 -0.369929
v -0.566776 -0.108816 -0.369398
v -0.571763 -0.106269 -0.331614
v -0.563094 -0.106962 -0.332894
v -0.560523 -0.111285 -0.406888
v -0.571727 -0.110821 -0.406862
v -0.577675 -0.108314 -0.368576
v -0.566776 -0.108816 -0.369398
v -0.566776 -0.108816 -0.369398
v -0.558192 -0.109568 -0.369929
v -0.551705 -0.112054 -0.406719
v -0.560523 -0.111285 -0.406888
v -0.563094 -0.106962 -0.332894
v -0.55716 -0.107979 -0.333683
v -0.552275 -0.110762 -0.370187
v -0.558192 -0.109568 -0.369929
v -0.558192 -0.109568 -0.369929
v -0.552275 -0.110762 -0.370187
v -0.545579 -0.113371 -0.40648
v -0.551705 -0.112054 -0.406719
v -0.552275 -0.110762 -0.370187
v -0.55716 -0.107979 -0.333683
v -0.553654 -0.109651 -0.333977
v -0.548746 -0.112787 -0.370169
v -0.541889 -0.115714 -0.406163
v -0.545579 -0.113371 -0.40648
v -0.552275 -0.110762 -0.370187
v -0.548746 -0.112787 -0.370169
v -0.548746 -0.112787 -0.370169
v -0.553654 -0.109651 -0.333977
v -0.552082 -0.112354 -0.333796
v -0.547168 -0.116079 -0.369863
v -0.547102 -0.121074 -0.369259
v -0.547168 -0.116079 -0.369863
v -0.552082 -0.112354 -0.333796
v -0.551952 -0.116466 -0.333157
v -0.540241 -0.119619 -0.405728
v -0.541889 -0.115714 -0.406163
v -0.548746 -0.112787 -0.370169
v -0.547168 -0.116079 -0.369863
v -0.547168 -0.116079 -0.369863
v -0.547102 -0.121074 -0.369259
v -0.540237 -0.125623 -0.405133
v -0.540241 -0.119619 -0.405728
v -0.551952 -0.116466 -0.333157
v -0.552828 -0.122222 -0.332092
v -0.54816 -0.128053 -0.368361
v -0.547102 -0.121074 -0.369259
v -0.547102 -0.121074 -0.369259
v -0.54816 -0.128053 -0.368361
v -0.541521 -0.134068 -0.404356
v -0.540237 -0.125623 -0.405133
v -0.54816 -0.128053 -0.368361
v -0.552828 -0.122222 -0.332092
v -0.55452 -0.129285 -0.330688
v -0.55015 -0.136673 -0.367233
v -0.543896 -0.144521 -0.403438
v -0.541521 -0.134068 -0.404356
v -0.54816 -0.128053 -0.368361
v -0.55015 -0.136673 -0.367233
v -0.55015 -0.136673 -0.367233
v -0.55452 -0.129285 -0.330688
v -0.556895 -0.137176 -0.32904
v -0.552927 -0.146437 -0.365954
v -0.556348 -0.156846 -0.364602
v -0.552927 -0.146437 -0.365954
v -0.556895 -0.137176 -0.32904
v -0.559822 -0.145415 -0.327248
v -0.547208 -0.156353 -0.402441
v -0.543896 -0.144521 -0.403438
v -0.55015 -0.136673 -0.367233
v -0.552927 -0.146437 -0.365954
v -0.552927 -0.146437 -0.365954
v -0.556348 -0.156846 -0.364602
v -0.551298 -0.168934 -0.401425
v -0.547208 -0.156353 -0.402441
v -0.559822 -0.145415 -0.327248
v -0.563214 -0.153598 -0.325391
v -0.56031 -0.167478 -0.363244
v -0.556348 -0.156846 -0.364602
v -0.556348 -0.156846 -0.364602
v -0.56031 -0.167478 -0.363244
v -0.556043 -0.181734 -0.400444
v -0.551298 -0.168934 -0.401425
v -0.56031 -0.167478 -0.363244
v -0.563214 -0.153598 -0.325391
v -0.567171 -0.161617 -0.323469
v -0.564869 -0.17821 -0.361897
v -0.561447 -0.194608 -0.39953
v -0.556043 -0.181734 -0.400444
v -0.56031 -0.167478 -0.363244
v -0.564869 -0.17821 -0.361897
v -0.564869 -0.17821 -0.361897
v -0.567171 -0.161617 -0.323469
v -0.571837 -0.16944 -0.321465
v -0.570124 -0.188992 -0.360565
v -0.576172 -0.199776 -0.359253
v -0.570124 -0.188992 -0.360565
v -0.571837 -0.16944 -0.321465
v -0.577356 -0.177034 -0.319361
v -0.567545 -0.20751 -0.398707
v -0.561447 -0.194608 -0.39953
v -0.564869 -0.17821 -0.361897
v -0.570124 -0.188992 -0.360565
v -0.570124 -0.188992 -0.360565
v -0.576172 -0.199776 -0.359253
v -0.574374 -0.220391 -0.398001
v -0.567545 -0.20751 -0.398707
v -0.574374 -0.220391 -0.398001
v -0.576172 -0.199776 -0.359253
v -0.583082 -0.21047 -0.357966
v -0.581949 -0.233144 -0.397434
v -0.576172 -0.199776 -0.359253
v -0.577356 -0.177034 -0.319361
v -0.583834 -0.184363 -0.317145
v -0.583082 -0.21047 -0.357966
v -0.583082 -0.21047 -0.357966
v -0.583834 -0.184363 -0.317145
v -0.591217 -0.191368 -0.314836
v -0.590801 -0.220807 -0.356707
v -0.590207 -0.245407 -0.397008
v -0.581949 -0.233144 -0.397434
v -0.583082 -0.21047 -0.357966
v -0.590801 -0.220807 -0.356707
v -0.590801 -0.220807 -0.356707
v -0.591217 -0.191368 -0.314836
v -0.599409 -0.197988 -0.312459
v -0.599246 -0.230473 -0.355478
v -0.608336 -0.239158 -0.354282
v -0.599246 -0.230473 -0.355478
v -0.599409 -0.197988 -0.312459
v -0.608315 -0.20416 -0.31004
v -0.599066 -0.256759 -0.396724
v -0.590207 -0.245407 -0.397008
v -0.590801 -0.220807 -0.356707
v -0.599246 -0.230473 -0.355478
v -0.599246 -0.230473 -0.355478
v -0.608336 -0.239158 -0.354282
v -0.608442 -0.266778 -0.396583
v -0.599066 -0.256759 -0.396724
v -0.608315 -0.20416 -0.31004
v -0.617822 -0.209811 -0.307608
v -0.617968 -0.246607 -0.353118
v -0.608336 -0.239158 -0.354282
v -0.608336 -0.239158 -0.354282
v -0.617968 -0.246607 -0.353118
v -0.618239 -0.275136 -0.396569
v -0.608442 -0.266778 -0.396583
v -0.617968 -0.246607 -0.353118
v -0.617822 -0.209811 -0.307608
v -0.627732 -0.214813 -0.305215
v -0.62796 -0.252794 -0.351979
v -0.628304 -0.281882 -0.396609
v -0.618239 -0.275136 -0.396569
v -0.617968 -0.246607 -0.353118
v -0.62796 -0.252794 -0.351979
v -0.62796 -0.252794 -0.351979
v -0.627732 -0.214813 -0.305215
v -0.637828 -0.219029 -0.302918
v -0.638108 -0.257749 -0.350856
v -0.648209 -0.261503 -0.349738
v -0.638108 -0.257749 -0.350856
v -0.637828 -0.219029 -0.302918
v -0.647893 -0.22232 -0.300775
v -0.638469 -0.287158 -0.396613
v -0.628304 -0.281882 -0.396609
v -0.62796 -0.252794 -0.351979
v -0.638108 -0.257749 -0.350856
v -0.638108 -0.257749 -0.350856
v -0.648209 -0.261503 -0.349738
v -0.648567 -0.291107 -0.396495
v -0.638469 -0.287158 -0.396613
v -0.648567 -0.291107 -0.396495
v -0.648209 -0.261503 -0.349738
v -0.658098 -0.264099 -0.348614
v -0.658461 -0.293864 -0.396175
v -0.648209 -0.261503 -0.349738
v -0.647893 -0.22232 -0.300775
v -0.657749 -0.224589 -0.298829
v -0.658098 -0.264099 -0.348614
v -0.658098 -0.264099 -0.348614
v -0.657749 -0.224589 -0.298829
v -0.667376 -0.225905 -0.297073
v -0.667756 -0.265632 -0.347463
v -0.66814 -0.295531 -0.395622
v -0.658461 -0.293864 -0.396175
v -0.658098 -0.264099 -0.348614
v -0.667756 -0.265632 -0.347463
v -0.667756 -0.265632 -0.347463
v -0.667376 -0.225905 -0.297073
v -0.676795 -0.226378 -0.295486
v -0.677205 -0.266209 -0.346264
v -0.686463 -0.265937 -0.344995
v -0.677205 -0.266209 -0.346264
v -0.676795 -0.226378 -0.295486
v -0.686026 -0.226118 -0.294047
v -0.67762 -0.2962 -0.394813
v -0.66814 -0.295531 -0.395622
v -0.667756 -0.265632 -0.347463
v -0.677205 -0.266209 -0.346264
v -0.677205 -0.266209 -0.346264
v -0.686463 -0.265937 -0.344995
v -0.686922 -0.295964 -0.393727
v -0.67762 -0.2962 -0.394813
v -0.686922 -0.295964 -0.393727
v -0.686463 -0.265937 -0.344995
v -0.695524 -0.264892 -0.343641
v -0.696035 -0.294893 -0.392348
v -0.686463 -0.265937 -0.344995
v -0.686026 -0.226118 -0.294047
v -0.695059 -0.225207 -0.292744
v -0.695524 -0.264892 -0.343641
v -0.695524 -0.264892 -0.343641
v -0.695059 -0.225207 -0.292744
v -0.703773 -0.223609 -0.291602
v -0.704265 -0.263034 -0.342214
v -0.704841 -0.292954 -0.390681
v -0.696035 -0.294893 -0.392348
v -0.695524 -0.264892 -0.343641
v -0.704265 -0.263034 -0.342214
v -0.704265 -0.263034 -0.342214
v -0.703773 -0.223609 -0.291602
v -0.712018 -0.221258 -0.290656
v -0.712536 -0.260291 -0.340734
v -0.720187 -0.25659 -0.339222
v -0.712536 -0.260291 -0.340734
v -0.712018 -0.221258 -0.290656
v -0.719643 -0.218091 -0.289941
v -0.713197 -0.29009 -0.388737
v -0.704841 -0.292954 -0.390681
v -0.704265 -0.263034 -0.342214
v -0.712536 -0.260291 -0.340734
v -0.712536 -0.260291 -0.340734
v -0.720187 -0.25659 -0.339222
v -0.720957 -0.286246 -0.386528
v -0.713197 -0.29009 -0.388737
v -0.705531 -0.306912 -0.43419
v -0.704841 -0.292954 -0.390681
v -0.713197 -0.29009 -0.388737
v -0.714062 -0.304361 -0.431908
v -0.714062 -0.304361 -0.431908
v -0.713197 -0.29009 -0.388737
v -0.720957 -0.286246 -0.386528
v -0.722058 -0.300989 -0.429185
v -0.706146 -0.31065 -0.467261
v -0.705531 -0.306912 -0.43419
v -0.714062 -0.304361 -0.431908
v -0.71486 -0.30855 -0.464762
v -0.71486 -0.30855 -0.464762
v -0.714062 -0.304361 -0.431908
v -0.722058 -0.300989 -0.429185
v -0.723109 -0.305839 -0.461707
v -0.707837 -0.317498 -0.492802
v -0.706146 -0.31065 -0.467261
v -0.71486 -0.30855 -0.464762
v -0.716959 -0.31546 -0.48999
v -0.716959 -0.31546 -0.48999
v -0.71486 -0.30855 -0.464762
v -0.723109 -0.305839 -0.461707
v -0.725626 -0.312858 -0.486489
v -0.712308 -0.337739 -0.505108
v -0.707837 -0.317498 -0.492802
v -0.716959 -0.31546 -0.48999
v -0.722408 -0.334829 -0.501681
v -0.722408 -0.334829 -0.501681
v -0.716959 -0.31546 -0.48999
v -0.725626 -0.312858 -0.486489
v -0.731919 -0.330995 -0.49736
v -0.719101 -0.367351 -0.518583
v -0.712308 -0.337739 -0.505108
v -0.722408 -0.334829 -0.501681
v -0.730671 -0.363075 -0.514275
v -0.706928 -0.370223 -0.521748
v -0.701769 -0.339713 -0.507639
v -0.712308 -0.337739 -0.505108
v -0.719101 -0.367351 -0.518583
v -0.701769 -0.339713 -0.507639
v -0.698376 -0.318902 -0.494905
v -0.707837 -0.317498 -0.492802
v -0.712308 -0.337739 -0.505108
v -0.690935 -0.340735 -0.509274
v -0.701769 -0.339713 -0.507639
v -0.706928 -0.370223 -0.521748
v -0.694354 -0.371767 -0.523792
v -0.690935 -0.340735 -0.509274
v -0.688694 -0.319603 -0.496282
v -0.698376 -0.318902 -0.494905
v -0.701769 -0.339713 -0.507639
v -0.698376 -0.318902 -0.494905
v -0.697083 -0.312094 -0.469185
v -0.706146 -0.31065 -0.467261
v -0.707837 -0.317498 -0.492802
v -0.688694 -0.319603 -0.496282
v -0.687791 -0.312834 -0.470513
v -0.697083 -0.312094 -0.469185
v -0.698376 -0.318902 -0.494905
v -0.687791 -0.312834 -0.470513
v -0.687397 -0.309578 -0.437381
v -0.696599 -0.308648 -0.436019
v -0.697083 -0.312094 -0.469185
v -0.697083 -0.312094 -0.469185
v -0.696599 -0.308648 -0.436019
v -0.705531 -0.306912 -0.43419
v -0.706146 -0.31065 -0.467261
v -0.696599 -0.308648 -0.436019
v -0.696035 -0.294893 -0.392348
v -0.704841 -0.292954 -0.390681
v -0.705531 -0.306912 -0.43419
v -0.687397 -0.309578 -0.437381
v -0.686922 -0.295964 -0.393727
v -0.696035 -0.294893 -0.392348
v -0.696599 -0.308648 -0.436019
v -0.678367 -0.312828 -0.471235
v -0.678033 -0.3097 -0.43827
v -0.687397 -0.309578 -0.437381
v -0.687791 -0.312834 -0.470513
v -0.678033 -0.3097 -0.43827
v -0.67762 -0.2962 -0.394813
v -0.686922 -0.295964 -0.393727
v -0.687397 -0.309578 -0.437381
v -0.668518 -0.308961 -0.438698
v -0.66814 -0.295531 -0.395622
v -0.67762 -0.2962 -0.394813
v -0.678033 -0.3097 -0.43827
v -0.668822 -0.312041 -0.471359
v -0.668518 -0.308961 -0.438698
v -0.678033 -0.3097 -0.43827
v -0.678367 -0.312828 -0.471235
v -0.668968 -0.318681 -0.496826
v -0.668822 -0.312041 -0.471359
v -0.678367 -0.312828 -0.471235
v -0.678887 -0.319539 -0.496919
v -0.678887 -0.319539 -0.496919
v -0.678367 -0.312828 -0.471235
v -0.687791 -0.312834 -0.470513
v -0.688694 -0.319603 -0.496282
v -0.66876 -0.33978 -0.509884
v -0.668968 -0.318681 -0.496826
v -0.678887 -0.319539 -0.496919
v -0.679928 -0.340782 -0.510016
v -0.679928 -0.340782 -0.510016
v -0.678887 -0.319539 -0.496919
v -0.688694 -0.319603 -0.496282
v -0.690935 -0.340735 -0.509274
v -0.694354 -0.371767 -0.523792
v -0.681539 -0.372016 -0.524743
v -0.679928 -0.340782 -0.510016
v -0.690935 -0.340735 -0.509274
v -0.668494 -0.37083 -0.524631
v -0.66876 -0.33978 -0.509884
v -0.679928 -0.340782 -0.510016
v -0.681539 -0.372016 -0.524743
v -0.655195 -0.368027 -0.523486
v -0.657418 -0.337648 -0.5089
v -0.66876 -0.33978 -0.509884
v -0.668494 -0.37083 -0.524631
v -0.657418 -0.337648 -0.5089
v -0.65893 -0.317005 -0.49602
v -0.668968 -0.318681 -0.496826
v -0.66876 -0.33978 -0.509884
v -0.641614 -0.363424 -0.52134
v -0.64589 -0.334302 -0.507085
v -0.657418 -0.337648 -0.5089
v -0.655195 -0.368027 -0.523486
v -0.64589 -0.334302 -0.507085
v -0.648768 -0.314491 -0.494516
v -0.65893 -0.317005 -0.49602
v -0.657418 -0.337648 -0.5089
v -0.65893 -0.317005 -0.49602
v -0.659149 -0.310445 -0.470903
v -0.668822 -0.312041 -0.471359
v -0.668968 -0.318681 -0.496826
v -0.648768 -0.314491 -0.494516
v -0.649339 -0.308006 -0.469882
v -0.659149 -0.310445 -0.470903
v -0.65893 -0.317005 -0.49602
v -0.649339 -0.308006 -0.469882
v -0.648978 -0.304647 -0.438254
v -0.658837 -0.307298 -0.438686
v -0.659149 -0.310445 -0.470903
v -0.659149 -0.310445 -0.470903
v -0.658837 -0.307298 -0.438686
v -0.668518 -0.308961 -0.438698
v -0.668822 -0.312041 -0.471359
v -0.658837 -0.307298 -0.438686
v -0.658461 -0.293864 -0.396175
v -0.66814 -0.295531 -0.395622
v -0.668518 -0.308961 -0.438698
v -0.648978 -0.304647 -0.438254
v -0.648567 -0.291107 -0.396495
v -0.658461 -0.293864 -0.396175
v -0.658837 -0.307298 -0.438686
v -0.639388 -0.304681 -0.468356
v -0.638946 -0.300931 -0.437446
v -0.648978 -0.304647 -0.438254
v -0.649339 -0.308006 -0.469882
v -0.638946 -0.300931 -0.437446
v -0.638469 -0.287158 -0.396613
v -0.648567 -0.291107 -0.396495
v -0.648978 -0.304647 -0.438254
v -0.628819 -0.296003 -0.436421
v -0.628304 -0.281882 -0.396609
v -0.638469 -0.287158 -0.396613
v -0.638946 -0.300931 -0.437446
v -0.629318 -0.300356 -0.46655
v -0.628819 -0.296003 -0.436421
v -0.638946 -0.300931 -0.437446
v -0.639388 -0.304681 -0.468356
v -0.628045 -0.306815 -0.489901
v -0.629318 -0.300356 -0.46655
v -0.639388 -0.304681 -0.468356
v -0.638474 -0.311109 -0.492384
v -0.638474 -0.311109 -0.492384
v -0.639388 -0.304681 -0.468356
v -0.649339 -0.308006 -0.469882
v -0.648768 -0.314491 -0.494516
v -0.622341 -0.323832 -0.501482
v -0.628045 -0.306815 -0.489901
v -0.638474 -0.311109 -0.492384
v -0.634176 -0.329684 -0.504517
v -0.634176 -0.329684 -0.504517
v -0.638474 -0.311109 -0.492384
v -0.648768 -0.314491 -0.494516
v -0.64589 -0.334302 -0.507085
v -0.641614 -0.363424 -0.52134
v -0.627765 -0.356906 -0.518277
v -0.634176 -0.329684 -0.504517
v -0.64589 -0.334302 -0.507085
v -0.613824 -0.34862 -0.51459
v -0.622341 -0.323832 -0.501482
v -0.634176 -0.329684 -0.504517
v -0.627765 -0.356906 -0.518277
v -0.600004 -0.338779 -0.510625
v -0.610465 -0.316807 -0.498323
v -0.622341 -0.323832 -0.501482
v -0.613824 -0.34862 -0.51459
v -0.610465 -0.316807 -0.498323
v -0.617478 -0.301556 -0.487396
v -0.628045 -0.306815 -0.489901
v -0.622341 -0.323832 -0.501482
v -0.598628 -0.308672 -0.495382
v -0.610465 -0.316807 -0.498323
v -0.600004 -0.338779 -0.510625
v -0.586521 -0.327597 -0.506728
v -0.598628 -0.308672 -0.495382
v -0.606769 -0.29528 -0.485201
v -0.617478 -0.301556 -0.487396
v -0.610465 -0.316807 -0.498323
v -0.617478 -0.301556 -0.487396
v -0.619155 -0.294908 -0.464733
v -0.629318 -0.300356 -0.46655
v -0.628045 -0.306815 -0.489901
v -0.606769 -0.29528 -0.485201
v -0.608925 -0.288209 -0.463174
v -0.619155 -0.294908 -0.464733
v -0.617478 -0.301556 -0.487396
v -0.608678 -0.281872 -0.434449
v -0.618697 -0.289703 -0.43536
v -0.619155 -0.294908 -0.464733
v -0.608925 -0.288209 -0.463174
v -0.619155 -0.294908 -0.464733
v -0.618697 -0.289703 -0.43536
v -0.628819 -0.296003 -0.436421
v -0.629318 -0.300356 -0.46655
v -0.618697 -0.289703 -0.43536
v -0.618239 -0.275136 -0.396569
v -0.628304 -0.281882 -0.396609
v -0.628819 -0.296003 -0.436421
v -0.608442 -0.266778 -0.396583
v -0.618239 -0.275136 -0.396569
v -0.618697 -0.289703 -0.43536
v -0.608678 -0.281872 -0.434449
v -0.598861 -0.272426 -0.433834
v -0.599066 -0.256759 -0.396724
v -0.608442 -0.266778 -0.396583
v -0.608678 -0.281872 -0.434449
v -0.598671 -0.28017 -0.462084
v -0.598861 -0.272426 -0.433834
v -0.608678 -0.281872 -0.434449
v -0.608925 -0.288209 -0.463174
v -0.589349 -0.261594 -0.433522
v -0.590207 -0.245407 -0.397008
v -0.599066 -0.256759 -0.396724
v -0.598861 -0.272426 -0.433834
v -0.588506 -0.270845 -0.461452
v -0.589349 -0.261594 -0.433522
v -0.598861 -0.272426 -0.433834
v -0.598671 -0.28017 -0.462084
v -0.585117 -0.279399 -0.482506
v -0.588506 -0.270845 -0.461452
v -0.598671 -0.28017 -0.462084
v -0.595942 -0.287927 -0.483576
v -0.595942 -0.287927 -0.483576
v -0.598671 -0.28017 -0.462084
v -0.608925 -0.288209 -0.463174
v -0.606769 -0.29528 -0.485201
v -0.575484 -0.289129 -0.491008
v -0.585117 -0.279399 -0.482506
v -0.595942 -0.287927 -0.483576
v -0.586922 -0.299465 -0.492935
v -0.586922 -0.299465 -0.492935
v -0.595942 -0.287927 -0.483576
v -0.606769 -0.29528 -0.485201
v -0.598628 -0.308672 -0.495382
v -0.586521 -0.327597 -0.506728
v -0.573578 -0.315259 -0.503192
v -0.586922 -0.299465 -0.492935
v -0.598628 -0.308672 -0.495382
v -0.56134 -0.30183 -0.500102
v -0.575484 -0.289129 -0.491008
v -0.586922 -0.299465 -0.492935
v -0.573578 -0.315259 -0.503192
v -0.549959 -0.287346 -0.49749
v -0.564463 -0.277585 -0.489562
v -0.575484 -0.289129 -0.491008
v -0.56134 -0.30183 -0.500102
v -0.564463 -0.277585 -0.489562
v -0.574442 -0.269588 -0.481909
v -0.585117 -0.279399 -0.482506
v -0.575484 -0.289129 -0.491008
v -0.539588 -0.271846 -0.495389
v -0.554008 -0.264752 -0.488558
v -0.564463 -0.277585 -0.489562
v -0.549959 -0.287346 -0.49749
v -0.554008 -0.264752 -0.488558
v -0.564064 -0.258389 -0.481699
v -0.574442 -0.269588 -0.481909
v -0.564463 -0.277585 -0.489562
v -0.574442 -0.269588 -0.481909
v -0.578559 -0.260327 -0.461207
v -0.588506 -0.270845 -0.461452
v -0.585117 -0.279399 -0.482506
v -0.564064 -0.258389 -0.481699
v -0.568961 -0.248707 -0.461283
v -0.578559 -0.260327 -0.461207
v -0.574442 -0.269588 -0.481909
v -0.568961 -0.248707 -0.461283
v -0.571656 -0.237 -0.433686
v -0.580247 -0.249683 -0.433482
v -0.578559 -0.260327 -0.461207
v -0.578559 -0.260327 -0.461207
v -0.580247 -0.249683 -0.433482
v -0.589349 -0.261594 -0.433522
v -0.588506 -0.270845 -0.461452
v -0.580247 -0.249683 -0.433482
v -0.581949 -0.233144 -0.397434
v -0.590207 -0.245407 -0.397008
v -0.589349 -0.261594 -0.433522
v -0.571656 -0.237 -0.433686
v -0.574374 -0.220391 -0.398001
v -0.581949 -0.233144 -0.397434
v -0.580247 -0.249683 -0.433482
v -0.559841 -0.236063 -0.461611
v -0.563674 -0.223805 -0.434101
v -0.571656 -0.237 -0.433686
v -0.568961 -0.248707 -0.461283
v -0.563674 -0.223805 -0.434101
v -0.567545 -0.20751 -0.398707
v -0.574374 -0.220391 -0.398001
v -0.571656 -0.237 -0.433686
v -0.556356 -0.210166 -0.434688
v -0.561447 -0.194608 -0.39953
v -0.567545 -0.20751 -0.398707
v -0.563674 -0.223805 -0.434101
v -0.551333 -0.222419 -0.462138
v -0.556356 -0.210166 -0.434688
v -0.563674 -0.223805 -0.434101
v -0.559841 -0.236063 -0.461611
v -0.544833 -0.23163 -0.482144
v -0.551333 -0.222419 -0.462138
v -0.559841 -0.236063 -0.461611
v -0.554135 -0.245724 -0.481799
v -0.554135 -0.245724 -0.481799
v -0.559841 -0.236063 -0.461611
v -0.568961 -0.248707 -0.461283
v -0.564064 -0.258389 -0.481699
v -0.535316 -0.235128 -0.487717
v -0.544833 -0.23163 -0.482144
v -0.554135 -0.245724 -0.481799
v -0.544259 -0.250578 -0.487957
v -0.544259 -0.250578 -0.487957
v -0.554135 -0.245724 -0.481799
v -0.564064 -0.258389 -0.481699
v -0.554008 -0.264752 -0.488558
v -0.539588 -0.271846 -0.495389
v -0.530343 -0.255374 -0.493823
v -0.544259 -0.250578 -0.487957
v -0.554008 -0.264752 -0.488558
v -0.522187 -0.238009 -0.492785
v -0.535316 -0.235128 -0.487717
v -0.544259 -0.250578 -0.487957
v -0.530343 -0.255374 -0.493823
v -0.515046 -0.21984 -0.492262
v -0.527271 -0.218495 -0.487796
v -0.535316 -0.235128 -0.487717
v -0.522187 -0.238009 -0.492785
v -0.527271 -0.218495 -0.487796
v -0.536343 -0.216175 -0.482676
v -0.544833 -0.23163 -0.482144
v -0.535316 -0.235128 -0.487717
v -0.508846 -0.200954 -0.49224
v -0.520216 -0.200772 -0.488152
v -0.527271 -0.218495 -0.487796
v -0.515046 -0.21984 -0.492262
v -0.520216 -0.200772 -0.488152
v -0.528847 -0.199425 -0.483338
v -0.536343 -0.216175 -0.482676
v -0.527271 -0.218495 -0.487796
v -0.536343 -0.216175 -0.482676
v -0.54357 -0.207785 -0.462809
v -0.551333 -0.222419 -0.462138
v -0.544833 -0.23163 -0.482144
v -0.528847 -0.199425 -0.483338
v -0.536686 -0.192172 -0.463572
v -0.54357 -0.207785 -0.462809
v -0.536343 -0.216175 -0.482676
v -0.54391 -0.181644 -0.436213
v -0.549752 -0.196105 -0.435406
v -0.54357 -0.207785 -0.462809
v -0.536686 -0.192172 -0.463572
v -0.54357 -0.207785 -0.462809
v -0.549752 -0.196105 -0.435406
v -0.556356 -0.210166 -0.434688
v -0.551333 -0.222419 -0.462138
v -0.549752 -0.196105 -0.435406
v -0.556043 -0.181734 -0.400444
v -0.561447 -0.194608 -0.39953
v -0.556356 -0.210166 -0.434688
v -0.551298 -0.168934 -0.401425
v -0.556043 -0.181734 -0.400444
v -0.549752 -0.196105 -0.435406
v -0.54391 -0.181644 -0.436213
v -0.538899 -0.166956 -0.437068
v -0.547208 -0.156353 -0.402441
v -0.551298 -0.168934 -0.401425
v -0.54391 -0.181644 -0.436213
v -0.530821 -0.175795 -0.464377
v -0.538899 -0.166956 -0.437068
v -0.54391 -0.181644 -0.436213
v -0.536686 -0.192172 -0.463572
v -0.534868 -0.15282 -0.437927
v -0.543896 -0.144521 -0.403438
v -0.547208 -0.156353 -0.402441
v -0.538899 -0.166956 -0.437068
v -0.52614 -0.15969 -0.465189
v -0.534868 -0.15282 -0.437927
v -0.538899 -0.166956 -0.437068
v -0.530821 -0.175795 -0.464377
v -0.517537 -0.164106 -0.484849
v -0.52614 -0.15969 -0.465189
v -0.530821 -0.175795 -0.464377
v -0.522526 -0.181672 -0.484075
v -0.522526 -0.181672 -0.484075
v -0.530821 -0.175795 -0.464377
v -0.536686 -0.192172 -0.463572
v -0.528847 -0.199425 -0.483338
v -0.509531 -0.16412 -0.489481
v -0.517537 -0.164106 -0.484849
v -0.522526 -0.181672 -0.484075
v -0.514252 -0.182263 -0.488738
v -0.514252 -0.182263 -0.488738
v -0.522526 -0.181672 -0.484075
v -0.528847 -0.199425 -0.483338
v -0.520216 -0.200772 -0.488152
v -0.508846 -0.200954 -0.49224
v -0.503556 -0.181634 -0.492682
v -0.514252 -0.182263 -0.488738
v -0.520216 -0.200772 -0.488152
v -0.499316 -0.162942 -0.493457
v -0.509531 -0.16412 -0.489481
v -0.514252 -0.182263 -0.488738
v -0.503556 -0.181634 -0.492682
v -0.496312 -0.146134 -0.494414
v -0.506214 -0.147704 -0.490304
v -0.509531 -0.16412 -0.489481
v -0.499316 -0.162942 -0.493457
v -0.506214 -0.147704 -0.490304
v -0.514036 -0.148141 -0.485628
v -0.517537 -0.164106 -0.484849
v -0.509531 -0.16412 -0.489481
v -0.504461 -0.134378 -0.491128
v -0.506214 -0.147704 -0.490304
v -0.496312 -0.146134 -0.494414
v -0.494726 -0.132467 -0.495399
v -0.504461 -0.134378 -0.491128
v -0.512176 -0.135189 -0.486378
v -0.514036 -0.148141 -0.485628
v -0.506214 -0.147704 -0.490304
v -0.514036 -0.148141 -0.485628
v -0.522814 -0.145101 -0.465978
v -0.52614 -0.15969 -0.465189
v -0.517537 -0.164106 -0.484849
v -0.512176 -0.135189 -0.486378
v -0.521014 -0.133267 -0.466711
v -0.522814 -0.145101 -0.465978
v -0.514036 -0.148141 -0.485628
v -0.530417 -0.129921 -0.43948
v -0.531984 -0.140165 -0.438746
v -0.522814 -0.145101 -0.465978
v -0.521014 -0.133267 -0.466711
v -0.522814 -0.145101 -0.465978
v -0.531984 -0.140165 -0.438746
v -0.534868 -0.15282 -0.437927
v -0.52614 -0.15969 -0.465189
v -0.531984 -0.140165 -0.438746
v -0.541521 -0.134068 -0.404356
v -0.543896 -0.144521 -0.403438
v -0.534868 -0.15282 -0.437927
v -0.540237 -0.125623 -0.405133
v -0.541521 -0.134068 -0.404356
v -0.531984 -0.140165 -0.438746
v -0.530417 -0.129921 -0.43948
v -0.53037 -0.122746 -0.440106
v -0.540241 -0.119619 -0.405728
v -0.540237 -0.125623 -0.405133
v -0.530417 -0.129921 -0.43948
v -0.520946 -0.125083 -0.467378
v -0.53037 -0.122746 -0.440106
v -0.530417 -0.129921 -0.43948
v -0.521014 -0.133267 -0.466711
v -0.532188 -0.118212 -0.440674
v -0.541889 -0.115714 -0.406163
v -0.540241 -0.119619 -0.405728
v -0.53037 -0.122746 -0.440106
v -0.522955 -0.12004 -0.468055
v -0.532188 -0.118212 -0.440674
v -0.53037 -0.122746 -0.440106
v -0.520946 -0.125083 -0.467378
v -0.514347 -0.120823 -0.487855
v -0.522955 -0.12004 -0.468055
v -0.520946 -0.125083 -0.467378
v -0.512156 -0.12627 -0.487091
v -0.512156 -0.12627 -0.487091
v -0.520946 -0.125083 -0.467378
v -0.521014 -0.133267 -0.466711
v -0.512176 -0.135189 -0.486378
v -0.506764 -0.11936 -0.492729
v -0.514347 -0.120823 -0.487855
v -0.512156 -0.12627 -0.487091
v -0.504494 -0.125119 -0.491909
v -0.504494 -0.125119 -0.491909
v -0.512156 -0.12627 -0.487091
v -0.512176 -0.135189 -0.486378
v -0.504461 -0.134378 -0.491128
v -0.494726 -0.132467 -0.495399
v -0.494821 -0.122834 -0.496305
v -0.504494 -0.125119 -0.491909
v -0.504461 -0.134378 -0.491128
v -0.497167 -0.116672 -0.497207
v -0.506764 -0.11936 -0.492729
v -0.504494 -0.125119 -0.491909
v -0.494821 -0.122834 -0.496305
v -0.502411 -0.113053 -0.498223
v -0.511782 -0.116146 -0.493705
v -0.506764 -0.11936 -0.492729
v -0.497167 -0.116672 -0.497207
v -0.511782 -0.116146 -0.493705
v -0.519167 -0.117889 -0.488785
v -0.514347 -0.120823 -0.487855
v -0.506764 -0.11936 -0.492729
v -0.5112 -0.111051 -0.499472
v -0.520058 -0.114526 -0.494952
v -0.511782 -0.116146 -0.493705
v -0.502411 -0.113053 -0.498223
v -0.520058 -0.114526 -0.494952
v -0.527032 -0.116511 -0.489992
v -0.519167 -0.117889 -0.488785
v -0.511782 -0.116146 -0.493705
v -0.519167 -0.117889 -0.488785
v -0.527421 -0.117282 -0.468839
v -0.522955 -0.12004 -0.468055
v -0.514347 -0.120823 -0.487855
v -0.527032 -0.116511 -0.489992
v -0.534725 -0.115953 -0.469824
v -0.527421 -0.117282 -0.468839
v -0.519167 -0.117889 -0.488785
v -0.542933 -0.114274 -0.441925
v -0.536249 -0.115621 -0.441256
v -0.527421 -0.117282 -0.468839
v -0.534725 -0.115953 -0.469824
v -0.527421 -0.117282 -0.468839
v -0.536249 -0.115621 -0.441256
v -0.532188 -0.118212 -0.440674
v -0.522955 -0.12004 -0.468055
v -0.536249 -0.115621 -0.441256
v -0.545579 -0.113371 -0.40648
v -0.541889 -0.115714 -0.406163
v -0.532188 -0.118212 -0.440674
v -0.551705 -0.112054 -0.406719
v -0.545579 -0.113371 -0.40648
v -0.536249 -0.115621 -0.441256
v -0.542933 -0.114274 -0.441925
v -0.552478 -0.113552 -0.442693
v -0.560523 -0.111285 -0.406888
v -0.551705 -0.112054 -0.406719
v -0.542933 -0.114274 -0.441925
v -0.545093 -0.115301 -0.471034
v -0.552478 -0.113552 -0.442693
v -0.542933 -0.114274 -0.441925
v -0.534725 -0.115953 -0.469824
v -0.564552 -0.113162 -0.443347
v -0.571727 -0.110821 -0.406862
v -0.560523 -0.111285 -0.406888
v -0.552478 -0.113552 -0.442693
v -0.558137 -0.114987 -0.472186
v -0.564552 -0.113162 -0.443347
v -0.552478 -0.113552 -0.442693
v -0.545093 -0.115301 -0.471034
v -0.552177 -0.115545 -0.492992
v -0.558137 -0.114987 -0.472186
v -0.545093 -0.115301 -0.471034
v -0.538184 -0.115852 -0.491503
v -0.538184 -0.115852 -0.491503
v -0.545093 -0.115301 -0.471034
v -0.534725 -0.115953 -0.469824
v -0.527032 -0.116511 -0.489992
v -0.546779 -0.113187 -0.498009
v -0.552177 -0.115545 -0.492992
v -0.538184 -0.115852 -0.491503
v -0.531896 -0.113662 -0.496497
v -0.531896 -0.113662 -0.496497
v -0.538184 -0.115852 -0.491503
v -0.527032 -0.116511 -0.489992
v -0.520058 -0.114526 -0.494952
v -0.5112 -0.111051 -0.499472
v -0.523929 -0.109852 -0.500985
v -0.531896 -0.113662 -0.496497
v -0.520058 -0.114526 -0.494952
v -0.539984 -0.109093 -0.502438
v -0.546779 -0.113187 -0.498009
v -0.531896 -0.113662 -0.496497
v -0.523929 -0.109852 -0.500985
v -0.558494 -0.108524 -0.503419
v -0.563984 -0.11285 -0.499068
v -0.546779 -0.113187 -0.498009
v -0.539984 -0.109093 -0.502438
v -0.563984 -0.11285 -0.499068
v -0.568392 -0.115345 -0.494045
v -0.552177 -0.115545 -0.492992
v -0.546779 -0.113187 -0.498009
v -0.582786 -0.112401 -0.499253
v -0.563984 -0.11285 -0.499068
v -0.558494 -0.108524 -0.503419
v -0.578593 -0.107896 -0.503512
v -0.582786 -0.112401 -0.499253
v -0.586208 -0.115005 -0.49425
v -0.568392 -0.115345 -0.494045
v -0.563984 -0.11285 -0.499068
v -0.568392 -0.115345 -0.494045
v -0.57332 -0.114781 -0.472926
v -0.558137 -0.114987 -0.472186
v -0.552177 -0.115545 -0.492992
v -0.586208 -0.115005 -0.49425
v -0.590101 -0.114448 -0.472897
v -0.57332 -0.114781 -0.472926
v -0.568392 -0.115345 -0.494045
v -0.590101 -0.114448 -0.472897
v -0.594387 -0.112524 -0.443223
v -0.578679 -0.11289 -0.443614
v -0.57332 -0.114781 -0.472926
v -0.57332 -0.114781 -0.472926
v -0.578679 -0.11289 -0.443614
v -0.564552 -0.113162 -0.443347
v -0.558137 -0.114987 -0.472186
v -0.578679 -0.11289 -0.443614
v -0.584871 -0.110479 -0.406483
v -0.571727 -0.110821 -0.406862
v -0.564552 -0.113162 -0.443347
v -0.594387 -0.112524 -0.443223
v -0.599507 -0.110075 -0.405593
v -0.584871 -0.110479 -0.406483
v -0.578679 -0.11289 -0.443614
v -0.607974 -0.113811 -0.471814
v -0.611221 -0.111898 -0.441957
v -0.594387 -0.112524 -0.443223
v -0.590101 -0.114448 -0.472897
v -0.611221 -0.111898 -0.441957
v -0.615209 -0.109468 -0.40407
v -0.599507 -0.110075 -0.405593
v -0.594387 -0.112524 -0.443223
v -0.628817 -0.111047 -0.439822
v -0.631632 -0.10868 -0.401932
v -0.615209 -0.109468 -0.40407
v -0.611221 -0.111898 -0.441957
v -0.626569 -0.112911 -0.469672
v -0.628817 -0.111047 -0.439822
v -0.611221 -0.111898 -0.441957
v -0.607974 -0.113811 -0.471814
v -0.624566 -0.113384 -0.491098
v -0.626569 -0.112911 -0.469672
v -0.607974 -0.113811 -0.471814
v -0.605056 -0.114337 -0.493272
v -0.605056 -0.114337 -0.493272
v -0.607974 -0.113811 -0.471814
v -0.590101 -0.114448 -0.472897
v -0.586208 -0.115005 -0.49425
v -0.622859 -0.110626 -0.49596
v -0.624566 -0.113384 -0.491098
v -0.605056 -0.114337 -0.493272
v -0.602533 -0.111647 -0.498224
v -0.602533 -0.111647 -0.498224
v -0.605056 -0.114337 -0.493272
v -0.586208 -0.115005 -0.49425
v -0.582786 -0.112401 -0.499253
v -0.578593 -0.107896 -0.503512
v -0.599513 -0.107013 -0.502383
v -0.602533 -0.111647 -0.498224
v -0.582786 -0.112401 -0.499253
v -0.620893 -0.105903 -0.500001
v -0.622859 -0.110626 -0.49596
v -0.602533 -0.111647 -0.498224
v -0.599513 -0.107013 -0.502383
v -0.642473 -0.104652 -0.496412
v -0.643467 -0.109434 -0.492522
v -0.622859 -0.110626 -0.49596
v -0.620893 -0.105903 -0.500001
v -0.643467 -0.109434 -0.492522
v -0.644418 -0.112248 -0.487794
v -0.624566 -0.113384 -0.491098
v -0.622859 -0.110626 -0.49596
v -0.664062 -0.108168 -0.487969
v -0.643467 -0.109434 -0.492522
v -0.642473 -0.104652 -0.496412
v -0.663992 -0.103341 -0.491661
v -0.664062 -0.108168 -0.487969
v -0.664292 -0.111031 -0.483425
v -0.644418 -0.112248 -0.487794
v -0.643467 -0.109434 -0.492522
v -0.644418 -0.112248 -0.487794
v -0.645551 -0.11184 -0.466537
v -0.626569 -0.112911 -0.469672
v -0.624566 -0.113384 -0.491098
v -0.664292 -0.111031 -0.483425
v -0.664584 -0.110695 -0.462475
v -0.645551 -0.11184 -0.466537
v -0.644418 -0.112248 -0.487794
v -0.664917 -0.10899 -0.433197
v -0.646831 -0.11005 -0.436881
v -0.645551 -0.11184 -0.466537
v -0.664584 -0.110695 -0.462475
v -0.645551 -0.11184 -0.466537
v -0.646831 -0.11005 -0.436881
v -0.628817 -0.111047 -0.439822
v -0.626569 -0.112911 -0.469672
v -0.646831 -0.11005 -0.436881
v -0.648451 -0.107778 -0.399234
v -0.631632 -0.10868 -0.401932
v -0.628817 -0.111047 -0.439822
v -0.665341 -0.106826 -0.396029
v -0.648451 -0.107778 -0.399234
v -0.646831 -0.11005 -0.436881
v -0.664917 -0.10899 -0.433197
v -0.682765 -0.107931 -0.42885
v -0.682001 -0.105879 -0.392386
v -0.665341 -0.106826 -0.396029
v -0.664917 -0.10899 -0.433197
v -0.683372 -0.109548 -0.457572
v -0.682765 -0.107931 -0.42885
v -0.664917 -0.10899 -0.433197
v -0.664584 -0.110695 -0.462475
v -0.700192 -0.106871 -0.423998
v -0.698224 -0.10494 -0.388431
v -0.682001 -0.105879 -0.392386
v -0.682765 -0.107931 -0.42885
v -0.701788 -0.108387 -0.452
v -0.700192 -0.106871 -0.423998
v -0.682765 -0.107931 -0.42885
v -0.683372 -0.109548 -0.457572
v -0.703194 -0.10857 -0.471949
v -0.701788 -0.108387 -0.452
v -0.683372 -0.109548 -0.457572
v -0.683913 -0.109811 -0.478082
v -0.683913 -0.109811 -0.478082
v -0.683372 -0.109548 -0.457572
v -0.664584 -0.110695 -0.462475
v -0.664292 -0.111031 -0.483425
v -0.704356 -0.105623 -0.475992
v -0.703194 -0.10857 -0.471949
v -0.683913 -0.109811 -0.478082
v -0.684389 -0.106902 -0.482391
v -0.684389 -0.106902 -0.482391
v -0.683913 -0.109811 -0.478082
v -0.664292 -0.111031 -0.483425
v -0.664062 -0.108168 -0.487969
v -0.663992 -0.103341 -0.491661
v -0.685221 -0.102037 -0.485833
v -0.684389 -0.106902 -0.482391
v -0.664062 -0.108168 -0.487969
v -0.706052 -0.100737 -0.47916
v -0.704356 -0.105623 -0.475992
v -0.684389 -0.106902 -0.482391
v -0.685221 -0.102037 -0.485833
v -0.726406 -0.099417 -0.471914
v -0.723911 -0.104297 -0.469007
v -0.704356 -0.105623 -0.475992
v -0.706052 -0.100737 -0.47916
v -0.723911 -0.104297 -0.469007
v -0.722092 -0.107267 -0.465234
v -0.703194 -0.10857 -0.471949
v -0.704356 -0.105623 -0.475992
v -0.746204 -0.098056 -0.464365
v -0.743001 -0.102888 -0.461671
v -0.723911 -0.104297 -0.469007
v -0.726406 -0.099417 -0.471914
v -0.743001 -0.102888 -0.461671
v -0.740562 -0.10586 -0.458147
v -0.722092 -0.107267 -0.465234
v -0.723911 -0.104297 -0.469007
v -0.722092 -0.107267 -0.465234
v -0.719743 -0.107178 -0.445949
v -0.701788 -0.108387 -0.452
v -0.703194 -0.10857 -0.471949
v -0.740562 -0.10586 -0.458147
v -0.737152 -0.105888 -0.439613
v -0.719743 -0.107178 -0.445949
v -0.722092 -0.107267 -0.465234
v -0.737152 -0.105888 -0.439613
v -0.733187 -0.104669 -0.413475
v -0.717049 -0.10579 -0.418814
v -0.719743 -0.107178 -0.445949
v -0.719743 -0.107178 -0.445949
v -0.717049 -0.10579 -0.418814
v -0.700192 -0.106871 -0.423998
v -0.701788 -0.108387 -0.452
v -0.717049 -0.10579 -0.418814
v -0.713826 -0.104004 -0.384306
v -0.698224 -0.10494 -0.388431
v -0.700192 -0.106871 -0.423998
v -0.733187 -0.104669 -0.413475
v -0.728622 -0.103064 -0.380152
v -0.713826 -0.104004 -0.384306
v -0.717049 -0.10579 -0.418814
v -0.75382 -0.104534 -0.433212
v -0.748397 -0.103528 -0.408171
v -0.733187 -0.104669 -0.413475
v -0.737152 -0.105888 -0.439613
v -0.748397 -0.103528 -0.408171
v -0.7424 -0.102142 -0.376114
v -0.728622 -0.103064 -0.380152
v -0.733187 -0.104669 -0.413475
v -0.762221 -0.102547 -0.403158
v -0.754827 -0.101378 -0.372353
v -0.7424 -0.102142 -0.376114
v -0.748397 -0.103528 -0.408171
v -0.769123 -0.103336 -0.427094
v -0.762221 -0.102547 -0.403158
v -0.748397 -0.103528 -0.408171
v -0.75382 -0.104534 -0.433212
v -0.774935 -0.103024 -0.444007
v -0.769123 -0.103336 -0.427094
v -0.75382 -0.104534 -0.433212
v -0.758423 -0.104364 -0.450936
v -0.758423 -0.104364 -0.450936
v -0.75382 -0.104534 -0.433212
v -0.737152 -0.105888 -0.439613
v -0.740562 -0.10586 -0.458147
v -0.778468 -0.100125 -0.44715
v -0.774935 -0.103024 -0.444007
v -0.758423 -0.104364 -0.450936
v -0.761436 -0.101417 -0.454252
v -0.761436 -0.101417 -0.454252
v -0.758423 -0.104364 -0.450936
v -0.740562 -0.10586 -0.458147
v -0.743001 -0.102888 -0.461671
v -0.746204 -0.098056 -0.464365
v -0.765239 -0.096682 -0.456806
v -0.761436 -0.101417 -0.454252
v -0.743001 -0.102888 -0.461671
v -0.782777 -0.095521 -0.449615
v -0.778468 -0.100125 -0.44715
v -0.761436 -0.101417 -0.454252
v -0.765239 -0.096682 -0.456806
v -0.797957 -0.09485 -0.443194
v -0.79321 -0.099305 -0.4408
v -0.778468 -0.100125 -0.44715
v -0.782777 -0.095521 -0.449615
v -0.79321 -0.099305 -0.4408
v -0.789215 -0.102143 -0.437808
v -0.774935 -0.103024 -0.444007
v -0.778468 -0.100125 -0.44715
v -0.804774 -0.099254 -0.435637
v -0.79321 -0.099305 -0.4408
v -0.797957 -0.09485 -0.443194
v -0.809916 -0.094945 -0.437943
v -0.804774 -0.099254 -0.435637
v -0.800383 -0.102023 -0.432785
v -0.789215 -0.102143 -0.437808
v -0.79321 -0.099305 -0.4408
v -0.789215 -0.102143 -0.437808
v -0.782333 -0.102562 -0.421632
v -0.769123 -0.103336 -0.427094
v -0.774935 -0.103024 -0.444007
v -0.800383 -0.102023 -0.432785
v -0.792719 -0.102482 -0.417204
v -0.782333 -0.102562 -0.421632
v -0.789215 -0.102143 -0.437808
v -0.783642 -0.10195 -0.395084
v -0.774142 -0.101948 -0.398706
v -0.782333 -0.102562 -0.421632
v -0.792719 -0.102482 -0.417204
v -0.782333 -0.102562 -0.421632
v -0.774142 -0.101948 -0.398706
v -0.762221 -0.102547 -0.403158
v -0.769123 -0.103336 -0.427094
v -0.774142 -0.101948 -0.398706
v -0.765543 -0.100941 -0.369035
v -0.754827 -0.101378 -0.372353
v -0.762221 -0.102547 -0.403158
v -0.774187 -0.101002 -0.366325
v -0.765543 -0.100941 -0.369035
v -0.774142 -0.101948 -0.398706
v -0.783642 -0.10195 -0.395084
v -0.790367 -0.102851 -0.392476
v -0.780512 -0.101801 -0.364332
v -0.774187 -0.101002 -0.366325
v -0.783642 -0.10195 -0.395084
v -0.79978 -0.103444 -0.414065
v -0.790367 -0.102851 -0.392476
v -0.783642 -0.10195 -0.395084
v -0.792719 -0.102482 -0.417204
v -0.794608 -0.105259 -0.390707
v -0.784725 -0.10387 -0.362931
v -0.780512 -0.101801 -0.364332
v -0.790367 -0.102851 -0.392476
v -0.803925 -0.106107 -0.411984
v -0.794608 -0.105259 -0.390707
v -0.790367 -0.102851 -0.392476
v -0.79978 -0.103444 -0.414065
v -0.812062 -0.105908 -0.426902
v -0.803925 -0.106107 -0.411984
v -0.79978 -0.103444 -0.414065
v -0.807834 -0.103044 -0.429241
v -0.807834 -0.103044 -0.429241
v -0.79978 -0.103444 -0.414065
v -0.792719 -0.102482 -0.417204
v -0.800383 -0.102023 -0.432785
v -0.81706 -0.103326 -0.429454
v -0.812062 -0.105908 -0.426902
v -0.807834 -0.103044 -0.429241
v -0.812553 -0.100352 -0.431952
v -0.812553 -0.100352 -0.431952
v -0.807834 -0.103044 -0.429241
v -0.800383 -0.102023 -0.432785
v -0.804774 -0.099254 -0.435637
v -0.809916 -0.094945 -0.437943
v -0.818068 -0.096176 -0.434123
v -0.812553 -0.100352 -0.431952
v -0.804774 -0.099254 -0.435637
v -0.82294 -0.099298 -0.431435
v -0.81706 -0.103326 -0.429454
v -0.812553 -0.100352 -0.431952
v -0.818068 -0.096176 -0.434123
v -0.825334 -0.105156 -0.429441
v -0.819088 -0.108988 -0.427711
v -0.81706 -0.103326 -0.429454
v -0.82294 -0.099298 -0.431435
v -0.819088 -0.108988 -0.427711
v -0.813836 -0.111391 -0.425347
v -0.812062 -0.105908 -0.426902
v -0.81706 -0.103326 -0.429454
v -0.81943 -0.118149 -0.42629
v -0.819088 -0.108988 -0.427711
v -0.825334 -0.105156 -0.429441
v -0.826055 -0.114598 -0.427702
v -0.81943 -0.118149 -0.42629
v -0.813925 -0.120273 -0.424156
v -0.813836 -0.111391 -0.425347
v -0.819088 -0.108988 -0.427711
v -0.813836 -0.111391 -0.425347
v -0.805792 -0.111205 -0.410608
v -0.803925 -0.106107 -0.411984
v -0.812062 -0.105908 -0.426902
v -0.813925 -0.120273 -0.424156
v -0.806019 -0.119476 -0.409586
v -0.805792 -0.111205 -0.410608
v -0.813836 -0.111391 -0.425347
v -0.797449 -0.117329 -0.388635
v -0.796817 -0.109857 -0.389514
v -0.805792 -0.111205 -0.410608
v -0.806019 -0.119476 -0.409586
v -0.805792 -0.111205 -0.410608
v -0.796817 -0.109857 -0.389514
v -0.794608 -0.105259 -0.390707
v -0.803925 -0.106107 -0.411984
v -0.796817 -0.109857 -0.389514
v -0.787148 -0.107811 -0.361943
v -0.784725 -0.10387 -0.362931
v -0.794608 -0.105259 -0.390707
v -0.788102 -0.114229 -0.361189
v -0.787148 -0.107811 -0.361943
v -0.796817 -0.109857 -0.389514
v -0.797449 -0.117329 -0.388635
v -0.796921 -0.128073 -0.387876
v -0.787896 -0.123478 -0.36053
v -0.788102 -0.114229 -0.361189
v -0.797449 -0.117329 -0.388635
v -0.805171 -0.131339 -0.408664
v -0.796921 -0.128073 -0.387876
v -0.797449 -0.117329 -0.388635
v -0.806019 -0.119476 -0.409586
v -0.795509 -0.141336 -0.387317
v -0.786787 -0.134927 -0.360001
v -0.787896 -0.123478 -0.36053
v -0.796921 -0.128073 -0.387876
v -0.803524 -0.145949 -0.407976
v -0.795509 -0.141336 -0.387317
v -0.796921 -0.128073 -0.387876
v -0.805171 -0.131339 -0.408664
v -0.81132 -0.148664 -0.422162
v -0.803524 -0.145949 -0.407976
v -0.805171 -0.131339 -0.408664
v -0.812999 -0.132997 -0.423033
v -0.812999 -0.132997 -0.423033
v -0.805171 -0.131339 -0.408664
v -0.806019 -0.119476 -0.409586
v -0.813925 -0.120273 -0.424156
v -0.817353 -0.147475 -0.423733
v -0.81132 -0.148664 -0.422162
v -0.812999 -0.132997 -0.423033
v -0.81877 -0.13128 -0.424888
v -0.81877 -0.13128 -0.424888
v -0.812999 -0.132997 -0.423033
v -0.813925 -0.120273 -0.424156
v -0.81943 -0.118149 -0.42629
v -0.824755 -0.144832 -0.424367
v -0.817353 -0.147475 -0.423733
v -0.81877 -0.13128 -0.424888
v -0.825787 -0.128123 -0.42592
v -0.826055 -0.114598 -0.427702
v -0.825787 -0.128123 -0.42592
v -0.81877 -0.13128 -0.424888
v -0.81943 -0.118149 -0.42629
v -0.823064 -0.163476 -0.423451
v -0.815317 -0.165488 -0.423182
v -0.817353 -0.147475 -0.423733
v -0.824755 -0.144832 -0.424367
v -0.815317 -0.165488 -0.423182
v -0.809054 -0.166042 -0.421851
v -0.81132 -0.148664 -0.422162
v -0.817353 -0.147475 -0.423733
v -0.82082 -0.182806 -0.423585
v -0.812796 -0.184071 -0.423594
v -0.815317 -0.165488 -0.423182
v -0.823064 -0.163476 -0.423451
v -0.812796 -0.184071 -0.423594
v -0.806365 -0.183896 -0.422408
v -0.809054 -0.166042 -0.421851
v -0.815317 -0.165488 -0.423182
v -0.809054 -0.166042 -0.421851
v -0.801278 -0.162144 -0.407755
v -0.803524 -0.145949 -0.407976
v -0.81132 -0.148664 -0.422162
v -0.806365 -0.183896 -0.422408
v -0.798637 -0.178765 -0.408232
v -0.801278 -0.162144 -0.407755
v -0.809054 -0.166042 -0.421851
v -0.798637 -0.178765 -0.408232
v -0.79099 -0.171254 -0.387391
v -0.793452 -0.156077 -0.387106
v -0.801278 -0.162144 -0.407755
v -0.801278 -0.162144 -0.407755
v -0.793452 -0.156077 -0.387106
v -0.795509 -0.141336 -0.387317
v -0.803524 -0.145949 -0.407976
v -0.793452 -0.156077 -0.387106
v -0.785017 -0.147697 -0.359677
v -0.786787 -0.134927 -0.360001
v -0.795509 -0.141336 -0.387317
v -0.79099 -0.171254 -0.387391
v -0.782831 -0.160909 -0.359634
v -0.785017 -0.147697 -0.359677
v -0.793452 -0.156077 -0.387106
v -0.79572 -0.194847 -0.409609
v -0.788281 -0.186022 -0.388306
v -0.79099 -0.171254 -0.387391
v -0.798637 -0.178765 -0.408232
v -0.788281 -0.186022 -0.388306
v -0.780399 -0.173855 -0.359949
v -0.782831 -0.160909 -0.359634
v -0.79099 -0.171254 -0.387391
v -0.785154 -0.200303 -0.389931
v -0.777596 -0.186523 -0.360694
v -0.780399 -0.173855 -0.359949
v -0.788281 -0.186022 -0.388306
v -0.792314 -0.210226 -0.41196
v -0.785154 -0.200303 -0.389931
v -0.788281 -0.186022 -0.388306
v -0.79572 -0.194847 -0.409609
v -0.799741 -0.217654 -0.426983
v -0.792314 -0.210226 -0.41196
v -0.79572 -0.194847 -0.409609
v -0.803337 -0.201188 -0.424093
v -0.803337 -0.201188 -0.424093
v -0.79572 -0.194847 -0.409609
v -0.798637 -0.178765 -0.408232
v -0.806365 -0.183896 -0.422408
v -0.806331 -0.219563 -0.428328
v -0.799741 -0.217654 -0.426983
v -0.803337 -0.201188 -0.424093
v -0.809864 -0.202178 -0.425277
v -0.809864 -0.202178 -0.425277
v -0.803337 -0.201188 -0.424093
v -0.806365 -0.183896 -0.422408
v -0.812796 -0.184071 -0.423594
v -0.82082 -0.182806 -0.423585
v -0.818084 -0.201789 -0.425125
v -0.809864 -0.202178 -0.425277
v -0.812796 -0.184071 -0.423594
v -0.814738 -0.220249 -0.428209
v -0.806331 -0.219563 -0.428328
v -0.809864 -0.202178 -0.425277
v -0.818084 -0.201789 -0.425125
v -0.810615 -0.238226 -0.432922
v -0.801945 -0.236182 -0.432796
v -0.806331 -0.219563 -0.428328
v -0.814738 -0.220249 -0.428209
v -0.801945 -0.236182 -0.432796
v -0.795265 -0.233228 -0.431109
v -0.799741 -0.217654 -0.426983
v -0.806331 -0.219563 -0.428328
v -0.805554 -0.25576 -0.439346
v -0.796453 -0.25199 -0.438729
v -0.801945 -0.236182 -0.432796
v -0.810615 -0.238226 -0.432922
v -0.796453 -0.25199 -0.438729
v -0.789603 -0.247839 -0.436501
v -0.795265 -0.233228 -0.431109
v -0.801945 -0.236182 -0.432796
v -0.795265 -0.233228 -0.431109
v -0.788124 -0.224934 -0.415328
v -0.792314 -0.210226 -0.41196
v -0.799741 -0.217654 -0.426983
v -0.789603 -0.247839 -0.436501
v -0.782855 -0.239004 -0.419756
v -0.788124 -0.224934 -0.415328
v -0.795265 -0.233228 -0.431109
v -0.776628 -0.22787 -0.395573
v -0.781354 -0.214213 -0.392331
v -0.788124 -0.224934 -0.415328
v -0.782855 -0.239004 -0.419756
v -0.788124 -0.224934 -0.415328
v -0.781354 -0.214213 -0.392331
v -0.785154 -0.200303 -0.389931
v -0.792314 -0.210226 -0.41196
v -0.781354 -0.214213 -0.392331
v -0.774227 -0.199068 -0.361944
v -0.777596 -0.186523 -0.360694
v -0.785154 -0.200303 -0.389931
v -0.770094 -0.211651 -0.363773
v -0.774227 -0.199068 -0.361944
v -0.781354 -0.214213 -0.392331
v -0.776628 -0.22787 -0.395573
v -0.770827 -0.241293 -0.399656
v -0.765081 -0.224325 -0.366208
v -0.770094 -0.211651 -0.363773
v -0.776628 -0.22787 -0.395573
v -0.776337 -0.252401 -0.425206
v -0.770827 -0.241293 -0.399656
v -0.776628 -0.22787 -0.395573
v -0.782855 -0.239004 -0.419756
v -0.764222 -0.254124 -0.404312
v -0.759384 -0.236731 -0.369095
v -0.765081 -0.224325 -0.366208
v -0.770827 -0.241293 -0.399656
v -0.768904 -0.264817 -0.431309
v -0.764222 -0.254124 -0.404312
v -0.770827 -0.241293 -0.399656
v -0.776337 -0.252401 -0.425206
v -0.774563 -0.273654 -0.450444
v -0.768904 -0.264817 -0.431309
v -0.776337 -0.252401 -0.425206
v -0.782579 -0.261389 -0.443094
v -0.782579 -0.261389 -0.443094
v -0.776337 -0.252401 -0.425206
v -0.782855 -0.239004 -0.419756
v -0.789603 -0.247839 -0.436501
v -0.782022 -0.280711 -0.45435
v -0.774563 -0.273654 -0.450444
v -0.782579 -0.261389 -0.443094
v -0.789712 -0.266908 -0.446071
v -0.789712 -0.266908 -0.446071
v -0.782579 -0.261389 -0.443094
v -0.789603 -0.247839 -0.436501
v -0.796453 -0.25199 -0.438729
v -0.805554 -0.25576 -0.439346
v -0.799456 -0.27283 -0.447451
v -0.789712 -0.266908 -0.446071
v -0.796453 -0.25199 -0.438729
v -0.792498 -0.289166 -0.45675
v -0.782022 -0.280711 -0.45435
v -0.789712 -0.266908 -0.446071
v -0.799456 -0.27283 -0.447451
v -0.784926 -0.304441 -0.466642
v -0.773797 -0.29314 -0.462992
v -0.782022 -0.280711 -0.45435
v -0.792498 -0.289166 -0.45675
v -0.773797 -0.29314 -0.462992
v -0.766061 -0.28438 -0.458012
v -0.774563 -0.273654 -0.450444
v -0.782022 -0.280711 -0.45435
v -0.765447 -0.303937 -0.471421
v -0.773797 -0.29314 -0.462992
v -0.784926 -0.304441 -0.466642
v -0.776981 -0.318325 -0.476525
v -0.765447 -0.303937 -0.471421
v -0.757577 -0.293311 -0.465257
v -0.766061 -0.28438 -0.458012
v -0.773797 -0.29314 -0.462992
v -0.766061 -0.28438 -0.458012
v -0.761014 -0.275878 -0.437617
v -0.768904 -0.264817 -0.431309
v -0.774563 -0.273654 -0.450444
v -0.757577 -0.293311 -0.465257
v -0.753128 -0.285209 -0.443681
v -0.761014 -0.275878 -0.437617
v -0.766061 -0.28438 -0.458012
v -0.750097 -0.27618 -0.414012
v -0.757187 -0.265905 -0.409208
v -0.761014 -0.275878 -0.437617
v -0.753128 -0.285209 -0.443681
v -0.761014 -0.275878 -0.437617
v -0.757187 -0.265905 -0.409208
v -0.764222 -0.254124 -0.404312
v -0.768904 -0.264817 -0.431309
v -0.757187 -0.265905 -0.409208
v -0.753277 -0.248408 -0.372232
v -0.759384 -0.236731 -0.369095
v -0.764222 -0.254124 -0.404312
v -0.747037 -0.258893 -0.37542
v -0.753277 -0.248408 -0.372232
v -0.757187 -0.265905 -0.409208
v -0.750097 -0.27618 -0.414012
v -0.743224 -0.284618 -0.418445
v -0.740856 -0.267827 -0.378487
v -0.747037 -0.258893 -0.37542
v -0.750097 -0.27618 -0.414012
v -0.745584 -0.292561 -0.449131
v -0.743224 -0.284618 -0.418445
v -0.750097 -0.27618 -0.414012
v -0.753128 -0.285209 -0.443681
v -0.736424 -0.291377 -0.422452
v -0.734596 -0.275261 -0.381379
v -0.740856 -0.267827 -0.378487
v -0.743224 -0.284618 -0.418445
v -0.738241 -0.298194 -0.453926
v -0.736424 -0.291377 -0.422452
v -0.743224 -0.284618 -0.418445
v -0.745584 -0.292561 -0.449131
v -0.741649 -0.305628 -0.477405
v -0.738241 -0.298194 -0.453926
v -0.745584 -0.292561 -0.449131
v -0.749488 -0.3003 -0.471738
v -0.749488 -0.3003 -0.471738
v -0.745584 -0.292561 -0.449131
v -0.753128 -0.285209 -0.443681
v -0.757577 -0.293311 -0.465257
v -0.74913 -0.320267 -0.486072
v -0.741649 -0.305628 -0.477405
v -0.749488 -0.3003 -0.471738
v -0.757273 -0.312925 -0.479154
v -0.757273 -0.312925 -0.479154
v -0.749488 -0.3003 -0.471738
v -0.757577 -0.293311 -0.465257
v -0.765447 -0.303937 -0.471421
v -0.776981 -0.318325 -0.476525
v -0.768833 -0.330551 -0.485873
v -0.757273 -0.312925 -0.479154
v -0.765447 -0.303937 -0.471421
v -0.760339 -0.341098 -0.494465
v -0.74913 -0.320267 -0.486072
v -0.757273 -0.312925 -0.479154
v -0.768833 -0.330551 -0.485873
v -0.774178 -0.337666 -0.489487
v -0.76552 -0.349551 -0.498724
v -0.760339 -0.341098 -0.494465
v -0.768833 -0.330551 -0.485873
v -0.782318 -0.324082 -0.479539
v -0.774178 -0.337666 -0.489487
v -0.768833 -0.330551 -0.485873
v -0.776981 -0.318325 -0.476525
v -0.790078 -0.308894 -0.469146
v -0.782318 -0.324082 -0.479539
v -0.776981 -0.318325 -0.476525
v -0.784926 -0.304441 -0.466642
v -0.774178 -0.337666 -0.489487
v -0.782318 -0.324082 -0.479539
v -0.792157 -0.328059 -0.493759
v -0.783926 -0.342718 -0.503741
v -0.792157 -0.328059 -0.493759
v -0.782318 -0.324082 -0.479539
v -0.790078 -0.308894 -0.469146
v -0.799767 -0.311815 -0.483608
v -0.792157 -0.328059 -0.493759
v -0.799767 -0.311815 -0.483608
v -0.802045 -0.312389 -0.487991
v -0.794508 -0.328768 -0.498057
v -0.794508 -0.328768 -0.498057
v -0.786281 -0.343554 -0.507985
v -0.783926 -0.342718 -0.503741
v -0.792157 -0.328059 -0.493759
v -0.808869 -0.294758 -0.478278
v -0.802045 -0.312389 -0.487991
v -0.799767 -0.311815 -0.483608
v -0.806718 -0.294327 -0.473804
v -0.799767 -0.311815 -0.483608
v -0.790078 -0.308894 -0.469146
v -0.797352 -0.292412 -0.458844
v -0.806718 -0.294327 -0.473804
v -0.814916 -0.276277 -0.469458
v -0.808869 -0.294758 -0.478278
v -0.806718 -0.294327 -0.473804
v -0.812921 -0.275987 -0.464904
v -0.806718 -0.294327 -0.473804
v -0.797352 -0.292412 -0.458844
v -0.803968 -0.275 -0.449241
v -0.812921 -0.275987 -0.464904
v -0.797352 -0.292412 -0.458844
v -0.790078 -0.308894 -0.469146
v -0.784926 -0.304441 -0.466642
v -0.792498 -0.289166 -0.45675
v -0.803968 -0.275 -0.449241
v -0.797352 -0.292412 -0.458844
v -0.792498 -0.289166 -0.45675
v -0.799456 -0.27283 -0.447451
v -0.803968 -0.275 -0.449241
v -0.809757 -0.257021 -0.44094
v -0.81828 -0.257189 -0.457459
v -0.812921 -0.275987 -0.464904
v -0.809757 -0.257021 -0.44094
v -0.803968 -0.275 -0.449241
v -0.799456 -0.27283 -0.447451
v -0.805554 -0.25576 -0.439346
v -0.814597 -0.238767 -0.434431
v -0.809757 -0.257021 -0.44094
v -0.805554 -0.25576 -0.439346
v -0.810615 -0.238226 -0.432922
v -0.814597 -0.238767 -0.434431
v -0.822733 -0.238252 -0.45189
v -0.81828 -0.257189 -0.457459
v -0.809757 -0.257021 -0.44094
v -0.81828 -0.257189 -0.457459
v -0.822733 -0.238252 -0.45189
v -0.824421 -0.238315 -0.456545
v -0.820114 -0.257352 -0.462072
v -0.820114 -0.257352 -0.462072
v -0.814916 -0.276277 -0.469458
v -0.812921 -0.275987 -0.464904
v -0.81828 -0.257189 -0.457459
v -0.822733 -0.238252 -0.45189
v -0.826364 -0.219189 -0.448126
v -0.827925 -0.219193 -0.452814
v -0.824421 -0.238315 -0.456545
v -0.818571 -0.220236 -0.429725
v -0.826364 -0.219189 -0.448126
v -0.822733 -0.238252 -0.45189
v -0.814597 -0.238767 -0.434431
v -0.826364 -0.219189 -0.448126
v -0.829297 -0.199939 -0.445981
v -0.830748 -0.199935 -0.450696
v -0.827925 -0.219193 -0.452814
v -0.821807 -0.201352 -0.426718
v -0.829297 -0.199939 -0.445981
v -0.826364 -0.219189 -0.448126
v -0.818571 -0.220236 -0.429725
v -0.818571 -0.220236 -0.429725
v -0.814597 -0.238767 -0.434431
v -0.810615 -0.238226 -0.432922
v -0.814738 -0.220249 -0.428209
v -0.821807 -0.201352 -0.426718
v -0.818571 -0.220236 -0.429725
v -0.814738 -0.220249 -0.428209
v -0.818084 -0.201789 -0.425125
v -0.821807 -0.201352 -0.426718
v -0.824437 -0.18204 -0.425304
v -0.831659 -0.180441 -0.445269
v -0.829297 -0.199939 -0.445981
v -0.824437 -0.18204 -0.425304
v -0.821807 -0.201352 -0.426718
v -0.818084 -0.201789 -0.425125
v -0.82082 -0.182806 -0.423585
v -0.826552 -0.162445 -0.425325
v -0.824437 -0.18204 -0.425304
v -0.82082 -0.182806 -0.423585
v -0.823064 -0.163476 -0.423451
v -0.826552 -0.162445 -0.425325
v -0.833543 -0.160833 -0.445778
v -0.831659 -0.180441 -0.445269
v -0.824437 -0.18204 -0.425304
v -0.831659 -0.180441 -0.445269
v -0.833543 -0.160833 -0.445778
v -0.834804 -0.161 -0.450523
v -0.833013 -0.18049 -0.450005
v -0.833013 -0.18049 -0.450005
v -0.830748 -0.199935 -0.450696
v -0.829297 -0.199939 -0.445981
v -0.831659 -0.180441 -0.445269
v -0.833543 -0.160833 -0.445778
v -0.834885 -0.14206 -0.447178
v -0.836054 -0.142378 -0.451921
v -0.834804 -0.161 -0.450523
v -0.828095 -0.143586 -0.426409
v -0.834885 -0.14206 -0.447178
v -0.833543 -0.160833 -0.445778
v -0.826552 -0.162445 -0.425325
v -0.834885 -0.14206 -0.447178
v -0.835583 -0.125268 -0.449109
v -0.836657 -0.125726 -0.453841
v -0.836054 -0.142378 -0.451921
v -0.828968 -0.126704 -0.428132
v -0.835583 -0.125268 -0.449109
v -0.834885 -0.14206 -0.447178
v -0.828095 -0.143586 -0.426409
v -0.828095 -0.143586 -0.426409
v -0.826552 -0.162445 -0.425325
v -0.823064 -0.163476 -0.423451
v -0.824755 -0.144832 -0.424367
v -0.828968 -0.126704 -0.428132
v -0.828095 -0.143586 -0.426409
v -0.824755 -0.144832 -0.424367
v -0.825787 -0.128123 -0.42592
v -0.829075 -0.11304 -0.43007
v -0.828968 -0.126704 -0.428132
v -0.825787 -0.128123 -0.42592
v -0.826055 -0.114598 -0.427702
v -0.828968 -0.126704 -0.428132
v -0.829075 -0.11304 -0.43007
v -0.835533 -0.111602 -0.45121
v -0.835583 -0.125268 -0.449109
v -0.828201 -0.103483 -0.431943
v -0.829075 -0.11304 -0.43007
v -0.826055 -0.114598 -0.427702
v -0.825334 -0.105156 -0.429441
v -0.835533 -0.111602 -0.45121
v -0.829075 -0.11304 -0.43007
v -0.828201 -0.103483 -0.431943
v -0.834511 -0.101883 -0.453256
v -0.836509 -0.112145 -0.45593
v -0.836657 -0.125726 -0.453841
v -0.835583 -0.125268 -0.449109
v -0.835533 -0.111602 -0.45121
v -0.835533 -0.111602 -0.45121
v -0.834511 -0.101883 -0.453256
v -0.835391 -0.102423 -0.45797
v -0.836509 -0.112145 -0.45593
v -0.83261 -0.096106 -0.46029
v -0.835391 -0.102423 -0.45797
v -0.834511 -0.101883 -0.453256
v -0.831817 -0.095631 -0.455564
v -0.834511 -0.101883 -0.453256
v -0.828201 -0.103483 -0.431943
v -0.825658 -0.097528 -0.434047
v -0.831817 -0.095631 -0.455564
v -0.827349 -0.092429 -0.463367
v -0.83261 -0.096106 -0.46029
v -0.831817 -0.095631 -0.455564
v -0.826635 -0.092044 -0.458596
v -0.831817 -0.095631 -0.455564
v -0.825658 -0.097528 -0.434047
v -0.820638 -0.094319 -0.436824
v -0.826635 -0.092044 -0.458596
v -0.825658 -0.097528 -0.434047
v -0.828201 -0.103483 -0.431943
v -0.825334 -0.105156 -0.429441
v -0.82294 -0.099298 -0.431435
v -0.820638 -0.094319 -0.436824
v -0.825658 -0.097528 -0.434047
v -0.82294 -0.099298 -0.431435
v -0.818068 -0.096176 -0.434123
v -0.812334 -0.093 -0.440713
v -0.820638 -0.094319 -0.436824
v -0.818068 -0.096176 -0.434123
v -0.809916 -0.094945 -0.437943
v -0.820638 -0.094319 -0.436824
v -0.812334 -0.093 -0.440713
v -0.818145 -0.090317 -0.46281
v -0.826635 -0.092044 -0.458596
v -0.800216 -0.092813 -0.446019
v -0.812334 -0.093 -0.440713
v -0.809916 -0.094945 -0.437943
v -0.797957 -0.09485 -0.443194
v -0.800216 -0.092813 -0.446019
v -0.805802 -0.089737 -0.468503
v -0.818145 -0.090317 -0.46281
v -0.812334 -0.093 -0.440713
v -0.8188 -0.090602 -0.467634
v -0.827349 -0.092429 -0.463367
v -0.826635 -0.092044 -0.458596
v -0.818145 -0.090317 -0.46281
v -0.818145 -0.090317 -0.46281
v -0.805802 -0.089737 -0.468503
v -0.806429 -0.089918 -0.473364
v -0.8188 -0.090602 -0.467634
v -0.805802 -0.089737 -0.468503
v -0.790169 -0.089952 -0.475399
v -0.790794 -0.090031 -0.480276
v -0.806429 -0.089918 -0.473364
v -0.784857 -0.093394 -0.45249
v -0.790169 -0.089952 -0.475399
v -0.805802 -0.089737 -0.468503
v -0.800216 -0.092813 -0.446019
v -0.790169 -0.089952 -0.475399
v -0.772084 -0.090699 -0.48308
v -0.772722 -0.090686 -0.487956
v -0.790794 -0.090031 -0.480276
v -0.767109 -0.094472 -0.459737
v -0.772084 -0.090699 -0.48308
v -0.790169 -0.089952 -0.475399
v -0.784857 -0.093394 -0.45249
v -0.784857 -0.093394 -0.45249
v -0.800216 -0.092813 -0.446019
v -0.797957 -0.09485 -0.443194
v -0.782777 -0.095521 -0.449615
v -0.767109 -0.094472 -0.459737
v -0.784857 -0.093394 -0.45249
v -0.782777 -0.095521 -0.449615
v -0.765239 -0.096682 -0.456806
v -0.747821 -0.095781 -0.467371
v -0.767109 -0.094472 -0.459737
v -0.765239 -0.096682 -0.456806
v -0.746204 -0.098056 -0.464365
v -0.767109 -0.094472 -0.459737
v -0.747821 -0.095781 -0.467371
v -0.752389 -0.091715 -0.491125
v -0.772084 -0.090699 -0.48308
v -0.727718 -0.097099 -0.47502
v -0.747821 -0.095781 -0.467371
v -0.746204 -0.098056 -0.464365
v -0.726406 -0.099417 -0.471914
v -0.727718 -0.097099 -0.47502
v -0.731804 -0.092783 -0.499137
v -0.752389 -0.091715 -0.491125
v -0.747821 -0.095781 -0.467371
v -0.753041 -0.091628 -0.495992
v -0.772722 -0.090686 -0.487956
v -0.772084 -0.090699 -0.48308
v -0.752389 -0.091715 -0.491125
v -0.752389 -0.091715 -0.491125
v -0.731804 -0.092783 -0.499137
v -0.732463 -0.092642 -0.503989
v -0.753041 -0.091628 -0.495992
v -0.731804 -0.092783 -0.499137
v -0.710566 -0.093869 -0.506793
v -0.711228 -0.093693 -0.511625
v -0.732463 -0.092642 -0.503989
v -0.707018 -0.098395 -0.482382
v -0.710566 -0.093869 -0.506793
v -0.731804 -0.092783 -0.499137
v -0.727718 -0.097099 -0.47502
v -0.710566 -0.093869 -0.506793
v -0.68879 -0.094985 -0.513788
v -0.689459 -0.094787 -0.518599
v -0.711228 -0.093693 -0.511625
v -0.685812 -0.099686 -0.489169
v -0.68879 -0.094985 -0.513788
v -0.710566 -0.093869 -0.506793
v -0.707018 -0.098395 -0.482382
v -0.707018 -0.098395 -0.482382
v -0.727718 -0.097099 -0.47502
v -0.726406 -0.099417 -0.471914
v -0.706052 -0.100737 -0.47916
v -0.685812 -0.099686 -0.489169
v -0.707018 -0.098395 -0.482382
v -0.706052 -0.100737 -0.47916
v -0.685221 -0.102037 -0.485833
v -0.664191 -0.100988 -0.495095
v -0.685812 -0.099686 -0.489169
v -0.685221 -0.102037 -0.485833
v -0.663992 -0.103341 -0.491661
v -0.685812 -0.099686 -0.489169
v -0.664191 -0.100988 -0.495095
v -0.66659 -0.096142 -0.519817
v -0.68879 -0.094985 -0.513788
v -0.642273 -0.102302 -0.499915
v -0.664191 -0.100988 -0.495095
v -0.663992 -0.103341 -0.491661
v -0.642473 -0.104652 -0.496412
v -0.642273 -0.102302 -0.499915
v -0.644099 -0.097343 -0.524629
v -0.66659 -0.096142 -0.519817
v -0.664191 -0.100988 -0.495095
v -0.667274 -0.095928 -0.524606
v -0.689459 -0.094787 -0.518599
v -0.68879 -0.094985 -0.513788
v -0.66659 -0.096142 -0.519817
v -0.66659 -0.096142 -0.519817
v -0.644099 -0.097343 -0.524629
v -0.644807 -0.097116 -0.529399
v -0.667274 -0.095928 -0.524606
v -0.644099 -0.097343 -0.524629
v -0.621506 -0.098548 -0.528191
v -0.622238 -0.098318 -0.532946
v -0.644807 -0.097116 -0.529399
v -0.620273 -0.103568 -0.503552
v -0.621506 -0.098548 -0.528191
v -0.644099 -0.097343 -0.524629
v -0.642273 -0.102302 -0.499915
v -0.621506 -0.098548 -0.528191
v -0.599016 -0.099707 -0.530523
v -0.599759 -0.099493 -0.53527
v -0.622238 -0.098318 -0.532946
v -0.598437 -0.10471 -0.505971
v -0.599016 -0.099707 -0.530523
v -0.621506 -0.098548 -0.528191
v -0.620273 -0.103568 -0.503552
v -0.620273 -0.103568 -0.503552
v -0.642273 -0.102302 -0.499915
v -0.642473 -0.104652 -0.496412
v -0.620893 -0.105903 -0.500001
v -0.598437 -0.10471 -0.505971
v -0.620273 -0.103568 -0.503552
v -0.620893 -0.105903 -0.500001
v -0.599513 -0.107013 -0.502383
v -0.598437 -0.10471 -0.505971
v -0.577007 -0.105651 -0.507135
v -0.576833 -0.10077 -0.531651
v -0.599016 -0.099707 -0.530523
v -0.577007 -0.105651 -0.507135
v -0.598437 -0.10471 -0.505971
v -0.599513 -0.107013 -0.502383
v -0.578593 -0.107896 -0.503512
v -0.556341 -0.106368 -0.507082
v -0.577007 -0.105651 -0.507135
v -0.578593 -0.107896 -0.503512
v -0.558494 -0.108524 -0.503419
v -0.556341 -0.106368 -0.507082
v -0.555299 -0.101728 -0.531655
v -0.576833 -0.10077 -0.531651
v -0.577007 -0.105651 -0.507135
v -0.576833 -0.10077 -0.531651
v -0.555299 -0.101728 -0.531655
v -0.55598 -0.101627 -0.536391
v -0.577562 -0.100597 -0.536393
v -0.577562 -0.100597 -0.536393
v -0.599759 -0.099493 -0.53527
v -0.599016 -0.099707 -0.530523
v -0.576833 -0.10077 -0.531651
v -0.555299 -0.101728 -0.531655
v -0.535307 -0.102749 -0.530839
v -0.535911 -0.102746 -0.535561
v -0.55598 -0.101627 -0.536391
v -0.537257 -0.107055 -0.506146
v -0.535307 -0.102749 -0.530839
v -0.555299 -0.101728 -0.531655
v -0.556341 -0.106368 -0.507082
v -0.535307 -0.102749 -0.530839
v -0.51789 -0.104043 -0.529559
v -0.518396 -0.104154 -0.534252
v -0.535911 -0.102746 -0.535561
v -0.520687 -0.107955 -0.504731
v -0.51789 -0.104043 -0.529559
v -0.535307 -0.102749 -0.530839
v -0.537257 -0.107055 -0.506146
v -0.537257 -0.107055 -0.506146
v -0.556341 -0.106368 -0.507082
v -0.558494 -0.108524 -0.503419
v -0.539984 -0.109093 -0.502438
v -0.520687 -0.107955 -0.504731
v -0.537257 -0.107055 -0.506146
v -0.539984 -0.109093 -0.502438
v -0.523929 -0.109852 -0.500985
v -0.520687 -0.107955 -0.504731
v -0.507563 -0.109316 -0.503242
v -0.504082 -0.105819 -0.52817
v -0.51789 -0.104043 -0.529559
v -0.507563 -0.109316 -0.503242
v -0.520687 -0.107955 -0.504731
v -0.523929 -0.109852 -0.500985
v -0.5112 -0.111051 -0.499472
v -0.498544 -0.111494 -0.501999
v -0.507563 -0.109316 -0.503242
v -0.5112 -0.111051 -0.499472
v -0.502411 -0.113053 -0.498223
v -0.504082 -0.105819 -0.52817
v -0.507563 -0.109316 -0.503242
v -0.498544 -0.111494 -0.501999
v -0.494612 -0.108401 -0.526941
v -0.504082 -0.105819 -0.52817
v -0.494612 -0.108401 -0.526941
v -0.494905 -0.108762 -0.531532
v -0.504481 -0.106054 -0.532818
v -0.504481 -0.106054 -0.532818
v -0.518396 -0.104154 -0.534252
v -0.51789 -0.104043 -0.529559
v -0.504082 -0.105819 -0.52817
v -0.489188 -0.113054 -0.530352
v -0.494905 -0.108762 -0.531532
v -0.494612 -0.108401 -0.526941
v -0.488982 -0.112571 -0.525801
v -0.493195 -0.115294 -0.500963
v -0.488982 -0.112571 -0.525801
v -0.494612 -0.108401 -0.526941
v -0.498544 -0.111494 -0.501999
v -0.48653 -0.119824 -0.529144
v -0.489188 -0.113054 -0.530352
v -0.488982 -0.112571 -0.525801
v -0.486387 -0.119225 -0.524591
v -0.490808 -0.12163 -0.500012
v -0.486387 -0.119225 -0.524591
v -0.488982 -0.112571 -0.525801
v -0.493195 -0.115294 -0.500963
v -0.493195 -0.115294 -0.500963
v -0.498544 -0.111494 -0.501999
v -0.502411 -0.113053 -0.498223
v -0.497167 -0.116672 -0.497207
v -0.490808 -0.12163 -0.500012
v -0.493195 -0.115294 -0.500963
v -0.497167 -0.116672 -0.497207
v -0.494821 -0.122834 -0.496305
v -0.486025 -0.129258 -0.523148
v -0.486387 -0.119225 -0.524591
v -0.490808 -0.12163 -0.500012
v -0.490672 -0.131419 -0.499022
v -0.490672 -0.131419 -0.499022
v -0.490808 -0.12163 -0.500012
v -0.494821 -0.122834 -0.496305
v -0.494726 -0.132467 -0.495399
v -0.492167 -0.145221 -0.497919
v -0.490672 -0.131419 -0.499022
v -0.494726 -0.132467 -0.495399
v -0.496312 -0.146134 -0.494414
v -0.486025 -0.129258 -0.523148
v -0.490672 -0.131419 -0.499022
v -0.492167 -0.145221 -0.497919
v -0.4872 -0.143228 -0.521387
v -0.486025 -0.129258 -0.523148
v -0.4872 -0.143228 -0.521387
v -0.487179 -0.143868 -0.526009
v -0.486101 -0.129926 -0.527731
v -0.486101 -0.129926 -0.527731
v -0.48653 -0.119824 -0.529144
v -0.486387 -0.119225 -0.524591
v -0.486025 -0.129258 -0.523148
v -0.489504 -0.160861 -0.524174
v -0.487179 -0.143868 -0.526009
v -0.4872 -0.143228 -0.521387
v -0.48965 -0.160331 -0.519518
v -0.4872 -0.143228 -0.521387
v -0.492167 -0.145221 -0.497919
v -0.495015 -0.162181 -0.496842
v -0.48965 -0.160331 -0.519518
v -0.49293 -0.179804 -0.522502
v -0.489504 -0.160861 -0.524174
v -0.48965 -0.160331 -0.519518
v -0.493218 -0.179423 -0.517824
v -0.48965 -0.160331 -0.519518
v -0.495015 -0.162181 -0.496842
v -0.499025 -0.181088 -0.49598
v -0.493218 -0.179423 -0.517824
v -0.495015 -0.162181 -0.496842
v -0.492167 -0.145221 -0.497919
v -0.496312 -0.146134 -0.494414
v -0.499316 -0.162942 -0.493457
v -0.499025 -0.181088 -0.49598
v -0.495015 -0.162181 -0.496842
v -0.499316 -0.162942 -0.493457
v -0.503556 -0.181634 -0.492682
v -0.504007 -0.200731 -0.495522
v -0.499025 -0.181088 -0.49598
v -0.503556 -0.181634 -0.492682
v -0.508846 -0.200954 -0.49224
v -0.499025 -0.181088 -0.49598
v -0.504007 -0.200731 -0.495522
v -0.497746 -0.199358 -0.516586
v -0.493218 -0.179423 -0.517824
v -0.509827 -0.22009 -0.495626
v -0.504007 -0.200731 -0.495522
v -0.508846 -0.200954 -0.49224
v -0.515046 -0.21984 -0.492262
v -0.509827 -0.22009 -0.495626
v -0.503134 -0.219168 -0.516033
v -0.497746 -0.199358 -0.516586
v -0.504007 -0.200731 -0.495522
v -0.497315 -0.1996 -0.521269
v -0.49293 -0.179804 -0.522502
v -0.493218 -0.179423 -0.517824
v -0.497746 -0.199358 -0.516586
v -0.497746 -0.199358 -0.516586
v -0.503134 -0.219168 -0.516033
v -0.502575 -0.219327 -0.520705
v -0.497315 -0.1996 -0.521269
v -0.503134 -0.219168 -0.516033
v -0.509527 -0.23859 -0.516199
v -0.508861 -0.238728 -0.52085
v -0.502575 -0.219327 -0.520705
v -0.516574 -0.238892 -0.496326
v -0.509527 -0.23859 -0.516199
v -0.503134 -0.219168 -0.516033
v -0.509827 -0.22009 -0.495626
v -0.502575 -0.219327 -0.520705
v -0.508861 -0.238728 -0.52085
v -0.509583 -0.239161 -0.525505
v -0.503405 -0.220012 -0.525335
v -0.497315 -0.1996 -0.521269
v -0.502575 -0.219327 -0.520705
v -0.503405 -0.220012 -0.525335
v -0.498273 -0.200622 -0.525853
v -0.505761 -0.221386 -0.531316
v -0.503405 -0.220012 -0.525335
v -0.509583 -0.239161 -0.525505
v -0.511709 -0.239962 -0.531318
v -0.500896 -0.202749 -0.531958
v -0.498273 -0.200622 -0.525853
v -0.503405 -0.220012 -0.525335
v -0.505761 -0.221386 -0.531316
v -0.516289 -0.24139 -0.537979
v -0.510636 -0.223725 -0.537995
v -0.505761 -0.221386 -0.531316
v -0.511709 -0.239962 -0.531318
v -0.506112 -0.206197 -0.538608
v -0.500896 -0.202749 -0.531958
v -0.505761 -0.221386 -0.531316
v -0.510636 -0.223725 -0.537995
v -0.50265 -0.189098 -0.539817
v -0.497011 -0.184332 -0.533226
v -0.500896 -0.202749 -0.531958
v -0.506112 -0.206197 -0.538608
v -0.497011 -0.184332 -0.533226
v -0.49404 -0.18124 -0.52701
v -0.498273 -0.200622 -0.525853
v -0.500896 -0.202749 -0.531958
v -0.494167 -0.166848 -0.534926
v -0.490769 -0.1627 -0.528579
v -0.49404 -0.18124 -0.52701
v -0.497011 -0.184332 -0.533226
v -0.500284 -0.172955 -0.541455
v -0.494167 -0.166848 -0.534926
v -0.497011 -0.184332 -0.533226
v -0.50265 -0.189098 -0.539817
v -0.498273 -0.200622 -0.525853
v -0.49404 -0.18124 -0.52701
v -0.49293 -0.179804 -0.522502
v -0.497315 -0.1996 -0.521269
v -0.49404 -0.18124 -0.52701
v -0.490769 -0.1627 -0.528579
v -0.489504 -0.160861 -0.524174
v -0.49293 -0.179804 -0.522502
v -0.490769 -0.1627 -0.528579
v -0.488583 -0.145996 -0.530296
v -0.487179 -0.143868 -0.526009
v -0.489504 -0.160861 -0.524174
v -0.492465 -0.151117 -0.53682
v -0.488583 -0.145996 -0.530296
v -0.490769 -0.1627 -0.528579
v -0.494167 -0.166848 -0.534926
v -0.486101 -0.129926 -0.527731
v -0.487179 -0.143868 -0.526009
v -0.488583 -0.145996 -0.530296
v -0.487612 -0.132154 -0.531906
v -0.492009 -0.137958 -0.538672
v -0.487612 -0.132154 -0.531906
v -0.488583 -0.145996 -0.530296
v -0.492465 -0.151117 -0.53682
v -0.499076 -0.158357 -0.543317
v -0.492465 -0.151117 -0.53682
v -0.494167 -0.166848 -0.534926
v -0.500284 -0.172955 -0.541455
v -0.499085 -0.14589 -0.545198
v -0.492009 -0.137958 -0.538672
v -0.492465 -0.151117 -0.53682
v -0.499076 -0.158357 -0.543317
v -0.507403 -0.1532 -0.549111
v -0.499085 -0.14589 -0.545198
v -0.499076 -0.158357 -0.543317
v -0.50707 -0.165085 -0.54722
v -0.50707 -0.165085 -0.54722
v -0.499076 -0.158357 -0.543317
v -0.500284 -0.172955 -0.541455
v -0.507885 -0.178756 -0.545384
v -0.515143 -0.170734 -0.549078
v -0.50707 -0.165085 -0.54722
v -0.507885 -0.178756 -0.545384
v -0.515717 -0.183797 -0.547286
v -0.515634 -0.159243 -0.550944
v -0.507403 -0.1532 -0.549111
v -0.50707 -0.165085 -0.54722
v -0.515143 -0.170734 -0.549078
v -0.515634 -0.159243 -0.550944
v -0.515143 -0.170734 -0.549078
v -0.523203 -0.175607 -0.550047
v -0.52372 -0.164164 -0.55184
v -0.523203 -0.175607 -0.550047
v -0.515143 -0.170734 -0.549078
v -0.515717 -0.183797 -0.547286
v -0.523671 -0.188528 -0.548345
v -0.528788 -0.178458 -0.550303
v -0.529301 -0.166722 -0.552045
v -0.52372 -0.164164 -0.55184
v -0.523203 -0.175607 -0.550047
v -0.529203 -0.191647 -0.548676
v -0.528788 -0.178458 -0.550303
v -0.523203 -0.175607 -0.550047
v -0.523671 -0.188528 -0.548345
v -0.52372 -0.164164 -0.55184
v -0.525282 -0.154539 -0.55356
v -0.517271 -0.149607 -0.552721
v -0.515634 -0.159243 -0.550944
v -0.529301 -0.166722 -0.552045
v -0.530781 -0.156842 -0.553734
v -0.525282 -0.154539 -0.55356
v -0.52372 -0.164164 -0.55184
v -0.530781 -0.156842 -0.553734
v -0.53347 -0.148857 -0.555258
v -0.528275 -0.146686 -0.555123
v -0.525282 -0.154539 -0.55356
v -0.528275 -0.146686 -0.555123
v -0.520542 -0.141719 -0.554346
v -0.517271 -0.149607 -0.552721
v -0.525282 -0.154539 -0.55356
v -0.509001 -0.143413 -0.550894
v -0.517271 -0.149607 -0.552721
v -0.520542 -0.141719 -0.554346
v -0.512402 -0.135558 -0.552526
v -0.515634 -0.159243 -0.550944
v -0.517271 -0.149607 -0.552721
v -0.509001 -0.143413 -0.550894
v -0.507403 -0.1532 -0.549111
v -0.500477 -0.135971 -0.546927
v -0.509001 -0.143413 -0.550894
v -0.512402 -0.135558 -0.552526
v -0.503845 -0.128333 -0.548493
v -0.507403 -0.1532 -0.549111
v -0.509001 -0.143413 -0.550894
v -0.500477 -0.135971 -0.546927
v -0.499085 -0.14589 -0.545198
v -0.499085 -0.14589 -0.545198
v -0.500477 -0.135971 -0.546927
v -0.493009 -0.127949 -0.540296
v -0.492009 -0.137958 -0.538672
v -0.493009 -0.127949 -0.540296
v -0.500477 -0.135971 -0.546927
v -0.503845 -0.128333 -0.548493
v -0.496115 -0.120694 -0.541723
v -0.488117 -0.121947 -0.533235
v -0.493009 -0.127949 -0.540296
v -0.496115 -0.120694 -0.541723
v -0.490858 -0.114977 -0.534434
v -0.492009 -0.137958 -0.538672
v -0.493009 -0.127949 -0.540296
v -0.488117 -0.121947 -0.533235
v -0.487612 -0.132154 -0.531906
v -0.487612 -0.132154 -0.531906
v -0.488117 -0.121947 -0.533235
v -0.48653 -0.119824 -0.529144
v -0.486101 -0.129926 -0.527731
v -0.488117 -0.121947 -0.533235
v -0.490858 -0.114977 -0.534434
v -0.489188 -0.113054 -0.530352
v -0.48653 -0.119824 -0.529144
v -0.490858 -0.114977 -0.534434
v -0.496702 -0.110489 -0.535714
v -0.494905 -0.108762 -0.531532
v -0.489188 -0.113054 -0.530352
v -0.490858 -0.114977 -0.534434
v -0.496115 -0.120694 -0.541723
v -0.502083 -0.115554 -0.543038
v -0.496702 -0.110489 -0.535714
v -0.504481 -0.106054 -0.532818
v -0.494905 -0.108762 -0.531532
v -0.496702 -0.110489 -0.535714
v -0.506407 -0.10759 -0.537144
v -0.496702 -0.110489 -0.535714
v -0.502083 -0.115554 -0.543038
v -0.511673 -0.11189 -0.544324
v -0.506407 -0.10759 -0.537144
v -0.496115 -0.120694 -0.541723
v -0.503845 -0.128333 -0.548493
v -0.509886 -0.122538 -0.549919
v -0.502083 -0.115554 -0.543038
v -0.502083 -0.115554 -0.543038
v -0.509886 -0.122538 -0.549919
v -0.519299 -0.118147 -0.551229
v -0.511673 -0.11189 -0.544324
v -0.525351 -0.109137 -0.545604
v -0.511673 -0.11189 -0.544324
v -0.519299 -0.118147 -0.551229
v -0.532516 -0.11476 -0.552405
v -0.511673 -0.11189 -0.544324
v -0.525351 -0.109137 -0.545604
v -0.520395 -0.10551 -0.538692
v -0.506407 -0.10759 -0.537144
v -0.542424 -0.107021 -0.546653
v -0.537912 -0.10394 -0.540071
v -0.520395 -0.10551 -0.538692
v -0.525351 -0.109137 -0.545604
v -0.532516 -0.11476 -0.552405
v -0.548908 -0.112135 -0.55326
v -0.542424 -0.107021 -0.546653
v -0.525351 -0.109137 -0.545604
v -0.506407 -0.10759 -0.537144
v -0.520395 -0.10551 -0.538692
v -0.518396 -0.104154 -0.534252
v -0.504481 -0.106054 -0.532818
v -0.535911 -0.102746 -0.535561
v -0.518396 -0.104154 -0.534252
v -0.520395 -0.10551 -0.538692
v -0.537912 -0.10394 -0.540071
v -0.55598 -0.101627 -0.536391
v -0.535911 -0.102746 -0.535561
v -0.537912 -0.10394 -0.540071
v -0.557914 -0.102685 -0.540939
v -0.561905 -0.105339 -0.547183
v -0.557914 -0.102685 -0.540939
v -0.537912 -0.10394 -0.540071
v -0.542424 -0.107021 -0.546653
v -0.577562 -0.100597 -0.536393
v -0.55598 -0.101627 -0.536391
v -0.557914 -0.102685 -0.540939
v -0.579369 -0.101549 -0.540959
v -0.579369 -0.101549 -0.540959
v -0.557914 -0.102685 -0.540939
v -0.561905 -0.105339 -0.547183
v -0.58281 -0.103891 -0.546907
v -0.548908 -0.112135 -0.55326
v -0.567578 -0.110067 -0.55356
v -0.561905 -0.105339 -0.547183
v -0.542424 -0.107021 -0.546653
v -0.58281 -0.103891 -0.546907
v -0.561905 -0.105339 -0.547183
v -0.567578 -0.110067 -0.55356
v -0.587632 -0.108351 -0.553076
v -0.604291 -0.102511 -0.545584
v -0.58281 -0.103891 -0.546907
v -0.587632 -0.108351 -0.553076
v -0.608295 -0.106814 -0.551613
v -0.58281 -0.103891 -0.546907
v -0.604291 -0.102511 -0.545584
v -0.601389 -0.100377 -0.53985
v -0.579369 -0.101549 -0.540959
v -0.626045 -0.101174 -0.543153
v -0.62366 -0.099165 -0.537546
v -0.601389 -0.100377 -0.53985
v -0.604291 -0.102511 -0.545584
v -0.608295 -0.106814 -0.551613
v -0.629283 -0.105401 -0.549123
v -0.626045 -0.101174 -0.543153
v -0.604291 -0.102511 -0.545584
v -0.579369 -0.101549 -0.540959
v -0.601389 -0.100377 -0.53985
v -0.599759 -0.099493 -0.53527
v -0.577562 -0.100597 -0.536393
v -0.622238 -0.098318 -0.532946
v -0.599759 -0.099493 -0.53527
v -0.601389 -0.100377 -0.53985
v -0.62366 -0.099165 -0.537546
v -0.644807 -0.097116 -0.529399
v -0.622238 -0.098318 -0.532946
v -0.62366 -0.099165 -0.537546
v -0.646008 -0.09795 -0.534031
v -0.647909 -0.099892 -0.539597
v -0.646008 -0.09795 -0.534031
v -0.62366 -0.099165 -0.537546
v -0.626045 -0.101174 -0.543153
v -0.667274 -0.095928 -0.524606
v -0.644807 -0.097116 -0.529399
v -0.646008 -0.09795 -0.534031
v -0.668258 -0.09676 -0.529286
v -0.668258 -0.09676 -0.529286
v -0.646008 -0.09795 -0.534031
v -0.647909 -0.099892 -0.539597
v -0.669716 -0.098677 -0.534901
v -0.629283 -0.105401 -0.549123
v -0.650431 -0.104092 -0.545594
v -0.647909 -0.099892 -0.539597
v -0.626045 -0.101174 -0.543153
v -0.669716 -0.098677 -0.534901
v -0.647909 -0.099892 -0.539597
v -0.650431 -0.104092 -0.545594
v -0.671574 -0.102864 -0.541014
v -0.691304 -0.09754 -0.529093
v -0.669716 -0.098677 -0.534901
v -0.671574 -0.102864 -0.541014
v -0.692546 -0.101707 -0.535411
v -0.669716 -0.098677 -0.534901
v -0.691304 -0.09754 -0.529093
v -0.690242 -0.09562 -0.523338
v -0.668258 -0.09676 -0.529286
v -0.712525 -0.096497 -0.522379
v -0.71183 -0.094541 -0.516429
v -0.690242 -0.09562 -0.523338
v -0.691304 -0.09754 -0.529093
v -0.692546 -0.101707 -0.535411
v -0.713166 -0.100662 -0.528964
v -0.712525 -0.096497 -0.522379
v -0.691304 -0.09754 -0.529093
v -0.668258 -0.09676 -0.529286
v -0.690242 -0.09562 -0.523338
v -0.689459 -0.094787 -0.518599
v -0.667274 -0.095928 -0.524606
v -0.711228 -0.093693 -0.511625
v -0.689459 -0.094787 -0.518599
v -0.690242 -0.09562 -0.523338
v -0.71183 -0.094541 -0.516429
v -0.732463 -0.092642 -0.503989
v -0.711228 -0.093693 -0.511625
v -0.71183 -0.094541 -0.516429
v -0.732893 -0.093528 -0.508854
v -0.733232 -0.095562 -0.51501
v -0.732893 -0.093528 -0.508854
v -0.71183 -0.094541 -0.516429
v -0.712525 -0.096497 -0.522379
v -0.753041 -0.091628 -0.495992
v -0.732463 -0.092642 -0.503989
v -0.732893 -0.093528 -0.508854
v -0.753301 -0.092585 -0.50091
v -0.75328 -0.094749 -0.507235
v -0.753301 -0.092585 -0.50091
v -0.732893 -0.093528 -0.508854
v -0.733232 -0.095562 -0.51501
v -0.713166 -0.100662 -0.528964
v -0.733251 -0.099785 -0.521892
v -0.733232 -0.095562 -0.51501
v -0.712525 -0.096497 -0.522379
v -0.752617 -0.09913 -0.514415
v -0.75328 -0.094749 -0.507235
v -0.733232 -0.095562 -0.51501
v -0.733251 -0.099785 -0.521892
v -0.752617 -0.09913 -0.514415
v -0.771005 -0.098773 -0.506783
v -0.772421 -0.094111 -0.499335
v -0.75328 -0.094749 -0.507235
v -0.75328 -0.094749 -0.507235
v -0.772421 -0.094111 -0.499335
v -0.772809 -0.091757 -0.492912
v -0.753301 -0.092585 -0.50091
v -0.790725 -0.091245 -0.485241
v -0.772809 -0.091757 -0.492912
v -0.772421 -0.094111 -0.499335
v -0.790006 -0.093838 -0.491706
v -0.772421 -0.094111 -0.499335
v -0.771005 -0.098773 -0.506783
v -0.787853 -0.098875 -0.499369
v -0.790006 -0.093838 -0.491706
v -0.753301 -0.092585 -0.50091
v -0.772809 -0.091757 -0.492912
v -0.772722 -0.090686 -0.487956
v -0.753041 -0.091628 -0.495992
v -0.790794 -0.090031 -0.480276
v -0.772722 -0.090686 -0.487956
v -0.772809 -0.091757 -0.492912
v -0.790725 -0.091245 -0.485241
v -0.806429 -0.089918 -0.473364
v -0.790794 -0.090031 -0.480276
v -0.790725 -0.091245 -0.485241
v -0.806253 -0.091287 -0.478295
v -0.806253 -0.091287 -0.478295
v -0.790725 -0.091245 -0.485241
v -0.790006 -0.093838 -0.491706
v -0.805283 -0.094159 -0.484775
v -0.8188 -0.090602 -0.467634
v -0.806429 -0.089918 -0.473364
v -0.806253 -0.091287 -0.478295
v -0.818592 -0.092118 -0.472479
v -0.805283 -0.094159 -0.484775
v -0.817501 -0.095302 -0.478967
v -0.818592 -0.092118 -0.472479
v -0.806253 -0.091287 -0.478295
v -0.790006 -0.093838 -0.491706
v -0.787853 -0.098875 -0.499369
v -0.802522 -0.099619 -0.492581
v -0.805283 -0.094159 -0.484775
v -0.817501 -0.095302 -0.478967
v -0.805283 -0.094159 -0.484775
v -0.802522 -0.099619 -0.492581
v -0.814373 -0.101185 -0.486825
v -0.822981 -0.103825 -0.482384
v -0.826156 -0.097568 -0.474573
v -0.817501 -0.095302 -0.478967
v -0.814373 -0.101185 -0.486825
v -0.826156 -0.097568 -0.474573
v -0.827202 -0.09407 -0.468088
v -0.818592 -0.092118 -0.472479
v -0.817501 -0.095302 -0.478967
v -0.831732 -0.101563 -0.471343
v -0.832584 -0.097849 -0.464923
v -0.827202 -0.09407 -0.468088
v -0.826156 -0.097568 -0.474573
v -0.828772 -0.108053 -0.479062
v -0.831732 -0.101563 -0.471343
v -0.826156 -0.097568 -0.474573
v -0.822981 -0.103825 -0.482384
v -0.818592 -0.092118 -0.472479
v -0.827202 -0.09407 -0.468088
v -0.827349 -0.092429 -0.463367
v -0.8188 -0.090602 -0.467634
v -0.827202 -0.09407 -0.468088
v -0.832584 -0.097849 -0.464923
v -0.83261 -0.096106 -0.46029
v -0.827349 -0.092429 -0.463367
v -0.832584 -0.097849 -0.464923
v -0.83552 -0.104235 -0.462601
v -0.835391 -0.102423 -0.45797
v -0.83261 -0.096106 -0.46029
v -0.834964 -0.107963 -0.468891
v -0.83552 -0.104235 -0.462601
v -0.832584 -0.097849 -0.464923
v -0.831732 -0.101563 -0.471343
v -0.836509 -0.112145 -0.45593
v -0.835391 -0.102423 -0.45797
v -0.83552 -0.104235 -0.462601
v -0.836814 -0.113913 -0.460602
v -0.836814 -0.113913 -0.460602
v -0.83552 -0.104235 -0.462601
v -0.834964 -0.107963 -0.468891
v -0.836584 -0.117449 -0.466829
v -0.832386 -0.114456 -0.476538
v -0.834964 -0.107963 -0.468891
v -0.831732 -0.101563 -0.471343
v -0.828772 -0.108053 -0.479062
v -0.836584 -0.117449 -0.466829
v -0.834964 -0.107963 -0.468891
v -0.832386 -0.114456 -0.476538
v -0.834462 -0.123617 -0.474495
v -0.834462 -0.123617 -0.474495
v -0.832386 -0.114456 -0.476538
v -0.827516 -0.121983 -0.482896
v -0.829957 -0.130686 -0.480899
v -0.827516 -0.121983 -0.482896
v -0.832386 -0.114456 -0.476538
v -0.828772 -0.108053 -0.479062
v -0.82364 -0.115689 -0.485425
v -0.821853 -0.129022 -0.487699
v -0.827516 -0.121983 -0.482896
v -0.82364 -0.115689 -0.485425
v -0.817921 -0.122978 -0.490134
v -0.829957 -0.130686 -0.480899
v -0.827516 -0.121983 -0.482896
v -0.821853 -0.129022 -0.487699
v -0.824463 -0.137187 -0.485806
v -0.819528 -0.14236 -0.489451
v -0.824463 -0.137187 -0.485806
v -0.821853 -0.129022 -0.487699
v -0.817026 -0.135055 -0.491139
v -0.817026 -0.135055 -0.491139
v -0.821853 -0.129022 -0.487699
v -0.817921 -0.122978 -0.490134
v -0.813241 -0.129635 -0.49338
v -0.814996 -0.138909 -0.492337
v -0.817327 -0.145082 -0.490818
v -0.819528 -0.14236 -0.489451
v -0.817026 -0.135055 -0.491139
v -0.811264 -0.134263 -0.49448
v -0.814996 -0.138909 -0.492337
v -0.817026 -0.135055 -0.491139
v -0.813241 -0.129635 -0.49338
v -0.817327 -0.145082 -0.490818
v -0.818526 -0.153574 -0.489849
v -0.821078 -0.15193 -0.488212
v -0.819528 -0.14236 -0.489451
v -0.819528 -0.14236 -0.489451
v -0.821078 -0.15193 -0.488212
v -0.826124 -0.147776 -0.484332
v -0.824463 -0.137187 -0.485806
v -0.818526 -0.153574 -0.489849
v -0.818894 -0.164674 -0.489437
v -0.821774 -0.163729 -0.487561
v -0.821078 -0.15193 -0.488212
v -0.821774 -0.163729 -0.487561
v -0.826911 -0.160555 -0.48344
v -0.826124 -0.147776 -0.484332
v -0.821078 -0.15193 -0.488212
v -0.826911 -0.160555 -0.48344
v -0.831997 -0.155918 -0.478161
v -0.831412 -0.142121 -0.479267
v -0.826124 -0.147776 -0.484332
v -0.826124 -0.147776 -0.484332
v -0.831412 -0.142121 -0.479267
v -0.829957 -0.130686 -0.480899
v -0.824463 -0.137187 -0.485806
v -0.831997 -0.155918 -0.478161
v -0.835791 -0.150782 -0.471345
v -0.835544 -0.135899 -0.472708
v -0.831412 -0.142121 -0.479267
v -0.831412 -0.142121 -0.479267
v -0.835544 -0.135899 -0.472708
v -0.834462 -0.123617 -0.474495
v -0.829957 -0.130686 -0.480899
v -0.835791 -0.150782 -0.471345
v -0.837059 -0.14625 -0.463249
v -0.837217 -0.130431 -0.464887
v -0.835544 -0.135899 -0.472708
v -0.835544 -0.135899 -0.472708
v -0.837217 -0.130431 -0.464887
v -0.836584 -0.117449 -0.466829
v -0.834462 -0.123617 -0.474495
v -0.837059 -0.14625 -0.463249
v -0.836694 -0.143635 -0.456702
v -0.837137 -0.127291 -0.458568
v -0.837217 -0.130431 -0.464887
v -0.837217 -0.130431 -0.464887
v -0.837137 -0.127291 -0.458568
v -0.836814 -0.113913 -0.460602
v -0.836584 -0.117449 -0.466829
v -0.836814 -0.113913 -0.460602
v -0.837137 -0.127291 -0.458568
v -0.836657 -0.125726 -0.453841
v -0.836509 -0.112145 -0.45593
v -0.836054 -0.142378 -0.451921
v -0.836657 -0.125726 -0.453841
v -0.837137 -0.127291 -0.458568
v -0.836694 -0.143635 -0.456702
v -0.834804 -0.161 -0.450523
v -0.836054 -0.142378 -0.451921
v -0.836694 -0.143635 -0.456702
v -0.835582 -0.161925 -0.455348
v -0.836197 -0.163981 -0.462218
v -0.835582 -0.161925 -0.455348
v -0.836694 -0.143635 -0.456702
v -0.837059 -0.14625 -0.463249
v -0.833013 -0.18049 -0.450005
v -0.834804 -0.161 -0.450523
v -0.835582 -0.161925 -0.455348
v -0.833901 -0.181134 -0.454858
v -0.833901 -0.181134 -0.454858
v -0.835582 -0.161925 -0.455348
v -0.836197 -0.163981 -0.462218
v -0.83472 -0.182696 -0.462093
v -0.835266 -0.167522 -0.470669
v -0.836197 -0.163981 -0.462218
v -0.837059 -0.14625 -0.463249
v -0.835791 -0.150782 -0.471345
v -0.83472 -0.182696 -0.462093
v -0.836197 -0.163981 -0.462218
v -0.835266 -0.167522 -0.470669
v -0.834033 -0.185378 -0.470943
v -0.834033 -0.185378 -0.470943
v -0.835266 -0.167522 -0.470669
v -0.831746 -0.171535 -0.47782
v -0.830692 -0.188429 -0.478486
v -0.831746 -0.171535 -0.47782
v -0.835266 -0.167522 -0.470669
v -0.835791 -0.150782 -0.471345
v -0.831997 -0.155918 -0.478161
v -0.826827 -0.175156 -0.483365
v -0.831746 -0.171535 -0.47782
v -0.831997 -0.155918 -0.478161
v -0.826911 -0.160555 -0.48344
v -0.830692 -0.188429 -0.478486
v -0.831746 -0.171535 -0.47782
v -0.826827 -0.175156 -0.483365
v -0.825873 -0.191213 -0.484343
v -0.825873 -0.191213 -0.484343
v -0.826827 -0.175156 -0.483365
v -0.821642 -0.177585 -0.487706
v -0.820649 -0.193184 -0.488903
v -0.821642 -0.177585 -0.487706
v -0.826827 -0.175156 -0.483365
v -0.826911 -0.160555 -0.48344
v -0.821774 -0.163729 -0.487561
v -0.818531 -0.178249 -0.489749
v -0.817372 -0.193855 -0.491075
v -0.820649 -0.193184 -0.488903
v -0.821642 -0.177585 -0.487706
v -0.818894 -0.164674 -0.489437
v -0.818531 -0.178249 -0.489749
v -0.821642 -0.177585 -0.487706
v -0.821774 -0.163729 -0.487561
v -0.820649 -0.193184 -0.488903
v -0.818772 -0.210134 -0.491335
v -0.824058 -0.208342 -0.486541
v -0.825873 -0.191213 -0.484343
v -0.817372 -0.193855 -0.491075
v -0.815358 -0.210962 -0.493637
v -0.818772 -0.210134 -0.491335
v -0.820649 -0.193184 -0.488903
v -0.815358 -0.210962 -0.493637
v -0.812566 -0.228927 -0.497293
v -0.816082 -0.227876 -0.494865
v -0.818772 -0.210134 -0.491335
v -0.816082 -0.227876 -0.494865
v -0.821429 -0.226103 -0.489852
v -0.824058 -0.208342 -0.486541
v -0.818772 -0.210134 -0.491335
v -0.824058 -0.208342 -0.486541
v -0.821429 -0.226103 -0.489852
v -0.826266 -0.224198 -0.483339
v -0.828864 -0.206096 -0.480341
v -0.828864 -0.206096 -0.480341
v -0.830692 -0.188429 -0.478486
v -0.825873 -0.191213 -0.484343
v -0.824058 -0.208342 -0.486541
v -0.826266 -0.224198 -0.483339
v -0.829539 -0.222253 -0.475024
v -0.832136 -0.203705 -0.472383
v -0.828864 -0.206096 -0.480341
v -0.830692 -0.188429 -0.478486
v -0.828864 -0.206096 -0.480341
v -0.832136 -0.203705 -0.472383
v -0.834033 -0.185378 -0.470943
v -0.832136 -0.203705 -0.472383
v -0.829539 -0.222253 -0.475024
v -0.830023 -0.220558 -0.465472
v -0.832684 -0.201618 -0.463138
v -0.832684 -0.201618 -0.463138
v -0.83472 -0.182696 -0.462093
v -0.834033 -0.185378 -0.470943
v -0.832136 -0.203705 -0.472383
v -0.830023 -0.220558 -0.465472
v -0.82897 -0.21957 -0.457701
v -0.831721 -0.200402 -0.455568
v -0.832684 -0.201618 -0.463138
v -0.83472 -0.182696 -0.462093
v -0.832684 -0.201618 -0.463138
v -0.831721 -0.200402 -0.455568
v -0.833901 -0.181134 -0.454858
v -0.833901 -0.181134 -0.454858
v -0.831721 -0.200402 -0.455568
v -0.830748 -0.199935 -0.450696
v -0.833013 -0.18049 -0.450005
v -0.827925 -0.219193 -0.452814
v -0.830748 -0.199935 -0.450696
v -0.831721 -0.200402 -0.455568
v -0.82897 -0.21957 -0.457701
v -0.824421 -0.238315 -0.456545
v -0.827925 -0.219193 -0.452814
v -0.82897 -0.21957 -0.457701
v -0.825542 -0.238657 -0.461447
v -0.826641 -0.239475 -0.469176
v -0.825542 -0.238657 -0.461447
v -0.82897 -0.21957 -0.457701
v -0.830023 -0.220558 -0.465472
v -0.820114 -0.257352 -0.462072
v -0.824421 -0.238315 -0.456545
v -0.825542 -0.238657 -0.461447
v -0.821327 -0.257683 -0.466983
v -0.821327 -0.257683 -0.466983
v -0.825542 -0.238657 -0.461447
v -0.826641 -0.239475 -0.469176
v -0.822441 -0.258328 -0.474332
v -0.829539 -0.222253 -0.475024
v -0.826187 -0.240866 -0.47885
v -0.826641 -0.239475 -0.469176
v -0.830023 -0.220558 -0.465472
v -0.822441 -0.258328 -0.474332
v -0.826641 -0.239475 -0.469176
v -0.826187 -0.240866 -0.47885
v -0.822023 -0.259393 -0.483849
v -0.822441 -0.258328 -0.474332
v -0.822023 -0.259393 -0.483849
v -0.817011 -0.277648 -0.489976
v -0.817352 -0.277019 -0.480952
v -0.821327 -0.257683 -0.466983
v -0.822441 -0.258328 -0.474332
v -0.817352 -0.277019 -0.480952
v -0.816246 -0.276591 -0.474352
v -0.816246 -0.276591 -0.474352
v -0.817352 -0.277019 -0.480952
v -0.811411 -0.295222 -0.488766
v -0.810332 -0.295035 -0.483123
v -0.817352 -0.277019 -0.480952
v -0.817011 -0.277648 -0.489976
v -0.811187 -0.295323 -0.497064
v -0.811411 -0.295222 -0.488766
v -0.821327 -0.257683 -0.466983
v -0.816246 -0.276591 -0.474352
v -0.814916 -0.276277 -0.469458
v -0.820114 -0.257352 -0.462072
v -0.816246 -0.276591 -0.474352
v -0.810332 -0.295035 -0.483123
v -0.808869 -0.294758 -0.478278
v -0.814916 -0.276277 -0.469458
v -0.810332 -0.295035 -0.483123
v -0.803642 -0.312598 -0.492751
v -0.802045 -0.312389 -0.487991
v -0.808869 -0.294758 -0.478278
v -0.810332 -0.295035 -0.483123
v -0.811411 -0.295222 -0.488766
v -0.804683 -0.312553 -0.497435
v -0.803642 -0.312598 -0.492751
v -0.794508 -0.328768 -0.498057
v -0.802045 -0.312389 -0.487991
v -0.803642 -0.312598 -0.492751
v -0.796222 -0.328879 -0.502708
v -0.803642 -0.312598 -0.492751
v -0.804683 -0.312553 -0.497435
v -0.797231 -0.32863 -0.50662
v -0.796222 -0.328879 -0.502708
v -0.811411 -0.295222 -0.488766
v -0.811187 -0.295323 -0.497064
v -0.804604 -0.312077 -0.504912
v -0.804683 -0.312553 -0.497435
v -0.804683 -0.312553 -0.497435
v -0.804604 -0.312077 -0.504912
v -0.797317 -0.32757 -0.51332
v -0.797231 -0.32863 -0.50662
v -0.797317 -0.32757 -0.51332
v -0.789338 -0.341516 -0.522057
v -0.789074 -0.343124 -0.515979
v -0.797231 -0.32863 -0.50662
v -0.797231 -0.32863 -0.50662
v -0.789074 -0.343124 -0.515979
v -0.78807 -0.343553 -0.512534
v -0.796222 -0.328879 -0.502708
v -0.78807 -0.343553 -0.512534
v -0.789074 -0.343124 -0.515979
v -0.780063 -0.355931 -0.525152
v -0.779035 -0.356518 -0.521932
v -0.789074 -0.343124 -0.515979
v -0.789338 -0.341516 -0.522057
v -0.780514 -0.353843 -0.530763
v -0.780063 -0.355931 -0.525152
v -0.796222 -0.328879 -0.502708
v -0.78807 -0.343553 -0.512534
v -0.786281 -0.343554 -0.507985
v -0.794508 -0.328768 -0.498057
v -0.78807 -0.343553 -0.512534
v -0.779035 -0.356518 -0.521932
v -0.777216 -0.356618 -0.51746
v -0.786281 -0.343554 -0.507985
v -0.786281 -0.343554 -0.507985
v -0.777216 -0.356618 -0.51746
v -0.774925 -0.35566 -0.513236
v -0.783926 -0.342718 -0.503741
v -0.797317 -0.32757 -0.51332
v -0.794892 -0.32555 -0.519386
v -0.787201 -0.338707 -0.527317
v -0.789338 -0.341516 -0.522057
v -0.789338 -0.341516 -0.522057
v -0.787201 -0.338707 -0.527317
v -0.77868 -0.350348 -0.535258
v -0.780514 -0.353843 -0.530763
v -0.787201 -0.338707 -0.527317
v -0.783845 -0.33556 -0.531348
v -0.775763 -0.346356 -0.53839
v -0.77868 -0.350348 -0.535258
v -0.794892 -0.32555 -0.519386
v -0.791131 -0.323337 -0.524269
v -0.783845 -0.33556 -0.531348
v -0.787201 -0.338707 -0.527317
v -0.773563 -0.341757 -0.539864
v -0.775763 -0.346356 -0.53839
v -0.783845 -0.33556 -0.531348
v -0.780979 -0.332193 -0.533785
v -0.787558 -0.32134 -0.527656
v -0.780979 -0.332193 -0.533785
v -0.783845 -0.33556 -0.531348
v -0.791131 -0.323337 -0.524269
v -0.786006 -0.319906 -0.528624
v -0.780209 -0.329172 -0.5339
v -0.780979 -0.332193 -0.533785
v -0.787558 -0.32134 -0.527656
v -0.780209 -0.329172 -0.5339
v -0.773296 -0.337585 -0.539335
v -0.773563 -0.341757 -0.539864
v -0.780979 -0.332193 -0.533785
v -0.791079 -0.309112 -0.52344
v -0.786006 -0.319906 -0.528624
v -0.787558 -0.32134 -0.527656
v -0.793524 -0.30903 -0.521611
v -0.787558 -0.32134 -0.527656
v -0.791131 -0.323337 -0.524269
v -0.797774 -0.309677 -0.5174
v -0.793524 -0.30903 -0.521611
v -0.795909 -0.296255 -0.518058
v -0.791079 -0.309112 -0.52344
v -0.793524 -0.30903 -0.521611
v -0.798997 -0.295211 -0.515676
v -0.793524 -0.30903 -0.521611
v -0.797774 -0.309677 -0.5174
v -0.803798 -0.294728 -0.51086
v -0.798997 -0.295211 -0.515676
v -0.801904 -0.310914 -0.511784
v -0.797774 -0.309677 -0.5174
v -0.791131 -0.323337 -0.524269
v -0.794892 -0.32555 -0.519386
v -0.808241 -0.295018 -0.504666
v -0.803798 -0.294728 -0.51086
v -0.797774 -0.309677 -0.5174
v -0.801904 -0.310914 -0.511784
v -0.811187 -0.295323 -0.497064
v -0.808241 -0.295018 -0.504666
v -0.801904 -0.310914 -0.511784
v -0.804604 -0.312077 -0.504912
v -0.804604 -0.312077 -0.504912
v -0.801904 -0.310914 -0.511784
v -0.794892 -0.32555 -0.519386
v -0.797317 -0.32757 -0.51332
v -0.813872 -0.278128 -0.498149
v -0.809192 -0.278674 -0.504737
v -0.803798 -0.294728 -0.51086
v -0.808241 -0.295018 -0.504666
v -0.817011 -0.277648 -0.489976
v -0.813872 -0.278128 -0.498149
v -0.808241 -0.295018 -0.504666
v -0.811187 -0.295323 -0.497064
v -0.818768 -0.26051 -0.492348
v -0.813945 -0.261702 -0.499118
v -0.809192 -0.278674 -0.504737
v -0.813872 -0.278128 -0.498149
v -0.822023 -0.259393 -0.483849
v -0.818768 -0.26051 -0.492348
v -0.813872 -0.278128 -0.498149
v -0.817011 -0.277648 -0.489976
v -0.798997 -0.295211 -0.515676
v -0.803798 -0.294728 -0.51086
v -0.809192 -0.278674 -0.504737
v -0.804046 -0.279908 -0.509874
v -0.808628 -0.263335 -0.504348
v -0.804046 -0.279908 -0.509874
v -0.809192 -0.278674 -0.504737
v -0.813945 -0.261702 -0.499118
v -0.805082 -0.264767 -0.506951
v -0.800625 -0.281333 -0.51247
v -0.804046 -0.279908 -0.509874
v -0.808628 -0.263335 -0.504348
v -0.800625 -0.281333 -0.51247
v -0.795909 -0.296255 -0.518058
v -0.798997 -0.295211 -0.515676
v -0.804046 -0.279908 -0.509874
v -0.813945 -0.261702 -0.499118
v -0.81804 -0.244041 -0.494103
v -0.812669 -0.245809 -0.499275
v -0.808628 -0.263335 -0.504348
v -0.809104 -0.247085 -0.501809
v -0.805082 -0.264767 -0.506951
v -0.808628 -0.263335 -0.504348
v -0.812669 -0.245809 -0.499275
v -0.812566 -0.228927 -0.497293
v -0.809104 -0.247085 -0.501809
v -0.812669 -0.245809 -0.499275
v -0.816082 -0.227876 -0.494865
v -0.812669 -0.245809 -0.499275
v -0.81804 -0.244041 -0.494103
v -0.821429 -0.226103 -0.489852
v -0.816082 -0.227876 -0.494865
v -0.818768 -0.26051 -0.492348
v -0.822901 -0.242436 -0.487376
v -0.81804 -0.244041 -0.494103
v -0.813945 -0.261702 -0.499118
v -0.821429 -0.226103 -0.489852
v -0.81804 -0.244041 -0.494103
v -0.822901 -0.242436 -0.487376
v -0.826266 -0.224198 -0.483339
v -0.822901 -0.242436 -0.487376
v -0.826187 -0.240866 -0.47885
v -0.829539 -0.222253 -0.475024
v -0.826266 -0.224198 -0.483339
v -0.822023 -0.259393 -0.483849
v -0.826187 -0.240866 -0.47885
v -0.822901 -0.242436 -0.487376
v -0.818768 -0.26051 -0.492348
v -0.798278 -0.251183 -0.508039
v -0.809104 -0.247085 -0.501809
v -0.812566 -0.228927 -0.497293
v -0.802009 -0.231891 -0.503147
v -0.805082 -0.264767 -0.506951
v -0.809104 -0.247085 -0.501809
v -0.798278 -0.251183 -0.508039
v -0.794251 -0.269869 -0.513488
v -0.802009 -0.231891 -0.503147
v -0.794676 -0.233712 -0.506694
v -0.790731 -0.253865 -0.511817
v -0.798278 -0.251183 -0.508039
v -0.798278 -0.251183 -0.508039
v -0.790731 -0.253865 -0.511817
v -0.78667 -0.273358 -0.517471
v -0.794251 -0.269869 -0.513488
v -0.790108 -0.287176 -0.519189
v -0.800625 -0.281333 -0.51247
v -0.805082 -0.264767 -0.506951
v -0.794251 -0.269869 -0.513488
v -0.794251 -0.269869 -0.513488
v -0.78667 -0.273358 -0.517471
v -0.782688 -0.291392 -0.523342
v -0.790108 -0.287176 -0.519189
v -0.790108 -0.287176 -0.519189
v -0.782688 -0.291392 -0.523342
v -0.779046 -0.307349 -0.528967
v -0.786147 -0.302403 -0.524666
v -0.786147 -0.302403 -0.524666
v -0.795909 -0.296255 -0.518058
v -0.800625 -0.281333 -0.51247
v -0.790108 -0.287176 -0.519189
v -0.786147 -0.302403 -0.524666
v -0.779046 -0.307349 -0.528967
v -0.776036 -0.320668 -0.533839
v -0.782745 -0.314867 -0.52938
v -0.782745 -0.314867 -0.52938
v -0.791079 -0.309112 -0.52344
v -0.795909 -0.296255 -0.518058
v -0.786147 -0.302403 -0.524666
v -0.776036 -0.320668 -0.533839
v -0.773296 -0.337585 -0.539335
v -0.780209 -0.329172 -0.5339
v -0.782745 -0.314867 -0.52938
v -0.786006 -0.319906 -0.528624
v -0.791079 -0.309112 -0.52344
v -0.782745 -0.314867 -0.52938
v -0.780209 -0.329172 -0.5339
v -0.779046 -0.307349 -0.528967
v -0.770542 -0.312582 -0.533467
v -0.76782 -0.326712 -0.538542
v -0.776036 -0.320668 -0.533839
v -0.76782 -0.326712 -0.538542
v -0.765095 -0.345296 -0.54473
v -0.773296 -0.337585 -0.539335
v -0.776036 -0.320668 -0.533839
v -0.773296 -0.337585 -0.539335
v -0.765095 -0.345296 -0.54473
v -0.765073 -0.350203 -0.545717
v -0.773563 -0.341757 -0.539864
v -0.765095 -0.345296 -0.54473
v -0.755523 -0.352201 -0.54982
v -0.75533 -0.357582 -0.55113
v -0.765073 -0.350203 -0.545717
v -0.755523 -0.352201 -0.54982
v -0.765095 -0.345296 -0.54473
v -0.76782 -0.326712 -0.538542
v -0.758184 -0.332399 -0.543109
v -0.755523 -0.352201 -0.54982
v -0.744559 -0.358153 -0.554361
v -0.744231 -0.363882 -0.555898
v -0.75533 -0.357582 -0.55113
v -0.74721 -0.337315 -0.54725
v -0.744559 -0.358153 -0.554361
v -0.755523 -0.352201 -0.54982
v -0.758184 -0.332399 -0.543109
v -0.744559 -0.358153 -0.554361
v -0.732377 -0.362964 -0.558227
v -0.731935 -0.368954 -0.559912
v -0.744231 -0.363882 -0.555898
v -0.735054 -0.341239 -0.550841
v -0.732377 -0.362964 -0.558227
v -0.744559 -0.358153 -0.554361
v -0.74721 -0.337315 -0.54725
v -0.760711 -0.317541 -0.537844
v -0.749629 -0.321775 -0.541829
v -0.74721 -0.337315 -0.54725
v -0.758184 -0.332399 -0.543109
v -0.749629 -0.321775 -0.541829
v -0.737418 -0.325082 -0.545318
v -0.735054 -0.341239 -0.550841
v -0.74721 -0.337315 -0.54725
v -0.737418 -0.325082 -0.545318
v -0.724206 -0.327317 -0.548249
v -0.721889 -0.343992 -0.553799
v -0.735054 -0.341239 -0.550841
v -0.721889 -0.343992 -0.553799
v -0.719198 -0.366436 -0.561321
v -0.732377 -0.362964 -0.558227
v -0.735054 -0.341239 -0.550841
v -0.724206 -0.327317 -0.548249
v -0.710121 -0.328341 -0.550561
v -0.707889 -0.345398 -0.55604
v -0.721889 -0.343992 -0.553799
v -0.705244 -0.368369 -0.563546
v -0.719198 -0.366436 -0.561321
v -0.721889 -0.343992 -0.553799
v -0.707889 -0.345398 -0.55604
v -0.693234 -0.345314 -0.557508
v -0.69073 -0.368592 -0.564831
v -0.705244 -0.368369 -0.563546
v -0.707889 -0.345398 -0.55604
v -0.710121 -0.328341 -0.550561
v -0.69531 -0.328039 -0.552212
v -0.693234 -0.345314 -0.557508
v -0.707889 -0.345398 -0.55604
v -0.69531 -0.328039 -0.552212
v -0.679991 -0.326426 -0.553246
v -0.678135 -0.343722 -0.558243
v -0.693234 -0.345314 -0.557508
v -0.678135 -0.343722 -0.558243
v -0.675845 -0.367051 -0.56521
v -0.69073 -0.368592 -0.564831
v -0.693234 -0.345314 -0.557508
v -0.679991 -0.326426 -0.553246
v -0.664401 -0.323543 -0.553729
v -0.662806 -0.340639 -0.558311
v -0.678135 -0.343722 -0.558243
v -0.662806 -0.340639 -0.558311
v -0.660769 -0.363719 -0.564745
v -0.675845 -0.367051 -0.56521
v -0.678135 -0.343722 -0.558243
v -0.675845 -0.367051 -0.56521
v -0.660769 -0.363719 -0.564745
v -0.66012 -0.370053 -0.566301
v -0.675207 -0.373444 -0.566898
v -0.660769 -0.363719 -0.564745
v -0.645685 -0.35857 -0.563494
v -0.645013 -0.364754 -0.564858
v -0.66012 -0.370053 -0.566301
v -0.645685 -0.35857 -0.563494
v -0.660769 -0.363719 -0.564745
v -0.662806 -0.340639 -0.558311
v -0.647465 -0.336081 -0.557779
v -0.645685 -0.35857 -0.563494
v -0.630782 -0.351621 -0.561555
v -0.630065 -0.357558 -0.562667
v -0.645013 -0.364754 -0.564858
v -0.632323 -0.330078 -0.556733
v -0.630782 -0.351621 -0.561555
v -0.645685 -0.35857 -0.563494
v -0.647465 -0.336081 -0.557779
v -0.630782 -0.351621 -0.561555
v -0.616279 -0.343073 -0.559171
v -0.615503 -0.348683 -0.559994
v -0.630065 -0.357558 -0.562667
v -0.617562 -0.322712 -0.555331
v -0.616279 -0.343073 -0.559171
v -0.630782 -0.351621 -0.561555
v -0.632323 -0.330078 -0.556733
v -0.648777 -0.319433 -0.553724
v -0.63334 -0.314129 -0.553307
v -0.632323 -0.330078 -0.556733
v -0.647465 -0.336081 -0.557779
v -0.63334 -0.314129 -0.553307
v -0.618252 -0.307625 -0.552581
v -0.617562 -0.322712 -0.555331
v -0.632323 -0.330078 -0.556733
v -0.618252 -0.307625 -0.552581
v -0.603658 -0.299906 -0.551661
v -0.603362 -0.314082 -0.553754
v -0.617562 -0.322712 -0.555331
v -0.603362 -0.314082 -0.553754
v -0.602402 -0.333167 -0.556619
v -0.616279 -0.343073 -0.559171
v -0.617562 -0.322712 -0.555331
v -0.603658 -0.299906 -0.551661
v -0.589707 -0.290957 -0.55066
v -0.5899 -0.304284 -0.55218
v -0.603362 -0.314082 -0.553754
v -0.589377 -0.322147 -0.55418
v -0.602402 -0.333167 -0.556619
v -0.603362 -0.314082 -0.553754
v -0.5899 -0.304284 -0.55218
v -0.616279 -0.343073 -0.559171
v -0.602402 -0.333167 -0.556619
v -0.601564 -0.338398 -0.557147
v -0.615503 -0.348683 -0.559994
v -0.602402 -0.333167 -0.556619
v -0.589377 -0.322147 -0.55418
v -0.588484 -0.326974 -0.554436
v -0.601564 -0.338398 -0.557147
v -0.589377 -0.322147 -0.55418
v -0.577441 -0.310307 -0.55208
v -0.576483 -0.314679 -0.552109
v -0.588484 -0.326974 -0.554436
v -0.5899 -0.304284 -0.55218
v -0.577399 -0.293564 -0.550759
v -0.577441 -0.310307 -0.55208
v -0.589377 -0.322147 -0.55418
v -0.577399 -0.293564 -0.550759
v -0.566265 -0.282757 -0.549526
v -0.566867 -0.298148 -0.550346
v -0.577441 -0.310307 -0.55208
v -0.577441 -0.310307 -0.55208
v -0.566867 -0.298148 -0.550346
v -0.565704 -0.301782 -0.550185
v -0.576483 -0.314679 -0.552109
v -0.589707 -0.290957 -0.55066
v -0.576592 -0.280932 -0.549677
v -0.577399 -0.293564 -0.550759
v -0.5899 -0.304284 -0.55218
v -0.576592 -0.280932 -0.549677
v -0.564696 -0.270673 -0.548748
v -0.566265 -0.282757 -0.549526
v -0.577399 -0.293564 -0.550759
v -0.564696 -0.270673 -0.548748
v -0.554441 -0.261222 -0.54789
v -0.55694 -0.272941 -0.548488
v -0.566265 -0.282757 -0.549526
v -0.566265 -0.282757 -0.549526
v -0.55694 -0.272941 -0.548488
v -0.557913 -0.286149 -0.548952
v -0.566867 -0.298148 -0.550346
v -0.554441 -0.261222 -0.54789
v -0.540151 -0.249057 -0.546448
v -0.544947 -0.262193 -0.547027
v -0.55694 -0.272941 -0.548488
v -0.55694 -0.272941 -0.548488
v -0.544947 -0.262193 -0.547027
v -0.550678 -0.274364 -0.547862
v -0.557913 -0.286149 -0.548952
v -0.566867 -0.298148 -0.550346
v -0.557913 -0.286149 -0.548952
v -0.556252 -0.288502 -0.548624
v -0.565704 -0.301782 -0.550185
v -0.557913 -0.286149 -0.548952
v -0.550678 -0.274364 -0.547862
v -0.548143 -0.274872 -0.547377
v -0.556252 -0.288502 -0.548624
v -0.550678 -0.274364 -0.547862
v -0.544947 -0.262193 -0.547027
v -0.541349 -0.260878 -0.546416
v -0.548143 -0.274872 -0.547377
v -0.548143 -0.274872 -0.547377
v -0.541349 -0.260878 -0.546416
v -0.535345 -0.260135 -0.544908
v -0.542874 -0.275656 -0.545919
v -0.548143 -0.274872 -0.547377
v -0.542874 -0.275656 -0.545919
v -0.551693 -0.290756 -0.547293
v -0.556252 -0.288502 -0.548624
v -0.544947 -0.262193 -0.547027
v -0.540151 -0.249057 -0.546448
v -0.535735 -0.246518 -0.5458
v -0.541349 -0.260878 -0.546416
v -0.535735 -0.246518 -0.5458
v -0.529076 -0.244393 -0.544315
v -0.535345 -0.260135 -0.544908
v -0.541349 -0.260878 -0.546416
v -0.535345 -0.260135 -0.544908
v -0.529076 -0.244393 -0.544315
v -0.522461 -0.242915 -0.542117
v -0.529046 -0.259618 -0.54266
v -0.529046 -0.259618 -0.54266
v -0.536913 -0.276061 -0.543666
v -0.542874 -0.275656 -0.545919
v -0.535345 -0.260135 -0.544908
v -0.522461 -0.242915 -0.542117
v -0.516289 -0.24139 -0.537979
v -0.523163 -0.258961 -0.538519
v -0.529046 -0.259618 -0.54266
v -0.536913 -0.276061 -0.543666
v -0.529046 -0.259618 -0.54266
v -0.523163 -0.258961 -0.538519
v -0.53135 -0.276203 -0.539576
v -0.53135 -0.276203 -0.539576
v -0.540919 -0.29291 -0.541124
v -0.546105 -0.292018 -0.545098
v -0.536913 -0.276061 -0.543666
v -0.536913 -0.276061 -0.543666
v -0.546105 -0.292018 -0.545098
v -0.551693 -0.290756 -0.547293
v -0.542874 -0.275656 -0.545919
v -0.546105 -0.292018 -0.545098
v -0.540919 -0.29291 -0.541124
v -0.551847 -0.308971 -0.543192
v -0.556598 -0.307365 -0.546987
v -0.56177 -0.305297 -0.549051
v -0.551693 -0.290756 -0.547293
v -0.546105 -0.292018 -0.545098
v -0.556598 -0.307365 -0.546987
v -0.556252 -0.288502 -0.548624
v -0.551693 -0.290756 -0.547293
v -0.56177 -0.305297 -0.549051
v -0.565704 -0.301782 -0.550185
v -0.565704 -0.301782 -0.550185
v -0.56177 -0.305297 -0.549051
v -0.573055 -0.319156 -0.551238
v -0.576483 -0.314679 -0.552109
v -0.573055 -0.319156 -0.551238
v -0.56177 -0.305297 -0.549051
v -0.556598 -0.307365 -0.546987
v -0.568355 -0.322 -0.54938
v -0.588484 -0.326974 -0.554436
v -0.576483 -0.314679 -0.552109
v -0.573055 -0.319156 -0.551238
v -0.585499 -0.332212 -0.553894
v -0.568355 -0.322 -0.54938
v -0.581336 -0.335826 -0.552328
v -0.585499 -0.332212 -0.553894
v -0.573055 -0.319156 -0.551238
v -0.556598 -0.307365 -0.546987
v -0.551847 -0.308971 -0.543192
v -0.564088 -0.324299 -0.545823
v -0.568355 -0.322 -0.54938
v -0.581336 -0.335826 -0.552328
v -0.568355 -0.322 -0.54938
v -0.564088 -0.324299 -0.545823
v -0.577596 -0.338807 -0.549059
v -0.577596 -0.338807 -0.549059
v -0.592277 -0.352351 -0.55286
v -0.59546 -0.348697 -0.5558
v -0.581336 -0.335826 -0.552328
v -0.581336 -0.335826 -0.552328
v -0.59546 -0.348697 -0.5558
v -0.599019 -0.344315 -0.556998
v -0.585499 -0.332212 -0.553894
v -0.59546 -0.348697 -0.5558
v -0.592277 -0.352351 -0.55286
v -0.607841 -0.364561 -0.55686
v -0.610468 -0.36029 -0.559465
v -0.613391 -0.355193 -0.56026
v -0.599019 -0.344315 -0.556998
v -0.59546 -0.348697 -0.5558
v -0.610468 -0.36029 -0.559465
v -0.588484 -0.326974 -0.554436
v -0.585499 -0.332212 -0.553894
v -0.599019 -0.344315 -0.556998
v -0.601564 -0.338398 -0.557147
v -0.601564 -0.338398 -0.557147
v -0.599019 -0.344315 -0.556998
v -0.613391 -0.355193 -0.56026
v -0.615503 -0.348683 -0.559994
v -0.615503 -0.348683 -0.559994
v -0.613391 -0.355193 -0.56026
v -0.628357 -0.364547 -0.563325
v -0.630065 -0.357558 -0.562667
v -0.628357 -0.364547 -0.563325
v -0.613391 -0.355193 -0.56026
v -0.610468 -0.36029 -0.559465
v -0.626058 -0.370238 -0.562909
v -0.645013 -0.364754 -0.564858
v -0.630065 -0.357558 -0.562667
v -0.628357 -0.364547 -0.563325
v -0.643658 -0.372078 -0.565839
v -0.626058 -0.370238 -0.562909
v -0.641929 -0.378175 -0.565722
v -0.643658 -0.372078 -0.565839
v -0.628357 -0.364547 -0.563325
v -0.610468 -0.36029 -0.559465
v -0.607841 -0.364561 -0.55686
v -0.623949 -0.375011 -0.560611
v -0.626058 -0.370238 -0.562909
v -0.641929 -0.378175 -0.565722
v -0.626058 -0.370238 -0.562909
v -0.623949 -0.375011 -0.560611
v -0.640263 -0.383272 -0.563664
v -0.640263 -0.383272 -0.563664
v -0.656494 -0.38903 -0.565642
v -0.657812 -0.383819 -0.567558
v -0.641929 -0.378175 -0.565722
v -0.641929 -0.378175 -0.565722
v -0.657812 -0.383819 -0.567558
v -0.659055 -0.37755 -0.567498
v -0.643658 -0.372078 -0.565839
v -0.657812 -0.383819 -0.567558
v -0.656494 -0.38903 -0.565642
v -0.672538 -0.39241 -0.566462
v -0.673573 -0.387244 -0.568329
v -0.659055 -0.37755 -0.567498
v -0.657812 -0.383819 -0.567558
v -0.673573 -0.387244 -0.568329
v -0.674391 -0.380983 -0.568211
v -0.643658 -0.372078 -0.565839
v -0.659055 -0.37755 -0.567498
v -0.66012 -0.370053 -0.566301
v -0.645013 -0.364754 -0.564858
v -0.66012 -0.370053 -0.566301
v -0.659055 -0.37755 -0.567498
v -0.674391 -0.380983 -0.568211
v -0.675207 -0.373444 -0.566898
v -0.517101 -0.226202 -0.542096
v -0.510636 -0.223725 -0.537995
v -0.516289 -0.24139 -0.537979
v -0.522461 -0.242915 -0.542117
v -0.529076 -0.244393 -0.544315
v -0.524022 -0.22865 -0.544216
v -0.517101 -0.226202 -0.542096
v -0.522461 -0.242915 -0.542117
v -0.520135 -0.213121 -0.544687
v -0.512908 -0.209731 -0.542651
v -0.517101 -0.226202 -0.542096
v -0.524022 -0.22865 -0.544216
v -0.512908 -0.209731 -0.542651
v -0.506112 -0.206197 -0.538608
v -0.510636 -0.223725 -0.537995
v -0.517101 -0.226202 -0.542096
v -0.517375 -0.198053 -0.545758
v -0.509835 -0.193782 -0.543797
v -0.512908 -0.209731 -0.542651
v -0.520135 -0.213121 -0.544687
v -0.509835 -0.193782 -0.543797
v -0.50265 -0.189098 -0.539817
v -0.506112 -0.206197 -0.538608
v -0.512908 -0.209731 -0.542651
v -0.507885 -0.178756 -0.545384
v -0.500284 -0.172955 -0.541455
v -0.50265 -0.189098 -0.539817
v -0.509835 -0.193782 -0.543797
v -0.515717 -0.183797 -0.547286
v -0.507885 -0.178756 -0.545384
v -0.509835 -0.193782 -0.543797
v -0.517375 -0.198053 -0.545758
v -0.523671 -0.188528 -0.548345
v -0.515717 -0.183797 -0.547286
v -0.517375 -0.198053 -0.545758
v -0.525143 -0.202493 -0.546923
v -0.527638 -0.217066 -0.545966
v -0.525143 -0.202493 -0.546923
v -0.517375 -0.198053 -0.545758
v -0.520135 -0.213121 -0.544687
v -0.532855 -0.220406 -0.546481
v -0.530555 -0.205795 -0.547341
v -0.525143 -0.202493 -0.546923
v -0.527638 -0.217066 -0.545966
v -0.530555 -0.205795 -0.547341
v -0.529203 -0.191647 -0.548676
v -0.523671 -0.188528 -0.548345
v -0.525143 -0.202493 -0.546923
v -0.53609 -0.234988 -0.546217
v -0.532855 -0.220406 -0.546481
v -0.527638 -0.217066 -0.545966
v -0.531171 -0.231839 -0.545614
v -0.527638 -0.217066 -0.545966
v -0.520135 -0.213121 -0.544687
v -0.524022 -0.22865 -0.544216
v -0.531171 -0.231839 -0.545614
v -0.540151 -0.249057 -0.546448
v -0.53609 -0.234988 -0.546217
v -0.531171 -0.231839 -0.545614
v -0.535735 -0.246518 -0.5458
v -0.531171 -0.231839 -0.545614
v -0.524022 -0.22865 -0.544216
v -0.529076 -0.244393 -0.544315
v -0.535735 -0.246518 -0.5458
v -0.55186 -0.247483 -0.547449
v -0.53609 -0.234988 -0.546217
v -0.540151 -0.249057 -0.546448
v -0.554441 -0.261222 -0.54789
v -0.54963 -0.232482 -0.547412
v -0.532855 -0.220406 -0.546481
v -0.53609 -0.234988 -0.546217
v -0.55186 -0.247483 -0.547449
v -0.561401 -0.24086 -0.547801
v -0.54963 -0.232482 -0.547412
v -0.55186 -0.247483 -0.547449
v -0.56295 -0.256501 -0.548084
v -0.56295 -0.256501 -0.548084
v -0.55186 -0.247483 -0.547449
v -0.554441 -0.261222 -0.54789
v -0.564696 -0.270673 -0.548748
v -0.560333 -0.224372 -0.548099
v -0.548036 -0.216902 -0.547954
v -0.54963 -0.232482 -0.547412
v -0.561401 -0.24086 -0.547801
v -0.548036 -0.216902 -0.547954
v -0.530555 -0.205795 -0.547341
v -0.532855 -0.220406 -0.546481
v -0.54963 -0.232482 -0.547412
v -0.547145 -0.2014 -0.548997
v -0.529203 -0.191647 -0.548676
v -0.530555 -0.205795 -0.547341
v -0.548036 -0.216902 -0.547954
v -0.559818 -0.207754 -0.548925
v -0.547145 -0.2014 -0.548997
v -0.548036 -0.216902 -0.547954
v -0.560333 -0.224372 -0.548099
v -0.574317 -0.214198 -0.548599
v -0.559818 -0.207754 -0.548925
v -0.560333 -0.224372 -0.548099
v -0.574359 -0.232066 -0.548046
v -0.574359 -0.232066 -0.548046
v -0.560333 -0.224372 -0.548099
v -0.561401 -0.24086 -0.547801
v -0.574816 -0.249627 -0.548064
v -0.590106 -0.220012 -0.547944
v -0.574317 -0.214198 -0.548599
v -0.574359 -0.232066 -0.548046
v -0.589577 -0.239136 -0.547722
v -0.589577 -0.239136 -0.547722
v -0.574359 -0.232066 -0.548046
v -0.574816 -0.249627 -0.548064
v -0.589366 -0.257841 -0.548139
v -0.606705 -0.224643 -0.546898
v -0.590106 -0.220012 -0.547944
v -0.589577 -0.239136 -0.547722
v -0.605514 -0.24492 -0.547071
v -0.605514 -0.24492 -0.547071
v -0.589577 -0.239136 -0.547722
v -0.589366 -0.257841 -0.548139
v -0.604606 -0.264753 -0.547975
v -0.623851 -0.228198 -0.545466
v -0.606705 -0.224643 -0.546898
v -0.605514 -0.24492 -0.547071
v -0.621953 -0.249496 -0.546095
v -0.621953 -0.249496 -0.546095
v -0.605514 -0.24492 -0.547071
v -0.604606 -0.264753 -0.547975
v -0.620345 -0.270387 -0.547557
v -0.620345 -0.270387 -0.547557
v -0.604606 -0.264753 -0.547975
v -0.604024 -0.283284 -0.549607
v -0.619137 -0.289983 -0.54984
v -0.604606 -0.264753 -0.547975
v -0.589366 -0.257841 -0.548139
v -0.589463 -0.275306 -0.549204
v -0.604024 -0.283284 -0.549607
v -0.619137 -0.289983 -0.54984
v -0.604024 -0.283284 -0.549607
v -0.603658 -0.299906 -0.551661
v -0.618252 -0.307625 -0.552581
v -0.604024 -0.283284 -0.549607
v -0.589463 -0.275306 -0.549204
v -0.589707 -0.290957 -0.55066
v -0.603658 -0.299906 -0.551661
v -0.589463 -0.275306 -0.549204
v -0.575637 -0.266109 -0.548683
v -0.576592 -0.280932 -0.549677
v -0.589707 -0.290957 -0.55066
v -0.589366 -0.257841 -0.548139
v -0.574816 -0.249627 -0.548064
v -0.575637 -0.266109 -0.548683
v -0.589463 -0.275306 -0.549204
v -0.574816 -0.249627 -0.548064
v -0.561401 -0.24086 -0.547801
v -0.56295 -0.256501 -0.548084
v -0.575637 -0.266109 -0.548683
v -0.575637 -0.266109 -0.548683
v -0.56295 -0.256501 -0.548084
v -0.564696 -0.270673 -0.548748
v -0.576592 -0.280932 -0.549677
v -0.636458 -0.274958 -0.546879
v -0.620345 -0.270387 -0.547557
v -0.619137 -0.289983 -0.54984
v -0.634679 -0.295531 -0.54985
v -0.634679 -0.295531 -0.54985
v -0.619137 -0.289983 -0.54984
v -0.618252 -0.307625 -0.552581
v -0.63334 -0.314129 -0.553307
v -0.650523 -0.300056 -0.549586
v -0.634679 -0.295531 -0.54985
v -0.63334 -0.314129 -0.553307
v -0.648777 -0.319433 -0.553724
v -0.652819 -0.278682 -0.545935
v -0.636458 -0.274958 -0.546879
v -0.634679 -0.295531 -0.54985
v -0.650523 -0.300056 -0.549586
v -0.666523 -0.303652 -0.548994
v -0.650523 -0.300056 -0.549586
v -0.648777 -0.319433 -0.553724
v -0.664401 -0.323543 -0.553729
v -0.669278 -0.281727 -0.544713
v -0.652819 -0.278682 -0.545935
v -0.650523 -0.300056 -0.549586
v -0.666523 -0.303652 -0.548994
v -0.685588 -0.284062 -0.543176
v -0.669278 -0.281727 -0.544713
v -0.666523 -0.303652 -0.548994
v -0.682445 -0.306285 -0.548016
v -0.682445 -0.306285 -0.548016
v -0.666523 -0.303652 -0.548994
v -0.664401 -0.323543 -0.553729
v -0.679991 -0.326426 -0.553246
v -0.689433 -0.260552 -0.53924
v -0.672696 -0.258563 -0.541385
v -0.669278 -0.281727 -0.544713
v -0.685588 -0.284062 -0.543176
v -0.672696 -0.258563 -0.541385
v -0.65571 -0.256082 -0.543237
v -0.652819 -0.278682 -0.545935
v -0.669278 -0.281727 -0.544713
v -0.6765 -0.235096 -0.539073
v -0.658962 -0.233179 -0.541532
v -0.65571 -0.256082 -0.543237
v -0.672696 -0.258563 -0.541385
v -0.693676 -0.236699 -0.536304
v -0.6765 -0.235096 -0.539073
v -0.672696 -0.258563 -0.541385
v -0.689433 -0.260552 -0.53924
v -0.658962 -0.233179 -0.541532
v -0.641339 -0.230952 -0.54367
v -0.638737 -0.253128 -0.544811
v -0.65571 -0.256082 -0.543237
v -0.65571 -0.256082 -0.543237
v -0.638737 -0.253128 -0.544811
v -0.636458 -0.274958 -0.546879
v -0.652819 -0.278682 -0.545935
v -0.641339 -0.230952 -0.54367
v -0.623851 -0.228198 -0.545466
v -0.621953 -0.249496 -0.546095
v -0.638737 -0.253128 -0.544811
v -0.638737 -0.253128 -0.544811
v -0.621953 -0.249496 -0.546095
v -0.620345 -0.270387 -0.547557
v -0.636458 -0.274958 -0.546879
v -0.662268 -0.210936 -0.540752
v -0.644026 -0.209385 -0.54338
v -0.641339 -0.230952 -0.54367
v -0.658962 -0.233179 -0.541532
v -0.644026 -0.209385 -0.54338
v -0.62588 -0.20744 -0.545596
v -0.623851 -0.228198 -0.545466
v -0.641339 -0.230952 -0.54367
v -0.62588 -0.20744 -0.545596
v -0.608093 -0.204848 -0.547384
v -0.606705 -0.224643 -0.546898
v -0.623851 -0.228198 -0.545466
v -0.646562 -0.189385 -0.543868
v -0.627882 -0.188169 -0.546412
v -0.62588 -0.20744 -0.545596
v -0.644026 -0.209385 -0.54338
v -0.627882 -0.188169 -0.546412
v -0.609597 -0.186459 -0.548456
v -0.608093 -0.204848 -0.547384
v -0.62588 -0.20744 -0.545596
v -0.648749 -0.171759 -0.545018
v -0.629714 -0.171181 -0.547801
v -0.627882 -0.188169 -0.546412
v -0.646562 -0.189385 -0.543868
v -0.629714 -0.171181 -0.547801
v -0.611124 -0.170254 -0.55001
v -0.609597 -0.186459 -0.548456
v -0.627882 -0.188169 -0.546412
v -0.631293 -0.156679 -0.549501
v -0.612546 -0.15642 -0.551802
v -0.611124 -0.170254 -0.55001
v -0.629714 -0.171181 -0.547801
v -0.650537 -0.156717 -0.54655
v -0.631293 -0.156679 -0.549501
v -0.629714 -0.171181 -0.547801
v -0.648749 -0.171759 -0.545018
v -0.612546 -0.15642 -0.551802
v -0.594668 -0.15586 -0.553465
v -0.593331 -0.168829 -0.55165
v -0.611124 -0.170254 -0.55001
v -0.611124 -0.170254 -0.55001
v -0.593331 -0.168829 -0.55165
v -0.592024 -0.184047 -0.549999
v -0.609597 -0.186459 -0.548456
v -0.594668 -0.15586 -0.553465
v -0.578057 -0.154955 -0.554522
v -0.576708 -0.166825 -0.552745
v -0.593331 -0.168829 -0.55165
v -0.593331 -0.168829 -0.55165
v -0.576708 -0.166825 -0.552745
v -0.575509 -0.180827 -0.551051
v -0.592024 -0.184047 -0.549999
v -0.578057 -0.154955 -0.554522
v -0.563218 -0.153778 -0.555083
v -0.561705 -0.164409 -0.553388
v -0.576708 -0.166825 -0.552745
v -0.576708 -0.166825 -0.552745
v -0.561705 -0.164409 -0.553388
v -0.560511 -0.177096 -0.551691
v -0.575509 -0.180827 -0.551051
v -0.575509 -0.180827 -0.551051
v -0.560511 -0.177096 -0.551691
v -0.559871 -0.191748 -0.550161
v -0.574698 -0.196845 -0.549632
v -0.592024 -0.184047 -0.549999
v -0.575509 -0.180827 -0.551051
v -0.574698 -0.196845 -0.549632
v -0.59093 -0.201355 -0.548728
v -0.574698 -0.196845 -0.549632
v -0.559871 -0.191748 -0.550161
v -0.559818 -0.207754 -0.548925
v -0.574317 -0.214198 -0.548599
v -0.59093 -0.201355 -0.548728
v -0.574698 -0.196845 -0.549632
v -0.574317 -0.214198 -0.548599
v -0.590106 -0.220012 -0.547944
v -0.609597 -0.186459 -0.548456
v -0.592024 -0.184047 -0.549999
v -0.59093 -0.201355 -0.548728
v -0.608093 -0.204848 -0.547384
v -0.608093 -0.204848 -0.547384
v -0.59093 -0.201355 -0.548728
v -0.590106 -0.220012 -0.547944
v -0.606705 -0.224643 -0.546898
v -0.560511 -0.177096 -0.551691
v -0.547521 -0.173254 -0.552011
v -0.546969 -0.186633 -0.550397
v -0.559871 -0.191748 -0.550161
v -0.559871 -0.191748 -0.550161
v -0.546969 -0.186633 -0.550397
v -0.547145 -0.2014 -0.548997
v -0.559818 -0.207754 -0.548925
v -0.546969 -0.186633 -0.550397
v -0.528788 -0.178458 -0.550303
v -0.529203 -0.191647 -0.548676
v -0.547145 -0.2014 -0.548997
v -0.529301 -0.166722 -0.552045
v -0.528788 -0.178458 -0.550303
v -0.546969 -0.186633 -0.550397
v -0.547521 -0.173254 -0.552011
v -0.548788 -0.16181 -0.553694
v -0.530781 -0.156842 -0.553734
v -0.529301 -0.166722 -0.552045
v -0.547521 -0.173254 -0.552011
v -0.561705 -0.164409 -0.553388
v -0.548788 -0.16181 -0.553694
v -0.547521 -0.173254 -0.552011
v -0.560511 -0.177096 -0.551691
v -0.550647 -0.152405 -0.555288
v -0.53347 -0.148857 -0.555258
v -0.530781 -0.156842 -0.553734
v -0.548788 -0.16181 -0.553694
v -0.563218 -0.153778 -0.555083
v -0.550647 -0.152405 -0.555288
v -0.548788 -0.16181 -0.553694
v -0.561705 -0.164409 -0.553388
v -0.552778 -0.145012 -0.556638
v -0.537678 -0.142707 -0.556528
v -0.53347 -0.148857 -0.555258
v -0.550647 -0.152405 -0.555288
v -0.564697 -0.145145 -0.556601
v -0.552778 -0.145012 -0.556638
v -0.550647 -0.152405 -0.555288
v -0.563218 -0.153778 -0.555083
v -0.53347 -0.148857 -0.555258
v -0.537678 -0.142707 -0.556528
v -0.533184 -0.140455 -0.556474
v -0.528275 -0.146686 -0.555123
v -0.537678 -0.142707 -0.556528
v -0.543921 -0.138293 -0.557507
v -0.540583 -0.13566 -0.55758
v -0.533184 -0.140455 -0.556474
v -0.552778 -0.145012 -0.556638
v -0.553045 -0.135365 -0.55819
v -0.543921 -0.138293 -0.557507
v -0.537678 -0.142707 -0.556528
v -0.543921 -0.138293 -0.557507
v -0.553045 -0.135365 -0.55819
v -0.550906 -0.132089 -0.558397
v -0.540583 -0.13566 -0.55758
v -0.553045 -0.135365 -0.55819
v -0.565178 -0.133306 -0.558504
v -0.563948 -0.129457 -0.558811
v -0.550906 -0.132089 -0.558397
v -0.564697 -0.145145 -0.556601
v -0.565178 -0.133306 -0.558504
v -0.553045 -0.135365 -0.55819
v -0.552778 -0.145012 -0.556638
v -0.563948 -0.129457 -0.558811
v -0.560125 -0.123552 -0.558472
v -0.545841 -0.126499 -0.55794
v -0.550906 -0.132089 -0.558397
v -0.540583 -0.13566 -0.55758
v -0.550906 -0.132089 -0.558397
v -0.545841 -0.126499 -0.55794
v -0.534339 -0.130369 -0.557001
v -0.545841 -0.126499 -0.55794
v -0.560125 -0.123552 -0.558472
v -0.555004 -0.117832 -0.556999
v -0.53961 -0.120732 -0.556326
v -0.53961 -0.120732 -0.556326
v -0.527182 -0.124497 -0.555272
v -0.534339 -0.130369 -0.557001
v -0.545841 -0.126499 -0.55794
v -0.555004 -0.117832 -0.556999
v -0.548908 -0.112135 -0.55326
v -0.532516 -0.11476 -0.552405
v -0.53961 -0.120732 -0.556326
v -0.527182 -0.124497 -0.555272
v -0.53961 -0.120732 -0.556326
v -0.532516 -0.11476 -0.552405
v -0.519299 -0.118147 -0.551229
v -0.509886 -0.122538 -0.549919
v -0.518249 -0.129348 -0.55399
v -0.527182 -0.124497 -0.555272
v -0.519299 -0.118147 -0.551229
v -0.518249 -0.129348 -0.55399
v -0.526035 -0.135374 -0.555785
v -0.534339 -0.130369 -0.557001
v -0.527182 -0.124497 -0.555272
v -0.512402 -0.135558 -0.552526
v -0.520542 -0.141719 -0.554346
v -0.526035 -0.135374 -0.555785
v -0.518249 -0.129348 -0.55399
v -0.503845 -0.128333 -0.548493
v -0.512402 -0.135558 -0.552526
v -0.518249 -0.129348 -0.55399
v -0.509886 -0.122538 -0.549919
v -0.534339 -0.130369 -0.557001
v -0.526035 -0.135374 -0.555785
v -0.533184 -0.140455 -0.556474
v -0.540583 -0.13566 -0.55758
v -0.533184 -0.140455 -0.556474
v -0.526035 -0.135374 -0.555785
v -0.520542 -0.141719 -0.554346
v -0.528275 -0.146686 -0.555123
v -0.572598 -0.11559 -0.557108
v -0.567578 -0.110067 -0.55356
v -0.548908 -0.112135 -0.55326
v -0.555004 -0.117832 -0.556999
v -0.560125 -0.123552 -0.558472
v -0.576574 -0.121318 -0.558447
v -0.572598 -0.11559 -0.557108
v -0.555004 -0.117832 -0.556999
v -0.591628 -0.113796 -0.55647
v -0.572598 -0.11559 -0.557108
v -0.576574 -0.121318 -0.558447
v -0.594571 -0.119584 -0.557715
v -0.587632 -0.108351 -0.553076
v -0.567578 -0.110067 -0.55356
v -0.572598 -0.11559 -0.557108
v -0.591628 -0.113796 -0.55647
v -0.591628 -0.113796 -0.55647
v -0.611425 -0.112267 -0.554929
v -0.608295 -0.106814 -0.551613
v -0.587632 -0.108351 -0.553076
v -0.611425 -0.112267 -0.554929
v -0.591628 -0.113796 -0.55647
v -0.594571 -0.119584 -0.557715
v -0.613558 -0.118159 -0.556147
v -0.613558 -0.118159 -0.556147
v -0.633209 -0.116925 -0.553698
v -0.63169 -0.110914 -0.55244
v -0.611425 -0.112267 -0.554929
v -0.63169 -0.110914 -0.55244
v -0.629283 -0.105401 -0.549123
v -0.608295 -0.106814 -0.551613
v -0.611425 -0.112267 -0.554929
v -0.633936 -0.123592 -0.55392
v -0.633209 -0.116925 -0.553698
v -0.613558 -0.118159 -0.556147
v -0.614758 -0.124689 -0.556326
v -0.596423 -0.125946 -0.557902
v -0.614758 -0.124689 -0.556326
v -0.613558 -0.118159 -0.556147
v -0.594571 -0.119584 -0.557715
v -0.596757 -0.130487 -0.557487
v -0.614863 -0.129435 -0.555902
v -0.614758 -0.124689 -0.556326
v -0.596423 -0.125946 -0.557902
v -0.614863 -0.129435 -0.555902
v -0.633872 -0.128489 -0.553516
v -0.633936 -0.123592 -0.55392
v -0.614758 -0.124689 -0.556326
v -0.594571 -0.119584 -0.557715
v -0.576574 -0.121318 -0.558447
v -0.579305 -0.127478 -0.55869
v -0.596423 -0.125946 -0.557902
v -0.579972 -0.131736 -0.558315
v -0.596757 -0.130487 -0.557487
v -0.596423 -0.125946 -0.557902
v -0.579305 -0.127478 -0.55869
v -0.565178 -0.133306 -0.558504
v -0.579972 -0.131736 -0.558315
v -0.579305 -0.127478 -0.55869
v -0.563948 -0.129457 -0.558811
v -0.579305 -0.127478 -0.55869
v -0.576574 -0.121318 -0.558447
v -0.560125 -0.123552 -0.558472
v -0.563948 -0.129457 -0.558811
v -0.579259 -0.145188 -0.556172
v -0.579972 -0.131736 -0.558315
v -0.565178 -0.133306 -0.558504
v -0.564697 -0.145145 -0.556601
v -0.596757 -0.130487 -0.557487
v -0.579972 -0.131736 -0.558315
v -0.579259 -0.145188 -0.556172
v -0.59582 -0.145154 -0.555197
v -0.579259 -0.145188 -0.556172
v -0.564697 -0.145145 -0.556601
v -0.563218 -0.153778 -0.555083
v -0.578057 -0.154955 -0.554522
v -0.59582 -0.145154 -0.555197
v -0.579259 -0.145188 -0.556172
v -0.578057 -0.154955 -0.554522
v -0.594668 -0.15586 -0.553465
v -0.613728 -0.144997 -0.553555
v -0.614863 -0.129435 -0.555902
v -0.596757 -0.130487 -0.557487
v -0.59582 -0.145154 -0.555197
v -0.613728 -0.144997 -0.553555
v -0.59582 -0.145154 -0.555197
v -0.594668 -0.15586 -0.553465
v -0.612546 -0.15642 -0.551802
v -0.632553 -0.144715 -0.55121
v -0.633872 -0.128489 -0.553516
v -0.614863 -0.129435 -0.555902
v -0.613728 -0.144997 -0.553555
v -0.632553 -0.144715 -0.55121
v -0.613728 -0.144997 -0.553555
v -0.612546 -0.15642 -0.551802
v -0.631293 -0.156679 -0.549501
v -0.651918 -0.144319 -0.548144
v -0.653432 -0.127568 -0.550307
v -0.633872 -0.128489 -0.553516
v -0.632553 -0.144715 -0.55121
v -0.651918 -0.144319 -0.548144
v -0.632553 -0.144715 -0.55121
v -0.631293 -0.156679 -0.549501
v -0.650537 -0.156717 -0.54655
v -0.633872 -0.128489 -0.553516
v -0.653432 -0.127568 -0.550307
v -0.65363 -0.122555 -0.550658
v -0.633936 -0.123592 -0.55392
v -0.653432 -0.127568 -0.550307
v -0.673191 -0.126591 -0.54625
v -0.67351 -0.121476 -0.546515
v -0.65363 -0.122555 -0.550658
v -0.673191 -0.126591 -0.54625
v -0.653432 -0.127568 -0.550307
v -0.651918 -0.144319 -0.548144
v -0.671446 -0.14382 -0.544341
v -0.673191 -0.126591 -0.54625
v -0.692798 -0.125522 -0.541362
v -0.693248 -0.120306 -0.541504
v -0.67351 -0.121476 -0.546515
v -0.690769 -0.143249 -0.539815
v -0.692798 -0.125522 -0.541362
v -0.673191 -0.126591 -0.54625
v -0.671446 -0.14382 -0.544341
v -0.692798 -0.125522 -0.541362
v -0.711908 -0.124504 -0.535813
v -0.71251 -0.11919 -0.535808
v -0.693248 -0.120306 -0.541504
v -0.709542 -0.142719 -0.534707
v -0.711908 -0.124504 -0.535813
v -0.692798 -0.125522 -0.541362
v -0.690769 -0.143249 -0.539815
v -0.709542 -0.142719 -0.534707
v -0.690769 -0.143249 -0.539815
v -0.68904 -0.15644 -0.538675
v -0.7076 -0.156294 -0.533884
v -0.690769 -0.143249 -0.539815
v -0.671446 -0.14382 -0.544341
v -0.669907 -0.156611 -0.542937
v -0.68904 -0.15644 -0.538675
v -0.7076 -0.156294 -0.533884
v -0.68904 -0.15644 -0.538675
v -0.686753 -0.172435 -0.537727
v -0.705053 -0.172724 -0.533327
v -0.68904 -0.15644 -0.538675
v -0.669907 -0.156611 -0.542937
v -0.667877 -0.172134 -0.541655
v -0.686753 -0.172435 -0.537727
v -0.669907 -0.156611 -0.542937
v -0.650537 -0.156717 -0.54655
v -0.648749 -0.171759 -0.545018
v -0.667877 -0.172134 -0.541655
v -0.671446 -0.14382 -0.544341
v -0.651918 -0.144319 -0.548144
v -0.650537 -0.156717 -0.54655
v -0.669907 -0.156611 -0.542937
v -0.667877 -0.172134 -0.541655
v -0.648749 -0.171759 -0.545018
v -0.646562 -0.189385 -0.543868
v -0.665323 -0.190316 -0.54083
v -0.686753 -0.172435 -0.537727
v -0.667877 -0.172134 -0.541655
v -0.665323 -0.190316 -0.54083
v -0.683848 -0.191135 -0.537314
v -0.683848 -0.191135 -0.537314
v -0.665323 -0.190316 -0.54083
v -0.662268 -0.210936 -0.540752
v -0.680336 -0.212297 -0.537731
v -0.665323 -0.190316 -0.54083
v -0.646562 -0.189385 -0.543868
v -0.644026 -0.209385 -0.54338
v -0.662268 -0.210936 -0.540752
v -0.680336 -0.212297 -0.537731
v -0.662268 -0.210936 -0.540752
v -0.658962 -0.233179 -0.541532
v -0.6765 -0.235096 -0.539073
v -0.70183 -0.191877 -0.533387
v -0.683848 -0.191135 -0.537314
v -0.680336 -0.212297 -0.537731
v -0.697936 -0.213482 -0.534356
v -0.697936 -0.213482 -0.534356
v -0.680336 -0.212297 -0.537731
v -0.6765 -0.235096 -0.539073
v -0.693676 -0.236699 -0.536304
v -0.718962 -0.192546 -0.529129
v -0.70183 -0.191877 -0.533387
v -0.697936 -0.213482 -0.534356
v -0.71477 -0.214456 -0.530674
v -0.71477 -0.214456 -0.530674
v -0.697936 -0.213482 -0.534356
v -0.693676 -0.236699 -0.536304
v -0.710197 -0.237926 -0.533236
v -0.72246 -0.173047 -0.528572
v -0.705053 -0.172724 -0.533327
v -0.70183 -0.191877 -0.533387
v -0.718962 -0.192546 -0.529129
v -0.705053 -0.172724 -0.533327
v -0.686753 -0.172435 -0.537727
v -0.683848 -0.191135 -0.537314
v -0.70183 -0.191877 -0.533387
v -0.725259 -0.156263 -0.528712
v -0.7076 -0.156294 -0.533884
v -0.705053 -0.172724 -0.533327
v -0.72246 -0.173047 -0.528572
v -0.74169 -0.156437 -0.523302
v -0.725259 -0.156263 -0.528712
v -0.72246 -0.173047 -0.528572
v -0.738657 -0.173449 -0.523577
v -0.738657 -0.173449 -0.523577
v -0.72246 -0.173047 -0.528572
v -0.718962 -0.192546 -0.529129
v -0.734936 -0.193143 -0.524623
v -0.753379 -0.173965 -0.518467
v -0.738657 -0.173449 -0.523577
v -0.734936 -0.193143 -0.524623
v -0.749501 -0.193668 -0.51996
v -0.756609 -0.15689 -0.517815
v -0.74169 -0.156437 -0.523302
v -0.738657 -0.173449 -0.523577
v -0.753379 -0.173965 -0.518467
v -0.76991 -0.157622 -0.512454
v -0.756609 -0.15689 -0.517815
v -0.753379 -0.173965 -0.518467
v -0.766567 -0.174588 -0.513416
v -0.766567 -0.174588 -0.513416
v -0.753379 -0.173965 -0.518467
v -0.749501 -0.193668 -0.51996
v -0.762634 -0.19411 -0.515279
v -0.762634 -0.19411 -0.515279
v -0.749501 -0.193668 -0.51996
v -0.744998 -0.215638 -0.522575
v -0.758141 -0.21581 -0.518317
v -0.749501 -0.193668 -0.51996
v -0.734936 -0.193143 -0.524623
v -0.730538 -0.215184 -0.526728
v -0.744998 -0.215638 -0.522575
v -0.758141 -0.21581 -0.518317
v -0.744998 -0.215638 -0.522575
v -0.740164 -0.239016 -0.526256
v -0.753355 -0.238829 -0.52243
v -0.744998 -0.215638 -0.522575
v -0.730538 -0.215184 -0.526728
v -0.725773 -0.238715 -0.529879
v -0.740164 -0.239016 -0.526256
v -0.734936 -0.193143 -0.524623
v -0.718962 -0.192546 -0.529129
v -0.71477 -0.214456 -0.530674
v -0.730538 -0.215184 -0.526728
v -0.730538 -0.215184 -0.526728
v -0.71477 -0.214456 -0.530674
v -0.710197 -0.237926 -0.533236
v -0.725773 -0.238715 -0.529879
v -0.725773 -0.238715 -0.529879
v -0.710197 -0.237926 -0.533236
v -0.705636 -0.261972 -0.536782
v -0.721023 -0.262746 -0.533992
v -0.740164 -0.239016 -0.526256
v -0.725773 -0.238715 -0.529879
v -0.721023 -0.262746 -0.533992
v -0.735359 -0.262814 -0.53086
v -0.710197 -0.237926 -0.533236
v -0.693676 -0.236699 -0.536304
v -0.689433 -0.260552 -0.53924
v -0.705636 -0.261972 -0.536782
v -0.705636 -0.261972 -0.536782
v -0.689433 -0.260552 -0.53924
v -0.685588 -0.284062 -0.543176
v -0.701477 -0.285609 -0.541279
v -0.721023 -0.262746 -0.533992
v -0.705636 -0.261972 -0.536782
v -0.701477 -0.285609 -0.541279
v -0.716672 -0.286289 -0.53898
v -0.716672 -0.286289 -0.53898
v -0.701477 -0.285609 -0.541279
v -0.698033 -0.307891 -0.546596
v -0.713031 -0.308403 -0.544674
v -0.701477 -0.285609 -0.541279
v -0.685588 -0.284062 -0.543176
v -0.682445 -0.306285 -0.548016
v -0.698033 -0.307891 -0.546596
v -0.698033 -0.307891 -0.546596
v -0.682445 -0.306285 -0.548016
v -0.679991 -0.326426 -0.553246
v -0.69531 -0.328039 -0.552212
v -0.713031 -0.308403 -0.544674
v -0.698033 -0.307891 -0.546596
v -0.69531 -0.328039 -0.552212
v -0.710121 -0.328341 -0.550561
v -0.727214 -0.307785 -0.54221
v -0.713031 -0.308403 -0.544674
v -0.710121 -0.328341 -0.550561
v -0.724206 -0.327317 -0.548249
v -0.730944 -0.286047 -0.536249
v -0.716672 -0.286289 -0.53898
v -0.713031 -0.308403 -0.544674
v -0.727214 -0.307785 -0.54221
v -0.744221 -0.284925 -0.533109
v -0.730944 -0.286047 -0.536249
v -0.727214 -0.307785 -0.54221
v -0.740474 -0.306109 -0.539231
v -0.740474 -0.306109 -0.539231
v -0.727214 -0.307785 -0.54221
v -0.724206 -0.327317 -0.548249
v -0.737418 -0.325082 -0.545318
v -0.748606 -0.262193 -0.527426
v -0.735359 -0.262814 -0.53086
v -0.730944 -0.286047 -0.536249
v -0.744221 -0.284925 -0.533109
v -0.735359 -0.262814 -0.53086
v -0.721023 -0.262746 -0.533992
v -0.716672 -0.286289 -0.53898
v -0.730944 -0.286047 -0.536249
v -0.753355 -0.238829 -0.52243
v -0.740164 -0.239016 -0.526256
v -0.735359 -0.262814 -0.53086
v -0.748606 -0.262193 -0.527426
v -0.765382 -0.238168 -0.518479
v -0.753355 -0.238829 -0.52243
v -0.748606 -0.262193 -0.527426
v -0.760774 -0.260917 -0.523736
v -0.760774 -0.260917 -0.523736
v -0.748606 -0.262193 -0.527426
v -0.744221 -0.284925 -0.533109
v -0.756474 -0.282985 -0.529597
v -0.776282 -0.237042 -0.514479
v -0.765382 -0.238168 -0.518479
v -0.760774 -0.260917 -0.523736
v -0.771872 -0.259019 -0.519842
v -0.771872 -0.259019 -0.519842
v -0.760774 -0.260917 -0.523736
v -0.756474 -0.282985 -0.529597
v -0.767672 -0.280292 -0.52575
v -0.78607 -0.235499 -0.510512
v -0.776282 -0.237042 -0.514479
v -0.771872 -0.259019 -0.519842
v -0.78189 -0.25658 -0.515814
v -0.78189 -0.25658 -0.515814
v -0.771872 -0.259019 -0.519842
v -0.767672 -0.280292 -0.52575
v -0.777771 -0.276967 -0.521639
v -0.794676 -0.233712 -0.506694
v -0.78607 -0.235499 -0.510512
v -0.78189 -0.25658 -0.515814
v -0.790731 -0.253865 -0.511817
v -0.790731 -0.253865 -0.511817
v -0.78189 -0.25658 -0.515814
v -0.777771 -0.276967 -0.521639
v -0.78667 -0.273358 -0.517471
v -0.78667 -0.273358 -0.517471
v -0.777771 -0.276967 -0.521639
v -0.773924 -0.295828 -0.527672
v -0.782688 -0.291392 -0.523342
v -0.777771 -0.276967 -0.521639
v -0.767672 -0.280292 -0.52575
v -0.763908 -0.299997 -0.531898
v -0.773924 -0.295828 -0.527672
v -0.782688 -0.291392 -0.523342
v -0.773924 -0.295828 -0.527672
v -0.770542 -0.312582 -0.533467
v -0.779046 -0.307349 -0.528967
v -0.773924 -0.295828 -0.527672
v -0.763908 -0.299997 -0.531898
v -0.760711 -0.317541 -0.537844
v -0.770542 -0.312582 -0.533467
v -0.763908 -0.299997 -0.531898
v -0.752731 -0.303479 -0.535779
v -0.749629 -0.321775 -0.541829
v -0.760711 -0.317541 -0.537844
v -0.767672 -0.280292 -0.52575
v -0.756474 -0.282985 -0.529597
v -0.752731 -0.303479 -0.535779
v -0.763908 -0.299997 -0.531898
v -0.756474 -0.282985 -0.529597
v -0.744221 -0.284925 -0.533109
v -0.740474 -0.306109 -0.539231
v -0.752731 -0.303479 -0.535779
v -0.752731 -0.303479 -0.535779
v -0.740474 -0.306109 -0.539231
v -0.737418 -0.325082 -0.545318
v -0.749629 -0.321775 -0.541829
v -0.770542 -0.312582 -0.533467
v -0.760711 -0.317541 -0.537844
v -0.758184 -0.332399 -0.543109
v -0.76782 -0.326712 -0.538542
v -0.790097 -0.214614 -0.506014
v -0.780651 -0.215292 -0.509929
v -0.776282 -0.237042 -0.514479
v -0.78607 -0.235499 -0.510512
v -0.798323 -0.213745 -0.50238
v -0.790097 -0.214614 -0.506014
v -0.78607 -0.235499 -0.510512
v -0.794676 -0.233712 -0.506694
v -0.80529 -0.212784 -0.499079
v -0.798323 -0.213745 -0.50238
v -0.794676 -0.233712 -0.506694
v -0.802009 -0.231891 -0.503147
v -0.80797 -0.194653 -0.496098
v -0.801491 -0.194809 -0.499151
v -0.798323 -0.213745 -0.50238
v -0.80529 -0.212784 -0.499079
v -0.801491 -0.194809 -0.499151
v -0.793758 -0.19482 -0.5026
v -0.790097 -0.214614 -0.506014
v -0.798323 -0.213745 -0.50238
v -0.809947 -0.178244 -0.494359
v -0.804055 -0.17767 -0.497171
v -0.801491 -0.194809 -0.499151
v -0.80797 -0.194653 -0.496098
v -0.804055 -0.17767 -0.497171
v -0.796893 -0.176909 -0.500437
v -0.793758 -0.19482 -0.5026
v -0.801491 -0.194809 -0.499151
v -0.806113 -0.162774 -0.496142
v -0.799554 -0.161276 -0.499233
v -0.796893 -0.176909 -0.500437
v -0.804055 -0.17767 -0.497171
v -0.811334 -0.164125 -0.493573
v -0.806113 -0.162774 -0.496142
v -0.804055 -0.17767 -0.497171
v -0.809947 -0.178244 -0.494359
v -0.799554 -0.161276 -0.499233
v -0.79142 -0.159844 -0.502975
v -0.788318 -0.176086 -0.504238
v -0.796893 -0.176909 -0.500437
v -0.796893 -0.176909 -0.500437
v -0.788318 -0.176086 -0.504238
v -0.78473 -0.194699 -0.506463
v -0.793758 -0.19482 -0.5026
v -0.788318 -0.176086 -0.504238
v -0.778216 -0.175301 -0.508612
v -0.774366 -0.194458 -0.51073
v -0.78473 -0.194699 -0.506463
v -0.79142 -0.159844 -0.502975
v -0.781535 -0.158612 -0.507435
v -0.778216 -0.175301 -0.508612
v -0.788318 -0.176086 -0.504238
v -0.781535 -0.158612 -0.507435
v -0.76991 -0.157622 -0.512454
v -0.766567 -0.174588 -0.513416
v -0.778216 -0.175301 -0.508612
v -0.778216 -0.175301 -0.508612
v -0.766567 -0.174588 -0.513416
v -0.762634 -0.19411 -0.515279
v -0.774366 -0.194458 -0.51073
v -0.78473 -0.194699 -0.506463
v -0.774366 -0.194458 -0.51073
v -0.770009 -0.215695 -0.514064
v -0.780651 -0.215292 -0.509929
v -0.774366 -0.194458 -0.51073
v -0.762634 -0.19411 -0.515279
v -0.758141 -0.21581 -0.518317
v -0.770009 -0.215695 -0.514064
v -0.770009 -0.215695 -0.514064
v -0.758141 -0.21581 -0.518317
v -0.753355 -0.238829 -0.52243
v -0.765382 -0.238168 -0.518479
v -0.780651 -0.215292 -0.509929
v -0.770009 -0.215695 -0.514064
v -0.765382 -0.238168 -0.518479
v -0.776282 -0.237042 -0.514479
v -0.793758 -0.19482 -0.5026
v -0.78473 -0.194699 -0.506463
v -0.780651 -0.215292 -0.509929
v -0.790097 -0.214614 -0.506014
v -0.794091 -0.146258 -0.502283
v -0.784353 -0.144668 -0.506822
v -0.781535 -0.158612 -0.507435
v -0.79142 -0.159844 -0.502975
v -0.784353 -0.144668 -0.506822
v -0.772694 -0.14347 -0.512022
v -0.76991 -0.157622 -0.512454
v -0.781535 -0.158612 -0.507435
v -0.772694 -0.14347 -0.512022
v -0.759234 -0.14268 -0.517642
v -0.756609 -0.15689 -0.517815
v -0.76991 -0.157622 -0.512454
v -0.784353 -0.144668 -0.506822
v -0.788637 -0.125914 -0.505832
v -0.776728 -0.124454 -0.511331
v -0.772694 -0.14347 -0.512022
v -0.772694 -0.14347 -0.512022
v -0.776728 -0.124454 -0.511331
v -0.76287 -0.123607 -0.517337
v -0.759234 -0.14268 -0.517642
v -0.76287 -0.123607 -0.517337
v -0.776728 -0.124454 -0.511331
v -0.778206 -0.118966 -0.510671
v -0.764099 -0.118111 -0.516833
v -0.776728 -0.124454 -0.511331
v -0.788637 -0.125914 -0.505832
v -0.790335 -0.120489 -0.505033
v -0.778206 -0.118966 -0.510671
v -0.778206 -0.118966 -0.510671
v -0.781033 -0.111801 -0.508516
v -0.766231 -0.111034 -0.515024
v -0.764099 -0.118111 -0.516833
v -0.790335 -0.120489 -0.505033
v -0.793831 -0.113275 -0.502544
v -0.781033 -0.111801 -0.508516
v -0.778206 -0.118966 -0.510671
v -0.784522 -0.10519 -0.504962
v -0.781033 -0.111801 -0.508516
v -0.793831 -0.113275 -0.502544
v -0.798267 -0.106365 -0.49855
v -0.768707 -0.104702 -0.511943
v -0.766231 -0.111034 -0.515024
v -0.781033 -0.111801 -0.508516
v -0.784522 -0.10519 -0.504962
v -0.802522 -0.099619 -0.492581
v -0.787853 -0.098875 -0.499369
v -0.784522 -0.10519 -0.504962
v -0.798267 -0.106365 -0.49855
v -0.787853 -0.098875 -0.499369
v -0.771005 -0.098773 -0.506783
v -0.768707 -0.104702 -0.511943
v -0.784522 -0.10519 -0.504962
v -0.751301 -0.104785 -0.519142
v -0.768707 -0.104702 -0.511943
v -0.771005 -0.098773 -0.506783
v -0.752617 -0.09913 -0.514415
v -0.749755 -0.110921 -0.521775
v -0.766231 -0.111034 -0.515024
v -0.768707 -0.104702 -0.511943
v -0.751301 -0.104785 -0.519142
v -0.749755 -0.110921 -0.521775
v -0.751301 -0.104785 -0.519142
v -0.732741 -0.105322 -0.526233
v -0.731934 -0.111389 -0.528487
v -0.751301 -0.104785 -0.519142
v -0.752617 -0.09913 -0.514415
v -0.733251 -0.099785 -0.521892
v -0.732741 -0.105322 -0.526233
v -0.732741 -0.105322 -0.526233
v -0.733251 -0.099785 -0.521892
v -0.713166 -0.100662 -0.528964
v -0.713312 -0.106195 -0.532976
v -0.713073 -0.112281 -0.534922
v -0.731934 -0.111389 -0.528487
v -0.732741 -0.105322 -0.526233
v -0.713312 -0.106195 -0.532976
v -0.748263 -0.117912 -0.523247
v -0.749755 -0.110921 -0.521775
v -0.731934 -0.111389 -0.528487
v -0.730959 -0.118327 -0.529649
v -0.730959 -0.118327 -0.529649
v -0.731934 -0.111389 -0.528487
v -0.713073 -0.112281 -0.534922
v -0.71251 -0.11919 -0.535808
v -0.730182 -0.123725 -0.529817
v -0.747276 -0.123374 -0.523585
v -0.748263 -0.117912 -0.523247
v -0.730959 -0.118327 -0.529649
v -0.711908 -0.124504 -0.535813
v -0.730182 -0.123725 -0.529817
v -0.730959 -0.118327 -0.529649
v -0.71251 -0.11919 -0.535808
v -0.747276 -0.123374 -0.523585
v -0.76287 -0.123607 -0.517337
v -0.764099 -0.118111 -0.516833
v -0.748263 -0.117912 -0.523247
v -0.748263 -0.117912 -0.523247
v -0.764099 -0.118111 -0.516833
v -0.766231 -0.111034 -0.515024
v -0.749755 -0.110921 -0.521775
v -0.747276 -0.123374 -0.523585
v -0.730182 -0.123725 -0.529817
v -0.72743 -0.142363 -0.529191
v -0.744094 -0.142314 -0.523442
v -0.759234 -0.14268 -0.517642
v -0.76287 -0.123607 -0.517337
v -0.747276 -0.123374 -0.523585
v -0.744094 -0.142314 -0.523442
v -0.759234 -0.14268 -0.517642
v -0.744094 -0.142314 -0.523442
v -0.74169 -0.156437 -0.523302
v -0.756609 -0.15689 -0.517815
v -0.744094 -0.142314 -0.523442
v -0.72743 -0.142363 -0.529191
v -0.725259 -0.156263 -0.528712
v -0.74169 -0.156437 -0.523302
v -0.72743 -0.142363 -0.529191
v -0.730182 -0.123725 -0.529817
v -0.711908 -0.124504 -0.535813
v -0.709542 -0.142719 -0.534707
v -0.72743 -0.142363 -0.529191
v -0.709542 -0.142719 -0.534707
v -0.7076 -0.156294 -0.533884
v -0.725259 -0.156263 -0.528712
v -0.71251 -0.11919 -0.535808
v -0.713073 -0.112281 -0.534922
v -0.693474 -0.113421 -0.540853
v -0.693248 -0.120306 -0.541504
v -0.693474 -0.113421 -0.540853
v -0.713073 -0.112281 -0.534922
v -0.713312 -0.106195 -0.532976
v -0.693254 -0.107285 -0.539155
v -0.67351 -0.121476 -0.546515
v -0.693248 -0.120306 -0.541504
v -0.693474 -0.113421 -0.540853
v -0.673437 -0.114631 -0.546055
v -0.693254 -0.107285 -0.539155
v -0.672812 -0.108473 -0.544551
v -0.673437 -0.114631 -0.546055
v -0.693474 -0.113421 -0.540853
v -0.713312 -0.106195 -0.532976
v -0.713166 -0.100662 -0.528964
v -0.692546 -0.101707 -0.535411
v -0.693254 -0.107285 -0.539155
v -0.672812 -0.108473 -0.544551
v -0.693254 -0.107285 -0.539155
v -0.692546 -0.101707 -0.535411
v -0.671574 -0.102864 -0.541014
v -0.671574 -0.102864 -0.541014
v -0.650431 -0.104092 -0.545594
v -0.65222 -0.109671 -0.548986
v -0.672812 -0.108473 -0.544551
v -0.672812 -0.108473 -0.544551
v -0.65222 -0.109671 -0.548986
v -0.653258 -0.115782 -0.550342
v -0.673437 -0.114631 -0.546055
v -0.65222 -0.109671 -0.548986
v -0.650431 -0.104092 -0.545594
v -0.629283 -0.105401 -0.549123
v -0.63169 -0.110914 -0.55244
v -0.633209 -0.116925 -0.553698
v -0.653258 -0.115782 -0.550342
v -0.65222 -0.109671 -0.548986
v -0.63169 -0.110914 -0.55244
v -0.67351 -0.121476 -0.546515
v -0.673437 -0.114631 -0.546055
v -0.653258 -0.115782 -0.550342
v -0.65363 -0.122555 -0.550658
v -0.65363 -0.122555 -0.550658
v -0.653258 -0.115782 -0.550342
v -0.633209 -0.116925 -0.553698
v -0.633936 -0.123592 -0.55392
v -0.798267 -0.106365 -0.49855
v -0.809463 -0.108345 -0.493055
v -0.814373 -0.101185 -0.486825
v -0.802522 -0.099619 -0.492581
v -0.809463 -0.108345 -0.493055
v -0.798267 -0.106365 -0.49855
v -0.793831 -0.113275 -0.502544
v -0.804293 -0.115509 -0.497403
v -0.812217 -0.118619 -0.493304
v -0.8178 -0.111308 -0.488729
v -0.809463 -0.108345 -0.493055
v -0.804293 -0.115509 -0.497403
v -0.8178 -0.111308 -0.488729
v -0.822981 -0.103825 -0.482384
v -0.814373 -0.101185 -0.486825
v -0.809463 -0.108345 -0.493055
v -0.82364 -0.115689 -0.485425
v -0.828772 -0.108053 -0.479062
v -0.822981 -0.103825 -0.482384
v -0.8178 -0.111308 -0.488729
v -0.817921 -0.122978 -0.490134
v -0.82364 -0.115689 -0.485425
v -0.8178 -0.111308 -0.488729
v -0.812217 -0.118619 -0.493304
v -0.813241 -0.129635 -0.49338
v -0.817921 -0.122978 -0.490134
v -0.812217 -0.118619 -0.493304
v -0.807778 -0.125639 -0.496339
v -0.800239 -0.12269 -0.50019
v -0.807778 -0.125639 -0.496339
v -0.812217 -0.118619 -0.493304
v -0.804293 -0.115509 -0.497403
v -0.79838 -0.127986 -0.501109
v -0.805838 -0.130705 -0.497354
v -0.807778 -0.125639 -0.496339
v -0.800239 -0.12269 -0.50019
v -0.805838 -0.130705 -0.497354
v -0.811264 -0.134263 -0.49448
v -0.813241 -0.129635 -0.49338
v -0.807778 -0.125639 -0.496339
v -0.804293 -0.115509 -0.497403
v -0.793831 -0.113275 -0.502544
v -0.790335 -0.120489 -0.505033
v -0.800239 -0.12269 -0.50019
v -0.788637 -0.125914 -0.505832
v -0.79838 -0.127986 -0.501109
v -0.800239 -0.12269 -0.50019
v -0.790335 -0.120489 -0.505033
v -0.801852 -0.148212 -0.498582
v -0.805838 -0.130705 -0.497354
v -0.79838 -0.127986 -0.501109
v -0.794091 -0.146258 -0.502283
v -0.79838 -0.127986 -0.501109
v -0.788637 -0.125914 -0.505832
v -0.784353 -0.144668 -0.506822
v -0.794091 -0.146258 -0.502283
v -0.801852 -0.148212 -0.498582
v -0.794091 -0.146258 -0.502283
v -0.79142 -0.159844 -0.502975
v -0.799554 -0.161276 -0.499233
v -0.807839 -0.150461 -0.495641
v -0.811264 -0.134263 -0.49448
v -0.805838 -0.130705 -0.497354
v -0.801852 -0.148212 -0.498582
v -0.807839 -0.150461 -0.495641
v -0.801852 -0.148212 -0.498582
v -0.799554 -0.161276 -0.499233
v -0.806113 -0.162774 -0.496142
v -0.812336 -0.152771 -0.493321
v -0.814996 -0.138909 -0.492337
v -0.811264 -0.134263 -0.49448
v -0.807839 -0.150461 -0.495641
v -0.812336 -0.152771 -0.493321
v -0.807839 -0.150461 -0.495641
v -0.806113 -0.162774 -0.496142
v -0.811334 -0.164125 -0.493573
v -0.811334 -0.164125 -0.493573
v -0.818894 -0.164674 -0.489437
v -0.818526 -0.153574 -0.489849
v -0.812336 -0.152771 -0.493321
v -0.817327 -0.145082 -0.490818
v -0.814996 -0.138909 -0.492337
v -0.812336 -0.152771 -0.493321
v -0.818526 -0.153574 -0.489849
v -0.809947 -0.178244 -0.494359
v -0.818531 -0.178249 -0.489749
v -0.818894 -0.164674 -0.489437
v -0.811334 -0.164125 -0.493573
v -0.817372 -0.193855 -0.491075
v -0.818531 -0.178249 -0.489749
v -0.809947 -0.178244 -0.494359
v -0.80797 -0.194653 -0.496098
v -0.80529 -0.212784 -0.499079
v -0.815358 -0.210962 -0.493637
v -0.817372 -0.193855 -0.491075
v -0.80797 -0.194653 -0.496098
v -0.802009 -0.231891 -0.503147
v -0.812566 -0.228927 -0.497293
v -0.815358 -0.210962 -0.493637
v -0.80529 -0.212784 -0.499079
v -0.664401 -0.323543 -0.553729
v -0.648777 -0.319433 -0.553724
v -0.647465 -0.336081 -0.557779
v -0.662806 -0.340639 -0.558311
v -0.731935 -0.368954 -0.559912
v -0.732227 -0.376033 -0.560884
v -0.744909 -0.370654 -0.556525
v -0.744231 -0.363882 -0.555898
v -0.75533 -0.357582 -0.55113
v -0.744231 -0.363882 -0.555898
v -0.744909 -0.370654 -0.556525
v -0.756449 -0.363869 -0.55124
v -0.744909 -0.370654 -0.556525
v -0.732227 -0.376033 -0.560884
v -0.733177 -0.381825 -0.560361
v -0.746367 -0.376246 -0.555586
v -0.746367 -0.376246 -0.555586
v -0.758413 -0.369114 -0.549724
v -0.756449 -0.363869 -0.55124
v -0.744909 -0.370654 -0.556525
v -0.733177 -0.381825 -0.560361
v -0.733481 -0.386615 -0.557948
v -0.747095 -0.380925 -0.552831
v -0.746367 -0.376246 -0.555586
v -0.758413 -0.369114 -0.549724
v -0.746367 -0.376246 -0.555586
v -0.747095 -0.380925 -0.552831
v -0.759549 -0.373564 -0.546509
v -0.77065 -0.364531 -0.539044
v -0.769146 -0.360481 -0.542847
v -0.758413 -0.369114 -0.549724
v -0.759549 -0.373564 -0.546509
v -0.769146 -0.360481 -0.542847
v -0.766693 -0.355776 -0.545114
v -0.756449 -0.363869 -0.55124
v -0.758413 -0.369114 -0.549724
v -0.77868 -0.350348 -0.535258
v -0.775763 -0.346356 -0.53839
v -0.766693 -0.355776 -0.545114
v -0.769146 -0.360481 -0.542847
v -0.780514 -0.353843 -0.530763
v -0.77868 -0.350348 -0.535258
v -0.769146 -0.360481 -0.542847
v -0.77065 -0.364531 -0.539044
v -0.75533 -0.357582 -0.55113
v -0.756449 -0.363869 -0.55124
v -0.766693 -0.355776 -0.545114
v -0.765073 -0.350203 -0.545717
v -0.765073 -0.350203 -0.545717
v -0.766693 -0.355776 -0.545114
v -0.775763 -0.346356 -0.53839
v -0.773563 -0.341757 -0.539864
v -0.516574 -0.238892 -0.496326
v -0.509827 -0.22009 -0.495626
v -0.515046 -0.21984 -0.492262
v -0.522187 -0.238009 -0.492785
v -0.524394 -0.257057 -0.497624
v -0.516574 -0.238892 -0.496326
v -0.522187 -0.238009 -0.492785
v -0.530343 -0.255374 -0.493823
v -0.774925 -0.35566 -0.513236
v -0.76552 -0.349551 -0.498724
v -0.774178 -0.337666 -0.489487
v -0.783926 -0.342718 -0.503741
v -0.764963 -0.366806 -0.521972
v -0.756142 -0.359696 -0.507052
v -0.76552 -0.349551 -0.498724
v -0.774925 -0.35566 -0.513236
v -0.555334 -0.306889 -0.505046
v -0.54378 -0.291143 -0.502013
v -0.549959 -0.287346 -0.49749
v -0.56134 -0.30183 -0.500102
v -0.567933 -0.32165 -0.50856
v -0.555334 -0.306889 -0.505046
v -0.56134 -0.30183 -0.500102
v -0.573578 -0.315259 -0.503192
v -0.555334 -0.306889 -0.505046
v -0.548719 -0.310634 -0.523658
v -0.536721 -0.293677 -0.520834
v -0.54378 -0.291143 -0.502013
v -0.567933 -0.32165 -0.50856
v -0.561948 -0.326665 -0.527029
v -0.548719 -0.310634 -0.523658
v -0.555334 -0.306889 -0.505046
v -0.536721 -0.293677 -0.520834
v -0.548719 -0.310634 -0.523658
v -0.547861 -0.31108 -0.528238
v -0.535875 -0.294006 -0.525427
v -0.548719 -0.310634 -0.523658
v -0.561948 -0.326665 -0.527029
v -0.561108 -0.327248 -0.531597
v -0.547861 -0.31108 -0.528238
v -0.575435 -0.342373 -0.535446
v -0.561108 -0.327248 -0.531597
v -0.561948 -0.326665 -0.527029
v -0.576214 -0.341627 -0.530887
v -0.567933 -0.32165 -0.50856
v -0.581418 -0.335331 -0.512495
v -0.576214 -0.341627 -0.530887
v -0.561948 -0.326665 -0.527029
v -0.576214 -0.341627 -0.530887
v -0.591304 -0.355348 -0.535118
v -0.590639 -0.356279 -0.539672
v -0.575435 -0.342373 -0.535446
v -0.576214 -0.341627 -0.530887
v -0.581418 -0.335331 -0.512495
v -0.595613 -0.347811 -0.516743
v -0.591304 -0.355348 -0.535118
v -0.581418 -0.335331 -0.512495
v -0.567933 -0.32165 -0.50856
v -0.573578 -0.315259 -0.503192
v -0.586521 -0.327597 -0.506728
v -0.595613 -0.347811 -0.516743
v -0.581418 -0.335331 -0.512495
v -0.586521 -0.327597 -0.506728
v -0.600004 -0.338779 -0.510625
v -0.610266 -0.358843 -0.521003
v -0.595613 -0.347811 -0.516743
v -0.600004 -0.338779 -0.510625
v -0.613824 -0.34862 -0.51459
v -0.591304 -0.355348 -0.535118
v -0.595613 -0.347811 -0.516743
v -0.610266 -0.358843 -0.521003
v -0.60694 -0.367515 -0.539393
v -0.625108 -0.368152 -0.524924
v -0.610266 -0.358843 -0.521003
v -0.613824 -0.34862 -0.51459
v -0.627765 -0.356906 -0.518277
v -0.60694 -0.367515 -0.539393
v -0.610266 -0.358843 -0.521003
v -0.625108 -0.368152 -0.524924
v -0.622826 -0.377778 -0.543324
v -0.591304 -0.355348 -0.535118
v -0.60694 -0.367515 -0.539393
v -0.606439 -0.368637 -0.543945
v -0.590639 -0.356279 -0.539672
v -0.60694 -0.367515 -0.539393
v -0.622826 -0.377778 -0.543324
v -0.622526 -0.379073 -0.547873
v -0.606439 -0.368637 -0.543945
v -0.638595 -0.387216 -0.551062
v -0.622526 -0.379073 -0.547873
v -0.622826 -0.377778 -0.543324
v -0.638663 -0.385783 -0.54652
v -0.625108 -0.368152 -0.524924
v -0.63987 -0.375461 -0.528159
v -0.638663 -0.385783 -0.54652
v -0.622826 -0.377778 -0.543324
v -0.638663 -0.385783 -0.54652
v -0.654211 -0.391281 -0.548647
v -0.654395 -0.392802 -0.553177
v -0.638595 -0.387216 -0.551062
v -0.654333 -0.380577 -0.53041
v -0.654211 -0.391281 -0.548647
v -0.638663 -0.385783 -0.54652
v -0.63987 -0.375461 -0.528159
v -0.654333 -0.380577 -0.53041
v -0.63987 -0.375461 -0.528159
v -0.641614 -0.363424 -0.52134
v -0.655195 -0.368027 -0.523486
v -0.63987 -0.375461 -0.528159
v -0.625108 -0.368152 -0.524924
v -0.627765 -0.356906 -0.518277
v -0.641614 -0.363424 -0.52134
v -0.668481 -0.383644 -0.53159
v -0.654333 -0.380577 -0.53041
v -0.655195 -0.368027 -0.523486
v -0.668494 -0.37083 -0.524631
v -0.668481 -0.383644 -0.53159
v -0.669463 -0.394444 -0.54961
v -0.654211 -0.391281 -0.548647
v -0.654333 -0.380577 -0.53041
v -0.682347 -0.384887 -0.531664
v -0.668481 -0.383644 -0.53159
v -0.668494 -0.37083 -0.524631
v -0.681539 -0.372016 -0.524743
v -0.682347 -0.384887 -0.531664
v -0.684468 -0.395556 -0.54938
v -0.669463 -0.394444 -0.54961
v -0.668481 -0.383644 -0.53159
v -0.654211 -0.391281 -0.548647
v -0.669463 -0.394444 -0.54961
v -0.669914 -0.39601 -0.554125
v -0.654395 -0.392802 -0.553177
v -0.669463 -0.394444 -0.54961
v -0.684468 -0.395556 -0.54938
v -0.685197 -0.397129 -0.553875
v -0.669914 -0.39601 -0.554125
v -0.700287 -0.396451 -0.552401
v -0.685197 -0.397129 -0.553875
v -0.684468 -0.395556 -0.54938
v -0.699278 -0.394903 -0.547935
v -0.682347 -0.384887 -0.531664
v -0.695964 -0.384533 -0.530599
v -0.699278 -0.394903 -0.547935
v -0.684468 -0.395556 -0.54938
v -0.699278 -0.394903 -0.547935
v -0.713886 -0.392708 -0.545255
v -0.71517 -0.394199 -0.54968
v -0.700287 -0.396451 -0.552401
v -0.709324 -0.382753 -0.52836
v -0.713886 -0.392708 -0.545255
v -0.699278 -0.394903 -0.547935
v -0.695964 -0.384533 -0.530599
v -0.695964 -0.384533 -0.530599
v -0.682347 -0.384887 -0.531664
v -0.681539 -0.372016 -0.524743
v -0.694354 -0.371767 -0.523792
v -0.709324 -0.382753 -0.52836
v -0.695964 -0.384533 -0.530599
v -0.694354 -0.371767 -0.523792
v -0.706928 -0.370223 -0.521748
v -0.722241 -0.379489 -0.524915
v -0.709324 -0.382753 -0.52836
v -0.706928 -0.370223 -0.521748
v -0.719101 -0.367351 -0.518583
v -0.722241 -0.379489 -0.524915
v -0.728049 -0.388919 -0.541329
v -0.713886 -0.392708 -0.545255
v -0.709324 -0.382753 -0.52836
v -0.73449 -0.374629 -0.52023
v -0.722241 -0.379489 -0.524915
v -0.719101 -0.367351 -0.518583
v -0.730671 -0.363075 -0.514275
v -0.73449 -0.374629 -0.52023
v -0.74147 -0.383416 -0.536144
v -0.728049 -0.388919 -0.541329
v -0.722241 -0.379489 -0.524915
v -0.713886 -0.392708 -0.545255
v -0.728049 -0.388919 -0.541329
v -0.729596 -0.390328 -0.545705
v -0.71517 -0.394199 -0.54968
v -0.728049 -0.388919 -0.541329
v -0.74147 -0.383416 -0.536144
v -0.743258 -0.384722 -0.540467
v -0.729596 -0.390328 -0.545705
vn 0.5937 -0.5023 0.6287
vn 0.646 -0.4408 0.6232
vn 0.3566 -0.3161 0.8792
vn 0.3211 -0.3666 0.8732
vn 0.5937 -0.5023 0.6287
vn 0.7853 -0.5553 0.2738
vn 0.8352 -0.4847 0.2598
vn 0.646 -0.4408 0.6232
vn 0.646 -0.4408 0.6232
vn 0.692 -0.3758 0.6164
vn 0.3852 -0.263 0.8846
vn 0.3566 -0.3161 0.8792
vn 0.692 -0.3758 0.6164
vn 0.646 -0.4408 0.6232
vn 0.8352 -0.4847 0.2598
vn 0.8778 -0.412 0.2444
vn 0.8785 -0.4755 0.0455
vn 0.9144 -0.4036 0.031
vn 0.8778 -0.412 0.2444
vn 0.8352 -0.4847 0.2598
vn 0.8352 -0.4847 0.2598
vn 0.7853 -0.5553 0.2738
vn 0.8352 -0.5467 0.0594
vn 0.8785 -0.4755 0.0455
vn 0.9111 -0.3445 0.2264
vn 0.8778 -0.412 0.2444
vn 0.9144 -0.4036 0.031
vn 0.9409 -0.3383 0.0154
vn 0.692 -0.3758 0.6164
vn 0.8778 -0.412 0.2444
vn 0.9111 -0.3445 0.2264
vn 0.7311 -0.3135 0.6059
vn 0.9409 -0.3383 0.0154
vn 0.9144 -0.4036 0.031
vn 0.904 -0.384 -0.1877
vn 0.924 -0.3257 -0.2003
vn 0.876 -0.4497 -0.1745
vn 0.904 -0.384 -0.1877
vn 0.9144 -0.4036 0.031
vn 0.8785 -0.4755 0.0455
vn 0.8674 -0.3017 -0.3957
vn 0.924 -0.3257 -0.2003
vn 0.904 -0.384 -0.1877
vn 0.8537 -0.351 -0.3847
vn 0.8333 -0.4075 -0.3734
vn 0.8537 -0.351 -0.3847
vn 0.904 -0.384 -0.1877
vn 0.876 -0.4497 -0.1745
vn 0.7081 -0.2776 -0.6492
vn 0.7132 -0.2447 -0.6568
vn 0.8674 -0.3017 -0.3957
vn 0.8537 -0.351 -0.3847
vn 0.8537 -0.351 -0.3847
vn 0.8333 -0.4075 -0.3734
vn 0.6969 -0.3166 -0.6435
vn 0.7081 -0.2776 -0.6492
vn 0.6969 -0.3166 -0.6435
vn 0.8333 -0.4075 -0.3734
vn 0.807 -0.4659 -0.3627
vn 0.6798 -0.3564 -0.641
vn 0.8333 -0.4075 -0.3734
vn 0.876 -0.4497 -0.1745
vn 0.8411 -0.5163 -0.1609
vn 0.807 -0.4659 -0.3627
vn 0.807 -0.4659 -0.3627
vn 0.8411 -0.5163 -0.1609
vn 0.8021 -0.5782 -0.1492
vn 0.7763 -0.5207 -0.3553
vn 0.6578 -0.3912 -0.6436
vn 0.6798 -0.3564 -0.641
vn 0.807 -0.4659 -0.3627
vn 0.7763 -0.5207 -0.3553
vn 0.8785 -0.4755 0.0455
vn 0.8352 -0.5467 0.0594
vn 0.8411 -0.5163 -0.1609
vn 0.876 -0.4497 -0.1745
vn 0.8352 -0.5467 0.0594
vn 0.7879 -0.6116 0.0722
vn 0.8021 -0.5782 -0.1492
vn 0.8411 -0.5163 -0.1609
vn 0.7879 -0.6116 0.0722
vn 0.7376 -0.6701 0.0835
vn 0.7598 -0.6346 -0.1416
vn 0.8021 -0.5782 -0.1492
vn 0.7763 -0.5207 -0.3553
vn 0.8021 -0.5782 -0.1492
vn 0.7598 -0.6346 -0.1416
vn 0.7416 -0.5703 -0.3532
vn 0.7139 -0.6864 -0.1389
vn 0.7598 -0.6346 -0.1416
vn 0.7376 -0.6701 0.0835
vn 0.684 -0.7236 0.0929
vn 0.703 -0.6149 -0.3574
vn 0.7416 -0.5703 -0.3532
vn 0.7598 -0.6346 -0.1416
vn 0.7139 -0.6864 -0.1389
vn 0.6316 -0.419 -0.6523
vn 0.6578 -0.3912 -0.6436
vn 0.7763 -0.5207 -0.3553
vn 0.7416 -0.5703 -0.3532
vn 0.7416 -0.5703 -0.3532
vn 0.703 -0.6149 -0.3574
vn 0.6015 -0.4392 -0.6673
vn 0.6316 -0.419 -0.6523
vn 0.6015 -0.4392 -0.6673
vn 0.703 -0.6149 -0.3574
vn 0.6573 -0.6578 -0.3679
vn 0.5637 -0.4562 -0.6886
vn 0.703 -0.6149 -0.3574
vn 0.7139 -0.6864 -0.1389
vn 0.6619 -0.7363 -0.1404
vn 0.6573 -0.6578 -0.3679
vn 0.6573 -0.6578 -0.3679
vn 0.6619 -0.7363 -0.1404
vn 0.5987 -0.7878 -0.1446
vn 0.5987 -0.7034 -0.383
vn 0.5124 -0.4759 -0.7148
vn 0.5637 -0.4562 -0.6886
vn 0.6573 -0.6578 -0.3679
vn 0.5987 -0.7034 -0.383
vn 0.684 -0.7236 0.0929
vn 0.6254 -0.7738 0.1007
vn 0.6619 -0.7363 -0.1404
vn 0.7139 -0.6864 -0.1389
vn 0.6254 -0.7738 0.1007
vn 0.5577 -0.823 0.1077
vn 0.5987 -0.7878 -0.1446
vn 0.6619 -0.7363 -0.1404
vn 0.5577 -0.823 0.1077
vn 0.4755 -0.8723 0.1144
vn 0.5169 -0.8429 -0.1495
vn 0.5987 -0.7878 -0.1446
vn 0.5987 -0.7034 -0.383
vn 0.5987 -0.7878 -0.1446
vn 0.5169 -0.8429 -0.1495
vn 0.5197 -0.7547 -0.4005
vn 0.4088 -0.8999 -0.1521
vn 0.5169 -0.8429 -0.1495
vn 0.4755 -0.8723 0.1144
vn 0.3731 -0.9198 0.1218
vn 0.4116 -0.8111 -0.4156
vn 0.5197 -0.7547 -0.4005
vn 0.5169 -0.8429 -0.1495
vn 0.4088 -0.8999 -0.1521
vn 0.4414 -0.5019 -0.7438
vn 0.5124 -0.4759 -0.7148
vn 0.5987 -0.7034 -0.383
vn 0.5197 -0.7547 -0.4005
vn 0.5197 -0.7547 -0.4005
vn 0.4116 -0.8111 -0.4156
vn 0.3445 -0.5362 -0.7706
vn 0.4414 -0.5019 -0.7438
vn 0.4116 -0.8111 -0.4156
vn 0.2778 -0.864 -0.42
vn 0.2256 -0.5747 -0.7867
vn 0.3445 -0.5362 -0.7706
vn 0.4088 -0.8999 -0.1521
vn 0.2779 -0.9492 -0.1475
vn 0.2778 -0.864 -0.42
vn 0.4116 -0.8111 -0.4156
vn 0.2256 -0.5747 -0.7867
vn 0.2778 -0.864 -0.42
vn 0.1335 -0.9035 -0.4073
vn 0.0961 -0.6115 -0.7854
vn 0.2778 -0.864 -0.42
vn 0.2779 -0.9492 -0.1475
vn 0.14 -0.9813 -0.1324
vn 0.1335 -0.9035 -0.4073
vn 0.3731 -0.9198 0.1218
vn 0.2549 -0.9579 0.1319
vn 0.2779 -0.9492 -0.1475
vn 0.4088 -0.8999 -0.1521
vn 0.2549 -0.9579 0.1319
vn 0.135 -0.9801 0.1457
vn 0.14 -0.9813 -0.1324
vn 0.2779 -0.9492 -0.1475
vn 0.135 -0.9801 0.1457
vn 0.0253 -0.9864 0.1625
vn 0.009 -0.9941 -0.1081
vn 0.14 -0.9813 -0.1324
vn 0.1335 -0.9035 -0.4073
vn 0.14 -0.9813 -0.1324
vn 0.009 -0.9941 -0.1081
vn -0.0082 -0.9256 -0.3784
vn -0.1074 -0.991 -0.0798
vn 0.009 -0.9941 -0.1081
vn 0.0253 -0.9864 0.1625
vn -0.0689 -0.9812 0.1802
vn -0.0082 -0.9256 -0.3784
vn 0.009 -0.9941 -0.1081
vn -0.1074 -0.991 -0.0798
vn -0.1389 -0.9297 -0.3411
vn 0.0961 -0.6115 -0.7854
vn 0.1335 -0.9035 -0.4073
vn -0.0082 -0.9256 -0.3784
vn -0.0366 -0.6418 -0.766
vn -0.0366 -0.6418 -0.766
vn -0.0082 -0.9256 -0.3784
vn -0.1389 -0.9297 -0.3411
vn -0.1674 -0.6593 -0.7331
vn 0.037 -0.166 -0.9854
vn 0.0961 -0.6115 -0.7854
vn -0.0366 -0.6418 -0.766
vn -0.0535 -0.1863 -0.981
vn -0.0535 -0.1863 -0.981
vn -0.0366 -0.6418 -0.766
vn -0.1674 -0.6593 -0.7331
vn -0.1501 -0.2063 -0.9669
vn -0.0016 0.09 -0.9959
vn 0.037 -0.166 -0.9854
vn -0.0535 -0.1863 -0.981
vn -0.0574 0.0852 -0.9947
vn -0.0574 0.0852 -0.9947
vn -0.0535 -0.1863 -0.981
vn -0.1501 -0.2063 -0.9669
vn -0.12 0.0752 -0.9899
vn -0.0245 0.2078 -0.9779
vn -0.0016 0.09 -0.9959
vn -0.0574 0.0852 -0.9947
vn -0.0615 0.2126 -0.9752
vn -0.1035 0.2118 -0.9718
vn -0.0615 0.2126 -0.9752
vn -0.0574 0.0852 -0.9947
vn -0.12 0.0752 -0.9899
vn -0.0999 0.279 -0.9551
vn -0.0703 0.2742 -0.9591
vn -0.0615 0.2126 -0.9752
vn -0.1035 0.2118 -0.9718
vn -0.0703 0.2742 -0.9591
vn -0.0444 0.2647 -0.9633
vn -0.0245 0.2078 -0.9779
vn -0.0615 0.2126 -0.9752
vn -0.12 0.0752 -0.9899
vn -0.1899 0.0625 -0.9798
vn -0.1516 0.2057 -0.9668
vn -0.1035 0.2118 -0.9718
vn -0.1338 0.2792 -0.9509
vn -0.0999 0.279 -0.9551
vn -0.1035 0.2118 -0.9718
vn -0.1516 0.2057 -0.9668
vn -0.1731 0.2743 -0.9459
vn -0.1338 0.2792 -0.9509
vn -0.1516 0.2057 -0.9668
vn -0.2073 0.1937 -0.9589
vn -0.1516 0.2057 -0.9668
vn -0.1899 0.0625 -0.9798
vn -0.2681 0.0476 -0.9622
vn -0.2073 0.1937 -0.9589
vn -0.12 0.0752 -0.9899
vn -0.1501 -0.2063 -0.9669
vn -0.2521 -0.2201 -0.9423
vn -0.1899 0.0625 -0.9798
vn -0.2681 0.0476 -0.9622
vn -0.1899 0.0625 -0.9798
vn -0.2521 -0.2201 -0.9423
vn -0.3589 -0.225 -0.9058
vn -0.2521 -0.2201 -0.9423
vn -0.2963 -0.6594 -0.6909
vn -0.4249 -0.6402 -0.64
vn -0.3589 -0.225 -0.9058
vn -0.1501 -0.2063 -0.9669
vn -0.1674 -0.6593 -0.7331
vn -0.2963 -0.6594 -0.6909
vn -0.2521 -0.2201 -0.9423
vn -0.1389 -0.9297 -0.3411
vn -0.2622 -0.9169 -0.301
vn -0.2963 -0.6594 -0.6909
vn -0.1674 -0.6593 -0.7331
vn -0.4249 -0.6402 -0.64
vn -0.2963 -0.6594 -0.6909
vn -0.2622 -0.9169 -0.301
vn -0.3851 -0.8864 -0.2568
vn -0.2622 -0.9169 -0.301
vn -0.2152 -0.9753 -0.0501
vn -0.3239 -0.9459 -0.0158
vn -0.3851 -0.8864 -0.2568
vn -0.1074 -0.991 -0.0798
vn -0.2152 -0.9753 -0.0501
vn -0.2622 -0.9169 -0.301
vn -0.1389 -0.9297 -0.3411
vn -0.0689 -0.9812 0.1802
vn -0.1552 -0.9677 0.1985
vn -0.2152 -0.9753 -0.0501
vn -0.1074 -0.991 -0.0798
vn -0.1552 -0.9677 0.1985
vn -0.2446 -0.9442 0.2204
vn -0.3239 -0.9459 -0.0158
vn -0.2152 -0.9753 -0.0501
vn -0.2446 -0.9442 0.2204
vn -0.3384 -0.9077 0.2482
vn -0.4338 -0.9006 0.0268
vn -0.3239 -0.9459 -0.0158
vn -0.3851 -0.8864 -0.2568
vn -0.3239 -0.9459 -0.0158
vn -0.4338 -0.9006 0.0268
vn -0.5068 -0.8375 -0.2042
vn -0.5391 -0.8386 0.0784
vn -0.4338 -0.9006 0.0268
vn -0.3384 -0.9077 0.2482
vn -0.4325 -0.8563 0.2823
vn -0.6209 -0.771 -0.1414
vn -0.5068 -0.8375 -0.2042
vn -0.4338 -0.9006 0.0268
vn -0.5391 -0.8386 0.0784
vn -0.5514 -0.6023 -0.5772
vn -0.4249 -0.6402 -0.64
vn -0.3851 -0.8864 -0.2568
vn -0.5068 -0.8375 -0.2042
vn -0.5068 -0.8375 -0.2042
vn -0.6209 -0.771 -0.1414
vn -0.6694 -0.5482 -0.5013
vn -0.5514 -0.6023 -0.5772
vn -0.7153 -0.6948 -0.0744
vn -0.766 -0.4869 -0.4197
vn -0.6694 -0.5482 -0.5013
vn -0.6209 -0.771 -0.1414
vn -0.629 -0.7659 0.1332
vn -0.7153 -0.6948 -0.0744
vn -0.6209 -0.771 -0.1414
vn -0.5391 -0.8386 0.0784
vn -0.6986 -0.6922 0.1813
vn -0.7848 -0.6195 -0.0146
vn -0.7153 -0.6948 -0.0744
vn -0.629 -0.7659 0.1332
vn -0.7848 -0.6195 -0.0146
vn -0.8345 -0.4287 -0.3461
vn -0.766 -0.4869 -0.4197
vn -0.7153 -0.6948 -0.0744
vn -0.6986 -0.6922 0.1813
vn -0.629 -0.7659 0.1332
vn -0.5178 -0.7941 0.3182
vn -0.5897 -0.7286 0.3484
vn -0.4325 -0.8563 0.2823
vn -0.5178 -0.7941 0.3182
vn -0.629 -0.7659 0.1332
vn -0.5391 -0.8386 0.0784
vn -0.5897 -0.7286 0.3484
vn -0.5178 -0.7941 0.3182
vn -0.3764 -0.7875 0.4881
vn -0.4495 -0.7398 0.5006
vn -0.2993 -0.8297 0.4711
vn -0.3764 -0.7875 0.4881
vn -0.5178 -0.7941 0.3182
vn -0.4325 -0.8563 0.2823
vn -0.4325 -0.8563 0.2823
vn -0.3384 -0.9077 0.2482
vn -0.2222 -0.8626 0.4545
vn -0.2993 -0.8297 0.4711
vn -0.2993 -0.8297 0.4711
vn -0.0477 -0.6918 0.7205
vn -0.0803 -0.6828 0.7262
vn -0.3764 -0.7875 0.4881
vn -0.0204 -0.6971 0.7167
vn -0.0477 -0.6918 0.7205
vn -0.2993 -0.8297 0.4711
vn -0.2222 -0.8626 0.4545
vn -0.0803 -0.6828 0.7262
vn -0.0477 -0.6918 0.7205
vn 0.1966 -0.4811 0.8543
vn 0.215 -0.4933 0.8429
vn -0.0477 -0.6918 0.7205
vn -0.0204 -0.6971 0.7167
vn 0.1679 -0.4704 0.8664
vn 0.1966 -0.4811 0.8543
vn 0.2008 -0.5022 0.8411
vn 0.223 -0.5134 0.8286
vn 0.215 -0.4933 0.8429
vn 0.1966 -0.4811 0.8543
vn 0.1966 -0.4811 0.8543
vn 0.1679 -0.4704 0.8664
vn 0.1682 -0.4925 0.8539
vn 0.2008 -0.5022 0.8411
vn -0.121 -0.6707 0.7318
vn -0.0803 -0.6828 0.7262
vn 0.215 -0.4933 0.8429
vn 0.2157 -0.5043 0.8362
vn 0.215 -0.4933 0.8429
vn 0.223 -0.5134 0.8286
vn 0.2257 -0.5231 0.8218
vn 0.2157 -0.5043 0.8362
vn 0.223 -0.5134 0.8286
vn -0.0293 -0.7936 0.6077
vn -0.071 -0.7833 0.6175
vn 0.2257 -0.5231 0.8218
vn 0.2008 -0.5022 0.8411
vn -0.0097 -0.7971 0.6038
vn -0.0293 -0.7936 0.6077
vn 0.223 -0.5134 0.8286
vn -0.0293 -0.7936 0.6077
vn -0.347 -0.9055 0.2443
vn -0.4294 -0.8611 0.2721
vn -0.071 -0.7833 0.6175
vn -0.0097 -0.7971 0.6038
vn -0.2749 -0.9356 0.2215
vn -0.347 -0.9055 0.2443
vn -0.0293 -0.7936 0.6077
vn -0.2749 -0.9356 0.2215
vn -0.3531 -0.9062 0.2324
vn -0.4473 -0.8588 0.2497
vn -0.347 -0.9055 0.2443
vn -0.347 -0.9055 0.2443
vn -0.4473 -0.8588 0.2497
vn -0.5405 -0.7973 0.2687
vn -0.4294 -0.8611 0.2721
vn -0.4473 -0.8588 0.2497
vn -0.459 -0.791 0.4045
vn -0.5626 -0.7266 0.3944
vn -0.5405 -0.7973 0.2687
vn -0.3531 -0.9062 0.2324
vn -0.3494 -0.8422 0.4107
vn -0.459 -0.791 0.4045
vn -0.4473 -0.8588 0.2497
vn -0.3494 -0.8422 0.4107
vn -0.3247 -0.7724 0.5459
vn -0.4442 -0.7279 0.5223
vn -0.459 -0.791 0.4045
vn -0.5626 -0.7266 0.3944
vn -0.459 -0.791 0.4045
vn -0.4442 -0.7279 0.5223
vn -0.5558 -0.6711 0.4907
vn -0.4442 -0.7279 0.5223
vn -0.4535 -0.6986 0.5535
vn -0.5662 -0.6441 0.5144
vn -0.5558 -0.6711 0.4907
vn -0.3247 -0.7724 0.5459
vn -0.3295 -0.742 0.5838
vn -0.4535 -0.6986 0.5535
vn -0.4442 -0.7279 0.5223
vn -0.5558 -0.6711 0.4907
vn -0.5662 -0.6441 0.5144
vn -0.6573 -0.587 0.4726
vn -0.6475 -0.6105 0.4562
vn -0.7158 -0.5544 0.4245
vn -0.6475 -0.6105 0.4562
vn -0.6573 -0.587 0.4726
vn -0.7252 -0.5343 0.4343
vn -0.6473 -0.659 0.383
vn -0.5626 -0.7266 0.3944
vn -0.5558 -0.6711 0.4907
vn -0.6475 -0.6105 0.4562
vn -0.6475 -0.6105 0.4562
vn -0.7158 -0.5544 0.4245
vn -0.7087 -0.5978 0.3748
vn -0.6473 -0.659 0.383
vn -0.7252 -0.5343 0.4343
vn -0.7763 -0.4867 0.4006
vn -0.7662 -0.5047 0.3978
vn -0.7158 -0.5544 0.4245
vn -0.7158 -0.5544 0.4245
vn -0.7662 -0.5047 0.3978
vn -0.752 -0.5447 0.3711
vn -0.7087 -0.5978 0.3748
vn -0.7662 -0.5047 0.3978
vn -0.7763 -0.4867 0.4006
vn -0.8176 -0.4411 0.3702
vn -0.8067 -0.4575 0.3741
vn -0.7869 -0.4943 0.3694
vn -0.752 -0.5447 0.3711
vn -0.7662 -0.5047 0.3978
vn -0.8067 -0.4575 0.3741
vn -0.8067 -0.4575 0.3741
vn -0.8176 -0.4411 0.3702
vn -0.8533 -0.3945 0.3409
vn -0.8427 -0.4087 0.3506
vn -0.8764 -0.3553 0.3251
vn -0.8427 -0.4087 0.3506
vn -0.8533 -0.3945 0.3409
vn -0.8857 -0.3447 0.3111
vn -0.8202 -0.4404 0.3652
vn -0.7869 -0.4943 0.3694
vn -0.8067 -0.4575 0.3741
vn -0.8427 -0.4087 0.3506
vn -0.8427 -0.4087 0.3506
vn -0.8764 -0.3553 0.3251
vn -0.8549 -0.3784 0.3548
vn -0.8202 -0.4404 0.3652
vn -0.8857 -0.3447 0.3111
vn -0.9136 -0.2933 0.2815
vn -0.9062 -0.2998 0.2983
vn -0.8764 -0.3553 0.3251
vn -0.8764 -0.3553 0.3251
vn -0.9062 -0.2998 0.2983
vn -0.8873 -0.3129 0.3388
vn -0.8549 -0.3784 0.3548
vn -0.9062 -0.2998 0.2983
vn -0.9136 -0.2933 0.2815
vn -0.9357 -0.2442 0.2548
vn -0.9294 -0.2479 0.2736
vn -0.9123 -0.2533 0.3219
vn -0.8873 -0.3129 0.3388
vn -0.9062 -0.2998 0.2983
vn -0.9294 -0.2479 0.2736
vn -0.9294 -0.2479 0.2736
vn -0.9357 -0.2442 0.2548
vn -0.9516 -0.2 0.2335
vn -0.9457 -0.2031 0.2539
vn -0.9562 -0.1664 0.2409
vn -0.9457 -0.2031 0.2539
vn -0.9516 -0.2 0.2335
vn -0.9622 -0.1617 0.2193
vn -0.9291 -0.2051 0.3079
vn -0.9123 -0.2533 0.3219
vn -0.9294 -0.2479 0.2736
vn -0.9457 -0.2031 0.2539
vn -0.9457 -0.2031 0.2539
vn -0.9562 -0.1664 0.2409
vn -0.9393 -0.1694 0.2985
vn -0.9291 -0.2051 0.3079
vn -0.9393 -0.1694 0.2985
vn -0.9562 -0.1664 0.2409
vn -0.9633 -0.1325 0.2334
vn -0.9462 -0.1386 0.2926
vn -0.9562 -0.1664 0.2409
vn -0.9622 -0.1617 0.2193
vn -0.9694 -0.1254 0.2111
vn -0.9633 -0.1325 0.2334
vn -0.9633 -0.1325 0.2334
vn -0.9694 -0.1254 0.2111
vn -0.9752 -0.0827 0.2055
vn -0.9694 -0.0912 0.228
vn -0.9524 -0.1008 0.2877
vn -0.9462 -0.1386 0.2926
vn -0.9633 -0.1325 0.2334
vn -0.9694 -0.0912 0.228
vn -0.9694 -0.0912 0.228
vn -0.9752 -0.0827 0.2055
vn -0.9799 -0.0205 0.1982
vn -0.9748 -0.0283 0.2211
vn -0.9736 0.0978 0.2061
vn -0.9748 -0.0283 0.2211
vn -0.9799 -0.0205 0.1982
vn -0.9781 0.1016 0.1817
vn -0.9583 -0.0416 0.2828
vn -0.9524 -0.1008 0.2877
vn -0.9694 -0.0912 0.228
vn -0.9748 -0.0283 0.2211
vn -0.9748 -0.0283 0.2211
vn -0.9736 0.0978 0.2061
vn -0.9585 0.0792 0.2738
vn -0.9583 -0.0416 0.2828
vn -0.9781 0.1016 0.1817
vn -0.9108 0.3893 0.1376
vn -0.9066 0.3888 0.1639
vn -0.9736 0.0978 0.2061
vn -0.9736 0.0978 0.2061
vn -0.9066 0.3888 0.1639
vn -0.9018 0.3588 0.241
vn -0.9585 0.0792 0.2738
vn -0.9066 0.3888 0.1639
vn -0.9108 0.3893 0.1376
vn -0.6231 0.7803 0.0534
vn -0.6236 0.778 0.0767
vn -0.6399 0.7543 0.1467
vn -0.9018 0.3588 0.241
vn -0.9066 0.3888 0.1639
vn -0.6236 0.778 0.0767
vn -0.6236 0.778 0.0767
vn -0.6231 0.7803 0.0534
vn -0.249 0.9683 -0.0192
vn -0.256 0.9667 -0.0049
vn -0.0644 0.9972 -0.0388
vn -0.256 0.9667 -0.0049
vn -0.249 0.9683 -0.0192
vn -0.0604 0.9971 -0.0456
vn -0.2718 0.9617 0.0347
vn -0.6399 0.7543 0.1467
vn -0.6236 0.778 0.0767
vn -0.256 0.9667 -0.0049
vn -0.256 0.9667 -0.0049
vn -0.0644 0.9972 -0.0388
vn -0.0687 0.9974 -0.0217
vn -0.2718 0.9617 0.0347
vn -0.0604 0.9971 -0.0456
vn 0.0061 0.9986 -0.0521
vn 0.0052 0.9988 -0.0489
vn -0.0644 0.9972 -0.0388
vn -0.0644 0.9972 -0.0388
vn 0.0052 0.9988 -0.0489
vn 0.0066 0.9991 -0.0413
vn -0.0687 0.9974 -0.0217
vn 0.0052 0.9988 -0.0489
vn 0.0061 0.9986 -0.0521
vn 0.0329 0.998 -0.0544
vn 0.0337 0.998 -0.0529
vn 0.0373 0.9981 -0.0495
vn 0.0066 0.9991 -0.0413
vn 0.0052 0.9988 -0.0489
vn 0.0337 0.998 -0.0529
vn 0.0337 0.998 -0.0529
vn 0.0329 0.998 -0.0544
vn 0.0437 0.9975 -0.0557
vn 0.0451 0.9975 -0.055
vn 0.0468 0.9973 -0.056
vn 0.0451 0.9975 -0.055
vn 0.0437 0.9975 -0.0557
vn 0.0457 0.9974 -0.0563
vn 0.0489 0.9974 -0.0535
vn 0.0373 0.9981 -0.0495
vn 0.0337 0.998 -0.0529
vn 0.0451 0.9975 -0.055
vn 0.0451 0.9975 -0.055
vn 0.0468 0.9973 -0.056
vn 0.0497 0.9972 -0.0553
vn 0.0489 0.9974 -0.0535
vn 0.0497 0.9972 -0.0553
vn 0.0468 0.9973 -0.056
vn 0.0449 0.9974 -0.0564
vn 0.0466 0.9973 -0.0561
vn 0.0468 0.9973 -0.056
vn 0.0457 0.9974 -0.0563
vn 0.0443 0.9974 -0.0566
vn 0.0449 0.9974 -0.0564
vn 0.0449 0.9974 -0.0564
vn 0.0443 0.9974 -0.0566
vn 0.043 0.9975 -0.0568
vn 0.0434 0.9974 -0.0568
vn 0.0445 0.9974 -0.0566
vn 0.0466 0.9973 -0.0561
vn 0.0449 0.9974 -0.0564
vn 0.0434 0.9974 -0.0568
vn 0.0434 0.9974 -0.0568
vn 0.043 0.9975 -0.0568
vn 0.0424 0.9975 -0.0571
vn 0.043 0.9974 -0.0571
vn 0.0431 0.9974 -0.0577
vn 0.043 0.9974 -0.0571
vn 0.0424 0.9975 -0.0571
vn 0.0423 0.9974 -0.0576
vn 0.044 0.9974 -0.0571
vn 0.0445 0.9974 -0.0566
vn 0.0434 0.9974 -0.0568
vn 0.043 0.9974 -0.0571
vn 0.043 0.9974 -0.0571
vn 0.0431 0.9974 -0.0577
vn 0.0446 0.9973 -0.0576
vn 0.044 0.9974 -0.0571
vn 0.0423 0.9974 -0.0576
vn 0.0416 0.9974 -0.0584
vn 0.0426 0.9974 -0.0584
vn 0.0431 0.9974 -0.0577
vn 0.0431 0.9974 -0.0577
vn 0.0426 0.9974 -0.0584
vn 0.0446 0.9973 -0.0583
vn 0.0446 0.9973 -0.0576
vn 0.0426 0.9974 -0.0584
vn 0.0416 0.9974 -0.0584
vn 0.0391 0.9975 -0.0595
vn 0.04 0.9974 -0.0595
vn 0.0419 0.9974 -0.0592
vn 0.0446 0.9973 -0.0583
vn 0.0426 0.9974 -0.0584
vn 0.04 0.9974 -0.0595
vn 0.04 0.9974 -0.0595
vn 0.0391 0.9975 -0.0595
vn 0.0344 0.9976 -0.0608
vn 0.0348 0.9975 -0.0607
vn 0.0279 0.9977 -0.0619
vn 0.0348 0.9975 -0.0607
vn 0.0344 0.9976 -0.0608
vn 0.0281 0.9977 -0.062
vn 0.0362 0.9975 -0.0603
vn 0.0419 0.9974 -0.0592
vn 0.04 0.9974 -0.0595
vn 0.0348 0.9975 -0.0607
vn 0.0348 0.9975 -0.0607
vn 0.0279 0.9977 -0.0619
vn 0.028 0.9977 -0.0613
vn 0.0362 0.9975 -0.0603
vn 0.028 0.9977 -0.0613
vn 0.0279 0.9977 -0.0619
vn 0.0246 0.9978 -0.0624
vn 0.0235 0.9978 -0.0614
vn 0.0279 0.9977 -0.0619
vn 0.0281 0.9977 -0.062
vn 0.0245 0.9977 -0.0628
vn 0.0246 0.9978 -0.0624
vn 0.0246 0.9978 -0.0624
vn 0.0245 0.9977 -0.0628
vn 0.031 0.9976 -0.0623
vn 0.0326 0.9976 -0.0613
vn 0.0315 0.9977 -0.0592
vn 0.0235 0.9978 -0.0614
vn 0.0246 0.9978 -0.0624
vn 0.0326 0.9976 -0.0613
vn 0.0326 0.9976 -0.0613
vn 0.031 0.9976 -0.0623
vn 0.055 0.9967 -0.0602
vn 0.0605 0.9965 -0.0578
vn 0.1355 0.9896 -0.0479
vn 0.0605 0.9965 -0.0578
vn 0.055 0.9967 -0.0602
vn 0.1194 0.9914 -0.0542
vn 0.0617 0.9967 -0.0526
vn 0.0315 0.9977 -0.0592
vn 0.0326 0.9976 -0.0613
vn 0.0605 0.9965 -0.0578
vn 0.0605 0.9965 -0.0578
vn 0.1355 0.9896 -0.0479
vn 0.1432 0.9891 -0.0347
vn 0.0617 0.9967 -0.0526
vn 0.1194 0.9914 -0.0542
vn 0.3029 0.9525 -0.0322
vn 0.3429 0.9392 -0.0155
vn 0.1355 0.9896 -0.0479
vn 0.1355 0.9896 -0.0479
vn 0.3429 0.9392 -0.0155
vn 0.365 0.9308 0.018
vn 0.1432 0.9891 -0.0347
vn 0.3429 0.9392 -0.0155
vn 0.3029 0.9525 -0.0322
vn 0.6831 0.7297 0.0301
vn 0.7218 0.6894 0.0608
vn 0.7402 0.6609 0.1241
vn 0.365 0.9308 0.018
vn 0.3429 0.9392 -0.0155
vn 0.7218 0.6894 0.0608
vn 0.7218 0.6894 0.0608
vn 0.6831 0.7297 0.0301
vn 0.9589 0.2639 0.1046
vn 0.9605 0.2433 0.1353
vn 0.9849 -0.0469 0.1668
vn 0.9605 0.2433 0.1353
vn 0.9589 0.2639 0.1046
vn 0.9892 -0.0463 0.1391
vn 0.953 0.2194 0.2091
vn 0.7402 0.6609 0.1241
vn 0.7218 0.6894 0.0608
vn 0.9605 0.2433 0.1353
vn 0.9605 0.2433 0.1353
vn 0.9849 -0.0469 0.1668
vn 0.97 -0.0501 0.2378
vn 0.953 0.2194 0.2091
vn 0.9892 -0.0463 0.1391
vn 0.9744 -0.1654 0.1522
vn 0.9703 -0.1628 0.1787
vn 0.9849 -0.0469 0.1668
vn 0.9849 -0.0469 0.1668
vn 0.9703 -0.1628 0.1787
vn 0.9557 -0.1592 0.2477
vn 0.97 -0.0501 0.2378
vn 0.9703 -0.1628 0.1787
vn 0.9744 -0.1654 0.1522
vn 0.9605 -0.2269 0.161
vn 0.9567 -0.2235 0.1867
vn 0.9423 -0.2183 0.254
vn 0.9557 -0.1592 0.2477
vn 0.9703 -0.1628 0.1787
vn 0.9567 -0.2235 0.1867
vn 0.9567 -0.2235 0.1867
vn 0.9605 -0.2269 0.161
vn 0.9475 -0.2708 0.1702
vn 0.9438 -0.267 0.1946
vn 0.9301 -0.3054 0.2041
vn 0.9438 -0.267 0.1946
vn 0.9475 -0.2708 0.1702
vn 0.9333 -0.3095 0.1821
vn 0.9294 -0.2625 0.2593
vn 0.9423 -0.2183 0.254
vn 0.9567 -0.2235 0.1867
vn 0.9438 -0.267 0.1946
vn 0.9438 -0.267 0.1946
vn 0.9301 -0.3054 0.2041
vn 0.9156 -0.303 0.2642
vn 0.9294 -0.2625 0.2593
vn 0.9333 -0.3095 0.1821
vn 0.9151 -0.3503 0.1996
vn 0.9129 -0.3452 0.2176
vn 0.9301 -0.3054 0.2041
vn 0.9301 -0.3054 0.2041
vn 0.9129 -0.3452 0.2176
vn 0.8994 -0.3445 0.2689
vn 0.9156 -0.303 0.2642
vn 0.9129 -0.3452 0.2176
vn 0.9151 -0.3503 0.1996
vn 0.89 -0.3963 0.2254
vn 0.8902 -0.3888 0.2373
vn 0.8803 -0.3873 0.2741
vn 0.8994 -0.3445 0.2689
vn 0.9129 -0.3452 0.2176
vn 0.8902 -0.3888 0.2373
vn 0.8902 -0.3888 0.2373
vn 0.89 -0.3963 0.2254
vn 0.8564 -0.4454 0.2611
vn 0.8609 -0.4347 0.2645
vn 0.8245 -0.4804 0.299
vn 0.8609 -0.4347 0.2645
vn 0.8564 -0.4454 0.2611
vn 0.8138 -0.4939 0.3061
vn 0.8577 -0.4308 0.2806
vn 0.8803 -0.3873 0.2741
vn 0.8902 -0.3888 0.2373
vn 0.8609 -0.4347 0.2645
vn 0.8609 -0.4347 0.2645
vn 0.8245 -0.4804 0.299
vn 0.8313 -0.4747 0.2891
vn 0.8577 -0.4308 0.2806
vn 0.8313 -0.4747 0.2891
vn 0.8245 -0.4804 0.299
vn 0.7816 -0.5237 0.3389
vn 0.7994 -0.5202 0.3005
vn 0.8245 -0.4804 0.299
vn 0.8138 -0.4939 0.3061
vn 0.7638 -0.5377 0.357
vn 0.7816 -0.5237 0.3389
vn 0.7816 -0.5237 0.3389
vn 0.7638 -0.5377 0.357
vn 0.7086 -0.5749 0.4092
vn 0.7316 -0.5649 0.3817
vn 0.7587 -0.5699 0.3155
vn 0.7994 -0.5202 0.3005
vn 0.7816 -0.5237 0.3389
vn 0.7316 -0.5649 0.3817
vn 0.7316 -0.5649 0.3817
vn 0.7086 -0.5749 0.4092
vn 0.6483 -0.6078 0.4586
vn 0.6727 -0.6059 0.4246
vn 0.6034 -0.648 0.4648
vn 0.6727 -0.6059 0.4246
vn 0.6483 -0.6078 0.4586
vn 0.5834 -0.6386 0.5018
vn 0.7046 -0.6259 0.3344
vn 0.7587 -0.5699 0.3155
vn 0.7316 -0.5649 0.3817
vn 0.6727 -0.6059 0.4246
vn 0.6727 -0.6059 0.4246
vn 0.6034 -0.648 0.4648
vn 0.6327 -0.6878 0.3559
vn 0.7046 -0.6259 0.3344
vn 0.5834 -0.6386 0.5018
vn 0.5168 -0.6676 0.5359
vn 0.5278 -0.688 0.4982
vn 0.6034 -0.648 0.4648
vn 0.6034 -0.648 0.4648
vn 0.5278 -0.688 0.4982
vn 0.5479 -0.7477 0.3753
vn 0.6327 -0.6878 0.3559
vn 0.5278 -0.688 0.4982
vn 0.5168 -0.6676 0.5359
vn 0.4513 -0.6944 0.5605
vn 0.4527 -0.7227 0.5223
vn 0.4607 -0.7978 0.389
vn 0.5479 -0.7477 0.3753
vn 0.5278 -0.688 0.4982
vn 0.4527 -0.7227 0.5223
vn 0.4527 -0.7227 0.5223
vn 0.4513 -0.6944 0.5605
vn 0.385 -0.7193 0.5783
vn 0.3791 -0.7522 0.539
vn 0.3055 -0.7767 0.5508
vn 0.3791 -0.7522 0.539
vn 0.385 -0.7193 0.5783
vn 0.3148 -0.742 0.5919
vn 0.376 -0.8371 0.3974
vn 0.4607 -0.7978 0.389
vn 0.4527 -0.7227 0.5223
vn 0.3791 -0.7522 0.539
vn 0.3791 -0.7522 0.539
vn 0.3055 -0.7767 0.5508
vn 0.2954 -0.8665 0.4024
vn 0.376 -0.8371 0.3974
vn 0.2954 -0.8665 0.4024
vn 0.3055 -0.7767 0.5508
vn 0.2315 -0.7959 0.5594
vn 0.217 -0.8878 0.4059
vn 0.3055 -0.7767 0.5508
vn 0.3148 -0.742 0.5919
vn 0.2411 -0.7609 0.6024
vn 0.2315 -0.7959 0.5594
vn 0.2315 -0.7959 0.5594
vn 0.2411 -0.7609 0.6024
vn 0.1678 -0.7747 0.6096
vn 0.1583 -0.8095 0.5653
vn 0.1393 -0.902 0.4087
vn 0.217 -0.8878 0.4059
vn 0.2315 -0.7959 0.5594
vn 0.1583 -0.8095 0.5653
vn 0.1583 -0.8095 0.5653
vn 0.1678 -0.7747 0.6096
vn 0.0983 -0.7833 0.6138
vn 0.0887 -0.8177 0.5688
vn 0.0237 -0.8212 0.5701
vn 0.0887 -0.8177 0.5688
vn 0.0983 -0.7833 0.6138
vn 0.0334 -0.7875 0.6153
vn 0.0643 -0.9094 0.4109
vn 0.1393 -0.902 0.4087
vn 0.1583 -0.8095 0.5653
vn 0.0887 -0.8177 0.5688
vn 0.0887 -0.8177 0.5688
vn 0.0237 -0.8212 0.5701
vn -0.0064 -0.911 0.4124
vn 0.0643 -0.9094 0.4109
vn -0.0064 -0.911 0.4124
vn 0.0237 -0.8212 0.5701
vn -0.0432 -0.8207 0.5697
vn -0.0777 -0.9073 0.4134
vn 0.0237 -0.8212 0.5701
vn 0.0334 -0.7875 0.6153
vn -0.0343 -0.7879 0.6148
vn -0.0432 -0.8207 0.5697
vn -0.0432 -0.8207 0.5697
vn -0.0343 -0.7879 0.6148
vn -0.1144 -0.7831 0.6113
vn -0.1209 -0.8149 0.5669
vn -0.1569 -0.8967 0.4138
vn -0.0777 -0.9073 0.4134
vn -0.0432 -0.8207 0.5697
vn -0.1209 -0.8149 0.5669
vn -0.1209 -0.8149 0.5669
vn -0.1144 -0.7831 0.6113
vn -0.2123 -0.7695 0.6023
vn -0.2142 -0.8004 0.56
vn -0.3247 -0.7724 0.5459
vn -0.2142 -0.8004 0.56
vn -0.2123 -0.7695 0.6023
vn -0.3295 -0.742 0.5838
vn -0.2471 -0.8764 0.4133
vn -0.1569 -0.8967 0.4138
vn -0.1209 -0.8149 0.5669
vn -0.2142 -0.8004 0.56
vn -0.2142 -0.8004 0.56
vn -0.3247 -0.7724 0.5459
vn -0.3494 -0.8422 0.4107
vn -0.2471 -0.8764 0.4133
vn -0.1839 -0.9605 0.2087
vn -0.1569 -0.8967 0.4138
vn -0.2471 -0.8764 0.4133
vn -0.2659 -0.9389 0.2186
vn -0.2659 -0.9389 0.2186
vn -0.2471 -0.8764 0.4133
vn -0.3494 -0.8422 0.4107
vn -0.3531 -0.9062 0.2324
vn -0.151 -0.9696 0.1925
vn -0.1839 -0.9605 0.2087
vn -0.2659 -0.9389 0.2186
vn -0.2127 -0.9555 0.2044
vn -0.2127 -0.9555 0.2044
vn -0.2659 -0.9389 0.2186
vn -0.3531 -0.9062 0.2324
vn -0.2749 -0.9356 0.2215
vn 0.0075 -0.7979 0.6028
vn -0.151 -0.9696 0.1925
vn -0.2127 -0.9555 0.2044
vn -0.0014 -0.7977 0.603
vn -0.0014 -0.7977 0.603
vn -0.2127 -0.9555 0.2044
vn -0.2749 -0.9356 0.2215
vn -0.0097 -0.7971 0.6038
vn 0.1348 -0.4855 0.8638
vn 0.0075 -0.7979 0.6028
vn -0.0014 -0.7977 0.603
vn 0.1682 -0.4925 0.8539
vn 0.1682 -0.4925 0.8539
vn -0.0014 -0.7977 0.603
vn -0.0097 -0.7971 0.6038
vn 0.2008 -0.5022 0.8411
vn 0.1364 -0.4625 0.8761
vn 0.1348 -0.4855 0.8638
vn 0.1682 -0.4925 0.8539
vn 0.1679 -0.4704 0.8664
vn 0.1044 -0.4572 0.8832
vn 0.1028 -0.4807 0.8709
vn 0.1348 -0.4855 0.8638
vn 0.1364 -0.4625 0.8761
vn 0.1028 -0.4807 0.8709
vn 0.0194 -0.7977 0.6027
vn 0.0075 -0.7979 0.6028
vn 0.1348 -0.4855 0.8638
vn 0.0724 -0.4776 0.8756
vn 0.1028 -0.4807 0.8709
vn 0.1044 -0.4572 0.8832
vn 0.0729 -0.4541 0.888
vn 0.0724 -0.4776 0.8756
vn 0.0345 -0.7971 0.6029
vn 0.0194 -0.7977 0.6027
vn 0.1028 -0.4807 0.8709
vn 0.0194 -0.7977 0.6027
vn -0.0873 -0.9789 0.1845
vn -0.151 -0.9696 0.1925
vn 0.0075 -0.7979 0.6028
vn 0.0345 -0.7971 0.6029
vn -0.0213 -0.9836 0.1792
vn -0.0873 -0.9789 0.1845
vn 0.0194 -0.7977 0.6027
vn -0.0213 -0.9836 0.1792
vn -0.03 -0.9798 0.1975
vn -0.1057 -0.9737 0.202
vn -0.0873 -0.9789 0.1845
vn -0.0873 -0.9789 0.1845
vn -0.1057 -0.9737 0.202
vn -0.1839 -0.9605 0.2087
vn -0.151 -0.9696 0.1925
vn -0.1057 -0.9737 0.202
vn -0.0777 -0.9073 0.4134
vn -0.1569 -0.8967 0.4138
vn -0.1839 -0.9605 0.2087
vn -0.03 -0.9798 0.1975
vn -0.0064 -0.911 0.4124
vn -0.0777 -0.9073 0.4134
vn -0.1057 -0.9737 0.202
vn 0.0474 -0.9833 0.1757
vn 0.0468 -0.9798 0.1944
vn -0.03 -0.9798 0.1975
vn -0.0213 -0.9836 0.1792
vn 0.0468 -0.9798 0.1944
vn 0.0643 -0.9094 0.4109
vn -0.0064 -0.911 0.4124
vn -0.03 -0.9798 0.1975
vn 0.1266 -0.973 0.1929
vn 0.1393 -0.902 0.4087
vn 0.0643 -0.9094 0.4109
vn 0.0468 -0.9798 0.1944
vn 0.1179 -0.9776 0.1741
vn 0.1266 -0.973 0.1929
vn 0.0468 -0.9798 0.1944
vn 0.0474 -0.9833 0.1757
vn 0.0743 -0.7946 0.6026
vn 0.1179 -0.9776 0.1741
vn 0.0474 -0.9833 0.1757
vn 0.0528 -0.796 0.603
vn 0.0528 -0.796 0.603
vn 0.0474 -0.9833 0.1757
vn -0.0213 -0.9836 0.1792
vn 0.0345 -0.7971 0.6029
vn 0.0241 -0.4768 0.8787
vn 0.0743 -0.7946 0.6026
vn 0.0528 -0.796 0.603
vn 0.0454 -0.4761 0.8782
vn 0.0454 -0.4761 0.8782
vn 0.0528 -0.796 0.603
vn 0.0345 -0.7971 0.6029
vn 0.0724 -0.4776 0.8756
vn 0.0729 -0.4541 0.888
vn 0.0455 -0.4532 0.8903
vn 0.0454 -0.4761 0.8782
vn 0.0724 -0.4776 0.8756
vn 0.0263 -0.4547 0.8902
vn 0.0241 -0.4768 0.8787
vn 0.0454 -0.4761 0.8782
vn 0.0455 -0.4532 0.8903
vn 0.0171 -0.4591 0.8882
vn 0.0099 -0.4804 0.877
vn 0.0241 -0.4768 0.8787
vn 0.0263 -0.4547 0.8902
vn 0.0099 -0.4804 0.877
vn 0.099 -0.7926 0.6017
vn 0.0743 -0.7946 0.6026
vn 0.0241 -0.4768 0.8787
vn 0.0195 -0.4664 0.8844
vn 0.0054 -0.4873 0.8732
vn 0.0099 -0.4804 0.877
vn 0.0171 -0.4591 0.8882
vn 0.0054 -0.4873 0.8732
vn 0.1285 -0.7899 0.5996
vn 0.099 -0.7926 0.6017
vn 0.0099 -0.4804 0.877
vn 0.099 -0.7926 0.6017
vn 0.1881 -0.9665 0.1748
vn 0.1179 -0.9776 0.1741
vn 0.0743 -0.7946 0.6026
vn 0.1285 -0.7899 0.5996
vn 0.2571 -0.9498 0.1783
vn 0.1881 -0.9665 0.1748
vn 0.099 -0.7926 0.6017
vn 0.2571 -0.9498 0.1783
vn 0.287 -0.9377 0.1959
vn 0.2073 -0.959 0.1932
vn 0.1881 -0.9665 0.1748
vn 0.1881 -0.9665 0.1748
vn 0.2073 -0.959 0.1932
vn 0.1266 -0.973 0.1929
vn 0.1179 -0.9776 0.1741
vn 0.2073 -0.959 0.1932
vn 0.217 -0.8878 0.4059
vn 0.1393 -0.902 0.4087
vn 0.1266 -0.973 0.1929
vn 0.287 -0.9377 0.1959
vn 0.2954 -0.8665 0.4024
vn 0.217 -0.8878 0.4059
vn 0.2073 -0.959 0.1932
vn 0.3278 -0.9265 0.185
vn 0.3682 -0.9077 0.2011
vn 0.287 -0.9377 0.1959
vn 0.2571 -0.9498 0.1783
vn 0.3682 -0.9077 0.2011
vn 0.376 -0.8371 0.3974
vn 0.2954 -0.8665 0.4024
vn 0.287 -0.9377 0.1959
vn 0.453 -0.8669 0.2081
vn 0.4607 -0.7978 0.389
vn 0.376 -0.8371 0.3974
vn 0.3682 -0.9077 0.2011
vn 0.4023 -0.8941 0.1966
vn 0.453 -0.8669 0.2081
vn 0.3682 -0.9077 0.2011
vn 0.3278 -0.9265 0.185
vn 0.2256 -0.7715 0.5949
vn 0.4023 -0.8941 0.1966
vn 0.3278 -0.9265 0.185
vn 0.1696 -0.7846 0.5963
vn 0.1696 -0.7846 0.5963
vn 0.3278 -0.9265 0.185
vn 0.2571 -0.9498 0.1783
vn 0.1285 -0.7899 0.5996
vn 0.05 -0.5016 0.8636
vn 0.2256 -0.7715 0.5949
vn 0.1696 -0.7846 0.5963
vn 0.0174 -0.496 0.8682
vn 0.0174 -0.496 0.8682
vn 0.1696 -0.7846 0.5963
vn 0.1285 -0.7899 0.5996
vn 0.0054 -0.4873 0.8732
vn 0.0195 -0.4664 0.8844
vn 0.0366 -0.475 0.8792
vn 0.0174 -0.496 0.8682
vn 0.0054 -0.4873 0.8732
vn 0.07 -0.4813 0.8738
vn 0.05 -0.5016 0.8636
vn 0.0174 -0.496 0.8682
vn 0.0366 -0.475 0.8792
vn 0.1169 -0.4805 0.8691
vn 0.0998 -0.4984 0.8612
vn 0.05 -0.5016 0.8636
vn 0.07 -0.4813 0.8738
vn 0.0998 -0.4984 0.8612
vn 0.2919 -0.7465 0.5979
vn 0.2256 -0.7715 0.5949
vn 0.05 -0.5016 0.8636
vn 0.1594 -0.4815 0.8618
vn 0.0998 -0.4984 0.8612
vn 0.1169 -0.4805 0.8691
vn 0.1722 -0.4686 0.8665
vn 0.1594 -0.4815 0.8618
vn 0.3613 -0.7073 0.6076
vn 0.2919 -0.7465 0.5979
vn 0.0998 -0.4984 0.8612
vn 0.2919 -0.7465 0.5979
vn 0.4781 -0.8517 0.2148
vn 0.4023 -0.8941 0.1966
vn 0.2256 -0.7715 0.5949
vn 0.3613 -0.7073 0.6076
vn 0.5509 -0.7991 0.2408
vn 0.4781 -0.8517 0.2148
vn 0.2919 -0.7465 0.5979
vn 0.6204 -0.7506 0.2273
vn 0.5389 -0.814 0.2167
vn 0.4781 -0.8517 0.2148
vn 0.5509 -0.7991 0.2408
vn 0.4781 -0.8517 0.2148
vn 0.5389 -0.814 0.2167
vn 0.453 -0.8669 0.2081
vn 0.4023 -0.8941 0.1966
vn 0.5389 -0.814 0.2167
vn 0.5479 -0.7477 0.3753
vn 0.4607 -0.7978 0.389
vn 0.453 -0.8669 0.2081
vn 0.6327 -0.6878 0.3559
vn 0.5479 -0.7477 0.3753
vn 0.5389 -0.814 0.2167
vn 0.6204 -0.7506 0.2273
vn 0.6881 -0.6842 0.2416
vn 0.7046 -0.6259 0.3344
vn 0.6327 -0.6878 0.3559
vn 0.6204 -0.7506 0.2273
vn 0.6144 -0.7398 0.2741
vn 0.6881 -0.6842 0.2416
vn 0.6204 -0.7506 0.2273
vn 0.5509 -0.7991 0.2408
vn 0.7381 -0.6226 0.2599
vn 0.7587 -0.5699 0.3155
vn 0.7046 -0.6259 0.3344
vn 0.6881 -0.6842 0.2416
vn 0.6658 -0.6786 0.3102
vn 0.7381 -0.6226 0.2599
vn 0.6881 -0.6842 0.2416
vn 0.6144 -0.7398 0.2741
vn 0.478 -0.5962 0.645
vn 0.6658 -0.6786 0.3102
vn 0.6144 -0.7398 0.2741
vn 0.4247 -0.6552 0.6247
vn 0.4247 -0.6552 0.6247
vn 0.6144 -0.7398 0.2741
vn 0.5509 -0.7991 0.2408
vn 0.3613 -0.7073 0.6076
vn 0.2673 -0.4093 0.8724
vn 0.478 -0.5962 0.645
vn 0.4247 -0.6552 0.6247
vn 0.2179 -0.4506 0.8658
vn 0.2179 -0.4506 0.8658
vn 0.4247 -0.6552 0.6247
vn 0.3613 -0.7073 0.6076
vn 0.1594 -0.4815 0.8618
vn 0.1722 -0.4686 0.8665
vn 0.2281 -0.4445 0.8662
vn 0.2179 -0.4506 0.8658
vn 0.1594 -0.4815 0.8618
vn 0.2782 -0.4101 0.8686
vn 0.2673 -0.4093 0.8724
vn 0.2179 -0.4506 0.8658
vn 0.2281 -0.4445 0.8662
vn 0.3211 -0.3666 0.8732
vn 0.3066 -0.3606 0.8809
vn 0.2673 -0.4093 0.8724
vn 0.2782 -0.4101 0.8686
vn 0.3066 -0.3606 0.8809
vn 0.5227 -0.534 0.6645
vn 0.478 -0.5962 0.645
vn 0.2673 -0.4093 0.8724
vn 0.3566 -0.3161 0.8792
vn 0.3364 -0.3077 0.89
vn 0.3066 -0.3606 0.8809
vn 0.3211 -0.3666 0.8732
vn 0.3364 -0.3077 0.89
vn 0.5609 -0.4716 0.6805
vn 0.5227 -0.534 0.6645
vn 0.3066 -0.3606 0.8809
vn 0.5227 -0.534 0.6645
vn 0.7077 -0.6173 0.3437
vn 0.6658 -0.6786 0.3102
vn 0.478 -0.5962 0.645
vn 0.5609 -0.4716 0.6805
vn 0.7432 -0.5572 0.3704
vn 0.7077 -0.6173 0.3437
vn 0.5227 -0.534 0.6645
vn 0.7432 -0.5572 0.3704
vn 0.8037 -0.5151 0.2979
vn 0.775 -0.5667 0.2796
vn 0.7077 -0.6173 0.3437
vn 0.7077 -0.6173 0.3437
vn 0.775 -0.5667 0.2796
vn 0.7381 -0.6226 0.2599
vn 0.6658 -0.6786 0.3102
vn 0.775 -0.5667 0.2796
vn 0.7994 -0.5202 0.3005
vn 0.7587 -0.5699 0.3155
vn 0.7381 -0.6226 0.2599
vn 0.8037 -0.5151 0.2979
vn 0.8313 -0.4747 0.2891
vn 0.7994 -0.5202 0.3005
vn 0.775 -0.5667 0.2796
vn 0.7752 -0.498 0.3887
vn 0.8283 -0.4651 0.3125
vn 0.8037 -0.5151 0.2979
vn 0.7432 -0.5572 0.3704
vn 0.8283 -0.4651 0.3125
vn 0.8577 -0.4308 0.2806
vn 0.8313 -0.4747 0.2891
vn 0.8037 -0.5151 0.2979
vn 0.8509 -0.4148 0.3224
vn 0.8803 -0.3873 0.2741
vn 0.8577 -0.4308 0.2806
vn 0.8283 -0.4651 0.3125
vn 0.8051 -0.4387 0.3991
vn 0.8509 -0.4148 0.3224
vn 0.8283 -0.4651 0.3125
vn 0.7752 -0.498 0.3887
vn 0.6245 -0.3534 0.6966
vn 0.8051 -0.4387 0.3991
vn 0.7752 -0.498 0.3887
vn 0.5944 -0.4111 0.6911
vn 0.5944 -0.4111 0.6911
vn 0.7752 -0.498 0.3887
vn 0.7432 -0.5572 0.3704
vn 0.5609 -0.4716 0.6805
vn 0.3745 -0.2058 0.9041
vn 0.6245 -0.3534 0.6966
vn 0.5944 -0.4111 0.6911
vn 0.3583 -0.255 0.8981
vn 0.3583 -0.255 0.8981
vn 0.5944 -0.4111 0.6911
vn 0.5609 -0.4716 0.6805
vn 0.3364 -0.3077 0.89
vn 0.3566 -0.3161 0.8792
vn 0.3852 -0.263 0.8846
vn 0.3583 -0.255 0.8981
vn 0.3364 -0.3077 0.89
vn 0.4087 -0.2124 0.8876
vn 0.3745 -0.2058 0.9041
vn 0.3583 -0.255 0.8981
vn 0.3852 -0.263 0.8846
vn 0.4303 -0.1662 0.8873
vn 0.3879 -0.1612 0.9075
vn 0.3745 -0.2058 0.9041
vn 0.4087 -0.2124 0.8876
vn 0.3879 -0.1612 0.9075
vn 0.652 -0.2975 0.6974
vn 0.6245 -0.3534 0.6966
vn 0.3745 -0.2058 0.9041
vn 0.4525 -0.1254 0.8829
vn 0.4012 -0.1215 0.9079
vn 0.3879 -0.1612 0.9075
vn 0.4303 -0.1662 0.8873
vn 0.4012 -0.1215 0.9079
vn 0.6773 -0.2436 0.6942
vn 0.652 -0.2975 0.6974
vn 0.3879 -0.1612 0.9075
vn 0.652 -0.2975 0.6974
vn 0.8333 -0.3788 0.4026
vn 0.8051 -0.4387 0.3991
vn 0.6245 -0.3534 0.6966
vn 0.6773 -0.2436 0.6942
vn 0.859 -0.3188 0.4006
vn 0.8333 -0.3788 0.4026
vn 0.652 -0.2975 0.6974
vn 0.8914 -0.313 0.3279
vn 0.872 -0.3638 0.3274
vn 0.8333 -0.3788 0.4026
vn 0.859 -0.3188 0.4006
vn 0.8333 -0.3788 0.4026
vn 0.872 -0.3638 0.3274
vn 0.8509 -0.4148 0.3224
vn 0.8051 -0.4387 0.3991
vn 0.872 -0.3638 0.3274
vn 0.8994 -0.3445 0.2689
vn 0.8803 -0.3873 0.2741
vn 0.8509 -0.4148 0.3224
vn 0.9156 -0.303 0.2642
vn 0.8994 -0.3445 0.2689
vn 0.872 -0.3638 0.3274
vn 0.8914 -0.313 0.3279
vn 0.908 -0.2644 0.3252
vn 0.9294 -0.2625 0.2593
vn 0.9156 -0.303 0.2642
vn 0.8914 -0.313 0.3279
vn 0.8802 -0.2627 0.3952
vn 0.908 -0.2644 0.3252
vn 0.8914 -0.313 0.3279
vn 0.859 -0.3188 0.4006
vn 0.9223 -0.2157 0.3207
vn 0.9423 -0.2183 0.254
vn 0.9294 -0.2625 0.2593
vn 0.908 -0.2644 0.3252
vn 0.8971 -0.21 0.3887
vn 0.9223 -0.2157 0.3207
vn 0.908 -0.2644 0.3252
vn 0.8802 -0.2627 0.3952
vn 0.7183 -0.1495 0.6795
vn 0.8971 -0.21 0.3887
vn 0.8802 -0.2627 0.3952
vn 0.6997 -0.1946 0.6874
vn 0.6997 -0.1946 0.6874
vn 0.8802 -0.2627 0.3952
vn 0.859 -0.3188 0.4006
vn 0.6773 -0.2436 0.6942
vn 0.4327 -0.058 0.8996
vn 0.7183 -0.1495 0.6795
vn 0.6997 -0.1946 0.6874
vn 0.4162 -0.0879 0.905
vn 0.4162 -0.0879 0.905
vn 0.6997 -0.1946 0.6874
vn 0.6773 -0.2436 0.6942
vn 0.4012 -0.1215 0.9079
vn 0.4525 -0.1254 0.8829
vn 0.4767 -0.091 0.8744
vn 0.4162 -0.0879 0.905
vn 0.4012 -0.1215 0.9079
vn 0.5017 -0.06 0.863
vn 0.4327 -0.058 0.8996
vn 0.4162 -0.0879 0.905
vn 0.4767 -0.091 0.8744
vn 0.5237 -0.0236 0.8516
vn 0.4481 -0.0232 0.8937
vn 0.4327 -0.058 0.8996
vn 0.5017 -0.06 0.863
vn 0.4481 -0.0232 0.8937
vn 0.7339 -0.0978 0.6722
vn 0.7183 -0.1495 0.6795
vn 0.4327 -0.058 0.8996
vn 0.4548 0.0371 0.8898
vn 0.4481 -0.0232 0.8937
vn 0.5237 -0.0236 0.8516
vn 0.5356 0.0393 0.8435
vn 0.4548 0.0371 0.8898
vn 0.7438 -0.0098 0.6683
vn 0.7339 -0.0978 0.6722
vn 0.4481 -0.0232 0.8937
vn 0.7339 -0.0978 0.6722
vn 0.9121 -0.1492 0.3818
vn 0.8971 -0.21 0.3887
vn 0.7183 -0.1495 0.6795
vn 0.7438 -0.0098 0.6683
vn 0.9266 -0.0458 0.3732
vn 0.9121 -0.1492 0.3818
vn 0.7339 -0.0978 0.6722
vn 0.9506 -0.0502 0.3063
vn 0.9362 -0.1559 0.3151
vn 0.9121 -0.1492 0.3818
vn 0.9266 -0.0458 0.3732
vn 0.9121 -0.1492 0.3818
vn 0.9362 -0.1559 0.3151
vn 0.9223 -0.2157 0.3207
vn 0.8971 -0.21 0.3887
vn 0.9362 -0.1559 0.3151
vn 0.9557 -0.1592 0.2477
vn 0.9423 -0.2183 0.254
vn 0.9223 -0.2157 0.3207
vn 0.97 -0.0501 0.2378
vn 0.9557 -0.1592 0.2477
vn 0.9362 -0.1559 0.3151
vn 0.9506 -0.0502 0.3063
vn 0.9373 0.2097 0.2783
vn 0.953 0.2194 0.2091
vn 0.97 -0.0501 0.2378
vn 0.9506 -0.0502 0.3063
vn 0.9141 0.2097 0.3471
vn 0.9373 0.2097 0.2783
vn 0.9506 -0.0502 0.3063
vn 0.9266 -0.0458 0.3732
vn 0.7367 0.6513 0.1819
vn 0.7402 0.6609 0.1241
vn 0.953 0.2194 0.2091
vn 0.9373 0.2097 0.2783
vn 0.7166 0.6543 0.2418
vn 0.7367 0.6513 0.1819
vn 0.9373 0.2097 0.2783
vn 0.9141 0.2097 0.3471
vn 0.5547 0.6062 0.57
vn 0.7166 0.6543 0.2418
vn 0.9141 0.2097 0.3471
vn 0.7197 0.207 0.6627
vn 0.7197 0.207 0.6627
vn 0.9141 0.2097 0.3471
vn 0.9266 -0.0458 0.3732
vn 0.7438 -0.0098 0.6683
vn 0.333 0.4488 0.8293
vn 0.5547 0.6062 0.57
vn 0.7197 0.207 0.6627
vn 0.4306 0.1804 0.8843
vn 0.4306 0.1804 0.8843
vn 0.7197 0.207 0.6627
vn 0.7438 -0.0098 0.6683
vn 0.4548 0.0371 0.8898
vn 0.5356 0.0393 0.8435
vn 0.5166 0.1914 0.8345
vn 0.4306 0.1804 0.8843
vn 0.4548 0.0371 0.8898
vn 0.4019 0.474 0.7834
vn 0.333 0.4488 0.8293
vn 0.4306 0.1804 0.8843
vn 0.5166 0.1914 0.8345
vn 0.199 0.7208 0.664
vn 0.1692 0.7194 0.6736
vn 0.333 0.4488 0.8293
vn 0.4019 0.474 0.7834
vn 0.1692 0.7194 0.6736
vn 0.2608 0.9004 0.3482
vn 0.5547 0.6062 0.57
vn 0.333 0.4488 0.8293
vn 0.0559 0.8231 0.5651
vn 0.0384 0.8379 0.5445
vn 0.1692 0.7194 0.6736
vn 0.199 0.7208 0.664
vn 0.0384 0.8379 0.5445
vn 0.0784 0.9711 0.2252
vn 0.2608 0.9004 0.3482
vn 0.1692 0.7194 0.6736
vn 0.2608 0.9004 0.3482
vn 0.3435 0.9355 0.0825
vn 0.7166 0.6543 0.2418
vn 0.5547 0.6062 0.57
vn 0.0784 0.9711 0.2252
vn 0.1222 0.9925 -0.0026
vn 0.3435 0.9355 0.0825
vn 0.2608 0.9004 0.3482
vn 0.1367 0.9903 -0.0242
vn 0.3626 0.9308 0.0475
vn 0.3435 0.9355 0.0825
vn 0.1222 0.9925 -0.0026
vn 0.3435 0.9355 0.0825
vn 0.3626 0.9308 0.0475
vn 0.7367 0.6513 0.1819
vn 0.7166 0.6543 0.2418
vn 0.3626 0.9308 0.0475
vn 0.365 0.9308 0.018
vn 0.7402 0.6609 0.1241
vn 0.7367 0.6513 0.1819
vn 0.1432 0.9891 -0.0347
vn 0.365 0.9308 0.018
vn 0.3626 0.9308 0.0475
vn 0.1367 0.9903 -0.0242
vn 0.0563 0.9972 -0.0486
vn 0.0617 0.9967 -0.0526
vn 0.1432 0.9891 -0.0347
vn 0.1367 0.9903 -0.0242
vn 0.0474 0.9984 -0.0299
vn 0.0563 0.9972 -0.0486
vn 0.1367 0.9903 -0.0242
vn 0.1222 0.9925 -0.0026
vn 0.0276 0.998 -0.0577
vn 0.0315 0.9977 -0.0592
vn 0.0617 0.9967 -0.0526
vn 0.0563 0.9972 -0.0486
vn 0.0223 0.999 -0.039
vn 0.0276 0.998 -0.0577
vn 0.0563 0.9972 -0.0486
vn 0.0474 0.9984 -0.0299
vn 0.0032 0.9784 0.2065
vn 0.0223 0.999 -0.039
vn 0.0474 0.9984 -0.0299
vn 0.018 0.9797 0.1997
vn 0.018 0.9797 0.1997
vn 0.0474 0.9984 -0.0299
vn 0.1222 0.9925 -0.0026
vn 0.0784 0.9711 0.2252
vn -0.0193 0.8388 0.5442
vn 0.0032 0.9784 0.2065
vn 0.018 0.9797 0.1997
vn -0.0121 0.8541 0.52
vn -0.0121 0.8541 0.52
vn 0.018 0.9797 0.1997
vn 0.0784 0.9711 0.2252
vn 0.0384 0.8379 0.5445
vn 0.0559 0.8231 0.5651
vn -0.0005 0.8386 0.5448
vn -0.0121 0.8541 0.52
vn 0.0384 0.8379 0.5445
vn -0.0118 0.8229 0.5681
vn -0.0193 0.8388 0.5442
vn -0.0121 0.8541 0.52
vn -0.0005 0.8386 0.5448
vn 0.0039 0.7956 0.6058
vn -0 0.812 0.5837
vn -0.0193 0.8388 0.5442
vn -0.0118 0.8229 0.5681
vn -0 0.812 0.5837
vn 0.0116 0.9744 0.2245
vn 0.0032 0.9784 0.2065
vn -0.0193 0.8388 0.5442
vn 0.0398 0.7818 0.6223
vn -0 0.812 0.5837
vn 0.0039 0.7956 0.6058
vn 0.0408 0.7656 0.6421
vn 0.0398 0.7818 0.6223
vn 0.0361 0.9689 0.2446
vn 0.0116 0.9744 0.2245
vn -0 0.812 0.5837
vn 0.0116 0.9744 0.2245
vn 0.0183 0.999 -0.0413
vn 0.0223 0.999 -0.039
vn 0.0032 0.9784 0.2065
vn 0.0361 0.9689 0.2446
vn 0.0269 0.9988 -0.0405
vn 0.0183 0.999 -0.0413
vn 0.0116 0.9744 0.2245
vn 0.0269 0.9988 -0.0405
vn 0.0271 0.9978 -0.0608
vn 0.021 0.9979 -0.0608
vn 0.0183 0.999 -0.0413
vn 0.0183 0.999 -0.0413
vn 0.021 0.9979 -0.0608
vn 0.0276 0.998 -0.0577
vn 0.0223 0.999 -0.039
vn 0.021 0.9979 -0.0608
vn 0.0235 0.9978 -0.0614
vn 0.0315 0.9977 -0.0592
vn 0.0276 0.998 -0.0577
vn 0.0271 0.9978 -0.0608
vn 0.028 0.9977 -0.0613
vn 0.0235 0.9978 -0.0614
vn 0.021 0.9979 -0.0608
vn 0.0388 0.9985 -0.0389
vn 0.0367 0.9975 -0.0599
vn 0.0271 0.9978 -0.0608
vn 0.0269 0.9988 -0.0405
vn 0.0367 0.9975 -0.0599
vn 0.0362 0.9975 -0.0603
vn 0.028 0.9977 -0.0613
vn 0.0271 0.9978 -0.0608
vn 0.0432 0.9973 -0.059
vn 0.0419 0.9974 -0.0592
vn 0.0362 0.9975 -0.0603
vn 0.0367 0.9975 -0.0599
vn 0.0471 0.9982 -0.0378
vn 0.0432 0.9973 -0.059
vn 0.0367 0.9975 -0.0599
vn 0.0388 0.9985 -0.0389
vn 0.0902 0.9594 0.2672
vn 0.0471 0.9982 -0.0378
vn 0.0388 0.9985 -0.0389
vn 0.0651 0.9637 0.259
vn 0.0651 0.9637 0.259
vn 0.0388 0.9985 -0.0389
vn 0.0269 0.9988 -0.0405
vn 0.0361 0.9689 0.2446
vn 0.1323 0.7379 0.6618
vn 0.0902 0.9594 0.2672
vn 0.0651 0.9637 0.259
vn 0.0877 0.7559 0.6488
vn 0.0877 0.7559 0.6488
vn 0.0651 0.9637 0.259
vn 0.0361 0.9689 0.2446
vn 0.0398 0.7818 0.6223
vn 0.0408 0.7656 0.6421
vn 0.0876 0.7406 0.6662
vn 0.0877 0.7559 0.6488
vn 0.0398 0.7818 0.6223
vn 0.1321 0.7251 0.6758
vn 0.1323 0.7379 0.6618
vn 0.0877 0.7559 0.6488
vn 0.0876 0.7406 0.6662
vn 0.1724 0.717 0.6755
vn 0.1722 0.726 0.6658
vn 0.1323 0.7379 0.6618
vn 0.1321 0.7251 0.6758
vn 0.1722 0.726 0.6658
vn 0.1106 0.956 0.2717
vn 0.0902 0.9594 0.2672
vn 0.1323 0.7379 0.6618
vn 0.2083 0.718 0.6641
vn 0.1722 0.726 0.6658
vn 0.1724 0.717 0.6755
vn 0.2088 0.7132 0.6691
vn 0.2083 0.718 0.6641
vn 0.1273 0.9533 0.2739
vn 0.1106 0.956 0.2717
vn 0.1722 0.726 0.6658
vn 0.1106 0.956 0.2717
vn 0.0513 0.998 -0.0368
vn 0.0471 0.9982 -0.0378
vn 0.0902 0.9594 0.2672
vn 0.1273 0.9533 0.2739
vn 0.0521 0.998 -0.0361
vn 0.0513 0.998 -0.0368
vn 0.1106 0.956 0.2717
vn 0.0458 0.9973 -0.0576
vn 0.046 0.9972 -0.0582
vn 0.0513 0.998 -0.0368
vn 0.0521 0.998 -0.0361
vn 0.0513 0.998 -0.0368
vn 0.046 0.9972 -0.0582
vn 0.0432 0.9973 -0.059
vn 0.0471 0.9982 -0.0378
vn 0.046 0.9972 -0.0582
vn 0.0446 0.9973 -0.0583
vn 0.0419 0.9974 -0.0592
vn 0.0432 0.9973 -0.059
vn 0.0446 0.9973 -0.0576
vn 0.0446 0.9973 -0.0583
vn 0.046 0.9972 -0.0582
vn 0.0458 0.9973 -0.0576
vn 0.045 0.9974 -0.0571
vn 0.044 0.9974 -0.0571
vn 0.0446 0.9973 -0.0576
vn 0.0458 0.9973 -0.0576
vn 0.0521 0.998 -0.0354
vn 0.045 0.9974 -0.0571
vn 0.0458 0.9973 -0.0576
vn 0.0521 0.998 -0.0361
vn 0.0458 0.9974 -0.0565
vn 0.0445 0.9974 -0.0566
vn 0.044 0.9974 -0.0571
vn 0.045 0.9974 -0.0571
vn 0.054 0.9979 -0.0348
vn 0.0458 0.9974 -0.0565
vn 0.045 0.9974 -0.0571
vn 0.0521 0.998 -0.0354
vn 0.1545 0.9498 0.2719
vn 0.054 0.9979 -0.0348
vn 0.0521 0.998 -0.0354
vn 0.1415 0.9513 0.2739
vn 0.1415 0.9513 0.2739
vn 0.0521 0.998 -0.0354
vn 0.0521 0.998 -0.0361
vn 0.1273 0.9533 0.2739
vn 0.2656 0.7124 0.6495
vn 0.1545 0.9498 0.2719
vn 0.1415 0.9513 0.2739
vn 0.2398 0.7133 0.6586
vn 0.2398 0.7133 0.6586
vn 0.1415 0.9513 0.2739
vn 0.1273 0.9533 0.2739
vn 0.2083 0.718 0.6641
vn 0.2088 0.7132 0.6691
vn 0.2403 0.7125 0.6592
vn 0.2398 0.7133 0.6586
vn 0.2083 0.718 0.6641
vn 0.2647 0.7155 0.6465
vn 0.2656 0.7124 0.6495
vn 0.2398 0.7133 0.6586
vn 0.2403 0.7125 0.6592
vn 0.2818 0.7231 0.6307
vn 0.2852 0.7165 0.6366
vn 0.2656 0.7124 0.6495
vn 0.2647 0.7155 0.6465
vn 0.2852 0.7165 0.6366
vn 0.1664 0.9491 0.2675
vn 0.1545 0.9498 0.2719
vn 0.2656 0.7124 0.6495
vn 0.2912 0.7357 0.6115
vn 0.2979 0.7264 0.6194
vn 0.2852 0.7165 0.6366
vn 0.2818 0.7231 0.6307
vn 0.2979 0.7264 0.6194
vn 0.1763 0.9493 0.2603
vn 0.1664 0.9491 0.2675
vn 0.2852 0.7165 0.6366
vn 0.1664 0.9491 0.2675
vn 0.0586 0.9977 -0.0341
vn 0.054 0.9979 -0.0348
vn 0.1545 0.9498 0.2719
vn 0.1763 0.9493 0.2603
vn 0.0647 0.9973 -0.0333
vn 0.0586 0.9977 -0.0341
vn 0.1664 0.9491 0.2675
vn 0.0647 0.9973 -0.0333
vn 0.0534 0.9971 -0.0548
vn 0.0488 0.9972 -0.0558
vn 0.0586 0.9977 -0.0341
vn 0.0586 0.9977 -0.0341
vn 0.0488 0.9972 -0.0558
vn 0.0458 0.9974 -0.0565
vn 0.054 0.9979 -0.0348
vn 0.0488 0.9972 -0.0558
vn 0.0466 0.9973 -0.0561
vn 0.0445 0.9974 -0.0566
vn 0.0458 0.9974 -0.0565
vn 0.0534 0.9971 -0.0548
vn 0.0497 0.9972 -0.0553
vn 0.0466 0.9973 -0.0561
vn 0.0488 0.9972 -0.0558
vn 0.0669 0.9973 -0.0312
vn 0.0541 0.9972 -0.0524
vn 0.0534 0.9971 -0.0548
vn 0.0647 0.9973 -0.0333
vn 0.0541 0.9972 -0.0524
vn 0.0489 0.9974 -0.0535
vn 0.0497 0.9972 -0.0553
vn 0.0534 0.9971 -0.0548
vn 0.0434 0.998 -0.0469
vn 0.0373 0.9981 -0.0495
vn 0.0489 0.9974 -0.0535
vn 0.0541 0.9972 -0.0524
vn 0.0574 0.998 -0.0256
vn 0.0434 0.998 -0.0469
vn 0.0541 0.9972 -0.0524
vn 0.0669 0.9973 -0.0312
vn 0.1726 0.9532 0.2483
vn 0.0574 0.998 -0.0256
vn 0.0669 0.9973 -0.0312
vn 0.1802 0.9507 0.2525
vn 0.1802 0.9507 0.2525
vn 0.0669 0.9973 -0.0312
vn 0.0647 0.9973 -0.0333
vn 0.1763 0.9493 0.2603
vn 0.2953 0.7562 0.5839
vn 0.1726 0.9532 0.2483
vn 0.1802 0.9507 0.2525
vn 0.3019 0.7408 0.6001
vn 0.3019 0.7408 0.6001
vn 0.1802 0.9507 0.2525
vn 0.1763 0.9493 0.2603
vn 0.2979 0.7264 0.6194
vn 0.2912 0.7357 0.6115
vn 0.2919 0.7523 0.5906
vn 0.3019 0.7408 0.6001
vn 0.2979 0.7264 0.6194
vn 0.2824 0.7697 0.5725
vn 0.2953 0.7562 0.5839
vn 0.3019 0.7408 0.6001
vn 0.2919 0.7523 0.5906
vn 0.2588 0.783 0.5656
vn 0.2752 0.7665 0.5802
vn 0.2953 0.7562 0.5839
vn 0.2824 0.7697 0.5725
vn 0.2752 0.7665 0.5802
vn 0.1478 0.9554 0.2556
vn 0.1726 0.9532 0.2483
vn 0.2953 0.7562 0.5839
vn 0.2279 0.7569 0.6125
vn 0.2752 0.7665 0.5802
vn 0.2588 0.783 0.5656
vn 0.2046 0.7818 0.589
vn 0.2279 0.7569 0.6125
vn 0.0837 0.9513 0.2966
vn 0.1478 0.9554 0.2556
vn 0.2752 0.7665 0.5802
vn 0.1478 0.9554 0.2556
vn 0.028 0.9995 -0.0118
vn 0.0574 0.998 -0.0256
vn 0.1726 0.9532 0.2483
vn 0.0837 0.9513 0.2966
vn -0.0514 0.9984 0.0249
vn 0.028 0.9995 -0.0118
vn 0.1478 0.9554 0.2556
vn -0.066 0.9978 -0.005
vn 0.0128 0.9993 -0.0348
vn 0.028 0.9995 -0.0118
vn -0.0514 0.9984 0.0249
vn 0.028 0.9995 -0.0118
vn 0.0128 0.9993 -0.0348
vn 0.0434 0.998 -0.0469
vn 0.0574 0.998 -0.0256
vn 0.0128 0.9993 -0.0348
vn 0.0066 0.9991 -0.0413
vn 0.0373 0.9981 -0.0495
vn 0.0434 0.998 -0.0469
vn -0.0687 0.9974 -0.0217
vn 0.0066 0.9991 -0.0413
vn 0.0128 0.9993 -0.0348
vn -0.066 0.9978 -0.005
vn -0.2846 0.9554 0.0791
vn -0.2718 0.9617 0.0347
vn -0.0687 0.9974 -0.0217
vn -0.066 0.9978 -0.005
vn -0.2803 0.9506 0.133
vn -0.2846 0.9554 0.0791
vn -0.066 0.9978 -0.005
vn -0.0514 0.9984 0.0249
vn -0.6612 0.7145 0.2285
vn -0.6399 0.7543 0.1467
vn -0.2718 0.9617 0.0347
vn -0.2846 0.9554 0.0791
vn -0.663 0.679 0.3151
vn -0.6612 0.7145 0.2285
vn -0.2846 0.9554 0.0791
vn -0.2803 0.9506 0.133
vn -0.4003 0.63 0.6654
vn -0.663 0.679 0.3151
vn -0.2803 0.9506 0.133
vn -0.0938 0.8936 0.439
vn -0.0938 0.8936 0.439
vn -0.2803 0.9506 0.133
vn -0.0514 0.9984 0.0249
vn 0.0837 0.9513 0.2966
vn -0.0575 0.4803 0.8752
vn -0.4003 0.63 0.6654
vn -0.0938 0.8936 0.439
vn 0.1158 0.6779 0.7259
vn 0.1158 0.6779 0.7259
vn -0.0938 0.8936 0.439
vn 0.0837 0.9513 0.2966
vn 0.2279 0.7569 0.6125
vn 0.2046 0.7818 0.589
vn 0.0663 0.7297 0.6805
vn 0.1158 0.6779 0.7259
vn 0.2279 0.7569 0.6125
vn -0.1686 0.5486 0.8189
vn -0.0575 0.4803 0.8752
vn 0.1158 0.6779 0.7259
vn 0.0663 0.7297 0.6805
vn -0.329 0.2953 0.897
vn -0.1947 0.2534 0.9476
vn -0.0575 0.4803 0.8752
vn -0.1686 0.5486 0.8189
vn -0.1947 0.2534 0.9476
vn -0.605 0.2569 0.7537
vn -0.4003 0.63 0.6654
vn -0.0575 0.4803 0.8752
vn -0.2237 0.1265 0.9664
vn -0.1947 0.2534 0.9476
vn -0.329 0.2953 0.897
vn -0.3593 0.1499 0.9211
vn -0.2237 0.1265 0.9664
vn -0.6395 0.0694 0.7656
vn -0.605 0.2569 0.7537
vn -0.1947 0.2534 0.9476
vn -0.605 0.2569 0.7537
vn -0.8735 0.256 0.4141
vn -0.663 0.679 0.3151
vn -0.4003 0.63 0.6654
vn -0.6395 0.0694 0.7656
vn -0.9032 0.0297 0.4281
vn -0.8735 0.256 0.4141
vn -0.605 0.2569 0.7537
vn -0.9365 0.0496 0.3471
vn -0.895 0.3035 0.3268
vn -0.8735 0.256 0.4141
vn -0.9032 0.0297 0.4281
vn -0.8735 0.256 0.4141
vn -0.895 0.3035 0.3268
vn -0.6612 0.7145 0.2285
vn -0.663 0.679 0.3151
vn -0.895 0.3035 0.3268
vn -0.9018 0.3588 0.241
vn -0.6399 0.7543 0.1467
vn -0.6612 0.7145 0.2285
vn -0.9585 0.0792 0.2738
vn -0.9018 0.3588 0.241
vn -0.895 0.3035 0.3268
vn -0.9365 0.0496 0.3471
vn -0.9355 -0.052 0.3495
vn -0.9583 -0.0416 0.2828
vn -0.9585 0.0792 0.2738
vn -0.9365 0.0496 0.3471
vn -0.9009 -0.0522 0.4309
vn -0.9355 -0.052 0.3495
vn -0.9365 0.0496 0.3471
vn -0.9032 0.0297 0.4281
vn -0.93 -0.1034 0.3527
vn -0.9524 -0.1008 0.2877
vn -0.9583 -0.0416 0.2828
vn -0.9355 -0.052 0.3495
vn -0.8942 -0.0967 0.4372
vn -0.93 -0.1034 0.3527
vn -0.9355 -0.052 0.3495
vn -0.9009 -0.0522 0.4309
vn -0.6051 -0.0428 0.795
vn -0.8942 -0.0967 0.4372
vn -0.9009 -0.0522 0.4309
vn -0.6267 0.0015 0.7792
vn -0.6267 0.0015 0.7792
vn -0.9009 -0.0522 0.4309
vn -0.9032 0.0297 0.4281
vn -0.6395 0.0694 0.7656
vn -0.1582 0.0346 0.9868
vn -0.6051 -0.0428 0.795
vn -0.6267 0.0015 0.7792
vn -0.1962 0.0742 0.9778
vn -0.1962 0.0742 0.9778
vn -0.6267 0.0015 0.7792
vn -0.6395 0.0694 0.7656
vn -0.2237 0.1265 0.9664
vn -0.2994 0.0422 0.9532
vn -0.1582 0.0346 0.9868
vn -0.1962 0.0742 0.9778
vn -0.3351 0.0881 0.9381
vn -0.3593 0.1499 0.9211
vn -0.3351 0.0881 0.9381
vn -0.1962 0.0742 0.9778
vn -0.2237 0.1265 0.9664
vn -0.2641 -0.0088 0.9644
vn -0.1233 -0.0115 0.9923
vn -0.1582 0.0346 0.9868
vn -0.2994 0.0422 0.9532
vn -0.1233 -0.0115 0.9923
vn -0.5819 -0.0885 0.8084
vn -0.6051 -0.0428 0.795
vn -0.1582 0.0346 0.9868
vn -0.2324 -0.0738 0.9698
vn -0.0951 -0.0721 0.9929
vn -0.1233 -0.0115 0.9923
vn -0.2641 -0.0088 0.9644
vn -0.0951 -0.0721 0.9929
vn -0.5582 -0.1455 0.8169
vn -0.5819 -0.0885 0.8084
vn -0.1233 -0.0115 0.9923
vn -0.5819 -0.0885 0.8084
vn -0.8851 -0.1332 0.4459
vn -0.8942 -0.0967 0.4372
vn -0.6051 -0.0428 0.795
vn -0.5582 -0.1455 0.8169
vn -0.8735 -0.1728 0.4551
vn -0.8851 -0.1332 0.4459
vn -0.5819 -0.0885 0.8084
vn -0.8735 -0.1728 0.4551
vn -0.9153 -0.1723 0.364
vn -0.9233 -0.1392 0.3579
vn -0.8851 -0.1332 0.4459
vn -0.8851 -0.1332 0.4459
vn -0.9233 -0.1392 0.3579
vn -0.93 -0.1034 0.3527
vn -0.8942 -0.0967 0.4372
vn -0.9233 -0.1392 0.3579
vn -0.9462 -0.1386 0.2926
vn -0.9524 -0.1008 0.2877
vn -0.93 -0.1034 0.3527
vn -0.9153 -0.1723 0.364
vn -0.9393 -0.1694 0.2985
vn -0.9462 -0.1386 0.2926
vn -0.9233 -0.1392 0.3579
vn -0.8564 -0.2255 0.4645
vn -0.9033 -0.2142 0.3716
vn -0.9153 -0.1723 0.364
vn -0.8735 -0.1728 0.4551
vn -0.9033 -0.2142 0.3716
vn -0.9291 -0.2051 0.3079
vn -0.9393 -0.1694 0.2985
vn -0.9153 -0.1723 0.364
vn -0.8837 -0.272 0.381
vn -0.9123 -0.2533 0.3219
vn -0.9291 -0.2051 0.3079
vn -0.9033 -0.2142 0.3716
vn -0.8294 -0.2967 0.4734
vn -0.8837 -0.272 0.381
vn -0.9033 -0.2142 0.3716
vn -0.8564 -0.2255 0.4645
vn -0.4916 -0.3055 0.8155
vn -0.8294 -0.2967 0.4734
vn -0.8564 -0.2255 0.4645
vn -0.5295 -0.2182 0.8198
vn -0.5295 -0.2182 0.8198
vn -0.8564 -0.2255 0.4645
vn -0.8735 -0.1728 0.4551
vn -0.5582 -0.1455 0.8169
vn -0.0475 -0.2283 0.9724
vn -0.4916 -0.3055 0.8155
vn -0.5295 -0.2182 0.8198
vn -0.0715 -0.1465 0.9866
vn -0.0715 -0.1465 0.9866
vn -0.5295 -0.2182 0.8198
vn -0.5582 -0.1455 0.8169
vn -0.0951 -0.0721 0.9929
vn -0.2324 -0.0738 0.9698
vn -0.202 -0.1525 0.9674
vn -0.0715 -0.1465 0.9866
vn -0.0951 -0.0721 0.9929
vn -0.167 -0.2376 0.9569
vn -0.0475 -0.2283 0.9724
vn -0.0715 -0.1465 0.9866
vn -0.202 -0.1525 0.9674
vn -0.1213 -0.3226 0.9387
vn -0.0169 -0.3119 0.95
vn -0.0475 -0.2283 0.9724
vn -0.167 -0.2376 0.9569
vn -0.0169 -0.3119 0.95
vn -0.4408 -0.4024 0.8023
vn -0.4916 -0.3055 0.8155
vn -0.0475 -0.2283 0.9724
vn -0.0617 -0.3995 0.9146
vn 0.0234 -0.3896 0.9207
vn -0.0169 -0.3119 0.95
vn -0.1213 -0.3226 0.9387
vn 0.0234 -0.3896 0.9207
vn -0.3793 -0.4994 0.7789
vn -0.4408 -0.4024 0.8023
vn -0.0169 -0.3119 0.95
vn -0.4408 -0.4024 0.8023
vn -0.7894 -0.3847 0.4784
vn -0.8294 -0.2967 0.4734
vn -0.4916 -0.3055 0.8155
vn -0.3793 -0.4994 0.7789
vn -0.7379 -0.4807 0.4737
vn -0.7894 -0.3847 0.4784
vn -0.4408 -0.4024 0.8023
vn -0.8163 -0.4243 0.392
vn -0.8543 -0.3444 0.3894
vn -0.7894 -0.3847 0.4784
vn -0.7379 -0.4807 0.4737
vn -0.7894 -0.3847 0.4784
vn -0.8543 -0.3444 0.3894
vn -0.8837 -0.272 0.381
vn -0.8294 -0.2967 0.4734
vn -0.8543 -0.3444 0.3894
vn -0.8873 -0.3129 0.3388
vn -0.9123 -0.2533 0.3219
vn -0.8837 -0.272 0.381
vn -0.8549 -0.3784 0.3548
vn -0.8873 -0.3129 0.3388
vn -0.8543 -0.3444 0.3894
vn -0.8163 -0.4243 0.392
vn -0.7779 -0.4981 0.3831
vn -0.8202 -0.4404 0.3652
vn -0.8549 -0.3784 0.3548
vn -0.8163 -0.4243 0.392
vn -0.687 -0.5676 0.4537
vn -0.7779 -0.4981 0.3831
vn -0.8163 -0.4243 0.392
vn -0.7379 -0.4807 0.4737
vn -0.7452 -0.5593 0.3631
vn -0.7869 -0.4943 0.3694
vn -0.8202 -0.4404 0.3652
vn -0.7779 -0.4981 0.3831
vn -0.6463 -0.6369 0.4202
vn -0.7452 -0.5593 0.3631
vn -0.7779 -0.4981 0.3831
vn -0.687 -0.5676 0.4537
vn -0.2737 -0.6444 0.7141
vn -0.6463 -0.6369 0.4202
vn -0.687 -0.5676 0.4537
vn -0.3216 -0.5815 0.7473
vn -0.3216 -0.5815 0.7473
vn -0.687 -0.5676 0.4537
vn -0.7379 -0.4807 0.4737
vn -0.3793 -0.4994 0.7789
vn 0.1107 -0.4902 0.8645
vn -0.2737 -0.6444 0.7141
vn -0.3216 -0.5815 0.7473
vn 0.0681 -0.4502 0.8903
vn 0.0681 -0.4502 0.8903
vn -0.3216 -0.5815 0.7473
vn -0.3793 -0.4994 0.7789
vn 0.0234 -0.3896 0.9207
vn -0.0617 -0.3995 0.9146
vn 0.0058 -0.4568 0.8895
vn 0.0681 -0.4502 0.8903
vn 0.0234 -0.3896 0.9207
vn 0.0703 -0.4911 0.8682
vn 0.1107 -0.4902 0.8645
vn 0.0681 -0.4502 0.8903
vn 0.0058 -0.4568 0.8895
vn 0.1252 -0.5084 0.8519
vn 0.1491 -0.5141 0.8446
vn 0.1107 -0.4902 0.8645
vn 0.0703 -0.4911 0.8682
vn 0.1491 -0.5141 0.8446
vn -0.2302 -0.6933 0.6829
vn -0.2737 -0.6444 0.7141
vn 0.1107 -0.4902 0.8645
vn 0.1828 -0.5259 0.8306
vn 0.1491 -0.5141 0.8446
vn 0.1252 -0.5084 0.8519
vn 0.1684 -0.514 0.8411
vn 0.1828 -0.5259 0.8306
vn -0.1828 -0.7325 0.6558
vn -0.2302 -0.6933 0.6829
vn 0.1491 -0.5141 0.8446
vn -0.2302 -0.6933 0.6829
vn -0.6102 -0.695 0.3803
vn -0.6463 -0.6369 0.4202
vn -0.2737 -0.6444 0.7141
vn -0.1828 -0.7325 0.6558
vn -0.5674 -0.7498 0.3403
vn -0.6102 -0.695 0.3803
vn -0.2302 -0.6933 0.6829
vn -0.6754 -0.6683 0.3117
vn -0.714 -0.6134 0.3375
vn -0.6102 -0.695 0.3803
vn -0.5674 -0.7498 0.3403
vn -0.6102 -0.695 0.3803
vn -0.714 -0.6134 0.3375
vn -0.7452 -0.5593 0.3631
vn -0.6463 -0.6369 0.4202
vn -0.714 -0.6134 0.3375
vn -0.752 -0.5447 0.3711
vn -0.7869 -0.4943 0.3694
vn -0.7452 -0.5593 0.3631
vn -0.7087 -0.5978 0.3748
vn -0.752 -0.5447 0.3711
vn -0.714 -0.6134 0.3375
vn -0.6754 -0.6683 0.3117
vn -0.6189 -0.7304 0.2889
vn -0.6473 -0.659 0.383
vn -0.7087 -0.5978 0.3748
vn -0.6754 -0.6683 0.3117
vn -0.5072 -0.8064 0.3041
vn -0.6189 -0.7304 0.2889
vn -0.6754 -0.6683 0.3117
vn -0.5674 -0.7498 0.3403
vn -0.5405 -0.7973 0.2687
vn -0.5626 -0.7266 0.3944
vn -0.6473 -0.659 0.383
vn -0.6189 -0.7304 0.2889
vn -0.4294 -0.8611 0.2721
vn -0.5405 -0.7973 0.2687
vn -0.6189 -0.7304 0.2889
vn -0.5072 -0.8064 0.3041
vn -0.071 -0.7833 0.6175
vn -0.4294 -0.8611 0.2721
vn -0.5072 -0.8064 0.3041
vn -0.127 -0.763 0.6339
vn -0.127 -0.763 0.6339
vn -0.5072 -0.8064 0.3041
vn -0.5674 -0.7498 0.3403
vn -0.1828 -0.7325 0.6558
vn 0.2257 -0.5231 0.8218
vn -0.071 -0.7833 0.6175
vn -0.127 -0.763 0.6339
vn 0.2102 -0.5281 0.8227
vn 0.2102 -0.5281 0.8227
vn -0.127 -0.763 0.6339
vn -0.1828 -0.7325 0.6558
vn 0.1828 -0.5259 0.8306
vn 0.1684 -0.514 0.8411
vn 0.199 -0.5118 0.8357
vn 0.2102 -0.5281 0.8227
vn 0.1828 -0.5259 0.8306
vn 0.2157 -0.5043 0.8362
vn 0.2257 -0.5231 0.8218
vn 0.2102 -0.5281 0.8227
vn 0.199 -0.5118 0.8357
vn -0.1711 -0.6553 0.7357
vn -0.121 -0.6707 0.7318
vn 0.2157 -0.5043 0.8362
vn 0.199 -0.5118 0.8357
vn -0.2308 -0.6359 0.7365
vn -0.1711 -0.6553 0.7357
vn 0.199 -0.5118 0.8357
vn 0.1684 -0.514 0.8411
vn -0.3014 -0.6093 0.7334
vn -0.2308 -0.6359 0.7365
vn 0.1684 -0.514 0.8411
vn 0.1252 -0.5084 0.8519
vn -0.1711 -0.6553 0.7357
vn -0.2308 -0.6359 0.7365
vn -0.5877 -0.6367 0.4993
vn -0.5193 -0.6892 0.5052
vn -0.5877 -0.6367 0.4993
vn -0.2308 -0.6359 0.7365
vn -0.3014 -0.6093 0.7334
vn -0.6565 -0.5801 0.4822
vn -0.5877 -0.6367 0.4993
vn -0.6565 -0.5801 0.4822
vn -0.7598 -0.5364 0.3674
vn -0.707 -0.6 0.3743
vn -0.707 -0.6 0.3743
vn -0.6513 -0.6636 0.368
vn -0.5193 -0.6892 0.5052
vn -0.5877 -0.6367 0.4993
vn -0.8098 -0.4703 0.3506
vn -0.7598 -0.5364 0.3674
vn -0.6565 -0.5801 0.4822
vn -0.7247 -0.5164 0.4562
vn -0.6565 -0.5801 0.4822
vn -0.3014 -0.6093 0.7334
vn -0.382 -0.5704 0.7271
vn -0.7247 -0.5164 0.4562
vn -0.8551 -0.401 0.3286
vn -0.8098 -0.4703 0.3506
vn -0.7247 -0.5164 0.4562
vn -0.7883 -0.4446 0.4253
vn -0.7247 -0.5164 0.4562
vn -0.382 -0.5704 0.7271
vn -0.4681 -0.5147 0.7183
vn -0.7883 -0.4446 0.4253
vn -0.382 -0.5704 0.7271
vn -0.3014 -0.6093 0.7334
vn 0.1252 -0.5084 0.8519
vn 0.0703 -0.4911 0.8682
vn -0.4681 -0.5147 0.7183
vn -0.382 -0.5704 0.7271
vn 0.0703 -0.4911 0.8682
vn 0.0058 -0.4568 0.8895
vn -0.4681 -0.5147 0.7183
vn -0.5518 -0.4394 0.7088
vn -0.843 -0.3661 0.3942
vn -0.7883 -0.4446 0.4253
vn -0.5518 -0.4394 0.7088
vn -0.4681 -0.5147 0.7183
vn 0.0058 -0.4568 0.8895
vn -0.0617 -0.3995 0.9146
vn -0.6231 -0.3513 0.6989
vn -0.5518 -0.4394 0.7088
vn -0.0617 -0.3995 0.9146
vn -0.1213 -0.3226 0.9387
vn -0.6231 -0.3513 0.6989
vn -0.8852 -0.2877 0.3656
vn -0.843 -0.3661 0.3942
vn -0.5518 -0.4394 0.7088
vn -0.843 -0.3661 0.3942
vn -0.8852 -0.2877 0.3656
vn -0.923 -0.2589 0.2848
vn -0.8935 -0.3289 0.3058
vn -0.8935 -0.3289 0.3058
vn -0.8551 -0.401 0.3286
vn -0.7883 -0.4446 0.4253
vn -0.843 -0.3661 0.3942
vn -0.8852 -0.2877 0.3656
vn -0.9146 -0.2172 0.341
vn -0.9435 -0.1967 0.2665
vn -0.923 -0.2589 0.2848
vn -0.6765 -0.2625 0.6881
vn -0.9146 -0.2172 0.341
vn -0.8852 -0.2877 0.3656
vn -0.6231 -0.3513 0.6989
vn -0.9146 -0.2172 0.341
vn -0.9341 -0.1574 0.3205
vn -0.9574 -0.1443 0.2501
vn -0.9435 -0.1967 0.2665
vn -0.7145 -0.1801 0.6761
vn -0.9341 -0.1574 0.3205
vn -0.9146 -0.2172 0.341
vn -0.6765 -0.2625 0.6881
vn -0.6765 -0.2625 0.6881
vn -0.6231 -0.3513 0.6989
vn -0.1213 -0.3226 0.9387
vn -0.167 -0.2376 0.9569
vn -0.7145 -0.1801 0.6761
vn -0.6765 -0.2625 0.6881
vn -0.167 -0.2376 0.9569
vn -0.202 -0.1525 0.9674
vn -0.7145 -0.1801 0.6761
vn -0.7422 -0.1081 0.6614
vn -0.9466 -0.1086 0.3035
vn -0.9341 -0.1574 0.3205
vn -0.7422 -0.1081 0.6614
vn -0.7145 -0.1801 0.6761
vn -0.202 -0.1525 0.9674
vn -0.2324 -0.0738 0.9698
vn -0.7643 -0.0494 0.643
vn -0.7422 -0.1081 0.6614
vn -0.2324 -0.0738 0.9698
vn -0.2641 -0.0088 0.9644
vn -0.7643 -0.0494 0.643
vn -0.9549 -0.0682 0.2889
vn -0.9466 -0.1086 0.3035
vn -0.7422 -0.1081 0.6614
vn -0.9466 -0.1086 0.3035
vn -0.9549 -0.0682 0.2889
vn -0.9745 -0.0658 0.2143
vn -0.967 -0.1015 0.2335
vn -0.967 -0.1015 0.2335
vn -0.9574 -0.1443 0.2501
vn -0.9341 -0.1574 0.3205
vn -0.9466 -0.1086 0.3035
vn -0.9549 -0.0682 0.2889
vn -0.9609 -0.0299 0.2753
vn -0.9813 -0.0311 0.19
vn -0.9745 -0.0658 0.2143
vn -0.7826 0.0004 0.6226
vn -0.9609 -0.0299 0.2753
vn -0.9549 -0.0682 0.2889
vn -0.7643 -0.0494 0.643
vn -0.9609 -0.0299 0.2753
vn -0.9651 0.0161 0.2613
vn -0.9874 0.0115 0.158
vn -0.9813 -0.0311 0.19
vn -0.7965 0.0522 0.6024
vn -0.9651 0.0161 0.2613
vn -0.9609 -0.0299 0.2753
vn -0.7826 0.0004 0.6226
vn -0.7826 0.0004 0.6226
vn -0.7643 -0.0494 0.643
vn -0.2641 -0.0088 0.9644
vn -0.2994 0.0422 0.9532
vn -0.7965 0.0522 0.6024
vn -0.7826 0.0004 0.6226
vn -0.2994 0.0422 0.9532
vn -0.3351 0.0881 0.9381
vn -0.7988 0.1355 0.5861
vn -0.7965 0.0522 0.6024
vn -0.3351 0.0881 0.9381
vn -0.3593 0.1499 0.9211
vn -0.7965 0.0522 0.6024
vn -0.7988 0.1355 0.5861
vn -0.9645 0.0978 0.2454
vn -0.9651 0.0161 0.2613
vn -0.7456 0.3428 0.5714
vn -0.7988 0.1355 0.5861
vn -0.3593 0.1499 0.9211
vn -0.329 0.2953 0.897
vn -0.9645 0.0978 0.2454
vn -0.7988 0.1355 0.5861
vn -0.7456 0.3428 0.5714
vn -0.9246 0.3101 0.2214
vn -0.9897 0.0879 0.1128
vn -0.9874 0.0115 0.158
vn -0.9651 0.0161 0.2613
vn -0.9645 0.0978 0.2454
vn -0.9645 0.0978 0.2454
vn -0.9246 0.3101 0.2214
vn -0.959 0.2806 0.0401
vn -0.9897 0.0879 0.1128
vn -0.7834 0.6182 -0.0645
vn -0.959 0.2806 0.0401
vn -0.9246 0.3101 0.2214
vn -0.7146 0.6801 0.1636
vn -0.9246 0.3101 0.2214
vn -0.7456 0.3428 0.5714
vn -0.5288 0.6821 0.5051
vn -0.7146 0.6801 0.1636
vn -0.4607 0.8746 -0.1509
vn -0.7834 0.6182 -0.0645
vn -0.7146 0.6801 0.1636
vn -0.3499 0.933 0.0835
vn -0.7146 0.6801 0.1636
vn -0.5288 0.6821 0.5051
vn -0.1792 0.9045 0.3871
vn -0.3499 0.933 0.0835
vn -0.5288 0.6821 0.5051
vn -0.7456 0.3428 0.5714
vn -0.329 0.2953 0.897
vn -0.1686 0.5486 0.8189
vn -0.1792 0.9045 0.3871
vn -0.5288 0.6821 0.5051
vn -0.1686 0.5486 0.8189
vn 0.0663 0.7297 0.6805
vn 0.044 0.949 0.3122
vn -0.1792 0.9045 0.3871
vn 0.0663 0.7297 0.6805
vn 0.2046 0.7818 0.589
vn -0.1792 0.9045 0.3871
vn 0.044 0.949 0.3122
vn -0.0986 0.9941 0.0461
vn -0.3499 0.933 0.0835
vn 0.1292 0.947 0.2941
vn 0.044 0.949 0.3122
vn 0.2046 0.7818 0.589
vn 0.2588 0.783 0.5656
vn 0.1292 0.947 0.2941
vn 0.0062 0.999 0.0442
vn -0.0986 0.9941 0.0461
vn 0.044 0.949 0.3122
vn -0.2141 0.9618 -0.1703
vn -0.4607 0.8746 -0.1509
vn -0.3499 0.933 0.0835
vn -0.0986 0.9941 0.0461
vn -0.0986 0.9941 0.0461
vn 0.0062 0.999 0.0442
vn -0.0964 0.9833 -0.1544
vn -0.2141 0.9618 -0.1703
vn 0.0062 0.999 0.0442
vn 0.0531 0.9972 0.0534
vn -0.0374 0.9906 -0.1315
vn -0.0964 0.9833 -0.1544
vn 0.1654 0.94 0.2983
vn 0.0531 0.9972 0.0534
vn 0.0062 0.999 0.0442
vn 0.1292 0.947 0.2941
vn 0.0531 0.9972 0.0534
vn 0.0759 0.995 0.0653
vn -0.0052 0.9939 -0.1099
vn -0.0374 0.9906 -0.1315
vn 0.1818 0.933 0.3106
vn 0.0759 0.995 0.0653
vn 0.0531 0.9972 0.0534
vn 0.1654 0.94 0.2983
vn 0.1654 0.94 0.2983
vn 0.1292 0.947 0.2941
vn 0.2588 0.783 0.5656
vn 0.2824 0.7697 0.5725
vn 0.1818 0.933 0.3106
vn 0.1654 0.94 0.2983
vn 0.2824 0.7697 0.5725
vn 0.2919 0.7523 0.5906
vn 0.1859 0.9271 0.3254
vn 0.1818 0.933 0.3106
vn 0.2919 0.7523 0.5906
vn 0.2912 0.7357 0.6115
vn 0.1818 0.933 0.3106
vn 0.1859 0.9271 0.3254
vn 0.0845 0.9934 0.0773
vn 0.0759 0.995 0.0653
vn 0.182 0.9229 0.3393
vn 0.1859 0.9271 0.3254
vn 0.2912 0.7357 0.6115
vn 0.2818 0.7231 0.6307
vn 0.182 0.9229 0.3393
vn 0.086 0.9924 0.0877
vn 0.0845 0.9934 0.0773
vn 0.1859 0.9271 0.3254
vn 0.0108 0.9957 -0.0925
vn -0.0052 0.9939 -0.1099
vn 0.0759 0.995 0.0653
vn 0.0845 0.9934 0.0773
vn 0.0845 0.9934 0.0773
vn 0.086 0.9924 0.0877
vn 0.0186 0.9966 -0.0808
vn 0.0108 0.9957 -0.0925
vn 0.086 0.9924 0.0877
vn 0.0853 0.9917 0.096
vn 0.0242 0.9969 -0.0746
vn 0.0186 0.9966 -0.0808
vn 0.1734 0.9201 0.3512
vn 0.0853 0.9917 0.096
vn 0.086 0.9924 0.0877
vn 0.182 0.9229 0.3393
vn 0.0853 0.9917 0.096
vn 0.0833 0.9912 0.1025
vn 0.0293 0.9969 -0.0725
vn 0.0242 0.9969 -0.0746
vn 0.1608 0.9184 0.3614
vn 0.0833 0.9912 0.1025
vn 0.0853 0.9917 0.096
vn 0.1734 0.9201 0.3512
vn 0.1734 0.9201 0.3512
vn 0.182 0.9229 0.3393
vn 0.2818 0.7231 0.6307
vn 0.2647 0.7155 0.6465
vn 0.1608 0.9184 0.3614
vn 0.1734 0.9201 0.3512
vn 0.2647 0.7155 0.6465
vn 0.2403 0.7125 0.6592
vn 0.1443 0.9176 0.3703
vn 0.1608 0.9184 0.3614
vn 0.2403 0.7125 0.6592
vn 0.2088 0.7132 0.6691
vn 0.1608 0.9184 0.3614
vn 0.1443 0.9176 0.3703
vn 0.08 0.9909 0.108
vn 0.0833 0.9912 0.1025
vn 0.1244 0.9175 0.3778
vn 0.1443 0.9176 0.3703
vn 0.2088 0.7132 0.6691
vn 0.1724 0.717 0.6755
vn 0.1244 0.9175 0.3778
vn 0.0751 0.9908 0.1127
vn 0.08 0.9909 0.108
vn 0.1443 0.9176 0.3703
vn 0.0346 0.9967 -0.0728
vn 0.0293 0.9969 -0.0725
vn 0.0833 0.9912 0.1025
vn 0.08 0.9909 0.108
vn 0.08 0.9909 0.108
vn 0.0751 0.9908 0.1127
vn 0.0395 0.9964 -0.0746
vn 0.0346 0.9967 -0.0728
vn 0.0751 0.9908 0.1127
vn 0.0679 0.991 0.1156
vn 0.043 0.996 -0.0787
vn 0.0395 0.9964 -0.0746
vn 0.1011 0.9187 0.3818
vn 0.0679 0.991 0.1156
vn 0.0751 0.9908 0.1127
vn 0.1244 0.9175 0.3778
vn 0.0679 0.991 0.1156
vn 0.0582 0.9917 0.115
vn 0.045 0.9952 -0.0871
vn 0.043 0.996 -0.0787
vn 0.074 0.9222 0.3796
vn 0.0582 0.9917 0.115
vn 0.0679 0.991 0.1156
vn 0.1011 0.9187 0.3818
vn 0.1011 0.9187 0.3818
vn 0.1244 0.9175 0.3778
vn 0.1724 0.717 0.6755
vn 0.1321 0.7251 0.6758
vn 0.074 0.9222 0.3796
vn 0.1011 0.9187 0.3818
vn 0.1321 0.7251 0.6758
vn 0.0876 0.7406 0.6662
vn 0.074 0.9222 0.3796
vn 0.0451 0.9286 0.3685
vn 0.0477 0.9928 0.1095
vn 0.0582 0.9917 0.115
vn 0.0451 0.9286 0.3685
vn 0.074 0.9222 0.3796
vn 0.0876 0.7406 0.6662
vn 0.0408 0.7656 0.6421
vn 0.0249 0.9365 0.3497
vn 0.0451 0.9286 0.3685
vn 0.0408 0.7656 0.6421
vn 0.0039 0.7956 0.6058
vn 0.0249 0.9365 0.3497
vn 0.0436 0.9942 0.0981
vn 0.0477 0.9928 0.1095
vn 0.0451 0.9286 0.3685
vn 0.0477 0.9928 0.1095
vn 0.0436 0.9942 0.0981
vn 0.0558 0.9907 -0.1238
vn 0.0472 0.9937 -0.1014
vn 0.0472 0.9937 -0.1014
vn 0.045 0.9952 -0.0871
vn 0.0582 0.9917 0.115
vn 0.0477 0.9928 0.1095
vn 0.0436 0.9942 0.0981
vn 0.0554 0.9951 0.0816
vn 0.0789 0.9846 -0.1559
vn 0.0558 0.9907 -0.1238
vn 0.0237 0.9441 0.3289
vn 0.0554 0.9951 0.0816
vn 0.0436 0.9942 0.0981
vn 0.0249 0.9365 0.3497
vn 0.0554 0.9951 0.0816
vn 0.0932 0.9937 0.0626
vn 0.1273 0.9719 -0.1979
vn 0.0789 0.9846 -0.1559
vn 0.0501 0.9476 0.3154
vn 0.0932 0.9937 0.0626
vn 0.0554 0.9951 0.0816
vn 0.0237 0.9441 0.3289
vn 0.0237 0.9441 0.3289
vn 0.0249 0.9365 0.3497
vn 0.0039 0.7956 0.6058
vn -0.0118 0.8229 0.5681
vn 0.0501 0.9476 0.3154
vn 0.0237 0.9441 0.3289
vn -0.0118 0.8229 0.5681
vn -0.0005 0.8386 0.5448
vn 0.0501 0.9476 0.3154
vn 0.1335 0.9357 0.3266
vn 0.1902 0.9807 0.045
vn 0.0932 0.9937 0.0626
vn 0.1335 0.9357 0.3266
vn 0.0501 0.9476 0.3154
vn -0.0005 0.8386 0.5448
vn 0.0559 0.8231 0.5651
vn 0.3524 0.8527 0.3856
vn 0.1335 0.9357 0.3266
vn 0.0559 0.8231 0.5651
vn 0.199 0.7208 0.664
vn 0.1902 0.9807 0.045
vn 0.1335 0.9357 0.3266
vn 0.3524 0.8527 0.3856
vn 0.4339 0.9002 0.0374
vn 0.1902 0.9807 0.045
vn 0.4339 0.9002 0.0374
vn 0.4678 0.8311 -0.3009
vn 0.2327 0.9398 -0.2503
vn 0.2327 0.9398 -0.2503
vn 0.1273 0.9719 -0.1979
vn 0.0932 0.9937 0.0626
vn 0.1902 0.9807 0.045
vn 0.7851 0.5431 -0.2977
vn 0.4678 0.8311 -0.3009
vn 0.4339 0.9002 0.0374
vn 0.7864 0.6156 0.0511
vn 0.6732 0.5822 0.4558
vn 0.7864 0.6156 0.0511
vn 0.4339 0.9002 0.0374
vn 0.3524 0.8527 0.3856
vn 0.9558 0.1761 -0.2353
vn 0.7851 0.5431 -0.2977
vn 0.7864 0.6156 0.0511
vn 0.9734 0.2176 0.0718
vn 0.8444 0.2212 0.4879
vn 0.9734 0.2176 0.0718
vn 0.7864 0.6156 0.0511
vn 0.6732 0.5822 0.4558
vn 0.6732 0.5822 0.4558
vn 0.3524 0.8527 0.3856
vn 0.199 0.7208 0.664
vn 0.4019 0.474 0.7834
vn 0.8444 0.2212 0.4879
vn 0.6732 0.5822 0.4558
vn 0.4019 0.474 0.7834
vn 0.5166 0.1914 0.8345
vn 0.9959 -0.0134 0.0894
vn 0.9734 0.2176 0.0718
vn 0.8444 0.2212 0.4879
vn 0.8695 0.0105 0.4939
vn 0.8695 0.0105 0.4939
vn 0.8444 0.2212 0.4879
vn 0.5166 0.1914 0.8345
vn 0.5356 0.0393 0.8435
vn 0.8597 -0.0756 0.5052
vn 0.8695 0.0105 0.4939
vn 0.5356 0.0393 0.8435
vn 0.5237 -0.0236 0.8516
vn 0.9959 -0.0134 0.0894
vn 0.8695 0.0105 0.4939
vn 0.8597 -0.0756 0.5052
vn 0.9886 -0.1037 0.1095
vn 0.9959 -0.0134 0.0894
vn 0.9886 -0.1037 0.1095
vn 0.9861 -0.1162 -0.1184
vn 0.9854 -0.0331 -0.1668
vn 0.9854 -0.0331 -0.1668
vn 0.9558 0.1761 -0.2353
vn 0.9734 0.2176 0.0718
vn 0.9959 -0.0134 0.0894
vn 0.9834 -0.1624 -0.0807
vn 0.9861 -0.1162 -0.1184
vn 0.9886 -0.1037 0.1095
vn 0.9792 -0.1538 0.1327
vn 0.9886 -0.1037 0.1095
vn 0.8597 -0.0756 0.5052
vn 0.8422 -0.1246 0.5246
vn 0.9792 -0.1538 0.1327
vn 0.9786 -0.1996 -0.0493
vn 0.9834 -0.1624 -0.0807
vn 0.9792 -0.1538 0.1327
vn 0.9682 -0.1944 0.1575
vn 0.9792 -0.1538 0.1327
vn 0.8422 -0.1246 0.5246
vn 0.8202 -0.1651 0.5478
vn 0.9682 -0.1944 0.1575
vn 0.8422 -0.1246 0.5246
vn 0.8597 -0.0756 0.5052
vn 0.5237 -0.0236 0.8516
vn 0.5017 -0.06 0.863
vn 0.8202 -0.1651 0.5478
vn 0.8422 -0.1246 0.5246
vn 0.5017 -0.06 0.863
vn 0.4767 -0.091 0.8744
vn 0.7943 -0.2075 0.5709
vn 0.8202 -0.1651 0.5478
vn 0.4767 -0.091 0.8744
vn 0.4525 -0.1254 0.8829
vn 0.8202 -0.1651 0.5478
vn 0.7943 -0.2075 0.5709
vn 0.9545 -0.2362 0.1823
vn 0.9682 -0.1944 0.1575
vn 0.7649 -0.257 0.5907
vn 0.7943 -0.2075 0.5709
vn 0.4525 -0.1254 0.8829
vn 0.4303 -0.1662 0.8873
vn 0.7649 -0.257 0.5907
vn 0.9361 -0.2855 0.2055
vn 0.9545 -0.2362 0.1823
vn 0.7943 -0.2075 0.5709
vn 0.9711 -0.2374 -0.0235
vn 0.9786 -0.1996 -0.0493
vn 0.9682 -0.1944 0.1575
vn 0.9545 -0.2362 0.1823
vn 0.9545 -0.2362 0.1823
vn 0.9361 -0.2855 0.2055
vn 0.9592 -0.2826 -0.0024
vn 0.9711 -0.2374 -0.0235
vn 0.9361 -0.2855 0.2055
vn 0.9111 -0.3445 0.2264
vn 0.9409 -0.3383 0.0154
vn 0.9592 -0.2826 -0.0024
vn 0.7311 -0.3135 0.6059
vn 0.9111 -0.3445 0.2264
vn 0.9361 -0.2855 0.2055
vn 0.7649 -0.257 0.5907
vn 0.9592 -0.2826 -0.0024
vn 0.9409 -0.3383 0.0154
vn 0.924 -0.3257 -0.2003
vn 0.9368 -0.2768 -0.2141
vn 0.9711 -0.2374 -0.0235
vn 0.9592 -0.2826 -0.0024
vn 0.9368 -0.2768 -0.2141
vn 0.9432 -0.2375 -0.2321
vn 0.8748 -0.261 -0.4083
vn 0.9368 -0.2768 -0.2141
vn 0.924 -0.3257 -0.2003
vn 0.8674 -0.3017 -0.3957
vn 0.8758 -0.2285 -0.4251
vn 0.9432 -0.2375 -0.2321
vn 0.9368 -0.2768 -0.2141
vn 0.8748 -0.261 -0.4083
vn 0.7132 -0.2447 -0.6568
vn 0.713 -0.2193 -0.666
vn 0.8748 -0.261 -0.4083
vn 0.8674 -0.3017 -0.3957
vn 0.708 -0.2008 -0.6771
vn 0.8758 -0.2285 -0.4251
vn 0.8748 -0.261 -0.4083
vn 0.713 -0.2193 -0.666
vn 0.6978 -0.1842 -0.6922
vn 0.8703 -0.1998 -0.4502
vn 0.8758 -0.2285 -0.4251
vn 0.708 -0.2008 -0.6771
vn 0.8703 -0.1998 -0.4502
vn 0.9443 -0.2042 -0.258
vn 0.9432 -0.2375 -0.2321
vn 0.8758 -0.2285 -0.4251
vn 0.8572 -0.1691 -0.4864
vn 0.9403 -0.1703 -0.2948
vn 0.9443 -0.2042 -0.258
vn 0.8703 -0.1998 -0.4502
vn 0.6812 -0.164 -0.7135
vn 0.8572 -0.1691 -0.4864
vn 0.8703 -0.1998 -0.4502
vn 0.6978 -0.1842 -0.6922
vn 0.9432 -0.2375 -0.2321
vn 0.9443 -0.2042 -0.258
vn 0.9786 -0.1996 -0.0493
vn 0.9711 -0.2374 -0.0235
vn 0.9443 -0.2042 -0.258
vn 0.9403 -0.1703 -0.2948
vn 0.9834 -0.1624 -0.0807
vn 0.9786 -0.1996 -0.0493
vn 0.9403 -0.1703 -0.2948
vn 0.93 -0.1282 -0.3446
vn 0.9861 -0.1162 -0.1184
vn 0.9834 -0.1624 -0.0807
vn 0.8348 -0.1304 -0.5349
vn 0.93 -0.1282 -0.3446
vn 0.9403 -0.1703 -0.2948
vn 0.8572 -0.1691 -0.4864
vn 0.9854 -0.0331 -0.1668
vn 0.9861 -0.1162 -0.1184
vn 0.93 -0.1282 -0.3446
vn 0.9089 -0.0564 -0.4133
vn 0.7979 -0.0684 -0.5988
vn 0.9089 -0.0564 -0.4133
vn 0.93 -0.1282 -0.3446
vn 0.8348 -0.1304 -0.5349
vn 0.657 -0.1361 -0.7415
vn 0.8348 -0.1304 -0.5349
vn 0.8572 -0.1691 -0.4864
vn 0.6812 -0.164 -0.7135
vn 0.6219 -0.0913 -0.7778
vn 0.7979 -0.0684 -0.5988
vn 0.8348 -0.1304 -0.5349
vn 0.657 -0.1361 -0.7415
vn 0.4103 -0.1197 -0.9041
vn 0.6219 -0.0913 -0.7778
vn 0.657 -0.1361 -0.7415
vn 0.4277 -0.1415 -0.8928
vn 0.4277 -0.1415 -0.8928
vn 0.657 -0.1361 -0.7415
vn 0.6812 -0.164 -0.7135
vn 0.4391 -0.151 -0.8857
vn 0.2614 -0.1432 -0.9546
vn 0.4277 -0.1415 -0.8928
vn 0.4391 -0.151 -0.8857
vn 0.265 -0.1377 -0.9544
vn 0.2549 -0.1394 -0.9569
vn 0.4103 -0.1197 -0.9041
vn 0.4277 -0.1415 -0.8928
vn 0.2614 -0.1432 -0.9546
vn 0.2549 -0.1394 -0.9569
vn 0.2614 -0.1432 -0.9546
vn 0.1606 -0.1405 -0.977
vn 0.1534 -0.1484 -0.977
vn 0.1606 -0.1405 -0.977
vn 0.2614 -0.1432 -0.9546
vn 0.265 -0.1377 -0.9544
vn 0.1678 -0.1264 -0.9777
vn 0.0888 -0.1289 -0.9877
vn 0.0793 -0.1458 -0.9861
vn 0.1534 -0.1484 -0.977
vn 0.1606 -0.1405 -0.977
vn 0.0994 -0.109 -0.9891
vn 0.0888 -0.1289 -0.9877
vn 0.1606 -0.1405 -0.977
vn 0.1678 -0.1264 -0.9777
vn 0.1534 -0.1484 -0.977
vn 0.1455 -0.1463 -0.9785
vn 0.2418 -0.1193 -0.963
vn 0.2549 -0.1394 -0.9569
vn 0.0793 -0.1458 -0.9861
vn 0.0722 -0.1576 -0.9849
vn 0.1455 -0.1463 -0.9785
vn 0.1534 -0.1484 -0.977
vn 0.0722 -0.1576 -0.9849
vn 0.0663 -0.1596 -0.9849
vn 0.1332 -0.128 -0.9828
vn 0.1455 -0.1463 -0.9785
vn 0.1332 -0.128 -0.9828
vn 0.2158 -0.0758 -0.9735
vn 0.2418 -0.1193 -0.963
vn 0.1455 -0.1463 -0.9785
vn 0.3802 -0.0727 -0.9221
vn 0.2418 -0.1193 -0.963
vn 0.2158 -0.0758 -0.9735
vn 0.3287 0.0103 -0.9444
vn 0.2549 -0.1394 -0.9569
vn 0.2418 -0.1193 -0.963
vn 0.3802 -0.0727 -0.9221
vn 0.4103 -0.1197 -0.9041
vn 0.565 -0.006 -0.8251
vn 0.3802 -0.0727 -0.9221
vn 0.3287 0.0103 -0.9444
vn 0.471 0.1361 -0.8716
vn 0.4103 -0.1197 -0.9041
vn 0.3802 -0.0727 -0.9221
vn 0.565 -0.006 -0.8251
vn 0.6219 -0.0913 -0.7778
vn 0.6219 -0.0913 -0.7778
vn 0.565 -0.006 -0.8251
vn 0.7284 0.0563 -0.6828
vn 0.7979 -0.0684 -0.5988
vn 0.7284 0.0563 -0.6828
vn 0.565 -0.006 -0.8251
vn 0.471 0.1361 -0.8716
vn 0.5938 0.2674 -0.7589
vn 0.8533 0.1073 -0.5103
vn 0.7284 0.0563 -0.6828
vn 0.5938 0.2674 -0.7589
vn 0.6958 0.3978 -0.598
vn 0.7979 -0.0684 -0.5988
vn 0.7284 0.0563 -0.6828
vn 0.8533 0.1073 -0.5103
vn 0.9089 -0.0564 -0.4133
vn 0.9089 -0.0564 -0.4133
vn 0.8533 0.1073 -0.5103
vn 0.9558 0.1761 -0.2353
vn 0.9854 -0.0331 -0.1668
vn 0.8533 0.1073 -0.5103
vn 0.6958 0.3978 -0.598
vn 0.7851 0.5431 -0.2977
vn 0.9558 0.1761 -0.2353
vn 0.6958 0.3978 -0.598
vn 0.4452 0.6657 -0.5989
vn 0.4678 0.8311 -0.3009
vn 0.7851 0.5431 -0.2977
vn 0.6958 0.3978 -0.598
vn 0.5938 0.2674 -0.7589
vn 0.4126 0.4906 -0.7675
vn 0.4452 0.6657 -0.5989
vn 0.2327 0.9398 -0.2503
vn 0.4678 0.8311 -0.3009
vn 0.4452 0.6657 -0.5989
vn 0.2542 0.8092 -0.5297
vn 0.4452 0.6657 -0.5989
vn 0.4126 0.4906 -0.7675
vn 0.2647 0.6479 -0.7142
vn 0.2542 0.8092 -0.5297
vn 0.5938 0.2674 -0.7589
vn 0.471 0.1361 -0.8716
vn 0.3519 0.302 -0.886
vn 0.4126 0.4906 -0.7675
vn 0.4126 0.4906 -0.7675
vn 0.3519 0.302 -0.886
vn 0.2449 0.4427 -0.8626
vn 0.2647 0.6479 -0.7142
vn 0.171 0.7442 -0.6456
vn 0.2647 0.6479 -0.7142
vn 0.2449 0.4427 -0.8626
vn 0.1651 0.5429 -0.8234
vn 0.2647 0.6479 -0.7142
vn 0.171 0.7442 -0.6456
vn 0.1529 0.8777 -0.4542
vn 0.2542 0.8092 -0.5297
vn 0.1112 0.8034 -0.5849
vn 0.0976 0.9146 -0.3924
vn 0.1529 0.8777 -0.4542
vn 0.171 0.7442 -0.6456
vn 0.1651 0.5429 -0.8234
vn 0.1061 0.6087 -0.7863
vn 0.1112 0.8034 -0.5849
vn 0.171 0.7442 -0.6456
vn 0.2542 0.8092 -0.5297
vn 0.1529 0.8777 -0.4542
vn 0.1273 0.9719 -0.1979
vn 0.2327 0.9398 -0.2503
vn 0.0789 0.9846 -0.1559
vn 0.1273 0.9719 -0.1979
vn 0.1529 0.8777 -0.4542
vn 0.0976 0.9146 -0.3924
vn 0.0558 0.9907 -0.1238
vn 0.0789 0.9846 -0.1559
vn 0.0976 0.9146 -0.3924
vn 0.0647 0.9365 -0.3447
vn 0.0701 0.8406 -0.5372
vn 0.0647 0.9365 -0.3447
vn 0.0976 0.9146 -0.3924
vn 0.1112 0.8034 -0.5849
vn 0.0472 0.9937 -0.1014
vn 0.0558 0.9907 -0.1238
vn 0.0647 0.9365 -0.3447
vn 0.0449 0.9497 -0.31
vn 0.0449 0.9497 -0.31
vn 0.0647 0.9365 -0.3447
vn 0.0701 0.8406 -0.5372
vn 0.0396 0.8638 -0.5022
vn 0.1061 0.6087 -0.7863
vn 0.0588 0.6496 -0.758
vn 0.0701 0.8406 -0.5372
vn 0.1112 0.8034 -0.5849
vn 0.0396 0.8638 -0.5022
vn 0.0701 0.8406 -0.5372
vn 0.0588 0.6496 -0.758
vn 0.0175 0.6735 -0.739
vn 0.0143 0.8785 -0.4775
vn 0.0396 0.8638 -0.5022
vn 0.0175 0.6735 -0.739
vn -0.021 0.6871 -0.7262
vn 0.0396 0.8638 -0.5022
vn 0.0143 0.8785 -0.4775
vn 0.0311 0.9579 -0.2855
vn 0.0449 0.9497 -0.31
vn -0.0096 0.8878 -0.4601
vn 0.0184 0.9631 -0.2686
vn 0.0311 0.9579 -0.2855
vn 0.0143 0.8785 -0.4775
vn -0.021 0.6871 -0.7262
vn -0.058 0.6949 -0.7167
vn -0.0096 0.8878 -0.4601
vn 0.0143 0.8785 -0.4775
vn 0.0449 0.9497 -0.31
vn 0.0311 0.9579 -0.2855
vn 0.045 0.9952 -0.0871
vn 0.0472 0.9937 -0.1014
vn 0.043 0.996 -0.0787
vn 0.045 0.9952 -0.0871
vn 0.0311 0.9579 -0.2855
vn 0.0184 0.9631 -0.2686
vn 0.0395 0.9964 -0.0746
vn 0.043 0.996 -0.0787
vn 0.0184 0.9631 -0.2686
vn 0.0051 0.9664 -0.2571
vn -0.0332 0.8938 -0.4472
vn 0.0051 0.9664 -0.2571
vn 0.0184 0.9631 -0.2686
vn -0.0096 0.8878 -0.4601
vn 0.0346 0.9967 -0.0728
vn 0.0395 0.9964 -0.0746
vn 0.0051 0.9664 -0.2571
vn -0.0088 0.9685 -0.2489
vn -0.0088 0.9685 -0.2489
vn 0.0051 0.9664 -0.2571
vn -0.0332 0.8938 -0.4472
vn -0.0565 0.8982 -0.436
vn -0.058 0.6949 -0.7167
vn -0.0937 0.7006 -0.7073
vn -0.0332 0.8938 -0.4472
vn -0.0096 0.8878 -0.4601
vn -0.0565 0.8982 -0.436
vn -0.0332 0.8938 -0.4472
vn -0.0937 0.7006 -0.7073
vn -0.1279 0.7071 -0.6954
vn -0.0781 0.9015 -0.4256
vn -0.0565 0.8982 -0.436
vn -0.1279 0.7071 -0.6954
vn -0.1591 0.7149 -0.6809
vn -0.0565 0.8982 -0.436
vn -0.0781 0.9015 -0.4256
vn -0.0224 0.9697 -0.2433
vn -0.0088 0.9685 -0.2489
vn -0.0978 0.9029 -0.4186
vn -0.0348 0.9697 -0.2418
vn -0.0224 0.9697 -0.2433
vn -0.0781 0.9015 -0.4256
vn -0.1591 0.7149 -0.6809
vn -0.187 0.7214 -0.6668
vn -0.0978 0.9029 -0.4186
vn -0.0781 0.9015 -0.4256
vn -0.0088 0.9685 -0.2489
vn -0.0224 0.9697 -0.2433
vn 0.0293 0.9969 -0.0725
vn 0.0346 0.9967 -0.0728
vn 0.0242 0.9969 -0.0746
vn 0.0293 0.9969 -0.0725
vn -0.0224 0.9697 -0.2433
vn -0.0348 0.9697 -0.2418
vn 0.0186 0.9966 -0.0808
vn 0.0242 0.9969 -0.0746
vn -0.0348 0.9697 -0.2418
vn -0.0474 0.9679 -0.2466
vn -0.1175 0.9003 -0.419
vn -0.0474 0.9679 -0.2466
vn -0.0348 0.9697 -0.2418
vn -0.0978 0.9029 -0.4186
vn 0.0108 0.9957 -0.0925
vn 0.0186 0.9966 -0.0808
vn -0.0474 0.9679 -0.2466
vn -0.0624 0.9636 -0.26
vn -0.1407 0.8915 -0.4307
vn -0.0624 0.9636 -0.26
vn -0.0474 0.9679 -0.2466
vn -0.1175 0.9003 -0.419
vn -0.187 0.7214 -0.6668
vn -0.2143 0.7219 -0.658
vn -0.1175 0.9003 -0.419
vn -0.0978 0.9029 -0.4186
vn -0.2446 0.7109 -0.6594
vn -0.1407 0.8915 -0.4307
vn -0.1175 0.9003 -0.419
vn -0.2143 0.7219 -0.658
vn -0.2446 0.7109 -0.6594
vn -0.2818 0.6845 -0.6724
vn -0.1732 0.8736 -0.4548
vn -0.1407 0.8915 -0.4307
vn -0.1407 0.8915 -0.4307
vn -0.1732 0.8736 -0.4548
vn -0.0865 0.9552 -0.283
vn -0.0624 0.9636 -0.26
vn -0.1278 0.9408 -0.314
vn -0.0865 0.9552 -0.283
vn -0.1732 0.8736 -0.4548
vn -0.2215 0.844 -0.4884
vn -0.1732 0.8736 -0.4548
vn -0.2818 0.6845 -0.6724
vn -0.3285 0.6418 -0.6929
vn -0.2215 0.844 -0.4884
vn -0.0624 0.9636 -0.26
vn -0.0865 0.9552 -0.283
vn -0.0052 0.9939 -0.1099
vn 0.0108 0.9957 -0.0925
vn -0.0374 0.9906 -0.1315
vn -0.0052 0.9939 -0.1099
vn -0.0865 0.9552 -0.283
vn -0.1278 0.9408 -0.314
vn -0.0964 0.9833 -0.1544
vn -0.0374 0.9906 -0.1315
vn -0.1278 0.9408 -0.314
vn -0.1955 0.9164 -0.3492
vn -0.1955 0.9164 -0.3492
vn -0.1278 0.9408 -0.314
vn -0.2215 0.844 -0.4884
vn -0.2915 0.7996 -0.5251
vn -0.2141 0.9618 -0.1703
vn -0.0964 0.9833 -0.1544
vn -0.1955 0.9164 -0.3492
vn -0.3148 0.8702 -0.3789
vn -0.2915 0.7996 -0.5251
vn -0.3991 0.7312 -0.5533
vn -0.3148 0.8702 -0.3789
vn -0.1955 0.9164 -0.3492
vn -0.2215 0.844 -0.4884
vn -0.3285 0.6418 -0.6929
vn -0.3868 0.5839 -0.7137
vn -0.2915 0.7996 -0.5251
vn -0.3991 0.7312 -0.5533
vn -0.2915 0.7996 -0.5251
vn -0.3868 0.5839 -0.7137
vn -0.4641 0.5093 -0.7247
vn -0.5756 0.4077 -0.7089
vn -0.5723 0.6128 -0.5449
vn -0.3991 0.7312 -0.5533
vn -0.4641 0.5093 -0.7247
vn -0.5723 0.6128 -0.5449
vn -0.5336 0.7594 -0.3723
vn -0.3148 0.8702 -0.3789
vn -0.3991 0.7312 -0.5533
vn -0.784 0.4159 -0.4609
vn -0.8057 0.5207 -0.2822
vn -0.5336 0.7594 -0.3723
vn -0.5723 0.6128 -0.5449
vn -0.7132 0.2715 -0.6462
vn -0.784 0.4159 -0.4609
vn -0.5723 0.6128 -0.5449
vn -0.5756 0.4077 -0.7089
vn -0.3148 0.8702 -0.3789
vn -0.5336 0.7594 -0.3723
vn -0.4607 0.8746 -0.1509
vn -0.2141 0.9618 -0.1703
vn -0.5336 0.7594 -0.3723
vn -0.8057 0.5207 -0.2822
vn -0.7834 0.6182 -0.0645
vn -0.4607 0.8746 -0.1509
vn -0.8057 0.5207 -0.2822
vn -0.9602 0.2415 -0.1404
vn -0.959 0.2806 0.0401
vn -0.7834 0.6182 -0.0645
vn -0.9241 0.2038 -0.3232
vn -0.9602 0.2415 -0.1404
vn -0.8057 0.5207 -0.2822
vn -0.784 0.4159 -0.4609
vn -0.9897 0.0879 0.1128
vn -0.959 0.2806 0.0401
vn -0.9602 0.2415 -0.1404
vn -0.9966 0.0786 -0.0247
vn -0.9966 0.0786 -0.0247
vn -0.9602 0.2415 -0.1404
vn -0.9241 0.2038 -0.3232
vn -0.9774 0.0725 -0.1984
vn -0.8249 0.136 -0.5487
vn -0.9241 0.2038 -0.3232
vn -0.784 0.4159 -0.4609
vn -0.7132 0.2715 -0.6462
vn -0.9774 0.0725 -0.1984
vn -0.9241 0.2038 -0.3232
vn -0.8249 0.136 -0.5487
vn -0.8898 0.0476 -0.4538
vn -0.8898 0.0476 -0.4538
vn -0.8249 0.136 -0.5487
vn -0.6889 0.0654 -0.7219
vn -0.7427 0.0169 -0.6695
vn -0.6889 0.0654 -0.7219
vn -0.8249 0.136 -0.5487
vn -0.7132 0.2715 -0.6462
vn -0.6184 0.1368 -0.7739
vn -0.5972 0.0271 -0.8017
vn -0.6889 0.0654 -0.7219
vn -0.6184 0.1368 -0.7739
vn -0.5531 0.0636 -0.8307
vn -0.7427 0.0169 -0.6695
vn -0.6889 0.0654 -0.7219
vn -0.5972 0.0271 -0.8017
vn -0.6336 0.0009 -0.7737
vn -0.5698 -0.0088 -0.8218
vn -0.6336 0.0009 -0.7737
vn -0.5972 0.0271 -0.8017
vn -0.5432 0.0058 -0.8396
vn -0.5432 0.0058 -0.8396
vn -0.5972 0.0271 -0.8017
vn -0.5531 0.0636 -0.8307
vn -0.51 0.0224 -0.8599
vn -0.4951 -0.0177 -0.8687
vn -0.5161 -0.0232 -0.8562
vn -0.5698 -0.0088 -0.8218
vn -0.5432 0.0058 -0.8396
vn -0.4698 -0.0149 -0.8827
vn -0.4951 -0.0177 -0.8687
vn -0.5432 0.0058 -0.8396
vn -0.51 0.0224 -0.8599
vn -0.5161 -0.0232 -0.8562
vn -0.5173 -0.02 -0.8556
vn -0.5842 -0.0139 -0.8115
vn -0.5698 -0.0088 -0.8218
vn -0.5698 -0.0088 -0.8218
vn -0.5842 -0.0139 -0.8115
vn -0.6611 -0.0116 -0.7502
vn -0.6336 0.0009 -0.7737
vn -0.5173 -0.02 -0.8556
vn -0.5145 -0.0051 -0.8575
vn -0.5909 -0.0061 -0.8068
vn -0.5842 -0.0139 -0.8115
vn -0.5909 -0.0061 -0.8068
vn -0.6828 -0.0128 -0.7305
vn -0.6611 -0.0116 -0.7502
vn -0.5842 -0.0139 -0.8115
vn -0.6828 -0.0128 -0.7305
vn -0.8144 -0.0233 -0.5799
vn -0.7829 -0.0094 -0.6221
vn -0.6611 -0.0116 -0.7502
vn -0.6611 -0.0116 -0.7502
vn -0.7829 -0.0094 -0.6221
vn -0.7427 0.0169 -0.6695
vn -0.6336 0.0009 -0.7737
vn -0.8144 -0.0233 -0.5799
vn -0.9507 -0.0294 -0.3088
vn -0.9274 0.0001 -0.3741
vn -0.7829 -0.0094 -0.6221
vn -0.7829 -0.0094 -0.6221
vn -0.9274 0.0001 -0.3741
vn -0.8898 0.0476 -0.4538
vn -0.7427 0.0169 -0.6695
vn -0.9507 -0.0294 -0.3088
vn -0.9988 -0.0303 -0.0389
vn -0.9943 0.0086 -0.1064
vn -0.9274 0.0001 -0.3741
vn -0.9274 0.0001 -0.3741
vn -0.9943 0.0086 -0.1064
vn -0.9774 0.0725 -0.1984
vn -0.8898 0.0476 -0.4538
vn -0.9988 -0.0303 -0.0389
vn -0.9943 -0.0323 0.1017
vn -0.9987 0.0083 0.0502
vn -0.9943 0.0086 -0.1064
vn -0.9943 0.0086 -0.1064
vn -0.9987 0.0083 0.0502
vn -0.9966 0.0786 -0.0247
vn -0.9774 0.0725 -0.1984
vn -0.9966 0.0786 -0.0247
vn -0.9987 0.0083 0.0502
vn -0.9874 0.0115 0.158
vn -0.9897 0.0879 0.1128
vn -0.9813 -0.0311 0.19
vn -0.9874 0.0115 0.158
vn -0.9987 0.0083 0.0502
vn -0.9943 -0.0323 0.1017
vn -0.9745 -0.0658 0.2143
vn -0.9813 -0.0311 0.19
vn -0.9943 -0.0323 0.1017
vn -0.9883 -0.0654 0.1374
vn -0.998 -0.062 0.0089
vn -0.9883 -0.0654 0.1374
vn -0.9943 -0.0323 0.1017
vn -0.9988 -0.0303 -0.0389
vn -0.967 -0.1015 0.2335
vn -0.9745 -0.0658 0.2143
vn -0.9883 -0.0654 0.1374
vn -0.982 -0.099 0.1611
vn -0.982 -0.099 0.1611
vn -0.9883 -0.0654 0.1374
vn -0.998 -0.062 0.0089
vn -0.9949 -0.0931 0.0397
vn -0.9648 -0.0526 -0.2577
vn -0.998 -0.062 0.0089
vn -0.9988 -0.0303 -0.0389
vn -0.9507 -0.0294 -0.3088
vn -0.9949 -0.0931 0.0397
vn -0.998 -0.062 0.0089
vn -0.9648 -0.0526 -0.2577
vn -0.9724 -0.0739 -0.2215
vn -0.9724 -0.0739 -0.2215
vn -0.9648 -0.0526 -0.2577
vn -0.8391 -0.0311 -0.543
vn -0.8577 -0.0359 -0.513
vn -0.8391 -0.0311 -0.543
vn -0.9648 -0.0526 -0.2577
vn -0.9507 -0.0294 -0.3088
vn -0.8144 -0.0233 -0.5799
vn -0.7018 -0.0066 -0.7124
vn -0.8391 -0.0311 -0.543
vn -0.8144 -0.0233 -0.5799
vn -0.6828 -0.0128 -0.7305
vn -0.8577 -0.0359 -0.513
vn -0.8391 -0.0311 -0.543
vn -0.7018 -0.0066 -0.7124
vn -0.7185 0.0036 -0.6955
vn -0.7185 0.0036 -0.6955
vn -0.7018 -0.0066 -0.7124
vn -0.5967 0.0108 -0.8024
vn -0.6027 0.033 -0.7973
vn -0.5967 0.0108 -0.8024
vn -0.7018 -0.0066 -0.7124
vn -0.6828 -0.0128 -0.7305
vn -0.5909 -0.0061 -0.8068
vn -0.5113 0.0199 -0.8592
vn -0.5082 0.0515 -0.8597
vn -0.6027 0.033 -0.7973
vn -0.5967 0.0108 -0.8024
vn -0.5145 -0.0051 -0.8575
vn -0.5113 0.0199 -0.8592
vn -0.5967 0.0108 -0.8024
vn -0.5909 -0.0061 -0.8068
vn -0.6027 0.033 -0.7973
vn -0.6087 0.0535 -0.7916
vn -0.7327 0.012 -0.6804
vn -0.7185 0.0036 -0.6955
vn -0.5082 0.0515 -0.8597
vn -0.5052 0.0821 -0.8591
vn -0.6087 0.0535 -0.7916
vn -0.6027 0.033 -0.7973
vn -0.5052 0.0821 -0.8591
vn -0.5035 0.1062 -0.8574
vn -0.6149 0.0677 -0.7857
vn -0.6087 0.0535 -0.7916
vn -0.6149 0.0677 -0.7857
vn -0.7443 0.0146 -0.6677
vn -0.7327 0.012 -0.6804
vn -0.6087 0.0535 -0.7916
vn -0.7327 0.012 -0.6804
vn -0.7443 0.0146 -0.6677
vn -0.8785 -0.0526 -0.4749
vn -0.8704 -0.042 -0.4905
vn -0.8704 -0.042 -0.4905
vn -0.8577 -0.0359 -0.513
vn -0.7185 0.0036 -0.6955
vn -0.7327 0.012 -0.6804
vn -0.8785 -0.0526 -0.4749
vn -0.9747 -0.1239 -0.186
vn -0.9752 -0.0969 -0.1989
vn -0.8704 -0.042 -0.4905
vn -0.8577 -0.0359 -0.513
vn -0.8704 -0.042 -0.4905
vn -0.9752 -0.0969 -0.1989
vn -0.9724 -0.0739 -0.2215
vn -0.9752 -0.0969 -0.1989
vn -0.9747 -0.1239 -0.186
vn -0.9835 -0.1681 0.0674
vn -0.9901 -0.1278 0.0575
vn -0.9901 -0.1278 0.0575
vn -0.9949 -0.0931 0.0397
vn -0.9724 -0.0739 -0.2215
vn -0.9752 -0.0969 -0.1989
vn -0.9835 -0.1681 0.0674
vn -0.9646 -0.185 0.188
vn -0.9745 -0.1381 0.1766
vn -0.9901 -0.1278 0.0575
vn -0.9949 -0.0931 0.0397
vn -0.9901 -0.1278 0.0575
vn -0.9745 -0.1381 0.1766
vn -0.982 -0.099 0.1611
vn -0.982 -0.099 0.1611
vn -0.9745 -0.1381 0.1766
vn -0.9574 -0.1443 0.2501
vn -0.967 -0.1015 0.2335
vn -0.9435 -0.1967 0.2665
vn -0.9574 -0.1443 0.2501
vn -0.9745 -0.1381 0.1766
vn -0.9646 -0.185 0.188
vn -0.923 -0.2589 0.2848
vn -0.9435 -0.1967 0.2665
vn -0.9646 -0.185 0.188
vn -0.9504 -0.2395 0.1986
vn -0.9741 -0.2137 0.0737
vn -0.9504 -0.2395 0.1986
vn -0.9646 -0.185 0.188
vn -0.9835 -0.1681 0.0674
vn -0.8935 -0.3289 0.3058
vn -0.923 -0.2589 0.2848
vn -0.9504 -0.2395 0.1986
vn -0.9304 -0.3003 0.2103
vn -0.9304 -0.3003 0.2103
vn -0.9504 -0.2395 0.1986
vn -0.9741 -0.2137 0.0737
vn -0.9613 -0.2639 0.0788
vn -0.9747 -0.1239 -0.186
vn -0.9715 -0.1547 -0.1796
vn -0.9741 -0.2137 0.0737
vn -0.9835 -0.1681 0.0674
vn -0.9613 -0.2639 0.0788
vn -0.9741 -0.2137 0.0737
vn -0.9715 -0.1547 -0.1796
vn -0.9658 -0.1885 -0.178
vn -0.9613 -0.2639 0.0788
vn -0.9658 -0.1885 -0.178
vn -0.9575 -0.2241 -0.1817
vn -0.9449 -0.3167 0.0827
vn -0.9304 -0.3003 0.2103
vn -0.9613 -0.2639 0.0788
vn -0.9449 -0.3167 0.0827
vn -0.9045 -0.3636 0.2229
vn -0.9045 -0.3636 0.2229
vn -0.9449 -0.3167 0.0827
vn -0.9249 -0.3709 0.0837
vn -0.8735 -0.4268 0.2343
vn -0.9449 -0.3167 0.0827
vn -0.9575 -0.2241 -0.1817
vn -0.9461 -0.2604 -0.1923
vn -0.9249 -0.3709 0.0837
vn -0.9304 -0.3003 0.2103
vn -0.9045 -0.3636 0.2229
vn -0.8551 -0.401 0.3286
vn -0.8935 -0.3289 0.3058
vn -0.9045 -0.3636 0.2229
vn -0.8735 -0.4268 0.2343
vn -0.8098 -0.4703 0.3506
vn -0.8551 -0.401 0.3286
vn -0.8735 -0.4268 0.2343
vn -0.8379 -0.4901 0.2404
vn -0.7598 -0.5364 0.3674
vn -0.8098 -0.4703 0.3506
vn -0.8735 -0.4268 0.2343
vn -0.9249 -0.3709 0.0837
vn -0.9009 -0.427 0.0784
vn -0.8379 -0.4901 0.2404
vn -0.707 -0.6 0.3743
vn -0.7598 -0.5364 0.3674
vn -0.8379 -0.4901 0.2404
vn -0.798 -0.5544 0.2361
vn -0.8379 -0.4901 0.2404
vn -0.9009 -0.427 0.0784
vn -0.8717 -0.486 0.0624
vn -0.798 -0.5544 0.2361
vn -0.9249 -0.3709 0.0837
vn -0.9461 -0.2604 -0.1923
vn -0.931 -0.2973 -0.2119
vn -0.9009 -0.427 0.0784
vn -0.9009 -0.427 0.0784
vn -0.931 -0.2973 -0.2119
vn -0.9103 -0.3354 -0.2425
vn -0.8717 -0.486 0.0624
vn -0.9103 -0.3354 -0.2425
vn -0.8803 -0.378 -0.2867
vn -0.8348 -0.5497 0.0317
vn -0.8717 -0.486 0.0624
vn -0.8717 -0.486 0.0624
vn -0.8348 -0.5497 0.0317
vn -0.7529 -0.6215 0.2167
vn -0.798 -0.5544 0.2361
vn -0.7529 -0.6215 0.2167
vn -0.8348 -0.5497 0.0317
vn -0.7848 -0.6195 -0.0146
vn -0.6986 -0.6922 0.1813
vn -0.8348 -0.5497 0.0317
vn -0.8803 -0.378 -0.2867
vn -0.8345 -0.4287 -0.3461
vn -0.7848 -0.6195 -0.0146
vn -0.798 -0.5544 0.2361
vn -0.7529 -0.6215 0.2167
vn -0.6513 -0.6636 0.368
vn -0.707 -0.6 0.3743
vn -0.7529 -0.6215 0.2167
vn -0.6986 -0.6922 0.1813
vn -0.5897 -0.7286 0.3484
vn -0.6513 -0.6636 0.368
vn -0.6513 -0.6636 0.368
vn -0.5897 -0.7286 0.3484
vn -0.4495 -0.7398 0.5006
vn -0.5193 -0.6892 0.5052
vn -0.9103 -0.3354 -0.2425
vn -0.8352 -0.1459 -0.5303
vn -0.8024 -0.1576 -0.5756
vn -0.8803 -0.378 -0.2867
vn -0.8803 -0.378 -0.2867
vn -0.8024 -0.1576 -0.5756
vn -0.752 -0.1729 -0.636
vn -0.8345 -0.4287 -0.3461
vn -0.8024 -0.1576 -0.5756
vn -0.6981 -0.0259 -0.7155
vn -0.6392 -0.0195 -0.7688
vn -0.752 -0.1729 -0.636
vn -0.8352 -0.1459 -0.5303
vn -0.7337 -0.0266 -0.6789
vn -0.6981 -0.0259 -0.7155
vn -0.8024 -0.1576 -0.5756
vn -0.5351 0.0878 -0.8402
vn -0.6392 -0.0195 -0.7688
vn -0.6981 -0.0259 -0.7155
vn -0.6006 0.0662 -0.7968
vn -0.6393 0.0584 -0.7667
vn -0.6006 0.0662 -0.7968
vn -0.6981 -0.0259 -0.7155
vn -0.7337 -0.0266 -0.6789
vn -0.5377 0.1431 -0.8309
vn -0.4983 0.1584 -0.8524
vn -0.6006 0.0662 -0.7968
vn -0.6393 0.0584 -0.7667
vn -0.4983 0.1584 -0.8524
vn -0.4361 0.1849 -0.8807
vn -0.5351 0.0878 -0.8402
vn -0.6006 0.0662 -0.7968
vn -0.5359 0.1474 -0.8313
vn -0.5377 0.1431 -0.8309
vn -0.6393 0.0584 -0.7667
vn -0.6492 0.0638 -0.758
vn -0.6393 0.0584 -0.7667
vn -0.7337 -0.0266 -0.6789
vn -0.7522 -0.0223 -0.6585
vn -0.6492 0.0638 -0.758
vn -0.5258 0.1507 -0.8372
vn -0.5359 0.1474 -0.8313
vn -0.6492 0.0638 -0.758
vn -0.6455 0.0725 -0.7603
vn -0.6492 0.0638 -0.758
vn -0.7522 -0.0223 -0.6585
vn -0.7602 -0.0133 -0.6495
vn -0.6455 0.0725 -0.7603
vn -0.8566 -0.1343 -0.4982
vn -0.7522 -0.0223 -0.6585
vn -0.7337 -0.0266 -0.6789
vn -0.8352 -0.1459 -0.5303
vn -0.8707 -0.1193 -0.4772
vn -0.7602 -0.0133 -0.6495
vn -0.7522 -0.0223 -0.6585
vn -0.8566 -0.1343 -0.4982
vn -0.9461 -0.2604 -0.1923
vn -0.8707 -0.1193 -0.4772
vn -0.8566 -0.1343 -0.4982
vn -0.931 -0.2973 -0.2119
vn -0.931 -0.2973 -0.2119
vn -0.8566 -0.1343 -0.4982
vn -0.8352 -0.1459 -0.5303
vn -0.9103 -0.3354 -0.2425
vn -0.8791 -0.1019 -0.4656
vn -0.7617 -0.0031 -0.648
vn -0.7602 -0.0133 -0.6495
vn -0.8707 -0.1193 -0.4772
vn -0.9575 -0.2241 -0.1817
vn -0.8791 -0.1019 -0.4656
vn -0.8707 -0.1193 -0.4772
vn -0.9461 -0.2604 -0.1923
vn -0.8828 -0.0838 -0.4622
vn -0.7588 0.0059 -0.6512
vn -0.7617 -0.0031 -0.648
vn -0.8791 -0.1019 -0.4656
vn -0.9658 -0.1885 -0.178
vn -0.8828 -0.0838 -0.4622
vn -0.8791 -0.1019 -0.4656
vn -0.9575 -0.2241 -0.1817
vn -0.6455 0.0725 -0.7603
vn -0.7602 -0.0133 -0.6495
vn -0.7617 -0.0031 -0.648
vn -0.6375 0.0784 -0.7664
vn -0.629 0.0797 -0.7733
vn -0.6375 0.0784 -0.7664
vn -0.7617 -0.0031 -0.648
vn -0.7588 0.0059 -0.6512
vn -0.5076 0.1391 -0.8503
vn -0.5151 0.1483 -0.8442
vn -0.6375 0.0784 -0.7664
vn -0.629 0.0797 -0.7733
vn -0.5151 0.1483 -0.8442
vn -0.5258 0.1507 -0.8372
vn -0.6455 0.0725 -0.7603
vn -0.6375 0.0784 -0.7664
vn -0.7588 0.0059 -0.6512
vn -0.7529 0.0121 -0.658
vn -0.6215 0.0761 -0.7797
vn -0.629 0.0797 -0.7733
vn -0.504 0.1248 -0.8546
vn -0.5076 0.1391 -0.8503
vn -0.629 0.0797 -0.7733
vn -0.6215 0.0761 -0.7797
vn -0.5035 0.1062 -0.8574
vn -0.504 0.1248 -0.8546
vn -0.6215 0.0761 -0.7797
vn -0.6149 0.0677 -0.7857
vn -0.6215 0.0761 -0.7797
vn -0.7529 0.0121 -0.658
vn -0.7443 0.0146 -0.6677
vn -0.6149 0.0677 -0.7857
vn -0.8828 -0.0838 -0.4622
vn -0.8825 -0.0669 -0.4656
vn -0.7529 0.0121 -0.658
vn -0.7588 0.0059 -0.6512
vn -0.7443 0.0146 -0.6677
vn -0.7529 0.0121 -0.658
vn -0.8825 -0.0669 -0.4656
vn -0.8785 -0.0526 -0.4749
vn -0.8825 -0.0669 -0.4656
vn -0.9715 -0.1547 -0.1796
vn -0.9747 -0.1239 -0.186
vn -0.8785 -0.0526 -0.4749
vn -0.9658 -0.1885 -0.178
vn -0.9715 -0.1547 -0.1796
vn -0.8825 -0.0669 -0.4656
vn -0.8828 -0.0838 -0.4622
vn -0.4248 0.1549 -0.8919
vn -0.504 0.1248 -0.8546
vn -0.5035 0.1062 -0.8574
vn -0.4309 0.1288 -0.8931
vn -0.5076 0.1391 -0.8503
vn -0.504 0.1248 -0.8546
vn -0.4248 0.1549 -0.8919
vn -0.421 0.1784 -0.8894
vn -0.4309 0.1288 -0.8931
vn -0.3912 0.1392 -0.9097
vn -0.3786 0.1703 -0.9098
vn -0.4248 0.1549 -0.8919
vn -0.4248 0.1549 -0.8919
vn -0.3786 0.1703 -0.9098
vn -0.3668 0.2 -0.9085
vn -0.421 0.1784 -0.8894
vn -0.4208 0.1976 -0.8854
vn -0.5151 0.1483 -0.8442
vn -0.5076 0.1391 -0.8503
vn -0.421 0.1784 -0.8894
vn -0.421 0.1784 -0.8894
vn -0.3668 0.2 -0.9085
vn -0.3578 0.2259 -0.9061
vn -0.4208 0.1976 -0.8854
vn -0.4208 0.1976 -0.8854
vn -0.3578 0.2259 -0.9061
vn -0.3541 0.2432 -0.903
vn -0.4254 0.2092 -0.8805
vn -0.4254 0.2092 -0.8805
vn -0.5258 0.1507 -0.8372
vn -0.5151 0.1483 -0.8442
vn -0.4208 0.1976 -0.8854
vn -0.4254 0.2092 -0.8805
vn -0.3541 0.2432 -0.903
vn -0.3709 0.238 -0.8976
vn -0.4345 0.2099 -0.8759
vn -0.4345 0.2099 -0.8759
vn -0.5359 0.1474 -0.8313
vn -0.5258 0.1507 -0.8372
vn -0.4254 0.2092 -0.8805
vn -0.3709 0.238 -0.8976
vn -0.4361 0.1849 -0.8807
vn -0.4983 0.1584 -0.8524
vn -0.4345 0.2099 -0.8759
vn -0.5377 0.1431 -0.8309
vn -0.5359 0.1474 -0.8313
vn -0.4345 0.2099 -0.8759
vn -0.4983 0.1584 -0.8524
vn -0.3541 0.2432 -0.903
vn -0.3009 0.2629 -0.9167
vn -0.3098 0.2626 -0.9138
vn -0.3709 0.238 -0.8976
vn -0.3098 0.2626 -0.9138
vn -0.3613 0.2158 -0.9071
vn -0.4361 0.1849 -0.8807
vn -0.3709 0.238 -0.8976
vn -0.4361 0.1849 -0.8807
vn -0.3613 0.2158 -0.9071
vn -0.4514 0.1174 -0.8846
vn -0.5351 0.0878 -0.8402
vn -0.3613 0.2158 -0.9071
vn -0.2862 0.2434 -0.9267
vn -0.3597 0.1483 -0.9212
vn -0.4514 0.1174 -0.8846
vn -0.2862 0.2434 -0.9267
vn -0.3613 0.2158 -0.9071
vn -0.3098 0.2626 -0.9138
vn -0.2525 0.281 -0.9259
vn -0.2862 0.2434 -0.9267
vn -0.2222 0.263 -0.9389
vn -0.2756 0.1746 -0.9453
vn -0.3597 0.1483 -0.9212
vn -0.204 0.2923 -0.9343
vn -0.2222 0.263 -0.9389
vn -0.2862 0.2434 -0.9267
vn -0.2525 0.281 -0.9259
vn -0.2222 0.263 -0.9389
vn -0.1731 0.2743 -0.9459
vn -0.2073 0.1937 -0.9589
vn -0.2756 0.1746 -0.9453
vn -0.1665 0.2971 -0.9402
vn -0.1731 0.2743 -0.9459
vn -0.2222 0.263 -0.9389
vn -0.204 0.2923 -0.9343
vn -0.2523 0.2761 -0.9274
vn -0.2107 0.2829 -0.9357
vn -0.204 0.2923 -0.9343
vn -0.2525 0.281 -0.9259
vn -0.2107 0.2829 -0.9357
vn -0.1775 0.2843 -0.9421
vn -0.1665 0.2971 -0.9402
vn -0.204 0.2923 -0.9343
vn -0.1775 0.2843 -0.9421
vn -0.1496 0.2818 -0.9477
vn -0.1359 0.2972 -0.9451
vn -0.1665 0.2971 -0.9402
vn -0.1359 0.2972 -0.9451
vn -0.1338 0.2792 -0.9509
vn -0.1731 0.2743 -0.9459
vn -0.1665 0.2971 -0.9402
vn -0.1496 0.2818 -0.9477
vn -0.1248 0.276 -0.953
vn -0.109 0.2934 -0.9497
vn -0.1359 0.2972 -0.9451
vn -0.0999 0.279 -0.9551
vn -0.1338 0.2792 -0.9509
vn -0.1359 0.2972 -0.9451
vn -0.109 0.2934 -0.9497
vn -0.0855 0.2859 -0.9544
vn -0.0703 0.2742 -0.9591
vn -0.0999 0.279 -0.9551
vn -0.109 0.2934 -0.9497
vn -0.1248 0.276 -0.953
vn -0.1031 0.2668 -0.9582
vn -0.0855 0.2859 -0.9544
vn -0.109 0.2934 -0.9497
vn -0.1031 0.2668 -0.9582
vn -0.0847 0.2541 -0.9635
vn -0.0653 0.2743 -0.9594
vn -0.0855 0.2859 -0.9544
vn -0.0653 0.2743 -0.9594
vn -0.0444 0.2647 -0.9633
vn -0.0703 0.2742 -0.9591
vn -0.0855 0.2859 -0.9544
vn -0.0847 0.2541 -0.9635
vn -0.0684 0.2378 -0.9689
vn -0.0468 0.2587 -0.9648
vn -0.0653 0.2743 -0.9594
vn -0.0468 0.2587 -0.9648
vn -0.0199 0.2501 -0.968
vn -0.0444 0.2647 -0.9633
vn -0.0653 0.2743 -0.9594
vn -0.0444 0.2647 -0.9633
vn -0.0199 0.2501 -0.968
vn 0.0106 0.1966 -0.9804
vn -0.0245 0.2078 -0.9779
vn -0.0199 0.2501 -0.968
vn 0.0055 0.2298 -0.9732
vn 0.0465 0.1785 -0.9828
vn 0.0106 0.1966 -0.9804
vn 0.0055 0.2298 -0.9732
vn -0.0199 0.2501 -0.968
vn -0.0468 0.2587 -0.9648
vn -0.0281 0.2384 -0.9708
vn 0.0055 0.2298 -0.9732
vn 0.0306 0.2032 -0.9787
vn 0.0815 0.1532 -0.9848
vn 0.0465 0.1785 -0.9828
vn -0.01 0.2129 -0.977
vn 0.0306 0.2032 -0.9787
vn 0.0055 0.2298 -0.9732
vn -0.0281 0.2384 -0.9708
vn 0.0306 0.2032 -0.9787
vn 0.0533 0.1706 -0.9839
vn 0.1126 0.1212 -0.9862
vn 0.0815 0.1532 -0.9848
vn 0.0062 0.1825 -0.9832
vn 0.0533 0.1706 -0.9839
vn 0.0306 0.2032 -0.9787
vn -0.01 0.2129 -0.977
vn -0.0527 0.2177 -0.9746
vn -0.0378 0.1935 -0.9804
vn -0.01 0.2129 -0.977
vn -0.0281 0.2384 -0.9708
vn -0.0378 0.1935 -0.9804
vn -0.024 0.1653 -0.9859
vn 0.0062 0.1825 -0.9832
vn -0.01 0.2129 -0.977
vn -0.024 0.1653 -0.9859
vn -0.0115 0.1348 -0.9908
vn 0.0197 0.1486 -0.9887
vn 0.0062 0.1825 -0.9832
vn 0.0197 0.1486 -0.9887
vn 0.0721 0.1338 -0.9884
vn 0.0533 0.1706 -0.9839
vn 0.0062 0.1825 -0.9832
vn -0.0115 0.1348 -0.9908
vn -0.0002 0.1044 -0.9945
vn 0.0298 0.1142 -0.993
vn 0.0197 0.1486 -0.9887
vn 0.0861 0.0954 -0.9917
vn 0.0721 0.1338 -0.9884
vn 0.0197 0.1486 -0.9887
vn 0.0298 0.1142 -0.993
vn 0.0533 0.1706 -0.9839
vn 0.0721 0.1338 -0.9884
vn 0.1385 0.0846 -0.9867
vn 0.1126 0.1212 -0.9862
vn 0.0721 0.1338 -0.9884
vn 0.0861 0.0954 -0.9917
vn 0.1585 0.0461 -0.9863
vn 0.1385 0.0846 -0.9867
vn 0.0861 0.0954 -0.9917
vn 0.099 0.0602 -0.9933
vn 0.1756 0.0107 -0.9844
vn 0.1585 0.0461 -0.9863
vn 0.0298 0.1142 -0.993
vn 0.0406 0.0829 -0.9957
vn 0.099 0.0602 -0.9933
vn 0.0861 0.0954 -0.9917
vn 0.0406 0.0829 -0.9957
vn 0.0564 0.0568 -0.9968
vn 0.1151 0.0317 -0.9928
vn 0.099 0.0602 -0.9933
vn 0.099 0.0602 -0.9933
vn 0.1151 0.0317 -0.9928
vn 0.1937 -0.0169 -0.9809
vn 0.1756 0.0107 -0.9844
vn -0.0002 0.1044 -0.9945
vn 0.0136 0.0768 -0.997
vn 0.0406 0.0829 -0.9957
vn 0.0298 0.1142 -0.993
vn 0.0136 0.0768 -0.997
vn 0.033 0.0526 -0.9981
vn 0.0564 0.0568 -0.9968
vn 0.0406 0.0829 -0.9957
vn 0.033 0.0526 -0.9981
vn 0.067 0.0264 -0.9974
vn 0.0779 0.0356 -0.9963
vn 0.0564 0.0568 -0.9968
vn 0.0564 0.0568 -0.9968
vn 0.0779 0.0356 -0.9963
vn 0.1316 0.012 -0.9912
vn 0.1151 0.0317 -0.9928
vn 0.067 0.0264 -0.9974
vn 0.1249 -0.0082 -0.9921
vn 0.1356 0.0006 -0.9908
vn 0.0779 0.0356 -0.9963
vn 0.0779 0.0356 -0.9963
vn 0.1356 0.0006 -0.9908
vn 0.143 0.0021 -0.9897
vn 0.1316 0.012 -0.9912
vn 0.1151 0.0317 -0.9928
vn 0.1316 0.012 -0.9912
vn 0.2102 -0.0343 -0.9771
vn 0.1937 -0.0169 -0.9809
vn 0.1316 0.012 -0.9912
vn 0.143 0.0021 -0.9897
vn 0.2176 -0.0398 -0.9752
vn 0.2102 -0.0343 -0.9771
vn 0.143 0.0021 -0.9897
vn 0.1356 0.0006 -0.9908
vn 0.21 -0.039 -0.9769
vn 0.2176 -0.0398 -0.9752
vn 0.2176 -0.0398 -0.9752
vn 0.21 -0.039 -0.9769
vn 0.2952 -0.0816 -0.9519
vn 0.3001 -0.0865 -0.95
vn 0.2176 -0.0398 -0.9752
vn 0.3001 -0.0865 -0.95
vn 0.2951 -0.088 -0.9514
vn 0.2102 -0.0343 -0.9771
vn 0.1356 0.0006 -0.9908
vn 0.1249 -0.0082 -0.9921
vn 0.197 -0.0438 -0.9794
vn 0.21 -0.039 -0.9769
vn 0.197 -0.0438 -0.9794
vn 0.2848 -0.0818 -0.9551
vn 0.2952 -0.0816 -0.9519
vn 0.21 -0.039 -0.9769
vn 0.2952 -0.0816 -0.9519
vn 0.2848 -0.0818 -0.9551
vn 0.4632 -0.1518 -0.8731
vn 0.4663 -0.1635 -0.8694
vn 0.4663 -0.1635 -0.8694
vn 0.4641 -0.1798 -0.8674
vn 0.3001 -0.0865 -0.95
vn 0.2952 -0.0816 -0.9519
vn 0.4632 -0.1518 -0.8731
vn 0.7132 -0.2447 -0.6568
vn 0.7081 -0.2776 -0.6492
vn 0.4663 -0.1635 -0.8694
vn 0.4641 -0.1798 -0.8674
vn 0.4663 -0.1635 -0.8694
vn 0.7081 -0.2776 -0.6492
vn 0.6969 -0.3166 -0.6435
vn 0.6969 -0.3166 -0.6435
vn 0.6798 -0.3564 -0.641
vn 0.455 -0.1947 -0.869
vn 0.4641 -0.1798 -0.8674
vn 0.4641 -0.1798 -0.8674
vn 0.455 -0.1947 -0.869
vn 0.2951 -0.088 -0.9514
vn 0.3001 -0.0865 -0.95
vn 0.455 -0.1947 -0.869
vn 0.6798 -0.3564 -0.641
vn 0.6578 -0.3912 -0.6436
vn 0.4398 -0.2021 -0.875
vn 0.2818 -0.0793 -0.9562
vn 0.2951 -0.088 -0.9514
vn 0.455 -0.1947 -0.869
vn 0.4398 -0.2021 -0.875
vn 0.2102 -0.0343 -0.9771
vn 0.2951 -0.088 -0.9514
vn 0.2818 -0.0793 -0.9562
vn 0.1937 -0.0169 -0.9809
vn 0.1937 -0.0169 -0.9809
vn 0.2818 -0.0793 -0.9562
vn 0.2642 -0.0593 -0.9626
vn 0.1756 0.0107 -0.9844
vn 0.2642 -0.0593 -0.9626
vn 0.2818 -0.0793 -0.9562
vn 0.4398 -0.2021 -0.875
vn 0.4201 -0.1995 -0.8853
vn 0.1585 0.0461 -0.9863
vn 0.1756 0.0107 -0.9844
vn 0.2642 -0.0593 -0.9626
vn 0.2448 -0.0297 -0.9691
vn 0.4201 -0.1995 -0.8853
vn 0.3967 -0.1868 -0.8987
vn 0.2448 -0.0297 -0.9691
vn 0.2642 -0.0593 -0.9626
vn 0.4398 -0.2021 -0.875
vn 0.6578 -0.3912 -0.6436
vn 0.6316 -0.419 -0.6523
vn 0.4201 -0.1995 -0.8853
vn 0.3967 -0.1868 -0.8987
vn 0.4201 -0.1995 -0.8853
vn 0.6316 -0.419 -0.6523
vn 0.6015 -0.4392 -0.6673
vn 0.6015 -0.4392 -0.6673
vn 0.5637 -0.4562 -0.6886
vn 0.3666 -0.1697 -0.9148
vn 0.3967 -0.1868 -0.8987
vn 0.3967 -0.1868 -0.8987
vn 0.3666 -0.1697 -0.9148
vn 0.2206 0.0032 -0.9754
vn 0.2448 -0.0297 -0.9691
vn 0.3666 -0.1697 -0.9148
vn 0.5637 -0.4562 -0.6886
vn 0.5124 -0.4759 -0.7148
vn 0.3256 -0.1549 -0.9327
vn 0.1887 0.0338 -0.9814
vn 0.2206 0.0032 -0.9754
vn 0.3666 -0.1697 -0.9148
vn 0.3256 -0.1549 -0.9327
vn 0.1585 0.0461 -0.9863
vn 0.2448 -0.0297 -0.9691
vn 0.2206 0.0032 -0.9754
vn 0.1385 0.0846 -0.9867
vn 0.1385 0.0846 -0.9867
vn 0.2206 0.0032 -0.9754
vn 0.1887 0.0338 -0.9814
vn 0.1126 0.1212 -0.9862
vn 0.1126 0.1212 -0.9862
vn 0.1887 0.0338 -0.9814
vn 0.149 0.0593 -0.9871
vn 0.0815 0.1532 -0.9848
vn 0.149 0.0593 -0.9871
vn 0.1887 0.0338 -0.9814
vn 0.3256 -0.1549 -0.9327
vn 0.2715 -0.1454 -0.9514
vn 0.0465 0.1785 -0.9828
vn 0.0815 0.1532 -0.9848
vn 0.149 0.0593 -0.9871
vn 0.1018 0.0775 -0.9918
vn 0.2715 -0.1454 -0.9514
vn 0.2023 -0.1442 -0.9687
vn 0.1018 0.0775 -0.9918
vn 0.149 0.0593 -0.9871
vn 0.3256 -0.1549 -0.9327
vn 0.5124 -0.4759 -0.7148
vn 0.4414 -0.5019 -0.7438
vn 0.2715 -0.1454 -0.9514
vn 0.2023 -0.1442 -0.9687
vn 0.2715 -0.1454 -0.9514
vn 0.4414 -0.5019 -0.7438
vn 0.3445 -0.5362 -0.7706
vn 0.3445 -0.5362 -0.7706
vn 0.2256 -0.5747 -0.7867
vn 0.1222 -0.1513 -0.9809
vn 0.2023 -0.1442 -0.9687
vn 0.2023 -0.1442 -0.9687
vn 0.1222 -0.1513 -0.9809
vn 0.0506 0.0877 -0.9949
vn 0.1018 0.0775 -0.9918
vn 0.1222 -0.1513 -0.9809
vn 0.2256 -0.5747 -0.7867
vn 0.0961 -0.6115 -0.7854
vn 0.037 -0.166 -0.9854
vn 0.0506 0.0877 -0.9949
vn 0.1222 -0.1513 -0.9809
vn 0.037 -0.166 -0.9854
vn -0.0016 0.09 -0.9959
vn 0.1018 0.0775 -0.9918
vn 0.0506 0.0877 -0.9949
vn 0.0106 0.1966 -0.9804
vn 0.0465 0.1785 -0.9828
vn 0.0106 0.1966 -0.9804
vn 0.0506 0.0877 -0.9949
vn -0.0016 0.09 -0.9959
vn -0.0245 0.2078 -0.9779
vn 0.4576 -0.1473 -0.8769
vn 0.713 -0.2193 -0.666
vn 0.7132 -0.2447 -0.6568
vn 0.4632 -0.1518 -0.8731
vn 0.2848 -0.0818 -0.9551
vn 0.2749 -0.0904 -0.9572
vn 0.4576 -0.1473 -0.8769
vn 0.4632 -0.1518 -0.8731
vn 0.2693 -0.1072 -0.9571
vn 0.4522 -0.1496 -0.8793
vn 0.4576 -0.1473 -0.8769
vn 0.2749 -0.0904 -0.9572
vn 0.4522 -0.1496 -0.8793
vn 0.708 -0.2008 -0.6771
vn 0.713 -0.2193 -0.666
vn 0.4576 -0.1473 -0.8769
vn 0.2671 -0.1252 -0.9555
vn 0.4467 -0.1529 -0.8815
vn 0.4522 -0.1496 -0.8793
vn 0.2693 -0.1072 -0.9571
vn 0.4467 -0.1529 -0.8815
vn 0.6978 -0.1842 -0.6922
vn 0.708 -0.2008 -0.6771
vn 0.4522 -0.1496 -0.8793
vn 0.4391 -0.151 -0.8857
vn 0.6812 -0.164 -0.7135
vn 0.6978 -0.1842 -0.6922
vn 0.4467 -0.1529 -0.8815
vn 0.265 -0.1377 -0.9544
vn 0.4391 -0.151 -0.8857
vn 0.4467 -0.1529 -0.8815
vn 0.2671 -0.1252 -0.9555
vn 0.1678 -0.1264 -0.9777
vn 0.265 -0.1377 -0.9544
vn 0.2671 -0.1252 -0.9555
vn 0.1739 -0.1067 -0.979
vn 0.1789 -0.0818 -0.9805
vn 0.1739 -0.1067 -0.979
vn 0.2671 -0.1252 -0.9555
vn 0.2693 -0.1072 -0.9571
vn 0.1136 -0.0556 -0.992
vn 0.1084 -0.0849 -0.9905
vn 0.1739 -0.1067 -0.979
vn 0.1789 -0.0818 -0.9805
vn 0.1084 -0.0849 -0.9905
vn 0.0994 -0.109 -0.9891
vn 0.1678 -0.1264 -0.9777
vn 0.1739 -0.1067 -0.979
vn 0.1175 -0.0274 -0.9927
vn 0.1136 -0.0556 -0.992
vn 0.1789 -0.0818 -0.9805
vn 0.1857 -0.0583 -0.9809
vn 0.1789 -0.0818 -0.9805
vn 0.2693 -0.1072 -0.9571
vn 0.2749 -0.0904 -0.9572
vn 0.1857 -0.0583 -0.9809
vn 0.1249 -0.0082 -0.9921
vn 0.1175 -0.0274 -0.9927
vn 0.1857 -0.0583 -0.9809
vn 0.197 -0.0438 -0.9794
vn 0.1857 -0.0583 -0.9809
vn 0.2749 -0.0904 -0.9572
vn 0.2848 -0.0818 -0.9551
vn 0.197 -0.0438 -0.9794
vn 0.0633 0.0044 -0.998
vn 0.1175 -0.0274 -0.9927
vn 0.1249 -0.0082 -0.9921
vn 0.067 0.0264 -0.9974
vn 0.0628 -0.0264 -0.9977
vn 0.1136 -0.0556 -0.992
vn 0.1175 -0.0274 -0.9927
vn 0.0633 0.0044 -0.998
vn 0.0272 -0.0015 -0.9996
vn 0.0628 -0.0264 -0.9977
vn 0.0633 0.0044 -0.998
vn 0.028 0.0303 -0.9991
vn 0.028 0.0303 -0.9991
vn 0.0633 0.0044 -0.998
vn 0.067 0.0264 -0.9974
vn 0.033 0.0526 -0.9981
vn 0.0244 -0.0345 -0.9991
vn 0.0598 -0.0582 -0.9965
vn 0.0628 -0.0264 -0.9977
vn 0.0272 -0.0015 -0.9996
vn 0.0598 -0.0582 -0.9965
vn 0.1084 -0.0849 -0.9905
vn 0.1136 -0.0556 -0.992
vn 0.0628 -0.0264 -0.9977
vn 0.0515 -0.0851 -0.995
vn 0.0994 -0.109 -0.9891
vn 0.1084 -0.0849 -0.9905
vn 0.0598 -0.0582 -0.9965
vn 0.0169 -0.0633 -0.9979
vn 0.0515 -0.0851 -0.995
vn 0.0598 -0.0582 -0.9965
vn 0.0244 -0.0345 -0.9991
vn -0.0125 -0.0451 -0.9989
vn 0.0169 -0.0633 -0.9979
vn 0.0244 -0.0345 -0.9991
vn -0.0044 -0.0144 -0.9999
vn -0.0044 -0.0144 -0.9999
vn 0.0244 -0.0345 -0.9991
vn 0.0272 -0.0015 -0.9996
vn 0.0004 0.0202 -0.9998
vn -0.0418 -0.0279 -0.9987
vn -0.0125 -0.0451 -0.9989
vn -0.0044 -0.0144 -0.9999
vn -0.032 0.0054 -0.9995
vn -0.032 0.0054 -0.9995
vn -0.0044 -0.0144 -0.9999
vn 0.0004 0.0202 -0.9998
vn -0.0235 0.0426 -0.9988
vn -0.0688 -0.0119 -0.9976
vn -0.0418 -0.0279 -0.9987
vn -0.032 0.0054 -0.9995
vn -0.0564 0.0247 -0.9981
vn -0.0564 0.0247 -0.9981
vn -0.032 0.0054 -0.9995
vn -0.0235 0.0426 -0.9988
vn -0.0438 0.0657 -0.9969
vn -0.0921 0.0035 -0.9957
vn -0.0688 -0.0119 -0.9976
vn -0.0564 0.0247 -0.9981
vn -0.077 0.0437 -0.9961
vn -0.077 0.0437 -0.9961
vn -0.0564 0.0247 -0.9981
vn -0.0438 0.0657 -0.9969
vn -0.0612 0.0889 -0.9942
vn -0.0612 0.0889 -0.9942
vn -0.0438 0.0657 -0.9969
vn -0.0297 0.1052 -0.994
vn -0.044 0.1324 -0.9902
vn -0.0438 0.0657 -0.9969
vn -0.0235 0.0426 -0.9988
vn -0.0142 0.0782 -0.9968
vn -0.0297 0.1052 -0.994
vn -0.044 0.1324 -0.9902
vn -0.0297 0.1052 -0.994
vn -0.0115 0.1348 -0.9908
vn -0.024 0.1653 -0.9859
vn -0.0297 0.1052 -0.994
vn -0.0142 0.0782 -0.9968
vn -0.0002 0.1044 -0.9945
vn -0.0115 0.1348 -0.9908
vn -0.0142 0.0782 -0.9968
vn 0.0046 0.0532 -0.9986
vn 0.0136 0.0768 -0.997
vn -0.0002 0.1044 -0.9945
vn -0.0235 0.0426 -0.9988
vn 0.0004 0.0202 -0.9998
vn 0.0046 0.0532 -0.9986
vn -0.0142 0.0782 -0.9968
vn 0.0004 0.0202 -0.9998
vn 0.0272 -0.0015 -0.9996
vn 0.028 0.0303 -0.9991
vn 0.0046 0.0532 -0.9986
vn 0.0046 0.0532 -0.9986
vn 0.028 0.0303 -0.9991
vn 0.033 0.0526 -0.9981
vn 0.0136 0.0768 -0.997
vn -0.0768 0.1113 -0.9908
vn -0.0612 0.0889 -0.9942
vn -0.044 0.1324 -0.9902
vn -0.058 0.1581 -0.9857
vn -0.058 0.1581 -0.9857
vn -0.044 0.1324 -0.9902
vn -0.024 0.1653 -0.9859
vn -0.0378 0.1935 -0.9804
vn -0.0723 0.181 -0.9808
vn -0.058 0.1581 -0.9857
vn -0.0378 0.1935 -0.9804
vn -0.0527 0.2177 -0.9746
vn -0.0919 0.1324 -0.9869
vn -0.0768 0.1113 -0.9908
vn -0.058 0.1581 -0.9857
vn -0.0723 0.181 -0.9808
vn -0.0873 0.2009 -0.9757
vn -0.0723 0.181 -0.9808
vn -0.0527 0.2177 -0.9746
vn -0.0684 0.2378 -0.9689
vn -0.1077 0.1517 -0.9825
vn -0.0919 0.1324 -0.9869
vn -0.0723 0.181 -0.9808
vn -0.0873 0.2009 -0.9757
vn -0.1252 0.1691 -0.9776
vn -0.1077 0.1517 -0.9825
vn -0.0873 0.2009 -0.9757
vn -0.1037 0.2177 -0.9705
vn -0.1037 0.2177 -0.9705
vn -0.0873 0.2009 -0.9757
vn -0.0684 0.2378 -0.9689
vn -0.0847 0.2541 -0.9635
vn -0.1495 0.1171 -0.9818
vn -0.1299 0.0995 -0.9865
vn -0.1077 0.1517 -0.9825
vn -0.1252 0.1691 -0.9776
vn -0.1299 0.0995 -0.9865
vn -0.1122 0.0812 -0.9904
vn -0.0919 0.1324 -0.9869
vn -0.1077 0.1517 -0.9825
vn -0.1536 0.0527 -0.9867
vn -0.133 0.0356 -0.9905
vn -0.1122 0.0812 -0.9904
vn -0.1299 0.0995 -0.9865
vn -0.1759 0.0701 -0.9819
vn -0.1536 0.0527 -0.9867
vn -0.1299 0.0995 -0.9865
vn -0.1495 0.1171 -0.9818
vn -0.133 0.0356 -0.9905
vn -0.1129 0.0192 -0.9934
vn -0.0951 0.0625 -0.9935
vn -0.1122 0.0812 -0.9904
vn -0.1122 0.0812 -0.9904
vn -0.0951 0.0625 -0.9935
vn -0.0768 0.1113 -0.9908
vn -0.0919 0.1324 -0.9869
vn -0.1129 0.0192 -0.9934
vn -0.0921 0.0035 -0.9957
vn -0.077 0.0437 -0.9961
vn -0.0951 0.0625 -0.9935
vn -0.0951 0.0625 -0.9935
vn -0.077 0.0437 -0.9961
vn -0.0612 0.0889 -0.9942
vn -0.0768 0.1113 -0.9908
vn -0.1525 -0.0063 -0.9883
vn -0.129 -0.0209 -0.9914
vn -0.1129 0.0192 -0.9934
vn -0.133 0.0356 -0.9905
vn -0.129 -0.0209 -0.9914
vn -0.1052 -0.0341 -0.9939
vn -0.0921 0.0035 -0.9957
vn -0.1129 0.0192 -0.9934
vn -0.1052 -0.0341 -0.9939
vn -0.0796 -0.0469 -0.9957
vn -0.0688 -0.0119 -0.9976
vn -0.0921 0.0035 -0.9957
vn -0.143 -0.0613 -0.9878
vn -0.1162 -0.0731 -0.9905
vn -0.1052 -0.0341 -0.9939
vn -0.129 -0.0209 -0.9914
vn -0.1162 -0.0731 -0.9905
vn -0.0884 -0.0838 -0.9926
vn -0.0796 -0.0469 -0.9957
vn -0.1052 -0.0341 -0.9939
vn -0.1551 -0.1 -0.9828
vn -0.1255 -0.1109 -0.9859
vn -0.1162 -0.0731 -0.9905
vn -0.143 -0.0613 -0.9878
vn -0.1255 -0.1109 -0.9859
vn -0.0956 -0.1202 -0.9881
vn -0.0884 -0.0838 -0.9926
vn -0.1162 -0.0731 -0.9905
vn -0.1337 -0.141 -0.9809
vn -0.1021 -0.1491 -0.9835
vn -0.0956 -0.1202 -0.9881
vn -0.1255 -0.1109 -0.9859
vn -0.1657 -0.1306 -0.9775
vn -0.1337 -0.141 -0.9809
vn -0.1255 -0.1109 -0.9859
vn -0.1551 -0.1 -0.9828
vn -0.1021 -0.1491 -0.9835
vn -0.0698 -0.1556 -0.9853
vn -0.0643 -0.1287 -0.9896
vn -0.0956 -0.1202 -0.9881
vn -0.0956 -0.1202 -0.9881
vn -0.0643 -0.1287 -0.9896
vn -0.0584 -0.0945 -0.9938
vn -0.0884 -0.0838 -0.9926
vn -0.0698 -0.1556 -0.9853
vn -0.0384 -0.1614 -0.9861
vn -0.0334 -0.137 -0.99
vn -0.0643 -0.1287 -0.9896
vn -0.0643 -0.1287 -0.9896
vn -0.0334 -0.137 -0.99
vn -0.0279 -0.1059 -0.994
vn -0.0584 -0.0945 -0.9938
vn -0.0384 -0.1614 -0.9861
vn -0.01 -0.1663 -0.986
vn -0.0052 -0.1453 -0.9894
vn -0.0334 -0.137 -0.99
vn -0.0334 -0.137 -0.99
vn -0.0052 -0.1453 -0.9894
vn 0.0004 -0.1181 -0.993
vn -0.0279 -0.1059 -0.994
vn -0.0279 -0.1059 -0.994
vn 0.0004 -0.1181 -0.993
vn 0.0079 -0.0902 -0.9959
vn -0.021 -0.0745 -0.997
vn -0.0584 -0.0945 -0.9938
vn -0.0279 -0.1059 -0.994
vn -0.021 -0.0745 -0.997
vn -0.051 -0.06 -0.9969
vn -0.021 -0.0745 -0.997
vn 0.0079 -0.0902 -0.9959
vn 0.0169 -0.0633 -0.9979
vn -0.0125 -0.0451 -0.9989
vn -0.051 -0.06 -0.9969
vn -0.021 -0.0745 -0.997
vn -0.0125 -0.0451 -0.9989
vn -0.0418 -0.0279 -0.9987
vn -0.0884 -0.0838 -0.9926
vn -0.0584 -0.0945 -0.9938
vn -0.051 -0.06 -0.9969
vn -0.0796 -0.0469 -0.9957
vn -0.0796 -0.0469 -0.9957
vn -0.051 -0.06 -0.9969
vn -0.0418 -0.0279 -0.9987
vn -0.0688 -0.0119 -0.9976
vn 0.0004 -0.1181 -0.993
vn 0.0323 -0.1324 -0.9907
vn 0.0412 -0.109 -0.9932
vn 0.0079 -0.0902 -0.9959
vn 0.0079 -0.0902 -0.9959
vn 0.0412 -0.109 -0.9932
vn 0.0515 -0.0851 -0.995
vn 0.0169 -0.0633 -0.9979
vn 0.0412 -0.109 -0.9932
vn 0.0888 -0.1289 -0.9877
vn 0.0994 -0.109 -0.9891
vn 0.0515 -0.0851 -0.995
vn 0.0793 -0.1458 -0.9861
vn 0.0888 -0.1289 -0.9877
vn 0.0412 -0.109 -0.9932
vn 0.0323 -0.1324 -0.9907
vn 0.0259 -0.1539 -0.9878
vn 0.0722 -0.1576 -0.9849
vn 0.0793 -0.1458 -0.9861
vn 0.0323 -0.1324 -0.9907
vn -0.0052 -0.1453 -0.9894
vn 0.0259 -0.1539 -0.9878
vn 0.0323 -0.1324 -0.9907
vn 0.0004 -0.1181 -0.993
vn 0.0211 -0.169 -0.9854
vn 0.0663 -0.1596 -0.9849
vn 0.0722 -0.1576 -0.9849
vn 0.0259 -0.1539 -0.9878
vn -0.01 -0.1663 -0.986
vn 0.0211 -0.169 -0.9854
vn 0.0259 -0.1539 -0.9878
vn -0.0052 -0.1453 -0.9894
vn 0.0147 -0.1686 -0.9856
vn 0.0579 -0.1481 -0.9873
vn 0.0663 -0.1596 -0.9849
vn 0.0211 -0.169 -0.9854
vn -0.0144 -0.1668 -0.9859
vn 0.0147 -0.1686 -0.9856
vn 0.0211 -0.169 -0.9854
vn -0.01 -0.1663 -0.986
vn 0.0663 -0.1596 -0.9849
vn 0.0579 -0.1481 -0.9873
vn 0.1122 -0.0939 -0.9892
vn 0.1332 -0.128 -0.9828
vn 0.0579 -0.1481 -0.9873
vn 0.0433 -0.1296 -0.9906
vn 0.082 -0.055 -0.9951
vn 0.1122 -0.0939 -0.9892
vn 0.0147 -0.1686 -0.9856
vn 0.0193 -0.1205 -0.9925
vn 0.0433 -0.1296 -0.9906
vn 0.0579 -0.1481 -0.9873
vn 0.0433 -0.1296 -0.9906
vn 0.0193 -0.1205 -0.9925
vn 0.0457 -0.0272 -0.9986
vn 0.082 -0.055 -0.9951
vn 0.0193 -0.1205 -0.9925
vn -0.0105 -0.1183 -0.9929
vn 0.008 -0.0164 -0.9998
vn 0.0457 -0.0272 -0.9986
vn -0.0144 -0.1668 -0.9859
vn -0.0105 -0.1183 -0.9929
vn 0.0193 -0.1205 -0.9925
vn 0.0147 -0.1686 -0.9856
vn 0.008 -0.0164 -0.9998
vn 0.0368 0.1255 -0.9914
vn 0.0816 0.0978 -0.9919
vn 0.0457 -0.0272 -0.9986
vn 0.082 -0.055 -0.9951
vn 0.0457 -0.0272 -0.9986
vn 0.0816 0.0978 -0.9919
vn 0.1288 0.0495 -0.9904
vn 0.0816 0.0978 -0.9919
vn 0.0368 0.1255 -0.9914
vn 0.0744 0.3441 -0.936
vn 0.1269 0.2944 -0.9472
vn 0.1269 0.2944 -0.9472
vn 0.1886 0.2178 -0.9576
vn 0.1288 0.0495 -0.9904
vn 0.0816 0.0978 -0.9919
vn 0.0744 0.3441 -0.936
vn 0.1061 0.6087 -0.7863
vn 0.1651 0.5429 -0.8234
vn 0.1269 0.2944 -0.9472
vn 0.1886 0.2178 -0.9576
vn 0.1269 0.2944 -0.9472
vn 0.1651 0.5429 -0.8234
vn 0.2449 0.4427 -0.8626
vn 0.3519 0.302 -0.886
vn 0.2596 0.1165 -0.9587
vn 0.1886 0.2178 -0.9576
vn 0.2449 0.4427 -0.8626
vn 0.2596 0.1165 -0.9587
vn 0.176 -0.0139 -0.9843
vn 0.1288 0.0495 -0.9904
vn 0.1886 0.2178 -0.9576
vn 0.3287 0.0103 -0.9444
vn 0.2158 -0.0758 -0.9735
vn 0.176 -0.0139 -0.9843
vn 0.2596 0.1165 -0.9587
vn 0.471 0.1361 -0.8716
vn 0.3287 0.0103 -0.9444
vn 0.2596 0.1165 -0.9587
vn 0.3519 0.302 -0.886
vn 0.1288 0.0495 -0.9904
vn 0.176 -0.0139 -0.9843
vn 0.1122 -0.0939 -0.9892
vn 0.082 -0.055 -0.9951
vn 0.1122 -0.0939 -0.9892
vn 0.176 -0.0139 -0.9843
vn 0.2158 -0.0758 -0.9735
vn 0.1332 -0.128 -0.9828
vn 0.0267 0.3716 -0.928
vn 0.0588 0.6496 -0.758
vn 0.1061 0.6087 -0.7863
vn 0.0744 0.3441 -0.936
vn 0.0368 0.1255 -0.9914
vn -0.0066 0.1369 -0.9906
vn 0.0267 0.3716 -0.928
vn 0.0744 0.3441 -0.936
vn -0.0195 0.3845 -0.9229
vn 0.0267 0.3716 -0.928
vn -0.0066 0.1369 -0.9906
vn -0.05 0.1398 -0.9889
vn 0.0175 0.6735 -0.739
vn 0.0588 0.6496 -0.758
vn 0.0267 0.3716 -0.928
vn -0.0195 0.3845 -0.9229
vn -0.0195 0.3845 -0.9229
vn -0.0645 0.3902 -0.9185
vn -0.021 0.6871 -0.7262
vn 0.0175 0.6735 -0.739
vn -0.0645 0.3902 -0.9185
vn -0.0195 0.3845 -0.9229
vn -0.05 0.1398 -0.9889
vn -0.0931 0.1407 -0.9857
vn -0.0931 0.1407 -0.9857
vn -0.1349 0.1437 -0.9804
vn -0.1078 0.3939 -0.9128
vn -0.0645 0.3902 -0.9185
vn -0.1078 0.3939 -0.9128
vn -0.058 0.6949 -0.7167
vn -0.021 0.6871 -0.7262
vn -0.0645 0.3902 -0.9185
vn -0.1452 -0.0156 -0.9893
vn -0.1349 0.1437 -0.9804
vn -0.0931 0.1407 -0.9857
vn -0.1066 -0.0184 -0.9941
vn -0.0677 -0.0178 -0.9975
vn -0.1066 -0.0184 -0.9941
vn -0.0931 0.1407 -0.9857
vn -0.05 0.1398 -0.9889
vn -0.0754 -0.121 -0.9898
vn -0.1108 -0.1199 -0.9866
vn -0.1066 -0.0184 -0.9941
vn -0.0677 -0.0178 -0.9975
vn -0.1108 -0.1199 -0.9866
vn -0.1465 -0.1157 -0.9824
vn -0.1452 -0.0156 -0.9893
vn -0.1066 -0.0184 -0.9941
vn -0.05 0.1398 -0.9889
vn -0.0066 0.1369 -0.9906
vn -0.0294 -0.0158 -0.9994
vn -0.0677 -0.0178 -0.9975
vn -0.0416 -0.1198 -0.9919
vn -0.0754 -0.121 -0.9898
vn -0.0677 -0.0178 -0.9975
vn -0.0294 -0.0158 -0.9994
vn -0.0105 -0.1183 -0.9929
vn -0.0416 -0.1198 -0.9919
vn -0.0294 -0.0158 -0.9994
vn 0.008 -0.0164 -0.9998
vn -0.0294 -0.0158 -0.9994
vn -0.0066 0.1369 -0.9906
vn 0.0368 0.1255 -0.9914
vn 0.008 -0.0164 -0.9998
vn -0.0429 -0.165 -0.9854
vn -0.0416 -0.1198 -0.9919
vn -0.0105 -0.1183 -0.9929
vn -0.0144 -0.1668 -0.9859
vn -0.0754 -0.121 -0.9898
vn -0.0416 -0.1198 -0.9919
vn -0.0429 -0.165 -0.9854
vn -0.0746 -0.1622 -0.9839
vn -0.0429 -0.165 -0.9854
vn -0.0144 -0.1668 -0.9859
vn -0.01 -0.1663 -0.986
vn -0.0384 -0.1614 -0.9861
vn -0.0746 -0.1622 -0.9839
vn -0.0429 -0.165 -0.9854
vn -0.0384 -0.1614 -0.9861
vn -0.0698 -0.1556 -0.9853
vn -0.1079 -0.158 -0.9815
vn -0.1108 -0.1199 -0.9866
vn -0.0754 -0.121 -0.9898
vn -0.0746 -0.1622 -0.9839
vn -0.1079 -0.158 -0.9815
vn -0.0746 -0.1622 -0.9839
vn -0.0698 -0.1556 -0.9853
vn -0.1021 -0.1491 -0.9835
vn -0.1413 -0.1515 -0.9783
vn -0.1465 -0.1157 -0.9824
vn -0.1108 -0.1199 -0.9866
vn -0.1079 -0.158 -0.9815
vn -0.1413 -0.1515 -0.9783
vn -0.1079 -0.158 -0.9815
vn -0.1021 -0.1491 -0.9835
vn -0.1337 -0.141 -0.9809
vn -0.1758 -0.142 -0.9741
vn -0.1836 -0.1077 -0.9771
vn -0.1465 -0.1157 -0.9824
vn -0.1413 -0.1515 -0.9783
vn -0.1758 -0.142 -0.9741
vn -0.1413 -0.1515 -0.9783
vn -0.1337 -0.141 -0.9809
vn -0.1657 -0.1306 -0.9775
vn -0.1465 -0.1157 -0.9824
vn -0.1836 -0.1077 -0.9771
vn -0.1846 -0.0085 -0.9828
vn -0.1452 -0.0156 -0.9893
vn -0.1836 -0.1077 -0.9771
vn -0.2227 -0.0957 -0.9702
vn -0.2254 0.0029 -0.9743
vn -0.1846 -0.0085 -0.9828
vn -0.2227 -0.0957 -0.9702
vn -0.1836 -0.1077 -0.9771
vn -0.1758 -0.142 -0.9741
vn -0.2122 -0.1291 -0.9687
vn -0.2227 -0.0957 -0.9702
vn -0.2605 -0.0805 -0.9621
vn -0.2642 0.0173 -0.9643
vn -0.2254 0.0029 -0.9743
vn -0.248 -0.1133 -0.9621
vn -0.2605 -0.0805 -0.9621
vn -0.2227 -0.0957 -0.9702
vn -0.2122 -0.1291 -0.9687
vn -0.2605 -0.0805 -0.9621
vn -0.2942 -0.0641 -0.9536
vn -0.2987 0.0326 -0.9538
vn -0.2642 0.0173 -0.9643
vn -0.2807 -0.0962 -0.955
vn -0.2942 -0.0641 -0.9536
vn -0.2605 -0.0805 -0.9621
vn -0.248 -0.1133 -0.9621
vn -0.2807 -0.0962 -0.955
vn -0.248 -0.1133 -0.9621
vn -0.2327 -0.1017 -0.9672
vn -0.2643 -0.0847 -0.9607
vn -0.248 -0.1133 -0.9621
vn -0.2122 -0.1291 -0.9687
vn -0.1993 -0.1175 -0.9729
vn -0.2327 -0.1017 -0.9672
vn -0.2643 -0.0847 -0.9607
vn -0.2327 -0.1017 -0.9672
vn -0.2165 -0.0712 -0.9737
vn -0.2467 -0.0545 -0.9676
vn -0.2327 -0.1017 -0.9672
vn -0.1993 -0.1175 -0.9729
vn -0.1857 -0.0867 -0.9788
vn -0.2165 -0.0712 -0.9737
vn -0.1993 -0.1175 -0.9729
vn -0.1657 -0.1306 -0.9775
vn -0.1551 -0.1 -0.9828
vn -0.1857 -0.0867 -0.9788
vn -0.2122 -0.1291 -0.9687
vn -0.1758 -0.142 -0.9741
vn -0.1657 -0.1306 -0.9775
vn -0.1993 -0.1175 -0.9729
vn -0.1857 -0.0867 -0.9788
vn -0.1551 -0.1 -0.9828
vn -0.143 -0.0613 -0.9878
vn -0.1701 -0.0477 -0.9843
vn -0.2165 -0.0712 -0.9737
vn -0.1857 -0.0867 -0.9788
vn -0.1701 -0.0477 -0.9843
vn -0.1978 -0.0322 -0.9797
vn -0.1978 -0.0322 -0.9797
vn -0.1701 -0.0477 -0.9843
vn -0.1525 -0.0063 -0.9883
vn -0.1767 0.0098 -0.9842
vn -0.1701 -0.0477 -0.9843
vn -0.143 -0.0613 -0.9878
vn -0.129 -0.0209 -0.9914
vn -0.1525 -0.0063 -0.9883
vn -0.1767 0.0098 -0.9842
vn -0.1525 -0.0063 -0.9883
vn -0.133 0.0356 -0.9905
vn -0.1536 0.0527 -0.9867
vn -0.2259 -0.0156 -0.974
vn -0.1978 -0.0322 -0.9797
vn -0.1767 0.0098 -0.9842
vn -0.2019 0.0267 -0.979
vn -0.2019 0.0267 -0.979
vn -0.1767 0.0098 -0.9842
vn -0.1536 0.0527 -0.9867
vn -0.1759 0.0701 -0.9819
vn -0.2555 0.0007 -0.9668
vn -0.2259 -0.0156 -0.974
vn -0.2019 0.0267 -0.979
vn -0.2295 0.0432 -0.9723
vn -0.2295 0.0432 -0.9723
vn -0.2019 0.0267 -0.979
vn -0.1759 0.0701 -0.9819
vn -0.2009 0.0867 -0.9758
vn -0.2774 -0.0384 -0.96
vn -0.2467 -0.0545 -0.9676
vn -0.2259 -0.0156 -0.974
vn -0.2555 0.0007 -0.9668
vn -0.2467 -0.0545 -0.9676
vn -0.2165 -0.0712 -0.9737
vn -0.1978 -0.0322 -0.9797
vn -0.2259 -0.0156 -0.974
vn -0.2952 -0.0684 -0.953
vn -0.2643 -0.0847 -0.9607
vn -0.2467 -0.0545 -0.9676
vn -0.2774 -0.0384 -0.96
vn -0.3267 -0.0546 -0.9435
vn -0.2952 -0.0684 -0.953
vn -0.2774 -0.0384 -0.96
vn -0.3096 -0.0243 -0.9505
vn -0.3096 -0.0243 -0.9505
vn -0.2774 -0.0384 -0.96
vn -0.2555 0.0007 -0.9668
vn -0.2876 0.0152 -0.9576
vn -0.3412 -0.0128 -0.9399
vn -0.3096 -0.0243 -0.9505
vn -0.2876 0.0152 -0.9576
vn -0.3198 0.0277 -0.9471
vn -0.3567 -0.0439 -0.9332
vn -0.3267 -0.0546 -0.9435
vn -0.3096 -0.0243 -0.9505
vn -0.3412 -0.0128 -0.9399
vn -0.3819 -0.0355 -0.9235
vn -0.3567 -0.0439 -0.9332
vn -0.3412 -0.0128 -0.9399
vn -0.3681 -0.0032 -0.9298
vn -0.3681 -0.0032 -0.9298
vn -0.3412 -0.0128 -0.9399
vn -0.3198 0.0277 -0.9471
vn -0.3481 0.0387 -0.9367
vn -0.3481 0.0387 -0.9367
vn -0.3198 0.0277 -0.9471
vn -0.292 0.0715 -0.9537
vn -0.321 0.0833 -0.9434
vn -0.3198 0.0277 -0.9471
vn -0.2876 0.0152 -0.9576
vn -0.2603 0.0582 -0.9638
vn -0.292 0.0715 -0.9537
vn -0.321 0.0833 -0.9434
vn -0.292 0.0715 -0.9537
vn -0.2599 0.1149 -0.9588
vn -0.289 0.1263 -0.949
vn -0.292 0.0715 -0.9537
vn -0.2603 0.0582 -0.9638
vn -0.2296 0.1017 -0.968
vn -0.2599 0.1149 -0.9588
vn -0.2876 0.0152 -0.9576
vn -0.2555 0.0007 -0.9668
vn -0.2295 0.0432 -0.9723
vn -0.2603 0.0582 -0.9638
vn -0.2603 0.0582 -0.9638
vn -0.2295 0.0432 -0.9723
vn -0.2009 0.0867 -0.9758
vn -0.2296 0.1017 -0.968
vn -0.2296 0.1017 -0.968
vn -0.2009 0.0867 -0.9758
vn -0.172 0.1333 -0.976
vn -0.1982 0.1475 -0.969
vn -0.2599 0.1149 -0.9588
vn -0.2296 0.1017 -0.968
vn -0.1982 0.1475 -0.969
vn -0.2267 0.1596 -0.9608
vn -0.2009 0.0867 -0.9758
vn -0.1759 0.0701 -0.9819
vn -0.1495 0.1171 -0.9818
vn -0.172 0.1333 -0.976
vn -0.172 0.1333 -0.976
vn -0.1495 0.1171 -0.9818
vn -0.1252 0.1691 -0.9776
vn -0.1454 0.1842 -0.9721
vn -0.1982 0.1475 -0.969
vn -0.172 0.1333 -0.976
vn -0.1454 0.1842 -0.9721
vn -0.1692 0.1968 -0.9657
vn -0.1692 0.1968 -0.9657
vn -0.1454 0.1842 -0.9721
vn -0.1223 0.2316 -0.9651
vn -0.1445 0.2424 -0.9594
vn -0.1454 0.1842 -0.9721
vn -0.1252 0.1691 -0.9776
vn -0.1037 0.2177 -0.9705
vn -0.1223 0.2316 -0.9651
vn -0.1223 0.2316 -0.9651
vn -0.1037 0.2177 -0.9705
vn -0.0847 0.2541 -0.9635
vn -0.1031 0.2668 -0.9582
vn -0.1445 0.2424 -0.9594
vn -0.1223 0.2316 -0.9651
vn -0.1031 0.2668 -0.9582
vn -0.1248 0.276 -0.953
vn -0.1697 0.2501 -0.9532
vn -0.1445 0.2424 -0.9594
vn -0.1248 0.276 -0.953
vn -0.1496 0.2818 -0.9477
vn -0.1958 0.2068 -0.9586
vn -0.1692 0.1968 -0.9657
vn -0.1445 0.2424 -0.9594
vn -0.1697 0.2501 -0.9532
vn -0.224 0.2143 -0.9507
vn -0.1958 0.2068 -0.9586
vn -0.1697 0.2501 -0.9532
vn -0.1974 0.2548 -0.9466
vn -0.1974 0.2548 -0.9466
vn -0.1697 0.2501 -0.9532
vn -0.1496 0.2818 -0.9477
vn -0.1775 0.2843 -0.9421
vn -0.2556 0.1696 -0.9518
vn -0.2267 0.1596 -0.9608
vn -0.1958 0.2068 -0.9586
vn -0.224 0.2143 -0.9507
vn -0.2267 0.1596 -0.9608
vn -0.1982 0.1475 -0.969
vn -0.1692 0.1968 -0.9657
vn -0.1958 0.2068 -0.9586
vn -0.289 0.1263 -0.949
vn -0.2599 0.1149 -0.9588
vn -0.2267 0.1596 -0.9608
vn -0.2556 0.1696 -0.9518
vn -0.316 0.1354 -0.9391
vn -0.289 0.1263 -0.949
vn -0.2556 0.1696 -0.9518
vn -0.2847 0.1766 -0.9422
vn -0.2847 0.1766 -0.9422
vn -0.2556 0.1696 -0.9518
vn -0.224 0.2143 -0.9507
vn -0.2548 0.2183 -0.942
vn -0.341 0.1411 -0.9294
vn -0.316 0.1354 -0.9391
vn -0.2847 0.1766 -0.9422
vn -0.315 0.1793 -0.932
vn -0.315 0.1793 -0.932
vn -0.2847 0.1766 -0.9422
vn -0.2548 0.2183 -0.942
vn -0.2895 0.2176 -0.9321
vn -0.3654 0.1424 -0.9199
vn -0.341 0.1411 -0.9294
vn -0.315 0.1793 -0.932
vn -0.3462 0.1772 -0.9213
vn -0.3462 0.1772 -0.9213
vn -0.315 0.1793 -0.932
vn -0.2895 0.2176 -0.9321
vn -0.3273 0.2114 -0.921
vn -0.3912 0.1392 -0.9097
vn -0.3654 0.1424 -0.9199
vn -0.3462 0.1772 -0.9213
vn -0.3786 0.1703 -0.9098
vn -0.3786 0.1703 -0.9098
vn -0.3462 0.1772 -0.9213
vn -0.3273 0.2114 -0.921
vn -0.3668 0.2 -0.9085
vn -0.3668 0.2 -0.9085
vn -0.3273 0.2114 -0.921
vn -0.3111 0.2419 -0.9191
vn -0.3578 0.2259 -0.9061
vn -0.3273 0.2114 -0.921
vn -0.2895 0.2176 -0.9321
vn -0.2676 0.2518 -0.93
vn -0.3111 0.2419 -0.9191
vn -0.3578 0.2259 -0.9061
vn -0.3111 0.2419 -0.9191
vn -0.3009 0.2629 -0.9167
vn -0.3541 0.2432 -0.903
vn -0.3111 0.2419 -0.9191
vn -0.2676 0.2518 -0.93
vn -0.2523 0.2761 -0.9274
vn -0.3009 0.2629 -0.9167
vn -0.2676 0.2518 -0.93
vn -0.2293 0.2559 -0.9391
vn -0.2107 0.2829 -0.9357
vn -0.2523 0.2761 -0.9274
vn -0.2895 0.2176 -0.9321
vn -0.2548 0.2183 -0.942
vn -0.2293 0.2559 -0.9391
vn -0.2676 0.2518 -0.93
vn -0.2548 0.2183 -0.942
vn -0.224 0.2143 -0.9507
vn -0.1974 0.2548 -0.9466
vn -0.2293 0.2559 -0.9391
vn -0.2293 0.2559 -0.9391
vn -0.1974 0.2548 -0.9466
vn -0.1775 0.2843 -0.9421
vn -0.2107 0.2829 -0.9357
vn -0.3009 0.2629 -0.9167
vn -0.2523 0.2761 -0.9274
vn -0.2525 0.281 -0.9259
vn -0.3098 0.2626 -0.9138
vn -0.3838 0.1046 -0.9175
vn -0.3657 0.1007 -0.9253
vn -0.341 0.1411 -0.9294
vn -0.3654 0.1424 -0.9199
vn -0.4041 0.1044 -0.9088
vn -0.3838 0.1046 -0.9175
vn -0.3654 0.1424 -0.9199
vn -0.3912 0.1392 -0.9097
vn -0.4385 0.098 -0.8934
vn -0.4041 0.1044 -0.9088
vn -0.3912 0.1392 -0.9097
vn -0.4309 0.1288 -0.8931
vn -0.4465 0.0608 -0.8927
vn -0.4157 0.0635 -0.9073
vn -0.4041 0.1044 -0.9088
vn -0.4385 0.098 -0.8934
vn -0.4157 0.0635 -0.9073
vn -0.3997 0.0615 -0.9146
vn -0.3838 0.1046 -0.9175
vn -0.4041 0.1044 -0.9088
vn -0.4535 0.0228 -0.891
vn -0.4248 0.0221 -0.905
vn -0.4157 0.0635 -0.9073
vn -0.4465 0.0608 -0.8927
vn -0.4248 0.0221 -0.905
vn -0.4113 0.0185 -0.9113
vn -0.3997 0.0615 -0.9146
vn -0.4157 0.0635 -0.9073
vn -0.4317 -0.0109 -0.902
vn -0.4192 -0.0155 -0.9077
vn -0.4113 0.0185 -0.9113
vn -0.4248 0.0221 -0.905
vn -0.4596 -0.0076 -0.8881
vn -0.4317 -0.0109 -0.902
vn -0.4248 0.0221 -0.905
vn -0.4535 0.0228 -0.891
vn -0.4192 -0.0155 -0.9077
vn -0.4112 -0.0216 -0.9113
vn -0.4014 0.0126 -0.9158
vn -0.4113 0.0185 -0.9113
vn -0.4113 0.0185 -0.9113
vn -0.4014 0.0126 -0.9158
vn -0.3865 0.0561 -0.9206
vn -0.3997 0.0615 -0.9146
vn -0.4014 0.0126 -0.9158
vn -0.3885 0.0051 -0.9214
vn -0.3706 0.0482 -0.9276
vn -0.3865 0.0561 -0.9206
vn -0.4112 -0.0216 -0.9113
vn -0.4004 -0.0284 -0.9159
vn -0.3885 0.0051 -0.9214
vn -0.4014 0.0126 -0.9158
vn -0.4004 -0.0284 -0.9159
vn -0.3819 -0.0355 -0.9235
vn -0.3681 -0.0032 -0.9298
vn -0.3885 0.0051 -0.9214
vn -0.3885 0.0051 -0.9214
vn -0.3681 -0.0032 -0.9298
vn -0.3481 0.0387 -0.9367
vn -0.3706 0.0482 -0.9276
vn -0.3865 0.0561 -0.9206
vn -0.3706 0.0482 -0.9276
vn -0.3457 0.0932 -0.9337
vn -0.3657 0.1007 -0.9253
vn -0.3706 0.0482 -0.9276
vn -0.3481 0.0387 -0.9367
vn -0.321 0.0833 -0.9434
vn -0.3457 0.0932 -0.9337
vn -0.3457 0.0932 -0.9337
vn -0.321 0.0833 -0.9434
vn -0.289 0.1263 -0.949
vn -0.316 0.1354 -0.9391
vn -0.3657 0.1007 -0.9253
vn -0.3457 0.0932 -0.9337
vn -0.316 0.1354 -0.9391
vn -0.341 0.1411 -0.9294
vn -0.3997 0.0615 -0.9146
vn -0.3865 0.0561 -0.9206
vn -0.3657 0.1007 -0.9253
vn -0.3838 0.1046 -0.9175
vn -0.4206 -0.0388 -0.9064
vn -0.4101 -0.0446 -0.911
vn -0.4004 -0.0284 -0.9159
vn -0.4112 -0.0216 -0.9113
vn -0.4101 -0.0446 -0.911
vn -0.3928 -0.0502 -0.9182
vn -0.3819 -0.0355 -0.9235
vn -0.4004 -0.0284 -0.9159
vn -0.3928 -0.0502 -0.9182
vn -0.3695 -0.0571 -0.9275
vn -0.3567 -0.0439 -0.9332
vn -0.3819 -0.0355 -0.9235
vn -0.4101 -0.0446 -0.911
vn -0.422 -0.0234 -0.9063
vn -0.4039 -0.0259 -0.9144
vn -0.3928 -0.0502 -0.9182
vn -0.3928 -0.0502 -0.9182
vn -0.4039 -0.0259 -0.9144
vn -0.381 -0.0298 -0.9241
vn -0.3695 -0.0571 -0.9275
vn -0.381 -0.0298 -0.9241
vn -0.4039 -0.0259 -0.9144
vn -0.4132 0.0543 -0.909
vn -0.3882 0.0573 -0.9198
vn -0.4039 -0.0259 -0.9144
vn -0.422 -0.0234 -0.9063
vn -0.4352 0.0485 -0.899
vn -0.4132 0.0543 -0.909
vn -0.4132 0.0543 -0.909
vn -0.4156 0.1822 -0.8911
vn -0.3861 0.199 -0.9007
vn -0.3882 0.0573 -0.9198
vn -0.4352 0.0485 -0.899
vn -0.4439 0.1591 -0.8818
vn -0.4156 0.1822 -0.8911
vn -0.4132 0.0543 -0.909
vn -0.3969 0.38 -0.8355
vn -0.4156 0.1822 -0.8911
vn -0.4439 0.1591 -0.8818
vn -0.4369 0.3331 -0.8355
vn -0.3597 0.4158 -0.8353
vn -0.3861 0.199 -0.9007
vn -0.4156 0.1822 -0.8911
vn -0.3969 0.38 -0.8355
vn -0.3868 0.5839 -0.7137
vn -0.3285 0.6418 -0.6929
vn -0.3969 0.38 -0.8355
vn -0.4369 0.3331 -0.8355
vn -0.3285 0.6418 -0.6929
vn -0.2818 0.6845 -0.6724
vn -0.3597 0.4158 -0.8353
vn -0.3969 0.38 -0.8355
vn -0.3249 0.4363 -0.8391
vn -0.3597 0.4158 -0.8353
vn -0.2818 0.6845 -0.6724
vn -0.2446 0.7109 -0.6594
vn -0.3552 0.206 -0.9118
vn -0.3861 0.199 -0.9007
vn -0.3597 0.4158 -0.8353
vn -0.3249 0.4363 -0.8391
vn -0.3552 0.206 -0.9118
vn -0.3249 0.4363 -0.8391
vn -0.2923 0.4408 -0.8487
vn -0.3236 0.2022 -0.9243
vn -0.3249 0.4363 -0.8391
vn -0.2446 0.7109 -0.6594
vn -0.2143 0.7219 -0.658
vn -0.2923 0.4408 -0.8487
vn -0.2923 0.4408 -0.8487
vn -0.2143 0.7219 -0.658
vn -0.187 0.7214 -0.6668
vn -0.2607 0.4336 -0.8626
vn -0.2914 0.1906 -0.9374
vn -0.3236 0.2022 -0.9243
vn -0.2923 0.4408 -0.8487
vn -0.2607 0.4336 -0.8626
vn -0.3601 0.0549 -0.9313
vn -0.3552 0.206 -0.9118
vn -0.3236 0.2022 -0.9243
vn -0.3301 0.0461 -0.9428
vn -0.3301 0.0461 -0.9428
vn -0.3236 0.2022 -0.9243
vn -0.2914 0.1906 -0.9374
vn -0.2987 0.0326 -0.9538
vn -0.3249 -0.0489 -0.9445
vn -0.3541 -0.0371 -0.9345
vn -0.3601 0.0549 -0.9313
vn -0.3301 0.0461 -0.9428
vn -0.2942 -0.0641 -0.9536
vn -0.3249 -0.0489 -0.9445
vn -0.3301 0.0461 -0.9428
vn -0.2987 0.0326 -0.9538
vn -0.3541 -0.0371 -0.9345
vn -0.381 -0.0298 -0.9241
vn -0.3882 0.0573 -0.9198
vn -0.3601 0.0549 -0.9313
vn -0.3601 0.0549 -0.9313
vn -0.3882 0.0573 -0.9198
vn -0.3861 0.199 -0.9007
vn -0.3552 0.206 -0.9118
vn -0.3541 -0.0371 -0.9345
vn -0.3249 -0.0489 -0.9445
vn -0.3114 -0.08 -0.9469
vn -0.3415 -0.0667 -0.9375
vn -0.3695 -0.0571 -0.9275
vn -0.381 -0.0298 -0.9241
vn -0.3541 -0.0371 -0.9345
vn -0.3415 -0.0667 -0.9375
vn -0.3695 -0.0571 -0.9275
vn -0.3415 -0.0667 -0.9375
vn -0.3267 -0.0546 -0.9435
vn -0.3567 -0.0439 -0.9332
vn -0.3415 -0.0667 -0.9375
vn -0.3114 -0.08 -0.9469
vn -0.2952 -0.0684 -0.953
vn -0.3267 -0.0546 -0.9435
vn -0.3114 -0.08 -0.9469
vn -0.3249 -0.0489 -0.9445
vn -0.2942 -0.0641 -0.9536
vn -0.2807 -0.0962 -0.955
vn -0.3114 -0.08 -0.9469
vn -0.2807 -0.0962 -0.955
vn -0.2643 -0.0847 -0.9607
vn -0.2952 -0.0684 -0.953
vn -0.2987 0.0326 -0.9538
vn -0.2914 0.1906 -0.9374
vn -0.2566 0.176 -0.9504
vn -0.2642 0.0173 -0.9643
vn -0.2566 0.176 -0.9504
vn -0.2914 0.1906 -0.9374
vn -0.2607 0.4336 -0.8626
vn -0.2273 0.421 -0.8781
vn -0.2254 0.0029 -0.9743
vn -0.2642 0.0173 -0.9643
vn -0.2566 0.176 -0.9504
vn -0.2176 0.1618 -0.9625
vn -0.2273 0.421 -0.8781
vn -0.19 0.4086 -0.8927
vn -0.2176 0.1618 -0.9625
vn -0.2566 0.176 -0.9504
vn -0.2607 0.4336 -0.8626
vn -0.187 0.7214 -0.6668
vn -0.1591 0.7149 -0.6809
vn -0.2273 0.421 -0.8781
vn -0.19 0.4086 -0.8927
vn -0.2273 0.421 -0.8781
vn -0.1591 0.7149 -0.6809
vn -0.1279 0.7071 -0.6954
vn -0.1279 0.7071 -0.6954
vn -0.0937 0.7006 -0.7073
vn -0.1496 0.3994 -0.9045
vn -0.19 0.4086 -0.8927
vn -0.19 0.4086 -0.8927
vn -0.1496 0.3994 -0.9045
vn -0.1763 0.1507 -0.9727
vn -0.2176 0.1618 -0.9625
vn -0.1496 0.3994 -0.9045
vn -0.0937 0.7006 -0.7073
vn -0.058 0.6949 -0.7167
vn -0.1078 0.3939 -0.9128
vn -0.1349 0.1437 -0.9804
vn -0.1763 0.1507 -0.9727
vn -0.1496 0.3994 -0.9045
vn -0.1078 0.3939 -0.9128
vn -0.2254 0.0029 -0.9743
vn -0.2176 0.1618 -0.9625
vn -0.1763 0.1507 -0.9727
vn -0.1846 -0.0085 -0.9828
vn -0.1846 -0.0085 -0.9828
vn -0.1763 0.1507 -0.9727
vn -0.1349 0.1437 -0.9804
vn -0.1452 -0.0156 -0.9893
vn -0.4369 0.3331 -0.8355
vn -0.4832 0.2783 -0.8301
vn -0.4641 0.5093 -0.7247
vn -0.3868 0.5839 -0.7137
vn -0.4832 0.2783 -0.8301
vn -0.4369 0.3331 -0.8355
vn -0.4439 0.1591 -0.8818
vn -0.4732 0.1325 -0.8709
vn -0.5091 0.1011 -0.8547
vn -0.5438 0.213 -0.8117
vn -0.4832 0.2783 -0.8301
vn -0.4732 0.1325 -0.8709
vn -0.5438 0.213 -0.8117
vn -0.5756 0.4077 -0.7089
vn -0.4641 0.5093 -0.7247
vn -0.4832 0.2783 -0.8301
vn -0.6184 0.1368 -0.7739
vn -0.7132 0.2715 -0.6462
vn -0.5756 0.4077 -0.7089
vn -0.5438 0.213 -0.8117
vn -0.5531 0.0636 -0.8307
vn -0.6184 0.1368 -0.7739
vn -0.5438 0.213 -0.8117
vn -0.5091 0.1011 -0.8547
vn -0.51 0.0224 -0.8599
vn -0.5531 0.0636 -0.8307
vn -0.5091 0.1011 -0.8547
vn -0.4791 0.0349 -0.8771
vn -0.4554 0.0424 -0.8893
vn -0.4791 0.0349 -0.8771
vn -0.5091 0.1011 -0.8547
vn -0.4732 0.1325 -0.8709
vn -0.4357 -0.0203 -0.8999
vn -0.4497 -0.0165 -0.893
vn -0.4791 0.0349 -0.8771
vn -0.4554 0.0424 -0.8893
vn -0.4497 -0.0165 -0.893
vn -0.4698 -0.0149 -0.8827
vn -0.51 0.0224 -0.8599
vn -0.4791 0.0349 -0.8771
vn -0.4732 0.1325 -0.8709
vn -0.4439 0.1591 -0.8818
vn -0.4352 0.0485 -0.899
vn -0.4554 0.0424 -0.8893
vn -0.422 -0.0234 -0.9063
vn -0.4357 -0.0203 -0.8999
vn -0.4554 0.0424 -0.8893
vn -0.4352 0.0485 -0.899
vn -0.4289 -0.0329 -0.9027
vn -0.4497 -0.0165 -0.893
vn -0.4357 -0.0203 -0.8999
vn -0.4206 -0.0388 -0.9064
vn -0.4357 -0.0203 -0.8999
vn -0.422 -0.0234 -0.9063
vn -0.4101 -0.0446 -0.911
vn -0.4206 -0.0388 -0.9064
vn -0.4289 -0.0329 -0.9027
vn -0.4206 -0.0388 -0.9064
vn -0.4112 -0.0216 -0.9113
vn -0.4192 -0.0155 -0.9077
vn -0.4418 -0.028 -0.8967
vn -0.4698 -0.0149 -0.8827
vn -0.4497 -0.0165 -0.893
vn -0.4289 -0.0329 -0.9027
vn -0.4418 -0.028 -0.8967
vn -0.4289 -0.0329 -0.9027
vn -0.4192 -0.0155 -0.9077
vn -0.4317 -0.0109 -0.902
vn -0.4659 -0.0253 -0.8845
vn -0.4951 -0.0177 -0.8687
vn -0.4698 -0.0149 -0.8827
vn -0.4418 -0.028 -0.8967
vn -0.4659 -0.0253 -0.8845
vn -0.4418 -0.028 -0.8967
vn -0.4317 -0.0109 -0.902
vn -0.4596 -0.0076 -0.8881
vn -0.4596 -0.0076 -0.8881
vn -0.5145 -0.0051 -0.8575
vn -0.5173 -0.02 -0.8556
vn -0.4659 -0.0253 -0.8845
vn -0.5161 -0.0232 -0.8562
vn -0.4951 -0.0177 -0.8687
vn -0.4659 -0.0253 -0.8845
vn -0.5173 -0.02 -0.8556
vn -0.4535 0.0228 -0.891
vn -0.5113 0.0199 -0.8592
vn -0.5145 -0.0051 -0.8575
vn -0.4596 -0.0076 -0.8881
vn -0.5082 0.0515 -0.8597
vn -0.5113 0.0199 -0.8592
vn -0.4535 0.0228 -0.891
vn -0.4465 0.0608 -0.8927
vn -0.4385 0.098 -0.8934
vn -0.5052 0.0821 -0.8591
vn -0.5082 0.0515 -0.8597
vn -0.4465 0.0608 -0.8927
vn -0.4309 0.1288 -0.8931
vn -0.5035 0.1062 -0.8574
vn -0.5052 0.0821 -0.8591
vn -0.4385 0.098 -0.8934
vn -0.0684 0.2378 -0.9689
vn -0.0527 0.2177 -0.9746
vn -0.0281 0.2384 -0.9708
vn -0.0468 0.2587 -0.9648
vn -0.2073 0.1937 -0.9589
vn -0.2681 0.0476 -0.9622
vn -0.3573 0.0301 -0.9335
vn -0.2756 0.1746 -0.9453
vn -0.3597 0.1483 -0.9212
vn -0.2756 0.1746 -0.9453
vn -0.3573 0.0301 -0.9335
vn -0.4574 0.0116 -0.8892
vn -0.3573 0.0301 -0.9335
vn -0.2681 0.0476 -0.9622
vn -0.3589 -0.225 -0.9058
vn -0.4699 -0.2211 -0.8546
vn -0.4699 -0.2211 -0.8546
vn -0.581 -0.2084 -0.7867
vn -0.4574 0.0116 -0.8892
vn -0.3573 0.0301 -0.9335
vn -0.3589 -0.225 -0.9058
vn -0.4249 -0.6402 -0.64
vn -0.5514 -0.6023 -0.5772
vn -0.4699 -0.2211 -0.8546
vn -0.581 -0.2084 -0.7867
vn -0.4699 -0.2211 -0.8546
vn -0.5514 -0.6023 -0.5772
vn -0.6694 -0.5482 -0.5013
vn -0.766 -0.4869 -0.4197
vn -0.6787 -0.1906 -0.7092
vn -0.581 -0.2084 -0.7867
vn -0.6694 -0.5482 -0.5013
vn -0.6787 -0.1906 -0.7092
vn -0.5566 -0.0059 -0.8307
vn -0.4574 0.0116 -0.8892
vn -0.581 -0.2084 -0.7867
vn -0.752 -0.1729 -0.636
vn -0.6392 -0.0195 -0.7688
vn -0.5566 -0.0059 -0.8307
vn -0.6787 -0.1906 -0.7092
vn -0.8345 -0.4287 -0.3461
vn -0.752 -0.1729 -0.636
vn -0.6787 -0.1906 -0.7092
vn -0.766 -0.4869 -0.4197
vn -0.3597 0.1483 -0.9212
vn -0.4574 0.0116 -0.8892
vn -0.5566 -0.0059 -0.8307
vn -0.4514 0.1174 -0.8846
vn -0.4514 0.1174 -0.8846
vn -0.5566 -0.0059 -0.8307
vn -0.6392 -0.0195 -0.7688
vn -0.5351 0.0878 -0.8402
vn 0.7311 -0.3135 0.6059
vn 0.7649 -0.257 0.5907
vn 0.4303 -0.1662 0.8873
vn 0.4087 -0.2124 0.8876
vn 0.692 -0.3758 0.6164
vn 0.7311 -0.3135 0.6059
vn 0.4087 -0.2124 0.8876
vn 0.3852 -0.263 0.8846
vn -0.4495 -0.7398 0.5006
vn -0.121 -0.6707 0.7318
vn -0.1711 -0.6553 0.7357
vn -0.5193 -0.6892 0.5052
vn -0.3764 -0.7875 0.4881
vn -0.0803 -0.6828 0.7262
vn -0.121 -0.6707 0.7318
vn -0.4495 -0.7398 0.5006
vn 0.5368 -0.5553 0.6352
vn 0.5937 -0.5023 0.6287
vn 0.3211 -0.3666 0.8732
vn 0.2782 -0.4101 0.8686
vn 0.4757 -0.5992 0.6439
vn 0.5368 -0.5553 0.6352
vn 0.2782 -0.4101 0.8686
vn 0.2281 -0.4445 0.8662
vn 0.5368 -0.5553 0.6352
vn 0.7311 -0.6185 0.2879
vn 0.7853 -0.5553 0.2738
vn 0.5937 -0.5023 0.6287
vn 0.4757 -0.5992 0.6439
vn 0.6735 -0.6743 0.303
vn 0.7311 -0.6185 0.2879
vn 0.5368 -0.5553 0.6352
vn 0.7853 -0.5553 0.2738
vn 0.7311 -0.6185 0.2879
vn 0.7879 -0.6116 0.0722
vn 0.8352 -0.5467 0.0594
vn 0.7311 -0.6185 0.2879
vn 0.6735 -0.6743 0.303
vn 0.7376 -0.6701 0.0835
vn 0.7879 -0.6116 0.0722
vn 0.684 -0.7236 0.0929
vn 0.7376 -0.6701 0.0835
vn 0.6735 -0.6743 0.303
vn 0.612 -0.7235 0.3192
vn 0.4757 -0.5992 0.6439
vn 0.411 -0.6342 0.6549
vn 0.612 -0.7235 0.3192
vn 0.6735 -0.6743 0.303
vn 0.612 -0.7235 0.3192
vn 0.5464 -0.767 0.3363
vn 0.6254 -0.7738 0.1007
vn 0.684 -0.7236 0.0929
vn 0.612 -0.7235 0.3192
vn 0.411 -0.6342 0.6549
vn 0.3458 -0.6598 0.6672
vn 0.5464 -0.767 0.3363
vn 0.411 -0.6342 0.6549
vn 0.4757 -0.5992 0.6439
vn 0.2281 -0.4445 0.8662
vn 0.1722 -0.4686 0.8665
vn 0.3458 -0.6598 0.6672
vn 0.411 -0.6342 0.6549
vn 0.1722 -0.4686 0.8665
vn 0.1169 -0.4805 0.8691
vn 0.2829 -0.6767 0.6797
vn 0.3458 -0.6598 0.6672
vn 0.1169 -0.4805 0.8691
vn 0.07 -0.4813 0.8738
vn 0.5464 -0.767 0.3363
vn 0.3458 -0.6598 0.6672
vn 0.2829 -0.6767 0.6797
vn 0.4753 -0.8057 0.3536
vn 0.2236 -0.6875 0.6909
vn 0.2829 -0.6767 0.6797
vn 0.07 -0.4813 0.8738
vn 0.0366 -0.475 0.8792
vn 0.4753 -0.8057 0.3536
vn 0.2829 -0.6767 0.6797
vn 0.2236 -0.6875 0.6909
vn 0.396 -0.8404 0.3702
vn 0.5464 -0.767 0.3363
vn 0.4753 -0.8057 0.3536
vn 0.5577 -0.823 0.1077
vn 0.6254 -0.7738 0.1007
vn 0.4753 -0.8057 0.3536
vn 0.396 -0.8404 0.3702
vn 0.4755 -0.8723 0.1144
vn 0.5577 -0.823 0.1077
vn 0.3731 -0.9198 0.1218
vn 0.4755 -0.8723 0.1144
vn 0.396 -0.8404 0.3702
vn 0.3061 -0.8707 0.3851
vn 0.2236 -0.6875 0.6909
vn 0.1683 -0.6947 0.6993
vn 0.3061 -0.8707 0.3851
vn 0.396 -0.8404 0.3702
vn 0.3061 -0.8707 0.3851
vn 0.2101 -0.8931 0.3978
vn 0.2549 -0.9579 0.1319
vn 0.3731 -0.9198 0.1218
vn 0.118 -0.6987 0.7056
vn 0.2101 -0.8931 0.3978
vn 0.3061 -0.8707 0.3851
vn 0.1683 -0.6947 0.6993
vn 0.118 -0.6987 0.7056
vn 0.1683 -0.6947 0.6993
vn 0.0195 -0.4664 0.8844
vn 0.0171 -0.4591 0.8882
vn 0.1683 -0.6947 0.6993
vn 0.2236 -0.6875 0.6909
vn 0.0366 -0.475 0.8792
vn 0.0195 -0.4664 0.8844
vn 0.077 -0.7003 0.7097
vn 0.118 -0.6987 0.7056
vn 0.0171 -0.4591 0.8882
vn 0.0263 -0.4547 0.8902
vn 0.077 -0.7003 0.7097
vn 0.1186 -0.9052 0.4081
vn 0.2101 -0.8931 0.3978
vn 0.118 -0.6987 0.7056
vn 0.0478 -0.7003 0.7122
vn 0.077 -0.7003 0.7097
vn 0.0263 -0.4547 0.8902
vn 0.0455 -0.4532 0.8903
vn 0.0478 -0.7003 0.7122
vn 0.039 -0.9082 0.4166
vn 0.1186 -0.9052 0.4081
vn 0.077 -0.7003 0.7097
vn 0.2101 -0.8931 0.3978
vn 0.1186 -0.9052 0.4081
vn 0.135 -0.9801 0.1457
vn 0.2549 -0.9579 0.1319
vn 0.1186 -0.9052 0.4081
vn 0.039 -0.9082 0.4166
vn 0.0253 -0.9864 0.1625
vn 0.135 -0.9801 0.1457
vn -0.0689 -0.9812 0.1802
vn 0.0253 -0.9864 0.1625
vn 0.039 -0.9082 0.4166
vn -0.0265 -0.9054 0.4238
vn 0.0478 -0.7003 0.7122
vn 0.0303 -0.7 0.7135
vn -0.0265 -0.9054 0.4238
vn 0.039 -0.9082 0.4166
vn -0.0265 -0.9054 0.4238
vn -0.0862 -0.8982 0.4311
vn -0.1552 -0.9677 0.1985
vn -0.0689 -0.9812 0.1802
vn 0.0174 -0.7003 0.7137
vn -0.0862 -0.8982 0.4311
vn -0.0265 -0.9054 0.4238
vn 0.0303 -0.7 0.7135
vn 0.0303 -0.7 0.7135
vn 0.0478 -0.7003 0.7122
vn 0.0455 -0.4532 0.8903
vn 0.0729 -0.4541 0.888
vn 0.0174 -0.7003 0.7137
vn 0.0303 -0.7 0.7135
vn 0.0729 -0.4541 0.888
vn 0.1044 -0.4572 0.8832
vn 0.0012 -0.6997 0.7145
vn 0.0174 -0.7003 0.7137
vn 0.1044 -0.4572 0.8832
vn 0.1364 -0.4625 0.8761
vn 0.0012 -0.6997 0.7145
vn -0.1507 -0.8847 0.441
vn -0.0862 -0.8982 0.4311
vn 0.0174 -0.7003 0.7137
vn -0.0204 -0.6971 0.7167
vn 0.0012 -0.6997 0.7145
vn 0.1364 -0.4625 0.8761
vn 0.1679 -0.4704 0.8664
vn -0.0204 -0.6971 0.7167
vn -0.2222 -0.8626 0.4545
vn -0.1507 -0.8847 0.441
vn 0.0012 -0.6997 0.7145
vn -0.0862 -0.8982 0.4311
vn -0.1507 -0.8847 0.441
vn -0.2446 -0.9442 0.2204
vn -0.1552 -0.9677 0.1985
vn -0.1507 -0.8847 0.441
vn -0.2222 -0.8626 0.4545
vn -0.3384 -0.9077 0.2482
vn -0.2446 -0.9442 0.2204
vt 0.847083 0.199933
vt 0.845143 0.191257
vt 0.841718 0.192203
vt 0.843272 0.200571
vt 0.847083 0.199933
vt 0.856225 0.198404
vt 0.854217 0.188982
vt 0.845143 0.191257
vt 0.845143 0.191257
vt 0.842954 0.182655
vt 0.839886 0.183808
vt 0.841718 0.192203
vt 0.842954 0.182655
vt 0.845143 0.191257
vt 0.854217 0.188982
vt 0.851971 0.179742
vt 0.856365 0.188609
vt 0.854097 0.179262
vt 0.851971 0.179742
vt 0.854217 0.188982
vt 0.854217 0.188982
vt 0.856225 0.198404
vt 0.858395 0.198154
vt 0.856365 0.188609
vt 0.849559 0.170603
vt 0.851971 0.179742
vt 0.854097 0.179262
vt 0.851668 0.170045
vt 0.842954 0.182655
vt 0.851971 0.179742
vt 0.849559 0.170603
vt 0.840563 0.174051
vt 0.431441 0.470792
vt 0.422242 0.474185
vt 0.422765 0.476372
vt 0.431789 0.473031
vt 0.414004 0.480425
vt 0.422765 0.476372
vt 0.422242 0.474185
vt 0.41331 0.478302
vt 0.431953 0.475994
vt 0.431789 0.473031
vt 0.422765 0.476372
vt 0.42319 0.479127
vt 0.41465 0.482923
vt 0.42319 0.479127
vt 0.422765 0.476372
vt 0.414004 0.480425
vt 0.423349 0.48282
vt 0.431703 0.479864
vt 0.431953 0.475994
vt 0.42319 0.479127
vt 0.42319 0.479127
vt 0.41465 0.482923
vt 0.415175 0.486393
vt 0.423349 0.48282
vt 0.415175 0.486393
vt 0.41465 0.482923
vt 0.406377 0.487408
vt 0.407248 0.490599
vt 0.41465 0.482923
vt 0.414004 0.480425
vt 0.405542 0.485216
vt 0.406377 0.487408
vt 0.406377 0.487408
vt 0.405542 0.485216
vt 0.397431 0.490698
vt 0.398412 0.492572
vt 0.399601 0.495445
vt 0.407248 0.490599
vt 0.406377 0.487408
vt 0.398412 0.492572
vt 0.41331 0.478302
vt 0.40467 0.483175
vt 0.405542 0.485216
vt 0.414004 0.480425
vt 0.40467 0.483175
vt 0.396384 0.488756
vt 0.397431 0.490698
vt 0.405542 0.485216
vt 0.396384 0.488756
vt 0.388517 0.494967
vt 0.389721 0.496801
vt 0.397431 0.490698
vt 0.398412 0.492572
vt 0.397431 0.490698
vt 0.389721 0.496801
vt 0.390803 0.498384
vt 0.382464 0.503462
vt 0.389721 0.496801
vt 0.388517 0.494967
vt 0.381132 0.501731
vt 0.383609 0.504815
vt 0.390803 0.498384
vt 0.389721 0.496801
vt 0.382464 0.503462
vt 0.39227 0.500932
vt 0.399601 0.495445
vt 0.398412 0.492572
vt 0.390803 0.498384
vt 0.390803 0.498384
vt 0.383609 0.504815
vt 0.385306 0.507055
vt 0.39227 0.500932
vt 0.385306 0.507055
vt 0.383609 0.504815
vt 0.376929 0.5118
vt 0.378809 0.513766
vt 0.383609 0.504815
vt 0.382464 0.503462
vt 0.375742 0.510608
vt 0.376929 0.5118
vt 0.376929 0.5118
vt 0.375742 0.510608
vt 0.369728 0.518078
vt 0.370951 0.519148
vt 0.372973 0.520863
vt 0.378809 0.513766
vt 0.376929 0.5118
vt 0.370951 0.519148
vt 0.381132 0.501731
vt 0.374311 0.508968
vt 0.375742 0.510608
vt 0.382464 0.503462
vt 0.374311 0.508968
vt 0.368201 0.516528
vt 0.369728 0.518078
vt 0.375742 0.510608
vt 0.368201 0.516528
vt 0.362985 0.524256
vt 0.364625 0.525693
vt 0.369728 0.518078
vt 0.370951 0.519148
vt 0.369728 0.518078
vt 0.364625 0.525693
vt 0.365887 0.526649
vt 0.360611 0.533264
vt 0.364625 0.525693
vt 0.362985 0.524256
vt 0.358833 0.531987
vt 0.361914 0.534092
vt 0.365887 0.526649
vt 0.364625 0.525693
vt 0.360611 0.533264
vt 0.368014 0.528123
vt 0.372973 0.520863
vt 0.370951 0.519148
vt 0.365887 0.526649
vt 0.365887 0.526649
vt 0.361914 0.534092
vt 0.36411 0.535336
vt 0.368014 0.528123
vt 0.361914 0.534092
vt 0.359084 0.541329
vt 0.361328 0.542361
vt 0.36411 0.535336
vt 0.360611 0.533264
vt 0.357742 0.540642
vt 0.359084 0.541329
vt 0.361914 0.534092
vt 0.361328 0.542361
vt 0.359084 0.541329
vt 0.357281 0.548397
vt 0.359567 0.549226
vt 0.359084 0.541329
vt 0.357742 0.540642
vt 0.3559 0.547861
vt 0.357281 0.548397
vt 0.358833 0.531987
vt 0.355812 0.539577
vt 0.357742 0.540642
vt 0.360611 0.533264
vt 0.355812 0.539577
vt 0.353832 0.547049
vt 0.3559 0.547861
vt 0.357742 0.540642
vt 0.353832 0.547049
vt 0.35278 0.554472
vt 0.354956 0.554998
vt 0.3559 0.547861
vt 0.357281 0.548397
vt 0.3559 0.547861
vt 0.354956 0.554998
vt 0.356378 0.555374
vt 0.35482 0.562121
vt 0.354956 0.554998
vt 0.35278 0.554472
vt 0.352581 0.56191
vt 0.356378 0.555374
vt 0.354956 0.554998
vt 0.35482 0.562121
vt 0.356283 0.562317
vt 0.359567 0.549226
vt 0.357281 0.548397
vt 0.356378 0.555374
vt 0.35871 0.555978
vt 0.35871 0.555978
vt 0.356378 0.555374
vt 0.356283 0.562317
vt 0.358663 0.56265
vt 0.361887 0.549806
vt 0.359567 0.549226
vt 0.35871 0.555978
vt 0.360993 0.556368
vt 0.360993 0.556368
vt 0.35871 0.555978
vt 0.358663 0.56265
vt 0.360915 0.562821
vt 0.364534 0.55028
vt 0.361887 0.549806
vt 0.360993 0.556368
vt 0.363582 0.556669
vt 0.363582 0.556669
vt 0.360993 0.556368
vt 0.360915 0.562821
vt 0.363442 0.562936
vt 0.36778 0.550797
vt 0.364534 0.55028
vt 0.363582 0.556669
vt 0.366785 0.557112
vt 0.366583 0.563295
vt 0.366785 0.557112
vt 0.363582 0.556669
vt 0.363442 0.562936
vt 0.369323 0.563774
vt 0.369576 0.557574
vt 0.366785 0.557112
vt 0.366583 0.563295
vt 0.369576 0.557574
vt 0.370597 0.551234
vt 0.36778 0.550797
vt 0.366785 0.557112
vt 0.363442 0.562936
vt 0.364071 0.569053
vt 0.367143 0.569311
vt 0.366583 0.563295
vt 0.36981 0.569796
vt 0.369323 0.563774
vt 0.366583 0.563295
vt 0.367143 0.569311
vt 0.370961 0.57558
vt 0.36981 0.569796
vt 0.367143 0.569311
vt 0.368389 0.5751
vt 0.367143 0.569311
vt 0.364071 0.569053
vt 0.365409 0.574971
vt 0.368389 0.5751
vt 0.363442 0.562936
vt 0.360915 0.562821
vt 0.361593 0.569149
vt 0.364071 0.569053
vt 0.365409 0.574971
vt 0.364071 0.569053
vt 0.361593 0.569149
vt 0.362979 0.575301
vt 0.361593 0.569149
vt 0.359356 0.56924
vt 0.360759 0.575685
vt 0.362979 0.575301
vt 0.360915 0.562821
vt 0.358663 0.56265
vt 0.359356 0.56924
vt 0.361593 0.569149
vt 0.356283 0.562317
vt 0.356947 0.569237
vt 0.359356 0.56924
vt 0.358663 0.56265
vt 0.360759 0.575685
vt 0.359356 0.56924
vt 0.356947 0.569237
vt 0.358363 0.576058
vt 0.356947 0.569237
vt 0.355458 0.569249
vt 0.356879 0.576303
vt 0.358363 0.576058
vt 0.35482 0.562121
vt 0.355458 0.569249
vt 0.356947 0.569237
vt 0.356283 0.562317
vt 0.352581 0.56191
vt 0.353213 0.569384
vt 0.355458 0.569249
vt 0.35482 0.562121
vt 0.353213 0.569384
vt 0.354693 0.576805
vt 0.356879 0.576303
vt 0.355458 0.569249
vt 0.354693 0.576805
vt 0.357026 0.584091
vt 0.359084 0.583215
vt 0.356879 0.576303
vt 0.358363 0.576058
vt 0.356879 0.576303
vt 0.359084 0.583215
vt 0.360519 0.582721
vt 0.36207 0.589967
vt 0.359084 0.583215
vt 0.357026 0.584091
vt 0.360202 0.591198
vt 0.363403 0.589225
vt 0.360519 0.582721
vt 0.359084 0.583215
vt 0.36207 0.589967
vt 0.362846 0.581948
vt 0.360759 0.575685
vt 0.358363 0.576058
vt 0.360519 0.582721
vt 0.360519 0.582721
vt 0.363403 0.589225
vt 0.365599 0.588038
vt 0.362846 0.581948
vt 0.367038 0.595634
vt 0.369045 0.594027
vt 0.365599 0.588038
vt 0.363403 0.589225
vt 0.365848 0.596605
vt 0.367038 0.595634
vt 0.363403 0.589225
vt 0.36207 0.589967
vt 0.37049 0.60319
vt 0.371522 0.602002
vt 0.367038 0.595634
vt 0.365848 0.596605
vt 0.371522 0.602002
vt 0.373282 0.599975
vt 0.369045 0.594027
vt 0.367038 0.595634
vt 0.37049 0.60319
vt 0.365848 0.596605
vt 0.364212 0.598152
vt 0.369106 0.604999
vt 0.360202 0.591198
vt 0.364212 0.598152
vt 0.365848 0.596605
vt 0.36207 0.589967
vt 0.870706 0.953378
vt 0.870041 0.961674
vt 0.872283 0.96108
vt 0.872983 0.95292
vt 0.872571 0.968846
vt 0.872283 0.96108
vt 0.870041 0.961674
vt 0.870377 0.96959
vt 0.870377 0.96959
vt 0.871822 0.977107
vt 0.873955 0.976207
vt 0.872571 0.968846
vt 0.872571 0.968846
vt 0.88095 0.965509
vt 0.88069 0.958446
vt 0.872283 0.96108
vt 0.882224 0.972153
vt 0.88095 0.965509
vt 0.872571 0.968846
vt 0.873955 0.976207
vt 0.88069 0.958446
vt 0.88095 0.965509
vt 0.886276 0.9627
vt 0.885767 0.956182
vt 0.88095 0.965509
vt 0.882224 0.972153
vt 0.887676 0.968841
vt 0.886276 0.9627
vt 0.898695 0.955779
vt 0.897577 0.950565
vt 0.885767 0.956182
vt 0.886276 0.9627
vt 0.886276 0.9627
vt 0.887676 0.968841
vt 0.900404 0.960737
vt 0.898695 0.955779
vt 0.881356 0.950958
vt 0.88069 0.958446
vt 0.885767 0.956182
vt 0.886082 0.94925
vt 0.885767 0.956182
vt 0.897577 0.950565
vt 0.897031 0.944981
vt 0.886082 0.94925
vt 0.897577 0.950565
vt 0.905983 0.945783
vt 0.904904 0.941099
vt 0.897031 0.944981
vt 0.898695 0.955779
vt 0.907481 0.950148
vt 0.905983 0.945783
vt 0.897577 0.950565
vt 0.692372 0.507878
vt 0.687219 0.49725
vt 0.682768 0.497176
vt 0.687703 0.50762
vt 0.696856 0.507746
vt 0.69149 0.496989
vt 0.687219 0.49725
vt 0.692372 0.507878
vt 0.69149 0.496989
vt 0.684428 0.483621
vt 0.680324 0.48394
vt 0.687219 0.49725
vt 0.687219 0.49725
vt 0.680324 0.48394
vt 0.676022 0.483963
vt 0.682768 0.497176
vt 0.680324 0.48394
vt 0.669798 0.466828
vt 0.665632 0.46701
vt 0.676022 0.483963
vt 0.684428 0.483621
vt 0.673761 0.466369
vt 0.669798 0.466828
vt 0.680324 0.48394
vt 0.673761 0.466369
vt 0.658441 0.446496
vt 0.654664 0.4473
vt 0.669798 0.466828
vt 0.665632 0.46701
vt 0.669798 0.466828
vt 0.654664 0.4473
vt 0.650748 0.447857
vt 0.654664 0.4473
vt 0.636403 0.42604
vt 0.632918 0.427155
vt 0.650748 0.447857
vt 0.658441 0.446496
vt 0.63987 0.424752
vt 0.636403 0.42604
vt 0.654664 0.4473
vt 0.650748 0.447857
vt 0.632918 0.427155
vt 0.629349 0.428155
vt 0.646573 0.448244
vt 0.642033 0.448531
vt 0.646573 0.448244
vt 0.629349 0.428155
vt 0.625647 0.429089
vt 0.661088 0.466991
vt 0.665632 0.46701
vt 0.650748 0.447857
vt 0.646573 0.448244
vt 0.646573 0.448244
vt 0.642033 0.448531
vt 0.656001 0.466835
vt 0.661088 0.466991
vt 0.625647 0.429089
vt 0.621792 0.429985
vt 0.637077 0.448771
vt 0.642033 0.448531
vt 0.642033 0.448531
vt 0.637077 0.448771
vt 0.65028 0.466597
vt 0.656001 0.466835
vt 0.637077 0.448771
vt 0.621792 0.429985
vt 0.617832 0.430846
vt 0.631824 0.448989
vt 0.644092 0.466314
vt 0.65028 0.466597
vt 0.637077 0.448771
vt 0.631824 0.448989
vt 0.631824 0.448989
vt 0.617832 0.430846
vt 0.613834 0.431665
vt 0.626441 0.449203
vt 0.621096 0.449432
vt 0.626441 0.449203
vt 0.613834 0.431665
vt 0.609866 0.432435
vt 0.637674 0.466024
vt 0.644092 0.466314
vt 0.631824 0.448989
vt 0.626441 0.449203
vt 0.626441 0.449203
vt 0.621096 0.449432
vt 0.631264 0.465776
vt 0.637674 0.466024
vt 0.609866 0.432435
vt 0.605978 0.433151
vt 0.615913 0.449693
vt 0.621096 0.449432
vt 0.621096 0.449432
vt 0.615913 0.449693
vt 0.625039 0.465617
vt 0.631264 0.465776
vt 0.615913 0.449693
vt 0.605978 0.433151
vt 0.602146 0.433823
vt 0.610843 0.449997
vt 0.618932 0.465572
vt 0.625039 0.465617
vt 0.615913 0.449693
vt 0.610843 0.449997
vt 0.610843 0.449997
vt 0.602146 0.433823
vt 0.598328 0.434463
vt 0.605799 0.450345
vt 0.600697 0.450734
vt 0.605799 0.450345
vt 0.598328 0.434463
vt 0.594483 0.435081
vt 0.612826 0.465653
vt 0.618932 0.465572
vt 0.610843 0.449997
vt 0.605799 0.450345
vt 0.605799 0.450345
vt 0.600697 0.450734
vt 0.60661 0.465866
vt 0.612826 0.465653
vt 0.60661 0.465866
vt 0.600697 0.450734
vt 0.595526 0.451146
vt 0.600265 0.466198
vt 0.600697 0.450734
vt 0.594483 0.435081
vt 0.590632 0.435689
vt 0.595526 0.451146
vt 0.595526 0.451146
vt 0.590632 0.435689
vt 0.586962 0.436237
vt 0.590549 0.451541
vt 0.594114 0.466593
vt 0.600265 0.466198
vt 0.595526 0.451146
vt 0.590549 0.451541
vt 0.590549 0.451541
vt 0.586962 0.436237
vt 0.583711 0.436692
vt 0.586098 0.451874
vt 0.582498 0.452118
vt 0.586098 0.451874
vt 0.583711 0.436692
vt 0.581112 0.437027
vt 0.588573 0.466985
vt 0.594114 0.466593
vt 0.590549 0.451541
vt 0.586098 0.451874
vt 0.586098 0.451874
vt 0.582498 0.452118
vt 0.584059 0.46731
vt 0.588573 0.466985
vt 0.581112 0.437027
vt 0.579304 0.43723
vt 0.579939 0.452267
vt 0.582498 0.452118
vt 0.582498 0.452118
vt 0.579939 0.452267
vt 0.580842 0.467524
vt 0.584059 0.46731
vt 0.579939 0.452267
vt 0.579304 0.43723
vt 0.577976 0.437334
vt 0.578031 0.452367
vt 0.578491 0.467668
vt 0.580842 0.467524
vt 0.579939 0.452267
vt 0.578031 0.452367
vt 0.578031 0.452367
vt 0.577976 0.437334
vt 0.576381 0.437362
vt 0.575951 0.452459
vt 0.57305 0.452551
vt 0.575951 0.452459
vt 0.576381 0.437362
vt 0.5739 0.437305
vt 0.576068 0.467807
vt 0.578491 0.467668
vt 0.578031 0.452367
vt 0.575951 0.452459
vt 0.575951 0.452459
vt 0.57305 0.452551
vt 0.572806 0.467993
vt 0.576068 0.467807
vt 0.5739 0.437305
vt 0.570278 0.437145
vt 0.56909 0.452636
vt 0.57305 0.452551
vt 0.57305 0.452551
vt 0.56909 0.452636
vt 0.568442 0.46825
vt 0.572806 0.467993
vt 0.56909 0.452636
vt 0.570278 0.437145
vt 0.565672 0.43688
vt 0.564191 0.45269
vt 0.563099 0.468546
vt 0.568442 0.46825
vt 0.56909 0.452636
vt 0.564191 0.45269
vt 0.564191 0.45269
vt 0.565672 0.43688
vt 0.560334 0.436518
vt 0.558548 0.452695
vt 0.552354 0.452641
vt 0.558548 0.452695
vt 0.560334 0.436518
vt 0.554518 0.436084
vt 0.556971 0.468846
vt 0.563099 0.468546
vt 0.564191 0.45269
vt 0.558548 0.452695
vt 0.558548 0.452695
vt 0.552354 0.452641
vt 0.550245 0.469114
vt 0.556971 0.468846
vt 0.550245 0.469114
vt 0.552354 0.452641
vt 0.545781 0.452526
vt 0.54309 0.469315
vt 0.552354 0.452641
vt 0.554518 0.436084
vt 0.548439 0.435602
vt 0.545781 0.452526
vt 0.545781 0.452526
vt 0.548439 0.435602
vt 0.542168 0.435085
vt 0.538921 0.452336
vt 0.53561 0.469411
vt 0.54309 0.469315
vt 0.545781 0.452526
vt 0.538921 0.452336
vt 0.538921 0.452336
vt 0.542168 0.435085
vt 0.535734 0.434541
vt 0.531847 0.452055
vt 0.524633 0.45167
vt 0.531847 0.452055
vt 0.535734 0.434541
vt 0.529169 0.433978
vt 0.527899 0.469361
vt 0.53561 0.469411
vt 0.538921 0.452336
vt 0.531847 0.452055
vt 0.531847 0.452055
vt 0.524633 0.45167
vt 0.52005 0.469124
vt 0.527899 0.469361
vt 0.51233 0.882977
vt 0.518228 0.879814
vt 0.512821 0.86206
vt 0.506452 0.865658
vt 0.506452 0.865658
vt 0.512821 0.86206
vt 0.50739 0.84451
vt 0.500571 0.848566
vt 0.512821 0.86206
vt 0.518228 0.879814
vt 0.524152 0.876638
vt 0.519235 0.858572
vt 0.51428 0.840672
vt 0.50739 0.84451
vt 0.512821 0.86206
vt 0.519235 0.858572
vt 0.519235 0.858572
vt 0.524152 0.876638
vt 0.53004 0.873486
vt 0.525592 0.855255
vt 0.531794 0.852171
vt 0.525592 0.855255
vt 0.53004 0.873486
vt 0.535831 0.870395
vt 0.521112 0.837126
vt 0.51428 0.840672
vt 0.519235 0.858572
vt 0.525592 0.855255
vt 0.525592 0.855255
vt 0.531794 0.852171
vt 0.527758 0.833949
vt 0.521112 0.837126
vt 0.527758 0.833949
vt 0.531794 0.852171
vt 0.537721 0.849382
vt 0.534079 0.831205
vt 0.531794 0.852171
vt 0.535831 0.870395
vt 0.54143 0.867423
vt 0.537721 0.849382
vt 0.537721 0.849382
vt 0.54143 0.867423
vt 0.546612 0.8647
vt 0.543166 0.846954
vt 0.539869 0.828907
vt 0.534079 0.831205
vt 0.537721 0.849382
vt 0.543166 0.846954
vt 0.543166 0.846954
vt 0.546612 0.8647
vt 0.551117 0.862369
vt 0.5479 0.844951
vt 0.551689 0.843429
vt 0.5479 0.844951
vt 0.551117 0.862369
vt 0.554684 0.860567
vt 0.544905 0.827056
vt 0.539869 0.828907
vt 0.543166 0.846954
vt 0.5479 0.844951
vt 0.5479 0.844951
vt 0.551689 0.843429
vt 0.548954 0.825655
vt 0.544905 0.827056
vt 0.554684 0.860567
vt 0.557141 0.859379
vt 0.554381 0.842411
vt 0.551689 0.843429
vt 0.551689 0.843429
vt 0.554381 0.842411
vt 0.551874 0.824695
vt 0.548954 0.825655
vt 0.554381 0.842411
vt 0.557141 0.859379
vt 0.558721 0.858716
vt 0.556241 0.841811
vt 0.553966 0.824103
vt 0.551874 0.824695
vt 0.554381 0.842411
vt 0.556241 0.841811
vt 0.556241 0.841811
vt 0.558721 0.858716
vt 0.560043 0.858412
vt 0.557974 0.84147
vt 0.560378 0.841239
vt 0.557974 0.84147
vt 0.560043 0.858412
vt 0.561881 0.858298
vt 0.556056 0.823739
vt 0.553966 0.824103
vt 0.556241 0.841811
vt 0.557974 0.84147
vt 0.557974 0.84147
vt 0.560378 0.841239
vt 0.559022 0.823459
vt 0.556056 0.823739
vt 0.561881 0.858298
vt 0.564548 0.858298
vt 0.56377 0.841051
vt 0.560378 0.841239
vt 0.560378 0.841239
vt 0.56377 0.841051
vt 0.563208 0.823187
vt 0.559022 0.823459
vt 0.56377 0.841051
vt 0.564548 0.858298
vt 0.567913 0.858402
vt 0.568005 0.840908
vt 0.568413 0.822922
vt 0.563208 0.823187
vt 0.56377 0.841051
vt 0.568005 0.840908
vt 0.568005 0.840908
vt 0.567913 0.858402
vt 0.571752 0.858612
vt 0.572845 0.840821
vt 0.578049 0.840787
vt 0.572845 0.840821
vt 0.571752 0.858612
vt 0.575841 0.858916
vt 0.574329 0.82268
vt 0.568413 0.822922
vt 0.568005 0.840908
vt 0.572845 0.840821
vt 0.572845 0.840821
vt 0.578049 0.840787
vt 0.580651 0.822473
vt 0.574329 0.82268
vt 0.575841 0.858916
vt 0.579993 0.859303
vt 0.583417 0.840804
vt 0.578049 0.840787
vt 0.578049 0.840787
vt 0.583417 0.840804
vt 0.58713 0.82231
vt 0.580651 0.822473
vt 0.583417 0.840804
vt 0.579993 0.859303
vt 0.58419 0.85977
vt 0.588911 0.840874
vt 0.593712 0.822191
vt 0.58713 0.82231
vt 0.583417 0.840804
vt 0.588911 0.840874
vt 0.588911 0.840874
vt 0.58419 0.85977
vt 0.588459 0.860359
vt 0.594535 0.841005
vt 0.600302 0.841208
vt 0.594535 0.841005
vt 0.588459 0.860359
vt 0.592844 0.861104
vt 0.600392 0.822113
vt 0.593712 0.822191
vt 0.588911 0.840874
vt 0.594535 0.841005
vt 0.594535 0.841005
vt 0.600302 0.841208
vt 0.607164 0.822076
vt 0.600392 0.822113
vt 0.607164 0.822076
vt 0.600302 0.841208
vt 0.606204 0.8415
vt 0.613996 0.822084
vt 0.600302 0.841208
vt 0.592844 0.861104
vt 0.597386 0.862041
vt 0.606204 0.8415
vt 0.606204 0.8415
vt 0.597386 0.862041
vt 0.602073 0.863183
vt 0.612143 0.841906
vt 0.620744 0.822162
vt 0.613996 0.822084
vt 0.606204 0.8415
vt 0.612143 0.841906
vt 0.612143 0.841906
vt 0.602073 0.863183
vt 0.606878 0.864529
vt 0.618005 0.842458
vt 0.623695 0.843198
vt 0.618005 0.842458
vt 0.606878 0.864529
vt 0.611767 0.866073
vt 0.62725 0.822341
vt 0.620744 0.822162
vt 0.612143 0.841906
vt 0.618005 0.842458
vt 0.618005 0.842458
vt 0.623695 0.843198
vt 0.633389 0.822653
vt 0.62725 0.822341
vt 0.611767 0.866073
vt 0.616698 0.8678
vt 0.629144 0.844163
vt 0.623695 0.843198
vt 0.623695 0.843198
vt 0.629144 0.844163
vt 0.639095 0.82313
vt 0.633389 0.822653
vt 0.629144 0.844163
vt 0.616698 0.8678
vt 0.621583 0.869679
vt 0.634338 0.845348
vt 0.644419 0.823793
vt 0.639095 0.82313
vt 0.629144 0.844163
vt 0.634338 0.845348
vt 0.634338 0.845348
vt 0.621583 0.869679
vt 0.626328 0.87168
vt 0.639261 0.846737
vt 0.643889 0.84831
vt 0.639261 0.846737
vt 0.626328 0.87168
vt 0.630841 0.873778
vt 0.649412 0.824652
vt 0.644419 0.823793
vt 0.634338 0.845348
vt 0.639261 0.846737
vt 0.639261 0.846737
vt 0.643889 0.84831
vt 0.654099 0.825716
vt 0.649412 0.824652
vt 0.654099 0.825716
vt 0.643889 0.84831
vt 0.648203 0.850052
vt 0.658494 0.826992
vt 0.643889 0.84831
vt 0.630841 0.873778
vt 0.635056 0.875954
vt 0.648203 0.850052
vt 0.648203 0.850052
vt 0.635056 0.875954
vt 0.639006 0.878211
vt 0.652242 0.851969
vt 0.662643 0.828493
vt 0.658494 0.826992
vt 0.648203 0.850052
vt 0.652242 0.851969
vt 0.652242 0.851969
vt 0.639006 0.878211
vt 0.642739 0.880552
vt 0.656058 0.854069
vt 0.659691 0.856361
vt 0.656058 0.854069
vt 0.642739 0.880552
vt 0.646297 0.882977
vt 0.6666 0.830231
vt 0.662643 0.828493
vt 0.652242 0.851969
vt 0.656058 0.854069
vt 0.656058 0.854069
vt 0.659691 0.856361
vt 0.670406 0.832226
vt 0.6666 0.830231
vt 0.689299 0.46118
vt 0.673393 0.440178
vt 0.669673 0.442192
vt 0.685444 0.46296
vt 0.673393 0.440178
vt 0.654215 0.417371
vt 0.650575 0.41952
vt 0.669673 0.442192
vt 0.669673 0.442192
vt 0.650575 0.41952
vt 0.646955 0.421483
vt 0.665932 0.443933
vt 0.681564 0.464429
vt 0.685444 0.46296
vt 0.669673 0.442192
vt 0.665932 0.443933
vt 0.665932 0.443933
vt 0.646955 0.421483
vt 0.643382 0.423234
vt 0.662187 0.445374
vt 0.658441 0.446496
vt 0.662187 0.445374
vt 0.643382 0.423234
vt 0.63987 0.424752
vt 0.67767 0.46557
vt 0.681564 0.464429
vt 0.665932 0.443933
vt 0.662187 0.445374
vt 0.662187 0.445374
vt 0.658441 0.446496
vt 0.673761 0.466369
vt 0.67767 0.46557
vt 0.692558 0.481963
vt 0.681564 0.464429
vt 0.67767 0.46557
vt 0.688498 0.482961
vt 0.688498 0.482961
vt 0.67767 0.46557
vt 0.673761 0.466369
vt 0.684428 0.483621
vt 0.699964 0.495387
vt 0.692558 0.481963
vt 0.688498 0.482961
vt 0.69574 0.496366
vt 0.69574 0.496366
vt 0.688498 0.482961
vt 0.684428 0.483621
vt 0.69149 0.496989
vt 0.705722 0.506252
vt 0.699964 0.495387
vt 0.69574 0.496366
vt 0.701309 0.507203
vt 0.701309 0.507203
vt 0.69574 0.496366
vt 0.69149 0.496989
vt 0.696856 0.507746
vt 0.902681 0.965434
vt 0.911678 0.958392
vt 0.909383 0.954354
vt 0.900404 0.960737
vt 0.900404 0.960737
vt 0.909383 0.954354
vt 0.907481 0.950148
vt 0.898695 0.955779
vt 0.889916 0.97459
vt 0.902681 0.965434
vt 0.900404 0.960737
vt 0.887676 0.968841
vt 0.892919 0.979915
vt 0.90549 0.969826
vt 0.902681 0.965434
vt 0.889916 0.97459
vt 0.90549 0.969826
vt 0.914355 0.962205
vt 0.911678 0.958392
vt 0.902681 0.965434
vt 0.908796 0.97387
vt 0.90549 0.969826
vt 0.892919 0.979915
vt 0.896601 0.984778
vt 0.908796 0.97387
vt 0.917403 0.965734
vt 0.914355 0.962205
vt 0.90549 0.969826
vt 0.710047 0.504904
vt 0.704122 0.494069
vt 0.699964 0.495387
vt 0.705722 0.506252
vt 0.714235 0.503164
vt 0.708168 0.49243
vt 0.704122 0.494069
vt 0.710047 0.504904
vt 0.708168 0.49243
vt 0.700573 0.47902
vt 0.696589 0.480645
vt 0.704122 0.494069
vt 0.704122 0.494069
vt 0.696589 0.480645
vt 0.692558 0.481963
vt 0.699964 0.495387
vt 0.696589 0.480645
vt 0.685444 0.46296
vt 0.681564 0.464429
vt 0.692558 0.481963
vt 0.700573 0.47902
vt 0.689299 0.46118
vt 0.685444 0.46296
vt 0.696589 0.480645
vt 0.677711 0.795834
vt 0.673413 0.810555
vt 0.67742 0.812229
vt 0.68184 0.797371
vt 0.673413 0.810555
vt 0.6666 0.830231
vt 0.670406 0.832226
vt 0.67742 0.812229
vt 0.669276 0.809156
vt 0.662643 0.828493
vt 0.6666 0.830231
vt 0.673413 0.810555
vt 0.673411 0.794604
vt 0.669276 0.809156
vt 0.673413 0.810555
vt 0.677711 0.795834
vt 0.676965 0.782859
vt 0.673411 0.794604
vt 0.677711 0.795834
vt 0.681447 0.784036
vt 0.681447 0.784036
vt 0.677711 0.795834
vt 0.68184 0.797371
vt 0.685748 0.785595
vt 0.827828 0.259597
vt 0.81833 0.252793
vt 0.815867 0.256803
vt 0.825104 0.264111
vt 0.825104 0.264111
vt 0.815867 0.256803
vt 0.813036 0.260485
vt 0.821908 0.268217
vt 0.834087 0.27898
vt 0.837838 0.274213
vt 0.825104 0.264111
vt 0.821908 0.268217
vt 0.840951 0.268918
vt 0.827828 0.259597
vt 0.825104 0.264111
vt 0.837838 0.274213
vt 0.843405 0.263052
vt 0.830074 0.25465
vt 0.827828 0.259597
vt 0.840951 0.268918
vt 0.830074 0.25465
vt 0.820429 0.248449
vt 0.81833 0.252793
vt 0.827828 0.259597
vt 0.845176 0.256562
vt 0.831836 0.249243
vt 0.830074 0.25465
vt 0.843405 0.263052
vt 0.831836 0.249243
vt 0.822171 0.243766
vt 0.820429 0.248449
vt 0.830074 0.25465
vt 0.672282 0.782052
vt 0.668922 0.793678
vt 0.673411 0.794604
vt 0.676965 0.782859
vt 0.66738 0.781605
vt 0.664221 0.793049
vt 0.668922 0.793678
vt 0.672282 0.782052
vt 0.664221 0.793049
vt 0.660438 0.807128
vt 0.664966 0.808017
vt 0.668922 0.793678
vt 0.668922 0.793678
vt 0.664966 0.808017
vt 0.669276 0.809156
vt 0.673411 0.794604
vt 0.664966 0.808017
vt 0.658494 0.826992
vt 0.662643 0.828493
vt 0.669276 0.809156
vt 0.660438 0.807128
vt 0.654099 0.825716
vt 0.658494 0.826992
vt 0.664966 0.808017
vt 0.659289 0.792695
vt 0.655653 0.806471
vt 0.660438 0.807128
vt 0.664221 0.793049
vt 0.655653 0.806471
vt 0.649412 0.824652
vt 0.654099 0.825716
vt 0.660438 0.807128
vt 0.650592 0.805998
vt 0.644419 0.823793
vt 0.649412 0.824652
vt 0.655653 0.806471
vt 0.654115 0.792526
vt 0.650592 0.805998
vt 0.655653 0.806471
vt 0.659289 0.792695
vt 0.656869 0.781574
vt 0.654115 0.792526
vt 0.659289 0.792695
vt 0.662242 0.781486
vt 0.662242 0.781486
vt 0.659289 0.792695
vt 0.664221 0.793049
vt 0.66738 0.781605
vt 0.833993 0.237089
vt 0.824662 0.2334
vt 0.823566 0.238741
vt 0.833122 0.243368
vt 0.833122 0.243368
vt 0.823566 0.238741
vt 0.822171 0.243766
vt 0.831836 0.249243
vt 0.845176 0.256562
vt 0.84626 0.249431
vt 0.833122 0.243368
vt 0.831836 0.249243
vt 0.846736 0.241784
vt 0.833993 0.237089
vt 0.833122 0.243368
vt 0.84626 0.249431
vt 0.846708 0.233779
vt 0.834531 0.230488
vt 0.833993 0.237089
vt 0.846736 0.241784
vt 0.834531 0.230488
vt 0.825524 0.227771
vt 0.824662 0.2334
vt 0.833993 0.237089
vt 0.834825 0.223636
vt 0.834531 0.230488
vt 0.846708 0.233779
vt 0.846285 0.225567
vt 0.834825 0.223636
vt 0.826229 0.221863
vt 0.825524 0.227771
vt 0.834531 0.230488
vt 0.651259 0.781726
vt 0.648675 0.792437
vt 0.654115 0.792526
vt 0.656869 0.781574
vt 0.645401 0.7818
vt 0.642931 0.792325
vt 0.648675 0.792437
vt 0.651259 0.781726
vt 0.639468 0.805377
vt 0.645217 0.805652
vt 0.648675 0.792437
vt 0.642931 0.792325
vt 0.648675 0.792437
vt 0.645217 0.805652
vt 0.650592 0.805998
vt 0.654115 0.792526
vt 0.645217 0.805652
vt 0.639095 0.82313
vt 0.644419 0.823793
vt 0.650592 0.805998
vt 0.633389 0.822653
vt 0.639095 0.82313
vt 0.645217 0.805652
vt 0.639468 0.805377
vt 0.633281 0.805133
vt 0.62725 0.822341
vt 0.633389 0.822653
vt 0.639468 0.805377
vt 0.636838 0.792112
vt 0.633281 0.805133
vt 0.639468 0.805377
vt 0.642931 0.792325
vt 0.626694 0.804926
vt 0.620744 0.822162
vt 0.62725 0.822341
vt 0.633281 0.805133
vt 0.630401 0.791823
vt 0.626694 0.804926
vt 0.633281 0.805133
vt 0.636838 0.792112
vt 0.632871 0.781421
vt 0.630401 0.791823
vt 0.636838 0.792112
vt 0.639277 0.781687
vt 0.639277 0.781687
vt 0.636838 0.792112
vt 0.642931 0.792325
vt 0.645401 0.7818
vt 0.834868 0.209329
vt 0.827305 0.209151
vt 0.826836 0.215664
vt 0.834944 0.216582
vt 0.834944 0.216582
vt 0.826836 0.215664
vt 0.826229 0.221863
vt 0.834825 0.223636
vt 0.846285 0.225567
vt 0.845559 0.21727
vt 0.834944 0.216582
vt 0.834825 0.223636
vt 0.844554 0.208932
vt 0.834868 0.209329
vt 0.834944 0.216582
vt 0.845559 0.21727
vt 0.843272 0.200571
vt 0.834549 0.201865
vt 0.834868 0.209329
vt 0.844554 0.208932
vt 0.834549 0.201865
vt 0.827572 0.202299
vt 0.827305 0.209151
vt 0.834868 0.209329
vt 0.841718 0.192203
vt 0.833947 0.19417
vt 0.834549 0.201865
vt 0.843272 0.200571
vt 0.833947 0.19417
vt 0.827571 0.195082
vt 0.827572 0.202299
vt 0.834549 0.201865
vt 0.626153 0.781071
vt 0.623649 0.7915
vt 0.630401 0.791823
vt 0.632871 0.781421
vt 0.619088 0.780714
vt 0.616614 0.791186
vt 0.623649 0.7915
vt 0.626153 0.781071
vt 0.616614 0.791186
vt 0.612706 0.804654
vt 0.619798 0.804765
vt 0.623649 0.7915
vt 0.623649 0.7915
vt 0.619798 0.804765
vt 0.626694 0.804926
vt 0.630401 0.791823
vt 0.619798 0.804765
vt 0.613996 0.822084
vt 0.620744 0.822162
vt 0.626694 0.804926
vt 0.612706 0.804654
vt 0.607164 0.822076
vt 0.613996 0.822084
vt 0.619798 0.804765
vt 0.609328 0.790921
vt 0.605525 0.80459
vt 0.612706 0.804654
vt 0.616614 0.791186
vt 0.605525 0.80459
vt 0.600392 0.822113
vt 0.607164 0.822076
vt 0.612706 0.804654
vt 0.598281 0.804586
vt 0.593712 0.822191
vt 0.600392 0.822113
vt 0.605525 0.80459
vt 0.601801 0.790746
vt 0.598281 0.804586
vt 0.605525 0.80459
vt 0.609328 0.790921
vt 0.603816 0.780241
vt 0.601801 0.790746
vt 0.609328 0.790921
vt 0.611639 0.78042
vt 0.611639 0.78042
vt 0.609328 0.790921
vt 0.616614 0.791186
vt 0.619088 0.780714
vt 0.831774 0.178004
vt 0.826565 0.179524
vt 0.827244 0.187481
vt 0.83302 0.186216
vt 0.83302 0.186216
vt 0.827244 0.187481
vt 0.827571 0.195082
vt 0.833947 0.19417
vt 0.841718 0.192203
vt 0.839886 0.183808
vt 0.83302 0.186216
vt 0.833947 0.19417
vt 0.837817 0.175336
vt 0.831774 0.178004
vt 0.83302 0.186216
vt 0.839886 0.183808
vt 0.835554 0.166742
vt 0.83022 0.169547
vt 0.831774 0.178004
vt 0.837817 0.175336
vt 0.83022 0.169547
vt 0.825514 0.171251
vt 0.826565 0.179524
vt 0.831774 0.178004
vt 0.833141 0.157998
vt 0.828358 0.160861
vt 0.83022 0.169547
vt 0.835554 0.166742
vt 0.828358 0.160861
vt 0.824058 0.162702
vt 0.825514 0.171251
vt 0.83022 0.169547
vt 0.595638 0.780218
vt 0.594035 0.790698
vt 0.601801 0.790746
vt 0.603816 0.780241
vt 0.587132 0.780412
vt 0.586031 0.790811
vt 0.594035 0.790698
vt 0.595638 0.780218
vt 0.583611 0.804813
vt 0.590976 0.804655
vt 0.594035 0.790698
vt 0.586031 0.790811
vt 0.594035 0.790698
vt 0.590976 0.804655
vt 0.598281 0.804586
vt 0.601801 0.790746
vt 0.590976 0.804655
vt 0.58713 0.82231
vt 0.593712 0.822191
vt 0.598281 0.804586
vt 0.580651 0.822473
vt 0.58713 0.82231
vt 0.590976 0.804655
vt 0.583611 0.804813
vt 0.57625 0.805062
vt 0.574329 0.82268
vt 0.580651 0.822473
vt 0.583611 0.804813
vt 0.577873 0.791088
vt 0.57625 0.805062
vt 0.583611 0.804813
vt 0.586031 0.790811
vt 0.569242 0.805364
vt 0.568413 0.822922
vt 0.574329 0.82268
vt 0.57625 0.805062
vt 0.570007 0.791448
vt 0.569242 0.805364
vt 0.57625 0.805062
vt 0.577873 0.791088
vt 0.570029 0.781297
vt 0.570007 0.791448
vt 0.577873 0.791088
vt 0.578426 0.780806
vt 0.578426 0.780806
vt 0.577873 0.791088
vt 0.586031 0.790811
vt 0.587132 0.780412
vt 0.824011 0.143609
vt 0.820169 0.145622
vt 0.822209 0.153999
vt 0.826224 0.152058
vt 0.826224 0.152058
vt 0.822209 0.153999
vt 0.824058 0.162702
vt 0.828358 0.160861
vt 0.833141 0.157998
vt 0.830643 0.149184
vt 0.826224 0.152058
vt 0.828358 0.160861
vt 0.828221 0.14076
vt 0.824011 0.143609
vt 0.826224 0.152058
vt 0.830643 0.149184
vt 0.826043 0.133288
vt 0.821923 0.136084
vt 0.824011 0.143609
vt 0.828221 0.14076
vt 0.821923 0.136084
vt 0.818165 0.138149
vt 0.820169 0.145622
vt 0.824011 0.143609
vt 0.820115 0.130056
vt 0.821923 0.136084
vt 0.826043 0.133288
vt 0.824244 0.127321
vt 0.820115 0.130056
vt 0.816372 0.132179
vt 0.818165 0.138149
vt 0.821923 0.136084
vt 0.56256 0.781775
vt 0.562979 0.791808
vt 0.570007 0.791448
vt 0.570029 0.781297
vt 0.556637 0.782163
vt 0.557338 0.792117
vt 0.562979 0.791808
vt 0.56256 0.781775
vt 0.558009 0.805977
vt 0.563015 0.805677
vt 0.562979 0.791808
vt 0.557338 0.792117
vt 0.562979 0.791808
vt 0.563015 0.805677
vt 0.569242 0.805364
vt 0.570007 0.791448
vt 0.563015 0.805677
vt 0.563208 0.823187
vt 0.568413 0.822922
vt 0.569242 0.805364
vt 0.559022 0.823459
vt 0.563208 0.823187
vt 0.563015 0.805677
vt 0.558009 0.805977
vt 0.554523 0.80627
vt 0.556056 0.823739
vt 0.559022 0.823459
vt 0.558009 0.805977
vt 0.553455 0.792398
vt 0.554523 0.80627
vt 0.558009 0.805977
vt 0.557338 0.792117
vt 0.552157 0.80665
vt 0.553966 0.824103
vt 0.556056 0.823739
vt 0.554523 0.80627
vt 0.550874 0.79279
vt 0.552157 0.80665
vt 0.554523 0.80627
vt 0.553455 0.792398
vt 0.550111 0.782894
vt 0.550874 0.79279
vt 0.553455 0.792398
vt 0.552661 0.782481
vt 0.552661 0.782481
vt 0.553455 0.792398
vt 0.557338 0.792117
vt 0.556637 0.782163
vt 0.816745 0.123544
vt 0.813036 0.125928
vt 0.814795 0.128182
vt 0.818549 0.125947
vt 0.818549 0.125947
vt 0.814795 0.128182
vt 0.816372 0.132179
vt 0.820115 0.130056
vt 0.824244 0.127321
vt 0.822795 0.1232
vt 0.818549 0.125947
vt 0.820115 0.130056
vt 0.82113 0.120558
vt 0.816745 0.123544
vt 0.818549 0.125947
vt 0.822795 0.1232
vt 0.928962 0.987823
vt 0.926874 0.983232
vt 0.925206 0.985573
vt 0.927313 0.990338
vt 0.926874 0.983232
vt 0.92503 0.97937
vt 0.923497 0.981596
vt 0.925206 0.985573
vt 0.930399 0.983921
vt 0.928362 0.979484
vt 0.926874 0.983232
vt 0.928962 0.987823
vt 0.928362 0.979484
vt 0.92643 0.975844
vt 0.92503 0.97937
vt 0.926874 0.983232
vt 0.547727 0.783587
vt 0.548432 0.793456
vt 0.550874 0.79279
vt 0.550111 0.782894
vt 0.544328 0.784656
vt 0.545056 0.794504
vt 0.548432 0.793456
vt 0.547727 0.783587
vt 0.546715 0.808247
vt 0.549878 0.807266
vt 0.548432 0.793456
vt 0.545056 0.794504
vt 0.548432 0.793456
vt 0.549878 0.807266
vt 0.552157 0.80665
vt 0.550874 0.79279
vt 0.549878 0.807266
vt 0.551874 0.824695
vt 0.553966 0.824103
vt 0.552157 0.80665
vt 0.548954 0.825655
vt 0.551874 0.824695
vt 0.549878 0.807266
vt 0.546715 0.808247
vt 0.542334 0.809648
vt 0.544905 0.827056
vt 0.548954 0.825655
vt 0.546715 0.808247
vt 0.540386 0.795957
vt 0.542334 0.809648
vt 0.546715 0.808247
vt 0.545056 0.794504
vt 0.536895 0.81149
vt 0.539869 0.828907
vt 0.544905 0.827056
vt 0.542334 0.809648
vt 0.534594 0.797829
vt 0.536895 0.81149
vt 0.542334 0.809648
vt 0.540386 0.795957
vt 0.533429 0.787989
vt 0.534594 0.797829
vt 0.540386 0.795957
vt 0.539499 0.786116
vt 0.539499 0.786116
vt 0.540386 0.795957
vt 0.545056 0.794504
vt 0.544328 0.784656
vt 0.931952 0.967461
vt 0.929839 0.964566
vt 0.928065 0.970846
vt 0.930078 0.974154
vt 0.930078 0.974154
vt 0.928065 0.970846
vt 0.92643 0.975844
vt 0.928362 0.979484
vt 0.930399 0.983921
vt 0.932157 0.978255
vt 0.930078 0.974154
vt 0.928362 0.979484
vt 0.934157 0.971052
vt 0.931952 0.967461
vt 0.930078 0.974154
vt 0.932157 0.978255
vt 0.936154 0.962683
vt 0.933779 0.959697
vt 0.931952 0.967461
vt 0.934157 0.971052
vt 0.933779 0.959697
vt 0.931561 0.957261
vt 0.929839 0.964566
vt 0.931952 0.967461
vt 0.935368 0.951158
vt 0.933779 0.959697
vt 0.936154 0.962683
vt 0.937914 0.953512
vt 0.935368 0.951158
vt 0.933054 0.94918
vt 0.931561 0.957261
vt 0.933779 0.959697
vt 0.526434 0.790338
vt 0.527956 0.800162
vt 0.534594 0.797829
vt 0.533429 0.787989
vt 0.518845 0.793247
vt 0.520755 0.803023
vt 0.527956 0.800162
vt 0.526434 0.790338
vt 0.520755 0.803023
vt 0.523861 0.816601
vt 0.530654 0.813795
vt 0.527956 0.800162
vt 0.527956 0.800162
vt 0.530654 0.813795
vt 0.536895 0.81149
vt 0.534594 0.797829
vt 0.530654 0.813795
vt 0.534079 0.831205
vt 0.539869 0.828907
vt 0.536895 0.81149
vt 0.523861 0.816601
vt 0.527758 0.833949
vt 0.534079 0.831205
vt 0.530654 0.813795
vt 0.513246 0.806464
vt 0.516743 0.81993
vt 0.523861 0.816601
vt 0.520755 0.803023
vt 0.516743 0.81993
vt 0.521112 0.837126
vt 0.527758 0.833949
vt 0.523861 0.816601
vt 0.509452 0.823726
vt 0.51428 0.840672
vt 0.521112 0.837126
vt 0.516743 0.81993
vt 0.505586 0.810441
vt 0.509452 0.823726
vt 0.516743 0.81993
vt 0.513246 0.806464
vt 0.502958 0.800909
vt 0.505586 0.810441
vt 0.513246 0.806464
vt 0.510964 0.796783
vt 0.510964 0.796783
vt 0.513246 0.806464
vt 0.520755 0.803023
vt 0.518845 0.793247
vt 0.937364 0.932673
vt 0.93493 0.931505
vt 0.934189 0.940545
vt 0.936576 0.942101
vt 0.936576 0.942101
vt 0.934189 0.940545
vt 0.933054 0.94918
vt 0.935368 0.951158
vt 0.937914 0.953512
vt 0.939258 0.94386
vt 0.936576 0.942101
vt 0.935368 0.951158
vt 0.940133 0.933884
vt 0.937364 0.932673
vt 0.936576 0.942101
vt 0.939258 0.94386
vt 0.940523 0.923703
vt 0.937713 0.923001
vt 0.937364 0.932673
vt 0.940133 0.933884
vt 0.937713 0.923001
vt 0.935259 0.922202
vt 0.93493 0.931505
vt 0.937364 0.932673
vt 0.937604 0.913225
vt 0.937713 0.923001
vt 0.940523 0.923703
vt 0.940416 0.913437
vt 0.937604 0.913225
vt 0.935157 0.912782
vt 0.935259 0.922202
vt 0.937713 0.923001
vt 0.494961 0.805556
vt 0.497911 0.814881
vt 0.505586 0.810441
vt 0.502958 0.800909
vt 0.487111 0.810651
vt 0.490361 0.819708
vt 0.497911 0.814881
vt 0.494961 0.805556
vt 0.49489 0.832403
vt 0.502121 0.82791
vt 0.497911 0.814881
vt 0.490361 0.819708
vt 0.497911 0.814881
vt 0.502121 0.82791
vt 0.509452 0.823726
vt 0.505586 0.810441
vt 0.502121 0.82791
vt 0.50739 0.84451
vt 0.51428 0.840672
vt 0.509452 0.823726
vt 0.500571 0.848566
vt 0.50739 0.84451
vt 0.502121 0.82791
vt 0.49489 0.832403
vt 0.524067 0.485719
vt 0.527899 0.469361
vt 0.52005 0.469124
vt 0.515621 0.485629
vt 0.521025 0.498569
vt 0.524067 0.485719
vt 0.515621 0.485629
vt 0.512107 0.498609
vt 0.532397 0.485543
vt 0.53561 0.469411
vt 0.527899 0.469361
vt 0.524067 0.485719
vt 0.529859 0.498195
vt 0.532397 0.485543
vt 0.524067 0.485719
vt 0.521025 0.498569
vt 0.5282 0.50721
vt 0.529859 0.498195
vt 0.521025 0.498569
vt 0.518926 0.507737
vt 0.518926 0.507737
vt 0.521025 0.498569
vt 0.512107 0.498609
vt 0.50959 0.507878
vt 0.936105 0.893786
vt 0.933742 0.894043
vt 0.934627 0.903377
vt 0.93704 0.903466
vt 0.93704 0.903466
vt 0.934627 0.903377
vt 0.935157 0.912782
vt 0.937604 0.913225
vt 0.940416 0.913437
vt 0.939819 0.9032
vt 0.93704 0.903466
vt 0.937604 0.913225
vt 0.938825 0.893067
vt 0.936105 0.893786
vt 0.93704 0.903466
vt 0.939819 0.9032
vt 0.937548 0.883097
vt 0.934904 0.884229
vt 0.936105 0.893786
vt 0.938825 0.893067
vt 0.934904 0.884229
vt 0.932601 0.884816
vt 0.933742 0.894043
vt 0.936105 0.893786
vt 0.936103 0.873355
vt 0.933539 0.874838
vt 0.934904 0.884229
vt 0.937548 0.883097
vt 0.933539 0.874838
vt 0.931297 0.875734
vt 0.932601 0.884816
vt 0.934904 0.884229
vt 0.537366 0.506393
vt 0.538548 0.497571
vt 0.529859 0.498195
vt 0.5282 0.50721
vt 0.546381 0.505385
vt 0.547037 0.496782
vt 0.538548 0.497571
vt 0.537366 0.506393
vt 0.547037 0.496782
vt 0.54839 0.484657
vt 0.540531 0.485167
vt 0.538548 0.497571
vt 0.538548 0.497571
vt 0.540531 0.485167
vt 0.532397 0.485543
vt 0.529859 0.498195
vt 0.540531 0.485167
vt 0.54309 0.469315
vt 0.53561 0.469411
vt 0.532397 0.485543
vt 0.54839 0.484657
vt 0.550245 0.469114
vt 0.54309 0.469315
vt 0.540531 0.485167
vt 0.555219 0.495923
vt 0.555867 0.48408
vt 0.54839 0.484657
vt 0.547037 0.496782
vt 0.555867 0.48408
vt 0.556971 0.468846
vt 0.550245 0.469114
vt 0.54839 0.484657
vt 0.562733 0.483504
vt 0.563099 0.468546
vt 0.556971 0.468846
vt 0.555867 0.48408
vt 0.562778 0.495092
vt 0.562733 0.483504
vt 0.555867 0.48408
vt 0.555219 0.495923
vt 0.56322 0.50324
vt 0.562778 0.495092
vt 0.555219 0.495923
vt 0.555128 0.504294
vt 0.555128 0.504294
vt 0.555219 0.495923
vt 0.547037 0.496782
vt 0.546381 0.505385
vt 0.930672 0.857273
vt 0.928521 0.858693
vt 0.929916 0.8669
vt 0.932104 0.865725
vt 0.932104 0.865725
vt 0.929916 0.8669
vt 0.931297 0.875734
vt 0.933539 0.874838
vt 0.936103 0.873355
vt 0.934597 0.863963
vt 0.932104 0.865725
vt 0.933539 0.874838
vt 0.933114 0.855301
vt 0.930672 0.857273
vt 0.932104 0.865725
vt 0.934597 0.863963
vt 0.931744 0.847808
vt 0.929323 0.849923
vt 0.930672 0.857273
vt 0.933114 0.855301
vt 0.929323 0.849923
vt 0.927187 0.851549
vt 0.928521 0.858693
vt 0.930672 0.857273
vt 0.928145 0.844117
vt 0.929323 0.849923
vt 0.931744 0.847808
vt 0.930584 0.841938
vt 0.928145 0.844117
vt 0.926003 0.845904
vt 0.927187 0.851549
vt 0.929323 0.849923
vt 0.5702 0.502338
vt 0.569348 0.494381
vt 0.562778 0.495092
vt 0.56322 0.50324
vt 0.575626 0.501681
vt 0.574564 0.493859
vt 0.569348 0.494381
vt 0.5702 0.502338
vt 0.573555 0.482581
vt 0.568721 0.482988
vt 0.569348 0.494381
vt 0.574564 0.493859
vt 0.569348 0.494381
vt 0.568721 0.482988
vt 0.562733 0.483504
vt 0.562778 0.495092
vt 0.568721 0.482988
vt 0.568442 0.46825
vt 0.563099 0.468546
vt 0.562733 0.483504
vt 0.572806 0.467993
vt 0.568442 0.46825
vt 0.568721 0.482988
vt 0.573555 0.482581
vt 0.577055 0.482302
vt 0.576068 0.467807
vt 0.572806 0.467993
vt 0.573555 0.482581
vt 0.5782 0.493515
vt 0.577055 0.482302
vt 0.573555 0.482581
vt 0.574564 0.493859
vt 0.579578 0.482082
vt 0.578491 0.467668
vt 0.576068 0.467807
vt 0.577055 0.482302
vt 0.580721 0.49321
vt 0.579578 0.482082
vt 0.577055 0.482302
vt 0.5782 0.493515
vt 0.581621 0.500901
vt 0.580721 0.49321
vt 0.5782 0.493515
vt 0.579245 0.50126
vt 0.579245 0.50126
vt 0.5782 0.493515
vt 0.574564 0.493859
vt 0.575626 0.501681
vt 0.925602 0.837724
vt 0.923497 0.839813
vt 0.924923 0.842099
vt 0.927073 0.840165
vt 0.927073 0.840165
vt 0.924923 0.842099
vt 0.926003 0.845904
vt 0.928145 0.844117
vt 0.930584 0.841938
vt 0.929582 0.837943
vt 0.927073 0.840165
vt 0.928145 0.844117
vt 0.928214 0.835313
vt 0.925602 0.837724
vt 0.927073 0.840165
vt 0.929582 0.837943
vt 0.911102 0.831489
vt 0.914021 0.833264
vt 0.914821 0.830396
vt 0.911794 0.828532
vt 0.914021 0.833264
vt 0.916638 0.834632
vt 0.917403 0.831866
vt 0.914821 0.830396
vt 0.913723 0.837571
vt 0.914021 0.833264
vt 0.911102 0.831489
vt 0.910799 0.835731
vt 0.913723 0.837571
vt 0.916347 0.838884
vt 0.916638 0.834632
vt 0.914021 0.833264
vt 0.584135 0.500397
vt 0.583351 0.492779
vt 0.580721 0.49321
vt 0.581621 0.500901
vt 0.588014 0.499687
vt 0.587232 0.492147
vt 0.583351 0.492779
vt 0.584135 0.500397
vt 0.585778 0.481399
vt 0.582127 0.481809
vt 0.583351 0.492779
vt 0.587232 0.492147
vt 0.583351 0.492779
vt 0.582127 0.481809
vt 0.579578 0.482082
vt 0.580721 0.49321
vt 0.582127 0.481809
vt 0.580842 0.467524
vt 0.578491 0.467668
vt 0.579578 0.482082
vt 0.584059 0.46731
vt 0.580842 0.467524
vt 0.582127 0.481809
vt 0.585778 0.481399
vt 0.590941 0.480846
vt 0.588573 0.466985
vt 0.584059 0.46731
vt 0.585778 0.481399
vt 0.59276 0.49138
vt 0.590941 0.480846
vt 0.585778 0.481399
vt 0.587232 0.492147
vt 0.597282 0.480267
vt 0.594114 0.466593
vt 0.588573 0.466985
vt 0.590941 0.480846
vt 0.599584 0.490659
vt 0.597282 0.480267
vt 0.590941 0.480846
vt 0.59276 0.49138
vt 0.600826 0.498111
vt 0.599584 0.490659
vt 0.59276 0.49138
vt 0.593698 0.498859
vt 0.593698 0.498859
vt 0.59276 0.49138
vt 0.587232 0.492147
vt 0.588014 0.499687
vt 0.912814 0.851147
vt 0.915534 0.852272
vt 0.916043 0.84491
vt 0.913389 0.843666
vt 0.913389 0.843666
vt 0.916043 0.84491
vt 0.916347 0.838884
vt 0.913723 0.837571
vt 0.909717 0.849327
vt 0.912814 0.851147
vt 0.913389 0.843666
vt 0.910391 0.841802
vt 0.910799 0.835731
vt 0.910391 0.841802
vt 0.913389 0.843666
vt 0.913723 0.837571
vt 0.90873 0.857699
vt 0.911931 0.85944
vt 0.912814 0.851147
vt 0.909717 0.849327
vt 0.911931 0.85944
vt 0.914746 0.86042
vt 0.915534 0.852272
vt 0.912814 0.851147
vt 0.907399 0.866329
vt 0.910695 0.867984
vt 0.911931 0.85944
vt 0.90873 0.857699
vt 0.910695 0.867984
vt 0.913623 0.868808
vt 0.914746 0.86042
vt 0.911931 0.85944
vt 0.608838 0.497601
vt 0.607183 0.490127
vt 0.599584 0.490659
vt 0.600826 0.498111
vt 0.617154 0.497459
vt 0.615028 0.4899
vt 0.607183 0.490127
vt 0.608838 0.497601
vt 0.615028 0.4899
vt 0.611551 0.479493
vt 0.604312 0.479784
vt 0.607183 0.490127
vt 0.607183 0.490127
vt 0.604312 0.479784
vt 0.597282 0.480267
vt 0.599584 0.490659
vt 0.604312 0.479784
vt 0.600265 0.466198
vt 0.594114 0.466593
vt 0.597282 0.480267
vt 0.611551 0.479493
vt 0.60661 0.465866
vt 0.600265 0.466198
vt 0.604312 0.479784
vt 0.622685 0.490047
vt 0.618616 0.47946
vt 0.611551 0.479493
vt 0.615028 0.4899
vt 0.618616 0.47946
vt 0.612826 0.465653
vt 0.60661 0.465866
vt 0.611551 0.479493
vt 0.625507 0.479671
vt 0.618932 0.465572
vt 0.612826 0.465653
vt 0.618616 0.47946
vt 0.630113 0.490527
vt 0.625507 0.479671
vt 0.618616 0.47946
vt 0.622685 0.490047
vt 0.633165 0.498477
vt 0.630113 0.490527
vt 0.622685 0.490047
vt 0.625296 0.497772
vt 0.625296 0.497772
vt 0.622685 0.490047
vt 0.615028 0.4899
vt 0.617154 0.497459
vt 0.907279 0.88445
vt 0.910517 0.884905
vt 0.912176 0.876985
vt 0.909117 0.876331
vt 0.909117 0.876331
vt 0.912176 0.876985
vt 0.913623 0.868808
vt 0.910695 0.867984
vt 0.907399 0.866329
vt 0.905721 0.874772
vt 0.909117 0.876331
vt 0.910695 0.867984
vt 0.903719 0.88303
vt 0.907279 0.88445
vt 0.909117 0.876331
vt 0.905721 0.874772
vt 0.901426 0.891231
vt 0.905296 0.892434
vt 0.907279 0.88445
vt 0.903719 0.88303
vt 0.905296 0.892434
vt 0.908801 0.892653
vt 0.910517 0.884905
vt 0.907279 0.88445
vt 0.898879 0.899534
vt 0.903291 0.900428
vt 0.905296 0.892434
vt 0.901426 0.891231
vt 0.903291 0.900428
vt 0.907191 0.900362
vt 0.908801 0.892653
vt 0.905296 0.892434
vt 0.640811 0.499508
vt 0.637396 0.491269
vt 0.630113 0.490527
vt 0.633165 0.498477
vt 0.64835 0.500772
vt 0.644657 0.492203
vt 0.637396 0.491269
vt 0.640811 0.499508
vt 0.639213 0.48067
vt 0.632331 0.480088
vt 0.637396 0.491269
vt 0.644657 0.492203
vt 0.637396 0.491269
vt 0.632331 0.480088
vt 0.625507 0.479671
vt 0.630113 0.490527
vt 0.632331 0.480088
vt 0.625039 0.465617
vt 0.618932 0.465572
vt 0.625507 0.479671
vt 0.631264 0.465776
vt 0.625039 0.465617
vt 0.632331 0.480088
vt 0.639213 0.48067
vt 0.646232 0.481362
vt 0.637674 0.466024
vt 0.631264 0.465776
vt 0.639213 0.48067
vt 0.651986 0.493252
vt 0.646232 0.481362
vt 0.639213 0.48067
vt 0.644657 0.492203
vt 0.653208 0.482084
vt 0.644092 0.466314
vt 0.637674 0.466024
vt 0.646232 0.481362
vt 0.659226 0.494321
vt 0.653208 0.482084
vt 0.646232 0.481362
vt 0.651986 0.493252
vt 0.663331 0.503572
vt 0.659226 0.494321
vt 0.651986 0.493252
vt 0.655895 0.502161
vt 0.655895 0.502161
vt 0.651986 0.493252
vt 0.644657 0.492203
vt 0.64835 0.500772
vt 0.899776 0.916721
vt 0.904864 0.91584
vt 0.905857 0.908138
vt 0.901418 0.908563
vt 0.901418 0.908563
vt 0.905857 0.908138
vt 0.907191 0.900362
vt 0.903291 0.900428
vt 0.898879 0.899534
vt 0.896172 0.908088
vt 0.901418 0.908563
vt 0.903291 0.900428
vt 0.893467 0.916814
vt 0.899776 0.916721
vt 0.901418 0.908563
vt 0.896172 0.908088
vt 0.890949 0.925515
vt 0.898452 0.924671
vt 0.899776 0.916721
vt 0.893467 0.916814
vt 0.898452 0.924671
vt 0.90425 0.923217
vt 0.904864 0.91584
vt 0.899776 0.916721
vt 0.897517 0.932136
vt 0.898452 0.924671
vt 0.890949 0.925515
vt 0.888787 0.933937
vt 0.897517 0.932136
vt 0.904044 0.929979
vt 0.90425 0.923217
vt 0.898452 0.924671
vt 0.67043 0.504913
vt 0.666128 0.495323
vt 0.659226 0.494321
vt 0.663331 0.503572
vt 0.676929 0.506089
vt 0.672421 0.496175
vt 0.666128 0.495323
vt 0.67043 0.504913
vt 0.665973 0.483331
vt 0.659877 0.482761
vt 0.666128 0.495323
vt 0.672421 0.496175
vt 0.666128 0.495323
vt 0.659877 0.482761
vt 0.653208 0.482084
vt 0.659226 0.494321
vt 0.659877 0.482761
vt 0.65028 0.466597
vt 0.644092 0.466314
vt 0.653208 0.482084
vt 0.656001 0.466835
vt 0.65028 0.466597
vt 0.659877 0.482761
vt 0.665973 0.483331
vt 0.671311 0.483744
vt 0.661088 0.466991
vt 0.656001 0.466835
vt 0.665973 0.483331
vt 0.677915 0.496805
vt 0.671311 0.483744
vt 0.665973 0.483331
vt 0.672421 0.496175
vt 0.676022 0.483963
vt 0.665632 0.46701
vt 0.661088 0.466991
vt 0.671311 0.483744
vt 0.682768 0.497176
vt 0.676022 0.483963
vt 0.671311 0.483744
vt 0.677915 0.496805
vt 0.687703 0.50762
vt 0.682768 0.497176
vt 0.677915 0.496805
vt 0.682635 0.507009
vt 0.682635 0.507009
vt 0.677915 0.496805
vt 0.672421 0.496175
vt 0.676929 0.506089
vt 0.897031 0.944981
vt 0.904904 0.941099
vt 0.904258 0.935899
vt 0.897025 0.938885
vt 0.897025 0.938885
vt 0.904258 0.935899
vt 0.904044 0.929979
vt 0.897517 0.932136
vt 0.888787 0.933937
vt 0.887124 0.941851
vt 0.897025 0.938885
vt 0.897517 0.932136
vt 0.886082 0.94925
vt 0.897031 0.944981
vt 0.897025 0.938885
vt 0.887124 0.941851
vt 0.882822 0.943027
vt 0.881356 0.950958
vt 0.886082 0.94925
vt 0.887124 0.941851
vt 0.88496 0.934638
vt 0.882822 0.943027
vt 0.887124 0.941851
vt 0.888787 0.933937
vt 0.887626 0.925829
vt 0.88496 0.934638
vt 0.888787 0.933937
vt 0.890949 0.925515
vt 0.882822 0.943027
vt 0.88496 0.934638
vt 0.876733 0.935445
vt 0.874519 0.944374
vt 0.876733 0.935445
vt 0.88496 0.934638
vt 0.887626 0.925829
vt 0.879454 0.926174
vt 0.876733 0.935445
vt 0.879454 0.926174
vt 0.877125 0.926326
vt 0.874413 0.935685
vt 0.874413 0.935685
vt 0.872216 0.944713
vt 0.874519 0.944374
vt 0.876733 0.935445
vt 0.880144 0.916811
vt 0.877125 0.926326
vt 0.879454 0.926174
vt 0.882469 0.916746
vt 0.879454 0.926174
vt 0.887626 0.925829
vt 0.890636 0.916826
vt 0.882469 0.916746
vt 0.883244 0.907335
vt 0.880144 0.916811
vt 0.882469 0.916746
vt 0.885552 0.907364
vt 0.882469 0.916746
vt 0.890636 0.916826
vt 0.893779 0.907867
vt 0.885552 0.907364
vt 0.890636 0.916826
vt 0.887626 0.925829
vt 0.890949 0.925515
vt 0.893467 0.916814
vt 0.893779 0.907867
vt 0.890636 0.916826
vt 0.893467 0.916814
vt 0.896172 0.908088
vt 0.893779 0.907867
vt 0.89683 0.899134
vt 0.888472 0.898192
vt 0.885552 0.907364
vt 0.89683 0.899134
vt 0.893779 0.907867
vt 0.896172 0.908088
vt 0.898879 0.899534
vt 0.899593 0.890687
vt 0.89683 0.899134
vt 0.898879 0.899534
vt 0.901426 0.891231
vt 0.899593 0.890687
vt 0.891033 0.8893
vt 0.888472 0.898192
vt 0.89683 0.899134
vt 0.888472 0.898192
vt 0.891033 0.8893
vt 0.888776 0.889075
vt 0.886189 0.898063
vt 0.886189 0.898063
vt 0.883244 0.907335
vt 0.885552 0.907364
vt 0.888472 0.898192
vt 0.891033 0.8893
vt 0.893211 0.88057
vt 0.890978 0.880267
vt 0.888776 0.889075
vt 0.902008 0.882374
vt 0.893211 0.88057
vt 0.891033 0.8893
vt 0.899593 0.890687
vt 0.893211 0.88057
vt 0.895033 0.871869
vt 0.892818 0.871515
vt 0.890978 0.880267
vt 0.904069 0.87403
vt 0.895033 0.871869
vt 0.893211 0.88057
vt 0.902008 0.882374
vt 0.902008 0.882374
vt 0.899593 0.890687
vt 0.901426 0.891231
vt 0.903719 0.88303
vt 0.904069 0.87403
vt 0.902008 0.882374
vt 0.903719 0.88303
vt 0.905721 0.874772
vt 0.904069 0.87403
vt 0.905769 0.865521
vt 0.896525 0.863092
vt 0.895033 0.871869
vt 0.905769 0.865521
vt 0.904069 0.87403
vt 0.905721 0.874772
vt 0.907399 0.866329
vt 0.907109 0.856835
vt 0.905769 0.865521
vt 0.907399 0.866329
vt 0.90873 0.857699
vt 0.907109 0.856835
vt 0.897718 0.854254
vt 0.896525 0.863092
vt 0.905769 0.865521
vt 0.896525 0.863092
vt 0.897718 0.854254
vt 0.895519 0.853905
vt 0.894321 0.862722
vt 0.894321 0.862722
vt 0.892818 0.871515
vt 0.895033 0.871869
vt 0.896525 0.863092
vt 0.897718 0.854254
vt 0.898638 0.845774
vt 0.896446 0.845466
vt 0.895519 0.853905
vt 0.908105 0.848424
vt 0.898638 0.845774
vt 0.897718 0.854254
vt 0.907109 0.856835
vt 0.898638 0.845774
vt 0.899325 0.838181
vt 0.897142 0.837903
vt 0.896446 0.845466
vt 0.908791 0.840886
vt 0.899325 0.838181
vt 0.898638 0.845774
vt 0.908105 0.848424
vt 0.908105 0.848424
vt 0.907109 0.856835
vt 0.90873 0.857699
vt 0.909717 0.849327
vt 0.908791 0.840886
vt 0.908105 0.848424
vt 0.909717 0.849327
vt 0.910391 0.841802
vt 0.909241 0.834826
vt 0.908791 0.840886
vt 0.910391 0.841802
vt 0.910799 0.835731
vt 0.908791 0.840886
vt 0.909241 0.834826
vt 0.899832 0.831988
vt 0.899325 0.838181
vt 0.909574 0.830599
vt 0.909241 0.834826
vt 0.910799 0.835731
vt 0.911102 0.831489
vt 0.899832 0.831988
vt 0.909241 0.834826
vt 0.909574 0.830599
vt 0.900173 0.82751
vt 0.897658 0.831697
vt 0.897142 0.837903
vt 0.899325 0.838181
vt 0.899832 0.831988
vt 0.899832 0.831988
vt 0.900173 0.82751
vt 0.898017 0.827146
vt 0.897658 0.831697
vt 0.898144 0.823804
vt 0.898017 0.827146
vt 0.900173 0.82751
vt 0.90031 0.82425
vt 0.900173 0.82751
vt 0.909574 0.830599
vt 0.909965 0.827584
vt 0.90031 0.82425
vt 0.9437 0.836244
vt 0.942636 0.83308
vt 0.940384 0.833263
vt 0.941472 0.836292
vt 0.940384 0.833263
vt 0.930057 0.83438
vt 0.931221 0.83714
vt 0.941472 0.836292
vt 0.909965 0.827584
vt 0.909574 0.830599
vt 0.911102 0.831489
vt 0.911794 0.828532
vt 0.931221 0.83714
vt 0.930057 0.83438
vt 0.928214 0.835313
vt 0.929582 0.837943
vt 0.932271 0.841138
vt 0.931221 0.83714
vt 0.929582 0.837943
vt 0.930584 0.841938
vt 0.931221 0.83714
vt 0.932271 0.841138
vt 0.94272 0.840518
vt 0.941472 0.836292
vt 0.933483 0.847019
vt 0.932271 0.841138
vt 0.930584 0.841938
vt 0.931744 0.847808
vt 0.933483 0.847019
vt 0.944197 0.84659
vt 0.94272 0.840518
vt 0.932271 0.841138
vt 0.94497 0.840606
vt 0.9437 0.836244
vt 0.941472 0.836292
vt 0.94272 0.840518
vt 0.94272 0.840518
vt 0.944197 0.84659
vt 0.946455 0.846751
vt 0.94497 0.840606
vt 0.944197 0.84659
vt 0.94584 0.854297
vt 0.948105 0.85448
vt 0.946455 0.846751
vt 0.934878 0.854555
vt 0.94584 0.854297
vt 0.944197 0.84659
vt 0.933483 0.847019
vt 0.94584 0.854297
vt 0.947568 0.863223
vt 0.949837 0.863406
vt 0.948105 0.85448
vt 0.936387 0.8633
vt 0.947568 0.863223
vt 0.94584 0.854297
vt 0.934878 0.854555
vt 0.934878 0.854555
vt 0.933483 0.847019
vt 0.931744 0.847808
vt 0.933114 0.855301
vt 0.936387 0.8633
vt 0.934878 0.854555
vt 0.933114 0.855301
vt 0.934597 0.863963
vt 0.937925 0.872808
vt 0.936387 0.8633
vt 0.934597 0.863963
vt 0.936103 0.873355
vt 0.936387 0.8633
vt 0.937925 0.872808
vt 0.949296 0.872937
vt 0.947568 0.863223
vt 0.939406 0.882699
vt 0.937925 0.872808
vt 0.936103 0.873355
vt 0.937548 0.883097
vt 0.939406 0.882699
vt 0.95093 0.883064
vt 0.949296 0.872937
vt 0.937925 0.872808
vt 0.951566 0.873112
vt 0.949837 0.863406
vt 0.947568 0.863223
vt 0.949296 0.872937
vt 0.949296 0.872937
vt 0.95093 0.883064
vt 0.953197 0.883232
vt 0.951566 0.873112
vt 0.95093 0.883064
vt 0.952352 0.893462
vt 0.954613 0.893622
vt 0.953197 0.883232
vt 0.940716 0.892841
vt 0.952352 0.893462
vt 0.95093 0.883064
vt 0.939406 0.882699
vt 0.952352 0.893462
vt 0.953439 0.904045
vt 0.955693 0.904196
vt 0.954613 0.893622
vt 0.941737 0.903164
vt 0.953439 0.904045
vt 0.952352 0.893462
vt 0.940716 0.892841
vt 0.940716 0.892841
vt 0.939406 0.882699
vt 0.937548 0.883097
vt 0.938825 0.893067
vt 0.941737 0.903164
vt 0.940716 0.892841
vt 0.938825 0.893067
vt 0.939819 0.9032
vt 0.942348 0.913599
vt 0.941737 0.903164
vt 0.939819 0.9032
vt 0.940416 0.913437
vt 0.941737 0.903164
vt 0.942348 0.913599
vt 0.954065 0.914732
vt 0.953439 0.904045
vt 0.942454 0.924066
vt 0.942348 0.913599
vt 0.940416 0.913437
vt 0.940523 0.923703
vt 0.942454 0.924066
vt 0.954132 0.925438
vt 0.954065 0.914732
vt 0.942348 0.913599
vt 0.956311 0.91487
vt 0.955693 0.904196
vt 0.953439 0.904045
vt 0.954065 0.914732
vt 0.954065 0.914732
vt 0.954132 0.925438
vt 0.956372 0.925558
vt 0.956311 0.91487
vt 0.954132 0.925438
vt 0.953646 0.936074
vt 0.955882 0.936175
vt 0.956372 0.925558
vt 0.942047 0.934459
vt 0.953646 0.936074
vt 0.954132 0.925438
vt 0.942454 0.924066
vt 0.953646 0.936074
vt 0.952642 0.946546
vt 0.954874 0.946636
vt 0.955882 0.936175
vt 0.94114 0.944663
vt 0.952642 0.946546
vt 0.953646 0.936074
vt 0.942047 0.934459
vt 0.942047 0.934459
vt 0.942454 0.924066
vt 0.940523 0.923703
vt 0.940133 0.933884
vt 0.94114 0.944663
vt 0.942047 0.934459
vt 0.940133 0.933884
vt 0.939258 0.94386
vt 0.94114 0.944663
vt 0.939749 0.954566
vt 0.951154 0.956766
vt 0.952642 0.946546
vt 0.939749 0.954566
vt 0.94114 0.944663
vt 0.939258 0.94386
vt 0.937914 0.953512
vt 0.937929 0.964007
vt 0.939749 0.954566
vt 0.937914 0.953512
vt 0.936154 0.962683
vt 0.937929 0.964007
vt 0.949249 0.966583
vt 0.951154 0.956766
vt 0.939749 0.954566
vt 0.951154 0.956766
vt 0.949249 0.966583
vt 0.951464 0.96669
vt 0.953381 0.956855
vt 0.953381 0.956855
vt 0.954874 0.946636
vt 0.952642 0.946546
vt 0.951154 0.956766
vt 0.949249 0.966583
vt 0.947114 0.975612
vt 0.949313 0.975758
vt 0.951464 0.96669
vt 0.935877 0.972632
vt 0.947114 0.975612
vt 0.949249 0.966583
vt 0.937929 0.964007
vt 0.947114 0.975612
vt 0.944969 0.983408
vt 0.947142 0.983619
vt 0.949313 0.975758
vt 0.933833 0.980038
vt 0.944969 0.983408
vt 0.947114 0.975612
vt 0.935877 0.972632
vt 0.935877 0.972632
vt 0.937929 0.964007
vt 0.936154 0.962683
vt 0.934157 0.971052
vt 0.933833 0.980038
vt 0.935877 0.972632
vt 0.934157 0.971052
vt 0.932157 0.978255
vt 0.933833 0.980038
vt 0.932029 0.985816
vt 0.94302 0.98954
vt 0.944969 0.983408
vt 0.932029 0.985816
vt 0.933833 0.980038
vt 0.932157 0.978255
vt 0.930399 0.983921
vt 0.930562 0.989753
vt 0.932029 0.985816
vt 0.930399 0.983921
vt 0.928962 0.987823
vt 0.94302 0.98954
vt 0.932029 0.985816
vt 0.930562 0.989753
vt 0.941417 0.993775
vt 0.94302 0.98954
vt 0.941417 0.993775
vt 0.943488 0.994261
vt 0.945158 0.989863
vt 0.945158 0.989863
vt 0.947142 0.983619
vt 0.944969 0.983408
vt 0.94302 0.98954
vt 0.942065 0.997365
vt 0.943488 0.994261
vt 0.941417 0.993775
vt 0.940001 0.996723
vt 0.929089 0.992411
vt 0.940001 0.996723
vt 0.941417 0.993775
vt 0.930562 0.989753
vt 0.836685 0.115448
vt 0.835613 0.112137
vt 0.833617 0.11297
vt 0.83468 0.116152
vt 0.824853 0.121838
vt 0.83468 0.116152
vt 0.833617 0.11297
vt 0.823521 0.119017
vt 0.929089 0.992411
vt 0.930562 0.989753
vt 0.928962 0.987823
vt 0.927313 0.990338
vt 0.824853 0.121838
vt 0.823521 0.119017
vt 0.82113 0.120558
vt 0.822795 0.1232
vt 0.836026 0.120603
vt 0.83468 0.116152
vt 0.824853 0.121838
vt 0.82626 0.125942
vt 0.82626 0.125942
vt 0.824853 0.121838
vt 0.822795 0.1232
vt 0.824244 0.127321
vt 0.828081 0.131875
vt 0.82626 0.125942
vt 0.824244 0.127321
vt 0.826043 0.133288
vt 0.836026 0.120603
vt 0.82626 0.125942
vt 0.828081 0.131875
vt 0.837765 0.126833
vt 0.836026 0.120603
vt 0.837765 0.126833
vt 0.839849 0.126309
vt 0.838087 0.120025
vt 0.838087 0.120025
vt 0.836685 0.115448
vt 0.83468 0.116152
vt 0.836026 0.120603
vt 0.841913 0.134003
vt 0.839849 0.126309
vt 0.837765 0.126833
vt 0.839819 0.134537
vt 0.837765 0.126833
vt 0.828081 0.131875
vt 0.830293 0.139328
vt 0.839819 0.134537
vt 0.844204 0.142641
vt 0.841913 0.134003
vt 0.839819 0.134537
vt 0.842108 0.143214
vt 0.839819 0.134537
vt 0.830293 0.139328
vt 0.832782 0.147754
vt 0.842108 0.143214
vt 0.830293 0.139328
vt 0.828081 0.131875
vt 0.826043 0.133288
vt 0.828221 0.14076
vt 0.832782 0.147754
vt 0.830293 0.139328
vt 0.828221 0.14076
vt 0.830643 0.149184
vt 0.835406 0.15659
vt 0.832782 0.147754
vt 0.830643 0.149184
vt 0.833141 0.157998
vt 0.832782 0.147754
vt 0.835406 0.15659
vt 0.84455 0.152341
vt 0.842108 0.143214
vt 0.838027 0.165378
vt 0.835406 0.15659
vt 0.833141 0.157998
vt 0.835554 0.166742
vt 0.838027 0.165378
vt 0.84706 0.161489
vt 0.84455 0.152341
vt 0.835406 0.15659
vt 0.846645 0.151737
vt 0.844204 0.142641
vt 0.842108 0.143214
vt 0.84455 0.152341
vt 0.84455 0.152341
vt 0.84706 0.161489
vt 0.849158 0.160888
vt 0.846645 0.151737
vt 0.84706 0.161489
vt 0.849559 0.170603
vt 0.851668 0.170045
vt 0.849158 0.160888
vt 0.840563 0.174051
vt 0.849559 0.170603
vt 0.84706 0.161489
vt 0.838027 0.165378
vt 0.440889 0.468081
vt 0.431441 0.470792
vt 0.431789 0.473031
vt 0.441039 0.470365
vt 0.450565 0.466037
vt 0.440889 0.468081
vt 0.441039 0.470365
vt 0.450472 0.468352
vt 0.440875 0.473502
vt 0.441039 0.470365
vt 0.431789 0.473031
vt 0.431953 0.475994
vt 0.449879 0.471646
vt 0.450472 0.468352
vt 0.441039 0.470365
vt 0.440875 0.473502
vt 0.431703 0.479864
vt 0.440143 0.477517
vt 0.440875 0.473502
vt 0.431953 0.475994
vt 0.448556 0.475788
vt 0.449879 0.471646
vt 0.440875 0.473502
vt 0.440143 0.477517
vt 0.456775 0.474692
vt 0.45881 0.470449
vt 0.449879 0.471646
vt 0.448556 0.475788
vt 0.45881 0.470449
vt 0.459962 0.46701
vt 0.450472 0.468352
vt 0.449879 0.471646
vt 0.467272 0.469933
vt 0.469068 0.466376
vt 0.459962 0.46701
vt 0.45881 0.470449
vt 0.464494 0.474233
vt 0.467272 0.469933
vt 0.45881 0.470449
vt 0.456775 0.474692
vt 0.450472 0.468352
vt 0.459962 0.46701
vt 0.460354 0.464685
vt 0.450565 0.466037
vt 0.459962 0.46701
vt 0.469068 0.466376
vt 0.469779 0.464078
vt 0.460354 0.464685
vt 0.469068 0.466376
vt 0.477262 0.466457
vt 0.478271 0.46423
vt 0.469779 0.464078
vt 0.474814 0.47009
vt 0.477262 0.466457
vt 0.469068 0.466376
vt 0.467272 0.469933
vt 0.485256 0.465058
vt 0.478271 0.46423
vt 0.477262 0.466457
vt 0.484003 0.467183
vt 0.480994 0.470836
vt 0.484003 0.467183
vt 0.477262 0.466457
vt 0.474814 0.47009
vt 0.471382 0.474386
vt 0.474814 0.47009
vt 0.467272 0.469933
vt 0.464494 0.474233
vt 0.477132 0.475087
vt 0.480994 0.470836
vt 0.474814 0.47009
vt 0.471382 0.474386
vt 0.473615 0.479109
vt 0.477132 0.475087
vt 0.471382 0.474386
vt 0.468138 0.478403
vt 0.468138 0.478403
vt 0.471382 0.474386
vt 0.464494 0.474233
vt 0.461708 0.478204
vt 0.465334 0.482105
vt 0.468138 0.478403
vt 0.461708 0.478204
vt 0.459187 0.481878
vt 0.470654 0.482799
vt 0.473615 0.479109
vt 0.468138 0.478403
vt 0.465334 0.482105
vt 0.470654 0.482799
vt 0.465334 0.482105
vt 0.462865 0.485742
vt 0.468184 0.48639
vt 0.462865 0.485742
vt 0.465334 0.482105
vt 0.459187 0.481878
vt 0.456781 0.485524
vt 0.461382 0.48826
vt 0.466846 0.48888
vt 0.468184 0.48639
vt 0.462865 0.485742
vt 0.455176 0.488042
vt 0.461382 0.48826
vt 0.462865 0.485742
vt 0.456781 0.485524
vt 0.468184 0.48639
vt 0.472583 0.487449
vt 0.475018 0.483937
vt 0.470654 0.482799
vt 0.466846 0.48888
vt 0.471383 0.489882
vt 0.472583 0.487449
vt 0.468184 0.48639
vt 0.471383 0.489882
vt 0.474988 0.49135
vt 0.476096 0.489066
vt 0.472583 0.487449
vt 0.476096 0.489066
vt 0.478494 0.485701
vt 0.475018 0.483937
vt 0.472583 0.487449
vt 0.478002 0.480292
vt 0.475018 0.483937
vt 0.478494 0.485701
vt 0.481405 0.482134
vt 0.470654 0.482799
vt 0.475018 0.483937
vt 0.478002 0.480292
vt 0.473615 0.479109
vt 0.481556 0.476279
vt 0.478002 0.480292
vt 0.481405 0.482134
vt 0.484833 0.478142
vt 0.473615 0.479109
vt 0.478002 0.480292
vt 0.481556 0.476279
vt 0.477132 0.475087
vt 0.477132 0.475087
vt 0.481556 0.476279
vt 0.48554 0.472067
vt 0.480994 0.470836
vt 0.48554 0.472067
vt 0.481556 0.476279
vt 0.484833 0.478142
vt 0.488704 0.473904
vt 0.488848 0.468398
vt 0.48554 0.472067
vt 0.488704 0.473904
vt 0.492044 0.470211
vt 0.480994 0.470836
vt 0.48554 0.472067
vt 0.488848 0.468398
vt 0.484003 0.467183
vt 0.484003 0.467183
vt 0.488848 0.468398
vt 0.490266 0.466427
vt 0.485256 0.465058
vt 0.488848 0.468398
vt 0.492044 0.470211
vt 0.493568 0.468362
vt 0.490266 0.466427
vt 0.492044 0.470211
vt 0.494198 0.473113
vt 0.495852 0.471351
vt 0.493568 0.468362
vt 0.492044 0.470211
vt 0.488704 0.473904
vt 0.490957 0.476749
vt 0.494198 0.473113
vt 0.497763 0.476081
vt 0.495852 0.471351
vt 0.494198 0.473113
vt 0.495936 0.477721
vt 0.494198 0.473113
vt 0.490957 0.476749
vt 0.492755 0.481135
vt 0.495936 0.477721
vt 0.488704 0.473904
vt 0.484833 0.478142
vt 0.487266 0.480991
vt 0.490957 0.476749
vt 0.490957 0.476749
vt 0.487266 0.480991
vt 0.489153 0.485247
vt 0.492755 0.481135
vt 0.494291 0.487441
vt 0.492755 0.481135
vt 0.489153 0.485247
vt 0.490677 0.491231
vt 0.492755 0.481135
vt 0.494291 0.487441
vt 0.497482 0.484419
vt 0.495936 0.477721
vt 0.495511 0.495436
vt 0.498696 0.492867
vt 0.497482 0.484419
vt 0.494291 0.487441
vt 0.490677 0.491231
vt 0.491853 0.498752
vt 0.495511 0.495436
vt 0.494291 0.487441
vt 0.495936 0.477721
vt 0.497482 0.484419
vt 0.499457 0.482925
vt 0.497763 0.476081
vt 0.500799 0.491545
vt 0.499457 0.482925
vt 0.497482 0.484419
vt 0.498696 0.492867
vt 0.501736 0.501443
vt 0.500799 0.491545
vt 0.498696 0.492867
vt 0.499529 0.502568
vt 0.496376 0.504669
vt 0.499529 0.502568
vt 0.498696 0.492867
vt 0.495511 0.495436
vt 0.50234 0.512119
vt 0.501736 0.501443
vt 0.499529 0.502568
vt 0.500054 0.513026
vt 0.500054 0.513026
vt 0.499529 0.502568
vt 0.496376 0.504669
vt 0.496948 0.514666
vt 0.491853 0.498752
vt 0.492696 0.507432
vt 0.496376 0.504669
vt 0.495511 0.495436
vt 0.496948 0.514666
vt 0.496376 0.504669
vt 0.492696 0.507432
vt 0.493268 0.516849
vt 0.497341 0.525017
vt 0.496948 0.514666
vt 0.493268 0.516849
vt 0.493667 0.526636
vt 0.496948 0.514666
vt 0.497341 0.525017
vt 0.5004 0.523816
vt 0.500054 0.513026
vt 0.497598 0.535577
vt 0.500616 0.534796
vt 0.5004 0.523816
vt 0.497341 0.525017
vt 0.493667 0.526636
vt 0.49393 0.536659
vt 0.497598 0.535577
vt 0.497341 0.525017
vt 0.500054 0.513026
vt 0.5004 0.523816
vt 0.502741 0.523149
vt 0.50234 0.512119
vt 0.50299 0.53438
vt 0.502741 0.523149
vt 0.5004 0.523816
vt 0.500616 0.534796
vt 0.503119 0.545732
vt 0.50299 0.53438
vt 0.500616 0.534796
vt 0.500731 0.545894
vt 0.497745 0.546279
vt 0.500731 0.545894
vt 0.500616 0.534796
vt 0.497598 0.535577
vt 0.503174 0.55714
vt 0.503119 0.545732
vt 0.500731 0.545894
vt 0.500784 0.557055
vt 0.500784 0.557055
vt 0.500731 0.545894
vt 0.497745 0.546279
vt 0.497813 0.557063
vt 0.49393 0.536659
vt 0.494082 0.546849
vt 0.497745 0.546279
vt 0.497598 0.535577
vt 0.497813 0.557063
vt 0.497745 0.546279
vt 0.494082 0.546849
vt 0.494154 0.557145
vt 0.497818 0.567878
vt 0.497813 0.557063
vt 0.494154 0.557145
vt 0.494159 0.567491
vt 0.497813 0.557063
vt 0.497818 0.567878
vt 0.500794 0.568226
vt 0.500784 0.557055
vt 0.497732 0.57865
vt 0.500721 0.579341
vt 0.500794 0.568226
vt 0.497818 0.567878
vt 0.494159 0.567491
vt 0.494075 0.5778
vt 0.497732 0.57865
vt 0.497818 0.567878
vt 0.500784 0.557055
vt 0.500794 0.568226
vt 0.503174 0.568544
vt 0.503174 0.55714
vt 0.50308 0.579874
vt 0.503174 0.568544
vt 0.500794 0.568226
vt 0.500721 0.579341
vt 0.502824 0.59105
vt 0.50308 0.579874
vt 0.500721 0.579341
vt 0.500495 0.590314
vt 0.497507 0.589289
vt 0.500495 0.590314
vt 0.500721 0.579341
vt 0.497732 0.57865
vt 0.502328 0.601969
vt 0.502824 0.59105
vt 0.500495 0.590314
vt 0.500044 0.601035
vt 0.49709 0.599682
vt 0.500044 0.601035
vt 0.500495 0.590314
vt 0.497507 0.589289
vt 0.494075 0.5778
vt 0.493862 0.587963
vt 0.497507 0.589289
vt 0.497732 0.57865
vt 0.493478 0.597857
vt 0.49709 0.599682
vt 0.497507 0.589289
vt 0.493862 0.587963
vt 0.493478 0.597857
vt 0.492882 0.607304
vt 0.496429 0.609649
vt 0.49709 0.599682
vt 0.49709 0.599682
vt 0.496429 0.609649
vt 0.499298 0.61132
vt 0.500044 0.601035
vt 0.498231 0.620758
vt 0.499298 0.61132
vt 0.496429 0.609649
vt 0.495485 0.618794
vt 0.496429 0.609649
vt 0.492882 0.607304
vt 0.492035 0.615958
vt 0.495485 0.618794
vt 0.500044 0.601035
vt 0.499298 0.61132
vt 0.501516 0.612452
vt 0.502328 0.601969
vt 0.500355 0.622089
vt 0.501516 0.612452
vt 0.499298 0.61132
vt 0.498231 0.620758
vt 0.498844 0.630422
vt 0.500355 0.622089
vt 0.498231 0.620758
vt 0.496847 0.628896
vt 0.496847 0.628896
vt 0.498231 0.620758
vt 0.495485 0.618794
vt 0.494249 0.626668
vt 0.497035 0.637006
vt 0.498844 0.630422
vt 0.496847 0.628896
vt 0.495207 0.635293
vt 0.494249 0.626668
vt 0.492768 0.632843
vt 0.495207 0.635293
vt 0.496847 0.628896
vt 0.495485 0.618794
vt 0.492035 0.615958
vt 0.490923 0.623432
vt 0.494249 0.626668
vt 0.492768 0.632843
vt 0.494249 0.626668
vt 0.490923 0.623432
vt 0.489567 0.629366
vt 0.487969 0.633587
vt 0.491118 0.637108
vt 0.492768 0.632843
vt 0.489567 0.629366
vt 0.491118 0.637108
vt 0.49344 0.639686
vt 0.495207 0.635293
vt 0.492768 0.632843
vt 0.489096 0.639885
vt 0.491363 0.642511
vt 0.49344 0.639686
vt 0.491118 0.637108
vt 0.485919 0.636421
vt 0.489096 0.639885
vt 0.491118 0.637108
vt 0.487969 0.633587
vt 0.495207 0.635293
vt 0.49344 0.639686
vt 0.495068 0.64155
vt 0.497035 0.637006
vt 0.49344 0.639686
vt 0.491363 0.642511
vt 0.492833 0.644479
vt 0.495068 0.64155
vt 0.491363 0.642511
vt 0.488365 0.644449
vt 0.489676 0.646539
vt 0.492833 0.644479
vt 0.486211 0.641765
vt 0.488365 0.644449
vt 0.491363 0.642511
vt 0.489096 0.639885
vt 0.484908 0.648233
vt 0.489676 0.646539
vt 0.488365 0.644449
vt 0.483813 0.646023
vt 0.483813 0.646023
vt 0.488365 0.644449
vt 0.486211 0.641765
vt 0.4819 0.643204
vt 0.483043 0.638317
vt 0.486211 0.641765
vt 0.489096 0.639885
vt 0.485919 0.636421
vt 0.4819 0.643204
vt 0.486211 0.641765
vt 0.483043 0.638317
vt 0.478915 0.639646
vt 0.478915 0.639646
vt 0.483043 0.638317
vt 0.479681 0.634716
vt 0.475708 0.636055
vt 0.479681 0.634716
vt 0.483043 0.638317
vt 0.485919 0.636421
vt 0.48257 0.632746
vt 0.476602 0.63126
vt 0.479681 0.634716
vt 0.48257 0.632746
vt 0.479433 0.629282
vt 0.475708 0.636055
vt 0.479681 0.634716
vt 0.476602 0.63126
vt 0.472821 0.632602
vt 0.470542 0.629689
vt 0.472821 0.632602
vt 0.476602 0.63126
vt 0.473959 0.628443
vt 0.473959 0.628443
vt 0.476602 0.63126
vt 0.479433 0.629282
vt 0.476533 0.62655
vt 0.472238 0.627284
vt 0.469333 0.62844
vt 0.470542 0.629689
vt 0.473959 0.628443
vt 0.474469 0.625409
vt 0.472238 0.627284
vt 0.473959 0.628443
vt 0.476533 0.62655
vt 0.469333 0.62844
vt 0.465357 0.628985
vt 0.466067 0.630432
vt 0.470542 0.629689
vt 0.470542 0.629689
vt 0.466067 0.630432
vt 0.467893 0.633467
vt 0.472821 0.632602
vt 0.465357 0.628985
vt 0.460145 0.629015
vt 0.460523 0.630652
vt 0.466067 0.630432
vt 0.460523 0.630652
vt 0.461897 0.633808
vt 0.467893 0.633467
vt 0.466067 0.630432
vt 0.461897 0.633808
vt 0.46396 0.637329
vt 0.470422 0.636945
vt 0.467893 0.633467
vt 0.467893 0.633467
vt 0.470422 0.636945
vt 0.475708 0.636055
vt 0.472821 0.632602
vt 0.46396 0.637329
vt 0.466263 0.641077
vt 0.473252 0.640599
vt 0.470422 0.636945
vt 0.470422 0.636945
vt 0.473252 0.640599
vt 0.478915 0.639646
vt 0.475708 0.636055
vt 0.466263 0.641077
vt 0.468292 0.645031
vt 0.475827 0.644355
vt 0.473252 0.640599
vt 0.473252 0.640599
vt 0.475827 0.644355
vt 0.4819 0.643204
vt 0.478915 0.639646
vt 0.468292 0.645031
vt 0.469457 0.648221
vt 0.477388 0.647352
vt 0.475827 0.644355
vt 0.475827 0.644355
vt 0.477388 0.647352
vt 0.483813 0.646023
vt 0.4819 0.643204
vt 0.483813 0.646023
vt 0.477388 0.647352
vt 0.478216 0.649659
vt 0.484908 0.648233
vt 0.470003 0.650591
vt 0.478216 0.649659
vt 0.477388 0.647352
vt 0.469457 0.648221
vt 0.460853 0.650892
vt 0.470003 0.650591
vt 0.469457 0.648221
vt 0.460563 0.648493
vt 0.459788 0.645117
vt 0.460563 0.648493
vt 0.469457 0.648221
vt 0.468292 0.645031
vt 0.451338 0.650503
vt 0.460853 0.650892
vt 0.460563 0.648493
vt 0.451253 0.648097
vt 0.451253 0.648097
vt 0.460563 0.648493
vt 0.459788 0.645117
vt 0.450816 0.644545
vt 0.458328 0.640975
vt 0.459788 0.645117
vt 0.468292 0.645031
vt 0.466263 0.641077
vt 0.450816 0.644545
vt 0.459788 0.645117
vt 0.458328 0.640975
vt 0.449847 0.640227
vt 0.449847 0.640227
vt 0.458328 0.640975
vt 0.456585 0.637115
vt 0.448592 0.636235
vt 0.456585 0.637115
vt 0.458328 0.640975
vt 0.466263 0.641077
vt 0.46396 0.637329
vt 0.455006 0.633537
vt 0.456585 0.637115
vt 0.46396 0.637329
vt 0.461897 0.633808
vt 0.448592 0.636235
vt 0.456585 0.637115
vt 0.455006 0.633537
vt 0.447417 0.632578
vt 0.447417 0.632578
vt 0.455006 0.633537
vt 0.453986 0.630286
vt 0.44662 0.629244
vt 0.453986 0.630286
vt 0.455006 0.633537
vt 0.461897 0.633808
vt 0.460523 0.630652
vt 0.453749 0.628508
vt 0.446389 0.62736
vt 0.44662 0.629244
vt 0.453986 0.630286
vt 0.460145 0.629015
vt 0.453749 0.628508
vt 0.453986 0.630286
vt 0.460523 0.630652
vt 0.44662 0.629244
vt 0.438636 0.627478
vt 0.439345 0.630896
vt 0.447417 0.632578
vt 0.446389 0.62736
vt 0.438339 0.625506
vt 0.438636 0.627478
vt 0.44662 0.629244
vt 0.438339 0.625506
vt 0.429922 0.623042
vt 0.430321 0.625082
vt 0.438636 0.627478
vt 0.430321 0.625082
vt 0.431022 0.628574
vt 0.439345 0.630896
vt 0.438636 0.627478
vt 0.439345 0.630896
vt 0.431022 0.628574
vt 0.431773 0.632438
vt 0.440259 0.634658
vt 0.440259 0.634658
vt 0.448592 0.636235
vt 0.447417 0.632578
vt 0.439345 0.630896
vt 0.431773 0.632438
vt 0.432461 0.636706
vt 0.441177 0.638798
vt 0.440259 0.634658
vt 0.448592 0.636235
vt 0.440259 0.634658
vt 0.441177 0.638798
vt 0.449847 0.640227
vt 0.441177 0.638798
vt 0.432461 0.636706
vt 0.432831 0.641296
vt 0.441793 0.643276
vt 0.441793 0.643276
vt 0.450816 0.644545
vt 0.449847 0.640227
vt 0.441177 0.638798
vt 0.432831 0.641296
vt 0.432831 0.645067
vt 0.441978 0.646972
vt 0.441793 0.643276
vt 0.450816 0.644545
vt 0.441793 0.643276
vt 0.441978 0.646972
vt 0.451253 0.648097
vt 0.451253 0.648097
vt 0.441978 0.646972
vt 0.441922 0.649376
vt 0.451338 0.650503
vt 0.432678 0.647468
vt 0.441922 0.649376
vt 0.441978 0.646972
vt 0.432831 0.645067
vt 0.423579 0.64471
vt 0.432678 0.647468
vt 0.432831 0.645067
vt 0.423806 0.642309
vt 0.423953 0.638583
vt 0.423806 0.642309
vt 0.432831 0.645067
vt 0.432831 0.641296
vt 0.414595 0.641012
vt 0.423579 0.64471
vt 0.423806 0.642309
vt 0.414898 0.638614
vt 0.414898 0.638614
vt 0.423806 0.642309
vt 0.423953 0.638583
vt 0.415179 0.635093
vt 0.432461 0.636706
vt 0.423781 0.633968
vt 0.423953 0.638583
vt 0.432831 0.641296
vt 0.415179 0.635093
vt 0.423953 0.638583
vt 0.423781 0.633968
vt 0.415207 0.63059
vt 0.415179 0.635093
vt 0.415207 0.63059
vt 0.406824 0.626584
vt 0.406553 0.63081
vt 0.414898 0.638614
vt 0.415179 0.635093
vt 0.406553 0.63081
vt 0.406138 0.633946
vt 0.406138 0.633946
vt 0.406553 0.63081
vt 0.398225 0.625846
vt 0.397685 0.628496
vt 0.406553 0.63081
vt 0.406824 0.626584
vt 0.398776 0.62202
vt 0.398225 0.625846
vt 0.414898 0.638614
vt 0.406138 0.633946
vt 0.405737 0.63633
vt 0.414595 0.641012
vt 0.406138 0.633946
vt 0.397685 0.628496
vt 0.397155 0.630843
vt 0.405737 0.63633
vt 0.397685 0.628496
vt 0.389728 0.6225
vt 0.389032 0.624778
vt 0.397155 0.630843
vt 0.397685 0.628496
vt 0.398225 0.625846
vt 0.39038 0.620346
vt 0.389728 0.6225
vt 0.381558 0.618349
vt 0.389032 0.624778
vt 0.389728 0.6225
vt 0.382459 0.616181
vt 0.389728 0.6225
vt 0.39038 0.620346
vt 0.383217 0.614451
vt 0.382459 0.616181
vt 0.398225 0.625846
vt 0.398776 0.62202
vt 0.391234 0.616983
vt 0.39038 0.620346
vt 0.39038 0.620346
vt 0.391234 0.616983
vt 0.384382 0.611559
vt 0.383217 0.614451
vt 0.384382 0.611559
vt 0.378385 0.60585
vt 0.376912 0.608301
vt 0.383217 0.614451
vt 0.383217 0.614451
vt 0.376912 0.608301
vt 0.37603 0.609723
vt 0.382459 0.616181
vt 0.37603 0.609723
vt 0.376912 0.608301
vt 0.371522 0.602002
vt 0.37049 0.60319
vt 0.376912 0.608301
vt 0.378385 0.60585
vt 0.373282 0.599975
vt 0.371522 0.602002
vt 0.382459 0.616181
vt 0.37603 0.609723
vt 0.374896 0.611737
vt 0.381558 0.618349
vt 0.37603 0.609723
vt 0.37049 0.60319
vt 0.369106 0.604999
vt 0.374896 0.611737
vt 0.872216 0.944713
vt 0.870706 0.953378
vt 0.872983 0.95292
vt 0.874519 0.944374
vt 0.384382 0.611559
vt 0.385558 0.608687
vt 0.379903 0.603462
vt 0.378385 0.60585
vt 0.378385 0.60585
vt 0.379903 0.603462
vt 0.375075 0.598066
vt 0.373282 0.599975
vt 0.379903 0.603462
vt 0.381418 0.601215
vt 0.376915 0.596314
vt 0.375075 0.598066
vt 0.385558 0.608687
vt 0.386679 0.605956
vt 0.381418 0.601215
vt 0.379903 0.603462
vt 0.378963 0.595264
vt 0.376915 0.596314
vt 0.381418 0.601215
vt 0.382975 0.599618
vt 0.387654 0.60378
vt 0.382975 0.599618
vt 0.381418 0.601215
vt 0.386679 0.605956
vt 0.388333 0.602987
vt 0.384332 0.599367
vt 0.382975 0.599618
vt 0.387654 0.60378
vt 0.384332 0.599367
vt 0.380795 0.595372
vt 0.378963 0.595264
vt 0.382975 0.599618
vt 0.393106 0.606394
vt 0.388333 0.602987
vt 0.387654 0.60378
vt 0.39309 0.607779
vt 0.387654 0.60378
vt 0.386679 0.605956
vt 0.392709 0.610489
vt 0.39309 0.607779
vt 0.398885 0.609833
vt 0.393106 0.606394
vt 0.39309 0.607779
vt 0.399296 0.611638
vt 0.39309 0.607779
vt 0.392709 0.610489
vt 0.399425 0.614766
vt 0.399296 0.611638
vt 0.392023 0.613646
vt 0.392709 0.610489
vt 0.386679 0.605956
vt 0.385558 0.608687
vt 0.399168 0.618269
vt 0.399425 0.614766
vt 0.392709 0.610489
vt 0.392023 0.613646
vt 0.398776 0.62202
vt 0.399168 0.618269
vt 0.392023 0.613646
vt 0.391234 0.616983
vt 0.391234 0.616983
vt 0.392023 0.613646
vt 0.385558 0.608687
vt 0.384382 0.611559
vt 0.406849 0.622506
vt 0.406722 0.618751
vt 0.399425 0.614766
vt 0.399168 0.618269
vt 0.406824 0.626584
vt 0.406849 0.622506
vt 0.399168 0.618269
vt 0.398776 0.62202
vt 0.41493 0.626311
vt 0.414508 0.622414
vt 0.406722 0.618751
vt 0.406849 0.622506
vt 0.415207 0.63059
vt 0.41493 0.626311
vt 0.406849 0.622506
vt 0.406824 0.626584
vt 0.399296 0.611638
vt 0.399425 0.614766
vt 0.406722 0.618751
vt 0.406253 0.615368
vt 0.41386 0.618911
vt 0.406253 0.615368
vt 0.406722 0.618751
vt 0.414508 0.622414
vt 0.413281 0.616834
vt 0.405673 0.613356
vt 0.406253 0.615368
vt 0.41386 0.618911
vt 0.405673 0.613356
vt 0.398885 0.609833
vt 0.399296 0.611638
vt 0.406253 0.615368
vt 0.414508 0.622414
vt 0.422671 0.625715
vt 0.421967 0.622186
vt 0.41386 0.618911
vt 0.421463 0.620107
vt 0.413281 0.616834
vt 0.41386 0.618911
vt 0.421967 0.622186
vt 0.429922 0.623042
vt 0.421463 0.620107
vt 0.421967 0.622186
vt 0.430321 0.625082
vt 0.421967 0.622186
vt 0.422671 0.625715
vt 0.431022 0.628574
vt 0.430321 0.625082
vt 0.41493 0.626311
vt 0.423283 0.629638
vt 0.422671 0.625715
vt 0.414508 0.622414
vt 0.431022 0.628574
vt 0.422671 0.625715
vt 0.423283 0.629638
vt 0.431773 0.632438
vt 0.423283 0.629638
vt 0.423781 0.633968
vt 0.432461 0.636706
vt 0.431773 0.632438
vt 0.415207 0.63059
vt 0.423781 0.633968
vt 0.423283 0.629638
vt 0.41493 0.626311
vt 0.41987 0.614156
vt 0.421463 0.620107
vt 0.429922 0.623042
vt 0.428847 0.617281
vt 0.413281 0.616834
vt 0.421463 0.620107
vt 0.41987 0.614156
vt 0.411221 0.610831
vt 0.428847 0.617281
vt 0.428228 0.613402
vt 0.418861 0.61014
vt 0.41987 0.614156
vt 0.41987 0.614156
vt 0.418861 0.61014
vt 0.409845 0.60677
vt 0.411221 0.610831
vt 0.403264 0.607476
vt 0.405673 0.613356
vt 0.413281 0.616834
vt 0.411221 0.610831
vt 0.411221 0.610831
vt 0.409845 0.60677
vt 0.401555 0.60347
vt 0.403264 0.607476
vt 0.403264 0.607476
vt 0.401555 0.60347
vt 0.394284 0.600453
vt 0.396324 0.60433
vt 0.396324 0.60433
vt 0.398885 0.609833
vt 0.405673 0.613356
vt 0.403264 0.607476
vt 0.396324 0.60433
vt 0.394284 0.600453
vt 0.388284 0.597947
vt 0.390704 0.601667
vt 0.390704 0.601667
vt 0.393106 0.606394
vt 0.398885 0.609833
vt 0.396324 0.60433
vt 0.388284 0.597947
vt 0.380795 0.595372
vt 0.384332 0.599367
vt 0.390704 0.601667
vt 0.388333 0.602987
vt 0.393106 0.606394
vt 0.390704 0.601667
vt 0.384332 0.599367
vt 0.394284 0.600453
vt 0.392192 0.595992
vt 0.385841 0.593616
vt 0.388284 0.597947
vt 0.385841 0.593616
vt 0.377652 0.590986
vt 0.380795 0.595372
vt 0.388284 0.597947
vt 0.380795 0.595372
vt 0.377652 0.590986
vt 0.375531 0.590676
vt 0.378963 0.595264
vt 0.377652 0.590986
vt 0.374939 0.586219
vt 0.372632 0.58581
vt 0.375531 0.590676
vt 0.374939 0.586219
vt 0.377652 0.590986
vt 0.385841 0.593616
vt 0.383641 0.588796
vt 0.374939 0.586219
vt 0.372693 0.58107
vt 0.370241 0.580614
vt 0.372632 0.58581
vt 0.381849 0.583562
vt 0.372693 0.58107
vt 0.374939 0.586219
vt 0.383641 0.588796
vt 0.372693 0.58107
vt 0.370961 0.57558
vt 0.368389 0.5751
vt 0.370241 0.580614
vt 0.380532 0.57797
vt 0.370961 0.57558
vt 0.372693 0.58107
vt 0.381849 0.583562
vt 0.390304 0.591052
vt 0.388809 0.58571
vt 0.381849 0.583562
vt 0.383641 0.588796
vt 0.388809 0.58571
vt 0.38777 0.580016
vt 0.380532 0.57797
vt 0.381849 0.583562
vt 0.38777 0.580016
vt 0.387226 0.574002
vt 0.37974 0.572067
vt 0.380532 0.57797
vt 0.37974 0.572067
vt 0.36981 0.569796
vt 0.370961 0.57558
vt 0.380532 0.57797
vt 0.387226 0.574002
vt 0.387225 0.567699
vt 0.379538 0.5659
vt 0.37974 0.572067
vt 0.369323 0.563774
vt 0.36981 0.569796
vt 0.37974 0.572067
vt 0.379538 0.5659
vt 0.379989 0.55951
vt 0.369576 0.557574
vt 0.369323 0.563774
vt 0.379538 0.5659
vt 0.387225 0.567699
vt 0.387811 0.56114
vt 0.379989 0.55951
vt 0.379538 0.5659
vt 0.387811 0.56114
vt 0.388969 0.554387
vt 0.381097 0.55295
vt 0.379989 0.55951
vt 0.381097 0.55295
vt 0.370597 0.551234
vt 0.369576 0.557574
vt 0.379989 0.55951
vt 0.388969 0.554387
vt 0.390679 0.547512
vt 0.382857 0.546281
vt 0.381097 0.55295
vt 0.382857 0.546281
vt 0.372402 0.544795
vt 0.370597 0.551234
vt 0.381097 0.55295
vt 0.370597 0.551234
vt 0.372402 0.544795
vt 0.36959 0.544383
vt 0.36778 0.550797
vt 0.372402 0.544795
vt 0.375018 0.538303
vt 0.372249 0.537905
vt 0.36959 0.544383
vt 0.375018 0.538303
vt 0.372402 0.544795
vt 0.382857 0.546281
vt 0.385271 0.539574
vt 0.375018 0.538303
vt 0.378461 0.531815
vt 0.375778 0.531408
vt 0.372249 0.537905
vt 0.38834 0.532908
vt 0.378461 0.531815
vt 0.375018 0.538303
vt 0.385271 0.539574
vt 0.378461 0.531815
vt 0.382656 0.525426
vt 0.380103 0.524992
vt 0.375778 0.531408
vt 0.392038 0.526362
vt 0.382656 0.525426
vt 0.378461 0.531815
vt 0.38834 0.532908
vt 0.392928 0.540599
vt 0.395709 0.533735
vt 0.38834 0.532908
vt 0.385271 0.539574
vt 0.395709 0.533735
vt 0.399033 0.526993
vt 0.392038 0.526362
vt 0.38834 0.532908
vt 0.399033 0.526993
vt 0.402915 0.520449
vt 0.396325 0.520028
vt 0.392038 0.526362
vt 0.396325 0.520028
vt 0.387499 0.519258
vt 0.382656 0.525426
vt 0.392038 0.526362
vt 0.402915 0.520449
vt 0.407363 0.514183
vt 0.401152 0.51401
vt 0.396325 0.520028
vt 0.39287 0.513446
vt 0.387499 0.519258
vt 0.396325 0.520028
vt 0.401152 0.51401
vt 0.382656 0.525426
vt 0.387499 0.519258
vt 0.385108 0.518787
vt 0.380103 0.524992
vt 0.387499 0.519258
vt 0.39287 0.513446
vt 0.39066 0.512941
vt 0.385108 0.518787
vt 0.39287 0.513446
vt 0.398616 0.508131
vt 0.396615 0.507593
vt 0.39066 0.512941
vt 0.401152 0.51401
vt 0.406395 0.508426
vt 0.398616 0.508131
vt 0.39287 0.513446
vt 0.406395 0.508426
vt 0.411654 0.503459
vt 0.404487 0.503444
vt 0.398616 0.508131
vt 0.398616 0.508131
vt 0.404487 0.503444
vt 0.40283 0.50282
vt 0.396615 0.507593
vt 0.407363 0.514183
vt 0.412297 0.508296
vt 0.406395 0.508426
vt 0.401152 0.51401
vt 0.412297 0.508296
vt 0.417319 0.502957
vt 0.411654 0.503459
vt 0.406395 0.508426
vt 0.417319 0.502957
vt 0.421934 0.498344
vt 0.416415 0.499297
vt 0.411654 0.503459
vt 0.411654 0.503459
vt 0.416415 0.499297
vt 0.41025 0.499499
vt 0.404487 0.503444
vt 0.421934 0.498344
vt 0.427903 0.491853
vt 0.421665 0.493871
vt 0.416415 0.499297
vt 0.416415 0.499297
vt 0.421665 0.493871
vt 0.415878 0.496338
vt 0.41025 0.499499
vt 0.404487 0.503444
vt 0.41025 0.499499
vt 0.409193 0.498665
vt 0.40283 0.50282
vt 0.41025 0.499499
vt 0.415878 0.496338
vt 0.415692 0.495128
vt 0.409193 0.498665
vt 0.415878 0.496338
vt 0.421665 0.493871
vt 0.422347 0.492191
vt 0.415692 0.495128
vt 0.415692 0.495128
vt 0.422347 0.492191
vt 0.422795 0.489311
vt 0.415422 0.492571
vt 0.415692 0.495128
vt 0.415422 0.492571
vt 0.408237 0.496419
vt 0.409193 0.498665
vt 0.421665 0.493871
vt 0.427903 0.491853
vt 0.429174 0.489805
vt 0.422347 0.492191
vt 0.429174 0.489805
vt 0.430279 0.486635
vt 0.422795 0.489311
vt 0.422347 0.492191
vt 0.422795 0.489311
vt 0.430279 0.486635
vt 0.431052 0.483374
vt 0.423114 0.486191
vt 0.423114 0.486191
vt 0.415316 0.489603
vt 0.415422 0.492571
vt 0.422795 0.489311
vt 0.431052 0.483374
vt 0.431703 0.479864
vt 0.423349 0.48282
vt 0.423114 0.486191
vt 0.415316 0.489603
vt 0.423114 0.486191
vt 0.423349 0.48282
vt 0.415175 0.486393
vt 0.415175 0.486393
vt 0.407248 0.490599
vt 0.407738 0.493617
vt 0.415316 0.489603
vt 0.415316 0.489603
vt 0.407738 0.493617
vt 0.408237 0.496419
vt 0.415422 0.492571
vt 0.407738 0.493617
vt 0.407248 0.490599
vt 0.399601 0.495445
vt 0.40042 0.49824
vt 0.401287 0.50085
vt 0.408237 0.496419
vt 0.407738 0.493617
vt 0.40042 0.49824
vt 0.409193 0.498665
vt 0.408237 0.496419
vt 0.401287 0.50085
vt 0.40283 0.50282
vt 0.40283 0.50282
vt 0.401287 0.50085
vt 0.394625 0.505857
vt 0.396615 0.507593
vt 0.394625 0.505857
vt 0.401287 0.50085
vt 0.40042 0.49824
vt 0.393402 0.503471
vt 0.39066 0.512941
vt 0.396615 0.507593
vt 0.394625 0.505857
vt 0.38832 0.511423
vt 0.393402 0.503471
vt 0.386744 0.509305
vt 0.38832 0.511423
vt 0.394625 0.505857
vt 0.40042 0.49824
vt 0.399601 0.495445
vt 0.39227 0.500932
vt 0.393402 0.503471
vt 0.386744 0.509305
vt 0.393402 0.503471
vt 0.39227 0.500932
vt 0.385306 0.507055
vt 0.385306 0.507055
vt 0.378809 0.513766
vt 0.380541 0.515694
vt 0.386744 0.509305
vt 0.386744 0.509305
vt 0.380541 0.515694
vt 0.382463 0.517497
vt 0.38832 0.511423
vt 0.380541 0.515694
vt 0.378809 0.513766
vt 0.372973 0.520863
vt 0.374967 0.522457
vt 0.377202 0.523926
vt 0.382463 0.517497
vt 0.380541 0.515694
vt 0.374967 0.522457
vt 0.39066 0.512941
vt 0.38832 0.511423
vt 0.382463 0.517497
vt 0.385108 0.518787
vt 0.385108 0.518787
vt 0.382463 0.517497
vt 0.377202 0.523926
vt 0.380103 0.524992
vt 0.380103 0.524992
vt 0.377202 0.523926
vt 0.372685 0.530543
vt 0.375778 0.531408
vt 0.372685 0.530543
vt 0.377202 0.523926
vt 0.374967 0.522457
vt 0.370208 0.529395
vt 0.372249 0.537905
vt 0.375778 0.531408
vt 0.372685 0.530543
vt 0.369039 0.537197
vt 0.370208 0.529395
vt 0.366417 0.536326
vt 0.369039 0.537197
vt 0.372685 0.530543
vt 0.374967 0.522457
vt 0.372973 0.520863
vt 0.368014 0.528123
vt 0.370208 0.529395
vt 0.366417 0.536326
vt 0.370208 0.529395
vt 0.368014 0.528123
vt 0.36411 0.535336
vt 0.36411 0.535336
vt 0.361328 0.542361
vt 0.363667 0.54313
vt 0.366417 0.536326
vt 0.366417 0.536326
vt 0.363667 0.54313
vt 0.366336 0.543785
vt 0.369039 0.537197
vt 0.363667 0.54313
vt 0.361328 0.542361
vt 0.359567 0.549226
vt 0.361887 0.549806
vt 0.366336 0.543785
vt 0.363667 0.54313
vt 0.361887 0.549806
vt 0.364534 0.55028
vt 0.369039 0.537197
vt 0.366336 0.543785
vt 0.36959 0.544383
vt 0.372249 0.537905
vt 0.36959 0.544383
vt 0.366336 0.543785
vt 0.364534 0.55028
vt 0.36778 0.550797
vt 0.439025 0.481157
vt 0.440143 0.477517
vt 0.431703 0.479864
vt 0.431052 0.483374
vt 0.430279 0.486635
vt 0.437785 0.484548
vt 0.439025 0.481157
vt 0.431052 0.483374
vt 0.445206 0.483062
vt 0.446911 0.479553
vt 0.439025 0.481157
vt 0.437785 0.484548
vt 0.446911 0.479553
vt 0.448556 0.475788
vt 0.440143 0.477517
vt 0.439025 0.481157
vt 0.452407 0.48218
vt 0.454551 0.478573
vt 0.446911 0.479553
vt 0.445206 0.483062
vt 0.454551 0.478573
vt 0.456775 0.474692
vt 0.448556 0.475788
vt 0.446911 0.479553
vt 0.461708 0.478204
vt 0.464494 0.474233
vt 0.456775 0.474692
vt 0.454551 0.478573
vt 0.459187 0.481878
vt 0.461708 0.478204
vt 0.454551 0.478573
vt 0.452407 0.48218
vt 0.456781 0.485524
vt 0.459187 0.481878
vt 0.452407 0.48218
vt 0.45015 0.485791
vt 0.443205 0.486587
vt 0.45015 0.485791
vt 0.452407 0.48218
vt 0.445206 0.483062
vt 0.441525 0.488995
vt 0.448471 0.488275
vt 0.45015 0.485791
vt 0.443205 0.486587
vt 0.448471 0.488275
vt 0.455176 0.488042
vt 0.456781 0.485524
vt 0.45015 0.485791
vt 0.434589 0.490209
vt 0.441525 0.488995
vt 0.443205 0.486587
vt 0.436162 0.487932
vt 0.443205 0.486587
vt 0.445206 0.483062
vt 0.437785 0.484548
vt 0.436162 0.487932
vt 0.427903 0.491853
vt 0.434589 0.490209
vt 0.436162 0.487932
vt 0.429174 0.489805
vt 0.436162 0.487932
vt 0.437785 0.484548
vt 0.430279 0.486635
vt 0.429174 0.489805
vt 0.428414 0.497393
vt 0.434589 0.490209
vt 0.427903 0.491853
vt 0.421934 0.498344
vt 0.435496 0.496647
vt 0.441525 0.488995
vt 0.434589 0.490209
vt 0.428414 0.497393
vt 0.431325 0.502
vt 0.435496 0.496647
vt 0.428414 0.497393
vt 0.423974 0.502413
vt 0.423974 0.502413
vt 0.428414 0.497393
vt 0.421934 0.498344
vt 0.417319 0.502957
vt 0.439077 0.50185
vt 0.442852 0.496242
vt 0.435496 0.496647
vt 0.431325 0.502
vt 0.442852 0.496242
vt 0.448471 0.488275
vt 0.441525 0.488995
vt 0.435496 0.496647
vt 0.450159 0.496198
vt 0.455176 0.488042
vt 0.448471 0.488275
vt 0.442852 0.496242
vt 0.446885 0.501984
vt 0.450159 0.496198
vt 0.442852 0.496242
vt 0.439077 0.50185
vt 0.443538 0.508626
vt 0.446885 0.501984
vt 0.439077 0.50185
vt 0.435169 0.508255
vt 0.435169 0.508255
vt 0.439077 0.50185
vt 0.431325 0.502
vt 0.426945 0.508099
vt 0.440461 0.515888
vt 0.443538 0.508626
vt 0.435169 0.508255
vt 0.431533 0.515221
vt 0.431533 0.515221
vt 0.435169 0.508255
vt 0.426945 0.508099
vt 0.422806 0.514718
vt 0.437919 0.523556
vt 0.440461 0.515888
vt 0.431533 0.515221
vt 0.428482 0.522539
vt 0.428482 0.522539
vt 0.431533 0.515221
vt 0.422806 0.514718
vt 0.419261 0.521663
vt 0.43586 0.531507
vt 0.437919 0.523556
vt 0.428482 0.522539
vt 0.425979 0.530106
vt 0.425979 0.530106
vt 0.428482 0.522539
vt 0.419261 0.521663
vt 0.416299 0.528845
vt 0.416299 0.528845
vt 0.419261 0.521663
vt 0.410646 0.520976
vt 0.407216 0.527808
vt 0.419261 0.521663
vt 0.422806 0.514718
vt 0.414661 0.514392
vt 0.410646 0.520976
vt 0.407216 0.527808
vt 0.410646 0.520976
vt 0.402915 0.520449
vt 0.399033 0.526993
vt 0.410646 0.520976
vt 0.414661 0.514392
vt 0.407363 0.514183
vt 0.402915 0.520449
vt 0.414661 0.514392
vt 0.419231 0.508146
vt 0.412297 0.508296
vt 0.407363 0.514183
vt 0.422806 0.514718
vt 0.426945 0.508099
vt 0.419231 0.508146
vt 0.414661 0.514392
vt 0.426945 0.508099
vt 0.431325 0.502
vt 0.423974 0.502413
vt 0.419231 0.508146
vt 0.419231 0.508146
vt 0.423974 0.502413
vt 0.417319 0.502957
vt 0.412297 0.508296
vt 0.413815 0.536195
vt 0.416299 0.528845
vt 0.407216 0.527808
vt 0.404308 0.534821
vt 0.404308 0.534821
vt 0.407216 0.527808
vt 0.399033 0.526993
vt 0.395709 0.533735
vt 0.401855 0.541951
vt 0.404308 0.534821
vt 0.395709 0.533735
vt 0.392928 0.540599
vt 0.4117 0.543651
vt 0.413815 0.536195
vt 0.404308 0.534821
vt 0.401855 0.541951
vt 0.399806 0.549128
vt 0.401855 0.541951
vt 0.392928 0.540599
vt 0.390679 0.547512
vt 0.409873 0.551142
vt 0.4117 0.543651
vt 0.401855 0.541951
vt 0.399806 0.549128
vt 0.408346 0.558563
vt 0.409873 0.551142
vt 0.399806 0.549128
vt 0.398172 0.556259
vt 0.398172 0.556259
vt 0.399806 0.549128
vt 0.390679 0.547512
vt 0.388969 0.554387
vt 0.419119 0.561241
vt 0.42051 0.553508
vt 0.409873 0.551142
vt 0.408346 0.558563
vt 0.42051 0.553508
vt 0.422106 0.545671
vt 0.4117 0.543651
vt 0.409873 0.551142
vt 0.431311 0.556045
vt 0.432671 0.547853
vt 0.422106 0.545671
vt 0.42051 0.553508
vt 0.43008 0.564091
vt 0.431311 0.556045
vt 0.42051 0.553508
vt 0.419119 0.561241
vt 0.432671 0.547853
vt 0.434153 0.539639
vt 0.423897 0.537842
vt 0.422106 0.545671
vt 0.422106 0.545671
vt 0.423897 0.537842
vt 0.413815 0.536195
vt 0.4117 0.543651
vt 0.434153 0.539639
vt 0.43586 0.531507
vt 0.425979 0.530106
vt 0.423897 0.537842
vt 0.423897 0.537842
vt 0.425979 0.530106
vt 0.416299 0.528845
vt 0.413815 0.536195
vt 0.442962 0.550007
vt 0.444152 0.541433
vt 0.434153 0.539639
vt 0.432671 0.547853
vt 0.444152 0.541433
vt 0.445506 0.532937
vt 0.43586 0.531507
vt 0.434153 0.539639
vt 0.445506 0.532937
vt 0.447141 0.524645
vt 0.437919 0.523556
vt 0.43586 0.531507
vt 0.453452 0.543075
vt 0.454481 0.534288
vt 0.445506 0.532937
vt 0.444152 0.541433
vt 0.454481 0.534288
vt 0.455716 0.525732
vt 0.447141 0.524645
vt 0.445506 0.532937
vt 0.461677 0.544444
vt 0.462415 0.535465
vt 0.454481 0.534288
vt 0.453452 0.543075
vt 0.462415 0.535465
vt 0.463286 0.52675
vt 0.455716 0.525732
vt 0.454481 0.534288
vt 0.46921 0.536436
vt 0.469763 0.527641
vt 0.463286 0.52675
vt 0.462415 0.535465
vt 0.468724 0.545527
vt 0.46921 0.536436
vt 0.462415 0.535465
vt 0.461677 0.544444
vt 0.469763 0.527641
vt 0.470417 0.519311
vt 0.464357 0.518463
vt 0.463286 0.52675
vt 0.463286 0.52675
vt 0.464357 0.518463
vt 0.457252 0.517557
vt 0.455716 0.525732
vt 0.470417 0.519311
vt 0.471191 0.511625
vt 0.465663 0.510773
vt 0.464357 0.518463
vt 0.464357 0.518463
vt 0.465663 0.510773
vt 0.459137 0.509923
vt 0.457252 0.517557
vt 0.471191 0.511625
vt 0.47205 0.504808
vt 0.467125 0.503882
vt 0.465663 0.510773
vt 0.465663 0.510773
vt 0.467125 0.503882
vt 0.461228 0.503035
vt 0.459137 0.509923
vt 0.459137 0.509923
vt 0.461228 0.503035
vt 0.454387 0.502387
vt 0.451657 0.509191
vt 0.457252 0.517557
vt 0.459137 0.509923
vt 0.451657 0.509191
vt 0.449173 0.516681
vt 0.451657 0.509191
vt 0.454387 0.502387
vt 0.446885 0.501984
vt 0.443538 0.508626
vt 0.449173 0.516681
vt 0.451657 0.509191
vt 0.443538 0.508626
vt 0.440461 0.515888
vt 0.455716 0.525732
vt 0.457252 0.517557
vt 0.449173 0.516681
vt 0.447141 0.524645
vt 0.447141 0.524645
vt 0.449173 0.516681
vt 0.440461 0.515888
vt 0.437919 0.523556
vt 0.461228 0.503035
vt 0.463334 0.497109
vt 0.457092 0.496496
vt 0.454387 0.502387
vt 0.454387 0.502387
vt 0.457092 0.496496
vt 0.450159 0.496198
vt 0.446885 0.501984
vt 0.457092 0.496496
vt 0.461382 0.48826
vt 0.455176 0.488042
vt 0.450159 0.496198
vt 0.466846 0.48888
vt 0.461382 0.48826
vt 0.457092 0.496496
vt 0.463334 0.497109
vt 0.468634 0.497994
vt 0.471383 0.489882
vt 0.466846 0.48888
vt 0.463334 0.497109
vt 0.467125 0.503882
vt 0.468634 0.497994
vt 0.463334 0.497109
vt 0.461228 0.503035
vt 0.472957 0.499077
vt 0.474988 0.49135
vt 0.471383 0.489882
vt 0.468634 0.497994
vt 0.47205 0.504808
vt 0.472957 0.499077
vt 0.468634 0.497994
vt 0.467125 0.503882
vt 0.476337 0.500216
vt 0.477706 0.493421
vt 0.474988 0.49135
vt 0.472957 0.499077
vt 0.476043 0.505656
vt 0.476337 0.500216
vt 0.472957 0.499077
vt 0.47205 0.504808
vt 0.474988 0.49135
vt 0.477706 0.493421
vt 0.478813 0.491454
vt 0.476096 0.489066
vt 0.477706 0.493421
vt 0.479594 0.496341
vt 0.48084 0.49489
vt 0.478813 0.491454
vt 0.476337 0.500216
vt 0.480771 0.500525
vt 0.479594 0.496341
vt 0.477706 0.493421
vt 0.479594 0.496341
vt 0.480771 0.500525
vt 0.482292 0.499611
vt 0.48084 0.49489
vt 0.480771 0.500525
vt 0.481518 0.506079
vt 0.483298 0.505576
vt 0.482292 0.499611
vt 0.476043 0.505656
vt 0.481518 0.506079
vt 0.480771 0.500525
vt 0.476337 0.500216
vt 0.483298 0.505576
vt 0.486046 0.503911
vt 0.484888 0.497393
vt 0.482292 0.499611
vt 0.48084 0.49489
vt 0.482292 0.499611
vt 0.484888 0.497393
vt 0.483305 0.492164
vt 0.484888 0.497393
vt 0.486046 0.503911
vt 0.48878 0.501616
vt 0.487603 0.494597
vt 0.487603 0.494597
vt 0.486038 0.488979
vt 0.483305 0.492164
vt 0.484888 0.497393
vt 0.48878 0.501616
vt 0.491853 0.498752
vt 0.490677 0.491231
vt 0.487603 0.494597
vt 0.486038 0.488979
vt 0.487603 0.494597
vt 0.490677 0.491231
vt 0.489153 0.485247
vt 0.487266 0.480991
vt 0.484019 0.484915
vt 0.486038 0.488979
vt 0.489153 0.485247
vt 0.484019 0.484915
vt 0.481212 0.488345
vt 0.483305 0.492164
vt 0.486038 0.488979
vt 0.481405 0.482134
vt 0.478494 0.485701
vt 0.481212 0.488345
vt 0.484019 0.484915
vt 0.484833 0.478142
vt 0.481405 0.482134
vt 0.484019 0.484915
vt 0.487266 0.480991
vt 0.483305 0.492164
vt 0.481212 0.488345
vt 0.478813 0.491454
vt 0.48084 0.49489
vt 0.478813 0.491454
vt 0.481212 0.488345
vt 0.478494 0.485701
vt 0.476096 0.489066
vt 0.489617 0.509725
vt 0.492696 0.507432
vt 0.491853 0.498752
vt 0.48878 0.501616
vt 0.486046 0.503911
vt 0.486849 0.511477
vt 0.489617 0.509725
vt 0.48878 0.501616
vt 0.490182 0.518579
vt 0.489617 0.509725
vt 0.486849 0.511477
vt 0.487372 0.51982
vt 0.493268 0.516849
vt 0.492696 0.507432
vt 0.489617 0.509725
vt 0.490182 0.518579
vt 0.490182 0.518579
vt 0.490559 0.527866
vt 0.493667 0.526636
vt 0.493268 0.516849
vt 0.490559 0.527866
vt 0.490182 0.518579
vt 0.487372 0.51982
vt 0.487695 0.528691
vt 0.487695 0.528691
vt 0.487868 0.537945
vt 0.490789 0.537453
vt 0.490559 0.527866
vt 0.490789 0.537453
vt 0.49393 0.536659
vt 0.493667 0.526636
vt 0.490559 0.527866
vt 0.484741 0.538121
vt 0.487868 0.537945
vt 0.487695 0.528691
vt 0.484634 0.529111
vt 0.484394 0.520562
vt 0.484634 0.529111
vt 0.487695 0.528691
vt 0.487372 0.51982
vt 0.482281 0.520649
vt 0.48242 0.529086
vt 0.484634 0.529111
vt 0.484394 0.520562
vt 0.48242 0.529086
vt 0.482453 0.538011
vt 0.484741 0.538121
vt 0.484634 0.529111
vt 0.487372 0.51982
vt 0.486849 0.511477
vt 0.483972 0.512637
vt 0.484394 0.520562
vt 0.481998 0.512881
vt 0.482281 0.520649
vt 0.484394 0.520562
vt 0.483972 0.512637
vt 0.481518 0.506079
vt 0.481998 0.512881
vt 0.483972 0.512637
vt 0.483298 0.505576
vt 0.483972 0.512637
vt 0.486849 0.511477
vt 0.486046 0.503911
vt 0.483298 0.505576
vt 0.475741 0.512348
vt 0.481998 0.512881
vt 0.481518 0.506079
vt 0.476043 0.505656
vt 0.482281 0.520649
vt 0.481998 0.512881
vt 0.475741 0.512348
vt 0.475427 0.52001
vt 0.475741 0.512348
vt 0.476043 0.505656
vt 0.47205 0.504808
vt 0.471191 0.511625
vt 0.475427 0.52001
vt 0.475741 0.512348
vt 0.471191 0.511625
vt 0.470417 0.519311
vt 0.475123 0.528354
vt 0.48242 0.529086
vt 0.482281 0.520649
vt 0.475427 0.52001
vt 0.475123 0.528354
vt 0.475427 0.52001
vt 0.470417 0.519311
vt 0.469763 0.527641
vt 0.474832 0.537188
vt 0.482453 0.538011
vt 0.48242 0.529086
vt 0.475123 0.528354
vt 0.474832 0.537188
vt 0.475123 0.528354
vt 0.469763 0.527641
vt 0.46921 0.536436
vt 0.474551 0.546343
vt 0.482421 0.547269
vt 0.482453 0.538011
vt 0.474832 0.537188
vt 0.474551 0.546343
vt 0.474832 0.537188
vt 0.46921 0.536436
vt 0.468724 0.545527
vt 0.482453 0.538011
vt 0.482421 0.547269
vt 0.484763 0.54745
vt 0.484741 0.538121
vt 0.482421 0.547269
vt 0.482369 0.556709
vt 0.484757 0.55696
vt 0.484763 0.54745
vt 0.482369 0.556709
vt 0.482421 0.547269
vt 0.474551 0.546343
vt 0.474281 0.555655
vt 0.482369 0.556709
vt 0.482323 0.566187
vt 0.484756 0.566517
vt 0.484757 0.55696
vt 0.474014 0.564959
vt 0.482323 0.566187
vt 0.482369 0.556709
vt 0.474281 0.555655
vt 0.482323 0.566187
vt 0.482231 0.575534
vt 0.484706 0.575959
vt 0.484756 0.566517
vt 0.473714 0.574092
vt 0.482231 0.575534
vt 0.482323 0.566187
vt 0.474014 0.564959
vt 0.473714 0.574092
vt 0.474014 0.564959
vt 0.46783 0.563937
vt 0.467364 0.572931
vt 0.474014 0.564959
vt 0.474281 0.555655
vt 0.468274 0.554749
vt 0.46783 0.563937
vt 0.467364 0.572931
vt 0.46783 0.563937
vt 0.460355 0.562556
vt 0.459699 0.571378
vt 0.46783 0.563937
vt 0.468274 0.554749
vt 0.461009 0.553527
vt 0.460355 0.562556
vt 0.468274 0.554749
vt 0.468724 0.545527
vt 0.461677 0.544444
vt 0.461009 0.553527
vt 0.474281 0.555655
vt 0.474551 0.546343
vt 0.468724 0.545527
vt 0.468274 0.554749
vt 0.461009 0.553527
vt 0.461677 0.544444
vt 0.453452 0.543075
vt 0.452534 0.551946
vt 0.460355 0.562556
vt 0.461009 0.553527
vt 0.452534 0.551946
vt 0.451651 0.560757
vt 0.451651 0.560757
vt 0.452534 0.551946
vt 0.442962 0.550007
vt 0.441841 0.558532
vt 0.452534 0.551946
vt 0.453452 0.543075
vt 0.444152 0.541433
vt 0.442962 0.550007
vt 0.441841 0.558532
vt 0.442962 0.550007
vt 0.432671 0.547853
vt 0.431311 0.556045
vt 0.450795 0.569364
vt 0.451651 0.560757
vt 0.441841 0.558532
vt 0.440791 0.566876
vt 0.440791 0.566876
vt 0.441841 0.558532
vt 0.431311 0.556045
vt 0.43008 0.564091
vt 0.449979 0.577625
vt 0.450795 0.569364
vt 0.440791 0.566876
vt 0.439839 0.574907
vt 0.439839 0.574907
vt 0.440791 0.566876
vt 0.43008 0.564091
vt 0.429016 0.571868
vt 0.459034 0.57984
vt 0.459699 0.571378
vt 0.450795 0.569364
vt 0.449979 0.577625
vt 0.459699 0.571378
vt 0.460355 0.562556
vt 0.451651 0.560757
vt 0.450795 0.569364
vt 0.46685 0.581566
vt 0.467364 0.572931
vt 0.459699 0.571378
vt 0.459034 0.57984
vt 0.46626 0.589679
vt 0.46685 0.581566
vt 0.459034 0.57984
vt 0.458353 0.587789
vt 0.458353 0.587789
vt 0.459034 0.57984
vt 0.449979 0.577625
vt 0.449216 0.585399
vt 0.457657 0.595094
vt 0.458353 0.587789
vt 0.449216 0.585399
vt 0.448521 0.592567
vt 0.465578 0.597121
vt 0.46626 0.589679
vt 0.458353 0.587789
vt 0.457657 0.595094
vt 0.464816 0.60382
vt 0.465578 0.597121
vt 0.457657 0.595094
vt 0.456956 0.60171
vt 0.456956 0.60171
vt 0.457657 0.595094
vt 0.448521 0.592567
vt 0.447905 0.599106
vt 0.447905 0.599106
vt 0.448521 0.592567
vt 0.438349 0.589524
vt 0.437851 0.595994
vt 0.448521 0.592567
vt 0.449216 0.585399
vt 0.439015 0.582491
vt 0.438349 0.589524
vt 0.437851 0.595994
vt 0.438349 0.589524
vt 0.427556 0.58615
vt 0.427207 0.592554
vt 0.438349 0.589524
vt 0.439015 0.582491
vt 0.428161 0.579253
vt 0.427556 0.58615
vt 0.449216 0.585399
vt 0.449979 0.577625
vt 0.439839 0.574907
vt 0.439015 0.582491
vt 0.439015 0.582491
vt 0.439839 0.574907
vt 0.429016 0.571868
vt 0.428161 0.579253
vt 0.428161 0.579253
vt 0.429016 0.571868
vt 0.417973 0.568752
vt 0.417123 0.575931
vt 0.427556 0.58615
vt 0.428161 0.579253
vt 0.417123 0.575931
vt 0.416611 0.582689
vt 0.429016 0.571868
vt 0.43008 0.564091
vt 0.419119 0.561241
vt 0.417973 0.568752
vt 0.417973 0.568752
vt 0.419119 0.561241
vt 0.408346 0.558563
vt 0.407157 0.565807
vt 0.417123 0.575931
vt 0.417973 0.568752
vt 0.407157 0.565807
vt 0.406354 0.572774
vt 0.406354 0.572774
vt 0.407157 0.565807
vt 0.396982 0.563245
vt 0.396272 0.570001
vt 0.407157 0.565807
vt 0.408346 0.558563
vt 0.398172 0.556259
vt 0.396982 0.563245
vt 0.396982 0.563245
vt 0.398172 0.556259
vt 0.388969 0.554387
vt 0.387811 0.56114
vt 0.396272 0.570001
vt 0.396982 0.563245
vt 0.387811 0.56114
vt 0.387225 0.567699
vt 0.396071 0.576457
vt 0.396272 0.570001
vt 0.387225 0.567699
vt 0.387226 0.574002
vt 0.405977 0.579386
vt 0.406354 0.572774
vt 0.396272 0.570001
vt 0.396071 0.576457
vt 0.406019 0.58563
vt 0.405977 0.579386
vt 0.396071 0.576457
vt 0.396357 0.582591
vt 0.396357 0.582591
vt 0.396071 0.576457
vt 0.387226 0.574002
vt 0.38777 0.580016
vt 0.416442 0.589021
vt 0.416611 0.582689
vt 0.405977 0.579386
vt 0.406019 0.58563
vt 0.416611 0.582689
vt 0.417123 0.575931
vt 0.406354 0.572774
vt 0.405977 0.579386
vt 0.427207 0.592554
vt 0.427556 0.58615
vt 0.416611 0.582689
vt 0.416442 0.589021
vt 0.427114 0.598481
vt 0.427207 0.592554
vt 0.416442 0.589021
vt 0.416607 0.594938
vt 0.416607 0.594938
vt 0.416442 0.589021
vt 0.406019 0.58563
vt 0.406463 0.591508
vt 0.427275 0.603941
vt 0.427114 0.598481
vt 0.416607 0.594938
vt 0.4171 0.600448
vt 0.4171 0.600448
vt 0.416607 0.594938
vt 0.406463 0.591508
vt 0.407295 0.597015
vt 0.427672 0.608933
vt 0.427275 0.603941
vt 0.4171 0.600448
vt 0.41789 0.60554
vt 0.41789 0.60554
vt 0.4171 0.600448
vt 0.407295 0.597015
vt 0.408474 0.60213
vt 0.428228 0.613402
vt 0.427672 0.608933
vt 0.41789 0.60554
vt 0.418861 0.61014
vt 0.418861 0.61014
vt 0.41789 0.60554
vt 0.408474 0.60213
vt 0.409845 0.60677
vt 0.409845 0.60677
vt 0.408474 0.60213
vt 0.399815 0.598887
vt 0.401555 0.60347
vt 0.408474 0.60213
vt 0.407295 0.597015
vt 0.398268 0.593833
vt 0.399815 0.598887
vt 0.401555 0.60347
vt 0.399815 0.598887
vt 0.392192 0.595992
vt 0.394284 0.600453
vt 0.399815 0.598887
vt 0.398268 0.593833
vt 0.390304 0.591052
vt 0.392192 0.595992
vt 0.398268 0.593833
vt 0.397097 0.58839
vt 0.388809 0.58571
vt 0.390304 0.591052
vt 0.407295 0.597015
vt 0.406463 0.591508
vt 0.397097 0.58839
vt 0.398268 0.593833
vt 0.406463 0.591508
vt 0.406019 0.58563
vt 0.396357 0.582591
vt 0.397097 0.58839
vt 0.397097 0.58839
vt 0.396357 0.582591
vt 0.38777 0.580016
vt 0.388809 0.58571
vt 0.392192 0.595992
vt 0.390304 0.591052
vt 0.383641 0.588796
vt 0.385841 0.593616
vt 0.437392 0.61212
vt 0.437375 0.607289
vt 0.427275 0.603941
vt 0.427672 0.608933
vt 0.437542 0.616382
vt 0.437392 0.61212
vt 0.427672 0.608933
vt 0.428228 0.613402
vt 0.437778 0.620048
vt 0.437542 0.616382
vt 0.428228 0.613402
vt 0.428847 0.617281
vt 0.446276 0.622292
vt 0.446392 0.618902
vt 0.437542 0.616382
vt 0.437778 0.620048
vt 0.446392 0.618902
vt 0.446617 0.614906
vt 0.437392 0.61212
vt 0.437542 0.616382
vt 0.453974 0.623903
vt 0.454403 0.620836
vt 0.446392 0.618902
vt 0.446276 0.622292
vt 0.454403 0.620836
vt 0.454961 0.617148
vt 0.446617 0.614906
vt 0.446392 0.618902
vt 0.46135 0.622275
vt 0.462225 0.618914
vt 0.454961 0.617148
vt 0.454403 0.620836
vt 0.460585 0.624975
vt 0.46135 0.622275
vt 0.454403 0.620836
vt 0.453974 0.623903
vt 0.462225 0.618914
vt 0.463123 0.61476
vt 0.455595 0.612759
vt 0.454961 0.617148
vt 0.454961 0.617148
vt 0.455595 0.612759
vt 0.446948 0.610282
vt 0.446617 0.614906
vt 0.455595 0.612759
vt 0.456265 0.607608
vt 0.447379 0.605014
vt 0.446948 0.610282
vt 0.463123 0.61476
vt 0.463993 0.60972
vt 0.456265 0.607608
vt 0.455595 0.612759
vt 0.463993 0.60972
vt 0.464816 0.60382
vt 0.456956 0.60171
vt 0.456265 0.607608
vt 0.456265 0.607608
vt 0.456956 0.60171
vt 0.447905 0.599106
vt 0.447379 0.605014
vt 0.446948 0.610282
vt 0.447379 0.605014
vt 0.437526 0.601914
vt 0.437375 0.607289
vt 0.447379 0.605014
vt 0.447905 0.599106
vt 0.437851 0.595994
vt 0.437526 0.601914
vt 0.437526 0.601914
vt 0.437851 0.595994
vt 0.427207 0.592554
vt 0.427114 0.598481
vt 0.437375 0.607289
vt 0.437526 0.601914
vt 0.427114 0.598481
vt 0.427275 0.603941
vt 0.446617 0.614906
vt 0.446948 0.610282
vt 0.437375 0.607289
vt 0.437392 0.61212
vt 0.469393 0.616386
vt 0.47043 0.61143
vt 0.463993 0.60972
vt 0.463123 0.61476
vt 0.47043 0.61143
vt 0.471361 0.605512
vt 0.464816 0.60382
vt 0.463993 0.60972
vt 0.471361 0.605512
vt 0.472168 0.59872
vt 0.465578 0.597121
vt 0.464816 0.60382
vt 0.47043 0.61143
vt 0.479019 0.613981
vt 0.480107 0.607946
vt 0.471361 0.605512
vt 0.471361 0.605512
vt 0.480107 0.607946
vt 0.480984 0.600938
vt 0.472168 0.59872
vt 0.480984 0.600938
vt 0.480107 0.607946
vt 0.482605 0.608875
vt 0.483506 0.601736
vt 0.480107 0.607946
vt 0.479019 0.613981
vt 0.481466 0.61502
vt 0.482605 0.608875
vt 0.482605 0.608875
vt 0.485837 0.610729
vt 0.486746 0.603219
vt 0.483506 0.601736
vt 0.481466 0.61502
vt 0.484668 0.617212
vt 0.485837 0.610729
vt 0.482605 0.608875
vt 0.48885 0.613143
vt 0.485837 0.610729
vt 0.484668 0.617212
vt 0.487724 0.620116
vt 0.489715 0.605082
vt 0.486746 0.603219
vt 0.485837 0.610729
vt 0.48885 0.613143
vt 0.490923 0.623432
vt 0.492035 0.615958
vt 0.48885 0.613143
vt 0.487724 0.620116
vt 0.492035 0.615958
vt 0.492882 0.607304
vt 0.489715 0.605082
vt 0.48885 0.613143
vt 0.490324 0.596224
vt 0.489715 0.605082
vt 0.492882 0.607304
vt 0.493478 0.597857
vt 0.487385 0.594885
vt 0.486746 0.603219
vt 0.489715 0.605082
vt 0.490324 0.596224
vt 0.487385 0.594885
vt 0.490324 0.596224
vt 0.490706 0.586838
vt 0.487765 0.585929
vt 0.490324 0.596224
vt 0.493478 0.597857
vt 0.493862 0.587963
vt 0.490706 0.586838
vt 0.490706 0.586838
vt 0.493862 0.587963
vt 0.494075 0.5778
vt 0.490904 0.577105
vt 0.487941 0.576538
vt 0.487765 0.585929
vt 0.490706 0.586838
vt 0.490904 0.577105
vt 0.484148 0.593757
vt 0.487385 0.594885
vt 0.487765 0.585929
vt 0.484529 0.585102
vt 0.484529 0.585102
vt 0.487765 0.585929
vt 0.487941 0.576538
vt 0.484706 0.575959
vt 0.482022 0.584567
vt 0.481624 0.593096
vt 0.484148 0.593757
vt 0.484529 0.585102
vt 0.482231 0.575534
vt 0.482022 0.584567
vt 0.484529 0.585102
vt 0.484706 0.575959
vt 0.481624 0.593096
vt 0.480984 0.600938
vt 0.483506 0.601736
vt 0.484148 0.593757
vt 0.484148 0.593757
vt 0.483506 0.601736
vt 0.486746 0.603219
vt 0.487385 0.594885
vt 0.481624 0.593096
vt 0.482022 0.584567
vt 0.473334 0.582878
vt 0.47283 0.591141
vt 0.472168 0.59872
vt 0.480984 0.600938
vt 0.481624 0.593096
vt 0.47283 0.591141
vt 0.472168 0.59872
vt 0.47283 0.591141
vt 0.46626 0.589679
vt 0.465578 0.597121
vt 0.47283 0.591141
vt 0.473334 0.582878
vt 0.46685 0.581566
vt 0.46626 0.589679
vt 0.473334 0.582878
vt 0.482022 0.584567
vt 0.482231 0.575534
vt 0.473714 0.574092
vt 0.473334 0.582878
vt 0.473714 0.574092
vt 0.467364 0.572931
vt 0.46685 0.581566
vt 0.484706 0.575959
vt 0.487941 0.576538
vt 0.487984 0.56689
vt 0.484756 0.566517
vt 0.487984 0.56689
vt 0.487941 0.576538
vt 0.490904 0.577105
vt 0.490971 0.567175
vt 0.484757 0.55696
vt 0.484756 0.566517
vt 0.487984 0.56689
vt 0.487966 0.557152
vt 0.490971 0.567175
vt 0.490961 0.557186
vt 0.487966 0.557152
vt 0.487984 0.56689
vt 0.490904 0.577105
vt 0.494075 0.5778
vt 0.494159 0.567491
vt 0.490971 0.567175
vt 0.490961 0.557186
vt 0.490971 0.567175
vt 0.494159 0.567491
vt 0.494154 0.557145
vt 0.494154 0.557145
vt 0.494082 0.546849
vt 0.490909 0.547253
vt 0.490961 0.557186
vt 0.490961 0.557186
vt 0.490909 0.547253
vt 0.487939 0.547469
vt 0.487966 0.557152
vt 0.490909 0.547253
vt 0.494082 0.546849
vt 0.49393 0.536659
vt 0.490789 0.537453
vt 0.487868 0.537945
vt 0.487939 0.547469
vt 0.490909 0.547253
vt 0.490789 0.537453
vt 0.484757 0.55696
vt 0.487966 0.557152
vt 0.487939 0.547469
vt 0.484763 0.54745
vt 0.484763 0.54745
vt 0.487939 0.547469
vt 0.487868 0.537945
vt 0.484741 0.538121
vt 0.487724 0.620116
vt 0.486348 0.625733
vt 0.489567 0.629366
vt 0.490923 0.623432
vt 0.486348 0.625733
vt 0.487724 0.620116
vt 0.484668 0.617212
vt 0.483254 0.622481
vt 0.48157 0.62644
vt 0.484696 0.629862
vt 0.486348 0.625733
vt 0.483254 0.622481
vt 0.484696 0.629862
vt 0.487969 0.633587
vt 0.489567 0.629366
vt 0.486348 0.625733
vt 0.48257 0.632746
vt 0.485919 0.636421
vt 0.487969 0.633587
vt 0.484696 0.629862
vt 0.479433 0.629282
vt 0.48257 0.632746
vt 0.484696 0.629862
vt 0.48157 0.62644
vt 0.476533 0.62655
vt 0.479433 0.629282
vt 0.48157 0.62644
vt 0.478515 0.623814
vt 0.480109 0.620024
vt 0.478515 0.623814
vt 0.48157 0.62644
vt 0.483254 0.622481
vt 0.477738 0.618916
vt 0.476256 0.622679
vt 0.478515 0.623814
vt 0.480109 0.620024
vt 0.476256 0.622679
vt 0.474469 0.625409
vt 0.476533 0.62655
vt 0.478515 0.623814
vt 0.483254 0.622481
vt 0.484668 0.617212
vt 0.481466 0.61502
vt 0.480109 0.620024
vt 0.479019 0.613981
vt 0.477738 0.618916
vt 0.480109 0.620024
vt 0.481466 0.61502
vt 0.468264 0.620333
vt 0.476256 0.622679
vt 0.477738 0.618916
vt 0.469393 0.616386
vt 0.477738 0.618916
vt 0.479019 0.613981
vt 0.47043 0.61143
vt 0.469393 0.616386
vt 0.468264 0.620333
vt 0.469393 0.616386
vt 0.463123 0.61476
vt 0.462225 0.618914
vt 0.467061 0.623383
vt 0.474469 0.625409
vt 0.476256 0.622679
vt 0.468264 0.620333
vt 0.467061 0.623383
vt 0.468264 0.620333
vt 0.462225 0.618914
vt 0.46135 0.622275
vt 0.465875 0.625689
vt 0.472238 0.627284
vt 0.474469 0.625409
vt 0.467061 0.623383
vt 0.465875 0.625689
vt 0.467061 0.623383
vt 0.46135 0.622275
vt 0.460585 0.624975
vt 0.460585 0.624975
vt 0.460145 0.629015
vt 0.465357 0.628985
vt 0.465875 0.625689
vt 0.469333 0.62844
vt 0.472238 0.627284
vt 0.465875 0.625689
vt 0.465357 0.628985
vt 0.453974 0.623903
vt 0.453749 0.628508
vt 0.460145 0.629015
vt 0.460585 0.624975
vt 0.446389 0.62736
vt 0.453749 0.628508
vt 0.453974 0.623903
vt 0.446276 0.622292
vt 0.437778 0.620048
vt 0.438339 0.625506
vt 0.446389 0.62736
vt 0.446276 0.622292
vt 0.428847 0.617281
vt 0.429922 0.623042
vt 0.438339 0.625506
vt 0.437778 0.620048
vt 0.390679 0.547512
vt 0.392928 0.540599
vt 0.385271 0.539574
vt 0.382857 0.546281
vt 0.368389 0.5751
vt 0.365409 0.574971
vt 0.36739 0.58065
vt 0.370241 0.580614
vt 0.372632 0.58581
vt 0.370241 0.580614
vt 0.36739 0.58065
vt 0.369965 0.586077
vt 0.36739 0.58065
vt 0.365409 0.574971
vt 0.362979 0.575301
vt 0.36503 0.581244
vt 0.36503 0.581244
vt 0.367711 0.586981
vt 0.369965 0.586077
vt 0.36739 0.58065
vt 0.362979 0.575301
vt 0.360759 0.575685
vt 0.362846 0.581948
vt 0.36503 0.581244
vt 0.367711 0.586981
vt 0.36503 0.581244
vt 0.362846 0.581948
vt 0.365599 0.588038
vt 0.369045 0.594027
vt 0.371034 0.592568
vt 0.367711 0.586981
vt 0.365599 0.588038
vt 0.371034 0.592568
vt 0.37312 0.591275
vt 0.369965 0.586077
vt 0.367711 0.586981
vt 0.375075 0.598066
vt 0.376915 0.596314
vt 0.37312 0.591275
vt 0.371034 0.592568
vt 0.373282 0.599975
vt 0.375075 0.598066
vt 0.371034 0.592568
vt 0.369045 0.594027
vt 0.372632 0.58581
vt 0.369965 0.586077
vt 0.37312 0.591275
vt 0.375531 0.590676
vt 0.375531 0.590676
vt 0.37312 0.591275
vt 0.376915 0.596314
vt 0.378963 0.595264
vt 0.840563 0.174051
vt 0.838027 0.165378
vt 0.835554 0.166742
vt 0.837817 0.175336
vt 0.842954 0.182655
vt 0.840563 0.174051
vt 0.837817 0.175336
vt 0.839886 0.183808
vt 0.872983 0.95292
vt 0.881356 0.950958
vt 0.882822 0.943027
vt 0.874519 0.944374
vt 0.872283 0.96108
vt 0.88069 0.958446
vt 0.881356 0.950958
vt 0.872983 0.95292
vt 0.848754 0.208694
vt 0.847083 0.199933
vt 0.843272 0.200571
vt 0.844554 0.208932
vt 0.850133 0.217514
vt 0.848754 0.208694
vt 0.844554 0.208932
vt 0.845559 0.21727
vt 0.848754 0.208694
vt 0.85795 0.207996
vt 0.856225 0.198404
vt 0.847083 0.199933
vt 0.850133 0.217514
vt 0.859356 0.217708
vt 0.85795 0.207996
vt 0.848754 0.208694
vt 0.856225 0.198404
vt 0.85795 0.207996
vt 0.860136 0.207883
vt 0.858395 0.198154
vt 0.85795 0.207996
vt 0.859356 0.217708
vt 0.861549 0.217746
vt 0.860136 0.207883
vt 0.862603 0.22768
vt 0.861549 0.217746
vt 0.859356 0.217708
vt 0.860413 0.227474
vt 0.850133 0.217514
vt 0.851198 0.226355
vt 0.860413 0.227474
vt 0.859356 0.217708
vt 0.860413 0.227474
vt 0.861083 0.2372
vt 0.863257 0.237594
vt 0.862603 0.22768
vt 0.860413 0.227474
vt 0.851198 0.226355
vt 0.851908 0.235152
vt 0.861083 0.2372
vt 0.851198 0.226355
vt 0.850133 0.217514
vt 0.845559 0.21727
vt 0.846285 0.225567
vt 0.851908 0.235152
vt 0.851198 0.226355
vt 0.846285 0.225567
vt 0.846708 0.233779
vt 0.85216 0.243756
vt 0.851908 0.235152
vt 0.846708 0.233779
vt 0.846736 0.241784
vt 0.861083 0.2372
vt 0.851908 0.235152
vt 0.85216 0.243756
vt 0.861248 0.2467
vt 0.851837 0.251981
vt 0.85216 0.243756
vt 0.846736 0.241784
vt 0.84626 0.249431
vt 0.861248 0.2467
vt 0.85216 0.243756
vt 0.851837 0.251981
vt 0.86078 0.255758
vt 0.861083 0.2372
vt 0.861248 0.2467
vt 0.863389 0.247294
vt 0.863257 0.237594
vt 0.861248 0.2467
vt 0.86078 0.255758
vt 0.862871 0.256556
vt 0.863389 0.247294
vt 0.861582 0.26515
vt 0.862871 0.256556
vt 0.86078 0.255758
vt 0.859561 0.264153
vt 0.851837 0.251981
vt 0.850829 0.259636
vt 0.859561 0.264153
vt 0.86078 0.255758
vt 0.859561 0.264153
vt 0.8575 0.271717
vt 0.859434 0.272901
vt 0.861582 0.26515
vt 0.849056 0.266573
vt 0.8575 0.271717
vt 0.859561 0.264153
vt 0.850829 0.259636
vt 0.849056 0.266573
vt 0.850829 0.259636
vt 0.845176 0.256562
vt 0.843405 0.263052
vt 0.850829 0.259636
vt 0.851837 0.251981
vt 0.84626 0.249431
vt 0.845176 0.256562
vt 0.846522 0.272825
vt 0.849056 0.266573
vt 0.843405 0.263052
vt 0.840951 0.268918
vt 0.846522 0.272825
vt 0.854605 0.278499
vt 0.8575 0.271717
vt 0.849056 0.266573
vt 0.843256 0.27846
vt 0.846522 0.272825
vt 0.840951 0.268918
vt 0.837838 0.274213
vt 0.843256 0.27846
vt 0.850912 0.284592
vt 0.854605 0.278499
vt 0.846522 0.272825
vt 0.8575 0.271717
vt 0.854605 0.278499
vt 0.85644 0.279852
vt 0.859434 0.272901
vt 0.854605 0.278499
vt 0.850912 0.284592
vt 0.852639 0.286097
vt 0.85644 0.279852
vt 0.848095 0.291705
vt 0.852639 0.286097
vt 0.850912 0.284592
vt 0.846468 0.290081
vt 0.843256 0.27846
vt 0.839285 0.283546
vt 0.846468 0.290081
vt 0.850912 0.284592
vt 0.883739 0.995447
vt 0.879664 0.989555
vt 0.877689 0.990758
vt 0.881848 0.996784
vt 0.887534 0.9841
vt 0.879664 0.989555
vt 0.883739 0.995447
vt 0.89137 0.989348
vt 0.839285 0.283546
vt 0.843256 0.27846
vt 0.837838 0.274213
vt 0.834087 0.27898
vt 0.887534 0.9841
vt 0.89137 0.989348
vt 0.896601 0.984778
vt 0.892919 0.979915
vt 0.884452 0.978359
vt 0.887534 0.9841
vt 0.892919 0.979915
vt 0.889916 0.97459
vt 0.884452 0.978359
vt 0.876361 0.983125
vt 0.879664 0.989555
vt 0.887534 0.9841
vt 0.882224 0.972153
vt 0.884452 0.978359
vt 0.889916 0.97459
vt 0.887676 0.968841
vt 0.882224 0.972153
vt 0.873955 0.976207
vt 0.876361 0.983125
vt 0.884452 0.978359
vt 0.879664 0.989555
vt 0.876361 0.983125
vt 0.874301 0.984181
vt 0.877689 0.990758
vt 0.876361 0.983125
vt 0.873955 0.976207
vt 0.871822 0.977107
vt 0.874301 0.984181
s off
f 1/1/1 2/2/2 3/3/3
f 1/1/1 3/3/3 4/4/4
f 5/5/5 6/6/6 7/7/7
f 5/5/5 7/7/7 8/8/8
f 9/9/9 10/10/10 11/11/11
f 9/9/9 11/11/11 12/12/12
f 13/13/13 14/14/14 15/15/15
f 13/13/13 15/15/15 16/16/16
f 17/17/17 18/18/18 19/19/19
f 17/17/17 19/19/19 20/20/20
f 21/21/21 22/22/22 23/23/23
f 21/21/21 23/23/23 24/24/24
f 25/25/25 26/26/26 27/27/27
f 25/25/25 27/27/27 28/28/28
f 29/29/29 30/30/30 31/31/31
f 29/29/29 31/31/31 32/32/32
f 33/33/33 34/34/34 35/35/35
f 33/33/33 35/35/35 36/36/36
f 37/37/37 38/38/38 39/39/39
f 37/37/37 39/39/39 40/40/40
f 41/41/41 42/42/42 43/43/43
f 41/41/41 43/43/43 44/44/44
f 45/45/45 46/46/46 47/47/47
f 45/45/45 47/47/47 48/48/48
f 49/49/49 50/50/50 51/51/51
f 49/49/49 51/51/51 52/52/52
f 53/53/53 54/54/54 55/55/55
f 53/53/53 55/55/55 56/56/56
f 57/57/57 58/58/58 59/59/59
f 57/57/57 59/59/59 60/60/60
f 61/61/61 62/62/62 63/63/63
f 61/61/61 63/63/63 64/64/64
f 65/65/65 66/66/66 67/67/67
f 65/65/65 67/67/67 68/68/68
f 69/69/69 70/70/70 71/71/71
f 69/69/69 71/71/71 72/72/72
f 73/73/73 74/74/74 75/75/75
f 73/73/73 75/75/75 76/76/76
f 77/77/77 78/78/78 79/79/79
f 77/77/77 79/79/79 80/80/80
f 81/81/81 82/82/82 83/83/83
f 81/81/81 83/83/83 84/84/84
f 85/85/85 86/86/86 87/87/87
f 85/85/85 87/87/87 88/88/88
f 89/89/89 90/90/90 91/91/91
f 89/89/89 91/91/91 92/92/92
f 93/93/93 94/94/94 95/95/95
f 93/93/93 95/95/95 96/96/96
f 97/97/97 98/98/98 99/99/99
f 97/97/97 99/99/99 100/100/100
f 101/101/101 102/102/102 103/103/103
f 101/101/101 103/103/103 104/104/104
f 105/105/105 106/106/106 107/107/107
f 105/105/105 107/107/107 108/108/108
f 109/109/109 110/110/110 111/111/111
f 109/109/109 111/111/111 112/112/112
f 113/113/113 114/114/114 115/115/115
f 113/113/113 115/115/115 116/116/116
f 117/117/117 118/118/118 119/119/119
f 117/117/117 119/119/119 120/120/120
f 121/121/121 122/122/122 123/123/123
f 121/121/121 123/123/123 124/124/124
f 125/125/125 126/126/126 127/127/127
f 125/125/125 127/127/127 128/128/128
f 129/129/129 130/130/130 131/131/131
f 129/129/129 131/131/131 132/132/132
f 133/133/133 134/134/134 135/135/135
f 133/133/133 135/135/135 136/136/136
f 137/137/137 138/138/138 139/139/139
f 137/137/137 139/139/139 140/140/140
f 141/141/141 142/142/142 143/143/143
f 141/141/141 143/143/143 144/144/144
f 145/145/145 146/146/146 147/147/147
f 145/145/145 147/147/147 148/148/148
f 149/149/149 150/150/150 151/151/151
f 149/149/149 151/151/151 152/152/152
f 153/153/153 154/154/154 155/155/155
f 153/153/153 155/155/155 156/156/156
f 157/157/157 158/158/158 159/159/159
f 157/157/157 159/159/159 160/160/160
f 161/161/161 162/162/162 163/163/163
f 161/161/161 163/163/163 164/164/164
f 165/165/165 166/166/166 167/167/167
f 165/165/165 167/167/167 168/168/168
f 169/169/169 170/170/170 171/171/171
f 169/169/169 171/171/171 172/172/172
f 173/173/173 174/174/174 175/175/175
f 173/173/173 175/175/175 176/176/176
f 177/177/177 178/178/178 179/179/179
f 177/177/177 179/179/179 180/180/180
f 181/181/181 182/182/182 183/183/183
f 181/181/181 183/183/183 184/184/184
f 185/185/185 186/186/186 187/187/187
f 185/185/185 187/187/187 188/188/188
f 189/189/189 190/190/190 191/191/191
f 189/189/189 191/191/191 192/192/192
f 193/193/193 194/194/194 195/195/195
f 193/193/193 195/195/195 196/196/196
f 197/197/197 198/198/198 199/199/199
f 197/197/197 199/199/199 200/200/200
f 201/201/201 202/202/202 203/203/203
f 201/201/201 203/203/203 204/204/204
f 205/205/205 206/206/206 207/207/207
f 205/205/205 207/207/207 208/208/208
f 209/209/209 210/210/210 211/211/211
f 209/209/209 211/211/211 212/212/212
f 213/213/213 214/214/214 215/215/215
f 213/213/213 215/215/215 216/216/216
f 217/217/217 218/218/218 219/219/219
f 217/217/217 219/219/219 220/220/220
f 221/221/221 222/222/222 223/223/223
f 221/221/221 223/223/223 224/224/224
f 225/225/225 226/226/226 227/227/227
f 225/225/225 227/227/227 228/228/228
f 229/229/229 230/230/230 231/231/231
f 229/229/229 231/231/231 232/232/232
f 233/233/233 234/234/234 235/235/235
f 233/233/233 235/235/235 236/236/236
f 237/237/237 238/238/238 239/239/239
f 237/237/237 239/239/239 240/240/240
f 241/241/241 242/242/242 243/243/243
f 241/241/241 243/243/243 244/244/244
f 245/245/245 246/246/246 247/247/247
f 245/245/245 247/247/247 248/248/248
f 249/249/249 250/250/250 251/251/251
f 249/249/249 251/251/251 252/252/252
f 253/253/253 254/254/254 255/255/255
f 253/253/253 255/255/255 256/256/256
f 257/257/257 258/258/258 259/259/259
f 257/257/257 259/259/259 260/260/260
f 261/261/261 262/262/262 263/263/263
f 261/261/261 263/263/263 264/264/264
f 265/265/265 266/266/266 267/267/267
f 265/265/265 267/267/267 268/268/268
f 269/269/269 270/270/270 271/271/271
f 269/269/269 271/271/271 272/272/272
f 273/273/273 274/274/274 275/275/275
f 273/273/273 275/275/275 276/276/276
f 277/277/277 278/278/278 279/279/279
f 277/277/277 279/279/279 280/280/280
f 281/281/281 282/282/282 283/283/283
f 281/281/281 283/283/283 284/284/284
f 285/285/285 286/286/286 287/287/287
f 285/285/285 287/287/287 288/288/288
f 289/289/289 290/290/290 291/291/291
f 289/289/289 291/291/291 292/292/292
f 293/293/293 294/294/294 295/295/295
f 293/293/293 295/295/295 296/296/296
f 297/297/297 298/298/298 299/299/299
f 297/297/297 299/299/299 300/300/300
f 301/301/301 302/302/302 303/303/303
f 301/301/301 303/303/303 304/304/304
f 305/305/305 306/306/306 307/307/307
f 305/305/305 307/307/307 308/308/308
f 309/309/309 310/310/310 311/311/311
f 309/309/309 311/311/311 312/312/312
f 313/313/313 314/314/314 315/315/315
f 313/313/313 315/315/315 316/316/316
f 317/317/317 318/318/318 319/319/319
f 317/317/317 319/319/319 320/320/320
f 321/321/321 322/322/322 323/323/323
f 321/321/321 323/323/323 324/324/324
f 325/325/325 326/326/326 327/327/327
f 325/325/325 327/327/327 328/328/328
f 329/329/329 330/330/330 331/331/331
f 329/329/329 331/331/331 332/332/332
f 333/333/333 334/334/334 335/335/335
f 333/333/333 335/335/335 336/336/336
f 337/337/337 338/338/338 339/339/339
f 337/337/337 339/339/339 340/340/340
f 341/341/341 342/342/342 343/343/343
f 341/341/341 343/343/343 344/344/344
f 345/345/345 346/346/346 347/347/347
f 345/345/345 347/347/347 348/348/348
f 349/349/349 350/350/350 351/351/351
f 349/349/349 351/351/351 352/352/352
f 353/353/353 354/354/354 355/355/355
f 353/353/353 355/355/355 356/356/356
f 357/357/357 358/358/358 359/359/359
f 357/357/357 359/359/359 360/360/360
f 361/361/361 362/362/362 363/363/363
f 361/361/361 363/363/363 364/364/364
f 365/365/365 366/366/366 367/367/367
f 365/365/365 367/367/367 368/368/368
f 369/369/369 370/370/370 371/371/371
f 369/369/369 371/371/371 372/372/372
f 373/373/373 374/374/374 375/375/375
f 373/373/373 375/375/375 376/376/376
f 377/377/377 378/378/378 379/379/379
f 377/377/377 379/379/379 380/380/380
f 381/381/381 382/382/382 383/383/383
f 381/381/381 383/383/383 384/384/384
f 385/385/385 386/386/386 387/387/387
f 385/385/385 387/387/387 388/388/388
f 389/389/389 390/390/390 391/391/391
f 389/389/389 391/391/391 392/392/392
f 393/393/393 394/394/394 395/395/395
f 393/393/393 395/395/395 396/396/396
f 397/397/397 398/398/398 399/399/399
f 397/397/397 399/399/399 400/400/400
f 401/401/401 402/402/402 403/403/403
f 401/401/401 403/403/403 404/404/404
f 405/405/405 406/406/406 407/407/407
f 405/405/405 407/407/407 408/408/408
f 409/409/409 410/410/410 411/411/411
f 409/409/409 411/411/411 412/412/412
f 413/413/413 414/414/414 415/415/415
f 413/413/413 415/415/415 416/416/416
f 417/417/417 418/418/418 419/419/419
f 417/417/417 419/419/419 420/420/420
f 421/421/421 422/422/422 423/423/423
f 421/421/421 423/423/423 424/424/424
f 425/425/425 426/426/426 427/427/427
f 425/425/425 427/427/427 428/428/428
f 429/429/429 430/430/430 431/431/431
f 429/429/429 431/431/431 432/432/432
f 433/433/433 434/434/434 435/435/435
f 433/433/433 435/435/435 436/436/436
f 437/437/437 438/438/438 439/439/439
f 437/437/437 439/439/439 440/440/440
f 441/441/441 442/442/442 443/443/443
f 441/441/441 443/443/443 444/444/444
f 445/445/445 446/446/446 447/447/447
f 445/445/445 447/447/447 448/448/448
f 449/449/449 450/450/450 451/451/451
f 449/449/449 451/451/451 452/452/452
f 453/453/453 454/454/454 455/455/455
f 453/453/453 455/455/455 456/456/456
f 457/457/457 458/458/458 459/459/459
f 457/457/457 459/459/459 460/460/460
f 461/461/461 462/462/462 463/463/463
f 461/461/461 463/463/463 464/464/464
f 465/465/465 466/466/466 467/467/467
f 465/465/465 467/467/467 468/468/468
f 469/469/469 470/470/470 471/471/471
f 469/469/469 471/471/471 472/472/472
f 473/473/473 474/474/474 475/475/475
f 473/473/473 475/475/475 476/476/476
f 477/477/477 478/478/478 479/479/479
f 477/477/477 479/479/479 480/480/480
f 481/481/481 482/482/482 483/483/483
f 481/481/481 483/483/483 484/484/484
f 485/485/485 486/486/486 487/487/487
f 485/485/485 487/487/487 488/488/488
f 489/489/489 490/490/490 491/491/491
f 489/489/489 491/491/491 492/492/492
f 493/493/493 494/494/494 495/495/495
f 493/493/493 495/495/495 496/496/496
f 497/497/497 498/498/498 499/499/499
f 497/497/497 499/499/499 500/500/500
f 501/501/501 502/502/502 503/503/503
f 501/501/501 503/503/503 504/504/504
f 505/505/505 506/506/506 507/507/507
f 505/505/505 507/507/507 508/508/508
f 509/509/509 510/510/510 511/511/511
f 509/509/509 511/511/511 512/512/512
f 513/513/513 514/514/514 515/515/515
f 513/513/513 515/515/515 516/516/516
f 517/517/517 518/518/518 519/519/519
f 517/517/517 519/519/519 520/520/520
f 521/521/521 522/522/522 523/523/523
f 521/521/521 523/523/523 524/524/524
f 525/525/525 526/526/526 527/527/527
f 525/525/525 527/527/527 528/528/528
f 529/529/529 530/530/530 531/531/531
f 529/529/529 531/531/531 532/532/532
f 533/533/533 534/534/534 535/535/535
f 533/533/533 535/535/535 536/536/536
f 537/537/537 538/538/538 539/539/539
f 537/537/537 539/539/539 540/540/540
f 541/541/541 542/542/542 543/543/543
f 541/541/541 543/543/543 544/544/544
f 545/545/545 546/546/546 547/547/547
f 545/545/545 547/547/547 548/548/548
f 549/549/549 550/550/550 551/551/551
f 549/549/549 551/551/551 552/552/552
f 553/553/553 554/554/554 555/555/555
f 553/553/553 555/555/555 556/556/556
f 557/557/557 558/558/558 559/559/559
f 557/557/557 559/559/559 560/560/560
f 561/561/561 562/562/562 563/563/563
f 561/561/561 563/563/563 564/564/564
f 565/565/565 566/566/566 567/567/567
f 565/565/565 567/567/567 568/568/568
f 569/569/569 570/570/570 571/571/571
f 569/569/569 571/571/571 572/572/572
f 573/573/573 574/574/574 575/575/575
f 573/573/573 575/575/575 576/576/576
f 577/577/577 578/578/578 579/579/579
f 577/577/577 579/579/579 580/580/580
f 581/581/581 582/582/582 583/583/583
f 581/581/581 583/583/583 584/584/584
f 585/585/585 586/586/586 587/587/587
f 585/585/585 587/587/587 588/588/588
f 589/589/589 590/590/590 591/591/591
f 589/589/589 591/591/591 592/592/592
f 593/593/593 594/594/594 595/595/595
f 593/593/593 595/595/595 596/596/596
f 597/597/597 598/598/598 599/599/599
f 597/597/597 599/599/599 600/600/600
f 601/601/601 602/602/602 603/603/603
f 601/601/601 603/603/603 604/604/604
f 605/605/605 606/606/606 607/607/607
f 605/605/605 607/607/607 608/608/608
f 609/609/609 610/610/610 611/611/611
f 609/609/609 611/611/611 612/612/612
f 613/613/613 614/614/614 615/615/615
f 613/613/613 615/615/615 616/616/616
f 617/617/617 618/618/618 619/619/619
f 617/617/617 619/619/619 620/620/620
f 621/621/621 622/622/622 623/623/623
f 621/621/621 623/623/623 624/624/624
f 625/625/625 626/626/626 627/627/627
f 625/625/625 627/627/627 628/628/628
f 629/629/629 630/630/630 631/631/631
f 629/629/629 631/631/631 632/632/632
f 633/633/633 634/634/634 635/635/635
f 633/633/633 635/635/635 636/636/636
f 637/637/637 638/638/638 639/639/639
f 637/637/637 639/639/639 640/640/640
f 641/641/641 642/642/642 643/643/643
f 641/641/641 643/643/643 644/644/644
f 645/645/645 646/646/646 647/647/647
f 645/645/645 647/647/647 648/648/648
f 649/649/649 650/650/650 651/651/651
f 649/649/649 651/651/651 652/652/652
f 653/653/653 654/654/654 655/655/655
f 653/653/653 655/655/655 656/656/656
f 657/657/657 658/658/658 659/659/659
f 657/657/657 659/659/659 660/660/660
f 661/661/661 662/662/662 663/663/663
f 661/661/661 663/663/663 664/664/664
f 665/665/665 666/666/666 667/667/667
f 665/665/665 667/667/667 668/668/668
f 669/669/669 670/670/670 671/671/671
f 669/669/669 671/671/671 672/672/672
f 673/673/673 674/674/674 675/675/675
f 673/673/673 675/675/675 676/676/676
f 677/677/677 678/678/678 679/679/679
f 677/677/677 679/679/679 680/680/680
f 681/681/681 682/682/682 683/683/683
f 681/681/681 683/683/683 684/684/684
f 685/685/685 686/686/686 687/687/687
f 685/685/685 687/687/687 688/688/688
f 689/689/689 690/690/690 691/691/691
f 689/689/689 691/691/691 692/692/692
f 693/693/693 694/694/694 695/695/695
f 693/693/693 695/695/695 696/696/696
f 697/697/697 698/698/698 699/699/699
f 697/697/697 699/699/699 700/700/700
f 701/701/701 702/702/702 703/703/703
f 701/701/701 703/703/703 704/704/704
f 705/705/705 706/706/706 707/707/707
f 705/705/705 707/707/707 708/708/708
f 709/709/709 710/710/710 711/711/711
f 709/709/709 711/711/711 712/712/712
f 713/713/713 714/714/714 715/715/715
f 713/713/713 715/715/715 716/716/716
f 717/717/717 718/718/718 719/719/719
f 717/717/717 719/719/719 720/720/720
f 721/721/721 722/722/722 723/723/723
f 721/721/721 723/723/723 724/724/724
f 725/725/725 726/726/726 727/727/727
f 725/725/725 727/727/727 728/728/728
f 729/729/729 730/730/730 731/731/731
f 729/729/729 731/731/731 732/732/732
f 733/733/733 734/734/734 735/735/735
f 733/733/733 735/735/735 736/736/736
f 737/737/737 738/738/738 739/739/739
f 737/737/737 739/739/739 740/740/740
f 741/741/741 742/742/742 743/743/743
f 741/741/741 743/743/743 744/744/744
f 745/745/745 746/746/746 747/747/747
f 745/745/745 747/747/747 748/748/748
f 749/749/749 750/750/750 751/751/751
f 749/749/749 751/751/751 752/752/752
f 753/753/753 754/754/754 755/755/755
f 753/753/753 755/755/755 756/756/756
f 757/757/757 758/758/758 759/759/759
f 757/757/757 759/759/759 760/760/760
f 761/761/761 762/762/762 763/763/763
f 761/761/761 763/763/763 764/764/764
f 765/765/765 766/766/766 767/767/767
f 765/765/765 767/767/767 768/768/768
f 769/769/769 770/770/770 771/771/771
f 769/769/769 771/771/771 772/772/772
f 773/773/773 774/774/774 775/775/775
f 773/773/773 775/775/775 776/776/776
f 777/777/777 778/778/778 779/779/779
f 777/777/777 779/779/779 780/780/780
f 781/781/781 782/782/782 783/783/783
f 781/781/781 783/783/783 784/784/784
f 785/785/785 786/786/786 787/787/787
f 785/785/785 787/787/787 788/788/788
f 789/789/789 790/790/790 791/791/791
f 789/789/789 791/791/791 792/792/792
f 793/793/793 794/794/794 795/795/795
f 793/793/793 795/795/795 796/796/796
f 797/797/797 798/798/798 799/799/799
f 797/797/797 799/799/799 800/800/800
f 801/801/801 802/802/802 803/803/803
f 801/801/801 803/803/803 804/804/804
f 805/805/805 806/806/806 807/807/807
f 805/805/805 807/807/807 808/808/808
f 809/809/809 810/810/810 811/811/811
f 809/809/809 811/811/811 812/812/812
f 813/813/813 814/814/814 815/815/815
f 813/813/813 815/815/815 816/816/816
f 817/817/817 818/818/818 819/819/819
f 817/817/817 819/819/819 820/820/820
f 821/821/821 822/822/822 823/823/823
f 821/821/821 823/823/823 824/824/824
f 825/825/825 826/826/826 827/827/827
f 825/825/825 827/827/827 828/828/828
f 829/829/829 830/830/830 831/831/831
f 829/829/829 831/831/831 832/832/832
f 833/833/833 834/834/834 835/835/835
f 833/833/833 835/835/835 836/836/836
f 837/837/837 838/838/838 839/839/839
f 837/837/837 839/839/839 840/840/840
f 841/841/841 842/842/842 843/843/843
f 841/841/841 843/843/843 844/844/844
f 845/845/845 846/846/846 847/847/847
f 845/845/845 847/847/847 848/848/848
f 849/849/849 850/850/850 851/851/851
f 849/849/849 851/851/851 852/852/852
f 853/853/853 854/854/854 855/855/855
f 853/853/853 855/855/855 856/856/856
f 857/857/857 858/858/858 859/859/859
f 857/857/857 859/859/859 860/860/860
f 861/861/861 862/862/862 863/863/863
f 861/861/861 863/863/863 864/864/864
f 865/865/865 866/866/866 867/867/867
f 865/865/865 867/867/867 868/868/868
f 869/869/869 870/870/870 871/871/871
f 869/869/869 871/871/871 872/872/872
f 873/873/873 874/874/874 875/875/875
f 873/873/873 875/875/875 876/876/876
f 877/877/877 878/878/878 879/879/879
f 877/877/877 879/879/879 880/880/880
f 881/881/881 882/882/882 883/883/883
f 881/881/881 883/883/883 884/884/884
f 885/885/885 886/886/886 887/887/887
f 885/885/885 887/887/887 888/888/888
f 889/889/889 890/890/890 891/891/891
f 889/889/889 891/891/891 892/892/892
f 893/893/893 894/894/894 895/895/895
f 893/893/893 895/895/895 896/896/896
f 897/897/897 898/898/898 899/899/899
f 897/897/897 899/899/899 900/900/900
f 901/901/901 902/902/902 903/903/903
f 901/901/901 903/903/903 904/904/904
f 905/905/905 906/906/906 907/907/907
f 905/905/905 907/907/907 908/908/908
f 909/909/909 910/910/910 911/911/911
f 909/909/909 911/911/911 912/912/912
f 913/913/913 914/914/914 915/915/915
f 913/913/913 915/915/915 916/916/916
f 917/917/917 918/918/918 919/919/919
f 917/917/917 919/919/919 920/920/920
f 921/921/921 922/922/922 923/923/923
f 921/921/921 923/923/923 924/924/924
f 925/925/925 926/926/926 927/927/927
f 925/925/925 927/927/927 928/928/928
f 929/929/929 930/930/930 931/931/931
f 929/929/929 931/931/931 932/932/932
f 933/933/933 934/934/934 935/935/935
f 933/933/933 935/935/935 936/936/936
f 937/937/937 938/938/938 939/939/939
f 937/937/937 939/939/939 940/940/940
f 941/941/941 942/942/942 943/943/943
f 941/941/941 943/943/943 944/944/944
f 945/945/945 946/946/946 947/947/947
f 945/945/945 947/947/947 948/948/948
f 949/949/949 950/950/950 951/951/951
f 949/949/949 951/951/951 952/952/952
f 953/953/953 954/954/954 955/955/955
f 953/953/953 955/955/955 956/956/956
f 957/957/957 958/958/958 959/959/959
f 957/957/957 959/959/959 960/960/960
f 961/961/961 962/962/962 963/963/963
f 961/961/961 963/963/963 964/964/964
f 965/965/965 966/966/966 967/967/967
f 965/965/965 967/967/967 968/968/968
f 969/969/969 970/970/970 971/971/971
f 969/969/969 971/971/971 972/972/972
f 973/973/973 974/974/974 975/975/975
f 973/973/973 975/975/975 976/976/976
f 977/977/977 978/978/978 979/979/979
f 977/977/977 979/979/979 980/980/980
f 981/981/981 982/982/982 983/983/983
f 981/981/981 983/983/983 984/984/984
f 985/985/985 986/986/986 987/987/987
f 985/985/985 987/987/987 988/988/988
f 989/989/989 990/990/990 991/991/991
f 989/989/989 991/991/991 992/992/992
f 993/993/993 994/994/994 995/995/995
f 993/993/993 995/995/995 996/996/996
f 997/997/997 998/998/998 999/999/999
f 997/997/997 999/999/999 1000/1000/1000
f 1001/1001/1001 1002/1002/1002 1003/1003/1003
f 1001/1001/1001 1003/1003/1003 1004/1004/1004
f 1005/1005/1005 1006/1006/1006 1007/1007/1007
f 1005/1005/1005 1007/1007/1007 1008/1008/1008
f 1009/1009/1009 1010/1010/1010 1011/1011/1011
f 1009/1009/1009 1011/1011/1011 1012/1012/1012
f 1013/1013/1013 1014/1014/1014 1015/1015/1015
f 1013/1013/1013 1015/1015/1015 1016/1016/1016
f 1017/1017/1017 1018/1018/1018 1019/1019/1019
f 1017/1017/1017 1019/1019/1019 1020/1020/1020
f 1021/1021/1021 1022/1022/1022 1023/1023/1023
f 1021/1021/1021 1023/1023/1023 1024/1024/1024
f 1025/1025/1025 1026/1026/1026 1027/1027/1027
f 1025/1025/1025 1027/1027/1027 1028/1028/1028
f 1029/1029/1029 1030/1030/1030 1031/1031/1031
f 1029/1029/1029 1031/1031/1031 1032/1032/1032
f 1033/1033/1033 1034/1034/1034 1035/1035/1035
f 1033/1033/1033 1035/1035/1035 1036/1036/1036
f 1037/1037/1037 1038/1038/1038 1039/1039/1039
f 1037/1037/1037 1039/1039/1039 1040/1040/1040
f 1041/1041/1041 1042/1042/1042 1043/1043/1043
f 1041/1041/1041 1043/1043/1043 1044/1044/1044
f 1045/1045/1045 1046/1046/1046 1047/1047/1047
f 1045/1045/1045 1047/1047/1047 1048/1048/1048
f 1049/1049/1049 1050/1050/1050 1051/1051/1051
f 1049/1049/1049 1051/1051/1051 1052/1052/1052
f 1053/1053/1053 1054/1054/1054 1055/1055/1055
f 1053/1053/1053 1055/1055/1055 1056/1056/1056
f 1057/1057/1057 1058/1058/1058 1059/1059/1059
f 1057/1057/1057 1059/1059/1059 1060/1060/1060
f 1061/1061/1061 1062/1062/1062 1063/1063/1063
f 1061/1061/1061 1063/1063/1063 1064/1064/1064
f 1065/1065/1065 1066/1066/1066 1067/1067/1067
f 1065/1065/1065 1067/1067/1067 1068/1068/1068
f 1069/1069/1069 1070/1070/1070 1071/1071/1071
f 1069/1069/1069 1071/1071/1071 1072/1072/1072
f 1073/1073/1073 1074/1074/1074 1075/1075/1075
f 1073/1073/1073 1075/1075/1075 1076/1076/1076
f 1077/1077/1077 1078/1078/1078 1079/1079/1079
f 1077/1077/1077 1079/1079/1079 1080/1080/1080
f 1081/1081/1081 1082/1082/1082 1083/1083/1083
f 1081/1081/1081 1083/1083/1083 1084/1084/1084
f 1085/1085/1085 1086/1086/1086 1087/1087/1087
f 1085/1085/1085 1087/1087/1087 1088/1088/1088
f 1089/1089/1089 1090/1090/1090 1091/1091/1091
f 1089/1089/1089 1091/1091/1091 1092/1092/1092
f 1093/1093/1093 1094/1094/1094 1095/1095/1095
f 1093/1093/1093 1095/1095/1095 1096/1096/1096
f 1097/1097/1097 1098/1098/1098 1099/1099/1099
f 1097/1097/1097 1099/1099/1099 1100/1100/1100
f 1101/1101/1101 1102/1102/1102 1103/1103/1103
f 1101/1101/1101 1103/1103/1103 1104/1104/1104
f 1105/1105/1105 1106/1106/1106 1107/1107/1107
f 1105/1105/1105 1107/1107/1107 1108/1108/1108
f 1109/1109/1109 1110/1110/1110 1111/1111/1111
f 1109/1109/1109 1111/1111/1111 1112/1112/1112
f 1113/1113/1113 1114/1114/1114 1115/1115/1115
f 1113/1113/1113 1115/1115/1115 1116/1116/1116
f 1117/1117/1117 1118/1118/1118 1119/1119/1119
f 1117/1117/1117 1119/1119/1119 1120/1120/1120
f 1121/1121/1121 1122/1122/1122 1123/1123/1123
f 1121/1121/1121 1123/1123/1123 1124/1124/1124
f 1125/1125/1125 1126/1126/1126 1127/1127/1127
f 1125/1125/1125 1127/1127/1127 1128/1128/1128
f 1129/1129/1129 1130/1130/1130 1131/1131/1131
f 1129/1129/1129 1131/1131/1131 1132/1132/1132
f 1133/1133/1133 1134/1134/1134 1135/1135/1135
f 1133/1133/1133 1135/1135/1135 1136/1136/1136
f 1137/1137/1137 1138/1138/1138 1139/1139/1139
f 1137/1137/1137 1139/1139/1139 1140/1140/1140
f 1141/1141/1141 1142/1142/1142 1143/1143/1143
f 1141/1141/1141 1143/1143/1143 1144/1144/1144
f 1145/1145/1145 1146/1146/1146 1147/1147/1147
f 1145/1145/1145 1147/1147/1147 1148/1148/1148
f 1149/1149/1149 1150/1150/1150 1151/1151/1151
f 1149/1149/1149 1151/1151/1151 1152/1152/1152
f 1153/1153/1153 1154/1154/1154 1155/1155/1155
f 1153/1153/1153 1155/1155/1155 1156/1156/1156
f 1157/1157/1157 1158/1158/1158 1159/1159/1159
f 1157/1157/1157 1159/1159/1159 1160/1160/1160
f 1161/1161/1161 1162/1162/1162 1163/1163/1163
f 1161/1161/1161 1163/1163/1163 1164/1164/1164
f 1165/1165/1165 1166/1166/1166 1167/1167/1167
f 1165/1165/1165 1167/1167/1167 1168/1168/1168
f 1169/1169/1169 1170/1170/1170 1171/1171/1171
f 1169/1169/1169 1171/1171/1171 1172/1172/1172
f 1173/1173/1173 1174/1174/1174 1175/1175/1175
f 1173/1173/1173 1175/1175/1175 1176/1176/1176
f 1177/1177/1177 1178/1178/1178 1179/1179/1179
f 1177/1177/1177 1179/1179/1179 1180/1180/1180
f 1181/1181/1181 1182/1182/1182 1183/1183/1183
f 1181/1181/1181 1183/1183/1183 1184/1184/1184
f 1185/1185/1185 1186/1186/1186 1187/1187/1187
f 1185/1185/1185 1187/1187/1187 1188/1188/1188
f 1189/1189/1189 1190/1190/1190 1191/1191/1191
f 1189/1189/1189 1191/1191/1191 1192/1192/1192
f 1193/1193/1193 1194/1194/1194 1195/1195/1195
f 1193/1193/1193 1195/1195/1195 1196/1196/1196
f 1197/1197/1197 1198/1198/1198 1199/1199/1199
f 1197/1197/1197 1199/1199/1199 1200/1200/1200
f 1201/1201/1201 1202/1202/1202 1203/1203/1203
f 1201/1201/1201 1203/1203/1203 1204/1204/1204
f 1205/1205/1205 1206/1206/1206 1207/1207/1207
f 1205/1205/1205 1207/1207/1207 1208/1208/1208
f 1209/1209/1209 1210/1210/1210 1211/1211/1211
f 1209/1209/1209 1211/1211/1211 1212/1212/1212
f 1213/1213/1213 1214/1214/1214 1215/1215/1215
f 1213/1213/1213 1215/1215/1215 1216/1216/1216
f 1217/1217/1217 1218/1218/1218 1219/1219/1219
f 1217/1217/1217 1219/1219/1219 1220/1220/1220
f 1221/1221/1221 1222/1222/1222 1223/1223/1223
f 1221/1221/1221 1223/1223/1223 1224/1224/1224
f 1225/1225/1225 1226/1226/1226 1227/1227/1227
f 1225/1225/1225 1227/1227/1227 1228/1228/1228
f 1229/1229/1229 1230/1230/1230 1231/1231/1231
f 1229/1229/1229 1231/1231/1231 1232/1232/1232
f 1233/1233/1233 1234/1234/1234 1235/1235/1235
f 1233/1233/1233 1235/1235/1235 1236/1236/1236
f 1237/1237/1237 1238/1238/1238 1239/1239/1239
f 1237/1237/1237 1239/1239/1239 1240/1240/1240
f 1241/1241/1241 1242/1242/1242 1243/1243/1243
f 1241/1241/1241 1243/1243/1243 1244/1244/1244
f 1245/1245/1245 1246/1246/1246 1247/1247/1247
f 1245/1245/1245 1247/1247/1247 1248/1248/1248
f 1249/1249/1249 1250/1250/1250 1251/1251/1251
f 1249/1249/1249 1251/1251/1251 1252/1252/1252
f 1253/1253/1253 1254/1254/1254 1255/1255/1255
f 1253/1253/1253 1255/1255/1255 1256/1256/1256
f 1257/1257/1257 1258/1258/1258 1259/1259/1259
f 1257/1257/1257 1259/1259/1259 1260/1260/1260
f 1261/1261/1261 1262/1262/1262 1263/1263/1263
f 1261/1261/1261 1263/1263/1263 1264/1264/1264
f 1265/1265/1265 1266/1266/1266 1267/1267/1267
f 1265/1265/1265 1267/1267/1267 1268/1268/1268
f 1269/1269/1269 1270/1270/1270 1271/1271/1271
f 1269/1269/1269 1271/1271/1271 1272/1272/1272
f 1273/1273/1273 1274/1274/1274 1275/1275/1275
f 1273/1273/1273 1275/1275/1275 1276/1276/1276
f 1277/1277/1277 1278/1278/1278 1279/1279/1279
f 1277/1277/1277 1279/1279/1279 1280/1280/1280
f 1281/1281/1281 1282/1282/1282 1283/1283/1283
f 1281/1281/1281 1283/1283/1283 1284/1284/1284
f 1285/1285/1285 1286/1286/1286 1287/1287/1287
f 1285/1285/1285 1287/1287/1287 1288/1288/1288
f 1289/1289/1289 1290/1290/1290 1291/1291/1291
f 1289/1289/1289 1291/1291/1291 1292/1292/1292
f 1293/1293/1293 1294/1294/1294 1295/1295/1295
f 1293/1293/1293 1295/1295/1295 1296/1296/1296
f 1297/1297/1297 1298/1298/1298 1299/1299/1299
f 1297/1297/1297 1299/1299/1299 1300/1300/1300
f 1301/1301/1301 1302/1302/1302 1303/1303/1303
f 1301/1301/1301 1303/1303/1303 1304/1304/1304
f 1305/1305/1305 1306/1306/1306 1307/1307/1307
f 1305/1305/1305 1307/1307/1307 1308/1308/1308
f 1309/1309/1309 1310/1310/1310 1311/1311/1311
f 1309/1309/1309 1311/1311/1311 1312/1312/1312
f 1313/1313/1313 1314/1314/1314 1315/1315/1315
f 1313/1313/1313 1315/1315/1315 1316/1316/1316
f 1317/1317/1317 1318/1318/1318 1319/1319/1319
f 1317/1317/1317 1319/1319/1319 1320/1320/1320
f 1321/1321/1321 1322/1322/1322 1323/1323/1323
f 1321/1321/1321 1323/1323/1323 1324/1324/1324
f 1325/1325/1325 1326/1326/1326 1327/1327/1327
f 1325/1325/1325 1327/1327/1327 1328/1328/1328
f 1329/1329/1329 1330/1330/1330 1331/1331/1331
f 1329/1329/1329 1331/1331/1331 1332/1332/1332
f 1333/1333/1333 1334/1334/1334 1335/1335/1335
f 1333/1333/1333 1335/1335/1335 1336/1336/1336
f 1337/1337/1337 1338/1338/1338 1339/1339/1339
f 1337/1337/1337 1339/1339/1339 1340/1340/1340
f 1341/1341/1341 1342/1342/1342 1343/1343/1343
f 1341/1341/1341 1343/1343/1343 1344/1344/1344
f 1345/1345/1345 1346/1346/1346 1347/1347/1347
f 1345/1345/1345 1347/1347/1347 1348/1348/1348
f 1349/1349/1349 1350/1350/1350 1351/1351/1351
f 1349/1349/1349 1351/1351/1351 1352/1352/1352
f 1353/1353/1353 1354/1354/1354 1355/1355/1355
f 1353/1353/1353 1355/1355/1355 1356/1356/1356
f 1357/1357/1357 1358/1358/1358 1359/1359/1359
f 1357/1357/1357 1359/1359/1359 1360/1360/1360
f 1361/1361/1361 1362/1362/1362 1363/1363/1363
f 1361/1361/1361 1363/1363/1363 1364/1364/1364
f 1365/1365/1365 1366/1366/1366 1367/1367/1367
f 1365/1365/1365 1367/1367/1367 1368/1368/1368
f 1369/1369/1369 1370/1370/1370 1371/1371/1371
f 1369/1369/1369 1371/1371/1371 1372/1372/1372
f 1373/1373/1373 1374/1374/1374 1375/1375/1375
f 1373/1373/1373 1375/1375/1375 1376/1376/1376
f 1377/1377/1377 1378/1378/1378 1379/1379/1379
f 1377/1377/1377 1379/1379/1379 1380/1380/1380
f 1381/1381/1381 1382/1382/1382 1383/1383/1383
f 1381/1381/1381 1383/1383/1383 1384/1384/1384
f 1385/1385/1385 1386/1386/1386 1387/1387/1387
f 1385/1385/1385 1387/1387/1387 1388/1388/1388
f 1389/1389/1389 1390/1390/1390 1391/1391/1391
f 1389/1389/1389 1391/1391/1391 1392/1392/1392
f 1393/1393/1393 1394/1394/1394 1395/1395/1395
f 1393/1393/1393 1395/1395/1395 1396/1396/1396
f 1397/1397/1397 1398/1398/1398 1399/1399/1399
f 1397/1397/1397 1399/1399/1399 1400/1400/1400
f 1401/1401/1401 1402/1402/1402 1403/1403/1403
f 1401/1401/1401 1403/1403/1403 1404/1404/1404
f 1405/1405/1405 1406/1406/1406 1407/1407/1407
f 1405/1405/1405 1407/1407/1407 1408/1408/1408
f 1409/1409/1409 1410/1410/1410 1411/1411/1411
f 1409/1409/1409 1411/1411/1411 1412/1412/1412
f 1413/1413/1413 1414/1414/1414 1415/1415/1415
f 1413/1413/1413 1415/1415/1415 1416/1416/1416
f 1417/1417/1417 1418/1418/1418 1419/1419/1419
f 1417/1417/1417 1419/1419/1419 1420/1420/1420
f 1421/1421/1421 1422/1422/1422 1423/1423/1423
f 1421/1421/1421 1423/1423/1423 1424/1424/1424
f 1425/1425/1425 1426/1426/1426 1427/1427/1427
f 1425/1425/1425 1427/1427/1427 1428/1428/1428
f 1429/1429/1429 1430/1430/1430 1431/1431/1431
f 1429/1429/1429 1431/1431/1431 1432/1432/1432
f 1433/1433/1433 1434/1434/1434 1435/1435/1435
f 1433/1433/1433 1435/1435/1435 1436/1436/1436
f 1437/1437/1437 1438/1438/1438 1439/1439/1439
f 1437/1437/1437 1439/1439/1439 1440/1440/1440
f 1441/1441/1441 1442/1442/1442 1443/1443/1443
f 1441/1441/1441 1443/1443/1443 1444/1444/1444
f 1445/1445/1445 1446/1446/1446 1447/1447/1447
f 1445/1445/1445 1447/1447/1447 1448/1448/1448
f 1449/1449/1449 1450/1450/1450 1451/1451/1451
f 1449/1449/1449 1451/1451/1451 1452/1452/1452
f 1453/1453/1453 1454/1454/1454 1455/1455/1455
f 1453/1453/1453 1455/1455/1455 1456/1456/1456
f 1457/1457/1457 1458/1458/1458 1459/1459/1459
f 1457/1457/1457 1459/1459/1459 1460/1460/1460
f 1461/1461/1461 1462/1462/1462 1463/1463/1463
f 1461/1461/1461 1463/1463/1463 1464/1464/1464
f 1465/1465/1465 1466/1466/1466 1467/1467/1467
f 1465/1465/1465 1467/1467/1467 1468/1468/1468
f 1469/1469/1469 1470/1470/1470 1471/1471/1471
f 1469/1469/1469 1471/1471/1471 1472/1472/1472
f 1473/1473/1473 1474/1474/1474 1475/1475/1475
f 1473/1473/1473 1475/1475/1475 1476/1476/1476
f 1477/1477/1477 1478/1478/1478 1479/1479/1479
f 1477/1477/1477 1479/1479/1479 1480/1480/1480
f 1481/1481/1481 1482/1482/1482 1483/1483/1483
f 1481/1481/1481 1483/1483/1483 1484/1484/1484
f 1485/1485/1485 1486/1486/1486 1487/1487/1487
f 1485/1485/1485 1487/1487/1487 1488/1488/1488
f 1489/1489/1489 1490/1490/1490 1491/1491/1491
f 1489/1489/1489 1491/1491/1491 1492/1492/1492
f 1493/1493/1493 1494/1494/1494 1495/1495/1495
f 1493/1493/1493 1495/1495/1495 1496/1496/1496
f 1497/1497/1497 1498/1498/1498 1499/1499/1499
f 1497/1497/1497 1499/1499/1499 1500/1500/1500
f 1501/1501/1501 1502/1502/1502 1503/1503/1503
f 1501/1501/1501 1503/1503/1503 1504/1504/1504
f 1505/1505/1505 1506/1506/1506 1507/1507/1507
f 1505/1505/1505 1507/1507/1507 1508/1508/1508
f 1509/1509/1509 1510/1510/1510 1511/1511/1511
f 1509/1509/1509 1511/1511/1511 1512/1512/1512
f 1513/1513/1513 1514/1514/1514 1515/1515/1515
f 1513/1513/1513 1515/1515/1515 1516/1516/1516
f 1517/1517/1517 1518/1518/1518 1519/1519/1519
f 1517/1517/1517 1519/1519/1519 1520/1520/1520
f 1521/1521/1521 1522/1522/1522 1523/1523/1523
f 1521/1521/1521 1523/1523/1523 1524/1524/1524
f 1525/1525/1525 1526/1526/1526 1527/1527/1527
f 1525/1525/1525 1527/1527/1527 1528/1528/1528
f 1529/1529/1529 1530/1530/1530 1531/1531/1531
f 1529/1529/1529 1531/1531/1531 1532/1532/1532
f 1533/1533/1533 1534/1534/1534 1535/1535/1535
f 1533/1533/1533 1535/1535/1535 1536/1536/1536
f 1537/1537/1537 1538/1538/1538 1539/1539/1539
f 1537/1537/1537 1539/1539/1539 1540/1540/1540
f 1541/1541/1541 1542/1542/1542 1543/1543/1543
f 1541/1541/1541 1543/1543/1543 1544/1544/1544
f 1545/1545/1545 1546/1546/1546 1547/1547/1547
f 1545/1545/1545 1547/1547/1547 1548/1548/1548
f 1549/1549/1549 1550/1550/1550 1551/1551/1551
f 1549/1549/1549 1551/1551/1551 1552/1552/1552
f 1553/1553/1553 1554/1554/1554 1555/1555/1555
f 1553/1553/1553 1555/1555/1555 1556/1556/1556
f 1557/1557/1557 1558/1558/1558 1559/1559/1559
f 1557/1557/1557 1559/1559/1559 1560/1560/1560
f 1561/1561/1561 1562/1562/1562 1563/1563/1563
f 1561/1561/1561 1563/1563/1563 1564/1564/1564
f 1565/1565/1565 1566/1566/1566 1567/1567/1567
f 1565/1565/1565 1567/1567/1567 1568/1568/1568
f 1569/1569/1569 1570/1570/1570 1571/1571/1571
f 1569/1569/1569 1571/1571/1571 1572/1572/1572
f 1573/1573/1573 1574/1574/1574 1575/1575/1575
f 1573/1573/1573 1575/1575/1575 1576/1576/1576
f 1577/1577/1577 1578/1578/1578 1579/1579/1579
f 1577/1577/1577 1579/1579/1579 1580/1580/1580
f 1581/1581/1581 1582/1582/1582 1583/1583/1583
f 1581/1581/1581 1583/1583/1583 1584/1584/1584
f 1585/1585/1585 1586/1586/1586 1587/1587/1587
f 1585/1585/1585 1587/1587/1587 1588/1588/1588
f 1589/1589/1589 1590/1590/1590 1591/1591/1591
f 1589/1589/1589 1591/1591/1591 1592/1592/1592
f 1593/1593/1593 1594/1594/1594 1595/1595/1595
f 1593/1593/1593 1595/1595/1595 1596/1596/1596
f 1597/1597/1597 1598/1598/1598 1599/1599/1599
f 1597/1597/1597 1599/1599/1599 1600/1600/1600
f 1601/1601/1601 1602/1602/1602 1603/1603/1603
f 1601/1601/1601 1603/1603/1603 1604/1604/1604
f 1605/1605/1605 1606/1606/1606 1607/1607/1607
f 1605/1605/1605 1607/1607/1607 1608/1608/1608
f 1609/1609/1609 1610/1610/1610 1611/1611/1611
f 1609/1609/1609 1611/1611/1611 1612/1612/1612
f 1613/1613/1613 1614/1614/1614 1615/1615/1615
f 1613/1613/1613 1615/1615/1615 1616/1616/1616
f 1617/1617/1617 1618/1618/1618 1619/1619/1619
f 1617/1617/1617 1619/1619/1619 1620/1620/1620
f 1621/1621/1621 1622/1622/1622 1623/1623/1623
f 1621/1621/1621 1623/1623/1623 1624/1624/1624
f 1625/1625/1625 1626/1626/1626 1627/1627/1627
f 1625/1625/1625 1627/1627/1627 1628/1628/1628
f 1629/1629/1629 1630/1630/1630 1631/1631/1631
f 1629/1629/1629 1631/1631/1631 1632/1632/1632
f 1633/1633/1633 1634/1634/1634 1635/1635/1635
f 1633/1633/1633 1635/1635/1635 1636/1636/1636
f 1637/1637/1637 1638/1638/1638 1639/1639/1639
f 1637/1637/1637 1639/1639/1639 1640/1640/1640
f 1641/1641/1641 1642/1642/1642 1643/1643/1643
f 1641/1641/1641 1643/1643/1643 1644/1644/1644
f 1645/1645/1645 1646/1646/1646 1647/1647/1647
f 1645/1645/1645 1647/1647/1647 1648/1648/1648
f 1649/1649/1649 1650/1650/1650 1651/1651/1651
f 1649/1649/1649 1651/1651/1651 1652/1652/1652
f 1653/1653/1653 1654/1654/1654 1655/1655/1655
f 1653/1653/1653 1655/1655/1655 1656/1656/1656
f 1657/1657/1657 1658/1658/1658 1659/1659/1659
f 1657/1657/1657 1659/1659/1659 1660/1660/1660
f 1661/1661/1661 1662/1662/1662 1663/1663/1663
f 1661/1661/1661 1663/1663/1663 1664/1664/1664
f 1665/1665/1665 1666/1666/1666 1667/1667/1667
f 1665/1665/1665 1667/1667/1667 1668/1668/1668
f 1669/1669/1669 1670/1670/1670 1671/1671/1671
f 1669/1669/1669 1671/1671/1671 1672/1672/1672
f 1673/1673/1673 1674/1674/1674 1675/1675/1675
f 1673/1673/1673 1675/1675/1675 1676/1676/1676
f 1677/1677/1677 1678/1678/1678 1679/1679/1679
f 1677/1677/1677 1679/1679/1679 1680/1680/1680
f 1681/1681/1681 1682/1682/1682 1683/1683/1683
f 1681/1681/1681 1683/1683/1683 1684/1684/1684
f 1685/1685/1685 1686/1686/1686 1687/1687/1687
f 1685/1685/1685 1687/1687/1687 1688/1688/1688
f 1689/1689/1689 1690/1690/1690 1691/1691/1691
f 1689/1689/1689 1691/1691/1691 1692/1692/1692
f 1693/1693/1693 1694/1694/1694 1695/1695/1695
f 1693/1693/1693 1695/1695/1695 1696/1696/1696
f 1697/1697/1697 1698/1698/1698 1699/1699/1699
f 1697/1697/1697 1699/1699/1699 1700/1700/1700
f 1701/1701/1701 1702/1702/1702 1703/1703/1703
f 1701/1701/1701 1703/1703/1703 1704/1704/1704
f 1705/1705/1705 1706/1706/1706 1707/1707/1707
f 1705/1705/1705 1707/1707/1707 1708/1708/1708
f 1709/1709/1709 1710/1710/1710 1711/1711/1711
f 1709/1709/1709 1711/1711/1711 1712/1712/1712
f 1713/1713/1713 1714/1714/1714 1715/1715/1715
f 1713/1713/1713 1715/1715/1715 1716/1716/1716
f 1717/1717/1717 1718/1718/1718 1719/1719/1719
f 1717/1717/1717 1719/1719/1719 1720/1720/1720
f 1721/1721/1721 1722/1722/1722 1723/1723/1723
f 1721/1721/1721 1723/1723/1723 1724/1724/1724
f 1725/1725/1725 1726/1726/1726 1727/1727/1727
f 1725/1725/1725 1727/1727/1727 1728/1728/1728
f 1729/1729/1729 1730/1730/1730 1731/1731/1731
f 1729/1729/1729 1731/1731/1731 1732/1732/1732
f 1733/1733/1733 1734/1734/1734 1735/1735/1735
f 1733/1733/1733 1735/1735/1735 1736/1736/1736
f 1737/1737/1737 1738/1738/1738 1739/1739/1739
f 1737/1737/1737 1739/1739/1739 1740/1740/1740
f 1741/1741/1741 1742/1742/1742 1743/1743/1743
f 1741/1741/1741 1743/1743/1743 1744/1744/1744
f 1745/1745/1745 1746/1746/1746 1747/1747/1747
f 1745/1745/1745 1747/1747/1747 1748/1748/1748
f 1749/1749/1749 1750/1750/1750 1751/1751/1751
f 1749/1749/1749 1751/1751/1751 1752/1752/1752
f 1753/1753/1753 1754/1754/1754 1755/1755/1755
f 1753/1753/1753 1755/1755/1755 1756/1756/1756
f 1757/1757/1757 1758/1758/1758 1759/1759/1759
f 1757/1757/1757 1759/1759/1759 1760/1760/1760
f 1761/1761/1761 1762/1762/1762 1763/1763/1763
f 1761/1761/1761 1763/1763/1763 1764/1764/1764
f 1765/1765/1765 1766/1766/1766 1767/1767/1767
f 1765/1765/1765 1767/1767/1767 1768/1768/1768
f 1769/1769/1769 1770/1770/1770 1771/1771/1771
f 1769/1769/1769 1771/1771/1771 1772/1772/1772
f 1773/1773/1773 1774/1774/1774 1775/1775/1775
f 1773/1773/1773 1775/1775/1775 1776/1776/1776
f 1777/1777/1777 1778/1778/1778 1779/1779/1779
f 1777/1777/1777 1779/1779/1779 1780/1780/1780
f 1781/1781/1781 1782/1782/1782 1783/1783/1783
f 1781/1781/1781 1783/1783/1783 1784/1784/1784
f 1785/1785/1785 1786/1786/1786 1787/1787/1787
f 1785/1785/1785 1787/1787/1787 1788/1788/1788
f 1789/1789/1789 1790/1790/1790 1791/1791/1791
f 1789/1789/1789 1791/1791/1791 1792/1792/1792
f 1793/1793/1793 1794/1794/1794 1795/1795/1795
f 1793/1793/1793 1795/1795/1795 1796/1796/1796
f 1797/1797/1797 1798/1798/1798 1799/1799/1799
f 1797/1797/1797 1799/1799/1799 1800/1800/1800
f 1801/1801/1801 1802/1802/1802 1803/1803/1803
f 1801/1801/1801 1803/1803/1803 1804/1804/1804
f 1805/1805/1805 1806/1806/1806 1807/1807/1807
f 1805/1805/1805 1807/1807/1807 1808/1808/1808
f 1809/1809/1809 1810/1810/1810 1811/1811/1811
f 1809/1809/1809 1811/1811/1811 1812/1812/1812
f 1813/1813/1813 1814/1814/1814 1815/1815/1815
f 1813/1813/1813 1815/1815/1815 1816/1816/1816
f 1817/1817/1817 1818/1818/1818 1819/1819/1819
f 1817/1817/1817 1819/1819/1819 1820/1820/1820
f 1821/1821/1821 1822/1822/1822 1823/1823/1823
f 1821/1821/1821 1823/1823/1823 1824/1824/1824
f 1825/1825/1825 1826/1826/1826 1827/1827/1827
f 1825/1825/1825 1827/1827/1827 1828/1828/1828
f 1829/1829/1829 1830/1830/1830 1831/1831/1831
f 1829/1829/1829 1831/1831/1831 1832/1832/1832
f 1833/1833/1833 1834/1834/1834 1835/1835/1835
f 1833/1833/1833 1835/1835/1835 1836/1836/1836
f 1837/1837/1837 1838/1838/1838 1839/1839/1839
f 1837/1837/1837 1839/1839/1839 1840/1840/1840
f 1841/1841/1841 1842/1842/1842 1843/1843/1843
f 1841/1841/1841 1843/1843/1843 1844/1844/1844
f 1845/1845/1845 1846/1846/1846 1847/1847/1847
f 1845/1845/1845 1847/1847/1847 1848/1848/1848
f 1849/1849/1849 1850/1850/1850 1851/1851/1851
f 1849/1849/1849 1851/1851/1851 1852/1852/1852
f 1853/1853/1853 1854/1854/1854 1855/1855/1855
f 1853/1853/1853 1855/1855/1855 1856/1856/1856
f 1857/1857/1857 1858/1858/1858 1859/1859/1859
f 1857/1857/1857 1859/1859/1859 1860/1860/1860
f 1861/1861/1861 1862/1862/1862 1863/1863/1863
f 1861/1861/1861 1863/1863/1863 1864/1864/1864
f 1865/1865/1865 1866/1866/1866 1867/1867/1867
f 1865/1865/1865 1867/1867/1867 1868/1868/1868
f 1869/1869/1869 1870/1870/1870 1871/1871/1871
f 1869/1869/1869 1871/1871/1871 1872/1872/1872
f 1873/1873/1873 1874/1874/1874 1875/1875/1875
f 1873/1873/1873 1875/1875/1875 1876/1876/1876
f 1877/1877/1877 1878/1878/1878 1879/1879/1879
f 1877/1877/1877 1879/1879/1879 1880/1880/1880
f 1881/1881/1881 1882/1882/1882 1883/1883/1883
f 1881/1881/1881 1883/1883/1883 1884/1884/1884
f 1885/1885/1885 1886/1886/1886 1887/1887/1887
f 1885/1885/1885 1887/1887/1887 1888/1888/1888
f 1889/1889/1889 1890/1890/1890 1891/1891/1891
f 1889/1889/1889 1891/1891/1891 1892/1892/1892
f 1893/1893/1893 1894/1894/1894 1895/1895/1895
f 1893/1893/1893 1895/1895/1895 1896/1896/1896
f 1897/1897/1897 1898/1898/1898 1899/1899/1899
f 1897/1897/1897 1899/1899/1899 1900/1900/1900
f 1901/1901/1901 1902/1902/1902 1903/1903/1903
f 1901/1901/1901 1903/1903/1903 1904/1904/1904
f 1905/1905/1905 1906/1906/1906 1907/1907/1907
f 1905/1905/1905 1907/1907/1907 1908/1908/1908
f 1909/1909/1909 1910/1910/1910 1911/1911/1911
f 1909/1909/1909 1911/1911/1911 1912/1912/1912
f 1913/1913/1913 1914/1914/1914 1915/1915/1915
f 1913/1913/1913 1915/1915/1915 1916/1916/1916
f 1917/1917/1917 1918/1918/1918 1919/1919/1919
f 1917/1917/1917 1919/1919/1919 1920/1920/1920
f 1921/1921/1921 1922/1922/1922 1923/1923/1923
f 1921/1921/1921 1923/1923/1923 1924/1924/1924
f 1925/1925/1925 1926/1926/1926 1927/1927/1927
f 1925/1925/1925 1927/1927/1927 1928/1928/1928
f 1929/1929/1929 1930/1930/1930 1931/1931/1931
f 1929/1929/1929 1931/1931/1931 1932/1932/1932
f 1933/1933/1933 1934/1934/1934 1935/1935/1935
f 1933/1933/1933 1935/1935/1935 1936/1936/1936
f 1937/1937/1937 1938/1938/1938 1939/1939/1939
f 1937/1937/1937 1939/1939/1939 1940/1940/1940
f 1941/1941/1941 1942/1942/1942 1943/1943/1943
f 1941/1941/1941 1943/1943/1943 1944/1944/1944
f 1945/1945/1945 1946/1946/1946 1947/1947/1947
f 1945/1945/1945 1947/1947/1947 1948/1948/1948
f 1949/1949/1949 1950/1950/1950 1951/1951/1951
f 1949/1949/1949 1951/1951/1951 1952/1952/1952
f 1953/1953/1953 1954/1954/1954 1955/1955/1955
f 1953/1953/1953 1955/1955/1955 1956/1956/1956
f 1957/1957/1957 1958/1958/1958 1959/1959/1959
f 1957/1957/1957 1959/1959/1959 1960/1960/1960
f 1961/1961/1961 1962/1962/1962 1963/1963/1963
f 1961/1961/1961 1963/1963/1963 1964/1964/1964
f 1965/1965/1965 1966/1966/1966 1967/1967/1967
f 1965/1965/1965 1967/1967/1967 1968/1968/1968
f 1969/1969/1969 1970/1970/1970 1971/1971/1971
f 1969/1969/1969 1971/1971/1971 1972/1972/1972
f 1973/1973/1973 1974/1974/1974 1975/1975/1975
f 1973/1973/1973 1975/1975/1975 1976/1976/1976
f 1977/1977/1977 1978/1978/1978 1979/1979/1979
f 1977/1977/1977 1979/1979/1979 1980/1980/1980
f 1981/1981/1981 1982/1982/1982 1983/1983/1983
f 1981/1981/1981 1983/1983/1983 1984/1984/1984
f 1985/1985/1985 1986/1986/1986 1987/1987/1987
f 1985/1985/1985 1987/1987/1987 1988/1988/1988
f 1989/1989/1989 1990/1990/1990 1991/1991/1991
f 1989/1989/1989 1991/1991/1991 1992/1992/1992
f 1993/1993/1993 1994/1994/1994 1995/1995/1995
f 1993/1993/1993 1995/1995/1995 1996/1996/1996
f 1997/1997/1997 1998/1998/1998 1999/1999/1999
f 1997/1997/1997 1999/1999/1999 2000/2000/2000
f 2001/2001/2001 2002/2002/2002 2003/2003/2003
f 2001/2001/2001 2003/2003/2003 2004/2004/2004
f 2005/2005/2005 2006/2006/2006 2007/2007/2007
f 2005/2005/2005 2007/2007/2007 2008/2008/2008
f 2009/2009/2009 2010/2010/2010 2011/2011/2011
f 2009/2009/2009 2011/2011/2011 2012/2012/2012
f 2013/2013/2013 2014/2014/2014 2015/2015/2015
f 2013/2013/2013 2015/2015/2015 2016/2016/2016
f 2017/2017/2017 2018/2018/2018 2019/2019/2019
f 2017/2017/2017 2019/2019/2019 2020/2020/2020
f 2021/2021/2021 2022/2022/2022 2023/2023/2023
f 2021/2021/2021 2023/2023/2023 2024/2024/2024
f 2025/2025/2025 2026/2026/2026 2027/2027/2027
f 2025/2025/2025 2027/2027/2027 2028/2028/2028
f 2029/2029/2029 2030/2030/2030 2031/2031/2031
f 2029/2029/2029 2031/2031/2031 2032/2032/2032
f 2033/2033/2033 2034/2034/2034 2035/2035/2035
f 2033/2033/2033 2035/2035/2035 2036/2036/2036
f 2037/2037/2037 2038/2038/2038 2039/2039/2039
f 2037/2037/2037 2039/2039/2039 2040/2040/2040
f 2041/2041/2041 2042/2042/2042 2043/2043/2043
f 2041/2041/2041 2043/2043/2043 2044/2044/2044
f 2045/2045/2045 2046/2046/2046 2047/2047/2047
f 2045/2045/2045 2047/2047/2047 2048/2048/2048
f 2049/2049/2049 2050/2050/2050 2051/2051/2051
f 2049/2049/2049 2051/2051/2051 2052/2052/2052
f 2053/2053/2053 2054/2054/2054 2055/2055/2055
f 2053/2053/2053 2055/2055/2055 2056/2056/2056
f 2057/2057/2057 2058/2058/2058 2059/2059/2059
f 2057/2057/2057 2059/2059/2059 2060/2060/2060
f 2061/2061/2061 2062/2062/2062 2063/2063/2063
f 2061/2061/2061 2063/2063/2063 2064/2064/2064
f 2065/2065/2065 2066/2066/2066 2067/2067/2067
f 2065/2065/2065 2067/2067/2067 2068/2068/2068
f 2069/2069/2069 2070/2070/2070 2071/2071/2071
f 2069/2069/2069 2071/2071/2071 2072/2072/2072
f 2073/2073/2073 2074/2074/2074 2075/2075/2075
f 2073/2073/2073 2075/2075/2075 2076/2076/2076
f 2077/2077/2077 2078/2078/2078 2079/2079/2079
f 2077/2077/2077 2079/2079/2079 2080/2080/2080
f 2081/2081/2081 2082/2082/2082 2083/2083/2083
f 2081/2081/2081 2083/2083/2083 2084/2084/2084
f 2085/2085/2085 2086/2086/2086 2087/2087/2087
f 2085/2085/2085 2087/2087/2087 2088/2088/2088
f 2089/2089/2089 2090/2090/2090 2091/2091/2091
f 2089/2089/2089 2091/2091/2091 2092/2092/2092
f 2093/2093/2093 2094/2094/2094 2095/2095/2095
f 2093/2093/2093 2095/2095/2095 2096/2096/2096
f 2097/2097/2097 2098/2098/2098 2099/2099/2099
f 2097/2097/2097 2099/2099/2099 2100/2100/2100
f 2101/2101/2101 2102/2102/2102 2103/2103/2103
f 2101/2101/2101 2103/2103/2103 2104/2104/2104
f 2105/2105/2105 2106/2106/2106 2107/2107/2107
f 2105/2105/2105 2107/2107/2107 2108/2108/2108
f 2109/2109/2109 2110/2110/2110 2111/2111/2111
f 2109/2109/2109 2111/2111/2111 2112/2112/2112
f 2113/2113/2113 2114/2114/2114 2115/2115/2115
f 2113/2113/2113 2115/2115/2115 2116/2116/2116
f 2117/2117/2117 2118/2118/2118 2119/2119/2119
f 2117/2117/2117 2119/2119/2119 2120/2120/2120
f 2121/2121/2121 2122/2122/2122 2123/2123/2123
f 2121/2121/2121 2123/2123/2123 2124/2124/2124
f 2125/2125/2125 2126/2126/2126 2127/2127/2127
f 2125/2125/2125 2127/2127/2127 2128/2128/2128
f 2129/2129/2129 2130/2130/2130 2131/2131/2131
f 2129/2129/2129 2131/2131/2131 2132/2132/2132
f 2133/2133/2133 2134/2134/2134 2135/2135/2135
f 2133/2133/2133 2135/2135/2135 2136/2136/2136
f 2137/2137/2137 2138/2138/2138 2139/2139/2139
f 2137/2137/2137 2139/2139/2139 2140/2140/2140
f 2141/2141/2141 2142/2142/2142 2143/2143/2143
f 2141/2141/2141 2143/2143/2143 2144/2144/2144
f 2145/2145/2145 2146/2146/2146 2147/2147/2147
f 2145/2145/2145 2147/2147/2147 2148/2148/2148
f 2149/2149/2149 2150/2150/2150 2151/2151/2151
f 2149/2149/2149 2151/2151/2151 2152/2152/2152
f 2153/2153/2153 2154/2154/2154 2155/2155/2155
f 2153/2153/2153 2155/2155/2155 2156/2156/2156
f 2157/2157/2157 2158/2158/2158 2159/2159/2159
f 2157/2157/2157 2159/2159/2159 2160/2160/2160
f 2161/2161/2161 2162/2162/2162 2163/2163/2163
f 2161/2161/2161 2163/2163/2163 2164/2164/2164
f 2165/2165/2165 2166/2166/2166 2167/2167/2167
f 2165/2165/2165 2167/2167/2167 2168/2168/2168
f 2169/2169/2169 2170/2170/2170 2171/2171/2171
f 2169/2169/2169 2171/2171/2171 2172/2172/2172
f 2173/2173/2173 2174/2174/2174 2175/2175/2175
f 2173/2173/2173 2175/2175/2175 2176/2176/2176
f 2177/2177/2177 2178/2178/2178 2179/2179/2179
f 2177/2177/2177 2179/2179/2179 2180/2180/2180
f 2181/2181/2181 2182/2182/2182 2183/2183/2183
f 2181/2181/2181 2183/2183/2183 2184/2184/2184
f 2185/2185/2185 2186/2186/2186 2187/2187/2187
f 2185/2185/2185 2187/2187/2187 2188/2188/2188
f 2189/2189/2189 2190/2190/2190 2191/2191/2191
f 2189/2189/2189 2191/2191/2191 2192/2192/2192
f 2193/2193/2193 2194/2194/2194 2195/2195/2195
f 2193/2193/2193 2195/2195/2195 2196/2196/2196
f 2197/2197/2197 2198/2198/2198 2199/2199/2199
f 2197/2197/2197 2199/2199/2199 2200/2200/2200
f 2201/2201/2201 2202/2202/2202 2203/2203/2203
f 2201/2201/2201 2203/2203/2203 2204/2204/2204
f 2205/2205/2205 2206/2206/2206 2207/2207/2207
f 2205/2205/2205 2207/2207/2207 2208/2208/2208
f 2209/2209/2209 2210/2210/2210 2211/2211/2211
f 2209/2209/2209 2211/2211/2211 2212/2212/2212
f 2213/2213/2213 2214/2214/2214 2215/2215/2215
f 2213/2213/2213 2215/2215/2215 2216/2216/2216
f 2217/2217/2217 2218/2218/2218 2219/2219/2219
f 2217/2217/2217 2219/2219/2219 2220/2220/2220
f 2221/2221/2221 2222/2222/2222 2223/2223/2223
f 2221/2221/2221 2223/2223/2223 2224/2224/2224
f 2225/2225/2225 2226/2226/2226 2227/2227/2227
f 2225/2225/2225 2227/2227/2227 2228/2228/2228
f 2229/2229/2229 2230/2230/2230 2231/2231/2231
f 2229/2229/2229 2231/2231/2231 2232/2232/2232
f 2233/2233/2233 2234/2234/2234 2235/2235/2235
f 2233/2233/2233 2235/2235/2235 2236/2236/2236
f 2237/2237/2237 2238/2238/2238 2239/2239/2239
f 2237/2237/2237 2239/2239/2239 2240/2240/2240
f 2241/2241/2241 2242/2242/2242 2243/2243/2243
f 2241/2241/2241 2243/2243/2243 2244/2244/2244
f 2245/2245/2245 2246/2246/2246 2247/2247/2247
f 2245/2245/2245 2247/2247/2247 2248/2248/2248
f 2249/2249/2249 2250/2250/2250 2251/2251/2251
f 2249/2249/2249 2251/2251/2251 2252/2252/2252
f 2253/2253/2253 2254/2254/2254 2255/2255/2255
f 2253/2253/2253 2255/2255/2255 2256/2256/2256
f 2257/2257/2257 2258/2258/2258 2259/2259/2259
f 2257/2257/2257 2259/2259/2259 2260/2260/2260
f 2261/2261/2261 2262/2262/2262 2263/2263/2263
f 2261/2261/2261 2263/2263/2263 2264/2264/2264
f 2265/2265/2265 2266/2266/2266 2267/2267/2267
f 2265/2265/2265 2267/2267/2267 2268/2268/2268
f 2269/2269/2269 2270/2270/2270 2271/2271/2271
f 2269/2269/2269 2271/2271/2271 2272/2272/2272
f 2273/2273/2273 2274/2274/2274 2275/2275/2275
f 2273/2273/2273 2275/2275/2275 2276/2276/2276
f 2277/2277/2277 2278/2278/2278 2279/2279/2279
f 2277/2277/2277 2279/2279/2279 2280/2280/2280
f 2281/2281/2281 2282/2282/2282 2283/2283/2283
f 2281/2281/2281 2283/2283/2283 2284/2284/2284
f 2285/2285/2285 2286/2286/2286 2287/2287/2287
f 2285/2285/2285 2287/2287/2287 2288/2288/2288
f 2289/2289/2289 2290/2290/2290 2291/2291/2291
f 2289/2289/2289 2291/2291/2291 2292/2292/2292
f 2293/2293/2293 2294/2294/2294 2295/2295/2295
f 2293/2293/2293 2295/2295/2295 2296/2296/2296
f 2297/2297/2297 2298/2298/2298 2299/2299/2299
f 2297/2297/2297 2299/2299/2299 2300/2300/2300
f 2301/2301/2301 2302/2302/2302 2303/2303/2303
f 2301/2301/2301 2303/2303/2303 2304/2304/2304
f 2305/2305/2305 2306/2306/2306 2307/2307/2307
f 2305/2305/2305 2307/2307/2307 2308/2308/2308
f 2309/2309/2309 2310/2310/2310 2311/2311/2311
f 2309/2309/2309 2311/2311/2311 2312/2312/2312
f 2313/2313/2313 2314/2314/2314 2315/2315/2315
f 2313/2313/2313 2315/2315/2315 2316/2316/2316
f 2317/2317/2317 2318/2318/2318 2319/2319/2319
f 2317/2317/2317 2319/2319/2319 2320/2320/2320
f 2321/2321/2321 2322/2322/2322 2323/2323/2323
f 2321/2321/2321 2323/2323/2323 2324/2324/2324
f 2325/2325/2325 2326/2326/2326 2327/2327/2327
f 2325/2325/2325 2327/2327/2327 2328/2328/2328
f 2329/2329/2329 2330/2330/2330 2331/2331/2331
f 2329/2329/2329 2331/2331/2331 2332/2332/2332
f 2333/2333/2333 2334/2334/2334 2335/2335/2335
f 2333/2333/2333 2335/2335/2335 2336/2336/2336
f 2337/2337/2337 2338/2338/2338 2339/2339/2339
f 2337/2337/2337 2339/2339/2339 2340/2340/2340
f 2341/2341/2341 2342/2342/2342 2343/2343/2343
f 2341/2341/2341 2343/2343/2343 2344/2344/2344
f 2345/2345/2345 2346/2346/2346 2347/2347/2347
f 2345/2345/2345 2347/2347/2347 2348/2348/2348
f 2349/2349/2349 2350/2350/2350 2351/2351/2351
f 2349/2349/2349 2351/2351/2351 2352/2352/2352
f 2353/2353/2353 2354/2354/2354 2355/2355/2355
f 2353/2353/2353 2355/2355/2355 2356/2356/2356
f 2357/2357/2357 2358/2358/2358 2359/2359/2359
f 2357/2357/2357 2359/2359/2359 2360/2360/2360
f 2361/2361/2361 2362/2362/2362 2363/2363/2363
f 2361/2361/2361 2363/2363/2363 2364/2364/2364
f 2365/2365/2365 2366/2366/2366 2367/2367/2367
f 2365/2365/2365 2367/2367/2367 2368/2368/2368
f 2369/2369/2369 2370/2370/2370 2371/2371/2371
f 2369/2369/2369 2371/2371/2371 2372/2372/2372
f 2373/2373/2373 2374/2374/2374 2375/2375/2375
f 2373/2373/2373 2375/2375/2375 2376/2376/2376
f 2377/2377/2377 2378/2378/2378 2379/2379/2379
f 2377/2377/2377 2379/2379/2379 2380/2380/2380
f 2381/2381/2381 2382/2382/2382 2383/2383/2383
f 2381/2381/2381 2383/2383/2383 2384/2384/2384
f 2385/2385/2385 2386/2386/2386 2387/2387/2387
f 2385/2385/2385 2387/2387/2387 2388/2388/2388
f 2389/2389/2389 2390/2390/2390 2391/2391/2391
f 2389/2389/2389 2391/2391/2391 2392/2392/2392
f 2393/2393/2393 2394/2394/2394 2395/2395/2395
f 2393/2393/2393 2395/2395/2395 2396/2396/2396
f 2397/2397/2397 2398/2398/2398 2399/2399/2399
f 2397/2397/2397 2399/2399/2399 2400/2400/2400
f 2401/2401/2401 2402/2402/2402 2403/2403/2403
f 2401/2401/2401 2403/2403/2403 2404/2404/2404
f 2405/2405/2405 2406/2406/2406 2407/2407/2407
f 2405/2405/2405 2407/2407/2407 2408/2408/2408
f 2409/2409/2409 2410/2410/2410 2411/2411/2411
f 2409/2409/2409 2411/2411/2411 2412/2412/2412
f 2413/2413/2413 2414/2414/2414 2415/2415/2415
f 2413/2413/2413 2415/2415/2415 2416/2416/2416
f 2417/2417/2417 2418/2418/2418 2419/2419/2419
f 2417/2417/2417 2419/2419/2419 2420/2420/2420
f 2421/2421/2421 2422/2422/2422 2423/2423/2423
f 2421/2421/2421 2423/2423/2423 2424/2424/2424
f 2425/2425/2425 2426/2426/2426 2427/2427/2427
f 2425/2425/2425 2427/2427/2427 2428/2428/2428
f 2429/2429/2429 2430/2430/2430 2431/2431/2431
f 2429/2429/2429 2431/2431/2431 2432/2432/2432
f 2433/2433/2433 2434/2434/2434 2435/2435/2435
f 2433/2433/2433 2435/2435/2435 2436/2436/2436
f 2437/2437/2437 2438/2438/2438 2439/2439/2439
f 2437/2437/2437 2439/2439/2439 2440/2440/2440
f 2441/2441/2441 2442/2442/2442 2443/2443/2443
f 2441/2441/2441 2443/2443/2443 2444/2444/2444
f 2445/2445/2445 2446/2446/2446 2447/2447/2447
f 2445/2445/2445 2447/2447/2447 2448/2448/2448
f 2449/2449/2449 2450/2450/2450 2451/2451/2451
f 2449/2449/2449 2451/2451/2451 2452/2452/2452
f 2453/2453/2453 2454/2454/2454 2455/2455/2455
f 2453/2453/2453 2455/2455/2455 2456/2456/2456
f 2457/2457/2457 2458/2458/2458 2459/2459/2459
f 2457/2457/2457 2459/2459/2459 2460/2460/2460
f 2461/2461/2461 2462/2462/2462 2463/2463/2463
f 2461/2461/2461 2463/2463/2463 2464/2464/2464
f 2465/2465/2465 2466/2466/2466 2467/2467/2467
f 2465/2465/2465 2467/2467/2467 2468/2468/2468
f 2469/2469/2469 2470/2470/2470 2471/2471/2471
f 2469/2469/2469 2471/2471/2471 2472/2472/2472
f 2473/2473/2473 2474/2474/2474 2475/2475/2475
f 2473/2473/2473 2475/2475/2475 2476/2476/2476
f 2477/2477/2477 2478/2478/2478 2479/2479/2479
f 2477/2477/2477 2479/2479/2479 2480/2480/2480
f 2481/2481/2481 2482/2482/2482 2483/2483/2483
f 2481/2481/2481 2483/2483/2483 2484/2484/2484
f 2485/2485/2485 2486/2486/2486 2487/2487/2487
f 2485/2485/2485 2487/2487/2487 2488/2488/2488
f 2489/2489/2489 2490/2490/2490 2491/2491/2491
f 2489/2489/2489 2491/2491/2491 2492/2492/2492
f 2493/2493/2493 2494/2494/2494 2495/2495/2495
f 2493/2493/2493 2495/2495/2495 2496/2496/2496
f 2497/2497/2497 2498/2498/2498 2499/2499/2499
f 2497/2497/2497 2499/2499/2499 2500/2500/2500
f 2501/2501/2501 2502/2502/2502 2503/2503/2503
f 2501/2501/2501 2503/2503/2503 2504/2504/2504
f 2505/2505/2505 2506/2506/2506 2507/2507/2507
f 2505/2505/2505 2507/2507/2507 2508/2508/2508
f 2509/2509/2509 2510/2510/2510 2511/2511/2511
f 2509/2509/2509 2511/2511/2511 2512/2512/2512
f 2513/2513/2513 2514/2514/2514 2515/2515/2515
f 2513/2513/2513 2515/2515/2515 2516/2516/2516
f 2517/2517/2517 2518/2518/2518 2519/2519/2519
f 2517/2517/2517 2519/2519/2519 2520/2520/2520
f 2521/2521/2521 2522/2522/2522 2523/2523/2523
f 2521/2521/2521 2523/2523/2523 2524/2524/2524
f 2525/2525/2525 2526/2526/2526 2527/2527/2527
f 2525/2525/2525 2527/2527/2527 2528/2528/2528
f 2529/2529/2529 2530/2530/2530 2531/2531/2531
f 2529/2529/2529 2531/2531/2531 2532/2532/2532
f 2533/2533/2533 2534/2534/2534 2535/2535/2535
f 2533/2533/2533 2535/2535/2535 2536/2536/2536
f 2537/2537/2537 2538/2538/2538 2539/2539/2539
f 2537/2537/2537 2539/2539/2539 2540/2540/2540
f 2541/2541/2541 2542/2542/2542 2543/2543/2543
f 2541/2541/2541 2543/2543/2543 2544/2544/2544
f 2545/2545/2545 2546/2546/2546 2547/2547/2547
f 2545/2545/2545 2547/2547/2547 2548/2548/2548
f 2549/2549/2549 2550/2550/2550 2551/2551/2551
f 2549/2549/2549 2551/2551/2551 2552/2552/2552
f 2553/2553/2553 2554/2554/2554 2555/2555/2555
f 2553/2553/2553 2555/2555/2555 2556/2556/2556
f 2557/2557/2557 2558/2558/2558 2559/2559/2559
f 2557/2557/2557 2559/2559/2559 2560/2560/2560
f 2561/2561/2561 2562/2562/2562 2563/2563/2563
f 2561/2561/2561 2563/2563/2563 2564/2564/2564
f 2565/2565/2565 2566/2566/2566 2567/2567/2567
f 2565/2565/2565 2567/2567/2567 2568/2568/2568
f 2569/2569/2569 2570/2570/2570 2571/2571/2571
f 2569/2569/2569 2571/2571/2571 2572/2572/2572
f 2573/2573/2573 2574/2574/2574 2575/2575/2575
f 2573/2573/2573 2575/2575/2575 2576/2576/2576
f 2577/2577/2577 2578/2578/2578 2579/2579/2579
f 2577/2577/2577 2579/2579/2579 2580/2580/2580
f 2581/2581/2581 2582/2582/2582 2583/2583/2583
f 2581/2581/2581 2583/2583/2583 2584/2584/2584
f 2585/2585/2585 2586/2586/2586 2587/2587/2587
f 2585/2585/2585 2587/2587/2587 2588/2588/2588
f 2589/2589/2589 2590/2590/2590 2591/2591/2591
f 2589/2589/2589 2591/2591/2591 2592/2592/2592
f 2593/2593/2593 2594/2594/2594 2595/2595/2595
f 2593/2593/2593 2595/2595/2595 2596/2596/2596
f 2597/2597/2597 2598/2598/2598 2599/2599/2599
f 2597/2597/2597 2599/2599/2599 2600/2600/2600
f 2601/2601/2601 2602/2602/2602 2603/2603/2603
f 2601/2601/2601 2603/2603/2603 2604/2604/2604
f 2605/2605/2605 2606/2606/2606 2607/2607/2607
f 2605/2605/2605 2607/2607/2607 2608/2608/2608
f 2609/2609/2609 2610/2610/2610 2611/2611/2611
f 2609/2609/2609 2611/2611/2611 2612/2612/2612
f 2613/2613/2613 2614/2614/2614 2615/2615/2615
f 2613/2613/2613 2615/2615/2615 2616/2616/2616
f 2617/2617/2617 2618/2618/2618 2619/2619/2619
f 2617/2617/2617 2619/2619/2619 2620/2620/2620
f 2621/2621/2621 2622/2622/2622 2623/2623/2623
f 2621/2621/2621 2623/2623/2623 2624/2624/2624
f 2625/2625/2625 2626/2626/2626 2627/2627/2627
f 2625/2625/2625 2627/2627/2627 2628/2628/2628
f 2629/2629/2629 2630/2630/2630 2631/2631/2631
f 2629/2629/2629 2631/2631/2631 2632/2632/2632
f 2633/2633/2633 2634/2634/2634 2635/2635/2635
f 2633/2633/2633 2635/2635/2635 2636/2636/2636
f 2637/2637/2637 2638/2638/2638 2639/2639/2639
f 2637/2637/2637 2639/2639/2639 2640/2640/2640
f 2641/2641/2641 2642/2642/2642 2643/2643/2643
f 2641/2641/2641 2643/2643/2643 2644/2644/2644
f 2645/2645/2645 2646/2646/2646 2647/2647/2647
f 2645/2645/2645 2647/2647/2647 2648/2648/2648
f 2649/2649/2649 2650/2650/2650 2651/2651/2651
f 2649/2649/2649 2651/2651/2651 2652/2652/2652
f 2653/2653/2653 2654/2654/2654 2655/2655/2655
f 2653/2653/2653 2655/2655/2655 2656/2656/2656
f 2657/2657/2657 2658/2658/2658 2659/2659/2659
f 2657/2657/2657 2659/2659/2659 2660/2660/2660
f 2661/2661/2661 2662/2662/2662 2663/2663/2663
f 2661/2661/2661 2663/2663/2663 2664/2664/2664
f 2665/2665/2665 2666/2666/2666 2667/2667/2667
f 2665/2665/2665 2667/2667/2667 2668/2668/2668
f 2669/2669/2669 2670/2670/2670 2671/2671/2671
f 2669/2669/2669 2671/2671/2671 2672/2672/2672
f 2673/2673/2673 2674/2674/2674 2675/2675/2675
f 2673/2673/2673 2675/2675/2675 2676/2676/2676
f 2677/2677/2677 2678/2678/2678 2679/2679/2679
f 2677/2677/2677 2679/2679/2679 2680/2680/2680
f 2681/2681/2681 2682/2682/2682 2683/2683/2683
f 2681/2681/2681 2683/2683/2683 2684/2684/2684
f 2685/2685/2685 2686/2686/2686 2687/2687/2687
f 2685/2685/2685 2687/2687/2687 2688/2688/2688
f 2689/2689/2689 2690/2690/2690 2691/2691/2691
f 2689/2689/2689 2691/2691/2691 2692/2692/2692
f 2693/2693/2693 2694/2694/2694 2695/2695/2695
f 2693/2693/2693 2695/2695/2695 2696/2696/2696
f 2697/2697/2697 2698/2698/2698 2699/2699/2699
f 2697/2697/2697 2699/2699/2699 2700/2700/2700
f 2701/2701/2701 2702/2702/2702 2703/2703/2703
f 2701/2701/2701 2703/2703/2703 2704/2704/2704
f 2705/2705/2705 2706/2706/2706 2707/2707/2707
f 2705/2705/2705 2707/2707/2707 2708/2708/2708
f 2709/2709/2709 2710/2710/2710 2711/2711/2711
f 2709/2709/2709 2711/2711/2711 2712/2712/2712
f 2713/2713/2713 2714/2714/2714 2715/2715/2715
f 2713/2713/2713 2715/2715/2715 2716/2716/2716
f 2717/2717/2717 2718/2718/2718 2719/2719/2719
f 2717/2717/2717 2719/2719/2719 2720/2720/2720
f 2721/2721/2721 2722/2722/2722 2723/2723/2723
f 2721/2721/2721 2723/2723/2723 2724/2724/2724
f 2725/2725/2725 2726/2726/2726 2727/2727/2727
f 2725/2725/2725 2727/2727/2727 2728/2728/2728
f 2729/2729/2729 2730/2730/2730 2731/2731/2731
f 2729/2729/2729 2731/2731/2731 2732/2732/2732
f 2733/2733/2733 2734/2734/2734 2735/2735/2735
f 2733/2733/2733 2735/2735/2735 2736/2736/2736
f 2737/2737/2737 2738/2738/2738 2739/2739/2739
f 2737/2737/2737 2739/2739/2739 2740/2740/2740
f 2741/2741/2741 2742/2742/2742 2743/2743/2743
f 2741/2741/2741 2743/2743/2743 2744/2744/2744
f 2745/2745/2745 2746/2746/2746 2747/2747/2747
f 2745/2745/2745 2747/2747/2747 2748/2748/2748
f 2749/2749/2749 2750/2750/2750 2751/2751/2751
f 2749/2749/2749 2751/2751/2751 2752/2752/2752
f 2753/2753/2753 2754/2754/2754 2755/2755/2755
f 2753/2753/2753 2755/2755/2755 2756/2756/2756
f 2757/2757/2757 2758/2758/2758 2759/2759/2759
f 2757/2757/2757 2759/2759/2759 2760/2760/2760
f 2761/2761/2761 2762/2762/2762 2763/2763/2763
f 2761/2761/2761 2763/2763/2763 2764/2764/2764
f 2765/2765/2765 2766/2766/2766 2767/2767/2767
f 2765/2765/2765 2767/2767/2767 2768/2768/2768
f 2769/2769/2769 2770/2770/2770 2771/2771/2771
f 2769/2769/2769 2771/2771/2771 2772/2772/2772
f 2773/2773/2773 2774/2774/2774 2775/2775/2775
f 2773/2773/2773 2775/2775/2775 2776/2776/2776
f 2777/2777/2777 2778/2778/2778 2779/2779/2779
f 2777/2777/2777 2779/2779/2779 2780/2780/2780
f 2781/2781/2781 2782/2782/2782 2783/2783/2783
f 2781/2781/2781 2783/2783/2783 2784/2784/2784
f 2785/2785/2785 2786/2786/2786 2787/2787/2787
f 2785/2785/2785 2787/2787/2787 2788/2788/2788
f 2789/2789/2789 2790/2790/2790 2791/2791/2791
f 2789/2789/2789 2791/2791/2791 2792/2792/2792
f 2793/2793/2793 2794/2794/2794 2795/2795/2795
f 2793/2793/2793 2795/2795/2795 2796/2796/2796
f 2797/2797/2797 2798/2798/2798 2799/2799/2799
f 2797/2797/2797 2799/2799/2799 2800/2800/2800
f 2801/2801/2801 2802/2802/2802 2803/2803/2803
f 2801/2801/2801 2803/2803/2803 2804/2804/2804
f 2805/2805/2805 2806/2806/2806 2807/2807/2807
f 2805/2805/2805 2807/2807/2807 2808/2808/2808
f 2809/2809/2809 2810/2810/2810 2811/2811/2811
f 2809/2809/2809 2811/2811/2811 2812/2812/2812
f 2813/2813/2813 2814/2814/2814 2815/2815/2815
f 2813/2813/2813 2815/2815/2815 2816/2816/2816
f 2817/2817/2817 2818/2818/2818 2819/2819/2819
f 2817/2817/2817 2819/2819/2819 2820/2820/2820
f 2821/2821/2821 2822/2822/2822 2823/2823/2823
f 2821/2821/2821 2823/2823/2823 2824/2824/2824
f 2825/2825/2825 2826/2826/2826 2827/2827/2827
f 2825/2825/2825 2827/2827/2827 2828/2828/2828
f 2829/2829/2829 2830/2830/2830 2831/2831/2831
f 2829/2829/2829 2831/2831/2831 2832/2832/2832
f 2833/2833/2833 2834/2834/2834 2835/2835/2835
f 2833/2833/2833 2835/2835/2835 2836/2836/2836
f 2837/2837/2837 2838/2838/2838 2839/2839/2839
f 2837/2837/2837 2839/2839/2839 2840/2840/2840
f 2841/2841/2841 2842/2842/2842 2843/2843/2843
f 2841/2841/2841 2843/2843/2843 2844/2844/2844
f 2845/2845/2845 2846/2846/2846 2847/2847/2847
f 2845/2845/2845 2847/2847/2847 2848/2848/2848
f 2849/2849/2849 2850/2850/2850 2851/2851/2851
f 2849/2849/2849 2851/2851/2851 2852/2852/2852
f 2853/2853/2853 2854/2854/2854 2855/2855/2855
f 2853/2853/2853 2855/2855/2855 2856/2856/2856
f 2857/2857/2857 2858/2858/2858 2859/2859/2859
f 2857/2857/2857 2859/2859/2859 2860/2860/2860
f 2861/2861/2861 2862/2862/2862 2863/2863/2863
f 2861/2861/2861 2863/2863/2863 2864/2864/2864
f 2865/2865/2865 2866/2866/2866 2867/2867/2867
f 2865/2865/2865 2867/2867/2867 2868/2868/2868
f 2869/2869/2869 2870/2870/2870 2871/2871/2871
f 2869/2869/2869 2871/2871/2871 2872/2872/2872
f 2873/2873/2873 2874/2874/2874 2875/2875/2875
f 2873/2873/2873 2875/2875/2875 2876/2876/2876
f 2877/2877/2877 2878/2878/2878 2879/2879/2879
f 2877/2877/2877 2879/2879/2879 2880/2880/2880
f 2881/2881/2881 2882/2882/2882 2883/2883/2883
f 2881/2881/2881 2883/2883/2883 2884/2884/2884
f 2885/2885/2885 2886/2886/2886 2887/2887/2887
f 2885/2885/2885 2887/2887/2887 2888/2888/2888
f 2889/2889/2889 2890/2890/2890 2891/2891/2891
f 2889/2889/2889 2891/2891/2891 2892/2892/2892
f 2893/2893/2893 2894/2894/2894 2895/2895/2895
f 2893/2893/2893 2895/2895/2895 2896/2896/2896
f 2897/2897/2897 2898/2898/2898 2899/2899/2899
f 2897/2897/2897 2899/2899/2899 2900/2900/2900
f 2901/2901/2901 2902/2902/2902 2903/2903/2903
f 2901/2901/2901 2903/2903/2903 2904/2904/2904
f 2905/2905/2905 2906/2906/2906 2907/2907/2907
f 2905/2905/2905 2907/2907/2907 2908/2908/2908
f 2909/2909/2909 2910/2910/2910 2911/2911/2911
f 2909/2909/2909 2911/2911/2911 2912/2912/2912
f 2913/2913/2913 2914/2914/2914 2915/2915/2915
f 2913/2913/2913 2915/2915/2915 2916/2916/2916
f 2917/2917/2917 2918/2918/2918 2919/2919/2919
f 2917/2917/2917 2919/2919/2919 2920/2920/2920
f 2921/2921/2921 2922/2922/2922 2923/2923/2923
f 2921/2921/2921 2923/2923/2923 2924/2924/2924
f 2925/2925/2925 2926/2926/2926 2927/2927/2927
f 2925/2925/2925 2927/2927/2927 2928/2928/2928
f 2929/2929/2929 2930/2930/2930 2931/2931/2931
f 2929/2929/2929 2931/2931/2931 2932/2932/2932
f 2933/2933/2933 2934/2934/2934 2935/2935/2935
f 2933/2933/2933 2935/2935/2935 2936/2936/2936
f 2937/2937/2937 2938/2938/2938 2939/2939/2939
f 2937/2937/2937 2939/2939/2939 2940/2940/2940
f 2941/2941/2941 2942/2942/2942 2943/2943/2943
f 2941/2941/2941 2943/2943/2943 2944/2944/2944
f 2945/2945/2945 2946/2946/2946 2947/2947/2947
f 2945/2945/2945 2947/2947/2947 2948/2948/2948
f 2949/2949/2949 2950/2950/2950 2951/2951/2951
f 2949/2949/2949 2951/2951/2951 2952/2952/2952
f 2953/2953/2953 2954/2954/2954 2955/2955/2955
f 2953/2953/2953 2955/2955/2955 2956/2956/2956
f 2957/2957/2957 2958/2958/2958 2959/2959/2959
f 2957/2957/2957 2959/2959/2959 2960/2960/2960
f 2961/2961/2961 2962/2962/2962 2963/2963/2963
f 2961/2961/2961 2963/2963/2963 2964/2964/2964
f 2965/2965/2965 2966/2966/2966 2967/2967/2967
f 2965/2965/2965 2967/2967/2967 2968/2968/2968
f 2969/2969/2969 2970/2970/2970 2971/2971/2971
f 2969/2969/2969 2971/2971/2971 2972/2972/2972
f 2973/2973/2973 2974/2974/2974 2975/2975/2975
f 2973/2973/2973 2975/2975/2975 2976/2976/2976
f 2977/2977/2977 2978/2978/2978 2979/2979/2979
f 2977/2977/2977 2979/2979/2979 2980/2980/2980
f 2981/2981/2981 2982/2982/2982 2983/2983/2983
f 2981/2981/2981 2983/2983/2983 2984/2984/2984
f 2985/2985/2985 2986/2986/2986 2987/2987/2987
f 2985/2985/2985 2987/2987/2987 2988/2988/2988
f 2989/2989/2989 2990/2990/2990 2991/2991/2991
f 2989/2989/2989 2991/2991/2991 2992/2992/2992
f 2993/2993/2993 2994/2994/2994 2995/2995/2995
f 2993/2993/2993 2995/2995/2995 2996/2996/2996
f 2997/2997/2997 2998/2998/2998 2999/2999/2999
f 2997/2997/2997 2999/2999/2999 3000/3000/3000
f 3001/3001/3001 3002/3002/3002 3003/3003/3003
f 3001/3001/3001 3003/3003/3003 3004/3004/3004
f 3005/3005/3005 3006/3006/3006 3007/3007/3007
f 3005/3005/3005 3007/3007/3007 3008/3008/3008
f 3009/3009/3009 3010/3010/3010 3011/3011/3011
f 3009/3009/3009 3011/3011/3011 3012/3012/3012
f 3013/3013/3013 3014/3014/3014 3015/3015/3015
f 3013/3013/3013 3015/3015/3015 3016/3016/3016
f 3017/3017/3017 3018/3018/3018 3019/3019/3019
f 3017/3017/3017 3019/3019/3019 3020/3020/3020
f 3021/3021/3021 3022/3022/3022 3023/3023/3023
f 3021/3021/3021 3023/3023/3023 3024/3024/3024
f 3025/3025/3025 3026/3026/3026 3027/3027/3027
f 3025/3025/3025 3027/3027/3027 3028/3028/3028
f 3029/3029/3029 3030/3030/3030 3031/3031/3031
f 3029/3029/3029 3031/3031/3031 3032/3032/3032
f 3033/3033/3033 3034/3034/3034 3035/3035/3035
f 3033/3033/3033 3035/3035/3035 3036/3036/3036
f 3037/3037/3037 3038/3038/3038 3039/3039/3039
f 3037/3037/3037 3039/3039/3039 3040/3040/3040
f 3041/3041/3041 3042/3042/3042 3043/3043/3043
f 3041/3041/3041 3043/3043/3043 3044/3044/3044
f 3045/3045/3045 3046/3046/3046 3047/3047/3047
f 3045/3045/3045 3047/3047/3047 3048/3048/3048
f 3049/3049/3049 3050/3050/3050 3051/3051/3051
f 3049/3049/3049 3051/3051/3051 3052/3052/3052
f 3053/3053/3053 3054/3054/3054 3055/3055/3055
f 3053/3053/3053 3055/3055/3055 3056/3056/3056
f 3057/3057/3057 3058/3058/3058 3059/3059/3059
f 3057/3057/3057 3059/3059/3059 3060/3060/3060
f 3061/3061/3061 3062/3062/3062 3063/3063/3063
f 3061/3061/3061 3063/3063/3063 3064/3064/3064
f 3065/3065/3065 3066/3066/3066 3067/3067/3067
f 3065/3065/3065 3067/3067/3067 3068/3068/3068
f 3069/3069/3069 3070/3070/3070 3071/3071/3071
f 3069/3069/3069 3071/3071/3071 3072/3072/3072
f 3073/3073/3073 3074/3074/3074 3075/3075/3075
f 3073/3073/3073 3075/3075/3075 3076/3076/3076
f 3077/3077/3077 3078/3078/3078 3079/3079/3079
f 3077/3077/3077 3079/3079/3079 3080/3080/3080
f 3081/3081/3081 3082/3082/3082 3083/3083/3083
f 3081/3081/3081 3083/3083/3083 3084/3084/3084
f 3085/3085/3085 3086/3086/3086 3087/3087/3087
f 3085/3085/3085 3087/3087/3087 3088/3088/3088
f 3089/3089/3089 3090/3090/3090 3091/3091/3091
f 3089/3089/3089 3091/3091/3091 3092/3092/3092
f 3093/3093/3093 3094/3094/3094 3095/3095/3095
f 3093/3093/3093 3095/3095/3095 3096/3096/3096
f 3097/3097/3097 3098/3098/3098 3099/3099/3099
f 3097/3097/3097 3099/3099/3099 3100/3100/3100
f 3101/3101/3101 3102/3102/3102 3103/3103/3103
f 3101/3101/3101 3103/3103/3103 3104/3104/3104
f 3105/3105/3105 3106/3106/3106 3107/3107/3107
f 3105/3105/3105 3107/3107/3107 3108/3108/3108
f 3109/3109/3109 3110/3110/3110 3111/3111/3111
f 3109/3109/3109 3111/3111/3111 3112/3112/3112
f 3113/3113/3113 3114/3114/3114 3115/3115/3115
f 3113/3113/3113 3115/3115/3115 3116/3116/3116
f 3117/3117/3117 3118/3118/3118 3119/3119/3119
f 3117/3117/3117 3119/3119/3119 3120/3120/3120
f 3121/3121/3121 3122/3122/3122 3123/3123/3123
f 3121/3121/3121 3123/3123/3123 3124/3124/3124
f 3125/3125/3125 3126/3126/3126 3127/3127/3127
f 3125/3125/3125 3127/3127/3127 3128/3128/3128
f 3129/3129/3129 3130/3130/3130 3131/3131/3131
f 3129/3129/3129 3131/3131/3131 3132/3132/3132
f 3133/3133/3133 3134/3134/3134 3135/3135/3135
f 3133/3133/3133 3135/3135/3135 3136/3136/3136
f 3137/3137/3137 3138/3138/3138 3139/3139/3139
f 3137/3137/3137 3139/3139/3139 3140/3140/3140
f 3141/3141/3141 3142/3142/3142 3143/3143/3143
f 3141/3141/3141 3143/3143/3143 3144/3144/3144
f 3145/3145/3145 3146/3146/3146 3147/3147/3147
f 3145/3145/3145 3147/3147/3147 3148/3148/3148
f 3149/3149/3149 3150/3150/3150 3151/3151/3151
f 3149/3149/3149 3151/3151/3151 3152/3152/3152
f 3153/3153/3153 3154/3154/3154 3155/3155/3155
f 3153/3153/3153 3155/3155/3155 3156/3156/3156
f 3157/3157/3157 3158/3158/3158 3159/3159/3159
f 3157/3157/3157 3159/3159/3159 3160/3160/3160
f 3161/3161/3161 3162/3162/3162 3163/3163/3163
f 3161/3161/3161 3163/3163/3163 3164/3164/3164
f 3165/3165/3165 3166/3166/3166 3167/3167/3167
f 3165/3165/3165 3167/3167/3167 3168/3168/3168
f 3169/3169/3169 3170/3170/3170 3171/3171/3171
f 3169/3169/3169 3171/3171/3171 3172/3172/3172
f 3173/3173/3173 3174/3174/3174 3175/3175/3175
f 3173/3173/3173 3175/3175/3175 3176/3176/3176
f 3177/3177/3177 3178/3178/3178 3179/3179/3179
f 3177/3177/3177 3179/3179/3179 3180/3180/3180
f 3181/3181/3181 3182/3182/3182 3183/3183/3183
f 3181/3181/3181 3183/3183/3183 3184/3184/3184
f 3185/3185/3185 3186/3186/3186 3187/3187/3187
f 3185/3185/3185 3187/3187/3187 3188/3188/3188
f 3189/3189/3189 3190/3190/3190 3191/3191/3191
f 3189/3189/3189 3191/3191/3191 3192/3192/3192
f 3193/3193/3193 3194/3194/3194 3195/3195/3195
f 3193/3193/3193 3195/3195/3195 3196/3196/3196
f 3197/3197/3197 3198/3198/3198 3199/3199/3199
f 3197/3197/3197 3199/3199/3199 3200/3200/3200
f 3201/3201/3201 3202/3202/3202 3203/3203/3203
f 3201/3201/3201 3203/3203/3203 3204/3204/3204
f 3205/3205/3205 3206/3206/3206 3207/3207/3207
f 3205/3205/3205 3207/3207/3207 3208/3208/3208
f 3209/3209/3209 3210/3210/3210 3211/3211/3211
f 3209/3209/3209 3211/3211/3211 3212/3212/3212
f 3213/3213/3213 3214/3214/3214 3215/3215/3215
f 3213/3213/3213 3215/3215/3215 3216/3216/3216
f 3217/3217/3217 3218/3218/3218 3219/3219/3219
f 3217/3217/3217 3219/3219/3219 3220/3220/3220
f 3221/3221/3221 3222/3222/3222 3223/3223/3223
f 3221/3221/3221 3223/3223/3223 3224/3224/3224
f 3225/3225/3225 3226/3226/3226 3227/3227/3227
f 3225/3225/3225 3227/3227/3227 3228/3228/3228
f 3229/3229/3229 3230/3230/3230 3231/3231/3231
f 3229/3229/3229 3231/3231/3231 3232/3232/3232
f 3233/3233/3233 3234/3234/3234 3235/3235/3235
f 3233/3233/3233 3235/3235/3235 3236/3236/3236
f 3237/3237/3237 3238/3238/3238 3239/3239/3239
f 3237/3237/3237 3239/3239/3239 3240/3240/3240
f 3241/3241/3241 3242/3242/3242 3243/3243/3243
f 3241/3241/3241 3243/3243/3243 3244/3244/3244
f 3245/3245/3245 3246/3246/3246 3247/3247/3247
f 3245/3245/3245 3247/3247/3247 3248/3248/3248
f 3249/3249/3249 3250/3250/3250 3251/3251/3251
f 3249/3249/3249 3251/3251/3251 3252/3252/3252
f 3253/3253/3253 3254/3254/3254 3255/3255/3255
f 3253/3253/3253 3255/3255/3255 3256/3256/3256
f 3257/3257/3257 3258/3258/3258 3259/3259/3259
f 3257/3257/3257 3259/3259/3259 3260/3260/3260
f 3261/3261/3261 3262/3262/3262 3263/3263/3263
f 3261/3261/3261 3263/3263/3263 3264/3264/3264
f 3265/3265/3265 3266/3266/3266 3267/3267/3267
f 3265/3265/3265 3267/3267/3267 3268/3268/3268
f 3269/3269/3269 3270/3270/3270 3271/3271/3271
f 3269/3269/3269 3271/3271/3271 3272/3272/3272
f 3273/3273/3273 3274/3274/3274 3275/3275/3275
f 3273/3273/3273 3275/3275/3275 3276/3276/3276
f 3277/3277/3277 3278/3278/3278 3279/3279/3279
f 3277/3277/3277 3279/3279/3279 3280/3280/3280
f 3281/3281/3281 3282/3282/3282 3283/3283/3283
f 3281/3281/3281 3283/3283/3283 3284/3284/3284
f 3285/3285/3285 3286/3286/3286 3287/3287/3287
f 3285/3285/3285 3287/3287/3287 3288/3288/3288
f 3289/3289/3289 3290/3290/3290 3291/3291/3291
f 3289/3289/3289 3291/3291/3291 3292/3292/3292
f 3293/3293/3293 3294/3294/3294 3295/3295/3295
f 3293/3293/3293 3295/3295/3295 3296/3296/3296
f 3297/3297/3297 3298/3298/3298 3299/3299/3299
f 3297/3297/3297 3299/3299/3299 3300/3300/3300
f 3301/3301/3301 3302/3302/3302 3303/3303/3303
f 3301/3301/3301 3303/3303/3303 3304/3304/3304
f 3305/3305/3305 3306/3306/3306 3307/3307/3307
f 3305/3305/3305 3307/3307/3307 3308/3308/3308
f 3309/3309/3309 3310/3310/3310 3311/3311/3311
f 3309/3309/3309 3311/3311/3311 3312/3312/3312
f 3313/3313/3313 3314/3314/3314 3315/3315/3315
f 3313/3313/3313 3315/3315/3315 3316/3316/3316
f 3317/3317/3317 3318/3318/3318 3319/3319/3319
f 3317/3317/3317 3319/3319/3319 3320/3320/3320
f 3321/3321/3321 3322/3322/3322 3323/3323/3323
f 3321/3321/3321 3323/3323/3323 3324/3324/3324
f 3325/3325/3325 3326/3326/3326 3327/3327/3327
f 3325/3325/3325 3327/3327/3327 3328/3328/3328
f 3329/3329/3329 3330/3330/3330 3331/3331/3331
f 3329/3329/3329 3331/3331/3331 3332/3332/3332
f 3333/3333/3333 3334/3334/3334 3335/3335/3335
f 3333/3333/3333 3335/3335/3335 3336/3336/3336
f 3337/3337/3337 3338/3338/3338 3339/3339/3339
f 3337/3337/3337 3339/3339/3339 3340/3340/3340
f 3341/3341/3341 3342/3342/3342 3343/3343/3343
f 3341/3341/3341 3343/3343/3343 3344/3344/3344
f 3345/3345/3345 3346/3346/3346 3347/3347/3347
f 3345/3345/3345 3347/3347/3347 3348/3348/3348
f 3349/3349/3349 3350/3350/3350 3351/3351/3351
f 3349/3349/3349 3351/3351/3351 3352/3352/3352
f 3353/3353/3353 3354/3354/3354 3355/3355/3355
f 3353/3353/3353 3355/3355/3355 3356/3356/3356
f 3357/3357/3357 3358/3358/3358 3359/3359/3359
f 3357/3357/3357 3359/3359/3359 3360/3360/3360
f 3361/3361/3361 3362/3362/3362 3363/3363/3363
f 3361/3361/3361 3363/3363/3363 3364/3364/3364
f 3365/3365/3365 3366/3366/3366 3367/3367/3367
f 3365/3365/3365 3367/3367/3367 3368/3368/3368
f 3369/3369/3369 3370/3370/3370 3371/3371/3371
f 3369/3369/3369 3371/3371/3371 3372/3372/3372
f 3373/3373/3373 3374/3374/3374 3375/3375/3375
f 3373/3373/3373 3375/3375/3375 3376/3376/3376
f 3377/3377/3377 3378/3378/3378 3379/3379/3379
f 3377/3377/3377 3379/3379/3379 3380/3380/3380
f 3381/3381/3381 3382/3382/3382 3383/3383/3383
f 3381/3381/3381 3383/3383/3383 3384/3384/3384
f 3385/3385/3385 3386/3386/3386 3387/3387/3387
f 3385/3385/3385 3387/3387/3387 3388/3388/3388
f 3389/3389/3389 3390/3390/3390 3391/3391/3391
f 3389/3389/3389 3391/3391/3391 3392/3392/3392
f 3393/3393/3393 3394/3394/3394 3395/3395/3395
f 3393/3393/3393 3395/3395/3395 3396/3396/3396
f 3397/3397/3397 3398/3398/3398 3399/3399/3399
f 3397/3397/3397 3399/3399/3399 3400/3400/3400
f 3401/3401/3401 3402/3402/3402 3403/3403/3403
f 3401/3401/3401 3403/3403/3403 3404/3404/3404
f 3405/3405/3405 3406/3406/3406 3407/3407/3407
f 3405/3405/3405 3407/3407/3407 3408/3408/3408
f 3409/3409/3409 3410/3410/3410 3411/3411/3411
f 3409/3409/3409 3411/3411/3411 3412/3412/3412
f 3413/3413/3413 3414/3414/3414 3415/3415/3415
f 3413/3413/3413 3415/3415/3415 3416/3416/3416
f 3417/3417/3417 3418/3418/3418 3419/3419/3419
f 3417/3417/3417 3419/3419/3419 3420/3420/3420
f 3421/3421/3421 3422/3422/3422 3423/3423/3423
f 3421/3421/3421 3423/3423/3423 3424/3424/3424
f 3425/3425/3425 3426/3426/3426 3427/3427/3427
f 3425/3425/3425 3427/3427/3427 3428/3428/3428
f 3429/3429/3429 3430/3430/3430 3431/3431/3431
f 3429/3429/3429 3431/3431/3431 3432/3432/3432
f 3433/3433/3433 3434/3434/3434 3435/3435/3435
f 3433/3433/3433 3435/3435/3435 3436/3436/3436
f 3437/3437/3437 3438/3438/3438 3439/3439/3439
f 3437/3437/3437 3439/3439/3439 3440/3440/3440
f 3441/3441/3441 3442/3442/3442 3443/3443/3443
f 3441/3441/3441 3443/3443/3443 3444/3444/3444
f 3445/3445/3445 3446/3446/3446 3447/3447/3447
f 3445/3445/3445 3447/3447/3447 3448/3448/3448
f 3449/3449/3449 3450/3450/3450 3451/3451/3451
f 3449/3449/3449 3451/3451/3451 3452/3452/3452
f 3453/3453/3453 3454/3454/3454 3455/3455/3455
f 3453/3453/3453 3455/3455/3455 3456/3456/3456
f 3457/3457/3457 3458/3458/3458 3459/3459/3459
f 3457/3457/3457 3459/3459/3459 3460/3460/3460
f 3461/3461/3461 3462/3462/3462 3463/3463/3463
f 3461/3461/3461 3463/3463/3463 3464/3464/3464
f 3465/3465/3465 3466/3466/3466 3467/3467/3467
f 3465/3465/3465 3467/3467/3467 3468/3468/3468
f 3469/3469/3469 3470/3470/3470 3471/3471/3471
f 3469/3469/3469 3471/3471/3471 3472/3472/3472
f 3473/3473/3473 3474/3474/3474 3475/3475/3475
f 3473/3473/3473 3475/3475/3475 3476/3476/3476
f 3477/3477/3477 3478/3478/3478 3479/3479/3479
f 3477/3477/3477 3479/3479/3479 3480/3480/3480
f 3481/3481/3481 3482/3482/3482 3483/3483/3483
f 3481/3481/3481 3483/3483/3483 3484/3484/3484
f 3485/3485/3485 3486/3486/3486 3487/3487/3487
f 3485/3485/3485 3487/3487/3487 3488/3488/3488
f 3489/3489/3489 3490/3490/3490 3491/3491/3491
f 3489/3489/3489 3491/3491/3491 3492/3492/3492
f 3493/3493/3493 3494/3494/3494 3495/3495/3495
f 3493/3493/3493 3495/3495/3495 3496/3496/3496
f 3497/3497/3497 3498/3498/3498 3499/3499/3499
f 3497/3497/3497 3499/3499/3499 3500/3500/3500
f 3501/3501/3501 3502/3502/3502 3503/3503/3503
f 3501/3501/3501 3503/3503/3503 3504/3504/3504
f 3505/3505/3505 3506/3506/3506 3507/3507/3507
f 3505/3505/3505 3507/3507/3507 3508/3508/3508
f 3509/3509/3509 3510/3510/3510 3511/3511/3511
f 3509/3509/3509 3511/3511/3511 3512/3512/3512
f 3513/3513/3513 3514/3514/3514 3515/3515/3515
f 3513/3513/3513 3515/3515/3515 3516/3516/3516
f 3517/3517/3517 3518/3518/3518 3519/3519/3519
f 3517/3517/3517 3519/3519/3519 3520/3520/3520
f 3521/3521/3521 3522/3522/3522 3523/3523/3523
f 3521/3521/3521 3523/3523/3523 3524/3524/3524
f 3525/3525/3525 3526/3526/3526 3527/3527/3527
f 3525/3525/3525 3527/3527/3527 3528/3528/3528
f 3529/3529/3529 3530/3530/3530 3531/3531/3531
f 3529/3529/3529 3531/3531/3531 3532/3532/3532
f 3533/3533/3533 3534/3534/3534 3535/3535/3535
f 3533/3533/3533 3535/3535/3535 3536/3536/3536
f 3537/3537/3537 3538/3538/3538 3539/3539/3539
f 3537/3537/3537 3539/3539/3539 3540/3540/3540
f 3541/3541/3541 3542/3542/3542 3543/3543/3543
f 3541/3541/3541 3543/3543/3543 3544/3544/3544
f 3545/3545/3545 3546/3546/3546 3547/3547/3547
f 3545/3545/3545 3547/3547/3547 3548/3548/3548
f 3549/3549/3549 3550/3550/3550 3551/3551/3551
f 3549/3549/3549 3551/3551/3551 3552/3552/3552
f 3553/3553/3553 3554/3554/3554 3555/3555/3555
f 3553/3553/3553 3555/3555/3555 3556/3556/3556
f 3557/3557/3557 3558/3558/3558 3559/3559/3559
f 3557/3557/3557 3559/3559/3559 3560/3560/3560
f 3561/3561/3561 3562/3562/3562 3563/3563/3563
f 3561/3561/3561 3563/3563/3563 3564/3564/3564
f 3565/3565/3565 3566/3566/3566 3567/3567/3567
f 3565/3565/3565 3567/3567/3567 3568/3568/3568
f 3569/3569/3569 3570/3570/3570 3571/3571/3571
f 3569/3569/3569 3571/3571/3571 3572/3572/3572
f 3573/3573/3573 3574/3574/3574 3575/3575/3575
f 3573/3573/3573 3575/3575/3575 3576/3576/3576
f 3577/3577/3577 3578/3578/3578 3579/3579/3579
f 3577/3577/3577 3579/3579/3579 3580/3580/3580
f 3581/3581/3581 3582/3582/3582 3583/3583/3583
f 3581/3581/3581 3583/3583/3583 3584/3584/3584
f 3585/3585/3585 3586/3586/3586 3587/3587/3587
f 3585/3585/3585 3587/3587/3587 3588/3588/3588
f 3589/3589/3589 3590/3590/3590 3591/3591/3591
f 3589/3589/3589 3591/3591/3591 3592/3592/3592
f 3593/3593/3593 3594/3594/3594 3595/3595/3595
f 3593/3593/3593 3595/3595/3595 3596/3596/3596
f 3597/3597/3597 3598/3598/3598 3599/3599/3599
f 3597/3597/3597 3599/3599/3599 3600/3600/3600
f 3601/3601/3601 3602/3602/3602 3603/3603/3603
f 3601/3601/3601 3603/3603/3603 3604/3604/3604
f 3605/3605/3605 3606/3606/3606 3607/3607/3607
f 3605/3605/3605 3607/3607/3607 3608/3608/3608
f 3609/3609/3609 3610/3610/3610 3611/3611/3611
f 3609/3609/3609 3611/3611/3611 3612/3612/3612
f 3613/3613/3613 3614/3614/3614 3615/3615/3615
f 3613/3613/3613 3615/3615/3615 3616/3616/3616
f 3617/3617/3617 3618/3618/3618 3619/3619/3619
f 3617/3617/3617 3619/3619/3619 3620/3620/3620
f 3621/3621/3621 3622/3622/3622 3623/3623/3623
f 3621/3621/3621 3623/3623/3623 3624/3624/3624
f 3625/3625/3625 3626/3626/3626 3627/3627/3627
f 3625/3625/3625 3627/3627/3627 3628/3628/3628
f 3629/3629/3629 3630/3630/3630 3631/3631/3631
f 3629/3629/3629 3631/3631/3631 3632/3632/3632
f 3633/3633/3633 3634/3634/3634 3635/3635/3635
f 3633/3633/3633 3635/3635/3635 3636/3636/3636
f 3637/3637/3637 3638/3638/3638 3639/3639/3639
f 3637/3637/3637 3639/3639/3639 3640/3640/3640
f 3641/3641/3641 3642/3642/3642 3643/3643/3643
f 3641/3641/3641 3643/3643/3643 3644/3644/3644
f 3645/3645/3645 3646/3646/3646 3647/3647/3647
f 3645/3645/3645 3647/3647/3647 3648/3648/3648
f 3649/3649/3649 3650/3650/3650 3651/3651/3651
f 3649/3649/3649 3651/3651/3651 3652/3652/3652
f 3653/3653/3653 3654/3654/3654 3655/3655/3655
f 3653/3653/3653 3655/3655/3655 3656/3656/3656
f 3657/3657/3657 3658/3658/3658 3659/3659/3659
f 3657/3657/3657 3659/3659/3659 3660/3660/3660
f 3661/3661/3661 3662/3662/3662 3663/3663/3663
f 3661/3661/3661 3663/3663/3663 3664/3664/3664
f 3665/3665/3665 3666/3666/3666 3667/3667/3667
f 3665/3665/3665 3667/3667/3667 3668/3668/3668
f 3669/3669/3669 3670/3670/3670 3671/3671/3671
f 3669/3669/3669 3671/3671/3671 3672/3672/3672
f 3673/3673/3673 3674/3674/3674 3675/3675/3675
f 3673/3673/3673 3675/3675/3675 3676/3676/3676
f 3677/3677/3677 3678/3678/3678 3679/3679/3679
f 3677/3677/3677 3679/3679/3679 3680/3680/3680
f 3681/3681/3681 3682/3682/3682 3683/3683/3683
f 3681/3681/3681 3683/3683/3683 3684/3684/3684
f 3685/3685/3685 3686/3686/3686 3687/3687/3687
f 3685/3685/3685 3687/3687/3687 3688/3688/3688
f 3689/3689/3689 3690/3690/3690 3691/3691/3691
f 3689/3689/3689 3691/3691/3691 3692/3692/3692
f 3693/3693/3693 3694/3694/3694 3695/3695/3695
f 3693/3693/3693 3695/3695/3695 3696/3696/3696
f 3697/3697/3697 3698/3698/3698 3699/3699/3699
f 3697/3697/3697 3699/3699/3699 3700/3700/3700
f 3701/3701/3701 3702/3702/3702 3703/3703/3703
f 3701/3701/3701 3703/3703/3703 3704/3704/3704
f 3705/3705/3705 3706/3706/3706 3707/3707/3707
f 3705/3705/3705 3707/3707/3707 3708/3708/3708
f 3709/3709/3709 3710/3710/3710 3711/3711/3711
f 3709/3709/3709 3711/3711/3711 3712/3712/3712
f 3713/3713/3713 3714/3714/3714 3715/3715/3715
f 3713/3713/3713 3715/3715/3715 3716/3716/3716
f 3717/3717/3717 3718/3718/3718 3719/3719/3719
f 3717/3717/3717 3719/3719/3719 3720/3720/3720
f 3721/3721/3721 3722/3722/3722 3723/3723/3723
f 3721/3721/3721 3723/3723/3723 3724/3724/3724
f 3725/3725/3725 3726/3726/3726 3727/3727/3727
f 3725/3725/3725 3727/3727/3727 3728/3728/3728
f 3729/3729/3729 3730/3730/3730 3731/3731/3731
f 3729/3729/3729 3731/3731/3731 3732/3732/3732
f 3733/3733/3733 3734/3734/3734 3735/3735/3735
f 3733/3733/3733 3735/3735/3735 3736/3736/3736
f 3737/3737/3737 3738/3738/3738 3739/3739/3739
f 3737/3737/3737 3739/3739/3739 3740/3740/3740
f 3741/3741/3741 3742/3742/3742 3743/3743/3743
f 3741/3741/3741 3743/3743/3743 3744/3744/3744
f 3745/3745/3745 3746/3746/3746 3747/3747/3747
f 3745/3745/3745 3747/3747/3747 3748/3748/3748
f 3749/3749/3749 3750/3750/3750 3751/3751/3751
f 3749/3749/3749 3751/3751/3751 3752/3752/3752
f 3753/3753/3753 3754/3754/3754 3755/3755/3755
f 3753/3753/3753 3755/3755/3755 3756/3756/3756
f 3757/3757/3757 3758/3758/3758 3759/3759/3759
f 3757/3757/3757 3759/3759/3759 3760/3760/3760
f 3761/3761/3761 3762/3762/3762 3763/3763/3763
f 3761/3761/3761 3763/3763/3763 3764/3764/3764
f 3765/3765/3765 3766/3766/3766 3767/3767/3767
f 3765/3765/3765 3767/3767/3767 3768/3768/3768
f 3769/3769/3769 3770/3770/3770 3771/3771/3771
f 3769/3769/3769 3771/3771/3771 3772/3772/3772
f 3773/3773/3773 3774/3774/3774 3775/3775/3775
f 3773/3773/3773 3775/3775/3775 3776/3776/3776
f 3777/3777/3777 3778/3778/3778 3779/3779/3779
f 3777/3777/3777 3779/3779/3779 3780/3780/3780
f 3781/3781/3781 3782/3782/3782 3783/3783/3783
f 3781/3781/3781 3783/3783/3783 3784/3784/3784
f 3785/3785/3785 3786/3786/3786 3787/3787/3787
f 3785/3785/3785 3787/3787/3787 3788/3788/3788
f 3789/3789/3789 3790/3790/3790 3791/3791/3791
f 3789/3789/3789 3791/3791/3791 3792/3792/3792
f 3793/3793/3793 3794/3794/3794 3795/3795/3795
f 3793/3793/3793 3795/3795/3795 3796/3796/3796
f 3797/3797/3797 3798/3798/3798 3799/3799/3799
f 3797/3797/3797 3799/3799/3799 3800/3800/3800
f 3801/3801/3801 3802/3802/3802 3803/3803/3803
f 3801/3801/3801 3803/3803/3803 3804/3804/3804
f 3805/3805/3805 3806/3806/3806 3807/3807/3807
f 3805/3805/3805 3807/3807/3807 3808/3808/3808
f 3809/3809/3809 3810/3810/3810 3811/3811/3811
f 3809/3809/3809 3811/3811/3811 3812/3812/3812
f 3813/3813/3813 3814/3814/3814 3815/3815/3815
f 3813/3813/3813 3815/3815/3815 3816/3816/3816
f 3817/3817/3817 3818/3818/3818 3819/3819/3819
f 3817/3817/3817 3819/3819/3819 3820/3820/3820
f 3821/3821/3821 3822/3822/3822 3823/3823/3823
f 3821/3821/3821 3823/3823/3823 3824/3824/3824
f 3825/3825/3825 3826/3826/3826 3827/3827/3827
f 3825/3825/3825 3827/3827/3827 3828/3828/3828
f 3829/3829/3829 3830/3830/3830 3831/3831/3831
f 3829/3829/3829 3831/3831/3831 3832/3832/3832
f 3833/3833/3833 3834/3834/3834 3835/3835/3835
f 3833/3833/3833 3835/3835/3835 3836/3836/3836
f 3837/3837/3837 3838/3838/3838 3839/3839/3839
f 3837/3837/3837 3839/3839/3839 3840/3840/3840
f 3841/3841/3841 3842/3842/3842 3843/3843/3843
f 3841/3841/3841 3843/3843/3843 3844/3844/3844
f 3845/3845/3845 3846/3846/3846 3847/3847/3847
f 3845/3845/3845 3847/3847/3847 3848/3848/3848
f 3849/3849/3849 3850/3850/3850 3851/3851/3851
f 3849/3849/3849 3851/3851/3851 3852/3852/3852
f 3853/3853/3853 3854/3854/3854 3855/3855/3855
f 3853/3853/3853 3855/3855/3855 3856/3856/3856
f 3857/3857/3857 3858/3858/3858 3859/3859/3859
f 3857/3857/3857 3859/3859/3859 3860/3860/3860
f 3861/3861/3861 3862/3862/3862 3863/3863/3863
f 3861/3861/3861 3863/3863/3863 3864/3864/3864
f 3865/3865/3865 3866/3866/3866 3867/3867/3867
f 3865/3865/3865 3867/3867/3867 3868/3868/3868
f 3869/3869/3869 3870/3870/3870 3871/3871/3871
f 3869/3869/3869 3871/3871/3871 3872/3872/3872
f 3873/3873/3873 3874/3874/3874 3875/3875/3875
f 3873/3873/3873 3875/3875/3875 3876/3876/3876
f 3877/3877/3877 3878/3878/3878 3879/3879/3879
f 3877/3877/3877 3879/3879/3879 3880/3880/3880
f 3881/3881/3881 3882/3882/3882 3883/3883/3883
f 3881/3881/3881 3883/3883/3883 3884/3884/3884
f 3885/3885/3885 3886/3886/3886 3887/3887/3887
f 3885/3885/3885 3887/3887/3887 3888/3888/3888
f 3889/3889/3889 3890/3890/3890 3891/3891/3891
f 3889/3889/3889 3891/3891/3891 3892/3892/3892
f 3893/3893/3893 3894/3894/3894 3895/3895/3895
f 3893/3893/3893 3895/3895/3895 3896/3896/3896
f 3897/3897/3897 3898/3898/3898 3899/3899/3899
f 3897/3897/3897 3899/3899/3899 3900/3900/3900
f 3901/3901/3901 3902/3902/3902 3903/3903/3903
f 3901/3901/3901 3903/3903/3903 3904/3904/3904
f 3905/3905/3905 3906/3906/3906 3907/3907/3907
f 3905/3905/3905 3907/3907/3907 3908/3908/3908
f 3909/3909/3909 3910/3910/3910 3911/3911/3911
f 3909/3909/3909 3911/3911/3911 3912/3912/3912
f 3913/3913/3913 3914/3914/3914 3915/3915/3915
f 3913/3913/3913 3915/3915/3915 3916/3916/3916
f 3917/3917/3917 3918/3918/3918 3919/3919/3919
f 3917/3917/3917 3919/3919/3919 3920/3920/3920
f 3921/3921/3921 3922/3922/3922 3923/3923/3923
f 3921/3921/3921 3923/3923/3923 3924/3924/3924
f 3925/3925/3925 3926/3926/3926 3927/3927/3927
f 3925/3925/3925 3927/3927/3927 3928/3928/3928
f 3929/3929/3929 3930/3930/3930 3931/3931/3931
f 3929/3929/3929 3931/3931/3931 3932/3932/3932
f 3933/3933/3933 3934/3934/3934 3935/3935/3935
f 3933/3933/3933 3935/3935/3935 3936/3936/3936
f 3937/3937/3937 3938/3938/3938 3939/3939/3939
f 3937/3937/3937 3939/3939/3939 3940/3940/3940
f 3941/3941/3941 3942/3942/3942 3943/3943/3943
f 3941/3941/3941 3943/3943/3943 3944/3944/3944
f 3945/3945/3945 3946/3946/3946 3947/3947/3947
f 3945/3945/3945 3947/3947/3947 3948/3948/3948
f 3949/3949/3949 3950/3950/3950 3951/3951/3951
f 3949/3949/3949 3951/3951/3951 3952/3952/3952
f 3953/3953/3953 3954/3954/3954 3955/3955/3955
f 3953/3953/3953 3955/3955/3955 3956/3956/3956
f 3957/3957/3957 3958/3958/3958 3959/3959/3959
f 3957/3957/3957 3959/3959/3959 3960/3960/3960
f 3961/3961/3961 3962/3962/3962 3963/3963/3963
f 3961/3961/3961 3963/3963/3963 3964/3964/3964
f 3965/3965/3965 3966/3966/3966 3967/3967/3967
f 3965/3965/3965 3967/3967/3967 3968/3968/3968
f 3969/3969/3969 3970/3970/3970 3971/3971/3971
f 3969/3969/3969 3971/3971/3971 3972/3972/3972
f 3973/3973/3973 3974/3974/3974 3975/3975/3975
f 3973/3973/3973 3975/3975/3975 3976/3976/3976
f 3977/3977/3977 3978/3978/3978 3979/3979/3979
f 3977/3977/3977 3979/3979/3979 3980/3980/3980
f 3981/3981/3981 3982/3982/3982 3983/3983/3983
f 3981/3981/3981 3983/3983/3983 3984/3984/3984
f 3985/3985/3985 3986/3986/3986 3987/3987/3987
f 3985/3985/3985 3987/3987/3987 3988/3988/3988
f 3989/3989/3989 3990/3990/3990 3991/3991/3991
f 3989/3989/3989 3991/3991/3991 3992/3992/3992
f 3993/3993/3993 3994/3994/3994 3995/3995/3995
f 3993/3993/3993 3995/3995/3995 3996/3996/3996
f 3997/3997/3997 3998/3998/3998 3999/3999/3999
f 3997/3997/3997 3999/3999/3999 4000/4000/4000
f 4001/4001/4001 4002/4002/4002 4003/4003/4003
f 4001/4001/4001 4003/4003/4003 4004/4004/4004
f 4005/4005/4005 4006/4006/4006 4007/4007/4007
f 4005/4005/4005 4007/4007/4007 4008/4008/4008
f 4009/4009/4009 4010/4010/4010 4011/4011/4011
f 4009/4009/4009 4011/4011/4011 4012/4012/4012
f 4013/4013/4013 4014/4014/4014 4015/4015/4015
f 4013/4013/4013 4015/4015/4015 4016/4016/4016
f 4017/4017/4017 4018/4018/4018 4019/4019/4019
f 4017/4017/4017 4019/4019/4019 4020/4020/4020
f 4021/4021/4021 4022/4022/4022 4023/4023/4023
f 4021/4021/4021 4023/4023/4023 4024/4024/4024
f 4025/4025/4025 4026/4026/4026 4027/4027/4027
f 4025/4025/4025 4027/4027/4027 4028/4028/4028
f 4029/4029/4029 4030/4030/4030 4031/4031/4031
f 4029/4029/4029 4031/4031/4031 4032/4032/4032
f 4033/4033/4033 4034/4034/4034 4035/4035/4035
f 4033/4033/4033 4035/4035/4035 4036/4036/4036
f 4037/4037/4037 4038/4038/4038 4039/4039/4039
f 4037/4037/4037 4039/4039/4039 4040/4040/4040
f 4041/4041/4041 4042/4042/4042 4043/4043/4043
f 4041/4041/4041 4043/4043/4043 4044/4044/4044
f 4045/4045/4045 4046/4046/4046 4047/4047/4047
f 4045/4045/4045 4047/4047/4047 4048/4048/4048
f 4049/4049/4049 4050/4050/4050 4051/4051/4051
f 4049/4049/4049 4051/4051/4051 4052/4052/4052
f 4053/4053/4053 4054/4054/4054 4055/4055/4055
f 4053/4053/4053 4055/4055/4055 4056/4056/4056
f 4057/4057/4057 4058/4058/4058 4059/4059/4059
f 4057/4057/4057 4059/4059/4059 4060/4060/4060
f 4061/4061/4061 4062/4062/4062 4063/4063/4063
f 4061/4061/4061 4063/4063/4063 4064/4064/4064
f 4065/4065/4065 4066/4066/4066 4067/4067/4067
f 4065/4065/4065 4067/4067/4067 4068/4068/4068
f 4069/4069/4069 4070/4070/4070 4071/4071/4071
f 4069/4069/4069 4071/4071/4071 4072/4072/4072
f 4073/4073/4073 4074/4074/4074 4075/4075/4075
f 4073/4073/4073 4075/4075/4075 4076/4076/4076
f 4077/4077/4077 4078/4078/4078 4079/4079/4079
f 4077/4077/4077 4079/4079/4079 4080/4080/4080
f 4081/4081/4081 4082/4082/4082 4083/4083/4083
f 4081/4081/4081 4083/4083/4083 4084/4084/4084
f 4085/4085/4085 4086/4086/4086 4087/4087/4087
f 4085/4085/4085 4087/4087/4087 4088/4088/4088
f 4089/4089/4089 4090/4090/4090 4091/4091/4091
f 4089/4089/4089 4091/4091/4091 4092/4092/4092
f 4093/4093/4093 4094/4094/4094 4095/4095/4095
f 4093/4093/4093 4095/4095/4095 4096/4096/4096
f 4097/4097/4097 4098/4098/4098 4099/4099/4099
f 4097/4097/4097 4099/4099/4099 4100/4100/4100
f 4101/4101/4101 4102/4102/4102 4103/4103/4103
f 4101/4101/4101 4103/4103/4103 4104/4104/4104
f 4105/4105/4105 4106/4106/4106 4107/4107/4107
f 4105/4105/4105 4107/4107/4107 4108/4108/4108
f 4109/4109/4109 4110/4110/4110 4111/4111/4111
f 4109/4109/4109 4111/4111/4111 4112/4112/4112
f 4113/4113/4113 4114/4114/4114 4115/4115/4115
f 4113/4113/4113 4115/4115/4115 4116/4116/4116
f 4117/4117/4117 4118/4118/4118 4119/4119/4119
f 4117/4117/4117 4119/4119/4119 4120/4120/4120
f 4121/4121/4121 4122/4122/4122 4123/4123/4123
f 4121/4121/4121 4123/4123/4123 4124/4124/4124
f 4125/4125/4125 4126/4126/4126 4127/4127/4127
f 4125/4125/4125 4127/4127/4127 4128/4128/4128
f 4129/4129/4129 4130/4130/4130 4131/4131/4131
f 4129/4129/4129 4131/4131/4131 4132/4132/4132
f 4133/4133/4133 4134/4134/4134 4135/4135/4135
f 4133/4133/4133 4135/4135/4135 4136/4136/4136
f 4137/4137/4137 4138/4138/4138 4139/4139/4139
f 4137/4137/4137 4139/4139/4139 4140/4140/4140
f 4141/4141/4141 4142/4142/4142 4143/4143/4143
f 4141/4141/4141 4143/4143/4143 4144/4144/4144
f 4145/4145/4145 4146/4146/4146 4147/4147/4147
f 4145/4145/4145 4147/4147/4147 4148/4148/4148
f 4149/4149/4149 4150/4150/4150 4151/4151/4151
f 4149/4149/4149 4151/4151/4151 4152/4152/4152
f 4153/4153/4153 4154/4154/4154 4155/4155/4155
f 4153/4153/4153 4155/4155/4155 4156/4156/4156
f 4157/4157/4157 4158/4158/4158 4159/4159/4159
f 4157/4157/4157 4159/4159/4159 4160/4160/4160
f 4161/4161/4161 4162/4162/4162 4163/4163/4163
f 4161/4161/4161 4163/4163/4163 4164/4164/4164
f 4165/4165/4165 4166/4166/4166 4167/4167/4167
f 4165/4165/4165 4167/4167/4167 4168/4168/4168
f 4169/4169/4169 4170/4170/4170 4171/4171/4171
f 4169/4169/4169 4171/4171/4171 4172/4172/4172
f 4173/4173/4173 4174/4174/4174 4175/4175/4175
f 4173/4173/4173 4175/4175/4175 4176/4176/4176
f 4177/4177/4177 4178/4178/4178 4179/4179/4179
f 4177/4177/4177 4179/4179/4179 4180/4180/4180
f 4181/4181/4181 4182/4182/4182 4183/4183/4183
f 4181/4181/4181 4183/4183/4183 4184/4184/4184
f 4185/4185/4185 4186/4186/4186 4187/4187/4187
f 4185/4185/4185 4187/4187/4187 4188/4188/4188
f 4189/4189/4189 4190/4190/4190 4191/4191/4191
f 4189/4189/4189 4191/4191/4191 4192/4192/4192
f 4193/4193/4193 4194/4194/4194 4195/4195/4195
f 4193/4193/4193 4195/4195/4195 4196/4196/4196
f 4197/4197/4197 4198/4198/4198 4199/4199/4199
f 4197/4197/4197 4199/4199/4199 4200/4200/4200
f 4201/4201/4201 4202/4202/4202 4203/4203/4203
f 4201/4201/4201 4203/4203/4203 4204/4204/4204
f 4205/4205/4205 4206/4206/4206 4207/4207/4207
f 4205/4205/4205 4207/4207/4207 4208/4208/4208
f 4209/4209/4209 4210/4210/4210 4211/4211/4211
f 4209/4209/4209 4211/4211/4211 4212/4212/4212
f 4213/4213/4213 4214/4214/4214 4215/4215/4215
f 4213/4213/4213 4215/4215/4215 4216/4216/4216
f 4217/4217/4217 4218/4218/4218 4219/4219/4219
f 4217/4217/4217 4219/4219/4219 4220/4220/4220
f 4221/4221/4221 4222/4222/4222 4223/4223/4223
f 4221/4221/4221 4223/4223/4223 4224/4224/4224
f 4225/4225/4225 4226/4226/4226 4227/4227/4227
f 4225/4225/4225 4227/4227/4227 4228/4228/4228
f 4229/4229/4229 4230/4230/4230 4231/4231/4231
f 4229/4229/4229 4231/4231/4231 4232/4232/4232
f 4233/4233/4233 4234/4234/4234 4235/4235/4235
f 4233/4233/4233 4235/4235/4235 4236/4236/4236
f 4237/4237/4237 4238/4238/4238 4239/4239/4239
f 4237/4237/4237 4239/4239/4239 4240/4240/4240
f 4241/4241/4241 4242/4242/4242 4243/4243/4243
f 4241/4241/4241 4243/4243/4243 4244/4244/4244
f 4245/4245/4245 4246/4246/4246 4247/4247/4247
f 4245/4245/4245 4247/4247/4247 4248/4248/4248
f 4249/4249/4249 4250/4250/4250 4251/4251/4251
f 4249/4249/4249 4251/4251/4251 4252/4252/4252
f 4253/4253/4253 4254/4254/4254 4255/4255/4255
f 4253/4253/4253 4255/4255/4255 4256/4256/4256
f 4257/4257/4257 4258/4258/4258 4259/4259/4259
f 4257/4257/4257 4259/4259/4259 4260/4260/4260
f 4261/4261/4261 4262/4262/4262 4263/4263/4263
f 4261/4261/4261 4263/4263/4263 4264/4264/4264
f 4265/4265/4265 4266/4266/4266 4267/4267/4267
f 4265/4265/4265 4267/4267/4267 4268/4268/4268
f 4269/4269/4269 4270/4270/4270 4271/4271/4271
f 4269/4269/4269 4271/4271/4271 4272/4272/4272
f 4273/4273/4273 4274/4274/4274 4275/4275/4275
f 4273/4273/4273 4275/4275/4275 4276/4276/4276
f 4277/4277/4277 4278/4278/4278 4279/4279/4279
f 4277/4277/4277 4279/4279/4279 4280/4280/4280
f 4281/4281/4281 4282/4282/4282 4283/4283/4283
f 4281/4281/4281 4283/4283/4283 4284/4284/4284
f 4285/4285/4285 4286/4286/4286 4287/4287/4287
f 4285/4285/4285 4287/4287/4287 4288/4288/4288
f 4289/4289/4289 4290/4290/4290 4291/4291/4291
f 4289/4289/4289 4291/4291/4291 4292/4292/4292
f 4293/4293/4293 4294/4294/4294 4295/4295/4295
f 4293/4293/4293 4295/4295/4295 4296/4296/4296
f 4297/4297/4297 4298/4298/4298 4299/4299/4299
f 4297/4297/4297 4299/4299/4299 4300/4300/4300
f 4301/4301/4301 4302/4302/4302 4303/4303/4303
f 4301/4301/4301 4303/4303/4303 4304/4304/4304
f 4305/4305/4305 4306/4306/4306 4307/4307/4307
f 4305/4305/4305 4307/4307/4307 4308/4308/4308
f 4309/4309/4309 4310/4310/4310 4311/4311/4311
f 4309/4309/4309 4311/4311/4311 4312/4312/4312
f 4313/4313/4313 4314/4314/4314 4315/4315/4315
f 4313/4313/4313 4315/4315/4315 4316/4316/4316
f 4317/4317/4317 4318/4318/4318 4319/4319/4319
f 4317/4317/4317 4319/4319/4319 4320/4320/4320
f 4321/4321/4321 4322/4322/4322 4323/4323/4323
f 4321/4321/4321 4323/4323/4323 4324/4324/4324
f 4325/4325/4325 4326/4326/4326 4327/4327/4327
f 4325/4325/4325 4327/4327/4327 4328/4328/4328
f 4329/4329/4329 4330/4330/4330 4331/4331/4331
f 4329/4329/4329 4331/4331/4331 4332/4332/4332
f 4333/4333/4333 4334/4334/4334 4335/4335/4335
f 4333/4333/4333 4335/4335/4335 4336/4336/4336
f 4337/4337/4337 4338/4338/4338 4339/4339/4339
f 4337/4337/4337 4339/4339/4339 4340/4340/4340
f 4341/4341/4341 4342/4342/4342 4343/4343/4343
f 4341/4341/4341 4343/4343/4343 4344/4344/4344
f 4345/4345/4345 4346/4346/4346 4347/4347/4347
f 4345/4345/4345 4347/4347/4347 4348/4348/4348
f 4349/4349/4349 4350/4350/4350 4351/4351/4351
f 4349/4349/4349 4351/4351/4351 4352/4352/4352
f 4353/4353/4353 4354/4354/4354 4355/4355/4355
f 4353/4353/4353 4355/4355/4355 4356/4356/4356
f 4357/4357/4357 4358/4358/4358 4359/4359/4359
f 4357/4357/4357 4359/4359/4359 4360/4360/4360
f 4361/4361/4361 4362/4362/4362 4363/4363/4363
f 4361/4361/4361 4363/4363/4363 4364/4364/4364
f 4365/4365/4365 4366/4366/4366 4367/4367/4367
f 4365/4365/4365 4367/4367/4367 4368/4368/4368
f 4369/4369/4369 4370/4370/4370 4371/4371/4371
f 4369/4369/4369 4371/4371/4371 4372/4372/4372
f 4373/4373/4373 4374/4374/4374 4375/4375/4375
f 4373/4373/4373 4375/4375/4375 4376/4376/4376
f 4377/4377/4377 4378/4378/4378 4379/4379/4379
f 4377/4377/4377 4379/4379/4379 4380/4380/4380
f 4381/4381/4381 4382/4382/4382 4383/4383/4383
f 4381/4381/4381 4383/4383/4383 4384/4384/4384
f 4385/4385/4385 4386/4386/4386 4387/4387/4387
f 4385/4385/4385 4387/4387/4387 4388/4388/4388
f 4389/4389/4389 4390/4390/4390 4391/4391/4391
f 4389/4389/4389 4391/4391/4391 4392/4392/4392
f 4393/4393/4393 4394/4394/4394 4395/4395/4395
f 4393/4393/4393 4395/4395/4395 4396/4396/4396
f 4397/4397/4397 4398/4398/4398 4399/4399/4399
f 4397/4397/4397 4399/4399/4399 4400/4400/4400
f 4401/4401/4401 4402/4402/4402 4403/4403/4403
f 4401/4401/4401 4403/4403/4403 4404/4404/4404
f 4405/4405/4405 4406/4406/4406 4407/4407/4407
f 4405/4405/4405 4407/4407/4407 4408/4408/4408
f 4409/4409/4409 4410/4410/4410 4411/4411/4411
f 4409/4409/4409 4411/4411/4411 4412/4412/4412
f 4413/4413/4413 4414/4414/4414 4415/4415/4415
f 4413/4413/4413 4415/4415/4415 4416/4416/4416
f 4417/4417/4417 4418/4418/4418 4419/4419/4419
f 4417/4417/4417 4419/4419/4419 4420/4420/4420
f 4421/4421/4421 4422/4422/4422 4423/4423/4423
f 4421/4421/4421 4423/4423/4423 4424/4424/4424
f 4425/4425/4425 4426/4426/4426 4427/4427/4427
f 4425/4425/4425 4427/4427/4427 4428/4428/4428
f 4429/4429/4429 4430/4430/4430 4431/4431/4431
f 4429/4429/4429 4431/4431/4431 4432/4432/4432
f 4433/4433/4433 4434/4434/4434 4435/4435/4435
f 4433/4433/4433 4435/4435/4435 4436/4436/4436
f 4437/4437/4437 4438/4438/4438 4439/4439/4439
f 4437/4437/4437 4439/4439/4439 4440/4440/4440
f 4441/4441/4441 4442/4442/4442 4443/4443/4443
f 4441/4441/4441 4443/4443/4443 4444/4444/4444
f 4445/4445/4445 4446/4446/4446 4447/4447/4447
f 4445/4445/4445 4447/4447/4447 4448/4448/4448
f 4449/4449/4449 4450/4450/4450 4451/4451/4451
f 4449/4449/4449 4451/4451/4451 4452/4452/4452
f 4453/4453/4453 4454/4454/4454 4455/4455/4455
f 4453/4453/4453 4455/4455/4455 4456/4456/4456
f 4457/4457/4457 4458/4458/4458 4459/4459/4459
f 4457/4457/4457 4459/4459/4459 4460/4460/4460
f 4461/4461/4461 4462/4462/4462 4463/4463/4463
f 4461/4461/4461 4463/4463/4463 4464/4464/4464
f 4465/4465/4465 4466/4466/4466 4467/4467/4467
f 4465/4465/4465 4467/4467/4467 4468/4468/4468
f 4469/4469/4469 4470/4470/4470 4471/4471/4471
f 4469/4469/4469 4471/4471/4471 4472/4472/4472
f 4473/4473/4473 4474/4474/4474 4475/4475/4475
f 4473/4473/4473 4475/4475/4475 4476/4476/4476
f 4477/4477/4477 4478/4478/4478 4479/4479/4479
f 4477/4477/4477 4479/4479/4479 4480/4480/4480
f 4481/4481/4481 4482/4482/4482 4483/4483/4483
f 4481/4481/4481 4483/4483/4483 4484/4484/4484
f 4485/4485/4485 4486/4486/4486 4487/4487/4487
f 4485/4485/4485 4487/4487/4487 4488/4488/4488
f 4489/4489/4489 4490/4490/4490 4491/4491/4491
f 4489/4489/4489 4491/4491/4491 4492/4492/4492
f 4493/4493/4493 4494/4494/4494 4495/4495/4495
f 4493/4493/4493 4495/4495/4495 4496/4496/4496
f 4497/4497/4497 4498/4498/4498 4499/4499/4499
f 4497/4497/4497 4499/4499/4499 4500/4500/4500
f 4501/4501/4501 4502/4502/4502 4503/4503/4503
f 4501/4501/4501 4503/4503/4503 4504/4504/4504
f 4505/4505/4505 4506/4506/4506 4507/4507/4507
f 4505/4505/4505 4507/4507/4507 4508/4508/4508
f 4509/4509/4509 4510/4510/4510 4511/4511/4511
f 4509/4509/4509 4511/4511/4511 4512/4512/4512
f 4513/4513/4513 4514/4514/4514 4515/4515/4515
f 4513/4513/4513 4515/4515/4515 4516/4516/4516
f 4517/4517/4517 4518/4518/4518 4519/4519/4519
f 4517/4517/4517 4519/4519/4519 4520/4520/4520
f 4521/4521/4521 4522/4522/4522 4523/4523/4523
f 4521/4521/4521 4523/4523/4523 4524/4524/4524
f 4525/4525/4525 4526/4526/4526 4527/4527/4527
f 4525/4525/4525 4527/4527/4527 4528/4528/4528
f 4529/4529/4529 4530/4530/4530 4531/4531/4531
f 4529/4529/4529 4531/4531/4531 4532/4532/4532
f 4533/4533/4533 4534/4534/4534 4535/4535/4535
f 4533/4533/4533 4535/4535/4535 4536/4536/4536
f 4537/4537/4537 4538/4538/4538 4539/4539/4539
f 4537/4537/4537 4539/4539/4539 4540/4540/4540
f 4541/4541/4541 4542/4542/4542 4543/4543/4543
f 4541/4541/4541 4543/4543/4543 4544/4544/4544
f 4545/4545/4545 4546/4546/4546 4547/4547/4547
f 4545/4545/4545 4547/4547/4547 4548/4548/4548
f 4549/4549/4549 4550/4550/4550 4551/4551/4551
f 4549/4549/4549 4551/4551/4551 4552/4552/4552
f 4553/4553/4553 4554/4554/4554 4555/4555/4555
f 4553/4553/4553 4555/4555/4555 4556/4556/4556
f 4557/4557/4557 4558/4558/4558 4559/4559/4559
f 4557/4557/4557 4559/4559/4559 4560/4560/4560
f 4561/4561/4561 4562/4562/4562 4563/4563/4563
f 4561/4561/4561 4563/4563/4563 4564/4564/4564
f 4565/4565/4565 4566/4566/4566 4567/4567/4567
f 4565/4565/4565 4567/4567/4567 4568/4568/4568
f 4569/4569/4569 4570/4570/4570 4571/4571/4571
f 4569/4569/4569 4571/4571/4571 4572/4572/4572
f 4573/4573/4573 4574/4574/4574 4575/4575/4575
f 4573/4573/4573 4575/4575/4575 4576/4576/4576
f 4577/4577/4577 4578/4578/4578 4579/4579/4579
f 4577/4577/4577 4579/4579/4579 4580/4580/4580
f 4581/4581/4581 4582/4582/4582 4583/4583/4583
f 4581/4581/4581 4583/4583/4583 4584/4584/4584
f 4585/4585/4585 4586/4586/4586 4587/4587/4587
f 4585/4585/4585 4587/4587/4587 4588/4588/4588
f 4589/4589/4589 4590/4590/4590 4591/4591/4591
f 4589/4589/4589 4591/4591/4591 4592/4592/4592
f 4593/4593/4593 4594/4594/4594 4595/4595/4595
f 4593/4593/4593 4595/4595/4595 4596/4596/4596
f 4597/4597/4597 4598/4598/4598 4599/4599/4599
f 4597/4597/4597 4599/4599/4599 4600/4600/4600
f 4601/4601/4601 4602/4602/4602 4603/4603/4603
f 4601/4601/4601 4603/4603/4603 4604/4604/4604
f 4605/4605/4605 4606/4606/4606 4607/4607/4607
f 4605/4605/4605 4607/4607/4607 4608/4608/4608
f 4609/4609/4609 4610/4610/4610 4611/4611/4611
f 4609/4609/4609 4611/4611/4611 4612/4612/4612
f 4613/4613/4613 4614/4614/4614 4615/4615/4615
f 4613/4613/4613 4615/4615/4615 4616/4616/4616
f 4617/4617/4617 4618/4618/4618 4619/4619/4619
f 4617/4617/4617 4619/4619/4619 4620/4620/4620
f 4621/4621/4621 4622/4622/4622 4623/4623/4623
f 4621/4621/4621 4623/4623/4623 4624/4624/4624
f 4625/4625/4625 4626/4626/4626 4627/4627/4627
f 4625/4625/4625 4627/4627/4627 4628/4628/4628
f 4629/4629/4629 4630/4630/4630 4631/4631/4631
f 4629/4629/4629 4631/4631/4631 4632/4632/4632
f 4633/4633/4633 4634/4634/4634 4635/4635/4635
f 4633/4633/4633 4635/4635/4635 4636/4636/4636
f 4637/4637/4637 4638/4638/4638 4639/4639/4639
f 4637/4637/4637 4639/4639/4639 4640/4640/4640
f 4641/4641/4641 4642/4642/4642 4643/4643/4643
f 4641/4641/4641 4643/4643/4643 4644/4644/4644
f 4645/4645/4645 4646/4646/4646 4647/4647/4647
f 4645/4645/4645 4647/4647/4647 4648/4648/4648
f 4649/4649/4649 4650/4650/4650 4651/4651/4651
f 4649/4649/4649 4651/4651/4651 4652/4652/4652
f 4653/4653/4653 4654/4654/4654 4655/4655/4655
f 4653/4653/4653 4655/4655/4655 4656/4656/4656
f 4657/4657/4657 4658/4658/4658 4659/4659/4659
f 4657/4657/4657 4659/4659/4659 4660/4660/4660
f 4661/4661/4661 4662/4662/4662 4663/4663/4663
f 4661/4661/4661 4663/4663/4663 4664/4664/4664
f 4665/4665/4665 4666/4666/4666 4667/4667/4667
f 4665/4665/4665 4667/4667/4667 4668/4668/4668
f 4669/4669/4669 4670/4670/4670 4671/4671/4671
f 4669/4669/4669 4671/4671/4671 4672/4672/4672
f 4673/4673/4673 4674/4674/4674 4675/4675/4675
f 4673/4673/4673 4675/4675/4675 4676/4676/4676
f 4677/4677/4677 4678/4678/4678 4679/4679/4679
f 4677/4677/4677 4679/4679/4679 4680/4680/4680
f 4681/4681/4681 4682/4682/4682 4683/4683/4683
f 4681/4681/4681 4683/4683/4683 4684/4684/4684
f 4685/4685/4685 4686/4686/4686 4687/4687/4687
f 4685/4685/4685 4687/4687/4687 4688/4688/4688
f 4689/4689/4689 4690/4690/4690 4691/4691/4691
f 4689/4689/4689 4691/4691/4691 4692/4692/4692
f 4693/4693/4693 4694/4694/4694 4695/4695/4695
f 4693/4693/4693 4695/4695/4695 4696/4696/4696
f 4697/4697/4697 4698/4698/4698 4699/4699/4699
f 4697/4697/4697 4699/4699/4699 4700/4700/4700
f 4701/4701/4701 4702/4702/4702 4703/4703/4703
f 4701/4701/4701 4703/4703/4703 4704/4704/4704
f 4705/4705/4705 4706/4706/4706 4707/4707/4707
f 4705/4705/4705 4707/4707/4707 4708/4708/4708
f 4709/4709/4709 4710/4710/4710 4711/4711/4711
f 4709/4709/4709 4711/4711/4711 4712/4712/4712
f 4713/4713/4713 4714/4714/4714 4715/4715/4715
f 4713/4713/4713 4715/4715/4715 4716/4716/4716
f 4717/4717/4717 4718/4718/4718 4719/4719/4719
f 4717/4717/4717 4719/4719/4719 4720/4720/4720
f 4721/4721/4721 4722/4722/4722 4723/4723/4723
f 4721/4721/4721 4723/4723/4723 4724/4724/4724
f 4725/4725/4725 4726/4726/4726 4727/4727/4727
f 4725/4725/4725 4727/4727/4727 4728/4728/4728
f 4729/4729/4729 4730/4730/4730 4731/4731/4731
f 4729/4729/4729 4731/4731/4731 4732/4732/4732
f 4733/4733/4733 4734/4734/4734 4735/4735/4735
f 4733/4733/4733 4735/4735/4735 4736/4736/4736
f 4737/4737/4737 4738/4738/4738 4739/4739/4739
f 4737/4737/4737 4739/4739/4739 4740/4740/4740
f 4741/4741/4741 4742/4742/4742 4743/4743/4743
f 4741/4741/4741 4743/4743/4743 4744/4744/4744
f 4745/4745/4745 4746/4746/4746 4747/4747/4747
f 4745/4745/4745 4747/4747/4747 4748/4748/4748
f 4749/4749/4749 4750/4750/4750 4751/4751/4751
f 4749/4749/4749 4751/4751/4751 4752/4752/4752
f 4753/4753/4753 4754/4754/4754 4755/4755/4755
f 4753/4753/4753 4755/4755/4755 4756/4756/4756
f 4757/4757/4757 4758/4758/4758 4759/4759/4759
f 4757/4757/4757 4759/4759/4759 4760/4760/4760
f 4761/4761/4761 4762/4762/4762 4763/4763/4763
f 4761/4761/4761 4763/4763/4763 4764/4764/4764
f 4765/4765/4765 4766/4766/4766 4767/4767/4767
f 4765/4765/4765 4767/4767/4767 4768/4768/4768
f 4769/4769/4769 4770/4770/4770 4771/4771/4771
f 4769/4769/4769 4771/4771/4771 4772/4772/4772
f 4773/4773/4773 4774/4774/4774 4775/4775/4775
f 4773/4773/4773 4775/4775/4775 4776/4776/4776
f 4777/4777/4777 4778/4778/4778 4779/4779/4779
f 4777/4777/4777 4779/4779/4779 4780/4780/4780
f 4781/4781/4781 4782/4782/4782 4783/4783/4783
f 4781/4781/4781 4783/4783/4783 4784/4784/4784
f 4785/4785/4785 4786/4786/4786 4787/4787/4787
f 4785/4785/4785 4787/4787/4787 4788/4788/4788
f 4789/4789/4789 4790/4790/4790 4791/4791/4791
f 4789/4789/4789 4791/4791/4791 4792/4792/4792
f 4793/4793/4793 4794/4794/4794 4795/4795/4795
f 4793/4793/4793 4795/4795/4795 4796/4796/4796
f 4797/4797/4797 4798/4798/4798 4799/4799/4799
f 4797/4797/4797 4799/4799/4799 4800/4800/4800
f 4801/4801/4801 4802/4802/4802 4803/4803/4803
f 4801/4801/4801 4803/4803/4803 4804/4804/4804
f 4805/4805/4805 4806/4806/4806 4807/4807/4807
f 4805/4805/4805 4807/4807/4807 4808/4808/4808
f 4809/4809/4809 4810/4810/4810 4811/4811/4811
f 4809/4809/4809 4811/4811/4811 4812/4812/4812
f 4813/4813/4813 4814/4814/4814 4815/4815/4815
f 4813/4813/4813 4815/4815/4815 4816/4816/4816
f 4817/4817/4817 4818/4818/4818 4819/4819/4819
f 4817/4817/4817 4819/4819/4819 4820/4820/4820
f 4821/4821/4821 4822/4822/4822 4823/4823/4823
f 4821/4821/4821 4823/4823/4823 4824/4824/4824
f 4825/4825/4825 4826/4826/4826 4827/4827/4827
f 4825/4825/4825 4827/4827/4827 4828/4828/4828
f 4829/4829/4829 4830/4830/4830 4831/4831/4831
f 4829/4829/4829 4831/4831/4831 4832/4832/4832
f 4833/4833/4833 4834/4834/4834 4835/4835/4835
f 4833/4833/4833 4835/4835/4835 4836/4836/4836
f 4837/4837/4837 4838/4838/4838 4839/4839/4839
f 4837/4837/4837 4839/4839/4839 4840/4840/4840
f 4841/4841/4841 4842/4842/4842 4843/4843/4843
f 4841/4841/4841 4843/4843/4843 4844/4844/4844
f 4845/4845/4845 4846/4846/4846 4847/4847/4847
f 4845/4845/4845 4847/4847/4847 4848/4848/4848
f 4849/4849/4849 4850/4850/4850 4851/4851/4851
f 4849/4849/4849 4851/4851/4851 4852/4852/4852
f 4853/4853/4853 4854/4854/4854 4855/4855/4855
f 4853/4853/4853 4855/4855/4855 4856/4856/4856
f 4857/4857/4857 4858/4858/4858 4859/4859/4859
f 4857/4857/4857 4859/4859/4859 4860/4860/4860
f 4861/4861/4861 4862/4862/4862 4863/4863/4863
f 4861/4861/4861 4863/4863/4863 4864/4864/4864
f 4865/4865/4865 4866/4866/4866 4867/4867/4867
f 4865/4865/4865 4867/4867/4867 4868/4868/4868
f 4869/4869/4869 4870/4870/4870 4871/4871/4871
f 4869/4869/4869 4871/4871/4871 4872/4872/4872
f 4873/4873/4873 4874/4874/4874 4875/4875/4875
f 4873/4873/4873 4875/4875/4875 4876/4876/4876
f 4877/4877/4877 4878/4878/4878 4879/4879/4879
f 4877/4877/4877 4879/4879/4879 4880/4880/4880
f 4881/4881/4881 4882/4882/4882 4883/4883/4883
f 4881/4881/4881 4883/4883/4883 4884/4884/4884
f 4885/4885/4885 4886/4886/4886 4887/4887/4887
f 4885/4885/4885 4887/4887/4887 4888/4888/4888
f 4889/4889/4889 4890/4890/4890 4891/4891/4891
f 4889/4889/4889 4891/4891/4891 4892/4892/4892
f 4893/4893/4893 4894/4894/4894 4895/4895/4895
f 4893/4893/4893 4895/4895/4895 4896/4896/4896
f 4897/4897/4897 4898/4898/4898 4899/4899/4899
f 4897/4897/4897 4899/4899/4899 4900/4900/4900
f 4901/4901/4901 4902/4902/4902 4903/4903/4903
f 4901/4901/4901 4903/4903/4903 4904/4904/4904
f 4905/4905/4905 4906/4906/4906 4907/4907/4907
f 4905/4905/4905 4907/4907/4907 4908/4908/4908
f 4909/4909/4909 4910/4910/4910 4911/4911/4911
f 4909/4909/4909 4911/4911/4911 4912/4912/4912
f 4913/4913/4913 4914/4914/4914 4915/4915/4915
f 4913/4913/4913 4915/4915/4915 4916/4916/4916
f 4917/4917/4917 4918/4918/4918 4919/4919/4919
f 4917/4917/4917 4919/4919/4919 4920/4920/4920
f 4921/4921/4921 4922/4922/4922 4923/4923/4923
f 4921/4921/4921 4923/4923/4923 4924/4924/4924
f 4925/4925/4925 4926/4926/4926 4927/4927/4927
f 4925/4925/4925 4927/4927/4927 4928/4928/4928
f 4929/4929/4929 4930/4930/4930 4931/4931/4931
f 4929/4929/4929 4931/4931/4931 4932/4932/4932
f 4933/4933/4933 4934/4934/4934 4935/4935/4935
f 4933/4933/4933 4935/4935/4935 4936/4936/4936
f 4937/4937/4937 4938/4938/4938 4939/4939/4939
f 4937/4937/4937 4939/4939/4939 4940/4940/4940
f 4941/4941/4941 4942/4942/4942 4943/4943/4943
f 4941/4941/4941 4943/4943/4943 4944/4944/4944
f 4945/4945/4945 4946/4946/4946 4947/4947/4947
f 4945/4945/4945 4947/4947/4947 4948/4948/4948
f 4949/4949/4949 4950/4950/4950 4951/4951/4951
f 4949/4949/4949 4951/4951/4951 4952/4952/4952
f 4953/4953/4953 4954/4954/4954 4955/4955/4955
f 4953/4953/4953 4955/4955/4955 4956/4956/4956
f 4957/4957/4957 4958/4958/4958 4959/4959/4959
f 4957/4957/4957 4959/4959/4959 4960/4960/4960
f 4961/4961/4961 4962/4962/4962 4963/4963/4963
f 4961/4961/4961 4963/4963/4963 4964/4964/4964
f 4965/4965/4965 4966/4966/4966 4967/4967/4967
f 4965/4965/4965 4967/4967/4967 4968/4968/4968
f 4969/4969/4969 4970/4970/4970 4971/4971/4971
f 4969/4969/4969 4971/4971/4971 4972/4972/4972
f 4973/4973/4973 4974/4974/4974 4975/4975/4975
f 4973/4973/4973 4975/4975/4975 4976/4976/4976
f 4977/4977/4977 4978/4978/4978 4979/4979/4979
f 4977/4977/4977 4979/4979/4979 4980/4980/4980
f 4981/4981/4981 4982/4982/4982 4983/4983/4983
f 4981/4981/4981 4983/4983/4983 4984/4984/4984
f 4985/4985/4985 4986/4986/4986 4987/4987/4987
f 4985/4985/4985 4987/4987/4987 4988/4988/4988
f 4989/4989/4989 4990/4990/4990 4991/4991/4991
f 4989/4989/4989 4991/4991/4991 4992/4992/4992
f 4993/4993/4993 4994/4994/4994 4995/4995/4995
f 4993/4993/4993 4995/4995/4995 4996/4996/4996
f 4997/4997/4997 4998/4998/4998 4999/4999/4999
f 4997/4997/4997 4999/4999/4999 5000/5000/5000
f 5001/5001/5001 5002/5002/5002 5003/5003/5003
f 5001/5001/5001 5003/5003/5003 5004/5004/5004
f 5005/5005/5005 5006/5006/5006 5007/5007/5007
f 5005/5005/5005 5007/5007/5007 5008/5008/5008
f 5009/5009/5009 5010/5010/5010 5011/5011/5011
f 5009/5009/5009 5011/5011/5011 5012/5012/5012
f 5013/5013/5013 5014/5014/5014 5015/5015/5015
f 5013/5013/5013 5015/5015/5015 5016/5016/5016
f 5017/5017/5017 5018/5018/5018 5019/5019/5019
f 5017/5017/5017 5019/5019/5019 5020/5020/5020
f 5021/5021/5021 5022/5022/5022 5023/5023/5023
f 5021/5021/5021 5023/5023/5023 5024/5024/5024
f 5025/5025/5025 5026/5026/5026 5027/5027/5027
f 5025/5025/5025 5027/5027/5027 5028/5028/5028
f 5029/5029/5029 5030/5030/5030 5031/5031/5031
f 5029/5029/5029 5031/5031/5031 5032/5032/5032
f 5033/5033/5033 5034/5034/5034 5035/5035/5035
f 5033/5033/5033 5035/5035/5035 5036/5036/5036
f 5037/5037/5037 5038/5038/5038 5039/5039/5039
f 5037/5037/5037 5039/5039/5039 5040/5040/5040
f 5041/5041/5041 5042/5042/5042 5043/5043/5043
f 5041/5041/5041 5043/5043/5043 5044/5044/5044
f 5045/5045/5045 5046/5046/5046 5047/5047/5047
f 5045/5045/5045 5047/5047/5047 5048/5048/5048
f 5049/5049/5049 5050/5050/5050 5051/5051/5051
f 5049/5049/5049 5051/5051/5051 5052/5052/5052
f 5053/5053/5053 5054/5054/5054 5055/5055/5055
f 5053/5053/5053 5055/5055/5055 5056/5056/5056
f 5057/5057/5057 5058/5058/5058 5059/5059/5059
f 5057/5057/5057 5059/5059/5059 5060/5060/5060
f 5061/5061/5061 5062/5062/5062 5063/5063/5063
f 5061/5061/5061 5063/5063/5063 5064/5064/5064
f 5065/5065/5065 5066/5066/5066 5067/5067/5067
f 5065/5065/5065 5067/5067/5067 5068/5068/5068
f 5069/5069/5069 5070/5070/5070 5071/5071/5071
f 5069/5069/5069 5071/5071/5071 5072/5072/5072
f 5073/5073/5073 5074/5074/5074 5075/5075/5075
f 5073/5073/5073 5075/5075/5075 5076/5076/5076
f 5077/5077/5077 5078/5078/5078 5079/5079/5079
f 5077/5077/5077 5079/5079/5079 5080/5080/5080
f 5081/5081/5081 5082/5082/5082 5083/5083/5083
f 5081/5081/5081 5083/5083/5083 5084/5084/5084
f 5085/5085/5085 5086/5086/5086 5087/5087/5087
f 5085/5085/5085 5087/5087/5087 5088/5088/5088
f 5089/5089/5089 5090/5090/5090 5091/5091/5091
f 5089/5089/5089 5091/5091/5091 5092/5092/5092
f 5093/5093/5093 5094/5094/5094 5095/5095/5095
f 5093/5093/5093 5095/5095/5095 5096/5096/5096
f 5097/5097/5097 5098/5098/5098 5099/5099/5099
f 5097/5097/5097 5099/5099/5099 5100/5100/5100
f 5101/5101/5101 5102/5102/5102 5103/5103/5103
f 5101/5101/5101 5103/5103/5103 5104/5104/5104
f 5105/5105/5105 5106/5106/5106 5107/5107/5107
f 5105/5105/5105 5107/5107/5107 5108/5108/5108
f 5109/5109/5109 5110/5110/5110 5111/5111/5111
f 5109/5109/5109 5111/5111/5111 5112/5112/5112
f 5113/5113/5113 5114/5114/5114 5115/5115/5115
f 5113/5113/5113 5115/5115/5115 5116/5116/5116
f 5117/5117/5117 5118/5118/5118 5119/5119/5119
f 5117/5117/5117 5119/5119/5119 5120/5120/5120
f 5121/5121/5121 5122/5122/5122 5123/5123/5123
f 5121/5121/5121 5123/5123/5123 5124/5124/5124
f 5125/5125/5125 5126/5126/5126 5127/5127/5127
f 5125/5125/5125 5127/5127/5127 5128/5128/5128
f 5129/5129/5129 5130/5130/5130 5131/5131/5131
f 5129/5129/5129 5131/5131/5131 5132/5132/5132
f 5133/5133/5133 5134/5134/5134 5135/5135/5135
f 5133/5133/5133 5135/5135/5135 5136/5136/5136
f 5137/5137/5137 5138/5138/5138 5139/5139/5139
f 5137/5137/5137 5139/5139/5139 5140/5140/5140
f 5141/5141/5141 5142/5142/5142 5143/5143/5143
f 5141/5141/5141 5143/5143/5143 5144/5144/5144
f 5145/5145/5145 5146/5146/5146 5147/5147/5147
f 5145/5145/5145 5147/5147/5147 5148/5148/5148
f 5149/5149/5149 5150/5150/5150 5151/5151/5151
f 5149/5149/5149 5151/5151/5151 5152/5152/5152
f 5153/5153/5153 5154/5154/5154 5155/5155/5155
f 5153/5153/5153 5155/5155/5155 5156/5156/5156
f 5157/5157/5157 5158/5158/5158 5159/5159/5159
f 5157/5157/5157 5159/5159/5159 5160/5160/5160
f 5161/5161/5161 5162/5162/5162 5163/5163/5163
f 5161/5161/5161 5163/5163/5163 5164/5164/5164
f 5165/5165/5165 5166/5166/5166 5167/5167/5167
f 5165/5165/5165 5167/5167/5167 5168/5168/5168
f 5169/5169/5169 5170/5170/5170 5171/5171/5171
f 5169/5169/5169 5171/5171/5171 5172/5172/5172
f 5173/5173/5173 5174/5174/5174 5175/5175/5175
f 5173/5173/5173 5175/5175/5175 5176/5176/5176
f 5177/5177/5177 5178/5178/5178 5179/5179/5179
f 5177/5177/5177 5179/5179/5179 5180/5180/5180
f 5181/5181/5181 5182/5182/5182 5183/5183/5183
f 5181/5181/5181 5183/5183/5183 5184/5184/5184
f 5185/5185/5185 5186/5186/5186 5187/5187/5187
f 5185/5185/5185 5187/5187/5187 5188/5188/5188
f 5189/5189/5189 5190/5190/5190 5191/5191/5191
f 5189/5189/5189 5191/5191/5191 5192/5192/5192
f 5193/5193/5193 5194/5194/5194 5195/5195/5195
f 5193/5193/5193 5195/5195/5195 5196/5196/5196
f 5197/5197/5197 5198/5198/5198 5199/5199/5199
f 5197/5197/5197 5199/5199/5199 5200/5200/5200
f 5201/5201/5201 5202/5202/5202 5203/5203/5203
f 5201/5201/5201 5203/5203/5203 5204/5204/5204
f 5205/5205/5205 5206/5206/5206 5207/5207/5207
f 5205/5205/5205 5207/5207/5207 5208/5208/5208
f 5209/5209/5209 5210/5210/5210 5211/5211/5211
f 5209/5209/5209 5211/5211/5211 5212/5212/5212
f 5213/5213/5213 5214/5214/5214 5215/5215/5215
f 5213/5213/5213 5215/5215/5215 5216/5216/5216
f 5217/5217/5217 5218/5218/5218 5219/5219/5219
f 5217/5217/5217 5219/5219/5219 5220/5220/5220
f 5221/5221/5221 5222/5222/5222 5223/5223/5223
f 5221/5221/5221 5223/5223/5223 5224/5224/5224
f 5225/5225/5225 5226/5226/5226 5227/5227/5227
f 5225/5225/5225 5227/5227/5227 5228/5228/5228
f 5229/5229/5229 5230/5230/5230 5231/5231/5231
f 5229/5229/5229 5231/5231/5231 5232/5232/5232
f 5233/5233/5233 5234/5234/5234 5235/5235/5235
f 5233/5233/5233 5235/5235/5235 5236/5236/5236
f 5237/5237/5237 5238/5238/5238 5239/5239/5239
f 5237/5237/5237 5239/5239/5239 5240/5240/5240
f 5241/5241/5241 5242/5242/5242 5243/5243/5243
f 5241/5241/5241 5243/5243/5243 5244/5244/5244
f 5245/5245/5245 5246/5246/5246 5247/5247/5247
f 5245/5245/5245 5247/5247/5247 5248/5248/5248
f 5249/5249/5249 5250/5250/5250 5251/5251/5251
f 5249/5249/5249 5251/5251/5251 5252/5252/5252
f 5253/5253/5253 5254/5254/5254 5255/5255/5255
f 5253/5253/5253 5255/5255/5255 5256/5256/5256
f 5257/5257/5257 5258/5258/5258 5259/5259/5259
f 5257/5257/5257 5259/5259/5259 5260/5260/5260
f 5261/5261/5261 5262/5262/5262 5263/5263/5263
f 5261/5261/5261 5263/5263/5263 5264/5264/5264
f 5265/5265/5265 5266/5266/5266 5267/5267/5267
f 5265/5265/5265 5267/5267/5267 5268/5268/5268
f 5269/5269/5269 5270/5270/5270 5271/5271/5271
f 5269/5269/5269 5271/5271/5271 5272/5272/5272
f 5273/5273/5273 5274/5274/5274 5275/5275/5275
f 5273/5273/5273 5275/5275/5275 5276/5276/5276
f 5277/5277/5277 5278/5278/5278 5279/5279/5279
f 5277/5277/5277 5279/5279/5279 5280/5280/5280
f 5281/5281/5281 5282/5282/5282 5283/5283/5283
f 5281/5281/5281 5283/5283/5283 5284/5284/5284
f 5285/5285/5285 5286/5286/5286 5287/5287/5287
f 5285/5285/5285 5287/5287/5287 5288/5288/5288
f 5289/5289/5289 5290/5290/5290 5291/5291/5291
f 5289/5289/5289 5291/5291/5291 5292/5292/5292
f 5293/5293/5293 5294/5294/5294 5295/5295/5295
f 5293/5293/5293 5295/5295/5295 5296/5296/5296
f 5297/5297/5297 5298/5298/5298 5299/5299/5299
f 5297/5297/5297 5299/5299/5299 5300/5300/5300
f 5301/5301/5301 5302/5302/5302 5303/5303/5303
f 5301/5301/5301 5303/5303/5303 5304/5304/5304
f 5305/5305/5305 5306/5306/5306 5307/5307/5307
f 5305/5305/5305 5307/5307/5307 5308/5308/5308
f 5309/5309/5309 5310/5310/5310 5311/5311/5311
f 5309/5309/5309 5311/5311/5311 5312/5312/5312
