v 1.33745 -0.321966 -0.076977
v 1.25638 -0.332094 0.531399
v 1.25638 -0.411089 0.531399
v 1.25638 -0.411089 0.531399
v 1.33745 -0.398923 -0.076977
v 1.33745 -0.321966 -0.076977
v 1.25638 -0.332094 0.531399
v 1.02295 -0.370983 1.01917
v 1.02295 -0.442864 1.01917
v 1.02295 -0.442864 1.01917
v 1.25638 -0.411089 0.531399
v 1.25638 -0.332094 0.531399
v 1.02295 -0.370983 1.01917
v 0.665308 -0.436066 1.30585
v 0.665308 -0.489905 1.30585
v 0.665308 -0.489905 1.30585
v 1.02295 -0.442864 1.01917
v 1.02295 -0.370983 1.01917
v 0.665308 -0.436066 1.30585
v 0.226598 -0.481819 1.42105
v 0.226598 -0.522146 1.42105
v 0.226598 -0.522146 1.42105
v 0.665308 -0.489905 1.30585
v 0.665308 -0.436066 1.30585
v 0.226598 -0.481819 1.42105
v -0.240267 -0.481819 1.42139
v -0.240267 -0.522146 1.42139
v -0.240267 -0.522146 1.42139
v 0.226598 -0.522146 1.42105
v 0.226598 -0.481819 1.42105
v -0.240267 -0.481819 1.42139
v -0.678976 -0.436066 1.30674
v -0.678976 -0.489412 1.30674
v -0.678976 -0.489412 1.30674
v -0.240267 -0.522146 1.42139
v -0.240267 -0.481819 1.42139
v -0.678976 -0.436066 1.30674
v -1.03662 -0.370983 1.02022
v -1.03662 -0.440165 1.02022
v -1.03662 -0.440165 1.02022
v -0.678976 -0.489412 1.30674
v -0.678976 -0.436066 1.30674
v -1.03662 -0.370983 1.02022
v -1.27005 -0.332094 0.532182
v -1.27005 -0.404701 0.532182
v -1.27005 -0.404701 0.532182
v -1.03662 -0.440165 1.02022
v -1.03662 -0.370983 1.02022
v -1.27005 -0.332094 0.532182
v -1.35112 -0.321966 -0.076602
v -1.35112 -0.390722 -0.076602
v -1.35112 -0.390722 -0.076602
v -1.27005 -0.404701 0.532182
v -1.27005 -0.332094 0.532182
v -1.35112 -0.321966 -0.076602
v -1.27005 -0.320883 -0.6452
v -1.27005 -0.38853 -0.6452
v -1.27005 -0.38853 -0.6452
v -1.35112 -0.390722 -0.076602
v -1.35112 -0.321966 -0.076602
v -1.27005 -0.320883 -0.6452
v -1.03662 -0.337965 -1.04658
v -1.03662 -0.399814 -1.04658
v -1.03662 -0.399814 -1.04658
v -1.27005 -0.38853 -0.6452
v -1.27005 -0.320883 -0.6452
v -1.03662 -0.337965 -1.04658
v -0.678976 -0.365453 -1.25561
v -0.678976 -0.417248 -1.25561
v -0.678976 -0.417248 -1.25561
v -1.03662 -0.399814 -1.04658
v -1.03662 -0.337965 -1.04658
v -0.678976 -0.365453 -1.25561
v -0.240267 -0.381518 -1.32876
v -0.240267 -0.427647 -1.32876
v -0.240267 -0.427647 -1.32876
v -0.678976 -0.417248 -1.25561
v -0.678976 -0.365453 -1.25561
v -0.240267 -0.381518 -1.32876
v 0.226598 -0.381518 -1.32876
v 0.226598 -0.427647 -1.32876
v 0.226598 -0.427647 -1.32876
v -0.240267 -0.427647 -1.32876
v -0.240267 -0.381518 -1.32876
v 0.226598 -0.381518 -1.32876
v 0.665307 -0.365453 -1.25561
v 0.665307 -0.417782 -1.25561
v 0.665307 -0.417782 -1.25561
v 0.226598 -0.427647 -1.32876
v 0.226598 -0.381518 -1.32876
v 0.665307 -0.365453 -1.25561
v 1.02295 -0.337965 -1.04659
v 1.02295 -0.402397 -1.04659
v 1.02295 -0.402397 -1.04659
v 0.665307 -0.417782 -1.25561
v 0.665307 -0.365453 -1.25561
v 1.02295 -0.337965 -1.04659
v 1.25638 -0.320883 -0.645306
v 1.25638 -0.394629 -0.645306
v 1.25638 -0.394629 -0.645306
v 1.02295 -0.402397 -1.04659
v 1.02295 -0.337965 -1.04659
v 1.25638 -0.320883 -0.645306
v 1.33745 -0.321966 -0.076977
v 1.33745 -0.398923 -0.076977
v 1.33745 -0.398923 -0.076977
v 1.25638 -0.394629 -0.645306
v 1.25638 -0.320883 -0.645306
v 1.33745 -0.398923 -0.076977
v 1.25638 -0.411089 0.531399
v 1.25638 -0.497169 0.531399
v 1.25638 -0.497169 0.531399
v 1.33745 -0.488936 -0.076977
v 1.33745 -0.398923 -0.076977
v 1.25638 -0.411089 0.531399
v 1.02295 -0.442864 1.01917
v 1.02295 -0.514114 1.01917
v 1.02295 -0.514114 1.01917
v 1.25638 -0.497169 0.531399
v 1.25638 -0.411089 0.531399
v 1.02295 -0.442864 1.01917
v 0.665308 -0.489905 1.30585
v 0.665308 -0.541878 1.30585
v 0.665308 -0.541878 1.30585
v 1.02295 -0.514114 1.01917
v 1.02295 -0.442864 1.01917
v 0.665308 -0.489905 1.30585
v 0.226598 -0.522146 1.42105
v 0.226598 -0.562281 1.42105
v 0.226598 -0.562281 1.42105
v 0.665308 -0.541878 1.30585
v 0.665308 -0.489905 1.30585
v 0.226598 -0.522146 1.42105
v -0.240267 -0.522146 1.42139
v -0.240267 -0.562281 1.42139
v -0.240267 -0.562281 1.42139
v 0.226598 -0.562281 1.42105
v 0.226598 -0.522146 1.42105
v -0.240267 -0.522146 1.42139
v -0.678976 -0.489412 1.30674
v -0.678976 -0.53987 1.30674
v -0.678976 -0.53987 1.30674
v -0.240267 -0.562281 1.42139
v -0.240267 -0.522146 1.42139
v -0.678976 -0.489412 1.30674
v -1.03662 -0.440165 1.02022
v -1.03662 -0.50364 1.02022
v -1.03662 -0.50364 1.02022
v -0.678976 -0.53987 1.30674
v -0.678976 -0.489412 1.30674
v -1.03662 -0.440165 1.02022
v -1.27005 -0.404701 0.532182
v -1.27005 -0.472801 0.532182
v -1.27005 -0.472801 0.532182
v -1.03662 -0.50364 1.02022
v -1.03662 -0.440165 1.02022
v -1.27005 -0.404701 0.532182
v -1.35112 -0.390722 -0.076602
v -1.35112 -0.457351 -0.076602
v -1.35112 -0.457351 -0.076602
v -1.27005 -0.472801 0.532182
v -1.27005 -0.404701 0.532182
v -1.35112 -0.390722 -0.076602
v -1.27005 -0.38853 -0.6452
v -1.27005 -0.454445 -0.645199
v -1.27005 -0.454445 -0.645199
v -1.35112 -0.457351 -0.076602
v -1.35112 -0.390722 -0.076602
v -1.27005 -0.38853 -0.6452
v -1.03662 -0.399814 -1.04658
v -1.03662 -0.46184 -1.04658
v -1.03662 -0.46184 -1.04658
v -1.27005 -0.454445 -0.645199
v -1.27005 -0.38853 -0.6452
v -1.03662 -0.399814 -1.04658
v -0.678976 -0.417248 -1.25561
v -0.678976 -0.472487 -1.25561
v -0.678976 -0.472487 -1.25561
v -1.03662 -0.46184 -1.04658
v -1.03662 -0.399814 -1.04658
v -0.678976 -0.417248 -1.25561
v -0.240267 -0.427647 -1.32876
v -0.240267 -0.478538 -1.32876
v -0.240267 -0.478538 -1.32876
v -0.678976 -0.472487 -1.25561
v -0.678976 -0.417248 -1.25561
v -0.240267 -0.427647 -1.32876
v 0.226598 -0.427647 -1.32876
v 0.226598 -0.478538 -1.32876
v 0.226598 -0.478538 -1.32876
v -0.240267 -0.478538 -1.32876
v -0.240267 -0.427647 -1.32876
v 0.226598 -0.427647 -1.32876
v 0.665307 -0.417782 -1.25561
v 0.665307 -0.474896 -1.25561
v 0.665307 -0.474896 -1.25561
v 0.226598 -0.478538 -1.32876
v 0.226598 -0.427647 -1.32876
v 0.665307 -0.417782 -1.25561
v 1.02295 -0.402397 -1.04659
v 1.02295 -0.472772 -1.04659
v 1.02295 -0.472772 -1.04659
v 0.665307 -0.474896 -1.25561
v 0.665307 -0.417782 -1.25561
v 1.02295 -0.402397 -1.04659
v 1.25638 -0.394629 -0.645306
v 1.25638 -0.478735 -0.645306
v 1.25638 -0.478735 -0.645306
v 1.02295 -0.472772 -1.04659
v 1.02295 -0.402397 -1.04659
v 1.25638 -0.394629 -0.645306
v 1.33745 -0.398923 -0.076977
v 1.33745 -0.488936 -0.076977
v 1.33745 -0.488936 -0.076977
v 1.25638 -0.478735 -0.645306
v 1.25638 -0.394629 -0.645306
v 1.33745 -0.488936 -0.076977
v 1.25638 -0.497169 0.531399
v 1.25638 -0.588593 0.531399
v 1.25638 -0.588593 0.531399
v 1.33745 -0.589893 -0.076977
v 1.33745 -0.488936 -0.076977
v 1.25638 -0.497169 0.531399
v 1.02295 -0.514114 1.01917
v 1.02295 -0.584583 1.01917
v 1.02295 -0.584583 1.01917
v 1.25638 -0.588593 0.531399
v 1.25638 -0.497169 0.531399
v 1.02295 -0.514114 1.01917
v 0.665308 -0.541878 1.30585
v 0.665308 -0.591819 1.30584
v 0.665308 -0.591819 1.30584
v 1.02295 -0.584583 1.01917
v 1.02295 -0.514114 1.01917
v 0.665308 -0.541878 1.30585
v 0.226598 -0.562281 1.42105
v 0.226598 -0.6015 1.42105
v 0.226598 -0.6015 1.42105
v 0.665308 -0.591819 1.30584
v 0.665308 -0.541878 1.30585
v 0.226598 -0.562281 1.42105
v -0.240267 -0.562281 1.42139
v -0.240267 -0.6015 1.42139
v -0.240267 -0.6015 1.42139
v 0.226598 -0.6015 1.42105
v 0.226598 -0.562281 1.42105
v -0.240267 -0.562281 1.42139
v -0.678976 -0.53987 1.30674
v -0.678976 -0.587226 1.30674
v -0.678976 -0.587226 1.30674
v -0.240267 -0.6015 1.42139
v -0.240267 -0.562281 1.42139
v -0.678976 -0.53987 1.30674
v -1.03662 -0.50364 1.02022
v -1.03662 -0.561726 1.02022
v -1.03662 -0.561726 1.02022
v -0.678976 -0.587226 1.30674
v -0.678976 -0.53987 1.30674
v -1.03662 -0.50364 1.02022
v -1.27005 -0.472801 0.532182
v -1.27005 -0.536592 0.532182
v -1.27005 -0.536592 0.532182
v -1.03662 -0.561726 1.02022
v -1.03662 -0.50364 1.02022
v -1.27005 -0.472801 0.532182
v -1.35112 -0.457351 -0.076602
v -1.35112 -0.521855 -0.076602
v -1.35112 -0.521855 -0.076602
v -1.27005 -0.536592 0.532182
v -1.27005 -0.472801 0.532182
v -1.35112 -0.457351 -0.076602
v -1.27005 -0.454445 -0.645199
v -1.27005 -0.518644 -0.6452
v -1.27005 -0.518644 -0.6452
v -1.35112 -0.521855 -0.076602
v -1.35112 -0.457351 -0.076602
v -1.27005 -0.454445 -0.645199
v -1.03662 -0.46184 -1.04658
v -1.03662 -0.523503 -1.04658
v -1.03662 -0.523503 -1.04658
v -1.27005 -0.518644 -0.6452
v -1.27005 -0.454445 -0.645199
v -1.03662 -0.46184 -1.04658
v -0.678976 -0.472487 -1.25561
v -0.678976 -0.529817 -1.25561
v -0.678976 -0.529817 -1.25561
v -1.03662 -0.523503 -1.04658
v -1.03662 -0.46184 -1.04658
v -0.678976 -0.472487 -1.25561
v -0.240267 -0.478538 -1.32876
v -0.240267 -0.532542 -1.32876
v -0.240267 -0.532542 -1.32876
v -0.678976 -0.529817 -1.25561
v -0.678976 -0.472487 -1.25561
v -0.240267 -0.478538 -1.32876
v 0.226598 -0.478538 -1.32876
v 0.226598 -0.532542 -1.32876
v 0.226598 -0.532542 -1.32876
v -0.240267 -0.532542 -1.32876
v -0.240267 -0.478538 -1.32876
v 0.226598 -0.478538 -1.32876
v 0.665307 -0.474896 -1.25561
v 0.665307 -0.535817 -1.25561
v 0.665307 -0.535817 -1.25561
v 0.226598 -0.532542 -1.32876
v 0.226598 -0.478538 -1.32876
v 0.665307 -0.474896 -1.25561
v 1.02295 -0.472772 -1.04659
v 1.02295 -0.549434 -1.04659
v 1.02295 -0.549434 -1.04659
v 0.665307 -0.535817 -1.25561
v 0.665307 -0.474896 -1.25561
v 1.02295 -0.472772 -1.04659
v 1.25638 -0.478735 -0.645306
v 1.25638 -0.573045 -0.645306
v 1.25638 -0.573045 -0.645306
v 1.02295 -0.549434 -1.04659
v 1.02295 -0.472772 -1.04659
v 1.25638 -0.478735 -0.645306
v 1.33745 -0.488936 -0.076977
v 1.33745 -0.589893 -0.076977
v 1.33745 -0.589893 -0.076977
v 1.25638 -0.573045 -0.645306
v 1.25638 -0.478735 -0.645306
v 1.33745 -0.589893 -0.076977
v 1.25638 -0.588593 0.531399
v 1.25638 -0.683399 0.531399
v 1.25638 -0.683399 0.531399
v 1.33745 -0.699303 -0.076977
v 1.33745 -0.589893 -0.076977
v 1.25638 -0.588593 0.531399
v 1.02295 -0.584583 1.01917
v 1.02295 -0.654116 1.01917
v 1.02295 -0.654116 1.01917
v 1.25638 -0.683399 0.531399
v 1.25638 -0.588593 0.531399
v 1.02295 -0.584583 1.01917
v 0.665308 -0.591819 1.30584
v 0.665307 -0.639575 1.30584
v 0.665307 -0.639575 1.30584
v 1.02295 -0.654116 1.01917
v 1.02295 -0.584583 1.01917
v 0.665308 -0.591819 1.30584
v 0.226598 -0.6015 1.42105
v 0.226598 -0.639141 1.42105
v 0.226598 -0.639141 1.42105
v 0.665307 -0.639575 1.30584
v 0.665308 -0.591819 1.30584
v 0.226598 -0.6015 1.42105
v -0.240267 -0.6015 1.42139
v -0.240267 -0.639141 1.42139
v -0.240267 -0.639141 1.42139
v 0.226598 -0.639141 1.42105
v 0.226598 -0.6015 1.42105
v -0.240267 -0.6015 1.42139
v -0.678976 -0.587226 1.30674
v -0.678976 -0.631283 1.30674
v -0.678976 -0.631283 1.30674
v -0.240267 -0.639141 1.42139
v -0.240267 -0.6015 1.42139
v -0.678976 -0.587226 1.30674
v -1.03662 -0.561726 1.02022
v -1.03662 -0.614723 1.02022
v -1.03662 -0.614723 1.02022
v -0.678976 -0.631283 1.30674
v -0.678976 -0.587226 1.30674
v -1.03662 -0.561726 1.02022
v -1.27005 -0.536592 0.532182
v -1.27005 -0.596265 0.532182
v -1.27005 -0.596265 0.532182
v -1.03662 -0.614723 1.02022
v -1.03662 -0.561726 1.02022
v -1.27005 -0.536592 0.532182
v -1.35112 -0.521855 -0.076602
v -1.35112 -0.584231 -0.076602
v -1.35112 -0.584231 -0.076602
v -1.27005 -0.596265 0.532182
v -1.27005 -0.536592 0.532182
v -1.35112 -0.521855 -0.076602
v -1.27005 -0.518644 -0.6452
v -1.27005 -0.581143 -0.645199
v -1.27005 -0.581143 -0.645199
v -1.35112 -0.584231 -0.076602
v -1.35112 -0.521855 -0.076602
v -1.27005 -0.518644 -0.6452
v -1.03662 -0.523503 -1.04658
v -1.03662 -0.584287 -1.04658
v -1.03662 -0.584287 -1.04658
v -1.27005 -0.581143 -0.645199
v -1.27005 -0.518644 -0.6452
v -1.03662 -0.523503 -1.04658
v -0.678976 -0.529817 -1.25561
v -0.678976 -0.587979 -1.25561
v -0.678976 -0.587979 -1.25561
v -1.03662 -0.584287 -1.04658
v -1.03662 -0.523503 -1.04658
v -0.678976 -0.529817 -1.25561
v -0.240267 -0.532542 -1.32876
v -0.240267 -0.588128 -1.32876
v -0.240267 -0.588128 -1.32876
v -0.678976 -0.587979 -1.25561
v -0.678976 -0.529817 -1.25561
v -0.240267 -0.532542 -1.32876
v 0.226598 -0.532542 -1.32876
v 0.226597 -0.588128 -1.32876
v 0.226597 -0.588128 -1.32876
v -0.240267 -0.588128 -1.32876
v -0.240267 -0.532542 -1.32876
v 0.226598 -0.532542 -1.32876
v 0.665307 -0.535817 -1.25561
v 0.665307 -0.599612 -1.25561
v 0.665307 -0.599612 -1.25561
v 0.226597 -0.588128 -1.32876
v 0.226598 -0.532542 -1.32876
v 0.665307 -0.535817 -1.25561
v 1.02295 -0.549434 -1.04659
v 1.02295 -0.632734 -1.04659
v 1.02295 -0.632734 -1.04659
v 0.665307 -0.599612 -1.25561
v 0.665307 -0.535817 -1.25561
v 1.02295 -0.549434 -1.04659
v 1.25638 -0.573045 -0.645306
v 1.25638 -0.677383 -0.645306
v 1.25638 -0.677383 -0.645306
v 1.02295 -0.632734 -1.04659
v 1.02295 -0.549434 -1.04659
v 1.25638 -0.573045 -0.645306
v 1.33745 -0.589893 -0.076977
v 1.33745 -0.699303 -0.076977
v 1.33745 -0.699303 -0.076977
v 1.25638 -0.677383 -0.645306
v 1.25638 -0.573045 -0.645306
v 1.33745 -0.699303 -0.076977
v 1.25638 -0.683399 0.531399
v 1.26127 -0.721307 0.532463
v 1.26127 -0.721307 0.532463
v 1.34654 -0.721307 -0.075398
v 1.33745 -0.699303 -0.076977
v 1.25638 -0.683399 0.531399
v 1.02295 -0.654116 1.01917
v 1.01978 -0.721307 1.0184
v 1.01978 -0.721307 1.0184
v 1.26127 -0.721307 0.532463
v 1.25638 -0.683399 0.531399
v 1.02295 -0.654116 1.01917
v 0.665307 -0.639575 1.30584
v 0.656572 -0.721307 1.30393
v 0.656572 -0.721307 1.30393
v 1.01978 -0.721307 1.0184
v 1.02295 -0.654116 1.01917
v 0.665307 -0.639575 1.30584
v 0.226598 -0.639141 1.42105
v 0.217707 -0.721307 1.41966
v 0.217707 -0.721307 1.41966
v 0.656572 -0.721307 1.30393
v 0.665307 -0.639575 1.30584
v 0.226598 -0.639141 1.42105
v -0.240267 -0.639141 1.42139
v -0.245872 -0.721307 1.42094
v -0.245872 -0.721307 1.42094
v 0.217707 -0.721307 1.41966
v 0.226598 -0.639141 1.42105
v -0.240267 -0.639141 1.42139
v -0.678976 -0.631283 1.30674
v -0.681001 -0.721307 1.30669
v -0.681001 -0.721307 1.30669
v -0.245872 -0.721307 1.42094
v -0.240267 -0.639141 1.42139
v -0.678976 -0.631283 1.30674
v -1.03662 -0.614723 1.02022
v -1.03596 -0.721307 1.02022
v -1.03596 -0.721307 1.02022
v -0.681001 -0.721307 1.30669
v -0.678976 -0.631283 1.30674
v -1.03662 -0.614723 1.02022
v -1.27005 -0.596265 0.532182
v -1.26743 -0.721307 0.5323
v -1.26743 -0.721307 0.5323
v -1.03596 -0.721307 1.02022
v -1.03662 -0.614723 1.02022
v -1.27005 -0.596265 0.532182
v -1.35112 -0.584231 -0.076602
v -1.34737 -0.721307 -0.076261
v -1.34737 -0.721307 -0.076261
v -1.26743 -0.721307 0.5323
v -1.27005 -0.596265 0.532182
v -1.35112 -0.584231 -0.076602
v -1.27005 -0.581143 -0.645199
v -1.26632 -0.721307 -0.644751
v -1.26632 -0.721307 -0.644751
v -1.34737 -0.721307 -0.076261
v -1.35112 -0.584231 -0.076602
v -1.27005 -0.581143 -0.645199
v -1.03662 -0.584287 -1.04658
v -1.03399 -0.721307 -1.04624
v -1.03399 -0.721307 -1.04624
v -1.26632 -0.721307 -0.644751
v -1.27005 -0.581143 -0.645199
v -1.03662 -0.584287 -1.04658
v -0.678976 -0.587979 -1.25561
v -0.678519 -0.721307 -1.25555
v -0.678519 -0.721307 -1.25555
v -1.03399 -0.721307 -1.04624
v -1.03662 -0.584287 -1.04658
v -0.678976 -0.587979 -1.25561
v -0.240267 -0.588128 -1.32876
v -0.243173 -0.721307 -1.32914
v -0.243173 -0.721307 -1.32914
v -0.678519 -0.721307 -1.25555
v -0.678976 -0.587979 -1.25561
v -0.240267 -0.588128 -1.32876
v 0.226597 -0.588128 -1.32876
v 0.220405 -0.721307 -1.32958
v 0.220405 -0.721307 -1.32958
v -0.243173 -0.721307 -1.32914
v -0.240267 -0.588128 -1.32876
v 0.226597 -0.588128 -1.32876
v 0.665307 -0.599612 -1.25561
v 0.659054 -0.721307 -1.25644
v 0.659054 -0.721307 -1.25644
v 0.220405 -0.721307 -1.32958
v 0.226597 -0.588128 -1.32876
v 0.665307 -0.599612 -1.25561
v 1.02295 -0.632734 -1.04659
v 1.02175 -0.721307 -1.04675
v 1.02175 -0.721307 -1.04675
v 0.659054 -0.721307 -1.25644
v 0.665307 -0.599612 -1.25561
v 1.02295 -0.632734 -1.04659
v 1.25638 -0.677383 -0.645306
v 1.26238 -0.721307 -0.644444
v 1.26238 -0.721307 -0.644444
v 1.02175 -0.721307 -1.04675
v 1.02295 -0.632734 -1.04659
v 1.25638 -0.677383 -0.645306
v 1.33745 -0.699303 -0.076977
v 1.34654 -0.721307 -0.075398
v 1.34654 -0.721307 -0.075398
v 1.26238 -0.721307 -0.644444
v 1.25638 -0.677383 -0.645306
v 1.33745 -0.321966 -0.076977
v 1.16941 -0.277724 -0.084416
v 1.09848 -0.285704 0.426691
v 1.09848 -0.285704 0.426691
v 1.25638 -0.332094 0.531399
v 1.33745 -0.321966 -0.076977
v 1.25638 -0.332094 0.531399
v 1.09848 -0.285704 0.426691
v 0.894224 -0.316809 0.844562
v 0.894224 -0.316809 0.844562
v 1.02295 -0.370983 1.01917
v 1.25638 -0.332094 0.531399
v 1.02295 -0.370983 1.01917
v 0.894224 -0.316809 0.844562
v 0.58129 -0.36686 1.10303
v 0.58129 -0.36686 1.10303
v 0.665308 -0.436066 1.30585
v 1.02295 -0.370983 1.01917
v 0.665308 -0.436066 1.30585
v 0.58129 -0.36686 1.10303
v 0.197419 -0.402655 1.21471
v 0.197419 -0.402655 1.21471
v 0.226598 -0.481819 1.42105
v 0.665308 -0.436066 1.30585
v 0.226598 -0.481819 1.42105
v 0.197419 -0.402655 1.21471
v -0.211087 -0.402655 1.21498
v -0.211087 -0.402655 1.21498
v -0.240267 -0.481819 1.42139
v 0.226598 -0.481819 1.42105
v -0.678976 -0.436066 1.30674
v -0.240267 -0.481819 1.42139
v -0.211087 -0.402655 1.21498
v -0.211087 -0.402655 1.21498
v -0.594958 -0.36686 1.10372
v -0.678976 -0.436066 1.30674
v -1.03662 -0.370983 1.02022
v -0.678976 -0.436066 1.30674
v -0.594958 -0.36686 1.10372
v -0.594958 -0.36686 1.10372
v -0.907892 -0.316809 0.845373
v -1.03662 -0.370983 1.02022
v -1.27005 -0.332094 0.532182
v -1.03662 -0.370983 1.02022
v -0.907892 -0.316809 0.845373
v -0.907892 -0.316809 0.845373
v -1.11215 -0.285704 0.427319
v -1.27005 -0.332094 0.532182
v -1.35112 -0.321966 -0.076602
v -1.27005 -0.332094 0.532182
v -1.11215 -0.285704 0.427319
v -1.11215 -0.285704 0.427319
v -1.18308 -0.277724 -0.084089
v -1.35112 -0.321966 -0.076602
v -1.35112 -0.321966 -0.076602
v -1.18308 -0.277724 -0.084089
v -1.11214 -0.280841 -0.565612
v -1.11214 -0.280841 -0.565612
v -1.27005 -0.320883 -0.6452
v -1.35112 -0.321966 -0.076602
v -1.27005 -0.320883 -0.6452
v -1.11214 -0.280841 -0.565612
v -0.907892 -0.298525 -0.917512
v -0.907892 -0.298525 -0.917512
v -1.03662 -0.337965 -1.04658
v -1.27005 -0.320883 -0.6452
v -0.678976 -0.365453 -1.25561
v -1.03662 -0.337965 -1.04658
v -0.907892 -0.298525 -0.917512
v -0.907892 -0.298525 -0.917512
v -0.594958 -0.323148 -1.11416
v -0.678976 -0.365453 -1.25561
v -0.240267 -0.381518 -1.32876
v -0.678976 -0.365453 -1.25561
v -0.594958 -0.323148 -1.11416
v -0.594958 -0.323148 -1.11416
v -0.211088 -0.338058 -1.19116
v -0.240267 -0.381518 -1.32876
v -0.240267 -0.381518 -1.32876
v -0.211088 -0.338058 -1.19116
v 0.197418 -0.338058 -1.19116
v 0.197418 -0.338058 -1.19116
v 0.226598 -0.381518 -1.32876
v -0.240267 -0.381518 -1.32876
v 0.226598 -0.381518 -1.32876
v 0.197418 -0.338058 -1.19116
v 0.581289 -0.323148 -1.11416
v 0.581289 -0.323148 -1.11416
v 0.665307 -0.365453 -1.25561
v 0.226598 -0.381518 -1.32876
v 0.665307 -0.365453 -1.25561
v 0.581289 -0.323148 -1.11416
v 0.894223 -0.298525 -0.91754
v 0.894223 -0.298525 -0.91754
v 1.02295 -0.337965 -1.04659
v 0.665307 -0.365453 -1.25561
v 1.25638 -0.320883 -0.645306
v 1.02295 -0.337965 -1.04659
v 0.894223 -0.298525 -0.91754
v 0.894223 -0.298525 -0.91754
v 1.09848 -0.280841 -0.565726
v 1.25638 -0.320883 -0.645306
v 1.33745 -0.321966 -0.076977
v 1.25638 -0.320883 -0.645306
v 1.09848 -0.280841 -0.565726
v 1.09848 -0.280841 -0.565726
v 1.16941 -0.277724 -0.084416
v 1.33745 -0.321966 -0.076977
v 0.940575 -0.239313 0.321984
v 0.782674 -0.199354 0.237848
v 0.636779 -0.211015 0.523148
v 0.636779 -0.211015 0.523148
v 0.765501 -0.262635 0.669953
v 0.940575 -0.239313 0.321984
v 0.765501 -0.262635 0.669953
v 0.636779 -0.211015 0.523148
v 0.413254 -0.228524 0.717565
v 0.413254 -0.228524 0.717565
v 0.497272 -0.297653 0.900221
v 0.765501 -0.262635 0.669953
v 0.497272 -0.297653 0.900221
v 0.413254 -0.228524 0.717565
v 0.139061 -0.241443 0.812009
v 0.139061 -0.241443 0.812009
v 0.16824 -0.323492 1.00837
v 0.497272 -0.297653 0.900221
v 0.16824 -0.323492 1.00837
v 0.139061 -0.241443 0.812009
v -0.152729 -0.241443 0.812143
v -0.152729 -0.241443 0.812143
v -0.181909 -0.323492 1.00856
v 0.16824 -0.323492 1.00837
v -0.51094 -0.297653 0.900699
v -0.181909 -0.323492 1.00856
v -0.152729 -0.241443 0.812143
v -0.152729 -0.241443 0.812143
v -0.426923 -0.228524 0.717914
v -0.51094 -0.297653 0.900699
v -0.779169 -0.262635 0.670529
v -0.51094 -0.297653 0.900699
v -0.426923 -0.228524 0.717914
v -0.426923 -0.228524 0.717914
v -0.650447 -0.211015 0.523577
v -0.779169 -0.262635 0.670529
v -0.954244 -0.239313 0.322456
v -0.779169 -0.262635 0.670529
v -0.650447 -0.211015 0.523577
v -0.650447 -0.211015 0.523577
v -0.796342 -0.199354 0.238213
v -0.954244 -0.239313 0.322456
v -0.954244 -0.240798 -0.486025
v -0.796342 -0.200096 -0.41825
v -0.650447 -0.20924 -0.67109
v -0.650447 -0.20924 -0.67109
v -0.77917 -0.259085 -0.788445
v -0.954244 -0.240798 -0.486025
v -0.510941 -0.280843 -0.9727
v -0.77917 -0.259085 -0.788445
v -0.650447 -0.20924 -0.67109
v -0.650447 -0.20924 -0.67109
v -0.426923 -0.220118 -0.831995
v -0.510941 -0.280843 -0.9727
v -0.181909 -0.294598 -1.05356
v -0.510941 -0.280843 -0.9727
v -0.426923 -0.220118 -0.831995
v -0.426923 -0.220118 -0.831995
v -0.15273 -0.226996 -0.9062
v -0.181909 -0.294598 -1.05356
v -0.181909 -0.294598 -1.05356
v -0.15273 -0.226996 -0.9062
v 0.13906 -0.226996 -0.906205
v 0.13906 -0.226996 -0.906205
v 0.168239 -0.294598 -1.05357
v -0.181909 -0.294598 -1.05356
v 0.168239 -0.294598 -1.05357
v 0.13906 -0.226996 -0.906205
v 0.413254 -0.220118 -0.832014
v 0.413254 -0.220118 -0.832014
v 0.497272 -0.280843 -0.972712
v 0.168239 -0.294598 -1.05357
v 0.497272 -0.280843 -0.972712
v 0.413254 -0.220118 -0.832014
v 0.636779 -0.20924 -0.671139
v 0.636779 -0.20924 -0.671139
v 0.765501 -0.259085 -0.788487
v 0.497272 -0.280843 -0.972712
v 0.940576 -0.240799 -0.486147
v 0.765501 -0.259085 -0.788487
v 0.636779 -0.20924 -0.671139
v 0.636779 -0.20924 -0.671139
v 0.782674 -0.200096 -0.418366
v 0.940576 -0.240799 -0.486147
v 0.580367 -0.164685 0.139196
v 0.618766 -0.164685 -0.103158
v 0.33188 -0.074503 -0.110481
v 0.33188 -0.074503 -0.110481
v 0.326705 -0.074502 0.060085
v 0.580367 -0.164685 0.139196
v 0.470297 -0.164685 0.34928
v 0.580367 -0.164685 0.139196
v 0.326705 -0.074502 0.060085
v 0.326705 -0.074502 0.060085
v 0.299728 -0.074503 0.181494
v 0.470297 -0.164685 0.34928
v 0.303523 -0.164685 0.497688
v 0.470297 -0.164685 0.34928
v 0.299728 -0.074503 0.181494
v 0.299728 -0.074503 0.181494
v 0.219299 -0.074503 0.237618
v 0.303523 -0.164685 0.497688
v 0.100762 -0.164685 0.572813
v 0.303523 -0.164685 0.497688
v 0.219299 -0.074503 0.237618
v 0.219299 -0.074503 0.237618
v 0.077595 -0.074502 0.251479
v 0.100762 -0.164685 0.572813
v -0.114431 -0.164685 0.572887
v 0.100762 -0.164685 0.572813
v 0.077595 -0.074502 0.251479
v 0.077595 -0.074502 0.251479
v -0.091267 -0.074503 0.251507
v -0.114431 -0.164685 0.572887
v -0.317191 -0.164685 0.497884
v -0.114431 -0.164685 0.572887
v -0.091267 -0.074503 0.251507
v -0.091267 -0.074503 0.251507
v -0.232995 -0.074502 0.2377
v -0.317191 -0.164685 0.497884
v -0.483965 -0.164685 0.349532
v -0.317191 -0.164685 0.497884
v -0.232995 -0.074502 0.2377
v -0.232995 -0.074502 0.2377
v -0.31344 -0.074502 0.181622
v -0.483965 -0.164685 0.349532
v -0.594035 -0.164685 0.139431
v -0.483965 -0.164685 0.349532
v -0.31344 -0.074502 0.181622
v -0.31344 -0.074502 0.181622
v -0.340402 -0.074502 0.060233
v -0.594035 -0.164685 0.139431
v -0.632435 -0.164685 -0.102986
v -0.594035 -0.164685 0.139431
v -0.340402 -0.074502 0.060233
v -0.340402 -0.074502 0.060233
v -0.345547 -0.074503 -0.110346
v -0.632435 -0.164685 -0.102986
v -0.594312 -0.164685 -0.336081
v -0.632435 -0.164685 -0.102986
v -0.345547 -0.074503 -0.110346
v -0.345547 -0.074503 -0.110346
v -0.344212 -0.074503 -0.27752
v -0.594312 -0.164685 -0.336081
v -0.486142 -0.164685 -0.524153
v -0.594312 -0.164685 -0.336081
v -0.344212 -0.074503 -0.27752
v -0.344212 -0.074503 -0.27752
v -0.317204 -0.074503 -0.391197
v -0.486142 -0.164685 -0.524153
v -0.321167 -0.164685 -0.650883
v -0.486142 -0.164685 -0.524153
v -0.317204 -0.074503 -0.391197
v -0.317204 -0.074503 -0.391197
v -0.234281 -0.074503 -0.440078
v -0.321167 -0.164685 -0.650883
v -0.116526 -0.164685 -0.713824
v -0.321167 -0.164685 -0.650883
v -0.234281 -0.074503 -0.440078
v -0.234281 -0.074503 -0.440078
v -0.091266 -0.074503 -0.450085
v -0.116526 -0.164685 -0.713824
v 0.102856 -0.164685 -0.713831
v -0.116526 -0.164685 -0.713824
v -0.091266 -0.074503 -0.450085
v -0.091266 -0.074503 -0.450085
v 0.077598 -0.074503 -0.450093
v 0.102856 -0.164685 -0.713831
v 0.307498 -0.164685 -0.65091
v 0.102856 -0.164685 -0.713831
v 0.077598 -0.074503 -0.450093
v 0.077598 -0.074503 -0.450093
v 0.220623 -0.074503 -0.440108
v 0.307498 -0.164685 -0.65091
v 0.472474 -0.164685 -0.52421
v 0.307498 -0.164685 -0.65091
v 0.220623 -0.074503 -0.440108
v 0.220623 -0.074503 -0.440108
v 0.303557 -0.074502 -0.391257
v 0.472474 -0.164685 -0.52421
v 0.580643 -0.164685 -0.336188
v 0.472474 -0.164685 -0.52421
v 0.303557 -0.074502 -0.391257
v 0.303557 -0.074502 -0.391257
v 0.330565 -0.074503 -0.27762
v 0.580643 -0.164685 -0.336188
v 0.618766 -0.164685 -0.103158
v 0.580643 -0.164685 -0.336188
v 0.330565 -0.074503 -0.27762
v 0.330565 -0.074503 -0.27762
v 0.33188 -0.074503 -0.110481
v 0.618766 -0.164685 -0.103158
v 1.34654 -0.721307 -0.075398
v 1.26127 -0.721307 0.532463
v 0.944233 -0.721307 0.322643
v 0.944233 -0.721307 0.322643
v 1.00715 -0.721307 -0.090928
v 1.34654 -0.721307 -0.075398
v 1.26127 -0.721307 0.532463
v 1.01978 -0.721307 1.0184
v 0.765043 -0.721307 0.669867
v 0.765043 -0.721307 0.669867
v 0.944233 -0.721307 0.322643
v 1.26127 -0.721307 0.532463
v 1.01978 -0.721307 1.0184
v 0.656572 -0.721307 1.30393
v 0.493502 -0.721307 0.899561
v 0.493502 -0.721307 0.899561
v 0.765043 -0.721307 0.669867
v 1.01978 -0.721307 1.0184
v 0.656572 -0.721307 1.30393
v 0.217707 -0.721307 1.41966
v 0.163573 -0.721307 1.00771
v 0.163573 -0.721307 1.00771
v 0.493502 -0.721307 0.899561
v 0.656572 -0.721307 1.30393
v 0.217707 -0.721307 1.41966
v -0.245872 -0.721307 1.42094
v -0.185494 -0.721307 1.0082
v -0.185494 -0.721307 1.0082
v 0.163573 -0.721307 1.00771
v 0.217707 -0.721307 1.41966
v -0.245872 -0.721307 1.42094
v -0.681001 -0.721307 1.30669
v -0.512758 -0.721307 0.900572
v -0.512758 -0.721307 0.900572
v -0.185494 -0.721307 1.0082
v -0.245872 -0.721307 1.42094
v -0.681001 -0.721307 1.30669
v -1.03596 -0.721307 1.02022
v -0.779359 -0.721307 0.670518
v -0.779359 -0.721307 0.670518
v -0.512758 -0.721307 0.900572
v -0.681001 -0.721307 1.30669
v -1.03596 -0.721307 1.02022
v -1.26743 -0.721307 0.5323
v -0.953196 -0.721307 0.322536
v -0.953196 -0.721307 0.322536
v -0.779359 -0.721307 0.670518
v -1.03596 -0.721307 1.02022
v -1.26743 -0.721307 0.5323
v -1.34737 -0.721307 -0.076261
v -1.01329 -0.721307 -0.091401
v -1.01329 -0.721307 -0.091401
v -0.953196 -0.721307 0.322536
v -1.26743 -0.721307 0.5323
v -1.34737 -0.721307 -0.076261
v -1.26632 -0.721307 -0.644751
v -0.952424 -0.721307 -0.485811
v -0.952424 -0.721307 -0.485811
v -1.01329 -0.721307 -0.091401
v -1.34737 -0.721307 -0.076261
v -1.26632 -0.721307 -0.644751
v -1.03399 -0.721307 -1.04624
v -0.777956 -0.721307 -0.788291
v -0.777956 -0.721307 -0.788291
v -0.952424 -0.721307 -0.485811
v -1.26632 -0.721307 -0.644751
v -1.03399 -0.721307 -1.04624
v -0.678519 -0.721307 -1.25555
v -0.510937 -0.721307 -0.9727
v -0.510937 -0.721307 -0.9727
v -0.777956 -0.721307 -0.788291
v -1.03399 -0.721307 -1.04624
v -0.678519 -0.721307 -1.25555
v -0.243173 -0.721307 -1.32914
v -0.183476 -0.721307 -1.05377
v -0.183476 -0.721307 -1.05377
v -0.510937 -0.721307 -0.9727
v -0.678519 -0.721307 -1.25555
v -0.243173 -0.721307 -1.32914
v 0.220405 -0.721307 -1.32958
v 0.165591 -0.721307 -1.05391
v 0.165591 -0.721307 -1.05391
v -0.183476 -0.721307 -1.05377
v -0.243173 -0.721307 -1.32914
v 0.220405 -0.721307 -1.32958
v 0.659054 -0.721307 -1.25644
v 0.495322 -0.721307 -0.97297
v 0.495322 -0.721307 -0.97297
v 0.165591 -0.721307 -1.05391
v 0.220405 -0.721307 -1.32958
v 0.659054 -0.721307 -1.25644
v 1.02175 -0.721307 -1.04675
v 0.766447 -0.721307 -0.788358
v 0.766447 -0.721307 -0.788358
v 0.495322 -0.721307 -0.97297
v 0.659054 -0.721307 -1.25644
v 1.02175 -0.721307 -1.04675
v 1.26238 -0.721307 -0.644444
v 0.945004 -0.721307 -0.48551
v 0.945004 -0.721307 -0.48551
v 0.766447 -0.721307 -0.788358
v 1.02175 -0.721307 -1.04675
v 1.26238 -0.721307 -0.644444
v 1.34654 -0.721307 -0.075398
v 1.00715 -0.721307 -0.090928
v 1.00715 -0.721307 -0.090928
v 0.945004 -0.721307 -0.48551
v 1.26238 -0.721307 -0.644444
v 1.00715 -0.721307 -0.090928
v 0.944233 -0.721307 0.322643
v 0.627079 -0.721307 0.15407
v 0.627079 -0.721307 0.15407
v 0.668516 -0.721307 -0.101925
v 1.00715 -0.721307 -0.090928
v 0.944233 -0.721307 0.322643
v 0.765043 -0.721307 0.669867
v 0.508619 -0.721307 0.376431
v 0.508619 -0.721307 0.376431
v 0.627079 -0.721307 0.15407
v 0.944233 -0.721307 0.322643
v 0.765043 -0.721307 0.669867
v 0.493502 -0.721307 0.899561
v 0.328174 -0.721307 0.534751
v 0.328174 -0.721307 0.534751
v 0.508619 -0.721307 0.376431
v 0.765043 -0.721307 0.669867
v 0.493502 -0.721307 0.899561
v 0.163573 -0.721307 1.00771
v 0.108006 -0.721307 0.615398
v 0.108006 -0.721307 0.615398
v 0.328174 -0.721307 0.534751
v 0.493502 -0.721307 0.899561
v 0.163573 -0.721307 1.00771
v -0.185494 -0.721307 1.0082
v -0.125364 -0.721307 0.615523
v -0.125364 -0.721307 0.615523
v 0.108006 -0.721307 0.615398
v 0.163573 -0.721307 1.00771
v -0.185494 -0.721307 1.0082
v -0.512758 -0.721307 0.900572
v -0.344131 -0.721307 0.535008
v -0.344131 -0.721307 0.535008
v -0.125364 -0.721307 0.615523
v -0.185494 -0.721307 1.0082
v -0.512758 -0.721307 0.900572
v -0.779359 -0.721307 0.670518
v -0.52222 -0.721307 0.376577
v -0.52222 -0.721307 0.376577
v -0.344131 -0.721307 0.535008
v -0.512758 -0.721307 0.900572
v -0.779359 -0.721307 0.670518
v -0.953196 -0.721307 0.322536
v -0.638303 -0.721307 0.153982
v -0.638303 -0.721307 0.153982
v -0.52222 -0.721307 0.376577
v -0.779359 -0.721307 0.670518
v -0.953196 -0.721307 0.322536
v -1.01329 -0.721307 -0.091401
v -0.678441 -0.721307 -0.102158
v -0.678441 -0.721307 -0.102158
v -0.638303 -0.721307 0.153982
v -0.953196 -0.721307 0.322536
v -1.01329 -0.721307 -0.091401
v -0.952424 -0.721307 -0.485811
v -0.637816 -0.721307 -0.350402
v -0.637816 -0.721307 -0.350402
v -0.678441 -0.721307 -0.102158
v -1.01329 -0.721307 -0.091401
v -0.952424 -0.721307 -0.485811
v -0.777956 -0.721307 -0.788291
v -0.521318 -0.721307 -0.553685
v -0.521318 -0.721307 -0.553685
v -0.637816 -0.721307 -0.350402
v -0.952424 -0.721307 -0.485811
v -0.777956 -0.721307 -0.788291
v -0.510937 -0.721307 -0.9727
v -0.342937 -0.721307 -0.691294
v -0.342937 -0.721307 -0.691294
v -0.521318 -0.721307 -0.553685
v -0.777956 -0.721307 -0.788291
v -0.510937 -0.721307 -0.9727
v -0.183476 -0.721307 -1.05377
v -0.124021 -0.721307 -0.758898
v -0.124021 -0.721307 -0.758898
v -0.342937 -0.721307 -0.691294
v -0.510937 -0.721307 -0.9727
v -0.183476 -0.721307 -1.05377
v 0.165591 -0.721307 -1.05391
v 0.109349 -0.721307 -0.758913
v 0.109349 -0.721307 -0.758913
v -0.124021 -0.721307 -0.758898
v -0.183476 -0.721307 -1.05377
v 0.165591 -0.721307 -1.05391
v 0.495322 -0.721307 -0.97297
v 0.329369 -0.721307 -0.691298
v 0.329369 -0.721307 -0.691298
v 0.109349 -0.721307 -0.758913
v 0.165591 -0.721307 -1.05391
v 0.495322 -0.721307 -0.97297
v 0.766447 -0.721307 -0.788358
v 0.509521 -0.721307 -0.553593
v 0.509521 -0.721307 -0.553593
v 0.329369 -0.721307 -0.691298
v 0.495322 -0.721307 -0.97297
v 0.766447 -0.721307 -0.788358
v 0.945004 -0.721307 -0.48551
v 0.627566 -0.721307 -0.350193
v 0.627566 -0.721307 -0.350193
v 0.509521 -0.721307 -0.553593
v 0.766447 -0.721307 -0.788358
v 0.945004 -0.721307 -0.48551
v 1.00715 -0.721307 -0.090928
v 0.668516 -0.721307 -0.101925
v 0.668516 -0.721307 -0.101925
v 0.627566 -0.721307 -0.350193
v 0.945004 -0.721307 -0.48551
v 0.668516 -0.721307 -0.101925
v 0.627079 -0.721307 0.15407
v 0.3101 -0.721307 0.013419
v 0.3101 -0.721307 0.013419
v 0.33064 -0.721307 -0.108491
v 0.668516 -0.721307 -0.101925
v 0.627079 -0.721307 0.15407
v 0.508619 -0.721307 0.376431
v 0.251247 -0.721307 0.12104
v 0.251247 -0.721307 0.12104
v 0.3101 -0.721307 0.013419
v 0.627079 -0.721307 0.15407
v 0.508619 -0.721307 0.376431
v 0.328174 -0.721307 0.534751
v 0.161311 -0.721307 0.200568
v 0.161311 -0.721307 0.200568
v 0.251247 -0.721307 0.12104
v 0.508619 -0.721307 0.376431
v 0.328174 -0.721307 0.534751
v 0.108006 -0.721307 0.615398
v 0.051248 -0.721307 0.24261
v 0.051248 -0.721307 0.24261
v 0.161311 -0.721307 0.200568
v 0.328174 -0.721307 0.534751
v 0.108006 -0.721307 0.615398
v -0.125364 -0.721307 0.615523
v -0.065635 -0.721307 0.242618
v -0.065635 -0.721307 0.242618
v 0.051248 -0.721307 0.24261
v 0.108006 -0.721307 0.615398
v -0.125364 -0.721307 0.615523
v -0.344131 -0.721307 0.535008
v -0.175282 -0.721307 0.200579
v -0.175282 -0.721307 0.200579
v -0.065635 -0.721307 0.242618
v -0.125364 -0.721307 0.615523
v -0.344131 -0.721307 0.535008
v -0.52222 -0.721307 0.376577
v -0.264544 -0.721307 0.121024
v -0.264544 -0.721307 0.121024
v -0.175282 -0.721307 0.200579
v -0.344131 -0.721307 0.535008
v -0.52222 -0.721307 0.376577
v -0.638303 -0.721307 0.153982
v -0.322721 -0.721307 0.01336
v -0.322721 -0.721307 0.01336
v -0.264544 -0.721307 0.121024
v -0.52222 -0.721307 0.376577
v -0.638303 -0.721307 0.153982
v -0.678441 -0.721307 -0.102158
v -0.342838 -0.721307 -0.108583
v -0.342838 -0.721307 -0.108583
v -0.322721 -0.721307 0.01336
v -0.638303 -0.721307 0.153982
v -0.678441 -0.721307 -0.102158
v -0.637816 -0.721307 -0.350402
v -0.322485 -0.721307 -0.228654
v -0.322485 -0.721307 -0.228654
v -0.342838 -0.721307 -0.108583
v -0.678441 -0.721307 -0.102158
v -0.637816 -0.721307 -0.350402
v -0.521318 -0.721307 -0.553685
v -0.264103 -0.721307 -0.331619
v -0.264103 -0.721307 -0.331619
v -0.322485 -0.721307 -0.228654
v -0.637816 -0.721307 -0.350402
v -0.521318 -0.721307 -0.553685
v -0.342937 -0.721307 -0.691294
v -0.17469 -0.721307 -0.405899
v -0.17469 -0.721307 -0.405899
v -0.264103 -0.721307 -0.331619
v -0.521318 -0.721307 -0.553685
v -0.342937 -0.721307 -0.691294
v -0.124021 -0.721307 -0.758898
v -0.064964 -0.721307 -0.444536
v -0.064964 -0.721307 -0.444536
v -0.17469 -0.721307 -0.405899
v -0.342937 -0.721307 -0.691294
v -0.124021 -0.721307 -0.758898
v 0.109349 -0.721307 -0.758913
v 0.051919 -0.721307 -0.444522
v 0.051919 -0.721307 -0.444522
v -0.064964 -0.721307 -0.444536
v -0.124021 -0.721307 -0.758898
v 0.109349 -0.721307 -0.758913
v 0.329369 -0.721307 -0.691298
v 0.161902 -0.721307 -0.405856
v 0.161902 -0.721307 -0.405856
v 0.051919 -0.721307 -0.444522
v 0.109349 -0.721307 -0.758913
v 0.329369 -0.721307 -0.691298
v 0.509521 -0.721307 -0.553593
v 0.251688 -0.721307 -0.331544
v 0.251688 -0.721307 -0.331544
v 0.161902 -0.721307 -0.405856
v 0.329369 -0.721307 -0.691298
v 0.509521 -0.721307 -0.553593
v 0.627566 -0.721307 -0.350193
v 0.310335 -0.721307 -0.228559
v 0.310335 -0.721307 -0.228559
v 0.251688 -0.721307 -0.331544
v 0.509521 -0.721307 -0.553593
v 0.627566 -0.721307 -0.350193
v 0.668516 -0.721307 -0.101925
v 0.33064 -0.721307 -0.108491
v 0.33064 -0.721307 -0.108491
v 0.310335 -0.721307 -0.228559
v 0.627566 -0.721307 -0.350193
v 0.33064 -0.721307 -0.108491
v 0.3101 -0.721307 0.013419
v -0.006477 -0.721307 -0.110698
v 0.3101 -0.721307 0.013419
v 0.251247 -0.721307 0.12104
v -0.006477 -0.721307 -0.110698
v 0.251247 -0.721307 0.12104
v 0.161311 -0.721307 0.200568
v -0.006477 -0.721307 -0.110698
v 0.161311 -0.721307 0.200568
v 0.051248 -0.721307 0.24261
v -0.006477 -0.721307 -0.110698
v 0.051248 -0.721307 0.24261
v -0.065635 -0.721307 0.242618
v -0.006477 -0.721307 -0.110698
v -0.065635 -0.721307 0.242618
v -0.175282 -0.721307 0.200579
v -0.006477 -0.721307 -0.110698
v -0.175282 -0.721307 0.200579
v -0.264544 -0.721307 0.121024
v -0.006477 -0.721307 -0.110698
v -0.264544 -0.721307 0.121024
v -0.322721 -0.721307 0.01336
v -0.006477 -0.721307 -0.110698
v -0.322721 -0.721307 0.01336
v -0.342838 -0.721307 -0.108583
v -0.006477 -0.721307 -0.110698
v -0.342838 -0.721307 -0.108583
v -0.322485 -0.721307 -0.228654
v -0.006477 -0.721307 -0.110698
v -0.322485 -0.721307 -0.228654
v -0.264103 -0.721307 -0.331619
v -0.006477 -0.721307 -0.110698
v -0.264103 -0.721307 -0.331619
v -0.17469 -0.721307 -0.405899
v -0.006477 -0.721307 -0.110698
v -0.17469 -0.721307 -0.405899
v -0.064964 -0.721307 -0.444536
v -0.006477 -0.721307 -0.110698
v -0.064964 -0.721307 -0.444536
v 0.051919 -0.721307 -0.444522
v -0.006477 -0.721307 -0.110698
v 0.051919 -0.721307 -0.444522
v 0.161902 -0.721307 -0.405856
v -0.006477 -0.721307 -0.110698
v 0.161902 -0.721307 -0.405856
v 0.251688 -0.721307 -0.331544
v -0.006477 -0.721307 -0.110698
v 0.251688 -0.721307 -0.331544
v 0.310335 -0.721307 -0.228559
v -0.006477 -0.721307 -0.110698
v 0.310335 -0.721307 -0.228559
v 0.33064 -0.721307 -0.108491
v -0.006477 -0.721307 -0.110698
v 0.624773 -0.159394 0.153711
v 0.665307 -0.159394 -0.102401
v 0.618766 -0.164685 -0.103158
v 0.618766 -0.164685 -0.103158
v 0.580367 -0.164685 0.139196
v 0.624773 -0.159394 0.153711
v 0.665307 -0.159394 -0.102401
v 0.624772 -0.159394 -0.350586
v 0.580643 -0.164685 -0.336188
v 0.580643 -0.164685 -0.336188
v 0.618766 -0.164685 -0.103158
v 0.665307 -0.159394 -0.102401
v 0.624772 -0.159394 -0.350586
v 0.508056 -0.159394 -0.553792
v 0.472474 -0.164685 -0.52421
v 0.472474 -0.164685 -0.52421
v 0.580643 -0.164685 -0.336188
v 0.624772 -0.159394 -0.350586
v 0.508056 -0.159394 -0.553792
v 0.329237 -0.159394 -0.691316
v 0.307498 -0.164685 -0.65091
v 0.307498 -0.164685 -0.65091
v 0.472474 -0.164685 -0.52421
v 0.508056 -0.159394 -0.553792
v 0.329237 -0.159394 -0.691316
v 0.109881 -0.159394 -0.758844
v 0.102856 -0.164685 -0.713831
v 0.102856 -0.164685 -0.713831
v 0.307498 -0.164685 -0.65091
v 0.329237 -0.159394 -0.691316
v 0.109881 -0.159394 -0.758844
v -0.123551 -0.159394 -0.758837
v -0.116526 -0.164685 -0.713824
v -0.116526 -0.164685 -0.713824
v 0.102856 -0.164685 -0.713831
v 0.109881 -0.159394 -0.758844
v -0.123551 -0.159394 -0.758837
v -0.342905 -0.159394 -0.69129
v -0.321167 -0.164685 -0.650883
v -0.321167 -0.164685 -0.650883
v -0.116526 -0.164685 -0.713824
v -0.123551 -0.159394 -0.758837
v -0.342905 -0.159394 -0.69129
v -0.521725 -0.159394 -0.553735
v -0.486142 -0.164685 -0.524153
v -0.486142 -0.164685 -0.524153
v -0.321167 -0.164685 -0.650883
v -0.342905 -0.159394 -0.69129
v -0.521725 -0.159394 -0.553735
v -0.638441 -0.159394 -0.350476
v -0.594312 -0.164685 -0.336081
v -0.594312 -0.164685 -0.336081
v -0.486142 -0.164685 -0.524153
v -0.521725 -0.159394 -0.553735
v -0.638441 -0.159394 -0.350476
v -0.678976 -0.159394 -0.102216
v -0.632435 -0.164685 -0.102986
v -0.632435 -0.164685 -0.102986
v -0.594312 -0.164685 -0.336081
v -0.638441 -0.159394 -0.350476
v -0.678976 -0.159394 -0.102216
v -0.638441 -0.159394 0.153969
v -0.594035 -0.164685 0.139431
v -0.594035 -0.164685 0.139431
v -0.632435 -0.164685 -0.102986
v -0.678976 -0.159394 -0.102216
v -0.638441 -0.159394 0.153969
v -0.521725 -0.159394 0.376624
v -0.483965 -0.164685 0.349532
v -0.483965 -0.164685 0.349532
v -0.594035 -0.164685 0.139431
v -0.638441 -0.159394 0.153969
v -0.521725 -0.159394 0.376624
v -0.342905 -0.159394 0.535129
v -0.317191 -0.164685 0.497884
v -0.317191 -0.164685 0.497884
v -0.483965 -0.164685 0.349532
v -0.521725 -0.159394 0.376624
v -0.342905 -0.159394 0.535129
v -0.12355 -0.159394 0.615729
v -0.114431 -0.164685 0.572887
v -0.114431 -0.164685 0.572887
v -0.317191 -0.164685 0.497884
v -0.342905 -0.159394 0.535129
v -0.12355 -0.159394 0.615729
v 0.109881 -0.159394 0.615645
v 0.100762 -0.164685 0.572813
v 0.100762 -0.164685 0.572813
v -0.114431 -0.164685 0.572887
v -0.12355 -0.159394 0.615729
v 0.109881 -0.159394 0.615645
v 0.329237 -0.159394 0.534908
v 0.303523 -0.164685 0.497688
v 0.303523 -0.164685 0.497688
v 0.100762 -0.164685 0.572813
v 0.109881 -0.159394 0.615645
v 0.329237 -0.159394 0.534908
v 0.508056 -0.159394 0.376343
v 0.470297 -0.164685 0.34928
v 0.470297 -0.164685 0.34928
v 0.303523 -0.164685 0.497688
v 0.329237 -0.159394 0.534908
v 0.508056 -0.159394 0.376343
v 0.624773 -0.159394 0.153711
v 0.580367 -0.164685 0.139196
v 0.580367 -0.164685 0.139196
v 0.470297 -0.164685 0.34928
v 0.508056 -0.159394 0.376343
v 1.09848 -0.285704 0.426691
v 0.940575 -0.239313 0.321984
v 0.765501 -0.262635 0.669953
v 0.765501 -0.262635 0.669953
v 0.894224 -0.316809 0.844562
v 1.09848 -0.285704 0.426691
v 0.894224 -0.316809 0.844562
v 0.765501 -0.262635 0.669953
v 0.497272 -0.297653 0.900221
v 0.497272 -0.297653 0.900221
v 0.58129 -0.36686 1.10303
v 0.894224 -0.316809 0.844562
v 0.58129 -0.36686 1.10303
v 0.497272 -0.297653 0.900221
v 0.16824 -0.323492 1.00837
v 0.16824 -0.323492 1.00837
v 0.197419 -0.402655 1.21471
v 0.58129 -0.36686 1.10303
v 0.16824 -0.323492 1.00837
v -0.181909 -0.323492 1.00856
v -0.211087 -0.402655 1.21498
v -0.211087 -0.402655 1.21498
v 0.197419 -0.402655 1.21471
v 0.16824 -0.323492 1.00837
v -0.181909 -0.323492 1.00856
v -0.51094 -0.297653 0.900699
v -0.594958 -0.36686 1.10372
v -0.594958 -0.36686 1.10372
v -0.211087 -0.402655 1.21498
v -0.181909 -0.323492 1.00856
v -0.51094 -0.297653 0.900699
v -0.779169 -0.262635 0.670529
v -0.907892 -0.316809 0.845373
v -0.907892 -0.316809 0.845373
v -0.594958 -0.36686 1.10372
v -0.51094 -0.297653 0.900699
v -0.779169 -0.262635 0.670529
v -0.954244 -0.239313 0.322456
v -1.11215 -0.285704 0.427319
v -1.11215 -0.285704 0.427319
v -0.907892 -0.316809 0.845373
v -0.779169 -0.262635 0.670529
v -1.11214 -0.280841 -0.565612
v -0.954244 -0.240798 -0.486025
v -0.77917 -0.259085 -0.788445
v -0.77917 -0.259085 -0.788445
v -0.907892 -0.298525 -0.917512
v -1.11214 -0.280841 -0.565612
v -0.77917 -0.259085 -0.788445
v -0.510941 -0.280843 -0.9727
v -0.594958 -0.323148 -1.11416
v -0.594958 -0.323148 -1.11416
v -0.907892 -0.298525 -0.917512
v -0.77917 -0.259085 -0.788445
v -0.510941 -0.280843 -0.9727
v -0.181909 -0.294598 -1.05356
v -0.211088 -0.338058 -1.19116
v -0.211088 -0.338058 -1.19116
v -0.594958 -0.323148 -1.11416
v -0.510941 -0.280843 -0.9727
v -0.181909 -0.294598 -1.05356
v 0.168239 -0.294598 -1.05357
v 0.197418 -0.338058 -1.19116
v 0.197418 -0.338058 -1.19116
v -0.211088 -0.338058 -1.19116
v -0.181909 -0.294598 -1.05356
v 0.197418 -0.338058 -1.19116
v 0.168239 -0.294598 -1.05357
v 0.497272 -0.280843 -0.972712
v 0.497272 -0.280843 -0.972712
v 0.581289 -0.323148 -1.11416
v 0.197418 -0.338058 -1.19116
v 0.581289 -0.323148 -1.11416
v 0.497272 -0.280843 -0.972712
v 0.765501 -0.259085 -0.788487
v 0.765501 -0.259085 -0.788487
v 0.894223 -0.298525 -0.91754
v 0.581289 -0.323148 -1.11416
v 0.765501 -0.259085 -0.788487
v 0.940576 -0.240799 -0.486147
v 1.09848 -0.280841 -0.565726
v 1.09848 -0.280841 -0.565726
v 0.894223 -0.298525 -0.91754
v 0.765501 -0.259085 -0.788487
v 0.782674 -0.199354 0.237848
v 0.624773 -0.159394 0.153711
v 0.508056 -0.159394 0.376343
v 0.508056 -0.159394 0.376343
v 0.636779 -0.211015 0.523148
v 0.782674 -0.199354 0.237848
v 0.636779 -0.211015 0.523148
v 0.508056 -0.159394 0.376343
v 0.329237 -0.159394 0.534908
v 0.329237 -0.159394 0.534908
v 0.413254 -0.228524 0.717565
v 0.636779 -0.211015 0.523148
v 0.413254 -0.228524 0.717565
v 0.329237 -0.159394 0.534908
v 0.109881 -0.159394 0.615645
v 0.109881 -0.159394 0.615645
v 0.139061 -0.241443 0.812009
v 0.413254 -0.228524 0.717565
v 0.109881 -0.159394 0.615645
v -0.12355 -0.159394 0.615729
v -0.152729 -0.241443 0.812143
v -0.152729 -0.241443 0.812143
v 0.139061 -0.241443 0.812009
v 0.109881 -0.159394 0.615645
v -0.12355 -0.159394 0.615729
v -0.342905 -0.159394 0.535129
v -0.426923 -0.228524 0.717914
v -0.426923 -0.228524 0.717914
v -0.152729 -0.241443 0.812143
v -0.12355 -0.159394 0.615729
v -0.342905 -0.159394 0.535129
v -0.521725 -0.159394 0.376624
v -0.650447 -0.211015 0.523577
v -0.650447 -0.211015 0.523577
v -0.426923 -0.228524 0.717914
v -0.342905 -0.159394 0.535129
v -0.521725 -0.159394 0.376624
v -0.638441 -0.159394 0.153969
v -0.796342 -0.199354 0.238213
v -0.796342 -0.199354 0.238213
v -0.650447 -0.211015 0.523577
v -0.521725 -0.159394 0.376624
v -0.796342 -0.200096 -0.41825
v -0.638441 -0.159394 -0.350476
v -0.521725 -0.159394 -0.553735
v -0.521725 -0.159394 -0.553735
v -0.650447 -0.20924 -0.67109
v -0.796342 -0.200096 -0.41825
v -0.521725 -0.159394 -0.553735
v -0.342905 -0.159394 -0.69129
v -0.426923 -0.220118 -0.831995
v -0.426923 -0.220118 -0.831995
v -0.650447 -0.20924 -0.67109
v -0.521725 -0.159394 -0.553735
v -0.342905 -0.159394 -0.69129
v -0.123551 -0.159394 -0.758837
v -0.15273 -0.226996 -0.9062
v -0.15273 -0.226996 -0.9062
v -0.426923 -0.220118 -0.831995
v -0.342905 -0.159394 -0.69129
v -0.123551 -0.159394 -0.758837
v 0.109881 -0.159394 -0.758844
v 0.13906 -0.226996 -0.906205
v 0.13906 -0.226996 -0.906205
v -0.15273 -0.226996 -0.9062
v -0.123551 -0.159394 -0.758837
v 0.13906 -0.226996 -0.906205
v 0.109881 -0.159394 -0.758844
v 0.329237 -0.159394 -0.691316
v 0.329237 -0.159394 -0.691316
v 0.413254 -0.220118 -0.832014
v 0.13906 -0.226996 -0.906205
v 0.413254 -0.220118 -0.832014
v 0.329237 -0.159394 -0.691316
v 0.508056 -0.159394 -0.553792
v 0.508056 -0.159394 -0.553792
v 0.636779 -0.20924 -0.671139
v 0.413254 -0.220118 -0.832014
v 0.508056 -0.159394 -0.553792
v 0.624772 -0.159394 -0.350586
v 0.782674 -0.200096 -0.418366
v 0.782674 -0.200096 -0.418366
v 0.636779 -0.20924 -0.671139
v 0.508056 -0.159394 -0.553792
v 1.02295 -0.337965 -1.04659
v 0.665307 -0.365453 -1.25561
v 0.665307 -0.365453 -1.25561
v 0.665307 -0.365453 -1.25561
v 1.02295 -0.337965 -1.04659
v 1.02295 -0.337965 -1.04659
v 0.665307 -0.365453 -1.25561
v 0.581289 -0.323148 -1.11416
v 0.581289 -0.323148 -1.11416
v 0.581289 -0.323148 -1.11416
v 0.665307 -0.365453 -1.25561
v 0.665307 -0.365453 -1.25561
v 0.581289 -0.323148 -1.11416
v 0.894223 -0.298525 -0.91754
v 0.894223 -0.298525 -0.91754
v 0.894223 -0.298525 -0.91754
v 0.581289 -0.323148 -1.11416
v 0.581289 -0.323148 -1.11416
v 0.894223 -0.298525 -0.91754
v 1.02295 -0.337965 -1.04659
v 1.02295 -0.337965 -1.04659
v 1.02295 -0.337965 -1.04659
v 0.894223 -0.298525 -0.91754
v 0.894223 -0.298525 -0.91754
v -0.006834 -0.074503 -0.110742
v -0.006834 -0.074503 -0.110742
vn 1 -0 -0.0051
vn 0.9598 -0 0.2808
vn 0.9585 -0 0.2851
vn 0.9585 -0 0.2851
vn 1 -0 -0.0043
vn 1 -0 -0.0051
vn 0.9596 -0 0.2814
vn 0.7933 -0 0.6088
vn 0.7836 -0 0.6213
vn 0.7836 -0 0.6213
vn 0.9583 -0 0.2857
vn 0.9596 -0 0.2814
vn 0.7929 -0 0.6094
vn 0.4642 -0 0.8857
vn 0.4498 -0 0.8931
vn 0.4498 -0 0.8931
vn 0.7832 -0 0.6218
vn 0.7929 -0 0.6094
vn 0.4636 -0 0.886
vn 0.1327 -0 0.9912
vn 0.1287 -0 0.9917
vn 0.1287 -0 0.9917
vn 0.4492 -0 0.8934
vn 0.4636 -0 0.886
vn 0.1321 0.0001 0.9912
vn -0.1308 -0 0.9914
vn -0.1268 -0 0.9919
vn -0.1268 -0.0001 0.9919
vn 0.1281 -0 0.9918
vn 0.1321 -0 0.9912
vn -0.1314 -0 0.9913
vn -0.463 -0 0.8863
vn -0.4486 -0 0.8937
vn -0.4486 -0 0.8937
vn -0.1274 -0 0.9918
vn -0.1314 -0 0.9913
vn -0.4636 -0 0.886
vn -0.7929 -0 0.6094
vn -0.7832 -0 0.6218
vn -0.7832 -0 0.6218
vn -0.4492 -0 0.8934
vn -0.4636 -0 0.886
vn -0.7933 -0 0.6088
vn -0.9596 -0 0.2812
vn -0.9584 -0 0.2856
vn -0.9584 -0 0.2856
vn -0.7836 -0 0.6213
vn -0.7933 -0 0.6088
vn -0.9598 -0 0.2806
vn -1 -0 -0.0051
vn -1 -0 -0.0043
vn -1 -0 -0.0043
vn -0.9585 -0 0.285
vn -0.9598 -0 0.2806
vn -1 -0 -0.0057
vn -0.9455 -0 -0.3256
vn -0.9448 -0 -0.3277
vn -0.9448 -0 -0.3277
vn -1 -0 -0.0049
vn -1 -0 -0.0057
vn -0.9453 -0 -0.3262
vn -0.7143 -0 -0.6999
vn -0.7081 -0 -0.7061
vn -0.7081 -0 -0.7061
vn -0.9446 -0 -0.3283
vn -0.9453 -0 -0.3262
vn -0.7138 -0 -0.7004
vn -0.346 -0 -0.9382
vn -0.3404 -0 -0.9403
vn -0.3404 -0 -0.9403
vn -0.7077 -0 -0.7065
vn -0.7138 -0 -0.7004
vn -0.3454 -0 -0.9385
vn -0.0834 -0 -0.9965
vn -0.0825 -0 -0.9966
vn -0.0825 -0 -0.9966
vn -0.3398 -0 -0.9405
vn -0.3454 -0 -0.9385
vn -0.0834 -0 -0.9965
vn 0.0835 -0 -0.9965
vn 0.0825 -0 -0.9966
vn 0.0825 -0 -0.9966
vn -0.0825 -0 -0.9966
vn -0.0834 -0 -0.9965
vn 0.0835 -0 -0.9965
vn 0.3454 -0 -0.9385
vn 0.3398 -0 -0.9405
vn 0.3398 -0 -0.9405
vn 0.0825 -0 -0.9966
vn 0.0835 -0 -0.9965
vn 0.346 -0 -0.9382
vn 0.7137 -0 -0.7005
vn 0.7076 -0 -0.7067
vn 0.7076 -0 -0.7067
vn 0.3404 -0 -0.9403
vn 0.346 -0 -0.9382
vn 0.7142 -0 -0.6999
vn 0.9453 -0 -0.3263
vn 0.9445 -0 -0.3284
vn 0.9445 -0 -0.3284
vn 0.708 -0 -0.7062
vn 0.7142 -0 -0.6999
vn 0.9455 -0 -0.3257
vn 1 -0 -0.0057
vn 1 -0 -0.0049
vn 1 -0 -0.0049
vn 0.9447 -0 -0.3278
vn 0.9455 -0 -0.3257
vn 1 -0 -0.0043
vn 0.9585 -0 0.2851
vn 0.9585 -0 0.2851
vn 0.9585 -0 0.2851
vn 1 -0 -0.0043
vn 1 -0 -0.0043
vn 0.9583 -0 0.2857
vn 0.7836 -0 0.6213
vn 0.7836 -0 0.6213
vn 0.7836 -0 0.6213
vn 0.9583 -0 0.2857
vn 0.9583 -0 0.2857
vn 0.7832 -0 0.6218
vn 0.4498 -0 0.8931
vn 0.4498 -0 0.8931
vn 0.4498 -0 0.8931
vn 0.7832 -0 0.6218
vn 0.7832 -0 0.6218
vn 0.4492 -0 0.8934
vn 0.1287 -0 0.9917
vn 0.1287 -0 0.9917
vn 0.1287 -0 0.9917
vn 0.4492 -0 0.8934
vn 0.4492 -0 0.8934
vn 0.1281 0.0001 0.9918
vn -0.1268 -0 0.9919
vn -0.1268 -0 0.9919
vn -0.1268 -0.0001 0.9919
vn 0.1281 -0 0.9918
vn 0.1281 -0 0.9918
vn -0.1274 -0 0.9918
vn -0.4486 -0 0.8937
vn -0.4486 -0 0.8937
vn -0.4486 -0 0.8937
vn -0.1274 -0 0.9918
vn -0.1274 -0 0.9918
vn -0.4492 -0 0.8934
vn -0.7832 -0 0.6218
vn -0.7832 -0 0.6218
vn -0.7832 -0 0.6218
vn -0.4492 -0 0.8934
vn -0.4492 -0 0.8934
vn -0.7836 -0 0.6213
vn -0.9584 -0 0.2856
vn -0.9584 -0 0.2855
vn -0.9584 -0 0.2855
vn -0.7836 -0 0.6213
vn -0.7836 -0 0.6213
vn -0.9585 -0 0.285
vn -1 -0 -0.0043
vn -1 -0 -0.0043
vn -1 -0 -0.0043
vn -0.9586 -0 0.2849
vn -0.9585 -0 0.285
vn -1 -0 -0.0049
vn -0.9448 -0 -0.3277
vn -0.9448 -0 -0.3277
vn -0.9448 -0 -0.3277
vn -1 -0 -0.0049
vn -1 -0 -0.0049
vn -0.9446 -0 -0.3283
vn -0.7081 -0 -0.7061
vn -0.7081 -0 -0.7061
vn -0.7081 -0 -0.7061
vn -0.9446 -0 -0.3283
vn -0.9446 -0 -0.3283
vn -0.7077 -0 -0.7065
vn -0.3404 -0 -0.9403
vn -0.3404 -0 -0.9403
vn -0.3404 -0 -0.9403
vn -0.7077 -0 -0.7065
vn -0.7077 -0 -0.7065
vn -0.3398 -0 -0.9405
vn -0.0825 -0 -0.9966
vn -0.0825 -0 -0.9966
vn -0.0825 -0 -0.9966
vn -0.3398 -0 -0.9405
vn -0.3398 -0 -0.9405
vn -0.0825 -0 -0.9966
vn 0.0825 -0 -0.9966
vn 0.0825 -0 -0.9966
vn 0.0825 -0 -0.9966
vn -0.0825 -0 -0.9966
vn -0.0825 -0 -0.9966
vn 0.0825 -0 -0.9966
vn 0.3398 -0 -0.9405
vn 0.3398 -0 -0.9405
vn 0.3398 -0 -0.9405
vn 0.0825 -0 -0.9966
vn 0.0825 -0 -0.9966
vn 0.3404 -0 -0.9403
vn 0.7076 -0 -0.7067
vn 0.7076 -0 -0.7067
vn 0.7076 -0 -0.7067
vn 0.3404 -0 -0.9403
vn 0.3404 -0 -0.9403
vn 0.708 -0 -0.7062
vn 0.9445 -0 -0.3284
vn 0.9445 -0 -0.3284
vn 0.9445 -0 -0.3284
vn 0.708 -0 -0.7062
vn 0.708 -0 -0.7062
vn 0.9447 -0 -0.3278
vn 1 -0 -0.0049
vn 1 -0 -0.0049
vn 1 -0 -0.0049
vn 0.9447 -0 -0.3278
vn 0.9447 -0 -0.3278
vn 1 -0 -0.0043
vn 0.9585 -0 0.2851
vn 0.9585 -0 0.2851
vn 0.9585 -0 0.2851
vn 1 -0 -0.0043
vn 1 -0 -0.0043
vn 0.9583 -0 0.2857
vn 0.7836 -0 0.6213
vn 0.7836 -0 0.6213
vn 0.7836 -0 0.6213
vn 0.9583 -0 0.2857
vn 0.9583 -0 0.2857
vn 0.7832 -0 0.6218
vn 0.4498 -0 0.8931
vn 0.4498 -0 0.8931
vn 0.4498 -0 0.8931
vn 0.7831 -0 0.6218
vn 0.7831 -0 0.6218
vn 0.4492 -0 0.8934
vn 0.1287 -0 0.9917
vn 0.1287 -0 0.9917
vn 0.1287 -0 0.9917
vn 0.4492 -0 0.8934
vn 0.4492 -0 0.8934
vn 0.1281 -0 0.9918
vn -0.1268 -0 0.9919
vn -0.1268 -0 0.9919
vn -0.1268 0.0001 0.9919
vn 0.1281 -0 0.9918
vn 0.1281 -0 0.9918
vn -0.1274 -0 0.9918
vn -0.4486 -0 0.8937
vn -0.4486 -0 0.8937
vn -0.4486 -0 0.8937
vn -0.1274 -0 0.9918
vn -0.1274 -0 0.9918
vn -0.4492 -0 0.8934
vn -0.7832 -0 0.6218
vn -0.7832 -0 0.6218
vn -0.7832 -0 0.6218
vn -0.4492 -0 0.8934
vn -0.4492 -0 0.8934
vn -0.7836 -0 0.6213
vn -0.9584 -0 0.2855
vn -0.9584 -0 0.2856
vn -0.9584 -0 0.2856
vn -0.7836 -0 0.6213
vn -0.7836 -0 0.6213
vn -0.9586 -0 0.2849
vn -1 -0 -0.0043
vn -1 -0 -0.0043
vn -1 -0 -0.0043
vn -0.9585 -0 0.285
vn -0.9586 -0 0.2849
vn -1 -0 -0.0049
vn -0.9448 -0 -0.3277
vn -0.9448 -0 -0.3277
vn -0.9448 -0 -0.3277
vn -1 -0 -0.0049
vn -1 -0 -0.0049
vn -0.9446 -0 -0.3283
vn -0.7081 -0 -0.7061
vn -0.7081 -0 -0.7061
vn -0.7081 -0 -0.7061
vn -0.9446 -0 -0.3283
vn -0.9446 -0 -0.3283
vn -0.7077 -0 -0.7065
vn -0.3404 -0 -0.9403
vn -0.3404 -0 -0.9403
vn -0.3404 -0 -0.9403
vn -0.7077 -0 -0.7065
vn -0.7077 -0 -0.7065
vn -0.3398 -0 -0.9405
vn -0.0825 -0 -0.9966
vn -0.0825 -0 -0.9966
vn -0.0825 -0 -0.9966
vn -0.3398 -0 -0.9405
vn -0.3398 -0 -0.9405
vn -0.0825 -0 -0.9966
vn 0.0825 -0 -0.9966
vn 0.0825 -0 -0.9966
vn 0.0825 -0 -0.9966
vn -0.0825 -0 -0.9966
vn -0.0825 -0 -0.9966
vn 0.0825 -0 -0.9966
vn 0.3398 -0 -0.9405
vn 0.3398 -0 -0.9405
vn 0.3398 -0 -0.9405
vn 0.0825 -0 -0.9966
vn 0.0825 -0 -0.9966
vn 0.3404 -0 -0.9403
vn 0.7076 -0 -0.7067
vn 0.7076 -0 -0.7067
vn 0.7076 -0 -0.7067
vn 0.3404 -0 -0.9403
vn 0.3404 -0 -0.9403
vn 0.708 -0 -0.7062
vn 0.9445 -0 -0.3284
vn 0.9445 -0 -0.3284
vn 0.9445 -0 -0.3284
vn 0.708 -0 -0.7062
vn 0.708 -0 -0.7062
vn 0.9447 -0 -0.3278
vn 1 -0 -0.0049
vn 1 -0 -0.0049
vn 1 -0 -0.0049
vn 0.9447 -0 -0.3278
vn 0.9447 -0 -0.3278
vn 1 -0 -0.0043
vn 0.9585 -0 0.2851
vn 0.9557 0.0628 0.2877
vn 0.9557 0.0628 0.2877
vn 0.98 0.1991 -0.0017
vn 1 -0 -0.0043
vn 0.9583 -0 0.2857
vn 0.7836 -0 0.6213
vn 0.7825 -0.023 0.6222
vn 0.7825 -0.0229 0.6222
vn 0.9555 0.0628 0.2883
vn 0.9583 -0 0.2857
vn 0.7831 -0 0.6218
vn 0.4498 -0 0.8931
vn 0.4541 -0.034 0.8903
vn 0.4541 -0.034 0.8903
vn 0.7821 -0.023 0.6227
vn 0.7831 -0 0.6218
vn 0.4492 -0 0.8934
vn 0.1287 -0 0.9917
vn 0.1333 -0.0155 0.991
vn 0.1333 -0.0154 0.991
vn 0.4535 -0.0341 0.8906
vn 0.4492 -0 0.8934
vn 0.1281 -0 0.9918
vn -0.1268 -0 0.9919
vn -0.1243 0.0013 0.9922
vn -0.1243 0.0013 0.9922
vn 0.1327 -0.0155 0.991
vn 0.1281 -0 0.9918
vn -0.1274 -0 0.9918
vn -0.4486 -0 0.8937
vn -0.4481 0.0042 0.894
vn -0.4481 0.0042 0.894
vn -0.1249 0.0013 0.9922
vn -0.1274 -0 0.9918
vn -0.4492 -0 0.8934
vn -0.7832 -0 0.6218
vn -0.7838 -0.0029 0.621
vn -0.7838 -0.0029 0.621
vn -0.4487 0.0042 0.8937
vn -0.4492 -0 0.8934
vn -0.7836 -0 0.6213
vn -0.9584 -0 0.2856
vn -0.9586 -0.0101 0.2847
vn -0.9586 -0.0101 0.2847
vn -0.7842 -0.0029 0.6205
vn -0.7836 -0 0.6213
vn -0.9585 -0 0.285
vn -1 -0 -0.0043
vn -0.9999 -0.0136 -0.0045
vn -0.9999 -0.0136 -0.0045
vn -0.9587 -0.0101 0.2841
vn -0.9585 -0 0.285
vn -1 -0 -0.0049
vn -0.9448 -0 -0.3277
vn -0.9449 -0.0127 -0.327
vn -0.9449 -0.0127 -0.327
vn -0.9999 -0.0136 -0.0051
vn -1 -0 -0.0049
vn -0.9446 -0 -0.3283
vn -0.7081 -0 -0.7061
vn -0.7092 -0.0072 -0.7049
vn -0.7092 -0.0072 -0.7049
vn -0.9447 -0.0127 -0.3276
vn -0.9446 -0 -0.3283
vn -0.7077 -0 -0.7065
vn -0.3404 -0 -0.9403
vn -0.341 -0.0004 -0.9401
vn -0.341 -0.0004 -0.9401
vn -0.7087 -0.0072 -0.7054
vn -0.7077 -0 -0.7065
vn -0.3398 -0 -0.9405
vn -0.0825 -0 -0.9966
vn -0.0821 0.0025 -0.9966
vn -0.0821 0.0025 -0.9966
vn -0.3404 -0.0004 -0.9403
vn -0.3398 -0 -0.9405
vn -0.0825 -0 -0.9966
vn 0.0825 -0 -0.9966
vn 0.0837 0.0011 -0.9965
vn 0.0837 0.0011 -0.9965
vn -0.0821 0.0025 -0.9966
vn -0.0825 -0 -0.9966
vn 0.0825 -0 -0.9966
vn 0.3398 -0 -0.9405
vn 0.3416 -0.0049 -0.9398
vn 0.3416 -0.0049 -0.9398
vn 0.0837 0.0011 -0.9965
vn 0.0825 -0 -0.9966
vn 0.3404 -0 -0.9403
vn 0.7076 -0 -0.7067
vn 0.7064 -0.0022 -0.7078
vn 0.7064 -0.0022 -0.7078
vn 0.3422 -0.0049 -0.9396
vn 0.3404 -0 -0.9403
vn 0.708 -0 -0.7062
vn 0.9445 -0 -0.3284
vn 0.9419 0.0637 -0.3297
vn 0.9419 0.0637 -0.3297
vn 0.7068 -0.0022 -0.7074
vn 0.708 -0 -0.7062
vn 0.9447 -0 -0.3278
vn 1 -0 -0.0049
vn 0.98 0.1991 -0.0021
vn 0.98 0.1991 -0.0021
vn 0.9421 0.0637 -0.3291
vn 0.9447 -0 -0.3278
vn 0.98 0.1992 -0.0016
vn 0.9556 0.063 0.2877
vn 0.9485 0.1339 0.287
vn 0.9484 0.1342 0.2872
vn 0.9262 0.3768 0.0106
vn 0.9799 0.1996 -0.0017
vn 0.9555 0.0627 0.2882
vn 0.7825 -0.023 0.6222
vn 0.7772 -0.0398 0.628
vn 0.7772 -0.0396 0.6281
vn 0.9483 0.1339 0.2876
vn 0.9555 0.063 0.2883
vn 0.7821 -0.0231 0.6227
vn 0.4541 -0.0342 0.8903
vn 0.4378 -0.0657 0.8967
vn 0.4378 -0.0657 0.8967
vn 0.7768 -0.0398 0.6285
vn 0.7821 -0.023 0.6227
vn 0.4535 -0.0341 0.8906
vn 0.1333 -0.0156 0.991
vn 0.1213 -0.0302 0.9922
vn 0.1213 -0.0302 0.9922
vn 0.4372 -0.0657 0.897
vn 0.4535 -0.0341 0.8906
vn 0.1327 -0.0155 0.991
vn -0.1243 0.0013 0.9922
vn -0.1328 0.003 0.9911
vn -0.1328 0.003 0.9911
vn 0.1207 -0.0302 0.9922
vn 0.1327 -0.0155 0.991
vn -0.1249 0.0013 0.9922
vn -0.4481 0.0042 0.894
vn -0.4526 0.0101 0.8917
vn -0.4526 0.0101 0.8917
vn -0.1334 0.003 0.9911
vn -0.1249 0.0013 0.9922
vn -0.4487 0.0042 0.8937
vn -0.7838 -0.0029 0.621
vn -0.784 -0.0037 0.6208
vn -0.784 -0.0037 0.6208
vn -0.4532 0.0101 0.8914
vn -0.4487 0.0042 0.8937
vn -0.7842 -0.0029 0.6205
vn -0.9586 -0.0101 0.2847
vn -0.9584 -0.019 0.2849
vn -0.9584 -0.019 0.2849
vn -0.7844 -0.0037 0.6202
vn -0.7842 -0.0029 0.6205
vn -0.9587 -0.0101 0.2841
vn -0.9999 -0.0136 -0.0045
vn -0.9996 -0.0269 -0.0044
vn -0.9996 -0.0269 -0.0044
vn -0.9586 -0.019 0.2843
vn -0.9588 -0.0101 0.2841
vn -0.9999 -0.0136 -0.0051
vn -0.9449 -0.0127 -0.327
vn -0.9446 -0.0262 -0.3273
vn -0.9446 -0.0262 -0.3273
vn -0.9996 -0.0269 -0.005
vn -0.9999 -0.0136 -0.0051
vn -0.9447 -0.0127 -0.3276
vn -0.7092 -0.0072 -0.7049
vn -0.708 -0.016 -0.706
vn -0.708 -0.016 -0.706
vn -0.9443 -0.0262 -0.3279
vn -0.9447 -0.0127 -0.3276
vn -0.7088 -0.0072 -0.7054
vn -0.341 -0.0004 -0.9401
vn -0.3415 -0.0026 -0.9399
vn -0.3415 -0.0026 -0.9399
vn -0.7075 -0.016 -0.7065
vn -0.7087 -0.0072 -0.7054
vn -0.3404 -0.0004 -0.9403
vn -0.0821 0.0025 -0.9966
vn -0.0843 0.004 -0.9964
vn -0.0843 0.004 -0.9964
vn -0.3409 -0.0026 -0.9401
vn -0.3404 -0.0004 -0.9403
vn -0.0821 0.0025 -0.9966
vn 0.0837 0.0011 -0.9965
vn 0.08 0.0021 -0.9968
vn 0.08 0.0021 -0.9968
vn -0.0843 0.004 -0.9964
vn -0.0821 0.0025 -0.9966
vn 0.0837 0.0011 -0.9965
vn 0.3416 -0.0049 -0.9398
vn 0.3322 -0.0106 -0.9432
vn 0.3322 -0.0106 -0.9432
vn 0.08 0.0021 -0.9968
vn 0.0837 0.0011 -0.9965
vn 0.3422 -0.0049 -0.9396
vn 0.7064 -0.0022 -0.7078
vn 0.7016 -0.0096 -0.7125
vn 0.7016 -0.0096 -0.7125
vn 0.3328 -0.0106 -0.9429
vn 0.3422 -0.0049 -0.9396
vn 0.7068 -0.0021 -0.7074
vn 0.9419 0.0639 -0.3297
vn 0.941 0.115 -0.3183
vn 0.941 0.1148 -0.3183
vn 0.702 -0.0096 -0.7121
vn 0.7068 -0.0022 -0.7074
vn 0.9421 0.0641 -0.3292
vn 0.9799 0.1996 -0.0021
vn 0.9262 0.3768 0.01
vn 0.9263 0.3766 0.0101
vn 0.9412 0.115 -0.3177
vn 0.9421 0.0639 -0.3291
vn 0.2515 0.9678 0.006
vn 0.2545 0.9671 0.0017
vn 0.209 0.9709 0.1166
vn 0.209 0.9709 0.1166
vn 0.2088 0.9709 0.1173
vn 0.2515 0.9678 0.006
vn 0.2088 0.9709 0.1173
vn 0.209 0.9709 0.1166
vn 0.1278 0.9691 0.2111
vn 0.1278 0.9691 0.2111
vn 0.1098 0.9673 0.2287
vn 0.2088 0.9709 0.1173
vn 0.1095 0.9673 0.2289
vn 0.1278 0.9691 0.2111
vn 0.0433 0.9509 0.3063
vn 0.0433 0.9509 0.3063
vn 0.0315 0.9478 0.3172
vn 0.1095 0.9673 0.2289
vn 0.0315 0.9478 0.3172
vn 0.0433 0.9509 0.3063
vn 0.0036 0.9349 0.3549
vn 0.0036 0.9349 0.3549
vn -0.0015 0.9336 0.3584
vn 0.0315 0.9478 0.3172
vn -0.0015 0.9336 0.3584
vn 0.0036 0.9349 0.3549
vn -0.0031 0.9349 0.3548
vn -0.0031 0.9349 0.3548
vn 0.0019 0.9336 0.3583
vn -0.0014 0.9336 0.3584
vn -0.0311 0.9479 0.3171
vn 0.002 0.9336 0.3583
vn -0.0031 0.9349 0.3548
vn -0.0031 0.9349 0.3548
vn -0.043 0.951 0.3062
vn -0.0311 0.9479 0.3171
vn -0.1093 0.9673 0.2288
vn -0.0311 0.9479 0.3171
vn -0.043 0.951 0.3062
vn -0.043 0.951 0.3062
vn -0.1276 0.9691 0.211
vn -0.1093 0.9673 0.2288
vn -0.2087 0.9709 0.1172
vn -0.1096 0.9673 0.2286
vn -0.1276 0.9691 0.211
vn -0.1276 0.9691 0.211
vn -0.2089 0.971 0.1165
vn -0.2087 0.9709 0.1172
vn -0.2515 0.9678 0.006
vn -0.2087 0.9709 0.1172
vn -0.2089 0.971 0.1165
vn -0.2089 0.971 0.1165
vn -0.2545 0.9671 0.0017
vn -0.2515 0.9678 0.006
vn -0.2515 0.9678 0.006
vn -0.2545 0.9671 0.0017
vn -0.194 0.9752 -0.1065
vn -0.194 0.9752 -0.1065
vn -0.1977 0.9758 -0.0939
vn -0.2515 0.9678 0.006
vn -0.1977 0.9758 -0.0939
vn -0.194 0.9752 -0.1065
vn -0.1146 0.9757 -0.187
vn -0.1146 0.9757 -0.187
vn -0.1123 0.9761 -0.1862
vn -0.1977 0.9758 -0.0939
vn -0.0459 0.965 -0.2583
vn -0.1123 0.9761 -0.1862
vn -0.1146 0.9757 -0.187
vn -0.1146 0.9757 -0.187
vn -0.0469 0.9644 -0.2603
vn -0.0459 0.965 -0.2583
vn -0.0107 0.9549 -0.2966
vn -0.0459 0.965 -0.2583
vn -0.0469 0.9644 -0.2603
vn -0.0469 0.9644 -0.2603
vn -0.0127 0.9547 -0.2972
vn -0.0107 0.9549 -0.2966
vn -0.0107 0.9549 -0.2966
vn -0.0127 0.9547 -0.2972
vn 0.0127 0.9547 -0.2972
vn 0.0127 0.9547 -0.2972
vn 0.0107 0.9549 -0.2967
vn -0.0107 0.9549 -0.2966
vn 0.0107 0.9549 -0.2967
vn 0.0127 0.9547 -0.2972
vn 0.0365 0.9633 -0.2661
vn 0.0365 0.9633 -0.2661
vn 0.0116 0.9599 -0.2802
vn 0.0107 0.9549 -0.2967
vn 0.0727 0.9678 -0.2408
vn 0.0769 0.9669 -0.2435
vn 0.0658 0.9694 -0.2365
vn 0.0658 0.9694 -0.2365
vn 0.0624 0.9702 -0.2343
vn 0.0727 0.9678 -0.2408
vn 0.1977 0.9758 -0.0939
vn 0.1628 0.9772 -0.1363
vn 0.1337 0.9768 -0.1673
vn 0.1337 0.9768 -0.1673
vn 0.194 0.9752 -0.1065
vn 0.1977 0.9758 -0.0939
vn 0.2515 0.9678 0.006
vn 0.1977 0.9758 -0.0939
vn 0.194 0.9752 -0.1065
vn 0.194 0.9752 -0.1065
vn 0.2545 0.9671 0.0017
vn 0.2515 0.9678 0.006
vn 0.1832 0.9717 0.1489
vn 0.1901 0.9737 0.1258
vn 0.1748 0.9656 0.1923
vn 0.1748 0.9656 0.1923
vn 0.149 0.9674 0.205
vn 0.1832 0.9717 0.1489
vn 0.149 0.9674 0.205
vn 0.1748 0.9656 0.1923
vn 0.1145 0.9455 0.3048
vn 0.1145 0.9455 0.3048
vn 0.0742 0.949 0.3064
vn 0.149 0.9674 0.205
vn 0.0742 0.949 0.3064
vn 0.1145 0.9455 0.3048
vn 0.0349 0.9259 0.3761
vn 0.0349 0.9259 0.3761
vn 0.0172 0.931 0.3645
vn 0.0742 0.949 0.3064
vn 0.0172 0.931 0.3645
vn 0.0349 0.9259 0.3761
vn -0.0346 0.9259 0.3761
vn -0.0346 0.9259 0.3761
vn -0.0168 0.9311 0.3644
vn 0.0172 0.931 0.3645
vn -0.0739 0.9491 0.3063
vn -0.0168 0.9311 0.3644
vn -0.0346 0.9259 0.3761
vn -0.0346 0.9259 0.3761
vn -0.1142 0.9456 0.3047
vn -0.0739 0.9491 0.3063
vn -0.1487 0.9673 0.2052
vn -0.0739 0.9491 0.3063
vn -0.1142 0.9456 0.3047
vn -0.1142 0.9456 0.3047
vn -0.1747 0.9657 0.1923
vn -0.1488 0.9674 0.2049
vn -0.1831 0.9718 0.1488
vn -0.1488 0.9674 0.2049
vn -0.1747 0.9657 0.1923
vn -0.1747 0.9657 0.1923
vn -0.1901 0.9737 0.1257
vn -0.1831 0.9718 0.1488
vn -0.1813 0.9709 -0.1563
vn -0.1988 0.97 -0.1401
vn -0.1735 0.9599 -0.2203
vn -0.1735 0.9599 -0.2203
vn -0.137 0.9689 -0.2059
vn -0.1813 0.9709 -0.1563
vn -0.0753 0.9535 -0.2918
vn -0.137 0.9689 -0.2059
vn -0.1735 0.9599 -0.2203
vn -0.1735 0.9599 -0.2203
vn -0.1216 0.9366 -0.3287
vn -0.0756 0.9535 -0.2918
vn -0.0262 0.9373 -0.3474
vn -0.0753 0.9535 -0.2918
vn -0.1216 0.9366 -0.3287
vn -0.1216 0.9366 -0.3287
vn -0.0468 0.9134 -0.4044
vn -0.0262 0.9374 -0.3474
vn -0.0262 0.9374 -0.3474
vn -0.0468 0.9134 -0.4044
vn 0.0468 0.9134 -0.4044
vn 0.0468 0.9134 -0.4044
vn 0.0262 0.9374 -0.3474
vn -0.0262 0.9373 -0.3474
vn 0.0262 0.9373 -0.3474
vn 0.0468 0.9134 -0.4044
vn 0.1216 0.9365 -0.3288
vn 0.1216 0.9365 -0.3288
vn 0.0753 0.9535 -0.2918
vn 0.0262 0.9374 -0.3474
vn 0.0753 0.9535 -0.2918
vn 0.1216 0.9365 -0.3288
vn 0.1735 0.9599 -0.2203
vn 0.1735 0.9599 -0.2203
vn 0.137 0.9689 -0.206
vn 0.0753 0.9535 -0.2918
vn 0.1813 0.9709 -0.1563
vn 0.137 0.9689 -0.206
vn 0.1735 0.9599 -0.2203
vn 0.1735 0.9599 -0.2203
vn 0.1987 0.97 -0.1401
vn 0.1813 0.9709 -0.1563
vn 0.2999 0.9495 0.0927
vn 0.3082 0.9513 0.0068
vn 0.1582 0.9874 0.0065
vn 0.1582 0.9874 0.0064
vn 0.1813 0.9829 0.0321
vn 0.2999 0.9495 0.0927
vn 0.2734 0.9398 0.2052
vn 0.2999 0.9495 0.0927
vn 0.1812 0.9829 0.0324
vn 0.1813 0.9829 0.0323
vn 0.1953 0.975 0.1062
vn 0.2737 0.9397 0.205
vn 0.1574 0.9464 0.2822
vn 0.2734 0.9397 0.2052
vn 0.1951 0.975 0.1065
vn 0.195 0.975 0.1065
vn 0.0721 0.9845 0.1601
vn 0.1574 0.9464 0.2822
vn 0.0389 0.9598 0.278
vn 0.1574 0.9464 0.2822
vn 0.072 0.9845 0.1602
vn 0.0718 0.9845 0.1602
vn 0.0067 0.9901 0.1403
vn 0.0389 0.9598 0.278
vn -0.045 0.9627 0.2669
vn 0.0389 0.9598 0.278
vn 0.0067 0.9901 0.1403
vn 0.0067 0.9901 0.1403
vn -0.0148 0.9889 0.1476
vn -0.045 0.9627 0.2669
vn -0.1418 0.953 0.2677
vn -0.045 0.9627 0.2669
vn -0.015 0.9889 0.1476
vn -0.0148 0.9889 0.1476
vn -0.073 0.9818 0.1752
vn -0.1415 0.953 0.2678
vn -0.2693 0.9375 0.2203
vn -0.1418 0.953 0.2677
vn -0.0734 0.9818 0.175
vn -0.0733 0.9818 0.1751
vn -0.1673 0.9783 0.122
vn -0.2691 0.9375 0.2205
vn -0.3215 0.9422 0.0947
vn -0.2693 0.9375 0.2203
vn -0.1675 0.9783 0.1218
vn -0.1675 0.9783 0.1216
vn -0.1672 0.9856 0.0248
vn -0.3215 0.9422 0.0947
vn -0.3073 0.9516 -0.0058
vn -0.3215 0.9422 0.0947
vn -0.1672 0.9856 0.0247
vn -0.1672 0.9856 0.0247
vn -0.1595 0.9872 -0.0039
vn -0.3073 0.9516 -0.0058
vn -0.307 0.9467 -0.0979
vn -0.3073 0.9516 -0.0058
vn -0.1595 0.9872 -0.004
vn -0.1595 0.9872 -0.0039
vn -0.1889 0.9814 -0.0349
vn -0.3071 0.9466 -0.0976
vn -0.2872 0.9293 -0.2321
vn -0.307 0.9467 -0.0979
vn -0.1888 0.9814 -0.0352
vn -0.1889 0.9814 -0.0351
vn -0.1995 0.971 -0.1316
vn -0.2874 0.9293 -0.2319
vn -0.1651 0.9272 -0.3363
vn -0.2871 0.9293 -0.2324
vn -0.1993 0.971 -0.1319
vn -0.1992 0.971 -0.1319
vn -0.0698 0.9792 -0.1905
vn -0.1651 0.9272 -0.3363
vn -0.038 0.9422 -0.3329
vn -0.1651 0.9272 -0.3363
vn -0.0697 0.9792 -0.1906
vn -0.0695 0.9792 -0.1906
vn -0.0056 0.9859 -0.1673
vn -0.038 0.9422 -0.3329
vn 0.0466 0.9465 -0.3192
vn -0.038 0.9422 -0.3329
vn -0.0056 0.9859 -0.1673
vn -0.0056 0.9859 -0.1673
vn 0.0148 0.9844 -0.1752
vn 0.0466 0.9465 -0.3192
vn 0.1494 0.9356 -0.3199
vn 0.0466 0.9465 -0.3192
vn 0.015 0.9844 -0.1752
vn 0.0148 0.9844 -0.1752
vn 0.0691 0.9754 -0.2091
vn 0.1491 0.9356 -0.3201
vn 0.2848 0.9246 -0.253
vn 0.1494 0.9356 -0.3199
vn 0.0695 0.9755 -0.209
vn 0.0694 0.9754 -0.209
vn 0.1722 0.9733 -0.152
vn 0.2846 0.9246 -0.2533
vn 0.331 0.9381 -0.1023
vn 0.2848 0.9246 -0.253
vn 0.1724 0.9733 -0.1518
vn 0.1724 0.9733 -0.1515
vn 0.172 0.9847 -0.0264
vn 0.331 0.9381 -0.1021
vn 0.3082 0.9513 0.0068
vn 0.331 0.9381 -0.1021
vn 0.172 0.9847 -0.0264
vn 0.172 0.9847 -0.0262
vn 0.1582 0.9874 0.0064
vn 0.3082 0.9513 0.0068
vn -0 -1 -0
vn -0 -1 -0
vn -0 -1 -0
vn -0 -1 -0
vn -0 -1 -0
vn -0 -1 -0
vn -0 -1 -0
vn -0 -1 -0
vn -0 -1 -0
vn -0 -1 -0
vn -0 -1 -0
vn -0 -1 -0
vn -0 -1 -0
vn -0 -1 -0
vn -0 -1 -0
vn -0 -1 -0
vn -0 -1 -0
vn -0 -1 -0
vn -0 -1 -0
vn -0 -1 -0
vn -0 -1 -0
vn -0 -1 -0
vn -0 -1 -0
vn -0 -1 -0
vn -0 -1 -0
vn -0 -1 -0
vn -0 -1 -0
vn -0 -1 -0
vn -0 -1 -0
vn -0 -1 -0
vn -0 -1 -0
vn -0 -1 -0
vn -0 -1 -0
vn -0 -1 -0
vn -0 -1 -0
vn -0 -1 -0
vn -0 -1 -0
vn -0 -1 -0
vn -0 -1 -0
vn -0 -1 -0
vn -0 -1 -0
vn -0 -1 -0
vn -0 -1 -0
vn -0 -1 -0
vn -0 -1 -0
vn -0 -1 -0
vn -0 -1 -0
vn -0 -1 -0
vn -0 -1 -0
vn -0 -1 -0
vn -0 -1 -0
vn -0 -1 -0
vn -0 -1 -0
vn -0 -1 -0
vn -0 -1 -0
vn -0 -1 -0
vn -0 -1 -0
vn -0 -1 -0
vn -0 -1 -0
vn -0 -1 -0
vn -0 -1 -0
vn -0 -1 -0
vn -0 -1 -0
vn -0 -1 -0
vn -0 -1 -0
vn -0 -1 -0
vn -0 -1 -0
vn -0 -1 -0
vn -0 -1 -0
vn -0 -1 -0
vn -0 -1 -0
vn -0 -1 -0
vn -0 -1 -0
vn -0 -1 -0
vn -0 -1 -0
vn -0 -1 -0
vn -0 -1 -0
vn -0 -1 -0
vn -0 -1 -0
vn -0 -1 -0
vn -0 -1 -0
vn -0 -1 -0
vn -0 -1 -0
vn -0 -1 -0
vn -0 -1 -0
vn -0 -1 -0
vn -0 -1 -0
vn -0 -1 -0
vn -0 -1 -0
vn -0 -1 -0
vn -0 -1 -0
vn -0 -1 -0
vn -0 -1 -0
vn -0 -1 -0
vn -0 -1 -0
vn -0 -1 -0
vn -0 -1 -0
vn -0 -1 -0
vn -0 -1 -0
vn -0 -1 -0
vn -0 -1 -0
vn -0 -1 -0
vn -0 -1 -0
vn -0 -1 -0
vn -0 -1 -0
vn -0 -1 -0
vn -0 -1 -0
vn -0 -1 -0
vn -0 -1 -0
vn -0 -1 -0
vn -0 -1 -0
vn -0 -1 -0
vn -0 -1 -0
vn -0 -1 -0
vn -0 -1 -0
vn -0 -1 -0
vn -0 -1 -0
vn -0 -1 -0
vn -0 -1 -0
vn -0 -1 -0
vn -0 -1 -0
vn -0 -1 -0
vn -0 -1 -0
vn -0 -1 -0
vn -0 -1 -0
vn -0 -1 -0
vn -0 -1 -0
vn -0 -1 -0
vn -0 -1 -0
vn -0 -1 -0
vn -0 -1 -0
vn -0 -1 -0
vn -0 -1 -0
vn -0 -1 -0
vn -0 -1 -0
vn -0 -1 -0
vn -0 -1 -0
vn -0 -1 -0
vn -0 -1 -0
vn -0 -1 -0
vn -0 -1 -0
vn -0 -1 -0
vn -0 -1 -0
vn -0 -1 -0
vn -0 -1 -0
vn -0 -1 -0
vn -0 -1 -0
vn -0 -1 -0
vn -0 -1 -0
vn -0 -1 -0
vn -0 -1 -0
vn -0 -1 -0
vn -0 -1 -0
vn -0 -1 -0
vn -0 -1 -0
vn -0 -1 -0
vn -0 -1 -0
vn -0 -1 -0
vn -0 -1 -0
vn -0 -1 -0
vn -0 -1 -0
vn -0 -1 -0
vn -0 -1 -0
vn -0 -1 -0
vn -0 -1 -0
vn -0 -1 -0
vn -0 -1 -0
vn -0 -1 -0
vn -0 -1 -0
vn -0 -1 -0
vn -0 -1 -0
vn -0 -1 -0
vn -0 -1 -0
vn -0 -1 -0
vn -0 -1 -0
vn -0 -1 -0
vn -0 -1 -0
vn -0 -1 -0
vn -0 -1 -0
vn -0 -1 -0
vn -0 -1 -0
vn -0 -1 -0
vn -0 -1 -0
vn -0 -1 -0
vn -0 -1 -0
vn -0 -1 -0
vn -0 -1 -0
vn -0 -1 -0
vn -0 -1 -0
vn -0 -1 -0
vn -0 -1 -0
vn -0 -1 -0
vn -0 -1 -0
vn -0 -1 -0
vn -0 -1 -0
vn -0 -1 -0
vn -0 -1 -0
vn -0 -1 -0
vn -0 -1 -0
vn -0 -1 -0
vn -0 -1 -0
vn -0 -1 -0
vn -0 -1 -0
vn -0 -1 -0
vn -0 -1 -0
vn -0 -1 -0
vn -0 -1 -0
vn -0 -1 -0
vn -0 -1 -0
vn -0 -1 -0
vn -0 -1 -0
vn -0 -1 -0
vn -0 -1 -0
vn -0 -1 -0
vn -0 -1 -0
vn -0 -1 -0
vn -0 -1 -0
vn -0 -1 -0
vn -0 -1 -0
vn -0 -1 -0
vn -0 -1 -0
vn -0 -1 -0
vn -0 -1 -0
vn -0 -1 -0
vn -0 -1 -0
vn -0 -1 -0
vn -0 -1 -0
vn -0 -1 -0
vn -0 -1 -0
vn -0 -1 -0
vn -0 -1 -0
vn -0 -1 -0
vn -0 -1 -0
vn -0 -1 -0
vn -0 -1 -0
vn -0 -1 -0
vn -0 -1 -0
vn -0 -1 -0
vn -0 -1 -0
vn -0 -1 -0
vn -0 -1 -0
vn -0 -1 -0
vn -0 -1 -0
vn -0 -1 -0
vn -0 -1 -0
vn -0 -1 -0
vn -0 -1 -0
vn -0 -1 -0
vn -0 -1 -0
vn -0 -1 -0
vn -0 -1 -0
vn -0 -1 -0
vn -0 -1 -0
vn -0 -1 -0
vn -0 -1 -0
vn -0 -1 -0
vn -0 -1 -0
vn -0 -1 -0
vn -0 -1 -0
vn -0 -1 -0
vn -0 -1 -0
vn -0 -1 -0
vn -0 -1 -0
vn -0 -1 -0
vn -0 -1 -0
vn -0 -1 -0
vn -0 -1 -0
vn -0 -1 -0
vn -0 -1 -0
vn -0 -1 -0
vn -0 -1 -0
vn -0 -1 -0
vn -0 -1 -0
vn -0 -1 -0
vn -0 -1 -0
vn -0 -1 -0
vn -0 -1 -0
vn -0 -1 -0
vn -0 -1 -0
vn -0 -1 -0
vn -0 -1 -0
vn -0 -1 -0
vn -0 -1 -0
vn -0 -1 -0
vn -0 -1 -0
vn -0 -1 -0
vn -0 -1 -0
vn -0 -1 -0
vn -0 -1 -0
vn -0 -1 -0
vn -0 -1 -0
vn -0 -1 -0
vn -0 -1 -0
vn -0 -1 -0
vn -0 -1 -0
vn -0 -1 -0
vn -0 -1 -0
vn -0 -1 -0
vn -0 -1 -0
vn -0 -1 -0
vn -0 -1 -0
vn -0 -1 -0
vn -0 -1 -0
vn -0 -1 -0
vn -0 -1 -0
vn -0 -1 -0
vn -0 -1 -0
vn -0 -1 -0
vn -0 -1 -0
vn -0 -1 -0
vn -0 -1 -0
vn -0 -1 -0
vn -0 -1 -0
vn -0 -1 -0
vn -0 -1 -0
vn -0 -1 -0
vn -0 -1 -0
vn -0 -1 -0
vn -0 -1 -0
vn -0 -1 -0
vn -0 -1 -0
vn -0 -1 -0
vn -0 -1 -0
vn -0 -1 -0
vn -0 -1 -0
vn -0 -1 -0
vn -0 -1 -0
vn -0 -1 -0
vn -0 -1 -0
vn -0 -1 -0
vn -0 -1 -0
vn -0 -1 -0
vn -0 -1 -0
vn -0 -1 -0
vn -0 -1 -0
vn -0 -1 -0
vn -0 -1 -0
vn -0 -1 -0
vn -0 -1 -0
vn -0 -1 -0
vn -0 -1 -0
vn -0 -1 -0
vn -0 -1 -0
vn -0 -1 -0
vn -0 -1 -0
vn -0 -1 -0
vn -0 -1 -0
vn -0 -1 -0
vn -0 -1 -0
vn -0 -1 -0
vn -0 -1 -0
vn -0 -1 -0
vn -0 -1 -0
vn -0 -1 -0
vn -0 -1 -0
vn -0 -1 -0
vn -0 -1 -0
vn -0 -1 -0
vn -0 -1 -0
vn -0 -1 -0
vn -0 -1 -0
vn -0 -1 -0
vn -0 -1 -0
vn -0 -1 -0
vn -0 -1 -0
vn -0 -1 -0
vn -0 -1 -0
vn -0 -1 -0
vn -0 -1 -0
vn -0 -1 -0
vn -0 -1 -0
vn -0 -1 -0
vn -0 -1 -0
vn -0 -1 -0
vn -0 -1 -0
vn -0 -1 -0
vn -0 -1 -0
vn -0 -1 -0
vn -0.1127 0.9935 -0.0178
vn -0.1127 0.9935 -0.0178
vn -0.1127 0.9935 -0.0178
vn -0.1125 0.9935 -0.0178
vn -0.1125 0.9935 -0.0178
vn -0.1125 0.9935 -0.0178
vn -0.1131 0.9934 0.0185
vn -0.1131 0.9934 0.0185
vn -0.1131 0.9934 0.0185
vn -0.1132 0.9934 0.0185
vn -0.1132 0.9934 0.0185
vn -0.1132 0.9934 0.0185
vn -0.1 0.9933 0.0574
vn -0.1 0.9933 0.0574
vn -0.1003 0.9933 0.0577
vn -0.1003 0.9933 0.0577
vn -0.1003 0.9933 0.0577
vn -0.1003 0.9933 0.0577
vn -0.0708 0.9932 0.092
vn -0.0708 0.9932 0.092
vn -0.0708 0.9932 0.092
vn -0.0709 0.9932 0.0923
vn -0.0709 0.9932 0.0923
vn -0.0709 0.9932 0.0923
vn -0.0343 0.9932 0.1114
vn -0.0343 0.9932 0.1114
vn -0.0343 0.9932 0.1114
vn -0.0343 0.9932 0.1113
vn -0.0343 0.9932 0.1116
vn -0.0343 0.9932 0.1116
vn -0 0.9932 0.1167
vn -0 0.9932 0.1167
vn -0 0.9932 0.1167
vn -0 0.9932 0.1167
vn -0 0.9932 0.1167
vn -0 0.9932 0.1167
vn 0.0344 0.9932 0.1116
vn 0.0344 0.9932 0.1116
vn 0.0344 0.9932 0.1116
vn 0.0343 0.9932 0.1114
vn 0.0343 0.9932 0.1114
vn 0.0343 0.9932 0.1114
vn 0.071 0.9932 0.0923
vn 0.071 0.9932 0.0923
vn 0.071 0.9932 0.0923
vn 0.0709 0.9932 0.0922
vn 0.0707 0.9932 0.092
vn 0.0707 0.9932 0.092
vn 0.1003 0.9933 0.0576
vn 0.1003 0.9933 0.0576
vn 0.1003 0.9933 0.0576
vn 0.0999 0.9933 0.0575
vn 0.0999 0.9933 0.0575
vn 0.0999 0.9933 0.0575
vn 0.1132 0.9934 0.0185
vn 0.1132 0.9934 0.0185
vn 0.1132 0.9934 0.0185
vn 0.1131 0.9934 0.0185
vn 0.1131 0.9934 0.0185
vn 0.1131 0.9934 0.0185
vn 0.1125 0.9935 -0.0178
vn 0.1125 0.9935 -0.0178
vn 0.1125 0.9935 -0.0178
vn 0.1126 0.9935 -0.0178
vn 0.1126 0.9935 -0.0178
vn 0.1126 0.9935 -0.0178
vn 0.1012 0.9935 -0.053
vn 0.1012 0.9935 -0.053
vn 0.1012 0.9935 -0.053
vn 0.101 0.9935 -0.0529
vn 0.101 0.9935 -0.0529
vn 0.101 0.9935 -0.0529
vn 0.0776 0.9931 -0.0875
vn 0.0776 0.9931 -0.0875
vn 0.0776 0.9931 -0.0875
vn 0.077 0.9933 -0.0866
vn 0.077 0.9933 -0.0866
vn 0.0773 0.9932 -0.087
vn 0.0418 0.9926 -0.1137
vn 0.0418 0.9926 -0.1137
vn 0.0418 0.9926 -0.1137
vn 0.0416 0.9928 -0.1123
vn 0.0416 0.9928 -0.1123
vn 0.0416 0.9928 -0.1123
vn -0 0.9925 -0.1226
vn -0 0.9925 -0.1226
vn -0 0.9925 -0.1226
vn -0 0.9925 -0.1226
vn -0 0.9925 -0.1226
vn -0 0.9925 -0.1226
vn -0.0416 0.9927 -0.1128
vn -0.0414 0.9928 -0.1125
vn -0.0418 0.9927 -0.1133
vn -0.0421 0.9926 -0.1137
vn -0.0421 0.9926 -0.1137
vn -0.0416 0.9927 -0.1128
vn -0.077 0.9932 -0.0868
vn -0.077 0.9932 -0.0868
vn -0.077 0.9932 -0.0868
vn -0.0778 0.9931 -0.0874
vn -0.0778 0.9931 -0.0874
vn -0.0778 0.9931 -0.0874
vn -0.1011 0.9935 -0.053
vn -0.1011 0.9935 -0.053
vn -0.1011 0.9935 -0.053
vn -0.1012 0.9935 -0.053
vn -0.1012 0.9935 -0.053
vn -0.1012 0.9935 -0.053
vn 0.209 0.9709 0.1166
vn 0.1832 0.9717 0.1489
vn 0.149 0.9674 0.205
vn 0.149 0.9674 0.205
vn 0.1278 0.9691 0.2111
vn 0.209 0.9709 0.1166
vn 0.1278 0.9691 0.2111
vn 0.149 0.9674 0.205
vn 0.0742 0.949 0.3064
vn 0.0742 0.949 0.3064
vn 0.0433 0.9509 0.3063
vn 0.1278 0.9691 0.2111
vn 0.0433 0.9509 0.3063
vn 0.0742 0.949 0.3064
vn 0.0172 0.931 0.3645
vn 0.0172 0.931 0.3645
vn 0.0036 0.9349 0.3549
vn 0.0433 0.9509 0.3063
vn 0.0172 0.931 0.3645
vn -0.0168 0.9311 0.3644
vn -0.0031 0.9349 0.3548
vn -0.0031 0.9349 0.3548
vn 0.0036 0.9349 0.3549
vn 0.0172 0.931 0.3645
vn -0.0168 0.9311 0.3644
vn -0.0739 0.9491 0.3063
vn -0.043 0.951 0.3062
vn -0.043 0.951 0.3062
vn -0.0031 0.9349 0.3548
vn -0.0168 0.9311 0.3644
vn -0.0739 0.9491 0.3063
vn -0.1488 0.9674 0.2049
vn -0.1276 0.9691 0.211
vn -0.1276 0.9691 0.211
vn -0.043 0.951 0.3062
vn -0.0739 0.9491 0.3063
vn -0.1488 0.9674 0.2049
vn -0.1831 0.9718 0.1488
vn -0.2089 0.971 0.1165
vn -0.2089 0.971 0.1165
vn -0.1276 0.9691 0.211
vn -0.1488 0.9674 0.2049
vn -0.194 0.9752 -0.1065
vn -0.1813 0.9709 -0.1563
vn -0.137 0.9689 -0.2059
vn -0.137 0.9689 -0.2059
vn -0.1146 0.9757 -0.187
vn -0.194 0.9752 -0.1065
vn -0.137 0.9689 -0.2059
vn -0.0753 0.9535 -0.2918
vn -0.0469 0.9644 -0.2603
vn -0.0469 0.9644 -0.2603
vn -0.1146 0.9757 -0.187
vn -0.137 0.9689 -0.2059
vn -0.0753 0.9535 -0.2918
vn -0.0262 0.9374 -0.3474
vn -0.0127 0.9547 -0.2972
vn -0.0127 0.9547 -0.2972
vn -0.0469 0.9644 -0.2603
vn -0.0753 0.9535 -0.2918
vn -0.0262 0.9374 -0.3474
vn 0.0262 0.9374 -0.3474
vn 0.0127 0.9547 -0.2972
vn 0.0127 0.9547 -0.2972
vn -0.0127 0.9547 -0.2972
vn -0.0262 0.9374 -0.3474
vn 0.0127 0.9547 -0.2972
vn 0.0262 0.9374 -0.3474
vn 0.0753 0.9535 -0.2918
vn 0.0753 0.9535 -0.2918
vn 0.0365 0.9633 -0.2661
vn 0.0127 0.9547 -0.2972
vn 0.0365 0.9633 -0.2661
vn 0.0753 0.9535 -0.2918
vn 0.137 0.9689 -0.206
vn 0.137 0.9689 -0.206
vn 0.1337 0.9768 -0.1673
vn 0.0365 0.9633 -0.2661
vn 0.137 0.9689 -0.206
vn 0.1813 0.9709 -0.1563
vn 0.194 0.9752 -0.1065
vn 0.194 0.9752 -0.1065
vn 0.1337 0.9768 -0.1673
vn 0.137 0.9689 -0.206
vn 0.1901 0.9737 0.1258
vn 0.1931 0.976 0.1012
vn 0.1912 0.9685 0.1597
vn 0.1912 0.9685 0.1597
vn 0.1748 0.9656 0.1923
vn 0.1901 0.9737 0.1258
vn 0.1748 0.9656 0.1923
vn 0.1912 0.9685 0.1597
vn 0.1429 0.9509 0.2747
vn 0.1429 0.9509 0.2747
vn 0.1145 0.9455 0.3048
vn 0.1748 0.9656 0.1923
vn 0.1145 0.9455 0.3048
vn 0.1429 0.9509 0.2747
vn 0.049 0.9292 0.3663
vn 0.049 0.9292 0.3663
vn 0.0349 0.9259 0.3761
vn 0.1145 0.9455 0.3048
vn 0.049 0.9292 0.3663
vn -0.0487 0.9293 0.3662
vn -0.0346 0.9259 0.3761
vn -0.0346 0.9259 0.3761
vn 0.0349 0.9259 0.3761
vn 0.049 0.9292 0.3663
vn -0.0487 0.9293 0.3662
vn -0.1427 0.9509 0.2746
vn -0.1142 0.9456 0.3047
vn -0.1142 0.9456 0.3047
vn -0.0346 0.9259 0.3761
vn -0.0487 0.9293 0.3662
vn -0.1427 0.9509 0.2746
vn -0.1911 0.9685 0.1597
vn -0.1747 0.9657 0.1923
vn -0.1747 0.9657 0.1923
vn -0.1142 0.9456 0.3047
vn -0.1427 0.9509 0.2746
vn -0.1911 0.9685 0.1597
vn -0.193 0.976 0.1012
vn -0.1901 0.9737 0.1257
vn -0.1901 0.9737 0.1257
vn -0.1747 0.9657 0.1923
vn -0.1911 0.9685 0.1597
vn -0.1988 0.97 -0.1401
vn -0.2012 0.9727 -0.1155
vn -0.1907 0.96 -0.205
vn -0.1907 0.96 -0.2051
vn -0.1735 0.9599 -0.2203
vn -0.1988 0.97 -0.1401
vn -0.1907 0.96 -0.2051
vn -0.1496 0.9335 -0.326
vn -0.1219 0.9366 -0.3286
vn -0.1216 0.9366 -0.3287
vn -0.1735 0.9599 -0.2203
vn -0.1907 0.96 -0.2051
vn -0.1496 0.9335 -0.326
vn -0.0593 0.9117 -0.4065
vn -0.0468 0.9134 -0.4044
vn -0.0468 0.9134 -0.4044
vn -0.1216 0.9366 -0.3287
vn -0.1496 0.9335 -0.326
vn -0.0593 0.9117 -0.4065
vn 0.0593 0.9117 -0.4065
vn 0.0468 0.9134 -0.4044
vn 0.0468 0.9134 -0.4044
vn -0.0468 0.9134 -0.4044
vn -0.0593 0.9117 -0.4065
vn 0.0468 0.9134 -0.4044
vn 0.0593 0.9117 -0.4065
vn 0.1496 0.9335 -0.326
vn 0.1496 0.9335 -0.326
vn 0.1216 0.9365 -0.3288
vn 0.0468 0.9134 -0.4044
vn 0.1219 0.9366 -0.3286
vn 0.1496 0.9335 -0.326
vn 0.1907 0.96 -0.2051
vn 0.1907 0.96 -0.2051
vn 0.1735 0.9599 -0.2203
vn 0.1216 0.9366 -0.3288
vn 0.1907 0.96 -0.205
vn 0.2011 0.9727 -0.1155
vn 0.1987 0.97 -0.1401
vn 0.1987 0.97 -0.1401
vn 0.1735 0.9599 -0.2203
vn 0.1907 0.96 -0.2051
vn 0.8615 0.0663 -0.5035
vn -0 -0 1
vn 0.9626 0.074 0.2608
vn 0.8615 0.0662 0.5035
vn -0 -0 1
vn 0.9626 0.0739 -0.2608
vn 0.4946 -0.249 0.8327
vn -0 -0 1
vn 0.7872 -0.3964 -0.4724
vn 0.4946 -0.249 -0.8327
vn -0 -0 1
vn 0.7872 -0.3964 0.4724
vn 0.8449 0.0665 0.5308
vn -0 -0 1
vn 0.9582 0.0753 -0.2762
vn 0.8449 0.0666 -0.5308
vn -0 -0 1
vn 0.9582 0.0754 0.2762
vn 0.6903 -0.2115 -0.6919
vn -0 -0 1
vn 0.8872 -0.2719 0.3729
vn 0.6903 -0.2114 0.6919
vn -0 -0 1
vn 0.8872 -0.2718 -0.3729
vn 0 0 0
vn 0 0 0
vt 0.75 0
vt 0.694444 0
vt 0.694444 0.2
vt 0.694444 0.2
vt 0.75 0.2
vt 0.75 0
vt 0.694444 0
vt 0.638889 0
vt 0.638889 0.2
vt 0.638889 0.2
vt 0.694444 0.2
vt 0.694444 0
vt 0.638889 0
vt 0.583333 0
vt 0.583333 0.2
vt 0.583333 0.2
vt 0.638889 0.2
vt 0.638889 0
vt 0.583333 0
vt 0.527778 0
vt 0.527778 0.2
vt 0.527778 0.2
vt 0.583333 0.2
vt 0.583333 0
vt 0.527778 0
vt 0.472222 0
vt 0.472222 0.2
vt 0.472222 0.2
vt 0.527778 0.2
vt 0.527778 0
vt 0.472222 0
vt 0.416667 0
vt 0.416667 0.2
vt 0.416667 0.2
vt 0.472222 0.2
vt 0.472222 0
vt 0.416667 0
vt 0.361111 0
vt 0.361111 0.2
vt 0.361111 0.2
vt 0.416667 0.2
vt 0.416667 0
vt 0.361111 0
vt 0.305556 0
vt 0.305556 0.2
vt 0.305556 0.2
vt 0.361111 0.2
vt 0.361111 0
vt 0.305556 0
vt 0.25 0
vt 0.25 0.2
vt 0.25 0.2
vt 0.305556 0.2
vt 0.305556 0
vt 0.25 0
vt 0.194444 0
vt 0.194444 0.2
vt 0.194444 0.2
vt 0.25 0.2
vt 0.25 0
vt 0.194444 0
vt 0.138889 0
vt 0.138889 0.2
vt 0.138889 0.2
vt 0.194444 0.2
vt 0.194444 0
vt 0.138889 0
vt 0.083333 0
vt 0.083333 0.2
vt 0.083333 0.2
vt 0.138889 0.2
vt 0.138889 0
vt 0.083333 0
vt 0.027778 0
vt 0.027778 0.2
vt 0.027778 0.2
vt 0.083333 0.2
vt 0.083333 0
vt 0.027778 0
vt -0.027778 0
vt -0.027778 0.2
vt -0.027778 0.2
vt 0.027778 0.2
vt 0.027778 0
vt 0.972222 0
vt 0.916667 0
vt 0.916667 0.2
vt 0.916667 0.2
vt 0.972222 0.2
vt 0.972222 0
vt 0.916667 0
vt 0.861111 0
vt 0.861111 0.2
vt 0.861111 0.2
vt 0.916667 0.2
vt 0.916667 0
vt 0.861111 0
vt 0.805556 0
vt 0.805556 0.2
vt 0.805556 0.2
vt 0.861111 0.2
vt 0.861111 0
vt 0.805556 0
vt 0.75 0
vt 0.75 0.2
vt 0.75 0.2
vt 0.805556 0.2
vt 0.805556 0
vt 0.75 0.2
vt 0.694444 0.2
vt 0.694444 0.4
vt 0.694444 0.4
vt 0.75 0.4
vt 0.75 0.2
vt 0.694444 0.2
vt 0.638889 0.2
vt 0.638889 0.4
vt 0.638889 0.4
vt 0.694444 0.4
vt 0.694444 0.2
vt 0.638889 0.2
vt 0.583333 0.2
vt 0.583333 0.4
vt 0.583333 0.4
vt 0.638889 0.4
vt 0.638889 0.2
vt 0.583333 0.2
vt 0.527778 0.2
vt 0.527778 0.4
vt 0.527778 0.4
vt 0.583333 0.4
vt 0.583333 0.2
vt 0.527778 0.2
vt 0.472222 0.2
vt 0.472222 0.4
vt 0.472222 0.4
vt 0.527778 0.4
vt 0.527778 0.2
vt 0.472222 0.2
vt 0.416667 0.2
vt 0.416667 0.4
vt 0.416667 0.4
vt 0.472222 0.4
vt 0.472222 0.2
vt 0.416667 0.2
vt 0.361111 0.2
vt 0.361111 0.4
vt 0.361111 0.4
vt 0.416667 0.4
vt 0.416667 0.2
vt 0.361111 0.2
vt 0.305556 0.2
vt 0.305556 0.4
vt 0.305556 0.4
vt 0.361111 0.4
vt 0.361111 0.2
vt 0.305556 0.2
vt 0.25 0.2
vt 0.25 0.4
vt 0.25 0.4
vt 0.305556 0.4
vt 0.305556 0.2
vt 0.25 0.2
vt 0.194444 0.2
vt 0.194444 0.4
vt 0.194444 0.4
vt 0.25 0.4
vt 0.25 0.2
vt 0.194444 0.2
vt 0.138889 0.2
vt 0.138889 0.4
vt 0.138889 0.4
vt 0.194444 0.4
vt 0.194444 0.2
vt 0.138889 0.2
vt 0.083333 0.2
vt 0.083333 0.4
vt 0.083333 0.4
vt 0.138889 0.4
vt 0.138889 0.2
vt 0.083333 0.2
vt 0.027778 0.2
vt 0.027778 0.4
vt 0.027778 0.4
vt 0.083333 0.4
vt 0.083333 0.2
vt 0.027778 0.2
vt -0.027778 0.2
vt -0.027778 0.4
vt -0.027778 0.4
vt 0.027778 0.4
vt 0.027778 0.2
vt 0.972222 0.2
vt 0.916667 0.2
vt 0.916667 0.4
vt 0.916667 0.4
vt 0.972222 0.4
vt 0.972222 0.2
vt 0.916667 0.2
vt 0.861111 0.2
vt 0.861111 0.4
vt 0.861111 0.4
vt 0.916667 0.4
vt 0.916667 0.2
vt 0.861111 0.2
vt 0.805556 0.2
vt 0.805556 0.4
vt 0.805556 0.4
vt 0.861111 0.4
vt 0.861111 0.2
vt 0.805556 0.2
vt 0.75 0.2
vt 0.75 0.4
vt 0.75 0.4
vt 0.805556 0.4
vt 0.805556 0.2
vt 0.75 0.4
vt 0.694444 0.4
vt 0.694444 0.6
vt 0.694444 0.6
vt 0.75 0.6
vt 0.75 0.4
vt 0.694444 0.4
vt 0.638889 0.4
vt 0.638889 0.6
vt 0.638889 0.6
vt 0.694444 0.6
vt 0.694444 0.4
vt 0.638889 0.4
vt 0.583333 0.4
vt 0.583333 0.6
vt 0.583333 0.6
vt 0.638889 0.6
vt 0.638889 0.4
vt 0.583333 0.4
vt 0.527778 0.4
vt 0.527778 0.6
vt 0.527778 0.6
vt 0.583333 0.6
vt 0.583333 0.4
vt 0.527778 0.4
vt 0.472222 0.4
vt 0.472222 0.6
vt 0.472222 0.6
vt 0.527778 0.6
vt 0.527778 0.4
vt 0.472222 0.4
vt 0.416667 0.4
vt 0.416667 0.6
vt 0.416667 0.6
vt 0.472222 0.6
vt 0.472222 0.4
vt 0.416667 0.4
vt 0.361111 0.4
vt 0.361111 0.6
vt 0.361111 0.6
vt 0.416667 0.6
vt 0.416667 0.4
vt 0.361111 0.4
vt 0.305556 0.4
vt 0.305556 0.6
vt 0.305556 0.6
vt 0.361111 0.6
vt 0.361111 0.4
vt 0.305556 0.4
vt 0.25 0.4
vt 0.25 0.6
vt 0.25 0.6
vt 0.305556 0.6
vt 0.305556 0.4
vt 0.25 0.4
vt 0.194444 0.4
vt 0.194444 0.6
vt 0.194444 0.6
vt 0.25 0.6
vt 0.25 0.4
vt 0.194444 0.4
vt 0.138889 0.4
vt 0.138889 0.6
vt 0.138889 0.6
vt 0.194444 0.6
vt 0.194444 0.4
vt 0.138889 0.4
vt 0.083333 0.4
vt 0.083333 0.6
vt 0.083333 0.6
vt 0.138889 0.6
vt 0.138889 0.4
vt 0.083333 0.4
vt 0.027778 0.4
vt 0.027778 0.6
vt 0.027778 0.6
vt 0.083333 0.6
vt 0.083333 0.4
vt 0.027778 0.4
vt -0.027778 0.4
vt -0.027778 0.6
vt -0.027778 0.6
vt 0.027778 0.6
vt 0.027778 0.4
vt 0.972222 0.4
vt 0.916667 0.4
vt 0.916667 0.6
vt 0.916667 0.6
vt 0.972222 0.6
vt 0.972222 0.4
vt 0.916667 0.4
vt 0.861111 0.4
vt 0.861111 0.6
vt 0.861111 0.6
vt 0.916667 0.6
vt 0.916667 0.4
vt 0.861111 0.4
vt 0.805556 0.4
vt 0.805556 0.6
vt 0.805556 0.6
vt 0.861111 0.6
vt 0.861111 0.4
vt 0.805556 0.4
vt 0.75 0.4
vt 0.75 0.6
vt 0.75 0.6
vt 0.805556 0.6
vt 0.805556 0.4
vt 0.75 0.6
vt 0.694444 0.6
vt 0.694444 0.8
vt 0.694444 0.8
vt 0.75 0.8
vt 0.75 0.6
vt 0.694444 0.6
vt 0.638889 0.6
vt 0.638889 0.8
vt 0.638889 0.8
vt 0.694444 0.8
vt 0.694444 0.6
vt 0.638889 0.6
vt 0.583333 0.6
vt 0.583333 0.8
vt 0.583333 0.8
vt 0.638889 0.8
vt 0.638889 0.6
vt 0.583333 0.6
vt 0.527778 0.6
vt 0.527778 0.8
vt 0.527778 0.8
vt 0.583333 0.8
vt 0.583333 0.6
vt 0.527778 0.6
vt 0.472222 0.6
vt 0.472222 0.8
vt 0.472222 0.8
vt 0.527778 0.8
vt 0.527778 0.6
vt 0.472222 0.6
vt 0.416667 0.6
vt 0.416667 0.8
vt 0.416667 0.8
vt 0.472222 0.8
vt 0.472222 0.6
vt 0.416667 0.6
vt 0.361111 0.6
vt 0.361111 0.8
vt 0.361111 0.8
vt 0.416667 0.8
vt 0.416667 0.6
vt 0.361111 0.6
vt 0.305556 0.6
vt 0.305556 0.8
vt 0.305556 0.8
vt 0.361111 0.8
vt 0.361111 0.6
vt 0.305556 0.6
vt 0.25 0.6
vt 0.25 0.8
vt 0.25 0.8
vt 0.305556 0.8
vt 0.305556 0.6
vt 0.25 0.6
vt 0.194444 0.6
vt 0.194444 0.8
vt 0.194444 0.8
vt 0.25 0.8
vt 0.25 0.6
vt 0.194444 0.6
vt 0.138889 0.6
vt 0.138889 0.8
vt 0.138889 0.8
vt 0.194444 0.8
vt 0.194444 0.6
vt 0.138889 0.6
vt 0.083333 0.6
vt 0.083333 0.8
vt 0.083333 0.8
vt 0.138889 0.8
vt 0.138889 0.6
vt 0.083333 0.6
vt 0.027778 0.6
vt 0.027778 0.8
vt 0.027778 0.8
vt 0.083333 0.8
vt 0.083333 0.6
vt 0.027778 0.6
vt -0.027778 0.6
vt -0.027778 0.8
vt -0.027778 0.8
vt 0.027778 0.8
vt 0.027778 0.6
vt 0.972222 0.6
vt 0.916667 0.6
vt 0.916667 0.8
vt 0.916667 0.8
vt 0.972222 0.8
vt 0.972222 0.6
vt 0.916667 0.6
vt 0.861111 0.6
vt 0.861111 0.8
vt 0.861111 0.8
vt 0.916667 0.8
vt 0.916667 0.6
vt 0.861111 0.6
vt 0.805556 0.6
vt 0.805556 0.8
vt 0.805556 0.8
vt 0.861111 0.8
vt 0.861111 0.6
vt 0.805556 0.6
vt 0.75 0.6
vt 0.75 0.8
vt 0.75 0.8
vt 0.805556 0.8
vt 0.805556 0.6
vt 0.75 0.8
vt 0.694444 0.8
vt 0.694444 1
vt 0.694444 1
vt 0.75 1
vt 0.75 0.8
vt 0.694444 0.8
vt 0.638889 0.8
vt 0.638889 1
vt 0.638889 1
vt 0.694444 1
vt 0.694444 0.8
vt 0.638889 0.8
vt 0.583333 0.8
vt 0.583333 1
vt 0.583333 1
vt 0.638889 1
vt 0.638889 0.8
vt 0.583333 0.8
vt 0.527778 0.8
vt 0.527778 1
vt 0.527778 1
vt 0.583333 1
vt 0.583333 0.8
vt 0.527778 0.8
vt 0.472222 0.8
vt 0.472222 1
vt 0.472222 1
vt 0.527778 1
vt 0.527778 0.8
vt 0.472222 0.8
vt 0.416667 0.8
vt 0.416667 1
vt 0.416667 1
vt 0.472222 1
vt 0.472222 0.8
vt 0.416667 0.8
vt 0.361111 0.8
vt 0.361111 1
vt 0.361111 1
vt 0.416667 1
vt 0.416667 0.8
vt 0.361111 0.8
vt 0.305556 0.8
vt 0.305556 1
vt 0.305556 1
vt 0.361111 1
vt 0.361111 0.8
vt 0.305556 0.8
vt 0.25 0.8
vt 0.25 1
vt 0.25 1
vt 0.305556 1
vt 0.305556 0.8
vt 0.25 0.8
vt 0.194444 0.8
vt 0.194444 1
vt 0.194444 1
vt 0.25 1
vt 0.25 0.8
vt 0.194444 0.8
vt 0.138889 0.8
vt 0.138889 1
vt 0.138889 1
vt 0.194444 1
vt 0.194444 0.8
vt 0.138889 0.8
vt 0.083333 0.8
vt 0.083333 1
vt 0.083333 1
vt 0.138889 1
vt 0.138889 0.8
vt 0.083333 0.8
vt 0.027778 0.8
vt 0.027778 1
vt 0.027778 1
vt 0.083333 1
vt 0.083333 0.8
vt 0.027778 0.8
vt -0.027778 0.8
vt -0.027778 1
vt -0.027778 1
vt 0.027778 1
vt 0.027778 0.8
vt 0.972222 0.8
vt 0.916667 0.8
vt 0.916667 1
vt 0.916667 1
vt 0.972222 1
vt 0.972222 0.8
vt 0.916667 0.8
vt 0.861111 0.8
vt 0.861111 1
vt 0.861111 1
vt 0.916667 1
vt 0.916667 0.8
vt 0.861111 0.8
vt 0.805556 0.8
vt 0.805556 1
vt 0.805556 1
vt 0.861111 1
vt 0.861111 0.8
vt 0.805556 0.8
vt 0.75 0.8
vt 0.75 1
vt 0.75 1
vt 0.805556 1
vt 0.805556 0.8
vt 0.5 1
vt 0.5 0.9375
vt 0.649634 0.911116
vt 0.649634 0.911116
vt 0.67101 0.969846
vt 0.5 1
vt 0.67101 0.969846
vt 0.649634 0.911116
vt 0.78122 0.835144
vt 0.78122 0.835144
vt 0.821394 0.883022
vt 0.67101 0.969846
vt 0.821394 0.883022
vt 0.78122 0.835144
vt 0.878886 0.71875
vt 0.878886 0.71875
vt 0.933013 0.75
vt 0.821394 0.883022
vt 0.933013 0.75
vt 0.878886 0.71875
vt 0.930853 0.575971
vt 0.930853 0.575971
vt 0.992404 0.586824
vt 0.933013 0.75
vt 0.992404 0.586824
vt 0.930853 0.575971
vt 0.930853 0.424029
vt 0.930853 0.424029
vt 0.992404 0.413176
vt 0.992404 0.586824
vt 0.933013 0.25
vt 0.992404 0.413176
vt 0.930853 0.424029
vt 0.930853 0.424029
vt 0.878886 0.28125
vt 0.933013 0.25
vt 0.821394 0.116978
vt 0.933013 0.25
vt 0.878886 0.28125
vt 0.878886 0.28125
vt 0.78122 0.164856
vt 0.821394 0.116978
vt 0.67101 0.030154
vt 0.821394 0.116978
vt 0.78122 0.164856
vt 0.78122 0.164856
vt 0.649634 0.088884
vt 0.67101 0.030154
vt 0.5 0
vt 0.67101 0.030154
vt 0.649634 0.088884
vt 0.649634 0.088884
vt 0.5 0.0625
vt 0.5 0
vt 0.5 0
vt 0.5 0.0625
vt 0.350366 0.088884
vt 0.350366 0.088884
vt 0.32899 0.030154
vt 0.5 0
vt 0.32899 0.030154
vt 0.350366 0.088884
vt 0.218781 0.164855
vt 0.218781 0.164855
vt 0.178606 0.116978
vt 0.32899 0.030154
vt 0.066987 0.25
vt 0.178606 0.116978
vt 0.218781 0.164855
vt 0.218781 0.164855
vt 0.121114 0.28125
vt 0.066987 0.25
vt 0.007596 0.413176
vt 0.066987 0.25
vt 0.121114 0.28125
vt 0.121114 0.28125
vt 0.069147 0.424029
vt 0.007596 0.413176
vt 0.007596 0.413176
vt 0.069147 0.424029
vt 0.069147 0.575971
vt 0.069147 0.575971
vt 0.007596 0.586824
vt 0.007596 0.413176
vt 0.007596 0.586824
vt 0.069147 0.575971
vt 0.121114 0.71875
vt 0.121114 0.71875
vt 0.066987 0.75
vt 0.007596 0.586824
vt 0.066987 0.75
vt 0.121114 0.71875
vt 0.21878 0.835144
vt 0.21878 0.835144
vt 0.178606 0.883022
vt 0.066987 0.75
vt 0.32899 0.969846
vt 0.178606 0.883022
vt 0.21878 0.835144
vt 0.21878 0.835144
vt 0.350366 0.911115
vt 0.32899 0.969846
vt 0.5 1
vt 0.32899 0.969846
vt 0.350366 0.911115
vt 0.350366 0.911115
vt 0.5 0.9375
vt 0.5 1
vt 0.628258 0.852385
vt 0.606881 0.793654
vt 0.700871 0.739389
vt 0.700871 0.739389
vt 0.741045 0.787267
vt 0.628258 0.852385
vt 0.741045 0.787267
vt 0.700871 0.739389
vt 0.770633 0.65625
vt 0.770633 0.65625
vt 0.82476 0.6875
vt 0.741045 0.787267
vt 0.82476 0.6875
vt 0.770633 0.65625
vt 0.807752 0.554265
vt 0.807752 0.554265
vt 0.869303 0.565118
vt 0.82476 0.6875
vt 0.869303 0.565118
vt 0.807752 0.554265
vt 0.807752 0.445735
vt 0.807752 0.445735
vt 0.869303 0.434882
vt 0.869303 0.565118
vt 0.824759 0.3125
vt 0.869303 0.434882
vt 0.807752 0.445735
vt 0.807752 0.445735
vt 0.770633 0.34375
vt 0.824759 0.3125
vt 0.741045 0.212733
vt 0.824759 0.3125
vt 0.770633 0.34375
vt 0.770633 0.34375
vt 0.700871 0.260611
vt 0.741045 0.212733
vt 0.628258 0.147615
vt 0.741045 0.212733
vt 0.700871 0.260611
vt 0.700871 0.260611
vt 0.606881 0.206346
vt 0.628258 0.147615
vt 0.371743 0.147615
vt 0.393119 0.206346
vt 0.299129 0.260611
vt 0.299129 0.260611
vt 0.258955 0.212733
vt 0.371743 0.147615
vt 0.175241 0.3125
vt 0.258955 0.212733
vt 0.299129 0.260611
vt 0.299129 0.260611
vt 0.229367 0.34375
vt 0.175241 0.3125
vt 0.130697 0.434882
vt 0.175241 0.3125
vt 0.229367 0.34375
vt 0.229367 0.34375
vt 0.192248 0.445735
vt 0.130697 0.434882
vt 0.130697 0.434882
vt 0.192248 0.445735
vt 0.192248 0.554265
vt 0.192248 0.554265
vt 0.130697 0.565118
vt 0.130697 0.434882
vt 0.130697 0.565118
vt 0.192248 0.554265
vt 0.229367 0.65625
vt 0.229367 0.65625
vt 0.17524 0.6875
vt 0.130697 0.565118
vt 0.17524 0.6875
vt 0.229367 0.65625
vt 0.299129 0.739389
vt 0.299129 0.739389
vt 0.258954 0.787266
vt 0.17524 0.6875
vt 0.371742 0.852385
vt 0.258954 0.787266
vt 0.299129 0.739389
vt 0.299129 0.739389
vt 0.393119 0.793654
vt 0.371742 0.852385
vt 0.585505 0.734923
vt 0.5 0.75
vt 0.5 0.625
vt 0.5 0.625
vt 0.542753 0.617462
vt 0.585505 0.734923
vt 0.660697 0.691511
vt 0.585505 0.734923
vt 0.542753 0.617462
vt 0.542753 0.617462
vt 0.580348 0.595756
vt 0.660697 0.691511
vt 0.716506 0.625
vt 0.660697 0.691511
vt 0.580348 0.595756
vt 0.580348 0.595756
vt 0.608253 0.5625
vt 0.716506 0.625
vt 0.746202 0.543412
vt 0.716506 0.625
vt 0.608253 0.5625
vt 0.608253 0.5625
vt 0.623101 0.521706
vt 0.746202 0.543412
vt 0.746202 0.456588
vt 0.746202 0.543412
vt 0.623101 0.521706
vt 0.623101 0.521706
vt 0.623101 0.478294
vt 0.746202 0.456588
vt 0.716506 0.375
vt 0.746202 0.456588
vt 0.623101 0.478294
vt 0.623101 0.478294
vt 0.608253 0.4375
vt 0.716506 0.375
vt 0.660697 0.308489
vt 0.716506 0.375
vt 0.608253 0.4375
vt 0.608253 0.4375
vt 0.580348 0.404244
vt 0.660697 0.308489
vt 0.585505 0.265077
vt 0.660697 0.308489
vt 0.580348 0.404244
vt 0.580348 0.404244
vt 0.542753 0.382538
vt 0.585505 0.265077
vt 0.5 0.25
vt 0.585505 0.265077
vt 0.542753 0.382538
vt 0.542753 0.382538
vt 0.5 0.375
vt 0.5 0.25
vt 0.414495 0.265077
vt 0.5 0.25
vt 0.5 0.375
vt 0.5 0.375
vt 0.457247 0.382538
vt 0.414495 0.265077
vt 0.339303 0.308489
vt 0.414495 0.265077
vt 0.457247 0.382538
vt 0.457247 0.382538
vt 0.419652 0.404244
vt 0.339303 0.308489
vt 0.283494 0.375
vt 0.339303 0.308489
vt 0.419652 0.404244
vt 0.419652 0.404244
vt 0.391747 0.4375
vt 0.283494 0.375
vt 0.253798 0.456588
vt 0.283494 0.375
vt 0.391747 0.4375
vt 0.391747 0.4375
vt 0.376899 0.478294
vt 0.253798 0.456588
vt 0.253798 0.543412
vt 0.253798 0.456588
vt 0.376899 0.478294
vt 0.376899 0.478294
vt 0.376899 0.521706
vt 0.253798 0.543412
vt 0.283494 0.625
vt 0.253798 0.543412
vt 0.376899 0.521706
vt 0.376899 0.521706
vt 0.391747 0.5625
vt 0.283494 0.625
vt 0.339303 0.691511
vt 0.283494 0.625
vt 0.391747 0.5625
vt 0.391747 0.5625
vt 0.419651 0.595756
vt 0.339303 0.691511
vt 0.414495 0.734923
vt 0.339303 0.691511
vt 0.419651 0.595756
vt 0.419651 0.595756
vt 0.457247 0.617462
vt 0.414495 0.734923
vt 0.5 0.75
vt 0.414495 0.734923
vt 0.457247 0.617462
vt 0.457247 0.617462
vt 0.5 0.625
vt 0.5 0.75
vt 0.5 1
vt 0.67101 0.969846
vt 0.628258 0.852385
vt 0.628258 0.852385
vt 0.5 0.875
vt 0.5 1
vt 0.67101 0.969846
vt 0.821394 0.883022
vt 0.741045 0.787267
vt 0.741045 0.787267
vt 0.628258 0.852385
vt 0.67101 0.969846
vt 0.821394 0.883022
vt 0.933013 0.75
vt 0.82476 0.6875
vt 0.82476 0.6875
vt 0.741045 0.787267
vt 0.821394 0.883022
vt 0.933013 0.75
vt 0.992404 0.586824
vt 0.869303 0.565118
vt 0.869303 0.565118
vt 0.82476 0.6875
vt 0.933013 0.75
vt 0.992404 0.586824
vt 0.992404 0.413176
vt 0.869303 0.434882
vt 0.869303 0.434882
vt 0.869303 0.565118
vt 0.992404 0.586824
vt 0.992404 0.413176
vt 0.933013 0.25
vt 0.824759 0.3125
vt 0.824759 0.3125
vt 0.869303 0.434882
vt 0.992404 0.413176
vt 0.933013 0.25
vt 0.821394 0.116978
vt 0.741045 0.212733
vt 0.741045 0.212733
vt 0.824759 0.3125
vt 0.933013 0.25
vt 0.821394 0.116978
vt 0.67101 0.030154
vt 0.628258 0.147615
vt 0.628258 0.147615
vt 0.741045 0.212733
vt 0.821394 0.116978
vt 0.67101 0.030154
vt 0.5 0
vt 0.5 0.125
vt 0.5 0.125
vt 0.628258 0.147615
vt 0.67101 0.030154
vt 0.5 0
vt 0.32899 0.030154
vt 0.371743 0.147615
vt 0.371743 0.147615
vt 0.5 0.125
vt 0.5 0
vt 0.32899 0.030154
vt 0.178606 0.116978
vt 0.258955 0.212733
vt 0.258955 0.212733
vt 0.371743 0.147615
vt 0.32899 0.030154
vt 0.178606 0.116978
vt 0.066987 0.25
vt 0.175241 0.3125
vt 0.175241 0.3125
vt 0.258955 0.212733
vt 0.178606 0.116978
vt 0.066987 0.25
vt 0.007596 0.413176
vt 0.130697 0.434882
vt 0.130697 0.434882
vt 0.175241 0.3125
vt 0.066987 0.25
vt 0.007596 0.413176
vt 0.007596 0.586824
vt 0.130697 0.565118
vt 0.130697 0.565118
vt 0.130697 0.434882
vt 0.007596 0.413176
vt 0.007596 0.586824
vt 0.066987 0.75
vt 0.17524 0.6875
vt 0.17524 0.6875
vt 0.130697 0.565118
vt 0.007596 0.586824
vt 0.066987 0.75
vt 0.178606 0.883022
vt 0.258954 0.787266
vt 0.258954 0.787266
vt 0.17524 0.6875
vt 0.066987 0.75
vt 0.178606 0.883022
vt 0.32899 0.969846
vt 0.371742 0.852385
vt 0.371742 0.852385
vt 0.258954 0.787266
vt 0.178606 0.883022
vt 0.32899 0.969846
vt 0.5 1
vt 0.5 0.875
vt 0.5 0.875
vt 0.371742 0.852385
vt 0.32899 0.969846
vt 0.5 0.875
vt 0.628258 0.852385
vt 0.585505 0.734923
vt 0.585505 0.734923
vt 0.5 0.75
vt 0.5 0.875
vt 0.628258 0.852385
vt 0.741045 0.787267
vt 0.660697 0.691511
vt 0.660697 0.691511
vt 0.585505 0.734923
vt 0.628258 0.852385
vt 0.741045 0.787267
vt 0.82476 0.6875
vt 0.716506 0.625
vt 0.716506 0.625
vt 0.660697 0.691511
vt 0.741045 0.787267
vt 0.82476 0.6875
vt 0.869303 0.565118
vt 0.746202 0.543412
vt 0.746202 0.543412
vt 0.716506 0.625
vt 0.82476 0.6875
vt 0.869303 0.565118
vt 0.869303 0.434882
vt 0.746202 0.456588
vt 0.746202 0.456588
vt 0.746202 0.543412
vt 0.869303 0.565118
vt 0.869303 0.434882
vt 0.824759 0.3125
vt 0.716506 0.375
vt 0.716506 0.375
vt 0.746202 0.456588
vt 0.869303 0.434882
vt 0.824759 0.3125
vt 0.741045 0.212733
vt 0.660697 0.308489
vt 0.660697 0.308489
vt 0.716506 0.375
vt 0.824759 0.3125
vt 0.741045 0.212733
vt 0.628258 0.147615
vt 0.585505 0.265077
vt 0.585505 0.265077
vt 0.660697 0.308489
vt 0.741045 0.212733
vt 0.628258 0.147615
vt 0.5 0.125
vt 0.5 0.25
vt 0.5 0.25
vt 0.585505 0.265077
vt 0.628258 0.147615
vt 0.5 0.125
vt 0.371743 0.147615
vt 0.414495 0.265077
vt 0.414495 0.265077
vt 0.5 0.25
vt 0.5 0.125
vt 0.371743 0.147615
vt 0.258955 0.212733
vt 0.339303 0.308489
vt 0.339303 0.308489
vt 0.414495 0.265077
vt 0.371743 0.147615
vt 0.258955 0.212733
vt 0.175241 0.3125
vt 0.283494 0.375
vt 0.283494 0.375
vt 0.339303 0.308489
vt 0.258955 0.212733
vt 0.175241 0.3125
vt 0.130697 0.434882
vt 0.253798 0.456588
vt 0.253798 0.456588
vt 0.283494 0.375
vt 0.175241 0.3125
vt 0.130697 0.434882
vt 0.130697 0.565118
vt 0.253798 0.543412
vt 0.253798 0.543412
vt 0.253798 0.456588
vt 0.130697 0.434882
vt 0.130697 0.565118
vt 0.17524 0.6875
vt 0.283494 0.625
vt 0.283494 0.625
vt 0.253798 0.543412
vt 0.130697 0.565118
vt 0.17524 0.6875
vt 0.258954 0.787266
vt 0.339303 0.691511
vt 0.339303 0.691511
vt 0.283494 0.625
vt 0.17524 0.6875
vt 0.258954 0.787266
vt 0.371742 0.852385
vt 0.414495 0.734923
vt 0.414495 0.734923
vt 0.339303 0.691511
vt 0.258954 0.787266
vt 0.371742 0.852385
vt 0.5 0.875
vt 0.5 0.75
vt 0.5 0.75
vt 0.414495 0.734923
vt 0.371742 0.852385
vt 0.5 0.75
vt 0.585505 0.734923
vt 0.542753 0.617462
vt 0.542753 0.617462
vt 0.5 0.625
vt 0.5 0.75
vt 0.585505 0.734923
vt 0.660697 0.691511
vt 0.580348 0.595756
vt 0.580348 0.595756
vt 0.542753 0.617462
vt 0.585505 0.734923
vt 0.660697 0.691511
vt 0.716506 0.625
vt 0.608253 0.5625
vt 0.608253 0.5625
vt 0.580348 0.595756
vt 0.660697 0.691511
vt 0.716506 0.625
vt 0.746202 0.543412
vt 0.623101 0.521706
vt 0.623101 0.521706
vt 0.608253 0.5625
vt 0.716506 0.625
vt 0.746202 0.543412
vt 0.746202 0.456588
vt 0.623101 0.478294
vt 0.623101 0.478294
vt 0.623101 0.521706
vt 0.746202 0.543412
vt 0.746202 0.456588
vt 0.716506 0.375
vt 0.608253 0.4375
vt 0.608253 0.4375
vt 0.623101 0.478294
vt 0.746202 0.456588
vt 0.716506 0.375
vt 0.660697 0.308489
vt 0.580348 0.404244
vt 0.580348 0.404244
vt 0.608253 0.4375
vt 0.716506 0.375
vt 0.660697 0.308489
vt 0.585505 0.265077
vt 0.542753 0.382538
vt 0.542753 0.382538
vt 0.580348 0.404244
vt 0.660697 0.308489
vt 0.585505 0.265077
vt 0.5 0.25
vt 0.5 0.375
vt 0.5 0.375
vt 0.542753 0.382538
vt 0.585505 0.265077
vt 0.5 0.25
vt 0.414495 0.265077
vt 0.457247 0.382538
vt 0.457247 0.382538
vt 0.5 0.375
vt 0.5 0.25
vt 0.414495 0.265077
vt 0.339303 0.308489
vt 0.419652 0.404244
vt 0.419652 0.404244
vt 0.457247 0.382538
vt 0.414495 0.265077
vt 0.339303 0.308489
vt 0.283494 0.375
vt 0.391747 0.4375
vt 0.391747 0.4375
vt 0.419652 0.404244
vt 0.339303 0.308489
vt 0.283494 0.375
vt 0.253798 0.456588
vt 0.376899 0.478294
vt 0.376899 0.478294
vt 0.391747 0.4375
vt 0.283494 0.375
vt 0.253798 0.456588
vt 0.253798 0.543412
vt 0.376899 0.521706
vt 0.376899 0.521706
vt 0.376899 0.478294
vt 0.253798 0.456588
vt 0.253798 0.543412
vt 0.283494 0.625
vt 0.391747 0.5625
vt 0.391747 0.5625
vt 0.376899 0.521706
vt 0.253798 0.543412
vt 0.283494 0.625
vt 0.339303 0.691511
vt 0.419651 0.595756
vt 0.419651 0.595756
vt 0.391747 0.5625
vt 0.283494 0.625
vt 0.339303 0.691511
vt 0.414495 0.734923
vt 0.457247 0.617462
vt 0.457247 0.617462
vt 0.419651 0.595756
vt 0.339303 0.691511
vt 0.414495 0.734923
vt 0.5 0.75
vt 0.5 0.625
vt 0.5 0.625
vt 0.457247 0.617462
vt 0.414495 0.734923
vt 0.5 0.625
vt 0.542753 0.617462
vt 0.5 0.5
vt 0.542753 0.617462
vt 0.580348 0.595756
vt 0.5 0.5
vt 0.580348 0.595756
vt 0.608253 0.5625
vt 0.5 0.5
vt 0.608253 0.5625
vt 0.623101 0.521706
vt 0.5 0.5
vt 0.623101 0.521706
vt 0.623101 0.478294
vt 0.5 0.5
vt 0.623101 0.478294
vt 0.608253 0.4375
vt 0.5 0.5
vt 0.608253 0.4375
vt 0.580348 0.404244
vt 0.5 0.5
vt 0.580348 0.404244
vt 0.542753 0.382538
vt 0.5 0.5
vt 0.542753 0.382538
vt 0.5 0.375
vt 0.5 0.5
vt 0.5 0.375
vt 0.457247 0.382538
vt 0.5 0.5
vt 0.457247 0.382538
vt 0.419652 0.404244
vt 0.5 0.5
vt 0.419652 0.404244
vt 0.391747 0.4375
vt 0.5 0.5
vt 0.391747 0.4375
vt 0.376899 0.478294
vt 0.5 0.5
vt 0.376899 0.478294
vt 0.376899 0.521706
vt 0.5 0.5
vt 0.376899 0.521706
vt 0.391747 0.5625
vt 0.5 0.5
vt 0.391747 0.5625
vt 0.419651 0.595756
vt 0.5 0.5
vt 0.419651 0.595756
vt 0.457247 0.617462
vt 0.5 0.5
vt 0.457247 0.617462
vt 0.5 0.625
vt 0.5 0.5
vt 0.585505 0.734923
vt 0.5 0.75
vt 0.5 0.75
vt 0.5 0.75
vt 0.585505 0.734923
vt 0.585505 0.734923
vt 0.5 0.75
vt 0.414495 0.734923
vt 0.414495 0.734923
vt 0.414495 0.734923
vt 0.5 0.75
vt 0.5 0.75
vt 0.414495 0.734923
vt 0.339303 0.691511
vt 0.339303 0.691511
vt 0.339303 0.691511
vt 0.414495 0.734923
vt 0.414495 0.734923
vt 0.339303 0.691511
vt 0.283494 0.625
vt 0.283494 0.625
vt 0.283494 0.625
vt 0.339303 0.691511
vt 0.339303 0.691511
vt 0.283494 0.625
vt 0.253798 0.543412
vt 0.253798 0.543412
vt 0.253798 0.543412
vt 0.283494 0.625
vt 0.283494 0.625
vt 0.253798 0.543412
vt 0.253798 0.456588
vt 0.253798 0.456588
vt 0.253798 0.456588
vt 0.253798 0.543412
vt 0.253798 0.543412
vt 0.253798 0.456588
vt 0.283494 0.375
vt 0.283494 0.375
vt 0.283494 0.375
vt 0.253798 0.456588
vt 0.253798 0.456588
vt 0.283494 0.375
vt 0.339303 0.308489
vt 0.339303 0.308489
vt 0.339303 0.308489
vt 0.283494 0.375
vt 0.283494 0.375
vt 0.339303 0.308489
vt 0.414495 0.265077
vt 0.414495 0.265077
vt 0.414495 0.265077
vt 0.339303 0.308489
vt 0.339303 0.308489
vt 0.414495 0.265077
vt 0.5 0.25
vt 0.5 0.25
vt 0.5 0.25
vt 0.414495 0.265077
vt 0.414495 0.265077
vt 0.5 0.25
vt 0.585505 0.265077
vt 0.585505 0.265077
vt 0.585505 0.265077
vt 0.5 0.25
vt 0.5 0.25
vt 0.585505 0.265077
vt 0.660697 0.308489
vt 0.660697 0.308489
vt 0.660697 0.308489
vt 0.585505 0.265077
vt 0.585505 0.265077
vt 0.660697 0.308489
vt 0.716506 0.375
vt 0.716506 0.375
vt 0.716506 0.375
vt 0.660697 0.308489
vt 0.660697 0.308489
vt 0.716506 0.375
vt 0.746202 0.456588
vt 0.746202 0.456588
vt 0.746202 0.456588
vt 0.716506 0.375
vt 0.716506 0.375
vt 0.746202 0.456588
vt 0.746202 0.543412
vt 0.746202 0.543412
vt 0.746202 0.543412
vt 0.746202 0.456588
vt 0.746202 0.456588
vt 0.746202 0.543412
vt 0.716506 0.625
vt 0.716506 0.625
vt 0.716506 0.625
vt 0.746202 0.543412
vt 0.746202 0.543412
vt 0.716506 0.625
vt 0.660697 0.691511
vt 0.660697 0.691511
vt 0.660697 0.691511
vt 0.716506 0.625
vt 0.716506 0.625
vt 0.660697 0.691511
vt 0.585505 0.734923
vt 0.585505 0.734923
vt 0.585505 0.734923
vt 0.660697 0.691511
vt 0.660697 0.691511
vt 0.649634 0.911116
vt 0.628258 0.852385
vt 0.741045 0.787267
vt 0.741045 0.787267
vt 0.78122 0.835144
vt 0.649634 0.911116
vt 0.78122 0.835144
vt 0.741045 0.787267
vt 0.82476 0.6875
vt 0.82476 0.6875
vt 0.878886 0.71875
vt 0.78122 0.835144
vt 0.878886 0.71875
vt 0.82476 0.6875
vt 0.869303 0.565118
vt 0.869303 0.565118
vt 0.930853 0.575971
vt 0.878886 0.71875
vt 0.869303 0.565118
vt 0.869303 0.434882
vt 0.930853 0.424029
vt 0.930853 0.424029
vt 0.930853 0.575971
vt 0.869303 0.565118
vt 0.869303 0.434882
vt 0.824759 0.3125
vt 0.878886 0.28125
vt 0.878886 0.28125
vt 0.930853 0.424029
vt 0.869303 0.434882
vt 0.824759 0.3125
vt 0.741045 0.212733
vt 0.78122 0.164856
vt 0.78122 0.164856
vt 0.878886 0.28125
vt 0.824759 0.3125
vt 0.741045 0.212733
vt 0.628258 0.147615
vt 0.649634 0.088884
vt 0.649634 0.088884
vt 0.78122 0.164856
vt 0.741045 0.212733
vt 0.350366 0.088884
vt 0.371743 0.147615
vt 0.258955 0.212733
vt 0.258955 0.212733
vt 0.218781 0.164855
vt 0.350366 0.088884
vt 0.258955 0.212733
vt 0.175241 0.3125
vt 0.121114 0.28125
vt 0.121114 0.28125
vt 0.218781 0.164855
vt 0.258955 0.212733
vt 0.175241 0.3125
vt 0.130697 0.434882
vt 0.069147 0.424029
vt 0.069147 0.424029
vt 0.121114 0.28125
vt 0.175241 0.3125
vt 0.130697 0.434882
vt 0.130697 0.565118
vt 0.069147 0.575971
vt 0.069147 0.575971
vt 0.069147 0.424029
vt 0.130697 0.434882
vt 0.069147 0.575971
vt 0.130697 0.565118
vt 0.17524 0.6875
vt 0.17524 0.6875
vt 0.121114 0.71875
vt 0.069147 0.575971
vt 0.121114 0.71875
vt 0.17524 0.6875
vt 0.258954 0.787266
vt 0.258954 0.787266
vt 0.21878 0.835144
vt 0.121114 0.71875
vt 0.258954 0.787266
vt 0.371742 0.852385
vt 0.350366 0.911115
vt 0.350366 0.911115
vt 0.21878 0.835144
vt 0.258954 0.787266
vt 0.606881 0.793654
vt 0.585505 0.734923
vt 0.660697 0.691511
vt 0.660697 0.691511
vt 0.700871 0.739389
vt 0.606881 0.793654
vt 0.700871 0.739389
vt 0.660697 0.691511
vt 0.716506 0.625
vt 0.716506 0.625
vt 0.770633 0.65625
vt 0.700871 0.739389
vt 0.770633 0.65625
vt 0.716506 0.625
vt 0.746202 0.543412
vt 0.746202 0.543412
vt 0.807752 0.554265
vt 0.770633 0.65625
vt 0.746202 0.543412
vt 0.746202 0.456588
vt 0.807752 0.445735
vt 0.807752 0.445735
vt 0.807752 0.554265
vt 0.746202 0.543412
vt 0.746202 0.456588
vt 0.716506 0.375
vt 0.770633 0.34375
vt 0.770633 0.34375
vt 0.807752 0.445735
vt 0.746202 0.456588
vt 0.716506 0.375
vt 0.660697 0.308489
vt 0.700871 0.260611
vt 0.700871 0.260611
vt 0.770633 0.34375
vt 0.716506 0.375
vt 0.660697 0.308489
vt 0.585505 0.265077
vt 0.606881 0.206346
vt 0.606881 0.206346
vt 0.700871 0.260611
vt 0.660697 0.308489
vt 0.393119 0.206346
vt 0.414495 0.265077
vt 0.339303 0.308489
vt 0.339303 0.308489
vt 0.299129 0.260611
vt 0.393119 0.206346
vt 0.339303 0.308489
vt 0.283494 0.375
vt 0.229367 0.34375
vt 0.229367 0.34375
vt 0.299129 0.260611
vt 0.339303 0.308489
vt 0.283494 0.375
vt 0.253798 0.456588
vt 0.192248 0.445735
vt 0.192248 0.445735
vt 0.229367 0.34375
vt 0.283494 0.375
vt 0.253798 0.456588
vt 0.253798 0.543412
vt 0.192248 0.554265
vt 0.192248 0.554265
vt 0.192248 0.445735
vt 0.253798 0.456588
vt 0.192248 0.554265
vt 0.253798 0.543412
vt 0.283494 0.625
vt 0.283494 0.625
vt 0.229367 0.65625
vt 0.192248 0.554265
vt 0.229367 0.65625
vt 0.283494 0.625
vt 0.339303 0.691511
vt 0.339303 0.691511
vt 0.299129 0.739389
vt 0.229367 0.65625
vt 0.339303 0.691511
vt 0.414495 0.734923
vt 0.393119 0.793654
vt 0.393119 0.793654
vt 0.299129 0.739389
vt 0.339303 0.691511
vt 0.861111 0
vt 0.916667 0
vt 0.066987 0.75
vt 0.066987 0.75
vt 0.178606 0.883022
vt 0.861111 0
vt 0.066987 0.75
vt 0.121114 0.71875
vt 0.121114 0.71875
vt 0.121114 0.71875
vt 0.066987 0.75
vt 0.066987 0.75
vt 0.121114 0.71875
vt 0.21878 0.835144
vt 0.21878 0.835144
vt 0.21878 0.835144
vt 0.121114 0.71875
vt 0.121114 0.71875
vt 0.21878 0.835144
vt 0.178606 0.883022
vt 0.178606 0.883022
vt 0.178606 0.883022
vt 0.21878 0.835144
vt 0.21878 0.835144
vt 0 1
vt 0 1
s off
f 1/1/1 2/2/2 3/3/3
f 4/4/4 5/5/5 6/6/6
f 7/7/7 8/8/8 9/9/9
f 10/10/10 11/11/11 12/12/12
f 13/13/13 14/14/14 15/15/15
f 16/16/16 17/17/17 18/18/18
f 19/19/19 20/20/20 21/21/21
f 22/22/22 23/23/23 24/24/24
f 25/25/25 26/26/26 27/27/27
f 28/28/28 29/29/29 30/30/30
f 31/31/31 32/32/32 33/33/33
f 34/34/34 35/35/35 36/36/36
f 37/37/37 38/38/38 39/39/39
f 40/40/40 41/41/41 42/42/42
f 43/43/43 44/44/44 45/45/45
f 46/46/46 47/47/47 48/48/48
f 49/49/49 50/50/50 51/51/51
f 52/52/52 53/53/53 54/54/54
f 55/55/55 56/56/56 57/57/57
f 58/58/58 59/59/59 60/60/60
f 61/61/61 62/62/62 63/63/63
f 64/64/64 65/65/65 66/66/66
f 67/67/67 68/68/68 69/69/69
f 70/70/70 71/71/71 72/72/72
f 73/73/73 74/74/74 75/75/75
f 76/76/76 77/77/77 78/78/78
f 79/79/79 80/80/80 81/81/81
f 82/82/82 83/83/83 84/84/84
f 85/85/85 86/86/86 87/87/87
f 88/88/88 89/89/89 90/90/90
f 91/91/91 92/92/92 93/93/93
f 94/94/94 95/95/95 96/96/96
f 97/97/97 98/98/98 99/99/99
f 100/100/100 101/101/101 102/102/102
f 103/103/103 104/104/104 105/105/105
f 106/106/106 107/107/107 108/108/108
f 109/109/109 110/110/110 111/111/111
f 112/112/112 113/113/113 114/114/114
f 115/115/115 116/116/116 117/117/117
f 118/118/118 119/119/119 120/120/120
f 121/121/121 122/122/122 123/123/123
f 124/124/124 125/125/125 126/126/126
f 127/127/127 128/128/128 129/129/129
f 130/130/130 131/131/131 132/132/132
f 133/133/133 134/134/134 135/135/135
f 136/136/136 137/137/137 138/138/138
f 139/139/139 140/140/140 141/141/141
f 142/142/142 143/143/143 144/144/144
f 145/145/145 146/146/146 147/147/147
f 148/148/148 149/149/149 150/150/150
f 151/151/151 152/152/152 153/153/153
f 154/154/154 155/155/155 156/156/156
f 157/157/157 158/158/158 159/159/159
f 160/160/160 161/161/161 162/162/162
f 163/163/163 164/164/164 165/165/165
f 166/166/166 167/167/167 168/168/168
f 169/169/169 170/170/170 171/171/171
f 172/172/172 173/173/173 174/174/174
f 175/175/175 176/176/176 177/177/177
f 178/178/178 179/179/179 180/180/180
f 181/181/181 182/182/182 183/183/183
f 184/184/184 185/185/185 186/186/186
f 187/187/187 188/188/188 189/189/189
f 190/190/190 191/191/191 192/192/192
f 193/193/193 194/194/194 195/195/195
f 196/196/196 197/197/197 198/198/198
f 199/199/199 200/200/200 201/201/201
f 202/202/202 203/203/203 204/204/204
f 205/205/205 206/206/206 207/207/207
f 208/208/208 209/209/209 210/210/210
f 211/211/211 212/212/212 213/213/213
f 214/214/214 215/215/215 216/216/216
f 217/217/217 218/218/218 219/219/219
f 220/220/220 221/221/221 222/222/222
f 223/223/223 224/224/224 225/225/225
f 226/226/226 227/227/227 228/228/228
f 229/229/229 230/230/230 231/231/231
f 232/232/232 233/233/233 234/234/234
f 235/235/235 236/236/236 237/237/237
f 238/238/238 239/239/239 240/240/240
f 241/241/241 242/242/242 243/243/243
f 244/244/244 245/245/245 246/246/246
f 247/247/247 248/248/248 249/249/249
f 250/250/250 251/251/251 252/252/252
f 253/253/253 254/254/254 255/255/255
f 256/256/256 257/257/257 258/258/258
f 259/259/259 260/260/260 261/261/261
f 262/262/262 263/263/263 264/264/264
f 265/265/265 266/266/266 267/267/267
f 268/268/268 269/269/269 270/270/270
f 271/271/271 272/272/272 273/273/273
f 274/274/274 275/275/275 276/276/276
f 277/277/277 278/278/278 279/279/279
f 280/280/280 281/281/281 282/282/282
f 283/283/283 284/284/284 285/285/285
f 286/286/286 287/287/287 288/288/288
f 289/289/289 290/290/290 291/291/291
f 292/292/292 293/293/293 294/294/294
f 295/295/295 296/296/296 297/297/297
f 298/298/298 299/299/299 300/300/300
f 301/301/301 302/302/302 303/303/303
f 304/304/304 305/305/305 306/306/306
f 307/307/307 308/308/308 309/309/309
f 310/310/310 311/311/311 312/312/312
f 313/313/313 314/314/314 315/315/315
f 316/316/316 317/317/317 318/318/318
f 319/319/319 320/320/320 321/321/321
f 322/322/322 323/323/323 324/324/324
f 325/325/325 326/326/326 327/327/327
f 328/328/328 329/329/329 330/330/330
f 331/331/331 332/332/332 333/333/333
f 334/334/334 335/335/335 336/336/336
f 337/337/337 338/338/338 339/339/339
f 340/340/340 341/341/341 342/342/342
f 343/343/343 344/344/344 345/345/345
f 346/346/346 347/347/347 348/348/348
f 349/349/349 350/350/350 351/351/351
f 352/352/352 353/353/353 354/354/354
f 355/355/355 356/356/356 357/357/357
f 358/358/358 359/359/359 360/360/360
f 361/361/361 362/362/362 363/363/363
f 364/364/364 365/365/365 366/366/366
f 367/367/367 368/368/368 369/369/369
f 370/370/370 371/371/371 372/372/372
f 373/373/373 374/374/374 375/375/375
f 376/376/376 377/377/377 378/378/378
f 379/379/379 380/380/380 381/381/381
f 382/382/382 383/383/383 384/384/384
f 385/385/385 386/386/386 387/387/387
f 388/388/388 389/389/389 390/390/390
f 391/391/391 392/392/392 393/393/393
f 394/394/394 395/395/395 396/396/396
f 397/397/397 398/398/398 399/399/399
f 400/400/400 401/401/401 402/402/402
f 403/403/403 404/404/404 405/405/405
f 406/406/406 407/407/407 408/408/408
f 409/409/409 410/410/410 411/411/411
f 412/412/412 413/413/413 414/414/414
f 415/415/415 416/416/416 417/417/417
f 418/418/418 419/419/419 420/420/420
f 421/421/421 422/422/422 423/423/423
f 424/424/424 425/425/425 426/426/426
f 427/427/427 428/428/428 429/429/429
f 430/430/430 431/431/431 432/432/432
f 433/433/433 434/434/434 435/435/435
f 436/436/436 437/437/437 438/438/438
f 439/439/439 440/440/440 441/441/441
f 442/442/442 443/443/443 444/444/444
f 445/445/445 446/446/446 447/447/447
f 448/448/448 449/449/449 450/450/450
f 451/451/451 452/452/452 453/453/453
f 454/454/454 455/455/455 456/456/456
f 457/457/457 458/458/458 459/459/459
f 460/460/460 461/461/461 462/462/462
f 463/463/463 464/464/464 465/465/465
f 466/466/466 467/467/467 468/468/468
f 469/469/469 470/470/470 471/471/471
f 472/472/472 473/473/473 474/474/474
f 475/475/475 476/476/476 477/477/477
f 478/478/478 479/479/479 480/480/480
f 481/481/481 482/482/482 483/483/483
f 484/484/484 485/485/485 486/486/486
f 487/487/487 488/488/488 489/489/489
f 490/490/490 491/491/491 492/492/492
f 493/493/493 494/494/494 495/495/495
f 496/496/496 497/497/497 498/498/498
f 499/499/499 500/500/500 501/501/501
f 502/502/502 503/503/503 504/504/504
f 505/505/505 506/506/506 507/507/507
f 508/508/508 509/509/509 510/510/510
f 511/511/511 512/512/512 513/513/513
f 514/514/514 515/515/515 516/516/516
f 517/517/517 518/518/518 519/519/519
f 520/520/520 521/521/521 522/522/522
f 523/523/523 524/524/524 525/525/525
f 526/526/526 527/527/527 528/528/528
f 529/529/529 530/530/530 531/531/531
f 532/532/532 533/533/533 534/534/534
f 535/535/535 536/536/536 537/537/537
f 538/538/538 539/539/539 540/540/540
f 541/541/541 542/542/542 543/543/543
f 544/544/544 545/545/545 546/546/546
f 547/547/547 548/548/548 549/549/549
f 550/550/550 551/551/551 552/552/552
f 553/553/553 554/554/554 555/555/555
f 556/556/556 557/557/557 558/558/558
f 559/559/559 560/560/560 561/561/561
f 562/562/562 563/563/563 564/564/564
f 565/565/565 566/566/566 567/567/567
f 568/568/568 569/569/569 570/570/570
f 571/571/571 572/572/572 573/573/573
f 574/574/574 575/575/575 576/576/576
f 577/577/577 578/578/578 579/579/579
f 580/580/580 581/581/581 582/582/582
f 583/583/583 584/584/584 585/585/585
f 586/586/586 587/587/587 588/588/588
f 589/589/589 590/590/590 591/591/591
f 592/592/592 593/593/593 594/594/594
f 595/595/595 596/596/596 597/597/597
f 598/598/598 599/599/599 600/600/600
f 601/601/601 602/602/602 603/603/603
f 604/604/604 605/605/605 606/606/606
f 607/607/607 608/608/608 609/609/609
f 610/610/610 611/611/611 612/612/612
f 613/613/613 614/614/614 615/615/615
f 616/616/616 617/617/617 618/618/618
f 619/619/619 620/620/620 621/621/621
f 622/622/622 623/623/623 624/624/624
f 625/625/625 626/626/626 627/627/627
f 628/628/628 629/629/629 630/630/630
f 631/631/631 632/632/632 633/633/633
f 634/634/634 635/635/635 636/636/636
f 637/637/637 638/638/638 639/639/639
f 640/640/640 641/641/641 642/642/642
f 643/643/643 644/644/644 645/645/645
f 646/646/646 647/647/647 648/648/648
f 649/649/649 650/650/650 651/651/651
f 652/652/652 653/653/653 654/654/654
f 655/655/655 656/656/656 657/657/657
f 658/658/658 659/659/659 660/660/660
f 661/661/661 662/662/662 663/663/663
f 664/664/664 665/665/665 666/666/666
f 667/667/667 668/668/668 669/669/669
f 670/670/670 671/671/671 672/672/672
f 673/673/673 674/674/674 675/675/675
f 676/676/676 677/677/677 678/678/678
f 679/679/679 680/680/680 681/681/681
f 682/682/682 683/683/683 684/684/684
f 685/685/685 686/686/686 687/687/687
f 688/688/688 689/689/689 690/690/690
f 691/691/691 692/692/692 693/693/693
f 694/694/694 695/695/695 696/696/696
f 697/697/697 698/698/698 699/699/699
f 700/700/700 701/701/701 702/702/702
f 703/703/703 704/704/704 705/705/705
f 706/706/706 707/707/707 708/708/708
f 709/709/709 710/710/710 711/711/711
f 712/712/712 713/713/713 714/714/714
f 715/715/715 716/716/716 717/717/717
f 718/718/718 719/719/719 720/720/720
f 721/721/721 722/722/722 723/723/723
f 724/724/724 725/725/725 726/726/726
f 727/727/727 728/728/728 729/729/729
f 730/730/730 731/731/731 732/732/732
f 733/733/733 734/734/734 735/735/735
f 736/736/736 737/737/737 738/738/738
f 739/739/739 740/740/740 741/741/741
f 742/742/742 743/743/743 744/744/744
f 745/745/745 746/746/746 747/747/747
f 748/748/748 749/749/749 750/750/750
f 751/751/751 752/752/752 753/753/753
f 754/754/754 755/755/755 756/756/756
f 757/757/757 758/758/758 759/759/759
f 760/760/760 761/761/761 762/762/762
f 763/763/763 764/764/764 765/765/765
f 766/766/766 767/767/767 768/768/768
f 769/769/769 770/770/770 771/771/771
f 772/772/772 773/773/773 774/774/774
f 775/775/775 776/776/776 777/777/777
f 778/778/778 779/779/779 780/780/780
f 781/781/781 782/782/782 783/783/783
f 784/784/784 785/785/785 786/786/786
f 787/787/787 788/788/788 789/789/789
f 790/790/790 791/791/791 792/792/792
f 793/793/793 794/794/794 795/795/795
f 796/796/796 797/797/797 798/798/798
f 799/799/799 800/800/800 801/801/801
f 802/802/802 803/803/803 804/804/804
f 805/805/805 806/806/806 807/807/807
f 808/808/808 809/809/809 810/810/810
f 811/811/811 812/812/812 813/813/813
f 814/814/814 815/815/815 816/816/816
f 817/817/817 818/818/818 819/819/819
f 820/820/820 821/821/821 822/822/822
f 823/823/823 824/824/824 825/825/825
f 826/826/826 827/827/827 828/828/828
f 829/829/829 830/830/830 831/831/831
f 832/832/832 833/833/833 834/834/834
f 835/835/835 836/836/836 837/837/837
f 838/838/838 839/839/839 840/840/840
f 841/841/841 842/842/842 843/843/843
f 844/844/844 845/845/845 846/846/846
f 847/847/847 848/848/848 849/849/849
f 850/850/850 851/851/851 852/852/852
f 853/853/853 854/854/854 855/855/855
f 856/856/856 857/857/857 858/858/858
f 859/859/859 860/860/860 861/861/861
f 862/862/862 863/863/863 864/864/864
f 865/865/865 866/866/866 867/867/867
f 868/868/868 869/869/869 870/870/870
f 871/871/871 872/872/872 873/873/873
f 874/874/874 875/875/875 876/876/876
f 877/877/877 878/878/878 879/879/879
f 880/880/880 881/881/881 882/882/882
f 883/883/883 884/884/884 885/885/885
f 886/886/886 887/887/887 888/888/888
f 889/889/889 890/890/890 891/891/891
f 892/892/892 893/893/893 894/894/894
f 895/895/895 896/896/896 897/897/897
f 898/898/898 899/899/899 900/900/900
f 901/901/901 902/902/902 903/903/903
f 904/904/904 905/905/905 906/906/906
f 907/907/907 908/908/908 909/909/909
f 910/910/910 911/911/911 912/912/912
f 913/913/913 914/914/914 915/915/915
f 916/916/916 917/917/917 918/918/918
f 919/919/919 920/920/920 921/921/921
f 922/922/922 923/923/923 924/924/924
f 925/925/925 926/926/926 927/927/927
f 928/928/928 929/929/929 930/930/930
f 931/931/931 932/932/932 933/933/933
f 934/934/934 935/935/935 936/936/936
f 937/937/937 938/938/938 939/939/939
f 940/940/940 941/941/941 942/942/942
f 943/943/943 944/944/944 945/945/945
f 946/946/946 947/947/947 948/948/948
f 949/949/949 950/950/950 951/951/951
f 952/952/952 953/953/953 954/954/954
f 955/955/955 956/956/956 957/957/957
f 958/958/958 959/959/959 960/960/960
f 961/961/961 962/962/962 963/963/963
f 964/964/964 965/965/965 966/966/966
f 967/967/967 968/968/968 969/969/969
f 970/970/970 971/971/971 972/972/972
f 973/973/973 974/974/974 975/975/975
f 976/976/976 977/977/977 978/978/978
f 979/979/979 980/980/980 981/981/981
f 982/982/982 983/983/983 984/984/984
f 985/985/985 986/986/986 987/987/987
f 988/988/988 989/989/989 990/990/990
f 991/991/991 992/992/992 993/993/993
f 994/994/994 995/995/995 996/996/996
f 997/997/997 998/998/998 999/999/999
f 1000/1000/1000 1001/1001/1001 1002/1002/1002
f 1003/1003/1003 1004/1004/1004 1005/1005/1005
f 1006/1006/1006 1007/1007/1007 1008/1008/1008
f 1009/1009/1009 1010/1010/1010 1011/1011/1011
f 1012/1012/1012 1013/1013/1013 1014/1014/1014
f 1015/1015/1015 1016/1016/1016 1017/1017/1017
f 1018/1018/1018 1019/1019/1019 1020/1020/1020
f 1021/1021/1021 1022/1022/1022 1023/1023/1023
f 1024/1024/1024 1025/1025/1025 1026/1026/1026
f 1027/1027/1027 1028/1028/1028 1029/1029/1029
f 1030/1030/1030 1031/1031/1031 1032/1032/1032
f 1033/1033/1033 1034/1034/1034 1035/1035/1035
f 1036/1036/1036 1037/1037/1037 1038/1038/1038
f 1039/1039/1039 1040/1040/1040 1041/1041/1041
f 1042/1042/1042 1043/1043/1043 1044/1044/1044
f 1045/1045/1045 1046/1046/1046 1047/1047/1047
f 1048/1048/1048 1049/1049/1049 1050/1050/1050
f 1051/1051/1051 1052/1052/1052 1053/1053/1053
f 1054/1054/1054 1055/1055/1055 1056/1056/1056
f 1057/1057/1057 1058/1058/1058 1059/1059/1059
f 1060/1060/1060 1061/1061/1061 1062/1062/1062
f 1063/1063/1063 1064/1064/1064 1065/1065/1065
f 1066/1066/1066 1067/1067/1067 1068/1068/1068
f 1069/1069/1069 1070/1070/1070 1071/1071/1071
f 1072/1072/1072 1073/1073/1073 1074/1074/1074
f 1075/1075/1075 1076/1076/1076 1077/1077/1077
f 1078/1078/1078 1079/1079/1079 1080/1080/1080
f 1081/1081/1081 1082/1082/1082 1083/1083/1083
f 1084/1084/1084 1085/1085/1085 1086/1086/1086
f 1087/1087/1087 1088/1088/1088 1089/1089/1089
f 1090/1090/1090 1091/1091/1091 1092/1092/1092
f 1093/1093/1093 1094/1094/1094 1095/1095/1095
f 1096/1096/1096 1097/1097/1097 1098/1098/1098
f 1099/1099/1099 1100/1100/1100 1101/1101/1101
f 1102/1102/1102 1103/1103/1103 1104/1104/1104
f 1105/1105/1105 1106/1106/1106 1107/1107/1107
f 1108/1108/1108 1109/1109/1109 1110/1110/1110
f 1111/1111/1111 1112/1112/1112 1113/1113/1113
f 1114/1114/1114 1115/1115/1115 1116/1116/1116
f 1117/1117/1117 1118/1118/1118 1119/1119/1119
f 1120/1120/1120 1121/1121/1121 1122/1122/1122
f 1123/1123/1123 1124/1124/1124 1125/1125/1125
f 1126/1126/1126 1127/1127/1127 1128/1128/1128
f 1129/1129/1129 1130/1130/1130 1131/1131/1131
f 1132/1132/1132 1133/1133/1133 1134/1134/1134
f 1135/1135/1135 1136/1136/1136 1137/1137/1137
f 1138/1138/1138 1139/1139/1139 1140/1140/1140
f 1141/1141/1141 1142/1142/1142 1143/1143/1143
f 1144/1144/1144 1145/1145/1145 1146/1146/1146
f 1147/1147/1147 1148/1148/1148 1149/1149/1149
f 1150/1150/1150 1151/1151/1151 1152/1152/1152
f 1153/1153/1153 1154/1154/1154 1155/1155/1155
f 1156/1156/1156 1157/1157/1157 1158/1158/1158
f 1159/1159/1159 1160/1160/1160 1161/1161/1161
f 1162/1162/1162 1163/1163/1163 1164/1164/1164
f 1165/1165/1165 1166/1166/1166 1167/1167/1167
f 1168/1168/1168 1169/1169/1169 1170/1170/1170
f 1171/1171/1171 1172/1172/1172 1173/1173/1173
f 1174/1174/1174 1175/1175/1175 1176/1176/1176
f 1177/1177/1177 1178/1178/1178 1179/1179/1179
f 1180/1180/1180 1181/1181/1181 1182/1182/1182
f 1183/1183/1183 1184/1184/1184 1185/1185/1185
f 1186/1186/1186 1187/1187/1187 1188/1188/1188
f 1189/1189/1189 1190/1190/1190 1191/1191/1191
f 1192/1192/1192 1193/1193/1193 1194/1194/1194
f 1195/1195/1195 1196/1196/1196 1197/1197/1197
f 1198/1198/1198 1199/1199/1199 1200/1200/1200
f 1201/1201/1201 1202/1202/1202 1203/1203/1203
f 1204/1204/1204 1205/1205/1205 1206/1206/1206
f 1207/1207/1207 1208/1208/1208 1209/1209/1209
f 1210/1210/1210 1211/1211/1211 1212/1212/1212
f 1213/1213/1213 1214/1214/1214 1215/1215/1215
f 1216/1216/1216 1217/1217/1217 1218/1218/1218
f 1219/1219/1219 1220/1220/1220 1221/1221/1221
f 1222/1222/1222 1223/1223/1223 1224/1224/1224
f 1225/1225/1225 1226/1226/1226 1227/1227/1227
f 1228/1228/1228 1229/1229/1229 1230/1230/1230
f 1231/1231/1231 1232/1232/1232 1233/1233/1233
f 1234/1234/1234 1235/1235/1235 1236/1236/1236
f 1237/1237/1237 1238/1238/1238 1239/1239/1239
f 1240/1240/1240 1241/1241/1241 1242/1242/1242
f 1243/1243/1243 1244/1244/1244 1245/1245/1245
f 1246/1246/1246 1247/1247/1247 1248/1248/1248
f 1249/1249/1249 1250/1250/1250 1251/1251/1251
f 1252/1252/1252 1253/1253/1253 1254/1254/1254
f 1255/1255/1255 1256/1256/1256 1257/1257/1257
f 1258/1258/1258 1259/1259/1259 1260/1260/1260
f 1261/1261/1261 1262/1262/1262 1263/1263/1263
f 1264/1264/1264 1265/1265/1265 1266/1266/1266
f 1267/1267/1267 1268/1268/1268 1269/1269/1269
f 1270/1270/1270 1271/1271/1271 1272/1272/1272
f 1273/1273/1273 1274/1274/1274 1275/1275/1275
f 1276/1276/1276 1277/1277/1277 1278/1278/1278
f 1279/1279/1279 1280/1280/1280 1281/1281/1281
f 1282/1282/1282 1283/1283/1283 1284/1284/1284
f 1285/1285/1285 1286/1286/1286 1287/1287/1287
f 1288/1288/1288 1289/1289/1289 1290/1290/1290
f 1291/1291/1291 1292/1292/1292 1293/1293/1293
f 1294/1294/1294 1295/1295/1295 1296/1296/1296
f 1297/1297/1297 1298/1298/1298 1299/1299/1299
f 1300/1300/1300 1301/1301/1301 1302/1302/1302
f 1303/1303/1303 1304/1304/1304 1305/1305/1305
f 1306/1306/1306 1307/1307/1307 1308/1308/1308
f 1309/1309/1309 1310/1310/1310 1311/1311/1311
f 1312/1312/1312 1313/1313/1313 1314/1314/1314
f 1315/1315/1315 1316/1316/1316 1317/1317/1317
f 1318/1318/1318 1319/1319/1319 1320/1320/1320
f 1321/1321/1321 1322/1322/1322 1323/1323/1323
f 1324/1324/1324 1325/1325/1325 1326/1326/1326
f 1327/1327/1327 1328/1328/1328 1329/1329/1329
f 1330/1330/1330 1331/1331/1331 1332/1332/1332
f 1333/1333/1333 1334/1334/1334 1335/1335/1335
f 1336/1336/1336 1337/1337/1337 1338/1338/1338
f 1339/1339/1339 1340/1340/1340 1341/1341/1341
f 1342/1342/1342 1343/1343/1343 1344/1344/1344
f 1345/1345/1345 1346/1346/1346 1347/1347/1347
f 1348/1348/1348 1349/1349/1349 1350/1350/1350
f 1351/1351/1351 1352/1352/1352 1353/1353/1353
f 1354/1354/1354 1355/1355/1355 1356/1356/1356
f 1357/1357/1357 1358/1358/1358 1359/1359/1359
f 1360/1360/1360 1361/1361/1361 1362/1362/1362
f 1363/1363/1363 1364/1364/1364 1365/1365/1365
f 1366/1366/1366 1367/1367/1367 1368/1368/1368
f 1369/1369/1369 1370/1370/1370 1371/1371/1371
f 1372/1372/1372 1373/1373/1373 1374/1374/1374
f 1375/1375/1375 1376/1376/1376 1377/1377/1377
f 1378/1378/1378 1379/1379/1379 1380/1380/1380
f 1381/1381/1381 1382/1382/1382 1383/1383/1383
f 1384/1384/1384 1385/1385/1385 1386/1386/1386
f 1387/1387/1387 1388/1388/1388 1389/1389/1389
f 1390/1390/1390 1391/1391/1391 1392/1392/1392
f 1393/1393/1393 1394/1394/1394 1395/1395/1395
f 1396/1396/1396 1397/1397/1397 1398/1398/1398
f 1399/1399/1399 1400/1400/1400 1401/1401/1401
f 1402/1402/1402 1403/1403/1403 1404/1404/1404
f 1405/1405/1405 1406/1406/1406 1407/1407/1407
f 1408/1408/1408 1409/1409/1409 1410/1410/1410
f 1411/1411/1411 1412/1412/1412 1413/1413/1413
f 1414/1414/1414 1415/1415/1415 1416/1416/1416
f 1417/1417/1417 1418/1418/1418 1419/1419/1419
f 1420/1420/1420 1421/1421/1421 1422/1422/1422
f 1423/1423/1423 1424/1424/1424 1425/1425/1425
f 1426/1426/1426 1427/1427/1427 1428/1428/1428
f 1429/1429/1429 1430/1430/1430 1431/1431/1431
f 1432/1432/1432 1433/1433/1433 1434/1434/1434
f 1435/1435/1435 1436/1436/1436 1437/1437/1437
f 1438/1438/1438 1439/1439/1439 1440/1440/1440
f 1441/1441/1441 1442/1442/1442 1443/1443/1443
f 1444/1444/1444 1445/1445/1445 1446/1446/1446
f 1447/1447/1447 1448/1448/1448 1449/1449/1449
f 1450/1450/1450 1451/1451/1451 1452/1452/1452
f 1453/1453/1453 1454/1454/1454 1455/1455/1455
f 1456/1456/1456 1457/1457/1457 1458/1458/1458
f 1459/1459/1459 1460/1460/1460 1461/1461/1461
f 1462/1462/1462 1463/1463/1463 1464/1464/1464
f 1465/1465/1465 1466/1466/1466 1467/1467/1467
f 1468/1468/1468 1469/1469/1469 1470/1470/1470
f 1471/1471/1471 1472/1472/1472 1473/1473/1473
f 1474/1474/1474 1475/1475/1475 1476/1476/1476
f 1477/1477/1477 1478/1478/1478 1479/1479/1479
f 1480/1480/1480 1481/1481/1481 1482/1482/1482
f 1483/1483/1483 1484/1484/1484 1485/1485/1485
f 1486/1486/1486 1487/1487/1487 1488/1488/1488
f 1489/1489/1489 1490/1490/1490 1491/1491/1491
f 1492/1492/1492 1493/1493/1493 1494/1494/1494
f 1495/1495/1495 1496/1496/1496 1497/1497/1497
f 1498/1498/1498 1499/1499/1499 1500/1500/1500
f 1501/1501/1501 1502/1502/1502 1503/1503/1503
f 1504/1504/1504 1505/1505/1505 1506/1506/1506
f 1507/1507/1507 1508/1508/1508 1509/1509/1509
f 1510/1510/1510 1511/1511/1511 1512/1512/1512
f 1513/1513/1513 1514/1514/1514 1515/1515/1515
f 1516/1516/1516 1517/1517/1517 1518/1518/1518
